1.426366112857308010e-03
1.426366112857308010e-03
1.426366112857308010e-03
1.426366112857308010e-03
1.426366112857308010e-03
1.426366112857308010e-03
1.426366112857308010e-03
1.426366112857308010e-03
1.426366112857308010e-03
1.426366112857308010e-03
1.426366112857308010e-03
1.426366112857308010e-03
1.426366112857308010e-03
1.426366112857308010e-03
1.426366112857308010e-03
1.426366112857308010e-03
1.426366112857308010e-03
1.426366112857308010e-03
1.426366112857308010e-03
1.426366112857308010e-03
1.369002931130246497e-03
1.369002931130246497e-03
1.369002931130246497e-03
1.369002931130246497e-03
1.369002931130246497e-03
1.369002931130246497e-03
1.369002931130246497e-03
1.369002931130246497e-03
1.369002931130246497e-03
1.369002931130246497e-03
1.369002931130246497e-03
1.369002931130246497e-03
1.369002931130246497e-03
1.369002931130246497e-03
1.369002931130246497e-03
1.369002931130246497e-03
1.369002931130246497e-03
1.369002931130246497e-03
1.369002931130246497e-03
1.369002931130246497e-03
1.286177164937413013e-03
1.286177164937413013e-03
1.286177164937413013e-03
1.286177164937413013e-03
1.286177164937413013e-03
1.286177164937413013e-03
1.286177164937413013e-03
1.286177164937413013e-03
1.286177164937413013e-03
1.286177164937413013e-03
1.286177164937413013e-03
1.286177164937413013e-03
1.286177164937413013e-03
1.286177164937413013e-03
1.286177164937413013e-03
1.286177164937413013e-03
1.286177164937413013e-03
1.286177164937413013e-03
1.286177164937413013e-03
1.286177164937413013e-03
1.237279772526334552e-03
1.237279772526334552e-03
1.237279772526334552e-03
1.237279772526334552e-03
1.237279772526334552e-03
1.237279772526334552e-03
1.237279772526334552e-03
1.237279772526334552e-03
1.237279772526334552e-03
1.237279772526334552e-03
1.237279772526334552e-03
1.237279772526334552e-03
1.237279772526334552e-03
1.237279772526334552e-03
1.237279772526334552e-03
1.237279772526334552e-03
1.237279772526334552e-03
1.237279772526334552e-03
1.237279772526334552e-03
1.237279772526334552e-03
1.206430788371461301e-03
1.206430788371461301e-03
1.206430788371461301e-03
1.206430788371461301e-03
1.206430788371461301e-03
1.206430788371461301e-03
1.206430788371461301e-03
1.206430788371461301e-03
1.206430788371461301e-03
1.206430788371461301e-03
1.206430788371461301e-03
1.206430788371461301e-03
1.206430788371461301e-03
1.206430788371461301e-03
1.206430788371461301e-03
1.206430788371461301e-03
1.206430788371461301e-03
1.206430788371461301e-03
1.206430788371461301e-03
1.206430788371461301e-03
1.181346089681353491e-03
1.181346089681353491e-03
1.181346089681353491e-03
1.181346089681353491e-03
1.181346089681353491e-03
1.181346089681353491e-03
1.181346089681353491e-03
1.181346089681353491e-03
1.181346089681353491e-03
1.181346089681353491e-03
1.181346089681353491e-03
1.181346089681353491e-03
1.181346089681353491e-03
1.181346089681353491e-03
1.181346089681353491e-03
1.181346089681353491e-03
1.181346089681353491e-03
1.181346089681353491e-03
1.181346089681353491e-03
1.181346089681353491e-03
1.161542016134775373e-03
1.161542016134775373e-03
1.161542016134775373e-03
1.161542016134775373e-03
1.161542016134775373e-03
1.161542016134775373e-03
1.161542016134775373e-03
1.161542016134775373e-03
1.161542016134775373e-03
1.161542016134775373e-03
1.161542016134775373e-03
1.161542016134775373e-03
1.161542016134775373e-03
1.161542016134775373e-03
1.161542016134775373e-03
1.161542016134775373e-03
1.161542016134775373e-03
1.161542016134775373e-03
1.161542016134775373e-03
1.161542016134775373e-03
1.148053747088351910e-03
1.148053747088351910e-03
1.148053747088351910e-03
1.148053747088351910e-03
1.148053747088351910e-03
1.148053747088351910e-03
1.148053747088351910e-03
1.148053747088351910e-03
1.148053747088351910e-03
1.148053747088351910e-03
1.148053747088351910e-03
1.148053747088351910e-03
1.148053747088351910e-03
1.148053747088351910e-03
1.148053747088351910e-03
1.148053747088351910e-03
1.148053747088351910e-03
1.148053747088351910e-03
1.148053747088351910e-03
1.148053747088351910e-03
1.133292785837711029e-03
1.133292785837711029e-03
1.133292785837711029e-03
1.133292785837711029e-03
1.133292785837711029e-03
1.133292785837711029e-03
1.133292785837711029e-03
1.133292785837711029e-03
1.133292785837711029e-03
1.133292785837711029e-03
1.133292785837711029e-03
1.133292785837711029e-03
1.133292785837711029e-03
1.133292785837711029e-03
1.133292785837711029e-03
1.133292785837711029e-03
1.133292785837711029e-03
1.133292785837711029e-03
1.133292785837711029e-03
1.133292785837711029e-03
1.119590855658888747e-03
1.119590855658888747e-03
1.119590855658888747e-03
1.119590855658888747e-03
1.119590855658888747e-03
1.119590855658888747e-03
1.119590855658888747e-03
1.119590855658888747e-03
1.119590855658888747e-03
1.119590855658888747e-03
1.119590855658888747e-03
1.119590855658888747e-03
1.119590855658888747e-03
1.119590855658888747e-03
1.119590855658888747e-03
1.119590855658888747e-03
1.119590855658888747e-03
1.119590855658888747e-03
1.119590855658888747e-03
1.119590855658888747e-03
1.107307524779919689e-03
1.107307524779919689e-03
1.107307524779919689e-03
1.107307524779919689e-03
1.107307524779919689e-03
1.107307524779919689e-03
1.107307524779919689e-03
1.107307524779919689e-03
1.107307524779919689e-03
1.107307524779919689e-03
1.107307524779919689e-03
1.107307524779919689e-03
1.107307524779919689e-03
1.107307524779919689e-03
1.107307524779919689e-03
1.107307524779919689e-03
1.107307524779919689e-03
1.107307524779919689e-03
1.107307524779919689e-03
1.107307524779919689e-03
1.094646273137123496e-03
1.094646273137123496e-03
1.094646273137123496e-03
1.094646273137123496e-03
1.094646273137123496e-03
1.094646273137123496e-03
1.094646273137123496e-03
1.094646273137123496e-03
1.094646273137123496e-03
1.094646273137123496e-03
1.094646273137123496e-03
1.094646273137123496e-03
1.094646273137123496e-03
1.094646273137123496e-03
1.094646273137123496e-03
1.094646273137123496e-03
1.094646273137123496e-03
1.094646273137123496e-03
1.094646273137123496e-03
1.094646273137123496e-03
1.081004157881085368e-03
1.081004157881085368e-03
1.081004157881085368e-03
1.081004157881085368e-03
1.081004157881085368e-03
1.081004157881085368e-03
1.081004157881085368e-03
1.081004157881085368e-03
1.081004157881085368e-03
1.081004157881085368e-03
1.081004157881085368e-03
1.081004157881085368e-03
1.081004157881085368e-03
1.081004157881085368e-03
1.081004157881085368e-03
1.081004157881085368e-03
1.081004157881085368e-03
1.081004157881085368e-03
1.081004157881085368e-03
1.081004157881085368e-03
1.067757839363128389e-03
1.067757839363128389e-03
1.067757839363128389e-03
1.067757839363128389e-03
1.067757839363128389e-03
1.067757839363128389e-03
1.067757839363128389e-03
1.067757839363128389e-03
1.067757839363128389e-03
1.067757839363128389e-03
1.067757839363128389e-03
1.067757839363128389e-03
1.067757839363128389e-03
1.067757839363128389e-03
1.067757839363128389e-03
1.067757839363128389e-03
1.067757839363128389e-03
1.067757839363128389e-03
1.067757839363128389e-03
1.067757839363128389e-03
1.053282197203419829e-03
1.053282197203419829e-03
1.053282197203419829e-03
1.053282197203419829e-03
1.053282197203419829e-03
1.053282197203419829e-03
1.053282197203419829e-03
1.053282197203419829e-03
1.053282197203419829e-03
1.053282197203419829e-03
1.053282197203419829e-03
1.053282197203419829e-03
1.053282197203419829e-03
1.053282197203419829e-03
1.053282197203419829e-03
1.053282197203419829e-03
1.053282197203419829e-03
1.053282197203419829e-03
1.053282197203419829e-03
1.053282197203419829e-03
1.040638784389008153e-03
1.040638784389008153e-03
1.040638784389008153e-03
1.040638784389008153e-03
1.040638784389008153e-03
1.040638784389008153e-03
1.040638784389008153e-03
1.040638784389008153e-03
1.040638784389008153e-03
1.040638784389008153e-03
1.040638784389008153e-03
1.040638784389008153e-03
1.040638784389008153e-03
1.040638784389008153e-03
1.040638784389008153e-03
1.040638784389008153e-03
1.040638784389008153e-03
1.040638784389008153e-03
1.040638784389008153e-03
1.040638784389008153e-03
1.027776259297126515e-03
1.027776259297126515e-03
1.027776259297126515e-03
1.027776259297126515e-03
1.027776259297126515e-03
1.027776259297126515e-03
1.027776259297126515e-03
1.027776259297126515e-03
1.027776259297126515e-03
1.027776259297126515e-03
1.027776259297126515e-03
1.027776259297126515e-03
1.027776259297126515e-03
1.027776259297126515e-03
1.027776259297126515e-03
1.027776259297126515e-03
1.027776259297126515e-03
1.027776259297126515e-03
1.027776259297126515e-03
1.027776259297126515e-03
1.016280076968524267e-03
1.016280076968524267e-03
1.016280076968524267e-03
1.016280076968524267e-03
1.016280076968524267e-03
1.016280076968524267e-03
1.016280076968524267e-03
1.016280076968524267e-03
1.016280076968524267e-03
1.016280076968524267e-03
1.016280076968524267e-03
1.016280076968524267e-03
1.016280076968524267e-03
1.016280076968524267e-03
1.016280076968524267e-03
1.016280076968524267e-03
1.016280076968524267e-03
1.016280076968524267e-03
1.016280076968524267e-03
1.016280076968524267e-03
1.005127024773687849e-03
1.005127024773687849e-03
1.005127024773687849e-03
1.005127024773687849e-03
1.005127024773687849e-03
1.005127024773687849e-03
1.005127024773687849e-03
1.005127024773687849e-03
1.005127024773687849e-03
1.005127024773687849e-03
1.005127024773687849e-03
1.005127024773687849e-03
1.005127024773687849e-03
1.005127024773687849e-03
1.005127024773687849e-03
1.005127024773687849e-03
1.005127024773687849e-03
1.005127024773687849e-03
1.005127024773687849e-03
1.005127024773687849e-03
9.955559279525467986e-04
9.955559279525467986e-04
9.955559279525467986e-04
9.955559279525467986e-04
9.955559279525467986e-04
9.955559279525467986e-04
9.955559279525467986e-04
9.955559279525467986e-04
9.955559279525467986e-04
9.955559279525467986e-04
9.955559279525467986e-04
9.955559279525467986e-04
9.955559279525467986e-04
9.955559279525467986e-04
9.955559279525467986e-04
9.955559279525467986e-04
9.955559279525467986e-04
9.955559279525467986e-04
9.955559279525467986e-04
9.955559279525467986e-04
9.857668002127516465e-04
9.857668002127516465e-04
9.857668002127516465e-04
9.857668002127516465e-04
9.857668002127516465e-04
9.857668002127516465e-04
9.857668002127516465e-04
9.857668002127516465e-04
9.857668002127516465e-04
9.857668002127516465e-04
9.857668002127516465e-04
9.857668002127516465e-04
9.857668002127516465e-04
9.857668002127516465e-04
9.857668002127516465e-04
9.857668002127516465e-04
9.857668002127516465e-04
9.857668002127516465e-04
9.857668002127516465e-04
9.857668002127516465e-04
9.764870702264217411e-04
9.764870702264217411e-04
9.764870702264217411e-04
9.764870702264217411e-04
9.764870702264217411e-04
9.764870702264217411e-04
9.764870702264217411e-04
9.764870702264217411e-04
9.764870702264217411e-04
9.764870702264217411e-04
9.764870702264217411e-04
9.764870702264217411e-04
9.764870702264217411e-04
9.764870702264217411e-04
9.764870702264217411e-04
9.764870702264217411e-04
9.764870702264217411e-04
9.764870702264217411e-04
9.764870702264217411e-04
9.764870702264217411e-04
9.673411652438723305e-04
9.673411652438723305e-04
9.673411652438723305e-04
9.673411652438723305e-04
9.673411652438723305e-04
9.673411652438723305e-04
9.673411652438723305e-04
9.673411652438723305e-04
9.673411652438723305e-04
9.673411652438723305e-04
9.673411652438723305e-04
9.673411652438723305e-04
9.673411652438723305e-04
9.673411652438723305e-04
9.673411652438723305e-04
9.673411652438723305e-04
9.673411652438723305e-04
9.673411652438723305e-04
9.673411652438723305e-04
9.673411652438723305e-04
9.579950671299611005e-04
9.579950671299611005e-04
9.579950671299611005e-04
9.579950671299611005e-04
9.579950671299611005e-04
9.579950671299611005e-04
9.579950671299611005e-04
9.579950671299611005e-04
9.579950671299611005e-04
9.579950671299611005e-04
9.579950671299611005e-04
9.579950671299611005e-04
9.579950671299611005e-04
9.579950671299611005e-04
9.579950671299611005e-04
9.579950671299611005e-04
9.579950671299611005e-04
9.579950671299611005e-04
9.579950671299611005e-04
9.579950671299611005e-04
9.500417917321875077e-04
9.500417917321875077e-04
9.500417917321875077e-04
9.500417917321875077e-04
9.500417917321875077e-04
9.500417917321875077e-04
9.500417917321875077e-04
9.500417917321875077e-04
9.500417917321875077e-04
9.500417917321875077e-04
9.500417917321875077e-04
9.500417917321875077e-04
9.500417917321875077e-04
9.500417917321875077e-04
9.500417917321875077e-04
9.500417917321875077e-04
9.500417917321875077e-04
9.500417917321875077e-04
9.500417917321875077e-04
9.500417917321875077e-04
9.421416558193536480e-04
9.421416558193536480e-04
9.421416558193536480e-04
9.421416558193536480e-04
9.421416558193536480e-04
9.421416558193536480e-04
9.421416558193536480e-04
9.421416558193536480e-04
9.421416558193536480e-04
9.421416558193536480e-04
9.421416558193536480e-04
9.421416558193536480e-04
9.421416558193536480e-04
9.421416558193536480e-04
9.421416558193536480e-04
9.421416558193536480e-04
9.421416558193536480e-04
9.421416558193536480e-04
9.421416558193536480e-04
9.421416558193536480e-04
9.349362289050440434e-04
9.349362289050440434e-04
9.349362289050440434e-04
9.349362289050440434e-04
9.349362289050440434e-04
9.349362289050440434e-04
9.349362289050440434e-04
9.349362289050440434e-04
9.349362289050440434e-04
9.349362289050440434e-04
9.349362289050440434e-04
9.349362289050440434e-04
9.349362289050440434e-04
9.349362289050440434e-04
9.349362289050440434e-04
9.349362289050440434e-04
9.349362289050440434e-04
9.349362289050440434e-04
9.349362289050440434e-04
9.349362289050440434e-04
9.274173034844888832e-04
9.274173034844888832e-04
9.274173034844888832e-04
9.274173034844888832e-04
9.274173034844888832e-04
9.274173034844888832e-04
9.274173034844888832e-04
9.274173034844888832e-04
9.274173034844888832e-04
9.274173034844888832e-04
9.274173034844888832e-04
9.274173034844888832e-04
9.274173034844888832e-04
9.274173034844888832e-04
9.274173034844888832e-04
9.274173034844888832e-04
9.274173034844888832e-04
9.274173034844888832e-04
9.274173034844888832e-04
9.274173034844888832e-04
9.197135236121697444e-04
9.197135236121697444e-04
9.197135236121697444e-04
9.197135236121697444e-04
9.197135236121697444e-04
9.197135236121697444e-04
9.197135236121697444e-04
9.197135236121697444e-04
9.197135236121697444e-04
9.197135236121697444e-04
9.197135236121697444e-04
9.197135236121697444e-04
9.197135236121697444e-04
9.197135236121697444e-04
9.197135236121697444e-04
9.197135236121697444e-04
9.197135236121697444e-04
9.197135236121697444e-04
9.197135236121697444e-04
9.197135236121697444e-04
9.133267701631037593e-04
9.133267701631037593e-04
9.133267701631037593e-04
9.133267701631037593e-04
9.133267701631037593e-04
9.133267701631037593e-04
9.133267701631037593e-04
9.133267701631037593e-04
9.133267701631037593e-04
9.133267701631037593e-04
9.133267701631037593e-04
9.133267701631037593e-04
9.133267701631037593e-04
9.133267701631037593e-04
9.133267701631037593e-04
9.133267701631037593e-04
9.133267701631037593e-04
9.133267701631037593e-04
9.133267701631037593e-04
9.133267701631037593e-04
9.061028194176395283e-04
9.061028194176395283e-04
9.061028194176395283e-04
9.061028194176395283e-04
9.061028194176395283e-04
9.061028194176395283e-04
9.061028194176395283e-04
9.061028194176395283e-04
9.061028194176395283e-04
9.061028194176395283e-04
9.061028194176395283e-04
9.061028194176395283e-04
9.061028194176395283e-04
9.061028194176395283e-04
9.061028194176395283e-04
9.061028194176395283e-04
9.061028194176395283e-04
9.061028194176395283e-04
9.061028194176395283e-04
9.061028194176395283e-04
8.989785939647318208e-04
8.989785939647318208e-04
8.989785939647318208e-04
8.989785939647318208e-04
8.989785939647318208e-04
8.989785939647318208e-04
8.989785939647318208e-04
8.989785939647318208e-04
8.989785939647318208e-04
8.989785939647318208e-04
8.989785939647318208e-04
8.989785939647318208e-04
8.989785939647318208e-04
8.989785939647318208e-04
8.989785939647318208e-04
8.989785939647318208e-04
8.989785939647318208e-04
8.989785939647318208e-04
8.989785939647318208e-04
8.989785939647318208e-04
8.924742837768863011e-04
8.924742837768863011e-04
8.924742837768863011e-04
8.924742837768863011e-04
8.924742837768863011e-04
8.924742837768863011e-04
8.924742837768863011e-04
8.924742837768863011e-04
8.924742837768863011e-04
8.924742837768863011e-04
8.924742837768863011e-04
8.924742837768863011e-04
8.924742837768863011e-04
8.924742837768863011e-04
8.924742837768863011e-04
8.924742837768863011e-04
8.924742837768863011e-04
8.924742837768863011e-04
8.924742837768863011e-04
8.924742837768863011e-04
8.863606921021841478e-04
8.863606921021841478e-04
8.863606921021841478e-04
8.863606921021841478e-04
8.863606921021841478e-04
8.863606921021841478e-04
8.863606921021841478e-04
8.863606921021841478e-04
8.863606921021841478e-04
8.863606921021841478e-04
8.863606921021841478e-04
8.863606921021841478e-04
8.863606921021841478e-04
8.863606921021841478e-04
8.863606921021841478e-04
8.863606921021841478e-04
8.863606921021841478e-04
8.863606921021841478e-04
8.863606921021841478e-04
8.863606921021841478e-04
8.793814269314716636e-04
8.793814269314716636e-04
8.793814269314716636e-04
8.793814269314716636e-04
8.793814269314716636e-04
8.793814269314716636e-04
8.793814269314716636e-04
8.793814269314716636e-04
8.793814269314716636e-04
8.793814269314716636e-04
8.793814269314716636e-04
8.793814269314716636e-04
8.793814269314716636e-04
8.793814269314716636e-04
8.793814269314716636e-04
8.793814269314716636e-04
8.793814269314716636e-04
8.793814269314716636e-04
8.793814269314716636e-04
8.793814269314716636e-04
8.731621756049899943e-04
8.731621756049899943e-04
8.731621756049899943e-04
8.731621756049899943e-04
8.731621756049899943e-04
8.731621756049899943e-04
8.731621756049899943e-04
8.731621756049899943e-04
8.731621756049899943e-04
8.731621756049899943e-04
8.731621756049899943e-04
8.731621756049899943e-04
8.731621756049899943e-04
8.731621756049899943e-04
8.731621756049899943e-04
8.731621756049899943e-04
8.731621756049899943e-04
8.731621756049899943e-04
8.731621756049899943e-04
8.731621756049899943e-04
8.658823016552339965e-04
8.658823016552339965e-04
8.658823016552339965e-04
8.658823016552339965e-04
8.658823016552339965e-04
8.658823016552339965e-04
8.658823016552339965e-04
8.658823016552339965e-04
8.658823016552339965e-04
8.658823016552339965e-04
8.658823016552339965e-04
8.658823016552339965e-04
8.658823016552339965e-04
8.658823016552339965e-04
8.658823016552339965e-04
8.658823016552339965e-04
8.658823016552339965e-04
8.658823016552339965e-04
8.658823016552339965e-04
8.658823016552339965e-04
8.590432483907918569e-04
8.590432483907918569e-04
8.590432483907918569e-04
8.590432483907918569e-04
8.590432483907918569e-04
8.590432483907918569e-04
8.590432483907918569e-04
8.590432483907918569e-04
8.590432483907918569e-04
8.590432483907918569e-04
8.590432483907918569e-04
8.590432483907918569e-04
8.590432483907918569e-04
8.590432483907918569e-04
8.590432483907918569e-04
8.590432483907918569e-04
8.590432483907918569e-04
8.590432483907918569e-04
8.590432483907918569e-04
8.590432483907918569e-04
8.528157054296246938e-04
8.528157054296246938e-04
8.528157054296246938e-04
8.528157054296246938e-04
8.528157054296246938e-04
8.528157054296246938e-04
8.528157054296246938e-04
8.528157054296246938e-04
8.528157054296246938e-04
8.528157054296246938e-04
8.528157054296246938e-04
8.528157054296246938e-04
8.528157054296246938e-04
8.528157054296246938e-04
8.528157054296246938e-04
8.528157054296246938e-04
8.528157054296246938e-04
8.528157054296246938e-04
8.528157054296246938e-04
8.528157054296246938e-04
8.468701280315583382e-04
8.468701280315583382e-04
8.468701280315583382e-04
8.468701280315583382e-04
8.468701280315583382e-04
8.468701280315583382e-04
8.468701280315583382e-04
8.468701280315583382e-04
8.468701280315583382e-04
8.468701280315583382e-04
8.468701280315583382e-04
8.468701280315583382e-04
8.468701280315583382e-04
8.468701280315583382e-04
8.468701280315583382e-04
8.468701280315583382e-04
8.468701280315583382e-04
8.468701280315583382e-04
8.468701280315583382e-04
8.468701280315583382e-04
8.413392634290076414e-04
8.413392634290076414e-04
8.413392634290076414e-04
8.413392634290076414e-04
8.413392634290076414e-04
8.413392634290076414e-04
8.413392634290076414e-04
8.413392634290076414e-04
8.413392634290076414e-04
8.413392634290076414e-04
8.413392634290076414e-04
8.413392634290076414e-04
8.413392634290076414e-04
8.413392634290076414e-04
8.413392634290076414e-04
8.413392634290076414e-04
8.413392634290076414e-04
8.413392634290076414e-04
8.413392634290076414e-04
8.413392634290076414e-04
8.360042182910094009e-04
8.360042182910094009e-04
8.360042182910094009e-04
8.360042182910094009e-04
8.360042182910094009e-04
8.360042182910094009e-04
8.360042182910094009e-04
8.360042182910094009e-04
8.360042182910094009e-04
8.360042182910094009e-04
8.360042182910094009e-04
8.360042182910094009e-04
8.360042182910094009e-04
8.360042182910094009e-04
8.360042182910094009e-04
8.360042182910094009e-04
8.360042182910094009e-04
8.360042182910094009e-04
8.360042182910094009e-04
8.360042182910094009e-04
8.307636960039811074e-04
8.307636960039811074e-04
8.307636960039811074e-04
8.307636960039811074e-04
8.307636960039811074e-04
8.307636960039811074e-04
8.307636960039811074e-04
8.307636960039811074e-04
8.307636960039811074e-04
8.307636960039811074e-04
8.307636960039811074e-04
8.307636960039811074e-04
8.307636960039811074e-04
8.307636960039811074e-04
8.307636960039811074e-04
8.307636960039811074e-04
8.307636960039811074e-04
8.307636960039811074e-04
8.307636960039811074e-04
8.307636960039811074e-04
8.255397709408863506e-04
8.255397709408863506e-04
8.255397709408863506e-04
8.255397709408863506e-04
8.255397709408863506e-04
8.255397709408863506e-04
8.255397709408863506e-04
8.255397709408863506e-04
8.255397709408863506e-04
8.255397709408863506e-04
8.255397709408863506e-04
8.255397709408863506e-04
8.255397709408863506e-04
8.255397709408863506e-04
8.255397709408863506e-04
8.255397709408863506e-04
8.255397709408863506e-04
8.255397709408863506e-04
8.255397709408863506e-04
8.255397709408863506e-04
8.200108600090661630e-04
8.200108600090661630e-04
8.200108600090661630e-04
8.200108600090661630e-04
8.200108600090661630e-04
8.200108600090661630e-04
8.200108600090661630e-04
8.200108600090661630e-04
8.200108600090661630e-04
8.200108600090661630e-04
8.200108600090661630e-04
8.200108600090661630e-04
8.200108600090661630e-04
8.200108600090661630e-04
8.200108600090661630e-04
8.200108600090661630e-04
8.200108600090661630e-04
8.200108600090661630e-04
8.200108600090661630e-04
8.200108600090661630e-04
8.148409416903164889e-04
8.148409416903164889e-04
8.148409416903164889e-04
8.148409416903164889e-04
8.148409416903164889e-04
8.148409416903164889e-04
8.148409416903164889e-04
8.148409416903164889e-04
8.148409416903164889e-04
8.148409416903164889e-04
8.148409416903164889e-04
8.148409416903164889e-04
8.148409416903164889e-04
8.148409416903164889e-04
8.148409416903164889e-04
8.148409416903164889e-04
8.148409416903164889e-04
8.148409416903164889e-04
8.148409416903164889e-04
8.148409416903164889e-04
8.088066822115514863e-04
8.088066822115514863e-04
8.088066822115514863e-04
8.088066822115514863e-04
8.088066822115514863e-04
8.088066822115514863e-04
8.088066822115514863e-04
8.088066822115514863e-04
8.088066822115514863e-04
8.088066822115514863e-04
8.088066822115514863e-04
8.088066822115514863e-04
8.088066822115514863e-04
8.088066822115514863e-04
8.088066822115514863e-04
8.088066822115514863e-04
8.088066822115514863e-04
8.088066822115514863e-04
8.088066822115514863e-04
8.088066822115514863e-04
8.033485105464516392e-04
8.033485105464516392e-04
8.033485105464516392e-04
8.033485105464516392e-04
8.033485105464516392e-04
8.033485105464516392e-04
8.033485105464516392e-04
8.033485105464516392e-04
8.033485105464516392e-04
8.033485105464516392e-04
8.033485105464516392e-04
8.033485105464516392e-04
8.033485105464516392e-04
8.033485105464516392e-04
8.033485105464516392e-04
8.033485105464516392e-04
8.033485105464516392e-04
8.033485105464516392e-04
8.033485105464516392e-04
8.033485105464516392e-04
7.977066076520561910e-04
7.977066076520561910e-04
7.977066076520561910e-04
7.977066076520561910e-04
7.977066076520561910e-04
7.977066076520561910e-04
7.977066076520561910e-04
7.977066076520561910e-04
7.977066076520561910e-04
7.977066076520561910e-04
7.977066076520561910e-04
7.977066076520561910e-04
7.977066076520561910e-04
7.977066076520561910e-04
7.977066076520561910e-04
7.977066076520561910e-04
7.977066076520561910e-04
7.977066076520561910e-04
7.977066076520561910e-04
7.977066076520561910e-04
7.926655312530958911e-04
7.926655312530958911e-04
7.926655312530958911e-04
7.926655312530958911e-04
7.926655312530958911e-04
7.926655312530958911e-04
7.926655312530958911e-04
7.926655312530958911e-04
7.926655312530958911e-04
7.926655312530958911e-04
7.926655312530958911e-04
7.926655312530958911e-04
7.926655312530958911e-04
7.926655312530958911e-04
7.926655312530958911e-04
7.926655312530958911e-04
7.926655312530958911e-04
7.926655312530958911e-04
7.926655312530958911e-04
7.926655312530958911e-04
7.877058312273442064e-04
7.877058312273442064e-04
7.877058312273442064e-04
7.877058312273442064e-04
7.877058312273442064e-04
7.877058312273442064e-04
7.877058312273442064e-04
7.877058312273442064e-04
7.877058312273442064e-04
7.877058312273442064e-04
7.877058312273442064e-04
7.877058312273442064e-04
7.877058312273442064e-04
7.877058312273442064e-04
7.877058312273442064e-04
7.877058312273442064e-04
7.877058312273442064e-04
7.877058312273442064e-04
7.877058312273442064e-04
7.877058312273442064e-04
7.825942148061067758e-04
7.825942148061067758e-04
7.825942148061067758e-04
7.825942148061067758e-04
7.825942148061067758e-04
7.825942148061067758e-04
7.825942148061067758e-04
7.825942148061067758e-04
7.825942148061067758e-04
7.825942148061067758e-04
7.825942148061067758e-04
7.825942148061067758e-04
7.825942148061067758e-04
7.825942148061067758e-04
7.825942148061067758e-04
7.825942148061067758e-04
7.825942148061067758e-04
7.825942148061067758e-04
7.825942148061067758e-04
7.825942148061067758e-04
7.779966500868496773e-04
7.779966500868496773e-04
7.779966500868496773e-04
7.779966500868496773e-04
7.779966500868496773e-04
7.779966500868496773e-04
7.779966500868496773e-04
7.779966500868496773e-04
7.779966500868496773e-04
7.779966500868496773e-04
7.779966500868496773e-04
7.779966500868496773e-04
7.779966500868496773e-04
7.779966500868496773e-04
7.779966500868496773e-04
7.779966500868496773e-04
7.779966500868496773e-04
7.779966500868496773e-04
7.779966500868496773e-04
7.779966500868496773e-04
7.732495580947740038e-04
7.732495580947740038e-04
7.732495580947740038e-04
7.732495580947740038e-04
7.732495580947740038e-04
7.732495580947740038e-04
7.732495580947740038e-04
7.732495580947740038e-04
7.732495580947740038e-04
7.732495580947740038e-04
7.732495580947740038e-04
7.732495580947740038e-04
7.732495580947740038e-04
7.732495580947740038e-04
7.732495580947740038e-04
7.732495580947740038e-04
7.732495580947740038e-04
7.732495580947740038e-04
7.732495580947740038e-04
7.732495580947740038e-04
7.682306115862665022e-04
7.682306115862665022e-04
7.682306115862665022e-04
7.682306115862665022e-04
7.682306115862665022e-04
7.682306115862665022e-04
7.682306115862665022e-04
7.682306115862665022e-04
7.682306115862665022e-04
7.682306115862665022e-04
7.682306115862665022e-04
7.682306115862665022e-04
7.682306115862665022e-04
7.682306115862665022e-04
7.682306115862665022e-04
7.682306115862665022e-04
7.682306115862665022e-04
7.682306115862665022e-04
7.682306115862665022e-04
7.682306115862665022e-04
7.632150886004067727e-04
7.632150886004067727e-04
7.632150886004067727e-04
7.632150886004067727e-04
7.632150886004067727e-04
7.632150886004067727e-04
7.632150886004067727e-04
7.632150886004067727e-04
7.632150886004067727e-04
7.632150886004067727e-04
7.632150886004067727e-04
7.632150886004067727e-04
7.632150886004067727e-04
7.632150886004067727e-04
7.632150886004067727e-04
7.632150886004067727e-04
7.632150886004067727e-04
7.632150886004067727e-04
7.632150886004067727e-04
7.632150886004067727e-04
7.586545493566372112e-04
7.586545493566372112e-04
7.586545493566372112e-04
7.586545493566372112e-04
7.586545493566372112e-04
7.586545493566372112e-04
7.586545493566372112e-04
7.586545493566372112e-04
7.586545493566372112e-04
7.586545493566372112e-04
7.586545493566372112e-04
7.586545493566372112e-04
7.586545493566372112e-04
7.586545493566372112e-04
7.586545493566372112e-04
7.586545493566372112e-04
7.586545493566372112e-04
7.586545493566372112e-04
7.586545493566372112e-04
7.586545493566372112e-04
7.540416481352046852e-04
7.540416481352046852e-04
7.540416481352046852e-04
7.540416481352046852e-04
7.540416481352046852e-04
7.540416481352046852e-04
7.540416481352046852e-04
7.540416481352046852e-04
7.540416481352046852e-04
7.540416481352046852e-04
7.540416481352046852e-04
7.540416481352046852e-04
7.540416481352046852e-04
7.540416481352046852e-04
7.540416481352046852e-04
7.540416481352046852e-04
7.540416481352046852e-04
7.540416481352046852e-04
7.540416481352046852e-04
7.540416481352046852e-04
7.494606872244736952e-04
7.494606872244736952e-04
7.494606872244736952e-04
7.494606872244736952e-04
7.494606872244736952e-04
7.494606872244736952e-04
7.494606872244736952e-04
7.494606872244736952e-04
7.494606872244736952e-04
7.494606872244736952e-04
7.494606872244736952e-04
7.494606872244736952e-04
7.494606872244736952e-04
7.494606872244736952e-04
7.494606872244736952e-04
7.494606872244736952e-04
7.494606872244736952e-04
7.494606872244736952e-04
7.494606872244736952e-04
7.494606872244736952e-04
7.443957811224192599e-04
7.443957811224192599e-04
7.443957811224192599e-04
7.443957811224192599e-04
7.443957811224192599e-04
7.443957811224192599e-04
7.443957811224192599e-04
7.443957811224192599e-04
7.443957811224192599e-04
7.443957811224192599e-04
7.443957811224192599e-04
7.443957811224192599e-04
7.443957811224192599e-04
7.443957811224192599e-04
7.443957811224192599e-04
7.443957811224192599e-04
7.443957811224192599e-04
7.443957811224192599e-04
7.443957811224192599e-04
7.443957811224192599e-04
7.400028001521158100e-04
7.400028001521158100e-04
7.400028001521158100e-04
7.400028001521158100e-04
7.400028001521158100e-04
7.400028001521158100e-04
7.400028001521158100e-04
7.400028001521158100e-04
7.400028001521158100e-04
7.400028001521158100e-04
7.400028001521158100e-04
7.400028001521158100e-04
7.400028001521158100e-04
7.400028001521158100e-04
7.400028001521158100e-04
7.400028001521158100e-04
7.400028001521158100e-04
7.400028001521158100e-04
7.400028001521158100e-04
7.400028001521158100e-04
7.357813047564481807e-04
7.357813047564481807e-04
7.357813047564481807e-04
7.357813047564481807e-04
7.357813047564481807e-04
7.357813047564481807e-04
7.357813047564481807e-04
7.357813047564481807e-04
7.357813047564481807e-04
7.357813047564481807e-04
7.357813047564481807e-04
7.357813047564481807e-04
7.357813047564481807e-04
7.357813047564481807e-04
7.357813047564481807e-04
7.357813047564481807e-04
7.357813047564481807e-04
7.357813047564481807e-04
7.357813047564481807e-04
7.357813047564481807e-04
7.316904599983773978e-04
7.316904599983773978e-04
7.316904599983773978e-04
7.316904599983773978e-04
7.316904599983773978e-04
7.316904599983773978e-04
7.316904599983773978e-04
7.316904599983773978e-04
7.316904599983773978e-04
7.316904599983773978e-04
7.316904599983773978e-04
7.316904599983773978e-04
7.316904599983773978e-04
7.316904599983773978e-04
7.316904599983773978e-04
7.316904599983773978e-04
7.316904599983773978e-04
7.316904599983773978e-04
7.316904599983773978e-04
7.316904599983773978e-04
7.277714267320519251e-04
7.277714267320519251e-04
7.277714267320519251e-04
7.277714267320519251e-04
7.277714267320519251e-04
7.277714267320519251e-04
7.277714267320519251e-04
7.277714267320519251e-04
7.277714267320519251e-04
7.277714267320519251e-04
7.277714267320519251e-04
7.277714267320519251e-04
7.277714267320519251e-04
7.277714267320519251e-04
7.277714267320519251e-04
7.277714267320519251e-04
7.277714267320519251e-04
7.277714267320519251e-04
7.277714267320519251e-04
7.277714267320519251e-04
7.233946255528070704e-04
7.233946255528070704e-04
7.233946255528070704e-04
7.233946255528070704e-04
7.233946255528070704e-04
7.233946255528070704e-04
7.233946255528070704e-04
7.233946255528070704e-04
7.233946255528070704e-04
7.233946255528070704e-04
7.233946255528070704e-04
7.233946255528070704e-04
7.233946255528070704e-04
7.233946255528070704e-04
7.233946255528070704e-04
7.233946255528070704e-04
7.233946255528070704e-04
7.233946255528070704e-04
7.233946255528070704e-04
7.233946255528070704e-04
7.197668204048274536e-04
7.197668204048274536e-04
7.197668204048274536e-04
7.197668204048274536e-04
7.197668204048274536e-04
7.197668204048274536e-04
7.197668204048274536e-04
7.197668204048274536e-04
7.197668204048274536e-04
7.197668204048274536e-04
7.197668204048274536e-04
7.197668204048274536e-04
7.197668204048274536e-04
7.197668204048274536e-04
7.197668204048274536e-04
7.197668204048274536e-04
7.197668204048274536e-04
7.197668204048274536e-04
7.197668204048274536e-04
7.197668204048274536e-04
7.163509019112874457e-04
7.163509019112874457e-04
7.163509019112874457e-04
7.163509019112874457e-04
7.163509019112874457e-04
7.163509019112874457e-04
7.163509019112874457e-04
7.163509019112874457e-04
7.163509019112874457e-04
7.163509019112874457e-04
7.163509019112874457e-04
7.163509019112874457e-04
7.163509019112874457e-04
7.163509019112874457e-04
7.163509019112874457e-04
7.163509019112874457e-04
7.163509019112874457e-04
7.163509019112874457e-04
7.163509019112874457e-04
7.163509019112874457e-04
7.128530261549812300e-04
7.128530261549812300e-04
7.128530261549812300e-04
7.128530261549812300e-04
7.128530261549812300e-04
7.128530261549812300e-04
7.128530261549812300e-04
7.128530261549812300e-04
7.128530261549812300e-04
7.128530261549812300e-04
7.128530261549812300e-04
7.128530261549812300e-04
7.128530261549812300e-04
7.128530261549812300e-04
7.128530261549812300e-04
7.128530261549812300e-04
7.128530261549812300e-04
7.128530261549812300e-04
7.128530261549812300e-04
7.128530261549812300e-04
7.092351183995888615e-04
7.092351183995888615e-04
7.092351183995888615e-04
7.092351183995888615e-04
7.092351183995888615e-04
7.092351183995888615e-04
7.092351183995888615e-04
7.092351183995888615e-04
7.092351183995888615e-04
7.092351183995888615e-04
7.092351183995888615e-04
7.092351183995888615e-04
7.092351183995888615e-04
7.092351183995888615e-04
7.092351183995888615e-04
7.092351183995888615e-04
7.092351183995888615e-04
7.092351183995888615e-04
7.092351183995888615e-04
7.092351183995888615e-04
7.057951632035899120e-04
7.057951632035899120e-04
7.057951632035899120e-04
7.057951632035899120e-04
7.057951632035899120e-04
7.057951632035899120e-04
7.057951632035899120e-04
7.057951632035899120e-04
7.057951632035899120e-04
7.057951632035899120e-04
7.057951632035899120e-04
7.057951632035899120e-04
7.057951632035899120e-04
7.057951632035899120e-04
7.057951632035899120e-04
7.057951632035899120e-04
7.057951632035899120e-04
7.057951632035899120e-04
7.057951632035899120e-04
7.057951632035899120e-04
7.020881813405775544e-04
7.020881813405775544e-04
7.020881813405775544e-04
7.020881813405775544e-04
7.020881813405775544e-04
7.020881813405775544e-04
7.020881813405775544e-04
7.020881813405775544e-04
7.020881813405775544e-04
7.020881813405775544e-04
7.020881813405775544e-04
7.020881813405775544e-04
7.020881813405775544e-04
7.020881813405775544e-04
7.020881813405775544e-04
7.020881813405775544e-04
7.020881813405775544e-04
7.020881813405775544e-04
7.020881813405775544e-04
7.020881813405775544e-04
6.982098540363178849e-04
6.982098540363178849e-04
6.982098540363178849e-04
6.982098540363178849e-04
6.982098540363178849e-04
6.982098540363178849e-04
6.982098540363178849e-04
6.982098540363178849e-04
6.982098540363178849e-04
6.982098540363178849e-04
6.982098540363178849e-04
6.982098540363178849e-04
6.982098540363178849e-04
6.982098540363178849e-04
6.982098540363178849e-04
6.982098540363178849e-04
6.982098540363178849e-04
6.982098540363178849e-04
6.982098540363178849e-04
6.982098540363178849e-04
6.946248696353144120e-04
6.946248696353144120e-04
6.946248696353144120e-04
6.946248696353144120e-04
6.946248696353144120e-04
6.946248696353144120e-04
6.946248696353144120e-04
6.946248696353144120e-04
6.946248696353144120e-04
6.946248696353144120e-04
6.946248696353144120e-04
6.946248696353144120e-04
6.946248696353144120e-04
6.946248696353144120e-04
6.946248696353144120e-04
6.946248696353144120e-04
6.946248696353144120e-04
6.946248696353144120e-04
6.946248696353144120e-04
6.946248696353144120e-04
6.906043417688543639e-04
6.906043417688543639e-04
6.906043417688543639e-04
6.906043417688543639e-04
6.906043417688543639e-04
6.906043417688543639e-04
6.906043417688543639e-04
6.906043417688543639e-04
6.906043417688543639e-04
6.906043417688543639e-04
6.906043417688543639e-04
6.906043417688543639e-04
6.906043417688543639e-04
6.906043417688543639e-04
6.906043417688543639e-04
6.906043417688543639e-04
6.906043417688543639e-04
6.906043417688543639e-04
6.906043417688543639e-04
6.906043417688543639e-04
6.871290633905435472e-04
6.871290633905435472e-04
6.871290633905435472e-04
6.871290633905435472e-04
6.871290633905435472e-04
6.871290633905435472e-04
6.871290633905435472e-04
6.871290633905435472e-04
6.871290633905435472e-04
6.871290633905435472e-04
6.871290633905435472e-04
6.871290633905435472e-04
6.871290633905435472e-04
6.871290633905435472e-04
6.871290633905435472e-04
6.871290633905435472e-04
6.871290633905435472e-04
6.871290633905435472e-04
6.871290633905435472e-04
6.871290633905435472e-04
6.839858637288511551e-04
6.839858637288511551e-04
6.839858637288511551e-04
6.839858637288511551e-04
6.839858637288511551e-04
6.839858637288511551e-04
6.839858637288511551e-04
6.839858637288511551e-04
6.839858637288511551e-04
6.839858637288511551e-04
6.839858637288511551e-04
6.839858637288511551e-04
6.839858637288511551e-04
6.839858637288511551e-04
6.839858637288511551e-04
6.839858637288511551e-04
6.839858637288511551e-04
6.839858637288511551e-04
6.839858637288511551e-04
6.839858637288511551e-04
6.806050278899746517e-04
6.806050278899746517e-04
6.806050278899746517e-04
6.806050278899746517e-04
6.806050278899746517e-04
6.806050278899746517e-04
6.806050278899746517e-04
6.806050278899746517e-04
6.806050278899746517e-04
6.806050278899746517e-04
6.806050278899746517e-04
6.806050278899746517e-04
6.806050278899746517e-04
6.806050278899746517e-04
6.806050278899746517e-04
6.806050278899746517e-04
6.806050278899746517e-04
6.806050278899746517e-04
6.806050278899746517e-04
6.806050278899746517e-04
6.774847521013534256e-04
6.774847521013534256e-04
6.774847521013534256e-04
6.774847521013534256e-04
6.774847521013534256e-04
6.774847521013534256e-04
6.774847521013534256e-04
6.774847521013534256e-04
6.774847521013534256e-04
6.774847521013534256e-04
6.774847521013534256e-04
6.774847521013534256e-04
6.774847521013534256e-04
6.774847521013534256e-04
6.774847521013534256e-04
6.774847521013534256e-04
6.774847521013534256e-04
6.774847521013534256e-04
6.774847521013534256e-04
6.774847521013534256e-04
6.744724066710827302e-04
6.744724066710827302e-04
6.744724066710827302e-04
6.744724066710827302e-04
6.744724066710827302e-04
6.744724066710827302e-04
6.744724066710827302e-04
6.744724066710827302e-04
6.744724066710827302e-04
6.744724066710827302e-04
6.744724066710827302e-04
6.744724066710827302e-04
6.744724066710827302e-04
6.744724066710827302e-04
6.744724066710827302e-04
6.744724066710827302e-04
6.744724066710827302e-04
6.744724066710827302e-04
6.744724066710827302e-04
6.744724066710827302e-04
6.715973342608104512e-04
6.715973342608104512e-04
6.715973342608104512e-04
6.715973342608104512e-04
6.715973342608104512e-04
6.715973342608104512e-04
6.715973342608104512e-04
6.715973342608104512e-04
6.715973342608104512e-04
6.715973342608104512e-04
6.715973342608104512e-04
6.715973342608104512e-04
6.715973342608104512e-04
6.715973342608104512e-04
6.715973342608104512e-04
6.715973342608104512e-04
6.715973342608104512e-04
6.715973342608104512e-04
6.715973342608104512e-04
6.715973342608104512e-04
6.684961220700634532e-04
6.684961220700634532e-04
6.684961220700634532e-04
6.684961220700634532e-04
6.684961220700634532e-04
6.684961220700634532e-04
6.684961220700634532e-04
6.684961220700634532e-04
6.684961220700634532e-04
6.684961220700634532e-04
6.684961220700634532e-04
6.684961220700634532e-04
6.684961220700634532e-04
6.684961220700634532e-04
6.684961220700634532e-04
6.684961220700634532e-04
6.684961220700634532e-04
6.684961220700634532e-04
6.684961220700634532e-04
6.684961220700634532e-04
6.651527995831493833e-04
6.651527995831493833e-04
6.651527995831493833e-04
6.651527995831493833e-04
6.651527995831493833e-04
6.651527995831493833e-04
6.651527995831493833e-04
6.651527995831493833e-04
6.651527995831493833e-04
6.651527995831493833e-04
6.651527995831493833e-04
6.651527995831493833e-04
6.651527995831493833e-04
6.651527995831493833e-04
6.651527995831493833e-04
6.651527995831493833e-04
6.651527995831493833e-04
6.651527995831493833e-04
6.651527995831493833e-04
6.651527995831493833e-04
6.613282871210435015e-04
6.613282871210435015e-04
6.613282871210435015e-04
6.613282871210435015e-04
6.613282871210435015e-04
6.613282871210435015e-04
6.613282871210435015e-04
6.613282871210435015e-04
6.613282871210435015e-04
6.613282871210435015e-04
6.613282871210435015e-04
6.613282871210435015e-04
6.613282871210435015e-04
6.613282871210435015e-04
6.613282871210435015e-04
6.613282871210435015e-04
6.613282871210435015e-04
6.613282871210435015e-04
6.613282871210435015e-04
6.613282871210435015e-04
6.581174220956179533e-04
6.581174220956179533e-04
6.581174220956179533e-04
6.581174220956179533e-04
6.581174220956179533e-04
6.581174220956179533e-04
6.581174220956179533e-04
6.581174220956179533e-04
6.581174220956179533e-04
6.581174220956179533e-04
6.581174220956179533e-04
6.581174220956179533e-04
6.581174220956179533e-04
6.581174220956179533e-04
6.581174220956179533e-04
6.581174220956179533e-04
6.581174220956179533e-04
6.581174220956179533e-04
6.581174220956179533e-04
6.581174220956179533e-04
6.544065318820901922e-04
6.544065318820901922e-04
6.544065318820901922e-04
6.544065318820901922e-04
6.544065318820901922e-04
6.544065318820901922e-04
6.544065318820901922e-04
6.544065318820901922e-04
6.544065318820901922e-04
6.544065318820901922e-04
6.544065318820901922e-04
6.544065318820901922e-04
6.544065318820901922e-04
6.544065318820901922e-04
6.544065318820901922e-04
6.544065318820901922e-04
6.544065318820901922e-04
6.544065318820901922e-04
6.544065318820901922e-04
6.544065318820901922e-04
6.510577490148139555e-04
6.510577490148139555e-04
6.510577490148139555e-04
6.510577490148139555e-04
6.510577490148139555e-04
6.510577490148139555e-04
6.510577490148139555e-04
6.510577490148139555e-04
6.510577490148139555e-04
6.510577490148139555e-04
6.510577490148139555e-04
6.510577490148139555e-04
6.510577490148139555e-04
6.510577490148139555e-04
6.510577490148139555e-04
6.510577490148139555e-04
6.510577490148139555e-04
6.510577490148139555e-04
6.510577490148139555e-04
6.510577490148139555e-04
6.476310646999778719e-04
6.476310646999778719e-04
6.476310646999778719e-04
6.476310646999778719e-04
6.476310646999778719e-04
6.476310646999778719e-04
6.476310646999778719e-04
6.476310646999778719e-04
6.476310646999778719e-04
6.476310646999778719e-04
6.476310646999778719e-04
6.476310646999778719e-04
6.476310646999778719e-04
6.476310646999778719e-04
6.476310646999778719e-04
6.476310646999778719e-04
6.476310646999778719e-04
6.476310646999778719e-04
6.476310646999778719e-04
6.476310646999778719e-04
6.445696052361544895e-04
6.445696052361544895e-04
6.445696052361544895e-04
6.445696052361544895e-04
6.445696052361544895e-04
6.445696052361544895e-04
6.445696052361544895e-04
6.445696052361544895e-04
6.445696052361544895e-04
6.445696052361544895e-04
6.445696052361544895e-04
6.445696052361544895e-04
6.445696052361544895e-04
6.445696052361544895e-04
6.445696052361544895e-04
6.445696052361544895e-04
6.445696052361544895e-04
6.445696052361544895e-04
6.445696052361544895e-04
6.445696052361544895e-04
6.412877252490912930e-04
6.412877252490912930e-04
6.412877252490912930e-04
6.412877252490912930e-04
6.412877252490912930e-04
6.412877252490912930e-04
6.412877252490912930e-04
6.412877252490912930e-04
6.412877252490912930e-04
6.412877252490912930e-04
6.412877252490912930e-04
6.412877252490912930e-04
6.412877252490912930e-04
6.412877252490912930e-04
6.412877252490912930e-04
6.412877252490912930e-04
6.412877252490912930e-04
6.412877252490912930e-04
6.412877252490912930e-04
6.412877252490912930e-04
6.385036346044580761e-04
6.385036346044580761e-04
6.385036346044580761e-04
6.385036346044580761e-04
6.385036346044580761e-04
6.385036346044580761e-04
6.385036346044580761e-04
6.385036346044580761e-04
6.385036346044580761e-04
6.385036346044580761e-04
6.385036346044580761e-04
6.385036346044580761e-04
6.385036346044580761e-04
6.385036346044580761e-04
6.385036346044580761e-04
6.385036346044580761e-04
6.385036346044580761e-04
6.385036346044580761e-04
6.385036346044580761e-04
6.385036346044580761e-04
6.357978280984205761e-04
6.357978280984205761e-04
6.357978280984205761e-04
6.357978280984205761e-04
6.357978280984205761e-04
6.357978280984205761e-04
6.357978280984205761e-04
6.357978280984205761e-04
6.357978280984205761e-04
6.357978280984205761e-04
6.357978280984205761e-04
6.357978280984205761e-04
6.357978280984205761e-04
6.357978280984205761e-04
6.357978280984205761e-04
6.357978280984205761e-04
6.357978280984205761e-04
6.357978280984205761e-04
6.357978280984205761e-04
6.357978280984205761e-04
6.330110559570836402e-04
6.330110559570836402e-04
6.330110559570836402e-04
6.330110559570836402e-04
6.330110559570836402e-04
6.330110559570836402e-04
6.330110559570836402e-04
6.330110559570836402e-04
6.330110559570836402e-04
6.330110559570836402e-04
6.330110559570836402e-04
6.330110559570836402e-04
6.330110559570836402e-04
6.330110559570836402e-04
6.330110559570836402e-04
6.330110559570836402e-04
6.330110559570836402e-04
6.330110559570836402e-04
6.330110559570836402e-04
6.330110559570836402e-04
6.302957687431068323e-04
6.302957687431068323e-04
6.302957687431068323e-04
6.302957687431068323e-04
6.302957687431068323e-04
6.302957687431068323e-04
6.302957687431068323e-04
6.302957687431068323e-04
6.302957687431068323e-04
6.302957687431068323e-04
6.302957687431068323e-04
6.302957687431068323e-04
6.302957687431068323e-04
6.302957687431068323e-04
6.302957687431068323e-04
6.302957687431068323e-04
6.302957687431068323e-04
6.302957687431068323e-04
6.302957687431068323e-04
6.302957687431068323e-04
6.276159764394114099e-04
6.276159764394114099e-04
6.276159764394114099e-04
6.276159764394114099e-04
6.276159764394114099e-04
6.276159764394114099e-04
6.276159764394114099e-04
6.276159764394114099e-04
6.276159764394114099e-04
6.276159764394114099e-04
6.276159764394114099e-04
6.276159764394114099e-04
6.276159764394114099e-04
6.276159764394114099e-04
6.276159764394114099e-04
6.276159764394114099e-04
6.276159764394114099e-04
6.276159764394114099e-04
6.276159764394114099e-04
6.276159764394114099e-04
6.249090591254984322e-04
6.249090591254984322e-04
6.249090591254984322e-04
6.249090591254984322e-04
6.249090591254984322e-04
6.249090591254984322e-04
6.249090591254984322e-04
6.249090591254984322e-04
6.249090591254984322e-04
6.249090591254984322e-04
6.249090591254984322e-04
6.249090591254984322e-04
6.249090591254984322e-04
6.249090591254984322e-04
6.249090591254984322e-04
6.249090591254984322e-04
6.249090591254984322e-04
6.249090591254984322e-04
6.249090591254984322e-04
6.249090591254984322e-04
6.225549485542308109e-04
6.225549485542308109e-04
6.225549485542308109e-04
6.225549485542308109e-04
6.225549485542308109e-04
6.225549485542308109e-04
6.225549485542308109e-04
6.225549485542308109e-04
6.225549485542308109e-04
6.225549485542308109e-04
6.225549485542308109e-04
6.225549485542308109e-04
6.225549485542308109e-04
6.225549485542308109e-04
6.225549485542308109e-04
6.225549485542308109e-04
6.225549485542308109e-04
6.225549485542308109e-04
6.225549485542308109e-04
6.225549485542308109e-04
6.198845603505765030e-04
6.198845603505765030e-04
6.198845603505765030e-04
6.198845603505765030e-04
6.198845603505765030e-04
6.198845603505765030e-04
6.198845603505765030e-04
6.198845603505765030e-04
6.198845603505765030e-04
6.198845603505765030e-04
6.198845603505765030e-04
6.198845603505765030e-04
6.198845603505765030e-04
6.198845603505765030e-04
6.198845603505765030e-04
6.198845603505765030e-04
6.198845603505765030e-04
6.198845603505765030e-04
6.198845603505765030e-04
6.198845603505765030e-04
6.177113802351769578e-04
6.177113802351769578e-04
6.177113802351769578e-04
6.177113802351769578e-04
6.177113802351769578e-04
6.177113802351769578e-04
6.177113802351769578e-04
6.177113802351769578e-04
6.177113802351769578e-04
6.177113802351769578e-04
6.177113802351769578e-04
6.177113802351769578e-04
6.177113802351769578e-04
6.177113802351769578e-04
6.177113802351769578e-04
6.177113802351769578e-04
6.177113802351769578e-04
6.177113802351769578e-04
6.177113802351769578e-04
6.177113802351769578e-04
6.154082610648995300e-04
6.154082610648995300e-04
6.154082610648995300e-04
6.154082610648995300e-04
6.154082610648995300e-04
6.154082610648995300e-04
6.154082610648995300e-04
6.154082610648995300e-04
6.154082610648995300e-04
6.154082610648995300e-04
6.154082610648995300e-04
6.154082610648995300e-04
6.154082610648995300e-04
6.154082610648995300e-04
6.154082610648995300e-04
6.154082610648995300e-04
6.154082610648995300e-04
6.154082610648995300e-04
6.154082610648995300e-04
6.154082610648995300e-04
6.129179012011485780e-04
6.129179012011485780e-04
6.129179012011485780e-04
6.129179012011485780e-04
6.129179012011485780e-04
6.129179012011485780e-04
6.129179012011485780e-04
6.129179012011485780e-04
6.129179012011485780e-04
6.129179012011485780e-04
6.129179012011485780e-04
6.129179012011485780e-04
6.129179012011485780e-04
6.129179012011485780e-04
6.129179012011485780e-04
6.129179012011485780e-04
6.129179012011485780e-04
6.129179012011485780e-04
6.129179012011485780e-04
6.129179012011485780e-04
6.104960014778952572e-04
6.104960014778952572e-04
6.104960014778952572e-04
6.104960014778952572e-04
6.104960014778952572e-04
6.104960014778952572e-04
6.104960014778952572e-04
6.104960014778952572e-04
6.104960014778952572e-04
6.104960014778952572e-04
6.104960014778952572e-04
6.104960014778952572e-04
6.104960014778952572e-04
6.104960014778952572e-04
6.104960014778952572e-04
6.104960014778952572e-04
6.104960014778952572e-04
6.104960014778952572e-04
6.104960014778952572e-04
6.104960014778952572e-04
6.080767608621708313e-04
6.080767608621708313e-04
6.080767608621708313e-04
6.080767608621708313e-04
6.080767608621708313e-04
6.080767608621708313e-04
6.080767608621708313e-04
6.080767608621708313e-04
6.080767608621708313e-04
6.080767608621708313e-04
6.080767608621708313e-04
6.080767608621708313e-04
6.080767608621708313e-04
6.080767608621708313e-04
6.080767608621708313e-04
6.080767608621708313e-04
6.080767608621708313e-04
6.080767608621708313e-04
6.080767608621708313e-04
6.080767608621708313e-04
6.056855813633581827e-04
6.056855813633581827e-04
6.056855813633581827e-04
6.056855813633581827e-04
6.056855813633581827e-04
6.056855813633581827e-04
6.056855813633581827e-04
6.056855813633581827e-04
6.056855813633581827e-04
6.056855813633581827e-04
6.056855813633581827e-04
6.056855813633581827e-04
6.056855813633581827e-04
6.056855813633581827e-04
6.056855813633581827e-04
6.056855813633581827e-04
6.056855813633581827e-04
6.056855813633581827e-04
6.056855813633581827e-04
6.056855813633581827e-04
6.030277529226502368e-04
6.030277529226502368e-04
6.030277529226502368e-04
6.030277529226502368e-04
6.030277529226502368e-04
6.030277529226502368e-04
6.030277529226502368e-04
6.030277529226502368e-04
6.030277529226502368e-04
6.030277529226502368e-04
6.030277529226502368e-04
6.030277529226502368e-04
6.030277529226502368e-04
6.030277529226502368e-04
6.030277529226502368e-04
6.030277529226502368e-04
6.030277529226502368e-04
6.030277529226502368e-04
6.030277529226502368e-04
6.030277529226502368e-04
6.004065231580537135e-04
6.004065231580537135e-04
6.004065231580537135e-04
6.004065231580537135e-04
6.004065231580537135e-04
6.004065231580537135e-04
6.004065231580537135e-04
6.004065231580537135e-04
6.004065231580537135e-04
6.004065231580537135e-04
6.004065231580537135e-04
6.004065231580537135e-04
6.004065231580537135e-04
6.004065231580537135e-04
6.004065231580537135e-04
6.004065231580537135e-04
6.004065231580537135e-04
6.004065231580537135e-04
6.004065231580537135e-04
6.004065231580537135e-04
5.980504077715756558e-04
5.980504077715756558e-04
5.980504077715756558e-04
5.980504077715756558e-04
5.980504077715756558e-04
5.980504077715756558e-04
5.980504077715756558e-04
5.980504077715756558e-04
5.980504077715756558e-04
5.980504077715756558e-04
5.980504077715756558e-04
5.980504077715756558e-04
5.980504077715756558e-04
5.980504077715756558e-04
5.980504077715756558e-04
5.980504077715756558e-04
5.980504077715756558e-04
5.980504077715756558e-04
5.980504077715756558e-04
5.980504077715756558e-04
5.955517590305576354e-04
5.955517590305576354e-04
5.955517590305576354e-04
5.955517590305576354e-04
5.955517590305576354e-04
5.955517590305576354e-04
5.955517590305576354e-04
5.955517590305576354e-04
5.955517590305576354e-04
5.955517590305576354e-04
5.955517590305576354e-04
5.955517590305576354e-04
5.955517590305576354e-04
5.955517590305576354e-04
5.955517590305576354e-04
5.955517590305576354e-04
5.955517590305576354e-04
5.955517590305576354e-04
5.955517590305576354e-04
5.955517590305576354e-04
5.934526523038190964e-04
5.934526523038190964e-04
5.934526523038190964e-04
5.934526523038190964e-04
5.934526523038190964e-04
5.934526523038190964e-04
5.934526523038190964e-04
5.934526523038190964e-04
5.934526523038190964e-04
5.934526523038190964e-04
5.934526523038190964e-04
5.934526523038190964e-04
5.934526523038190964e-04
5.934526523038190964e-04
5.934526523038190964e-04
5.934526523038190964e-04
5.934526523038190964e-04
5.934526523038190964e-04
5.934526523038190964e-04
5.934526523038190964e-04
5.908937467526381281e-04
5.908937467526381281e-04
5.908937467526381281e-04
5.908937467526381281e-04
5.908937467526381281e-04
5.908937467526381281e-04
5.908937467526381281e-04
5.908937467526381281e-04
5.908937467526381281e-04
5.908937467526381281e-04
5.908937467526381281e-04
5.908937467526381281e-04
5.908937467526381281e-04
5.908937467526381281e-04
5.908937467526381281e-04
5.908937467526381281e-04
5.908937467526381281e-04
5.908937467526381281e-04
5.908937467526381281e-04
5.908937467526381281e-04
5.883983339567857955e-04
5.883983339567857955e-04
5.883983339567857955e-04
5.883983339567857955e-04
5.883983339567857955e-04
5.883983339567857955e-04
5.883983339567857955e-04
5.883983339567857955e-04
5.883983339567857955e-04
5.883983339567857955e-04
5.883983339567857955e-04
5.883983339567857955e-04
5.883983339567857955e-04
5.883983339567857955e-04
5.883983339567857955e-04
5.883983339567857955e-04
5.883983339567857955e-04
5.883983339567857955e-04
5.883983339567857955e-04
5.883983339567857955e-04
5.859608017839670804e-04
5.859608017839670804e-04
5.859608017839670804e-04
5.859608017839670804e-04
5.859608017839670804e-04
5.859608017839670804e-04
5.859608017839670804e-04
5.859608017839670804e-04
5.859608017839670804e-04
5.859608017839670804e-04
5.859608017839670804e-04
5.859608017839670804e-04
5.859608017839670804e-04
5.859608017839670804e-04
5.859608017839670804e-04
5.859608017839670804e-04
5.859608017839670804e-04
5.859608017839670804e-04
5.859608017839670804e-04
5.859608017839670804e-04
5.834050638225495152e-04
5.834050638225495152e-04
5.834050638225495152e-04
5.834050638225495152e-04
5.834050638225495152e-04
5.834050638225495152e-04
5.834050638225495152e-04
5.834050638225495152e-04
5.834050638225495152e-04
5.834050638225495152e-04
5.834050638225495152e-04
5.834050638225495152e-04
5.834050638225495152e-04
5.834050638225495152e-04
5.834050638225495152e-04
5.834050638225495152e-04
5.834050638225495152e-04
5.834050638225495152e-04
5.834050638225495152e-04
5.834050638225495152e-04
5.809420355672140863e-04
5.809420355672140863e-04
5.809420355672140863e-04
5.809420355672140863e-04
5.809420355672140863e-04
5.809420355672140863e-04
5.809420355672140863e-04
5.809420355672140863e-04
5.809420355672140863e-04
5.809420355672140863e-04
5.809420355672140863e-04
5.809420355672140863e-04
5.809420355672140863e-04
5.809420355672140863e-04
5.809420355672140863e-04
5.809420355672140863e-04
5.809420355672140863e-04
5.809420355672140863e-04
5.809420355672140863e-04
5.809420355672140863e-04
5.785626054803741933e-04
5.785626054803741933e-04
5.785626054803741933e-04
5.785626054803741933e-04
5.785626054803741933e-04
5.785626054803741933e-04
5.785626054803741933e-04
5.785626054803741933e-04
5.785626054803741933e-04
5.785626054803741933e-04
5.785626054803741933e-04
5.785626054803741933e-04
5.785626054803741933e-04
5.785626054803741933e-04
5.785626054803741933e-04
5.785626054803741933e-04
5.785626054803741933e-04
5.785626054803741933e-04
5.785626054803741933e-04
5.785626054803741933e-04
5.759790336913019277e-04
5.759790336913019277e-04
5.759790336913019277e-04
5.759790336913019277e-04
5.759790336913019277e-04
5.759790336913019277e-04
5.759790336913019277e-04
5.759790336913019277e-04
5.759790336913019277e-04
5.759790336913019277e-04
5.759790336913019277e-04
5.759790336913019277e-04
5.759790336913019277e-04
5.759790336913019277e-04
5.759790336913019277e-04
5.759790336913019277e-04
5.759790336913019277e-04
5.759790336913019277e-04
5.759790336913019277e-04
5.759790336913019277e-04
5.736816492207417670e-04
5.736816492207417670e-04
5.736816492207417670e-04
5.736816492207417670e-04
5.736816492207417670e-04
5.736816492207417670e-04
5.736816492207417670e-04
5.736816492207417670e-04
5.736816492207417670e-04
5.736816492207417670e-04
5.736816492207417670e-04
5.736816492207417670e-04
5.736816492207417670e-04
5.736816492207417670e-04
5.736816492207417670e-04
5.736816492207417670e-04
5.736816492207417670e-04
5.736816492207417670e-04
5.736816492207417670e-04
5.736816492207417670e-04
5.713913671506815799e-04
5.713913671506815799e-04
5.713913671506815799e-04
5.713913671506815799e-04
5.713913671506815799e-04
5.713913671506815799e-04
5.713913671506815799e-04
5.713913671506815799e-04
5.713913671506815799e-04
5.713913671506815799e-04
5.713913671506815799e-04
5.713913671506815799e-04
5.713913671506815799e-04
5.713913671506815799e-04
5.713913671506815799e-04
5.713913671506815799e-04
5.713913671506815799e-04
5.713913671506815799e-04
5.713913671506815799e-04
5.713913671506815799e-04
5.692797017585914587e-04
5.692797017585914587e-04
5.692797017585914587e-04
5.692797017585914587e-04
5.692797017585914587e-04
5.692797017585914587e-04
5.692797017585914587e-04
5.692797017585914587e-04
5.692797017585914587e-04
5.692797017585914587e-04
5.692797017585914587e-04
5.692797017585914587e-04
5.692797017585914587e-04
5.692797017585914587e-04
5.692797017585914587e-04
5.692797017585914587e-04
5.692797017585914587e-04
5.692797017585914587e-04
5.692797017585914587e-04
5.692797017585914587e-04
5.668851331228607618e-04
5.668851331228607618e-04
5.668851331228607618e-04
5.668851331228607618e-04
5.668851331228607618e-04
5.668851331228607618e-04
5.668851331228607618e-04
5.668851331228607618e-04
5.668851331228607618e-04
5.668851331228607618e-04
5.668851331228607618e-04
5.668851331228607618e-04
5.668851331228607618e-04
5.668851331228607618e-04
5.668851331228607618e-04
5.668851331228607618e-04
5.668851331228607618e-04
5.668851331228607618e-04
5.668851331228607618e-04
5.668851331228607618e-04
5.645580990609447205e-04
5.645580990609447205e-04
5.645580990609447205e-04
5.645580990609447205e-04
5.645580990609447205e-04
5.645580990609447205e-04
5.645580990609447205e-04
5.645580990609447205e-04
5.645580990609447205e-04
5.645580990609447205e-04
5.645580990609447205e-04
5.645580990609447205e-04
5.645580990609447205e-04
5.645580990609447205e-04
5.645580990609447205e-04
5.645580990609447205e-04
5.645580990609447205e-04
5.645580990609447205e-04
5.645580990609447205e-04
5.645580990609447205e-04
5.621533741549788327e-04
5.621533741549788327e-04
5.621533741549788327e-04
5.621533741549788327e-04
5.621533741549788327e-04
5.621533741549788327e-04
5.621533741549788327e-04
5.621533741549788327e-04
5.621533741549788327e-04
5.621533741549788327e-04
5.621533741549788327e-04
5.621533741549788327e-04
5.621533741549788327e-04
5.621533741549788327e-04
5.621533741549788327e-04
5.621533741549788327e-04
5.621533741549788327e-04
5.621533741549788327e-04
5.621533741549788327e-04
5.621533741549788327e-04
5.595649503411834853e-04
5.595649503411834853e-04
5.595649503411834853e-04
5.595649503411834853e-04
5.595649503411834853e-04
5.595649503411834853e-04
5.595649503411834853e-04
5.595649503411834853e-04
5.595649503411834853e-04
5.595649503411834853e-04
5.595649503411834853e-04
5.595649503411834853e-04
5.595649503411834853e-04
5.595649503411834853e-04
5.595649503411834853e-04
5.595649503411834853e-04
5.595649503411834853e-04
5.595649503411834853e-04
5.595649503411834853e-04
5.595649503411834853e-04
5.572094898698749408e-04
5.572094898698749408e-04
5.572094898698749408e-04
5.572094898698749408e-04
5.572094898698749408e-04
5.572094898698749408e-04
5.572094898698749408e-04
5.572094898698749408e-04
5.572094898698749408e-04
5.572094898698749408e-04
5.572094898698749408e-04
5.572094898698749408e-04
5.572094898698749408e-04
5.572094898698749408e-04
5.572094898698749408e-04
5.572094898698749408e-04
5.572094898698749408e-04
5.572094898698749408e-04
5.572094898698749408e-04
5.572094898698749408e-04
5.550310775377242803e-04
5.550310775377242803e-04
5.550310775377242803e-04
5.550310775377242803e-04
5.550310775377242803e-04
5.550310775377242803e-04
5.550310775377242803e-04
5.550310775377242803e-04
5.550310775377242803e-04
5.550310775377242803e-04
5.550310775377242803e-04
5.550310775377242803e-04
5.550310775377242803e-04
5.550310775377242803e-04
5.550310775377242803e-04
5.550310775377242803e-04
5.550310775377242803e-04
5.550310775377242803e-04
5.550310775377242803e-04
5.550310775377242803e-04
5.530283873215434409e-04
5.530283873215434409e-04
5.530283873215434409e-04
5.530283873215434409e-04
5.530283873215434409e-04
5.530283873215434409e-04
5.530283873215434409e-04
5.530283873215434409e-04
5.530283873215434409e-04
5.530283873215434409e-04
5.530283873215434409e-04
5.530283873215434409e-04
5.530283873215434409e-04
5.530283873215434409e-04
5.530283873215434409e-04
5.530283873215434409e-04
5.530283873215434409e-04
5.530283873215434409e-04
5.530283873215434409e-04
5.530283873215434409e-04
5.512156385047460106e-04
5.512156385047460106e-04
5.512156385047460106e-04
5.512156385047460106e-04
5.512156385047460106e-04
5.512156385047460106e-04
5.512156385047460106e-04
5.512156385047460106e-04
5.512156385047460106e-04
5.512156385047460106e-04
5.512156385047460106e-04
5.512156385047460106e-04
5.512156385047460106e-04
5.512156385047460106e-04
5.512156385047460106e-04
5.512156385047460106e-04
5.512156385047460106e-04
5.512156385047460106e-04
5.512156385047460106e-04
5.512156385047460106e-04
5.495866374069194749e-04
5.495866374069194749e-04
5.495866374069194749e-04
5.495866374069194749e-04
5.495866374069194749e-04
5.495866374069194749e-04
5.495866374069194749e-04
5.495866374069194749e-04
5.495866374069194749e-04
5.495866374069194749e-04
5.495866374069194749e-04
5.495866374069194749e-04
5.495866374069194749e-04
5.495866374069194749e-04
5.495866374069194749e-04
5.495866374069194749e-04
5.495866374069194749e-04
5.495866374069194749e-04
5.495866374069194749e-04
5.495866374069194749e-04
5.476928881762965209e-04
5.476928881762965209e-04
5.476928881762965209e-04
5.476928881762965209e-04
5.476928881762965209e-04
5.476928881762965209e-04
5.476928881762965209e-04
5.476928881762965209e-04
5.476928881762965209e-04
5.476928881762965209e-04
5.476928881762965209e-04
5.476928881762965209e-04
5.476928881762965209e-04
5.476928881762965209e-04
5.476928881762965209e-04
5.476928881762965209e-04
5.476928881762965209e-04
5.476928881762965209e-04
5.476928881762965209e-04
5.476928881762965209e-04
5.456279088372946191e-04
5.456279088372946191e-04
5.456279088372946191e-04
5.456279088372946191e-04
5.456279088372946191e-04
5.456279088372946191e-04
5.456279088372946191e-04
5.456279088372946191e-04
5.456279088372946191e-04
5.456279088372946191e-04
5.456279088372946191e-04
5.456279088372946191e-04
5.456279088372946191e-04
5.456279088372946191e-04
5.456279088372946191e-04
5.456279088372946191e-04
5.456279088372946191e-04
5.456279088372946191e-04
5.456279088372946191e-04
5.456279088372946191e-04
5.439392142523582704e-04
5.439392142523582704e-04
5.439392142523582704e-04
5.439392142523582704e-04
5.439392142523582704e-04
5.439392142523582704e-04
5.439392142523582704e-04
5.439392142523582704e-04
5.439392142523582704e-04
5.439392142523582704e-04
5.439392142523582704e-04
5.439392142523582704e-04
5.439392142523582704e-04
5.439392142523582704e-04
5.439392142523582704e-04
5.439392142523582704e-04
5.439392142523582704e-04
5.439392142523582704e-04
5.439392142523582704e-04
5.439392142523582704e-04
5.418995420383735870e-04
5.418995420383735870e-04
5.418995420383735870e-04
5.418995420383735870e-04
5.418995420383735870e-04
5.418995420383735870e-04
5.418995420383735870e-04
5.418995420383735870e-04
5.418995420383735870e-04
5.418995420383735870e-04
5.418995420383735870e-04
5.418995420383735870e-04
5.418995420383735870e-04
5.418995420383735870e-04
5.418995420383735870e-04
5.418995420383735870e-04
5.418995420383735870e-04
5.418995420383735870e-04
5.418995420383735870e-04
5.418995420383735870e-04
5.399849405210090277e-04
5.399849405210090277e-04
5.399849405210090277e-04
5.399849405210090277e-04
5.399849405210090277e-04
5.399849405210090277e-04
5.399849405210090277e-04
5.399849405210090277e-04
5.399849405210090277e-04
5.399849405210090277e-04
5.399849405210090277e-04
5.399849405210090277e-04
5.399849405210090277e-04
5.399849405210090277e-04
5.399849405210090277e-04
5.399849405210090277e-04
5.399849405210090277e-04
5.399849405210090277e-04
5.399849405210090277e-04
5.399849405210090277e-04
5.381113431553573995e-04
5.381113431553573995e-04
5.381113431553573995e-04
5.381113431553573995e-04
5.381113431553573995e-04
5.381113431553573995e-04
5.381113431553573995e-04
5.381113431553573995e-04
5.381113431553573995e-04
5.381113431553573995e-04
5.381113431553573995e-04
5.381113431553573995e-04
5.381113431553573995e-04
5.381113431553573995e-04
5.381113431553573995e-04
5.381113431553573995e-04
5.381113431553573995e-04
5.381113431553573995e-04
5.381113431553573995e-04
5.381113431553573995e-04
5.361033864367799415e-04
5.361033864367799415e-04
5.361033864367799415e-04
5.361033864367799415e-04
5.361033864367799415e-04
5.361033864367799415e-04
5.361033864367799415e-04
5.361033864367799415e-04
5.361033864367799415e-04
5.361033864367799415e-04
5.361033864367799415e-04
5.361033864367799415e-04
5.361033864367799415e-04
5.361033864367799415e-04
5.361033864367799415e-04
5.361033864367799415e-04
5.361033864367799415e-04
5.361033864367799415e-04
5.361033864367799415e-04
5.361033864367799415e-04
5.344257550605973186e-04
5.344257550605973186e-04
5.344257550605973186e-04
5.344257550605973186e-04
5.344257550605973186e-04
5.344257550605973186e-04
5.344257550605973186e-04
5.344257550605973186e-04
5.344257550605973186e-04
5.344257550605973186e-04
5.344257550605973186e-04
5.344257550605973186e-04
5.344257550605973186e-04
5.344257550605973186e-04
5.344257550605973186e-04
5.344257550605973186e-04
5.344257550605973186e-04
5.344257550605973186e-04
5.344257550605973186e-04
5.344257550605973186e-04
5.324122020915834962e-04
5.324122020915834962e-04
5.324122020915834962e-04
5.324122020915834962e-04
5.324122020915834962e-04
5.324122020915834962e-04
5.324122020915834962e-04
5.324122020915834962e-04
5.324122020915834962e-04
5.324122020915834962e-04
5.324122020915834962e-04
5.324122020915834962e-04
5.324122020915834962e-04
5.324122020915834962e-04
5.324122020915834962e-04
5.324122020915834962e-04
5.324122020915834962e-04
5.324122020915834962e-04
5.324122020915834962e-04
5.324122020915834962e-04
5.306257558228916421e-04
5.306257558228916421e-04
5.306257558228916421e-04
5.306257558228916421e-04
5.306257558228916421e-04
5.306257558228916421e-04
5.306257558228916421e-04
5.306257558228916421e-04
5.306257558228916421e-04
5.306257558228916421e-04
5.306257558228916421e-04
5.306257558228916421e-04
5.306257558228916421e-04
5.306257558228916421e-04
5.306257558228916421e-04
5.306257558228916421e-04
5.306257558228916421e-04
5.306257558228916421e-04
5.306257558228916421e-04
5.306257558228916421e-04
5.288473084213526259e-04
5.288473084213526259e-04
5.288473084213526259e-04
5.288473084213526259e-04
5.288473084213526259e-04
5.288473084213526259e-04
5.288473084213526259e-04
5.288473084213526259e-04
5.288473084213526259e-04
5.288473084213526259e-04
5.288473084213526259e-04
5.288473084213526259e-04
5.288473084213526259e-04
5.288473084213526259e-04
5.288473084213526259e-04
5.288473084213526259e-04
5.288473084213526259e-04
5.288473084213526259e-04
5.288473084213526259e-04
5.288473084213526259e-04
5.273604916689581977e-04
5.273604916689581977e-04
5.273604916689581977e-04
5.273604916689581977e-04
5.273604916689581977e-04
5.273604916689581977e-04
5.273604916689581977e-04
5.273604916689581977e-04
5.273604916689581977e-04
5.273604916689581977e-04
5.273604916689581977e-04
5.273604916689581977e-04
5.273604916689581977e-04
5.273604916689581977e-04
5.273604916689581977e-04
5.273604916689581977e-04
5.273604916689581977e-04
5.273604916689581977e-04
5.273604916689581977e-04
5.273604916689581977e-04
5.258549572873026743e-04
5.258549572873026743e-04
5.258549572873026743e-04
5.258549572873026743e-04
5.258549572873026743e-04
5.258549572873026743e-04
5.258549572873026743e-04
5.258549572873026743e-04
5.258549572873026743e-04
5.258549572873026743e-04
5.258549572873026743e-04
5.258549572873026743e-04
5.258549572873026743e-04
5.258549572873026743e-04
5.258549572873026743e-04
5.258549572873026743e-04
5.258549572873026743e-04
5.258549572873026743e-04
5.258549572873026743e-04
5.258549572873026743e-04
5.242784066565082555e-04
5.242784066565082555e-04
5.242784066565082555e-04
5.242784066565082555e-04
5.242784066565082555e-04
5.242784066565082555e-04
5.242784066565082555e-04
5.242784066565082555e-04
5.242784066565082555e-04
5.242784066565082555e-04
5.242784066565082555e-04
5.242784066565082555e-04
5.242784066565082555e-04
5.242784066565082555e-04
5.242784066565082555e-04
5.242784066565082555e-04
5.242784066565082555e-04
5.242784066565082555e-04
5.242784066565082555e-04
5.242784066565082555e-04
5.225458761897367778e-04
5.225458761897367778e-04
5.225458761897367778e-04
5.225458761897367778e-04
5.225458761897367778e-04
5.225458761897367778e-04
5.225458761897367778e-04
5.225458761897367778e-04
5.225458761897367778e-04
5.225458761897367778e-04
5.225458761897367778e-04
5.225458761897367778e-04
5.225458761897367778e-04
5.225458761897367778e-04
5.225458761897367778e-04
5.225458761897367778e-04
5.225458761897367778e-04
5.225458761897367778e-04
5.225458761897367778e-04
5.225458761897367778e-04
5.208440542681065178e-04
5.208440542681065178e-04
5.208440542681065178e-04
5.208440542681065178e-04
5.208440542681065178e-04
5.208440542681065178e-04
5.208440542681065178e-04
5.208440542681065178e-04
5.208440542681065178e-04
5.208440542681065178e-04
5.208440542681065178e-04
5.208440542681065178e-04
5.208440542681065178e-04
5.208440542681065178e-04
5.208440542681065178e-04
5.208440542681065178e-04
5.208440542681065178e-04
5.208440542681065178e-04
5.208440542681065178e-04
5.208440542681065178e-04
5.193157280539065614e-04
5.193157280539065614e-04
5.193157280539065614e-04
5.193157280539065614e-04
5.193157280539065614e-04
5.193157280539065614e-04
5.193157280539065614e-04
5.193157280539065614e-04
5.193157280539065614e-04
5.193157280539065614e-04
5.193157280539065614e-04
5.193157280539065614e-04
5.193157280539065614e-04
5.193157280539065614e-04
5.193157280539065614e-04
5.193157280539065614e-04
5.193157280539065614e-04
5.193157280539065614e-04
5.193157280539065614e-04
5.193157280539065614e-04
5.176608509651408827e-04
5.176608509651408827e-04
5.176608509651408827e-04
5.176608509651408827e-04
5.176608509651408827e-04
5.176608509651408827e-04
5.176608509651408827e-04
5.176608509651408827e-04
5.176608509651408827e-04
5.176608509651408827e-04
5.176608509651408827e-04
5.176608509651408827e-04
5.176608509651408827e-04
5.176608509651408827e-04
5.176608509651408827e-04
5.176608509651408827e-04
5.176608509651408827e-04
5.176608509651408827e-04
5.176608509651408827e-04
5.176608509651408827e-04
5.160031347721905992e-04
5.160031347721905992e-04
5.160031347721905992e-04
5.160031347721905992e-04
5.160031347721905992e-04
5.160031347721905992e-04
5.160031347721905992e-04
5.160031347721905992e-04
5.160031347721905992e-04
5.160031347721905992e-04
5.160031347721905992e-04
5.160031347721905992e-04
5.160031347721905992e-04
5.160031347721905992e-04
5.160031347721905992e-04
5.160031347721905992e-04
5.160031347721905992e-04
5.160031347721905992e-04
5.160031347721905992e-04
5.160031347721905992e-04
5.145709274301819153e-04
5.145709274301819153e-04
5.145709274301819153e-04
5.145709274301819153e-04
5.145709274301819153e-04
5.145709274301819153e-04
5.145709274301819153e-04
5.145709274301819153e-04
5.145709274301819153e-04
5.145709274301819153e-04
5.145709274301819153e-04
5.145709274301819153e-04
5.145709274301819153e-04
5.145709274301819153e-04
5.145709274301819153e-04
5.145709274301819153e-04
5.145709274301819153e-04
5.145709274301819153e-04
5.145709274301819153e-04
5.145709274301819153e-04
5.131088772011860050e-04
5.131088772011860050e-04
5.131088772011860050e-04
5.131088772011860050e-04
5.131088772011860050e-04
5.131088772011860050e-04
5.131088772011860050e-04
5.131088772011860050e-04
5.131088772011860050e-04
5.131088772011860050e-04
5.131088772011860050e-04
5.131088772011860050e-04
5.131088772011860050e-04
5.131088772011860050e-04
5.131088772011860050e-04
5.131088772011860050e-04
5.131088772011860050e-04
5.131088772011860050e-04
5.131088772011860050e-04
5.131088772011860050e-04
5.117272581037307861e-04
5.117272581037307861e-04
5.117272581037307861e-04
5.117272581037307861e-04
5.117272581037307861e-04
5.117272581037307861e-04
5.117272581037307861e-04
5.117272581037307861e-04
5.117272581037307861e-04
5.117272581037307861e-04
5.117272581037307861e-04
5.117272581037307861e-04
5.117272581037307861e-04
5.117272581037307861e-04
5.117272581037307861e-04
5.117272581037307861e-04
5.117272581037307861e-04
5.117272581037307861e-04
5.117272581037307861e-04
5.117272581037307861e-04
5.101488207802241503e-04
5.101488207802241503e-04
5.101488207802241503e-04
5.101488207802241503e-04
5.101488207802241503e-04
5.101488207802241503e-04
5.101488207802241503e-04
5.101488207802241503e-04
5.101488207802241503e-04
5.101488207802241503e-04
5.101488207802241503e-04
5.101488207802241503e-04
5.101488207802241503e-04
5.101488207802241503e-04
5.101488207802241503e-04
5.101488207802241503e-04
5.101488207802241503e-04
5.101488207802241503e-04
5.101488207802241503e-04
5.101488207802241503e-04
5.088087776452429297e-04
5.088087776452429297e-04
5.088087776452429297e-04
5.088087776452429297e-04
5.088087776452429297e-04
5.088087776452429297e-04
5.088087776452429297e-04
5.088087776452429297e-04
5.088087776452429297e-04
5.088087776452429297e-04
5.088087776452429297e-04
5.088087776452429297e-04
5.088087776452429297e-04
5.088087776452429297e-04
5.088087776452429297e-04
5.088087776452429297e-04
5.088087776452429297e-04
5.088087776452429297e-04
5.088087776452429297e-04
5.088087776452429297e-04
5.075084437008002157e-04
5.075084437008002157e-04
5.075084437008002157e-04
5.075084437008002157e-04
5.075084437008002157e-04
5.075084437008002157e-04
5.075084437008002157e-04
5.075084437008002157e-04
5.075084437008002157e-04
5.075084437008002157e-04
5.075084437008002157e-04
5.075084437008002157e-04
5.075084437008002157e-04
5.075084437008002157e-04
5.075084437008002157e-04
5.075084437008002157e-04
5.075084437008002157e-04
5.075084437008002157e-04
5.075084437008002157e-04
5.075084437008002157e-04
5.063408975040721268e-04
5.063408975040721268e-04
5.063408975040721268e-04
5.063408975040721268e-04
5.063408975040721268e-04
5.063408975040721268e-04
5.063408975040721268e-04
5.063408975040721268e-04
5.063408975040721268e-04
5.063408975040721268e-04
5.063408975040721268e-04
5.063408975040721268e-04
5.063408975040721268e-04
5.063408975040721268e-04
5.063408975040721268e-04
5.063408975040721268e-04
5.063408975040721268e-04
5.063408975040721268e-04
5.063408975040721268e-04
5.063408975040721268e-04
5.052112651543020369e-04
5.052112651543020369e-04
5.052112651543020369e-04
5.052112651543020369e-04
5.052112651543020369e-04
5.052112651543020369e-04
5.052112651543020369e-04
5.052112651543020369e-04
5.052112651543020369e-04
5.052112651543020369e-04
5.052112651543020369e-04
5.052112651543020369e-04
5.052112651543020369e-04
5.052112651543020369e-04
5.052112651543020369e-04
5.052112651543020369e-04
5.052112651543020369e-04
5.052112651543020369e-04
5.052112651543020369e-04
5.052112651543020369e-04
5.039814787042767646e-04
5.039814787042767646e-04
5.039814787042767646e-04
5.039814787042767646e-04
5.039814787042767646e-04
5.039814787042767646e-04
5.039814787042767646e-04
5.039814787042767646e-04
5.039814787042767646e-04
5.039814787042767646e-04
5.039814787042767646e-04
5.039814787042767646e-04
5.039814787042767646e-04
5.039814787042767646e-04
5.039814787042767646e-04
5.039814787042767646e-04
5.039814787042767646e-04
5.039814787042767646e-04
5.039814787042767646e-04
5.039814787042767646e-04
5.026913869255869366e-04
5.026913869255869366e-04
5.026913869255869366e-04
5.026913869255869366e-04
5.026913869255869366e-04
5.026913869255869366e-04
5.026913869255869366e-04
5.026913869255869366e-04
5.026913869255869366e-04
5.026913869255869366e-04
5.026913869255869366e-04
5.026913869255869366e-04
5.026913869255869366e-04
5.026913869255869366e-04
5.026913869255869366e-04
5.026913869255869366e-04
5.026913869255869366e-04
5.026913869255869366e-04
5.026913869255869366e-04
5.026913869255869366e-04
5.016504577806374767e-04
5.016504577806374767e-04
5.016504577806374767e-04
5.016504577806374767e-04
5.016504577806374767e-04
5.016504577806374767e-04
5.016504577806374767e-04
5.016504577806374767e-04
5.016504577806374767e-04
5.016504577806374767e-04
5.016504577806374767e-04
5.016504577806374767e-04
5.016504577806374767e-04
5.016504577806374767e-04
5.016504577806374767e-04
5.016504577806374767e-04
5.016504577806374767e-04
5.016504577806374767e-04
5.016504577806374767e-04
5.016504577806374767e-04
5.007691877165021486e-04
5.007691877165021486e-04
5.007691877165021486e-04
5.007691877165021486e-04
5.007691877165021486e-04
5.007691877165021486e-04
5.007691877165021486e-04
5.007691877165021486e-04
5.007691877165021486e-04
5.007691877165021486e-04
5.007691877165021486e-04
5.007691877165021486e-04
5.007691877165021486e-04
5.007691877165021486e-04
5.007691877165021486e-04
5.007691877165021486e-04
5.007691877165021486e-04
5.007691877165021486e-04
5.007691877165021486e-04
5.007691877165021486e-04
4.997603317815096273e-04
4.997603317815096273e-04
4.997603317815096273e-04
4.997603317815096273e-04
4.997603317815096273e-04
4.997603317815096273e-04
4.997603317815096273e-04
4.997603317815096273e-04
4.997603317815096273e-04
4.997603317815096273e-04
4.997603317815096273e-04
4.997603317815096273e-04
4.997603317815096273e-04
4.997603317815096273e-04
4.997603317815096273e-04
4.997603317815096273e-04
4.997603317815096273e-04
4.997603317815096273e-04
4.997603317815096273e-04
4.997603317815096273e-04
4.987853604415227278e-04
4.987853604415227278e-04
4.987853604415227278e-04
4.987853604415227278e-04
4.987853604415227278e-04
4.987853604415227278e-04
4.987853604415227278e-04
4.987853604415227278e-04
4.987853604415227278e-04
4.987853604415227278e-04
4.987853604415227278e-04
4.987853604415227278e-04
4.987853604415227278e-04
4.987853604415227278e-04
4.987853604415227278e-04
4.987853604415227278e-04
4.987853604415227278e-04
4.987853604415227278e-04
4.987853604415227278e-04
4.987853604415227278e-04
4.976023643949120147e-04
4.976023643949120147e-04
4.976023643949120147e-04
4.976023643949120147e-04
4.976023643949120147e-04
4.976023643949120147e-04
4.976023643949120147e-04
4.976023643949120147e-04
4.976023643949120147e-04
4.976023643949120147e-04
4.976023643949120147e-04
4.976023643949120147e-04
4.976023643949120147e-04
4.976023643949120147e-04
4.976023643949120147e-04
4.976023643949120147e-04
4.976023643949120147e-04
4.976023643949120147e-04
4.976023643949120147e-04
4.976023643949120147e-04
4.964723659219718406e-04
4.964723659219718406e-04
4.964723659219718406e-04
4.964723659219718406e-04
4.964723659219718406e-04
4.964723659219718406e-04
4.964723659219718406e-04
4.964723659219718406e-04
4.964723659219718406e-04
4.964723659219718406e-04
4.964723659219718406e-04
4.964723659219718406e-04
4.964723659219718406e-04
4.964723659219718406e-04
4.964723659219718406e-04
4.964723659219718406e-04
4.964723659219718406e-04
4.964723659219718406e-04
4.964723659219718406e-04
4.964723659219718406e-04
4.953271764091968709e-04
4.953271764091968709e-04
4.953271764091968709e-04
4.953271764091968709e-04
4.953271764091968709e-04
4.953271764091968709e-04
4.953271764091968709e-04
4.953271764091968709e-04
4.953271764091968709e-04
4.953271764091968709e-04
4.953271764091968709e-04
4.953271764091968709e-04
4.953271764091968709e-04
4.953271764091968709e-04
4.953271764091968709e-04
4.953271764091968709e-04
4.953271764091968709e-04
4.953271764091968709e-04
4.953271764091968709e-04
4.953271764091968709e-04
4.942199427055616765e-04
4.942199427055616765e-04
4.942199427055616765e-04
4.942199427055616765e-04
4.942199427055616765e-04
4.942199427055616765e-04
4.942199427055616765e-04
4.942199427055616765e-04
4.942199427055616765e-04
4.942199427055616765e-04
4.942199427055616765e-04
4.942199427055616765e-04
4.942199427055616765e-04
4.942199427055616765e-04
4.942199427055616765e-04
4.942199427055616765e-04
4.942199427055616765e-04
4.942199427055616765e-04
4.942199427055616765e-04
4.942199427055616765e-04
4.930087748950279930e-04
4.930087748950279930e-04
4.930087748950279930e-04
4.930087748950279930e-04
4.930087748950279930e-04
4.930087748950279930e-04
4.930087748950279930e-04
4.930087748950279930e-04
4.930087748950279930e-04
4.930087748950279930e-04
4.930087748950279930e-04
4.930087748950279930e-04
4.930087748950279930e-04
4.930087748950279930e-04
4.930087748950279930e-04
4.930087748950279930e-04
4.930087748950279930e-04
4.930087748950279930e-04
4.930087748950279930e-04
4.930087748950279930e-04
4.917657983572670333e-04
4.917657983572670333e-04
4.917657983572670333e-04
4.917657983572670333e-04
4.917657983572670333e-04
4.917657983572670333e-04
4.917657983572670333e-04
4.917657983572670333e-04
4.917657983572670333e-04
4.917657983572670333e-04
4.917657983572670333e-04
4.917657983572670333e-04
4.917657983572670333e-04
4.917657983572670333e-04
4.917657983572670333e-04
4.917657983572670333e-04
4.917657983572670333e-04
4.917657983572670333e-04
4.917657983572670333e-04
4.917657983572670333e-04
4.908544347612338364e-04
4.908544347612338364e-04
4.908544347612338364e-04
4.908544347612338364e-04
4.908544347612338364e-04
4.908544347612338364e-04
4.908544347612338364e-04
4.908544347612338364e-04
4.908544347612338364e-04
4.908544347612338364e-04
4.908544347612338364e-04
4.908544347612338364e-04
4.908544347612338364e-04
4.908544347612338364e-04
4.908544347612338364e-04
4.908544347612338364e-04
4.908544347612338364e-04
4.908544347612338364e-04
4.908544347612338364e-04
4.908544347612338364e-04
4.900442394796904449e-04
4.900442394796904449e-04
4.900442394796904449e-04
4.900442394796904449e-04
4.900442394796904449e-04
4.900442394796904449e-04
4.900442394796904449e-04
4.900442394796904449e-04
4.900442394796904449e-04
4.900442394796904449e-04
4.900442394796904449e-04
4.900442394796904449e-04
4.900442394796904449e-04
4.900442394796904449e-04
4.900442394796904449e-04
4.900442394796904449e-04
4.900442394796904449e-04
4.900442394796904449e-04
4.900442394796904449e-04
4.900442394796904449e-04
4.892174375055501415e-04
4.892174375055501415e-04
4.892174375055501415e-04
4.892174375055501415e-04
4.892174375055501415e-04
4.892174375055501415e-04
4.892174375055501415e-04
4.892174375055501415e-04
4.892174375055501415e-04
4.892174375055501415e-04
4.892174375055501415e-04
4.892174375055501415e-04
4.892174375055501415e-04
4.892174375055501415e-04
4.892174375055501415e-04
4.892174375055501415e-04
4.892174375055501415e-04
4.892174375055501415e-04
4.892174375055501415e-04
4.892174375055501415e-04
4.883935268441284882e-04
4.883935268441284882e-04
4.883935268441284882e-04
4.883935268441284882e-04
4.883935268441284882e-04
4.883935268441284882e-04
4.883935268441284882e-04
4.883935268441284882e-04
4.883935268441284882e-04
4.883935268441284882e-04
4.883935268441284882e-04
4.883935268441284882e-04
4.883935268441284882e-04
4.883935268441284882e-04
4.883935268441284882e-04
4.883935268441284882e-04
4.883935268441284882e-04
4.883935268441284882e-04
4.883935268441284882e-04
4.883935268441284882e-04
4.875294333848197311e-04
4.875294333848197311e-04
4.875294333848197311e-04
4.875294333848197311e-04
4.875294333848197311e-04
4.875294333848197311e-04
4.875294333848197311e-04
4.875294333848197311e-04
4.875294333848197311e-04
4.875294333848197311e-04
4.875294333848197311e-04
4.875294333848197311e-04
4.875294333848197311e-04
4.875294333848197311e-04
4.875294333848197311e-04
4.875294333848197311e-04
4.875294333848197311e-04
4.875294333848197311e-04
4.875294333848197311e-04
4.875294333848197311e-04
4.866509486344796015e-04
4.866509486344796015e-04
4.866509486344796015e-04
4.866509486344796015e-04
4.866509486344796015e-04
4.866509486344796015e-04
4.866509486344796015e-04
4.866509486344796015e-04
4.866509486344796015e-04
4.866509486344796015e-04
4.866509486344796015e-04
4.866509486344796015e-04
4.866509486344796015e-04
4.866509486344796015e-04
4.866509486344796015e-04
4.866509486344796015e-04
4.866509486344796015e-04
4.866509486344796015e-04
4.866509486344796015e-04
4.866509486344796015e-04
4.859313290169844403e-04
4.859313290169844403e-04
4.859313290169844403e-04
4.859313290169844403e-04
4.859313290169844403e-04
4.859313290169844403e-04
4.859313290169844403e-04
4.859313290169844403e-04
4.859313290169844403e-04
4.859313290169844403e-04
4.859313290169844403e-04
4.859313290169844403e-04
4.859313290169844403e-04
4.859313290169844403e-04
4.859313290169844403e-04
4.859313290169844403e-04
4.859313290169844403e-04
4.859313290169844403e-04
4.859313290169844403e-04
4.859313290169844403e-04
4.851670120846686050e-04
4.851670120846686050e-04
4.851670120846686050e-04
4.851670120846686050e-04
4.851670120846686050e-04
4.851670120846686050e-04
4.851670120846686050e-04
4.851670120846686050e-04
4.851670120846686050e-04
4.851670120846686050e-04
4.851670120846686050e-04
4.851670120846686050e-04
4.851670120846686050e-04
4.851670120846686050e-04
4.851670120846686050e-04
4.851670120846686050e-04
4.851670120846686050e-04
4.851670120846686050e-04
4.851670120846686050e-04
4.851670120846686050e-04
4.844177162906344522e-04
4.844177162906344522e-04
4.844177162906344522e-04
4.844177162906344522e-04
4.844177162906344522e-04
4.844177162906344522e-04
4.844177162906344522e-04
4.844177162906344522e-04
4.844177162906344522e-04
4.844177162906344522e-04
4.844177162906344522e-04
4.844177162906344522e-04
4.844177162906344522e-04
4.844177162906344522e-04
4.844177162906344522e-04
4.844177162906344522e-04
4.844177162906344522e-04
4.844177162906344522e-04
4.844177162906344522e-04
4.844177162906344522e-04
4.836624918724670105e-04
4.836624918724670105e-04
4.836624918724670105e-04
4.836624918724670105e-04
4.836624918724670105e-04
4.836624918724670105e-04
4.836624918724670105e-04
4.836624918724670105e-04
4.836624918724670105e-04
4.836624918724670105e-04
4.836624918724670105e-04
4.836624918724670105e-04
4.836624918724670105e-04
4.836624918724670105e-04
4.836624918724670105e-04
4.836624918724670105e-04
4.836624918724670105e-04
4.836624918724670105e-04
4.836624918724670105e-04
4.836624918724670105e-04
4.828217231647463788e-04
4.828217231647463788e-04
4.828217231647463788e-04
4.828217231647463788e-04
4.828217231647463788e-04
4.828217231647463788e-04
4.828217231647463788e-04
4.828217231647463788e-04
4.828217231647463788e-04
4.828217231647463788e-04
4.828217231647463788e-04
4.828217231647463788e-04
4.828217231647463788e-04
4.828217231647463788e-04
4.828217231647463788e-04
4.828217231647463788e-04
4.828217231647463788e-04
4.828217231647463788e-04
4.828217231647463788e-04
4.828217231647463788e-04
4.818932201268649263e-04
4.818932201268649263e-04
4.818932201268649263e-04
4.818932201268649263e-04
4.818932201268649263e-04
4.818932201268649263e-04
4.818932201268649263e-04
4.818932201268649263e-04
4.818932201268649263e-04
4.818932201268649263e-04
4.818932201268649263e-04
4.818932201268649263e-04
4.818932201268649263e-04
4.818932201268649263e-04
4.818932201268649263e-04
4.818932201268649263e-04
4.818932201268649263e-04
4.818932201268649263e-04
4.818932201268649263e-04
4.818932201268649263e-04
4.809447734673667828e-04
4.809447734673667828e-04
4.809447734673667828e-04
4.809447734673667828e-04
4.809447734673667828e-04
4.809447734673667828e-04
4.809447734673667828e-04
4.809447734673667828e-04
4.809447734673667828e-04
4.809447734673667828e-04
4.809447734673667828e-04
4.809447734673667828e-04
4.809447734673667828e-04
4.809447734673667828e-04
4.809447734673667828e-04
4.809447734673667828e-04
4.809447734673667828e-04
4.809447734673667828e-04
4.809447734673667828e-04
4.809447734673667828e-04
4.799592936972659602e-04
4.799592936972659602e-04
4.799592936972659602e-04
4.799592936972659602e-04
4.799592936972659602e-04
4.799592936972659602e-04
4.799592936972659602e-04
4.799592936972659602e-04
4.799592936972659602e-04
4.799592936972659602e-04
4.799592936972659602e-04
4.799592936972659602e-04
4.799592936972659602e-04
4.799592936972659602e-04
4.799592936972659602e-04
4.799592936972659602e-04
4.799592936972659602e-04
4.799592936972659602e-04
4.799592936972659602e-04
4.799592936972659602e-04
4.789893606680404952e-04
4.789893606680404952e-04
4.789893606680404952e-04
4.789893606680404952e-04
4.789893606680404952e-04
4.789893606680404952e-04
4.789893606680404952e-04
4.789893606680404952e-04
4.789893606680404952e-04
4.789893606680404952e-04
4.789893606680404952e-04
4.789893606680404952e-04
4.789893606680404952e-04
4.789893606680404952e-04
4.789893606680404952e-04
4.789893606680404952e-04
4.789893606680404952e-04
4.789893606680404952e-04
4.789893606680404952e-04
4.789893606680404952e-04
4.779983769211824029e-04
4.779983769211824029e-04
4.779983769211824029e-04
4.779983769211824029e-04
4.779983769211824029e-04
4.779983769211824029e-04
4.779983769211824029e-04
4.779983769211824029e-04
4.779983769211824029e-04
4.779983769211824029e-04
4.779983769211824029e-04
4.779983769211824029e-04
4.779983769211824029e-04
4.779983769211824029e-04
4.779983769211824029e-04
4.779983769211824029e-04
4.779983769211824029e-04
4.779983769211824029e-04
4.779983769211824029e-04
4.779983769211824029e-04
4.770771774366390169e-04
4.770771774366390169e-04
4.770771774366390169e-04
4.770771774366390169e-04
4.770771774366390169e-04
4.770771774366390169e-04
4.770771774366390169e-04
4.770771774366390169e-04
4.770771774366390169e-04
4.770771774366390169e-04
4.770771774366390169e-04
4.770771774366390169e-04
4.770771774366390169e-04
4.770771774366390169e-04
4.770771774366390169e-04
4.770771774366390169e-04
4.770771774366390169e-04
4.770771774366390169e-04
4.770771774366390169e-04
4.770771774366390169e-04
4.759748722093714527e-04
4.759748722093714527e-04
4.759748722093714527e-04
4.759748722093714527e-04
4.759748722093714527e-04
4.759748722093714527e-04
4.759748722093714527e-04
4.759748722093714527e-04
4.759748722093714527e-04
4.759748722093714527e-04
4.759748722093714527e-04
4.759748722093714527e-04
4.759748722093714527e-04
4.759748722093714527e-04
4.759748722093714527e-04
4.759748722093714527e-04
4.759748722093714527e-04
4.759748722093714527e-04
4.759748722093714527e-04
4.759748722093714527e-04
4.748890627011247145e-04
4.748890627011247145e-04
4.748890627011247145e-04
4.748890627011247145e-04
4.748890627011247145e-04
4.748890627011247145e-04
4.748890627011247145e-04
4.748890627011247145e-04
4.748890627011247145e-04
4.748890627011247145e-04
4.748890627011247145e-04
4.748890627011247145e-04
4.748890627011247145e-04
4.748890627011247145e-04
4.748890627011247145e-04
4.748890627011247145e-04
4.748890627011247145e-04
4.748890627011247145e-04
4.748890627011247145e-04
4.748890627011247145e-04
4.738108363453474338e-04
4.738108363453474338e-04
4.738108363453474338e-04
4.738108363453474338e-04
4.738108363453474338e-04
4.738108363453474338e-04
4.738108363453474338e-04
4.738108363453474338e-04
4.738108363453474338e-04
4.738108363453474338e-04
4.738108363453474338e-04
4.738108363453474338e-04
4.738108363453474338e-04
4.738108363453474338e-04
4.738108363453474338e-04
4.738108363453474338e-04
4.738108363453474338e-04
4.738108363453474338e-04
4.738108363453474338e-04
4.738108363453474338e-04
4.727191358245356177e-04
4.727191358245356177e-04
4.727191358245356177e-04
4.727191358245356177e-04
4.727191358245356177e-04
4.727191358245356177e-04
4.727191358245356177e-04
4.727191358245356177e-04
4.727191358245356177e-04
4.727191358245356177e-04
4.727191358245356177e-04
4.727191358245356177e-04
4.727191358245356177e-04
4.727191358245356177e-04
4.727191358245356177e-04
4.727191358245356177e-04
4.727191358245356177e-04
4.727191358245356177e-04
4.727191358245356177e-04
4.727191358245356177e-04
4.714611013873659553e-04
4.714611013873659553e-04
4.714611013873659553e-04
4.714611013873659553e-04
4.714611013873659553e-04
4.714611013873659553e-04
4.714611013873659553e-04
4.714611013873659553e-04
4.714611013873659553e-04
4.714611013873659553e-04
4.714611013873659553e-04
4.714611013873659553e-04
4.714611013873659553e-04
4.714611013873659553e-04
4.714611013873659553e-04
4.714611013873659553e-04
4.714611013873659553e-04
4.714611013873659553e-04
4.714611013873659553e-04
4.714611013873659553e-04
4.701402082379276827e-04
4.701402082379276827e-04
4.701402082379276827e-04
4.701402082379276827e-04
4.701402082379276827e-04
4.701402082379276827e-04
4.701402082379276827e-04
4.701402082379276827e-04
4.701402082379276827e-04
4.701402082379276827e-04
4.701402082379276827e-04
4.701402082379276827e-04
4.701402082379276827e-04
4.701402082379276827e-04
4.701402082379276827e-04
4.701402082379276827e-04
4.701402082379276827e-04
4.701402082379276827e-04
4.701402082379276827e-04
4.701402082379276827e-04
4.687752514115232157e-04
4.687752514115232157e-04
4.687752514115232157e-04
4.687752514115232157e-04
4.687752514115232157e-04
4.687752514115232157e-04
4.687752514115232157e-04
4.687752514115232157e-04
4.687752514115232157e-04
4.687752514115232157e-04
4.687752514115232157e-04
4.687752514115232157e-04
4.687752514115232157e-04
4.687752514115232157e-04
4.687752514115232157e-04
4.687752514115232157e-04
4.687752514115232157e-04
4.687752514115232157e-04
4.687752514115232157e-04
4.687752514115232157e-04
4.672617161334295319e-04
4.672617161334295319e-04
4.672617161334295319e-04
4.672617161334295319e-04
4.672617161334295319e-04
4.672617161334295319e-04
4.672617161334295319e-04
4.672617161334295319e-04
4.672617161334295319e-04
4.672617161334295319e-04
4.672617161334295319e-04
4.672617161334295319e-04
4.672617161334295319e-04
4.672617161334295319e-04
4.672617161334295319e-04
4.672617161334295319e-04
4.672617161334295319e-04
4.672617161334295319e-04
4.672617161334295319e-04
4.672617161334295319e-04
4.658675439556149434e-04
4.658675439556149434e-04
4.658675439556149434e-04
4.658675439556149434e-04
4.658675439556149434e-04
4.658675439556149434e-04
4.658675439556149434e-04
4.658675439556149434e-04
4.658675439556149434e-04
4.658675439556149434e-04
4.658675439556149434e-04
4.658675439556149434e-04
4.658675439556149434e-04
4.658675439556149434e-04
4.658675439556149434e-04
4.658675439556149434e-04
4.658675439556149434e-04
4.658675439556149434e-04
4.658675439556149434e-04
4.658675439556149434e-04
4.645702843121240610e-04
4.645702843121240610e-04
4.645702843121240610e-04
4.645702843121240610e-04
4.645702843121240610e-04
4.645702843121240610e-04
4.645702843121240610e-04
4.645702843121240610e-04
4.645702843121240610e-04
4.645702843121240610e-04
4.645702843121240610e-04
4.645702843121240610e-04
4.645702843121240610e-04
4.645702843121240610e-04
4.645702843121240610e-04
4.645702843121240610e-04
4.645702843121240610e-04
4.645702843121240610e-04
4.645702843121240610e-04
4.645702843121240610e-04
4.632324224098297158e-04
4.632324224098297158e-04
4.632324224098297158e-04
4.632324224098297158e-04
4.632324224098297158e-04
4.632324224098297158e-04
4.632324224098297158e-04
4.632324224098297158e-04
4.632324224098297158e-04
4.632324224098297158e-04
4.632324224098297158e-04
4.632324224098297158e-04
4.632324224098297158e-04
4.632324224098297158e-04
4.632324224098297158e-04
4.632324224098297158e-04
4.632324224098297158e-04
4.632324224098297158e-04
4.632324224098297158e-04
4.632324224098297158e-04
4.618562667118277171e-04
4.618562667118277171e-04
4.618562667118277171e-04
4.618562667118277171e-04
4.618562667118277171e-04
4.618562667118277171e-04
4.618562667118277171e-04
4.618562667118277171e-04
4.618562667118277171e-04
4.618562667118277171e-04
4.618562667118277171e-04
4.618562667118277171e-04
4.618562667118277171e-04
4.618562667118277171e-04
4.618562667118277171e-04
4.618562667118277171e-04
4.618562667118277171e-04
4.618562667118277171e-04
4.618562667118277171e-04
4.618562667118277171e-04
4.604397403595131581e-04
4.604397403595131581e-04
4.604397403595131581e-04
4.604397403595131581e-04
4.604397403595131581e-04
4.604397403595131581e-04
4.604397403595131581e-04
4.604397403595131581e-04
4.604397403595131581e-04
4.604397403595131581e-04
4.604397403595131581e-04
4.604397403595131581e-04
4.604397403595131581e-04
4.604397403595131581e-04
4.604397403595131581e-04
4.604397403595131581e-04
4.604397403595131581e-04
4.604397403595131581e-04
4.604397403595131581e-04
4.604397403595131581e-04
4.590935588455534824e-04
4.590935588455534824e-04
4.590935588455534824e-04
4.590935588455534824e-04
4.590935588455534824e-04
4.590935588455534824e-04
4.590935588455534824e-04
4.590935588455534824e-04
4.590935588455534824e-04
4.590935588455534824e-04
4.590935588455534824e-04
4.590935588455534824e-04
4.590935588455534824e-04
4.590935588455534824e-04
4.590935588455534824e-04
4.590935588455534824e-04
4.590935588455534824e-04
4.590935588455534824e-04
4.590935588455534824e-04
4.590935588455534824e-04
4.578031487230574772e-04
4.578031487230574772e-04
4.578031487230574772e-04
4.578031487230574772e-04
4.578031487230574772e-04
4.578031487230574772e-04
4.578031487230574772e-04
4.578031487230574772e-04
4.578031487230574772e-04
4.578031487230574772e-04
4.578031487230574772e-04
4.578031487230574772e-04
4.578031487230574772e-04
4.578031487230574772e-04
4.578031487230574772e-04
4.578031487230574772e-04
4.578031487230574772e-04
4.578031487230574772e-04
4.578031487230574772e-04
4.578031487230574772e-04
4.565936520665867990e-04
4.565936520665867990e-04
4.565936520665867990e-04
4.565936520665867990e-04
4.565936520665867990e-04
4.565936520665867990e-04
4.565936520665867990e-04
4.565936520665867990e-04
4.565936520665867990e-04
4.565936520665867990e-04
4.565936520665867990e-04
4.565936520665867990e-04
4.565936520665867990e-04
4.565936520665867990e-04
4.565936520665867990e-04
4.565936520665867990e-04
4.565936520665867990e-04
4.565936520665867990e-04
4.565936520665867990e-04
4.565936520665867990e-04
4.552302947772766885e-04
4.552302947772766885e-04
4.552302947772766885e-04
4.552302947772766885e-04
4.552302947772766885e-04
4.552302947772766885e-04
4.552302947772766885e-04
4.552302947772766885e-04
4.552302947772766885e-04
4.552302947772766885e-04
4.552302947772766885e-04
4.552302947772766885e-04
4.552302947772766885e-04
4.552302947772766885e-04
4.552302947772766885e-04
4.552302947772766885e-04
4.552302947772766885e-04
4.552302947772766885e-04
4.552302947772766885e-04
4.552302947772766885e-04
4.538889322526035663e-04
4.538889322526035663e-04
4.538889322526035663e-04
4.538889322526035663e-04
4.538889322526035663e-04
4.538889322526035663e-04
4.538889322526035663e-04
4.538889322526035663e-04
4.538889322526035663e-04
4.538889322526035663e-04
4.538889322526035663e-04
4.538889322526035663e-04
4.538889322526035663e-04
4.538889322526035663e-04
4.538889322526035663e-04
4.538889322526035663e-04
4.538889322526035663e-04
4.538889322526035663e-04
4.538889322526035663e-04
4.538889322526035663e-04
4.524267174677824724e-04
4.524267174677824724e-04
4.524267174677824724e-04
4.524267174677824724e-04
4.524267174677824724e-04
4.524267174677824724e-04
4.524267174677824724e-04
4.524267174677824724e-04
4.524267174677824724e-04
4.524267174677824724e-04
4.524267174677824724e-04
4.524267174677824724e-04
4.524267174677824724e-04
4.524267174677824724e-04
4.524267174677824724e-04
4.524267174677824724e-04
4.524267174677824724e-04
4.524267174677824724e-04
4.524267174677824724e-04
4.524267174677824724e-04
4.511876830711421043e-04
4.511876830711421043e-04
4.511876830711421043e-04
4.511876830711421043e-04
4.511876830711421043e-04
4.511876830711421043e-04
4.511876830711421043e-04
4.511876830711421043e-04
4.511876830711421043e-04
4.511876830711421043e-04
4.511876830711421043e-04
4.511876830711421043e-04
4.511876830711421043e-04
4.511876830711421043e-04
4.511876830711421043e-04
4.511876830711421043e-04
4.511876830711421043e-04
4.511876830711421043e-04
4.511876830711421043e-04
4.511876830711421043e-04
4.500473631755189780e-04
4.500473631755189780e-04
4.500473631755189780e-04
4.500473631755189780e-04
4.500473631755189780e-04
4.500473631755189780e-04
4.500473631755189780e-04
4.500473631755189780e-04
4.500473631755189780e-04
4.500473631755189780e-04
4.500473631755189780e-04
4.500473631755189780e-04
4.500473631755189780e-04
4.500473631755189780e-04
4.500473631755189780e-04
4.500473631755189780e-04
4.500473631755189780e-04
4.500473631755189780e-04
4.500473631755189780e-04
4.500473631755189780e-04
4.489302254415725819e-04
4.489302254415725819e-04
4.489302254415725819e-04
4.489302254415725819e-04
4.489302254415725819e-04
4.489302254415725819e-04
4.489302254415725819e-04
4.489302254415725819e-04
4.489302254415725819e-04
4.489302254415725819e-04
4.489302254415725819e-04
4.489302254415725819e-04
4.489302254415725819e-04
4.489302254415725819e-04
4.489302254415725819e-04
4.489302254415725819e-04
4.489302254415725819e-04
4.489302254415725819e-04
4.489302254415725819e-04
4.489302254415725819e-04
4.478582779669561817e-04
4.478582779669561817e-04
4.478582779669561817e-04
4.478582779669561817e-04
4.478582779669561817e-04
4.478582779669561817e-04
4.478582779669561817e-04
4.478582779669561817e-04
4.478582779669561817e-04
4.478582779669561817e-04
4.478582779669561817e-04
4.478582779669561817e-04
4.478582779669561817e-04
4.478582779669561817e-04
4.478582779669561817e-04
4.478582779669561817e-04
4.478582779669561817e-04
4.478582779669561817e-04
4.478582779669561817e-04
4.478582779669561817e-04
4.469548148086975679e-04
4.469548148086975679e-04
4.469548148086975679e-04
4.469548148086975679e-04
4.469548148086975679e-04
4.469548148086975679e-04
4.469548148086975679e-04
4.469548148086975679e-04
4.469548148086975679e-04
4.469548148086975679e-04
4.469548148086975679e-04
4.469548148086975679e-04
4.469548148086975679e-04
4.469548148086975679e-04
4.469548148086975679e-04
4.469548148086975679e-04
4.469548148086975679e-04
4.469548148086975679e-04
4.469548148086975679e-04
4.469548148086975679e-04
4.458404970944797557e-04
4.458404970944797557e-04
4.458404970944797557e-04
4.458404970944797557e-04
4.458404970944797557e-04
4.458404970944797557e-04
4.458404970944797557e-04
4.458404970944797557e-04
4.458404970944797557e-04
4.458404970944797557e-04
4.458404970944797557e-04
4.458404970944797557e-04
4.458404970944797557e-04
4.458404970944797557e-04
4.458404970944797557e-04
4.458404970944797557e-04
4.458404970944797557e-04
4.458404970944797557e-04
4.458404970944797557e-04
4.458404970944797557e-04
4.447746534297436299e-04
4.447746534297436299e-04
4.447746534297436299e-04
4.447746534297436299e-04
4.447746534297436299e-04
4.447746534297436299e-04
4.447746534297436299e-04
4.447746534297436299e-04
4.447746534297436299e-04
4.447746534297436299e-04
4.447746534297436299e-04
4.447746534297436299e-04
4.447746534297436299e-04
4.447746534297436299e-04
4.447746534297436299e-04
4.447746534297436299e-04
4.447746534297436299e-04
4.447746534297436299e-04
4.447746534297436299e-04
4.447746534297436299e-04
4.438645277165503941e-04
4.438645277165503941e-04
4.438645277165503941e-04
4.438645277165503941e-04
4.438645277165503941e-04
4.438645277165503941e-04
4.438645277165503941e-04
4.438645277165503941e-04
4.438645277165503941e-04
4.438645277165503941e-04
4.438645277165503941e-04
4.438645277165503941e-04
4.438645277165503941e-04
4.438645277165503941e-04
4.438645277165503941e-04
4.438645277165503941e-04
4.438645277165503941e-04
4.438645277165503941e-04
4.438645277165503941e-04
4.438645277165503941e-04
4.429849631326844995e-04
4.429849631326844995e-04
4.429849631326844995e-04
4.429849631326844995e-04
4.429849631326844995e-04
4.429849631326844995e-04
4.429849631326844995e-04
4.429849631326844995e-04
4.429849631326844995e-04
4.429849631326844995e-04
4.429849631326844995e-04
4.429849631326844995e-04
4.429849631326844995e-04
4.429849631326844995e-04
4.429849631326844995e-04
4.429849631326844995e-04
4.429849631326844995e-04
4.429849631326844995e-04
4.429849631326844995e-04
4.429849631326844995e-04
4.420656036428369999e-04
4.420656036428369999e-04
4.420656036428369999e-04
4.420656036428369999e-04
4.420656036428369999e-04
4.420656036428369999e-04
4.420656036428369999e-04
4.420656036428369999e-04
4.420656036428369999e-04
4.420656036428369999e-04
4.420656036428369999e-04
4.420656036428369999e-04
4.420656036428369999e-04
4.420656036428369999e-04
4.420656036428369999e-04
4.420656036428369999e-04
4.420656036428369999e-04
4.420656036428369999e-04
4.420656036428369999e-04
4.420656036428369999e-04
4.410704313083118233e-04
4.410704313083118233e-04
4.410704313083118233e-04
4.410704313083118233e-04
4.410704313083118233e-04
4.410704313083118233e-04
4.410704313083118233e-04
4.410704313083118233e-04
4.410704313083118233e-04
4.410704313083118233e-04
4.410704313083118233e-04
4.410704313083118233e-04
4.410704313083118233e-04
4.410704313083118233e-04
4.410704313083118233e-04
4.410704313083118233e-04
4.410704313083118233e-04
4.410704313083118233e-04
4.410704313083118233e-04
4.410704313083118233e-04
4.400833411540944705e-04
4.400833411540944705e-04
4.400833411540944705e-04
4.400833411540944705e-04
4.400833411540944705e-04
4.400833411540944705e-04
4.400833411540944705e-04
4.400833411540944705e-04
4.400833411540944705e-04
4.400833411540944705e-04
4.400833411540944705e-04
4.400833411540944705e-04
4.400833411540944705e-04
4.400833411540944705e-04
4.400833411540944705e-04
4.400833411540944705e-04
4.400833411540944705e-04
4.400833411540944705e-04
4.400833411540944705e-04
4.400833411540944705e-04
4.390766456661767151e-04
4.390766456661767151e-04
4.390766456661767151e-04
4.390766456661767151e-04
4.390766456661767151e-04
4.390766456661767151e-04
4.390766456661767151e-04
4.390766456661767151e-04
4.390766456661767151e-04
4.390766456661767151e-04
4.390766456661767151e-04
4.390766456661767151e-04
4.390766456661767151e-04
4.390766456661767151e-04
4.390766456661767151e-04
4.390766456661767151e-04
4.390766456661767151e-04
4.390766456661767151e-04
4.390766456661767151e-04
4.390766456661767151e-04
4.380696366184734557e-04
4.380696366184734557e-04
4.380696366184734557e-04
4.380696366184734557e-04
4.380696366184734557e-04
4.380696366184734557e-04
4.380696366184734557e-04
4.380696366184734557e-04
4.380696366184734557e-04
4.380696366184734557e-04
4.380696366184734557e-04
4.380696366184734557e-04
4.380696366184734557e-04
4.380696366184734557e-04
4.380696366184734557e-04
4.380696366184734557e-04
4.380696366184734557e-04
4.380696366184734557e-04
4.380696366184734557e-04
4.380696366184734557e-04
4.369795784387888295e-04
4.369795784387888295e-04
4.369795784387888295e-04
4.369795784387888295e-04
4.369795784387888295e-04
4.369795784387888295e-04
4.369795784387888295e-04
4.369795784387888295e-04
4.369795784387888295e-04
4.369795784387888295e-04
4.369795784387888295e-04
4.369795784387888295e-04
4.369795784387888295e-04
4.369795784387888295e-04
4.369795784387888295e-04
4.369795784387888295e-04
4.369795784387888295e-04
4.369795784387888295e-04
4.369795784387888295e-04
4.369795784387888295e-04
4.359760419513066063e-04
4.359760419513066063e-04
4.359760419513066063e-04
4.359760419513066063e-04
4.359760419513066063e-04
4.359760419513066063e-04
4.359760419513066063e-04
4.359760419513066063e-04
4.359760419513066063e-04
4.359760419513066063e-04
4.359760419513066063e-04
4.359760419513066063e-04
4.359760419513066063e-04
4.359760419513066063e-04
4.359760419513066063e-04
4.359760419513066063e-04
4.359760419513066063e-04
4.359760419513066063e-04
4.359760419513066063e-04
4.359760419513066063e-04
4.347962576166555901e-04
4.347962576166555901e-04
4.347962576166555901e-04
4.347962576166555901e-04
4.347962576166555901e-04
4.347962576166555901e-04
4.347962576166555901e-04
4.347962576166555901e-04
4.347962576166555901e-04
4.347962576166555901e-04
4.347962576166555901e-04
4.347962576166555901e-04
4.347962576166555901e-04
4.347962576166555901e-04
4.347962576166555901e-04
4.347962576166555901e-04
4.347962576166555901e-04
4.347962576166555901e-04
4.347962576166555901e-04
4.347962576166555901e-04
4.335958908591845424e-04
4.335958908591845424e-04
4.335958908591845424e-04
4.335958908591845424e-04
4.335958908591845424e-04
4.335958908591845424e-04
4.335958908591845424e-04
4.335958908591845424e-04
4.335958908591845424e-04
4.335958908591845424e-04
4.335958908591845424e-04
4.335958908591845424e-04
4.335958908591845424e-04
4.335958908591845424e-04
4.335958908591845424e-04
4.335958908591845424e-04
4.335958908591845424e-04
4.335958908591845424e-04
4.335958908591845424e-04
4.335958908591845424e-04
4.324661620363559069e-04
4.324661620363559069e-04
4.324661620363559069e-04
4.324661620363559069e-04
4.324661620363559069e-04
4.324661620363559069e-04
4.324661620363559069e-04
4.324661620363559069e-04
4.324661620363559069e-04
4.324661620363559069e-04
4.324661620363559069e-04
4.324661620363559069e-04
4.324661620363559069e-04
4.324661620363559069e-04
4.324661620363559069e-04
4.324661620363559069e-04
4.324661620363559069e-04
4.324661620363559069e-04
4.324661620363559069e-04
4.324661620363559069e-04
4.312975312557341479e-04
4.312975312557341479e-04
4.312975312557341479e-04
4.312975312557341479e-04
4.312975312557341479e-04
4.312975312557341479e-04
4.312975312557341479e-04
4.312975312557341479e-04
4.312975312557341479e-04
4.312975312557341479e-04
4.312975312557341479e-04
4.312975312557341479e-04
4.312975312557341479e-04
4.312975312557341479e-04
4.312975312557341479e-04
4.312975312557341479e-04
4.312975312557341479e-04
4.312975312557341479e-04
4.312975312557341479e-04
4.312975312557341479e-04
4.303452597537113251e-04
4.303452597537113251e-04
4.303452597537113251e-04
4.303452597537113251e-04
4.303452597537113251e-04
4.303452597537113251e-04
4.303452597537113251e-04
4.303452597537113251e-04
4.303452597537113251e-04
4.303452597537113251e-04
4.303452597537113251e-04
4.303452597537113251e-04
4.303452597537113251e-04
4.303452597537113251e-04
4.303452597537113251e-04
4.303452597537113251e-04
4.303452597537113251e-04
4.303452597537113251e-04
4.303452597537113251e-04
4.303452597537113251e-04
4.291878172163009599e-04
4.291878172163009599e-04
4.291878172163009599e-04
4.291878172163009599e-04
4.291878172163009599e-04
4.291878172163009599e-04
4.291878172163009599e-04
4.291878172163009599e-04
4.291878172163009599e-04
4.291878172163009599e-04
4.291878172163009599e-04
4.291878172163009599e-04
4.291878172163009599e-04
4.291878172163009599e-04
4.291878172163009599e-04
4.291878172163009599e-04
4.291878172163009599e-04
4.291878172163009599e-04
4.291878172163009599e-04
4.291878172163009599e-04
4.280497538393925007e-04
4.280497538393925007e-04
4.280497538393925007e-04
4.280497538393925007e-04
4.280497538393925007e-04
4.280497538393925007e-04
4.280497538393925007e-04
4.280497538393925007e-04
4.280497538393925007e-04
4.280497538393925007e-04
4.280497538393925007e-04
4.280497538393925007e-04
4.280497538393925007e-04
4.280497538393925007e-04
4.280497538393925007e-04
4.280497538393925007e-04
4.280497538393925007e-04
4.280497538393925007e-04
4.280497538393925007e-04
4.280497538393925007e-04
4.270664598094934660e-04
4.270664598094934660e-04
4.270664598094934660e-04
4.270664598094934660e-04
4.270664598094934660e-04
4.270664598094934660e-04
4.270664598094934660e-04
4.270664598094934660e-04
4.270664598094934660e-04
4.270664598094934660e-04
4.270664598094934660e-04
4.270664598094934660e-04
4.270664598094934660e-04
4.270664598094934660e-04
4.270664598094934660e-04
4.270664598094934660e-04
4.270664598094934660e-04
4.270664598094934660e-04
4.270664598094934660e-04
4.270664598094934660e-04
4.260717569070200596e-04
4.260717569070200596e-04
4.260717569070200596e-04
4.260717569070200596e-04
4.260717569070200596e-04
4.260717569070200596e-04
4.260717569070200596e-04
4.260717569070200596e-04
4.260717569070200596e-04
4.260717569070200596e-04
4.260717569070200596e-04
4.260717569070200596e-04
4.260717569070200596e-04
4.260717569070200596e-04
4.260717569070200596e-04
4.260717569070200596e-04
4.260717569070200596e-04
4.260717569070200596e-04
4.260717569070200596e-04
4.260717569070200596e-04
4.248928503868904731e-04
4.248928503868904731e-04
4.248928503868904731e-04
4.248928503868904731e-04
4.248928503868904731e-04
4.248928503868904731e-04
4.248928503868904731e-04
4.248928503868904731e-04
4.248928503868904731e-04
4.248928503868904731e-04
4.248928503868904731e-04
4.248928503868904731e-04
4.248928503868904731e-04
4.248928503868904731e-04
4.248928503868904731e-04
4.248928503868904731e-04
4.248928503868904731e-04
4.248928503868904731e-04
4.248928503868904731e-04
4.248928503868904731e-04
4.237841507812616288e-04
4.237841507812616288e-04
4.237841507812616288e-04
4.237841507812616288e-04
4.237841507812616288e-04
4.237841507812616288e-04
4.237841507812616288e-04
4.237841507812616288e-04
4.237841507812616288e-04
4.237841507812616288e-04
4.237841507812616288e-04
4.237841507812616288e-04
4.237841507812616288e-04
4.237841507812616288e-04
4.237841507812616288e-04
4.237841507812616288e-04
4.237841507812616288e-04
4.237841507812616288e-04
4.237841507812616288e-04
4.237841507812616288e-04
4.227827304287726609e-04
4.227827304287726609e-04
4.227827304287726609e-04
4.227827304287726609e-04
4.227827304287726609e-04
4.227827304287726609e-04
4.227827304287726609e-04
4.227827304287726609e-04
4.227827304287726609e-04
4.227827304287726609e-04
4.227827304287726609e-04
4.227827304287726609e-04
4.227827304287726609e-04
4.227827304287726609e-04
4.227827304287726609e-04
4.227827304287726609e-04
4.227827304287726609e-04
4.227827304287726609e-04
4.227827304287726609e-04
4.227827304287726609e-04
4.218309515044311726e-04
4.218309515044311726e-04
4.218309515044311726e-04
4.218309515044311726e-04
4.218309515044311726e-04
4.218309515044311726e-04
4.218309515044311726e-04
4.218309515044311726e-04
4.218309515044311726e-04
4.218309515044311726e-04
4.218309515044311726e-04
4.218309515044311726e-04
4.218309515044311726e-04
4.218309515044311726e-04
4.218309515044311726e-04
4.218309515044311726e-04
4.218309515044311726e-04
4.218309515044311726e-04
4.218309515044311726e-04
4.218309515044311726e-04
4.208010350770786099e-04
4.208010350770786099e-04
4.208010350770786099e-04
4.208010350770786099e-04
4.208010350770786099e-04
4.208010350770786099e-04
4.208010350770786099e-04
4.208010350770786099e-04
4.208010350770786099e-04
4.208010350770786099e-04
4.208010350770786099e-04
4.208010350770786099e-04
4.208010350770786099e-04
4.208010350770786099e-04
4.208010350770786099e-04
4.208010350770786099e-04
4.208010350770786099e-04
4.208010350770786099e-04
4.208010350770786099e-04
4.208010350770786099e-04
4.198542291409865083e-04
4.198542291409865083e-04
4.198542291409865083e-04
4.198542291409865083e-04
4.198542291409865083e-04
4.198542291409865083e-04
4.198542291409865083e-04
4.198542291409865083e-04
4.198542291409865083e-04
4.198542291409865083e-04
4.198542291409865083e-04
4.198542291409865083e-04
4.198542291409865083e-04
4.198542291409865083e-04
4.198542291409865083e-04
4.198542291409865083e-04
4.198542291409865083e-04
4.198542291409865083e-04
4.198542291409865083e-04
4.198542291409865083e-04
4.188602640442049148e-04
4.188602640442049148e-04
4.188602640442049148e-04
4.188602640442049148e-04
4.188602640442049148e-04
4.188602640442049148e-04
4.188602640442049148e-04
4.188602640442049148e-04
4.188602640442049148e-04
4.188602640442049148e-04
4.188602640442049148e-04
4.188602640442049148e-04
4.188602640442049148e-04
4.188602640442049148e-04
4.188602640442049148e-04
4.188602640442049148e-04
4.188602640442049148e-04
4.188602640442049148e-04
4.188602640442049148e-04
4.188602640442049148e-04
4.177960718306843136e-04
4.177960718306843136e-04
4.177960718306843136e-04
4.177960718306843136e-04
4.177960718306843136e-04
4.177960718306843136e-04
4.177960718306843136e-04
4.177960718306843136e-04
4.177960718306843136e-04
4.177960718306843136e-04
4.177960718306843136e-04
4.177960718306843136e-04
4.177960718306843136e-04
4.177960718306843136e-04
4.177960718306843136e-04
4.177960718306843136e-04
4.177960718306843136e-04
4.177960718306843136e-04
4.177960718306843136e-04
4.177960718306843136e-04
4.167867462575972114e-04
4.167867462575972114e-04
4.167867462575972114e-04
4.167867462575972114e-04
4.167867462575972114e-04
4.167867462575972114e-04
4.167867462575972114e-04
4.167867462575972114e-04
4.167867462575972114e-04
4.167867462575972114e-04
4.167867462575972114e-04
4.167867462575972114e-04
4.167867462575972114e-04
4.167867462575972114e-04
4.167867462575972114e-04
4.167867462575972114e-04
4.167867462575972114e-04
4.167867462575972114e-04
4.167867462575972114e-04
4.167867462575972114e-04
4.158492436477277893e-04
4.158492436477277893e-04
4.158492436477277893e-04
4.158492436477277893e-04
4.158492436477277893e-04
4.158492436477277893e-04
4.158492436477277893e-04
4.158492436477277893e-04
4.158492436477277893e-04
4.158492436477277893e-04
4.158492436477277893e-04
4.158492436477277893e-04
4.158492436477277893e-04
4.158492436477277893e-04
4.158492436477277893e-04
4.158492436477277893e-04
4.158492436477277893e-04
4.158492436477277893e-04
4.158492436477277893e-04
4.158492436477277893e-04
4.149135880382280725e-04
4.149135880382280725e-04
4.149135880382280725e-04
4.149135880382280725e-04
4.149135880382280725e-04
4.149135880382280725e-04
4.149135880382280725e-04
4.149135880382280725e-04
4.149135880382280725e-04
4.149135880382280725e-04
4.149135880382280725e-04
4.149135880382280725e-04
4.149135880382280725e-04
4.149135880382280725e-04
4.149135880382280725e-04
4.149135880382280725e-04
4.149135880382280725e-04
4.149135880382280725e-04
4.149135880382280725e-04
4.149135880382280725e-04
4.140749000494486063e-04
4.140749000494486063e-04
4.140749000494486063e-04
4.140749000494486063e-04
4.140749000494486063e-04
4.140749000494486063e-04
4.140749000494486063e-04
4.140749000494486063e-04
4.140749000494486063e-04
4.140749000494486063e-04
4.140749000494486063e-04
4.140749000494486063e-04
4.140749000494486063e-04
4.140749000494486063e-04
4.140749000494486063e-04
4.140749000494486063e-04
4.140749000494486063e-04
4.140749000494486063e-04
4.140749000494486063e-04
4.140749000494486063e-04
4.131140403653727898e-04
4.131140403653727898e-04
4.131140403653727898e-04
4.131140403653727898e-04
4.131140403653727898e-04
4.131140403653727898e-04
4.131140403653727898e-04
4.131140403653727898e-04
4.131140403653727898e-04
4.131140403653727898e-04
4.131140403653727898e-04
4.131140403653727898e-04
4.131140403653727898e-04
4.131140403653727898e-04
4.131140403653727898e-04
4.131140403653727898e-04
4.131140403653727898e-04
4.131140403653727898e-04
4.131140403653727898e-04
4.131140403653727898e-04
4.121537322317559782e-04
4.121537322317559782e-04
4.121537322317559782e-04
4.121537322317559782e-04
4.121537322317559782e-04
4.121537322317559782e-04
4.121537322317559782e-04
4.121537322317559782e-04
4.121537322317559782e-04
4.121537322317559782e-04
4.121537322317559782e-04
4.121537322317559782e-04
4.121537322317559782e-04
4.121537322317559782e-04
4.121537322317559782e-04
4.121537322317559782e-04
4.121537322317559782e-04
4.121537322317559782e-04
4.121537322317559782e-04
4.121537322317559782e-04
4.112207853257423803e-04
4.112207853257423803e-04
4.112207853257423803e-04
4.112207853257423803e-04
4.112207853257423803e-04
4.112207853257423803e-04
4.112207853257423803e-04
4.112207853257423803e-04
4.112207853257423803e-04
4.112207853257423803e-04
4.112207853257423803e-04
4.112207853257423803e-04
4.112207853257423803e-04
4.112207853257423803e-04
4.112207853257423803e-04
4.112207853257423803e-04
4.112207853257423803e-04
4.112207853257423803e-04
4.112207853257423803e-04
4.112207853257423803e-04
4.102436606741982606e-04
4.102436606741982606e-04
4.102436606741982606e-04
4.102436606741982606e-04
4.102436606741982606e-04
4.102436606741982606e-04
4.102436606741982606e-04
4.102436606741982606e-04
4.102436606741982606e-04
4.102436606741982606e-04
4.102436606741982606e-04
4.102436606741982606e-04
4.102436606741982606e-04
4.102436606741982606e-04
4.102436606741982606e-04
4.102436606741982606e-04
4.102436606741982606e-04
4.102436606741982606e-04
4.102436606741982606e-04
4.102436606741982606e-04
4.093165784456874088e-04
4.093165784456874088e-04
4.093165784456874088e-04
4.093165784456874088e-04
4.093165784456874088e-04
4.093165784456874088e-04
4.093165784456874088e-04
4.093165784456874088e-04
4.093165784456874088e-04
4.093165784456874088e-04
4.093165784456874088e-04
4.093165784456874088e-04
4.093165784456874088e-04
4.093165784456874088e-04
4.093165784456874088e-04
4.093165784456874088e-04
4.093165784456874088e-04
4.093165784456874088e-04
4.093165784456874088e-04
4.093165784456874088e-04
4.083702133501579293e-04
4.083702133501579293e-04
4.083702133501579293e-04
4.083702133501579293e-04
4.083702133501579293e-04
4.083702133501579293e-04
4.083702133501579293e-04
4.083702133501579293e-04
4.083702133501579293e-04
4.083702133501579293e-04
4.083702133501579293e-04
4.083702133501579293e-04
4.083702133501579293e-04
4.083702133501579293e-04
4.083702133501579293e-04
4.083702133501579293e-04
4.083702133501579293e-04
4.083702133501579293e-04
4.083702133501579293e-04
4.083702133501579293e-04
4.072572451903217210e-04
4.072572451903217210e-04
4.072572451903217210e-04
4.072572451903217210e-04
4.072572451903217210e-04
4.072572451903217210e-04
4.072572451903217210e-04
4.072572451903217210e-04
4.072572451903217210e-04
4.072572451903217210e-04
4.072572451903217210e-04
4.072572451903217210e-04
4.072572451903217210e-04
4.072572451903217210e-04
4.072572451903217210e-04
4.072572451903217210e-04
4.072572451903217210e-04
4.072572451903217210e-04
4.072572451903217210e-04
4.072572451903217210e-04
4.063260528969227757e-04
4.063260528969227757e-04
4.063260528969227757e-04
4.063260528969227757e-04
4.063260528969227757e-04
4.063260528969227757e-04
4.063260528969227757e-04
4.063260528969227757e-04
4.063260528969227757e-04
4.063260528969227757e-04
4.063260528969227757e-04
4.063260528969227757e-04
4.063260528969227757e-04
4.063260528969227757e-04
4.063260528969227757e-04
4.063260528969227757e-04
4.063260528969227757e-04
4.063260528969227757e-04
4.063260528969227757e-04
4.063260528969227757e-04
4.052137906361897896e-04
4.052137906361897896e-04
4.052137906361897896e-04
4.052137906361897896e-04
4.052137906361897896e-04
4.052137906361897896e-04
4.052137906361897896e-04
4.052137906361897896e-04
4.052137906361897896e-04
4.052137906361897896e-04
4.052137906361897896e-04
4.052137906361897896e-04
4.052137906361897896e-04
4.052137906361897896e-04
4.052137906361897896e-04
4.052137906361897896e-04
4.052137906361897896e-04
4.052137906361897896e-04
4.052137906361897896e-04
4.052137906361897896e-04
4.041618492484098176e-04
4.041618492484098176e-04
4.041618492484098176e-04
4.041618492484098176e-04
4.041618492484098176e-04
4.041618492484098176e-04
4.041618492484098176e-04
4.041618492484098176e-04
4.041618492484098176e-04
4.041618492484098176e-04
4.041618492484098176e-04
4.041618492484098176e-04
4.041618492484098176e-04
4.041618492484098176e-04
4.041618492484098176e-04
4.041618492484098176e-04
4.041618492484098176e-04
4.041618492484098176e-04
4.041618492484098176e-04
4.041618492484098176e-04
4.031310434790386066e-04
4.031310434790386066e-04
4.031310434790386066e-04
4.031310434790386066e-04
4.031310434790386066e-04
4.031310434790386066e-04
4.031310434790386066e-04
4.031310434790386066e-04
4.031310434790386066e-04
4.031310434790386066e-04
4.031310434790386066e-04
4.031310434790386066e-04
4.031310434790386066e-04
4.031310434790386066e-04
4.031310434790386066e-04
4.031310434790386066e-04
4.031310434790386066e-04
4.031310434790386066e-04
4.031310434790386066e-04
4.031310434790386066e-04
