/*--------------------------------*- C++ -*----------------------------------*\
  =========                 |
  \\      /  F ield         | OpenFOAM: The Open Source CFD Toolbox
   \\    /   O peration     | Website:  https://openfoam.org
    \\  /    A nd           | Version:  11
     \\/     M anipulation  |
\*---------------------------------------------------------------------------*/
FoamFile
{
    format      ascii;
    class       volVectorField;
    location    "9";
    object      U;
}
// * * * * * * * * * * * * * * * * * * * * * * * * * * * * * * * * * * * * * //

dimensions      [0 1 -1 0 0 0 0];

internalField   nonuniform List<vector> 
10000
(
(2.38471e-06 -2.38245e-06 0)
(1.15617e-05 -5.4483e-06 0)
(2.49571e-05 -5.838e-06 0)
(3.57798e-05 -4.55422e-06 0)
(4.08621e-05 -2.48158e-06 0)
(3.873e-05 -1.04285e-07 0)
(2.8716e-05 2.3463e-06 0)
(1.0687e-05 4.73288e-06 0)
(-1.52168e-05 6.98337e-06 0)
(-4.86567e-05 9.08913e-06 0)
(-8.91713e-05 1.10269e-05 0)
(-0.000136274 1.27926e-05 0)
(-0.000189439 1.43897e-05 0)
(-0.000248134 1.58241e-05 0)
(-0.00031183 1.71033e-05 0)
(-0.00038001 1.82354e-05 0)
(-0.000452177 1.9229e-05 0)
(-0.000527852 2.00925e-05 0)
(-0.000606582 2.08343e-05 0)
(-0.000687933 2.14622e-05 0)
(-0.000771495 2.19834e-05 0)
(-0.00085688 2.24048e-05 0)
(-0.000943717 2.27322e-05 0)
(-0.00103166 2.29712e-05 0)
(-0.00112037 2.31265e-05 0)
(-0.00120952 2.3202e-05 0)
(-0.00129882 2.32013e-05 0)
(-0.00138796 2.3127e-05 0)
(-0.00147666 2.29813e-05 0)
(-0.00156464 2.2766e-05 0)
(-0.00165162 2.24822e-05 0)
(-0.00173734 2.21308e-05 0)
(-0.00182151 2.17119e-05 0)
(-0.00190389 2.12259e-05 0)
(-0.0019842 2.06724e-05 0)
(-0.00206218 2.00512e-05 0)
(-0.00213756 1.93619e-05 0)
(-0.00221008 1.86039e-05 0)
(-0.00227947 1.77767e-05 0)
(-0.00234547 1.688e-05 0)
(-0.00240781 1.59136e-05 0)
(-0.00246623 1.48774e-05 0)
(-0.00252046 1.37718e-05 0)
(-0.00257025 1.25972e-05 0)
(-0.00261534 1.13546e-05 0)
(-0.00265548 1.00454e-05 0)
(-0.00269044 8.67152e-06 0)
(-0.00271998 7.23512e-06 0)
(-0.00274388 5.739e-06 0)
(-0.00276194 4.18633e-06 0)
(-0.00277396 2.58058e-06 0)
(-0.00277976 9.26274e-07 0)
(-0.00277921 -7.68331e-07 0)
(-0.00277217 -2.4937e-06 0)
(-0.00275855 -4.24248e-06 0)
(-0.00273829 -6.00774e-06 0)
(-0.00271135 -7.78153e-06 0)
(-0.00267773 -9.55494e-06 0)
(-0.00263746 -1.13183e-05 0)
(-0.00259061 -1.30612e-05 0)
(-0.00253728 -1.47728e-05 0)
(-0.00247764 -1.64417e-05 0)
(-0.00241186 -1.80562e-05 0)
(-0.00234018 -1.96045e-05 0)
(-0.00226288 -2.10745e-05 0)
(-0.00218028 -2.24541e-05 0)
(-0.00209274 -2.37313e-05 0)
(-0.00200067 -2.48946e-05 0)
(-0.00190452 -2.59325e-05 0)
(-0.00180477 -2.68344e-05 0)
(-0.00170195 -2.75899e-05 0)
(-0.00159661 -2.81898e-05 0)
(-0.00148935 -2.86255e-05 0)
(-0.00138079 -2.88897e-05 0)
(-0.00127156 -2.89757e-05 0)
(-0.00116233 -2.88787e-05 0)
(-0.00105378 -2.85945e-05 0)
(-0.000946592 -2.81207e-05 0)
(-0.000841465 -2.74561e-05 0)
(-0.00073909 -2.66011e-05 0)
(-0.000640154 -2.55573e-05 0)
(-0.000545334 -2.43279e-05 0)
(-0.000455289 -2.29176e-05 0)
(-0.000370654 -2.13326e-05 0)
(-0.000292036 -1.95804e-05 0)
(-0.000220006 -1.76704e-05 0)
(-0.000155089 -1.56132e-05 0)
(-9.77602e-05 -1.34218e-05 0)
(-4.84322e-05 -1.11112e-05 0)
(-7.4417e-06 -8.70084e-06 0)
(2.49578e-05 -6.21563e-06 0)
(4.86301e-05 -3.67999e-06 0)
(6.35903e-05 -1.1404e-06 0)
(7.00441e-05 1.33824e-06 0)
(6.84739e-05 3.64918e-06 0)
(5.97715e-05 5.62918e-06 0)
(4.54307e-05 6.97929e-06 0)
(2.77899e-05 7.19084e-06 0)
(1.07201e-05 5.46891e-06 0)
(1.47112e-06 1.47836e-06 0)
(5.46155e-06 -1.15643e-05 0)
(2.17662e-05 -2.17322e-05 0)
(4.14659e-05 -2.08251e-05 0)
(5.30886e-05 -1.2715e-05 0)
(5.03847e-05 -5.28712e-07 0)
(2.99272e-05 1.37424e-05 0)
(-1.02032e-05 2.88542e-05 0)
(-7.07705e-05 4.40296e-05 0)
(-0.000151733 5.87818e-05 0)
(-0.000252526 7.28522e-05 0)
(-0.000372234 8.60587e-05 0)
(-0.000509735 9.83063e-05 0)
(-0.000663774 0.000109553 0)
(-0.000833028 0.000119788 0)
(-0.00101615 0.000129022 0)
(-0.00121179 0.000137281 0)
(-0.00141862 0.000144599 0)
(-0.00163536 0.000151013 0)
(-0.00186076 0.000156565 0)
(-0.00209363 0.000161297 0)
(-0.00233283 0.00016525 0)
(-0.00257725 0.000168462 0)
(-0.00282584 0.00017097 0)
(-0.00307762 0.000172807 0)
(-0.0033316 0.000174002 0)
(-0.00358687 0.000174583 0)
(-0.00384254 0.00017457 0)
(-0.00409774 0.000173984 0)
(-0.00435163 0.000172839 0)
(-0.0046034 0.000171149 0)
(-0.00485223 0.000168923 0)
(-0.00509734 0.000166167 0)
(-0.00533794 0.000162887 0)
(-0.00557326 0.000159085 0)
(-0.00580253 0.000154763 0)
(-0.00602499 0.000149921 0)
(-0.00623985 0.000144559 0)
(-0.00644637 0.000138678 0)
(-0.00664378 0.000132276 0)
(-0.00683133 0.000125356 0)
(-0.00700825 0.000117919 0)
(-0.0071738 0.000109968 0)
(-0.00732725 0.000101509 0)
(-0.00746786 9.25511e-05 0)
(-0.00759494 8.3104e-05 0)
(-0.00770778 7.31816e-05 0)
(-0.00780573 6.28012e-05 0)
(-0.00788814 5.19833e-05 0)
(-0.00795443 4.07525e-05 0)
(-0.00800403 2.91369e-05 0)
(-0.00803643 1.71688e-05 0)
(-0.00805117 4.88716e-06 0)
(-0.00804787 -7.65703e-06 0)
(-0.00802619 -2.04068e-05 0)
(-0.0079859 -3.3308e-05 0)
(-0.00792684 -4.63045e-05 0)
(-0.00784892 -5.93354e-05 0)
(-0.00775217 -7.23346e-05 0)
(-0.00763669 -8.52317e-05 0)
(-0.00750272 -9.79526e-05 0)
(-0.00735057 -0.00011042 0)
(-0.00718068 -0.000122553 0)
(-0.00699362 -0.000134269 0)
(-0.00679004 -0.000145485 0)
(-0.00657075 -0.000156117 0)
(-0.00633665 -0.000166081 0)
(-0.00608876 -0.000175294 0)
(-0.00582824 -0.000183675 0)
(-0.00555633 -0.000191146 0)
(-0.00527439 -0.000197632 0)
(-0.00498389 -0.000203066 0)
(-0.00468638 -0.000207382 0)
(-0.00438349 -0.000210522 0)
(-0.00407694 -0.000212438 0)
(-0.00376851 -0.000213085 0)
(-0.00346003 -0.000212431 0)
(-0.00315337 -0.00021045 0)
(-0.00285042 -0.000207129 0)
(-0.00255309 -0.000202462 0)
(-0.00226328 -0.000196456 0)
(-0.00198288 -0.000189128 0)
(-0.00171373 -0.000180506 0)
(-0.00145763 -0.000170631 0)
(-0.0012163 -0.000159554 0)
(-0.00099137 -0.000147343 0)
(-0.000784364 -0.000134075 0)
(-0.000596671 -0.000119846 0)
(-0.000429518 -0.00010477 0)
(-0.000283943 -8.89821e-05 0)
(-0.000160753 -7.26488e-05 0)
(-6.04791e-05 -5.5976e-05 0)
(1.66878e-05 -3.92155e-05 0)
(7.09877e-05 -2.27083e-05 0)
(0.000103212 -6.91251e-06 0)
(0.000114884 7.52629e-06 0)
(0.000108471 1.96774e-05 0)
(8.76576e-05 2.82057e-05 0)
(5.75815e-05 3.11678e-05 0)
(2.59191e-05 2.59587e-05 0)
(5.43577e-06 1.07031e-05 0)
(5.88547e-06 -2.50113e-05 0)
(2.09746e-05 -4.1472e-05 0)
(3.45521e-05 -3.43572e-05 0)
(3.36328e-05 -1.15862e-05 0)
(1.06847e-05 2.09176e-05 0)
(-3.87667e-05 5.89132e-05 0)
(-0.000117438 9.94789e-05 0)
(-0.000226565 0.000140663 0)
(-0.000366291 0.000181155 0)
(-0.000535991 0.000220111 0)
(-0.000734497 0.000256981 0)
(-0.000960282 0.000291429 0)
(-0.00121158 0.000323268 0)
(-0.00148648 0.000352408 0)
(-0.001783 0.000378833 0)
(-0.00209914 0.000402573 0)
(-0.00243288 0.00042369 0)
(-0.00278225 0.000442268 0)
(-0.00314535 0.0004584 0)
(-0.0035203 0.000472187 0)
(-0.00390532 0.00048373 0)
(-0.00429866 0.000493127 0)
(-0.00469867 0.000500473 0)
(-0.00510373 0.000505855 0)
(-0.00551232 0.000509351 0)
(-0.00592292 0.000511032 0)
(-0.00633412 0.000510959 0)
(-0.00674449 0.000509185 0)
(-0.00715269 0.000505755 0)
(-0.00755737 0.000500703 0)
(-0.00795722 0.000494058 0)
(-0.00835097 0.000485842 0)
(-0.00873734 0.000476071 0)
(-0.00911506 0.000464755 0)
(-0.0094829 0.000451902 0)
(-0.0098396 0.000437517 0)
(-0.0101839 0.000421604 0)
(-0.0105147 0.000404167 0)
(-0.0108306 0.00038521 0)
(-0.0111304 0.00036474 0)
(-0.0114131 0.000342768 0)
(-0.0116773 0.000319309 0)
(-0.0119219 0.000294384 0)
(-0.0121457 0.000268022 0)
(-0.0123477 0.000240258 0)
(-0.0125267 0.000211137 0)
(-0.0126818 0.000180713 0)
(-0.0128119 0.000149051 0)
(-0.012916 0.000116226 0)
(-0.0129935 8.23262e-05 0)
(-0.0130433 4.74512e-05 0)
(-0.0130649 1.1718e-05 0)
(-0.0130577 -2.47338e-05 0)
(-0.0130212 -6.17509e-05 0)
(-0.0129551 -9.91764e-05 0)
(-0.012859 -0.000136844 0)
(-0.0127329 -0.000174575 0)
(-0.0125769 -0.000212179 0)
(-0.0123912 -0.000249452 0)
(-0.0121761 -0.000286183 0)
(-0.0119322 -0.00032215 0)
(-0.0116602 -0.000357124 0)
(-0.011361 -0.000390873 0)
(-0.0110357 -0.000423158 0)
(-0.0106856 -0.000453743 0)
(-0.010312 -0.00048239 0)
(-0.00991672 -0.000508866 0)
(-0.00950142 -0.000532942 0)
(-0.00906814 -0.000554401 0)
(-0.00861902 -0.000573034 0)
(-0.00815635 -0.000588646 0)
(-0.00768258 -0.000601059 0)
(-0.00720028 -0.000610112 0)
(-0.00671212 -0.000615666 0)
(-0.0062209 -0.000617602 0)
(-0.00572948 -0.00061583 0)
(-0.00524077 -0.000610282 0)
(-0.00475773 -0.000600922 0)
(-0.00428333 -0.000587741 0)
(-0.00382053 -0.000570763 0)
(-0.00337225 -0.000550041 0)
(-0.00294137 -0.000525666 0)
(-0.00253065 -0.00049776 0)
(-0.00214275 -0.000466485 0)
(-0.00178018 -0.000432041 0)
(-0.00144525 -0.000394672 0)
(-0.00114006 -0.000354668 0)
(-0.000866456 -0.000312379 0)
(-0.000625951 -0.000268222 0)
(-0.000419694 -0.000222699 0)
(-0.000248383 -0.000176426 0)
(-0.000112177 -0.000130168 0)
(-1.05733e-05 -8.48945e-05 0)
(5.77426e-05 -4.18692e-05 0)
(9.50907e-05 -2.758e-06 0)
(0.000105074 3.01881e-05 0)
(9.27853e-05 5.39935e-05 0)
(6.49416e-05 6.47427e-05 0)
(3.11826e-05 5.76124e-05 0)
(7.14385e-06 2.771e-05 0)
(4.64913e-06 -3.59714e-05 0)
(1.29966e-05 -5.32414e-05 0)
(1.19471e-05 -3.34905e-05 0)
(-1.08201e-05 1.11358e-05 0)
(-6.30869e-05 7.1863e-05 0)
(-0.000149747 0.000142098 0)
(-0.000273816 0.000217103 0)
(-0.000436757 0.000293537 0)
(-0.000638814 0.00036907 0)
(-0.000879322 0.000442106 0)
(-0.00115695 0.000511572 0)
(-0.00146988 0.000576773 0)
(-0.00181598 0.000637286 0)
(-0.0021929 0.000692881 0)
(-0.00259816 0.000743468 0)
(-0.00302921 0.000789055 0)
(-0.00348351 0.000829716 0)
(-0.00395851 0.000865573 0)
(-0.00445171 0.000896775 0)
(-0.00496067 0.000923488 0)
(-0.00548303 0.000945883 0)
(-0.00601649 0.000964131 0)
(-0.00655883 0.000978397 0)
(-0.00710789 0.000988836 0)
(-0.00766161 0.00099559 0)
(-0.00821796 0.000998787 0)
(-0.008775 0.000998541 0)
(-0.00933081 0.00099495 0)
(-0.00988355 0.000988095 0)
(-0.0104314 0.000978046 0)
(-0.0109726 0.000964857 0)
(-0.0115053 0.000948571 0)
(-0.0120278 0.000929223 0)
(-0.0125385 0.000906837 0)
(-0.0130356 0.000881431 0)
(-0.0135174 0.00085302 0)
(-0.0139822 0.000821617 0)
(-0.0144284 0.000787234 0)
(-0.0148544 0.000749886 0)
(-0.0152584 0.000709594 0)
(-0.0156389 0.000666385 0)
(-0.0159943 0.000620295 0)
(-0.016323 0.000571371 0)
(-0.0166235 0.000519676 0)
(-0.0168943 0.000465285 0)
(-0.0171339 0.000408291 0)
(-0.0173411 0.000348805 0)
(-0.0175144 0.00028696 0)
(-0.0176527 0.000222908 0)
(-0.0177549 0.000156825 0)
(-0.0178199 8.89127e-05 0)
(-0.0178468 1.93993e-05 0)
(-0.017835 -5.1451e-05 0)
(-0.0177838 -0.00012335 0)
(-0.0176927 -0.000195993 0)
(-0.0175615 -0.000269058 0)
(-0.0173901 -0.000342195 0)
(-0.0171785 -0.000415037 0)
(-0.0169272 -0.000487193 0)
(-0.0166366 -0.000558256 0)
(-0.0163074 -0.0006278 0)
(-0.0159407 -0.00069539 0)
(-0.0155376 -0.00076058 0)
(-0.0150997 -0.000822918 0)
(-0.0146287 -0.000881951 0)
(-0.0141263 -0.000937228 0)
(-0.013595 -0.000988307 0)
(-0.013037 -0.00103476 0)
(-0.0124549 -0.00107616 0)
(-0.0118518 -0.00111212 0)
(-0.0112304 -0.00114228 0)
(-0.0105942 -0.00116629 0)
(-0.00994655 -0.00118386 0)
(-0.00929091 -0.00119472 0)
(-0.00863101 -0.00119865 0)
(-0.0079706 -0.00119548 0)
(-0.00731355 -0.00118509 0)
(-0.00666373 -0.00116741 0)
(-0.00602505 -0.00114244 0)
(-0.00540141 -0.00111022 0)
(-0.00479663 -0.00107088 0)
(-0.00421448 -0.00102459 0)
(-0.00365856 -0.000971594 0)
(-0.00313234 -0.000912224 0)
(-0.00263908 -0.000846877 0)
(-0.00218177 -0.00077604 0)
(-0.00176311 -0.000700295 0)
(-0.00138544 -0.000620335 0)
(-0.00105066 -0.000536987 0)
(-0.000760194 -0.000451238 0)
(-0.000514858 -0.000364284 0)
(-0.000314779 -0.000277587 0)
(-0.00015925 -0.000192962 0)
(-4.65783e-05 -0.000112698 0)
(2.61017e-05 -3.9707e-05 0)
(6.30788e-05 2.22722e-05 0)
(7.02493e-05 6.84435e-05 0)
(5.52154e-05 9.27794e-05 0)
(2.85737e-05 8.79695e-05 0)
(6.96924e-06 4.53675e-05 0)
(2.6188e-06 -4.12681e-05 0)
(8.63165e-07 -5.07152e-05 0)
(-2.06516e-05 -1.05333e-05 0)
(-7.19542e-05 6.34661e-05 0)
(-0.000160238 0.00015982 0)
(-0.000290343 0.000269766 0)
(-0.000465232 0.00038678 0)
(-0.000686337 0.000506104 0)
(-0.000953863 0.00062431 0)
(-0.00126705 0.000738966 0)
(-0.00162441 0.000848382 0)
(-0.0020239 0.00095142 0)
(-0.00246309 0.00104735 0)
(-0.00293929 0.00113574 0)
(-0.00344961 0.00121639 0)
(-0.00399109 0.00128924 0)
(-0.0045607 0.00135436 0)
(-0.00515543 0.0014119 0)
(-0.00577228 0.00146205 0)
(-0.00640834 0.00150504 0)
(-0.00706071 0.00154111 0)
(-0.00772661 0.00157051 0)
(-0.00840331 0.00159349 0)
(-0.00908818 0.00161026 0)
(-0.00977864 0.00162106 0)
(-0.0104722 0.00162606 0)
(-0.0111665 0.00162545 0)
(-0.011859 0.00161937 0)
(-0.0125476 0.00160796 0)
(-0.0132298 0.00159131 0)
(-0.0139036 0.00156953 0)
(-0.0145666 0.00154268 0)
(-0.0152168 0.00151082 0)
(-0.0158519 0.00147399 0)
(-0.0164699 0.00143223 0)
(-0.0170686 0.00138557 0)
(-0.017646 0.00133403 0)
(-0.0182 0.00127764 0)
(-0.0187285 0.00121644 0)
(-0.0192295 0.00115047 0)
(-0.019701 0.00107978 0)
(-0.0201411 0.00100444 0)
(-0.0205477 0.000924531 0)
(-0.0209191 0.000840165 0)
(-0.0212534 0.000751474 0)
(-0.0215489 0.000658616 0)
(-0.0218039 0.000561782 0)
(-0.0220168 0.000461191 0)
(-0.0221862 0.0003571 0)
(-0.0223107 0.000249799 0)
(-0.0223891 0.00013962 0)
(-0.0224203 2.69361e-05 0)
(-0.0224035 -8.78322e-05 0)
(-0.022338 -0.000204226 0)
(-0.0222231 -0.000321756 0)
(-0.0220587 -0.000439898 0)
(-0.0218447 -0.000558091 0)
(-0.0215811 -0.000675741 0)
(-0.0212685 -0.000792223 0)
(-0.0209075 -0.000906884 0)
(-0.020499 -0.00101904 0)
(-0.0200443 -0.00112801 0)
(-0.0195449 -0.00123307 0)
(-0.0190025 -0.0013335 0)
(-0.0184194 -0.00142859 0)
(-0.0177979 -0.00151762 0)
(-0.0171405 -0.00159988 0)
(-0.0164504 -0.0016747 0)
(-0.0157308 -0.00174141 0)
(-0.014985 -0.00179939 0)
(-0.0142168 -0.00184807 0)
(-0.0134301 -0.0018869 0)
(-0.0126292 -0.00191542 0)
(-0.0118182 -0.00193321 0)
(-0.0110017 -0.00193992 0)
(-0.0101843 -0.0019353 0)
(-0.00937055 -0.00191915 0)
(-0.00856523 -0.00189137 0)
(-0.00777307 -0.00185198 0)
(-0.00699876 -0.00180104 0)
(-0.00624696 -0.00173877 0)
(-0.00552217 -0.00166545 0)
(-0.00482878 -0.00158151 0)
(-0.00417094 -0.00148748 0)
(-0.00355255 -0.00138401 0)
(-0.0029772 -0.00127192 0)
(-0.0024481 -0.00115214 0)
(-0.00196802 -0.00102583 0)
(-0.00153921 -0.000894315 0)
(-0.00116331 -0.000759194 0)
(-0.000841258 -0.000622371 0)
(-0.000573196 -0.000486139 0)
(-0.000358305 -0.000353291 0)
(-0.000194679 -0.000227262 0)
(-7.91478e-05 -0.000112308 0)
(-7.07579e-06 -1.37264e-05 0)
(2.78035e-05 6.18691e-05 0)
(3.35019e-05 0.000106334 0)
(2.08182e-05 0.000109825 0)
(5.73303e-06 6.00001e-05 0)
(2.60934e-07 -3.93625e-05 0)
(-1.35343e-05 -3.02616e-05 0)
(-5.92811e-05 3.93372e-05 0)
(-0.000143663 0.00015077 0)
(-0.000272737 0.00029026 0)
(-0.000450895 0.000447091 0)
(-0.000680743 0.000613094 0)
(-0.000963453 0.000782158 0)
(-0.00129904 0.000949765 0)
(-0.00168655 0.00111262 0)
(-0.00212432 0.00126838 0)
(-0.00261008 0.0014154 0)
(-0.00314114 0.00155261 0)
(-0.0037145 0.00167932 0)
(-0.00432696 0.00179517 0)
(-0.00497518 0.00190004 0)
(-0.00565576 0.00199394 0)
(-0.00636528 0.00207704 0)
(-0.00710032 0.00214955 0)
(-0.00785752 0.00221177 0)
(-0.00863357 0.00226401 0)
(-0.00942523 0.00230658 0)
(-0.0102293 0.00233982 0)
(-0.0110428 0.00236401 0)
(-0.0118626 0.00237947 0)
(-0.0126859 0.00238645 0)
(-0.0135097 0.00238518 0)
(-0.0143312 0.00237589 0)
(-0.0151478 0.00235875 0)
(-0.0159567 0.00233391 0)
(-0.0167553 0.0023015 0)
(-0.0175409 0.00226163 0)
(-0.0183111 0.00221438 0)
(-0.0190632 0.00215982 0)
(-0.0197947 0.00209801 0)
(-0.0205031 0.002029 0)
(-0.021186 0.00195284 0)
(-0.0218409 0.00186958 0)
(-0.0224654 0.00177927 0)
(-0.0230571 0.001682 0)
(-0.0236136 0.00157784 0)
(-0.0241326 0.00146691 0)
(-0.024612 0.00134934 0)
(-0.0250494 0.00122531 0)
(-0.0254428 0.00109501 0)
(-0.0257901 0.000958701 0)
(-0.0260894 0.000816657 0)
(-0.0263389 0.000669213 0)
(-0.0265369 0.00051675 0)
(-0.0266819 0.000359704 0)
(-0.0267724 0.00019856 0)
(-0.0268073 3.38661e-05 0)
(-0.0267855 -0.000133769 0)
(-0.0267063 -0.000303683 0)
(-0.0265691 -0.000475164 0)
(-0.0263735 -0.00064745 0)
(-0.0261196 -0.000819726 0)
(-0.0258075 -0.000991131 0)
(-0.0254377 -0.00116076 0)
(-0.025011 -0.00132767 0)
(-0.0245287 -0.00149089 0)
(-0.0239921 -0.0016494 0)
(-0.023403 -0.00180219 0)
(-0.0227637 -0.00194824 0)
(-0.0220764 -0.00208649 0)
(-0.021344 -0.00221593 0)
(-0.0205697 -0.00233555 0)
(-0.0197568 -0.00244438 0)
(-0.0189091 -0.00254146 0)
(-0.0180307 -0.00262592 0)
(-0.0171258 -0.00269692 0)
(-0.0161991 -0.00275369 0)
(-0.0152553 -0.00279558 0)
(-0.0142994 -0.00282197 0)
(-0.0133367 -0.0028324 0)
(-0.0123723 -0.00282649 0)
(-0.0114116 -0.00280397 0)
(-0.0104603 -0.00276472 0)
(-0.00952361 -0.00270874 0)
(-0.00860708 -0.00263617 0)
(-0.00771602 -0.00254731 0)
(-0.00685567 -0.00244262 0)
(-0.00603103 -0.00232269 0)
(-0.0052469 -0.00218833 0)
(-0.00450776 -0.0020405 0)
(-0.0038177 -0.00188038 0)
(-0.0031804 -0.00170938 0)
(-0.00259901 -0.00152915 0)
(-0.0020761 -0.00134164 0)
(-0.00161354 -0.00114913 0)
(-0.00121243 -0.00095435 0)
(-0.000872957 -0.000760504 0)
(-0.000594315 -0.00057145 0)
(-0.000374535 -0.000391833 0)
(-0.000210358 -0.000227284 0)
(-9.7071e-05 -8.4662e-05 0)
(-2.83566e-05 2.76548e-05 0)
(3.83333e-06 9.94869e-05 0)
(9.91432e-06 0.000118612 0)
(3.9563e-06 6.9518e-05 0)
(-2.2099e-06 -2.94702e-05 0)
(-2.90472e-05 1.03683e-05 0)
(-0.000101265 0.000119368 0)
(-0.000221654 0.000276807 0)
(-0.000394749 0.000467067 0)
(-0.000624205 0.00067778 0)
(-0.000912023 0.000899335 0)
(-0.00125891 0.00112439 0)
(-0.00166455 0.0013474 0)
(-0.00212771 0.00156423 0)
(-0.00264647 0.00177188 0)
(-0.00321831 0.0019682 0)
(-0.00384029 0.00215173 0)
(-0.00450913 0.00232151 0)
(-0.00522135 0.00247701 0)
(-0.00597329 0.00261798 0)
(-0.00676121 0.00274439 0)
(-0.00758133 0.00285638 0)
(-0.00842989 0.00295421 0)
(-0.00930314 0.0030382 0)
(-0.0101974 0.00310872 0)
(-0.011109 0.00316618 0)
(-0.0120344 0.00321096 0)
(-0.0129702 0.00324345 0)
(-0.0139128 0.00326402 0)
(-0.0148591 0.003273 0)
(-0.0158057 0.00327071 0)
(-0.0167494 0.00325741 0)
(-0.0176871 0.00323334 0)
(-0.0186158 0.0031987 0)
(-0.0195323 0.00315367 0)
(-0.0204337 0.00309838 0)
(-0.0213171 0.00303296 0)
(-0.0221795 0.0029575 0)
(-0.023018 0.00287209 0)
(-0.0238298 0.00277681 0)
(-0.024612 0.00267173 0)
(-0.0253619 0.00255694 0)
(-0.0260767 0.00243252 0)
(-0.0267536 0.0022986 0)
(-0.0273899 0.00215529 0)
(-0.0279832 0.00200277 0)
(-0.0285307 0.00184123 0)
(-0.02903 0.00167093 0)
(-0.0294788 0.00149215 0)
(-0.0298747 0.00130524 0)
(-0.0302155 0.0011106 0)
(-0.0304993 0.000908689 0)
(-0.0307241 0.000700047 0)
(-0.0308882 0.000485269 0)
(-0.03099 0.000265027 0)
(-0.0310283 4.00669e-05 0)
(-0.0310019 -0.000188786 0)
(-0.03091 -0.000420633 0)
(-0.0307518 -0.000654508 0)
(-0.0305272 -0.000889375 0)
(-0.0302361 -0.00112413 0)
(-0.0298787 -0.00135761 0)
(-0.0294556 -0.00158859 0)
(-0.0289679 -0.00181579 0)
(-0.0284167 -0.0020379 0)
(-0.0278038 -0.00225357 0)
(-0.0271313 -0.00246142 0)
(-0.0264014 -0.00266007 0)
(-0.0256171 -0.00284813 0)
(-0.0247813 -0.00302422 0)
(-0.0238978 -0.00318699 0)
(-0.0229703 -0.00333513 0)
(-0.0220031 -0.00346739 0)
(-0.0210007 -0.00358256 0)
(-0.0199679 -0.00367954 0)
(-0.01891 -0.00375732 0)
(-0.0178322 -0.00381498 0)
(-0.0167402 -0.00385175 0)
(-0.0156398 -0.00386699 0)
(-0.0145369 -0.00386019 0)
(-0.0134377 -0.00383101 0)
(-0.0123481 -0.0037793 0)
(-0.0112743 -0.00370507 0)
(-0.0102224 -0.00360852 0)
(-0.00919843 -0.00349008 0)
(-0.00820816 -0.00335035 0)
(-0.00725723 -0.00319019 0)
(-0.00635099 -0.00301067 0)
(-0.00549443 -0.00281315 0)
(-0.00469214 -0.00259921 0)
(-0.00394821 -0.00237077 0)
(-0.00326618 -0.00213008 0)
(-0.0026489 -0.00187974 0)
(-0.00209852 -0.00162283 0)
(-0.00161631 -0.00136292 0)
(-0.00120262 -0.00110423 0)
(-0.000856728 -0.000851693 0)
(-0.000576758 -0.000611204 0)
(-0.000359539 -0.000389755 0)
(-0.000200499 -0.000195717 0)
(-9.35322e-05 -3.91366e-05 0)
(-3.08395e-05 6.79514e-05 0)
(-2.80179e-06 0.000111236 0)
(1.93583e-06 7.26868e-05 0)
(-4.66973e-06 -1.12943e-05 0)
(-4.49787e-05 7.23849e-05 0)
(-0.000144863 0.000231494 0)
(-0.000302976 0.000443973 0)
(-0.00052212 0.000692831 0)
(-0.000805006 0.000964383 0)
(-0.00115284 0.00124781 0)
(-0.00156571 0.0015347 0)
(-0.00204281 0.00181859 0)
(-0.00258255 0.00209457 0)
(-0.00318267 0.002359 0)
(-0.00384039 0.00260925 0)
(-0.00455248 0.00284347 0)
(-0.0053154 0.00306042 0)
(-0.00612537 0.00325936 0)
(-0.00697846 0.00343993 0)
(-0.00787064 0.00360202 0)
(-0.00879781 0.00374576 0)
(-0.00975589 0.00387139 0)
(-0.0107408 0.0039793 0)
(-0.0117485 0.00406989 0)
(-0.012775 0.00414364 0)
(-0.0138164 0.00420101 0)
(-0.0148689 0.00424245 0)
(-0.0159287 0.00426842 0)
(-0.0169921 0.00427932 0)
(-0.0180556 0.00427552 0)
(-0.0191154 0.00425737 0)
(-0.0201682 0.00422515 0)
(-0.0212105 0.00417911 0)
(-0.022239 0.00411949 0)
(-0.0232502 0.00404645 0)
(-0.0242408 0.00396017 0)
(-0.0252077 0.00386076 0)
(-0.0261475 0.00374835 0)
(-0.0270571 0.00362305 0)
(-0.0279333 0.00348496 0)
(-0.028773 0.00333422 0)
(-0.0295731 0.00317094 0)
(-0.0303306 0.00299529 0)
(-0.0310425 0.00280746 0)
(-0.0317058 0.00260768 0)
(-0.0323178 0.00239623 0)
(-0.0328757 0.00217343 0)
(-0.0333768 0.00193969 0)
(-0.0338186 0.00169546 0)
(-0.0341988 0.00144129 0)
(-0.0345151 0.00117778 0)
(-0.0347653 0.00090564 0)
(-0.0349477 0.000625657 0)
(-0.0350605 0.000338708 0)
(-0.0351024 4.57641e-05 0)
(-0.035072 -0.000252106 0)
(-0.0349685 -0.000553742 0)
(-0.0347911 -0.000857891 0)
(-0.0345396 -0.00116321 0)
(-0.034214 -0.00146828 0)
(-0.0338145 -0.0017716 0)
(-0.0333419 -0.00207157 0)
(-0.0327973 -0.00236658 0)
(-0.032182 -0.00265492 0)
(-0.031498 -0.00293485 0)
(-0.0307474 -0.00320463 0)
(-0.0299331 -0.00346246 0)
(-0.0290579 -0.00370656 0)
(-0.0281255 -0.00393519 0)
(-0.0271397 -0.0041466 0)
(-0.0261047 -0.00433911 0)
(-0.0250253 -0.00451113 0)
(-0.0239063 -0.00466112 0)
(-0.0227532 -0.00478766 0)
(-0.0215715 -0.00488947 0)
(-0.0203673 -0.00496538 0)
(-0.0191466 -0.0050144 0)
(-0.0179158 -0.00503571 0)
(-0.0166815 -0.00502868 0)
(-0.0154503 -0.00499288 0)
(-0.0142289 -0.00492812 0)
(-0.013024 -0.00483442 0)
(-0.0118423 -0.00471207 0)
(-0.0106904 -0.00456161 0)
(-0.00957469 -0.00438385 0)
(-0.0085013 -0.0041799 0)
(-0.00747611 -0.00395116 0)
(-0.00650462 -0.00369938 0)
(-0.00559186 -0.00342663 0)
(-0.00474233 -0.00313537 0)
(-0.00395995 -0.00282848 0)
(-0.00324789 -0.00250931 0)
(-0.00260858 -0.00218174 0)
(-0.00204353 -0.00185026 0)
(-0.00155332 -0.00152009 0)
(-0.00113743 -0.0011973 0)
(-0.000794185 -0.000889009 0)
(-0.000520657 -0.000603527 0)
(-0.000312592 -0.000350655 0)
(-0.000164289 -0.000141976 0)
(-6.84197e-05 8.84701e-06 0)
(-1.64586e-05 8.57628e-05 0)
(-1.73651e-07 6.88621e-05 0)
(-7.05509e-06 1.52306e-05 0)
(-6.09052e-05 0.000156291 0)
(-0.000188941 0.000376702 0)
(-0.000385622 0.000653627 0)
(-0.000651922 0.000969125 0)
(-0.000989478 0.00130852 0)
(-0.00139856 0.00166004 0)
(-0.00187852 0.00201437 0)
(-0.00242795 0.00236426 0)
(-0.00304481 0.00270412 0)
(-0.00372645 0.00302975 0)
(-0.00446973 0.00333803 0)
(-0.00527115 0.00362676 0)
(-0.00612688 0.00389444 0)
(-0.00703287 0.00414011 0)
(-0.0079849 0.00436327 0)
(-0.00897868 0.00456376 0)
(-0.0100098 0.00474166 0)
(-0.011074 0.00489721 0)
(-0.0121667 0.00503082 0)
(-0.0132837 0.00514296 0)
(-0.0144207 0.00523414 0)
(-0.0155735 0.0053049 0)
(-0.0167379 0.00535576 0)
(-0.0179099 0.00538726 0)
(-0.0190853 0.00539985 0)
(-0.0202603 0.005394 0)
(-0.021431 0.00537008 0)
(-0.0225936 0.00532847 0)
(-0.0237442 0.00526946 0)
(-0.0248792 0.00519331 0)
(-0.0259949 0.00510026 0)
(-0.0270877 0.00499051 0)
(-0.028154 0.00486422 0)
(-0.0291902 0.00472155 0)
(-0.0301928 0.00456264 0)
(-0.0311584 0.00438766 0)
(-0.0320836 0.00419675 0)
(-0.0329648 0.00399011 0)
(-0.033799 0.00376794 0)
(-0.0345826 0.00353051 0)
(-0.0353127 0.00327811 0)
(-0.0359861 0.00301111 0)
(-0.0365998 0.00272995 0)
(-0.037151 0.00243514 0)
(-0.0376368 0.00212727 0)
(-0.0380547 0.00180704 0)
(-0.0384022 0.00147522 0)
(-0.0386772 0.00113271 0)
(-0.0388775 0.0007805 0)
(-0.0390013 0.000419697 0)
(-0.0390472 5.1522e-05 0)
(-0.0390138 -0.00032269 0)
(-0.0389001 -0.000701489 0)
(-0.0387054 -0.00108331 0)
(-0.0384293 -0.00146648 0)
(-0.0380719 -0.00184923 0)
(-0.0376336 -0.00222967 0)
(-0.037115 -0.00260585 0)
(-0.0365174 -0.00297573 0)
(-0.0358423 -0.00333722 0)
(-0.0350919 -0.00368815 0)
(-0.0342684 -0.00402634 0)
(-0.0333749 -0.00434959 0)
(-0.0324146 -0.0046557 0)
(-0.0313913 -0.00494248 0)
(-0.0303093 -0.0052078 0)
(-0.0291731 -0.00544958 0)
(-0.0279877 -0.00566583 0)
(-0.0267586 -0.00585467 0)
(-0.0254915 -0.00601434 0)
(-0.0241926 -0.00614324 0)
(-0.0228681 -0.00623995 0)
(-0.0215249 -0.00630324 0)
(-0.0201698 -0.00633209 0)
(-0.0188098 -0.00632574 0)
(-0.0174521 -0.00628367 0)
(-0.0161041 -0.00620562 0)
(-0.0147728 -0.00609167 0)
(-0.0134657 -0.00594215 0)
(-0.0121897 -0.00575775 0)
(-0.0109519 -0.00553951 0)
(-0.00975893 -0.0052888 0)
(-0.00861709 -0.00500738 0)
(-0.00753239 -0.00469743 0)
(-0.00651031 -0.00436152 0)
(-0.00555575 -0.0040027 0)
(-0.00467301 -0.00362454 0)
(-0.00386562 -0.00323113 0)
(-0.00313632 -0.00282719 0)
(-0.00248695 -0.00241818 0)
(-0.00191835 -0.00201032 0)
(-0.00143031 -0.00161082 0)
(-0.00102146 -0.00122796 0)
(-0.000689252 -0.000871338 0)
(-0.000429877 -0.00055208 0)
(-0.000238192 -0.000283144 0)
(-0.000107492 -7.95999e-05 0)
(-3.04975e-05 4.11153e-05 0)
(-2.27535e-06 5.77714e-05 0)
(-9.36664e-06 4.99988e-05 0)
(-7.662e-05 0.000262143 0)
(-0.000232791 0.000555325 0)
(-0.00046825 0.000906361 0)
(-0.000782118 0.00129673 0)
(-0.00117489 0.00171105 0)
(-0.0016458 0.00213684 0)
(-0.00219337 0.00256409 0)
(-0.00281552 0.00298489 0)
(-0.00350966 0.00339308 0)
(-0.00427269 0.00378394 0)
(-0.0051011 0.00415398 0)
(-0.00599103 0.00450063 0)
(-0.00693838 0.00482215 0)
(-0.00793879 0.0051174 0)
(-0.00898781 0.00538575 0)
(-0.0100808 0.00562695 0)
(-0.0112133 0.00584105 0)
(-0.0123804 0.00602829 0)
(-0.0135777 0.00618909 0)
(-0.0148004 0.00632395 0)
(-0.0160441 0.00643346 0)
(-0.0173042 0.00651821 0)
(-0.0185763 0.0065788 0)
(-0.019856 0.0066158 0)
(-0.021139 0.00662978 0)
(-0.022421 0.00662123 0)
(-0.0236979 0.00659061 0)
(-0.0249655 0.00653834 0)
(-0.0262198 0.00646477 0)
(-0.0274568 0.00637022 0)
(-0.0286725 0.00625496 0)
(-0.0298629 0.00611924 0)
(-0.0310242 0.00596325 0)
(-0.0321525 0.0057872 0)
(-0.0332441 0.00559129 0)
(-0.0342952 0.00537569 0)
(-0.0353021 0.00514064 0)
(-0.0362611 0.00488635 0)
(-0.0371686 0.00461312 0)
(-0.0380211 0.00432127 0)
(-0.0388153 0.00401118 0)
(-0.0395477 0.00368334 0)
(-0.0402151 0.00333828 0)
(-0.0408145 0.00297664 0)
(-0.0413429 0.00259917 0)
(-0.0417974 0.00220673 0)
(-0.0421755 0.00180027 0)
(-0.0424748 0.00138091 0)
(-0.0426931 0.000949852 0)
(-0.0428285 0.000508461 0)
(-0.0428792 5.82234e-05 0)
(-0.042844 -0.000399237 0)
(-0.0427217 -0.000862158 0)
(-0.0425116 -0.00132864 0)
(-0.0422134 -0.00179665 0)
(-0.041827 -0.00226403 0)
(-0.0413529 -0.00272851 0)
(-0.0407918 -0.00318773 0)
(-0.0401451 -0.00363922 0)
(-0.0394143 -0.00408043 0)
(-0.0386018 -0.00450878 0)
(-0.0377101 -0.00492161 0)
(-0.0367422 -0.00531628 0)
(-0.0357018 -0.00569013 0)
(-0.0345929 -0.00604052 0)
(-0.03342 -0.00636489 0)
(-0.0321879 -0.00666072 0)
(-0.0309021 -0.00692562 0)
(-0.0295683 -0.00715731 0)
(-0.0281927 -0.0073537 0)
(-0.0267818 -0.00751284 0)
(-0.0253425 -0.00763302 0)
(-0.0238818 -0.00771277 0)
(-0.0224072 -0.00775086 0)
(-0.0209262 -0.00774636 0)
(-0.0194464 -0.00769865 0)
(-0.0179757 -0.00760745 0)
(-0.0165218 -0.00747281 0)
(-0.0150925 -0.00729518 0)
(-0.0136954 -0.00707539 0)
(-0.012338 -0.00681469 0)
(-0.0110274 -0.00651475 0)
(-0.00977044 -0.00617771 0)
(-0.0085736 -0.00580618 0)
(-0.0074428 -0.00540328 0)
(-0.00638337 -0.00497268 0)
(-0.0054 -0.00451862 0)
(-0.00449661 -0.004046 0)
(-0.00367631 -0.00356041 0)
(-0.00294129 -0.00306823 0)
(-0.00229276 -0.00257672 0)
(-0.00173088 -0.00209418 0)
(-0.0012547 -0.00163004 0)
(-0.000862123 -0.00119511 0)
(-0.000549909 -0.000801717 0)
(-0.00031357 -0.000464056 0)
(-0.000147114 -0.000198377 0)
(-4.45772e-05 -2.3203e-05 0)
(-4.32444e-06 3.93563e-05 0)
(-1.15847e-05 9.28007e-05 0)
(-9.19738e-05 0.000389702 0)
(-0.00027596 0.00076724 0)
(-0.000549973 0.00120221 0)
(-0.000911311 0.00167581 0)
(-0.00135929 0.00217225 0)
(-0.0018921 0.00267851 0)
(-0.00250732 0.00318408 0)
(-0.00320214 0.00368055 0)
(-0.00397338 0.00416129 0)
(-0.00481742 0.0046212 0)
(-0.00573034 0.0050564 0)
(-0.00670791 0.00546406 0)
(-0.00774568 0.00584221 0)
(-0.00883904 0.00618955 0)
(-0.00998323 0.00650533 0)
(-0.0111734 0.00678923 0)
(-0.0124047 0.00704125 0)
(-0.0136722 0.00726165 0)
(-0.0149711 0.00745085 0)
(-0.0162964 0.0076094 0)
(-0.0176434 0.00773793 0)
(-0.0190072 0.00783709 0)
(-0.0203833 0.00790754 0)
(-0.0217669 0.00794992 0)
(-0.0231535 0.00796486 0)
(-0.0245385 0.00795292 0)
(-0.0259176 0.00791462 0)
(-0.0272862 0.00785043 0)
(-0.0286402 0.00776075 0)
(-0.0299751 0.00764596 0)
(-0.0312868 0.00750637 0)
(-0.0325711 0.00734226 0)
(-0.0338237 0.00715389 0)
(-0.0350406 0.0069415 0)
(-0.0362177 0.00670532 0)
(-0.037351 0.0064456 0)
(-0.0384365 0.00616261 0)
(-0.0394704 0.00585664 0)
(-0.0404487 0.00552804 0)
(-0.0413678 0.00517722 0)
(-0.0422239 0.00480468 0)
(-0.0430135 0.00441097 0)
(-0.0437332 0.00399678 0)
(-0.0443796 0.00356288 0)
(-0.0449496 0.00311019 0)
(-0.0454403 0.00263972 0)
(-0.0458488 0.00215266 0)
(-0.0461725 0.00165032 0)
(-0.0464093 0.00113417 0)
(-0.0465569 0.000605819 0)
(-0.0466137 6.70528e-05 0)
(-0.0465782 -0.000480198 0)
(-0.0464492 -0.00103384 0)
(-0.0462259 -0.00159161 0)
(-0.045908 -0.0021511 0)
(-0.0454954 -0.00270975 0)
(-0.0449886 -0.00326487 0)
(-0.0443884 -0.00381366 0)
(-0.0436961 -0.00435319 0)
(-0.0429136 -0.00488047 0)
(-0.0420431 -0.00539242 0)
(-0.0410873 -0.00588592 0)
(-0.0400496 -0.00635783 0)
(-0.0389336 -0.00680501 0)
(-0.0377437 -0.00722436 0)
(-0.0364845 -0.00761283 0)
(-0.0351613 -0.00796747 0)
(-0.0337798 -0.00828544 0)
(-0.032346 -0.00856405 0)
(-0.0308665 -0.00880082 0)
(-0.0293481 -0.00899347 0)
(-0.0277982 -0.00913996 0)
(-0.0262242 -0.00923854 0)
(-0.024634 -0.00928778 0)
(-0.0230355 -0.00928656 0)
(-0.021437 -0.00923416 0)
(-0.0198468 -0.00913024 0)
(-0.018273 -0.00897487 0)
(-0.0167239 -0.00876856 0)
(-0.0152077 -0.00851231 0)
(-0.0137322 -0.00820758 0)
(-0.0123053 -0.00785636 0)
(-0.0109341 -0.00746117 0)
(-0.00962563 -0.00702508 0)
(-0.00838624 -0.00655176 0)
(-0.00722173 -0.00604552 0)
(-0.00613719 -0.00551131 0)
(-0.005137 -0.00495482 0)
(-0.00422467 -0.00438251 0)
(-0.00340281 -0.00380172 0)
(-0.00267305 -0.00322072 0)
(-0.002036 -0.00264886 0)
(-0.00149119 -0.00209669 0)
(-0.00103707 -0.00157613 0)
(-0.000671037 -0.00110064 0)
(-0.000389324 -0.000685496 0)
(-0.000186698 -0.000347932 0)
(-5.8497e-05 -0.000107312 0)
(-6.29751e-06 1.36941e-05 0)
(-1.37077e-05 0.000143418 0)
(-0.000106892 0.000538566 0)
(-0.000318175 0.00101203 0)
(-0.000630219 0.00154083 0)
(-0.00103856 0.00210612 0)
(-0.00154136 0.00269189 0)
(-0.00213569 0.00328485 0)
(-0.0028182 0.00387413 0)
(-0.00358531 0.00445095 0)
(-0.00443315 0.00500836 0)
(-0.0053576 0.00554091 0)
(-0.00635423 0.00604447 0)
(-0.00741845 0.00651599 0)
(-0.00854545 0.00695329 0)
(-0.0097303 0.00735496 0)
(-0.010968 0.00772014 0)
(-0.0122534 0.00804845 0)
(-0.0135814 0.00833987 0)
(-0.0149469 0.00859466 0)
(-0.0163447 0.00881325 0)
(-0.0177698 0.00899625 0)
(-0.0192171 0.0091443 0)
(-0.0206816 0.00925813 0)
(-0.0221583 0.00933846 0)
(-0.0236425 0.00938599 0)
(-0.0251293 0.00940141 0)
(-0.0266139 0.00938534 0)
(-0.0280916 0.00933836 0)
(-0.0295578 0.00926099 0)
(-0.0310079 0.00915368 0)
(-0.0324374 0.00901687 0)
(-0.0338418 0.0088509 0)
(-0.0352166 0.0086561 0)
(-0.0365574 0.00843279 0)
(-0.0378599 0.00818123 0)
(-0.0391197 0.00790171 0)
(-0.0403325 0.00759454 0)
(-0.0414943 0.00726002 0)
(-0.0426007 0.00689855 0)
(-0.0436478 0.00651052 0)
(-0.0446316 0.00609645 0)
(-0.0455482 0.00565693 0)
(-0.0463938 0.00519263 0)
(-0.0471647 0.00470438 0)
(-0.0478575 0.00419309 0)
(-0.0484688 0.00365985 0)
(-0.0489954 0.00310588 0)
(-0.0494345 0.00253256 0)
(-0.0497833 0.00194145 0)
(-0.0500394 0.00133427 0)
(-0.0502005 0.000712921 0)
(-0.0502648 7.94838e-05 0)
(-0.0502307 -0.000563782 0)
(-0.050097 -0.00121443 0)
(-0.0498629 -0.00186982 0)
(-0.0495279 -0.00252715 0)
(-0.0490919 -0.00318343 0)
(-0.0485555 -0.00383553 0)
(-0.0479195 -0.00448019 0)
(-0.0471852 -0.005114 0)
(-0.0463546 -0.00573348 0)
(-0.0454299 -0.00633506 0)
(-0.0444141 -0.00691511 0)
(-0.0433105 -0.00746997 0)
(-0.0421231 -0.00799601 0)
(-0.0408563 -0.00848962 0)
(-0.0395151 -0.00894725 0)
(-0.0381049 -0.00936546 0)
(-0.0366317 -0.00974097 0)
(-0.0351018 -0.0100706 0)
(-0.0335222 -0.0103516 0)
(-0.0319001 -0.0105812 0)
(-0.030243 -0.010757 0)
(-0.028559 -0.010877 0)
(-0.0268562 -0.0109395 0)
(-0.0251432 -0.0109433 0)
(-0.0234285 -0.0108874 0)
(-0.0217209 -0.0107716 0)
(-0.020029 -0.0105957 0)
(-0.0183618 -0.0103605 0)
(-0.0167277 -0.0100671 0)
(-0.0151352 -0.00971709 0)
(-0.0135924 -0.00931289 0)
(-0.0121073 -0.00885736 0)
(-0.0106872 -0.00835405 0)
(-0.00933892 -0.0078072 0)
(-0.00806876 -0.00722173 0)
(-0.0068823 -0.00660335 0)
(-0.00578436 -0.00595852 0)
(-0.00477892 -0.0052946 0)
(-0.00386907 -0.00461984 0)
(-0.00305692 -0.00394352 0)
(-0.00234359 -0.00327602 0)
(-0.00172916 -0.00262895 0)
(-0.00121267 -0.00201527 0)
(-0.000792219 -0.00144949 0)
(-0.000464781 -0.00094782 0)
(-0.000225892 -0.000528356 0)
(-7.21473e-05 -0.000211101 0)
(-8.18644e-06 -1.90739e-05 0)
(-1.57394e-05 0.000201602 0)
(-0.000121343 0.000708221 0)
(-0.000359281 0.00128907 0)
(-0.000708633 0.00192158 0)
(-0.00116325 0.00258704 0)
(-0.00172016 0.00326943 0)
(-0.00237533 0.00395533 0)
(-0.00312446 0.00463369 0)
(-0.00396316 0.00529551 0)
(-0.00488687 0.00593359 0)
(-0.00589088 0.00654228 0)
(-0.00697029 0.00711725 0)
(-0.00812006 0.00765528 0)
(-0.00933503 0.00815407 0)
(-0.01061 0.00861209 0)
(-0.0119395 0.00902843 0)
(-0.0133183 0.00940266 0)
(-0.014741 0.00973474 0)
(-0.0162023 0.010025 0)
(-0.0176968 0.0102738 0)
(-0.0192191 0.0104818 0)
(-0.020764 0.0106497 0)
(-0.0223264 0.0107784 0)
(-0.0239011 0.0108685 0)
(-0.0254829 0.0109209 0)
(-0.0270668 0.0109362 0)
(-0.028648 0.0109153 0)
(-0.0302214 0.0108586 0)
(-0.0317821 0.0107668 0)
(-0.0333255 0.0106404 0)
(-0.0348466 0.0104798 0)
(-0.0363408 0.0102855 0)
(-0.0378035 0.0100579 0)
(-0.0392298 0.00979716 0)
(-0.0406154 0.00950376 0)
(-0.0419556 0.009178 0)
(-0.0432459 0.00882022 0)
(-0.044482 0.00843082 0)
(-0.0456593 0.00801023 0)
(-0.0467737 0.00755895 0)
(-0.047821 0.00707759 0)
(-0.048797 0.00656682 0)
(-0.0496978 0.00602748 0)
(-0.0505195 0.0054605 0)
(-0.0512585 0.00486697 0)
(-0.0519111 0.00424816 0)
(-0.0524742 0.00360549 0)
(-0.0529445 0.00294056 0)
(-0.0533192 0.00225518 0)
(-0.0535958 0.00155134 0)
(-0.0537718 0.000831235 0)
(-0.0538454 9.72667e-05 0)
(-0.0538148 -0.000647964 0)
(-0.0536787 -0.00140164 0)
(-0.0534362 -0.00216074 0)
(-0.0530868 -0.00292202 0)
(-0.0526305 -0.00368207 0)
(-0.0520676 -0.00443729 0)
(-0.0513991 -0.00518393 0)
(-0.0506262 -0.0059181 0)
(-0.049751 -0.00663579 0)
(-0.0487758 -0.00733292 0)
(-0.0477036 -0.00800532 0)
(-0.046538 -0.00864881 0)
(-0.0452829 -0.00925921 0)
(-0.0439429 -0.00983238 0)
(-0.0425234 -0.0103643 0)
(-0.0410298 -0.0108509 0)
(-0.0394684 -0.0112885 0)
(-0.0378458 -0.0116735 0)
(-0.0361693 -0.0120026 0)
(-0.0344464 -0.0122727 0)
(-0.032685 -0.012481 0)
(-0.0308935 -0.0126253 0)
(-0.0290805 -0.0127036 0)
(-0.0272549 -0.0127143 0)
(-0.0254257 -0.0126565 0)
(-0.0236022 -0.0125297 0)
(-0.0217935 -0.012334 0)
(-0.0200089 -0.01207 0)
(-0.0182575 -0.0117389 0)
(-0.0165482 -0.0113428 0)
(-0.0148898 -0.0108842 0)
(-0.0132904 -0.0103664 0)
(-0.0117581 -0.0097935 0)
(-0.0103003 -0.00917021 0)
(-0.00892358 -0.00850214 0)
(-0.00763417 -0.00779571 0)
(-0.00643737 -0.00705819 0)
(-0.00533767 -0.00629779 0)
(-0.00433868 -0.00552371 0)
(-0.00344305 -0.00474619 0)
(-0.00265246 -0.0039766 0)
(-0.00196759 -0.00322758 0)
(-0.00138813 -0.00251309 0)
(-0.000912878 -0.00184857 0)
(-0.000539586 -0.00125112 0)
(-0.000264531 -0.000739531 0)
(-8.54908e-05 -0.000334338 0)
(-9.99701e-06 -5.87715e-05 0)
(-1.76852e-05 0.000267094 0)
(-0.000135315 0.000898098 0)
(-0.000399196 0.00159763 0)
(-0.000785002 0.00234365 0)
(-0.00128499 0.00311774 0)
(-0.00189508 0.00390403 0)
(-0.00261018 0.00468914 0)
(-0.00342501 0.00546194 0)
(-0.00433436 0.00621336 0)
(-0.00533297 0.00693608 0)
(-0.00641553 0.00762433 0)
(-0.00757661 0.00827366 0)
(-0.00881074 0.00888073 0)
(-0.0101124 0.00944319 0)
(-0.0114759 0.00995944 0)
(-0.0128957 0.0104285 0)
(-0.0143662 0.01085 0)
(-0.0158818 0.0112239 0)
(-0.0174368 0.0115504 0)
(-0.0190258 0.01183 0)
(-0.0206431 0.0120635 0)
(-0.0222834 0.0122516 0)
(-0.0239412 0.0123952 0)
(-0.0256112 0.0124949 0)
(-0.0272881 0.0125518 0)
(-0.0289667 0.0125665 0)
(-0.0306417 0.0125399 0)
(-0.0323081 0.0124725 0)
(-0.0339609 0.0123651 0)
(-0.0355949 0.0122182 0)
(-0.0372053 0.0120322 0)
(-0.038787 0.0118078 0)
(-0.0403352 0.0115451 0)
(-0.0418451 0.0112447 0)
(-0.0433118 0.010907 0)
(-0.0447306 0.0105322 0)
(-0.0460968 0.0101209 0)
(-0.0474057 0.00967343 0)
(-0.0486527 0.00919034 0)
(-0.0498335 0.00867222 0)
(-0.0509435 0.00811975 0)
(-0.0519784 0.00753375 0)
(-0.0529341 0.00691515 0)
(-0.0538066 0.00626504 0)
(-0.054592 0.0055847 0)
(-0.0552865 0.00487556 0)
(-0.0558867 0.00413926 0)
(-0.0563893 0.00337764 0)
(-0.0567913 0.00259276 0)
(-0.0570899 0.00178689 0)
(-0.0572827 0.00096253 0)
(-0.0573675 0.000122419 0)
(-0.0573426 -0.00073049 0)
(-0.0572066 -0.001593 0)
(-0.0569584 -0.00246167 0)
(-0.0565975 -0.00333284 0)
(-0.0561238 -0.00420262 0)
(-0.0555377 -0.00506694 0)
(-0.0548399 -0.00592155 0)
(-0.0540318 -0.00676205 0)
(-0.0531155 -0.00758389 0)
(-0.0520933 -0.00838243 0)
(-0.0509683 -0.00915296 0)
(-0.049744 -0.00989074 0)
(-0.0484247 -0.010591 0)
(-0.047015 -0.0112491 0)
(-0.0455203 -0.0118604 0)
(-0.0439465 -0.0124205 0)
(-0.0423 -0.0129249 0)
(-0.0405876 -0.0133697 0)
(-0.0388168 -0.0137511 0)
(-0.0369955 -0.0140655 0)
(-0.035132 -0.0143098 0)
(-0.033235 -0.0144815 0)
(-0.0313135 -0.0145781 0)
(-0.0293767 -0.0145981 0)
(-0.0274342 -0.0145402 0)
(-0.0254955 -0.0144038 0)
(-0.0235705 -0.014189 0)
(-0.0216688 -0.0138965 0)
(-0.0198001 -0.0135278 0)
(-0.0179737 -0.0130849 0)
(-0.016199 -0.0125707 0)
(-0.0144847 -0.011989 0)
(-0.0128393 -0.0113442 0)
(-0.0112707 -0.0106418 0)
(-0.00978631 -0.00988783 0)
(-0.00839267 -0.00908956 0)
(-0.0070957 -0.00825502 0)
(-0.00590046 -0.00739328 0)
(-0.0048111 -0.00651445 0)
(-0.00383089 -0.00562973 0)
(-0.0029621 -0.00475146 0)
(-0.00220605 -0.00389325 0)
(-0.00156311 -0.00307001 0)
(-0.00103279 -0.00229808 0)
(-0.000613615 -0.00159534 0)
(-0.000302568 -0.000981237 0)
(-9.85248e-05 -0.000476735 0)
(-1.17329e-05 -0.000105213 0)
(-1.95503e-05 0.00033964 0)
(-0.00014881 0.00110759 0)
(-0.000437885 0.00193689 0)
(-0.000859215 0.0028061 0)
(-0.00140355 0.00369723 0)
(-0.00206574 0.00459469 0)
(-0.00283966 0.00548524 0)
(-0.00371907 0.00635785 0)
(-0.00469794 0.00720347 0)
(-0.00577031 0.00801476 0)
(-0.00693023 0.00878592 0)
(-0.00817175 0.00951247 0)
(-0.00948893 0.010191 0)
(-0.0108758 0.0108192 0)
(-0.0123265 0.0113955 0)
(-0.0138351 0.0119188 0)
(-0.0153956 0.0123887 0)
(-0.0170022 0.0128054 0)
(-0.0186492 0.0131689 0)
(-0.0203306 0.01348 0)
(-0.0220409 0.0137394 0)
(-0.0237744 0.0139478 0)
(-0.0255254 0.0141062 0)
(-0.0272885 0.0142154 0)
(-0.0290582 0.0142763 0)
(-0.0308291 0.0142898 0)
(-0.0325959 0.0142568 0)
(-0.0343531 0.0141778 0)
(-0.0360957 0.0140536 0)
(-0.0378183 0.0138848 0)
(-0.0395158 0.0136719 0)
(-0.0411831 0.0134155 0)
(-0.0428151 0.013116 0)
(-0.0444068 0.0127737 0)
(-0.0459532 0.0123893 0)
(-0.0474492 0.011963 0)
(-0.0488901 0.0114953 0)
(-0.0502709 0.0109868 0)
(-0.0515869 0.010438 0)
(-0.0528334 0.00984969 0)
(-0.0540058 0.00922254 0)
(-0.0550996 0.00855753 0)
(-0.0561105 0.00785572 0)
(-0.0570341 0.00711835 0)
(-0.0578666 0.00634687 0)
(-0.0586039 0.0055429 0)
(-0.0592424 0.0047083 0)
(-0.0597786 0.00384515 0)
(-0.0602095 0.00295578 0)
(-0.060532 0.00204274 0)
(-0.0607436 0.00110886 0)
(-0.060842 0.000157216 0)
(-0.0608254 -0.000808878 0)
(-0.0606921 -0.00178583 0)
(-0.0604411 -0.00276977 0)
(-0.0600717 -0.00375659 0)
(-0.0595837 -0.00474194 0)
(-0.0589775 -0.00572124 0)
(-0.0582538 -0.00668973 0)
(-0.0574139 -0.00764246 0)
(-0.0564598 -0.00857434 0)
(-0.055394 -0.00948015 0)
(-0.0542195 -0.0103546 0)
(-0.0529399 -0.0111924 0)
(-0.0515596 -0.0119882 0)
(-0.0500833 -0.0127367 0)
(-0.0485166 -0.0134327 0)
(-0.0468654 -0.0140713 0)
(-0.0451363 -0.0146475 0)
(-0.0433365 -0.0151567 0)
(-0.0414736 -0.0155947 0)
(-0.039556 -0.0159575 0)
(-0.037592 -0.0162416 0)
(-0.0355909 -0.0164439 0)
(-0.0335619 -0.0165619 0)
(-0.0315147 -0.0165936 0)
(-0.0294594 -0.0165377 0)
(-0.0274059 -0.0163934 0)
(-0.0253646 -0.0161607 0)
(-0.0233455 -0.0158404 0)
(-0.0213588 -0.015434 0)
(-0.0194146 -0.0149439 0)
(-0.0175225 -0.0143733 0)
(-0.0156921 -0.0137261 0)
(-0.0139323 -0.0130075 0)
(-0.0122516 -0.0122232 0)
(-0.0106579 -0.0113802 0)
(-0.00915849 -0.0104863 0)
(-0.00775982 -0.0095504 0)
(-0.00646757 -0.00858239 0)
(-0.00528652 -0.00759327 0)
(-0.00422054 -0.00659517 0)
(-0.00327256 -0.00560142 0)
(-0.00244457 -0.00462655 0)
(-0.00173763 -0.00368639 0)
(-0.001152 -0.00279813 0)
(-0.00068692 -0.0019804 0)
(-0.000340051 -0.00125323 0)
(-0.000111279 -0.000638009 0)
(-1.34031e-05 -0.000158232 0)
(-2.13401e-05 0.000418991 0)
(-0.00016184 0.0013361 0)
(-0.000475344 0.00230598 0)
(-0.00093122 0.00330791 0)
(-0.00151879 0.0043244 0)
(-0.00223189 0.00534023 0)
(-0.00306339 0.00634244 0)
(-0.00400613 0.00732021 0)
(-0.00505325 0.0082646 0)
(-0.00619807 0.00916837 0)
(-0.00743403 0.0100258 0)
(-0.00875463 0.0108324 0)
(-0.0101535 0.0115848 0)
(-0.0116242 0.0122808 0)
(-0.0131605 0.0129187 0)
(-0.0147562 0.0134976 0)
(-0.0164051 0.0140172 0)
(-0.0181011 0.0144774 0)
(-0.0198381 0.0148788 0)
(-0.0216103 0.0152218 0)
(-0.0234116 0.0155073 0)
(-0.0252363 0.0157362 0)
(-0.0270787 0.0159093 0)
(-0.0289329 0.0160277 0)
(-0.0307934 0.0160924 0)
(-0.0326547 0.0161041 0)
(-0.0345112 0.0160639 0)
(-0.0363573 0.0159723 0)
(-0.0381878 0.0158303 0)
(-0.0399973 0.0156383 0)
(-0.0417803 0.0153971 0)
(-0.0435317 0.0151071 0)
(-0.045246 0.0147688 0)
(-0.0469183 0.0143828 0)
(-0.0485431 0.0139494 0)
(-0.0501155 0.0134691 0)
(-0.0516303 0.0129426 0)
(-0.0530824 0.0123703 0)
(-0.054467 0.0117529 0)
(-0.0557792 0.0110911 0)
(-0.0570141 0.010386 0)
(-0.0581671 0.00963843 0)
(-0.0592337 0.00884969 0)
(-0.0602093 0.00802115 0)
(-0.0610899 0.00715444 0)
(-0.0618712 0.00625138 0)
(-0.0625496 0.00531405 0)
(-0.0631212 0.00434477 0)
(-0.0635829 0.00334615 0)
(-0.0639315 0.00232103 0)
(-0.0641643 0.00127257 0)
(-0.0642789 0.000204183 0)
(-0.0642732 -0.000880428 0)
(-0.0641455 -0.00197727 0)
(-0.0638947 -0.00308204 0)
(-0.06352 -0.00419017 0)
(-0.063021 -0.00529682 0)
(-0.062398 -0.00639691 0)
(-0.0616517 -0.00748512 0)
(-0.0607834 -0.00855597 0)
(-0.0597949 -0.00960378 0)
(-0.0586888 -0.0106228 0)
(-0.0574681 -0.011607 0)
(-0.0561364 -0.0125506 0)
(-0.0546981 -0.0134476 0)
(-0.0531582 -0.0142922 0)
(-0.051522 -0.0150784 0)
(-0.049796 -0.0158008 0)
(-0.0479867 -0.0164538 0)
(-0.0461015 -0.0170324 0)
(-0.0441485 -0.0175316 0)
(-0.0421359 -0.0179471 0)
(-0.0400728 -0.018275 0)
(-0.0379684 -0.0185116 0)
(-0.0358327 -0.0186543 0)
(-0.0336755 -0.0187006 0)
(-0.0315074 -0.018649 0)
(-0.0293389 -0.0184986 0)
(-0.0271806 -0.0182495 0)
(-0.0250433 -0.0179023 0)
(-0.0229377 -0.0174587 0)
(-0.0208744 -0.0169212 0)
(-0.0188636 -0.0162932 0)
(-0.0169154 -0.0155793 0)
(-0.0150394 -0.0147848 0)
(-0.0132447 -0.0139161 0)
(-0.01154 -0.0129809 0)
(-0.00993296 -0.0119876 0)
(-0.00843084 -0.0109459 0)
(-0.00703991 -0.00986659 0)
(-0.00576564 -0.00876148 0)
(-0.00461257 -0.00764367 0)
(-0.00358431 -0.0065274 0)
(-0.00268354 -0.00542815 0)
(-0.00191202 -0.00436263 0)
(-0.00127074 -0.00334888 0)
(-0.000759677 -0.00240623 0)
(-0.000377094 -0.00155532 0)
(-0.000123806 -0.000817915 0)
(-1.50192e-05 -0.000217684 0)
(-2.30593e-05 0.000504907 0)
(-0.000174418 0.00158301 0)
(-0.000511586 0.00270404 0)
(-0.00100101 0.00384802 0)
(-0.00163065 0.00499805 0)
(-0.00239341 0.00613939 0)
(-0.00328116 0.00725945 0)
(-0.00428584 0.00834769 0)
(-0.0053998 0.00939541 0)
(-0.00661566 0.0103955 0)
(-0.00792621 0.0113425 0)
(-0.00932444 0.0122319 0)
(-0.0108034 0.0130606 0)
(-0.0123565 0.0138263 0)
(-0.0139769 0.0145275 0)
(-0.0156581 0.0151634 0)
(-0.0173937 0.0157336 0)
(-0.0191774 0.0162384 0)
(-0.0210029 0.0166781 0)
(-0.022864 0.0170535 0)
(-0.0247546 0.0173655 0)
(-0.0266688 0.0176149 0)
(-0.0286006 0.0178027 0)
(-0.0305442 0.0179302 0)
(-0.0324938 0.0179981 0)
(-0.0344436 0.0180076 0)
(-0.0363881 0.0179594 0)
(-0.0383216 0.0178545 0)
(-0.0402385 0.0176935 0)
(-0.0421333 0.0174773 0)
(-0.0440005 0.0172063 0)
(-0.0458347 0.0168812 0)
(-0.0476304 0.0165026 0)
(-0.0493822 0.0160708 0)
(-0.0510848 0.0155865 0)
(-0.0527329 0.0150501 0)
(-0.0543213 0.0144623 0)
(-0.0558446 0.0138236 0)
(-0.0572979 0.0131348 0)
(-0.0586759 0.0123968 0)
(-0.0599738 0.0116105 0)
(-0.0611867 0.0107771 0)
(-0.0623099 0.00989793 0)
(-0.0633387 0.00897456 0)
(-0.0642687 0.00800876 0)
(-0.0650957 0.00700258 0)
(-0.0658157 0.00595831 0)
(-0.0664248 0.00487852 0)
(-0.0669196 0.00376608 0)
(-0.0672968 0.00262417 0)
(-0.0675534 0.00145624 0)
(-0.0676869 0.000266085 0)
(-0.0676951 -0.00094222 0)
(-0.0675762 -0.00216427 0)
(-0.0673288 -0.00339531 0)
(-0.066952 -0.00463031 0)
(-0.0664454 -0.00586393 0)
(-0.065809 -0.00709055 0)
(-0.0650435 -0.00830434 0)
(-0.0641502 -0.0094992 0)
(-0.0631308 -0.0106689 0)
(-0.0619877 -0.011807 0)
(-0.0607239 -0.012907 0)
(-0.0593433 -0.0139623 0)
(-0.05785 -0.0149665 0)
(-0.056249 -0.0159128 0)
(-0.0545461 -0.016795 0)
(-0.0527475 -0.0176067 0)
(-0.0508601 -0.0183419 0)
(-0.0488914 -0.0189949 0)
(-0.0468496 -0.0195603 0)
(-0.0447434 -0.0200332 0)
(-0.042582 -0.0204091 0)
(-0.0403751 -0.020684 0)
(-0.0381328 -0.0208548 0)
(-0.0358656 -0.0209189 0)
(-0.0335844 -0.0208744 0)
(-0.0313001 -0.0207202 0)
(-0.029024 -0.0204563 0)
(-0.0267673 -0.0200833 0)
(-0.0245412 -0.019603 0)
(-0.0223571 -0.0190181 0)
(-0.0202257 -0.0183323 0)
(-0.0181577 -0.0175503 0)
(-0.0161635 -0.0166781 0)
(-0.0142527 -0.0157226 0)
(-0.0124347 -0.014692 0)
(-0.010718 -0.0135954 0)
(-0.00911038 -0.0124435 0)
(-0.00761888 -0.0112476 0)
(-0.00624967 -0.0100206 0)
(-0.00500799 -0.00877649 0)
(-0.00389817 -0.00753043 0)
(-0.00292361 -0.00629881 0)
(-0.00208679 -0.00509925 0)
(-0.00138942 -0.00395058 0)
(-0.000832157 -0.00287287 0)
(-0.000413855 -0.00188737 0)
(-0.000136171 -0.00101628 0)
(-1.6594e-05 -0.000283458 0)
(-2.47126e-05 0.000597155 0)
(-0.000186559 0.00184771 0)
(-0.000546633 0.00313017 0)
(-0.00106859 0.00442534 0)
(-0.00173913 0.00571696 0)
(-0.00255022 0.00699083 0)
(-0.00349281 0.00823485 0)
(-0.00455798 0.00943884 0)
(-0.00573728 0.0105944 0)
(-0.00702265 0.0116948 0)
(-0.00840626 0.0127345 0)
(-0.00988056 0.0137096 0)
(-0.0114382 0.0146169 0)
(-0.0130719 0.0154542 0)
(-0.0147748 0.0162203 0)
(-0.01654 0.0169144 0)
(-0.0183607 0.0175365 0)
(-0.0202304 0.0180866 0)
(-0.0221426 0.0185653 0)
(-0.024091 0.0189735 0)
(-0.0260692 0.0193121 0)
(-0.0280712 0.0195822 0)
(-0.0300908 0.0197847 0)
(-0.0321222 0.0199209 0)
(-0.0341592 0.0199919 0)
(-0.0361962 0.0199985 0)
(-0.0382272 0.0199418 0)
(-0.0402466 0.0198227 0)
(-0.0422486 0.019642 0)
(-0.0442276 0.0194003 0)
(-0.046178 0.0190985 0)
(-0.048094 0.0187369 0)
(-0.0499702 0.0183163 0)
(-0.051801 0.0178372 0)
(-0.053581 0.0173001 0)
(-0.0553046 0.0167056 0)
(-0.0569664 0.0160543 0)
(-0.0585611 0.0153469 0)
(-0.0600833 0.0145842 0)
(-0.0615279 0.0137671 0)
(-0.0628896 0.0128968 0)
(-0.0641634 0.0119745 0)
(-0.0653444 0.0110017 0)
(-0.0664278 0.00998 0)
(-0.067409 0.0089115 0)
(-0.0682837 0.00779838 0)
(-0.0690474 0.00664317 0)
(-0.0696964 0.00544869 0)
(-0.0702267 0.00421809 0)
(-0.0706352 0.00295483 0)
(-0.0709185 0.00166273 0)
(-0.071074 0.000345921 0)
(-0.0710993 -0.000991122 0)
(-0.0709924 -0.00234358 0)
(-0.0707518 -0.00370625 0)
(-0.0703764 -0.00507361 0)
(-0.0698656 -0.00643981 0)
(-0.0692194 -0.00779872 0)
(-0.0684383 -0.00914392 0)
(-0.0675234 -0.0104687 0)
(-0.0664765 -0.0117663 0)
(-0.0652997 -0.0130296 0)
(-0.0639962 -0.0142514 0)
(-0.0625695 -0.0154246 0)
(-0.0610241 -0.0165419 0)
(-0.0593649 -0.017596 0)
(-0.0575976 -0.01858 0)
(-0.0557286 -0.0194868 0)
(-0.053765 -0.0203099 0)
(-0.0517144 -0.0210428 0)
(-0.0495852 -0.0216796 0)
(-0.0473863 -0.0222148 0)
(-0.0451272 -0.0226433 0)
(-0.042818 -0.0229609 0)
(-0.0404691 -0.0231637 0)
(-0.0380915 -0.023249 0)
(-0.0356964 -0.0232145 0)
(-0.0332954 -0.0230591 0)
(-0.0309001 -0.0227823 0)
(-0.0285224 -0.022385 0)
(-0.0261741 -0.0218689 0)
(-0.0238671 -0.0212367 0)
(-0.0216129 -0.0204926 0)
(-0.0194228 -0.0196415 0)
(-0.0173079 -0.0186897 0)
(-0.0152786 -0.0176449 0)
(-0.0133448 -0.0165157 0)
(-0.0115159 -0.015312 0)
(-0.00980051 -0.0140451 0)
(-0.00820626 -0.0127273 0)
(-0.00674012 -0.0113724 0)
(-0.00540808 -0.00999515 0)
(-0.00421522 -0.00861176 0)
(-0.00316566 -0.0072395 0)
(-0.00226262 -0.0058969 0)
(-0.00150852 -0.00460362 0)
(-0.000904699 -0.0033805 0)
(-0.000450527 -0.0022494 0)
(-0.00014845 -0.00123301 0)
(-1.81408e-05 -0.000355481 0)
(-2.63037e-05 0.000695515 0)
(-0.000198278 0.00212963 0)
(-0.000580511 0.00358351 0)
(-0.001134 0.00503877 0)
(-0.00184422 0.00647985 0)
(-0.00270229 0.00789319 0)
(-0.00369828 0.00926719 0)
(-0.0048224 0.0105921 0)
(-0.00606548 0.0118601 0)
(-0.00741875 0.0130645 0)
(-0.00887379 0.0142004 0)
(-0.0104225 0.0152638 0)
(-0.0120571 0.016252 0)
(-0.0137699 0.0171629 0)
(-0.0155536 0.0179955 0)
(-0.0174011 0.0187492 0)
(-0.0193053 0.019424 0)
(-0.0212594 0.0200203 0)
(-0.0232567 0.0205387 0)
(-0.0252907 0.0209801 0)
(-0.0273549 0.0213457 0)
(-0.0294431 0.0216365 0)
(-0.0315491 0.0218537 0)
(-0.0336666 0.0219985 0)
(-0.0357897 0.0220721 0)
(-0.0379124 0.0220756 0)
(-0.0400287 0.0220098 0)
(-0.0421329 0.0218759 0)
(-0.0442189 0.0216745 0)
(-0.0462811 0.0214066 0)
(-0.0483137 0.0210727 0)
(-0.050311 0.0206735 0)
(-0.0522672 0.0202096 0)
(-0.0541767 0.0196816 0)
(-0.0560338 0.01909 0)
(-0.0578329 0.0184355 0)
(-0.0595684 0.0177188 0)
(-0.0612349 0.0169405 0)
(-0.0628267 0.0161016 0)
(-0.0643386 0.015203 0)
(-0.0657652 0.014246 0)
(-0.0671013 0.0132319 0)
(-0.0683417 0.0121624 0)
(-0.0694815 0.0110392 0)
(-0.0705159 0.00986462 0)
(-0.0714403 0.00864096 0)
(-0.0722503 0.00737102 0)
(-0.0729416 0.00605786 0)
(-0.0735105 0.00470492 0)
(-0.0739531 0.00331596 0)
(-0.0742663 0.00189512 0)
(-0.0744471 0.000446918 0)
(-0.0744929 -0.00102379 0)
(-0.0744015 -0.00251176 0)
(-0.0741713 -0.00401133 0)
(-0.0738009 -0.00551649 0)
(-0.0732896 -0.00702089 0)
(-0.0726373 -0.00851783 0)
(-0.0718442 -0.0100003 0)
(-0.0709113 -0.0114611 0)
(-0.0698402 -0.0128926 0)
(-0.0686332 -0.0142872 0)
(-0.0672931 -0.0156371 0)
(-0.0658236 -0.0169344 0)
(-0.0642289 -0.0181711 0)
(-0.062514 -0.0193393 0)
(-0.0606847 -0.0204312 0)
(-0.0587475 -0.0214393 0)
(-0.0567094 -0.0223561 0)
(-0.0545783 -0.0231747 0)
(-0.0523628 -0.0238884 0)
(-0.050072 -0.0244912 0)
(-0.0477157 -0.0249774 0)
(-0.0453042 -0.0253421 0)
(-0.0428485 -0.0255813 0)
(-0.0403598 -0.0256916 0)
(-0.0378498 -0.0256705 0)
(-0.0353307 -0.0255166 0)
(-0.0328146 -0.0252293 0)
(-0.030314 -0.0248093 0)
(-0.0278413 -0.0242583 0)
(-0.025409 -0.0235794 0)
(-0.0230294 -0.0227766 0)
(-0.0207146 -0.0218553 0)
(-0.0184762 -0.0208223 0)
(-0.0163255 -0.0196857 0)
(-0.0142732 -0.0184546 0)
(-0.0123295 -0.0171398 0)
(-0.0105036 -0.0157531 0)
(-0.00880413 -0.014308 0)
(-0.0072388 -0.0128188 0)
(-0.00581439 -0.0113014 0)
(-0.00453674 -0.00977283 0)
(-0.00341073 -0.00825139 0)
(-0.00244032 -0.00675647 0)
(-0.00162864 -0.00530863 0)
(-0.000977691 -0.00392947 0)
(-0.000487326 -0.00264155 0)
(-0.000160726 -0.00146812 0)
(-1.96733e-05 -0.000433721 0)
(-2.78359e-05 0.00079977 0)
(-0.000209588 0.00242819 0)
(-0.000613244 0.00406317 0)
(-0.00119726 0.00568719 0)
(-0.00194595 0.00728544 0)
(-0.00284964 0.00884502 0)
(-0.00389752 0.0103549 0)
(-0.00507902 0.011806 0)
(-0.00638422 0.0131908 0)
(-0.00780372 0.0145031 0)
(-0.0093285 0.0157383 0)
(-0.0109499 0.0168929 0)
(-0.0126598 0.0179642 0)
(-0.0144499 0.0189508 0)
(-0.0163128 0.0198515 0)
(-0.0182408 0.0206661 0)
(-0.0202268 0.0213947 0)
(-0.0222636 0.022038 0)
(-0.0243444 0.0225966 0)
(-0.0264625 0.0230718 0)
(-0.0286112 0.0234646 0)
(-0.0307841 0.0237763 0)
(-0.0329749 0.0240082 0)
(-0.0351773 0.0241616 0)
(-0.0373851 0.0242376 0)
(-0.0395923 0.0242375 0)
(-0.0417927 0.0241623 0)
(-0.0439805 0.0240129 0)
(-0.0461497 0.0237902 0)
(-0.0482944 0.0234952 0)
(-0.0504086 0.0231283 0)
(-0.0524866 0.0226904 0)
(-0.0545225 0.022182 0)
(-0.0565105 0.0216038 0)
(-0.0584449 0.0209563 0)
(-0.0603197 0.0202403 0)
(-0.0621295 0.0194563 0)
(-0.0638684 0.0186052 0)
(-0.0655308 0.0176879 0)
(-0.0671111 0.0167056 0)
(-0.068604 0.0156595 0)
(-0.0700038 0.014551 0)
(-0.0713055 0.0133819 0)
(-0.0725037 0.0121543 0)
(-0.0735936 0.0108703 0)
(-0.0745702 0.00953277 0)
(-0.0754291 0.0081445 0)
(-0.0761657 0.00670887 0)
(-0.076776 0.00522958 0)
(-0.0772561 0.00371071 0)
(-0.0776025 0.00215673 0)
(-0.077812 0.000572515 0)
(-0.0778819 -0.00103668 0)
(-0.0778098 -0.00266518 0)
(-0.0775936 -0.00430686 0)
(-0.0772321 -0.00595524 0)
(-0.0767242 -0.00760343 0)
(-0.0760694 -0.00924416 0)
(-0.0752681 -0.0108699 0)
(-0.074321 -0.0124726 0)
(-0.0732294 -0.0140444 0)
(-0.0719956 -0.0155767 0)
(-0.0706222 -0.017061 0)
(-0.0691129 -0.0184888 0)
(-0.0674718 -0.0198514 0)
(-0.0657039 -0.0211402 0)
(-0.0638149 -0.0223465 0)
(-0.0618114 -0.0234622 0)
(-0.0597006 -0.0244791 0)
(-0.0574904 -0.0253894 0)
(-0.0551896 -0.0261859 0)
(-0.0528076 -0.0268619 0)
(-0.0503543 -0.0274111 0)
(-0.0478405 -0.0278281 0)
(-0.0452774 -0.0281082 0)
(-0.0426768 -0.0282477 0)
(-0.0400508 -0.0282436 0)
(-0.0374119 -0.0280943 0)
(-0.0347732 -0.0277991 0)
(-0.0321474 -0.0273583 0)
(-0.0295479 -0.0267738 0)
(-0.0269877 -0.0260486 0)
(-0.0244799 -0.025187 0)
(-0.0220373 -0.0241947 0)
(-0.0196723 -0.0230788 0)
(-0.0173971 -0.0218479 0)
(-0.0152232 -0.0205117 0)
(-0.0131615 -0.0190816 0)
(-0.0112223 -0.0175704 0)
(-0.00941482 -0.0159921 0)
(-0.00774774 -0.0143621 0)
(-0.00622863 -0.0126972 0)
(-0.00486416 -0.0110154 0)
(-0.00365997 -0.0093359 0)
(-0.00262077 -0.00767908 0)
(-0.00175043 -0.0060664 0)
(-0.00105155 -0.00452031 0)
(-0.000524484 -0.00306413 0)
(-0.000173085 -0.00172174 0)
(-2.12054e-05 -0.000518193 0)
(-2.93118e-05 0.000909715 0)
(-0.000220502 0.00274282 0)
(-0.000644856 0.0045683 0)
(-0.00125839 0.00636951 0)
(-0.00204434 0.00813243 0)
(-0.00299225 0.00984488 0)
(-0.0040905 0.0114965 0)
(-0.00532775 0.0130788 0)
(-0.00669339 0.0145848 0)
(-0.00817737 0.0160088 0)
(-0.00977012 0.0173466 0)
(-0.0114625 0.0185951 0)
(-0.0132458 0.019752 0)
(-0.0151116 0.020816 0)
(-0.0170518 0.0217864 0)
(-0.0190587 0.0226632 0)
(-0.0211247 0.0234468 0)
(-0.0232426 0.0241379 0)
(-0.0254053 0.0247375 0)
(-0.0276058 0.0252469 0)
(-0.0298374 0.0256673 0)
(-0.0320936 0.0260002 0)
(-0.0343678 0.0262469 0)
(-0.0366537 0.0264088 0)
(-0.038945 0.0264871 0)
(-0.0412355 0.0264832 0)
(-0.0435191 0.0263981 0)
(-0.0457896 0.0262328 0)
(-0.0480412 0.0259884 0)
(-0.0502676 0.0256655 0)
(-0.0524631 0.0252649 0)
(-0.0546215 0.0247874 0)
(-0.056737 0.0242335 0)
(-0.0588036 0.023604 0)
(-0.0608154 0.0228993 0)
(-0.0627666 0.0221202 0)
(-0.0646512 0.0212674 0)
(-0.0664634 0.0203418 0)
(-0.0681975 0.0193444 0)
(-0.0698476 0.0182762 0)
(-0.0714083 0.0171387 0)
(-0.0728738 0.0159335 0)
(-0.0742387 0.0146623 0)
(-0.0754976 0.0133274 0)
(-0.0766454 0.0119312 0)
(-0.077677 0.0104765 0)
(-0.0785876 0.00896649 0)
(-0.0793725 0.00740478 0)
(-0.0800275 0.00579532 0)
(-0.0805485 0.00414249 0)
(-0.0809317 0.00245109 0)
(-0.0811737 0.000726361 0)
(-0.0812714 -0.00102604 0)
(-0.0812224 -0.00280001 0)
(-0.0810243 -0.00458899 0)
(-0.0806756 -0.00638596 0)
(-0.080175 -0.00818353 0)
(-0.0795219 -0.00997386 0)
(-0.0787162 -0.0117488 0)
(-0.0777586 -0.0134998 0)
(-0.0766503 -0.015218 0)
(-0.0753932 -0.0168944 0)
(-0.07399 -0.0185198 0)
(-0.0724441 -0.0200849 0)
(-0.0707595 -0.0215801 0)
(-0.0689412 -0.0229961 0)
(-0.066995 -0.0243237 0)
(-0.0649274 -0.0255536 0)
(-0.0627456 -0.0266771 0)
(-0.0604577 -0.0276857 0)
(-0.0580726 -0.0285713 0)
(-0.0555998 -0.0293265 0)
(-0.0530498 -0.0299444 0)
(-0.0504334 -0.030419 0)
(-0.0477624 -0.0307451 0)
(-0.0450488 -0.0309183 0)
(-0.0423053 -0.0309354 0)
(-0.0395451 -0.0307942 0)
(-0.0367815 -0.0304938 0)
(-0.0340283 -0.0300345 0)
(-0.0312992 -0.0294181 0)
(-0.0286082 -0.0286474 0)
(-0.025969 -0.027727 0)
(-0.0233953 -0.0266629 0)
(-0.0209004 -0.0254625 0)
(-0.0184972 -0.0241348 0)
(-0.0161982 -0.0226902 0)
(-0.0140152 -0.0211407 0)
(-0.0119593 -0.0194998 0)
(-0.0100408 -0.0177825 0)
(-0.00826909 -0.016005 0)
(-0.00665265 -0.014185 0)
(-0.005199 -0.0123415 0)
(-0.00391461 -0.0104947 0)
(-0.00280493 -0.00866612 0)
(-0.00187455 -0.00687801 0)
(-0.00112673 -0.00515379 0)
(-0.000562243 -0.00351762 0)
(-0.000185618 -0.0019941 0)
(-2.27511e-05 -0.000608958 0)
(-3.07337e-05 0.00102515 0)
(-0.000231027 0.00307296 0)
(-0.000675363 0.00509804 0)
(-0.00131742 0.00708462 0)
(-0.00213941 0.00901951 0)
(-0.00313013 0.0108913 0)
(-0.0042772 0.0126904 0)
(-0.00556854 0.0144089 0)
(-0.00699287 0.0160404 0)
(-0.00853954 0.0175798 0)
(-0.0101984 0.0190234 0)
(-0.0119599 0.0203685 0)
(-0.0138148 0.0216133 0)
(-0.0157543 0.0227568 0)
(-0.0177701 0.0237986 0)
(-0.0198541 0.024739 0)
(-0.0219984 0.0255786 0)
(-0.0241957 0.0263185 0)
(-0.0264385 0.0269598 0)
(-0.0287199 0.0275039 0)
(-0.0310329 0.0279524 0)
(-0.0333709 0.0283067 0)
(-0.0357271 0.0285683 0)
(-0.0380952 0.0287388 0)
(-0.0404688 0.0288194 0)
(-0.0428416 0.0288116 0)
(-0.0452074 0.0287164 0)
(-0.0475599 0.028535 0)
(-0.0498932 0.0282682 0)
(-0.0522009 0.0279171 0)
(-0.0544772 0.0274822 0)
(-0.0567159 0.0269643 0)
(-0.058911 0.0263641 0)
(-0.0610564 0.0256822 0)
(-0.0631461 0.0249193 0)
(-0.0651741 0.024076 0)
(-0.0671344 0.0231531 0)
(-0.0690211 0.0221515 0)
(-0.0708281 0.0210722 0)
(-0.0725496 0.0199164 0)
(-0.0741798 0.0186856 0)
(-0.075713 0.0173814 0)
(-0.0771433 0.0160058 0)
(-0.0784654 0.014561 0)
(-0.0796737 0.0130497 0)
(-0.0807632 0.011475 0)
(-0.0817286 0.00984007 0)
(-0.0825652 0.00814886 0)
(-0.0832684 0.00640557 0)
(-0.0838338 0.00461488 0)
(-0.0842575 0.00278192 0)
(-0.0845358 0.000912301 0)
(-0.0846654 -0.000987941 0)
(-0.0846436 -0.00291226 0)
(-0.0844677 -0.00485364 0)
(-0.084136 -0.00680458 0)
(-0.0836468 -0.00875713 0)
(-0.0829995 -0.0107029 0)
(-0.0821936 -0.0126331 0)
(-0.0812295 -0.0145385 0)
(-0.0801083 -0.0164097 0)
(-0.0788317 -0.018237 0)
(-0.0774021 -0.0200102 0)
(-0.0758229 -0.0217194 0)
(-0.0740979 -0.0233542 0)
(-0.0722321 -0.0249046 0)
(-0.0702311 -0.0263604 0)
(-0.0681014 -0.0277117 0)
(-0.0658504 -0.0289488 0)
(-0.0634861 -0.0300624 0)
(-0.0610177 -0.0310438 0)
(-0.0584549 -0.0318846 0)
(-0.0558083 -0.0325775 0)
(-0.0530891 -0.0331155 0)
(-0.0503094 -0.0334929 0)
(-0.0474818 -0.0337047 0)
(-0.0446193 -0.0337473 0)
(-0.0417358 -0.0336181 0)
(-0.0388452 -0.0333159 0)
(-0.0359618 -0.0328406 0)
(-0.0331003 -0.0321939 0)
(-0.0302753 -0.0313788 0)
(-0.0275014 -0.0303999 0)
(-0.024793 -0.0292634 0)
(-0.0221645 -0.0279769 0)
(-0.0196297 -0.02655 0)
(-0.0172019 -0.0249937 0)
(-0.0148939 -0.0233205 0)
(-0.0127177 -0.0215448 0)
(-0.0106847 -0.0196823 0)
(-0.00880512 -0.0177503 0)
(-0.00708839 -0.0157673 0)
(-0.0055429 -0.0137534 0)
(-0.00417594 -0.0117299 0)
(-0.00299378 -0.00971925 0)
(-0.00200173 -0.00774477 0)
(-0.00120368 -0.00583088 0)
(-0.000600852 -0.00400267 0)
(-0.000198414 -0.00228558 0)
(-2.43243e-05 -0.000706123 0)
(-3.2103e-05 0.00114587 0)
(-0.000241171 0.00341808 0)
(-0.000704778 0.00565154 0)
(-0.00137437 0.00783141 0)
(-0.00223116 0.00994536 0)
(-0.00326327 0.0119828 0)
(-0.00445757 0.0139349 0)
(-0.00580131 0.0157945 0)
(-0.00728254 0.0175558 0)
(-0.00889005 0.0192143 0)
(-0.0106132 0.020767 0)
(-0.0124418 0.0222114 0)
(-0.0143664 0.0235464 0)
(-0.0163778 0.0247713 0)
(-0.0184673 0.0258862 0)
(-0.0206265 0.0268916 0)
(-0.0228473 0.0277884 0)
(-0.0251222 0.028578 0)
(-0.0274435 0.0292618 0)
(-0.0298041 0.0298413 0)
(-0.032197 0.0303183 0)
(-0.0346152 0.0306944 0)
(-0.0370522 0.0309713 0)
(-0.0395013 0.0311505 0)
(-0.041956 0.0312335 0)
(-0.0444101 0.0312217 0)
(-0.0468571 0.0311164 0)
(-0.0492909 0.0309186 0)
(-0.0517052 0.0306294 0)
(-0.0540938 0.0302495 0)
(-0.0564507 0.0297799 0)
(-0.0587695 0.0292212 0)
(-0.0610443 0.028574 0)
(-0.0632689 0.0278391 0)
(-0.065437 0.027017 0)
(-0.0675426 0.0261085 0)
(-0.0695797 0.0251144 0)
(-0.0715419 0.0240355 0)
(-0.0734234 0.0228729 0)
(-0.0752179 0.021628 0)
(-0.0769196 0.020302 0)
(-0.0785225 0.0188969 0)
(-0.0800207 0.0174147 0)
(-0.0814085 0.0158578 0)
(-0.0826803 0.014229 0)
(-0.0838306 0.0125313 0)
(-0.0848541 0.0107685 0)
(-0.0857457 0.00894456 0)
(-0.0865007 0.00706395 0)
(-0.0871144 0.00513166 0)
(-0.0875826 0.00315314 0)
(-0.0879013 0.00113436 0)
(-0.0880669 -0.000918256 0)
(-0.0880765 -0.00299773 0)
(-0.0879272 -0.00509659 0)
(-0.0876167 -0.00720685 0)
(-0.0871434 -0.00932001 0)
(-0.0865061 -0.0114271 0)
(-0.0857042 -0.0135187 0)
(-0.0847378 -0.015585 0)
(-0.0836078 -0.0176158 0)
(-0.0823155 -0.0196006 0)
(-0.0808633 -0.0215287 0)
(-0.0792542 -0.0233891 0)
(-0.077492 -0.0251708 0)
(-0.0755815 -0.0268629 0)
(-0.0735283 -0.0284544 0)
(-0.0713389 -0.0299343 0)
(-0.0690205 -0.0312924 0)
(-0.0665814 -0.0325183 0)
(-0.0640308 -0.0336025 0)
(-0.0613785 -0.0345359 0)
(-0.0586355 -0.0353102 0)
(-0.0558133 -0.0359179 0)
(-0.0529242 -0.0363525 0)
(-0.0499814 -0.0366084 0)
(-0.0469984 -0.0366813 0)
(-0.0439896 -0.0365684 0)
(-0.0409696 -0.0362678 0)
(-0.0379534 -0.0357794 0)
(-0.0349564 -0.0351046 0)
(-0.031994 -0.0342464 0)
(-0.0290818 -0.0332093 0)
(-0.026235 -0.0319998 0)
(-0.023469 -0.0306259 0)
(-0.0207984 -0.0290974 0)
(-0.0182378 -0.027426 0)
(-0.0158008 -0.0256249 0)
(-0.0135005 -0.023709 0)
(-0.0113492 -0.0216951 0)
(-0.00935817 -0.0196013 0)
(-0.00753785 -0.0174472 0)
(-0.00589749 -0.0152539 0)
(-0.0044453 -0.0130438 0)
(-0.00318834 -0.0108404 0)
(-0.00213268 -0.00866829 0)
(-0.00128287 -0.00655281 0)
(-0.000640561 -0.00452013 0)
(-0.000211565 -0.00259667 0)
(-2.59384e-05 -0.000809843 0)
(-3.34206e-05 0.00127169 0)
(-0.000250937 0.00377762 0)
(-0.000733106 0.00622794 0)
(-0.00142923 0.00860876 0)
(-0.00231959 0.0109086 0)
(-0.00339164 0.0131179 0)
(-0.00463158 0.0152284 0)
(-0.00602596 0.0172338 0)
(-0.00756226 0.0191291 0)
(-0.0092287 0.0209104 0)
(-0.0110141 0.0225752 0)
(-0.012908 0.0241218 0)
(-0.0149003 0.0255493 0)
(-0.0169816 0.0268576 0)
(-0.0191428 0.0280472 0)
(-0.0213753 0.029119 0)
(-0.0236708 0.0300743 0)
(-0.0260214 0.0309147 0)
(-0.0284195 0.0316417 0)
(-0.0308577 0.0322574 0)
(-0.0333288 0.0327635 0)
(-0.0358259 0.0331619 0)
(-0.0383421 0.0334544 0)
(-0.0408709 0.0336426 0)
(-0.0434056 0.0337282 0)
(-0.0459399 0.0337127 0)
(-0.0484673 0.0335972 0)
(-0.0509816 0.0333831 0)
(-0.0534764 0.0330712 0)
(-0.0559456 0.0326626 0)
(-0.0583828 0.0321579 0)
(-0.0607818 0.031558 0)
(-0.0631365 0.0308634 0)
(-0.0654405 0.0300749 0)
(-0.0676877 0.0291931 0)
(-0.0698718 0.0282187 0)
(-0.0719866 0.0271524 0)
(-0.0740258 0.0259952 0)
(-0.0759832 0.0247482 0)
(-0.0778525 0.0234127 0)
(-0.0796277 0.0219901 0)
(-0.0813026 0.0204825 0)
(-0.0828712 0.0188918 0)
(-0.0843275 0.0172206 0)
(-0.0856656 0.0154718 0)
(-0.08688 0.0136488 0)
(-0.087965 0.0117553 0)
(-0.0889153 0.00979551 0)
(-0.0897258 0.00777426 0)
(-0.0903917 0.00569677 0)
(-0.0909084 0.00356883 0)
(-0.0912718 0.00139674 0)
(-0.0914778 -0.000812695 0)
(-0.0915232 -0.00305206 0)
(-0.0914048 -0.00531343 0)
(-0.0911202 -0.00758834 0)
(-0.0906672 -0.00986774 0)
(-0.0900444 -0.0121421 0)
(-0.089251 -0.0144013 0)
(-0.0882866 -0.0166349 0)
(-0.0871519 -0.0188321 0)
(-0.0858481 -0.0209814 0)
(-0.0843771 -0.0230715 0)
(-0.0827417 -0.0250906 0)
(-0.0809458 -0.0270268 0)
(-0.0789937 -0.0288683 0)
(-0.0768911 -0.0306031 0)
(-0.0746442 -0.0322195 0)
(-0.0722605 -0.0337062 0)
(-0.0697482 -0.0350521 0)
(-0.0671165 -0.0362467 0)
(-0.0643756 -0.0372799 0)
(-0.0615365 -0.0381427 0)
(-0.058611 -0.0388268 0)
(-0.055612 -0.0393248 0)
(-0.0525529 -0.0396305 0)
(-0.0494478 -0.0397391 0)
(-0.0463117 -0.039647 0)
(-0.0431599 -0.0393521 0)
(-0.040008 -0.0388538 0)
(-0.0368724 -0.0381533 0)
(-0.0337691 -0.0372535 0)
(-0.0307148 -0.036159 0)
(-0.0277256 -0.0348762 0)
(-0.0248179 -0.0334135 0)
(-0.0220074 -0.0317812 0)
(-0.0193096 -0.0299913 0)
(-0.0167393 -0.0280578 0)
(-0.0143106 -0.0259964 0)
(-0.0120369 -0.0238246 0)
(-0.00993062 -0.0215616 0)
(-0.00800304 -0.019228 0)
(-0.00626447 -0.016846 0)
(-0.00472403 -0.0144391 0)
(-0.00338964 -0.012032 0)
(-0.00226815 -0.00965044 0)
(-0.00136478 -0.00732103 0)
(-0.000681623 -0.00507104 0)
(-0.000225163 -0.00292798 0)
(-2.76071e-05 -0.00092032 0)
(-3.46872e-05 0.00140241 0)
(-0.000260326 0.00415104 0)
(-0.000760345 0.0068264 0)
(-0.001482 0.00941556 0)
(-0.00240467 0.011908 0)
(-0.0035152 0.014295 0)
(-0.00479913 0.0165692 0)
(-0.00624238 0.0187252 0)
(-0.00783186 0.0207585 0)
(-0.00955526 0.0226662 0)
(-0.011401 0.0244462 0)
(-0.013358 0.0260976 0)
(-0.015416 0.02762 0)
(-0.0175651 0.0290137 0)
(-0.019796 0.0302798 0)
(-0.0220998 0.0314196 0)
(-0.024468 0.0324346 0)
(-0.0268925 0.0333267 0)
(-0.0293656 0.034098 0)
(-0.0318796 0.0347506 0)
(-0.0344273 0.0352865 0)
(-0.0370017 0.0357077 0)
(-0.0395958 0.0360163 0)
(-0.042203 0.036214 0)
(-0.0448165 0.0363025 0)
(-0.04743 0.0362834 0)
(-0.0500369 0.0361581 0)
(-0.052631 0.0359277 0)
(-0.0552058 0.0355933 0)
(-0.057755 0.0351559 0)
(-0.0602724 0.0346161 0)
(-0.0627516 0.0339749 0)
(-0.0651864 0.0332327 0)
(-0.0675704 0.0323903 0)
(-0.0698973 0.0314483 0)
(-0.0721608 0.0304074 0)
(-0.0743544 0.0292683 0)
(-0.0764719 0.0280321 0)
(-0.0785068 0.0266997 0)
(-0.0804528 0.0252725 0)
(-0.0823036 0.0237521 0)
(-0.0840529 0.0221404 0)
(-0.0856944 0.0204396 0)
(-0.087222 0.0186523 0)
(-0.0886296 0.0167815 0)
(-0.0899112 0.0148307 0)
(-0.0910612 0.0128039 0)
(-0.0920739 0.0107054 0)
(-0.0929439 0.00854041 0)
(-0.0936661 0.00631431 0)
(-0.0942356 0.00403321 0)
(-0.0946479 0.00170378 0)
(-0.0948987 -0.000666807 0)
(-0.0949845 -0.00307071 0)
(-0.0949018 -0.00549959 0)
(-0.0946476 -0.00794446 0)
(-0.0942197 -0.0103957 0)
(-0.0936161 -0.0128433 0)
(-0.0928357 -0.0152764 0)
(-0.0918779 -0.017684 0)
(-0.090743 -0.0200543 0)
(-0.0894318 -0.0223754 0)
(-0.0879461 -0.024635 0)
(-0.0862884 -0.0268204 0)
(-0.0844622 -0.0289188 0)
(-0.0824719 -0.0309176 0)
(-0.0803228 -0.0328038 0)
(-0.0780212 -0.0345649 0)
(-0.0755744 -0.0361884 0)
(-0.0729906 -0.0376623 0)
(-0.0702793 -0.0389751 0)
(-0.0674505 -0.040116 0)
(-0.0645157 -0.0410748 0)
(-0.061487 -0.0418424 0)
(-0.0583774 -0.0424106 0)
(-0.055201 -0.0427725 0)
(-0.0519724 -0.0429225 0)
(-0.048707 -0.0428563 0)
(-0.0454208 -0.0425715 0)
(-0.0421305 -0.0420669 0)
(-0.0388529 -0.0413435 0)
(-0.0356053 -0.040404 0)
(-0.0324049 -0.0392528 0)
(-0.0292692 -0.0378967 0)
(-0.0262154 -0.0363441 0)
(-0.0232605 -0.0346058 0)
(-0.0204209 -0.0326941 0)
(-0.0177127 -0.0306238 0)
(-0.0151511 -0.0284114 0)
(-0.0127507 -0.0260751 0)
(-0.0105248 -0.0236352 0)
(-0.00848599 -0.0211133 0)
(-0.00664552 -0.0185329 0)
(-0.00501348 -0.0159187 0)
(-0.0035987 -0.0132965 0)
(-0.00240886 -0.0106934 0)
(-0.00144987 -0.00813724 0)
(-0.000724289 -0.00565662 0)
(-0.000239297 -0.00328025 0)
(-2.93435e-05 -0.0010378 0)
(-3.59027e-05 0.00153784 0)
(-0.000269336 0.00453781 0)
(-0.000786487 0.00744605 0)
(-0.00153265 0.0102507 0)
(-0.00248637 0.0129421 0)
(-0.00363389 0.0155125 0)
(-0.00496013 0.0179556 0)
(-0.00645043 0.0202666 0)
(-0.00809115 0.022442 0)
(-0.00986949 0.0244795 0)
(-0.0117734 0.0263779 0)
(-0.0137914 0.0281368 0)
(-0.0159129 0.0297564 0)
(-0.0181277 0.0312376 0)
(-0.0204262 0.0325819 0)
(-0.0227993 0.0337911 0)
(-0.0252382 0.0348671 0)
(-0.0277347 0.0358122 0)
(-0.0302808 0.0366288 0)
(-0.0328688 0.0373191 0)
(-0.0354915 0.0378856 0)
(-0.0381416 0.0383304 0)
(-0.0408121 0.0386556 0)
(-0.0434963 0.0388633 0)
(-0.0461874 0.0389553 0)
(-0.048879 0.0389331 0)
(-0.0515645 0.0387982 0)
(-0.0542376 0.0385519 0)
(-0.0568918 0.0381952 0)
(-0.0595207 0.0377292 0)
(-0.0621181 0.0371545 0)
(-0.0646775 0.036472 0)
(-0.0671926 0.0356822 0)
(-0.069657 0.0347858 0)
(-0.0720642 0.0337835 0)
(-0.0744079 0.0326758 0)
(-0.0766816 0.0314635 0)
(-0.0788787 0.0301476 0)
(-0.0809928 0.0287292 0)
(-0.0830174 0.0272095 0)
(-0.0849459 0.0255902 0)
(-0.0867719 0.0238732 0)
(-0.088489 0.0220609 0)
(-0.0900907 0.0201558 0)
(-0.0915709 0.0181611 0)
(-0.0929233 0.0160805 0)
(-0.0941418 0.0139179 0)
(-0.0952206 0.0116782 0)
(-0.0961541 0.00936645 0)
(-0.0969367 0.00698847 0)
(-0.0975633 0.00455064 0)
(-0.0980291 0.00205996 0)
(-0.0983293 -0.000475998 0)
(-0.0984603 -0.00304901 0)
(-0.098418 -0.00565033 0)
(-0.0981991 -0.00827045 0)
(-0.097801 -0.0108993 0)
(-0.0972215 -0.013526 0)
(-0.0964589 -0.0161394 0)
(-0.0955125 -0.0187276 0)
(-0.094382 -0.0212782 0)
(-0.0930679 -0.0237783 0)
(-0.0915718 -0.0262149 0)
(-0.0898958 -0.0285745 0)
(-0.0880432 -0.0308433 0)
(-0.0860182 -0.0330077 0)
(-0.0838258 -0.0350538 0)
(-0.0814723 -0.0369679 0)
(-0.0789648 -0.0387368 0)
(-0.0763117 -0.0403472 0)
(-0.0735222 -0.0417867 0)
(-0.0706068 -0.0430435 0)
(-0.067577 -0.0441063 0)
(-0.0644451 -0.0449651 0)
(-0.0612246 -0.0456108 0)
(-0.0579299 -0.0460356 0)
(-0.0545763 -0.0462332 0)
(-0.0511797 -0.0461985 0)
(-0.047757 -0.0459286 0)
(-0.0443253 -0.0454218 0)
(-0.0409025 -0.0446786 0)
(-0.0375067 -0.0437015 0)
(-0.0341564 -0.042495 0)
(-0.0308698 -0.0410657 0)
(-0.0276655 -0.0394223 0)
(-0.0245614 -0.0375757 0)
(-0.0215753 -0.0355391 0)
(-0.0187243 -0.0333276 0)
(-0.0160251 -0.0309585 0)
(-0.0134931 -0.028451 0)
(-0.0111431 -0.0258263 0)
(-0.00898873 -0.0231073 0)
(-0.00704232 -0.0203185 0)
(-0.005315 -0.0174859 0)
(-0.00381656 -0.0146368 0)
(-0.00255554 -0.0117995 0)
(-0.0015386 -0.00900338 0)
(-0.000768808 -0.00627829 0)
(-0.000254057 -0.00365435 0)
(-3.11606e-05 -0.00116259 0)
(-3.70665e-05 0.00167779 0)
(-0.000277962 0.00493736 0)
(-0.000811518 0.00808603 0)
(-0.00158116 0.0111129 0)
(-0.00256462 0.0140095 0)
(-0.0037476 0.0167689 0)
(-0.00511443 0.0193857 0)
(-0.00664991 0.0218562 0)
(-0.00833987 0.0241776 0)
(-0.0101711 0.0263484 0)
(-0.012131 0.0283682 0)
(-0.0142079 0.0302372 0)
(-0.0163907 0.0319563 0)
(-0.018669 0.033527 0)
(-0.0210329 0.0349514 0)
(-0.023473 0.0362315 0)
(-0.0259805 0.0373699 0)
(-0.0285469 0.0383693 0)
(-0.031164 0.0392322 0)
(-0.0338243 0.0399613 0)
(-0.03652 0.0405592 0)
(-0.0392441 0.0410283 0)
(-0.0419895 0.041371 0)
(-0.0447492 0.0415893 0)
(-0.0475167 0.0416853 0)
(-0.0502853 0.0416606 0)
(-0.0530484 0.0415167 0)
(-0.0557996 0.0412549 0)
(-0.0585326 0.0408764 0)
(-0.0612408 0.0403822 0)
(-0.0639179 0.0397729 0)
(-0.0665574 0.0390494 0)
(-0.069153 0.0382122 0)
(-0.0716982 0.037262 0)
(-0.0741864 0.0361993 0)
(-0.0766112 0.0350247 0)
(-0.078966 0.0337391 0)
(-0.0812441 0.0323433 0)
(-0.083439 0.0308383 0)
(-0.085544 0.0292256 0)
(-0.0875524 0.0275067 0)
(-0.0894575 0.0256835 0)
(-0.0912528 0.0237584 0)
(-0.0929317 0.0217342 0)
(-0.0944875 0.019614 0)
(-0.095914 0.0174016 0)
(-0.0972047 0.0151012 0)
(-0.0983535 0.0127177 0)
(-0.0993545 0.0102565 0)
(-0.100202 0.00772356 0)
(-0.10089 0.00512558 0)
(-0.101414 0.00246989 0)
(-0.101768 -0.000235552 0)
(-0.101949 -0.00298215 0)
(-0.101952 -0.00576076 0)
(-0.101773 -0.00856138 0)
(-0.10141 -0.0113733 0)
(-0.10086 -0.0141853 0)
(-0.10012 -0.0169854 0)
(-0.0991899 -0.019761 0)
(-0.0980686 -0.0224989 0)
(-0.0967564 -0.0251856 0)
(-0.0952544 -0.0278071 0)
(-0.0935645 -0.0303489 0)
(-0.0916896 -0.0327965 0)
(-0.0896336 -0.035135 0)
(-0.0874014 -0.0373497 0)
(-0.0849991 -0.0394259 0)
(-0.0824337 -0.041349 0)
(-0.0797135 -0.0431049 0)
(-0.0768478 -0.04468 0)
(-0.0738472 -0.0460613 0)
(-0.0707231 -0.0472366 0)
(-0.0674884 -0.0481948 0)
(-0.0641569 -0.0489258 0)
(-0.0607433 -0.0494208 0)
(-0.0572634 -0.0496727 0)
(-0.0537339 -0.0496757 0)
(-0.0501721 -0.0494259 0)
(-0.0465963 -0.0489214 0)
(-0.0430251 -0.0481621 0)
(-0.0394776 -0.0471501 0)
(-0.0359732 -0.0458897 0)
(-0.0325314 -0.0443876 0)
(-0.0291718 -0.0426526 0)
(-0.0259137 -0.040696 0)
(-0.0227761 -0.0385312 0)
(-0.0197773 -0.036174 0)
(-0.0169353 -0.0336426 0)
(-0.0142668 -0.0309571 0)
(-0.0117878 -0.0281395 0)
(-0.00951321 -0.0252141 0)
(-0.0074565 -0.0222066 0)
(-0.0056299 -0.0191444 0)
(-0.00404421 -0.0160561 0)
(-0.00270891 -0.0129716 0)
(-0.00163145 -0.00992161 0)
(-0.000815425 -0.00693764 0)
(-0.000269529 -0.00405126 0)
(-3.30713e-05 -0.00129502 0)
(-3.81779e-05 0.00182205 0)
(-0.000286198 0.00534913 0)
(-0.000835415 0.00874545 0)
(-0.00162747 0.0120012 0)
(-0.00263935 0.0151088 0)
(-0.00385623 0.0180625 0)
(-0.0052619 0.0208579 0)
(-0.00684062 0.023492 0)
(-0.00857776 0.0259631 0)
(-0.0104596 0.0282706 0)
(-0.0124733 0.0304148 0)
(-0.0146068 0.0323965 0)
(-0.0168486 0.0342174 0)
(-0.0191881 0.0358798 0)
(-0.021615 0.0373859 0)
(-0.02412 0.0387387 0)
(-0.0266938 0.039941 0)
(-0.029328 0.0409958 0)
(-0.0320142 0.0419062 0)
(-0.0347445 0.0426751 0)
(-0.0375115 0.0433054 0)
(-0.0403078 0.0437998 0)
(-0.0431264 0.0441607 0)
(-0.0459602 0.0443906 0)
(-0.0488026 0.0444913 0)
(-0.0516469 0.0444648 0)
(-0.0544865 0.0443126 0)
(-0.0573151 0.044036 0)
(-0.060126 0.0436364 0)
(-0.0629129 0.0431145 0)
(-0.0656694 0.0424712 0)
(-0.068389 0.0417071 0)
(-0.0710652 0.040823 0)
(-0.0736914 0.0398193 0)
(-0.0762612 0.0386965 0)
(-0.0787679 0.0374553 0)
(-0.0812049 0.0360964 0)
(-0.0835653 0.0346206 0)
(-0.0858426 0.033029 0)
(-0.0880298 0.0313228 0)
(-0.0901201 0.0295038 0)
(-0.0921068 0.0275737 0)
(-0.0939829 0.025535 0)
(-0.0957417 0.0233905 0)
(-0.0973764 0.0211434 0)
(-0.0988803 0.0187977 0)
(-0.100247 0.0163575 0)
(-0.10147 0.013828 0)
(-0.102542 0.0112147 0)
(-0.103458 0.00852396 0)
(-0.104213 0.0057626 0)
(-0.104799 0.00293829 0)
(-0.105213 5.93665e-05 0)
(-0.105448 -0.00286523 0)
(-0.105501 -0.00582591 0)
(-0.105368 -0.00881221 0)
(-0.105045 -0.0118129 0)
(-0.104529 -0.0148161 0)
(-0.103817 -0.0178093 0)
(-0.102908 -0.0207791 0)
(-0.101801 -0.0237116 0)
(-0.100496 -0.0265925 0)
(-0.0989929 -0.0294068 0)
(-0.0972937 -0.0321393 0)
(-0.0954008 -0.0347742 0)
(-0.093318 -0.0372958 0)
(-0.0910499 -0.0396882 0)
(-0.0886022 -0.0419356 0)
(-0.085982 -0.0440223 0)
(-0.0831973 -0.0459331 0)
(-0.0802575 -0.0476531 0)
(-0.0771732 -0.0491682 0)
(-0.0739562 -0.050465 0)
(-0.0706193 -0.0515313 0)
(-0.0671768 -0.0523559 0)
(-0.0636438 -0.0529291 0)
(-0.0600366 -0.0532426 0)
(-0.0563726 -0.0532898 0)
(-0.0526698 -0.0530661 0)
(-0.0489472 -0.0525688 0)
(-0.0452244 -0.0517974 0)
(-0.0415215 -0.0507535 0)
(-0.037859 -0.0494412 0)
(-0.0342576 -0.0478671 0)
(-0.0307381 -0.04604 0)
(-0.0273209 -0.0439715 0)
(-0.0240266 -0.0416755 0)
(-0.0208747 -0.0391684 0)
(-0.0178845 -0.036469 0)
(-0.0150742 -0.0335984 0)
(-0.0124611 -0.0305799 0)
(-0.0100614 -0.0274386 0)
(-0.00788968 -0.0242018 0)
(-0.00595948 -0.0208981 0)
(-0.00428265 -0.0175579 0)
(-0.00286968 -0.0142125 0)
(-0.00172885 -0.0108944 0)
(-0.000864381 -0.00763647 0)
(-0.000285802 -0.0044721 0)
(-3.50879e-05 -0.00143548 0)
(-3.92356e-05 0.00197043 0)
(-0.000294033 0.00577256 0)
(-0.00085815 0.00942339 0)
(-0.00167154 0.0129142 0)
(-0.00271047 0.0162386 0)
(-0.00395964 0.0193916 0)
(-0.00540232 0.0223701 0)
(-0.00702229 0.025172 0)
(-0.00880449 0.0277966 0)
(-0.0107348 0.030244 0)
(-0.0128 0.0325153 0)
(-0.0149876 0.0346124 0)
(-0.017286 0.0365375 0)
(-0.0196842 0.0382934 0)
(-0.0221719 0.0398833 0)
(-0.0247393 0.0413103 0)
(-0.0273772 0.0425779 0)
(-0.0300768 0.0436896 0)
(-0.0328298 0.0446487 0)
(-0.0356282 0.0454586 0)
(-0.0384644 0.0461225 0)
(-0.0413311 0.0466431 0)
(-0.044221 0.0470233 0)
(-0.0471272 0.0472655 0)
(-0.050043 0.0473719 0)
(-0.0529617 0.0473445 0)
(-0.0558766 0.0471848 0)
(-0.0587814 0.0468944 0)
(-0.0616696 0.0464743 0)
(-0.0645346 0.0459256 0)
(-0.06737 0.045249 0)
(-0.0701693 0.0444452 0)
(-0.0729261 0.0435147 0)
(-0.0756337 0.0424581 0)
(-0.0782855 0.0412758 0)
(-0.0808748 0.0399684 0)
(-0.0833948 0.0385365 0)
(-0.0858388 0.036981 0)
(-0.0881999 0.0353028 0)
(-0.0904711 0.0335031 0)
(-0.0926454 0.0315837 0)
(-0.0947158 0.0295463 0)
(-0.0966753 0.0273934 0)
(-0.0985169 0.0251277 0)
(-0.100234 0.0227526 0)
(-0.101818 0.0202721 0)
(-0.103264 0.0176905 0)
(-0.104565 0.015013 0)
(-0.105713 0.0122454 0)
(-0.106702 0.00939407 0)
(-0.107527 0.00646628 0)
(-0.108181 0.00346992 0)
(-0.108658 0.000413642 0)
(-0.108954 -0.00269324 0)
(-0.109062 -0.00584066 0)
(-0.10898 -0.00901772 0)
(-0.108702 -0.0122127 0)
(-0.108225 -0.0154132 0)
(-0.107547 -0.0186058 0)
(-0.106665 -0.0217768 0)
(-0.105578 -0.0249113 0)
(-0.104284 -0.0279941 0)
(-0.102785 -0.0310094 0)
(-0.101081 -0.033941 0)
(-0.0991753 -0.0367721 0)
(-0.0970701 -0.0394859 0)
(-0.09477 -0.0420655 0)
(-0.0922808 -0.0444938 0)
(-0.0896091 -0.0467539 0)
(-0.0867629 -0.0488293 0)
(-0.0837516 -0.050704 0)
(-0.0805857 -0.0523626 0)
(-0.0772772 -0.0537905 0)
(-0.0738391 -0.0549742 0)
(-0.070286 -0.0559013 0)
(-0.0666335 -0.056561 0)
(-0.0628983 -0.0569439 0)
(-0.0590984 -0.0570426 0)
(-0.0552526 -0.0568513 0)
(-0.0513807 -0.0563668 0)
(-0.0475034 -0.0555878 0)
(-0.0436416 -0.0545155 0)
(-0.039817 -0.0531536 0)
(-0.0360516 -0.0515086 0)
(-0.0323673 -0.0495893 0)
(-0.0287861 -0.0474075 0)
(-0.0253297 -0.0449774 0)
(-0.0220193 -0.0423161 0)
(-0.0188754 -0.0394431 0)
(-0.0159178 -0.0363804 0)
(-0.0131652 -0.0331524 0)
(-0.010635 -0.0297856 0)
(-0.00834339 -0.0263085 0)
(-0.00630498 -0.0227514 0)
(-0.00453284 -0.0191461 0)
(-0.00303852 -0.0155257 0)
(-0.00183126 -0.0119243 0)
(-0.000915909 -0.00837673 0)
(-0.000302957 -0.00491809 0)
(-3.72228e-05 -0.0015844 0)
(-4.02379e-05 0.00212272 0)
(-0.000301456 0.00620706 0)
(-0.000879689 0.0101189 0)
(-0.0017133 0.0138508 0)
(-0.00277787 0.0173972 0)
(-0.00405767 0.0207545 0)
(-0.00553549 0.0239205 0)
(-0.00719465 0.0268941 0)
(-0.00901969 0.0296756 0)
(-0.0109961 0.0322661 0)
(-0.0131104 0.0346676 0)
(-0.0153497 0.0368825 0)
(-0.0177022 0.038914 0)
(-0.0201567 0.0407656 0)
(-0.0227025 0.042441 0)
(-0.0253298 0.0439439 0)
(-0.0280293 0.0452784 0)
(-0.030792 0.0464484 0)
(-0.0336095 0.0474576 0)
(-0.0364737 0.0483098 0)
(-0.039377 0.0490083 0)
(-0.0423119 0.0495563 0)
(-0.0452713 0.0499569 0)
(-0.0482481 0.0502126 0)
(-0.0512357 0.0503257 0)
(-0.0542272 0.0502984 0)
(-0.0572162 0.0501323 0)
(-0.0601961 0.049829 0)
(-0.0631604 0.0493895 0)
(-0.0661027 0.0488149 0)
(-0.0690165 0.0481059 0)
(-0.0718952 0.0472632 0)
(-0.0747324 0.0462873 0)
(-0.0775213 0.0451786 0)
(-0.0802554 0.0439376 0)
(-0.0829279 0.0425647 0)
(-0.0855319 0.0410605 0)
(-0.0880605 0.0394257 0)
(-0.0905067 0.0376612 0)
(-0.0928635 0.0357683 0)
(-0.0951236 0.0337485 0)
(-0.09728 0.0316036 0)
(-0.0993253 0.0293361 0)
(-0.101252 0.0269487 0)
(-0.103054 0.0244448 0)
(-0.104723 0.0218283 0)
(-0.106252 0.0191039 0)
(-0.107633 0.0162766 0)
(-0.108861 0.0133526 0)
(-0.109928 0.0103383 0)
(-0.110828 0.00724121 0)
(-0.111554 0.00406955 0)
(-0.1121 0.000832226 0)
(-0.11246 -0.00246105 0)
(-0.11263 -0.00579976 0)
(-0.112603 -0.00917259 0)
(-0.112376 -0.0125673 0)
(-0.111945 -0.015971 0)
(-0.111305 -0.0193696 0)
(-0.110455 -0.0227486 0)
(-0.109393 -0.0260924 0)
(-0.108117 -0.029385 0)
(-0.106627 -0.0326097 0)
(-0.104924 -0.0357491 0)
(-0.10301 -0.0387855 0)
(-0.100887 -0.041701 0)
(-0.0985595 -0.0444775 0)
(-0.0960328 -0.0470966 0)
(-0.0933134 -0.0495402 0)
(-0.0904091 -0.0517906 0)
(-0.0873292 -0.0538303 0)
(-0.0840842 -0.0556426 0)
(-0.0806861 -0.0572116 0)
(-0.0771482 -0.0585225 0)
(-0.0734853 -0.0595616 0)
(-0.0697134 -0.0603168 0)
(-0.0658498 -0.0607777 0)
(-0.061913 -0.0609355 0)
(-0.0579226 -0.0607837 0)
(-0.0538993 -0.0603181 0)
(-0.0498645 -0.0595365 0)
(-0.0458405 -0.0584398 0)
(-0.04185 -0.0570312 0)
(-0.0379161 -0.0553168 0)
(-0.0340624 -0.0533055 0)
(-0.030312 -0.0510091 0)
(-0.0266882 -0.0484424 0)
(-0.0232136 -0.0456227 0)
(-0.0199104 -0.0425705 0)
(-0.0167998 -0.0393087 0)
(-0.013902 -0.0358627 0)
(-0.0112359 -0.0322604 0)
(-0.00881911 -0.0285318 0)
(-0.0066676 -0.0247087 0)
(-0.00479568 -0.0208246 0)
(-0.00321609 -0.0169144 0)
(-0.00193908 -0.0130142 0)
(-0.000970238 -0.00916056 0)
(-0.000321079 -0.00539058 0)
(-3.9488e-05 -0.00174225 0)
(-4.11829e-05 0.0022787 0)
(-0.000308453 0.00665201 0)
(-0.000899993 0.0108311 0)
(-0.00175266 0.0148096 0)
(-0.00284143 0.0185832 0)
(-0.00415014 0.0221494 0)
(-0.00566115 0.0255071 0)
(-0.00735737 0.0286562 0)
(-0.00922296 0.031598 0)
(-0.0112431 0.0343347 0)
(-0.0134039 0.0368689 0)
(-0.0156924 0.0392042 0)
(-0.0180963 0.0413444 0)
(-0.0206044 0.0432937 0)
(-0.0232058 0.0450564 0)
(-0.0258904 0.0466371 0)
(-0.0286489 0.04804 0)
(-0.0314721 0.0492698 0)
(-0.0343516 0.0503305 0)
(-0.0372792 0.0512262 0)
(-0.0402473 0.0519606 0)
(-0.0432483 0.0525374 0)
(-0.0462751 0.0529595 0)
(-0.0493206 0.0532299 0)
(-0.0523781 0.053351 0)
(-0.0554408 0.053325 0)
(-0.0585023 0.0531537 0)
(-0.0615559 0.0528386 0)
(-0.0645953 0.0523809 0)
(-0.0676139 0.0517816 0)
(-0.0706052 0.0510415 0)
(-0.0735628 0.0501611 0)
(-0.0764801 0.0491408 0)
(-0.0793503 0.0479811 0)
(-0.0821669 0.0466823 0)
(-0.0849229 0.0452448 0)
(-0.0876114 0.0436691 0)
(-0.0902255 0.0419558 0)
(-0.092758 0.0401057 0)
(-0.0952018 0.03812 0)
(-0.0975495 0.0360002 0)
(-0.0997938 0.033748 0)
(-0.101927 0.0313658 0)
(-0.103942 0.0288563 0)
(-0.105832 0.026223 0)
(-0.107588 0.0234698 0)
(-0.109203 0.0206013 0)
(-0.11067 0.0176228 0)
(-0.111981 0.0145404 0)
(-0.11313 0.0113609 0)
(-0.11411 0.00809196 0)
(-0.114912 0.00474194 0)
(-0.115532 0.0013201 0)
(-0.115962 -0.00216351 0)
(-0.116197 -0.0056979 0)
(-0.116232 -0.00927139 0)
(-0.116061 -0.0128713 0)
(-0.11568 -0.016484 0)
(-0.115086 -0.020095 0)
(-0.114274 -0.023689 0)
(-0.113242 -0.0272496 0)
(-0.111989 -0.0307599 0)
(-0.110514 -0.0342022 0)
(-0.108817 -0.0375583 0)
(-0.1069 -0.0408094 0)
(-0.104765 -0.0439363 0)
(-0.102415 -0.0469196 0)
(-0.0998549 -0.0497399 0)
(-0.097092 -0.0523776 0)
(-0.0941334 -0.0548135 0)
(-0.0909882 -0.057029 0)
(-0.087667 -0.0590057 0)
(-0.0841816 -0.0607265 0)
(-0.0805458 -0.0621749 0)
(-0.0767743 -0.0633361 0)
(-0.0728837 -0.0641965 0)
(-0.0688916 -0.0647443 0)
(-0.0648173 -0.0649697 0)
(-0.0606811 -0.0648651 0)
(-0.0565044 -0.0644249 0)
(-0.0523097 -0.0636466 0)
(-0.0481202 -0.0625301 0)
(-0.0439601 -0.061078 0)
(-0.0398537 -0.0592962 0)
(-0.0358257 -0.0571935 0)
(-0.0319011 -0.0547817 0)
(-0.0281045 -0.0520758 0)
(-0.0244602 -0.0490939 0)
(-0.0209918 -0.0458569 0)
(-0.0177223 -0.0423889 0)
(-0.0146734 -0.0387164 0)
(-0.0118657 -0.0348685 0)
(-0.00931825 -0.0308768 0)
(-0.00704847 -0.0267748 0)
(-0.00507207 -0.0225978 0)
(-0.00340304 -0.0183826 0)
(-0.00205275 -0.0141671 0)
(-0.00102759 -0.00999028 0)
(-0.000340245 -0.00589102 0)
(-4.18953e-05 -0.00190956 0)
(-4.20684e-05 0.00243816 0)
(-0.000315008 0.00710679 0)
(-0.000919015 0.0115589 0)
(-0.00178955 0.0157893 0)
(-0.00290101 0.019795 0)
(-0.00423685 0.0235745 0)
(-0.00577904 0.0271277 0)
(-0.00751011 0.0304559 0)
(-0.00941387 0.0335614 0)
(-0.0114752 0.0364471 0)
(-0.0136799 0.0391168 0)
(-0.0160149 0.0415749 0)
(-0.0184675 0.043826 0)
(-0.0210264 0.045875 0)
(-0.0236805 0.047727 0)
(-0.0264198 0.049387 0)
(-0.0292345 0.0508601 0)
(-0.0321155 0.0521511 0)
(-0.0350544 0.0532648 0)
(-0.038043 0.0542055 0)
(-0.0410733 0.0549773 0)
(-0.0441381 0.0555841 0)
(-0.04723 0.0560291 0)
(-0.050342 0.0563156 0)
(-0.0534674 0.056446 0)
(-0.0565996 0.0564226 0)
(-0.0597318 0.0562474 0)
(-0.0628577 0.055922 0)
(-0.0659707 0.0554474 0)
(-0.0690645 0.0548248 0)
(-0.0721324 0.0540549 0)
(-0.0751681 0.0531381 0)
(-0.0781649 0.0520748 0)
(-0.0811161 0.0508654 0)
(-0.0840149 0.0495101 0)
(-0.0868546 0.0480092 0)
(-0.0896282 0.0463631 0)
(-0.0923284 0.0445723 0)
(-0.0949482 0.0426375 0)
(-0.0974802 0.0405598 0)
(-0.099917 0.0383405 0)
(-0.102251 0.0359814 0)
(-0.104475 0.0334847 0)
(-0.10658 0.0308532 0)
(-0.10856 0.0280901 0)
(-0.110406 0.0251996 0)
(-0.112111 0.0221862 0)
(-0.113667 0.0190552 0)
(-0.115066 0.015813 0)
(-0.1163 0.0124663 0)
(-0.117363 0.00902305 0)
(-0.118247 0.00549185 0)
(-0.118945 0.00188222 0)
(-0.119451 -0.00179545 0)
(-0.119757 -0.00552976 0)
(-0.119859 -0.00930864 0)
(-0.11975 -0.0131189 0)
(-0.119425 -0.0169465 0)
(-0.118881 -0.0207763 0)
(-0.118113 -0.0245921 0)
(-0.117118 -0.0283769 0)
(-0.115894 -0.0321129 0)
(-0.11444 -0.0357815 0)
(-0.112755 -0.0393633 0)
(-0.11084 -0.0428384 0)
(-0.108697 -0.0461866 0)
(-0.10633 -0.0493871 0)
(-0.103742 -0.0524191 0)
(-0.100941 -0.0552617 0)
(-0.0979318 -0.0578944 0)
(-0.0947252 -0.0602967 0)
(-0.0913311 -0.0624492 0)
(-0.0877614 -0.0643328 0)
(-0.0840298 -0.0659298 0)
(-0.0801516 -0.0672237 0)
(-0.0761433 -0.0681995 0)
(-0.0720233 -0.068844 0)
(-0.0678113 -0.0691461 0)
(-0.0635283 -0.0690967 0)
(-0.0591967 -0.0686895 0)
(-0.0548398 -0.0679207 0)
(-0.0504822 -0.0667894 0)
(-0.0461489 -0.0652978 0)
(-0.0418659 -0.0634512 0)
(-0.0376593 -0.0612581 0)
(-0.0335555 -0.0587304 0)
(-0.0295807 -0.0558833 0)
(-0.0257609 -0.0527354 0)
(-0.0221215 -0.0493084 0)
(-0.0186871 -0.0456271 0)
(-0.0154811 -0.0417193 0)
(-0.0125259 -0.0376156 0)
(-0.00984209 -0.033349 0)
(-0.00744867 -0.0289548 0)
(-0.00536284 -0.0244703 0)
(-0.00359996 -0.0199341 0)
(-0.00217263 -0.0153865 0)
(-0.00108817 -0.0108683 0)
(-0.000360534 -0.00642098 0)
(-4.44561e-05 -0.00208686 0)
(-4.28918e-05 0.00260086 0)
(-0.000321104 0.00757075 0)
(-0.000936707 0.0123013 0)
(-0.00182387 0.0167886 0)
(-0.00295645 0.0210308 0)
(-0.00431759 0.0250277 0)
(-0.00588886 0.0287803 0)
(-0.00765248 0.032291 0)
(-0.00959194 0.0355631 0)
(-0.0116919 0.0386007 0)
(-0.0139378 0.0414086 0)
(-0.0163164 0.0439918 0)
(-0.0188149 0.046356 0)
(-0.0214217 0.0485067 0)
(-0.0241257 0.0504498 0)
(-0.0269165 0.052191 0)
(-0.0297846 0.0537358 0)
(-0.0327207 0.0550897 0)
(-0.0357162 0.0562579 0)
(-0.0387629 0.057245 0)
(-0.0418529 0.0580557 0)
(-0.0449788 0.058694 0)
(-0.0481334 0.0591634 0)
(-0.0513097 0.0594674 0)
(-0.0545008 0.0596085 0)
(-0.0577002 0.0595894 0)
(-0.0609014 0.0594118 0)
(-0.0640977 0.0590775 0)
(-0.0672828 0.0585877 0)
(-0.0704503 0.0579433 0)
(-0.0735937 0.0571451 0)
(-0.0767064 0.0561935 0)
(-0.0797819 0.0550888 0)
(-0.0828135 0.0538312 0)
(-0.0857944 0.0524209 0)
(-0.0887177 0.0508581 0)
(-0.0915763 0.0491429 0)
(-0.0943632 0.0472759 0)
(-0.097071 0.0452575 0)
(-0.0996922 0.0430888 0)
(-0.102219 0.040771 0)
(-0.104645 0.0383056 0)
(-0.10696 0.035695 0)
(-0.109158 0.0329416 0)
(-0.111231 0.0300489 0)
(-0.11317 0.0270208 0)
(-0.114968 0.0238619 0)
(-0.116615 0.0205776 0)
(-0.118106 0.0171741 0)
(-0.11943 0.0136586 0)
(-0.120581 0.0100389 0)
(-0.121551 0.00632396 0)
(-0.122332 0.00252351 0)
(-0.122917 -0.00135173 0)
(-0.1233 -0.00528997 0)
(-0.123474 -0.00927882 0)
(-0.123432 -0.0133047 0)
(-0.12317 -0.0173528 0)
(-0.122682 -0.0214075 0)
(-0.121964 -0.025452 0)
(-0.121011 -0.0294684 0)
(-0.119823 -0.0334381 0)
(-0.118395 -0.0373414 0)
(-0.116728 -0.041158 0)
(-0.114822 -0.0448668 0)
(-0.112678 -0.0484464 0)
(-0.110299 -0.0518746 0)
(-0.107689 -0.0551292 0)
(-0.104853 -0.058188 0)
(-0.101799 -0.0610288 0)
(-0.0985353 -0.0636297 0)
(-0.0950722 -0.0659695 0)
(-0.0914215 -0.0680277 0)
(-0.0875971 -0.0697848 0)
(-0.0836143 -0.0712227 0)
(-0.07949 -0.0723248 0)
(-0.0752431 -0.0730764 0)
(-0.0708937 -0.0734648 0)
(-0.0664636 -0.0734797 0)
(-0.0619759 -0.0731134 0)
(-0.0574552 -0.0723611 0)
(-0.0529269 -0.071221 0)
(-0.0484174 -0.0696943 0)
(-0.0439541 -0.0677859 0)
(-0.0395645 -0.065504 0)
(-0.0352766 -0.0628604 0)
(-0.0311184 -0.0598704 0)
(-0.0271175 -0.0565531 0)
(-0.0233012 -0.0529308 0)
(-0.0196958 -0.0490293 0)
(-0.0163267 -0.0448775 0)
(-0.0132179 -0.0405076 0)
(-0.0103918 -0.035954 0)
(-0.00786919 -0.031254 0)
(-0.00566876 -0.0264468 0)
(-0.00380742 -0.0215731 0)
(-0.00229912 -0.0166756 0)
(-0.00115219 -0.0117974 0)
(-0.00038202 -0.00698212 0)
(-4.71817e-05 -0.00227477 0)
(-4.36504e-05 0.00276655 0)
(-0.000326722 0.00804321 0)
(-0.000953017 0.0130573 0)
(-0.00185552 0.0178061 0)
(-0.00300761 0.022289 0)
(-0.00439211 0.0265071 0)
(-0.00599031 0.0304626 0)
(-0.00778408 0.034159 0)
(-0.00975667 0.0376007 0)
(-0.0118924 0.0407929 0)
(-0.0141768 0.0437413 0)
(-0.016596 0.046452 0)
(-0.0191374 0.0489313 0)
(-0.0217891 0.0511858 0)
(-0.0245398 0.0532219 0)
(-0.0273793 0.0550459 0)
(-0.0302977 0.0566642 0)
(-0.0332858 0.0580827 0)
(-0.0363349 0.0593069 0)
(-0.0394368 0.0603422 0)
(-0.0425837 0.0611932 0)
(-0.045768 0.0618645 0)
(-0.0489827 0.06236 0)
(-0.0522206 0.062683 0)
(-0.0554751 0.0628365 0)
(-0.0587395 0.0628231 0)
(-0.0620073 0.0626449 0)
(-0.0652721 0.0623034 0)
(-0.0685275 0.0618 0)
(-0.0717671 0.0611357 0)
(-0.0749844 0.0603109 0)
(-0.0781729 0.0593263 0)
(-0.081326 0.0581819 0)
(-0.0844371 0.0568779 0)
(-0.0874994 0.0554143 0)
(-0.0905059 0.0537912 0)
(-0.0934496 0.0520086 0)
(-0.0963231 0.0500669 0)
(-0.0991192 0.0479665 0)
(-0.10183 0.0457081 0)
(-0.104449 0.0432929 0)
(-0.106967 0.0407223 0)
(-0.109376 0.0379985 0)
(-0.111668 0.035124 0)
(-0.113836 0.0321019 0)
(-0.115871 0.0289362 0)
(-0.117764 0.0256315 0)
(-0.119507 0.0221932 0)
(-0.121091 0.0186276 0)
(-0.122509 0.0149418 0)
(-0.123752 0.0111438 0)
(-0.124812 0.00724283 0)
(-0.125682 0.00324879 0)
(-0.126352 -0.00082728 0)
(-0.126816 -0.00497325 0)
(-0.127067 -0.00917642 0)
(-0.127099 -0.0134227 0)
(-0.126904 -0.0176969 0)
(-0.126479 -0.0219827 0)
(-0.125816 -0.0262625 0)
(-0.124913 -0.0305179 0)
(-0.123765 -0.0347292 0)
(-0.122371 -0.0388758 0)
(-0.120728 -0.0429364 0)
(-0.118837 -0.0468886 0)
(-0.116698 -0.0507097 0)
(-0.114313 -0.0543764 0)
(-0.111686 -0.0578648 0)
(-0.108822 -0.0611513 0)
(-0.105728 -0.0642121 0)
(-0.102412 -0.0670236 0)
(-0.0988844 -0.0695629 0)
(-0.0951568 -0.0718078 0)
(-0.091243 -0.0737371 0)
(-0.0871584 -0.0753308 0)
(-0.0829205 -0.0765707 0)
(-0.0785481 -0.0774404 0)
(-0.0740622 -0.0779256 0)
(-0.0694852 -0.0780145 0)
(-0.064841 -0.0776979 0)
(-0.0601551 -0.0769698 0)
(-0.0554541 -0.0758272 0)
(-0.0507657 -0.0742706 0)
(-0.0461187 -0.0723042 0)
(-0.041542 -0.0699356 0)
(-0.0370655 -0.0671765 0)
(-0.0327187 -0.0640425 0)
(-0.0285313 -0.0605526 0)
(-0.0245322 -0.0567301 0)
(-0.0207498 -0.0526016 0)
(-0.0172114 -0.0481972 0)
(-0.0139428 -0.0435505 0)
(-0.0109685 -0.0386977 0)
(-0.00831091 -0.0336779 0)
(-0.00599055 -0.0285323 0)
(-0.00402596 -0.0233041 0)
(-0.00243255 -0.0180381 0)
(-0.00121984 -0.0127801 0)
(-0.000404774 -0.0075762 0)
(-5.00829e-05 -0.00247391 0)
(-4.43414e-05 0.00293501 0)
(-0.000331842 0.00852347 0)
(-0.000967887 0.0138257 0)
(-0.00188439 0.0188402 0)
(-0.00305431 0.0235678 0)
(-0.00446019 0.0280106 0)
(-0.00608304 0.0321722 0)
(-0.00790449 0.0360573 0)
(-0.00990753 0.0396715 0)
(-0.0120763 0.0430208 0)
(-0.0143961 0.0461121 0)
(-0.0168529 0.0489524 0)
(-0.0194341 0.051549 0)
(-0.0221274 0.0539091 0)
(-0.0249218 0.05604 0)
(-0.0278066 0.0579488 0)
(-0.0307721 0.0596423 0)
(-0.033809 0.0611269 0)
(-0.0369086 0.0624089 0)
(-0.0400626 0.0634938 0)
(-0.0432633 0.0643869 0)
(-0.0465031 0.0650929 0)
(-0.0497749 0.065616 0)
(-0.0530717 0.0659598 0)
(-0.0563868 0.0661274 0)
(-0.0597137 0.0661216 0)
(-0.0630458 0.0659445 0)
(-0.0663769 0.0655977 0)
(-0.0697004 0.0650826 0)
(-0.0730101 0.0644001 0)
(-0.0762995 0.0635509 0)
(-0.0795622 0.0625351 0)
(-0.0827916 0.061353 0)
(-0.0859811 0.0600046 0)
(-0.0891238 0.0584897 0)
(-0.0922128 0.0568082 0)
(-0.0952409 0.0549601 0)
(-0.098201 0.0529455 0)
(-0.101086 0.0507647 0)
(-0.103887 0.0484183 0)
(-0.106597 0.0459072 0)
(-0.109208 0.0432327 0)
(-0.111713 0.0403969 0)
(-0.114101 0.037402 0)
(-0.116366 0.0342512 0)
(-0.118498 0.0309483 0)
(-0.120489 0.0274979 0)
(-0.12233 0.0239053 0)
(-0.124013 0.0201768 0)
(-0.125528 0.0163196 0)
(-0.126867 0.0123419 0)
(-0.128021 0.00825291 0)
(-0.128982 0.00406278 0)
(-0.129742 -0.00021711 0)
(-0.130293 -0.00457439 0)
(-0.130627 -0.00899601 0)
(-0.130737 -0.0134674 0)
(-0.130617 -0.017973 0)
(-0.130259 -0.0224958 0)
(-0.129659 -0.0270176 0)
(-0.128811 -0.0315191 0)
(-0.127711 -0.0359799 0)
(-0.126356 -0.0403784 0)
(-0.124744 -0.044692 0)
(-0.122874 -0.0488974 0)
(-0.120747 -0.0529704 0)
(-0.118362 -0.0568863 0)
(-0.115725 -0.06062 0)
(-0.112839 -0.064146 0)
(-0.10971 -0.0674388 0)
(-0.106348 -0.0704734 0)
(-0.10276 -0.0732248 0)
(-0.0989604 -0.0756691 0)
(-0.0949612 -0.0777832 0)
(-0.0907785 -0.0795452 0)
(-0.0864297 -0.0809351 0)
(-0.0819342 -0.0819347 0)
(-0.0773133 -0.0825278 0)
(-0.0725902 -0.0827009 0)
(-0.0677895 -0.0824436 0)
(-0.0629377 -0.0817481 0)
(-0.0580626 -0.0806103 0)
(-0.0531931 -0.0790297 0)
(-0.0483594 -0.0770096 0)
(-0.0435921 -0.0745571 0)
(-0.0389226 -0.0716837 0)
(-0.0343825 -0.0684047 0)
(-0.0300032 -0.0647396 0)
(-0.0258156 -0.0607123 0)
(-0.0218502 -0.0563501 0)
(-0.0181363 -0.0516846 0)
(-0.0147018 -0.0467505 0)
(-0.0115731 -0.041586 0)
(-0.00877464 -0.036232 0)
(-0.00632885 -0.030732 0)
(-0.00425604 -0.0251316 0)
(-0.00257326 -0.0194779 0)
(-0.0012913 -0.0138195 0)
(-0.000428863 -0.00820509 0)
(-5.31704e-05 -0.00268496 0)
(-4.49618e-05 0.00310595 0)
(-0.000336443 0.00901079 0)
(-0.000981261 0.0146053 0)
(-0.00191037 0.0198894 0)
(-0.00309636 0.0248652 0)
(-0.00452157 0.029536 0)
(-0.00616673 0.0339068 0)
(-0.00801327 0.0379834 0)
(-0.010044 0.0417725 0)
(-0.0122428 0.0452814 0)
(-0.0145949 0.0485179 0)
(-0.0170862 0.05149 0)
(-0.0197038 0.0542058 0)
(-0.0224355 0.0566735 0)
(-0.02527 0.058901 0)
(-0.0281968 0.0608963 0)
(-0.031206 0.0626666 0)
(-0.0342884 0.0642192 0)
(-0.0374351 0.0655605 0)
(-0.0406379 0.0666968 0)
(-0.0438891 0.0676337 0)
(-0.0471812 0.0683761 0)
(-0.050507 0.0689285 0)
(-0.0538597 0.0692949 0)
(-0.0572325 0.0694785 0)
(-0.0606191 0.0694821 0)
(-0.0640128 0.069308 0)
(-0.0674075 0.068958 0)
(-0.0707967 0.0684333 0)
(-0.0741743 0.0677348 0)
(-0.0775338 0.066863 0)
(-0.0808687 0.0658184 0)
(-0.0841727 0.0646008 0)
(-0.087439 0.06321 0)
(-0.0906608 0.061646 0)
(-0.0938312 0.0599084 0)
(-0.0969431 0.0579969 0)
(-0.0999891 0.0559115 0)
(-0.102962 0.0536523 0)
(-0.105853 0.0512197 0)
(-0.108656 0.0486144 0)
(-0.111361 0.0458377 0)
(-0.113961 0.0428912 0)
(-0.116446 0.0397773 0)
(-0.11881 0.0364987 0)
(-0.121041 0.0330594 0)
(-0.123132 0.0294636 0)
(-0.125074 0.0257168 0)
(-0.126857 0.0218251 0)
(-0.128472 0.0177958 0)
(-0.129911 0.0136372 0)
(-0.131164 0.00935844 0)
(-0.132221 0.00497008 0)
(-0.133076 0.000483651 0)
(-0.133718 -0.00408833 0)
(-0.13414 -0.00873223 0)
(-0.134334 -0.0134332 0)
(-0.134293 -0.0181752 0)
(-0.134009 -0.0229406 0)
(-0.133477 -0.0277108 0)
(-0.132691 -0.0324656 0)
(-0.131646 -0.0371836 0)
(-0.130338 -0.0418423 0)
(-0.128763 -0.0464181 0)
(-0.126922 -0.0508864 0)
(-0.124812 -0.0552218 0)
(-0.122435 -0.059398 0)
(-0.119794 -0.0633884 0)
(-0.116892 -0.0671658 0)
(-0.113736 -0.0707032 0)
(-0.110332 -0.0739736 0)
(-0.106691 -0.0769501 0)
(-0.102824 -0.0796069 0)
(-0.0987442 -0.0819189 0)
(-0.0944675 -0.0838624 0)
(-0.0900115 -0.0854151 0)
(-0.0853958 -0.0865568 0)
(-0.0806422 -0.0872697 0)
(-0.0757744 -0.0875383 0)
(-0.070818 -0.0873504 0)
(-0.0658003 -0.0866968 0)
(-0.0607502 -0.0855718 0)
(-0.0556979 -0.0839739 0)
(-0.0506751 -0.0819052 0)
(-0.045714 -0.0793724 0)
(-0.0408478 -0.0763862 0)
(-0.0361098 -0.072962 0)
(-0.0315335 -0.0691196 0)
(-0.0271519 -0.0648831 0)
(-0.0229977 -0.0602809 0)
(-0.0191021 -0.0553457 0)
(-0.0154955 -0.0501137 0)
(-0.0122063 -0.0446248 0)
(-0.00926103 -0.0389221 0)
(-0.00668422 -0.0330512 0)
(-0.0044981 -0.0270602 0)
(-0.00272153 -0.0209989 0)
(-0.00136674 -0.0149186 0)
(-0.000454349 -0.00887072 0)
(-5.64544e-05 -0.00290861 0)
(-4.55085e-05 0.00327912 0)
(-0.000340505 0.00950441 0)
(-0.000993077 0.015395 0)
(-0.00193335 0.0209522 0)
(-0.0031336 0.0261793 0)
(-0.00457598 0.0310812 0)
(-0.00624103 0.0356639 0)
(-0.00810997 0.0399346 0)
(-0.0101655 0.043901 0)
(-0.0123913 0.0475717 0)
(-0.0147725 0.0509555 0)
(-0.0172949 0.0540613 0)
(-0.0199455 0.0568983 0)
(-0.0227121 0.0594754 0)
(-0.0255833 0.0618014 0)
(-0.0285485 0.0638848 0)
(-0.0315978 0.0657338 0)
(-0.0347219 0.0673559 0)
(-0.0379122 0.0687584 0)
(-0.0411603 0.0699478 0)
(-0.0444586 0.0709302 0)
(-0.0477995 0.0717108 0)
(-0.051176 0.0722945 0)
(-0.0545812 0.0726853 0)
(-0.0580086 0.0728868 0)
(-0.0614517 0.0729019 0)
(-0.064904 0.0727329 0)
(-0.0683595 0.0723816 0)
(-0.0718117 0.0718494 0)
(-0.0752545 0.0711372 0)
(-0.0786816 0.0702453 0)
(-0.0820866 0.069174 0)
(-0.085463 0.0679233 0)
(-0.0888042 0.0664927 0)
(-0.0921034 0.0648819 0)
(-0.0953538 0.0630905 0)
(-0.0985481 0.061118 0)
(-0.101679 0.0589641 0)
(-0.104739 0.0566288 0)
(-0.10772 0.0541122 0)
(-0.110614 0.0514149 0)
(-0.113414 0.0485378 0)
(-0.11611 0.0454824 0)
(-0.118693 0.0422509 0)
(-0.121156 0.0388459 0)
(-0.123489 0.0352711 0)
(-0.125682 0.0315307 0)
(-0.127726 0.0276301 0)
(-0.129612 0.0235752 0)
(-0.131331 0.0193735 0)
(-0.132872 0.0150331 0)
(-0.134227 0.0105634 0)
(-0.135385 0.00597494 0)
(-0.136338 0.0012795 0)
(-0.137076 -0.00351014 0)
(-0.137591 -0.00837981 0)
(-0.137875 -0.0133145 0)
(-0.137919 -0.0182976 0)
(-0.137715 -0.0233112 0)
(-0.137258 -0.0283358 0)
(-0.13654 -0.0333507 0)
(-0.135556 -0.0383335 0)
(-0.1343 -0.0432607 0)
(-0.132771 -0.0481078 0)
(-0.130965 -0.0528487 0)
(-0.12888 -0.0574568 0)
(-0.126518 -0.0619043 0)
(-0.12388 -0.0661631 0)
(-0.12097 -0.0702042 0)
(-0.117792 -0.0739989 0)
(-0.114355 -0.077518 0)
(-0.110666 -0.0807331 0)
(-0.106737 -0.083616 0)
(-0.102583 -0.0861396 0)
(-0.0982168 -0.088278 0)
(-0.0936579 -0.0900069 0)
(-0.0889258 -0.0913039 0)
(-0.0840425 -0.0921491 0)
(-0.0790324 -0.0925252 0)
(-0.0739218 -0.0924177 0)
(-0.0687388 -0.091816 0)
(-0.0635136 -0.0907127 0)
(-0.0582776 -0.0891049 0)
(-0.0530638 -0.0869936 0)
(-0.0479063 -0.0843845 0)
(-0.04284 -0.081288 0)
(-0.0379 -0.077719 0)
(-0.0331221 -0.0736975 0)
(-0.0285413 -0.0692481 0)
(-0.0241925 -0.0644 0)
(-0.0201094 -0.0591868 0)
(-0.0163245 -0.0536464 0)
(-0.0128686 -0.0478204 0)
(-0.00977064 -0.041754 0)
(-0.00705713 -0.0354952 0)
(-0.00475251 -0.0290947 0)
(-0.00287762 -0.0226051 0)
(-0.00144629 -0.0160804 0)
(-0.000481293 -0.00957512 0)
(-5.99446e-05 -0.0031456 0)
(-4.59783e-05 0.00345422 0)
(-0.000344005 0.0100035 0)
(-0.00100328 0.0161935 0)
(-0.00195321 0.0220268 0)
(-0.00316585 0.0275081 0)
(-0.00462316 0.0326437 0)
(-0.00630557 0.0374408 0)
(-0.00819414 0.0419078 0)
(-0.0102714 0.0460539 0)
(-0.0125211 0.0498885 0)
(-0.014928 0.0534215 0)
(-0.0174781 0.056663 0)
(-0.0201581 0.0596229 0)
(-0.0229559 0.0623112 0)
(-0.02586 0.0647374 0)
(-0.0288599 0.0669108 0)
(-0.0319455 0.0688401 0)
(-0.0351077 0.0705335 0)
(-0.0383378 0.0719989 0)
(-0.0416274 0.0732432 0)
(-0.044969 0.0742728 0)
(-0.048355 0.0750935 0)
(-0.0517786 0.0757103 0)
(-0.0552328 0.0761275 0)
(-0.0587112 0.0763489 0)
(-0.0622074 0.0763776 0)
(-0.0657151 0.0762158 0)
(-0.0692281 0.0758657 0)
(-0.0727403 0.0753283 0)
(-0.0762454 0.0746046 0)
(-0.0797373 0.0736951 0)
(-0.0832096 0.0725997 0)
(-0.0866559 0.0713183 0)
(-0.0900698 0.0698505 0)
(-0.0934443 0.0681956 0)
(-0.0967727 0.066353 0)
(-0.100048 0.064322 0)
(-0.103262 0.0621023 0)
(-0.106408 0.0596934 0)
(-0.109478 0.0570953 0)
(-0.112464 0.0543082 0)
(-0.115357 0.051333 0)
(-0.118149 0.0481708 0)
(-0.120831 0.0448236 0)
(-0.123394 0.0412939 0)
(-0.125828 0.037585 0)
(-0.128124 0.0337011 0)
(-0.130273 0.0296473 0)
(-0.132264 0.0254298 0)
(-0.134089 0.0210555 0)
(-0.135735 0.0165329 0)
(-0.137195 0.0118713 0)
(-0.138457 0.00708132 0)
(-0.139513 0.00217488 0)
(-0.140352 -0.00283497 0)
(-0.140965 -0.0079336 0)
(-0.141343 -0.0131057 0)
(-0.141477 -0.0183345 0)
(-0.14136 -0.0236014 0)
(-0.140983 -0.0288863 0)
(-0.14034 -0.0341678 0)
(-0.139424 -0.0394228 0)
(-0.138229 -0.0446267 0)
(-0.136751 -0.0497538 0)
(-0.134988 -0.054777 0)
(-0.132936 -0.0596681 0)
(-0.130596 -0.064398 0)
(-0.127969 -0.0689368 0)
(-0.125058 -0.073254 0)
(-0.121866 -0.0773187 0)
(-0.118401 -0.0811 0)
(-0.114672 -0.0845673 0)
(-0.110689 -0.0876902 0)
(-0.106465 -0.0904395 0)
(-0.102016 -0.092787 0)
(-0.0973596 -0.0947061 0)
(-0.0925155 -0.0961722 0)
(-0.0875065 -0.0971631 0)
(-0.0823572 -0.0976591 0)
(-0.0770947 -0.097644 0)
(-0.071748 -0.097105 0)
(-0.0663483 -0.0960331 0)
(-0.0609283 -0.0944237 0)
(-0.0555226 -0.0922765 0)
(-0.0501667 -0.0895963 0)
(-0.0448974 -0.0863925 0)
(-0.039752 -0.0826799 0)
(-0.0347681 -0.0784783 0)
(-0.0299833 -0.0738127 0)
(-0.0254346 -0.0687129 0)
(-0.0211582 -0.0632137 0)
(-0.0171891 -0.0573545 0)
(-0.0135606 -0.0511787 0)
(-0.0103038 -0.0447336 0)
(-0.00744794 -0.0380696 0)
(-0.00501958 -0.0312402 0)
(-0.00304176 -0.0243007 0)
(-0.00153011 -0.0173082 0)
(-0.000509747 -0.0103204 0)
(-6.36503e-05 -0.0033967 0)
(-4.63682e-05 0.00363097 0)
(-0.000346922 0.0105074 0)
(-0.0010118 0.0169995 0)
(-0.00196985 0.0231116 0)
(-0.00319291 0.0288496 0)
(-0.00466287 0.0342211 0)
(-0.00636001 0.0392348 0)
(-0.00826533 0.0439004 0)
(-0.0103612 0.0482279 0)
(-0.0126314 0.0522283 0)
(-0.0150607 0.0559125 0)
(-0.0176347 0.0592914 0)
(-0.0203405 0.0623761 0)
(-0.0231656 0.0651772 0)
(-0.0260988 0.0677053 0)
(-0.0291294 0.0699703 0)
(-0.0322474 0.0719816 0)
(-0.0354437 0.0737481 0)
(-0.0387095 0.0752781 0)
(-0.0420367 0.076579 0)
(-0.0454176 0.0776578 0)
(-0.0488448 0.0785204 0)
(-0.0523115 0.0791722 0)
(-0.0558109 0.0796179 0)
(-0.0593366 0.0798614 0)
(-0.0628822 0.0799057 0)
(-0.0664415 0.0797535 0)
(-0.0700085 0.0794068 0)
(-0.0735772 0.0788667 0)
(-0.0771413 0.0781341 0)
(-0.0806947 0.0772095 0)
(-0.0842313 0.0760927 0)
(-0.0877447 0.0747834 0)
(-0.0912284 0.073281 0)
(-0.0946756 0.0715848 0)
(-0.0980796 0.0696938 0)
(-0.101433 0.0676073 0)
(-0.104729 0.0653245 0)
(-0.10796 0.0628448 0)
(-0.111117 0.0601679 0)
(-0.114193 0.0572937 0)
(-0.117179 0.0542229 0)
(-0.120066 0.0509563 0)
(-0.122846 0.0474956 0)
(-0.125509 0.0438431 0)
(-0.128046 0.0400019 0)
(-0.130446 0.035976 0)
(-0.132701 0.0317703 0)
(-0.134799 0.0273907 0)
(-0.136731 0.0228444 0)
(-0.138485 0.0181395 0)
(-0.140053 0.0132854 0)
(-0.141423 0.00829287 0)
(-0.142585 0.00317385 0)
(-0.143528 -0.00205834 0)
(-0.144243 -0.00738869 0)
(-0.144721 -0.0128018 0)
(-0.144952 -0.0182802 0)
(-0.144926 -0.0238052 0)
(-0.144636 -0.029356 0)
(-0.144074 -0.0349104 0)
(-0.143232 -0.0404446 0)
(-0.142105 -0.045933 0)
(-0.140686 -0.0513488 0)
(-0.138973 -0.0566637 0)
(-0.136962 -0.0618481 0)
(-0.134652 -0.0668713 0)
(-0.132044 -0.0717018 0)
(-0.129139 -0.0763074 0)
(-0.125942 -0.0806551 0)
(-0.122458 -0.0847121 0)
(-0.118695 -0.0884455 0)
(-0.114665 -0.0918228 0)
(-0.110379 -0.0948124 0)
(-0.105854 -0.0973836 0)
(-0.101105 -0.0995075 0)
(-0.0961548 -0.101157 0)
(-0.0910247 -0.102307 0)
(-0.0857403 -0.102937 0)
(-0.0803292 -0.103027 0)
(-0.0748212 -0.102562 0)
(-0.0692486 -0.101532 0)
(-0.0636453 -0.0999306 0)
(-0.0580473 -0.0977552 0)
(-0.0524919 -0.0950097 0)
(-0.0470176 -0.0917027 0)
(-0.0416638 -0.0878484 0)
(-0.0364703 -0.0834663 0)
(-0.0314771 -0.0785817 0)
(-0.0267235 -0.0732251 0)
(-0.0222484 -0.0674323 0)
(-0.0180894 -0.0612441 0)
(-0.0142822 -0.0547057 0)
(-0.0108609 -0.0478666 0)
(-0.0078569 -0.0407798 0)
(-0.00529953 -0.0335014 0)
(-0.00321412 -0.0260899 0)
(-0.00161829 -0.0186053 0)
(-0.000539757 -0.0111086 0)
(-6.75803e-05 -0.0036627 0)
(-4.6675e-05 0.00380907 0)
(-0.000349236 0.011015 0)
(-0.00101858 0.0178117 0)
(-0.00198314 0.0242047 0)
(-0.00321461 0.0302015 0)
(-0.00469483 0.035811 0)
(-0.00640401 0.0410432 0)
(-0.00832309 0.045909 0)
(-0.0104344 0.05042 0)
(-0.0127217 0.0545878 0)
(-0.0151696 0.0584248 0)
(-0.0177639 0.0619428 0)
(-0.0204915 0.0651538 0)
(-0.0233401 0.0680695 0)
(-0.0262983 0.0707011 0)
(-0.0293554 0.0730593 0)
(-0.0325017 0.0751543 0)
(-0.0357278 0.0769956 0)
(-0.0390251 0.0785919 0)
(-0.0423856 0.0799513 0)
(-0.0458016 0.081081 0)
(-0.0492659 0.0819874 0)
(-0.0527715 0.0826763 0)
(-0.0563119 0.0831525 0)
(-0.0598807 0.0834201 0)
(-0.0634717 0.0834825 0)
(-0.0670787 0.0833422 0)
(-0.0706958 0.0830013 0)
(-0.074317 0.082461 0)
(-0.0779364 0.0817222 0)
(-0.0815478 0.0807851 0)
(-0.0851452 0.0796497 0)
(-0.0887222 0.0783154 0)
(-0.0922726 0.0767814 0)
(-0.0957895 0.0750468 0)
(-0.0992663 0.0731106 0)
(-0.102696 0.0709715 0)
(-0.106071 0.0686287 0)
(-0.109383 0.0660812 0)
(-0.112626 0.0633284 0)
(-0.11579 0.0603701 0)
(-0.118868 0.0572064 0)
(-0.12185 0.0538381 0)
(-0.124727 0.0502665 0)
(-0.12749 0.0464935 0)
(-0.130128 0.0425221 0)
(-0.132633 0.0383561 0)
(-0.134994 0.034 0)
(-0.1372 0.0294597 0)
(-0.139241 0.0247421 0)
(-0.141106 0.0198553 0)
(-0.142784 0.0148086 0)
(-0.144264 0.00961287 0)
(-0.145535 0.00428014 0)
(-0.146587 -0.00117609 0)
(-0.147409 -0.00674053 0)
(-0.147991 -0.0123975 0)
(-0.148322 -0.0181294 0)
(-0.148394 -0.0239168 0)
(-0.148197 -0.0297386 0)
(-0.147722 -0.0355719 0)
(-0.146961 -0.041392 0)
(-0.145908 -0.0471724 0)
(-0.144557 -0.0528853 0)
(-0.142902 -0.0585011 0)
(-0.140939 -0.0639887 0)
(-0.138668 -0.0693161 0)
(-0.136086 -0.07445 0)
(-0.133197 -0.0793562 0)
(-0.130002 -0.084 0)
(-0.126507 -0.0883464 0)
(-0.12272 -0.0923601 0)
(-0.11865 -0.0960063 0)
(-0.11431 -0.099251 0)
(-0.109715 -0.102061 0)
(-0.104882 -0.104405 0)
(-0.0998315 -0.106253 0)
(-0.0945862 -0.107578 0)
(-0.0891717 -0.108355 0)
(-0.0836162 -0.108563 0)
(-0.0779504 -0.108186 0)
(-0.0722073 -0.107209 0)
(-0.0664223 -0.105625 0)
(-0.0606327 -0.10343 0)
(-0.0548775 -0.100626 0)
(-0.0491969 -0.0972207 0)
(-0.0436326 -0.0932273 0)
(-0.0382265 -0.0886652 0)
(-0.0330209 -0.0835596 0)
(-0.0280581 -0.0779416 0)
(-0.0233793 -0.0718479 0)
(-0.0190248 -0.0653208 0)
(-0.0150334 -0.0584072 0)
(-0.0114417 -0.0511589 0)
(-0.00828412 -0.0436313 0)
(-0.00559251 -0.0358835 0)
(-0.00339483 -0.0279769 0)
(-0.00171093 -0.0199751 0)
(-0.000571365 -0.0119421 0)
(-7.17426e-05 -0.00394441 0)
(-4.68959e-05 0.00398818 0)
(-0.000350925 0.0115256 0)
(-0.00102357 0.0186286 0)
(-0.00199298 0.0253044 0)
(-0.00323078 0.0315616 0)
(-0.0047188 0.0374108 0)
(-0.00643724 0.0428631 0)
(-0.008367 0.0479308 0)
(-0.0104905 0.0526265 0)
(-0.0127912 0.0569635 0)
(-0.0152541 0.0609547 0)
(-0.0178648 0.0646133 0)
(-0.0206102 0.0679522 0)
(-0.0234781 0.070984 0)
(-0.026457 0.0737206 0)
(-0.0295364 0.0761737 0)
(-0.0327065 0.0783539 0)
(-0.035958 0.0802716 0)
(-0.0392825 0.0819359 0)
(-0.0426718 0.0833555 0)
(-0.0461184 0.084538 0)
(-0.0496152 0.0854903 0)
(-0.0531553 0.0862182 0)
(-0.0567323 0.0867271 0)
(-0.0603397 0.087021 0)
(-0.0639716 0.0871037 0)
(-0.067622 0.0869777 0)
(-0.0712849 0.0866451 0)
(-0.0749545 0.0861072 0)
(-0.078625 0.0853649 0)
(-0.0822903 0.0844183 0)
(-0.0859445 0.0832671 0)
(-0.0895814 0.0819107 0)
(-0.0931947 0.0803483 0)
(-0.0967778 0.0785785 0)
(-0.100324 0.0766001 0)
(-0.103826 0.0744118 0)
(-0.107277 0.0720122 0)
(-0.110669 0.0694001 0)
(-0.113995 0.0665748 0)
(-0.117245 0.0635355 0)
(-0.120412 0.0602822 0)
(-0.123487 0.0568151 0)
(-0.126459 0.0531354 0)
(-0.129321 0.0492447 0)
(-0.132061 0.0451456 0)
(-0.13467 0.0408416 0)
(-0.137137 0.0363371 0)
(-0.139452 0.0316376 0)
(-0.141603 0.02675 0)
(-0.143579 0.0216821 0)
(-0.145369 0.0164433 0)
(-0.146962 0.0110442 0)
(-0.148346 0.00549709 0)
(-0.149509 -0.000184404 0)
(-0.150441 -0.00598492 0)
(-0.151132 -0.0118884 0)
(-0.151569 -0.0178769 0)
(-0.151743 -0.0239307 0)
(-0.151644 -0.0300282 0)
(-0.151263 -0.0361458 0)
(-0.150591 -0.042258 0)
(-0.149619 -0.0483377 0)
(-0.148341 -0.0543556 0)
(-0.146752 -0.0602812 0)
(-0.144847 -0.0660819 0)
(-0.142622 -0.0717241 0)
(-0.140076 -0.0771728 0)
(-0.137211 -0.0823919 0)
(-0.134027 -0.0873448 0)
(-0.13053 -0.0919941 0)
(-0.126727 -0.0963024 0)
(-0.122627 -0.100232 0)
(-0.118241 -0.103748 0)
(-0.113585 -0.106812 0)
(-0.108675 -0.109391 0)
(-0.103532 -0.111453 0)
(-0.098178 -0.112967 0)
(-0.0926395 -0.113907 0)
(-0.086945 -0.114248 0)
(-0.0811258 -0.113971 0)
(-0.075216 -0.11306 0)
(-0.069252 -0.111505 0)
(-0.0632724 -0.1093 0)
(-0.0573179 -0.106446 0)
(-0.0514308 -0.102948 0)
(-0.0456546 -0.0988189 0)
(-0.0400336 -0.094078 0)
(-0.0346127 -0.0887502 0)
(-0.0294367 -0.0828668 0)
(-0.0245496 -0.0764656 0)
(-0.0199948 -0.06959 0)
(-0.0158138 -0.0622888 0)
(-0.0120463 -0.0546159 0)
(-0.00872956 -0.0466295 0)
(-0.00589855 -0.0383913 0)
(-0.00358397 -0.0299661 0)
(-0.00180808 -0.0214208 0)
(-0.0006046 -0.012823 0)
(-7.61443e-05 -0.00424267 0)
(-4.7028e-05 0.004168 0)
(-0.000351971 0.0120382 0)
(-0.00102671 0.0194489 0)
(-0.00199926 0.0264087 0)
(-0.00324126 0.0329277 0)
(-0.00473455 0.0390177 0)
(-0.00645936 0.0446914 0)
(-0.00839663 0.0499622 0)
(-0.0105288 0.0548442 0)
(-0.0128394 0.0593515 0)
(-0.0153133 0.0634983 0)
(-0.0179364 0.0672989 0)
(-0.0206954 0.0707671 0)
(-0.0235783 0.0739163 0)
(-0.0265735 0.0767594 0)
(-0.0296707 0.0793088 0)
(-0.0328601 0.0815759 0)
(-0.0361324 0.0835716 0)
(-0.0394793 0.0853057 0)
(-0.0428927 0.0867872 0)
(-0.0463653 0.0880243 0)
(-0.0498898 0.0890243 0)
(-0.0534596 0.0897933 0)
(-0.0570683 0.0903369 0)
(-0.0607097 0.0906595 0)
(-0.0643778 0.0907647 0)
(-0.0680668 0.0906555 0)
(-0.0717708 0.0903338 0)
(-0.0754842 0.089801 0)
(-0.0792012 0.0890579 0)
(-0.0829159 0.0881046 0)
(-0.0866225 0.0869408 0)
(-0.0903149 0.0855655 0)
(-0.0939869 0.0839777 0)
(-0.0976321 0.082176 0)
(-0.101244 0.0801589 0)
(-0.104815 0.0779247 0)
(-0.108338 0.0754718 0)
(-0.111807 0.0727987 0)
(-0.115212 0.0699043 0)
(-0.118545 0.0667875 0)
(-0.121799 0.0634478 0)
(-0.124964 0.0598854 0)
(-0.12803 0.0561008 0)
(-0.130989 0.0520954 0)
(-0.13383 0.0478715 0)
(-0.136542 0.0434322 0)
(-0.139115 0.0387816 0)
(-0.141537 0.0339251 0)
(-0.143799 0.0288691 0)
(-0.145887 0.0236214 0)
(-0.147791 0.0181913 0)
(-0.149498 0.0125893 0)
(-0.150996 0.0068276 0)
(-0.152275 0.000920076 0)
(-0.15332 -0.00511812 0)
(-0.154123 -0.0112701 0)
(-0.15467 -0.0175179 0)
(-0.154952 -0.0238414 0)
(-0.154957 -0.0302188 0)
(-0.154675 -0.0366257 0)
(-0.154097 -0.043036 0)
(-0.153214 -0.0494215 0)
(-0.152018 -0.0557522 0)
(-0.150502 -0.0619959 0)
(-0.148662 -0.0681191 0)
(-0.146492 -0.0740864 0)
(-0.143991 -0.0798612 0)
(-0.141159 -0.0854054 0)
(-0.137996 -0.0906802 0)
(-0.134507 -0.0956462 0)
(-0.130698 -0.100263 0)
(-0.126576 -0.104492 0)
(-0.122154 -0.108293 0)
(-0.117446 -0.111627 0)
(-0.112468 -0.114458 0)
(-0.10724 -0.11675 0)
(-0.101786 -0.11847 0)
(-0.0961304 -0.119588 0)
(-0.0903033 -0.120077 0)
(-0.0843364 -0.119915 0)
(-0.0782645 -0.119083 0)
(-0.0721252 -0.117569 0)
(-0.0659585 -0.115364 0)
(-0.0598066 -0.112468 0)
(-0.0537136 -0.108884 0)
(-0.0477252 -0.104625 0)
(-0.041888 -0.0997071 0)
(-0.0362494 -0.0941566 0)
(-0.030857 -0.0880047 0)
(-0.0257578 -0.0812899 0)
(-0.0209981 -0.0740566 0)
(-0.0166226 -0.0663557 0)
(-0.012674 -0.0582431 0)
(-0.00919302 -0.0497795 0)
(-0.0062176 -0.0410297 0)
(-0.00378154 -0.0320618 0)
(-0.00190979 -0.022946 0)
(-0.000639487 -0.0137537 0)
(-8.07917e-05 -0.00455833 0)
(-4.70688e-05 0.00434818 0)
(-0.000352357 0.012552 0)
(-0.00102796 0.0202711 0)
(-0.0020019 0.0275156 0)
(-0.0032459 0.0342973 0)
(-0.00474186 0.0406291 0)
(-0.0064701 0.0465251 0)
(-0.00841162 0.0520001 0)
(-0.0105489 0.0570693 0)
(-0.0128656 0.061748 0)
(-0.0153467 0.0660516 0)
(-0.0179779 0.0699954 0)
(-0.0207463 0.0735941 0)
(-0.0236396 0.076862 0)
(-0.0266466 0.079813 0)
(-0.0297569 0.0824602 0)
(-0.0329608 0.0848156 0)
(-0.0362491 0.0868908 0)
(-0.0396135 0.0886962 0)
(-0.0430461 0.0902414 0)
(-0.0465395 0.091535 0)
(-0.0500867 0.0925846 0)
(-0.0536811 0.0933967 0)
(-0.0573165 0.0939771 0)
(-0.0609867 0.0943305 0)
(-0.0646859 0.0944607 0)
(-0.0684084 0.0943707 0)
(-0.0721485 0.0940625 0)
(-0.0759006 0.0935376 0)
(-0.0796591 0.0927966 0)
(-0.0834183 0.0918396 0)
(-0.0871724 0.0906661 0)
(-0.0909155 0.0892751 0)
(-0.0946415 0.0876654 0)
(-0.0983441 0.0858352 0)
(-0.102017 0.0837829 0)
(-0.105652 0.0815063 0)
(-0.109244 0.0790038 0)
(-0.112784 0.0762734 0)
(-0.116265 0.0733135 0)
(-0.119679 0.0701229 0)
(-0.123016 0.0667007 0)
(-0.126268 0.0630464 0)
(-0.129426 0.0591605 0)
(-0.132479 0.0550438 0)
(-0.135418 0.0506983 0)
(-0.138231 0.0461267 0)
(-0.140909 0.0413328 0)
(-0.143439 0.0363217 0)
(-0.14581 0.0310996 0)
(-0.148011 0.0256739 0)
(-0.150029 0.0200538 0)
(-0.151851 0.0142498 0)
(-0.153466 0.00827387 0)
(-0.154861 0.00213994 0)
(-0.156023 -0.00413673 0)
(-0.156941 -0.0105386 0)
(-0.157603 -0.0170478 0)
(-0.157996 -0.0236441 0)
(-0.15811 -0.0303048 0)
(-0.157934 -0.0370055 0)
(-0.157457 -0.0437191 0)
(-0.156669 -0.0504168 0)
(-0.155562 -0.0570672 0)
(-0.154128 -0.0636373 0)
(-0.15236 -0.070092 0)
(-0.150255 -0.0763944 0)
(-0.147808 -0.082506 0)
(-0.145018 -0.088387 0)
(-0.141886 -0.0939965 0)
(-0.138415 -0.0992927 0)
(-0.134609 -0.104233 0)
(-0.130477 -0.108776 0)
(-0.126029 -0.112878 0)
(-0.121278 -0.116498 0)
(-0.116242 -0.119597 0)
(-0.110939 -0.122135 0)
(-0.105393 -0.124077 0)
(-0.099629 -0.12539 0)
(-0.0936769 -0.126042 0)
(-0.0875691 -0.12601 0)
(-0.0813412 -0.125272 0)
(-0.0750317 -0.123811 0)
(-0.0686819 -0.121619 0)
(-0.0623355 -0.118691 0)
(-0.0560384 -0.115029 0)
(-0.0498386 -0.110645 0)
(-0.0437848 -0.105554 0)
(-0.0379273 -0.0997812 0)
(-0.0323162 -0.0933585 0)
(-0.0270017 -0.0863246 0)
(-0.0220332 -0.0787253 0)
(-0.0174587 -0.0706128 0)
(-0.0133243 -0.0620454 0)
(-0.00967412 -0.0530863 0)
(-0.00654946 -0.0438034 0)
(-0.00398749 -0.034268 0)
(-0.00201604 -0.024554 0)
(-0.000676035 -0.0147363 0)
(-8.569e-05 -0.00489225 0)
(-4.7016e-05 0.00452839 0)
(-0.000352066 0.0130659 0)
(-0.00102727 0.0210937 0)
(-0.00200081 0.0286233 0)
(-0.00324456 0.035668 0)
(-0.00474054 0.0422421 0)
(-0.00646919 0.0483611 0)
(-0.00841162 0.054041 0)
(-0.0105504 0.0592982 0)
(-0.0128694 0.0641492 0)
(-0.0153534 0.0686106 0)
(-0.0179885 0.0726985 0)
(-0.0207618 0.0764287 0)
(-0.023661 0.0798166 0)
(-0.0266751 0.0828767 0)
(-0.0297936 0.0856229 0)
(-0.033007 0.0880681 0)
(-0.0363062 0.0902243 0)
(-0.039683 0.0921026 0)
(-0.0431295 0.0937131 0)
(-0.0466385 0.0950649 0)
(-0.0502031 0.0961659 0)
(-0.0538168 0.0970231 0)
(-0.0574734 0.0976425 0)
(-0.061167 0.0980289 0)
(-0.0648919 0.0981864 0)
(-0.0686424 0.098118 0)
(-0.0724131 0.097826 0)
(-0.0761984 0.0973116 0)
(-0.079993 0.0965756 0)
(-0.0837912 0.0956179 0)
(-0.0875874 0.094438 0)
(-0.0913759 0.0930346 0)
(-0.0951507 0.0914063 0)
(-0.0989055 0.0895512 0)
(-0.102634 0.0874672 0)
(-0.106329 0.0851522 0)
(-0.109985 0.0826038 0)
(-0.113592 0.0798199 0)
(-0.117145 0.0767985 0)
(-0.120633 0.073538 0)
(-0.12405 0.0700371 0)
(-0.127386 0.066295 0)
(-0.130631 0.0623115 0)
(-0.133776 0.0580873 0)
(-0.13681 0.0536238 0)
(-0.139722 0.0489233 0)
(-0.142503 0.0439894 0)
(-0.145139 0.0388266 0)
(-0.147619 0.0334409 0)
(-0.149931 0.0278396 0)
(-0.152063 0.0220314 0)
(-0.154001 0.0160267 0)
(-0.155734 0.00983752 0)
(-0.157247 0.00347753 0)
(-0.158528 -0.00303781 0)
(-0.159565 -0.00969059 0)
(-0.160344 -0.0164628 0)
(-0.160853 -0.0233339 0)
(-0.161081 -0.0302812 0)
(-0.161015 -0.0372794 0)
(-0.160645 -0.0443011 0)
(-0.159959 -0.0513164 0)
(-0.158948 -0.0582932 0)
(-0.157603 -0.0651971 0)
(-0.155917 -0.0719918 0)
(-0.153885 -0.0786387 0)
(-0.151501 -0.0850978 0)
(-0.148764 -0.0913271 0)
(-0.145673 -0.0972837 0)
(-0.142229 -0.102923 0)
(-0.138438 -0.108201 0)
(-0.134306 -0.113072 0)
(-0.129842 -0.117492 0)
(-0.125061 -0.121414 0)
(-0.119976 -0.124797 0)
(-0.114609 -0.127599 0)
(-0.108981 -0.12978 0)
(-0.103118 -0.131304 0)
(-0.0970499 -0.132137 0)
(-0.0908094 -0.132251 0)
(-0.0844328 -0.131621 0)
(-0.0779594 -0.130228 0)
(-0.0714318 -0.12806 0)
(-0.0648952 -0.125111 0)
(-0.0583973 -0.121381 0)
(-0.0519879 -0.116878 0)
(-0.0457185 -0.111618 0)
(-0.0396416 -0.105625 0)
(-0.0338105 -0.0989304 0)
(-0.0282784 -0.091573 0)
(-0.0230979 -0.0835998 0)
(-0.0183206 -0.0750645 0)
(-0.0139962 -0.0660276 0)
(-0.0101722 -0.0565548 0)
(-0.00689382 -0.046717 0)
(-0.00420165 -0.0365889 0)
(-0.0021268 -0.0262481 0)
(-0.000714245 -0.0157731 0)
(-9.08431e-05 -0.0052453 0)
(-4.68677e-05 0.00470826 0)
(-0.000351085 0.0135789 0)
(-0.00102459 0.0219151 0)
(-0.00199592 0.0297297 0)
(-0.00323712 0.0370374 0)
(-0.00473041 0.0438539 0)
(-0.00645639 0.0501962 0)
(-0.00839631 0.0560813 0)
(-0.0105329 0.061527 0)
(-0.0128501 0.066551 0)
(-0.015333 0.0711708 0)
(-0.0179676 0.0754037 0)
(-0.0207411 0.0792665 0)
(-0.0236415 0.0827753 0)
(-0.0266577 0.0859456 0)
(-0.0297794 0.088792 0)
(-0.0329972 0.0913282 0)
(-0.0363021 0.0935668 0)
(-0.0396858 0.0955195 0)
(-0.0431409 0.0971969 0)
(-0.0466599 0.0986086 0)
(-0.0502363 0.0997628 0)
(-0.0538636 0.100667 0)
(-0.0575357 0.101327 0)
(-0.0612469 0.101749 0)
(-0.0649916 0.101936 0)
(-0.0687643 0.101892 0)
(-0.0725597 0.101618 0)
(-0.0763724 0.101117 0)
(-0.0801971 0.100389 0)
(-0.0840284 0.099434 0)
(-0.0878609 0.0982508 0)
(-0.0916889 0.0968383 0)
(-0.0955066 0.095195 0)
(-0.099308 0.0933185 0)
(-0.103087 0.0912067 0)
(-0.106836 0.0888569 0)
(-0.110549 0.0862667 0)
(-0.114219 0.0834333 0)
(-0.117838 0.0803546 0)
(-0.121397 0.0770284 0)
(-0.124889 0.073453 0)
(-0.128303 0.0696272 0)
(-0.131632 0.0655503 0)
(-0.134864 0.0612226 0)
(-0.13799 0.056645 0)
(-0.140999 0.0518196 0)
(-0.143879 0.0467492 0)
(-0.146619 0.0414382 0)
(-0.149206 0.0358921 0)
(-0.151629 0.0301178 0)
(-0.153873 0.024124 0)
(-0.155928 0.0179206 0)
(-0.157778 0.0115195 0)
(-0.159411 0.00493448 0)
(-0.160812 -0.00181912 0)
(-0.161969 -0.00872305 0)
(-0.162869 -0.0157592 0)
(-0.163498 -0.0229069 0)
(-0.163843 -0.030143 0)
(-0.163893 -0.0374421 0)
(-0.163634 -0.0447758 0)
(-0.163056 -0.0521138 0)
(-0.162149 -0.0594228 0)
(-0.160901 -0.0666674 0)
(-0.159305 -0.07381 0)
(-0.157355 -0.0808104 0)
(-0.155044 -0.0876268 0)
(-0.152369 -0.0942155 0)
(-0.149329 -0.100531 0)
(-0.145925 -0.106527 0)
(-0.142159 -0.112157 0)
(-0.138038 -0.117371 0)
(-0.133571 -0.122123 0)
(-0.12877 -0.126364 0)
(-0.123649 -0.130049 0)
(-0.118228 -0.133131 0)
(-0.11253 -0.135568 0)
(-0.106578 -0.137321 0)
(-0.100404 -0.138351 0)
(-0.0940407 -0.138627 0)
(-0.0875241 -0.138122 0)
(-0.0808946 -0.136812 0)
(-0.074196 -0.134683 0)
(-0.0674749 -0.131725 0)
(-0.0607807 -0.127937 0)
(-0.0541651 -0.123323 0)
(-0.0476821 -0.1179 0)
(-0.0413868 -0.111689 0)
(-0.0353354 -0.104722 0)
(-0.0295843 -0.0970373 0)
(-0.0241897 -0.0886831 0)
(-0.0192065 -0.0797146 0)
(-0.0146884 -0.0701938 0)
(-0.0106866 -0.0601892 0)
(-0.00725019 -0.0497747 0)
(-0.00442381 -0.0390284 0)
(-0.00224197 -0.0280315 0)
(-0.0007541 -0.0168663 0)
(-9.62531e-05 -0.00561834 0)
(-4.66223e-05 0.00488745 0)
(-0.000349404 0.0140902 0)
(-0.00101991 0.0227337 0)
(-0.00198717 0.0308326 0)
(-0.0032235 0.0384028 0)
(-0.00471134 0.0454616 0)
(-0.0064315 0.052027 0)
(-0.00836544 0.0581175 0)
(-0.0104961 0.063752 0)
(-0.0128075 0.0689493 0)
(-0.0152849 0.073728 0)
(-0.0179145 0.0781066 0)
(-0.0206835 0.0821026 0)
(-0.0235802 0.0857332 0)
(-0.0265935 0.0890147 0)
(-0.0297132 0.0919623 0)
(-0.03293 0.0945906 0)
(-0.0362351 0.0969129 0)
(-0.0396203 0.0989414 0)
(-0.0430781 0.100687 0)
(-0.0466015 0.10216 0)
(-0.0501837 0.10337 0)
(-0.0538186 0.104323 0)
(-0.0575003 0.105026 0)
(-0.061223 0.105485 0)
(-0.0649813 0.105704 0)
(-0.0687699 0.105686 0)
(-0.0725837 0.105434 0)
(-0.0764174 0.104949 0)
(-0.0802659 0.104232 0)
(-0.084124 0.103282 0)
(-0.0879863 0.102098 0)
(-0.0918474 0.10068 0)
(-0.0957017 0.0990253 0)
(-0.0995433 0.0971312 0)
(-0.103366 0.0949954 0)
(-0.107163 0.0926149 0)
(-0.110929 0.0899868 0)
(-0.114654 0.0871082 0)
(-0.118333 0.0839764 0)
(-0.121958 0.0805888 0)
(-0.125518 0.0769433 0)
(-0.129007 0.0730382 0)
(-0.132414 0.0688724 0)
(-0.135729 0.0644456 0)
(-0.138943 0.0597583 0)
(-0.142043 0.054812 0)
(-0.14502 0.0496092 0)
(-0.14786 0.0441538 0)
(-0.150552 0.0384509 0)
(-0.153082 0.0325071 0)
(-0.155439 0.0263305 0)
(-0.157608 0.019931 0)
(-0.159575 0.0133202 0)
(-0.161328 0.00651171 0)
(-0.16285 -0.000479048 0)
(-0.16413 -0.00763386 0)
(-0.165152 -0.0149342 0)
(-0.165903 -0.0223594 0)
(-0.16637 -0.0298861 0)
(-0.16654 -0.0374883 0)
(-0.166399 -0.0451375 0)
(-0.165935 -0.0528023 0)
(-0.165137 -0.0604487 0)
(-0.163993 -0.0680403 0)
(-0.162496 -0.075538 0)
(-0.160636 -0.0829002 0)
(-0.158407 -0.0900834 0)
(-0.155805 -0.0970419 0)
(-0.152827 -0.103728 0)
(-0.149473 -0.110094 0)
(-0.145744 -0.116088 0)
(-0.141647 -0.12166 0)
(-0.137188 -0.12676 0)
(-0.13238 -0.131336 0)
(-0.127236 -0.135339 0)
(-0.121774 -0.138719 0)
(-0.116017 -0.14143 0)
(-0.109989 -0.143429 0)
(-0.103721 -0.144675 0)
(-0.0972448 -0.145131 0)
(-0.0905982 -0.144767 0)
(-0.083822 -0.143556 0)
(-0.0769607 -0.14148 0)
(-0.0700623 -0.138527 0)
(-0.0631777 -0.134691 0)
(-0.0563609 -0.129977 0)
(-0.0496677 -0.124397 0)
(-0.0431563 -0.117972 0)
(-0.0368856 -0.110733 0)
(-0.0309154 -0.102719 0)
(-0.0253052 -0.0939777 0)
(-0.020114 -0.0845659 0)
(-0.0153991 -0.0745475 0)
(-0.011216 -0.0639935 0)
(-0.00761793 -0.0529805 0)
(-0.00465362 -0.0415902 0)
(-0.00236142 -0.0299073 0)
(-0.000795571 -0.0180182 0)
(-0.000101921 -0.00601222 0)
(-4.62787e-05 0.00506559 0)
(-0.000347015 0.0145986 0)
(-0.0010132 0.0235481 0)
(-0.00197451 0.03193 0)
(-0.00320361 0.0397619 0)
(-0.00468322 0.0470622 0)
(-0.00639438 0.0538502 0)
(-0.00831881 0.0601458 0)
(-0.0104396 0.065969 0)
(-0.0127411 0.0713398 0)
(-0.0152086 0.0762778 0)
(-0.0178286 0.0808024 0)
(-0.0205884 0.0849322 0)
(-0.0234763 0.0886853 0)
(-0.0264815 0.0920786 0)
(-0.0295939 0.0951285 0)
(-0.0328042 0.09785 0)
(-0.0361038 0.100257 0)
(-0.0394847 0.102362 0)
(-0.0429394 0.104178 0)
(-0.046461 0.105714 0)
(-0.050043 0.10698 0)
(-0.0536793 0.107984 0)
(-0.0573641 0.108732 0)
(-0.0610918 0.10923 0)
(-0.0648573 0.109483 0)
(-0.0686552 0.109494 0)
(-0.0724807 0.109266 0)
(-0.0763287 0.1088 0)
(-0.0801941 0.108096 0)
(-0.0840721 0.107154 0)
(-0.0879574 0.105974 0)
(-0.0918447 0.104554 0)
(-0.0957287 0.102891 0)
(-0.0996035 0.100983 0)
(-0.103463 0.0988267 0)
(-0.107302 0.0964195 0)
(-0.111112 0.0937577 0)
(-0.114888 0.0908383 0)
(-0.11862 0.0876578 0)
(-0.122303 0.0842134 0)
(-0.125927 0.0805024 0)
(-0.129483 0.0765226 0)
(-0.132963 0.0722726 0)
(-0.136356 0.0677514 0)
(-0.139652 0.062959 0)
(-0.142839 0.0578964 0)
(-0.145907 0.0525657 0)
(-0.148844 0.0469702 0)
(-0.151637 0.0411146 0)
(-0.154273 0.0350051 0)
(-0.156739 0.0286493 0)
(-0.15902 0.0220569 0)
(-0.161104 0.0152391 0)
(-0.162975 0.00820949 0)
(-0.164619 0.000983441 0)
(-0.166021 -0.00642153 0)
(-0.167168 -0.0139857 0)
(-0.168044 -0.0216885 0)
(-0.168635 -0.0295066 0)
(-0.168928 -0.0374137 0)
(-0.168909 -0.0453808 0)
(-0.168565 -0.0533759 0)
(-0.167882 -0.0613642 0)
(-0.166851 -0.0693082 0)
(-0.165459 -0.0771674 0)
(-0.163699 -0.084899 0)
(-0.161562 -0.0924577 0)
(-0.159042 -0.0997958 0)
(-0.156137 -0.106864 0)
(-0.152844 -0.11361 0)
(-0.149165 -0.119983 0)
(-0.145103 -0.125927 0)
(-0.140666 -0.13139 0)
(-0.135864 -0.136317 0)
(-0.130709 -0.140654 0)
(-0.125221 -0.14435 0)
(-0.119418 -0.147353 0)
(-0.113328 -0.149617 0)
(-0.106977 -0.151096 0)
(-0.100401 -0.15175 0)
(-0.0936365 -0.151545 0)
(-0.0867244 -0.15045 0)
(-0.0797103 -0.148443 0)
(-0.0726434 -0.145508 0)
(-0.0655762 -0.141638 0)
(-0.0585644 -0.136834 0)
(-0.0516662 -0.131105 0)
(-0.0449423 -0.124472 0)
(-0.0384547 -0.116963 0)
(-0.0322664 -0.108618 0)
(-0.0264406 -0.0994846 0)
(-0.02104 -0.0896207 0)
(-0.0161263 -0.0790917 0)
(-0.0117591 -0.0679709 0)
(-0.00799618 -0.0563379 0)
(-0.00489063 -0.0442776 0)
(-0.00248495 -0.0318784 0)
(-0.000838607 -0.0192307 0)
(-0.000107844 -0.00642778 0)
(-4.58362e-05 0.00524232 0)
(-0.000343913 0.0151031 0)
(-0.00100444 0.0243565 0)
(-0.00195791 0.0330198 0)
(-0.00317743 0.0411119 0)
(-0.00464598 0.0486526 0)
(-0.00634494 0.0556625 0)
(-0.00825629 0.0621627 0)
(-0.0103634 0.0681742 0)
(-0.0126508 0.0737183 0)
(-0.015104 0.0788155 0)
(-0.0177096 0.0834863 0)
(-0.0204553 0.0877503 0)
(-0.0233293 0.0916263 0)
(-0.0263211 0.0951322 0)
(-0.0294206 0.098285 0)
(-0.0326188 0.101101 0)
(-0.0359071 0.103593 0)
(-0.0392776 0.105777 0)
(-0.0427231 0.107663 0)
(-0.0462367 0.109264 0)
(-0.049812 0.110588 0)
(-0.0534431 0.111644 0)
(-0.0571244 0.112438 0)
(-0.0608504 0.112978 0)
(-0.0646161 0.113267 0)
(-0.0684164 0.113309 0)
(-0.0722465 0.113107 0)
(-0.0761015 0.112662 0)
(-0.0799767 0.111975 0)
(-0.0838673 0.111045 0)
(-0.0877681 0.109871 0)
(-0.0916743 0.108452 0)
(-0.0955804 0.106784 0)
(-0.0994811 0.104866 0)
(-0.10337 0.102693 0)
(-0.107242 0.100264 0)
(-0.111091 0.0975725 0)
(-0.114908 0.0946165 0)
(-0.118688 0.0913919 0)
(-0.122422 0.0878953 0)
(-0.126102 0.0841236 0)
(-0.129719 0.0800742 0)
(-0.133265 0.0757448 0)
(-0.136729 0.0711341 0)
(-0.140101 0.0662417 0)
(-0.14337 0.0610678 0)
(-0.146525 0.0556141 0)
(-0.149553 0.0498833 0)
(-0.152442 0.0438796 0)
(-0.15518 0.0376086 0)
(-0.157751 0.0310778 0)
(-0.160143 0.0242962 0)
(-0.16234 0.0172749 0)
(-0.164329 0.010027 0)
(-0.166094 0.00256781 0)
(-0.167619 -0.00508531 0)
(-0.16889 -0.012912 0)
(-0.169892 -0.0208918 0)
(-0.170611 -0.0290015 0)
(-0.171031 -0.0372144 0)
(-0.171137 -0.0455011 0)
(-0.170917 -0.0538291 0)
(-0.170357 -0.0621628 0)
(-0.169443 -0.0704636 0)
(-0.168165 -0.0786901 0)
(-0.166512 -0.0867978 0)
(-0.164476 -0.0947398 0)
(-0.162049 -0.102467 0)
(-0.159228 -0.109926 0)
(-0.156008 -0.117066 0)
(-0.152391 -0.123829 0)
(-0.148378 -0.130159 0)
(-0.143976 -0.136 0)
(-0.139193 -0.141293 0)
(-0.134043 -0.145982 0)
(-0.128541 -0.15001 0)
(-0.122708 -0.153323 0)
(-0.116568 -0.15587 0)
(-0.110151 -0.157601 0)
(-0.103488 -0.158472 0)
(-0.0966184 -0.158444 0)
(-0.0895828 -0.157483 0)
(-0.0824276 -0.155561 0)
(-0.0752027 -0.152661 0)
(-0.0679622 -0.14877 0)
(-0.0607635 -0.143887 0)
(-0.0536672 -0.138019 0)
(-0.0467361 -0.131184 0)
(-0.0400355 -0.123409 0)
(-0.0336315 -0.114733 0)
(-0.0275912 -0.105204 0)
(-0.0219813 -0.0948802 0)
(-0.0168676 -0.0838284 0)
(-0.0123143 -0.0721242 0)
(-0.0083839 -0.0598499 0)
(-0.00513425 -0.0470936 0)
(-0.00261232 -0.0339476 0)
(-0.000883139 -0.0205059 0)
(-0.000114019 -0.00686583 0)
(-4.52948e-05 0.00541726 0)
(-0.000340098 0.0156028 0)
(-0.000993636 0.0251574 0)
(-0.00193739 0.0340998 0)
(-0.00314492 0.0424503 0)
(-0.0045996 0.0502299 0)
(-0.00628312 0.0574605 0)
(-0.00817779 0.0641643 0)
(-0.0102673 0.0703635 0)
(-0.0125363 0.0760804 0)
(-0.0149707 0.0813366 0)
(-0.0175573 0.0861536 0)
(-0.0202837 0.0905518 0)
(-0.0231387 0.094551 0)
(-0.0261116 0.0981699 0)
(-0.0291926 0.101426 0)
(-0.0323729 0.104336 0)
(-0.0356438 0.106916 0)
(-0.0389979 0.109178 0)
(-0.0424278 0.111137 0)
(-0.0459268 0.112803 0)
(-0.0494889 0.114186 0)
(-0.053108 0.115296 0)
(-0.0567788 0.116139 0)
(-0.060496 0.116722 0)
(-0.0642547 0.117049 0)
(-0.06805 0.117125 0)
(-0.0718772 0.116951 0)
(-0.0757318 0.11653 0)
(-0.079609 0.115862 0)
(-0.0835043 0.114946 0)
(-0.0874129 0.113781 0)
(-0.0913299 0.112366 0)
(-0.0952502 0.110698 0)
(-0.0991687 0.108773 0)
(-0.10308 0.106588 0)
(-0.106977 0.10414 0)
(-0.110855 0.101423 0)
(-0.114707 0.0984353 0)
(-0.118525 0.0951713 0)
(-0.122302 0.0916273 0)
(-0.126031 0.0877999 0)
(-0.129702 0.0836857 0)
(-0.133306 0.0792822 0)
(-0.136834 0.0745874 0)
(-0.140276 0.0696001 0)
(-0.14362 0.0643202 0)
(-0.146855 0.0587487 0)
(-0.149969 0.0528878 0)
(-0.152949 0.046741 0)
(-0.155783 0.0403136 0)
(-0.158456 0.0336124 0)
(-0.160954 0.026646 0)
(-0.163262 0.0194252 0)
(-0.165366 0.0119627 0)
(-0.167249 0.00427351 0)
(-0.168896 -0.00362512 0)
(-0.170292 -0.0117123 0)
(-0.171422 -0.0199679 0)
(-0.172268 -0.0283683 0)
(-0.172817 -0.036887 0)
(-0.173054 -0.0454942 0)
(-0.172962 -0.0541568 0)
(-0.172528 -0.0628385 0)
(-0.171739 -0.0714999 0)
(-0.170581 -0.0800983 0)
(-0.169044 -0.088588 0)
(-0.167118 -0.0969203 0)
(-0.164794 -0.105044 0)
(-0.162067 -0.112905 0)
(-0.158932 -0.120447 0)
(-0.155389 -0.127613 0)
(-0.151438 -0.134342 0)
(-0.147085 -0.140575 0)
(-0.142337 -0.14625 0)
(-0.137205 -0.151307 0)
(-0.131706 -0.155685 0)
(-0.125858 -0.159326 0)
(-0.119685 -0.162174 0)
(-0.113215 -0.164176 0)
(-0.106482 -0.165283 0)
(-0.0995214 -0.16545 0)
(-0.0923764 -0.164641 0)
(-0.0850933 -0.162823 0)
(-0.0777228 -0.159974 0)
(-0.0703203 -0.156077 0)
(-0.0629447 -0.151129 0)
(-0.0556586 -0.145132 0)
(-0.0485276 -0.138103 0)
(-0.0416194 -0.130068 0)
(-0.0350039 -0.121062 0)
(-0.0287517 -0.111135 0)
(-0.0229336 -0.100344 0)
(-0.0176199 -0.0887587 0)
(-0.0128795 -0.0764552 0)
(-0.00877979 -0.0635189 0)
(-0.00538377 -0.0500409 0)
(-0.00274317 -0.0361172 0)
(-0.000929072 -0.0218456 0)
(-0.00012044 -0.00732713 0)
(-4.46551e-05 0.00559006 0)
(-0.000335573 0.0160966 0)
(-0.000980796 0.0259491 0)
(-0.00191294 0.035168 0)
(-0.00310612 0.0437745 0)
(-0.00454409 0.051791 0)
(-0.00620894 0.0592407 0)
(-0.00808334 0.0661468 0)
(-0.0101512 0.0725327 0)
(-0.0123977 0.0784217 0)
(-0.0148087 0.0838365 0)
(-0.0173714 0.0887993 0)
(-0.0200736 0.0933317 0)
(-0.0229041 0.0974541 0)
(-0.0258526 0.101186 0)
(-0.0289094 0.104546 0)
(-0.0320657 0.107552 0)
(-0.0353133 0.110218 0)
(-0.0386444 0.112561 0)
(-0.0420522 0.114592 0)
(-0.04553 0.116325 0)
(-0.0490719 0.117769 0)
(-0.052672 0.118933 0)
(-0.0563251 0.119826 0)
(-0.0600261 0.120454 0)
(-0.0637702 0.120821 0)
(-0.0675528 0.120932 0)
(-0.0713694 0.120789 0)
(-0.0752155 0.120394 0)
(-0.0790866 0.119747 0)
(-0.0829784 0.118849 0)
(-0.0868864 0.117697 0)
(-0.0908058 0.116289 0)
(-0.0947318 0.114623 0)
(-0.0986594 0.112695 0)
(-0.102583 0.110502 0)
(-0.106497 0.108039 0)
(-0.110396 0.105302 0)
(-0.114273 0.102286 0)
(-0.118122 0.0989876 0)
(-0.121934 0.0954012 0)
(-0.125702 0.091523 0)
(-0.129418 0.0873494 0)
(-0.133073 0.0828771 0)
(-0.136657 0.0781036 0)
(-0.14016 0.0730271 0)
(-0.143572 0.0676468 0)
(-0.14688 0.0619632 0)
(-0.150073 0.0559777 0)
(-0.153138 0.0496934 0)
(-0.156062 0.043115 0)
(-0.158832 0.0362486 0)
(-0.161431 0.0291025 0)
(-0.163846 0.0216868 0)
(-0.166061 0.014014 0)
(-0.168061 0.00609878 0)
(-0.169829 -0.0020419 0)
(-0.171349 -0.0103869 0)
(-0.172605 -0.018916 0)
(-0.17358 -0.0276056 0)
(-0.17426 -0.0364292 0)
(-0.174628 -0.0453567 0)
(-0.174668 -0.0543546 0)
(-0.174366 -0.063386 0)
(-0.173706 -0.0724106 0)
(-0.172676 -0.0813846 0)
(-0.171262 -0.0902611 0)
(-0.169455 -0.0989898 0)
(-0.167244 -0.107517 0)
(-0.164622 -0.115788 0)
(-0.161584 -0.123743 0)
(-0.158127 -0.131323 0)
(-0.154252 -0.138463 0)
(-0.149962 -0.145101 0)
(-0.145263 -0.151173 0)
(-0.140166 -0.156613 0)
(-0.134685 -0.161358 0)
(-0.128838 -0.165344 0)
(-0.122649 -0.168512 0)
(-0.116144 -0.170804 0)
(-0.109355 -0.172166 0)
(-0.102321 -0.172549 0)
(-0.0950826 -0.171911 0)
(-0.0876866 -0.170215 0)
(-0.0801848 -0.167434 0)
(-0.0726333 -0.163548 0)
(-0.0650927 -0.158549 0)
(-0.0576274 -0.152436 0)
(-0.0503053 -0.145223 0)
(-0.0431972 -0.136933 0)
(-0.0363759 -0.127601 0)
(-0.0299159 -0.117275 0)
(-0.0238923 -0.106012 0)
(-0.0183798 -0.0938826 0)
(-0.0134523 -0.080965 0)
(-0.00918232 -0.0673466 0)
(-0.00563831 -0.0531216 0)
(-0.00287712 -0.0383893 0)
(-0.000976287 -0.0232513 0)
(-0.000127095 -0.00781242 0)
(-4.39182e-05 0.00576035 0)
(-0.000330346 0.0165835 0)
(-0.000965939 0.0267302 0)
(-0.0018846 0.0362221 0)
(-0.00306108 0.0450818 0)
(-0.00447953 0.0533329 0)
(-0.0061225 0.0609997 0)
(-0.00797301 0.0681065 0)
(-0.0100154 0.0746778 0)
(-0.0122349 0.0807378 0)
(-0.014618 0.0863103 0)
(-0.0171519 0.0914185 0)
(-0.0198247 0.0960846 0)
(-0.0226255 0.10033 0)
(-0.0255439 0.104175 0)
(-0.0285707 0.107639 0)
(-0.031697 0.11074 0)
(-0.0349148 0.113495 0)
(-0.0382166 0.115917 0)
(-0.0415955 0.118023 0)
(-0.0450452 0.119823 0)
(-0.0485597 0.121328 0)
(-0.0521335 0.122549 0)
(-0.0557614 0.123493 0)
(-0.0594386 0.124167 0)
(-0.0631603 0.124576 0)
(-0.0669222 0.124724 0)
(-0.0707199 0.124614 0)
(-0.0745491 0.124247 0)
(-0.0784057 0.123624 0)
(-0.0822853 0.122745 0)
(-0.0861838 0.121608 0)
(-0.0900967 0.120211 0)
(-0.0940193 0.118551 0)
(-0.0979469 0.116624 0)
(-0.101874 0.114426 0)
(-0.105796 0.111953 0)
(-0.109707 0.109199 0)
(-0.1136 0.106161 0)
(-0.117469 0.102832 0)
(-0.121306 0.0992079 0)
(-0.125105 0.0952842 0)
(-0.128857 0.0910566 0)
(-0.132554 0.0865211 0)
(-0.136185 0.0816745 0)
(-0.139741 0.0765146 0)
(-0.143211 0.0710399 0)
(-0.146585 0.0652501 0)
(-0.149849 0.0591461 0)
(-0.152992 0.0527303 0)
(-0.156 0.0460067 0)
(-0.158859 0.0389809 0)
(-0.161554 0.0316606 0)
(-0.164071 0.0240555 0)
(-0.166394 0.0161775 0)
(-0.168506 0.00804093 0)
(-0.170391 -0.000337425 0)
(-0.172033 -0.00893688 0)
(-0.173414 -0.0177363 0)
(-0.174519 -0.0267126 0)
(-0.17533 -0.0358392 0)
(-0.175831 -0.0450859 0)
(-0.176006 -0.0544188 0)
(-0.175839 -0.0638005 0)
(-0.175314 -0.0731899 0)
(-0.174417 -0.0825422 0)
(-0.173134 -0.0918092 0)
(-0.171453 -0.100939 0)
(-0.169364 -0.109877 0)
(-0.166857 -0.118565 0)
(-0.163927 -0.126942 0)
(-0.16057 -0.134944 0)
(-0.156784 -0.142508 0)
(-0.152572 -0.149564 0)
(-0.147938 -0.156046 0)
(-0.142891 -0.161885 0)
(-0.137445 -0.167013 0)
(-0.131617 -0.171362 0)
(-0.125429 -0.174868 0)
(-0.118906 -0.177469 0)
(-0.112082 -0.179105 0)
(-0.104991 -0.179723 0)
(-0.0976767 -0.179276 0)
(-0.0901848 -0.177721 0)
(-0.0825677 -0.175027 0)
(-0.0748825 -0.17117 0)
(-0.0671908 -0.166135 0)
(-0.0595589 -0.15992 0)
(-0.0520567 -0.152534 0)
(-0.0447579 -0.143997 0)
(-0.0377385 -0.134344 0)
(-0.0310768 -0.123619 0)
(-0.0248518 -0.111881 0)
(-0.0191432 -0.0991987 0)
(-0.0140298 -0.0856534 0)
(-0.00958964 -0.0713338 0)
(-0.00589681 -0.0563371 0)
(-0.00301366 -0.0407656 0)
(-0.00102463 -0.0247245 0)
(-0.000133971 -0.00832233 0)
(-4.3086e-05 0.00592776 0)
(-0.00032443 0.0170624 0)
(-0.000949102 0.0274989 0)
(-0.00185245 0.03726 0)
(-0.00300989 0.0463697 0)
(-0.00440605 0.0548527 0)
(-0.00602393 0.0627341 0)
(-0.00784698 0.0700396 0)
(-0.00985988 0.0767946 0)
(-0.0120483 0.0830243 0)
(-0.0143989 0.0887534 0)
(-0.0168991 0.094006 0)
(-0.0195374 0.0988052 0)
(-0.0223029 0.103173 0)
(-0.0251856 0.107131 0)
(-0.0281763 0.110699 0)
(-0.0312664 0.113896 0)
(-0.034448 0.116738 0)
(-0.0377138 0.119242 0)
(-0.0410571 0.121421 0)
(-0.0444715 0.123289 0)
(-0.0479514 0.124857 0)
(-0.0514914 0.126135 0)
(-0.0550864 0.127131 0)
(-0.0587317 0.127853 0)
(-0.0624229 0.128305 0)
(-0.0661557 0.128491 0)
(-0.069926 0.128416 0)
(-0.0737296 0.12808 0)
(-0.0775627 0.127484 0)
(-0.0814212 0.126627 0)
(-0.085301 0.125508 0)
(-0.0891979 0.124124 0)
(-0.0931076 0.122473 0)
(-0.0970254 0.12055 0)
(-0.100947 0.118351 0)
(-0.104866 0.115871 0)
(-0.108778 0.113106 0)
(-0.112677 0.110048 0)
(-0.116557 0.106694 0)
(-0.12041 0.103038 0)
(-0.12423 0.0990739 0)
(-0.128008 0.0947976 0)
(-0.131735 0.0902046 0)
(-0.135404 0.0852909 0)
(-0.139004 0.0800537 0)
(-0.142524 0.0744907 0)
(-0.145954 0.068601 0)
(-0.149281 0.0623849 0)
(-0.152493 0.055844 0)
(-0.155577 0.0489817 0)
(-0.158518 0.0418029 0)
(-0.161303 0.0343147 0)
(-0.163915 0.0265261 0)
(-0.166339 0.0184487 0)
(-0.16856 0.0100963 0)
(-0.170559 0.00148546 0)
(-0.172319 -0.00736421 0)
(-0.173823 -0.0164301 0)
(-0.175056 -0.0256897 0)
(-0.175998 -0.0351165 0)
(-0.176634 -0.0446802 0)
(-0.176945 -0.0543468 0)
(-0.176916 -0.0640783 0)
(-0.17653 -0.0738329 0)
(-0.175771 -0.083565 0)
(-0.174625 -0.0932251 0)
(-0.173078 -0.10276 0)
(-0.171119 -0.112113 0)
(-0.168739 -0.121224 0)
(-0.165928 -0.130031 0)
(-0.162683 -0.138466 0)
(-0.158999 -0.146462 0)
(-0.154879 -0.153948 0)
(-0.150326 -0.160853 0)
(-0.145346 -0.167105 0)
(-0.139953 -0.172632 0)
(-0.134162 -0.177361 0)
(-0.127994 -0.181223 0)
(-0.121473 -0.184151 0)
(-0.114631 -0.186081 0)
(-0.107504 -0.186955 0)
(-0.100132 -0.186718 0)
(-0.0925633 -0.185324 0)
(-0.0848491 -0.182737 0)
(-0.0770472 -0.178926 0)
(-0.0692206 -0.173873 0)
(-0.0614367 -0.167571 0)
(-0.0537677 -0.160024 0)
(-0.0462897 -0.151251 0)
(-0.039082 -0.141282 0)
(-0.0322262 -0.130161 0)
(-0.025806 -0.117946 0)
(-0.0199055 -0.104705 0)
(-0.0146088 -0.0905193 0)
(-0.00999963 -0.0754806 0)
(-0.00615802 -0.0596881 0)
(-0.0031522 -0.0432472 0)
(-0.00107393 -0.0262663 0)
(-0.000141051 -0.00885744 0)
(-4.21612e-05 0.00609196 0)
(-0.000317843 0.0175325 0)
(-0.000930332 0.0282538 0)
(-0.00181656 0.0382798 0)
(-0.00295268 0.0476357 0)
(-0.00432382 0.0563472 0)
(-0.00591347 0.0644406 0)
(-0.00770552 0.0719424 0)
(-0.00968505 0.0788791 0)
(-0.0118381 0.0852768 0)
(-0.0141516 0.0911611 0)
(-0.0166133 0.0965569 0)
(-0.0192118 0.101488 0)
(-0.0219366 0.105978 0)
(-0.0247779 0.110049 0)
(-0.0277265 0.11372 0)
(-0.0307742 0.117012 0)
(-0.0339131 0.119942 0)
(-0.037136 0.122526 0)
(-0.0404366 0.12478 0)
(-0.0438085 0.126717 0)
(-0.0472463 0.128348 0)
(-0.0507447 0.129684 0)
(-0.0542988 0.130733 0)
(-0.0579041 0.131503 0)
(-0.0615564 0.132 0)
(-0.0652515 0.132227 0)
(-0.0689855 0.132187 0)
(-0.0727545 0.131884 0)
(-0.0765548 0.131316 0)
(-0.0803826 0.130484 0)
(-0.084234 0.129385 0)
(-0.0881052 0.128018 0)
(-0.0919919 0.126379 0)
(-0.0958899 0.124463 0)
(-0.0997947 0.122267 0)
(-0.103701 0.119784 0)
(-0.107605 0.11701 0)
(-0.111499 0.113939 0)
(-0.115378 0.110564 0)
(-0.119236 0.106881 0)
(-0.123066 0.102882 0)
(-0.126859 0.0985624 0)
(-0.130608 0.0939175 0)
(-0.134303 0.0889428 0)
(-0.137936 0.0836344 0)
(-0.141496 0.0779896 0)
(-0.144972 0.0720067 0)
(-0.148352 0.0656852 0)
(-0.151624 0.0590261 0)
(-0.154775 0.0520319 0)
(-0.157791 0.0447069 0)
(-0.160657 0.0370576 0)
(-0.163358 0.0290923 0)
(-0.165877 0.0208219 0)
(-0.168199 0.0122598 0)
(-0.170307 0.00342213 0)
(-0.172182 -0.00567204 0)
(-0.173807 -0.0149995 0)
(-0.175164 -0.0245379 0)
(-0.176237 -0.0342611 0)
(-0.177006 -0.0441387 0)
(-0.177455 -0.0541365 0)
(-0.177566 -0.0642162 0)
(-0.177321 -0.0743353 0)
(-0.176705 -0.0844475 0)
(-0.175701 -0.094502 0)
(-0.174296 -0.104444 0)
(-0.172476 -0.114217 0)
(-0.17023 -0.123756 0)
(-0.16755 -0.132998 0)
(-0.164428 -0.141873 0)
(-0.160861 -0.150311 0)
(-0.156848 -0.158238 0)
(-0.152391 -0.165579 0)
(-0.147496 -0.172257 0)
(-0.142174 -0.178197 0)
(-0.136438 -0.183322 0)
(-0.130309 -0.187558 0)
(-0.123811 -0.190831 0)
(-0.116972 -0.193075 0)
(-0.109829 -0.194222 0)
(-0.102421 -0.194217 0)
(-0.0947958 -0.193005 0)
(-0.0870045 -0.190544 0)
(-0.0791053 -0.186798 0)
(-0.0711619 -0.181746 0)
(-0.0632431 -0.175373 0)
(-0.0554228 -0.167681 0)
(-0.0477794 -0.158683 0)
(-0.0403951 -0.148407 0)
(-0.0333554 -0.136895 0)
(-0.0267478 -0.124201 0)
(-0.0206614 -0.110396 0)
(-0.0151855 -0.09556 0)
(-0.0104098 -0.0797857 0)
(-0.0064205 -0.0631746 0)
(-0.00329203 -0.0458347 0)
(-0.00112396 -0.0278775 0)
(-0.00014831 -0.00941822 0)
(-4.11473e-05 0.0062526 0)
(-0.000310608 0.0179927 0)
(-0.000909693 0.0289933 0)
(-0.00177706 0.0392795 0)
(-0.00288964 0.0488773 0)
(-0.00423309 0.0578136 0)
(-0.00579141 0.0661158 0)
(-0.00754899 0.0738112 0)
(-0.00949131 0.0809272 0)
(-0.0116048 0.0874909 0)
(-0.0138766 0.0935286 0)
(-0.0162949 0.0990662 0)
(-0.0188485 0.104129 0)
(-0.0215271 0.108739 0)
(-0.0243211 0.112921 0)
(-0.0272217 0.116696 0)
(-0.0302205 0.120082 0)
(-0.0333101 0.1231 0)
(-0.0364834 0.125765 0)
(-0.039734 0.128093 0)
(-0.0430561 0.130099 0)
(-0.046444 0.131793 0)
(-0.0498929 0.133188 0)
(-0.053398 0.134291 0)
(-0.0569549 0.13511 0)
(-0.0605596 0.135652 0)
(-0.0642081 0.13592 0)
(-0.0678967 0.135919 0)
(-0.0716217 0.135649 0)
(-0.0753796 0.135112 0)
(-0.0791669 0.134306 0)
(-0.08298 0.13323 0)
(-0.0868151 0.131882 0)
(-0.0906684 0.130258 0)
(-0.0945359 0.128353 0)
(-0.0984134 0.126162 0)
(-0.102296 0.123681 0)
(-0.10618 0.120903 0)
(-0.110058 0.117822 0)
(-0.113926 0.114431 0)
(-0.117777 0.110725 0)
(-0.121605 0.106696 0)
(-0.125402 0.10234 0)
(-0.129161 0.097649 0)
(-0.132872 0.0926193 0)
(-0.136527 0.0872462 0)
(-0.140115 0.0815263 0)
(-0.143626 0.075457 0)
(-0.147049 0.0690372 0)
(-0.150371 0.062267 0)
(-0.153579 0.0551482 0)
(-0.15666 0.0476844 0)
(-0.159598 0.0398813 0)
(-0.162379 0.0317466 0)
(-0.164986 0.0232905 0)
(-0.167404 0.0145257 0)
(-0.169613 0.00546783 0)
(-0.171598 -0.00386451 0)
(-0.173338 -0.0134478 0)
(-0.174818 -0.0232598 0)
(-0.176018 -0.0332744 0)
(-0.17692 -0.0434617 0)
(-0.177506 -0.0537871 0)
(-0.177758 -0.0642122 0)
(-0.177657 -0.0746939 0)
(-0.177187 -0.0851851 0)
(-0.17633 -0.0956342 0)
(-0.175072 -0.105985 0)
(-0.173398 -0.116179 0)
(-0.171297 -0.12615 0)
(-0.168757 -0.135832 0)
(-0.165771 -0.145154 0)
(-0.162333 -0.154042 0)
(-0.158442 -0.162419 0)
(-0.154096 -0.170205 0)
(-0.149303 -0.177323 0)
(-0.144069 -0.18369 0)
(-0.138409 -0.189226 0)
(-0.13234 -0.193851 0)
(-0.125885 -0.197488 0)
(-0.119072 -0.200063 0)
(-0.111935 -0.201506 0)
(-0.104514 -0.201751 0)
(-0.0968541 -0.200741 0)
(-0.0890077 -0.198427 0)
(-0.0810327 -0.194768 0)
(-0.0729931 -0.189735 0)
(-0.0649587 -0.18331 0)
(-0.0570049 -0.175488 0)
(-0.0492123 -0.166279 0)
(-0.0416658 -0.155706 0)
(-0.0344543 -0.143809 0)
(-0.0276694 -0.13064 0)
(-0.0214049 -0.116267 0)
(-0.0157557 -0.100772 0)
(-0.0108173 -0.0842468 0)
(-0.00668257 -0.0667954 0)
(-0.00343234 -0.048528 0)
(-0.00117446 -0.0295585 0)
(-0.000155723 -0.010005 0)
(-4.00485e-05 0.00640936 0)
(-0.000302753 0.0184422 0)
(-0.000887264 0.029716 0)
(-0.00173409 0.0402569 0)
(-0.00282098 0.0500921 0)
(-0.00413416 0.0592492 0)
(-0.00565816 0.0677565 0)
(-0.00737786 0.0756423 0)
(-0.00927918 0.0829349 0)
(-0.0113489 0.0896621 0)
(-0.0135746 0.0958512 0)
(-0.0159446 0.101529 0)
(-0.0184482 0.106721 0)
(-0.0210751 0.111451 0)
(-0.0238161 0.115743 0)
(-0.0266624 0.119619 0)
(-0.0296061 0.1231 0)
(-0.0326396 0.126205 0)
(-0.0357563 0.12895 0)
(-0.0389498 0.131353 0)
(-0.0422144 0.133427 0)
(-0.0455448 0.135185 0)
(-0.0489361 0.136638 0)
(-0.0523838 0.137795 0)
(-0.0558837 0.138665 0)
(-0.0594318 0.139253 0)
(-0.0630246 0.139564 0)
(-0.0666583 0.139601 0)
(-0.0703297 0.139367 0)
(-0.0740354 0.138861 0)
(-0.077772 0.138084 0)
(-0.0815362 0.137033 0)
(-0.0853247 0.135706 0)
(-0.0891337 0.134099 0)
(-0.0929597 0.132208 0)
(-0.0967985 0.130027 0)
(-0.100646 0.127551 0)
(-0.104498 0.124772 0)
(-0.108349 0.121686 0)
(-0.112193 0.118284 0)
(-0.116026 0.11456 0)
(-0.11984 0.110507 0)
(-0.123629 0.106118 0)
(-0.127385 0.101387 0)
(-0.131099 0.0963087 0)
(-0.134764 0.0908775 0)
(-0.138369 0.0850892 0)
(-0.141904 0.0789407 0)
(-0.145358 0.0724298 0)
(-0.148718 0.0655561 0)
(-0.151973 0.0583205 0)
(-0.155108 0.0507258 0)
(-0.158109 0.0427768 0)
(-0.160961 0.0344806 0)
(-0.163647 0.0258465 0)
(-0.166151 0.0168868 0)
(-0.168456 0.0076163 0)
(-0.170544 -0.00194702 0)
(-0.172395 -0.0117795 0)
(-0.173991 -0.0218587 0)
(-0.175315 -0.032159 0)
(-0.176347 -0.0426505 0)
(-0.177069 -0.0532988 0)
(-0.177461 -0.0640652 0)
(-0.177506 -0.0749064 0)
(-0.177184 -0.0857743 0)
(-0.176478 -0.0966165 0)
(-0.175373 -0.107376 0)
(-0.173852 -0.117992 0)
(-0.171903 -0.128397 0)
(-0.169513 -0.138524 0)
(-0.166674 -0.148297 0)
(-0.163378 -0.157641 0)
(-0.159622 -0.166475 0)
(-0.155404 -0.174717 0)
(-0.150729 -0.182284 0)
(-0.145604 -0.189091 0)
(-0.140039 -0.195051 0)
(-0.13405 -0.200082 0)
(-0.12766 -0.2041 0)
(-0.120896 -0.207025 0)
(-0.113789 -0.208781 0)
(-0.106378 -0.209298 0)
(-0.0987083 -0.208511 0)
(-0.090831 -0.206365 0)
(-0.0828038 -0.202813 0)
(-0.0746908 -0.19782 0)
(-0.0665625 -0.191362 0)
(-0.0584956 -0.183428 0)
(-0.0505724 -0.174023 0)
(-0.0428805 -0.163166 0)
(-0.0355117 -0.150891 0)
(-0.0285619 -0.137251 0)
(-0.0221294 -0.12231 0)
(-0.0163146 -0.106148 0)
(-0.011219 -0.0888601 0)
(-0.00694231 -0.0705487 0)
(-0.00357219 -0.0513263 0)
(-0.00122513 -0.0313094 0)
(-0.000163253 -0.0106181 0)
(-3.887e-05 0.00656192 0)
(-0.000294314 0.0188801 0)
(-0.00086314 0.0304205 0)
(-0.00168782 0.0412104 0)
(-0.00274698 0.0512777 0)
(-0.00402739 0.060651 0)
(-0.00551416 0.0693595 0)
(-0.00719268 0.0774322 0)
(-0.00904932 0.0848982 0)
(-0.0110712 0.0917862 0)
(-0.0132464 0.0981243 0)
(-0.0155634 0.10394 0)
(-0.0180118 0.109259 0)
(-0.0205816 0.114107 0)
(-0.0232637 0.118508 0)
(-0.0260497 0.122485 0)
(-0.0289317 0.126059 0)
(-0.0319025 0.12925 0)
(-0.0349555 0.132075 0)
(-0.0380845 0.134552 0)
(-0.041284 0.136694 0)
(-0.0445489 0.138515 0)
(-0.0478744 0.140027 0)
(-0.0512562 0.141238 0)
(-0.0546903 0.142158 0)
(-0.0581729 0.142793 0)
(-0.0617005 0.143147 0)
(-0.0652698 0.143224 0)
(-0.0688776 0.143026 0)
(-0.0725208 0.142554 0)
(-0.0761963 0.141807 0)
(-0.079901 0.140783 0)
(-0.0836318 0.13948 0)
(-0.0873854 0.137893 0)
(-0.0911583 0.136018 0)
(-0.0949469 0.133849 0)
(-0.0987473 0.13138 0)
(-0.102555 0.128606 0)
(-0.106366 0.125517 0)
(-0.110175 0.122109 0)
(-0.113976 0.118372 0)
(-0.117764 0.114299 0)
(-0.121532 0.109884 0)
(-0.125272 0.105119 0)
(-0.128978 0.0999986 0)
(-0.132639 0.0945159 0)
(-0.136248 0.0886662 0)
(-0.139795 0.0824457 0)
(-0.143267 0.0758514 0)
(-0.146654 0.068882 0)
(-0.149943 0.0615377 0)
(-0.153121 0.0538203 0)
(-0.156174 0.0457338 0)
(-0.159086 0.0372846 0)
(-0.161841 0.0284811 0)
(-0.164423 0.0193349 0)
(-0.166814 0.0098601 0)
(-0.168998 7.42595e-05 0)
(-0.170952 -0.0100002 0)
(-0.17266 -0.0203393 0)
(-0.174103 -0.0309184 0)
(-0.175262 -0.0417077 0)
(-0.176117 -0.0526731 0)
(-0.176648 -0.0637756 0)
(-0.176837 -0.0749716 0)
(-0.176665 -0.0862126 0)
(-0.176113 -0.0974453 0)
(-0.175164 -0.108612 0)
(-0.173802 -0.119649 0)
(-0.172012 -0.130489 0)
(-0.169781 -0.141061 0)
(-0.167099 -0.151289 0)
(-0.163957 -0.161094 0)
(-0.16035 -0.170392 0)
(-0.156276 -0.179098 0)
(-0.151737 -0.187124 0)
(-0.146738 -0.194381 0)
(-0.141288 -0.200779 0)
(-0.135402 -0.206229 0)
(-0.1291 -0.210643 0)
(-0.122408 -0.213935 0)
(-0.115356 -0.216024 0)
(-0.107981 -0.216832 0)
(-0.100327 -0.216289 0)
(-0.0924449 -0.214332 0)
(-0.0843911 -0.210909 0)
(-0.0762298 -0.205977 0)
(-0.068032 -0.199506 0)
(-0.0598749 -0.191479 0)
(-0.0518425 -0.181895 0)
(-0.0440244 -0.170767 0)
(-0.0365157 -0.158128 0)
(-0.0294157 -0.144022 0)
(-0.0228275 -0.128514 0)
(-0.0168567 -0.111683 0)
(-0.0116113 -0.0936203 0)
(-0.00719754 -0.0744309 0)
(-0.00371049 -0.054228 0)
(-0.00127561 -0.0331295 0)
(-0.000170861 -0.0112574 0)
(-3.7618e-05 0.00671 0)
(-0.000285331 0.0193055 0)
(-0.000837431 0.0311055 0)
(-0.00163846 0.0421381 0)
(-0.00266793 0.0524319 0)
(-0.00391321 0.0620165 0)
(-0.00535997 0.0709217 0)
(-0.00699413 0.0791774 0)
(-0.00880251 0.0868134 0)
(-0.0107727 0.0938591 0)
(-0.0128929 0.100343 0)
(-0.0151522 0.106294 0)
(-0.0175403 0.111739 0)
(-0.0200476 0.116703 0)
(-0.0226652 0.121211 0)
(-0.0253847 0.125287 0)
(-0.0281986 0.128953 0)
(-0.0310999 0.132228 0)
(-0.0340821 0.135132 0)
(-0.0371392 0.137681 0)
(-0.040266 0.139891 0)
(-0.0434573 0.141775 0)
(-0.0467086 0.143345 0)
(-0.0500159 0.144611 0)
(-0.0533752 0.145581 0)
(-0.056783 0.146263 0)
(-0.060236 0.146661 0)
(-0.063731 0.146778 0)
(-0.0672651 0.146618 0)
(-0.0708354 0.14618 0)
(-0.0744391 0.145464 0)
(-0.0780733 0.144469 0)
(-0.0817351 0.143191 0)
(-0.0854216 0.141626 0)
(-0.0891296 0.139769 0)
(-0.0928559 0.137616 0)
(-0.0965968 0.135159 0)
(-0.100348 0.132391 0)
(-0.104107 0.129305 0)
(-0.107867 0.125894 0)
(-0.111624 0.122149 0)
(-0.115372 0.118062 0)
(-0.119105 0.113626 0)
(-0.122817 0.108833 0)
(-0.126499 0.103676 0)
(-0.130145 0.0981482 0)
(-0.133744 0.0922442 0)
(-0.137288 0.0859591 0)
(-0.140766 0.0792893 0)
(-0.144166 0.0722323 0)
(-0.147477 0.0647876 0)
(-0.150686 0.0569562 0)
(-0.153778 0.0487411 0)
(-0.156738 0.0401478 0)
(-0.159552 0.031184 0)
(-0.162201 0.0218604 0)
(-0.16467 0.0121904 0)
(-0.166939 0.00219111 0)
(-0.16899 -0.00811664 0)
(-0.170802 -0.0187075 0)
(-0.172358 -0.0295574 0)
(-0.173638 -0.040637 0)
(-0.174622 -0.0519124 0)
(-0.175291 -0.0633445 0)
(-0.175623 -0.0748896 0)
(-0.1756 -0.0864987 0)
(-0.175203 -0.0981176 0)
(-0.174414 -0.109687 0)
(-0.173214 -0.121144 0)
(-0.17159 -0.132418 0)
(-0.169525 -0.143437 0)
(-0.16701 -0.154121 0)
(-0.164034 -0.164389 0)
(-0.16059 -0.174155 0)
(-0.156674 -0.18333 0)
(-0.152287 -0.191823 0)
(-0.147432 -0.19954 0)
(-0.142118 -0.206387 0)
(-0.136357 -0.212269 0)
(-0.130167 -0.217094 0)
(-0.123571 -0.22077 0)
(-0.1166 -0.223208 0)
(-0.109288 -0.224326 0)
(-0.101678 -0.224047 0)
(-0.0938181 -0.222302 0)
(-0.0857657 -0.219029 0)
(-0.0775837 -0.21418 0)
(-0.0693429 -0.207717 0)
(-0.0611213 -0.199618 0)
(-0.0530037 -0.189873 0)
(-0.0450817 -0.178493 0)
(-0.0374528 -0.1655 0)
(-0.0302201 -0.150939 0)
(-0.0234909 -0.134869 0)
(-0.0173761 -0.117366 0)
(-0.0119899 -0.0985205 0)
(-0.00744579 -0.0784376 0)
(-0.00384601 -0.0572304 0)
(-0.00132551 -0.0350178 0)
(-0.000178499 -0.0119229 0)
(-3.62995e-05 0.00685333 0)
(-0.000275851 0.0197177 0)
(-0.000810266 0.0317697 0)
(-0.00158625 0.0430383 0)
(-0.00258421 0.0535527 0)
(-0.00379212 0.0633432 0)
(-0.00519623 0.0724404 0)
(-0.00678298 0.0808747 0)
(-0.00853965 0.0886768 0)
(-0.0104542 0.0958766 0)
(-0.0125153 0.102504 0)
(-0.0147123 0.108587 0)
(-0.0170352 0.114154 0)
(-0.0194746 0.119232 0)
(-0.0220218 0.123846 0)
(-0.0246688 0.128019 0)
(-0.0274083 0.131775 0)
(-0.0302332 0.135133 0)
(-0.0331375 0.138114 0)
(-0.0361153 0.140735 0)
(-0.0391615 0.143012 0)
(-0.0422711 0.144958 0)
(-0.0454399 0.146585 0)
(-0.0486639 0.147905 0)
(-0.0519393 0.148925 0)
(-0.0552629 0.149654 0)
(-0.0586315 0.150095 0)
(-0.0620423 0.150253 0)
(-0.0654923 0.150131 0)
(-0.0689791 0.149728 0)
(-0.0725 0.149045 0)
(-0.0760524 0.148079 0)
(-0.0796338 0.146828 0)
(-0.0832414 0.145287 0)
(-0.0868724 0.143452 0)
(-0.0905239 0.141316 0)
(-0.0941926 0.138873 0)
(-0.097875 0.136115 0)
(-0.101567 0.133036 0)
(-0.105265 0.129626 0)
(-0.108964 0.125877 0)
(-0.112659 0.121781 0)
(-0.116344 0.117329 0)
(-0.120012 0.112514 0)
(-0.123658 0.107327 0)
(-0.127273 0.101761 0)
(-0.130848 0.0958095 0)
(-0.134376 0.0894673 0)
(-0.137845 0.0827297 0)
(-0.141245 0.0755936 0)
(-0.144564 0.0680572 0)
(-0.14779 0.0601207 0)
(-0.150908 0.0517863 0)
(-0.153905 0.0430585 0)
(-0.156764 0.033944 0)
(-0.15947 0.0244528 0)
(-0.162004 0.0145974 0)
(-0.164349 0.00439414 0)
(-0.166487 -0.00613702 0)
(-0.168396 -0.0169705 0)
(-0.170057 -0.0280822 0)
(-0.171452 -0.0394436 0)
(-0.172561 -0.0510207 0)
(-0.173361 -0.0627748 0)
(-0.173835 -0.0746618 0)
(-0.17396 -0.0866324 0)
(-0.173718 -0.098632 0)
(-0.173089 -0.110601 0)
(-0.172056 -0.122473 0)
(-0.170602 -0.134178 0)
(-0.168711 -0.145641 0)
(-0.166371 -0.156781 0)
(-0.16357 -0.167514 0)
(-0.160301 -0.177751 0)
(-0.156558 -0.1874 0)
(-0.15234 -0.196365 0)
(-0.147649 -0.20455 0)
(-0.14249 -0.211855 0)
(-0.136875 -0.21818 0)
(-0.130821 -0.223429 0)
(-0.124348 -0.227502 0)
(-0.117484 -0.230307 0)
(-0.110263 -0.231754 0)
(-0.102725 -0.231759 0)
(-0.0949182 -0.230244 0)
(-0.0868971 -0.227144 0)
(-0.0787242 -0.2224 0)
(-0.0704698 -0.215968 0)
(-0.0622118 -0.207818 0)
(-0.0540359 -0.197935 0)
(-0.0460349 -0.186319 0)
(-0.0383087 -0.172989 0)
(-0.0309634 -0.157984 0)
(-0.0241105 -0.141359 0)
(-0.0178661 -0.123185 0)
(-0.0123505 -0.103552 0)
(-0.0076843 -0.0825625 0)
(-0.00397736 -0.0603297 0)
(-0.00137435 -0.0369724 0)
(-0.000186109 -0.0126141 0)
(-3.49225e-05 0.00699167 0)
(-0.000265927 0.020116 0)
(-0.000781791 0.0324121 0)
(-0.00153144 0.0439095 0)
(-0.00249622 0.0546381 0)
(-0.00366468 0.0646287 0)
(-0.00502365 0.0739126 0)
(-0.0065601 0.0825208 0)
(-0.00826177 0.0904847 0)
(-0.010117 0.0978348 0)
(-0.0121149 0.104601 0)
(-0.0142451 0.110814 0)
(-0.0164978 0.116501 0)
(-0.018864 0.121689 0)
(-0.0213353 0.126406 0)
(-0.0239037 0.130674 0)
(-0.0265623 0.134517 0)
(-0.0293042 0.137958 0)
(-0.0321234 0.141014 0)
(-0.0350144 0.143705 0)
(-0.0379722 0.146047 0)
(-0.040992 0.148054 0)
(-0.0440697 0.149738 0)
(-0.0472015 0.151111 0)
(-0.0503839 0.15218 0)
(-0.0536138 0.152955 0)
(-0.0568883 0.15344 0)
(-0.0602045 0.153639 0)
(-0.0635601 0.153554 0)
(-0.0669525 0.153187 0)
(-0.0703795 0.152537 0)
(-0.0738387 0.151602 0)
(-0.0773278 0.150379 0)
(-0.0808445 0.148864 0)
(-0.0843861 0.147052 0)
(-0.0879501 0.144936 0)
(-0.0915337 0.14251 0)
(-0.0951336 0.139766 0)
(-0.0987464 0.136695 0)
(-0.102368 0.13329 0)
(-0.105995 0.129542 0)
(-0.109622 0.125441 0)
(-0.113244 0.120979 0)
(-0.116855 0.116147 0)
(-0.120449 0.110936 0)
(-0.124018 0.105339 0)
(-0.127556 0.0993473 0)
(-0.131052 0.0929557 0)
(-0.134497 0.0861585 0)
(-0.137882 0.0789515 0)
(-0.141195 0.0713323 0)
(-0.144423 0.0633001 0)
(-0.147554 0.0548561 0)
(-0.150573 0.0460036 0)
(-0.153465 0.0367488 0)
(-0.156214 0.0271004 0)
(-0.158802 0.0170701 0)
(-0.161212 0.00667339 0)
(-0.163426 -0.00407081 0)
(-0.165421 -0.0151368 0)
(-0.16718 -0.0265005 0)
(-0.168682 -0.0381338 0)
(-0.169908 -0.0500033 0)
(-0.170836 -0.0620704 0)
(-0.171446 -0.0742909 0)
(-0.171717 -0.0866152 0)
(-0.171628 -0.0989882 0)
(-0.171161 -0.111349 0)
(-0.170296 -0.123631 0)
(-0.169016 -0.135763 0)
(-0.167304 -0.147667 0)
(-0.165146 -0.159262 0)
(-0.162531 -0.170459 0)
(-0.159448 -0.181167 0)
(-0.155891 -0.191292 0)
(-0.151857 -0.200733 0)
(-0.147347 -0.20939 0)
(-0.142364 -0.21716 0)
(-0.136918 -0.223939 0)
(-0.131023 -0.229622 0)
(-0.124698 -0.234107 0)
(-0.11797 -0.237293 0)
(-0.110869 -0.239085 0)
(-0.103434 -0.239392 0)
(-0.0957113 -0.23813 0)
(-0.0877534 -0.235223 0)
(-0.0796217 -0.230607 0)
(-0.0713855 -0.22423 0)
(-0.0631222 -0.216052 0)
(-0.0549176 -0.206051 0)
(-0.0468655 -0.19422 0)
(-0.0390677 -0.180572 0)
(-0.031633 -0.165138 0)
(-0.0246765 -0.147966 0)
(-0.0183194 -0.129127 0)
(-0.0126881 -0.108704 0)
(-0.00791 -0.086798 0)
(-0.00410296 -0.063521 0)
(-0.00142163 -0.038991 0)
(-0.000193627 -0.0133306 0)
(-3.34961e-05 0.00712479 0)
(-0.000255618 0.0204998 0)
(-0.000752165 0.0330316 0)
(-0.00147434 0.0447503 0)
(-0.00240442 0.0556862 0)
(-0.0035315 0.0658708 0)
(-0.00484302 0.0753358 0)
(-0.00632645 0.0841128 0)
(-0.00796999 0.0922337 0)
(-0.00976243 0.0997298 0)
(-0.0116931 0.106632 0)
(-0.0137521 0.11297 0)
(-0.0159299 0.118773 0)
(-0.0182177 0.124069 0)
(-0.0206074 0.128885 0)
(-0.0230914 0.133246 0)
(-0.0256626 0.137175 0)
(-0.0283147 0.140694 0)
(-0.0310418 0.143825 0)
(-0.0338385 0.146584 0)
(-0.0367 0.148989 0)
(-0.0396217 0.151055 0)
(-0.0425998 0.152795 0)
(-0.0456306 0.154219 0)
(-0.0487108 0.155338 0)
(-0.0518374 0.156158 0)
(-0.0550077 0.156686 0)
(-0.0582193 0.156925 0)
(-0.0614697 0.156879 0)
(-0.0647568 0.156547 0)
(-0.0680786 0.155931 0)
(-0.071433 0.155027 0)
(-0.0748179 0.153834 0)
(-0.0782313 0.152345 0)
(-0.081671 0.150557 0)
(-0.0851346 0.148463 0)
(-0.0886197 0.146056 0)
(-0.0921235 0.143328 0)
(-0.095643 0.14027 0)
(-0.0991748 0.136874 0)
(-0.102715 0.13313 0)
(-0.10626 0.12903 0)
(-0.109804 0.124562 0)
(-0.113343 0.119718 0)
(-0.116869 0.11449 0)
(-0.120378 0.108867 0)
(-0.123861 0.102843 0)
(-0.12731 0.0964091 0)
(-0.130717 0.0895602 0)
(-0.134071 0.0822911 0)
(-0.137362 0.0745982 0)
(-0.140578 0.0664798 0)
(-0.143706 0.057936 0)
(-0.146733 0.0489694 0)
(-0.149643 0.0395848 0)
(-0.152421 0.0297901 0)
(-0.15505 0.0195962 0)
(-0.157513 0.00901725 0)
(-0.159791 -0.00192879 0)
(-0.161861 -0.0132164 0)
(-0.163707 -0.0248211 0)
(-0.165307 -0.0367156 0)
(-0.166642 -0.048867 0)
(-0.167691 -0.0612368 0)
(-0.168432 -0.073781 0)
(-0.168844 -0.0864498 0)
(-0.168906 -0.0991876 0)
(-0.168599 -0.111933 0)
(-0.167903 -0.124618 0)
(-0.166799 -0.13717 0)
(-0.16527 -0.14951 0)
(-0.163301 -0.161554 0)
(-0.160879 -0.173213 0)
(-0.157993 -0.184391 0)
(-0.154635 -0.194991 0)
(-0.1508 -0.20491 0)
(-0.146488 -0.214043 0)
(-0.1417 -0.222284 0)
(-0.136445 -0.229522 0)
(-0.130733 -0.235648 0)
(-0.124584 -0.240556 0)
(-0.118019 -0.244137 0)
(-0.111068 -0.24629 0)
(-0.103768 -0.246917 0)
(-0.0961623 -0.245925 0)
(-0.0883015 -0.243234 0)
(-0.0802453 -0.238768 0)
(-0.0720614 -0.232468 0)
(-0.0638265 -0.224287 0)
(-0.0556258 -0.214192 0)
(-0.0475538 -0.202169 0)
(-0.0397131 -0.188222 0)
(-0.0322151 -0.172376 0)
(-0.0251782 -0.154672 0)
(-0.0187281 -0.135174 0)
(-0.012997 -0.113963 0)
(-0.00811948 -0.0911344 0)
(-0.0042211 -0.0667981 0)
(-0.00146674 -0.0410701 0)
(-0.000200977 -0.0140713 0)
(-3.20303e-05 0.00725254 0)
(-0.00024499 0.0208686 0)
(-0.000721569 0.0336274 0)
(-0.00141527 0.0455594 0)
(-0.00230929 0.0566955 0)
(-0.00339327 0.0670675 0)
(-0.00465521 0.0767075 0)
(-0.00608309 0.0856478 0)
(-0.00766556 0.0939206 0)
(-0.00939179 0.101558 0)
(-0.0112515 0.108591 0)
(-0.013235 0.115051 0)
(-0.0153333 0.120966 0)
(-0.0175376 0.126367 0)
(-0.0198402 0.131279 0)
(-0.0222338 0.135729 0)
(-0.0247114 0.139741 0)
(-0.027267 0.143337 0)
(-0.0298948 0.146538 0)
(-0.0325897 0.149364 0)
(-0.0353471 0.15183 0)
(-0.0381626 0.153954 0)
(-0.0410325 0.155747 0)
(-0.0439533 0.157221 0)
(-0.0469219 0.158387 0)
(-0.0499356 0.159252 0)
(-0.0529918 0.159822 0)
(-0.0560883 0.160101 0)
(-0.0592229 0.160092 0)
(-0.0623937 0.159796 0)
(-0.0655989 0.159213 0)
(-0.0688367 0.158342 0)
(-0.0721054 0.157178 0)
(-0.075403 0.155717 0)
(-0.0787279 0.153955 0)
(-0.0820781 0.151885 0)
(-0.0854513 0.149499 0)
(-0.0888452 0.146789 0)
(-0.0922573 0.143747 0)
(-0.0956846 0.140363 0)
(-0.0991238 0.136627 0)
(-0.102571 0.13253 0)
(-0.106022 0.128062 0)
(-0.109473 0.123212 0)
(-0.112917 0.117971 0)
(-0.116349 0.11233 0)
(-0.119761 0.10628 0)
(-0.123148 0.0998116 0)
(-0.126499 0.0929192 0)
(-0.129806 0.0855965 0)
(-0.133059 0.077839 0)
(-0.136246 0.0696441 0)
(-0.139356 0.0610108 0)
(-0.142375 0.0519406 0)
(-0.145288 0.0424373 0)
(-0.148081 0.0325078 0)
(-0.150736 0.0221618 0)
(-0.153236 0.0114128 0)
(-0.155565 0.00027754 0)
(-0.157699 -0.0112202 0)
(-0.15962 -0.0230541 0)
(-0.161309 -0.0351981 0)
(-0.162744 -0.0476198 0)
(-0.163905 -0.060281 0)
(-0.164769 -0.0731379 0)
(-0.165317 -0.0861404 0)
(-0.165526 -0.0992328 0)
(-0.165376 -0.112353 0)
(-0.164847 -0.125432 0)
(-0.16392 -0.138396 0)
(-0.162577 -0.151165 0)
(-0.160801 -0.163653 0)
(-0.158579 -0.175767 0)
(-0.155899 -0.187411 0)
(-0.152751 -0.198484 0)
(-0.14913 -0.20888 0)
(-0.145032 -0.218491 0)
(-0.140459 -0.227204 0)
(-0.135415 -0.234906 0)
(-0.129912 -0.241483 0)
(-0.123964 -0.246821 0)
(-0.117591 -0.250809 0)
(-0.110822 -0.253336 0)
(-0.10369 -0.254299 0)
(-0.0962351 -0.253597 0)
(-0.0885071 -0.25114 0)
(-0.0805628 -0.246848 0)
(-0.072468 -0.240649 0)
(-0.0642978 -0.232488 0)
(-0.0561366 -0.222324 0)
(-0.0480786 -0.210133 0)
(-0.0402271 -0.195911 0)
(-0.0326951 -0.179673 0)
(-0.025604 -0.161453 0)
(-0.0190835 -0.141309 0)
(-0.0132714 -0.119314 0)
(-0.00830901 -0.0955603 0)
(-0.00432983 -0.0701531 0)
(-0.00150903 -0.0432054 0)
(-0.000208073 -0.0148351 0)
(-3.05362e-05 0.00737475 0)
(-0.000234115 0.0212218 0)
(-0.000690195 0.0341986 0)
(-0.00135459 0.0463358 0)
(-0.00221138 0.0576645 0)
(-0.00325073 0.0682169 0)
(-0.00446117 0.0780256 0)
(-0.00583117 0.0871232 0)
(-0.0073498 0.0955424 0)
(-0.00900663 0.103316 0)
(-0.0107917 0.110475 0)
(-0.0126958 0.117052 0)
(-0.0147099 0.123076 0)
(-0.0168258 0.128576 0)
(-0.0190359 0.133581 0)
(-0.0213332 0.138117 0)
(-0.023711 0.142208 0)
(-0.0261634 0.145878 0)
(-0.0286849 0.149147 0)
(-0.0312706 0.152036 0)
(-0.033916 0.154562 0)
(-0.036617 0.156741 0)
(-0.0393701 0.158585 0)
(-0.042172 0.160109 0)
(-0.0450197 0.16132 0)
(-0.0479108 0.162228 0)
(-0.0508429 0.162838 0)
(-0.0538139 0.163156 0)
(-0.0568219 0.163184 0)
(-0.0598653 0.162923 0)
(-0.0629425 0.162374 0)
(-0.0660519 0.161534 0)
(-0.069192 0.1604 0)
(-0.0723615 0.158968 0)
(-0.0755587 0.157232 0)
(-0.0787821 0.155187 0)
(-0.0820298 0.152823 0)
(-0.0852999 0.150134 0)
(-0.0885903 0.14711 0)
(-0.0918984 0.143741 0)
(-0.0952214 0.140017 0)
(-0.098556 0.135928 0)
(-0.101899 0.131463 0)
(-0.105245 0.126613 0)
(-0.10859 0.121366 0)
(-0.111929 0.115712 0)
(-0.115255 0.109642 0)
(-0.118562 0.103147 0)
(-0.121841 0.0962187 0)
(-0.125084 0.0888511 0)
(-0.128282 0.0810383 0)
(-0.131424 0.0727766 0)
(-0.134498 0.0640642 0)
(-0.137492 0.0549012 0)
(-0.140392 0.0452907 0)
(-0.143183 0.0352381 0)
(-0.14585 0.0247523 0)
(-0.148373 0.0138455 0)
(-0.150737 0.00253403 0)
(-0.152922 -0.00916058 0)
(-0.154906 -0.0212111 0)
(-0.15667 -0.0335919 0)
(-0.158195 -0.0462713 0)
(-0.159458 -0.0592114 0)
(-0.160438 -0.0723686 0)
(-0.161113 -0.0856929 0)
(-0.161463 -0.0991282 0)
(-0.161466 -0.112612 0)
(-0.161102 -0.126074 0)
(-0.160351 -0.139441 0)
(-0.159194 -0.152629 0)
(-0.157615 -0.165552 0)
(-0.155599 -0.178115 0)
(-0.153132 -0.190219 0)
(-0.150205 -0.20176 0)
(-0.14681 -0.212629 0)
(-0.142942 -0.222715 0)
(-0.138601 -0.2319 0)
(-0.133791 -0.240069 0)
(-0.128519 -0.2471 0)
(-0.122798 -0.252876 0)
(-0.116648 -0.257279 0)
(-0.110091 -0.260192 0)
(-0.10316 -0.261504 0)
(-0.0958929 -0.261108 0)
(-0.0883349 -0.258906 0)
(-0.0805409 -0.254808 0)
(-0.0725742 -0.248734 0)
(-0.0645078 -0.240618 0)
(-0.0564246 -0.230411 0)
(-0.0484178 -0.218079 0)
(-0.0405907 -0.203606 0)
(-0.0330574 -0.186999 0)
(-0.0259415 -0.168284 0)
(-0.0193763 -0.147508 0)
(-0.0135047 -0.124739 0)
(-0.00847449 -0.100062 0)
(-0.00442703 -0.0735768 0)
(-0.00154777 -0.0453918 0)
(-0.000214819 -0.0156204 0)
(-2.9026e-05 0.00749133 0)
(-0.000223071 0.0215593 0)
(-0.000658254 0.0347447 0)
(-0.00129267 0.0470784 0)
(-0.00211126 0.0585919 0)
(-0.00310466 0.0693175 0)
(-0.00426189 0.0792879 0)
(-0.00557189 0.0885364 0)
(-0.00702413 0.0970961 0)
(-0.00860856 0.105 0)
(-0.0103156 0.11228 0)
(-0.0121362 0.118969 0)
(-0.0140617 0.125097 0)
(-0.0160844 0.130693 0)
(-0.0181968 0.135786 0)
(-0.020392 0.140404 0)
(-0.0226638 0.144571 0)
(-0.0250064 0.148311 0)
(-0.0274145 0.151645 0)
(-0.0298836 0.154595 0)
(-0.0324092 0.157177 0)
(-0.0349876 0.159408 0)
(-0.0376153 0.161302 0)
(-0.0402892 0.162871 0)
(-0.0430068 0.164126 0)
(-0.0457656 0.165075 0)
(-0.0485635 0.165725 0)
(-0.0513986 0.16608 0)
(-0.0542693 0.166143 0)
(-0.0571742 0.165917 0)
(-0.0601118 0.1654 0)
(-0.0630809 0.164591 0)
(-0.0660803 0.163487 0)
(-0.069109 0.162084 0)
(-0.0721655 0.160376 0)
(-0.0752487 0.158356 0)
(-0.0783572 0.156017 0)
(-0.0814895 0.153349 0)
(-0.0846437 0.150345 0)
(-0.0878178 0.146994 0)
(-0.0910094 0.143285 0)
(-0.0942159 0.139207 0)
(-0.0974341 0.134751 0)
(-0.10066 0.129904 0)
(-0.10389 0.124655 0)
(-0.107119 0.118995 0)
(-0.110342 0.112912 0)
(-0.113551 0.106397 0)
(-0.116741 0.0994418 0)
(-0.119903 0.0920377 0)
(-0.123029 0.0841788 0)
(-0.126107 0.0758602 0)
(-0.129129 0.0670791 0)
(-0.132081 0.0578345 0)
(-0.13495 0.0481283 0)
(-0.137723 0.0379648 0)
(-0.140383 0.0273518 0)
(-0.142914 0.0163004 0)
(-0.145298 0.00482585 0)
(-0.147519 -0.0070517 0)
(-0.14955 -0.0193053 0)
(-0.151377 -0.0319093 0)
(-0.152978 -0.0448327 0)
(-0.154332 -0.0580381 0)
(-0.155417 -0.0714821 0)
(-0.156212 -0.0851147 0)
(-0.156695 -0.0988797 0)
(-0.156845 -0.112714 0)
(-0.156641 -0.126548 0)
(-0.156063 -0.140304 0)
(-0.155092 -0.153901 0)
(-0.153711 -0.167248 0)
(-0.151905 -0.18025 0)
(-0.149658 -0.192805 0)
(-0.14696 -0.204807 0)
(-0.143802 -0.216143 0)
(-0.140179 -0.226699 0)
(-0.136088 -0.236355 0)
(-0.131531 -0.244988 0)
(-0.126514 -0.252475 0)
(-0.121048 -0.258693 0)
(-0.115148 -0.263516 0)
(-0.108837 -0.266824 0)
(-0.102142 -0.268497 0)
(-0.0950982 -0.268423 0)
(-0.0877491 -0.266493 0)
(-0.0801457 -0.262609 0)
(-0.0723484 -0.256682 0)
(-0.0644275 -0.248638 0)
(-0.0564635 -0.238414 0)
(-0.0485481 -0.225968 0)
(-0.040784 -0.211272 0)
(-0.0332854 -0.194322 0)
(-0.0261774 -0.175135 0)
(-0.0195965 -0.153747 0)
(-0.0136898 -0.130217 0)
(-0.00861147 -0.104624 0)
(-0.00451038 -0.077058 0)
(-0.00158215 -0.0476228 0)
(-0.000221104 -0.0164253 0)
(-2.75127e-05 0.00760222 0)
(-0.000211941 0.0218806 0)
(-0.000625968 0.0352652 0)
(-0.00122993 0.0477867 0)
(-0.00200954 0.0594768 0)
(-0.00295588 0.0703677 0)
(-0.00405842 0.0804928 0)
(-0.00530652 0.0898854 0)
(-0.00669002 0.0985791 0)
(-0.00819922 0.106607 0)
(-0.00982487 0.114003 0)
(-0.0115582 0.120798 0)
(-0.0133911 0.127024 0)
(-0.0153157 0.132711 0)
(-0.0173251 0.137889 0)
(-0.0194126 0.142584 0)
(-0.0215723 0.146823 0)
(-0.0237985 0.150629 0)
(-0.0260864 0.154025 0)
(-0.0284314 0.157031 0)
(-0.0308295 0.159666 0)
(-0.033277 0.161947 0)
(-0.0357707 0.163887 0)
(-0.0383079 0.1655 0)
(-0.0408859 0.166796 0)
(-0.0435028 0.167784 0)
(-0.0461564 0.168471 0)
(-0.0488452 0.168862 0)
(-0.0515678 0.168959 0)
(-0.054323 0.168766 0)
(-0.0571095 0.16828 0)
(-0.0599265 0.167502 0)
(-0.062773 0.166428 0)
(-0.0656481 0.165053 0)
(-0.068551 0.163372 0)
(-0.0714807 0.161378 0)
(-0.0744362 0.159064 0)
(-0.0774164 0.15642 0)
(-0.0804198 0.153438 0)
(-0.083445 0.150106 0)
(-0.08649 0.146415 0)
(-0.0895527 0.142353 0)
(-0.0926304 0.137908 0)
(-0.09572 0.133069 0)
(-0.098818 0.127824 0)
(-0.10192 0.122163 0)
(-0.105022 0.116074 0)
(-0.108117 0.109546 0)
(-0.111199 0.102571 0)
(-0.114262 0.0951385 0)
(-0.117297 0.0872426 0)
(-0.120295 0.0788769 0)
(-0.123245 0.0700376 0)
(-0.126137 0.0607226 0)
(-0.128957 0.0509326 0)
(-0.131693 0.0406708 0)
(-0.13433 0.0299436 0)
(-0.136851 0.0187611 0)
(-0.139239 0.00713737 0)
(-0.141478 -0.00490896 0)
(-0.143542 -0.0173513 0)
(-0.145417 -0.0301641 0)
(-0.14708 -0.0433168 0)
(-0.148512 -0.0567727 0)
(-0.14969 -0.0704887 0)
(-0.150593 -0.084415 0)
(-0.1512 -0.0984951 0)
(-0.151489 -0.112666 0)
(-0.151439 -0.126856 0)
(-0.151031 -0.140989 0)
(-0.150244 -0.15498 0)
(-0.149061 -0.168739 0)
(-0.147466 -0.182168 0)
(-0.145444 -0.195163 0)
(-0.142982 -0.207615 0)
(-0.140072 -0.21941 0)
(-0.136707 -0.230429 0)
(-0.132882 -0.240548 0)
(-0.128598 -0.249643 0)
(-0.123859 -0.257584 0)
(-0.118672 -0.264243 0)
(-0.113053 -0.26949 0)
(-0.107019 -0.273199 0)
(-0.100595 -0.275243 0)
(-0.0938132 -0.275501 0)
(-0.0867132 -0.273859 0)
(-0.0793425 -0.270209 0)
(-0.071758 -0.264453 0)
(-0.0640265 -0.256504 0)
(-0.0562259 -0.246291 0)
(-0.0484454 -0.233759 0)
(-0.040786 -0.218869 0)
(-0.0333615 -0.201606 0)
(-0.0262978 -0.181973 0)
(-0.0197332 -0.159997 0)
(-0.0138191 -0.135726 0)
(-0.00871515 -0.109227 0)
(-0.00457734 -0.0805837 0)
(-0.00161128 -0.0498909 0)
(-0.000226805 -0.0172473 0)
(-2.60105e-05 0.00770739 0)
(-0.000200813 0.0221858 0)
(-0.000593572 0.0357598 0)
(-0.00116677 0.0484601 0)
(-0.00190685 0.0603181 0)
(-0.00280525 0.0713665 0)
(-0.00385183 0.0816386 0)
(-0.00503633 0.091168 0)
(-0.00634894 0.0999888 0)
(-0.00778029 0.108135 0)
(-0.00932144 0.115639 0)
(-0.0109639 0.122535 0)
(-0.0126999 0.128854 0)
(-0.0145219 0.134627 0)
(-0.0164232 0.139883 0)
(-0.0183975 0.144651 0)
(-0.0204389 0.148957 0)
(-0.0225424 0.152825 0)
(-0.024703 0.156278 0)
(-0.0269166 0.159338 0)
(-0.0291794 0.162022 0)
(-0.0314879 0.164349 0)
(-0.0338392 0.166333 0)
(-0.0362306 0.167986 0)
(-0.0386599 0.169321 0)
(-0.0411251 0.170346 0)
(-0.0436244 0.171067 0)
(-0.0461566 0.171491 0)
(-0.0487203 0.171621 0)
(-0.0513146 0.171459 0)
(-0.0539386 0.171003 0)
(-0.0565916 0.170255 0)
(-0.0592729 0.169209 0)
(-0.0619819 0.167862 0)
(-0.0647181 0.166208 0)
(-0.0674809 0.164241 0)
(-0.0702696 0.161952 0)
(-0.0730835 0.159333 0)
(-0.0759217 0.156374 0)
(-0.0787829 0.153064 0)
(-0.0816659 0.149392 0)
(-0.084569 0.145348 0)
(-0.08749 0.140918 0)
(-0.0904265 0.136091 0)
(-0.0933756 0.130855 0)
(-0.0963336 0.125199 0)
(-0.0992965 0.119109 0)
(-0.102259 0.112575 0)
(-0.105216 0.105587 0)
(-0.108161 0.0981352 0)
(-0.111087 0.0902112 0)
(-0.113984 0.0818082 0)
(-0.116845 0.0729211 0)
(-0.119657 0.063547 0)
(-0.12241 0.0536851 0)
(-0.125091 0.0433375 0)
(-0.127685 0.0325096 0)
(-0.130178 0.02121 0)
(-0.132552 0.00945145 0)
(-0.134792 -0.00274897 0)
(-0.136872 -0.0153652 0)
(-0.138778 -0.0283713 0)
(-0.140488 -0.0417378 0)
(-0.141983 -0.0554284 0)
(-0.143241 -0.0694006 0)
(-0.14424 -0.0836045 0)
(-0.14496 -0.0979837 0)
(-0.145379 -0.112474 0)
(-0.145475 -0.127006 0)
(-0.14523 -0.1415 0)
(-0.144623 -0.15587 0)
(-0.143636 -0.170026 0)
(-0.142253 -0.183867 0)
(-0.140458 -0.197288 0)
(-0.138239 -0.210178 0)
(-0.135586 -0.222419 0)
(-0.13249 -0.23389 0)
(-0.128946 -0.244464 0)
(-0.124954 -0.254011 0)
(-0.120514 -0.262401 0)
(-0.115633 -0.269499 0)
(-0.110323 -0.27517 0)
(-0.104598 -0.279282 0)
(-0.0984812 -0.281703 0)
(-0.0920002 -0.282305 0)
(-0.0851906 -0.280964 0)
(-0.0780962 -0.277565 0)
(-0.0707698 -0.271999 0)
(-0.0632743 -0.264171 0)
(-0.0556839 -0.253996 0)
(-0.0480846 -0.241408 0)
(-0.0405751 -0.226356 0)
(-0.0332675 -0.208811 0)
(-0.0262877 -0.188763 0)
(-0.0197754 -0.166227 0)
(-0.0138847 -0.141237 0)
(-0.00878038 -0.11385 0)
(-0.00462519 -0.084139 0)
(-0.00163419 -0.0521872 0)
(-0.000231787 -0.0180837 0)
(-2.45346e-05 0.00780687 0)
(-0.000189781 0.0224748 0)
(-0.00056131 0.0362284 0)
(-0.00110364 0.0490982 0)
(-0.00180384 0.0611155 0)
(-0.00265364 0.0723129 0)
(-0.00364321 0.0827239 0)
(-0.00476263 0.0923825 0)
(-0.0060024 0.101323 0)
(-0.00735343 0.10958 0)
(-0.00880711 0.117186 0)
(-0.0103553 0.124176 0)
(-0.0119904 0.130582 0)
(-0.0137052 0.136435 0)
(-0.0154934 0.141764 0)
(-0.0173489 0.1466 0)
(-0.0192662 0.150967 0)
(-0.0212403 0.154893 0)
(-0.0232669 0.158399 0)
(-0.0253418 0.161507 0)
(-0.0274616 0.164237 0)
(-0.029623 0.166606 0)
(-0.0318233 0.16863 0)
(-0.0340601 0.170321 0)
(-0.0363313 0.171691 0)
(-0.0386352 0.172749 0)
(-0.0409704 0.173503 0)
(-0.0433355 0.173958 0)
(-0.0457296 0.174117 0)
(-0.048152 0.173984 0)
(-0.050602 0.173557 0)
(-0.0530791 0.172836 0)
(-0.055583 0.171818 0)
(-0.0581133 0.170498 0)
(-0.0606699 0.168871 0)
(-0.0632524 0.16693 0)
(-0.0658606 0.164667 0)
(-0.068494 0.162072 0)
(-0.0711522 0.159137 0)
(-0.0738346 0.155851 0)
(-0.0765401 0.152201 0)
(-0.0792677 0.148177 0)
(-0.0820158 0.143765 0)
(-0.0847826 0.138954 0)
(-0.0875657 0.133731 0)
(-0.0903621 0.128084 0)
(-0.0931685 0.121999 0)
(-0.0959807 0.115466 0)
(-0.0987939 0.108473 0)
(-0.101602 0.101009 0)
(-0.104399 0.0930656 0)
(-0.107177 0.0846348 0)
(-0.109928 0.0757104 0)
(-0.112642 0.0662882 0)
(-0.115307 0.0563664 0)
(-0.117913 0.0459458 0)
(-0.120445 0.0350305 0)
(-0.12289 0.023628 0)
(-0.12523 0.0117495 0)
(-0.127451 -0.000589425 0)
(-0.12953 -0.013364 0)
(-0.131449 -0.0265474 0)
(-0.133191 -0.0401112 0)
(-0.134733 -0.05402 0)
(-0.136055 -0.0682313 0)
(-0.137137 -0.0826957 0)
(-0.137957 -0.0973567 0)
(-0.138494 -0.11215 0)
(-0.138728 -0.127005 0)
(-0.138637 -0.141842 0)
(-0.138204 -0.156574 0)
(-0.13741 -0.171109 0)
(-0.136237 -0.185346 0)
(-0.134672 -0.199176 0)
(-0.1327 -0.212488 0)
(-0.13031 -0.22516 0)
(-0.127494 -0.237069 0)
(-0.124246 -0.248085 0)
(-0.120562 -0.258075 0)
(-0.116442 -0.266904 0)
(-0.111892 -0.274434 0)
(-0.106919 -0.280526 0)
(-0.101537 -0.285041 0)
(-0.0957626 -0.287841 0)
(-0.0896214 -0.288792 0)
(-0.0831446 -0.287764 0)
(-0.0763715 -0.28463 0)
(-0.0693504 -0.279275 0)
(-0.0621397 -0.27159 0)
(-0.0548089 -0.261482 0)
(-0.0474401 -0.248868 0)
(-0.0401288 -0.233687 0)
(-0.0329845 -0.215894 0)
(-0.0261319 -0.195465 0)
(-0.0197109 -0.172401 0)
(-0.0138779 -0.146722 0)
(-0.00880164 -0.118471 0)
(-0.00465098 -0.0877067 0)
(-0.00164985 -0.0545013 0)
(-0.000235898 -0.018931 0)
(-2.31009e-05 0.00790075 0)
(-0.00017894 0.0227478 0)
(-0.00052943 0.0366711 0)
(-0.00104098 0.0497009 0)
(-0.00170116 0.0618684 0)
(-0.00250189 0.073206 0)
(-0.00343361 0.0837476 0)
(-0.00448666 0.0935272 0)
(-0.0056518 0.10258 0)
(-0.00692023 0.110939 0)
(-0.0082836 0.118641 0)
(-0.00973406 0.125718 0)
(-0.0112643 0.132204 0)
(-0.0128676 0.13813 0)
(-0.0145377 0.143527 0)
(-0.0162689 0.148424 0)
(-0.0180561 0.152848 0)
(-0.0198946 0.156826 0)
(-0.0217802 0.16038 0)
(-0.0237091 0.163532 0)
(-0.0256782 0.166303 0)
(-0.0276844 0.168711 0)
(-0.0297252 0.17077 0)
(-0.0317985 0.172494 0)
(-0.0339025 0.173896 0)
(-0.0360356 0.174985 0)
(-0.0381965 0.175767 0)
(-0.0403843 0.176251 0)
(-0.0425982 0.176438 0)
(-0.0448377 0.176331 0)
(-0.0471023 0.175931 0)
(-0.0493918 0.175236 0)
(-0.0517061 0.174243 0)
(-0.0540452 0.172949 0)
(-0.0564092 0.171347 0)
(-0.0587981 0.169432 0)
(-0.061212 0.167194 0)
(-0.0636509 0.164625 0)
(-0.0661146 0.161714 0)
(-0.068603 0.158452 0)
(-0.0711157 0.154825 0)
(-0.073652 0.150823 0)
(-0.0762109 0.146433 0)
(-0.0787911 0.141641 0)
(-0.081391 0.136435 0)
(-0.0840083 0.130801 0)
(-0.0866402 0.124727 0)
(-0.0892834 0.1182 0)
(-0.0919338 0.111208 0)
(-0.0945864 0.103741 0)
(-0.0972355 0.0957863 0)
(-0.0998744 0.087337 0)
(-0.102495 0.0783854 0)
(-0.10509 0.0689262 0)
(-0.107648 0.0589563 0)
(-0.110158 0.0484754 0)
(-0.112607 0.0374862 0)
(-0.114983 0.0259949 0)
(-0.117269 0.0140116 0)
(-0.11945 0.00155079 0)
(-0.121509 -0.0113658 0)
(-0.123424 -0.0247099 0)
(-0.125178 -0.0384541 0)
(-0.12675 -0.0525635 0)
(-0.128121 -0.0669961 0)
(-0.129269 -0.0817027 0)
(-0.130175 -0.0966267 0)
(-0.130817 -0.111704 0)
(-0.131176 -0.126862 0)
(-0.131232 -0.142023 0)
(-0.130965 -0.157098 0)
(-0.130357 -0.171992 0)
(-0.129393 -0.186605 0)
(-0.128056 -0.200826 0)
(-0.126333 -0.214539 0)
(-0.124213 -0.227625 0)
(-0.121686 -0.239954 0)
(-0.118745 -0.251396 0)
(-0.115386 -0.261815 0)
(-0.111608 -0.27107 0)
(-0.107413 -0.279022 0)
(-0.102805 -0.285526 0)
(-0.0977968 -0.290439 0)
(-0.0924014 -0.293619 0)
(-0.0866398 -0.294923 0)
(-0.0805391 -0.294214 0)
(-0.0741336 -0.291359 0)
(-0.0674666 -0.286231 0)
(-0.0605912 -0.278713 0)
(-0.053572 -0.268696 0)
(-0.0464859 -0.256089 0)
(-0.0394242 -0.240812 0)
(-0.0324929 -0.222808 0)
(-0.0258142 -0.202037 0)
(-0.0195275 -0.178482 0)
(-0.0137899 -0.152148 0)
(-0.00877313 -0.123062 0)
(-0.00465158 -0.0912674 0)
(-0.00165711 -0.0568213 0)
(-0.000238974 -0.0197852 0)
(-2.17261e-05 0.00798915 0)
(-0.000168389 0.0230049 0)
(-0.000498184 0.0370881 0)
(-0.000979218 0.0502683 0)
(-0.00159944 0.0625766 0)
(-0.00235085 0.0740455 0)
(-0.00322406 0.0847087 0)
(-0.00420961 0.0946007 0)
(-0.00529849 0.103757 0)
(-0.00648212 0.112212 0)
(-0.00775243 0.12 0)
(-0.00910187 0.127157 0)
(-0.0105234 0.133716 0)
(-0.0120107 0.139708 0)
(-0.0135578 0.145166 0)
(-0.0151593 0.150118 0)
(-0.0168105 0.154593 0)
(-0.0185069 0.158617 0)
(-0.0202446 0.162213 0)
(-0.0220204 0.165405 0)
(-0.023831 0.168213 0)
(-0.0256739 0.170653 0)
(-0.0275468 0.172744 0)
(-0.0294479 0.174498 0)
(-0.0313754 0.175928 0)
(-0.0333281 0.177043 0)
(-0.0353049 0.177851 0)
(-0.0373052 0.178359 0)
(-0.0393282 0.178571 0)
(-0.0413737 0.178488 0)
(-0.0434416 0.178111 0)
(-0.0455318 0.17744 0)
(-0.0476445 0.176472 0)
(-0.04978 0.175201 0)
(-0.0519385 0.173624 0)
(-0.0541206 0.171733 0)
(-0.0563265 0.169519 0)
(-0.0585567 0.166975 0)
(-0.0608114 0.164089 0)
(-0.063091 0.160852 0)
(-0.0653954 0.15725 0)
(-0.0677244 0.153272 0)
(-0.0700778 0.148904 0)
(-0.0724548 0.144134 0)
(-0.0748543 0.138949 0)
(-0.0772747 0.133333 0)
(-0.079714 0.127274 0)
(-0.0821696 0.120759 0)
(-0.084638 0.113775 0)
(-0.0871154 0.106311 0)
(-0.0895967 0.0983536 0)
(-0.0920762 0.0898948 0)
(-0.0945471 0.0809258 0)
(-0.0970015 0.0714403 0)
(-0.0994304 0.061434 0)
(-0.101824 0.0509054 0)
(-0.104169 0.0398557 0)
(-0.106455 0.02829 0)
(-0.108666 0.016217 0)
(-0.110788 0.00365026 0)
(-0.112805 -0.00939056 0)
(-0.114694 -0.0228782 0)
(-0.11644 -0.0367851 0)
(-0.118024 -0.0510769 0)
(-0.119424 -0.0657119 0)
(-0.120623 -0.0806412 0)
(-0.121598 -0.0958083 0)
(-0.122331 -0.111149 0)
(-0.122803 -0.12659 0)
(-0.122992 -0.142053 0)
(-0.122883 -0.157448 0)
(-0.122455 -0.172681 0)
(-0.121694 -0.187647 0)
(-0.120584 -0.202236 0)
(-0.119112 -0.21633 0)
(-0.117265 -0.229807 0)
(-0.115035 -0.242536 0)
(-0.112413 -0.254384 0)
(-0.109394 -0.265212 0)
(-0.105976 -0.274878 0)
(-0.102158 -0.283237 0)
(-0.0979446 -0.290142 0)
(-0.0933417 -0.295445 0)
(-0.0883611 -0.298998 0)
(-0.0830192 -0.300655 0)
(-0.0773383 -0.300271 0)
(-0.0713477 -0.297703 0)
(-0.0650851 -0.292818 0)
(-0.0585977 -0.285485 0)
(-0.0519441 -0.275587 0)
(-0.0451956 -0.263017 0)
(-0.038438 -0.247681 0)
(-0.0317726 -0.229504 0)
(-0.0253183 -0.208431 0)
(-0.0192121 -0.184427 0)
(-0.0136111 -0.157478 0)
(-0.00868872 -0.127594 0)
(-0.00462367 -0.0947992 0)
(-0.00165476 -0.059134 0)
(-0.000240833 -0.0206419 0)
(-2.04276e-05 0.00807227 0)
(-0.000158224 0.0232466 0)
(-0.000467815 0.0374797 0)
(-0.000918775 0.0508007 0)
(-0.00149927 0.0632402 0)
(-0.00220128 0.0748308 0)
(-0.00301547 0.0856063 0)
(-0.00393253 0.0956017 0)
(-0.00494359 0.104852 0)
(-0.00604031 0.113393 0)
(-0.00721487 0.121261 0)
(-0.00846001 0.128489 0)
(-0.00976905 0.135113 0)
(-0.0111359 0.141164 0)
(-0.012555 0.146676 0)
(-0.0140213 0.151677 0)
(-0.0155305 0.156196 0)
(-0.0170783 0.16026 0)
(-0.0186614 0.163893 0)
(-0.0202766 0.167119 0)
(-0.0219211 0.169957 0)
(-0.0235927 0.172426 0)
(-0.0252892 0.174544 0)
(-0.0270091 0.176323 0)
(-0.028751 0.177776 0)
(-0.0305138 0.178914 0)
(-0.0322967 0.179745 0)
(-0.0340991 0.180274 0)
(-0.0359207 0.180506 0)
(-0.0377614 0.180444 0)
(-0.0396212 0.180089 0)
(-0.0415005 0.179438 0)
(-0.0433996 0.178491 0)
(-0.045319 0.177243 0)
(-0.0472594 0.175688 0)
(-0.0492214 0.17382 0)
(-0.0512057 0.17163 0)
(-0.0532132 0.169109 0)
(-0.0552446 0.166248 0)
(-0.0573003 0.163035 0)
(-0.0593811 0.159459 0)
(-0.0614872 0.155506 0)
(-0.0636188 0.151163 0)
(-0.0657757 0.146418 0)
(-0.0679575 0.141255 0)
(-0.0701632 0.135661 0)
(-0.0723916 0.129622 0)
(-0.0746408 0.123124 0)
(-0.0769082 0.116154 0)
(-0.0791906 0.108699 0)
(-0.081484 0.100747 0)
(-0.0837835 0.0922874 0)
(-0.0860833 0.0833106 0)
(-0.0883764 0.0738094 0)
(-0.0906548 0.0637782 0)
(-0.0929093 0.0532143 0)
(-0.0951294 0.0421177 0)
(-0.0973032 0.030492 0)
(-0.0994175 0.0183447 0)
(-0.101457 0.00568814 0)
(-0.103411 -0.00745984 0)
(-0.105253 -0.0210732 0)
(-0.10697 -0.0351244 0)
(-0.108544 -0.0495795 0)
(-0.109955 -0.0643972 0)
(-0.111184 -0.0795287 0)
(-0.112213 -0.0949175 0)
(-0.11302 -0.110499 0)
(-0.113589 -0.126201 0)
(-0.113901 -0.141943 0)
(-0.113937 -0.157635 0)
(-0.113681 -0.173181 0)
(-0.113117 -0.188476 0)
(-0.11223 -0.203408 0)
(-0.111008 -0.217858 0)
(-0.109438 -0.231701 0)
(-0.10751 -0.244806 0)
(-0.105218 -0.257037 0)
(-0.102553 -0.268251 0)
(-0.0995131 -0.278306 0)
(-0.0960957 -0.287054 0)
(-0.0923021 -0.294343 0)
(-0.0881365 -0.300023 0)
(-0.0836066 -0.303942 0)
(-0.0787245 -0.305946 0)
(-0.0735078 -0.305886 0)
(-0.0679803 -0.303613 0)
(-0.0621736 -0.298982 0)
(-0.0561284 -0.291854 0)
(-0.0498967 -0.282099 0)
(-0.0435431 -0.269596 0)
(-0.0371468 -0.254236 0)
(-0.0308036 -0.235928 0)
(-0.0246274 -0.214598 0)
(-0.0187517 -0.19019 0)
(-0.0133319 -0.162673 0)
(-0.00854202 -0.132034 0)
(-0.00456375 -0.0982777 0)
(-0.00164152 -0.0614241 0)
(-0.000241281 -0.0214958 0)
(-1.92229e-05 0.00815033 0)
(-0.000148543 0.0234733 0)
(-0.000438555 0.0378465 0)
(-0.000860035 0.0512984 0)
(-0.0014012 0.0638593 0)
(-0.00205383 0.0755618 0)
(-0.00280861 0.0864399 0)
(-0.00365623 0.0965288 0)
(-0.00458799 0.105864 0)
(-0.0055957 0.114483 0)
(-0.0066718 0.12242 0)
(-0.00780931 0.129711 0)
(-0.0090019 0.136391 0)
(-0.0102438 0.142494 0)
(-0.0115299 0.148051 0)
(-0.0128555 0.153094 0)
(-0.0142166 0.15765 0)
(-0.0156094 0.161748 0)
(-0.0170308 0.165412 0)
(-0.0184781 0.168665 0)
(-0.0199487 0.171529 0)
(-0.0214408 0.174021 0)
(-0.0229524 0.17616 0)
(-0.0244823 0.17796 0)
(-0.0260293 0.179432 0)
(-0.0275927 0.180589 0)
(-0.0291717 0.181437 0)
(-0.0307661 0.181983 0)
(-0.0323757 0.182233 0)
(-0.0340007 0.182189 0)
(-0.0356413 0.181851 0)
(-0.0372981 0.181219 0)
(-0.0389716 0.18029 0)
(-0.0406626 0.179061 0)
(-0.0423721 0.177526 0)
(-0.0441009 0.175679 0)
(-0.0458503 0.173511 0)
(-0.0476211 0.171014 0)
(-0.0494146 0.168176 0)
(-0.0512318 0.164988 0)
(-0.0530736 0.161437 0)
(-0.0549409 0.157509 0)
(-0.0568344 0.153193 0)
(-0.0587545 0.148473 0)
(-0.0607012 0.143336 0)
(-0.0626745 0.137767 0)
(-0.0646737 0.131752 0)
(-0.0666976 0.125276 0)
(-0.0687446 0.118325 0)
(-0.0708121 0.110886 0)
(-0.0728972 0.102946 0)
(-0.0749959 0.094494 0)
(-0.0771031 0.0855186 0)
(-0.0792132 0.0760118 0)
(-0.081319 0.0659669 0)
(-0.0834124 0.0553799 0)
(-0.0854841 0.0442496 0)
(-0.0875232 0.0325783 0)
(-0.0895176 0.0203721 0)
(-0.0914533 0.00764197 0)
(-0.0933197 -0.00559596 0)
(-0.0950919 -0.0193168 0)
(-0.0967587 -0.0334934 0)
(-0.0983013 -0.048092 0)
(-0.0997017 -0.0630717 0)
(-0.100942 -0.0783838 0)
(-0.102003 -0.093972 0)
(-0.102868 -0.109772 0)
(-0.103519 -0.12571 0)
(-0.103937 -0.141705 0)
(-0.104107 -0.157668 0)
(-0.104012 -0.173501 0)
(-0.103638 -0.189097 0)
(-0.102969 -0.204344 0)
(-0.101995 -0.219122 0)
(-0.100703 -0.233304 0)
(-0.0990841 -0.246756 0)
(-0.0971294 -0.259341 0)
(-0.0948322 -0.270917 0)
(-0.0921875 -0.281336 0)
(-0.0891923 -0.290448 0)
(-0.0858452 -0.298101 0)
(-0.0821478 -0.304141 0)
(-0.0781042 -0.308411 0)
(-0.0737223 -0.310754 0)
(-0.0690145 -0.311015 0)
(-0.0639989 -0.309038 0)
(-0.0587005 -0.30467 0)
(-0.0531533 -0.297763 0)
(-0.0474015 -0.288173 0)
(-0.0415023 -0.275767 0)
(-0.0355275 -0.260421 0)
(-0.0295657 -0.242024 0)
(-0.0237246 -0.220483 0)
(-0.0181328 -0.195724 0)
(-0.0129424 -0.16769 0)
(-0.00832643 -0.136346 0)
(-0.00446817 -0.101676 0)
(-0.00161603 -0.0636747 0)
(-0.000240107 -0.022341 0)
(-1.81299e-05 0.00822362 0)
(-0.000139434 0.0236857 0)
(-0.000410611 0.0381892 0)
(-0.000803329 0.051762 0)
(-0.00130564 0.0644342 0)
(-0.00190903 0.0762384 0)
(-0.00260401 0.0872088 0)
(-0.00338128 0.0973811 0)
(-0.00423219 0.106792 0)
(-0.00514872 0.115477 0)
(-0.00612353 0.123474 0)
(-0.00714997 0.130819 0)
(-0.00822205 0.137547 0)
(-0.0093344 0.143692 0)
(-0.0104823 0.149287 0)
(-0.0116614 0.154363 0)
(-0.0128682 0.15895 0)
(-0.0140993 0.163074 0)
(-0.015352 0.166762 0)
(-0.0166238 0.170037 0)
(-0.0179127 0.17292 0)
(-0.0192169 0.17543 0)
(-0.0205351 0.177585 0)
(-0.0218661 0.1794 0)
(-0.023209 0.180887 0)
(-0.0245632 0.182056 0)
(-0.0259285 0.182918 0)
(-0.0273046 0.183478 0)
(-0.0286917 0.183741 0)
(-0.0300901 0.18371 0)
(-0.0315003 0.183386 0)
(-0.032923 0.182769 0)
(-0.034359 0.181856 0)
(-0.0358093 0.180643 0)
(-0.0372752 0.179126 0)
(-0.0387579 0.177298 0)
(-0.0402587 0.17515 0)
(-0.041779 0.172674 0)
(-0.0433203 0.169859 0)
(-0.0448841 0.166694 0)
(-0.0464717 0.163168 0)
(-0.0480845 0.159266 0)
(-0.0497235 0.154977 0)
(-0.0513899 0.150284 0)
(-0.0530844 0.145175 0)
(-0.0548074 0.139633 0)
(-0.0565589 0.133645 0)
(-0.0583386 0.127195 0)
(-0.0601455 0.120269 0)
(-0.0619782 0.112852 0)
(-0.0638343 0.104931 0)
(-0.0657109 0.0964933 0)
(-0.067604 0.0875279 0)
(-0.0695089 0.0780252 0)
(-0.0714195 0.0679774 0)
(-0.0733288 0.0573793 0)
(-0.0752287 0.0462284 0)
(-0.0771095 0.0345256 0)
(-0.0789601 0.0222759 0)
(-0.0807678 0.0094884 0)
(-0.0825233 -0.00382214 0)
(-0.0842022 -0.0176323 0)
(-0.0857947 -0.0319148 0)
(-0.0872834 -0.0466364 0)
(-0.0886511 -0.0617566 0)
(-0.0898808 -0.0772268 0)
(-0.0909556 -0.0929908 0)
(-0.0918587 -0.108984 0)
(-0.0925733 -0.125132 0)
(-0.0930833 -0.141354 0)
(-0.0933732 -0.15756 0)
(-0.0934281 -0.17365 0)
(-0.0932342 -0.189518 0)
(-0.0927785 -0.20505 0)
(-0.0920494 -0.220124 0)
(-0.0910362 -0.234612 0)
(-0.0897293 -0.24838 0)
(-0.0881205 -0.261288 0)
(-0.0862027 -0.273193 0)
(-0.08397 -0.283946 0)
(-0.0814178 -0.293396 0)
(-0.0785431 -0.301388 0)
(-0.0753444 -0.307764 0)
(-0.0718225 -0.312367 0)
(-0.067981 -0.315036 0)
(-0.063827 -0.31561 0)
(-0.0593726 -0.313927 0)
(-0.054636 -0.309828 0)
(-0.0496435 -0.303154 0)
(-0.0444314 -0.293751 0)
(-0.0390482 -0.28147 0)
(-0.0335571 -0.266173 0)
(-0.0280387 -0.247731 0)
(-0.0225929 -0.226031 0)
(-0.0173419 -0.200974 0)
(-0.0124326 -0.172481 0)
(-0.0080352 -0.140493 0)
(-0.00433317 -0.104965 0)
(-0.00157688 -0.065867 0)
(-0.000237087 -0.0231708 0)
(-1.71658e-05 0.00829247 0)
(-0.000130976 0.0238844 0)
(-0.000384155 0.0385086 0)
(-0.000748906 0.0521922 0)
(-0.0012129 0.0649653 0)
(-0.00176716 0.0768604 0)
(-0.00240194 0.0879122 0)
(-0.00310783 0.0981571 0)
(-0.0038762 0.107632 0)
(-0.00469918 0.116374 0)
(-0.00556969 0.124421 0)
(-0.00648138 0.13181 0)
(-0.00742864 0.138576 0)
(-0.00840652 0.144754 0)
(-0.00941071 0.150378 0)
(-0.0104374 0.155479 0)
(-0.0114835 0.160088 0)
(-0.012546 0.164231 0)
(-0.0136226 0.167936 0)
(-0.0147112 0.171226 0)
(-0.0158103 0.174122 0)
(-0.0169183 0.176644 0)
(-0.0180342 0.178809 0)
(-0.0191571 0.180634 0)
(-0.0202865 0.18213 0)
(-0.021422 0.183308 0)
(-0.0225635 0.184178 0)
(-0.0237111 0.184747 0)
(-0.0248651 0.185019 0)
(-0.0260259 0.184997 0)
(-0.0271944 0.184683 0)
(-0.0283714 0.184077 0)
(-0.0295579 0.183176 0)
(-0.0307553 0.181977 0)
(-0.031965 0.180475 0)
(-0.0331883 0.178662 0)
(-0.0344271 0.176532 0)
(-0.035683 0.174075 0)
(-0.0369578 0.171282 0)
(-0.0382534 0.168139 0)
(-0.0395715 0.164637 0)
(-0.0409139 0.160761 0)
(-0.0422823 0.156498 0)
(-0.0436782 0.151834 0)
(-0.045103 0.146753 0)
(-0.0465577 0.141242 0)
(-0.048043 0.135283 0)
(-0.0495594 0.128863 0)
(-0.0511066 0.121965 0)
(-0.0526841 0.114575 0)
(-0.0542904 0.106679 0)
(-0.0559235 0.0982637 0)
(-0.0575805 0.0893166 0)
(-0.0592577 0.0798272 0)
(-0.0609501 0.0697868 0)
(-0.0626518 0.059189 0)
(-0.0643559 0.0480302 0)
(-0.0660541 0.0363099 0)
(-0.0677364 0.0240317 0)
(-0.0693914 0.0112032 0)
(-0.0710112 -0.00216256 0)
(-0.0725725 -0.0160434 0)
(-0.0740666 -0.030412 0)
(-0.0754775 -0.0452357 0)
(-0.0767894 -0.0604741 0)
(-0.0779865 -0.076079 0)
(-0.0790534 -0.0919939 0)
(-0.0799745 -0.108154 0)
(-0.0807348 -0.124485 0)
(-0.0813197 -0.140905 0)
(-0.0817149 -0.157323 0)
(-0.0819073 -0.173639 0)
(-0.0818843 -0.189746 0)
(-0.0816343 -0.205529 0)
(-0.0811466 -0.220864 0)
(-0.0804116 -0.235624 0)
(-0.0794203 -0.249672 0)
(-0.0781648 -0.262868 0)
(-0.0766378 -0.275067 0)
(-0.0748329 -0.28612 0)
(-0.0727444 -0.295875 0)
(-0.0703672 -0.304175 0)
(-0.0676974 -0.310861 0)
(-0.0647324 -0.315774 0)
(-0.0614714 -0.31875 0)
(-0.0579162 -0.319624 0)
(-0.0540727 -0.31823 0)
(-0.0499519 -0.3144 0)
(-0.0455719 -0.307968 0)
(-0.0409604 -0.298769 0)
(-0.0361565 -0.286642 0)
(-0.0312139 -0.271431 0)
(-0.0262034 -0.252988 0)
(-0.021216 -0.23118 0)
(-0.0163655 -0.205885 0)
(-0.0117922 -0.176998 0)
(-0.00766148 -0.144431 0)
(-0.00415489 -0.108112 0)
(-0.00152259 -0.0679805 0)
(-0.000231982 -0.023978 0)
(-1.63466e-05 0.00835726 0)
(-0.000123235 0.0240702 0)
(-0.000359305 0.0388054 0)
(-0.000696905 0.0525897 0)
(-0.00112308 0.0654527 0)
(-0.00162823 0.0774276 0)
(-0.00220222 0.0885495 0)
(-0.00283548 0.0988554 0)
(-0.00351936 0.108383 0)
(-0.00424614 0.117171 0)
(-0.00500896 0.125257 0)
(-0.00580185 0.132678 0)
(-0.0066196 0.139472 0)
(-0.00745774 0.145674 0)
(-0.00831242 0.151318 0)
(-0.00918037 0.156436 0)
(-0.0100588 0.161058 0)
(-0.0109455 0.165213 0)
(-0.0118383 0.168927 0)
(-0.0127358 0.172224 0)
(-0.0136366 0.175127 0)
(-0.0145398 0.177654 0)
(-0.0154444 0.179824 0)
(-0.01635 0.181652 0)
(-0.0172563 0.183151 0)
(-0.0181632 0.184333 0)
(-0.0190707 0.185207 0)
(-0.0199792 0.185779 0)
(-0.0208893 0.186056 0)
(-0.0218016 0.186039 0)
(-0.0227169 0.185731 0)
(-0.0236365 0.185132 0)
(-0.0245616 0.18424 0)
(-0.0254937 0.18305 0)
(-0.0264343 0.181559 0)
(-0.0273852 0.17976 0)
(-0.0283485 0.177645 0)
(-0.029326 0.175204 0)
(-0.0303199 0.172429 0)
(-0.0313323 0.169308 0)
(-0.0323656 0.165828 0)
(-0.0334218 0.161977 0)
(-0.0345031 0.157741 0)
(-0.0356116 0.153105 0)
(-0.0367492 0.148054 0)
(-0.0379176 0.142573 0)
(-0.0391181 0.136647 0)
(-0.0403519 0.130259 0)
(-0.0416196 0.123393 0)
(-0.0429214 0.116035 0)
(-0.0442569 0.10817 0)
(-0.0456249 0.0997833 0)
(-0.0470235 0.0908621 0)
(-0.0484501 0.0813947 0)
(-0.0499008 0.0713716 0)
(-0.0513711 0.0607851 0)
(-0.052855 0.0496305 0)
(-0.0543456 0.0379062 0)
(-0.0558344 0.0256144 0)
(-0.0573114 0.0127613 0)
(-0.0587696 -0.000642136 0)
(-0.0601885 -0.014575 0)
(-0.0615593 -0.0290095 0)
(-0.062868 -0.0439136 0)
(-0.0641001 -0.0592474 0)
(-0.0652416 -0.0749626 0)
(-0.0662784 -0.0910025 0)
(-0.0671969 -0.107302 0)
(-0.0679837 -0.123787 0)
(-0.0686259 -0.140374 0)
(-0.0691112 -0.156972 0)
(-0.0694281 -0.17348 0)
(-0.0695657 -0.189791 0)
(-0.0695139 -0.205787 0)
(-0.0692635 -0.221346 0)
(-0.0688059 -0.236338 0)
(-0.0681331 -0.250626 0)
(-0.0672378 -0.264071 0)
(-0.0661128 -0.276525 0)
(-0.0647513 -0.28784 0)
(-0.0631464 -0.297862 0)
(-0.0612917 -0.306435 0)
(-0.0591808 -0.313399 0)
(-0.0568076 -0.318594 0)
(-0.0541671 -0.321853 0)
(-0.0512558 -0.323009 0)
(-0.048073 -0.321892 0)
(-0.0446224 -0.318329 0)
(-0.0409135 -0.312146 0)
(-0.0369646 -0.303167 0)
(-0.0328047 -0.291217 0)
(-0.0284769 -0.276127 0)
(-0.0240411 -0.25773 0)
(-0.0195776 -0.235869 0)
(-0.0151905 -0.210399 0)
(-0.0110113 -0.181187 0)
(-0.00719843 -0.148116 0)
(-0.00392942 -0.111082 0)
(-0.00145165 -0.0699925 0)
(-0.000224541 -0.0247544 0)
(-1.56869e-05 0.00841839 0)
(-0.000116252 0.0242438 0)
(-0.000336104 0.0390807 0)
(-0.000647307 0.052955 0)
(-0.00103603 0.0658968 0)
(-0.00149186 0.0779396 0)
(-0.00200419 0.0891195 0)
(-0.00256319 0.0994742 0)
(-0.00316019 0.109043 0)
(-0.0037876 0.117864 0)
(-0.00443886 0.125977 0)
(-0.00510836 0.13342 0)
(-0.00579138 0.140232 0)
(-0.00648394 0.146447 0)
(-0.00718274 0.152101 0)
(-0.00788505 0.157226 0)
(-0.00858863 0.161853 0)
(-0.00929167 0.166011 0)
(-0.00999271 0.169726 0)
(-0.0106906 0.173024 0)
(-0.0113844 0.175926 0)
(-0.0120735 0.178452 0)
(-0.0127575 0.18062 0)
(-0.0134362 0.182446 0)
(-0.0141094 0.183943 0)
(-0.0147775 0.185122 0)
(-0.0154406 0.185994 0)
(-0.0160994 0.186565 0)
(-0.0167546 0.186841 0)
(-0.0174069 0.186825 0)
(-0.0180576 0.186518 0)
(-0.0187079 0.185922 0)
(-0.0193593 0.185033 0)
(-0.0200134 0.18385 0)
(-0.0206721 0.182366 0)
(-0.0213373 0.180577 0)
(-0.0220113 0.178473 0)
(-0.0226963 0.176047 0)
(-0.0233947 0.173288 0)
(-0.0241091 0.170185 0)
(-0.024842 0.166726 0)
(-0.025596 0.162899 0)
(-0.0263737 0.158688 0)
(-0.0271777 0.15408 0)
(-0.0280105 0.149059 0)
(-0.0288743 0.14361 0)
(-0.0297712 0.137717 0)
(-0.030703 0.131364 0)
(-0.0316712 0.124534 0)
(-0.0326767 0.117212 0)
(-0.03372 0.109382 0)
(-0.0348009 0.10103 0)
(-0.0359186 0.0921417 0)
(-0.0370714 0.0827045 0)
(-0.0382569 0.0727079 0)
(-0.0394714 0.0621432 0)
(-0.0407104 0.0510046 0)
(-0.0419682 0.0392893 0)
(-0.0432377 0.0269983 0)
(-0.0445106 0.0141365 0)
(-0.0457787 0.000713671 0)
(-0.0470319 -0.0132518 0)
(-0.0482541 -0.0277318 0)
(-0.0494357 -0.0426946 0)
(-0.0505636 -0.0581003 0)
(-0.0516257 -0.0739005 0)
(-0.0526098 -0.0900383 0)
(-0.0535043 -0.106448 0)
(-0.0542979 -0.123056 0)
(-0.0549798 -0.139777 0)
(-0.0555396 -0.15652 0)
(-0.0559678 -0.173184 0)
(-0.0562556 -0.18966 0)
(-0.0563945 -0.205831 0)
(-0.0563771 -0.221572 0)
(-0.0561962 -0.236754 0)
(-0.055845 -0.251239 0)
(-0.0553168 -0.264888 0)
(-0.0546049 -0.277553 0)
(-0.0537023 -0.289087 0)
(-0.0526013 -0.299334 0)
(-0.051294 -0.30814 0)
(-0.0497716 -0.315346 0)
(-0.0480251 -0.320788 0)
(-0.046045 -0.324302 0)
(-0.0438225 -0.325718 0)
(-0.0413504 -0.324863 0)
(-0.0386245 -0.32156 0)
(-0.0356458 -0.315626 0)
(-0.0324222 -0.306879 0)
(-0.0289721 -0.29513 0)
(-0.0253268 -0.280195 0)
(-0.0215343 -0.261888 0)
(-0.0176627 -0.240031 0)
(-0.0138045 -0.214452 0)
(-0.0100803 -0.184991 0)
(-0.00663931 -0.151499 0)
(-0.00365287 -0.113837 0)
(-0.00136253 -0.0718785 0)
(-0.000214502 -0.0254909 0)
(-1.51978e-05 0.00847629 0)
(-0.000110037 0.0244062 0)
(-0.000314494 0.039335 0)
(-0.000599891 0.0532886 0)
(-0.000951244 0.0662975 0)
(-0.00135717 0.0783959 0)
(-0.00180647 0.0896209 0)
(-0.00228902 0.100011 0)
(-0.00279612 0.109607 0)
(-0.00332032 0.118449 0)
(-0.00385541 0.126577 0)
(-0.00439621 0.134031 0)
(-0.00493852 0.140848 0)
(-0.00547895 0.147066 0)
(-0.00601478 0.152719 0)
(-0.00654388 0.157842 0)
(-0.00706459 0.162465 0)
(-0.00757567 0.166617 0)
(-0.00807616 0.170326 0)
(-0.00856539 0.173616 0)
(-0.0090429 0.17651 0)
(-0.00950844 0.179027 0)
(-0.00996195 0.181187 0)
(-0.0104035 0.183004 0)
(-0.0108334 0.184493 0)
(-0.011252 0.185665 0)
(-0.0116599 0.186529 0)
(-0.0120578 0.187093 0)
(-0.0124467 0.187363 0)
(-0.0128275 0.187342 0)
(-0.0132016 0.187032 0)
(-0.0135703 0.186434 0)
(-0.0139355 0.185545 0)
(-0.0142987 0.184363 0)
(-0.0146622 0.182883 0)
(-0.0150281 0.181099 0)
(-0.0153988 0.179003 0)
(-0.0157769 0.176588 0)
(-0.016165 0.173842 0)
(-0.0165659 0.170755 0)
(-0.0169827 0.167315 0)
(-0.0174183 0.163509 0)
(-0.0178756 0.159323 0)
(-0.0183578 0.154742 0)
(-0.0188679 0.149751 0)
(-0.0194087 0.144334 0)
(-0.0199829 0.138475 0)
(-0.0205931 0.132159 0)
(-0.0212414 0.125367 0)
(-0.0219297 0.118084 0)
(-0.0226592 0.110294 0)
(-0.0234309 0.101982 0)
(-0.0242449 0.0931325 0)
(-0.0251006 0.0837329 0)
(-0.0259968 0.0737715 0)
(-0.0269312 0.0632386 0)
(-0.0279003 0.0521272 0)
(-0.0289 0.0404336 0)
(-0.0299247 0.0281574 0)
(-0.030968 0.0153026 0)
(-0.0320224 0.00187811 0)
(-0.0330809 -0.0120999 0)
(-0.0341282 -0.0266047 0)
(-0.0351568 -0.0416039 0)
(-0.0361555 -0.0570572 0)
(-0.0371141 -0.0729161 0)
(-0.0380228 -0.0891235 0)
(-0.038872 -0.105613 0)
(-0.0396528 -0.122311 0)
(-0.0403567 -0.139132 0)
(-0.0409757 -0.155983 0)
(-0.0415025 -0.172764 0)
(-0.0419304 -0.189363 0)
(-0.0422532 -0.205665 0)
(-0.0424651 -0.221544 0)
(-0.0425607 -0.23687 0)
(-0.0425345 -0.251505 0)
(-0.042381 -0.26531 0)
(-0.0420938 -0.278139 0)
(-0.041666 -0.289843 0)
(-0.0410894 -0.30027 0)
(-0.0403544 -0.309264 0)
(-0.0394506 -0.316668 0)
(-0.0383656 -0.32232 0)
(-0.0370857 -0.326056 0)
(-0.0355969 -0.327704 0)
(-0.0338854 -0.327091 0)
(-0.0319389 -0.324035 0)
(-0.0297493 -0.318349 0)
(-0.0273143 -0.309841 0)
(-0.0246405 -0.298313 0)
(-0.0217466 -0.283565 0)
(-0.0186673 -0.265394 0)
(-0.0154574 -0.243599 0)
(-0.0121957 -0.217982 0)
(-0.00898985 -0.188353 0)
(-0.0059776 -0.15453 0)
(-0.00332137 -0.116338 0)
(-0.00125367 -0.0736122 0)
(-0.000201591 -0.0261779 0)
(-1.48864e-05 0.00853138 0)
(-0.000104558 0.024558 0)
(-0.000294283 0.0395691 0)
(-0.000554166 0.0535908 0)
(-0.000867787 0.0666543 0)
(-0.00122264 0.078795 0)
(-0.00160683 0.0900514 0)
(-0.00200994 0.100464 0)
(-0.00242322 0.110074 0)
(-0.00283944 0.118923 0)
(-0.00325278 0.127053 0)
(-0.00365858 0.134504 0)
(-0.00405325 0.141315 0)
(-0.00443402 0.147523 0)
(-0.00479886 0.153166 0)
(-0.00514627 0.158276 0)
(-0.00547525 0.162885 0)
(-0.00578515 0.167023 0)
(-0.00607557 0.170716 0)
(-0.00634635 0.173991 0)
(-0.00659748 0.176869 0)
(-0.00682914 0.179371 0)
(-0.00704161 0.181515 0)
(-0.00723533 0.183317 0)
(-0.00741085 0.184791 0)
(-0.00756882 0.185949 0)
(-0.00771003 0.1868 0)
(-0.00783539 0.187352 0)
(-0.007946 0.187611 0)
(-0.00804309 0.18758 0)
(-0.00812808 0.187261 0)
(-0.00820258 0.186656 0)
(-0.00826838 0.185762 0)
(-0.00832749 0.184577 0)
(-0.00838209 0.183096 0)
(-0.00843458 0.181313 0)
(-0.00848755 0.179222 0)
(-0.0085438 0.176813 0)
(-0.00860628 0.174077 0)
(-0.00867811 0.171003 0)
(-0.00876256 0.167579 0)
(-0.00886296 0.163792 0)
(-0.00898275 0.159628 0)
(-0.00912545 0.155072 0)
(-0.00929455 0.15011 0)
(-0.00949352 0.144725 0)
(-0.00972568 0.138902 0)
(-0.00999422 0.132622 0)
(-0.0103021 0.125871 0)
(-0.0106519 0.11863 0)
(-0.0110459 0.110884 0)
(-0.0114858 0.102616 0)
(-0.0119731 0.0938113 0)
(-0.0125081 0.0844563 0)
(-0.0130909 0.0745382 0)
(-0.0137203 0.0640465 0)
(-0.0143945 0.0529733 0)
(-0.0151107 0.0413137 0)
(-0.015865 0.0290664 0)
(-0.0166526 0.0162342 0)
(-0.0174677 0.00282531 0)
(-0.0183047 -0.0111461 0)
(-0.0191509 -0.0256546 0)
(-0.0200009 -0.0406671 0)
(-0.0208455 -0.0561429 0)
(-0.0216769 -0.0720331 0)
(-0.0224876 -0.0882802 0)
(-0.0232707 -0.104818 0)
(-0.0240198 -0.121571 0)
(-0.0247289 -0.138454 0)
(-0.0253926 -0.155374 0)
(-0.0260063 -0.172229 0)
(-0.0265654 -0.188909 0)
(-0.0270662 -0.205296 0)
(-0.027505 -0.221264 0)
(-0.0278782 -0.236684 0)
(-0.0281818 -0.251419 0)
(-0.0284115 -0.265328 0)
(-0.0285617 -0.278268 0)
(-0.0286256 -0.290091 0)
(-0.0285944 -0.300646 0)
(-0.0284575 -0.309779 0)
(-0.0282025 -0.317334 0)
(-0.0278139 -0.323153 0)
(-0.0272743 -0.327071 0)
(-0.0265639 -0.328919 0)
(-0.0256626 -0.328522 0)
(-0.02455 -0.325696 0)
(-0.0232086 -0.320252 0)
(-0.0216253 -0.311988 0)
(-0.0197945 -0.300699 0)
(-0.0177215 -0.286169 0)
(-0.0154264 -0.268178 0)
(-0.0129492 -0.246503 0)
(-0.0103533 -0.220921 0)
(-0.00773148 -0.191211 0)
(-0.00520715 -0.157155 0)
(-0.00293123 -0.118543 0)
(-0.00112356 -0.0751651 0)
(-0.000185526 -0.0268046 0)
(-1.47532e-05 0.00858407 0)
(-9.97256e-05 0.0246998 0)
(-0.000275107 0.0397833 0)
(-0.000509295 0.0538613 0)
(-0.000784162 0.0669662 0)
(-0.00108593 0.0791351 0)
(-0.00140196 0.0904082 0)
(-0.00172153 0.100828 0)
(-0.00203589 0.110437 0)
(-0.00233814 0.119279 0)
(-0.00262289 0.127397 0)
(-0.00288612 0.134831 0)
(-0.00312492 0.141623 0)
(-0.00333728 0.147811 0)
(-0.00352189 0.153432 0)
(-0.00367796 0.158518 0)
(-0.0038052 0.163104 0)
(-0.00390361 0.167217 0)
(-0.00397341 0.170887 0)
(-0.00401492 0.174138 0)
(-0.00402865 0.176992 0)
(-0.00401517 0.179471 0)
(-0.00397518 0.181593 0)
(-0.00390942 0.183373 0)
(-0.00381872 0.184826 0)
(-0.003704 0.185964 0)
(-0.00356626 0.186795 0)
(-0.00340661 0.187329 0)
(-0.00322629 0.187571 0)
(-0.0030267 0.187524 0)
(-0.00280942 0.187192 0)
(-0.00257617 0.186574 0)
(-0.0023289 0.18567 0)
(-0.00206974 0.184477 0)
(-0.00180105 0.18299 0)
(-0.00152538 0.181205 0)
(-0.00124552 0.179113 0)
(-0.000964457 0.176707 0)
(-0.000685399 0.173977 0)
(-0.000411733 0.170912 0)
(-0.000147021 0.1675 0)
(0.000105019 0.163729 0)
(0.000340527 0.159585 0)
(0.000555579 0.155054 0)
(0.000746184 0.150119 0)
(0.000908346 0.144765 0)
(0.00103812 0.138977 0)
(0.00113165 0.132735 0)
(0.00118525 0.126025 0)
(0.00119547 0.118828 0)
(0.00115918 0.111129 0)
(0.00107359 0.10291 0)
(0.000936432 0.0941556 0)
(0.000745937 0.0848516 0)
(0.000501011 0.0749847 0)
(0.000201382 0.0645434 0)
(-0.000152783 0.0535181 0)
(-0.000560176 0.0419045 0)
(-0.00101839 0.0296998 0)
(-0.0015244 0.0169058 0)
(-0.00207438 0.00352946 0)
(-0.00266375 -0.0104163 0)
(-0.00328347 -0.0249071 0)
(-0.00392968 -0.0399092 0)
(-0.00459601 -0.0553813 0)
(-0.00527714 -0.0712741 0)
(-0.00596844 -0.0875298 0)
(-0.00666577 -0.104081 0)
(-0.0073655 -0.120853 0)
(-0.00806455 -0.137759 0)
(-0.00876036 -0.154706 0)
(-0.00945087 -0.171591 0)
(-0.0101344 -0.188304 0)
(-0.0108094 -0.204726 0)
(-0.0114747 -0.220733 0)
(-0.0121284 -0.236194 0)
(-0.0127684 -0.250973 0)
(-0.0133917 -0.264931 0)
(-0.0139935 -0.277926 0)
(-0.0145673 -0.289811 0)
(-0.015104 -0.300438 0)
(-0.0155918 -0.309656 0)
(-0.0160166 -0.317312 0)
(-0.0163601 -0.323249 0)
(-0.0166005 -0.327306 0)
(-0.0167134 -0.329316 0)
(-0.0166716 -0.329105 0)
(-0.016447 -0.326489 0)
(-0.0160124 -0.321274 0)
(-0.0153437 -0.313255 0)
(-0.0144225 -0.302218 0)
(-0.0132398 -0.287934 0)
(-0.0118004 -0.270167 0)
(-0.0101276 -0.248672 0)
(-0.00826829 -0.223201 0)
(-0.00629763 -0.1935 0)
(-0.00432235 -0.159319 0)
(-0.00247896 -0.120405 0)
(-0.000970684 -0.0765072 0)
(-0.000166011 -0.0273596 0)
(-1.47902e-05 0.00863471 0)
(-9.5377e-05 0.024832 0)
(-0.000256375 0.0399775 0)
(-0.000464002 0.0540991 0)
(-0.000698164 0.0672311 0)
(-0.000943694 0.079413 0)
(-0.0011872 0.0906871 0)
(-0.00141768 0.101098 0)
(-0.0016265 0.110691 0)
(-0.00180715 0.11951 0)
(-0.00195485 0.127601 0)
(-0.00206631 0.135006 0)
(-0.00213942 0.141766 0)
(-0.00217304 0.14792 0)
(-0.00216664 0.153506 0)
(-0.00212025 0.158559 0)
(-0.0020343 0.16311 0)
(-0.00190953 0.167191 0)
(-0.00174677 0.170827 0)
(-0.0015469 0.174046 0)
(-0.00131093 0.176869 0)
(-0.00103987 0.179317 0)
(-0.000734798 0.181409 0)
(-0.000396774 0.183161 0)
(-2.68968e-05 0.184586 0)
(0.00037368 0.185697 0)
(0.00080372 0.186503 0)
(0.00126194 0.187012 0)
(0.00174693 0.187231 0)
(0.00225716 0.187163 0)
(0.00279094 0.186811 0)
(0.0033464 0.186175 0)
(0.0039215 0.185255 0)
(0.00451396 0.184049 0)
(0.00512131 0.182551 0)
(0.00574083 0.180758 0)
(0.00636957 0.178661 0)
(0.00700434 0.176253 0)
(0.00764174 0.173524 0)
(0.00827812 0.170464 0)
(0.00890962 0.167062 0)
(0.00953215 0.163304 0)
(0.0101415 0.159177 0)
(0.0107333 0.154666 0)
(0.0113031 0.149757 0)
(0.0118464 0.144433 0)
(0.0123586 0.138678 0)
(0.0128352 0.132475 0)
(0.0132718 0.125807 0)
(0.0136641 0.118656 0)
(0.014008 0.111005 0)
(0.0142999 0.102839 0)
(0.0145362 0.094139 0)
(0.0147142 0.0848918 0)
(0.0148314 0.0750831 0)
(0.0148861 0.0647007 0)
(0.014877 0.053735 0)
(0.0148037 0.0421796 0)
(0.0146668 0.0300312 0)
(0.0144677 0.0172909 0)
(0.0142082 0.00396456 0)
(0.0138916 -0.00993594 0)
(0.0135231 -0.0243867 0)
(0.0131045 -0.0393534 0)
(0.0126393 -0.0547942 0)
(0.0121297 -0.0706593 0)
(0.0115775 -0.0868901 0)
(0.0109835 -0.103419 0)
(0.0103485 -0.12017 0)
(0.00967231 -0.137057 0)
(0.00895453 -0.153986 0)
(0.0081943 -0.170854 0)
(0.00739053 -0.187549 0)
(0.00654207 -0.203954 0)
(0.00564795 -0.219944 0)
(0.00470776 -0.235389 0)
(0.00372196 -0.250155 0)
(0.00269236 -0.264103 0)
(0.00162265 -0.277093 0)
(0.000518733 -0.288981 0)
(-0.000610206 -0.299623 0)
(-0.00175112 -0.308868 0)
(-0.00288784 -0.316568 0)
(-0.00399924 -0.322571 0)
(-0.00505997 -0.326719 0)
(-0.00604041 -0.328849 0)
(-0.00690717 -0.328789 0)
(-0.00762418 -0.326356 0)
(-0.00815448 -0.321355 0)
(-0.00846262 -0.313578 0)
(-0.00851702 -0.302803 0)
(-0.00829374 -0.288791 0)
(-0.00778115 -0.27129 0)
(-0.00698493 -0.250035 0)
(-0.00593332 -0.224752 0)
(-0.00468208 -0.195157 0)
(-0.00331837 -0.160964 0)
(-0.00196139 -0.121879 0)
(-0.000793602 -0.0776069 0)
(-0.000142738 -0.0278307 0)
(-1.49779e-05 0.00868355 0)
(-9.12522e-05 0.0249546 0)
(-0.000237209 0.0401508 0)
(-0.000416455 0.0543023 0)
(-0.000606706 0.0674461 0)
(-0.000791338 0.0796243 0)
(-0.000956231 0.0908823 0)
(-0.0010902 0.101267 0)
(-0.00118487 0.110827 0)
(-0.00123429 0.119607 0)
(-0.00123445 0.127656 0)
(-0.00118288 0.135016 0)
(-0.00107848 0.14173 0)
(-0.000921018 0.147838 0)
(-0.000710915 0.153379 0)
(-0.000449069 0.158386 0)
(-0.000136722 0.162893 0)
(0.000224724 0.16693 0)
(0.000633724 0.170525 0)
(0.00108877 0.173702 0)
(0.00158835 0.176485 0)
(0.00213101 0.178895 0)
(0.0027153 0.18095 0)
(0.00333985 0.182665 0)
(0.00400328 0.184056 0)
(0.00470423 0.185133 0)
(0.00544128 0.185907 0)
(0.00621294 0.186386 0)
(0.00701769 0.186576 0)
(0.00785387 0.18648 0)
(0.00871967 0.186103 0)
(0.00961313 0.185444 0)
(0.0105321 0.184503 0)
(0.0114742 0.183277 0)
(0.0124368 0.181763 0)
(0.0134171 0.179956 0)
(0.014412 0.177849 0)
(0.0154181 0.175434 0)
(0.0164319 0.172703 0)
(0.0174493 0.169644 0)
(0.0184664 0.166246 0)
(0.0194786 0.162497 0)
(0.0204814 0.158384 0)
(0.0214701 0.153892 0)
(0.0224396 0.149006 0)
(0.023385 0.143709 0)
(0.0243011 0.137987 0)
(0.0251827 0.131822 0)
(0.0260245 0.125196 0)
(0.0268215 0.118092 0)
(0.0275688 0.110492 0)
(0.0282615 0.102381 0)
(0.0288952 0.0937403 0)
(0.0294657 0.0845554 0)
(0.0299693 0.0748118 0)
(0.0304027 0.0644967 0)
(0.0307631 0.0535999 0)
(0.0310485 0.0421141 0)
(0.0312576 0.0300353 0)
(0.0313899 0.0173638 0)
(0.0314447 0.00410477 0)
(0.0314249 -0.00973085 0)
(0.0313304 -0.0241192 0)
(0.0311614 -0.0390251 0)
(0.0309179 -0.054406 0)
(0.0305987 -0.0702116 0)
(0.0302022 -0.0863827 0)
(0.0297261 -0.102851 0)
(0.0291676 -0.11954 0)
(0.0285234 -0.136364 0)
(0.0277898 -0.153227 0)
(0.0269629 -0.170026 0)
(0.0260388 -0.18665 0)
(0.0250135 -0.202982 0)
(0.0238838 -0.218897 0)
(0.0226471 -0.234266 0)
(0.0213021 -0.248956 0)
(0.0198494 -0.26283 0)
(0.0182918 -0.275751 0)
(0.0166349 -0.287577 0)
(0.0148878 -0.298167 0)
(0.0130642 -0.307378 0)
(0.0111827 -0.315063 0)
(0.00926686 -0.321077 0)
(0.0073457 -0.325265 0)
(0.00545358 -0.32747 0)
(0.00362997 -0.327522 0)
(0.00191863 -0.325243 0)
(0.000366118 -0.320437 0)
(-0.000980228 -0.312893 0)
(-0.00207495 -0.302387 0)
(-0.00287922 -0.288669 0)
(-0.00336415 -0.271475 0)
(-0.00351636 -0.25052 0)
(-0.00334376 -0.225503 0)
(-0.00288041 -0.196116 0)
(-0.00219145 -0.162032 0)
(-0.00137585 -0.122917 0)
(-0.000590967 -0.078431 0)
(-0.000115372 -0.0282049 0)
(-1.52807e-05 0.00873068 0)
(-8.69685e-05 0.0250669 0)
(-0.000216374 0.0403016 0)
(-0.000364134 0.0544678 0)
(-0.000505609 0.0676062 0)
(-0.000622712 0.0797626 0)
(-0.000700697 0.090986 0)
(-0.000728381 0.101327 0)
(-0.000697833 0.110835 0)
(-0.000603858 0.11956 0)
(-0.000443415 0.127549 0)
(-0.00021509 0.134849 0)
(8.12117e-05 0.141504 0)
(0.000444599 0.147553 0)
(0.000873567 0.153035 0)
(0.00136622 0.157985 0)
(0.00192046 0.162437 0)
(0.00253415 0.16642 0)
(0.00320507 0.169963 0)
(0.00393107 0.173091 0)
(0.00471011 0.175827 0)
(0.00554029 0.17819 0)
(0.00641983 0.1802 0)
(0.00734702 0.181873 0)
(0.00832024 0.183221 0)
(0.00933791 0.184259 0)
(0.0103984 0.184994 0)
(0.0115002 0.185436 0)
(0.0126416 0.18559 0)
(0.0138207 0.185461 0)
(0.0150358 0.185051 0)
(0.0162847 0.184363 0)
(0.0175653 0.183394 0)
(0.018875 0.182144 0)
(0.0202112 0.180608 0)
(0.0215708 0.178782 0)
(0.0229508 0.17666 0)
(0.0243474 0.174233 0)
(0.025757 0.171493 0)
(0.0271754 0.16843 0)
(0.0285983 0.165033 0)
(0.0300208 0.161289 0)
(0.0314381 0.157185 0)
(0.032845 0.152708 0)
(0.0342361 0.147842 0)
(0.0356057 0.142572 0)
(0.0369481 0.136881 0)
(0.0382575 0.130752 0)
(0.0395278 0.124168 0)
(0.0407531 0.117112 0)
(0.0419274 0.109565 0)
(0.043045 0.101512 0)
(0.0441001 0.0929347 0)
(0.0450873 0.0838176 0)
(0.0460015 0.0741459 0)
(0.0468378 0.0639066 0)
(0.0475919 0.0530888 0)
(0.0482599 0.0416846 0)
(0.0488387 0.0296893 0)
(0.0493253 0.0171024 0)
(0.0497171 0.00392865 0)
(0.050016 -0.00982152 0)
(0.0502163 -0.0241236 0)
(0.0503161 -0.0389416 0)
(0.0503117 -0.0542321 0)
(0.0501982 -0.0699442 0)
(0.0499703 -0.0860181 0)
(0.0496222 -0.102385 0)
(0.0491475 -0.118968 0)
(0.0485395 -0.13568 0)
(0.0477911 -0.152426 0)
(0.0468953 -0.169103 0)
(0.0458451 -0.1856 0)
(0.044634 -0.201799 0)
(0.0432562 -0.217577 0)
(0.0417072 -0.232807 0)
(0.0399841 -0.247357 0)
(0.0380863 -0.261092 0)
(0.0360158 -0.273877 0)
(0.033778 -0.285575 0)
(0.0313825 -0.29605 0)
(0.0288438 -0.30516 0)
(0.0261823 -0.312769 0)
(0.0234242 -0.318732 0)
(0.0206019 -0.322904 0)
(0.0177543 -0.325133 0)
(0.014927 -0.325254 0)
(0.012171 -0.323092 0)
(0.00954226 -0.318457 0)
(0.00709976 -0.311138 0)
(0.00490202 -0.300905 0)
(0.00300359 -0.287503 0)
(0.00145131 -0.270654 0)
(0.000279065 -0.250056 0)
(-0.000498154 -0.225386 0)
(-0.000890585 -0.196308 0)
(-0.000939559 -0.162461 0)
(-0.000720752 -0.123469 0)
(-0.00036183 -0.0789449 0)
(-8.3612e-05 -0.0284683 0)
(-1.56432e-05 0.00877599 0)
(-8.19872e-05 0.0251679 0)
(-0.000192182 0.040427 0)
(-0.000303661 0.0545909 0)
(-0.000389358 0.0677048 0)
(-0.000429811 0.0798195 0)
(-0.00040984 0.0909879 0)
(-0.000318521 0.101264 0)
(-0.000148637 0.110702 0)
(0.000104086 0.119353 0)
(0.000441466 0.127267 0)
(0.000863547 0.134491 0)
(0.00136916 0.141071 0)
(0.00195623 0.147046 0)
(0.00262204 0.152457 0)
(0.00336363 0.157339 0)
(0.00417798 0.161725 0)
(0.00506213 0.165645 0)
(0.00601319 0.169128 0)
(0.00702839 0.172197 0)
(0.00810519 0.174876 0)
(0.00924126 0.177185 0)
(0.0104345 0.179143 0)
(0.0116828 0.180765 0)
(0.0129844 0.182065 0)
(0.0143374 0.183055 0)
(0.0157403 0.183745 0)
(0.0171911 0.184143 0)
(0.0186881 0.184255 0)
(0.0202295 0.184086 0)
(0.0218133 0.183639 0)
(0.0234374 0.182914 0)
(0.0250995 0.181912 0)
(0.026797 0.180631 0)
(0.0285271 0.179067 0)
(0.0302867 0.177217 0)
(0.0320726 0.175073 0)
(0.033881 0.172628 0)
(0.0357079 0.169875 0)
(0.0375491 0.166802 0)
(0.0393997 0.163401 0)
(0.0412549 0.159657 0)
(0.0431094 0.15556 0)
(0.0449575 0.151094 0)
(0.0467933 0.146245 0)
(0.0486106 0.140997 0)
(0.0504032 0.135335 0)
(0.0521643 0.129242 0)
(0.0538872 0.1227 0)
(0.055565 0.115692 0)
(0.0571908 0.1082 0)
(0.0587576 0.100208 0)
(0.0602585 0.0916979 0)
(0.0616867 0.0826539 0)
(0.0630356 0.0730612 0)
(0.0642987 0.0629062 0)
(0.0654699 0.0521778 0)
(0.0665433 0.0408674 0)
(0.0675139 0.0289699 0)
(0.0683762 0.0164842 0)
(0.0691252 0.00341442 0)
(0.0697624 -0.0102288 0)
(0.0702752 -0.0244194 0)
(0.0706596 -0.0391203 0)
(0.0709077 -0.0542878 0)
(0.0710106 -0.0698698 0)
(0.0709592 -0.0858063 0)
(0.0707438 -0.102028 0)
(0.0703544 -0.118457 0)
(0.0697806 -0.135007 0)
(0.0690119 -0.151582 0)
(0.0680381 -0.168079 0)
(0.0668492 -0.184388 0)
(0.0654361 -0.200392 0)
(0.0637908 -0.215969 0)
(0.0619069 -0.230993 0)
(0.0597801 -0.245334 0)
(0.0574085 -0.258861 0)
(0.054794 -0.271442 0)
(0.0519419 -0.282943 0)
(0.0488624 -0.293233 0)
(0.0455714 -0.302178 0)
(0.0420908 -0.309644 0)
(0.0384494 -0.315496 0)
(0.0346833 -0.319595 0)
(0.0308358 -0.321794 0)
(0.0269581 -0.321938 0)
(0.0231088 -0.319857 0)
(0.0193525 -0.315365 0)
(0.015759 -0.308253 0)
(0.0123997 -0.298291 0)
(0.00934508 -0.28522 0)
(0.00666016 -0.268752 0)
(0.00440006 -0.248572 0)
(0.00260406 -0.224335 0)
(0.00128785 -0.195675 0)
(0.000437276 -0.162197 0)
(3.6418e-06 -0.123487 0)
(-0.000106278 -0.0791141 0)
(-4.74152e-05 -0.0286066 0)
(-1.59829e-05 0.00881904 0)
(-7.55733e-05 0.0252552 0)
(-0.000162388 0.0405224 0)
(-0.000230623 0.0546644 0)
(-0.000250847 0.0677325 0)
(-0.000202413 0.0797831 0)
(-6.99913e-05 0.0908746 0)
(0.000156817 0.101065 0)
(0.000484141 0.110412 0)
(0.00091486 0.11897 0)
(0.00144929 0.12679 0)
(0.00208586 0.133922 0)
(0.00282188 0.140411 0)
(0.00365386 0.1463 0)
(0.00457789 0.151627 0)
(0.00558987 0.156429 0)
(0.00668581 0.160738 0)
(0.0078619 0.164585 0)
(0.00911452 0.167997 0)
(0.0104403 0.170999 0)
(0.0118363 0.173614 0)
(0.0132997 0.175861 0)
(0.014828 0.177759 0)
(0.016419 0.179323 0)
(0.0180705 0.180567 0)
(0.0197806 0.181503 0)
(0.0215475 0.18214 0)
(0.0233692 0.182488 0)
(0.0252439 0.182551 0)
(0.0271697 0.182336 0)
(0.0291446 0.181844 0)
(0.0311663 0.181077 0)
(0.0332325 0.180035 0)
(0.0353405 0.178717 0)
(0.0374876 0.177119 0)
(0.0396705 0.175237 0)
(0.0418857 0.173065 0)
(0.0441295 0.170597 0)
(0.0463976 0.167825 0)
(0.0486855 0.164738 0)
(0.0509883 0.161327 0)
(0.0533007 0.157579 0)
(0.0556169 0.153483 0)
(0.057931 0.149024 0)
(0.0602365 0.144189 0)
(0.0625267 0.138962 0)
(0.0647945 0.133327 0)
(0.0670325 0.127268 0)
(0.0692332 0.120767 0)
(0.0713887 0.113808 0)
(0.0734909 0.106373 0)
(0.0755317 0.0984441 0)
(0.0775029 0.0900054 0)
(0.0793962 0.0810403 0)
(0.0812033 0.0715338 0)
(0.0829161 0.0614722 0)
(0.0845265 0.0508441 0)
(0.0860267 0.0396406 0)
(0.0874091 0.0278563 0)
(0.0886659 0.0154895 0)
(0.0897896 0.00254341 0)
(0.0907812 -0.0109698 0)
(0.0916202 -0.0250215 0)
(0.0923003 -0.039574 0)
(0.0928089 -0.0545827 0)
(0.093133 -0.0699952 0)
(0.0932595 -0.0857508 0)
(0.0931746 -0.10178 0)
(0.0928645 -0.118004 0)
(0.0923152 -0.134337 0)
(0.0915126 -0.150683 0)
(0.0904434 -0.166939 0)
(0.0890947 -0.182997 0)
(0.087455 -0.19874 0)
(0.0855142 -0.214047 0)
(0.0832642 -0.228796 0)
(0.0806996 -0.242857 0)
(0.077818 -0.256105 0)
(0.0746209 -0.26841 0)
(0.0711141 -0.279643 0)
(0.0673089 -0.289679 0)
(0.0632225 -0.298389 0)
(0.0588789 -0.305647 0)
(0.0543098 -0.311324 0)
(0.0495545 -0.315291 0)
(0.0446611 -0.317407 0)
(0.0396864 -0.317527 0)
(0.0346957 -0.315487 0)
(0.0297623 -0.311107 0)
(0.0249662 -0.304185 0)
(0.0203915 -0.294491 0)
(0.0161239 -0.281763 0)
(0.012247 -0.265709 0)
(0.00883705 -0.246 0)
(0.00595772 -0.222276 0)
(0.00365272 -0.194143 0)
(0.00193865 -0.161176 0)
(0.000797456 -0.122923 0)
(0.000175486 -0.0789068 0)
(-7.02066e-06 -0.0286066 0)
(-1.61826e-05 0.00885897 0)
(-6.6749e-05 0.0253253 0)
(-0.000124073 0.0405813 0)
(-0.000139351 0.0546786 0)
(-8.10254e-05 0.0676766 0)
(7.25343e-05 0.0796388 0)
(0.000336377 0.0906288 0)
(0.000719752 0.10071 0)
(0.00122723 0.109944 0)
(0.00185978 0.118388 0)
(0.0026158 0.126096 0)
(0.00349193 0.133119 0)
(0.00448374 0.139503 0)
(0.0055862 0.14529 0)
(0.00679403 0.150521 0)
(0.00810198 0.155231 0)
(0.00950504 0.159453 0)
(0.0109985 0.163217 0)
(0.0125781 0.166549 0)
(0.0142399 0.169475 0)
(0.0159804 0.172017 0)
(0.0177964 0.174194 0)
(0.0196851 0.176024 0)
(0.021644 0.177523 0)
(0.0236708 0.178703 0)
(0.0257634 0.179578 0)
(0.0279198 0.180156 0)
(0.0301379 0.180447 0)
(0.032416 0.180455 0)
(0.0347519 0.180185 0)
(0.0371436 0.179642 0)
(0.0395889 0.178826 0)
(0.0420853 0.177738 0)
(0.0446302 0.176376 0)
(0.0472205 0.174737 0)
(0.049853 0.172818 0)
(0.0525242 0.170614 0)
(0.05523 0.168116 0)
(0.0579661 0.165318 0)
(0.0607277 0.162212 0)
(0.0635095 0.158785 0)
(0.066306 0.155029 0)
(0.069111 0.150929 0)
(0.071918 0.146474 0)
(0.0747201 0.141649 0)
(0.07751 0.136439 0)
(0.0802797 0.130829 0)
(0.0830212 0.124803 0)
(0.0857259 0.118344 0)
(0.0883848 0.111434 0)
(0.0909889 0.104057 0)
(0.0935286 0.0961957 0)
(0.0959942 0.0878332 0)
(0.0983759 0.0789533 0)
(0.100664 0.0695411 0)
(0.102848 0.0595828 0)
(0.104918 0.049067 0)
(0.106863 0.0379847 0)
(0.108675 0.0263304 0)
(0.110342 0.0141018 0)
(0.111855 0.00130077 0)
(0.113211 -0.0120574 0)
(0.114385 -0.0259398 0)
(0.115365 -0.040309 0)
(0.116135 -0.05512 0)
(0.116678 -0.0703199 0)
(0.116975 -0.0858474 0)
(0.11701 -0.101633 0)
(0.116764 -0.117597 0)
(0.116219 -0.133654 0)
(0.115359 -0.149709 0)
(0.114167 -0.16566 0)
(0.112627 -0.181399 0)
(0.110726 -0.196811 0)
(0.108451 -0.211778 0)
(0.105794 -0.226178 0)
(0.102748 -0.239887 0)
(0.0993107 -0.252782 0)
(0.0954836 -0.264737 0)
(0.0912738 -0.275631 0)
(0.0866937 -0.285341 0)
(0.0817625 -0.293747 0)
(0.0765067 -0.300731 0)
(0.0709608 -0.306171 0)
(0.0651681 -0.309946 0)
(0.0591811 -0.311926 0)
(0.053062 -0.311973 0)
(0.0468828 -0.309933 0)
(0.0407249 -0.305635 0)
(0.034678 -0.298883 0)
(0.0288386 -0.289449 0)
(0.023307 -0.277076 0)
(0.0181846 -0.261465 0)
(0.013569 -0.242282 0)
(0.00954854 -0.21915 0)
(0.00619624 -0.191654 0)
(0.00356162 -0.159342 0)
(0.00166036 -0.121725 0)
(0.000483753 -0.0782854 0)
(3.76599e-05 -0.0284541 0)
(-1.60826e-05 0.00889437 0)
(-5.42446e-05 0.025373 0)
(-7.35032e-05 0.0405943 0)
(-2.26107e-05 0.0546207 0)
(0.000131804 0.0675208 0)
(0.000411715 0.079366 0)
(0.000831161 0.0902275 0)
(0.00139755 0.100174 0)
(0.00211321 0.109272 0)
(0.00297676 0.117581 0)
(0.00398432 0.125158 0)
(0.00513039 0.132054 0)
(0.00640861 0.138317 0)
(0.00781224 0.14399 0)
(0.00933455 0.149111 0)
(0.0109691 0.153718 0)
(0.0127098 0.157842 0)
(0.0145511 0.161512 0)
(0.016488 0.164756 0)
(0.018516 0.167597 0)
(0.0206311 0.170057 0)
(0.0228299 0.172156 0)
(0.0251091 0.173911 0)
(0.027466 0.175337 0)
(0.0298982 0.176447 0)
(0.0324034 0.177254 0)
(0.0349794 0.177766 0)
(0.0376242 0.177992 0)
(0.0403358 0.177937 0)
(0.0431121 0.177608 0)
(0.0459511 0.177007 0)
(0.0488503 0.176135 0)
(0.0518072 0.174994 0)
(0.0548193 0.173581 0)
(0.0578833 0.171896 0)
(0.0609959 0.169933 0)
(0.0641533 0.167688 0)
(0.0673515 0.165156 0)
(0.0705858 0.162327 0)
(0.0738512 0.159195 0)
(0.0771421 0.155748 0)
(0.0804525 0.151977 0)
(0.083776 0.147871 0)
(0.0871054 0.143415 0)
(0.0904333 0.138597 0)
(0.0937514 0.133402 0)
(0.0970514 0.127815 0)
(0.100324 0.121821 0)
(0.10356 0.115403 0)
(0.106749 0.108545 0)
(0.10988 0.101229 0)
(0.112943 0.0934385 0)
(0.115926 0.0851578 0)
(0.118819 0.0763705 0)
(0.121608 0.0670618 0)
(0.124282 0.0572182 0)
(0.126829 0.0468282 0)
(0.129236 0.0358828 0)
(0.13149 0.0243767 0)
(0.133578 0.0123074 0)
(0.135494 -0.000323876 0)
(0.137215 -0.0134971 0)
(0.138723 -0.0271765 0)
(0.14 -0.0413241 0)
(0.141023 -0.0558947 0)
(0.141771 -0.0708347 0)
(0.142222 -0.0860824 0)
(0.142355 -0.101568 0)
(0.142146 -0.117213 0)
(0.141576 -0.132932 0)
(0.140623 -0.14863 0)
(0.139267 -0.164206 0)
(0.137493 -0.179555 0)
(0.135282 -0.194563 0)
(0.132624 -0.209114 0)
(0.129506 -0.223091 0)
(0.125924 -0.236373 0)
(0.121874 -0.24884 0)
(0.11736 -0.260372 0)
(0.112389 -0.270853 0)
(0.106977 -0.280167 0)
(0.101144 -0.288201 0)
(0.0949206 -0.294844 0)
(0.0883443 -0.299985 0)
(0.0814624 -0.303511 0)
(0.0743319 -0.305301 0)
(0.0670206 -0.305229 0)
(0.0596069 -0.30315 0)
(0.0521796 -0.298903 0)
(0.0448379 -0.292299 0)
(0.0376895 -0.28312 0)
(0.030849 -0.271109 0)
(0.0244349 -0.255971 0)
(0.0185654 -0.237364 0)
(0.0133539 -0.214903 0)
(0.00890327 -0.188155 0)
(0.00529744 -0.156643 0)
(0.00258859 -0.119849 0)
(0.000817935 -0.0772174 0)
(8.68712e-05 -0.028135 0)
(-1.54735e-05 0.0089231 0)
(-3.64131e-05 0.025391 0)
(-5.8162e-06 0.0405491 0)
(0.000128979 0.0544729 0)
(0.000402341 0.0672425 0)
(0.000835681 0.0789394 0)
(0.00144104 0.0896429 0)
(0.00222317 0.0994281 0)
(0.00318146 0.108365 0)
(0.00431162 0.116517 0)
(0.00560704 0.123942 0)
(0.00705974 0.130694 0)
(0.00866123 0.136821 0)
(0.0104029 0.142364 0)
(0.0122766 0.147364 0)
(0.0142744 0.151856 0)
(0.0163893 0.155871 0)
(0.0186149 0.159439 0)
(0.0209455 0.162584 0)
(0.0233761 0.165332 0)
(0.0259021 0.167703 0)
(0.0285198 0.169716 0)
(0.0312256 0.171388 0)
(0.0340167 0.172734 0)
(0.0368904 0.173766 0)
(0.0398442 0.174497 0)
(0.0428759 0.174936 0)
(0.0459833 0.17509 0)
(0.0491645 0.174967 0)
(0.0524171 0.17457 0)
(0.0557391 0.173904 0)
(0.059128 0.17297 0)
(0.0625812 0.171769 0)
(0.0660959 0.1703 0)
(0.069669 0.168561 0)
(0.0732968 0.166548 0)
(0.0769756 0.164258 0)
(0.0807008 0.161684 0)
(0.0844677 0.158819 0)
(0.0882709 0.155655 0)
(0.0921046 0.152184 0)
(0.0959622 0.148395 0)
(0.0998368 0.144276 0)
(0.103721 0.139817 0)
(0.107606 0.135003 0)
(0.111483 0.129821 0)
(0.115343 0.124257 0)
(0.119175 0.118294 0)
(0.12297 0.111919 0)
(0.126715 0.105114 0)
(0.130398 0.0978624 0)
(0.134008 0.0901489 0)
(0.137531 0.0819571 0)
(0.140954 0.0732715 0)
(0.144262 0.0640775 0)
(0.147442 0.0543618 0)
(0.150478 0.0441132 0)
(0.153356 0.0333229 0)
(0.156061 0.0219855 0)
(0.158573 0.0100991 0)
(0.160892 -0.00233337 0)
(0.162975 -0.0152872 0)
(0.164809 -0.0287254 0)
(0.166368 -0.0426087 0)
(0.167625 -0.0568911 0)
(0.168555 -0.0715189 0)
(0.169129 -0.0864303 0)
(0.169324 -0.101556 0)
(0.169112 -0.116817 0)
(0.16847 -0.132129 0)
(0.167373 -0.1474 0)
(0.165801 -0.162529 0)
(0.163733 -0.177413 0)
(0.161152 -0.191941 0)
(0.158045 -0.206 0)
(0.154401 -0.219476 0)
(0.150214 -0.232254 0)
(0.145483 -0.244217 0)
(0.140213 -0.255251 0)
(0.134413 -0.265247 0)
(0.128102 -0.274095 0)
(0.121304 -0.281691 0)
(0.114051 -0.28793 0)
(0.106385 -0.292712 0)
(0.0983588 -0.295933 0)
(0.0900332 -0.297484 0)
(0.0814815 -0.297248 0)
(0.0727883 -0.295092 0)
(0.0640498 -0.290867 0)
(0.0553738 -0.284393 0)
(0.0468785 -0.275461 0)
(0.0386917 -0.263822 0)
(0.0309481 -0.249182 0)
(0.0237857 -0.231201 0)
(0.0173426 -0.209487 0)
(0.0117517 -0.183597 0)
(0.00713233 -0.153034 0)
(0.00357518 -0.117254 0)
(0.00117588 -0.0756721 0)
(0.000140438 -0.027636 0)
(-1.40975e-05 0.00894209 0)
(-1.10772e-05 0.0253694 0)
(8.52633e-05 0.0404288 0)
(0.000327116 0.0542122 0)
(0.000748593 0.066814 0)
(0.00136933 0.0783272 0)
(0.00219822 0.08884 0)
(0.00323631 0.098434 0)
(0.00447923 0.107184 0)
(0.00591915 0.115155 0)
(0.00754623 0.12241 0)
(0.00934974 0.129 0)
(0.0113188 0.134974 0)
(0.0134429 0.140374 0)
(0.0157121 0.14524 0)
(0.0181174 0.149605 0)
(0.0206506 0.153501 0)
(0.0233045 0.156956 0)
(0.0260727 0.159995 0)
(0.0289496 0.162641 0)
(0.0319304 0.164914 0)
(0.0350107 0.166833 0)
(0.0381869 0.168414 0)
(0.0414558 0.169672 0)
(0.0448145 0.17062 0)
(0.0482604 0.171268 0)
(0.0517912 0.171627 0)
(0.0554046 0.171703 0)
(0.0590984 0.171504 0)
(0.0628703 0.171033 0)
(0.066718 0.170296 0)
(0.070639 0.169293 0)
(0.0746307 0.168026 0)
(0.0786899 0.166494 0)
(0.0828134 0.164695 0)
(0.0869974 0.162626 0)
(0.0912379 0.160284 0)
(0.0955301 0.157663 0)
(0.0998689 0.154757 0)
(0.104249 0.151558 0)
(0.108663 0.148057 0)
(0.113104 0.144245 0)
(0.117566 0.140112 0)
(0.122039 0.135646 0)
(0.126515 0.130835 0)
(0.130983 0.125665 0)
(0.135434 0.120123 0)
(0.139856 0.114194 0)
(0.144237 0.107863 0)
(0.148564 0.101116 0)
(0.152823 0.0939348 0)
(0.157001 0.0863053 0)
(0.161083 0.0782118 0)
(0.165052 0.0696392 0)
(0.168892 0.0605735 0)
(0.172588 0.051002 0)
(0.17612 0.0409136 0)
(0.179472 0.0303 0)
(0.182625 0.0191558 0)
(0.185557 0.0074795 0)
(0.188266 -0.00472169 0)
(0.190699 -0.0174173 0)
(0.192838 -0.0305703 0)
(0.194652 -0.0441402 0)
(0.19611 -0.0580807 0)
(0.19718 -0.0723381 0)
(0.197832 -0.0868508 0)
(0.198037 -0.10155 0)
(0.197764 -0.116358 0)
(0.196987 -0.131192 0)
(0.19568 -0.145959 0)
(0.193819 -0.160564 0)
(0.191382 -0.174905 0)
(0.188353 -0.188873 0)
(0.184717 -0.202362 0)
(0.180464 -0.215259 0)
(0.175591 -0.227454 0)
(0.170097 -0.238838 0)
(0.16399 -0.249301 0)
(0.157283 -0.258741 0)
(0.149996 -0.267056 0)
(0.142159 -0.274149 0)
(0.133808 -0.279925 0)
(0.124989 -0.284293 0)
(0.115759 -0.287158 0)
(0.106185 -0.288424 0)
(0.0963449 -0.287984 0)
(0.0863295 -0.285718 0)
(0.0762417 -0.281488 0)
(0.0661973 -0.275128 0)
(0.0563243 -0.266438 0)
(0.0467625 -0.255179 0)
(0.0376615 -0.241065 0)
(0.0291782 -0.223759 0)
(0.0214744 -0.202868 0)
(0.0147125 -0.177943 0)
(0.00904751 -0.148476 0)
(0.00461021 -0.113906 0)
(0.00155414 -0.0736228 0)
(0.000197907 -0.026945 0)
(-1.15971e-05 0.00894692 0)
(2.45215e-05 0.0252945 0)
(0.000207506 0.0402111 0)
(0.000586078 0.0538093 0)
(0.00119234 0.0662001 0)
(0.00204262 0.0774896 0)
(0.00314119 0.0877758 0)
(0.00448419 0.097147 0)
(0.00606253 0.105682 0)
(0.00786414 0.11345 0)
(0.00987551 0.120512 0)
(0.0120828 0.126922 0)
(0.0144726 0.132728 0)
(0.0170323 0.137971 0)
(0.0197503 0.14269 0)
(0.0226163 0.146918 0)
(0.0256211 0.150684 0)
(0.0287565 0.154017 0)
(0.0320156 0.156939 0)
(0.0353921 0.159475 0)
(0.0388807 0.161642 0)
(0.0424769 0.16346 0)
(0.0461766 0.164943 0)
(0.0499764 0.166106 0)
(0.0538731 0.166962 0)
(0.0578639 0.16752 0)
(0.0619464 0.167792 0)
(0.066118 0.167783 0)
(0.0703763 0.167501 0)
(0.0747191 0.166951 0)
(0.0791437 0.166135 0)
(0.0836475 0.165058 0)
(0.0882276 0.163718 0)
(0.0928807 0.162117 0)
(0.0976033 0.160253 0)
(0.102391 0.158124 0)
(0.10724 0.155725 0)
(0.112146 0.153053 0)
(0.117101 0.1501 0)
(0.122101 0.146861 0)
(0.127138 0.143328 0)
(0.132204 0.139491 0)
(0.137292 0.135341 0)
(0.142392 0.130867 0)
(0.147495 0.126058 0)
(0.152588 0.120901 0)
(0.157661 0.115384 0)
(0.162702 0.109492 0)
(0.167695 0.103211 0)
(0.172628 0.0965266 0)
(0.177485 0.0894244 0)
(0.182249 0.0818892 0)
(0.186903 0.0739062 0)
(0.191429 0.0654614 0)
(0.195808 0.0565413 0)
(0.200022 0.0471338 0)
(0.204048 0.0372286 0)
(0.207868 0.0268179 0)
(0.211456 0.0158963 0)
(0.214791 0.00446179 0)
(0.217869 -0.0074708 0)
(0.22062 -0.0198631 0)
(0.223027 -0.0326794 0)
(0.225051 -0.0458798 0)
(0.226656 -0.059418 0)
(0.227807 -0.0732403 0)
(0.228471 -0.0872859 0)
(0.228613 -0.101487 0)
(0.228202 -0.115767 0)
(0.227208 -0.130044 0)
(0.225603 -0.14423 0)
(0.223361 -0.15823 0)
(0.220462 -0.171945 0)
(0.216887 -0.185274 0)
(0.212624 -0.19811 0)
(0.207665 -0.210349 0)
(0.202007 -0.221885 0)
(0.195653 -0.232614 0)
(0.188615 -0.242436 0)
(0.180909 -0.251252 0)
(0.172561 -0.25897 0)
(0.163604 -0.265501 0)
(0.154079 -0.27076 0)
(0.144038 -0.274663 0)
(0.133543 -0.277129 0)
(0.122665 -0.27807 0)
(0.11149 -0.277392 0)
(0.100112 -0.274989 0)
(0.0886415 -0.270735 0)
(0.0772015 -0.264476 0)
(0.0659286 -0.256027 0)
(0.0549732 -0.245159 0)
(0.0444986 -0.231599 0)
(0.0346793 -0.215015 0)
(0.0256989 -0.195021 0)
(0.0177487 -0.171168 0)
(0.0110189 -0.142945 0)
(0.00568065 -0.10978 0)
(0.00194805 -0.071049 0)
(0.000258612 -0.0260522 0)
(-7.3159e-06 0.00893166 0)
(7.39793e-05 0.0251487 0)
(0.000370351 0.0398678 0)
(0.000923088 0.0532273 0)
(0.00175967 0.0653572 0)
(0.00289115 0.0763781 0)
(0.00431543 0.0863982 0)
(0.00602229 0.0955125 0)
(0.00799695 0.103803 0)
(0.0102224 0.111342 0)
(0.0126809 0.118191 0)
(0.0153553 0.124403 0)
(0.0182295 0.130024 0)
(0.0212887 0.135097 0)
(0.0245198 0.139656 0)
(0.0279108 0.143735 0)
(0.0314517 0.147361 0)
(0.0351334 0.150562 0)
(0.0389481 0.15336 0)
(0.0428892 0.155776 0)
(0.0469507 0.157829 0)
(0.0511278 0.159537 0)
(0.0554159 0.160915 0)
(0.0598113 0.161976 0)
(0.0643106 0.162733 0)
(0.0689106 0.163195 0)
(0.0736086 0.163373 0)
(0.0784019 0.163273 0)
(0.0832878 0.162903 0)
(0.0882636 0.162266 0)
(0.0933265 0.161368 0)
(0.0984737 0.160209 0)
(0.103702 0.158793 0)
(0.109007 0.157118 0)
(0.114386 0.155184 0)
(0.119834 0.152989 0)
(0.125346 0.15053 0)
(0.130917 0.147803 0)
(0.136541 0.144802 0)
(0.14221 0.141521 0)
(0.147916 0.137953 0)
(0.153653 0.13409 0)
(0.15941 0.129924 0)
(0.165177 0.125443 0)
(0.170943 0.120638 0)
(0.176696 0.115498 0)
(0.182423 0.110009 0)
(0.188109 0.10416 0)
(0.19374 0.0979365 0)
(0.199299 0.0913259 0)
(0.204769 0.084314 0)
(0.210131 0.076887 0)
(0.215365 0.069031 0)
(0.220451 0.060733 0)
(0.225366 0.0519803 0)
(0.230089 0.0427618 0)
(0.234597 0.0330678 0)
(0.238863 0.0228913 0)
(0.242861 0.0122269 0)
(0.246573 0.00107262 0)
(0.249972 -0.0105449 0)
(0.252992 -0.0225802 0)
(0.255605 -0.0350009 0)
(0.257771 -0.0477684 0)
(0.259448 -0.0608364 0)
(0.260598 -0.0741522 0)
(0.261183 -0.0876556 0)
(0.261168 -0.10128 0)
(0.260517 -0.114951 0)
(0.259199 -0.12859 0)
(0.257184 -0.142111 0)
(0.254449 -0.155422 0)
(0.250971 -0.168429 0)
(0.246734 -0.181034 0)
(0.241726 -0.193138 0)
(0.235943 -0.20464 0)
(0.229386 -0.215441 0)
(0.222061 -0.225444 0)
(0.213984 -0.234556 0)
(0.205177 -0.242686 0)
(0.19567 -0.249749 0)
(0.185503 -0.255666 0)
(0.174723 -0.260359 0)
(0.163387 -0.263756 0)
(0.151563 -0.265785 0)
(0.139327 -0.26637 0)
(0.126771 -0.26543 0)
(0.113995 -0.26287 0)
(0.101114 -0.258578 0)
(0.0882595 -0.252416 0)
(0.0755743 -0.244211 0)
(0.0632188 -0.23375 0)
(0.051368 -0.220772 0)
(0.0402121 -0.20496 0)
(0.0299552 -0.185937 0)
(0.0208152 -0.163261 0)
(0.0130164 -0.136425 0)
(0.00677003 -0.10486 0)
(0.00235157 -0.067937 0)
(0.000321663 -0.0249504 0)
(-6.36565e-07 0.00888836 0)
(0.00014156 0.0249087 0)
(0.000585289 0.0393632 0)
(0.00135874 0.0524202 0)
(0.00248141 0.0642316 0)
(0.00395661 0.0749335 0)
(0.00577377 0.0846445 0)
(0.00791483 0.0934653 0)
(0.0103582 0.101482 0)
(0.0130813 0.108766 0)
(0.0160618 0.115379 0)
(0.019279 0.121373 0)
(0.0227139 0.126794 0)
(0.0263496 0.131681 0)
(0.0301711 0.136068 0)
(0.0341652 0.139986 0)
(0.0383206 0.143462 0)
(0.0426274 0.146521 0)
(0.0470771 0.149184 0)
(0.0516622 0.151472 0)
(0.0563763 0.153404 0)
(0.0612139 0.154995 0)
(0.0661701 0.15626 0)
(0.0712406 0.157212 0)
(0.0764215 0.157863 0)
(0.0817094 0.158223 0)
(0.087101 0.158301 0)
(0.0925932 0.158104 0)
(0.0981828 0.15764 0)
(0.103867 0.156912 0)
(0.109642 0.155926 0)
(0.115505 0.154682 0)
(0.121452 0.153185 0)
(0.12748 0.151433 0)
(0.133582 0.149426 0)
(0.139756 0.147164 0)
(0.145994 0.144642 0)
(0.152291 0.141858 0)
(0.15864 0.138808 0)
(0.165034 0.135485 0)
(0.171463 0.131884 0)
(0.177918 0.127997 0)
(0.184389 0.123817 0)
(0.190865 0.119334 0)
(0.197333 0.114539 0)
(0.203779 0.109421 0)
(0.210189 0.10397 0)
(0.216546 0.0981737 0)
(0.222834 0.0920204 0)
(0.229033 0.0854976 0)
(0.235125 0.0785927 0)
(0.241087 0.071293 0)
(0.246898 0.063586 0)
(0.252534 0.0554595 0)
(0.25797 0.046902 0)
(0.26318 0.0379033 0)
(0.268137 0.0284547 0)
(0.272813 0.0185493 0)
(0.277178 0.00818192 0)
(0.281225 -0.00264326 0)
(0.284867 -0.0138842 0)
(0.288077 -0.0254998 0)
(0.290811 -0.0374581 0)
(0.293022 -0.0497212 0)
(0.294668 -0.062244 0)
(0.295706 -0.0749745 0)
(0.296095 -0.0878542 0)
(0.295797 -0.100818 0)
(0.294778 -0.113796 0)
(0.293002 -0.12671 0)
(0.290443 -0.139478 0)
(0.287075 -0.152014 0)
(0.282878 -0.164228 0)
(0.277839 -0.176027 0)
(0.271949 -0.187318 0)
(0.265206 -0.198007 0)
(0.257617 -0.208001 0)
(0.249193 -0.217211 0)
(0.239956 -0.22555 0)
(0.229934 -0.232937 0)
(0.219163 -0.239295 0)
(0.20769 -0.244553 0)
(0.195567 -0.248643 0)
(0.18286 -0.251502 0)
(0.169642 -0.253068 0)
(0.155995 -0.253277 0)
(0.142016 -0.252059 0)
(0.127811 -0.249333 0)
(0.113502 -0.245 0)
(0.0992226 -0.238936 0)
(0.0851249 -0.230987 0)
(0.0713763 -0.220954 0)
(0.0581622 -0.208593 0)
(0.0456862 -0.193603 0)
(0.0341706 -0.175624 0)
(0.0238579 -0.154227 0)
(0.0150038 -0.128921 0)
(0.00785813 -0.099145 0)
(0.00275719 -0.0642824 0)
(0.000385911 -0.0236358 0)
(9.28393e-06 0.00880652 0)
(0.000232515 0.0245454 0)
(0.000866033 0.0386527 0)
(0.00191722 0.0513318 0)
(0.00339327 0.0627586 0)
(0.0052868 0.0730852 0)
(0.0075765 0.0824398 0)
(0.0102348 0.090928 0)
(0.0132324 0.0986371 0)
(0.0165404 0.105639 0)
(0.0201317 0.111994 0)
(0.0239819 0.117751 0)
(0.0280689 0.122954 0)
(0.0323737 0.12764 0)
(0.0368793 0.131841 0)
(0.0415713 0.135586 0)
(0.0464371 0.1389 0)
(0.0514656 0.141806 0)
(0.0566474 0.144325 0)
(0.0619742 0.146477 0)
(0.0674389 0.148278 0)
(0.0730352 0.149744 0)
(0.0787574 0.150889 0)
(0.0846006 0.151725 0)
(0.0905603 0.152264 0)
(0.0966324 0.152516 0)
(0.102813 0.15249 0)
(0.109098 0.152192 0)
(0.115484 0.151629 0)
(0.121967 0.150807 0)
(0.128544 0.149729 0)
(0.13521 0.148399 0)
(0.141961 0.146818 0)
(0.148792 0.144988 0)
(0.155697 0.142908 0)
(0.162672 0.140578 0)
(0.169709 0.137995 0)
(0.176802 0.135156 0)
(0.183942 0.132059 0)
(0.191121 0.128698 0)
(0.198329 0.125069 0)
(0.205556 0.121164 0)
(0.212789 0.116976 0)
(0.220015 0.112499 0)
(0.227221 0.107724 0)
(0.234391 0.102641 0)
(0.241509 0.0972415 0)
(0.248555 0.0915142 0)
(0.255511 0.0854488 0)
(0.262356 0.0790344 0)
(0.269067 0.0722596 0)
(0.27562 0.0651132 0)
(0.281989 0.0575841 0)
(0.288148 0.0496612 0)
(0.294069 0.0413345 0)
(0.299722 0.0325946 0)
(0.305076 0.0234338 0)
(0.310099 0.0138452 0)
(0.314758 0.00382377 0)
(0.319043 -0.00660955 0)
(0.322843 -0.0174037 0)
(0.326137 -0.0285261 0)
(0.328873 -0.0399455 0)
(0.331003 -0.0516242 0)
(0.332481 -0.0635184 0)
(0.333262 -0.0755777 0)
(0.333306 -0.0877459 0)
(0.332571 -0.0999607 0)
(0.331022 -0.112154 0)
(0.328626 -0.124254 0)
(0.325357 -0.136181 0)
(0.32119 -0.147855 0)
(0.316109 -0.159191 0)
(0.310104 -0.170102 0)
(0.303171 -0.180503 0)
(0.295314 -0.190306 0)
(0.286543 -0.199426 0)
(0.276878 -0.207782 0)
(0.266346 -0.215295 0)
(0.254984 -0.221891 0)
(0.242836 -0.227504 0)
(0.229954 -0.232069 0)
(0.216399 -0.235529 0)
(0.202244 -0.23783 0)
(0.187568 -0.23892 0)
(0.172461 -0.238744 0)
(0.157023 -0.237246 0)
(0.141367 -0.234356 0)
(0.125619 -0.22999 0)
(0.109919 -0.22404 0)
(0.0944222 -0.216365 0)
(0.0793038 -0.206789 0)
(0.064757 -0.195084 0)
(0.0509967 -0.18097 0)
(0.0382608 -0.164108 0)
(0.026813 -0.144092 0)
(0.016938 -0.120451 0)
(0.00892066 -0.0926489 0)
(0.0031557 -0.060092 0)
(0.000449906 -0.0221092 0)
(2.35498e-05 0.0086726 0)
(0.000353208 0.0240222 0)
(0.00122865 0.0376817 0)
(0.0026263 0.0498942 0)
(0.00453565 0.060861 0)
(0.0069353 0.0707497 0)
(0.00979074 0.0796962 0)
(0.0130634 0.0878094 0)
(0.0167153 0.0951762 0)
(0.020711 0.101867 0)
(0.0250184 0.107938 0)
(0.0296089 0.113437 0)
(0.0344578 0.118403 0)
(0.0395435 0.122871 0)
(0.0448472 0.126871 0)
(0.0503528 0.130429 0)
(0.0560461 0.133568 0)
(0.0619149 0.136311 0)
(0.0679485 0.138676 0)
(0.0741376 0.140682 0)
(0.0804737 0.142344 0)
(0.0869497 0.143677 0)
(0.0935587 0.144695 0)
(0.100295 0.145409 0)
(0.107153 0.145831 0)
(0.114127 0.145971 0)
(0.121213 0.145836 0)
(0.128406 0.145434 0)
(0.135701 0.144771 0)
(0.143094 0.143853 0)
(0.150579 0.142683 0)
(0.158152 0.141266 0)
(0.165806 0.139603 0)
(0.173538 0.137697 0)
(0.181339 0.135546 0)
(0.189203 0.133152 0)
(0.197122 0.130512 0)
(0.205089 0.127625 0)
(0.213093 0.124489 0)
(0.221124 0.121098 0)
(0.229172 0.11745 0)
(0.237223 0.113538 0)
(0.245265 0.109357 0)
(0.253283 0.104901 0)
(0.26126 0.100162 0)
(0.269179 0.0951332 0)
(0.277021 0.0898055 0)
(0.284764 0.0841705 0)
(0.292388 0.0782191 0)
(0.299868 0.0719417 0)
(0.307178 0.0653287 0)
(0.314292 0.0583704 0)
(0.32118 0.0510571 0)
(0.327813 0.0433794 0)
(0.334158 0.0353283 0)
(0.340182 0.0268959 0)
(0.345852 0.0180747 0)
(0.351128 0.00885756 0)
(0.355998 -0.000754147 0)
(0.360374 -0.0107168 0)
(0.364197 -0.0209837 0)
(0.367425 -0.0315288 0)
(0.370004 -0.0423222 0)
(0.371885 -0.0533273 0)
(0.37302 -0.0645016 0)
(0.373363 -0.0757972 0)
(0.372873 -0.0871604 0)
(0.371509 -0.0985323 0)
(0.369236 -0.109849 0)
(0.366024 -0.121042 0)
(0.361848 -0.132039 0)
(0.356687 -0.142764 0)
(0.350531 -0.15314 0)
(0.343373 -0.163086 0)
(0.335215 -0.172525 0)
(0.326068 -0.181376 0)
(0.315949 -0.189563 0)
(0.304887 -0.197012 0)
(0.292917 -0.203655 0)
(0.280082 -0.209425 0)
(0.266436 -0.214263 0)
(0.252039 -0.218116 0)
(0.236963 -0.220933 0)
(0.221285 -0.22267 0)
(0.205091 -0.223284 0)
(0.18848 -0.222732 0)
(0.171556 -0.220966 0)
(0.154438 -0.21793 0)
(0.137255 -0.213552 0)
(0.120151 -0.207741 0)
(0.103286 -0.200373 0)
(0.0868395 -0.19129 0)
(0.0710108 -0.180288 0)
(0.0560237 -0.167109 0)
(0.0421284 -0.151439 0)
(0.0296071 -0.132903 0)
(0.0187685 -0.111058 0)
(0.00992887 -0.085404 0)
(0.00353604 -0.0553855 0)
(0.000511849 -0.0203764 0)
(4.3569e-05 0.00846937 0)
(0.000511172 0.0232941 0)
(0.00169142 0.0363842 0)
(0.00351681 0.0480269 0)
(0.00595266 0.0584483 0)
(0.00895999 0.0678294 0)
(0.0124888 0.0763114 0)
(0.0164882 0.0840034 0)
(0.0209111 0.0909896 0)
(0.0257151 0.0973363 0)
(0.030863 0.103096 0)
(0.0363223 0.108312 0)
(0.0420651 0.11302 0)
(0.0480673 0.117251 0)
(0.0543079 0.121032 0)
(0.0607687 0.124387 0)
(0.0674338 0.127338 0)
(0.0742892 0.129904 0)
(0.0813225 0.132103 0)
(0.0885226 0.133953 0)
(0.0958797 0.135467 0)
(0.103385 0.13666 0)
(0.11103 0.137544 0)
(0.118807 0.138132 0)
(0.12671 0.138433 0)
(0.134732 0.138457 0)
(0.142866 0.138211 0)
(0.151106 0.137705 0)
(0.159447 0.136942 0)
(0.167882 0.13593 0)
(0.176404 0.134672 0)
(0.185008 0.133172 0)
(0.193686 0.131433 0)
(0.202431 0.129456 0)
(0.211235 0.127243 0)
(0.220089 0.124794 0)
(0.228985 0.122109 0)
(0.237912 0.119186 0)
(0.246859 0.116024 0)
(0.255814 0.112619 0)
(0.264764 0.108969 0)
(0.273695 0.10507 0)
(0.28259 0.100917 0)
(0.291433 0.0965046 0)
(0.300206 0.091828 0)
(0.308887 0.0868806 0)
(0.317456 0.0816557 0)
(0.325888 0.0761463 0)
(0.33416 0.0703449 0)
(0.342242 0.0642439 0)
(0.350108 0.0578352 0)
(0.357726 0.0511109 0)
(0.365063 0.044063 0)
(0.372087 0.0366835 0)
(0.378761 0.0289651 0)
(0.385048 0.0209007 0)
(0.39091 0.0124824 0)
(0.396307 0.00370392 0)
(0.401224 -0.00541285 0)
(0.405526 -0.0148108 0)
(0.409187 -0.0244582 0)
(0.412154 -0.0343321 0)
(0.414371 -0.0444037 0)
(0.41579 -0.0546378 0)
(0.416361 -0.0649943 0)
(0.416041 -0.0754279 0)
(0.414787 -0.0858885 0)
(0.412562 -0.0963211 0)
(0.409334 -0.106667 0)
(0.405074 -0.116862 0)
(0.399763 -0.126841 0)
(0.393385 -0.136535 0)
(0.385934 -0.145873 0)
(0.377411 -0.154783 0)
(0.367826 -0.163195 0)
(0.357198 -0.171037 0)
(0.345552 -0.178243 0)
(0.332925 -0.184747 0)
(0.319362 -0.190487 0)
(0.304917 -0.195409 0)
(0.289652 -0.19946 0)
(0.273637 -0.202595 0)
(0.256951 -0.204773 0)
(0.23968 -0.205958 0)
(0.221919 -0.206115 0)
(0.20377 -0.205209 0)
(0.185346 -0.203205 0)
(0.166768 -0.200056 0)
(0.148169 -0.195704 0)
(0.129697 -0.190072 0)
(0.111514 -0.183055 0)
(0.0938015 -0.174515 0)
(0.0767645 -0.16427 0)
(0.060632 -0.15209 0)
(0.0456639 -0.137691 0)
(0.0321562 -0.120731 0)
(0.0204375 -0.100807 0)
(0.0108492 -0.0774632 0)
(0.00388501 -0.0501981 0)
(0.000569516 -0.0184497 0)
(7.1109e-05 0.00817514 0)
(0.000715034 0.0223063 0)
(0.00227422 0.0346824 0)
(0.00462122 0.0456362 0)
(0.00768987 0.0554162 0)
(0.0114202 0.0642126 0)
(0.0157449 0.0721678 0)
(0.0206001 0.0793872 0)
(0.0259291 0.0859497 0)
(0.0316828 0.0919154 0)
(0.0378188 0.0973313 0)
(0.0443007 0.102235 0)
(0.0510971 0.106659 0)
(0.0581809 0.11063 0)
(0.0655285 0.114171 0)
(0.0731189 0.117304 0)
(0.0809338 0.120049 0)
(0.0889566 0.122423 0)
(0.0971727 0.124444 0)
(0.105568 0.126125 0)
(0.114132 0.127482 0)
(0.122851 0.128528 0)
(0.131717 0.129273 0)
(0.140719 0.12973 0)
(0.149847 0.129908 0)
(0.159094 0.129816 0)
(0.168451 0.129462 0)
(0.177909 0.128853 0)
(0.187461 0.127996 0)
(0.197098 0.126896 0)
(0.206811 0.125558 0)
(0.216593 0.123985 0)
(0.226434 0.122181 0)
(0.236325 0.120148 0)
(0.246256 0.117888 0)
(0.256215 0.115402 0)
(0.266192 0.11269 0)
(0.276174 0.109752 0)
(0.286148 0.106587 0)
(0.2961 0.103193 0)
(0.306014 0.0995691 0)
(0.315872 0.095712 0)
(0.325657 0.0916186 0)
(0.335349 0.0872855 0)
(0.344926 0.0827084 0)
(0.354365 0.0778828 0)
(0.363643 0.072804 0)
(0.37273 0.0674665 0)
(0.381601 0.0618647 0)
(0.390223 0.0559929 0)
(0.398565 0.049845 0)
(0.406592 0.0434148 0)
(0.414268 0.0366959 0)
(0.421556 0.029682 0)
(0.428417 0.022367 0)
(0.43481 0.014744 0)
(0.440692 0.0068047 0)
(0.446046 -0.00144618 0)
(0.450755 -0.00995805 0)
(0.454761 -0.0186865 0)
(0.458018 -0.0276111 0)
(0.460471 -0.03671 0)
(0.462067 -0.0459555 0)
(0.462757 -0.0553146 0)
(0.462495 -0.0647501 0)
(0.461237 -0.07422 0)
(0.458945 -0.0836784 0)
(0.455586 -0.0930753 0)
(0.451129 -0.102357 0)
(0.445555 -0.111467 0)
(0.438847 -0.120346 0)
(0.430998 -0.128932 0)
(0.422009 -0.137163 0)
(0.411889 -0.144975 0)
(0.400658 -0.152308 0)
(0.388342 -0.159098 0)
(0.374978 -0.165287 0)
(0.360613 -0.17082 0)
(0.345303 -0.175645 0)
(0.32911 -0.179713 0)
(0.312107 -0.182981 0)
(0.294374 -0.185413 0)
(0.275999 -0.186975 0)
(0.257077 -0.187638 0)
(0.237709 -0.187374 0)
(0.218006 -0.186159 0)
(0.198082 -0.183964 0)
(0.178065 -0.180754 0)
(0.158091 -0.176482 0)
(0.138307 -0.171087 0)
(0.118879 -0.164479 0)
(0.0999883 -0.156543 0)
(0.0818418 -0.14712 0)
(0.0646722 -0.136011 0)
(0.0487452 -0.122964 0)
(0.0343666 -0.107675 0)
(0.0218792 -0.0897886 0)
(0.011643 -0.0689035 0)
(0.00418702 -0.0445827 0)
(0.000620149 -0.0163491 0)
(0.00010833 0.00776317 0)
(0.000974124 0.0209945 0)
(0.002997 0.0324867 0)
(0.00597068 0.0426161 0)
(0.00979004 0.0516474 0)
(0.0143715 0.0597734 0)
(0.0196296 0.0671317 0)
(0.0254872 0.0738198 0)
(0.0318786 0.0799078 0)
(0.0387481 0.0854477 0)
(0.0460481 0.0904795 0)
(0.0537378 0.0950352 0)
(0.0617821 0.0991415 0)
(0.0701498 0.102822 0)
(0.0788137 0.106096 0)
(0.0877494 0.108984 0)
(0.0969348 0.111502 0)
(0.10635 0.113667 0)
(0.115976 0.115493 0)
(0.125797 0.116995 0)
(0.135797 0.118186 0)
(0.14596 0.119077 0)
(0.156275 0.119679 0)
(0.166726 0.120003 0)
(0.177304 0.120059 0)
(0.187994 0.119855 0)
(0.198786 0.119398 0)
(0.209669 0.118696 0)
(0.220632 0.117755 0)
(0.231663 0.116581 0)
(0.242751 0.115178 0)
(0.253884 0.11355 0)
(0.265051 0.111702 0)
(0.27624 0.109636 0)
(0.287437 0.107354 0)
(0.298629 0.104858 0)
(0.309801 0.10215 0)
(0.320938 0.0992301 0)
(0.332025 0.0960982 0)
(0.343043 0.0927542 0)
(0.353974 0.0891974 0)
(0.364798 0.0854265 0)
(0.375493 0.0814399 0)
(0.386036 0.0772355 0)
(0.396404 0.0728111 0)
(0.406568 0.0681637 0)
(0.416502 0.0632904 0)
(0.426175 0.0581878 0)
(0.435554 0.0528523 0)
(0.444607 0.0472798 0)
(0.453297 0.0414664 0)
(0.461585 0.0354076 0)
(0.469434 0.0290988 0)
(0.476801 0.0225352 0)
(0.483645 0.015711 0)
(0.489919 0.0086184 0)
(0.49559 0.00125469 0)
(0.500603 -0.00634664 0)
(0.504831 -0.0141318 0)
(0.508244 -0.0220769 0)
(0.510789 -0.0301658 0)
(0.512413 -0.0383778 0)
(0.513067 -0.0466867 0)
(0.512704 -0.0550624 0)
(0.511282 -0.063471 0)
(0.508762 -0.071875 0)
(0.50511 -0.0802331 0)
(0.500297 -0.0885011 0)
(0.494302 -0.0966317 0)
(0.487109 -0.104575 0)
(0.478713 -0.11228 0)
(0.469113 -0.119693 0)
(0.458321 -0.12676 0)
(0.446355 -0.133428 0)
(0.433244 -0.139644 0)
(0.419028 -0.145355 0)
(0.403753 -0.150512 0)
(0.387477 -0.155068 0)
(0.370265 -0.158981 0)
(0.352194 -0.162211 0)
(0.333345 -0.164723 0)
(0.313808 -0.166487 0)
(0.293681 -0.167476 0)
(0.273066 -0.167668 0)
(0.252073 -0.167043 0)
(0.230816 -0.165583 0)
(0.209418 -0.163265 0)
(0.188006 -0.160065 0)
(0.16672 -0.155947 0)
(0.145707 -0.150862 0)
(0.125133 -0.144738 0)
(0.105179 -0.13748 0)
(0.0860507 -0.128956 0)
(0.0679813 -0.118996 0)
(0.051239 -0.107386 0)
(0.036135 -0.0938631 0)
(0.0230204 -0.078124 0)
(0.0122661 -0.0598276 0)
(0.00442364 -0.0386127 0)
(0.00066025 -0.0141035 0)
(0.000157719 0.00720119 0)
(0.00129739 0.0192849 0)
(0.00387642 0.0296975 0)
(0.00758935 0.0388502 0)
(0.0122855 0.0470131 0)
(0.0178569 0.0543721 0)
(0.0242002 0.0610526 0)
(0.0312262 0.0671391 0)
(0.0388611 0.0726899 0)
(0.0470425 0.0777473 0)
(0.0557175 0.0823431 0)
(0.0648402 0.0865031 0)
(0.0743701 0.0902489 0)
(0.0842713 0.0935998 0)
(0.0945112 0.0965732 0)
(0.10506 0.0991851 0)
(0.115891 0.101451 0)
(0.126978 0.103384 0)
(0.138298 0.104999 0)
(0.14983 0.106307 0)
(0.161552 0.107321 0)
(0.173445 0.108052 0)
(0.185491 0.10851 0)
(0.197672 0.108704 0)
(0.209971 0.108643 0)
(0.222372 0.108335 0)
(0.23486 0.107789 0)
(0.247418 0.10701 0)
(0.260031 0.106005 0)
(0.272685 0.104779 0)
(0.285363 0.103338 0)
(0.298051 0.101686 0)
(0.310732 0.0998269 0)
(0.32339 0.097764 0)
(0.336009 0.0955005 0)
(0.348571 0.0930387 0)
(0.361058 0.0903808 0)
(0.373451 0.0875284 0)
(0.38573 0.0844827 0)
(0.397874 0.0812447 0)
(0.40986 0.0778149 0)
(0.421665 0.0741934 0)
(0.433263 0.0703801 0)
(0.444628 0.0663747 0)
(0.455732 0.0621765 0)
(0.466545 0.0577845 0)
(0.477035 0.0531975 0)
(0.487168 0.048414 0)
(0.496908 0.0434324 0)
(0.506219 0.0382506 0)
(0.515061 0.0328665 0)
(0.523392 0.0272775 0)
(0.531171 0.0214805 0)
(0.538354 0.0154718 0)
(0.544895 0.00924446 0)
(0.550747 0.00279183 0)
(0.555893 -0.0038664 0)
(0.560171 -0.0106745 0)
(0.563555 -0.017604 0)
(0.565997 -0.0246428 0)
(0.567446 -0.0317761 0)
(0.567854 -0.038984 0)
(0.567177 -0.0462428 0)
(0.565374 -0.0535259 0)
(0.562408 -0.0608036 0)
(0.558246 -0.068043 0)
(0.552861 -0.0752086 0)
(0.546234 -0.0822626 0)
(0.538351 -0.0891648 0)
(0.529207 -0.0958733 0)
(0.518804 -0.102345 0)
(0.507154 -0.108535 0)
(0.494279 -0.1144 0)
(0.480208 -0.119895 0)
(0.464982 -0.124977 0)
(0.448652 -0.129603 0)
(0.431277 -0.133733 0)
(0.412925 -0.13733 0)
(0.393674 -0.14036 0)
(0.37361 -0.14279 0)
(0.352826 -0.144595 0)
(0.331421 -0.145749 0)
(0.309501 -0.146233 0)
(0.287177 -0.14603 0)
(0.264565 -0.145125 0)
(0.241786 -0.143505 0)
(0.218964 -0.141156 0)
(0.196231 -0.138058 0)
(0.173726 -0.134186 0)
(0.151598 -0.129502 0)
(0.130008 -0.123954 0)
(0.109137 -0.117463 0)
(0.0891853 -0.109926 0)
(0.0703853 -0.101203 0)
(0.0530032 -0.0911176 0)
(0.0373508 -0.0794549 0)
(0.0237816 -0.0659634 0)
(0.0126693 -0.050367 0)
(0.00457311 -0.0323844 0)
(0.000685256 -0.0117529 0)
(0.000221698 0.00645176 0)
(0.00169077 0.0170977 0)
(0.00491935 0.0262098 0)
(0.00948405 0.0342163 0)
(0.0151851 0.0413765 0)
(0.021892 0.0478565 0)
(0.0294865 0.0537615 0)
(0.0378691 0.0591582 0)
(0.0469585 0.0640909 0)
(0.0566858 0.0685906 0)
(0.0669916 0.0726812 0)
(0.0778231 0.0763819 0)
(0.0891329 0.0797097 0)
(0.100878 0.0826799 0)
(0.113017 0.0853068 0)
(0.125514 0.0876038 0)
(0.138334 0.0895838 0)
(0.151444 0.0912591 0)
(0.164813 0.0926414 0)
(0.178411 0.0937416 0)
(0.192212 0.0945704 0)
(0.206189 0.0951375 0)
(0.220317 0.0954522 0)
(0.234571 0.0955232 0)
(0.248929 0.0953587 0)
(0.263368 0.0949662 0)
(0.277865 0.0943527 0)
(0.2924 0.0935248 0)
(0.306951 0.0924885 0)
(0.321498 0.0912493 0)
(0.336019 0.0898123 0)
(0.350494 0.0881822 0)
(0.364902 0.0863632 0)
(0.379221 0.0843593 0)
(0.393429 0.082174 0)
(0.407504 0.0798103 0)
(0.421423 0.0772713 0)
(0.435162 0.0745594 0)
(0.448697 0.0716769 0)
(0.462002 0.0686259 0)
(0.47505 0.065408 0)
(0.487814 0.0620248 0)
(0.500264 0.0584777 0)
(0.512369 0.0547678 0)
(0.524098 0.0508961 0)
(0.535417 0.0468634 0)
(0.54629 0.0426703 0)
(0.556681 0.038317 0)
(0.566551 0.0338037 0)
(0.57586 0.02913 0)
(0.584566 0.0242957 0)
(0.592625 0.0192997 0)
(0.599994 0.0141386 0)
(0.606627 0.00881032 0)
(0.612478 0.0033071 0)
(0.617528 -0.00236058 0)
(0.621623 -0.00814423 0)
(0.624732 -0.0140127 0)
(0.626812 -0.0199548 0)
(0.627817 -0.0259604 0)
(0.627703 -0.0320152 0)
(0.626432 -0.0381016 0)
(0.623964 -0.0441991 0)
(0.620267 -0.0502852 0)
(0.615313 -0.0563348 0)
(0.609077 -0.0623207 0)
(0.601544 -0.0682138 0)
(0.592702 -0.0739832 0)
(0.582551 -0.0795966 0)
(0.571096 -0.0850203 0)
(0.558351 -0.09022 0)
(0.544341 -0.0951608 0)
(0.529098 -0.0998077 0)
(0.512666 -0.104126 0)
(0.495098 -0.108083 0)
(0.476455 -0.111644 0)
(0.456809 -0.114781 0)
(0.436239 -0.117463 0)
(0.414836 -0.119664 0)
(0.392694 -0.121361 0)
(0.369916 -0.122532 0)
(0.346611 -0.123161 0)
(0.322892 -0.123232 0)
(0.298878 -0.122733 0)
(0.274689 -0.121653 0)
(0.250451 -0.119983 0)
(0.226293 -0.117713 0)
(0.202348 -0.11483 0)
(0.178753 -0.111317 0)
(0.155657 -0.107147 0)
(0.133217 -0.102281 0)
(0.111609 -0.096661 0)
(0.0910291 -0.0902092 0)
(0.0717025 -0.0828188 0)
(0.0538903 -0.0743525 0)
(0.0378995 -0.0646413 0)
(0.0240795 -0.0534886 0)
(0.0127996 -0.0406827 0)
(0.00461028 -0.0260196 0)
(0.000689152 -0.00935052 0)
(0.000301463 0.00547461 0)
(0.00215176 0.0143547 0)
(0.00611068 0.0219243 0)
(0.0116265 0.0285985 0)
(0.018453 0.0346033 0)
(0.0264435 0.0400707 0)
(0.0354694 0.0450776 0)
(0.0454234 0.0496696 0)
(0.0562169 0.053876 0)
(0.0677732 0.0577171 0)
(0.0800238 0.0612088 0)
(0.0929065 0.0643649 0)
(0.106363 0.0671977 0)
(0.12034 0.069719 0)
(0.134785 0.07194 0)
(0.149651 0.0738717 0)
(0.164892 0.0755246 0)
(0.180464 0.076909 0)
(0.196326 0.0780346 0)
(0.212438 0.0789108 0)
(0.228764 0.0795466 0)
(0.245266 0.0799505 0)
(0.261909 0.0801305 0)
(0.278662 0.0800944 0)
(0.29549 0.0798492 0)
(0.312364 0.0794019 0)
(0.329252 0.0787588 0)
(0.346126 0.0779259 0)
(0.362955 0.076909 0)
(0.379711 0.0757133 0)
(0.396366 0.0743439 0)
(0.412892 0.0728054 0)
(0.42926 0.0711024 0)
(0.445442 0.0692389 0)
(0.461411 0.0672189 0)
(0.477136 0.0650461 0)
(0.49259 0.0627239 0)
(0.507742 0.0602557 0)
(0.522563 0.0576445 0)
(0.537021 0.0548933 0)
(0.551086 0.0520049 0)
(0.564724 0.048982 0)
(0.577902 0.0458272 0)
(0.590585 0.042543 0)
(0.602739 0.0391317 0)
(0.614326 0.0355957 0)
(0.625308 0.0319371 0)
(0.635646 0.0281578 0)
(0.6453 0.0242595 0)
(0.654227 0.0202435 0)
(0.662385 0.0161117 0)
(0.669728 0.0118631 0)
(0.676215 0.00748473 0)
(0.681802 0.00298475 0)
(0.686463 -0.0016307 0)
(0.69007 -0.00632532 0)
(0.69258 -0.0110712 0)
(0.693961 -0.0158583 0)
(0.694174 -0.0206794 0)
(0.693183 -0.0255247 0)
(0.690955 -0.0303813 0)
(0.687458 -0.0352347 0)
(0.682666 -0.0400685 0)
(0.676557 -0.0448647 0)
(0.669114 -0.0496037 0)
(0.660325 -0.0542646 0)
(0.650187 -0.0588249 0)
(0.638702 -0.0632614 0)
(0.625882 -0.0675499 0)
(0.611745 -0.0716653 0)
(0.59632 -0.0755824 0)
(0.579644 -0.0792756 0)
(0.561762 -0.0827195 0)
(0.542732 -0.0858892 0)
(0.522618 -0.0887602 0)
(0.501494 -0.0913093 0)
(0.479442 -0.0935145 0)
(0.456553 -0.095355 0)
(0.432926 -0.0968122 0)
(0.408665 -0.0978691 0)
(0.383881 -0.0985109 0)
(0.358691 -0.0987247 0)
(0.333213 -0.0985 0)
(0.307573 -0.0978277 0)
(0.281895 -0.0967004 0)
(0.256308 -0.0951115 0)
(0.230943 -0.0930542 0)
(0.205934 -0.0905201 0)
(0.181419 -0.0874976 0)
(0.157542 -0.0839692 0)
(0.134458 -0.0799088 0)
(0.112334 -0.0752779 0)
(0.0913589 -0.0700221 0)
(0.0717487 -0.0640667 0)
(0.0537535 -0.0573139 0)
(0.0376692 -0.0496418 0)
(0.0238339 -0.0409078 0)
(0.0126046 -0.0309606 0)
(0.00450817 -0.0196636 0)
(0.000664255 -0.00696523 0)
(0.000394114 0.0042333 0)
(0.00265984 0.010994 0)
(0.00739405 0.0167645 0)
(0.0139269 0.0219025 0)
(0.0219792 0.026574 0)
(0.031399 0.0308622 0)
(0.0420535 0.0348112 0)
(0.053829 0.0384454 0)
(0.0666276 0.0417801 0)
(0.0803613 0.0448265 0)
(0.0949481 0.0475942 0)
(0.110311 0.0500919 0)
(0.126377 0.0523284 0)
(0.143075 0.0543119 0)
(0.160339 0.056051 0)
(0.178105 0.0575539 0)
(0.196312 0.0588286 0)
(0.214901 0.0598831 0)
(0.233816 0.060725 0)
(0.253002 0.0613617 0)
(0.272407 0.0618004 0)
(0.291983 0.0620478 0)
(0.311681 0.0621106 0)
(0.331454 0.0619951 0)
(0.351258 0.0617071 0)
(0.37105 0.0612525 0)
(0.390786 0.0606368 0)
(0.410427 0.0598653 0)
(0.429932 0.0589429 0)
(0.449262 0.0578745 0)
(0.468378 0.0566647 0)
(0.487243 0.055318 0)
(0.505819 0.0538387 0)
(0.524069 0.0522309 0)
(0.541957 0.0504987 0)
(0.559446 0.0486458 0)
(0.5765 0.046676 0)
(0.593082 0.0445931 0)
(0.609155 0.0424005 0)
(0.624685 0.0401019 0)
(0.639633 0.0377006 0)
(0.653963 0.0352001 0)
(0.667637 0.0326037 0)
(0.680619 0.0299148 0)
(0.692869 0.0271367 0)
(0.704349 0.0242728 0)
(0.715021 0.0213261 0)
(0.724844 0.0182997 0)
(0.733779 0.0151962 0)
(0.741786 0.0120185 0)
(0.748822 0.008771 0)
(0.754832 0.00545488 0)
(0.759793 0.00203991 0)
(0.763691 -0.00144686 0)
(0.766402 -0.00497202 0)
(0.76789 -0.00851649 0)
(0.768135 -0.0120739 0)
(0.767107 -0.0156408 0)
(0.764782 -0.0192108 0)
(0.761136 -0.0227751 0)
(0.756148 -0.026324 0)
(0.7498 -0.0298467 0)
(0.742081 -0.0333311 0)
(0.732983 -0.0367646 0)
(0.722504 -0.0401334 0)
(0.710647 -0.043423 0)
(0.697424 -0.0466185 0)
(0.682853 -0.0497041 0)
(0.66696 -0.0526637 0)
(0.64978 -0.0554811 0)
(0.631354 -0.0581396 0)
(0.611733 -0.0606228 0)
(0.590978 -0.0629143 0)
(0.569156 -0.0649981 0)
(0.546342 -0.0668587 0)
(0.522623 -0.0684813 0)
(0.498089 -0.0698517 0)
(0.47284 -0.0709567 0)
(0.446982 -0.0717843 0)
(0.420626 -0.0723234 0)
(0.393888 -0.0725642 0)
(0.366889 -0.0724981 0)
(0.339755 -0.0721178 0)
(0.31261 -0.071417 0)
(0.285586 -0.0703901 0)
(0.258812 -0.0690325 0)
(0.23242 -0.0673393 0)
(0.206545 -0.065305 0)
(0.181324 -0.0629223 0)
(0.156898 -0.060181 0)
(0.133417 -0.0570658 0)
(0.111042 -0.0535543 0)
(0.08995 -0.0496144 0)
(0.0703433 -0.0452017 0)
(0.0524554 -0.0402564 0)
(0.0365621 -0.0347026 0)
(0.0229798 -0.0284507 0)
(0.0120435 -0.0214053 0)
(0.00424286 -0.0134813 0)
(0.000601114 -0.00468368 0)
(0.000483566 0.00271101 0)
(0.00315755 0.00699222 0)
(0.00863692 0.0106857 0)
(0.016189 0.0140363 0)
(0.0255324 0.0171292 0)
(0.0365238 0.0199954 0)
(0.0490297 0.0226489 0)
(0.0629274 0.0250972 0)
(0.0781038 0.0273459 0)
(0.0944521 0.0293996 0)
(0.11187 0.0312634 0)
(0.130257 0.032942 0)
(0.149518 0.0344408 0)
(0.169561 0.0357649 0)
(0.190296 0.0369197 0)
(0.211636 0.0379105 0)
(0.2335 0.0387425 0)
(0.255806 0.0394209 0)
(0.278478 0.0399506 0)
(0.301441 0.0403367 0)
(0.324624 0.040584 0)
(0.347957 0.040697 0)
(0.371375 0.0406803 0)
(0.394811 0.0405384 0)
(0.418205 0.0402754 0)
(0.441495 0.0398956 0)
(0.464625 0.039403 0)
(0.487536 0.0388016 0)
(0.510174 0.0380951 0)
(0.532485 0.0372875 0)
(0.554419 0.0363822 0)
(0.575923 0.035383 0)
(0.59695 0.0342934 0)
(0.617451 0.0331169 0)
(0.637378 0.031857 0)
(0.656687 0.030517 0)
(0.675333 0.0291003 0)
(0.693271 0.0276103 0)
(0.710459 0.0260501 0)
(0.726854 0.0244229 0)
(0.742417 0.0227319 0)
(0.757105 0.0209803 0)
(0.770879 0.0191713 0)
(0.783702 0.0173081 0)
(0.795533 0.0153939 0)
(0.806337 0.0134316 0)
(0.816077 0.011424 0)
(0.824716 0.00937322 0)
(0.832221 0.00727995 0)
(0.838558 0.005142 0)
(0.843692 0.00295352 0)
(0.84755 0.000724824 0)
(0.850142 -0.00146654 0)
(0.85142 -0.00367225 0)
(0.851345 -0.00589063 0)
(0.849894 -0.00811197 0)
(0.847055 -0.010331 0)
(0.842817 -0.0125427 0)
(0.837171 -0.0147411 0)
(0.83011 -0.0169199 0)
(0.821631 -0.0190728 0)
(0.811735 -0.0211929 0)
(0.800427 -0.0232732 0)
(0.787719 -0.0253062 0)
(0.773626 -0.0272843 0)
(0.758171 -0.0291996 0)
(0.741383 -0.0310439 0)
(0.723297 -0.0328088 0)
(0.703956 -0.0344859 0)
(0.683408 -0.0360667 0)
(0.661711 -0.0375426 0)
(0.638928 -0.0389053 0)
(0.615131 -0.0401464 0)
(0.590398 -0.0412576 0)
(0.564814 -0.0422311 0)
(0.53847 -0.0430592 0)
(0.511467 -0.0437347 0)
(0.483906 -0.0442505 0)
(0.455898 -0.0446003 0)
(0.427557 -0.0447779 0)
(0.399003 -0.0447779 0)
(0.370356 -0.0445952 0)
(0.341743 -0.0442251 0)
(0.313291 -0.0436636 0)
(0.28513 -0.0429069 0)
(0.257393 -0.0419516 0)
(0.230211 -0.0407941 0)
(0.20372 -0.0394311 0)
(0.178057 -0.0378583 0)
(0.153361 -0.0360706 0)
(0.129778 -0.0340609 0)
(0.107462 -0.0318194 0)
(0.0865802 -0.029332 0)
(0.0673155 -0.0265796 0)
(0.0498778 -0.0235356 0)
(0.0345106 -0.0201654 0)
(0.0214918 -0.0164278 0)
(0.0111167 -0.0122779 0)
(0.00381728 -0.00766954 0)
(0.000493142 -0.00261029 0)
(0.000509099 0.000940098 0)
(0.00350528 0.00241736 0)
(0.00953611 0.00371022 0)
(0.0179906 0.00490537 0)
(0.028643 0.00602349 0)
(0.0413563 0.00706747 0)
(0.055986 0.0080377 0)
(0.0723876 0.00893466 0)
(0.0904201 0.00975911 0)
(0.109946 0.0105121 0)
(0.130831 0.0111951 0)
(0.152942 0.0118096 0)
(0.176154 0.0123573 0)
(0.20034 0.0128401 0)
(0.225381 0.0132596 0)
(0.251159 0.0136178 0)
(0.277561 0.0139164 0)
(0.304477 0.0141572 0)
(0.331802 0.0143421 0)
(0.359431 0.0144727 0)
(0.387267 0.0145509 0)
(0.415212 0.0145784 0)
(0.443173 0.0145567 0)
(0.471062 0.0144876 0)
(0.498791 0.0143728 0)
(0.526276 0.0142138 0)
(0.553438 0.0140122 0)
(0.580198 0.0137697 0)
(0.606481 0.0134877 0)
(0.632216 0.0131678 0)
(0.657332 0.0128116 0)
(0.681763 0.0124206 0)
(0.705445 0.0119963 0)
(0.728317 0.0115402 0)
(0.750319 0.0110538 0)
(0.771396 0.0105387 0)
(0.791494 0.00999625 0)
(0.810561 0.00942806 0)
(0.828548 0.0088355 0)
(0.845411 0.00821991 0)
(0.861105 0.00758267 0)
(0.875588 0.00692523 0)
(0.888824 0.00624901 0)
(0.900775 0.00555542 0)
(0.911408 0.00484582 0)
(0.920691 0.00412145 0)
(0.928598 0.0033833 0)
(0.9351 0.00263185 0)
(0.940173 0.00186635 0)
(0.943792 0.00108303 0)
(0.945941 0.000273215 0)
(0.946644 -0.000555253 0)
(0.945832 -0.00130683 0)
(0.94346 -0.00205172 0)
(0.939576 -0.00280696 0)
(0.93419 -0.00356618 0)
(0.927303 -0.00432394 0)
(0.918922 -0.00507668 0)
(0.909058 -0.00582146 0)
(0.897727 -0.00655569 0)
(0.884949 -0.00727694 0)
(0.870747 -0.00798285 0)
(0.855151 -0.00867105 0)
(0.838192 -0.00933917 0)
(0.819909 -0.00998478 0)
(0.800345 -0.0106055 0)
(0.779549 -0.0111987 0)
(0.757572 -0.0117621 0)
(0.734474 -0.0122932 0)
(0.710318 -0.0127894 0)
(0.685174 -0.0132484 0)
(0.659115 -0.0136677 0)
(0.632222 -0.0140448 0)
(0.604578 -0.0143776 0)
(0.576274 -0.0146635 0)
(0.547405 -0.0149006 0)
(0.518068 -0.0150865 0)
(0.488369 -0.0152192 0)
(0.458414 -0.0152967 0)
(0.428317 -0.0153171 0)
(0.398192 -0.0152786 0)
(0.36816 -0.0151794 0)
(0.338343 -0.015018 0)
(0.308867 -0.0147928 0)
(0.27986 -0.0145024 0)
(0.251454 -0.0141453 0)
(0.223782 -0.0137202 0)
(0.19698 -0.0132259 0)
(0.171188 -0.0126609 0)
(0.146548 -0.0120238 0)
(0.123204 -0.0113128 0)
(0.101308 -0.0105256 0)
(0.0810168 -0.00965916 0)
(0.0624966 -0.00870939 0)
(0.0459266 -0.00767047 0)
(0.0315038 -0.00653457 0)
(0.0194431 -0.00529235 0)
(0.0099673 -0.00393345 0)
(0.00338734 -0.00244334 0)
(0.000376816 -0.000820149 0)
)
;

boundaryField
{
    movingWall
    {
        type            codedFixedValue;
        value           nonuniform List<vector> 
100
(
(0.00039601 0 0)
(0.00349281 0 0)
(0.00950625 0 0)
(0.018252 0 0)
(0.0295496 0 0)
(0.0432224 0 0)
(0.0590976 0 0)
(0.0770063 0 0)
(0.0967832 0 0)
(0.118267 0 0)
(0.141301 0 0)
(0.16573 0 0)
(0.191406 0 0)
(0.218182 0 0)
(0.245917 0 0)
(0.274471 0 0)
(0.303711 0 0)
(0.333506 0 0)
(0.36373 0 0)
(0.394258 0 0)
(0.424974 0 0)
(0.45576 0 0)
(0.486506 0 0)
(0.517105 0 0)
(0.547452 0 0)
(0.577448 0 0)
(0.606997 0 0)
(0.636006 0 0)
(0.664388 0 0)
(0.692058 0 0)
(0.718934 0 0)
(0.744942 0 0)
(0.770006 0 0)
(0.794059 0 0)
(0.817035 0 0)
(0.838873 0 0)
(0.859514 0 0)
(0.878906 0 0)
(0.896998 0 0)
(0.913745 0 0)
(0.929103 0 0)
(0.943035 0 0)
(0.955506 0 0)
(0.966486 0 0)
(0.975946 0 0)
(0.983866 0 0)
(0.990224 0 0)
(0.995006 0 0)
(0.998201 0 0)
(0.9998 0 0)
(0.9998 0 0)
(0.998201 0 0)
(0.995006 0 0)
(0.990224 0 0)
(0.983866 0 0)
(0.975946 0 0)
(0.966486 0 0)
(0.955506 0 0)
(0.943035 0 0)
(0.929103 0 0)
(0.913745 0 0)
(0.896998 0 0)
(0.878906 0 0)
(0.859514 0 0)
(0.838873 0 0)
(0.817035 0 0)
(0.794059 0 0)
(0.770006 0 0)
(0.744942 0 0)
(0.718934 0 0)
(0.692058 0 0)
(0.664388 0 0)
(0.636006 0 0)
(0.606997 0 0)
(0.577448 0 0)
(0.547452 0 0)
(0.517105 0 0)
(0.486506 0 0)
(0.45576 0 0)
(0.424974 0 0)
(0.394258 0 0)
(0.36373 0 0)
(0.333506 0 0)
(0.303711 0 0)
(0.274471 0 0)
(0.245917 0 0)
(0.218182 0 0)
(0.191406 0 0)
(0.16573 0 0)
(0.141301 0 0)
(0.118267 0 0)
(0.0967832 0 0)
(0.0770063 0 0)
(0.0590976 0 0)
(0.0432224 0 0)
(0.0295496 0 0)
(0.018252 0 0)
(0.00950625 0 0)
(0.00349281 0 0)
(0.00039601 0 0)
)
;
        name            regularized;
        code            #{
		const vectorField& Cf = patch().Cf();
		vectorField& field = *this;
		forAll(Cf, faceI)
		{
			const scalar x = Cf[faceI][0];
			field[faceI] = vector((1-x)*(1-x)*(1+x)*(1+x),0,0);
		}
	#};
    }
    fixedWalls
    {
        type            noSlip;
    }
    frontAndBack
    {
        type            empty;
    }
}


// ************************************************************************* //
