/*--------------------------------*- C++ -*----------------------------------*\
  =========                 |
  \\      /  F ield         | OpenFOAM: The Open Source CFD Toolbox
   \\    /   O peration     | Website:  https://openfoam.org
    \\  /    A nd           | Version:  11
     \\/     M anipulation  |
\*---------------------------------------------------------------------------*/
FoamFile
{
    format      ascii;
    class       volScalarField;
    location    "8";
    object      p;
}
// * * * * * * * * * * * * * * * * * * * * * * * * * * * * * * * * * * * * * //

dimensions      [0 2 -2 0 0 0 0];

internalField   nonuniform List<scalar> 
10000
(
0.00258981
0.00258779
0.00258411
0.00257979
0.00257569
0.00257231
0.00257002
0.00256906
0.00256956
0.0025716
0.00257523
0.00258045
0.00258728
0.00259569
0.00260566
0.00261718
0.00263024
0.0026448
0.00266086
0.0026784
0.0026974
0.00271787
0.0027398
0.00276317
0.00278799
0.00281425
0.00284196
0.00287112
0.00290172
0.00293375
0.00296724
0.00300215
0.00303851
0.00307629
0.0031155
0.00315612
0.00319815
0.00324156
0.00328635
0.00333249
0.00337996
0.00342874
0.00347879
0.00353008
0.00358257
0.00363622
0.00369099
0.00374681
0.00380363
0.0038614
0.00392003
0.00397945
0.0040396
0.00410037
0.00416169
0.00422345
0.00428555
0.00434788
0.00441031
0.00447272
0.004535
0.004597
0.00465861
0.00471968
0.00478007
0.00483965
0.00489826
0.00495577
0.00501203
0.00506689
0.00512022
0.00517187
0.00522171
0.0052696
0.00531541
0.00535902
0.00540032
0.0054392
0.00547555
0.00550929
0.00554035
0.00556864
0.00559412
0.00561675
0.0056365
0.00565335
0.00566732
0.00567844
0.00568675
0.00569234
0.00569532
0.00569584
0.0056941
0.00569035
0.00568496
0.00567839
0.00567129
0.00566437
0.005659
0.00565656
0.00259182
0.00258979
0.00258719
0.00258425
0.00258154
0.00257947
0.00257832
0.00257832
0.0025796
0.00258227
0.00258639
0.00259199
0.00259909
0.0026077
0.00261781
0.00262942
0.00264252
0.0026571
0.00267315
0.00269066
0.00270962
0.00273003
0.00275188
0.00277518
0.00279991
0.00282608
0.00285369
0.00288273
0.0029132
0.0029451
0.00297843
0.00301319
0.00304937
0.00308696
0.00312596
0.00316636
0.00320814
0.0032513
0.00329581
0.00334165
0.00338879
0.00343722
0.00348691
0.00353781
0.00358988
0.00364309
0.00369738
0.00375271
0.00380901
0.00386623
0.00392428
0.00398311
0.00404263
0.00410275
0.00416339
0.00422444
0.00428582
0.0043474
0.00440906
0.00447068
0.00453215
0.00459333
0.00465409
0.00471431
0.00477384
0.00483255
0.0048903
0.00494694
0.00500234
0.00505635
0.00510884
0.00515966
0.00520869
0.0052558
0.00530087
0.00534377
0.0053844
0.00542265
0.00545844
0.00549168
0.0055223
0.00555023
0.00557544
0.0055979
0.00561758
0.0056345
0.00564867
0.00566014
0.00566897
0.00567528
0.00567918
0.00568085
0.00568049
0.00567838
0.00567486
0.00567033
0.00566533
0.00566046
0.00565653
0.00565412
0.00259551
0.00259239
0.00258978
0.00258715
0.00258487
0.00258329
0.00258264
0.00258309
0.00258478
0.0025878
0.00259221
0.00259804
0.00260532
0.00261407
0.00262429
0.00263597
0.00264911
0.00266371
0.00267976
0.00269726
0.0027162
0.00273658
0.00275839
0.00278164
0.00280631
0.00283241
0.00285995
0.00288891
0.00291929
0.00295111
0.00298434
0.00301899
0.00305505
0.00309252
0.00313139
0.00317165
0.00321329
0.00325628
0.00330062
0.00334628
0.00339324
0.00344147
0.00349094
0.00354162
0.00359346
0.00364642
0.00370046
0.00375552
0.00381154
0.00386846
0.00392621
0.00398472
0.00404391
0.0041037
0.00416399
0.00422468
0.00428569
0.0043469
0.00440817
0.0044694
0.00453046
0.00459124
0.00465159
0.00471139
0.0047705
0.00482879
0.00488611
0.00494233
0.00499731
0.0050509
0.00510298
0.0051534
0.00520204
0.00524876
0.00529346
0.005336
0.0053763
0.00541424
0.00544974
0.00548272
0.00551311
0.00554085
0.00556592
0.00558827
0.00560791
0.00562485
0.0056391
0.00565074
0.00565982
0.00566646
0.00567079
0.00567298
0.00567324
0.00567183
0.00566905
0.00566526
0.00566089
0.00565649
0.00565257
0.00564879
0.00259988
0.00259532
0.00259237
0.00258973
0.00258763
0.00258634
0.00258603
0.00258683
0.00258884
0.00259215
0.00259681
0.00260286
0.00261031
0.0026192
0.00262951
0.00264127
0.00265446
0.00266909
0.00268515
0.00270264
0.00272156
0.00274191
0.00276368
0.00278687
0.00281149
0.00283753
0.00286499
0.00289387
0.00292417
0.00295589
0.00298902
0.00302357
0.00305952
0.00309688
0.00313562
0.00317575
0.00321725
0.00326009
0.00330428
0.00334978
0.00339657
0.00344462
0.00349391
0.00354439
0.00359603
0.00364879
0.00370261
0.00375745
0.00381324
0.00386992
0.00392742
0.00398568
0.00404461
0.00410413
0.00416415
0.00422457
0.0042853
0.00434621
0.00440719
0.00446812
0.00452888
0.00458934
0.00464939
0.00470888
0.00476768
0.00482565
0.00488266
0.00493857
0.00499323
0.00504652
0.00509829
0.00514841
0.00519675
0.00524318
0.0052876
0.00532987
0.00536991
0.0054076
0.00544287
0.00547564
0.00550585
0.00553344
0.00555837
0.00558064
0.00560023
0.00561717
0.00563147
0.00564321
0.00565247
0.00565935
0.00566398
0.00566654
0.00566722
0.00566626
0.00566394
0.00566055
0.00565642
0.00565201
0.00564767
0.00564197
0.00260404
0.00259801
0.0025946
0.00259177
0.00258967
0.00258851
0.0025884
0.00258944
0.0025917
0.00259524
0.00260011
0.00260634
0.00261395
0.00262296
0.00263337
0.0026452
0.00265844
0.00267309
0.00268916
0.00270665
0.00272555
0.00274587
0.0027676
0.00279074
0.0028153
0.00284127
0.00286866
0.00289746
0.00292768
0.00295931
0.00299235
0.0030268
0.00306264
0.00309988
0.00313851
0.00317852
0.00321989
0.00326261
0.00330665
0.00335201
0.00339866
0.00344656
0.00349569
0.00354602
0.0035975
0.00365009
0.00370374
0.0037584
0.00381401
0.00387051
0.00392784
0.00398591
0.00404465
0.00410398
0.00416381
0.00422404
0.00428457
0.00434529
0.00440607
0.0044668
0.00452736
0.00458763
0.00464747
0.00470676
0.00476536
0.00482314
0.00487995
0.00493565
0.00499012
0.0050432
0.00509477
0.0051447
0.00519284
0.00523908
0.0052833
0.00532539
0.00536523
0.00540275
0.00543785
0.00547046
0.00550052
0.00552799
0.00555282
0.005575
0.00559454
0.00561145
0.00562577
0.00563756
0.00564692
0.00565394
0.00565876
0.00566154
0.00566246
0.00566175
0.00565964
0.00565637
0.00565221
0.00564753
0.00564258
0.00563498
0.00260747
0.00260002
0.00259608
0.00259295
0.00259071
0.00258955
0.00258954
0.00259072
0.00259314
0.00259685
0.00260189
0.00260826
0.002616
0.00262511
0.00263561
0.0026475
0.00266078
0.00267546
0.00269154
0.00270902
0.0027279
0.00274818
0.00276987
0.00279297
0.00281747
0.00284338
0.0028707
0.00289943
0.00292956
0.00296111
0.00299406
0.00302841
0.00306416
0.0031013
0.00313983
0.00317973
0.00322099
0.00326359
0.00330753
0.00335277
0.0033993
0.00344709
0.0034961
0.00354631
0.00359767
0.00365014
0.00370368
0.00375822
0.00381372
0.00387011
0.00392733
0.0039853
0.00404393
0.00410316
0.00416289
0.00422302
0.00428346
0.00434408
0.00440477
0.00446542
0.0045259
0.00458608
0.00464585
0.00470507
0.00476359
0.00482129
0.00487803
0.00493366
0.00498805
0.00504105
0.00509254
0.00514238
0.00519043
0.00523658
0.0052807
0.00532268
0.00536243
0.00539984
0.00543484
0.00546734
0.0054973
0.00552467
0.00554941
0.00557151
0.00559099
0.00560785
0.00562215
0.00563394
0.00564332
0.00565038
0.00565527
0.00565813
0.00565913
0.00565848
0.00565638
0.00565302
0.00564861
0.00564348
0.00563782
0.00562842
0.00260976
0.00260102
0.00259654
0.00259305
0.0025906
0.00258936
0.00258936
0.00259061
0.00259313
0.00259696
0.0026021
0.00260859
0.00261643
0.00262562
0.00263619
0.00264813
0.00266145
0.00267615
0.00269223
0.0027097
0.00272856
0.00274881
0.00277046
0.00279351
0.00281795
0.0028438
0.00287105
0.00289971
0.00292977
0.00296123
0.0029941
0.00302837
0.00306403
0.00310108
0.00313952
0.00317933
0.0032205
0.00326301
0.00330686
0.00335202
0.00339846
0.00344616
0.0034951
0.00354523
0.00359652
0.00364892
0.0037024
0.00375689
0.00381233
0.00386868
0.00392586
0.0039838
0.00404241
0.00410162
0.00416134
0.00422148
0.00428192
0.00434255
0.00440326
0.00446393
0.00452444
0.00458467
0.00464447
0.00470373
0.00476231
0.00482005
0.00487683
0.00493251
0.00498693
0.00503997
0.00509149
0.00514135
0.00518941
0.00523556
0.00527968
0.00532164
0.00536136
0.00539874
0.00543368
0.00546613
0.00549603
0.00552332
0.00554799
0.00557002
0.00558942
0.00560622
0.00562045
0.0056322
0.00564153
0.00564856
0.00565341
0.00565623
0.00565719
0.00565645
0.0056542
0.0056506
0.00564582
0.00564016
0.00563378
0.00562281
0.00261061
0.00260074
0.00259575
0.00259189
0.0025892
0.00258783
0.00258778
0.00258904
0.00259161
0.00259551
0.00260073
0.0026073
0.00261521
0.00262447
0.00263508
0.00264706
0.0026604
0.00267511
0.0026912
0.00270865
0.00272749
0.00274771
0.00276932
0.00279232
0.00281671
0.00284249
0.00286968
0.00289826
0.00292825
0.00295964
0.00299243
0.00302662
0.00306221
0.00309919
0.00313755
0.00317728
0.00321838
0.00326083
0.00330461
0.00334971
0.0033961
0.00344375
0.00349264
0.00354274
0.003594
0.00364639
0.00369986
0.00375435
0.00380981
0.00386618
0.00392339
0.00398138
0.00404005
0.00409933
0.00415914
0.00421936
0.0042799
0.00434065
0.00440148
0.00446229
0.00452294
0.00458332
0.00464329
0.00470271
0.00476144
0.00481935
0.00487629
0.00493213
0.0049867
0.00503989
0.00509154
0.00514152
0.00518969
0.00523594
0.00528013
0.00532216
0.00536191
0.00539931
0.00543426
0.0054667
0.00549656
0.00552381
0.00554842
0.00557038
0.0055897
0.00560641
0.00562055
0.00563219
0.00564142
0.00564834
0.00565308
0.00565577
0.00565657
0.00565564
0.00565315
0.00564922
0.005644
0.00563779
0.00563072
0.00561843
0.00260984
0.00259899
0.00259353
0.00258931
0.00258636
0.00258484
0.00258471
0.00258594
0.00258852
0.00259245
0.00259772
0.00260433
0.00261229
0.0026216
0.00263225
0.00264425
0.0026576
0.00267232
0.00268839
0.00270583
0.00272464
0.00274482
0.00276639
0.00278934
0.00281367
0.0028394
0.00286652
0.00289504
0.00292496
0.00295629
0.00298901
0.00302313
0.00305865
0.00309556
0.00313386
0.00317354
0.00321459
0.00325699
0.00330073
0.0033458
0.00339217
0.00343981
0.0034887
0.0035388
0.00359008
0.0036425
0.00369602
0.00375057
0.00380611
0.00386257
0.00391989
0.003978
0.00403682
0.00409626
0.00415623
0.00421664
0.00427739
0.00433835
0.00439941
0.00446046
0.00452137
0.00458201
0.00464225
0.00470194
0.00476096
0.00481915
0.00487637
0.00493247
0.00498731
0.00504075
0.00509263
0.00514283
0.00519121
0.00523763
0.00528198
0.00532415
0.00536401
0.00540149
0.00543649
0.00546895
0.00549881
0.00552604
0.0055506
0.00557248
0.00559171
0.00560831
0.00562232
0.00563382
0.0056429
0.00564965
0.00565421
0.00565669
0.00565726
0.00565606
0.00565325
0.00564894
0.00564325
0.0056365
0.00562883
0.00561545
0.00260728
0.0025956
0.00258972
0.00258517
0.00258197
0.00258029
0.00258005
0.00258123
0.00258379
0.00258772
0.00259301
0.00259965
0.00260763
0.00261696
0.00262763
0.00263964
0.002653
0.0026677
0.00268376
0.00270118
0.00271996
0.0027401
0.00276162
0.00278452
0.0028088
0.00283447
0.00286153
0.00288999
0.00291985
0.00295111
0.00298377
0.00301784
0.0030533
0.00309016
0.00312842
0.00316806
0.00320907
0.00325145
0.00329519
0.00334025
0.00338662
0.00343429
0.00348322
0.00353337
0.00358472
0.00363723
0.00369084
0.00374552
0.0038012
0.00385782
0.00391532
0.00397363
0.00403267
0.00409235
0.00415259
0.00421329
0.00427433
0.00433561
0.00439701
0.00445842
0.00451969
0.00458071
0.00464133
0.00470142
0.00476082
0.00481941
0.00487701
0.0049335
0.00498871
0.00504251
0.00509473
0.00514525
0.00519392
0.00524061
0.00528519
0.00532756
0.00536759
0.0054052
0.0054403
0.00547283
0.00550271
0.00552993
0.00555444
0.00557625
0.00559538
0.00561184
0.0056257
0.00563702
0.0056459
0.00565243
0.00565674
0.00565896
0.00565923
0.00565771
0.00565452
0.0056498
0.00564365
0.00563639
0.00562817
0.00561392
0.00260283
0.00259046
0.00258421
0.00257935
0.00257593
0.00257407
0.00257373
0.00257483
0.00257735
0.00258127
0.00258655
0.00259319
0.00260118
0.00261052
0.00262119
0.0026332
0.00264654
0.00266123
0.00267727
0.00269466
0.0027134
0.0027335
0.00275497
0.00277782
0.00280205
0.00282766
0.00285467
0.00288307
0.00291287
0.00294407
0.00297668
0.0030107
0.00304612
0.00308295
0.00312117
0.00316079
0.0032018
0.00324418
0.00328792
0.00333302
0.00337943
0.00342716
0.00347616
0.00352641
0.00357788
0.00363052
0.00368429
0.00373915
0.00379503
0.00385189
0.00390965
0.00396824
0.00402758
0.00408759
0.00414818
0.00420926
0.00427071
0.00433241
0.00439426
0.00445612
0.00451787
0.00457938
0.0046405
0.0047011
0.00476101
0.0048201
0.00487821
0.00493519
0.00499088
0.00504514
0.0050978
0.00514873
0.00519778
0.00524482
0.00528972
0.00533235
0.00537262
0.00541041
0.00544565
0.00547827
0.0055082
0.00553542
0.00555989
0.00558162
0.00560063
0.00561694
0.00563061
0.00564172
0.00565035
0.00565661
0.00566062
0.00566252
0.00566245
0.00566056
0.00565698
0.00565183
0.00564522
0.00563749
0.0056288
0.00561386
0.00259643
0.00258347
0.0025769
0.00257177
0.00256813
0.00256612
0.00256566
0.00256668
0.00256915
0.00257303
0.00257829
0.00258492
0.0025929
0.00260222
0.00261288
0.00262487
0.0026382
0.00265287
0.00266887
0.00268622
0.00270492
0.00272498
0.0027464
0.0027692
0.00279337
0.00281893
0.00284588
0.00287422
0.00290397
0.00293513
0.0029677
0.00300167
0.00303707
0.00307387
0.00311208
0.0031517
0.00319272
0.00323513
0.00327891
0.00332406
0.00337056
0.00341838
0.0034675
0.00351789
0.00356952
0.00362235
0.00367633
0.00373143
0.00378759
0.00384474
0.00390283
0.00396178
0.00402151
0.00408194
0.00414298
0.00420453
0.00426648
0.00432871
0.00439111
0.00445355
0.00451589
0.004578
0.00463974
0.00470095
0.0047615
0.00482121
0.00487993
0.00493752
0.0049938
0.00504862
0.00510182
0.00515326
0.00520278
0.00525025
0.00529553
0.0053385
0.00537905
0.00541707
0.00545249
0.00548523
0.00551523
0.00554246
0.0055669
0.00558854
0.00560741
0.00562355
0.005637
0.00564785
0.00565619
0.00566214
0.00566581
0.00566735
0.0056669
0.0056646
0.0056606
0.00565502
0.00564797
0.0056398
0.0056307
0.00561522
0.00258801
0.00257455
0.00256771
0.00256236
0.00255852
0.00255635
0.00255578
0.00255671
0.00255912
0.00256295
0.00256818
0.00257478
0.00258274
0.00259204
0.00260267
0.00261464
0.00262794
0.00264257
0.00265853
0.00267584
0.00269449
0.0027145
0.00273587
0.00275861
0.00278273
0.00280823
0.00283513
0.00286343
0.00289313
0.00292424
0.00295677
0.00299073
0.0030261
0.00306289
0.00310111
0.00314075
0.0031818
0.00322425
0.00326811
0.00331334
0.00335995
0.0034079
0.00345718
0.00350775
0.00355959
0.00361266
0.00366692
0.00372233
0.00377882
0.00383634
0.00389483
0.00395422
0.00401442
0.00407536
0.00413694
0.00419906
0.00426162
0.00432449
0.00438754
0.00445066
0.00451371
0.00457654
0.00463901
0.00470097
0.00476225
0.0048227
0.00488216
0.00494046
0.00499743
0.00505293
0.00510677
0.00515881
0.00520889
0.00525687
0.00530261
0.00534598
0.00538687
0.00542517
0.00546081
0.00549369
0.00552378
0.00555103
0.00557543
0.00559697
0.00561569
0.00563162
0.00564482
0.00565538
0.00566339
0.00566898
0.00567227
0.0056734
0.00567253
0.00566979
0.00566536
0.00565934
0.00565187
0.0056433
0.00563384
0.00561794
0.00257753
0.00256367
0.00255659
0.00255103
0.00254702
0.00254472
0.00254403
0.00254488
0.00254722
0.00255099
0.00255618
0.00256274
0.00257066
0.00257992
0.00259052
0.00260245
0.00261571
0.0026303
0.00264621
0.00266347
0.00268208
0.00270203
0.00272335
0.00274603
0.00277009
0.00279554
0.00282239
0.00285064
0.0028803
0.00291138
0.00294388
0.00297781
0.00301318
0.00304998
0.00308822
0.00312789
0.00316899
0.00321152
0.00325547
0.00330082
0.00334757
0.00339569
0.00344516
0.00349597
0.00354807
0.00360143
0.00365602
0.00371179
0.00376868
0.00382664
0.00388561
0.00394551
0.00400628
0.00406781
0.00413002
0.00419282
0.00425608
0.00431969
0.00438352
0.00444744
0.0045113
0.00457497
0.00463829
0.0047011
0.00476325
0.00482456
0.00488486
0.00494399
0.00500178
0.00505805
0.00511263
0.00516537
0.0052161
0.00526467
0.00531094
0.00535478
0.00539606
0.00543469
0.00547057
0.00550364
0.00553382
0.0055611
0.00558545
0.00560689
0.00562542
0.00564112
0.00565404
0.00566426
0.00567191
0.00567709
0.00567995
0.00568064
0.00567931
0.00567612
0.00567123
0.00566478
0.00565689
0.00564795
0.00563817
0.00562194
0.00256497
0.00255077
0.00254349
0.00253776
0.00253359
0.00253116
0.00253037
0.00253113
0.0025334
0.00253711
0.00254224
0.00254875
0.00255663
0.00256585
0.0025764
0.00258828
0.00260149
0.00261603
0.00263189
0.00264909
0.00266764
0.00268754
0.00270879
0.00273142
0.00275543
0.00278082
0.00280762
0.00283582
0.00286544
0.00289649
0.00292898
0.0029629
0.00299827
0.00303509
0.00307336
0.00311308
0.00315426
0.00319689
0.00324095
0.00328645
0.00333337
0.0033817
0.00343141
0.00348249
0.00353489
0.0035886
0.00364357
0.00369976
0.00375712
0.00381559
0.00387512
0.00393562
0.00399702
0.00405924
0.00412218
0.00418574
0.00424982
0.00431428
0.00437899
0.00444382
0.00450862
0.00457325
0.00463754
0.00470133
0.00476446
0.00482675
0.00488802
0.0049481
0.00500681
0.00506397
0.0051194
0.00517293
0.0052244
0.00527365
0.00532052
0.00536489
0.00540663
0.00544563
0.00548179
0.00551505
0.00554535
0.00557265
0.00559695
0.00561825
0.00563659
0.00565202
0.00566461
0.00567446
0.00568169
0.00568643
0.00568882
0.00568902
0.00568719
0.00568352
0.00567817
0.00567127
0.00566298
0.00565369
0.00564363
0.00562714
0.0025503
0.00253582
0.00252838
0.00252249
0.00251819
0.00251564
0.00251475
0.00251543
0.00251762
0.00252127
0.00252634
0.00253279
0.00254061
0.00254978
0.00256028
0.0025721
0.00258525
0.00259973
0.00261554
0.00263268
0.00265116
0.00267099
0.00269219
0.00271475
0.0027387
0.00276404
0.00279079
0.00281895
0.00284853
0.00287956
0.00291202
0.00294595
0.00298133
0.00301818
0.0030565
0.00309629
0.00313756
0.0031803
0.00322452
0.00327019
0.00331732
0.00336588
0.00341587
0.00346725
0.00352001
0.00357412
0.00362953
0.0036862
0.00374409
0.00380314
0.00386329
0.00392446
0.00398659
0.00404959
0.00411335
0.00417779
0.00424278
0.0043082
0.00437391
0.00443976
0.00450562
0.00457133
0.00463672
0.00470162
0.00476585
0.00482925
0.00489161
0.00495276
0.00501251
0.00507067
0.00512706
0.00518149
0.00523379
0.0052838
0.00533136
0.00537632
0.00541856
0.00545797
0.00549445
0.00552793
0.00555835
0.00558568
0.00560991
0.00563107
0.00564917
0.00566429
0.00567652
0.00568595
0.00569271
0.00569695
0.00569882
0.00569849
0.00569614
0.00569196
0.00568611
0.00567877
0.00567007
0.00566045
0.00565013
0.00563343
0.00253351
0.00251881
0.00251122
0.0025052
0.00250078
0.00249813
0.00249715
0.00249774
0.00249985
0.00250343
0.00250844
0.00251483
0.00252259
0.00253169
0.00254213
0.00255389
0.00256697
0.00258138
0.00259712
0.00261419
0.0026326
0.00265237
0.00267349
0.00269599
0.00271988
0.00274517
0.00277186
0.00279998
0.00282953
0.00286053
0.00289299
0.00292692
0.00296232
0.00299921
0.00303759
0.00307747
0.00311885
0.00316173
0.00320611
0.00325198
0.00329934
0.00334818
0.00339847
0.00345021
0.00350337
0.00355792
0.00361382
0.00367103
0.00372951
0.00378921
0.00385006
0.00391199
0.00397493
0.00403879
0.00410347
0.00416887
0.00423489
0.00430138
0.0043682
0.0044352
0.00450224
0.00456915
0.00463577
0.0047019
0.00476738
0.00483201
0.0048956
0.00495795
0.00501886
0.00507814
0.00513559
0.00519102
0.00524426
0.00529512
0.00534343
0.00538906
0.00543187
0.00547174
0.00550857
0.00554228
0.00557283
0.00560018
0.00562433
0.00564531
0.00566315
0.00567793
0.00568974
0.00569869
0.00570494
0.00570862
0.00570992
0.00570902
0.0057061
0.00570136
0.00569501
0.0056872
0.0056781
0.00566815
0.00565759
0.00564071
0.0025146
0.00249971
0.00249201
0.00248587
0.00248134
0.00247859
0.00247752
0.00247804
0.00248007
0.00248358
0.00248851
0.00249484
0.00250253
0.00251156
0.00252192
0.00253361
0.00254662
0.00256096
0.00257662
0.00259361
0.00261195
0.00263164
0.00265269
0.00267512
0.00269894
0.00272417
0.00275081
0.00277889
0.00280841
0.00283939
0.00287184
0.00290577
0.0029412
0.00297814
0.00301659
0.00305657
0.00309807
0.00314111
0.00318567
0.00323177
0.00327939
0.00332852
0.00337917
0.0034313
0.00348489
0.00353993
0.00359637
0.00365419
0.00371332
0.00377373
0.00383535
0.00389811
0.00396194
0.00402675
0.00409245
0.00415893
0.00422607
0.00429375
0.00436179
0.00443007
0.00449842
0.00456666
0.00463463
0.00470214
0.00476899
0.00483499
0.00489993
0.00496361
0.00502582
0.00508634
0.00514498
0.00520153
0.0052558
0.0053076
0.00535676
0.00540313
0.00544655
0.00548692
0.00552413
0.0055581
0.00558879
0.00561615
0.00564021
0.00566097
0.00567851
0.00569289
0.00570423
0.00571266
0.00571832
0.0057214
0.00572207
0.00572053
0.005717
0.00571168
0.00570478
0.00569649
0.00568698
0.00567671
0.00566591
0.00564889
0.00249357
0.00247851
0.00247071
0.00246447
0.00245985
0.00245701
0.00245586
0.00245629
0.00245825
0.00246169
0.00246654
0.00247279
0.0024804
0.00248936
0.00249965
0.00251126
0.00252419
0.00253844
0.00255401
0.00257092
0.00258918
0.00260878
0.00262976
0.00265211
0.00267586
0.00270102
0.00272761
0.00275563
0.00278512
0.00281608
0.00284852
0.00288247
0.00291793
0.00295492
0.00299345
0.00303353
0.00307517
0.00311838
0.00316315
0.00320948
0.00325739
0.00330686
0.00335787
0.00341043
0.0034645
0.00352007
0.00357711
0.00363557
0.00369542
0.00375661
0.00381907
0.00388274
0.00394755
0.0040134
0.0040802
0.00414785
0.00421623
0.0042852
0.0043546
0.00442427
0.00449405
0.00456377
0.00463323
0.00470225
0.00477062
0.00483813
0.00490457
0.00496972
0.00503335
0.00509525
0.0051552
0.00521298
0.00526839
0.00532124
0.00537133
0.00541851
0.00546262
0.00550354
0.00554116
0.00557541
0.00560623
0.0056336
0.00565753
0.00567805
0.00569524
0.00570917
0.00571999
0.00572782
0.00573284
0.00573523
0.00573521
0.00573298
0.00572878
0.00572283
0.00571536
0.00570656
0.00569663
0.00568602
0.005675
0.00565786
0.0024704
0.00245522
0.00244732
0.002441
0.00243629
0.00243337
0.00243213
0.00243249
0.00243437
0.00243773
0.00244251
0.00244868
0.00245621
0.00246508
0.00247528
0.0024868
0.00249964
0.0025138
0.00252928
0.0025461
0.00256426
0.00258377
0.00260466
0.00262693
0.0026506
0.00267569
0.00270221
0.00273019
0.00275963
0.00279056
0.002823
0.00285696
0.00289245
0.0029295
0.00296812
0.00300831
0.00305009
0.00309348
0.00313847
0.00318507
0.00323328
0.00328309
0.00333452
0.00338753
0.00344212
0.00349826
0.00355593
0.0036151
0.00367572
0.00373774
0.00380111
0.00386577
0.00393163
0.00399861
0.00406661
0.00413553
0.00420526
0.00427565
0.00434651
0.00441771
0.00448906
0.00456038
0.00463148
0.00470215
0.00477219
0.00484136
0.00490944
0.00497621
0.00504141
0.00510483
0.00516622
0.00522537
0.00528204
0.00533603
0.00538715
0.00543521
0.00548007
0.00552159
0.00555966
0.0055942
0.00562516
0.00565252
0.0056763
0.00569655
0.00571333
0.00572675
0.00573697
0.00574413
0.00574843
0.00575007
0.00574928
0.0057463
0.00574137
0.00573474
0.00572665
0.00571731
0.00570693
0.00569599
0.00568474
0.00566749
0.00244511
0.00242981
0.00242184
0.00241544
0.00241065
0.00240765
0.00240634
0.00240662
0.00240842
0.0024117
0.00241639
0.00242248
0.00242992
0.0024387
0.0024488
0.00246022
0.00247296
0.00248702
0.0025024
0.00251911
0.00253717
0.00255658
0.00257737
0.00259955
0.00262313
0.00264814
0.00267459
0.00270251
0.00273191
0.00276281
0.00279523
0.0028292
0.00286472
0.00290183
0.00294053
0.00298084
0.00302277
0.00306634
0.00311156
0.00315843
0.00320696
0.00325715
0.003309
0.0033625
0.00341764
0.00347439
0.00353274
0.00359265
0.0036541
0.00371702
0.00378136
0.00384707
0.00391407
0.00398226
0.00405156
0.00412185
0.00419303
0.00426494
0.00433741
0.00441026
0.00448331
0.00455639
0.00462927
0.00470175
0.0047736
0.00484459
0.00491448
0.00498301
0.00504995
0.00511503
0.00517801
0.00523864
0.0052967
0.00535195
0.00540419
0.00545324
0.00549891
0.00554109
0.00557964
0.00561449
0.00564559
0.00567293
0.00569653
0.00571644
0.00573276
0.00574561
0.00575515
0.00576156
0.00576505
0.00576585
0.00576422
0.00576041
0.00575468
0.0057473
0.00573855
0.00572864
0.00571779
0.00570649
0.00569502
0.00567768
0.0024177
0.0024023
0.00239426
0.00238779
0.00238292
0.00237985
0.00237846
0.00237866
0.00238039
0.00238358
0.00238818
0.00239417
0.00240152
0.0024102
0.0024202
0.00243151
0.00244414
0.00245808
0.00247335
0.00248995
0.00250789
0.00252719
0.00254787
0.00256994
0.00259343
0.00261834
0.00264472
0.00267256
0.0027019
0.00273277
0.00276517
0.00279913
0.00283468
0.00287184
0.00291062
0.00295104
0.00299313
0.00303689
0.00308234
0.0031295
0.00317836
0.00322894
0.00328124
0.00333524
0.00339095
0.00344835
0.00350741
0.00356812
0.00363043
0.0036943
0.00375969
0.00382652
0.00389472
0.00396421
0.00403489
0.00410666
0.00417939
0.00425295
0.00432714
0.00440178
0.00447668
0.00455165
0.00462647
0.00470092
0.00477475
0.00484773
0.00491958
0.00499006
0.00505888
0.00512578
0.0051905
0.00525278
0.00531235
0.00536899
0.00542247
0.00547258
0.00551915
0.00556203
0.0056011
0.00563628
0.00566752
0.00569482
0.0057182
0.00573773
0.00575352
0.00576571
0.00577449
0.00578006
0.00578265
0.00578252
0.00577995
0.00577521
0.00576861
0.00576043
0.00575095
0.00574042
0.00572908
0.00571741
0.0057057
0.00568828
0.00238816
0.00237268
0.00236458
0.00235804
0.0023531
0.00234996
0.00234849
0.00234862
0.00235026
0.00235336
0.00235787
0.00236376
0.002371
0.00237957
0.00238946
0.00240066
0.00241316
0.00242698
0.00244212
0.00245859
0.0024764
0.00249558
0.00251613
0.00253809
0.00256146
0.00258627
0.00261254
0.00264031
0.00266958
0.00270039
0.00273276
0.00276671
0.00280228
0.00283948
0.00287833
0.00291886
0.0029611
0.00300505
0.00305074
0.00309818
0.00314738
0.00319835
0.00325111
0.00330564
0.00336194
0.00342001
0.00347982
0.00354135
0.00360458
0.00366945
0.00373593
0.00380395
0.00387343
0.0039443
0.00401646
0.00408979
0.00416419
0.0042395
0.00431555
0.00439212
0.00446901
0.00454603
0.00462295
0.00469953
0.00477552
0.00485065
0.00492465
0.00499723
0.00506812
0.00513702
0.00520365
0.00526772
0.00532896
0.00538712
0.00544194
0.00549322
0.00554077
0.00558442
0.00562405
0.00565958
0.00569096
0.00571819
0.00574131
0.0057604
0.00577559
0.00578704
0.00579496
0.00579958
0.00580116
0.00579999
0.00579638
0.00579063
0.00578306
0.00577399
0.00576373
0.00575253
0.00574066
0.0057286
0.00571665
0.00569918
0.00235651
0.00234095
0.00233279
0.00232619
0.00232119
0.00231797
0.00231643
0.00231647
0.00231802
0.00232103
0.00232545
0.00233123
0.00233836
0.00234681
0.00235657
0.00236764
0.00238001
0.00239369
0.00240868
0.00242501
0.00244268
0.00246172
0.00248213
0.00250395
0.00252719
0.00255188
0.00257804
0.0026057
0.00263489
0.00266563
0.00269795
0.00273188
0.00276744
0.00280467
0.00284359
0.00288422
0.00292659
0.00297072
0.00301664
0.00306436
0.0031139
0.00316528
0.0032185
0.00327356
0.00333048
0.00338923
0.00344982
0.00351221
0.00357639
0.00364231
0.00370993
0.00377919
0.00385003
0.00392235
0.00399607
0.00407107
0.00414723
0.00422442
0.00430245
0.00438108
0.00446012
0.00453935
0.00461853
0.00469742
0.00477574
0.00485321
0.00492954
0.00500443
0.00507757
0.00514866
0.00521737
0.0052834
0.00534647
0.00540629
0.00546259
0.00551516
0.00556377
0.00560826
0.0056485
0.0056844
0.00571592
0.00574305
0.00576586
0.00578445
0.00579895
0.00580956
0.00581651
0.00582006
0.00582051
0.00581819
0.00581341
0.00580654
0.00579791
0.00578787
0.00577675
0.00576483
0.00575238
0.00573991
0.00572771
0.0057102
0.00232274
0.00230712
0.00229891
0.00229224
0.00228718
0.00228389
0.00228227
0.00228223
0.00228369
0.00228659
0.0022909
0.00229657
0.00230358
0.0023119
0.00232152
0.00233244
0.00234466
0.00235819
0.00237303
0.0023892
0.00240671
0.00242558
0.00244584
0.0024675
0.00249059
0.00251513
0.00254116
0.0025687
0.00259779
0.00262844
0.00266069
0.00269457
0.00273012
0.00276735
0.00280631
0.00284702
0.00288952
0.00293382
0.00297996
0.00302795
0.00307783
0.0031296
0.00318328
0.00323889
0.00329642
0.00335587
0.00341725
0.00348053
0.00354569
0.00361269
0.0036815
0.00375206
0.00382431
0.00389816
0.00397352
0.00405027
0.0041283
0.00420749
0.00428763
0.00436846
0.0044498
0.0045314
0.00461302
0.00469439
0.00477523
0.00485524
0.00493411
0.00501151
0.00508711
0.00516057
0.00523156
0.00529975
0.00536481
0.00542645
0.00548438
0.00553835
0.00558813
0.00563354
0.00567444
0.00571073
0.00574238
0.0057694
0.00579184
0.00580984
0.00582356
0.00583322
0.00583908
0.00584143
0.00584062
0.005837
0.00583094
0.00582282
0.00581302
0.00580191
0.00578984
0.00577714
0.00576407
0.00575116
0.00573871
0.0057212
0.00228687
0.00227119
0.00226292
0.0022562
0.00225107
0.00224771
0.00224601
0.00224588
0.00224724
0.00225004
0.00225424
0.00225978
0.00226665
0.00227483
0.0022843
0.00229507
0.00230712
0.00232048
0.00233514
0.00235113
0.00236846
0.00238715
0.00240723
0.00242871
0.00245163
0.00247601
0.00250188
0.00252927
0.00255822
0.00258876
0.00262091
0.00265473
0.00269023
0.00272745
0.00276643
0.0028072
0.00284979
0.00289424
0.00294058
0.00298883
0.00303903
0.00309118
0.00314532
0.00320146
0.00325961
0.00331977
0.00338195
0.00344613
0.00351229
0.00358041
0.00365045
0.00372235
0.00379607
0.00387151
0.00394858
0.00402718
0.00410718
0.00418847
0.00427084
0.00435403
0.00443781
0.00452195
0.00460619
0.00469024
0.0047738
0.00485656
0.00493817
0.00501829
0.00509656
0.00517262
0.00524611
0.00531665
0.00538391
0.00544755
0.00550726
0.00556277
0.00561383
0.00566024
0.00570185
0.00573857
0.00577035
0.00579721
0.00581924
0.00583657
0.0058494
0.00585798
0.00586261
0.00586362
0.0058614
0.00585633
0.00584883
0.00583933
0.00582822
0.00581594
0.00580285
0.00578928
0.00577555
0.00576218
0.00574946
0.00573197
0.0022489
0.00223316
0.00222485
0.00221807
0.00221288
0.00220944
0.00220766
0.00220743
0.00220869
0.00221138
0.00221544
0.00222085
0.00222758
0.0022356
0.00224491
0.0022555
0.00226737
0.00228054
0.00229501
0.00231079
0.00232792
0.0023464
0.00236627
0.00238755
0.00241027
0.00243445
0.00246014
0.00248736
0.00251615
0.00254654
0.00257857
0.00261228
0.0026477
0.00268488
0.00272385
0.00276465
0.00280732
0.00285189
0.0028984
0.00294688
0.00299737
0.00304989
0.00310447
0.00316113
0.00321989
0.00328076
0.00334373
0.00340882
0.003476
0.00354525
0.00361654
0.00368983
0.00376506
0.00384215
0.00392101
0.00400153
0.00408358
0.00416709
0.00425183
0.00433751
0.00442389
0.00451074
0.00459778
0.00468471
0.0047712
0.00485692
0.00494151
0.00502459
0.00510577
0.00518466
0.00526086
0.00533399
0.00540365
0.00546948
0.00553116
0.00558836
0.00564082
0.00568833
0.00573072
0.00576789
0.0057998
0.00582648
0.00584802
0.00586459
0.00587642
0.00588378
0.00588703
0.00588653
0.00588272
0.00587604
0.00586694
0.0058559
0.00584336
0.00582978
0.00581556
0.00580106
0.0057866
0.00577273
0.00575975
0.00574233
0.00220884
0.00219304
0.00218469
0.00217785
0.00217259
0.00216908
0.00216721
0.00216689
0.00216803
0.0021706
0.00217453
0.00217979
0.00218636
0.00219421
0.00220333
0.00221373
0.0022254
0.00223835
0.0022526
0.00226817
0.00228506
0.00230332
0.00232295
0.002344
0.00236648
0.00239044
0.00241591
0.00244292
0.00247151
0.00250172
0.00253359
0.00256716
0.00260248
0.00263957
0.0026785
0.00271929
0.00276199
0.00280664
0.00285329
0.00290198
0.00295273
0.00300559
0.00306058
0.00311774
0.00317708
0.00323863
0.0033024
0.00336839
0.00343658
0.00350698
0.00357955
0.00365425
0.00373103
0.00380981
0.00389052
0.00397304
0.00405724
0.00414305
0.00423027
0.00431859
0.00440774
0.00449747
0.0045875
0.00467751
0.00476715
0.00485607
0.00494387
0.00503015
0.0051145
0.00519647
0.00527565
0.0053516
0.0054239
0.00549215
0.00555597
0.00561504
0.00566905
0.00571777
0.00576102
0.00579868
0.00583072
0.00585718
0.00587817
0.00589388
0.00590456
0.00591055
0.00591224
0.00591006
0.00590447
0.00589599
0.00588511
0.00587236
0.00585823
0.00584321
0.00582775
0.00581223
0.00579699
0.00578259
0.00576934
0.00575202
0.00216669
0.00215085
0.00214245
0.00213556
0.00213023
0.00212664
0.00212468
0.00212425
0.00212527
0.00212771
0.00213149
0.00213659
0.00214298
0.00215064
0.00215957
0.00216975
0.0021812
0.00219392
0.00220793
0.00222324
0.00223988
0.00225787
0.00227723
0.00229801
0.00232023
0.00234393
0.00236914
0.00239591
0.00242426
0.00245425
0.00248592
0.00251931
0.00255447
0.00259144
0.00263027
0.00267101
0.0027137
0.0027584
0.00280514
0.00285398
0.00290495
0.0029581
0.00301347
0.0030711
0.003131
0.00319321
0.00325774
0.00332461
0.00339382
0.00346536
0.00353921
0.00361533
0.00369368
0.0037742
0.00385681
0.0039414
0.00402784
0.00411603
0.00420582
0.00429692
0.004389
0.0044818
0.00457501
0.00466831
0.00476133
0.00485368
0.00494496
0.00503471
0.00512249
0.00520783
0.00529025
0.0053693
0.00544449
0.00551539
0.0055816
0.00564272
0.00569844
0.0057485
0.00579269
0.00583089
0.00586307
0.00588927
0.00590963
0.00592436
0.00593376
0.00593821
0.00593815
0.00593407
0.0059265
0.005916
0.00590314
0.00588849
0.0058726
0.00585599
0.00583917
0.00582253
0.00580645
0.00579149
0.00577797
0.00576081
0.00212246
0.00210658
0.00209814
0.00209119
0.00208579
0.00208212
0.00208006
0.00207952
0.00208042
0.00208271
0.00208633
0.00209126
0.00209746
0.00210491
0.00211361
0.00212356
0.00213476
0.00214722
0.00216096
0.00217599
0.00219234
0.00221003
0.0022291
0.00224958
0.0022715
0.00229489
0.00231981
0.00234628
0.00237435
0.00240408
0.00243549
0.00246865
0.0025036
0.00254039
0.00257908
0.00261971
0.00266234
0.00270702
0.00275381
0.00280275
0.00285389
0.00290729
0.00296299
0.00302102
0.00308144
0.00314427
0.00320953
0.00327726
0.00334745
0.00342011
0.00349523
0.00357278
0.00365272
0.003735
0.00381954
0.00390625
0.00399499
0.00408564
0.00417812
0.00427213
0.00436729
0.00446332
0.00455992
0.00465672
0.00475336
0.0048494
0.00494442
0.00503793
0.00512943
0.00521843
0.00530441
0.00538684
0.00546521
0.00553904
0.00560787
0.00567127
0.00572889
0.00578043
0.00582567
0.00586447
0.0058968
0.00592271
0.00594235
0.00595598
0.00596394
0.00596666
0.00596464
0.00595843
0.00594864
0.00593589
0.00592082
0.00590406
0.00588621
0.00586786
0.00584954
0.00583168
0.00581468
0.00579913
0.00578532
0.00576839
0.00207617
0.00206025
0.00205177
0.00204477
0.0020393
0.00203554
0.00203337
0.00203271
0.00203348
0.00203561
0.00203906
0.00204379
0.00204978
0.00205701
0.00206547
0.00207516
0.00208609
0.00209826
0.00211169
0.00212641
0.00214244
0.0021598
0.00217853
0.00219866
0.00222023
0.00224328
0.00226785
0.00229399
0.00232173
0.00235113
0.00238224
0.00241511
0.0024498
0.00248636
0.00252484
0.0025653
0.0026078
0.00265241
0.00269917
0.00274814
0.00279939
0.00285297
0.00290893
0.00296732
0.00302819
0.00309159
0.00315753
0.00322607
0.0032972
0.00337096
0.00344732
0.00352628
0.00360781
0.00369185
0.00377835
0.0038672
0.00395829
0.00405149
0.00414675
0.00424378
0.00434216
0.0044416
0.00454177
0.00464231
0.0047428
0.0048428
0.00494184
0.0050394
0.00513496
0.00522794
0.00531779
0.00540393
0.0054858
0.00556286
0.00563458
0.00570052
0.00576024
0.00581344
0.00585985
0.00589932
0.00593182
0.0059574
0.00597625
0.00598865
0.00599499
0.00599577
0.00599155
0.00598297
0.00597069
0.00595544
0.0059379
0.0059188
0.00589879
0.00587851
0.00585853
0.00583934
0.00582135
0.00580516
0.00579107
0.00577444
0.00202782
0.00201188
0.00200335
0.0019963
0.00199075
0.0019869
0.00198463
0.00198384
0.00198445
0.00198642
0.00198968
0.00199421
0.00199997
0.00200695
0.00201514
0.00202455
0.00203517
0.00204702
0.00206012
0.00207449
0.00209016
0.00210715
0.0021255
0.00214524
0.00216642
0.00218907
0.00221325
0.00223899
0.00226634
0.00229536
0.00232611
0.00235863
0.00239298
0.00242923
0.00246744
0.00250766
0.00254997
0.00259442
0.00264108
0.00269001
0.00274129
0.00279497
0.00285112
0.00290979
0.00297105
0.00303493
0.00310149
0.00317077
0.00324279
0.00331758
0.00339515
0.00347548
0.00355857
0.00364437
0.00373282
0.00382384
0.00391731
0.00401311
0.00411121
0.00421137
0.00431312
0.00441613
0.00452007
0.00462455
0.00472915
0.00483338
0.00493674
0.00503868
0.00513861
0.00523592
0.00533
0.00542021
0.00550593
0.00558655
0.00566149
0.00573023
0.00579232
0.00584736
0.00589509
0.00593533
0.00596803
0.00599326
0.00601122
0.00602225
0.0060268
0.00602541
0.00601873
0.00600749
0.00599244
0.00597438
0.00595412
0.00593241
0.00591001
0.0058876
0.0058658
0.00584515
0.00582609
0.00580921
0.00579484
0.00577859
0.00197744
0.00196147
0.0019529
0.00194579
0.00194017
0.00193622
0.00193384
0.00193291
0.00193336
0.00193515
0.0019382
0.0019425
0.00194802
0.00195473
0.00196263
0.00197172
0.00198201
0.00199351
0.00200624
0.00202022
0.00203549
0.00205206
0.00206998
0.00208929
0.00211003
0.00213223
0.00215595
0.00218123
0.00220814
0.00223672
0.00226703
0.00229913
0.00233308
0.00236894
0.00240679
0.0024467
0.00248872
0.00253293
0.0025794
0.00262821
0.00267942
0.00273312
0.00278936
0.00284822
0.00290976
0.00297405
0.00304114
0.00311107
0.0031839
0.00325966
0.00333836
0.00342001
0.00350461
0.00359213
0.00368252
0.00377571
0.00387158
0.00397002
0.00407099
0.00417434
0.00427959
0.00438633
0.00449423
0.00460287
0.00471182
0.00482056
0.00492855
0.00503519
0.00513985
0.00524188
0.00534057
0.00543524
0.00552519
0.00560975
0.00568826
0.00576013
0.00582486
0.00588199
0.00593122
0.00597234
0.00600528
0.00603014
0.00604714
0.00605665
0.00605919
0.00605538
0.00604596
0.00603176
0.00601362
0.00599245
0.00596914
0.00594454
0.00591949
0.00589473
0.00587095
0.0058487
0.00582847
0.00581086
0.0057962
0.00578042
0.00192503
0.00190904
0.00190044
0.00189327
0.00188757
0.00188352
0.00188101
0.00187994
0.00188022
0.00188181
0.00188465
0.0018887
0.00189394
0.00190035
0.00190793
0.00191668
0.00192661
0.00193772
0.00195004
0.0019636
0.00197842
0.00199453
0.00201198
0.00203079
0.00205103
0.00207272
0.00209593
0.00212069
0.00214708
0.00217514
0.00220494
0.00223654
0.00227
0.0023054
0.00234281
0.00238229
0.00242394
0.00246781
0.002514
0.00256257
0.00261362
0.00266722
0.00272344
0.00278238
0.00284411
0.00290869
0.00297619
0.00304669
0.00312022
0.00319685
0.00327659
0.00335948
0.00344552
0.00353469
0.00362697
0.00372229
0.00382057
0.00392168
0.00402551
0.00413207
0.00424093
0.00435155
0.00446357
0.00457659
0.00469014
0.00480367
0.0049166
0.00502829
0.00513806
0.00524519
0.00534891
0.00544847
0.00554308
0.00563199
0.00571446
0.00578984
0.00585753
0.00591703
0.00596797
0.00601011
0.00604338
0.00606787
0.00608382
0.00609167
0.00609198
0.00608549
0.00607302
0.00605551
0.00603394
0.0060093
0.00598261
0.00595482
0.00592684
0.0058995
0.00587352
0.00584952
0.00582802
0.00580964
0.00579469
0.00577947
0.00187061
0.00185461
0.00184598
0.00183875
0.00183297
0.00182882
0.00182618
0.00182495
0.00182505
0.00182642
0.00182902
0.0018328
0.00183775
0.00184384
0.00185107
0.00185944
0.00186897
0.00187966
0.00189153
0.00190461
0.00191894
0.00193454
0.00195146
0.00196973
0.0019894
0.00201052
0.00203314
0.00205732
0.00208311
0.00211058
0.00213978
0.00217079
0.00220368
0.00223852
0.00227538
0.00231435
0.00235551
0.00239893
0.00244472
0.00249294
0.0025437
0.00259708
0.00265317
0.00271205
0.00277383
0.00283857
0.00290636
0.00297728
0.0030514
0.00312877
0.00320944
0.00329345
0.00338083
0.00347157
0.00356565
0.00366305
0.00376367
0.0038674
0.00397413
0.00408392
0.00419645
0.00431105
0.00442735
0.00454494
0.00466331
0.0047819
0.00490009
0.00501719
0.00513246
0.00524511
0.00535431
0.00545921
0.00555895
0.00565268
0.00573957
0.00581887
0.0058899
0.00595209
0.006005
0.00604836
0.00608206
0.00610619
0.00612103
0.00612706
0.00612494
0.00611548
0.00609963
0.00607845
0.00605305
0.00602457
0.00599413
0.00596281
0.0059316
0.0059014
0.00587303
0.00584712
0.00582425
0.00580501
0.00578977
0.00577521
0.0018142
0.0017982
0.00178954
0.00178226
0.0017764
0.00177213
0.00176935
0.00176795
0.00176785
0.001769
0.00177134
0.00177483
0.00177946
0.0017852
0.00179205
0.00180002
0.0018091
0.00181932
0.00183071
0.00184327
0.00185706
0.00187209
0.00188842
0.00190609
0.00192513
0.00194561
0.00196758
0.00199109
0.0020162
0.00204299
0.00207151
0.00210183
0.00213404
0.00216822
0.00220443
0.00224277
0.00228332
0.00232617
0.00237142
0.00241916
0.00246949
0.00252251
0.00257831
0.002637
0.00269867
0.00276342
0.00283135
0.00290254
0.00297708
0.00305504
0.00313649
0.00322148
0.00331006
0.00340223
0.00349801
0.00359737
0.00370025
0.00380654
0.00391612
0.0040291
0.0041453
0.00426398
0.00438469
0.00450702
0.00463043
0.00475435
0.00487811
0.00500098
0.00512214
0.00524076
0.00535591
0.00546665
0.00557203
0.00567108
0.0057629
0.0058466
0.00592141
0.00598667
0.00604187
0.00608667
0.00612095
0.00614478
0.00615846
0.00616255
0.00615776
0.00614503
0.00612545
0.00610022
0.00607058
0.00603784
0.00600326
0.00596803
0.00593326
0.00589994
0.00586893
0.00584094
0.00581656
0.00579642
0.00578085
0.00576705
0.00175583
0.00173984
0.00173115
0.00172381
0.00171787
0.00171349
0.00171056
0.00170898
0.00170867
0.00170957
0.00171163
0.00171481
0.00171909
0.00172445
0.00173089
0.00173841
0.00174702
0.00175673
0.00176758
0.00177958
0.00179277
0.00180718
0.00182286
0.00183985
0.0018582
0.00187797
0.0018992
0.00192196
0.00194631
0.00197232
0.00200006
0.0020296
0.00206102
0.00209441
0.00212985
0.00216743
0.00220725
0.00224939
0.00229397
0.00234108
0.00239083
0.00244332
0.00249867
0.00255699
0.00261838
0.00268296
0.00275084
0.00282211
0.00289689
0.00297525
0.00305729
0.00314308
0.00323268
0.00332612
0.00342343
0.00352461
0.00362962
0.00373839
0.00385078
0.00396682
0.00408655
0.00420938
0.00433461
0.00446181
0.00459046
0.00471995
0.00484957
0.00497855
0.00510602
0.00523105
0.00535264
0.00546975
0.00558132
0.00568628
0.00578357
0.00587222
0.00595132
0.00602011
0.00607798
0.00612453
0.00615958
0.00618321
0.00619573
0.00619775
0.00619008
0.0061738
0.00615012
0.0061204
0.00608609
0.00604865
0.00600949
0.00596995
0.00593127
0.00589452
0.00586063
0.00583036
0.00580435
0.00578321
0.0057673
0.00575433
0.00169553
0.00167956
0.00167084
0.00166344
0.00165741
0.00165291
0.00164983
0.00164805
0.00164751
0.00164815
0.00164991
0.00165276
0.00165666
0.00166161
0.00166761
0.00167464
0.00168274
0.0016919
0.00170216
0.00171354
0.00172607
0.00173981
0.00175477
0.00177102
0.00178861
0.00180758
0.00182799
0.00184991
0.0018734
0.00189854
0.00192539
0.00195403
0.00198456
0.00201704
0.00205158
0.00208826
0.0021272
0.00216848
0.00221222
0.00225853
0.00230752
0.00235931
0.00241402
0.00247177
0.00253269
0.00259689
0.0026645
0.00273565
0.00281044
0.00288898
0.00297139
0.00305775
0.00314815
0.00324264
0.00334128
0.00344407
0.00355103
0.00366209
0.00377715
0.00389614
0.00401931
0.00414623
0.00427599
0.00440815
0.00454218
0.00467744
0.0048132
0.00494863
0.00508279
0.00521469
0.00534323
0.00546727
0.00558562
0.00569709
0.00580049
0.00589469
0.00597867
0.00605152
0.00611254
0.00616121
0.00619732
0.00622091
0.00623232
0.00623219
0.00622146
0.00620132
0.00617317
0.00613855
0.0060991
0.00605648
0.00601228
0.00596802
0.00592504
0.00588453
0.00584749
0.00581474
0.00578693
0.0057647
0.00574841
0.00573632
0.00163331
0.00161737
0.00160863
0.00160118
0.00159506
0.00159043
0.00158718
0.0015852
0.00158442
0.00158478
0.00158621
0.0015887
0.0015922
0.00159671
0.00160222
0.00160874
0.00161627
0.00162484
0.00163446
0.00164516
0.00165699
0.00166998
0.00168416
0.0016996
0.00171633
0.00173443
0.00175394
0.00177492
0.00179746
0.00182161
0.00184746
0.00187509
0.00190458
0.00193602
0.00196952
0.00200516
0.00204305
0.00208331
0.00212604
0.00217137
0.00221941
0.00227029
0.00232415
0.00238112
0.00244133
0.00250492
0.00257202
0.00264278
0.00271733
0.00279579
0.0028783
0.00296496
0.00305588
0.00315116
0.00325085
0.00335501
0.00346365
0.00357677
0.00369426
0.00381604
0.00394241
0.00407327
0.00420755
0.0043447
0.0044842
0.00462539
0.0047675
0.00490967
0.0050509
0.0051901
0.00532611
0.00545765
0.00558341
0.00570205
0.00581225
0.0059127
0.00600222
0.00607977
0.0061445
0.00619579
0.00623333
0.00625714
0.00626755
0.00626527
0.00625134
0.00622709
0.0061941
0.00615415
0.00610908
0.00606078
0.00601106
0.00596161
0.00591393
0.00586931
0.00582883
0.00579337
0.0057636
0.00574014
0.0057234
0.0057122
0.00156921
0.00155332
0.00154456
0.00153705
0.00153084
0.00152608
0.00152266
0.00152046
0.00151943
0.00151948
0.00152057
0.00152267
0.00152574
0.00152977
0.00153477
0.00154072
0.00154765
0.00155557
0.0015645
0.00157447
0.00158553
0.0015977
0.00161104
0.00162558
0.00164139
0.00165852
0.00167703
0.00169698
0.00171845
0.00174151
0.00176624
0.00179272
0.00182105
0.00185131
0.0018836
0.00191804
0.00195472
0.00199377
0.0020353
0.00207944
0.00212632
0.00217608
0.00222885
0.00228479
0.00234404
0.00240674
0.00247306
0.00254314
0.00261715
0.00269522
0.00277751
0.00286415
0.00295527
0.00305099
0.00315141
0.00325661
0.00336663
0.00348149
0.00360116
0.00372554
0.00385475
0.00398911
0.00412783
0.00426994
0.00441491
0.0045621
0.00471073
0.00485987
0.00500849
0.00515542
0.00529937
0.00543898
0.0055728
0.00569932
0.00581705
0.00592453
0.00602037
0.00610336
0.00617249
0.00622701
0.0062665
0.0062909
0.00630056
0.00629622
0.00627902
0.00625046
0.00621232
0.00616661
0.00611545
0.00606097
0.00600522
0.0059501
0.00589729
0.00584819
0.00580396
0.00576552
0.00573358
0.00570875
0.00569145
0.00568108
0.00150328
0.00148743
0.00147867
0.00147111
0.0014648
0.0014599
0.00145629
0.00145387
0.00145256
0.00145229
0.00145302
0.0014547
0.00145731
0.00146083
0.00146527
0.00147062
0.0014769
0.00148412
0.0014923
0.00150149
0.00151171
0.001523
0.00153541
0.00154899
0.00156378
0.00157985
0.00159726
0.00161608
0.00163637
0.00165822
0.0016817
0.0017069
0.00173392
0.00176284
0.00179377
0.00182683
0.00186211
0.00189976
0.00193988
0.00198261
0.0020281
0.00207649
0.00212792
0.00218255
0.00224055
0.00230207
0.00236728
0.00243636
0.00250948
0.00258681
0.00266851
0.00275475
0.00284568
0.00294145
0.00304219
0.00314801
0.003259
0.0033752
0.00349664
0.00362323
0.00375496
0.00389243
0.00403526
0.00418214
0.00433248
0.00448564
0.00464084
0.00479711
0.00495336
0.00510835
0.00526071
0.00540894
0.00555145
0.00568658
0.00581265
0.00592799
0.00603103
0.00612034
0.00619471
0.00625323
0.00629535
0.00632091
0.00633022
0.00632406
0.00630366
0.00627069
0.00622716
0.00617533
0.00611761
0.00605644
0.00599415
0.00593287
0.00587446
0.00582047
0.00577215
0.00573045
0.00569611
0.0056697
0.00565168
0.005642
0.00143554
0.00141976
0.00141098
0.00140337
0.00139697
0.00139192
0.00138813
0.00138546
0.00138386
0.00138325
0.00138359
0.00138483
0.00138694
0.00138993
0.00139377
0.00139847
0.00140405
0.00141052
0.00141791
0.00142624
0.00143556
0.0014459
0.0014573
0.00146983
0.00148352
0.00149844
0.00151465
0.00153222
0.00155122
0.00157173
0.00159383
0.0016176
0.00164315
0.00167057
0.00169997
0.00173146
0.00176515
0.00180118
0.00183967
0.00188076
0.0019246
0.00197135
0.00202115
0.00207418
0.0021306
0.0021906
0.00225436
0.00232207
0.00239391
0.00247008
0.00255077
0.00263616
0.00272645
0.0028218
0.00292237
0.00302832
0.00313977
0.00325681
0.00337949
0.00350779
0.00364165
0.0037816
0.00392794
0.00407932
0.00423479
0.00439377
0.00455546
0.00471888
0.00488289
0.00504619
0.00520731
0.00536465
0.00551646
0.00566092
0.00579616
0.00592028
0.00603149
0.00612814
0.00620877
0.00627228
0.00631792
0.00634542
0.00635502
0.00634749
0.00632416
0.00628686
0.00623781
0.0061796
0.00611494
0.0060466
0.00597725
0.00590929
0.00584481
0.00578551
0.00573272
0.00568743
0.00565038
0.00562214
0.00560318
0.00559392
0.00136604
0.00135034
0.00134156
0.0013339
0.00132739
0.0013222
0.0013182
0.00131529
0.00131338
0.00131241
0.00131233
0.0013131
0.00131469
0.00131709
0.0013203
0.00132431
0.00132914
0.00133481
0.00134134
0.00134876
0.00135711
0.00136642
0.00137675
0.00138813
0.00140063
0.0014143
0.00142921
0.00144541
0.001463
0.00148203
0.00150261
0.00152481
0.00154873
0.00157448
0.00160216
0.00163188
0.00166377
0.00169795
0.00173457
0.00177376
0.00181568
0.00186049
0.00190836
0.00195945
0.00201396
0.00207207
0.00213398
0.0021999
0.00227002
0.00234457
0.00242376
0.0025078
0.0025969
0.00269127
0.0027911
0.00289659
0.00300788
0.00312512
0.00324843
0.00337784
0.00351329
0.00365498
0.00380388
0.00395924
0.00411946
0.00428389
0.00445181
0.00462222
0.00479395
0.00496565
0.00513577
0.0053026
0.00546425
0.00561872
0.00576395
0.00589783
0.0060183
0.00612344
0.00621156
0.00628127
0.00633161
0.00636214
0.00637297
0.00636485
0.00633915
0.00629783
0.00624339
0.00617867
0.00610679
0.00603089
0.005954
0.00587886
0.00580779
0.0057427
0.00568501
0.00563575
0.00559564
0.00556523
0.00554501
0.00553575
0.00129482
0.00127923
0.00127045
0.00126273
0.00125613
0.00125078
0.00124657
0.00124339
0.00124116
0.00123981
0.00123929
0.00123956
0.00124059
0.00124238
0.00124491
0.00124819
0.00125222
0.00125704
0.00126265
0.0012691
0.0012764
0.00128462
0.00129378
0.00130394
0.00131514
0.00132746
0.00134095
0.00135568
0.00137172
0.00138915
0.00140805
0.00142852
0.00145065
0.00147454
0.0015003
0.00152805
0.00155791
0.00159002
0.0016245
0.00166152
0.00170123
0.00174379
0.00178938
0.00183818
0.00189038
0.0019462
0.00200582
0.00206948
0.0021374
0.00220981
0.00228694
0.00236904
0.00245634
0.00254908
0.0026475
0.00275181
0.00286221
0.0029789
0.00310203
0.00323171
0.00336792
0.00351068
0.00366103
0.00381941
0.00398372
0.00415304
0.00432668
0.00450369
0.00468288
0.00486284
0.00504199
0.0052185
0.00539037
0.00555545
0.00571147
0.00585608
0.00598697
0.00610193
0.00619896
0.00627638
0.00633296
0.00636799
0.00638142
0.00637389
0.00634678
0.00630217
0.00624275
0.00617171
0.00609253
0.00600879
0.00592395
0.00584112
0.00576296
0.00569156
0.00562847
0.00557477
0.00553116
0.00549815
0.00547625
0.00546636
0.00122194
0.00120646
0.00119769
0.00118993
0.00118322
0.00117771
0.00117328
0.00116982
0.00116725
0.0011655
0.00116451
0.00116426
0.0011647
0.00116584
0.00116765
0.00117015
0.00117334
0.00117725
0.00118188
0.00118729
0.00119349
0.00120052
0.00120844
0.00121728
0.0012271
0.00123796
0.00124992
0.00126305
0.00127741
0.0012931
0.00131018
0.00132875
0.00134891
0.00137075
0.00139439
0.00141995
0.00144755
0.00147732
0.0015094
0.00154395
0.00158113
0.00162111
0.00166406
0.00171018
0.00175967
0.00181273
0.00186959
0.00193049
0.00199565
0.00206533
0.00213979
0.00221929
0.00230409
0.00239446
0.00249066
0.00259297
0.00270161
0.00281683
0.00293884
0.0030678
0.00320382
0.00334687
0.0034974
0.00365693
0.00382444
0.00399783
0.0041764
0.00435929
0.00454533
0.00473313
0.00492102
0.00510715
0.00528941
0.0054655
0.00563297
0.00578926
0.00593178
0.00605802
0.00616564
0.00625262
0.00631736
0.00635885
0.00637678
0.0063716
0.00634462
0.00629796
0.00623448
0.00615768
0.00607145
0.00597983
0.00588675
0.00579581
0.00571001
0.00563174
0.00556269
0.00550397
0.00545629
0.00542012
0.00539596
0.0053846
0.00114745
0.0011321
0.00112334
0.00111554
0.00110873
0.00110305
0.0010984
0.00109464
0.00109171
0.00108954
0.00108807
0.00108726
0.00108708
0.00108753
0.00108859
0.00109026
0.00109256
0.0010955
0.0010991
0.00110339
0.00110841
0.00111419
0.00112077
0.00112821
0.00113655
0.00114585
0.00115616
0.00116756
0.00118012
0.00119391
0.00120901
0.00122552
0.00124352
0.00126312
0.00128443
0.00130757
0.00133265
0.00135982
0.00138922
0.001421
0.00145532
0.00149235
0.00153227
0.00157529
0.00162161
0.00167145
0.00172503
0.00178259
0.0018444
0.00191071
0.0019818
0.00205794
0.00213944
0.00222659
0.00231968
0.00241901
0.00252487
0.00263754
0.00275726
0.0028843
0.0030188
0.0031608
0.0033104
0.00346926
0.00363818
0.00381439
0.00399671
0.00418436
0.00437626
0.00457102
0.004767
0.0049623
0.00515475
0.00534198
0.00552136
0.00569015
0.00584549
0.00598456
0.00610466
0.00620338
0.0062787
0.00632921
0.00635422
0.00635388
0.00632932
0.00628259
0.00621666
0.00613527
0.00604271
0.00594351
0.00584217
0.00574279
0.00564886
0.00556309
0.0054874
0.00542297
0.0053705
0.00533044
0.00530326
0.00528934
0.00107142
0.0010562
0.00104746
0.00103962
0.0010327
0.00102686
0.00102197
0.00101791
0.00101461
0.00101199
0.00101001
0.00100861
0.00100779
0.00100751
0.00100777
0.00100857
0.00100993
0.00101184
0.00101435
0.00101747
0.00102124
0.00102569
0.00103086
0.00103679
0.00104355
0.00105117
0.00105973
0.00106928
0.00107989
0.00109163
0.0011046
0.00111886
0.00113453
0.00115168
0.00117044
0.00119092
0.00121324
0.00123754
0.00126394
0.00129262
0.00132372
0.00135743
0.00139392
0.0014334
0.00147607
0.00152215
0.00157188
0.00162551
0.0016833
0.00174552
0.00181247
0.00188444
0.00196174
0.0020447
0.00213364
0.00222888
0.00233077
0.0024396
0.0025557
0.00267936
0.00281084
0.00295027
0.00309769
0.00325377
0.00342098
0.00359829
0.00378277
0.00397357
0.00416979
0.00437011
0.00457295
0.00477644
0.00497843
0.00517647
0.00536788
0.00554973
0.00571897
0.00587246
0.00600714
0.00612014
0.00620898
0.00627174
0.00630721
0.00631512
0.00629624
0.00625241
0.00618656
0.00610261
0.00600516
0.00589926
0.00578999
0.00568208
0.00557959
0.00548568
0.00540256
0.00533156
0.00527338
0.00522851
0.00519737
0.00517939
0.000993888
0.000978838
0.000970119
0.000962237
0.000955218
0.0009492
0.000944062
0.000939687
0.000935995
0.000932917
0.000930398
0.000928398
0.000926887
0.000925848
0.000925272
0.00092516
0.00092552
0.000926366
0.000927717
0.000929599
0.000932042
0.00093508
0.000938751
0.000943098
0.000948168
0.000954013
0.00096069
0.000968258
0.000976783
0.000986338
0.000997
0.00100885
0.00102198
0.00103649
0.00105247
0.00107005
0.00108934
0.00111046
0.00113357
0.00115881
0.00118633
0.00121631
0.00124894
0.0012844
0.0013229
0.00136467
0.00140995
0.00145898
0.00151204
0.0015694
0.00163136
0.00169823
0.00177034
0.00184803
0.00193164
0.00202153
0.00211806
0.00222159
0.00233247
0.00245104
0.00257762
0.00271247
0.00285565
0.00300734
0.00316974
0.00334476
0.00352914
0.00372087
0.00391918
0.00412297
0.00433075
0.00454077
0.00475094
0.00495888
0.0051619
0.005357
0.00554095
0.00571036
0.00586182
0.00599199
0.00609783
0.0061768
0.00622707
0.00624773
0.00623899
0.00620228
0.0061403
0.00605694
0.00595706
0.00584614
0.00572988
0.00561373
0.00550243
0.00539974
0.0053083
0.00522968
0.00516466
0.00511381
0.00507752
0.00505378
0.000914938
0.000900066
0.000891378
0.000883461
0.000876337
0.000870141
0.000864749
0.000860046
0.00085595
0.000852391
0.000849315
0.000846679
0.000844453
0.000842619
0.000841167
0.000840098
0.000839416
0.000839134
0.000839272
0.000839851
0.0008409
0.00084245
0.000844538
0.000847203
0.00085049
0.000854447
0.000859126
0.000864586
0.000870888
0.0008781
0.000886295
0.000895551
0.000905955
0.000917597
0.000930577
0.000945002
0.000960987
0.000978655
0.00099814
0.00101959
0.00104315
0.00106899
0.00109729
0.00112823
0.00116203
0.0011989
0.00123908
0.00128281
0.00133036
0.00138201
0.00143806
0.00149882
0.00156464
0.00163585
0.00171282
0.00179592
0.00188553
0.00198205
0.00208586
0.00219734
0.00231686
0.00244477
0.00258129
0.0027264
0.0028809
0.00304862
0.00322958
0.00341939
0.00361682
0.00382111
0.00403103
0.00424501
0.00446117
0.00467729
0.00489078
0.0050987
0.00529775
0.00548437
0.0056548
0.00580525
0.00593208
0.00603203
0.00610245
0.00614161
0.00614889
0.00612505
0.00607228
0.00599419
0.00589569
0.00578258
0.00566118
0.00553767
0.00541766
0.00530566
0.00520494
0.00511745
0.0050442
0.00498593
0.00494305
0.00491144
0.000834638
0.00081996
0.00081131
0.00080336
0.000796132
0.000789753
0.000784101
0.000779059
0.000774544
0.000770487
0.000766831
0.000763533
0.000760563
0.0007579
0.000755535
0.000753465
0.000751694
0.000750234
0.0007491
0.000748313
0.000747899
0.000747887
0.000748309
0.000749202
0.000750606
0.000752567
0.000755133
0.000758357
0.000762297
0.000767014
0.000772578
0.000779061
0.000786543
0.000795109
0.000804852
0.000815872
0.000828277
0.000842183
0.000857717
0.000875013
0.000894216
0.000915485
0.000938987
0.000964904
0.000993431
0.00102478
0.00105917
0.00109684
0.00113806
0.00118309
0.00123223
0.00128579
0.0013441
0.0014075
0.00147636
0.00155106
0.001632
0.00171956
0.00181418
0.00191624
0.00202616
0.00214434
0.00227113
0.00240666
0.00255107
0.00270656
0.00287752
0.00306146
0.00325421
0.00345503
0.00366321
0.00387751
0.00409637
0.0043179
0.00453978
0.00475928
0.00497317
0.00517783
0.00536926
0.00554323
0.00569547
0.00582189
0.00591889
0.00598363
0.00601443
0.00601098
0.00597462
0.00590835
0.0058168
0.00570591
0.00558245
0.00545341
0.00532536
0.00520379
0.00509283
0.00499508
0.00491194
0.00484451
0.00479334
0.0047514
0.000753062
0.000738595
0.00072999
0.000722012
0.000714678
0.000708114
0.000702194
0.000696803
0.000691856
0.000687283
0.000683027
0.000679043
0.0006753
0.000671776
0.000668461
0.000665349
0.000662444
0.000659754
0.000657294
0.00065508
0.000653136
0.000651487
0.000650163
0.000649195
0.000648621
0.000648481
0.000648818
0.000649681
0.00065112
0.000653194
0.000655963
0.000659494
0.000663859
0.000669136
0.000675409
0.000682769
0.000691316
0.000701155
0.000712402
0.000725181
0.000739625
0.000755878
0.000774097
0.000794449
0.000817114
0.000842286
0.000870175
0.000901003
0.000935012
0.000972459
0.00101362
0.00105879
0.00110827
0.00116241
0.00122155
0.00128606
0.00135633
0.00143275
0.00151574
0.00160571
0.00170308
0.00180829
0.00192174
0.00204377
0.0021744
0.00231421
0.00246786
0.00263891
0.00282201
0.00301433
0.00321563
0.0034253
0.00364228
0.00386519
0.0040922
0.00432098
0.00454858
0.00477147
0.00498554
0.0051862
0.00536853
0.00552755
0.00565853
0.00575732
0.0058208
0.00584724
0.00583664
0.00579095
0.0057141
0.00561179
0.00549107
0.00535965
0.00522512
0.00509423
0.00497225
0.00486276
0.00476784
0.00468924
0.00462777
0.0045727
0.000670288
0.00065605
0.000647496
0.000639493
0.000632056
0.000625303
0.00061911
0.00061336
0.000607969
0.000602864
0.000597987
0.000593294
0.000588751
0.000584337
0.000580036
0.000575844
0.000571762
0.000567795
0.000563954
0.000560255
0.000556716
0.00055336
0.00055021
0.000547297
0.000544651
0.000542307
0.000540303
0.000538681
0.000537487
0.00053677
0.000536583
0.000536986
0.000538041
0.000539818
0.000542389
0.000545836
0.000550246
0.000555712
0.000562335
0.000570226
0.000579502
0.000590291
0.00060273
0.000616968
0.000633164
0.00065149
0.000672131
0.000695286
0.000721169
0.000750008
0.00078205
0.000817557
0.00085681
0.000900107
0.000947765
0.00100012
0.00105752
0.00112035
0.00118898
0.00126381
0.00134526
0.00143376
0.00152975
0.00163369
0.00174586
0.00186624
0.00199636
0.0021437
0.00230999
0.00248775
0.00267581
0.00287445
0.00308349
0.00330228
0.00352976
0.00376424
0.0040033
0.00424373
0.00448146
0.00471165
0.0049288
0.005127
0.00530023
0.00544279
0.00554978
0.00561759
0.00564441
0.00563053
0.00557864
0.00549372
0.00538269
0.0052538
0.0051157
0.00497655
0.00484316
0.00472051
0.00461176
0.00451969
0.00444565
0.00437434
0.0005864
0.000572407
0.000563912
0.000555888
0.000548348
0.000541404
0.000534933
0.000528816
0.000522968
0.000517316
0.000511801
0.000506378
0.000501011
0.000495676
0.000490359
0.00048505
0.000479749
0.000474459
0.000469188
0.000463948
0.000458753
0.000453621
0.000448573
0.000443632
0.000438824
0.000434178
0.000429725
0.000425499
0.000421541
0.000417889
0.000414591
0.000411694
0.000409251
0.000407319
0.000405962
0.000405245
0.000405241
0.00040603
0.000407695
0.000410328
0.000414027
0.000418898
0.000425056
0.000432623
0.000441732
0.000452523
0.000465151
0.000479778
0.000496579
0.000515743
0.000537471
0.000561976
0.000589489
0.000620252
0.000654525
0.000692582
0.000734713
0.000781227
0.000832449
0.000888725
0.000950424
0.00101794
0.00109172
0.00117228
0.00126013
0.00135561
0.00145898
0.00157346
0.00170857
0.00186355
0.00203088
0.00221063
0.00240401
0.00261157
0.00283327
0.00306839
0.00331535
0.0035715
0.00383305
0.00409507
0.00435156
0.00459565
0.00481997
0.00501704
0.00517984
0.00530244
0.0053806
0.00541236
0.00539845
0.00534247
0.00525069
0.0051315
0.00499451
0.00484942
0.00470497
0.00456799
0.00444332
0.00433531
0.0042462
0.00415524
0.000501484
0.000487752
0.000479323
0.000471282
0.000463641
0.000456505
0.000449751
0.000443259
0.000436944
0.000430733
0.000424564
0.00041839
0.000412176
0.000405895
0.000399531
0.000393072
0.000386515
0.000379861
0.000373112
0.000366278
0.00035937
0.000352399
0.000345382
0.000338337
0.000331282
0.000324239
0.000317233
0.000310291
0.000303443
0.000296721
0.000290159
0.000283796
0.000277673
0.000271832
0.000266324
0.000261199
0.000256513
0.000252325
0.000248702
0.000245711
0.000243428
0.000241931
0.000241306
0.000241645
0.000243043
0.000245604
0.000249439
0.000254664
0.000261404
0.00026979
0.00027996
0.000292062
0.000306249
0.000322685
0.00034154
0.000362995
0.000387242
0.000414483
0.000444942
0.000478862
0.000516522
0.00055825
0.000604439
0.000655591
0.000712355
0.000775431
0.000845272
0.000922949
0.00101492
0.00113138
0.00126823
0.0014198
0.00158816
0.00177562
0.00198363
0.00221278
0.00246261
0.00273137
0.00301581
0.00331111
0.0036109
0.00390743
0.00419188
0.00445484
0.00468686
0.00487924
0.00502475
0.00511846
0.00515836
0.00514585
0.0050858
0.00498618
0.00485725
0.00471027
0.00455619
0.00440432
0.00426182
0.00413531
0.00402843
0.00391418
0.00041563
0.000402175
0.000393818
0.000385766
0.000378025
0.000370697
0.000363655
0.000356783
0.000349993
0.00034321
0.000336372
0.000329431
0.00032235
0.0003151
0.000307662
0.000300023
0.000292175
0.000284117
0.000275848
0.000267373
0.000258698
0.00024983
0.000240779
0.000231557
0.000222176
0.000212649
0.000202992
0.000193227
0.000183372
0.000173449
0.000163482
0.000153495
0.000143517
0.000133576
0.000123704
0.000113935
0.000104305
9.48537e-05
8.5621e-05
7.66504e-05
6.79876e-05
5.96804e-05
5.1779e-05
4.43355e-05
3.7404e-05
3.10399e-05
2.53005e-05
2.0243e-05
1.59262e-05
1.24079e-05
9.74561e-06
7.99512e-06
7.21023e-06
7.44216e-06
8.73954e-06
1.11491e-05
1.47177e-05
1.94968e-05
2.55496e-05
3.29639e-05
4.18705e-05
5.24697e-05
6.50651e-05
8.01136e-05
9.8301e-05
0.000120586
0.000148003
0.000181408
0.000223573
0.000285653
0.000376679
0.000489063
0.000621563
0.000778429
0.000963172
0.00117811
0.00142427
0.00170113
0.00200626
0.00233519
0.00268138
0.00303628
0.00338964
0.00372999
0.00404523
0.00432348
0.00455399
0.0047281
0.00484024
0.00488868
0.00487594
0.0048088
0.00469757
0.00455493
0.00439426
0.00422788
0.00406604
0.00391857
0.00379116
0.00364972
0.000328931
0.000315769
0.000307492
0.000299432
0.000291594
0.000284072
0.000276742
0.000269484
0.000262211
0.000254847
0.000247329
0.000239606
0.00023164
0.0002234
0.000214865
0.000206018
0.00019685
0.000187354
0.000177527
0.000167367
0.000156877
0.000146058
0.000134915
0.000123452
0.000111675
9.9579e-05
8.71824e-05
7.44943e-05
6.15233e-05
4.82793e-05
3.47727e-05
2.10148e-05
7.01783e-06
-7.20548e-06
-2.16418e-05
-3.62772e-05
-5.10977e-05
-6.60894e-05
-8.12383e-05
-9.65313e-05
-0.000111956
-0.000127502
-0.00014316
-0.000158924
-0.000174792
-0.000190766
-0.000206853
-0.000223069
-0.000239437
-0.00025599
-0.000272774
-0.000289849
-0.000307293
-0.000325199
-0.00034368
-0.000362871
-0.000382918
-0.000403982
-0.000426219
-0.000449767
-0.00047471
-0.00050104
-0.000528599
-0.000557009
-0.000585575
-0.000613171
-0.000638208
-0.000658955
-0.000673572
-0.000676525
-0.000651373
-0.000592243
-0.000507629
-0.000393235
-0.000242857
-5.18876e-05
0.000182598
0.000461606
0.000783853
0.00114549
0.00153999
0.00195815
0.0023884
0.00281715
0.00322951
0.00361012
0.0039442
0.00421873
0.00442369
0.00455321
0.0046064
0.00458778
0.00450694
0.0043775
0.00421529
0.00403614
0.00385423
0.00368362
0.00353294
0.00336025
0.000241483
0.000228628
0.000220438
0.000212376
0.000204443
0.000196729
0.000189109
0.000181462
0.000173701
0.000165748
0.00015754
0.000149023
0.000140158
0.000130911
0.000121259
0.000111182
0.000100667
8.97035e-05
7.8284e-05
6.64026e-05
5.4055e-05
4.1238e-05
2.79492e-05
1.41881e-05
-4.09398e-08
-1.4787e-05
-3.00055e-05
-4.57055e-05
-6.18914e-05
-7.85667e-05
-9.57348e-05
-0.000113399
-0.000131565
-0.000150238
-0.000169425
-0.000189135
-0.000209377
-0.000230167
-0.000251521
-0.000273459
-0.000296008
-0.000319199
-0.000343072
-0.000367674
-0.000393063
-0.000419308
-0.000446495
-0.000474725
-0.00050412
-0.000534825
-0.000567012
-0.000600886
-0.000636684
-0.000674686
-0.000715211
-0.000758622
-0.00080532
-0.000855741
-0.000910332
-0.00096953
-0.00103371
-0.00110314
-0.00117786
-0.00125762
-0.00134173
-0.00142892
-0.00151716
-0.0016037
-0.00168549
-0.00175864
-0.00181341
-0.00182989
-0.00180726
-0.00174827
-0.00164461
-0.00148866
-0.00127519
-0.00100133
-0.000666938
-0.000274974
0.000168274
0.000653177
0.00116693
0.00169393
0.00221643
0.00271542
0.00317174
0.0035674
0.00388716
0.00411996
0.00426034
0.00430934
0.00427473
0.00417029
0.00401406
0.00382569
0.00362406
0.0034287
0.00325219
0.00304405
0.000153386
0.000140852
0.000132754
0.000124695
0.000116672
0.000108768
0.000100856
9.28194e-05
8.45665e-05
7.602e-05
6.71141e-05
5.77949e-05
4.80193e-05
3.77526e-05
2.69674e-05
1.5642e-05
3.75895e-06
-8.69631e-06
-2.1736e-05
-3.53711e-05
-4.96117e-05
-6.44678e-05
-7.99491e-05
-9.60658e-05
-0.00011283
-0.000130263
-0.000148368
-0.000167156
-0.000186644
-0.000206848
-0.000227787
-0.00024948
-0.00027195
-0.000295224
-0.00031933
-0.000344301
-0.000370177
-0.000397002
-0.000424825
-0.000453707
-0.000483716
-0.000514931
-0.000547447
-0.000581372
-0.000616832
-0.000653977
-0.000692979
-0.000734043
-0.000777405
-0.000823343
-0.000872181
-0.000924295
-0.00098012
-0.00104016
-0.00110499
-0.00117525
-0.00125167
-0.00133502
-0.00142611
-0.00152578
-0.00163476
-0.00175366
-0.00188282
-0.00202216
-0.00217101
-0.00232793
-0.0024905
-0.00265513
-0.00281726
-0.00297189
-0.00311173
-0.00322
-0.0032787
-0.00328977
-0.00324612
-0.00313723
-0.00295516
-0.00269489
-0.00235463
-0.00193621
-0.00144542
-0.000892116
-0.000290115
0.000343126
0.000987096
0.00161908
0.00221534
0.00275254
0.00320948
0.00356899
0.00381982
0.00395817
0.00398864
0.00392407
0.00378411
0.00359224
0.00337273
0.00315181
0.00294728
0.0026994
6.47408e-05
5.25412e-05
4.45431e-05
3.64918e-05
2.83816e-05
2.0289e-05
1.20882e-05
3.66075e-06
-5.08511e-06
-1.42282e-05
-2.38356e-05
-3.39632e-05
-4.46565e-05
-5.59525e-05
-6.78817e-05
-8.04692e-05
-9.37364e-05
-0.000107702
-0.000122384
-0.000137797
-0.00015396
-0.000170888
-0.000188599
-0.000207112
-0.000226448
-0.000246631
-0.000267683
-0.000289627
-0.000312492
-0.000336308
-0.000361111
-0.000386937
-0.00041383
-0.000441836
-0.00047101
-0.00050141
-0.000533106
-0.000566175
-0.000600705
-0.000636798
-0.000674569
-0.000714153
-0.000755701
-0.000799392
-0.00084543
-0.000894053
-0.000945535
-0.0010002
-0.00105841
-0.0011206
-0.00118727
-0.00125901
-0.00133647
-0.00142042
-0.00151175
-0.00161144
-0.00172059
-0.0018404
-0.00197213
-0.00211706
-0.0022764
-0.00245118
-0.0026421
-0.00284929
-0.00307214
-0.00330901
-0.00355701
-0.00381175
-0.00406725
-0.00431644
-0.00455137
-0.00475964
-0.00491771
-0.00501415
-0.00504417
-0.0049948
-0.00485511
-0.00461774
-0.004279
-0.00383941
-0.00330405
-0.00268274
-0.00199006
-0.00124506
-0.000470812
0.000306426
0.00105831
0.00175593
0.00237168
0.00288145
0.00326703
0.00351839
0.00363538
0.00362852
0.00351803
0.00333087
0.00309715
0.00285097
0.00261673
0.00232485
-2.43483e-05
-3.62021e-05
-4.40945e-05
-5.21326e-05
-6.03254e-05
-6.86028e-05
-7.70903e-05
-8.59067e-05
-9.51446e-05
-0.000104884
-0.000115194
-0.000126132
-0.000137747
-0.000150077
-0.000163157
-0.000177015
-0.000191676
-0.000207165
-0.000223504
-0.000240714
-0.000258819
-0.000277843
-0.000297812
-0.000318752
-0.000340695
-0.000363672
-0.000387719
-0.000412873
-0.000439176
-0.000466673
-0.000495417
-0.000525464
-0.000556877
-0.000589727
-0.000624092
-0.000660062
-0.000697738
-0.000737231
-0.000778672
-0.000822208
-0.000868004
-0.000916254
-0.000967177
-0.00102103
-0.00107809
-0.00113871
-0.00120327
-0.00127222
-0.00134609
-0.00142547
-0.00151107
-0.00160369
-0.00170428
-0.00181392
-0.00193382
-0.00206537
-0.00221013
-0.00236977
-0.00254608
-0.0027409
-0.00295597
-0.00319283
-0.00345258
-0.00373563
-0.00404142
-0.00436812
-0.00471227
-0.00506859
-0.00542971
-0.00578642
-0.00612828
-0.00644313
-0.00671202
-0.00690962
-0.00702725
-0.0070498
-0.00696359
-0.00675881
-0.00642979
-0.00597558
-0.00540034
-0.00471362
-0.00393046
-0.00307118
-0.00216105
-0.00122956
-0.000309447
0.000564818
0.00135896
0.00204136
0.00258587
0.00297482
0.00320171
0.00327297
0.00320797
0.00303638
0.0027942
0.00252443
0.00225955
0.00191952
-0.000113776
-0.000125274
-0.000133054
-0.000141074
-0.000149344
-0.000157802
-0.000166572
-0.000175774
-0.000185501
-0.000195834
-0.000206844
-0.000218592
-0.000231126
-0.000244491
-0.000258723
-0.000273854
-0.000289914
-0.000306932
-0.000324936
-0.000343953
-0.000364014
-0.000385149
-0.000407393
-0.000430783
-0.000455357
-0.000481159
-0.000508236
-0.000536639
-0.000566424
-0.000597655
-0.000630399
-0.000664733
-0.000700743
-0.000738523
-0.000778179
-0.000819831
-0.000863613
-0.000909677
-0.000958195
-0.00100936
-0.0010634
-0.00112057
-0.00118115
-0.00124549
-0.00131396
-0.00138702
-0.00146517
-0.00154901
-0.00163922
-0.00173661
-0.0018421
-0.00195675
-0.00208181
-0.0022187
-0.00236905
-0.00253468
-0.00271766
-0.00292023
-0.00314477
-0.00339373
-0.00366947
-0.00397411
-0.0043092
-0.00467547
-0.00507243
-0.005498
-0.00594813
-0.00641647
-0.00689422
-0.00737008
-0.00783078
-0.00826178
-0.0086457
-0.00895684
-0.00917533
-0.00928153
-0.00925937
-0.00909676
-0.00878605
-0.00832472
-0.00771585
-0.00696853
-0.0060979
-0.00512514
-0.00407726
-0.00298652
-0.00188961
-0.000826278
0.000162578
0.0010375
0.00176366
0.00231454
0.00267559
0.00284727
0.00284632
0.00270379
0.00246116
0.00217107
0.00187553
0.00148347
-0.000203435
-0.000214568
-0.000222232
-0.000230227
-0.00023857
-0.000247202
-0.00025625
-0.000265831
-0.00027604
-0.000286961
-0.000298666
-0.000311217
-0.000324667
-0.000339061
-0.000354441
-0.000370842
-0.000388299
-0.000406846
-0.000426515
-0.000447341
-0.000469361
-0.000492614
-0.000517142
-0.000542991
-0.000570209
-0.000598853
-0.000628981
-0.000660657
-0.000693955
-0.000728951
-0.000765735
-0.000804403
-0.000845062
-0.000887832
-0.000932849
-0.000980264
-0.00103025
-0.00108299
-0.00113871
-0.00119765
-0.00126009
-0.00132637
-0.00139684
-0.00147192
-0.0015521
-0.00163795
-0.0017301
-0.00182932
-0.00193645
-0.00205252
-0.0021787
-0.00231633
-0.00246699
-0.00263248
-0.00281486
-0.00301648
-0.00323994
-0.00348809
-0.003764
-0.00407078
-0.00441148
-0.00478882
-0.00520488
-0.00566071
-0.00615589
-0.00668806
-0.0072525
-0.00784173
-0.00844536
-0.00905
-0.00963956
-0.0101962
-0.0107012
-0.011133
-0.0114606
-0.0116603
-0.0117116
-0.0116001
-0.0113162
-0.0108558
-0.0102209
-0.00941976
-0.00846743
-0.00738547
-0.00620206
-0.00495159
-0.00367407
-0.00241399
-0.00121853
-0.000134964
0.000792764
0.0015283
0.00204752
0.00234293
0.0024265
0.00232891
0.00209613
0.00179076
0.00146569
0.00101818
-0.000293219
-0.000303979
-0.000311521
-0.000319487
-0.000327896
-0.000336696
-0.000346014
-0.000355966
-0.00036665
-0.00037815
-0.00039054
-0.000403884
-0.000418239
-0.000433654
-0.000450172
-0.000467834
-0.000486679
-0.000506745
-0.000528073
-0.000550702
-0.000574676
-0.000600043
-0.000626852
-0.000655159
-0.000685023
-0.000716512
-0.000749695
-0.000784654
-0.000821474
-0.000860251
-0.000901092
-0.000944114
-0.00098945
-0.00103724
-0.00108766
-0.00114088
-0.00119712
-0.0012566
-0.0013196
-0.00138641
-0.00145737
-0.00153288
-0.00161338
-0.00169939
-0.00179149
-0.00189038
-0.00199683
-0.00211177
-0.00223625
-0.00237151
-0.00251898
-0.00268031
-0.00285743
-0.00305256
-0.00326823
-0.00350732
-0.00377303
-0.00406889
-0.00439864
-0.00476615
-0.00517517
-0.00562909
-0.00613052
-0.00668083
-0.00727967
-0.00792439
-0.00860951
-0.00932636
-0.0100628
-0.0108034
-0.0115293
-0.0122193
-0.0128518
-0.0134045
-0.0138453
-0.0141477
-0.0142806
-0.0142279
-0.0139787
-0.0135274
-0.0128749
-0.0120286
-0.0110029
-0.00981941
-0.00850683
-0.00710092
-0.00564421
-0.00418513
-0.00277649
-0.00147304
-0.000327912
0.000612072
0.00131191
0.00175422
0.00194391
0.00190906
0.0016986
0.00138485
0.00103265
0.000526951
-0.000383019
-0.000393401
-0.000400816
-0.000408747
-0.000417216
-0.000426177
-0.000435755
-0.000446069
-0.000457216
-0.000469282
-0.000482343
-0.000496467
-0.000511712
-0.000528131
-0.000545772
-0.000564679
-0.000584897
-0.000606468
-0.000629438
-0.000653855
-0.000679769
-0.000707234
-0.000736311
-0.000767063
-0.000799562
-0.000833884
-0.000870114
-0.000908345
-0.00094868
-0.000991231
-0.00103612
-0.0010835
-0.00113351
-0.00118633
-0.00124215
-0.0013012
-0.0013637
-0.00142995
-0.00150025
-0.00157496
-0.00165448
-0.00173928
-0.00182989
-0.00192691
-0.00203104
-0.0021431
-0.00226403
-0.0023949
-0.00253697
-0.00269173
-0.00286086
-0.00304636
-0.00325051
-0.00347596
-0.00372575
-0.0040033
-0.00431245
-0.00465742
-0.00504269
-0.00547286
-0.00595246
-0.00648551
-0.00707516
-0.00772314
-0.00842911
-0.00919007
-0.00999981
-0.0108484
-0.0117219
-0.0126025
-0.0134688
-0.0142964
-0.0150589
-0.0157314
-0.0162909
-0.0167001
-0.0169195
-0.0169314
-0.0167237
-0.0162894
-0.0156281
-0.0147465
-0.013658
-0.0123837
-0.0109523
-0.0094
-0.00777088
-0.00611633
-0.00449388
-0.00296504
-0.00159182
-0.000431772
0.000468262
0.00107931
0.00139686
0.00144384
0.00127002
0.000956605
0.000581071
1.53692e-05
-0.000472727
-0.000482728
-0.000490012
-0.000497903
-0.000506424
-0.000515536
-0.000525365
-0.000536027
-0.000547622
-0.000560238
-0.000573954
-0.000588838
-0.000604954
-0.000622357
-0.000641099
-0.000661228
-0.000682795
-0.000705848
-0.000730437
-0.000756618
-0.000784447
-0.000813987
-0.000845306
-0.000878479
-0.000913585
-0.000950715
-0.000989964
-0.00103144
-0.00107526
-0.00112156
-0.00117048
-0.00122218
-0.00127684
-0.00133466
-0.00139586
-0.00146069
-0.00152944
-0.00160242
-0.00168
-0.00176258
-0.00185065
-0.00194472
-0.00204542
-0.00215344
-0.00226961
-0.00239486
-0.00253027
-0.00267712
-0.00283686
-0.0030112
-0.00320213
-0.00341195
-0.00364335
-0.00389939
-0.00418363
-0.00450007
-0.00485318
-0.00524787
-0.00568936
-0.00618303
-0.00673411
-0.00734731
-0.00802629
-0.00877307
-0.00958734
-0.0104657
-0.0114012
-0.0123826
-0.0133942
-0.014416
-0.0154238
-0.01639
-0.0172847
-0.0180796
-0.0187542
-0.0192674
-0.0195755
-0.0196559
-0.0194949
-0.0190846
-0.0184235
-0.0175171
-0.0163781
-0.0150265
-0.01349
-0.0118047
-0.0100152
-0.00817445
-0.0063437
-0.00459019
-0.0029841
-0.00159355
-0.000477761
0.000321302
0.000787487
0.000935848
0.000814414
0.000511714
0.000118111
-0.000508267
-0.000562236
-0.000571854
-0.000579005
-0.00058685
-0.000595415
-0.000604669
-0.000614735
-0.000625731
-0.000637757
-0.000650903
-0.00066525
-0.000680872
-0.000697832
-0.000716192
-0.000736007
-0.00075733
-0.000780216
-0.000804718
-0.000830895
-0.000858806
-0.000888515
-0.000920095
-0.00095362
-0.000989175
-0.00102685
-0.00106675
-0.00110897
-0.00115365
-0.00120092
-0.00125091
-0.0013038
-0.00135977
-0.00141902
-0.00148177
-0.00154829
-0.00161884
-0.00169376
-0.0017734
-0.00185817
-0.00194855
-0.00204506
-0.00214831
-0.00225899
-0.00237792
-0.002506
-0.00264432
-0.0027941
-0.00295679
-0.00313405
-0.00332784
-0.00354041
-0.00377441
-0.00403288
-0.00431936
-0.00463787
-0.00499298
-0.00538982
-0.00583395
-0.00633133
-0.00688807
-0.0075101
-0.00820275
-0.00897019
-0.0098147
-0.0107359
-0.0117302
-0.0127896
-0.0139017
-0.0150491
-0.0162095
-0.0173563
-0.018459
-0.0194847
-0.0204013
-0.0211826
-0.0217921
-0.0221913
-0.0223427
-0.0222322
-0.0218518
-0.0211992
-0.020279
-0.0191027
-0.017689
-0.0160643
-0.0142632
-0.0123298
-0.0103176
-0.00829009
-0.0063189
-0.00448146
-0.00285583
-0.0015137
-0.000510981
0.000122586
0.000391448
0.000338927
5.87389e-05
-0.000346234
-0.00103259
-0.000651441
-0.000660677
-0.000667691
-0.000675486
-0.000684087
-0.000693471
-0.000703759
-0.00071507
-0.000727506
-0.000741158
-0.000756111
-0.00077244
-0.000790215
-0.000809499
-0.000830352
-0.000852833
-0.000877
-0.000902913
-0.000930636
-0.000960234
-0.00099178
-0.00102535
-0.00106104
-0.00109892
-0.00113911
-0.00118172
-0.00122686
-0.00127468
-0.00132532
-0.00137894
-0.00143573
-0.00149589
-0.00155964
-0.00162723
-0.00169896
-0.00177512
-0.00185609
-0.00194226
-0.0020341
-0.00213212
-0.00223691
-0.00234916
-0.00246964
-0.00259924
-0.00273901
-0.00289014
-0.00305401
-0.00323223
-0.00342667
-0.00363951
-0.00387329
-0.00413097
-0.00441596
-0.00473222
-0.00508425
-0.00547718
-0.0059167
-0.00640906
-0.00696088
-0.00757896
-0.00826987
-0.00903953
-0.00989252
-0.0108314
-0.0118557
-0.0129613
-0.0141397
-0.0153771
-0.0166545
-0.0179474
-0.0192269
-0.0204597
-0.0216099
-0.022641
-0.0235214
-0.0242264
-0.0247125
-0.0249333
-0.0248746
-0.0245283
-0.0238916
-0.0229683
-0.0217685
-0.0203093
-0.018615
-0.0167183
-0.0146614
-0.0124971
-0.0102897
-0.00811376
-0.00605268
-0.00419352
-0.00262
-0.00140247
-0.000585791
-0.000178659
-0.000145608
-0.000390456
-0.000798771
-0.00154287
-0.000740237
-0.000749094
-0.000755971
-0.00076371
-0.000772339
-0.000781839
-0.000792332
-0.000803938
-0.000816758
-0.000830889
-0.000846416
-0.000863419
-0.000881971
-0.00090214
-0.00092399
-0.000947585
-0.000972988
-0.00100027
-0.00102948
-0.00106072
-0.00109405
-0.00112955
-0.00116734
-0.00120749
-0.00125013
-0.00129537
-0.00134336
-0.00139423
-0.00144816
-0.00150531
-0.0015659
-0.00163014
-0.00169827
-0.00177058
-0.00184738
-0.00192901
-0.00201586
-0.00210839
-0.00220709
-0.00231253
-0.00242537
-0.00254636
-0.00267635
-0.00281632
-0.00296742
-0.00313097
-0.00330848
-0.00350173
-0.00371279
-0.00394405
-0.00419832
-0.00447884
-0.00478938
-0.0051343
-0.00551854
-0.00594773
-0.00642812
-0.00696654
-0.00757023
-0.00824659
-0.00900278
-0.0098452
-0.0107788
-0.0118063
-0.0129272
-0.014137
-0.0154263
-0.0167804
-0.0181786
-0.0195947
-0.0209972
-0.0223507
-0.0236164
-0.0247538
-0.025728
-0.0265201
-0.0270847
-0.0273705
-0.0273627
-0.0270531
-0.0264385
-0.0255218
-0.024312
-0.0228243
-0.0210804
-0.0191101
-0.0169529
-0.0146595
-0.0122934
-0.00993092
-0.00765964
-0.00557441
-0.0037702
-0.00233172
-0.00131996
-0.000758968
-0.000624263
-0.000820358
-0.00122285
-0.00202078
-0.000828523
-0.000837009
-0.000843747
-0.000851425
-0.000860072
-0.000869674
-0.000880353
-0.000892229
-0.000905405
-0.000919981
-0.000936046
-0.000953684
-0.000972971
-0.000993979
-0.00101678
-0.00104144
-0.00106802
-0.00109661
-0.00112727
-0.00116007
-0.00119512
-0.0012325
-0.0012723
-0.00131465
-0.00135966
-0.00140745
-0.00145819
-0.00151202
-0.00156913
-0.0016297
-0.00169396
-0.00176214
-0.00183451
-0.00191138
-0.00199307
-0.00207997
-0.00217251
-0.00227116
-0.00237646
-0.00248905
-0.00260964
-0.00273902
-0.00287814
-0.00302806
-0.00319002
-0.00336545
-0.003556
-0.00376361
-0.00399051
-0.00423931
-0.00451305
-0.00481525
-0.00514999
-0.00552196
-0.00593655
-0.0063998
-0.00691846
-0.00749985
-0.00815176
-0.00888208
-0.00969848
-0.0106077
-0.0116151
-0.0127234
-0.0139319
-0.015236
-0.0166255
-0.0180846
-0.0195914
-0.021118
-0.0226309
-0.0240926
-0.0254619
-0.0266954
-0.0277549
-0.0286233
-0.0292561
-0.0296008
-0.0296414
-0.0293695
-0.0287817
-0.0278804
-0.0266734
-0.0251737
-0.0234003
-0.0213793
-0.0191465
-0.0167493
-0.0142491
-0.0117221
-0.00925885
-0.0069603
-0.00493155
-0.00327111
-0.00205653
-0.00132894
-0.00107774
-0.00121156
-0.00159818
-0.00244433
-0.000916201
-0.000924326
-0.000930926
-0.000938538
-0.000947192
-0.00095688
-0.000967723
-0.00097984
-0.000993341
-0.00100832
-0.00102489
-0.00104311
-0.00106309
-0.00108488
-0.00110858
-0.00113424
-0.00116195
-0.00119178
-0.00122381
-0.00125812
-0.00129481
-0.00133398
-0.00137573
-0.00142018
-0.00146746
-0.00151771
-0.00157108
-0.00162776
-0.00168792
-0.00175177
-0.00181955
-0.00189151
-0.00196795
-0.00204918
-0.00213556
-0.0022275
-0.00232546
-0.00242995
-0.00254156
-0.00266096
-0.00278891
-0.00292627
-0.00307405
-0.00323339
-0.00340562
-0.00359227
-0.00379512
-0.00401624
-0.00425801
-0.00452324
-0.00481516
-0.00513754
-0.00549473
-0.00589175
-0.00633429
-0.00682879
-0.00738238
-0.00800283
-0.00869831
-0.00947715
-0.0103473
-0.011316
-0.0123885
-0.0135678
-0.014853
-0.0162391
-0.0177154
-0.0192653
-0.0208658
-0.0224874
-0.0240954
-0.0256501
-0.0271087
-0.0284258
-0.0295599
-0.0304911
-0.0311791
-0.0315763
-0.0316619
-0.0314274
-0.0308699
-0.0299914
-0.0287987
-0.0273027
-0.025519
-0.02347
-0.0211865
-0.0187118
-0.0161037
-0.013437
-0.0108034
-0.00830846
-0.00606605
-0.00418749
-0.00276669
-0.00186303
-0.00148226
-0.00154067
-0.0019008
-0.00278782
-0.00100318
-0.00101095
-0.00101742
-0.00102496
-0.00103361
-0.00104337
-0.00105435
-0.00106667
-0.00108046
-0.00109581
-0.00111282
-0.00113158
-0.00115219
-0.00117471
-0.00119924
-0.00122585
-0.00125461
-0.00128561
-0.00131894
-0.00135468
-0.00139293
-0.0014338
-0.0014774
-0.00152385
-0.0015733
-0.00162589
-0.00168178
-0.00174116
-0.00180423
-0.00187121
-0.00194234
-0.0020179
-0.00209819
-0.00218356
-0.00227438
-0.0023711
-0.00247419
-0.00258419
-0.00270175
-0.00282755
-0.00296242
-0.00310726
-0.00326315
-0.00343129
-0.0036131
-0.00381019
-0.00402444
-0.00425805
-0.00451354
-0.00479386
-0.00510243
-0.00544322
-0.0058208
-0.00624042
-0.00670807
-0.00723047
-0.00781506
-0.00846989
-0.00920346
-0.0100244
-0.0109408
-0.0119601
-0.0130878
-0.0143266
-0.0156758
-0.0171298
-0.0186775
-0.0203017
-0.0219786
-0.0236777
-0.0253629
-0.0269932
-0.0285247
-0.0299114
-0.0311093
-0.032085
-0.0328128
-0.033258
-0.0333848
-0.0331862
-0.032661
-0.0318112
-0.0306426
-0.0291642
-0.0273882
-0.0253323
-0.0230222
-0.0204957
-0.0178061
-0.0150254
-0.0122449
-0.00957341
-0.00713186
-0.00504309
-0.00341677
-0.00233094
-0.00180969
-0.00178033
-0.00210309
-0.00302198
-0.00108936
-0.00109681
-0.00110314
-0.00111061
-0.00111924
-0.00112904
-0.00114013
-0.00115264
-0.00116667
-0.00118233
-0.00119974
-0.00121898
-0.00124016
-0.00126335
-0.00128864
-0.00131611
-0.00134586
-0.00137796
-0.0014125
-0.00144958
-0.0014893
-0.00153177
-0.00157712
-0.00162547
-0.00167696
-0.00173175
-0.00179003
-0.00185196
-0.00191778
-0.0019877
-0.00206199
-0.00214094
-0.00222486
-0.00231411
-0.0024091
-0.00251028
-0.00261816
-0.00273332
-0.0028564
-0.00298816
-0.00312943
-0.0032812
-0.00344456
-0.0036208
-0.00381138
-0.00401802
-0.00424266
-0.0044876
-0.00475549
-0.00504938
-0.00537285
-0.00573002
-0.00612562
-0.0065651
-0.00705463
-0.00760113
-0.00821224
-0.00889621
-0.0096617
-0.0105175
-0.0114718
-0.0125321
-0.0137037
-0.0149895
-0.0163885
-0.0178948
-0.0194971
-0.0211776
-0.0229119
-0.024669
-0.026412
-0.0280989
-0.0296848
-0.0311231
-0.0323673
-0.0333784
-0.0341403
-0.0346213
-0.0347821
-0.0346164
-0.0341239
-0.033307
-0.0321706
-0.0307216
-0.0289687
-0.0269248
-0.0246098
-0.0220554
-0.0193093
-0.0164395
-0.0135359
-0.0107088
-0.00808483
-0.00579682
-0.00396907
-0.00269816
-0.00202786
-0.00189945
-0.00217401
-0.00311425
-0.00117468
-0.00118182
-0.00118802
-0.00119541
-0.00120401
-0.00121384
-0.001225
-0.00123764
-0.00125186
-0.00126779
-0.00128553
-0.00130519
-0.00132687
-0.00135065
-0.00137663
-0.0014049
-0.00143554
-0.00146865
-0.00150432
-0.00154264
-0.00158374
-0.00162771
-0.00167469
-0.00172481
-0.00177822
-0.00183508
-0.00189558
-0.00195991
-0.00202829
-0.00210096
-0.0021782
-0.00226029
-0.00234759
-0.00244045
-0.0025393
-0.00264461
-0.0027569
-0.00287679
-0.00300495
-0.00314215
-0.00328928
-0.00344733
-0.00361747
-0.00380102
-0.0039995
-0.00421468
-0.00444859
-0.00470359
-0.0049824
-0.0052882
-0.00562464
-0.00599595
-0.00640699
-0.00686331
-0.0073712
-0.00793767
-0.00857047
-0.00927791
-0.0100687
-0.0109515
-0.0119348
-0.0130256
-0.0142295
-0.0155489
-0.0169826
-0.0185248
-0.0201637
-0.0218815
-0.0236534
-0.0254483
-0.0272286
-0.0289522
-0.0305735
-0.0320456
-0.0333206
-0.0343575
-0.035143
-0.0356486
-0.0358361
-0.0356993
-0.0352391
-0.0344578
-0.0333595
-0.0319493
-0.0302323
-0.0282162
-0.0259149
-0.0233531
-0.0205727
-0.0176364
-0.0146317
-0.0116694
-0.00888022
-0.00640555
-0.00438295
-0.00292672
-0.00210101
-0.00186356
-0.00207943
-0.00302907
-0.00125904
-0.00126591
-0.00127198
-0.00127929
-0.00128784
-0.00129766
-0.00130887
-0.00132159
-0.00133596
-0.00135209
-0.0013701
-0.0013901
-0.0014122
-0.0014365
-0.00146309
-0.00149206
-0.00152352
-0.00155754
-0.00159424
-0.00163371
-0.00167607
-0.00172142
-0.00176991
-0.00182168
-0.00187686
-0.00193565
-0.00199821
-0.00206475
-0.0021355
-0.00221072
-0.00229066
-0.00237566
-0.00246605
-0.00256221
-0.00266458
-0.00277365
-0.00288996
-0.00301413
-0.00314686
-0.00328896
-0.00344132
-0.00360499
-0.00378114
-0.00397115
-0.00417657
-0.00439922
-0.00464117
-0.00490484
-0.00519301
-0.00550891
-0.00585626
-0.00623934
-0.00666307
-0.00713304
-0.00765556
-0.00823768
-0.00888711
-0.00961211
-0.0104213
-0.0113232
-0.0123261
-0.0134369
-0.0146608
-0.0160001
-0.0174534
-0.0190146
-0.020672
-0.0224077
-0.0241971
-0.0260089
-0.027806
-0.0295461
-0.0311838
-0.032672
-0.0339629
-0.0350139
-0.0358123
-0.0363329
-0.0365402
-0.0364282
-0.0359988
-0.0352545
-0.0341984
-0.0328338
-0.0311622
-0.029186
-0.0269128
-0.0243601
-0.0215632
-0.0185792
-0.0154922
-0.0124127
-0.00947428
-0.00682562
-0.00461593
-0.00297607
-0.00199054
-0.00163538
-0.00178253
-0.00272841
-0.0013424
-0.00134901
-0.00135498
-0.00136219
-0.00137068
-0.00138047
-0.00139167
-0.00140442
-0.00141887
-0.00143513
-0.00145333
-0.0014736
-0.00149604
-0.00152077
-0.00154788
-0.00157747
-0.00160964
-0.00164449
-0.00168211
-0.00172262
-0.00176613
-0.00181275
-0.00186263
-0.00191589
-0.00197271
-0.00203325
-0.00209769
-0.00216626
-0.00223918
-0.0023167
-0.00239912
-0.00248674
-0.00257992
-0.00267906
-0.00278459
-0.00289702
-0.0030169
-0.00314488
-0.00328165
-0.00342805
-0.003585
-0.00375354
-0.0039349
-0.00413046
-0.00434181
-0.00457078
-0.00481949
-0.00509038
-0.00538626
-0.00571038
-0.00606649
-0.00645887
-0.00689245
-0.00737278
-0.00790615
-0.0084995
-0.00916043
-0.00989703
-0.0107177
-0.0116307
-0.012644
-0.0137642
-0.0149961
-0.0163418
-0.0177996
-0.0193632
-0.021021
-0.0227554
-0.0245421
-0.0263506
-0.0281441
-0.029881
-0.0315164
-0.0330041
-0.0342965
-0.0353506
-0.0361525
-0.0366803
-0.0369016
-0.0368089
-0.0364084
-0.0357013
-0.0346889
-0.0333735
-0.031753
-0.0298246
-0.0275893
-0.0250572
-0.0222565
-0.0192382
-0.016083
-0.0129002
-0.00982572
-0.00701417
-0.00462499
-0.00280412
-0.00165576
-0.00117538
-0.00124445
-0.0021723
-0.00142468
-0.0014311
-0.00143695
-0.00144407
-0.00145248
-0.00146219
-0.00147333
-0.00148606
-0.00150051
-0.00151682
-0.00153513
-0.00155558
-0.00157828
-0.00160334
-0.00163088
-0.00166099
-0.00169378
-0.00172935
-0.00176779
-0.00180923
-0.00185377
-0.00190153
-0.00195265
-0.00200728
-0.00206557
-0.00212769
-0.00219384
-0.00226423
-0.0023391
-0.0024187
-0.00250331
-0.00259327
-0.00268893
-0.0027907
-0.00289901
-0.00301438
-0.00313738
-0.00326864
-0.0034089
-0.00355898
-0.00371982
-0.00389248
-0.0040782
-0.00427836
-0.00449457
-0.00472868
-0.00498282
-0.00525942
-0.00556131
-0.00589173
-0.0062544
-0.00665359
-0.00709415
-0.00758157
-0.008122
-0.00872222
-0.0093896
-0.010132
-0.0109574
-0.0118738
-0.0128887
-0.0140081
-0.0152365
-0.0165756
-0.0180234
-0.0195731
-0.0212138
-0.0229284
-0.0246933
-0.0264788
-0.0282493
-0.0299643
-0.0315801
-0.0330516
-0.0343328
-0.03538
-0.036178
-0.0367067
-0.0369379
-0.03686
-0.0364873
-0.0358173
-0.0348467
-0.0335796
-0.0320117
-0.0301334
-0.0279405
-0.0254343
-0.0226365
-0.0195914
-0.0163761
-0.0130987
-0.00989679
-0.00693037
-0.00436768
-0.00236826
-0.00105478
-0.000442615
-0.000424913
-0.00131949
-0.00150585
-0.00151212
-0.00151788
-0.00152489
-0.00153319
-0.00154278
-0.00155381
-0.00156643
-0.0015808
-0.00159708
-0.00161541
-0.00163594
-0.00165879
-0.0016841
-0.00171196
-0.00174249
-0.0017758
-0.00181197
-0.00185113
-0.00189338
-0.00193883
-0.0019876
-0.00203984
-0.00209567
-0.00215527
-0.00221881
-0.00228647
-0.00235848
-0.00243506
-0.00251648
-0.00260303
-0.00269502
-0.00279283
-0.00289686
-0.00300755
-0.00312543
-0.00325105
-0.00338508
-0.00352823
-0.00368134
-0.00384536
-0.00402135
-0.00421054
-0.00441433
-0.00463432
-0.00487236
-0.00513056
-0.00541136
-0.00571754
-0.00605233
-0.00641939
-0.00682291
-0.00726765
-0.00775895
-0.00830277
-0.00890566
-0.00957469
-0.0103174
-0.0111413
-0.0120538
-0.0130621
-0.0141713
-0.0153852
-0.0167057
-0.0181307
-0.0196534
-0.021263
-0.0229431
-0.0246707
-0.0264169
-0.0281472
-0.0298226
-0.0314008
-0.0328381
-0.0340905
-0.0351157
-0.0358959
-0.0364142
-0.0366503
-0.0365984
-0.0362579
-0.0356249
-0.0346949
-0.0334748
-0.0319577
-0.0301253
-0.0279728
-0.0254907
-0.0226957
-0.0196242
-0.0163501
-0.0129804
-0.00965402
-0.00653634
-0.00380322
-0.00162638
-0.000145454
0.00060445
0.00071698
-0.000128199
-0.00158588
-0.00159207
-0.00159774
-0.00160464
-0.00161278
-0.0016222
-0.00163305
-0.00164548
-0.00165968
-0.00167583
-0.00169407
-0.00171458
-0.00173748
-0.00176292
-0.001791
-0.00182185
-0.00185556
-0.00189224
-0.001932
-0.00197494
-0.00202118
-0.00207083
-0.00212404
-0.00218093
-0.00224168
-0.00230644
-0.00237542
-0.00244883
-0.00252689
-0.00260987
-0.00269806
-0.00279179
-0.0028914
-0.00299732
-0.00310998
-0.00322991
-0.00335766
-0.0034939
-0.00363935
-0.00379483
-0.00396129
-0.0041398
-0.00433157
-0.004538
-0.00476067
-0.00500142
-0.00526232
-0.00554579
-0.00585457
-0.00619182
-0.00656114
-0.0069666
-0.00741281
-0.00790494
-0.00844871
-0.00905042
-0.00971674
-0.0104548
-0.0112715
-0.0121734
-0.013167
-0.0142572
-0.0154479
-0.0167405
-0.0181331
-0.0196194
-0.0211881
-0.0228229
-0.0245015
-0.0261958
-0.0278723
-0.0294934
-0.0310183
-0.0324051
-0.0336118
-0.0345987
-0.0353448
-0.0358399
-0.0360712
-0.0360348
-0.0357148
-0.0351132
-0.0342349
-0.0330748
-0.0316099
-0.0298199
-0.0277031
-0.0252353
-0.0224352
-0.0193296
-0.01599
-0.012523
-0.00906864
-0.00579791
-0.00289339
-0.000537923
0.00111359
0.00200702
0.00222185
0.00144301
-0.00166477
-0.00167094
-0.00167654
-0.00168331
-0.00169126
-0.00170044
-0.00171101
-0.00172316
-0.00173708
-0.00175297
-0.00177102
-0.00179138
-0.00181423
-0.00183968
-0.00186788
-0.00189893
-0.00193294
-0.00197002
-0.00201027
-0.00205378
-0.00210068
-0.00215109
-0.00220512
-0.00226292
-0.00232464
-0.00239046
-0.00246055
-0.00253514
-0.00261444
-0.00269872
-0.00278827
-0.0028834
-0.00298447
-0.00309189
-0.0032061
-0.00332761
-0.00345699
-0.00359488
-0.00374201
-0.00389919
-0.00406736
-0.00424756
-0.00444102
-0.00464909
-0.00487336
-0.00511559
-0.00537786
-0.00566251
-0.00597224
-0.00631012
-0.00667965
-0.00708477
-0.00752994
-0.00802011
-0.00856076
-0.00915787
-0.00981731
-0.0105454
-0.0113486
-0.0122334
-0.0132059
-0.0142713
-0.015433
-0.0166917
-0.0180451
-0.0194868
-0.0210059
-0.0225861
-0.0242058
-0.0258378
-0.0274501
-0.0290064
-0.0304678
-0.0317944
-0.032947
-0.0338886
-0.0345934
-0.0350547
-0.0352674
-0.0352194
-0.0349033
-0.0343225
-0.0334831
-0.0323666
-0.0309506
-0.0292224
-0.0271421
-0.02468
-0.0218645
-0.0187095
-0.0152888
-0.0117111
-0.00811751
-0.00468539
-0.00160346
0.000935067
0.00276186
0.00380485
0.00412899
0.00343423
-0.00174254
-0.00174879
-0.00175432
-0.00176093
-0.00176864
-0.00177749
-0.00178768
-0.00179942
-0.00181294
-0.00182845
-0.00184616
-0.00186626
-0.00188892
-0.00191428
-0.00194247
-0.00197362
-0.00200782
-0.00204519
-0.00208581
-0.00212979
-0.00217723
-0.00222825
-0.00228297
-0.00234152
-0.00240406
-0.00247074
-0.00254175
-0.00261729
-0.00269759
-0.0027829
-0.00287351
-0.00296972
-0.0030719
-0.00318043
-0.00329576
-0.0034184
-0.00354889
-0.00368787
-0.00383605
-0.00399426
-0.00416338
-0.00434448
-0.00453873
-0.00474748
-0.00497225
-0.0052148
-0.00547713
-0.00576151
-0.00607059
-0.00640734
-0.00677516
-0.00717787
-0.00761976
-0.0081055
-0.00864002
-0.00922812
-0.00987567
-0.0105889
-0.0113743
-0.0122382
-0.0131862
-0.0142225
-0.01535
-0.0165692
-0.0178773
-0.0192678
-0.0207301
-0.0222483
-0.0238014
-0.0253636
-0.0269039
-0.028388
-0.0297789
-0.0310387
-0.0321309
-0.0330208
-0.0336793
-0.0341051
-0.0342943
-0.034232
-0.0339129
-0.0333369
-0.0325032
-0.0313995
-0.0300116
-0.0283166
-0.0262563
-0.0238189
-0.0209841
-0.0177648
-0.0142452
-0.0105372
-0.00678419
-0.00317451
9.69897e-05
0.00282695
0.00483572
0.00603495
0.00647513
0.0058829
-0.00181924
-0.00182567
-0.00183114
-0.00183756
-0.00184494
-0.00185336
-0.00186303
-0.00187422
-0.00188718
-0.00190216
-0.0019194
-0.00193909
-0.00196144
-0.00198658
-0.00201466
-0.00204579
-0.00208008
-0.00211762
-0.00215851
-0.00220284
-0.00225071
-0.00230222
-0.00235749
-0.00241665
-0.00247983
-0.0025472
-0.00261892
-0.0026952
-0.00277625
-0.00286233
-0.0029537
-0.00305067
-0.00315359
-0.00326285
-0.00337888
-0.00350216
-0.00363324
-0.00377275
-0.00392139
-0.00407994
-0.0042493
-0.00443049
-0.00462466
-0.00483312
-0.00505736
-0.00529908
-0.00556022
-0.00584297
-0.00614986
-0.00648385
-0.00684823
-0.00724669
-0.00768318
-0.00816119
-0.00868537
-0.00926077
-0.0098936
-0.0105898
-0.011355
-0.012195
-0.0131147
-0.014118
-0.0152071
-0.0163822
-0.0176402
-0.0189748
-0.0203752
-0.0218263
-0.023308
-0.0247952
-0.0262588
-0.027666
-0.0289819
-0.0301709
-0.0311987
-0.0320327
-0.0326451
-0.0330336
-0.0331952
-0.0331152
-0.0327872
-0.0322078
-0.0313714
-0.030265
-0.0288686
-0.0271532
-0.0250799
-0.0226289
-0.0197493
-0.0164685
-0.0128474
-0.00899234
-0.0050549
-0.00124669
0.00223337
0.00516823
0.00736771
0.00873018
0.00929275
0.00882228
-0.00189498
-0.00190171
-0.00190711
-0.00191327
-0.00192023
-0.00192807
-0.00193707
-0.00194754
-0.00195976
-0.00197404
-0.00199064
-0.00200978
-0.00203167
-0.00205647
-0.00208432
-0.00211533
-0.0021496
-0.00218722
-0.00222827
-0.00227284
-0.00232103
-0.00237291
-0.0024286
-0.00248821
-0.00255188
-0.00261976
-0.002692
-0.0027688
-0.00285037
-0.00293694
-0.00302878
-0.00312619
-0.00322951
-0.0033391
-0.00345539
-0.00357886
-0.00371003
-0.00384952
-0.003998
-0.00415624
-0.00432511
-0.00450561
-0.00469885
-0.00490611
-0.00512883
-0.00536865
-0.00562743
-0.00590723
-0.00621049
-0.00654026
-0.00689965
-0.00729176
-0.00771945
-0.00818661
-0.00869839
-0.00925983
-0.00987627
-0.0105531
-0.0112957
-0.012109
-0.0129976
-0.0139649
-0.0150126
-0.0161405
-0.0173454
-0.018621
-0.0199568
-0.021338
-0.0227454
-0.0241553
-0.0255398
-0.0268681
-0.0281073
-0.0292239
-0.0301856
-0.0309623
-0.0315279
-0.0318778
-0.0320087
-0.0319066
-0.0315633
-0.0309723
-0.0301237
-0.0290003
-0.0275765
-0.0258181
-0.023686
-0.021148
-0.0181776
-0.0147977
-0.0110479
-0.00703423
-0.00290552
0.00111485
0.00482601
0.00798552
0.010387
0.011919
0.0126085
0.0122793
-0.00196992
-0.00197707
-0.00198239
-0.00198821
-0.0019946
-0.00200169
-0.00200981
-0.00201934
-0.00203063
-0.002044
-0.00205978
-0.00207821
-0.0020995
-0.00212382
-0.00215132
-0.0021821
-0.00221625
-0.00225386
-0.00229498
-0.00233971
-0.0023881
-0.00244024
-0.00249623
-0.00255616
-0.00262017
-0.00268838
-0.00276095
-0.00283806
-0.0029199
-0.00300671
-0.00309874
-0.00319627
-0.00329963
-0.00340918
-0.00352532
-0.00364852
-0.00377928
-0.0039182
-0.00406594
-0.00422323
-0.00439092
-0.00456998
-0.00476147
-0.00496666
-0.00518692
-0.00542385
-0.00567921
-0.00595491
-0.00625308
-0.00657729
-0.00692954
-0.00731245
-0.00772938
-0.00818485
-0.00868319
-0.00922908
-0.00982734
-0.010483
-0.0112008
-0.0119855
-0.0128411
-0.0137704
-0.0147749
-0.0158541
-0.0170046
-0.01822
-0.0194901
-0.0208007
-0.0221334
-0.0234656
-0.0247711
-0.0260206
-0.0271834
-0.0282279
-0.029124
-0.0298435
-0.030362
-0.0306724
-0.0307699
-0.0306411
-0.0302755
-0.0296628
-0.0287886
-0.0276305
-0.0261573
-0.0243293
-0.0221031
-0.0194421
-0.0163262
-0.0127728
-0.00883581
-0.0046266
-0.000306892
0.00394047
0.00789138
0.0112941
0.0139162
0.0156256
0.0164431
0.0162717
-0.0020443
-0.00205202
-0.00205721
-0.00206256
-0.00206818
-0.00207428
-0.00208128
-0.00208961
-0.00209971
-0.00211196
-0.00212671
-0.00214424
-0.00216478
-0.0021885
-0.00221554
-0.00224599
-0.00227994
-0.00231745
-0.00235857
-0.00240335
-0.00245186
-0.00250417
-0.00256034
-0.00262047
-0.00268467
-0.00275305
-0.00282577
-0.00290298
-0.00298488
-0.00307167
-0.0031636
-0.00326095
-0.00336401
-0.00347314
-0.00358873
-0.00371121
-0.00384109
-0.00397892
-0.00412535
-0.00428108
-0.00444692
-0.00462382
-0.0048128
-0.00501508
-0.00523201
-0.00546515
-0.00571626
-0.00598711
-0.00627797
-0.00659472
-0.00693789
-0.00731058
-0.00771631
-0.00815899
-0.00864261
-0.00917148
-0.00975011
-0.0103831
-0.0110749
-0.0118298
-0.0126513
-0.013542
-0.0145028
-0.0155329
-0.016629
-0.0177845
-0.0189896
-0.0202306
-0.0214899
-0.0227462
-0.0239745
-0.0251474
-0.0262358
-0.0272102
-0.0280423
-0.0287056
-0.0291772
-0.0294474
-0.0295089
-0.0293481
-0.0289517
-0.0283052
-0.0273888
-0.0261743
-0.0246242
-0.0226931
-0.0203336
-0.0175071
-0.0141961
-0.0104204
-0.00624509
-0.0017887
0.00278137
0.00726733
0.0114441
0.0150809
0.017953
0.0198592
0.0208095
0.020804
-0.00211849
-0.00212691
-0.00213187
-0.00213656
-0.00214116
-0.00214596
-0.00215151
-0.00215833
-0.00216695
-0.00217782
-0.00219132
-0.00220776
-0.00222739
-0.00225038
-0.00227685
-0.00230689
-0.00234056
-0.0023779
-0.00241894
-0.00246372
-0.00251227
-0.00256465
-0.00262091
-0.00268112
-0.00274538
-0.00281379
-0.00288648
-0.0029636
-0.00304533
-0.00313187
-0.00322344
-0.0033203
-0.00342274
-0.00353109
-0.00364574
-0.00376708
-0.00389561
-0.00403186
-0.00417644
-0.00433002
-0.0044934
-0.00466746
-0.00485321
-0.00505181
-0.00526457
-0.00549308
-0.00573933
-0.0060062
-0.00628344
-0.00659318
-0.00692705
-0.00728901
-0.00768259
-0.00811137
-0.00857915
-0.00908996
-0.00964801
-0.0102576
-0.0109228
-0.0116475
-0.0124347
-0.0132868
-0.0142044
-0.0151863
-0.0162292
-0.0173265
-0.0184687
-0.0196427
-0.0208315
-0.022015
-0.0231696
-0.0242693
-0.0252868
-0.0261941
-0.0269647
-0.0275734
-0.0279984
-0.0282273
-0.0282495
-0.0280499
-0.0276122
-0.0269169
-0.0259381
-0.0246408
-0.0229808
-0.0209072
-0.0183693
-0.0153282
-0.0117707
-0.00772313
-0.00326137
0.00148542
0.00634005
0.0110913
0.015509
0.0193644
0.0224521
0.0245783
0.0256955
0.0258626
-0.002193
-0.00220223
-0.00220679
-0.00221054
-0.00221376
-0.00221687
-0.00222057
-0.00222551
-0.0022323
-0.00224148
-0.00225348
-0.00226863
-0.00228719
-0.00230932
-0.00233512
-0.00236468
-0.002398
-0.00243512
-0.00247604
-0.00252076
-0.0025693
-0.00262168
-0.00267794
-0.00273814
-0.00280233
-0.00287063
-0.00294314
-0.00301999
-0.00310135
-0.0031874
-0.00327834
-0.00337444
-0.00347595
-0.00358319
-0.00369652
-0.00381633
-0.00394308
-0.00407728
-0.0042195
-0.0043704
-0.00453074
-0.00470134
-0.00488319
-0.00507738
-0.00528518
-0.00550806
-0.00574741
-0.0060043
-0.0062784
-0.00657662
-0.0068996
-0.00724981
-0.00763027
-0.0080443
-0.00849547
-0.0089876
-0.00952462
-0.0101105
-0.010749
-0.0114437
-0.0121973
-0.0130117
-0.0138874
-0.014823
-0.0158149
-0.0168568
-0.0179394
-0.0190499
-0.0201725
-0.0212875
-0.0223729
-0.0234039
-0.0243547
-0.0251987
-0.0259106
-0.0264665
-0.0268451
-0.0270306
-0.0270084
-0.0267612
-0.0262686
-0.0255055
-0.0244389
-0.0230266
-0.0212176
-0.018956
-0.0161893
-0.0128809
-0.00902415
-0.00465584
0.000135372
0.005207
0.0103698
0.015402
0.0200678
0.0241369
0.0274065
0.0297211
0.0310209
0.0314096
-0.00226856
-0.00227864
-0.00228254
-0.00228494
-0.00228629
-0.0022872
-0.00228854
-0.00229114
-0.00229571
-0.00230286
-0.00231309
-0.00232673
-0.00234405
-0.0023652
-0.00239026
-0.00241926
-0.00245221
-0.00248908
-0.00252984
-0.00257447
-0.00262295
-0.00267529
-0.00273148
-0.00279157
-0.00285561
-0.00292367
-0.00299584
-0.00307226
-0.00315305
-0.00323839
-0.00332848
-0.00342354
-0.00352383
-0.00362964
-0.00374131
-0.00385921
-0.00398377
-0.00411548
-0.00425489
-0.00440262
-0.00455939
-0.00472598
-0.00490334
-0.00509253
-0.0052947
-0.00551093
-0.00574243
-0.00599061
-0.00625714
-0.00654523
-0.00685695
-0.00719475
-0.00756146
-0.0079602
-0.00839438
-0.00886757
-0.00938349
-0.00994584
-0.0105582
-0.0112236
-0.0119448
-0.0127231
-0.0135589
-0.0144507
-0.0153947
-0.0163848
-0.0174118
-0.0184636
-0.0195246
-0.0205764
-0.0215977
-0.0225651
-0.0234538
-0.0242385
-0.0248945
-0.0253989
-0.0257305
-0.0258687
-0.0257941
-0.0254867
-0.0249213
-0.0240658
-0.0228798
-0.0213134
-0.0193093
-0.0168081
-0.013758
-0.0101278
-0.00592113
-0.0011884
0.00396608
0.00938472
0.0148654
0.0201776
0.0250813
0.0293479
0.0327815
0.0352407
0.0366783
0.0373581
-0.0023462
-0.002357
-0.00235981
-0.00236029
-0.00235913
-0.00235718
-0.00235556
-0.00235526
-0.00235714
-0.00236189
-0.00237003
-0.00238195
-0.00239787
-0.00241792
-0.00244217
-0.00247058
-0.00250313
-0.00253973
-0.00258033
-0.00262486
-0.00267327
-0.00272552
-0.0027816
-0.00284152
-0.0029053
-0.00297301
-0.00304473
-0.00312054
-0.00320059
-0.00328502
-0.00337402
-0.0034678
-0.00356659
-0.00367067
-0.00378036
-0.00389601
-0.00401802
-0.00414685
-0.00428302
-0.00442715
-0.0045799
-0.00474199
-0.00491435
-0.00509789
-0.00529351
-0.00550236
-0.00572584
-0.00596542
-0.00622292
-0.00650061
-0.00680074
-0.00712575
-0.00747836
-0.00786159
-0.00827866
-0.008733
-0.00922812
-0.00976751
-0.0103545
-0.010992
-0.0116822
-0.0124266
-0.0132251
-0.0140762
-0.014976
-0.0159183
-0.0168944
-0.0178923
-0.0188971
-0.0198911
-0.0208538
-0.0217626
-0.0225937
-0.0233226
-0.023925
-0.0243782
-0.0246604
-0.0247445
-0.0246052
-0.0242199
-0.0235573
-0.0225778
-0.0212327
-0.0194651
-0.0172126
-0.014415
-0.0110246
-0.00701961
-0.00241798
0.00271256
0.00824976
0.0140199
0.0198087
0.0253788
0.0304896
0.0349183
0.0384818
0.0410528
0.0425973
0.0435548
-0.00242731
-0.00243848
-0.00243955
-0.00243729
-0.00243276
-0.00242713
-0.00242179
-0.00241796
-0.00241663
-0.00241855
-0.00242428
-0.00243422
-0.00244858
-0.00246744
-0.00249081
-0.00251862
-0.00255077
-0.00258712
-0.00262758
-0.00267201
-0.00272034
-0.00277249
-0.00282842
-0.00288811
-0.00295157
-0.00301883
-0.00308995
-0.00316502
-0.00324416
-0.00332749
-0.00341518
-0.00350744
-0.00360447
-0.00370656
-0.00381397
-0.00392704
-0.00404616
-0.00417175
-0.00430432
-0.00444447
-0.00459279
-0.00474987
-0.00491658
-0.00509382
-0.00528253
-0.00548384
-0.00569909
-0.00592974
-0.00617754
-0.00644448
-0.00673275
-0.00704477
-0.00738319
-0.00775091
-0.00815105
-0.00858688
-0.00906178
-0.00957906
-0.0101419
-0.0107529
-0.0114143
-0.0121271
-0.0128913
-0.0137049
-0.0145644
-0.0154634
-0.0163932
-0.0173423
-0.0182963
-0.0192377
-0.0201468
-0.0210017
-0.0217792
-0.0224548
-0.0230045
-0.023405
-0.0236319
-0.0236501
-0.0234273
-0.0229389
-0.0221468
-0.0210025
-0.0194496
-0.0174253
-0.014865
-0.0117111
-0.00792451
-0.00349794
0.00153222
0.00707771
0.0129967
0.0190995
0.0251616
0.0309423
0.0362053
0.0407392
0.044379
0.0470166
0.0486353
0.049862
-0.00251381
-0.00252453
-0.00252288
-0.00251679
-0.00250778
-0.00249748
-0.00248754
-0.00247944
-0.00247429
-0.0024729
-0.00247587
-0.00248359
-0.00249622
-0.00251381
-0.00253627
-0.00256347
-0.00259523
-0.00263137
-0.00267171
-0.00271608
-0.00276434
-0.00281639
-0.00287214
-0.00293155
-0.00299461
-0.00306132
-0.00313173
-0.00320591
-0.00328396
-0.003366
-0.00345218
-0.00354268
-0.00363771
-0.00373753
-0.00384239
-0.00395259
-0.0040685
-0.00419052
-0.00431913
-0.00445485
-0.00459824
-0.00474994
-0.00491069
-0.00508138
-0.00526293
-0.00545645
-0.00566319
-0.00588461
-0.00612236
-0.00637833
-0.00665465
-0.00695367
-0.00727798
-0.00763041
-0.00801398
-0.00843188
-0.00888736
-0.00938362
-0.00992364
-0.01051
-0.0111446
-0.0118285
-0.0125612
-0.0133409
-0.0141638
-0.0150237
-0.0159118
-0.0168169
-0.0177246
-0.0186181
-0.019478
-0.0202826
-0.0210089
-0.0216323
-0.0221284
-0.0224728
-0.0226301
-0.0225605
-0.0222277
-0.0216026
-0.0206384
-0.0192784
-0.0174597
-0.0151163
-0.0121851
-0.00861627
-0.00438475
0.000497428
0.00597128
0.0119257
0.0181987
0.0245864
0.0308576
0.0367736
0.0421082
0.046668
0.0503125
0.0529582
0.0546132
0.0560936
-0.00260824
-0.002617
-0.00261123
-0.00259987
-0.00258501
-0.00256881
-0.00255323
-0.00253993
-0.00253022
-0.00252502
-0.00252491
-0.0025302
-0.002541
-0.00255726
-0.00257881
-0.00260542
-0.00263684
-0.00267281
-0.00271307
-0.0027574
-0.00280561
-0.00285754
-0.00291309
-0.00297216
-0.00303473
-0.00310078
-0.00317035
-0.00324348
-0.00332025
-0.00340079
-0.00348523
-0.00357374
-0.0036665
-0.00376375
-0.00386574
-0.00397276
-0.00408514
-0.00420327
-0.00432756
-0.00445853
-0.0045967
-0.00474269
-0.00489721
-0.0050611
-0.00523525
-0.00542074
-0.00561878
-0.00583077
-0.00605831
-0.00630325
-0.00656764
-0.00685378
-0.00716422
-0.00750171
-0.00786924
-0.00826993
-0.00870694
-0.00918338
-0.00970211
-0.0102656
-0.0108756
-0.0115329
-0.0122371
-0.0129861
-0.0137759
-0.0146003
-0.0154507
-0.0163156
-0.017181
-0.01803
-0.0188434
-0.0195995
-0.0202749
-0.0208446
-0.0212835
-0.0215629
-0.0216284
-0.0214315
-0.0209518
-0.0201457
-0.018956
-0.0173193
-0.0151694
-0.0124409
-0.00907786
-0.00504388
-0.000333589
0.00501695
0.0109231
0.0172499
0.0238167
0.0304086
0.0367932
0.04274
0.0480407
0.0525268
0.0560889
0.0586736
0.0603216
0.0620272
-0.00271389
-0.00271811
-0.00270635
-0.00268778
-0.00266536
-0.00264151
-0.00261911
-0.00259975
-0.00258486
-0.00257543
-0.00257197
-0.00257468
-0.00258356
-0.00259846
-0.0026191
-0.00264516
-0.00267627
-0.0027121
-0.0027523
-0.00279659
-0.00284473
-0.00289651
-0.00295177
-0.00301042
-0.00307237
-0.00313762
-0.00320615
-0.00327803
-0.0033533
-0.00343209
-0.00351451
-0.00360072
-0.0036909
-0.00378527
-0.00388405
-0.00398754
-0.00409603
-0.00420989
-0.00432952
-0.00445539
-0.00458802
-0.00472799
-0.00487599
-0.0050328
-0.00519932
-0.00537656
-0.00556572
-0.00576816
-0.00598544
-0.00621935
-0.0064719
-0.00674535
-0.00704221
-0.00736522
-0.00771731
-0.00810156
-0.00852108
-0.0089789
-0.00947778
-0.0100201
-0.0106074
-0.0112405
-0.0119186
-0.0126394
-0.013399
-0.0141908
-0.0150061
-0.0158336
-0.0166589
-0.017465
-0.0182324
-0.0189391
-0.0195611
-0.0200724
-0.0204442
-0.0206265
-0.0205563
-0.0201956
-0.0195207
-0.0184761
-0.0169967
-0.0150154
-0.0124665
-0.00929111
-0.00544628
-0.00091523
0.00428256
0.0100834
0.0163758
0.023002
0.0297659
0.0364472
0.0428189
0.048667
0.0538082
0.0581067
0.0614895
0.0639384
0.0655326
0.0674188
-0.00283484
-0.00283047
-0.00281011
-0.00278145
-0.00274933
-0.00271653
-0.0026861
-0.00265996
-0.00263945
-0.00262546
-0.0026184
-0.00261836
-0.00262523
-0.00263871
-0.00265841
-0.00268389
-0.00271468
-0.00275034
-0.00279046
-0.00283467
-0.00288265
-0.00293417
-0.00298902
-0.00304706
-0.0031082
-0.00317239
-0.00323963
-0.00330994
-0.00338339
-0.00346006
-0.00354008
-0.0036236
-0.00371077
-0.00380181
-0.00389694
-0.00399642
-0.00410055
-0.00420968
-0.00432419
-0.00444451
-0.00457116
-0.00470469
-0.00484576
-0.00499514
-0.00515368
-0.00532239
-0.00550242
-0.00569511
-0.00590199
-0.0061248
-0.00636554
-0.00662642
-0.00690994
-0.00721881
-0.00755596
-0.00792445
-0.00832735
-0.00876759
-0.00924785
-0.00977039
-0.0103367
-0.0109473
-0.011601
-0.0122955
-0.0130267
-0.0137876
-0.0145691
-0.0153598
-0.016145
-0.016907
-0.0176259
-0.0182774
-0.0188408
-0.0192847
-0.0195576
-0.0195829
-0.019318
-0.0187478
-0.0178214
-0.0164732
-0.0146355
-0.0122426
-0.00923488
-0.00556621
-0.00121301
0.00381651
0.00947434
0.0156678
0.0222594
0.0290722
0.0359006
0.0425261
0.0487355
0.0543389
0.059186
0.0631792
0.0662863
0.068527
0.0700214
0.0720267
-0.00297587
-0.00295643
-0.00292364
-0.00288245
-0.0028384
-0.00279532
-0.00275608
-0.0027226
-0.00269611
-0.00267732
-0.00266649
-0.00266358
-0.00266833
-0.00268031
-0.00269899
-0.0027238
-0.00275417
-0.00278955
-0.00282943
-0.00287337
-0.002921
-0.00297201
-0.00302615
-0.00308326
-0.00314321
-0.00320594
-0.00327143
-0.00333969
-0.00341078
-0.00348478
-0.0035618
-0.00364198
-0.0037255
-0.00381254
-0.00390332
-0.0039981
-0.00409716
-0.00420083
-0.00430949
-0.00442355
-0.0045435
-0.00466989
-0.00480337
-0.00494465
-0.0050946
-0.00525419
-0.00542455
-0.00560699
-0.00580302
-0.00601436
-0.00624297
-0.00649106
-0.00676111
-0.00705583
-0.00737815
-0.00773114
-0.00811784
-0.00854107
-0.0090034
-0.00950705
-0.0100535
-0.0106426
-0.0112729
-0.0119417
-0.0126448
-0.0133747
-0.0141215
-0.0148736
-0.0156142
-0.0163253
-0.0169924
-0.0175804
-0.0180666
-0.0184093
-0.0184844
-0.0182862
-0.0177965
-0.0169628
-0.0157203
-0.0140024
-0.0117443
-0.00888682
-0.00538282
-0.00120508
0.00364543
0.00913192
0.0151766
0.0216592
0.0284204
0.0352703
0.0420019
0.0484073
0.0542954
0.0595085
0.0639347
0.0675182
0.0702684
0.0722425
0.0735987
0.0756453
-0.00314268
-0.0030976
-0.00304852
-0.00299215
-0.00293468
-0.00288051
-0.00283216
-0.00279125
-0.00275876
-0.00273516
-0.00272056
-0.00271473
-0.00271728
-0.00272762
-0.0027451
-0.00276902
-0.0027987
-0.00283348
-0.00287277
-0.00291604
-0.00296284
-0.00301281
-0.00306568
-0.00312122
-0.00317929
-0.00323981
-0.00330273
-0.00336808
-0.0034359
-0.00350626
-0.00357927
-0.00365508
-0.00373384
-0.00381575
-0.00390102
-0.00398989
-0.00408266
-0.00417963
-0.00428118
-0.00438771
-0.00449969
-0.00461768
-0.00474228
-0.00487422
-0.00501433
-0.00516358
-0.00532307
-0.00549411
-0.00567817
-0.00587696
-0.00609243
-0.00632678
-0.00658248
-0.00686228
-0.00716915
-0.0075062
-0.00787637
-0.00828218
-0.00872606
-0.00921035
-0.00973663
-0.0103043
-0.0109104
-0.0115522
-0.0122252
-0.0129196
-0.0136261
-0.0143385
-0.0150313
-0.0156754
-0.0162827
-0.01682
-0.0171321
-0.0171981
-0.0170479
-0.0166211
-0.0158594
-0.0147019
-0.0130854
-0.0109474
-0.00823037
-0.00488754
-0.000889992
0.00376587
0.00905148
0.0149009
0.0212089
0.0278323
0.0345973
0.04131
0.0477714
0.0537932
0.0592149
0.063916
0.0678262
0.0709308
0.073277
0.074955
0.0761504
0.0781477
-0.0033386
-0.00325543
-0.00318591
-0.00311265
-0.00304151
-0.00297679
-0.00292021
-0.00287275
-0.00283501
-0.00280718
-0.00278916
-0.0027806
-0.00278095
-0.00278952
-0.00280553
-0.00282818
-0.00285668
-0.00289027
-0.00292825
-0.00297004
-0.00301511
-0.00306304
-0.00311352
-0.00316629
-0.00322118
-0.00327809
-0.00333698
-0.00339783
-0.00346071
-0.00352568
-0.00359286
-0.00366238
-0.0037344
-0.00380913
-0.00388676
-0.00396755
-0.00405177
-0.00413973
-0.0042318
-0.00432839
-0.00442995
-0.00453704
-0.00465025
-0.00477031
-0.00489804
-0.0050344
-0.00518049
-0.0053376
-0.00550719
-0.00569098
-0.00589092
-0.00610922
-0.00634843
-0.00661141
-0.00690132
-0.00722156
-0.00757494
-0.00796299
-0.00838734
-0.00885047
-0.00935408
-0.0098961
-0.0104714
-0.0110815
-0.0117248
-0.012377
-0.0130261
-0.0136945
-0.0143712
-0.0149489
-0.015361
-0.0155939
-0.0156844
-0.0155583
-0.0151726
-0.0144679
-0.0133838
-0.011861
-0.009841
-0.00726887
-0.00409932
-0.000302827
0.0041276
0.00917018
0.0147695
0.0208338
0.0272363
0.0338196
0.040405
0.0468052
0.0528386
0.0583452
0.0631996
0.0673212
0.0706791
0.0732945
0.0752435
0.0766384
0.0776741
0.0795267
-0.00356422
-0.00342763
-0.00333491
-0.00324536
-0.00316286
-0.00309052
-0.00302859
-0.0029771
-0.00293613
-0.00290561
-0.0028853
-0.00287474
-0.00287328
-0.00288018
-0.00289456
-0.00291553
-0.0029422
-0.00297374
-0.00300937
-0.00304842
-0.00309032
-0.00313458
-0.00318086
-0.00322885
-0.00327839
-0.00332933
-0.00338164
-0.00343531
-0.00349037
-0.00354692
-0.00360506
-0.00366494
-0.00372673
-0.00379061
-0.00385681
-0.00392558
-0.00399719
-0.00407195
-0.00415022
-0.00423239
-0.0043189
-0.00441026
-0.00450709
-0.00461009
-0.00472009
-0.00483805
-0.00496507
-0.00510241
-0.00525155
-0.00541418
-0.00559227
-0.00578808
-0.00600424
-0.00624379
-0.00651031
-0.00680808
-0.00714085
-0.00750944
-0.00791414
-0.00835813
-0.00884431
-0.00936441
-0.00989421
-0.0104584
-0.0110893
-0.011737
-0.0123277
-0.0128236
-0.013221
-0.0135645
-0.0137991
-0.0138725
-0.0137607
-0.0134052
-0.0127508
-0.0117429
-0.0103254
-0.00844308
-0.00604427
-0.00308537
0.000463629
0.00461307
0.00934789
0.0146231
0.0203611
0.0264523
0.0327577
0.0391164
0.0453561
0.0513054
0.0568083
0.0617371
0.0660023
0.0695595
0.0724099
0.0745999
0.0762214
0.0773936
0.0782979
0.0799173
-0.00381076
-0.00360627
-0.00349101
-0.00339008
-0.00330229
-0.00322824
-0.00316609
-0.00311472
-0.00307373
-0.00304289
-0.0030219
-0.00301032
-0.00300751
-0.0030127
-0.00302499
-0.00304345
-0.00306712
-0.00309511
-0.00312658
-0.0031608
-0.00319716
-0.00323513
-0.00327433
-0.00331443
-0.00335524
-0.00339663
-0.00343853
-0.00348094
-0.00352391
-0.00356753
-0.0036119
-0.00365718
-0.00370355
-0.00375121
-0.00380038
-0.00385131
-0.00390431
-0.00395968
-0.00401786
-0.00407926
-0.00414424
-0.00421319
-0.0042866
-0.00436513
-0.00444954
-0.00454074
-0.00463977
-0.00474784
-0.00486633
-0.00499686
-0.00514125
-0.00530156
-0.0054801
-0.00567939
-0.00590214
-0.00615179
-0.00642967
-0.00673504
-0.00707837
-0.00747932
-0.00797019
-0.00853426
-0.00906008
-0.00954064
-0.00996473
-0.0103702
-0.0107786
-0.0111503
-0.0114479
-0.0116537
-0.0117281
-0.0116248
-0.011303
-0.010715
-0.00980975
-0.00853552
-0.00684026
-0.00467478
-0.00199658
0.00122567
0.0050071
0.00934172
0.0141971
0.0195109
0.0251923
0.0311235
0.0371648
0.0431624
0.0489588
0.0544052
0.059373
0.0637646
0.0675205
0.0706221
0.0730911
0.0749866
0.0764024
0.0774495
0.0782725
0.0796013
-0.00405414
-0.00378277
-0.00366061
-0.00356893
-0.00349548
-0.00343667
-0.00338849
-0.00334885
-0.00331714
-0.0032932
-0.00327691
-0.00326801
-0.00326603
-0.00327029
-0.00328001
-0.0032943
-0.00331226
-0.00333302
-0.00335579
-0.00337985
-0.00340462
-0.0034296
-0.00345443
-0.00347883
-0.00350263
-0.00352573
-0.0035481
-0.00356978
-0.00359083
-0.00361137
-0.00363153
-0.00365148
-0.0036714
-0.00369147
-0.00371191
-0.00373294
-0.00375478
-0.00377773
-0.00380271
-0.00383052
-0.00386168
-0.00389693
-0.00393702
-0.00398272
-0.0040349
-0.00409461
-0.00416307
-0.00424175
-0.00433239
-0.0044371
-0.00455847
-0.00469992
-0.00486615
-0.00506435
-0.00530764
-0.00561857
-0.00597748
-0.00629315
-0.00659883
-0.00688732
-0.00711739
-0.00730726
-0.00759969
-0.00794778
-0.00829521
-0.00862616
-0.00893217
-0.00918572
-0.00935702
-0.00942023
-0.00934227
-0.00908285
-0.00859991
-0.00784806
-0.00677837
-0.00534187
-0.00349224
-0.00118808
0.0016035
0.00490276
0.00871349
0.0130222
0.0177919
0.0229543
0.0284157
0.0340607
0.0397572
0.0453644
0.0507427
0.0557638
0.0603209
0.0643365
0.0677681
0.0706095
0.0728894
0.0746679
0.0760329
0.0770806
0.0779087
0.0789753
-0.00425199
-0.00395482
-0.00388105
-0.00386703
-0.00387609
-0.00389639
-0.00392147
-0.00394857
-0.00397703
-0.00400682
-0.00403794
-0.00407022
-0.00410321
-0.00413629
-0.00416863
-0.00419938
-0.00422765
-0.00425259
-0.00427345
-0.00428958
-0.00430048
-0.00430575
-0.00430513
-0.00429848
-0.00428577
-0.00426705
-0.00424246
-0.0042122
-0.00417653
-0.00413576
-0.00409024
-0.00404034
-0.00398649
-0.00392914
-0.00386879
-0.00380596
-0.00374118
-0.00367468
-0.00360582
-0.00353473
-0.00346251
-0.00339024
-0.00331882
-0.00324913
-0.00318213
-0.00311891
-0.00306069
-0.00300884
-0.00296487
-0.00293044
-0.00290733
-0.00289729
-0.00290178
-0.00292108
-0.00295176
-0.00298681
-0.00306666
-0.00326665
-0.00348318
-0.00370659
-0.00394539
-0.00420753
-0.0045058
-0.00482257
-0.00513499
-0.0054333
-0.00570979
-0.00594518
-0.00611314
-0.00618606
-0.00613155
-0.00591135
-0.00548407
-0.00480553
-0.00382926
-0.00250856
-0.00079878
0.00134006
0.00393997
0.00702114
0.0105873
0.0146189
0.0190744
0.0238955
0.0290015
0.0342903
0.0396446
0.0449385
0.0500466
0.0548523
0.0592559
0.0631822
0.0665851
0.0694505
0.0717976
0.0736792
0.0751808
0.0763985
0.0774079
0.078462
)
;

boundaryField
{
    movingWall
    {
        type            zeroGradient;
    }
    fixedWalls
    {
        type            zeroGradient;
    }
    frontAndBack
    {
        type            empty;
    }
}


// ************************************************************************* //
