/*--------------------------------*- C++ -*----------------------------------*\
  =========                 |
  \\      /  F ield         | OpenFOAM: The Open Source CFD Toolbox
   \\    /   O peration     | Website:  https://openfoam.org
    \\  /    A nd           | Version:  11
     \\/     M anipulation  |
\*---------------------------------------------------------------------------*/
FoamFile
{
    format      ascii;
    class       volScalarField;
    location    "79";
    object      p;
}
// * * * * * * * * * * * * * * * * * * * * * * * * * * * * * * * * * * * * * //

dimensions      [0 2 -2 0 0 0 0];

internalField   nonuniform List<scalar> 
10000
(
1.44189e-07
8.72749e-06
5.16084e-06
-9.47205e-06
-3.50585e-05
-7.06246e-05
-0.000114679
-0.000165727
-0.000222452
-0.000283744
-0.000348711
-0.000416651
-0.000487026
-0.000559415
-0.000633504
-0.000709042
-0.000785818
-0.000863636
-0.000942301
-0.0010216
-0.00110128
-0.00118106
-0.00126061
-0.00133954
-0.00141742
-0.00149375
-0.00156799
-0.00163955
-0.00170777
-0.00177197
-0.00183141
-0.00188532
-0.00193293
-0.0019734
-0.00200592
-0.00202966
-0.00204381
-0.00204756
-0.00204017
-0.00202092
-0.00198916
-0.00194431
-0.00188591
-0.00181357
-0.00172706
-0.00162628
-0.00151129
-0.00138232
-0.0012398
-0.00108436
-0.000916873
-0.000738431
-0.000550427
-0.000354671
-0.000153266
5.17935e-05
0.000258538
0.000464849
0.000668479
0.000867093
0.00105831
0.00123973
0.00140901
0.0015639
0.00170226
0.00182217
0.00192193
0.00200012
0.00205565
0.00208777
0.00209611
0.00208072
0.00204204
0.00198089
0.00189852
0.00179651
0.00167678
0.00154151
0.00139309
0.00123427
0.00106777
0.000896375
0.000722806
0.000549731
0.000379716
0.000215193
5.84265e-05
-8.85305e-05
-0.000223757
-0.000345575
-0.000452489
-0.00054318
-0.000616526
-0.000671661
-0.000708097
-0.00072595
-0.000726406
-0.000712636
-0.000690903
-0.000666384
-8.4647e-06
1.18524e-07
-4.46669e-06
-1.85612e-05
-4.16342e-05
-7.31587e-05
-0.000112171
-0.000157451
-0.000208188
-0.000263449
-0.000322471
-0.000384633
-0.000449428
-0.00051645
-0.000585368
-0.00065591
-0.000727838
-0.000800932
-0.000874972
-0.000949727
-0.00102494
-0.00110032
-0.00117555
-0.00125025
-0.00132401
-0.00139636
-0.00146679
-0.00153474
-0.0015996
-0.00166073
-0.00171744
-0.00176902
-0.00181473
-0.0018538
-0.00188547
-0.00190895
-0.00192348
-0.00192832
-0.00192274
-0.00190608
-0.00187773
-0.00183713
-0.00178384
-0.00171751
-0.00163791
-0.00154494
-0.00143865
-0.00131927
-0.00118719
-0.001043
-0.000887516
-0.000721722
-0.000546854
-0.000364749
-0.000177481
1.31253e-05
0.000205248
0.000396905
0.000585998
0.000770353
0.000947756
0.00111599
0.00127289
0.00141636
0.00154446
0.00165541
0.00174767
0.00181994
0.00187125
0.00190093
0.0019087
0.00189461
0.00185912
0.00180302
0.00172749
0.00163401
0.00152436
0.00140058
0.00126491
0.00111981
0.000967897
0.000811625
0.000653427
0.000495727
0.000340862
0.000191026
4.825e-05
-8.55497e-05
-0.000208774
-0.000319922
-0.000417727
-0.00050113
-0.000569308
-0.000621725
-0.000658226
-0.000679156
-0.000685666
-0.000680354
-0.000666425
-0.000641891
-4.82769e-06
4.62851e-06
-1.15913e-07
-1.39351e-05
-3.5915e-05
-6.55446e-05
-0.000101952
-0.000144382
-0.000191823
-0.000243593
-0.000299026
-0.000357579
-0.000418793
-0.000482291
-0.000547761
-0.000614939
-0.000683591
-0.000753498
-0.000824441
-0.00089619
-0.000968494
-0.00104107
-0.00111361
-0.00118574
-0.00125708
-0.00132716
-0.00139552
-0.0014616
-0.00152484
-0.0015846
-0.00164025
-0.00169109
-0.0017364
-0.00177546
-0.00180751
-0.00183181
-0.00184761
-0.00185418
-0.00185083
-0.00183689
-0.00181176
-0.00177489
-0.00172585
-0.00166426
-0.0015899
-0.00150264
-0.00140251
-0.00128971
-0.0011646
-0.00102772
-0.000879827
-0.000721819
-0.000554852
-0.000380831
-0.000201951
-1.97797e-05
0.000163948
0.000347311
0.000528286
0.000704775
0.000874645
0.00103576
0.00118602
0.00132343
0.0014461
0.00155233
0.00164063
0.00170977
0.00175882
0.00178717
0.00179453
0.00178101
0.00174703
0.00169342
0.0016213
0.00153213
0.00142765
0.00130983
0.00118081
0.00104292
0.000898704
0.000750654
0.00060096
0.000451842
0.00030551
0.000164045
2.93542e-05
-9.68736e-05
-0.000213076
-0.00031794
-0.000410349
-0.000489388
-0.000554365
-0.000604853
-0.000640732
-0.000662241
-0.000670197
-0.000666577
-0.000652558
-0.000620118
1.02855e-05
1.88222e-05
1.32973e-05
-8.51312e-07
-2.25208e-05
-5.11637e-05
-8.59817e-05
-0.000126248
-0.000171162
-0.000220125
-0.000272574
-0.000328032
-0.000386101
-0.000446451
-0.000508805
-0.000572922
-0.000638589
-0.000705602
-0.000773754
-0.000842827
-0.000912582
-0.000982751
-0.00105303
-0.00112309
-0.00119253
-0.00126094
-0.00132785
-0.00139274
-0.00145506
-0.00151422
-0.00156958
-0.00162048
-0.00166623
-0.0017061
-0.00173938
-0.00176532
-0.00178319
-0.00179227
-0.00179187
-0.00178131
-0.00175999
-0.00172737
-0.00168297
-0.00162641
-0.00155744
-0.0014759
-0.00138179
-0.00127526
-0.00115663
-0.00102639
-0.000885209
-0.000733913
-0.000573672
-0.000406476
-0.000234568
-5.92578e-05
0.000117766
0.000294622
0.000469333
0.000639854
0.000804096
0.000959971
0.00110543
0.0012385
0.00135734
0.00146028
0.00154587
0.00161291
0.00166048
0.00168798
0.00169517
0.00168212
0.00164929
0.00159749
0.00152784
0.00144179
0.00134104
0.00122754
0.00110341
0.000970883
0.000832336
0.000690305
0.000547082
0.000404614
0.000264941
0.000130048
1.74606e-06
-0.000118363
-0.000228877
-0.00032862
-0.000416602
-0.000492016
-0.000554257
-0.000602939
-0.000637899
-0.000659177
-0.0006672
-0.000663344
-0.000647312
-0.000606164
3.71149e-05
4.2373e-05
3.50381e-05
1.97728e-05
-2.32476e-06
-3.06861e-05
-6.45733e-05
-0.000103311
-0.00014628
-0.00019295
-0.000242855
-0.0002956
-0.000350858
-0.000408354
-0.000467858
-0.000529168
-0.0005921
-0.000656477
-0.000722114
-0.000788813
-0.000856356
-0.000924493
-0.000992942
-0.00106138
-0.00112945
-0.00119675
-0.00126282
-0.00132719
-0.00138931
-0.0014486
-0.00150447
-0.00155625
-0.00160327
-0.00164483
-0.00168021
-0.00170866
-0.00172946
-0.00174189
-0.00174523
-0.00173882
-0.00172201
-0.00169425
-0.00165503
-0.00160395
-0.0015407
-0.0014651
-0.00137709
-0.00127678
-0.00116442
-0.00104046
-0.000905456
-0.000760135
-0.000605848
-0.000444893
-0.000278916
-0.000109304
6.22626e-05
0.00023394
0.000403786
0.000569782
0.000729864
0.000881964
0.00102405
0.00115417
0.00127049
0.00137136
0.00145532
0.00152117
0.00156801
0.00159524
0.0016026
0.00159019
0.00155845
0.00150819
0.00144053
0.0013569
0.00125902
0.00114882
0.0010284
0.000899987
0.000765877
0.000628431
0.000490071
0.000352852
0.00021852
8.892e-05
-3.42085e-05
-0.000149334
-0.000255162
-0.000350635
-0.000434896
-0.00050723
-0.000567091
-0.000614111
-0.000648063
-0.000668803
-0.000676424
-0.000671856
-0.000653876
-0.000606188
7.4988e-05
7.48995e-05
6.4725e-05
4.7487e-05
2.41922e-05
-4.5978e-06
-3.82243e-05
-7.61008e-05
-0.00011772
-0.000162646
-0.00021051
-0.000261004
-0.000313877
-0.00036892
-0.000425959
-0.000484841
-0.000545421
-0.000607557
-0.000671097
-0.000735871
-0.000801684
-0.000868313
-0.000935497
-0.00100294
-0.0010703
-0.0011372
-0.00120321
-0.00126785
-0.00133062
-0.00139095
-0.00144824
-0.00150186
-0.00155112
-0.00159534
-0.00163378
-0.00166571
-0.00169039
-0.00170706
-0.00171501
-0.00171352
-0.00170196
-0.00167969
-0.00164619
-0.00160101
-0.00154379
-0.0014743
-0.00139244
-0.00129823
-0.0011919
-0.0010738
-0.000944421
-0.0008044
-0.000655408
-0.000499639
-0.000338473
-0.00017334
-5.91107e-06
0.000161996
0.000328453
0.00049145
0.000648928
0.000798816
0.000939078
0.00106775
0.00118299
0.00128313
0.00136669
0.00143246
0.00147951
0.00150723
0.00151534
0.00150394
0.00147345
0.00142468
0.00135874
0.00127708
0.00118141
0.00107367
0.000955956
0.00083051
0.000699618
0.000565579
0.000430679
0.000297134
0.000166773
4.11617e-05
-7.80693e-05
-0.000189438
-0.000291687
-0.000383861
-0.00046522
-0.000535135
-0.000593108
-0.000638774
-0.000671856
-0.000692069
-0.000699269
-0.000694098
-0.00067482
-0.000623249
0.000122549
0.000115433
0.000101494
8.1534e-05
5.62981e-05
2.64125e-05
-7.56173e-06
-4.51533e-05
-8.59614e-05
-0.000129653
-0.000175958
-0.00022466
-0.00027559
-0.000328612
-0.000383614
-0.0004405
-0.000499175
-0.000559539
-0.000621477
-0.000684855
-0.00074951
-0.000815244
-0.000881827
-0.000948983
-0.0010164
-0.00108371
-0.00115051
-0.00121634
-0.00128071
-0.00134306
-0.00140279
-0.00145928
-0.00151184
-0.00155978
-0.00160235
-0.0016388
-0.00166835
-0.00169025
-0.00170373
-0.00170804
-0.0017025
-0.00168643
-0.00165926
-0.00162048
-0.00156967
-0.00150656
-0.00143096
-0.00134286
-0.00124241
-0.00112991
-0.00100573
-0.00087049
-0.000726094
-0.000574667
-0.000417379
-0.000255667
-9.12023e-05
7.42014e-05
0.000238616
0.000400022
0.000556348
0.000705504
0.000845427
0.000974126
0.00108973
0.00119051
0.00127498
0.00134188
0.00139023
0.0014194
0.00142908
0.00141933
0.00139056
0.00134355
0.00127944
0.00119964
0.00110589
0.00100013
0.000884493
0.000761217
0.000632613
0.000500982
0.000368571
0.000237533
0.000109818
-1.29437e-05
-0.000129386
-0.000238095
-0.00033783
-0.000427667
-0.000506926
-0.00057511
-0.000631759
-0.000676514
-0.000709065
-0.000729041
-0.000736154
-0.000730872
-0.000711246
-0.000658405
0.000178347
0.000162798
0.000144266
0.000120923
9.31229e-05
6.15739e-05
2.6724e-05
-1.10822e-05
-5.15577e-05
-9.44781e-05
-0.000139676
-0.000187033
-0.000236464
-0.000287914
-0.000341342
-0.000396712
-0.000453985
-0.00051311
-0.000574017
-0.000636608
-0.000700757
-0.000766299
-0.000833031
-0.000900705
-0.000969029
-0.00103766
-0.00110621
-0.00117423
-0.00124124
-0.00130668
-0.00136997
-0.00143046
-0.00148747
-0.00154028
-0.00158811
-0.0016302
-0.00166574
-0.00169392
-0.00171393
-0.00172498
-0.00172632
-0.00171724
-0.00169709
-0.0016653
-0.00162139
-0.00156501
-0.00149593
-0.00141405
-0.00131948
-0.00121243
-0.00109322
-0.000962398
-0.000822061
-0.0006743
-0.000520103
-0.000360903
-0.000198385
-3.43673e-05
0.000129211
0.00029031
0.000446832
0.000596654
0.000737671
0.000867846
0.000985252
0.00108812
0.00117489
0.00124425
0.00129517
0.00132696
0.00133925
0.00133207
0.00130579
0.00126116
0.00119931
0.00112165
0.00102991
0.000926058
0.000812232
0.000690708
0.000563818
0.000433891
0.000303187
0.000173848
4.78427e-05
-7.31567e-05
-0.00018772
-0.000294704
-0.000392877
-0.000481284
-0.000559259
-0.000626423
-0.000682373
-0.000726764
-0.000759278
-0.000779505
-0.000787085
-0.000782395
-0.000763462
-0.000711654
0.000240709
0.000215719
0.000191988
0.000164611
0.000133723
0.000100027
6.38465e-05
2.53888e-05
-1.51828e-05
-5.776e-05
-0.000102285
-0.000148739
-0.000197132
-0.000247489
-0.000299847
-0.000354235
-0.000410674
-0.000469167
-0.000529691
-0.000592193
-0.000656582
-0.000722729
-0.000790461
-0.000859558
-0.000929749
-0.00100071
-0.00107207
-0.00114339
-0.00121418
-0.00128391
-0.00135196
-0.00141768
-0.00148037
-0.00153928
-0.00159361
-0.00164255
-0.00168525
-0.00172084
-0.00174846
-0.00176728
-0.00177646
-0.00177522
-0.00176286
-0.00173874
-0.0017023
-0.00165313
-0.00159091
-0.0015155
-0.00142692
-0.00132534
-0.00121098
-0.00108438
-0.000947722
-0.000803076
-0.000651305
-0.00049384
-0.000332375
-0.000168739
-4.89229e-06
0.0001571
0.000315102
0.000466946
0.000610475
0.000743591
0.000864301
0.000970765
0.00106135
0.00113465
0.00118959
0.00122537
0.00124158
0.00123816
0.00121545
0.00117416
0.00111535
0.00104046
0.000951191
0.000849518
0.000737608
0.000617764
0.00049235
0.000363732
0.000234204
0.000105933
-1.90888e-05
-0.000139114
-0.000252734
-0.000358719
-0.000456109
-0.00054394
-0.000621514
-0.000688405
-0.000744336
-0.000788995
-0.000822073
-0.000843159
-0.000851879
-0.000848553
-0.000831312
-0.000782436
0.000308031
0.000272803
0.000243277
0.000211449
0.000177048
0.000140803
0.000102909
6.34202e-05
2.23668e-05
-2.02669e-05
-6.4539e-05
-0.000110537
-0.000158368
-0.000208144
-0.00025998
-0.000313976
-0.000370216
-0.00042876
-0.000489633
-0.000552829
-0.000618298
-0.000685946
-0.00075563
-0.000827157
-0.000900278
-0.000974687
-0.00105002
-0.00112584
-0.00120167
-0.00127695
-0.00135107
-0.00142334
-0.00149304
-0.00155938
-0.00162153
-0.0016786
-0.00172971
-0.00177393
-0.00181034
-0.00183801
-0.00185606
-0.00186363
-0.00185993
-0.00184424
-0.00181595
-0.00177456
-0.00171968
-0.00165109
-0.00156876
-0.00147278
-0.00136333
-0.00124088
-0.00110767
-0.000965715
-0.000815833
-0.000659446
-0.000498255
-0.0003341
-0.000168965
-4.9475e-06
0.000155773
0.000310977
0.000458443
0.000596003
0.000721581
0.000833253
0.000929287
0.0010082
0.00106879
0.00111018
0.00113187
0.00113371
0.00111596
0.00107926
0.00102465
0.000953495
0.000867506
0.000768649
0.000659104
0.000541201
0.000417343
0.000289938
0.000161329
3.3729e-05
-9.08359e-05
-0.00021057
-0.000323952
-0.000429721
-0.00052701
-0.000615003
-0.000693008
-0.000760396
-0.000817036
-0.000862661
-0.000896979
-0.000919604
-0.000930179
-0.000928991
-0.000914343
-0.000869908
0.000378679
0.000332555
0.000296852
0.000260201
0.000221943
0.000182826
0.0001429
0.000102053
6.017e-05
1.71029e-05
-2.73285e-05
-7.33232e-05
-0.000121088
-0.000170827
-0.000222735
-0.000276984
-0.000333725
-0.000393074
-0.000455111
-0.000519873
-0.000587352
-0.00065749
-0.000730176
-0.000805241
-0.000882455
-0.000961525
-0.00104209
-0.00112373
-0.00120594
-0.00128815
-0.00136972
-0.00144996
-0.00152808
-0.00160327
-0.00167462
-0.00174121
-0.00180207
-0.00185622
-0.00190265
-0.00194036
-0.0019684
-0.00198581
-0.00199173
-0.00198536
-0.001966
-0.00193307
-0.00188611
-0.00182485
-0.00174915
-0.00165907
-0.00155471
-0.00143651
-0.00130664
-0.00116711
-0.00101871
-0.000862868
-0.000701281
-0.000535804
-0.00036844
-0.000201323
-3.66799e-05
0.000123211
0.000276059
0.000419611
0.000551703
0.000670306
0.00077358
0.000859925
0.000928023
0.000976883
0.00100587
0.00101475
0.00100366
0.000973164
0.000924216
0.00085814
0.000776597
0.000681541
0.000575154
0.000459785
0.000337875
0.00021188
8.42016e-05
-4.28884e-05
-0.000167303
-0.00028719
-0.000400963
-0.000507298
-0.000605193
-0.000694025
-0.000772997
-0.000841731
-0.000899861
-0.000947203
-0.000983487
-0.00100837
-0.00102152
-0.00102321
-0.00101195
-0.000973123
0.000451041
0.000393459
0.000351275
0.000309526
0.000267152
0.000224912
0.000182694
0.000140206
9.71767e-05
5.33171e-05
8.31839e-06
-3.81344e-05
-8.63517e-05
-0.000136631
-0.000189248
-0.000244451
-0.000302455
-0.000363435
-0.000427524
-0.000494806
-0.000565314
-0.000639024
-0.000715854
-0.000795657
-0.000878221
-0.000963262
-0.00105042
-0.00113927
-0.00122929
-0.0013199
-0.00141042
-0.00150011
-0.00158816
-0.00167367
-0.0017557
-0.00183326
-0.00190529
-0.00197074
-0.00202852
-0.00207755
-0.00211678
-0.00214517
-0.00216178
-0.0021657
-0.00215618
-0.00213252
-0.00209422
-0.0020409
-0.00197237
-0.00188862
-0.00178971
-0.00167601
-0.00154955
-0.00141229
-0.00126511
-0.00110941
-0.00094687
-0.00077936
-0.000608905
-0.000437671
-0.000267934
-0.000102035
5.76606e-05
0.000208809
0.000349142
0.000476515
0.000588963
0.000684751
0.000762421
0.000820839
0.00085923
0.000877209
0.000874798
0.000852439
0.00081098
0.000751663
0.000676088
0.00058617
0.000484078
0.000372169
0.000252915
0.000128819
2.34682e-06
-0.000124157
-0.000248526
-0.000368832
-0.000483413
-0.000590887
-0.000690166
-0.000780476
-0.000861233
-0.000931981
-0.000992269
-0.00104208
-0.00108109
-0.00110896
-0.00112541
-0.00113066
-0.00112346
-0.00109114
0.000523256
0.000453912
0.000405031
0.000357996
0.000311323
0.000265772
0.000221052
0.000176678
0.00013221
8.72107e-05
4.12365e-05
-6.14773e-06
-5.53587e-05
-0.000106788
-0.000160795
-0.000217703
-0.000277792
-0.000341296
-0.000408399
-0.000479232
-0.000553866
-0.000632312
-0.000714513
-0.000800343
-0.000889601
-0.000982009
-0.00107721
-0.00117475
-0.0012741
-0.00137464
-0.00147567
-0.00157639
-0.00167593
-0.00177334
-0.00186761
-0.00195766
-0.00204237
-0.00212058
-0.00219113
-0.00225284
-0.00230456
-0.00234518
-0.00237364
-0.00238897
-0.00239029
-0.00237687
-0.00234807
-0.00230347
-0.0022428
-0.00216598
-0.00207301
-0.00196422
-0.0018414
-0.00170644
-0.00156035
-0.00140451
-0.00124058
-0.00107043
-0.000896099
-0.00071979
-0.000543823
-0.000370602
-0.000202574
-4.21791e-05
0.000108201
0.000246295
0.000369994
0.00047741
0.000566922
0.000637227
0.000687379
0.000716823
0.000725421
0.000713461
0.000681659
0.000631139
0.000563412
0.000480328
0.000384018
0.000276832
0.000161259
3.98499e-05
-8.48684e-05
-0.000210468
-0.000334691
-0.000455508
-0.000571162
-0.000680186
-0.000781415
-0.000873987
-0.000957277
-0.00103062
-0.00109387
-0.00114684
-0.00118931
-0.0012209
-0.00124134
-0.0012508
-0.00124824
-0.00122311
0.000593626
0.000512257
0.000456544
0.000404105
0.000353015
0.000304017
0.000256628
0.000210152
0.000163971
0.000117492
7.01303e-05
2.13273e-05
-2.94421e-05
-8.26646e-05
-0.000138784
-0.000198195
-0.000261245
-0.000328225
-0.00039937
-0.000474853
-0.000554784
-0.000639204
-0.00072808
-0.000821301
-0.000918676
-0.00101992
-0.00112468
-0.00123247
-0.00134274
-0.00145484
-0.00156801
-0.0016814
-0.00179408
-0.00190504
-0.00201317
-0.00211732
-0.00221627
-0.00230879
-0.00239361
-0.00246946
-0.00253509
-0.00258928
-0.00263089
-0.00265885
-0.00267219
-0.00267007
-0.0026518
-0.00261684
-0.00256487
-0.00249573
-0.00240938
-0.00230607
-0.00218728
-0.00205479
-0.00190982
-0.00175371
-0.00158807
-0.00141478
-0.00123589
-0.00105361
-0.000870325
-0.000688489
-0.000510636
-0.000339307
-0.000177006
-2.61427e-05
0.000111016
0.000232408
0.000336228
0.000420976
0.000485505
0.00052906
0.000551304
0.000552338
0.000532704
0.000493377
0.00043574
0.000361546
0.000272863
0.000172009
6.14757e-05
-5.61527e-05
-0.000178286
-0.000302409
-0.000426161
-0.000547397
-0.000664236
-0.000775095
-0.000878699
-0.000974076
-0.00106051
-0.0011374
-0.00120442
-0.00126122
-0.00130779
-0.00134379
-0.00136889
-0.00138315
-0.00138574
-0.00136828
0.000660313
0.000566776
0.000504167
0.000446275
0.000390705
0.000338171
0.000287977
0.000239204
0.00019105
0.000142753
9.35845e-05
4.286e-05
-1.0056e-05
-6.57455e-05
-0.000124735
-0.000187493
-0.000254429
-0.000325891
-0.000402161
-0.000483456
-0.000569917
-0.000661615
-0.000758535
-0.000860579
-0.000967558
-0.00107919
-0.00119508
-0.00131475
-0.0014376
-0.00156293
-0.00168994
-0.00181772
-0.00194525
-0.00207146
-0.00219515
-0.00231508
-0.00242995
-0.00253841
-0.00263909
-0.00273064
-0.00281169
-0.00288092
-0.0029371
-0.00297904
-0.00300569
-0.00301611
-0.00300952
-0.00298529
-0.00294302
-0.00288247
-0.00280358
-0.0027065
-0.00259229
-0.00246264
-0.00231898
-0.0021626
-0.00199509
-0.00181828
-0.00163423
-0.00144518
-0.00125353
-0.00106182
-0.000872663
-0.000688694
-0.000512548
-0.000346788
-0.000193851
-5.59899e-05
6.47798e-05
0.000166736
0.000248501
0.000309082
0.000347907
0.000364849
0.000360237
0.000334854
0.000289915
0.000227038
0.000148193
5.56373e-05
-4.8156e-05
-0.000160585
-0.000279002
-0.000400808
-0.000523526
-0.000644879
-0.000762845
-0.000875691
-0.000981999
-0.00108066
-0.00117085
-0.00125195
-0.00132339
-0.00138491
-0.00143629
-0.00147734
-0.00150772
-0.00152732
-0.00153551
-0.00152611
0.000721433
0.000615697
0.000546201
0.000482861
0.000422797
0.000366672
0.000313565
0.00026232
0.000211936
0.000161482
0.000110079
5.69137e-05
1.24053e-06
-5.76177e-05
-0.00012027
-0.000187255
-0.000259044
-0.000336039
-0.000418567
-0.000506883
-0.000601162
-0.000701494
-0.000807883
-0.000920237
-0.00103836
-0.00116197
-0.00129064
-0.00142387
-0.00156101
-0.00170131
-0.00184392
-0.00198784
-0.00213201
-0.00227524
-0.00241626
-0.00255373
-0.00268625
-0.00281237
-0.00293062
-0.00303952
-0.00313762
-0.00322348
-0.00329576
-0.00335318
-0.00339457
-0.00341891
-0.0034253
-0.00341305
-0.00338163
-0.00333076
-0.00326032
-0.00317037
-0.00306148
-0.0029352
-0.00279322
-0.00263675
-0.00246733
-0.00228675
-0.00209707
-0.00190053
-0.00169958
-0.0014968
-0.00129488
-0.00109658
-0.000904646
-0.00072181
-0.000550692
-0.000393755
-0.000253243
-0.000131128
-2.90525e-05
5.17194e-05
0.000110341
0.000146415
0.000160011
0.000151673
0.000122405
7.36453e-05
7.22464e-06
-7.46943e-05
-0.000169688
-0.000275157
-0.000388411
-0.000506767
-0.000627629
-0.000748573
-0.000867413
-0.000982241
-0.00109146
-0.00119379
-0.00128824
-0.00137407
-0.00145066
-0.00151771
-0.00157464
-0.00162138
-0.00165759
-0.00168305
-0.00169724
-0.00169619
0.000775063
0.000657207
0.000580898
0.000512168
0.000447636
0.000387899
0.000331788
0.000277904
0.000225038
0.000172083
0.000118007
6.18657e-05
2.80407e-06
-5.99497e-05
-0.000127084
-0.000199209
-0.000276853
-0.000360469
-0.000450427
-0.000547016
-0.000650439
-0.000760807
-0.000878132
-0.00100233
-0.00113319
-0.00127041
-0.00141355
-0.00156205
-0.00171524
-0.0018723
-0.00203231
-0.00219421
-0.00235683
-0.00251892
-0.00267911
-0.00283595
-0.00298794
-0.00313352
-0.00327112
-0.00339914
-0.00351602
-0.00362021
-0.00371026
-0.00378478
-0.00384249
-0.00388226
-0.0039031
-0.00390421
-0.00388497
-0.00384501
-0.00378417
-0.00370242
-0.00359975
-0.00347758
-0.00333781
-0.0031816
-0.00301039
-0.00282595
-0.00263029
-0.00242569
-0.00221458
-0.00199962
-0.00178355
-0.00156925
-0.0013596
-0.00115749
-0.000965748
-0.000787047
-0.000623888
-0.000478517
-0.000352871
-0.000248523
-0.000166634
-0.000107918
-7.26113e-05
-6.04605e-05
-7.07244e-05
-0.000102192
-0.000153221
-0.000221784
-0.000305545
-0.000401933
-0.000508236
-0.000621695
-0.000739596
-0.000859356
-0.000978602
-0.00109522
-0.00120741
-0.00131368
-0.00141282
-0.00150394
-0.00158633
-0.00165936
-0.00172266
-0.00177578
-0.00181841
-0.00185022
-0.00187071
-0.00187831
0.000819253
0.000689466
0.000606476
0.000532462
0.000463526
0.000400175
0.000340987
0.000284303
0.000228702
0.000172895
0.000115696
5.60292e-05
-7.07031e-06
-7.4467e-05
-0.000146928
-0.000225129
-0.000309656
-0.000401009
-0.000499597
-0.000605741
-0.000719667
-0.0008415
-0.00097126
-0.00110885
-0.00125407
-0.00140657
-0.0015659
-0.00173144
-0.00190247
-0.00207811
-0.00225736
-0.0024391
-0.00262207
-0.00280491
-0.00298616
-0.00316426
-0.00333762
-0.00350455
-0.00366337
-0.00381237
-0.00394987
-0.00407422
-0.00418382
-0.00427718
-0.00435292
-0.00440978
-0.00444667
-0.00446267
-0.00445707
-0.0044294
-0.00437946
-0.00430711
-0.00421175
-0.00409461
-0.00395778
-0.00380235
-0.00362965
-0.0034414
-0.00323958
-0.00302645
-0.00280447
-0.00257632
-0.00234482
-0.00211293
-0.0018837
-0.00166016
-0.00144533
-0.00124215
-0.00105337
-0.00088154
-0.000728922
-0.00059743
-0.000488585
-0.00040346
-0.000342651
-0.000306246
-0.000293823
-0.000304456
-0.000336741
-0.000388841
-0.000458547
-0.000543355
-0.000640558
-0.000747335
-0.000860858
-0.000978381
-0.00109732
-0.00121535
-0.0013304
-0.00144073
-0.0015449
-0.00164177
-0.00173043
-0.00181012
-0.00188045
-0.00194057
-0.00199018
-0.00202877
-0.00205596
-0.00207242
0.00085204
0.00071062
0.000621142
0.00054199
0.000468742
0.000401799
0.000339468
0.000279826
0.000221233
0.000162216
0.000101433
3.76786e-05
-3.01228e-05
-0.000102926
-0.000181574
-0.000266806
-0.000359262
-0.000459486
-0.000567923
-0.000684922
-0.000810728
-0.000945476
-0.00108919
-0.00124176
-0.00140297
-0.00157245
-0.0017497
-0.00193406
-0.00212474
-0.00232082
-0.0025212
-0.00272468
-0.00292991
-0.00313544
-0.00333969
-0.00354102
-0.0037377
-0.00392795
-0.00410995
-0.00428188
-0.00444193
-0.00458834
-0.0047194
-0.00483347
-0.00492906
-0.00500479
-0.00505946
-0.00509202
-0.00510165
-0.00508779
-0.00505018
-0.00498855
-0.00490175
-0.00479074
-0.00465777
-0.00450381
-0.00433009
-0.00413826
-0.00393027
-0.00370833
-0.00347491
-0.00323271
-0.00298462
-0.00273369
-0.00248308
-0.00223602
-0.00199572
-0.00176535
-0.00154797
-0.00134643
-0.00116335
-0.00100102
-0.000861352
-0.000745838
-0.000655477
-0.00059076
-0.000551641
-0.00053754
-0.000547354
-0.000579491
-0.000631923
-0.000702259
-0.000787827
-0.000885775
-0.000993168
-0.00110709
-0.00122476
-0.00134356
-0.00146116
-0.00157552
-0.00168492
-0.00178792
-0.00188337
-0.00197033
-0.00204798
-0.00211582
-0.00217301
-0.00221883
-0.00225309
-0.00227864
0.000871472
0.000718822
0.000623103
0.000538999
0.000461558
0.000391058
0.000325526
0.000262767
0.000200922
0.00013833
7.34935e-05
5.07707e-06
-6.81012e-05
-0.000147085
-0.00023279
-0.000326019
-0.000427459
-0.000537698
-0.000657212
-0.000786374
-0.000925444
-0.00107456
-0.00123375
-0.0014029
-0.00158175
-0.0017699
-0.00196681
-0.00217178
-0.00238396
-0.00260233
-0.00282575
-0.00305289
-0.00328234
-0.00351253
-0.00374178
-0.00396834
-0.00419036
-0.00440594
-0.00461315
-0.00481004
-0.00499467
-0.00516515
-0.00531964
-0.00545639
-0.00557376
-0.00567025
-0.00574453
-0.00579543
-0.005822
-0.00582357
-0.00579982
-0.00575036
-0.00567352
-0.00556994
-0.00544191
-0.00529028
-0.00511619
-0.00492121
-0.0047072
-0.00447635
-0.0042311
-0.00397418
-0.00370851
-0.00343723
-0.00316363
-0.00289107
-0.002623
-0.00236284
-0.00211391
-0.00187942
-0.00166236
-0.00146542
-0.00129097
-0.00114092
-0.00101675
-0.000919412
-0.000849294
-0.000806229
-0.000789481
-0.00079777
-0.00082931
-0.000881875
-0.000952877
-0.00103946
-0.00113861
-0.00124724
-0.00136235
-0.00148104
-0.00160066
-0.00171884
-0.00183351
-0.00194289
-0.00204553
-0.00214019
-0.00222583
-0.0023019
-0.00236717
-0.00242069
-0.00246236
-0.00249727
0.000875623
0.000712254
0.000610593
0.000521756
0.000440265
0.000366255
0.000297467
0.000231433
0.000166069
9.95304e-05
3.0163e-05
-4.34954e-05
-0.000122731
-0.000208675
-0.000302313
-0.000404504
-0.000515986
-0.000637381
-0.000769198
-0.000911828
-0.00106554
-0.00123049
-0.00140667
-0.00159397
-0.00179209
-0.00200062
-0.00221895
-0.00244632
-0.00268182
-0.00292437
-0.00317272
-0.00342547
-0.00368111
-0.00393795
-0.00419423
-0.00444806
-0.00469747
-0.00494046
-0.00517495
-0.00539888
-0.00561017
-0.0058068
-0.00598678
-0.00614824
-0.0062894
-0.00640862
-0.00650443
-0.00657554
-0.00662085
-0.00663957
-0.0066313
-0.00659554
-0.00653017
-0.00643548
-0.00631364
-0.00616539
-0.00599176
-0.00579421
-0.00557455
-0.00533488
-0.00507763
-0.00480551
-0.00452149
-0.00422877
-0.00393073
-0.00363092
-0.00333295
-0.00304051
-0.00275722
-0.00248663
-0.00223211
-0.00199681
-0.00178353
-0.00159472
-0.00143234
-0.00129787
-0.0011922
-0.00111564
-0.00106791
-0.00104809
-0.00105473
-0.00108582
-0.00113891
-0.00121119
-0.00129958
-0.00140087
-0.00151181
-0.00162921
-0.00175007
-0.00187165
-0.00199145
-0.00210735
-0.0022175
-0.00232034
-0.00241455
-0.00249905
-0.00257299
-0.00263471
-0.00268416
-0.00272876
0.000862625
0.000689148
0.000581894
0.000488576
0.000403195
0.000325733
0.000253636
0.000184165
0.000115013
4.41508e-05
-3.02286e-05
-0.000109712
-0.000195688
-0.000289369
-0.00039181
-0.000503925
-0.000626497
-0.000760182
-0.000905515
-0.0010629
-0.00123263
-0.00141483
-0.00160951
-0.00181652
-0.00203555
-0.00226612
-0.0025076
-0.00275915
-0.0030198
-0.00328839
-0.00356358
-0.00384388
-0.00412768
-0.00441319
-0.00469852
-0.00498167
-0.00526056
-0.00553305
-0.00579694
-0.00605002
-0.00629009
-0.00651498
-0.00672257
-0.00691082
-0.00707783
-0.00722181
-0.00734113
-0.00743436
-0.00750027
-0.00753791
-0.00754679
-0.00752632
-0.00747408
-0.00738988
-0.0072756
-0.00713191
-0.00695974
-0.00676042
-0.00653566
-0.00628749
-0.00601829
-0.00573074
-0.00542784
-0.00511281
-0.00478916
-0.00446055
-0.0041308
-0.00380382
-0.00348354
-0.00317386
-0.00287854
-0.00260119
-0.00234511
-0.00211327
-0.00190821
-0.00173196
-0.00158599
-0.00147118
-0.00138773
-0.00133522
-0.00131256
-0.00131806
-0.00134948
-0.0014041
-0.00147882
-0.00157032
-0.00167512
-0.00178973
-0.00191077
-0.00203507
-0.0021597
-0.00228207
-0.00239991
-0.00251126
-0.00261441
-0.00270799
-0.002791
-0.00286137
-0.002919
-0.00297367
0.000830686
0.000647812
0.000535357
0.000437838
0.000348748
0.000267897
0.000192441
0.000119371
4.61587e-05
-2.94068e-05
-0.00010928
-0.00019517
-0.000288563
-0.000390753
-0.000502858
-0.000625845
-0.000760538
-0.000907626
-0.00106766
-0.00124108
-0.00142815
-0.00162902
-0.00184367
-0.00207193
-0.00231345
-0.00256772
-0.00283404
-0.00311153
-0.00339913
-0.00369559
-0.0039995
-0.00430928
-0.00462319
-0.00493936
-0.00525576
-0.00557029
-0.00588074
-0.00618483
-0.00648022
-0.00676458
-0.00703556
-0.00729084
-0.00752814
-0.0077453
-0.00794024
-0.00811101
-0.00825584
-0.00837315
-0.00846153
-0.00851991
-0.00854763
-0.00854406
-0.00850673
-0.00843472
-0.00832948
-0.00819168
-0.00802211
-0.00782198
-0.00759288
-0.00733675
-0.00705589
-0.00675295
-0.0064309
-0.00609302
-0.00574287
-0.00538423
-0.0050211
-0.00465761
-0.00429797
-0.00394644
-0.00360719
-0.00328428
-0.00298153
-0.00270248
-0.00245026
-0.00222753
-0.00203641
-0.00187838
-0.00175426
-0.00166416
-0.00160747
-0.0015829
-0.00158847
-0.00162164
-0.00167937
-0.00175822
-0.00185452
-0.00196449
-0.00208433
-0.00221042
-0.00233934
-0.00246797
-0.00259356
-0.00271366
-0.00282618
-0.00292939
-0.00302172
-0.00310122
-0.00316748
-0.00323269
0.000778119
0.000586653
0.000469433
0.000368018
0.000275411
0.000191244
0.000112382
3.5548e-05
-4.19977e-05
-0.000122644
-0.00020849
-0.000301362
-0.00040284
-0.000514294
-0.000636906
-0.00077169
-0.00091951
-0.00108108
-0.00125699
-0.00144766
-0.00165338
-0.00187428
-0.00211033
-0.00236133
-0.0026269
-0.00290647
-0.00319929
-0.00350442
-0.00382072
-0.00414686
-0.00448134
-0.00482248
-0.00516843
-0.00551721
-0.00586668
-0.00621461
-0.00655866
-0.00689641
-0.0072254
-0.00754314
-0.00784712
-0.00813489
-0.00840401
-0.00865215
-0.00887707
-0.00907666
-0.00924899
-0.0093923
-0.00950505
-0.00958595
-0.00963416
-0.00964902
-0.00962855
-0.00957061
-0.00947589
-0.00934537
-0.00917969
-0.00897989
-0.00874741
-0.00848408
-0.00819211
-0.00787409
-0.00753295
-0.00717198
-0.00679477
-0.00640522
-0.00600747
-0.00560585
-0.00520485
-0.00480905
-0.00442302
-0.0040513
-0.00369823
-0.00336795
-0.00306421
-0.00279036
-0.00254919
-0.00234289
-0.00217295
-0.00204012
-0.00194437
-0.00188487
-0.00186004
-0.00186757
-0.00190453
-0.00196745
-0.0020525
-0.00215559
-0.00227252
-0.00239917
-0.00253159
-0.00266607
-0.0027993
-0.00292829
-0.00305048
-0.00316368
-0.00326594
-0.00335493
-0.00343028
-0.00350656
0.000703369
0.000504199
0.000382688
0.000277706
0.000181791
9.43851e-05
1.20702e-05
-6.86882e-05
-0.000150839
-0.00023694
-0.00032923
-0.000429646
-0.000539861
-0.000661316
-0.000795251
-0.000942729
-0.00110465
-0.00128175
-0.00147464
-0.00168375
-0.00190937
-0.00215162
-0.00241045
-0.00268562
-0.00297673
-0.00328315
-0.00360407
-0.00393849
-0.00428518
-0.00464274
-0.00500957
-0.00538389
-0.00576375
-0.00614705
-0.00653152
-0.00691481
-0.00729445
-0.00766788
-0.00803248
-0.00838563
-0.00872466
-0.00904696
-0.00934992
-0.00963106
-0.00988795
-0.0101183
-0.0103201
-0.0104913
-0.0106302
-0.0107354
-0.0108058
-0.0108406
-0.0108387
-0.0107967
-0.0107141
-0.0105924
-0.010432
-0.0102339
-0.00999917
-0.00972963
-0.00942736
-0.00909486
-0.008735
-0.00835105
-0.00794663
-0.00752568
-0.00709248
-0.00665153
-0.00620756
-0.00576547
-0.00533023
-0.0049068
-0.00450009
-0.00411482
-0.00375541
-0.00342591
-0.00312986
-0.00287023
-0.00264924
-0.00246839
-0.00232829
-0.00222872
-0.00216857
-0.00214586
-0.00215786
-0.00220115
-0.00227176
-0.00236534
-0.00247728
-0.00260295
-0.00273779
-0.0028775
-0.00301809
-0.00315599
-0.00328805
-0.00341164
-0.00352436
-0.00362319
-0.0037081
-0.00379609
0.000605031
0.000399128
0.000273834
0.000165634
6.66305e-05
-2.39287e-05
-0.000109738
-0.00019458
-0.000281601
-0.000373522
-0.000472715
-0.000581223
-0.000700804
-0.000832968
-0.000979012
-0.00114004
-0.00131699
-0.00151063
-0.00172156
-0.00195024
-0.00219695
-0.0024618
-0.00274472
-0.00304543
-0.0033635
-0.00369824
-0.00404879
-0.00441406
-0.00479276
-0.00518341
-0.00558429
-0.00599354
-0.00640909
-0.00682871
-0.00725003
-0.00767055
-0.00808767
-0.00849868
-0.00890083
-0.00929132
-0.00966734
-0.0100261
-0.0103648
-0.0106809
-0.0109717
-0.0112347
-0.0114677
-0.0116686
-0.0118355
-0.0119668
-0.012061
-0.0121174
-0.0121351
-0.0121104
-0.012042
-0.0119308
-0.0117774
-0.0115823
-0.0113467
-0.0110721
-0.0107606
-0.0104145
-0.0100367
-0.00963024
-0.00919883
-0.00874645
-0.00827742
-0.00779642
-0.00730838
-0.00681847
-0.00633203
-0.00585446
-0.0053912
-0.00494755
-0.00452863
-0.00413922
-0.00378366
-0.00346571
-0.00318846
-0.00295419
-0.00276432
-0.00261928
-0.00251856
-0.00246066
-0.00244311
-0.00246263
-0.0025152
-0.00259622
-0.00270071
-0.0028235
-0.00295942
-0.00310347
-0.00325096
-0.00339763
-0.00353969
-0.00367396
-0.00379754
-0.00390681
-0.00400171
-0.00410211
0.000481882
0.000270285
0.000141748
3.06966e-05
-7.11636e-05
-0.000164785
-0.000254127
-0.000343204
-0.000435352
-0.000533447
-0.000639984
-0.000757107
-0.000886656
-0.0010302
-0.0011891
-0.0013645
-0.00155735
-0.00176846
-0.00199845
-0.00224776
-0.00251668
-0.00280531
-0.00311354
-0.00344109
-0.00378745
-0.00415189
-0.0045335
-0.0049311
-0.00534334
-0.00576863
-0.00620517
-0.00665098
-0.00710388
-0.00756152
-0.00802142
-0.00848092
-0.00893729
-0.00938767
-0.00982915
-0.0102588
-0.0106736
-0.0110706
-0.0114469
-0.0117996
-0.012126
-0.0124234
-0.0126894
-0.0129217
-0.0131182
-0.013277
-0.0133968
-0.0134764
-0.0135149
-0.0135089
-0.0134563
-0.0133574
-0.0132125
-0.013022
-0.012787
-0.0125088
-0.0121894
-0.0118309
-0.0114361
-0.011008
-0.0105503
-0.0100669
-0.0095622
-0.00904094
-0.00850826
-0.00796956
-0.0074305
-0.0068969
-0.00637469
-0.00586978
-0.00538794
-0.00493472
-0.00451528
-0.00413426
-0.00379564
-0.0035026
-0.00325742
-0.00306137
-0.00291462
-0.00281623
-0.00276418
-0.00275539
-0.00278588
-0.00285088
-0.00294505
-0.0030627
-0.00319802
-0.00334527
-0.00349899
-0.00365413
-0.0038062
-0.00395138
-0.00408623
-0.00420647
-0.00431183
-0.00442543
0.000332894
0.000116705
-1.45112e-05
-0.000128029
-0.000232504
-0.000329088
-0.000421992
-0.000515448
-0.000612968
-0.000717573
-0.000831874
-0.000958109
-0.00109819
-0.00125376
-0.00142621
-0.00161673
-0.00182632
-0.00205577
-0.00230574
-0.00257668
-0.00286885
-0.00318235
-0.00351704
-0.00387261
-0.00424849
-0.00464392
-0.0050579
-0.0054892
-0.00593638
-0.00639774
-0.00687141
-0.00735528
-0.00784707
-0.0083443
-0.00884434
-0.00934442
-0.00984163
-0.010333
-0.0108154
-0.0112858
-0.011741
-0.0121779
-0.0125933
-0.0129843
-0.0133478
-0.0136812
-0.0139816
-0.0142468
-0.0144743
-0.0146623
-0.0148089
-0.0149131
-0.0149737
-0.0149878
-0.0149527
-0.0148676
-0.0147327
-0.0145485
-0.0143157
-0.0140355
-0.0137097
-0.0133403
-0.0129298
-0.0124814
-0.0119985
-0.0114849
-0.0109452
-0.010384
-0.00980673
-0.00921888
-0.00862641
-0.00803551
-0.00745258
-0.00688408
-0.00633646
-0.00581602
-0.00532876
-0.00488023
-0.00447536
-0.00411833
-0.00381238
-0.00355969
-0.00336126
-0.00321687
-0.00312503
-0.00308302
-0.00308698
-0.00313207
-0.00321265
-0.00332253
-0.00345524
-0.00360425
-0.00376328
-0.00392643
-0.00408839
-0.00424465
-0.00439111
-0.00452277
-0.00463923
-0.00476683
0.000157257
-6.23709e-05
-0.000195678
-0.000311265
-0.000418102
-0.000517542
-0.000614027
-0.000711994
-0.000815115
-0.000926545
-0.001049
-0.00118481
-0.00133596
-0.00150414
-0.00169079
-0.00189713
-0.0021242
-0.00237281
-0.00264362
-0.00293708
-0.00325345
-0.00359281
-0.003955
-0.00433966
-0.00474619
-0.00517376
-0.00562132
-0.00608755
-0.00657092
-0.00706966
-0.00758177
-0.00810505
-0.00863709
-0.00917528
-0.00971686
-0.0102589
-0.0107984
-0.0113321
-0.0118569
-0.0123695
-0.0128664
-0.0133445
-0.0138004
-0.014231
-0.0146331
-0.0150036
-0.0153399
-0.0156392
-0.015899
-0.0161173
-0.0162921
-0.016422
-0.0165058
-0.0165413
-0.0165251
-0.0164554
-0.0163322
-0.0161558
-0.0159268
-0.0156463
-0.0153158
-0.0149372
-0.0145128
-0.0140457
-0.013539
-0.0129967
-0.0124231
-0.011823
-0.0112018
-0.0105651
-0.00991908
-0.00927031
-0.00862557
-0.00799184
-0.00737622
-0.00678574
-0.00622725
-0.00570723
-0.00523163
-0.00480565
-0.00443359
-0.00411867
-0.00386286
-0.00366677
-0.0035296
-0.00344913
-0.00342175
-0.00344265
-0.00350596
-0.00360504
-0.00373276
-0.0038818
-0.00404498
-0.00421548
-0.00438709
-0.00455448
-0.00471285
-0.0048564
-0.00498455
-0.00512702
-4.56064e-05
-0.000267478
-0.000402272
-0.000519518
-0.000628454
-0.000730631
-0.000830708
-0.000933301
-0.00104223
-0.00116078
-0.00129175
-0.00143756
-0.00160025
-0.00178158
-0.00198301
-0.00220582
-0.00245104
-0.00271953
-0.00301195
-0.00332874
-0.00367016
-0.00403627
-0.00442688
-0.00484159
-0.00527975
-0.00574049
-0.00622267
-0.00672491
-0.00724558
-0.00778282
-0.00833453
-0.00889838
-0.00947184
-0.0100522
-0.0106365
-0.0112217
-0.0118046
-0.0123819
-0.0129502
-0.0135061
-0.0140459
-0.0145664
-0.0150639
-0.0155351
-0.0159767
-0.0163856
-0.0167586
-0.0170931
-0.0173863
-0.0176359
-0.0178399
-0.0179965
-0.0181046
-0.0181625
-0.0181663
-0.0181134
-0.0180034
-0.0178364
-0.017613
-0.017334
-0.0170007
-0.0166148
-0.0161785
-0.0156945
-0.0151661
-0.0145969
-0.0139912
-0.0133537
-0.0126898
-0.0120052
-0.0113063
-0.0105998
-0.00989294
-0.00919312
-0.00850801
-0.00784539
-0.00721291
-0.006618
-0.00606764
-0.00556814
-0.00512494
-0.00474238
-0.00442352
-0.00416997
-0.00398176
-0.00385731
-0.00379345
-0.00378549
-0.00382746
-0.00391232
-0.00403232
-0.00417934
-0.00434524
-0.00452221
-0.00470306
-0.00488155
-0.00505208
-0.00520793
-0.00534835
-0.00550666
-0.000276027
-0.000498918
-0.000634579
-0.000753063
-0.000863826
-0.000968613
-0.00107228
-0.00117959
-0.00129452
-0.00142044
-0.00156026
-0.00171645
-0.00189112
-0.00208606
-0.00230281
-0.00254264
-0.00280662
-0.00309562
-0.00341031
-0.00375113
-0.00411834
-0.00451196
-0.00493178
-0.00537737
-0.00584802
-0.00634279
-0.00686049
-0.00739965
-0.00795855
-0.00853523
-0.00912748
-0.00973286
-0.0103487
-0.0109721
-0.0116001
-0.0122295
-0.0128567
-0.0134785
-0.0140912
-0.0146912
-0.0152748
-0.0158384
-0.0163783
-0.016891
-0.0173729
-0.0178208
-0.0182314
-0.0186018
-0.0189291
-0.0192108
-0.0194447
-0.0196289
-0.0197621
-0.0198431
-0.0198677
-0.0198329
-0.0197376
-0.0195818
-0.0193656
-0.01909
-0.0187558
-0.0183647
-0.0179186
-0.0174201
-0.0168722
-0.0162784
-0.0156428
-0.01497
-0.0142654
-0.0135346
-0.0127842
-0.012021
-0.0112525
-0.0104865
-0.00973124
-0.00899516
-0.00828669
-0.0076142
-0.0069857
-0.00640864
-0.00588966
-0.00543433
-0.00504692
-0.00473018
-0.00448514
-0.00431104
-0.00420527
-0.00416347
-0.00417965
-0.0042465
-0.00435568
-0.00449828
-0.00466519
-0.00484754
-0.00503704
-0.0052265
-0.00540935
-0.0055779
-0.00573114
-0.00590632
-0.000534082
-0.000756747
-0.000892647
-0.00101194
-0.00112425
-0.00123151
-0.00133873
-0.00145085
-0.00157193
-0.00170545
-0.00185439
-0.0020213
-0.00220832
-0.00241731
-0.00264981
-0.00290714
-0.0031904
-0.00350046
-0.00383798
-0.00420343
-0.00459704
-0.0050188
-0.0054685
-0.00594563
-0.00644946
-0.00697898
-0.00753291
-0.00810971
-0.00870758
-0.00932444
-0.00995797
-0.0106056
-0.0112646
-0.0119318
-0.0126042
-0.0132783
-0.0139506
-0.0146174
-0.0152751
-0.0159198
-0.0165477
-0.017155
-0.0177377
-0.0182923
-0.018815
-0.0193023
-0.0197509
-0.0201576
-0.0205194
-0.0208337
-0.0210981
-0.0213105
-0.0214693
-0.0215733
-0.0216197
-0.0216044
-0.0215252
-0.0213819
-0.0211747
-0.0209042
-0.0205712
-0.0201771
-0.0197237
-0.0192132
-0.0186485
-0.0180328
-0.01737
-0.0166646
-0.0159217
-0.0151472
-0.0143473
-0.0135291
-0.0127003
-0.011869
-0.0110438
-0.0102339
-0.00944828
-0.00869631
-0.00798701
-0.007329
-0.00673015
-0.00619736
-0.00573621
-0.00535072
-0.00504309
-0.00481355
-0.00466027
-0.00457935
-0.00456498
-0.00460965
-0.00470457
-0.00484002
-0.00500594
-0.00519232
-0.00538973
-0.00558985
-0.00578512
-0.00596672
-0.00613334
-0.00632641
-0.000819587
-0.00104077
-0.00117628
-0.00129595
-0.00140951
-0.00151908
-0.00162983
-0.00174681
-0.00187417
-0.00201547
-0.00217378
-0.00235168
-0.00255138
-0.00277475
-0.00302338
-0.00329861
-0.00360156
-0.00393311
-0.00429393
-0.00468448
-0.00510496
-0.00555538
-0.00603545
-0.00654465
-0.00708218
-0.00764697
-0.00823767
-0.00885265
-0.00949001
-0.0101476
-0.0108229
-0.0115133
-0.0122158
-0.0129273
-0.0136444
-0.0143637
-0.0150813
-0.0157936
-0.0164966
-0.0171862
-0.0178586
-0.0185097
-0.0191354
-0.019732
-0.0202956
-0.0208224
-0.0213091
-0.0217522
-0.0221487
-0.0224958
-0.0227909
-0.0230317
-0.0232165
-0.023344
-0.0234125
-0.0234175
-0.0233554
-0.0232259
-0.0230292
-0.0227657
-0.022436
-0.0220412
-0.021583
-0.0210632
-0.0204845
-0.0198499
-0.0191631
-0.0184283
-0.0176504
-0.0168351
-0.0159886
-0.015118
-0.0142311
-0.0133361
-0.0124422
-0.0115589
-0.0106959
-0.00986349
-0.0090716
-0.00833001
-0.00764789
-0.0070335
-0.00649385
-0.00603434
-0.00565852
-0.00536779
-0.00516129
-0.00503578
-0.0049858
-0.00500382
-0.00508066
-0.00520591
-0.00536853
-0.00555734
-0.00576169
-0.00597206
-0.00617975
-0.0063747
-0.00655523
-0.00676722
-0.00113209
-0.00135055
-0.00148503
-0.00160463
-0.00171915
-0.00183086
-0.00194508
-0.00206693
-0.00220067
-0.00234991
-0.00251777
-0.00270689
-0.00291951
-0.00315754
-0.00342259
-0.00371604
-0.004039
-0.00439237
-0.00477682
-0.00519281
-0.00564053
-0.00611995
-0.00663075
-0.00717237
-0.00774395
-0.00834436
-0.00897216
-0.00962564
-0.0103028
-0.0110013
-0.0117187
-0.012452
-0.0131983
-0.0139543
-0.0147163
-0.0154808
-0.0162438
-0.0170015
-0.0177497
-0.0184842
-0.0192009
-0.0198956
-0.0205642
-0.0212025
-0.0218067
-0.0223728
-0.0228973
-0.0233766
-0.0238076
-0.0241873
-0.024513
-0.0247823
-0.0249932
-0.0251443
-0.0252352
-0.025261
-0.0252168
-0.0251023
-0.0249175
-0.0246627
-0.0243382
-0.0239451
-0.0234846
-0.0229584
-0.0223689
-0.0217187
-0.0210113
-0.0202507
-0.0194414
-0.018589
-0.0176995
-0.0167798
-0.0158378
-0.0148818
-0.0139213
-0.012966
-0.0120265
-0.0111135
-0.0102382
-0.00941129
-0.00864329
-0.00794386
-0.00732149
-0.00678313
-0.0063338
-0.00597628
-0.00571083
-0.00553515
-0.00544428
-0.00543089
-0.00548554
-0.00559722
-0.00575392
-0.00594332
-0.00615343
-0.00637346
-0.00659346
-0.00680198
-0.00699692
-0.00722887
-0.0014709
-0.00168539
-0.00181821
-0.00193731
-0.00205246
-0.00216614
-0.00228374
-0.00241046
-0.00255062
-0.0027079
-0.00288545
-0.00308596
-0.00331168
-0.00356457
-0.00384626
-0.00415813
-0.00450131
-0.00487672
-0.00528503
-0.00572667
-0.00620183
-0.00671045
-0.00725218
-0.0078264
-0.0084322
-0.00906836
-0.00973339
-0.0104255
-0.0111425
-0.011882
-0.0126415
-0.0134178
-0.0142078
-0.015008
-0.0158147
-0.0166242
-0.0174324
-0.0182351
-0.0190281
-0.019807
-0.0205676
-0.0213054
-0.0220162
-0.0226957
-0.0233399
-0.0239447
-0.0245064
-0.0250214
-0.0254863
-0.0258982
-0.0262542
-0.0265517
-0.0267885
-0.0269633
-0.0270763
-0.027123
-0.0270973
-0.0269987
-0.0268271
-0.0265826
-0.0262653
-0.025876
-0.0254159
-0.0248862
-0.0242891
-0.0236269
-0.0229028
-0.0221203
-0.0212838
-0.0203984
-0.0194699
-0.0185053
-0.0175119
-0.0164985
-0.0154743
-0.0144495
-0.0134352
-0.0124428
-0.0114842
-0.0105712
-0.00971558
-0.00892847
-0.0082199
-0.00759841
-0.00707067
-0.00664098
-0.00631101
-0.00607953
-0.00594239
-0.0058926
-0.00592066
-0.00601508
-0.00616296
-0.00635081
-0.0065653
-0.00679423
-0.0070263
-0.00724855
-0.00745836
-0.00771129
-0.00183503
-0.00204435
-0.00217489
-0.00229303
-0.00240851
-0.00252395
-0.00264482
-0.00277637
-0.00292298
-0.00308835
-0.00327567
-0.00348766
-0.00372661
-0.00399447
-0.00429291
-0.00462332
-0.00498684
-0.00538439
-0.00581664
-0.00628401
-0.00678668
-0.00732454
-0.00789722
-0.00850403
-0.00914402
-0.0098159
-0.0105181
-0.0112486
-0.0120054
-0.0127857
-0.0135869
-0.0144059
-0.0152392
-0.0160833
-0.0169344
-0.0177883
-0.018641
-0.0194881
-0.0203252
-0.0211478
-0.0219514
-0.0227314
-0.0234835
-0.0242033
-0.0248865
-0.0255291
-0.026127
-0.0266768
-0.0271749
-0.0276181
-0.0280037
-0.0283289
-0.0285914
-0.0287896
-0.0289242
-0.0289913
-0.0289846
-0.0289027
-0.0287453
-0.0285124
-0.0282042
-0.0278209
-0.0273636
-0.0268334
-0.026232
-0.0255615
-0.0248245
-0.0240244
-0.0231652
-0.0222514
-0.0212888
-0.0202838
-0.0192437
-0.018177
-0.0170931
-0.0160024
-0.0149161
-0.0138462
-0.0128055
-0.0118067
-0.0108628
-0.00998627
-0.00918879
-0.0084806
-0.00787009
-0.00736328
-0.00696342
-0.00667062
-0.00648175
-0.00639042
-0.00638727
-0.00646047
-0.00659635
-0.00678027
-0.0069975
-0.0072344
-0.00747818
-0.00771421
-0.00793928
-0.00821419
-0.0022233
-0.00242626
-0.00255391
-0.00267065
-0.00278612
-0.0029031
-0.00302711
-0.00316342
-0.00331644
-0.00348991
-0.00368703
-0.00391053
-0.00416274
-0.00444561
-0.00476083
-0.00510979
-0.00549365
-0.00591333
-0.00636948
-0.00686253
-0.00739261
-0.0079596
-0.00856307
-0.00920231
-0.00987627
-0.0105836
-0.0113226
-0.0120913
-0.0128873
-0.0137081
-0.0145506
-0.0154116
-0.0162876
-0.0171749
-0.0180694
-0.018967
-0.0198634
-0.0207539
-0.021634
-0.0224992
-0.0233446
-0.0241657
-0.0249579
-0.0257167
-0.0264377
-0.0271167
-0.0277497
-0.028333
-0.0288631
-0.0293366
-0.0297508
-0.0301029
-0.0303906
-0.0306122
-0.0307673
-0.0308532
-0.0308661
-0.0308016
-0.0306593
-0.0304393
-0.0301416
-0.0297664
-0.0293144
-0.0287865
-0.0281841
-0.0275089
-0.0267632
-0.02595
-0.0250726
-0.0241356
-0.0231439
-0.0221038
-0.0210221
-0.0199073
-0.0187684
-0.017616
-0.0164615
-0.0153173
-0.0141967
-0.0131134
-0.0120816
-0.011115
-0.0102268
-0.00942914
-0.00873218
-0.00814381
-0.00766906
-0.00730962
-0.00706361
-0.00692553
-0.00688637
-0.00693416
-0.00705459
-0.00723193
-0.00745005
-0.00769378
-0.00794876
-0.00819854
-0.00843921
-0.00873703
-0.00263424
-0.00282972
-0.00295389
-0.00306879
-0.00318391
-0.00330219
-0.00342917
-0.00357013
-0.00372949
-0.00391101
-0.00411789
-0.00435288
-0.0046183
-0.00491614
-0.00524806
-0.0056155
-0.00601959
-0.00646125
-0.00694114
-0.00745965
-0.0080169
-0.00861274
-0.0092467
-0.00991799
-0.0106255
-0.0113678
-0.0121432
-0.0129494
-0.0137841
-0.0146445
-0.0155276
-0.0164298
-0.0173477
-0.0182772
-0.0192141
-0.0201542
-0.021093
-0.0220256
-0.0229475
-0.0238538
-0.0247397
-0.0256003
-0.0264311
-0.0272273
-0.0279845
-0.0286984
-0.0293649
-0.0299802
-0.0305408
-0.0310433
-0.0314849
-0.0318627
-0.0321745
-0.0324181
-0.0325926
-0.0326982
-0.0327303
-0.0326832
-0.0325565
-0.0323504
-0.0320646
-0.0316992
-0.0312548
-0.0307319
-0.0301316
-0.0294554
-0.0287051
-0.0278831
-0.0269927
-0.0260375
-0.0250223
-0.0239526
-0.0228352
-0.0216778
-0.0204896
-0.0192807
-0.0180627
-0.0168482
-0.0156511
-0.0144858
-0.0133674
-0.012311
-0.0113315
-0.0104424
-0.00965612
-0.00898239
-0.00842823
-0.00799713
-0.00768876
-0.00749872
-0.00741865
-0.00743666
-0.00753796
-0.00770582
-0.00792276
-0.008172
-0.00843751
-0.00870088
-0.0089574
-0.00927905
-0.00306621
-0.00325312
-0.00337323
-0.00348585
-0.00360029
-0.00371961
-0.00384937
-0.00399484
-0.00416042
-0.00434987
-0.00456641
-0.00481278
-0.0050913
-0.00540397
-0.00575245
-0.00613816
-0.00656225
-0.00702564
-0.00752896
-0.00807259
-0.00865664
-0.00928089
-0.00994483
-0.0106476
-0.0113881
-0.0121647
-0.0129757
-0.0138187
-0.0146912
-0.0155904
-0.0165129
-0.0174554
-0.0184138
-0.0193843
-0.0203624
-0.0213436
-0.0223233
-0.0232966
-0.0242585
-0.0252043
-0.0261289
-0.0270273
-0.0278947
-0.0287265
-0.0295181
-0.0302651
-0.0309633
-0.0316089
-0.0321983
-0.0327282
-0.0331956
-0.0335978
-0.0339323
-0.0341969
-0.0343906
-0.034515
-0.0345656
-0.0345356
-0.0344248
-0.0342331
-0.0339603
-0.0336064
-0.0331715
-0.0326561
-0.032061
-0.0313872
-0.0306363
-0.0298101
-0.0289115
-0.0279435
-0.0269104
-0.0258172
-0.0246701
-0.0234765
-0.0222449
-0.0209855
-0.0197096
-0.0184299
-0.0171606
-0.0159168
-0.0147144
-0.0135697
-0.012499
-0.0115178
-0.0106401
-0.00987797
-0.00924048
-0.00873315
-0.00835743
-0.00811034
-0.00798444
-0.00796817
-0.00804646
-0.00820174
-0.00841518
-0.00866841
-0.00894363
-0.00922031
-0.00949284
-0.00983916
-0.00351734
-0.00369468
-0.00381018
-0.00392008
-0.00403348
-0.00415356
-0.00428588
-0.00443566
-0.0046073
-0.00480453
-0.00503057
-0.00528814
-0.00557957
-0.00590683
-0.00627161
-0.00667531
-0.00711907
-0.0076038
-0.00813013
-0.0086984
-0.00930869
-0.00996075
-0.010654
-0.0113876
-0.0121603
-0.0129704
-0.013816
-0.0146947
-0.015604
-0.0165407
-0.0175016
-0.0184828
-0.0194805
-0.0204905
-0.0215081
-0.0225288
-0.0235477
-0.0245598
-0.02556
-0.0265433
-0.0275046
-0.0284387
-0.0293409
-0.0302062
-0.0310301
-0.031808
-0.032536
-0.0332099
-0.0338262
-0.0343817
-0.0348732
-0.0352981
-0.035654
-0.0359385
-0.0361504
-0.0362925
-0.0363607
-0.0363475
-0.0362526
-0.0360758
-0.0358168
-0.0354755
-0.035052
-0.0345463
-0.0339591
-0.0332911
-0.0325433
-0.0317173
-0.0308152
-0.0298398
-0.0287946
-0.027684
-0.0265137
-0.0252904
-0.0240222
-0.0227188
-0.0213912
-0.0200523
-0.0187161
-0.0173984
-0.0161156
-0.0148851
-0.0137247
-0.0126514
-0.0116813
-0.0108285
-0.0101045
-0.00951692
-0.00906925
-0.00876022
-0.00858362
-0.00852851
-0.00857977
-0.00871915
-0.00892658
-0.00918209
-0.00946603
-0.00975563
-0.0100443
-0.010416
-0.00398561
-0.00415243
-0.00426278
-0.00436956
-0.00448155
-0.0046021
-0.00473672
-0.00489059
-0.00506806
-0.00527286
-0.00550816
-0.00577669
-0.00608074
-0.0064223
-0.00680302
-0.00722431
-0.0076873
-0.00819287
-0.00874164
-0.00933393
-0.00996978
-0.0106489
-0.0113707
-0.0121342
-0.012938
-0.0137805
-0.0146597
-0.015573
-0.0165177
-0.0174906
-0.0184883
-0.0195068
-0.0205422
-0.0215898
-0.0226453
-0.0237035
-0.0247597
-0.0258086
-0.026845
-0.0278637
-0.0288595
-0.0298272
-0.0307618
-0.0316583
-0.0325123
-0.033319
-0.0340744
-0.0347745
-0.0354157
-0.0359947
-0.0365085
-0.0369545
-0.0373302
-0.0376331
-0.0378621
-0.0380209
-0.0381056
-0.0381084
-0.0380291
-0.0378673
-0.0376227
-0.037295
-0.0368842
-0.0363903
-0.0358134
-0.0351541
-0.034413
-0.0335913
-0.0326905
-0.0317129
-0.0306612
-0.0295395
-0.0283524
-0.0271063
-0.0258085
-0.0244681
-0.0230959
-0.0217043
-0.0203075
-0.0189212
-0.0175627
-0.0162501
-0.0150024
-0.0138383
-0.0127757
-0.0118311
-0.0110182
-0.0103469
-0.00982317
-0.00944763
-0.00921561
-0.00911709
-0.00913721
-0.00925722
-0.00945594
-0.00971181
-0.0100033
-0.0103053
-0.01061
-0.0110078
-0.00446882
-0.00462426
-0.00472897
-0.0048322
-0.00494243
-0.00506313
-0.00519976
-0.00535745
-0.00554049
-0.00575257
-0.00599685
-0.00627601
-0.00659233
-0.00694778
-0.007344
-0.00778238
-0.00826404
-0.00878984
-0.00936037
-0.00997593
-0.0106365
-0.0113418
-0.0120911
-0.0128834
-0.0137173
-0.014591
-0.0155024
-0.0164489
-0.0174276
-0.0184351
-0.019468
-0.0205221
-0.0215931
-0.0226767
-0.0237679
-0.0248617
-0.0259529
-0.0270364
-0.0281067
-0.0291585
-0.0301865
-0.0311853
-0.03215
-0.0330754
-0.033957
-0.0347901
-0.0355707
-0.0362947
-0.0369585
-0.037559
-0.0380931
-0.0385582
-0.0389521
-0.0392722
-0.0395172
-0.039691
-0.0397905
-0.0398087
-0.0397445
-0.0395976
-0.0393677
-0.0390544
-0.0386574
-0.0381768
-0.0376124
-0.0369645
-0.0362333
-0.0354196
-0.0345245
-0.0335495
-0.032497
-0.0313701
-0.0301729
-0.0289108
-0.0275906
-0.0262207
-0.0248113
-0.0233743
-0.0219236
-0.0204752
-0.0190465
-0.0176565
-0.016325
-0.0150725
-0.0139186
-0.0128818
-0.0119783
-0.0112208
-0.0106174
-0.0101712
-0.00987926
-0.00973287
-0.00971769
-0.00981473
-0.0100019
-0.010256
-0.0105538
-0.0108675
-0.0111881
-0.0116126
-0.00496466
-0.00510794
-0.00520655
-0.00530582
-0.00541392
-0.00553444
-0.00567277
-0.00583396
-0.00602224
-0.00624128
-0.00649417
-0.00678356
-0.00711173
-0.00748059
-0.00789177
-0.00834665
-0.00884631
-0.00939161
-0.00998309
-0.010621
-0.0113054
-0.0120358
-0.0128115
-0.0136314
-0.0144941
-0.0153976
-0.0163398
-0.0173178
-0.0183288
-0.0193693
-0.0204354
-0.0215231
-0.022628
-0.0237453
-0.0248701
-0.0259972
-0.0271213
-0.028237
-0.0293388
-0.0304213
-0.0314789
-0.0325065
-0.0334986
-0.0344505
-0.0353572
-0.0362143
-0.0370175
-0.0377631
-0.0384473
-0.039067
-0.0396193
-0.0401018
-0.040512
-0.0408479
-0.041108
-0.0412944
-0.0414066
-0.0414397
-0.0413903
-0.041258
-0.0410427
-0.0407441
-0.0403618
-0.0398957
-0.0393455
-0.0387112
-0.0379927
-0.0371905
-0.036305
-0.0353374
-0.0342893
-0.033163
-0.0319621
-0.0306909
-0.0293556
-0.0279638
-0.0265247
-0.02505
-0.023553
-0.0220495
-0.0205571
-0.0190952
-0.0176846
-0.016347
-0.0151037
-0.0139756
-0.012981
-0.0121353
-0.0114494
-0.0109288
-0.0105728
-0.0103743
-0.0103196
-0.01039
-0.0105626
-0.0108128
-0.0111153
-0.0114399
-0.0117762
-0.0122278
-0.00547071
-0.00560114
-0.00569322
-0.00578815
-0.00589374
-0.00601373
-0.00615341
-0.00631774
-0.00651091
-0.0067365
-0.00699757
-0.00729674
-0.00763623
-0.00801794
-0.00844346
-0.00891414
-0.00943105
-0.009995
-0.0106065
-0.0112659
-0.0119729
-0.0127272
-0.0135281
-0.0143743
-0.0152643
-0.0161961
-0.0171673
-0.0181752
-0.0192167
-0.0202882
-0.0213856
-0.0225049
-0.0236414
-0.0247903
-0.0259464
-0.0271044
-0.0282589
-0.0294044
-0.0305352
-0.0316458
-0.0327306
-0.0337842
-0.0348014
-0.035777
-0.0367064
-0.0375849
-0.0384085
-0.0391731
-0.0398754
-0.0405122
-0.0410806
-0.0415782
-0.042003
-0.042353
-0.0426266
-0.0428238
-0.0429475
-0.0429946
-0.042959
-0.0428408
-0.0426399
-0.042356
-0.0419889
-0.0415382
-0.0410035
-0.0403846
-0.0396812
-0.0388934
-0.0380211
-0.037065
-0.036026
-0.0349059
-0.0337073
-0.0324338
-0.0310906
-0.0296843
-0.0282235
-0.026719
-0.0251837
-0.0236327
-0.0220837
-0.0205564
-0.0190722
-0.0176538
-0.0163244
-0.0151066
-0.0140212
-0.0130865
-0.0123159
-0.0117178
-0.011294
-0.0110391
-0.010941
-0.0109811
-0.0111359
-0.0113798
-0.0116854
-0.01202
-0.0123716
-0.0128507
-0.00598449
-0.00610148
-0.00618663
-0.00627685
-0.00637957
-0.00649864
-0.00663929
-0.00680638
-0.007004
-0.00723569
-0.00750446
-0.00781287
-0.0081631
-0.008557
-0.00899615
-0.00948185
-0.0100151
-0.0105968
-0.0112273
-0.0119069
-0.0126355
-0.0134125
-0.0142371
-0.015108
-0.0160237
-0.0169821
-0.0179807
-0.0190167
-0.0200867
-0.0211871
-0.0223138
-0.0234624
-0.0246283
-0.0258063
-0.0269913
-0.0281778
-0.0293603
-0.030533
-0.0316903
-0.0328264
-0.0339357
-0.0350128
-0.0360524
-0.0370493
-0.0379987
-0.0388962
-0.0397376
-0.040519
-0.0412371
-0.0418886
-0.042471
-0.0429819
-0.0434192
-0.0437813
-0.0440664
-0.0442739
-0.0444084
-0.0444677
-0.0444448
-0.0443398
-0.0441527
-0.0438834
-0.0435315
-0.0430966
-0.0425783
-0.0419762
-0.0412899
-0.0405188
-0.0396628
-0.0387219
-0.0376965
-0.0365876
-0.0353969
-0.0341273
-0.0327831
-0.0313698
-0.0298952
-0.028369
-0.0268034
-0.025213
-0.0236152
-0.0220295
-0.0204781
-0.0189843
-0.0175728
-0.016268
-0.0150933
-0.0140693
-0.0132127
-0.0125346
-0.0120397
-0.0117248
-0.0115793
-0.0115853
-0.0117192
-0.0119542
-0.0122612
-0.0126047
-0.0129712
-0.013478
-0.00650345
-0.00660651
-0.0066844
-0.00676954
-0.00686901
-0.00698678
-0.007128
-0.00729739
-0.007499
-0.00773629
-0.0080122
-0.00832924
-0.00868954
-0.00909492
-0.00954689
-0.0100467
-0.0105955
-0.0111938
-0.0118422
-0.0125409
-0.0132896
-0.0140878
-0.0149347
-0.0158288
-0.0167685
-0.0177517
-0.0187758
-0.0198378
-0.0209342
-0.0220614
-0.0232151
-0.0243908
-0.0255837
-0.0267885
-0.028
-0.0292124
-0.0304203
-0.0316177
-0.0327988
-0.0339578
-0.0350891
-0.0361871
-0.0372465
-0.0382621
-0.0392292
-0.0401432
-0.041
-0.0417959
-0.0425274
-0.0431916
-0.0437858
-0.0443079
-0.044756
-0.0451283
-0.0454232
-0.0456401
-0.0457843
-0.0458542
-0.0458427
-0.0457498
-0.0455758
-0.0453206
-0.0449837
-0.0445648
-0.0440635
-0.0434792
-0.0428112
-0.0420589
-0.0412216
-0.040299
-0.0392909
-0.0381976
-0.0370201
-0.0357603
-0.0344215
-0.0330084
-0.0315275
-0.0299877
-0.0284
-0.0267786
-0.02514
-0.0235037
-0.021892
-0.0203289
-0.0188403
-0.0174522
-0.0161904
-0.015078
-0.0141348
-0.013375
-0.0128062
-0.0124278
-0.0122313
-0.0121997
-0.0123095
-0.0125329
-0.0128394
-0.0131906
-0.0135713
-0.014106
-0.00702504
-0.0071138
-0.0071841
-0.00726384
-0.00735968
-0.00747576
-0.00761709
-0.00778832
-0.0079934
-0.00823571
-0.00851815
-0.00884315
-0.00921279
-0.00962884
-0.0100928
-0.0106058
-0.0111689
-0.0117828
-0.0124479
-0.0131643
-0.0139318
-0.0147497
-0.0156172
-0.0165328
-0.0174948
-0.0185009
-0.0195484
-0.0206343
-0.0217551
-0.0229069
-0.0240853
-0.0252857
-0.0265031
-0.0277322
-0.0289676
-0.0302035
-0.0314341
-0.0326536
-0.0338559
-0.0350353
-0.036186
-0.0373024
-0.0383791
-0.039411
-0.0403932
-0.0413214
-0.0421913
-0.0429994
-0.0437423
-0.0444171
-0.0450212
-0.0455526
-0.0460096
-0.0463905
-0.0466937
-0.0469187
-0.0470713
-0.0471503
-0.0471488
-0.0470671
-0.0469053
-0.0466633
-0.046341
-0.045938
-0.0454538
-0.0448877
-0.044239
-0.0435068
-0.0426903
-0.0417885
-0.0408008
-0.039727
-0.0385672
-0.0373225
-0.0359952
-0.0345889
-0.033109
-0.0315633
-0.0299618
-0.0283176
-0.0266466
-0.0249678
-0.0233033
-0.0216777
-0.0201177
-0.018651
-0.0173051
-0.0161061
-0.0150766
-0.014234
-0.0135891
-0.0131443
-0.0128933
-0.0128206
-0.012903
-0.0131123
-0.0134162
-0.0137737
-0.014168
-0.0147304
-0.00754674
-0.00762092
-0.00768338
-0.00775738
-0.00784923
-0.00796318
-0.00810416
-0.00827671
-0.00848468
-0.00873141
-0.00901969
-0.00935192
-0.0097301
-0.0101559
-0.0106309
-0.0111561
-0.0117325
-0.0123607
-0.0130412
-0.0137739
-0.0145587
-0.0153947
-0.0162811
-0.0172164
-0.0181987
-0.0192257
-0.0202947
-0.0214024
-0.0225453
-0.0237193
-0.02492
-0.0261427
-0.0273822
-0.0286331
-0.0298899
-0.0311466
-0.0323975
-0.0336365
-0.0348576
-0.0360548
-0.0372224
-0.0383547
-0.0394463
-0.040492
-0.0414871
-0.0424272
-0.0433081
-0.0441263
-0.0448785
-0.0455619
-0.0461741
-0.0467131
-0.0471772
-0.0475652
-0.0478753
-0.0481071
-0.0482666
-0.0483533
-0.0483607
-0.0482888
-0.0481382
-0.0479087
-0.0476003
-0.0472127
-0.0467453
-0.0461976
-0.0455686
-0.0448575
-0.044063
-0.0431839
-0.0422192
-0.041168
-0.0400298
-0.0388048
-0.0374944
-0.036101
-0.034629
-0.0330848
-0.0314774
-0.0298186
-0.0281236
-0.0264105
-0.0247012
-0.0230204
-0.0213955
-0.0198554
-0.0184295
-0.0171464
-0.0160316
-0.0151059
-0.0143833
-0.0138696
-0.013561
-0.0134438
-0.0134957
-0.013688
-0.0139873
-0.0143497
-0.0147567
-0.0153468
-0.00806605
-0.00812549
-0.00817988
-0.00824785
-0.00833533
-0.00844671
-0.00858685
-0.00876015
-0.00897041
-0.00922087
-0.00951427
-0.00985292
-0.0102388
-0.0106735
-0.0111584
-0.0116947
-0.0122832
-0.0129245
-0.0136189
-0.0143665
-0.015167
-0.0160195
-0.0169231
-0.0178761
-0.0188768
-0.0199227
-0.0210109
-0.0221382
-0.0233009
-0.0244948
-0.0257155
-0.0269579
-0.028217
-0.0294873
-0.0307629
-0.032038
-0.0333066
-0.0345625
-0.0357998
-0.0370125
-0.0381945
-0.0393404
-0.0404445
-0.041502
-0.0425078
-0.0434577
-0.0443476
-0.0451739
-0.0459336
-0.0466238
-0.0472423
-0.0477872
-0.0482571
-0.0486505
-0.0489662
-0.0492037
-0.0493687
-0.0494615
-0.0494764
-0.0494134
-0.0492728
-0.0490548
-0.0487594
-0.0483864
-0.0479354
-0.0474058
-0.0467966
-0.0461069
-0.0453352
-0.0444802
-0.0435403
-0.0425142
-0.0414008
-0.0401994
-0.0389105
-0.0375355
-0.0360776
-0.0345419
-0.032936
-0.0312707
-0.0295598
-0.0278208
-0.0260748
-0.0243465
-0.0226635
-0.021056
-0.0195548
-0.018191
-0.0169927
-0.0159843
-0.0151832
-0.0145985
-0.0142295
-0.0140647
-0.0140829
-0.0142556
-0.0145479
-0.0149138
-0.0153325
-0.01595
-0.00858056
-0.0086252
-0.00867134
-0.008733
-0.00881573
-0.00892409
-0.00906285
-0.00923631
-0.0094482
-0.00970167
-0.0099994
-0.0103436
-0.0107362
-0.0111788
-0.0116726
-0.0122188
-0.0128181
-0.0134712
-0.0141782
-0.0149391
-0.0157535
-0.0166208
-0.0175397
-0.0185087
-0.0195257
-0.0205883
-0.0216936
-0.0228383
-0.0240184
-0.0252299
-0.026468
-0.0277279
-0.0290041
-0.0302911
-0.0315831
-0.032874
-0.0341579
-0.0354284
-0.0366795
-0.0379051
-0.0390994
-0.0402566
-0.0413712
-0.0424382
-0.0434527
-0.0444104
-0.0453074
-0.0461402
-0.0469056
-0.047601
-0.0482243
-0.0487737
-0.0492478
-0.0496456
-0.0499658
-0.050208
-0.0503768
-0.0504737
-0.0504952
-0.0504399
-0.0503083
-0.0501008
-0.0498174
-0.0494582
-0.0490227
-0.0485106
-0.0479209
-0.0472525
-0.046504
-0.0456737
-0.0447599
-0.0437607
-0.0426744
-0.0414999
-0.0402364
-0.0388845
-0.0374461
-0.0359251
-0.0343278
-0.0326634
-0.0309446
-0.0291878
-0.0274133
-0.0256453
-0.0239117
-0.0222431
-0.020672
-0.0192313
-0.0179522
-0.0168621
-0.0159821
-0.015325
-0.0148932
-0.014678
-0.0146595
-0.0148097
-0.0150929
-0.0154605
-0.0158899
-0.0165344
-0.00908799
-0.00911787
-0.00915558
-0.00921066
-0.00928826
-0.00939314
-0.00952996
-0.00970295
-0.00991576
-0.0101715
-0.0104727
-0.0108216
-0.01122
-0.0116693
-0.012171
-0.0127258
-0.0133347
-0.013998
-0.014716
-0.0154887
-0.0163155
-0.0171957
-0.018128
-0.0191109
-0.0201422
-0.0212194
-0.0223396
-0.0234993
-0.0246946
-0.0259212
-0.0271744
-0.0284492
-0.0297401
-0.0310414
-0.0323473
-0.0336517
-0.0349484
-0.0362311
-0.0374937
-0.0387302
-0.0399344
-0.0411008
-0.0422239
-0.0432985
-0.0443199
-0.0452837
-0.0461862
-0.0470237
-0.0477933
-0.0484926
-0.0491193
-0.0496718
-0.0501489
-0.0505498
-0.0508736
-0.0511199
-0.0512902
-0.0513894
-0.0514171
-0.0513687
-0.051245
-0.0510467
-0.0507743
-0.0504277
-0.0500068
-0.0495113
-0.0489403
-0.0482928
-0.0475672
-0.0467619
-0.0458747
-0.0449036
-0.0438463
-0.0427009
-0.0414661
-0.0401412
-0.0387271
-0.0372263
-0.0356437
-0.0339873
-0.0322681
-0.0305014
-0.0287063
-0.0269066
-0.0251296
-0.0234067
-0.0217715
-0.0202586
-0.0189019
-0.0177318
-0.0167733
-0.0160427
-0.0155462
-0.0152778
-0.0152198
-0.0153447
-0.0156165
-0.015984
-0.0164229
-0.0170939
-0.00958625
-0.00960148
-0.0096306
-0.00967875
-0.0097508
-0.00985176
-0.00998607
-0.0101579
-0.0103709
-0.0106281
-0.0109319
-0.0112845
-0.0116876
-0.0121427
-0.0126509
-0.0132132
-0.0138302
-0.0145024
-0.0152299
-0.0160126
-0.01685
-0.0177413
-0.0186852
-0.0196799
-0.0207234
-0.0218131
-0.0229459
-0.0241183
-0.0253265
-0.0265658
-0.0278317
-0.029119
-0.0304221
-0.0317354
-0.0330528
-0.0343683
-0.0356755
-0.0369682
-0.0382402
-0.0394853
-0.0406975
-0.0418712
-0.0430008
-0.0440813
-0.0451079
-0.0460763
-0.0469826
-0.0478236
-0.0485961
-0.0492978
-0.0499268
-0.0504813
-0.0509603
-0.0513631
-0.0516891
-0.0519378
-0.0521097
-0.0522115
-0.0522436
-0.0522007
-0.0520837
-0.0518935
-0.0516307
-0.0512956
-0.0508882
-0.0504082
-0.049855
-0.0492275
-0.0485243
-0.0477435
-0.0468831
-0.0459405
-0.0449132
-0.0437987
-0.0425948
-0.0413
-0.039914
-0.0384382
-0.036876
-0.0352337
-0.0335211
-0.0317518
-0.0299439
-0.02812
-0.0263073
-0.0245371
-0.0228438
-0.0212638
-0.019833
-0.0185853
-0.017549
-0.0167445
-0.0161816
-0.0158578
-0.0157575
-0.0158544
-0.0161123
-0.0164779
-0.0169252
-0.0176219
-0.0100733
-0.0100742
-0.0100948
-0.0101355
-0.0102014
-0.0102979
-0.0104291
-0.0105992
-0.0108116
-0.0110694
-0.0113749
-0.0117302
-0.012137
-0.0125966
-0.0131102
-0.0136785
-0.0143023
-0.0149818
-0.0157173
-0.0165084
-0.0173546
-0.0182551
-0.0192086
-0.0202131
-0.0212667
-0.0223667
-0.0235099
-0.0246928
-0.0259114
-0.0271612
-0.0284374
-0.0297348
-0.0310478
-0.0323706
-0.0336973
-0.0350215
-0.0363371
-0.0376376
-0.0389169
-0.0401687
-0.041387
-0.0425662
-0.0437007
-0.0447854
-0.0458157
-0.0467873
-0.0476963
-0.0485394
-0.0493137
-0.0500169
-0.050647
-0.0512026
-0.0516826
-0.0520863
-0.0524135
-0.0526635
-0.0528369
-0.0529407
-0.052976
-0.0529374
-0.0528258
-0.0526425
-0.0523882
-0.0520633
-0.0516681
-0.0512023
-0.0506657
-0.0500571
-0.0493753
-0.0486185
-0.0477843
-0.0468702
-0.0458732
-0.0447904
-0.043619
-0.0423566
-0.0410019
-0.0395549
-0.0380177
-0.0363951
-0.0346952
-0.0329302
-0.0311166
-0.029276
-0.0274349
-0.0256243
-0.0238792
-0.0222372
-0.0207367
-0.019414
-0.0183013
-0.0174228
-0.0167923
-0.0164108
-0.0162657
-0.016332
-0.0165736
-0.0169354
-0.0173897
-0.0181114
-0.0105466
-0.0105337
-0.010546
-0.0105797
-0.0106394
-0.01073
-0.0108572
-0.0110247
-0.0112359
-0.0114933
-0.0117997
-0.0121568
-0.0125661
-0.0130291
-0.0135467
-0.0141197
-0.0147488
-0.0154342
-0.0161759
-0.0169737
-0.017827
-0.0187348
-0.0196958
-0.0207082
-0.0217698
-0.0228778
-0.0240292
-0.0252203
-0.026447
-0.0277049
-0.0289891
-0.0302943
-0.0316149
-0.032945
-0.0342787
-0.0356095
-0.0369313
-0.0382377
-0.0395223
-0.0407789
-0.0420017
-0.0431847
-0.0443226
-0.0454102
-0.0464429
-0.0474164
-0.0483269
-0.0491711
-0.0499462
-0.05065
-0.0512805
-0.0518363
-0.0523165
-0.0527206
-0.0530482
-0.0532989
-0.0534731
-0.0535783
-0.0536158
-0.0535804
-0.0534733
-0.0532957
-0.0530487
-0.0527327
-0.0523483
-0.0518955
-0.051374
-0.050783
-0.0501214
-0.0493873
-0.0485785
-0.0476923
-0.0467255
-0.0456747
-0.0445366
-0.0433081
-0.0419868
-0.0405716
-0.0390633
-0.037465
-0.0357833
-0.0340285
-0.0322159
-0.0303655
-0.0285028
-0.0266586
-0.024868
-0.0231696
-0.0216036
-0.0202091
-0.0190216
-0.0180694
-0.0173705
-0.0169296
-0.0167371
-0.0167702
-0.016993
-0.0173491
-0.017809
-0.0185546
-0.0110042
-0.0109775
-0.0109818
-0.0110089
-0.0110625
-0.0111479
-0.0112703
-0.0114339
-0.0116422
-0.0118981
-0.0122045
-0.0125622
-0.0129729
-0.0134381
-0.0139585
-0.0145349
-0.0151678
-0.0158574
-0.0166038
-0.0174065
-0.018265
-0.0191783
-0.0201449
-0.021163
-0.0222304
-0.0233444
-0.0245017
-0.0256987
-0.0269314
-0.0281951
-0.029485
-0.0307957
-0.0321216
-0.0334569
-0.0347954
-0.0361308
-0.0374569
-0.0387671
-0.0400553
-0.0413151
-0.0425406
-0.043726
-0.0448659
-0.0459551
-0.0469891
-0.0479634
-0.0488745
-0.049719
-0.0504942
-0.0511979
-0.0518281
-0.0523836
-0.0528635
-0.0532673
-0.0535947
-0.0538455
-0.0540201
-0.054126
-0.0541649
-0.0541319
-0.0540283
-0.0538554
-0.0536145
-0.0533062
-0.0529313
-0.05249
-0.0519822
-0.0514073
-0.0507643
-0.0500516
-0.049267
-0.0484075
-0.0474701
-0.046451
-0.0453463
-0.0441524
-0.042866
-0.0414848
-0.0400082
-0.0384379
-0.0367789
-0.0350397
-0.0332339
-0.0313799
-0.0295023
-0.0276309
-0.0258008
-0.0240514
-0.0224244
-0.0209614
-0.0197011
-0.0186759
-0.0179079
-0.0174059
-0.0171638
-0.0171611
-0.0173628
-0.0177111
-0.0181749
-0.0189436
-0.011444
-0.0114038
-0.0114
-0.0114203
-0.0114681
-0.0115487
-0.0116668
-0.0118262
-0.0120309
-0.0122842
-0.0125882
-0.0129449
-0.0133557
-0.0138219
-0.0143439
-0.0149222
-0.0155574
-0.0162497
-0.0169991
-0.017805
-0.0186669
-0.0195837
-0.0205539
-0.0215758
-0.0226469
-0.0237647
-0.0249257
-0.0261265
-0.0273628
-0.0286301
-0.0299234
-0.0312375
-0.0325666
-0.0339049
-0.0352462
-0.0365842
-0.0379126
-0.039225
-0.040515
-0.0417765
-0.0430033
-0.0441898
-0.0453305
-0.0464202
-0.0474544
-0.0484288
-0.0493397
-0.0501838
-0.0509585
-0.0516614
-0.0522909
-0.0528457
-0.0533248
-0.053728
-0.0540549
-0.0543055
-0.05448
-0.0545861
-0.0546255
-0.0545943
-0.0544932
-0.0543241
-0.0540882
-0.0537864
-0.0534197
-0.0529884
-0.0524927
-0.0519324
-0.0513065
-0.0506135
-0.0498514
-0.0490174
-0.0481081
-0.0471197
-0.0460481
-0.0448887
-0.0436377
-0.0422917
-0.040849
-0.0393096
-0.0376768
-0.0359576
-0.0341636
-0.0323117
-0.030425
-0.0285323
-0.0266685
-0.0248733
-0.0231897
-0.0216616
-0.0203308
-0.0192334
-0.0183958
-0.0178314
-0.0175375
-0.0174964
-0.0176745
-0.0180129
-0.018479
-0.0192695
-0.0118646
-0.0118113
-0.0117994
-0.0118128
-0.0118543
-0.0119296
-0.0120433
-0.012199
-0.0124004
-0.0126505
-0.0129514
-0.0133058
-0.0137149
-0.0141799
-0.0147015
-0.01528
-0.015916
-0.0166095
-0.0173602
-0.0181676
-0.019031
-0.0199494
-0.0209213
-0.0219449
-0.0230177
-0.0241371
-0.0252997
-0.026502
-0.0277398
-0.0290085
-0.0303032
-0.0316184
-0.0329487
-0.034288
-0.0356301
-0.0369689
-0.0382979
-0.0396108
-0.0409011
-0.0421627
-0.0433896
-0.0445759
-0.0457163
-0.0468057
-0.0478393
-0.048813
-0.049723
-0.0505662
-0.0513399
-0.0520418
-0.0526703
-0.053224
-0.0537022
-0.0541044
-0.0544307
-0.0546808
-0.0548553
-0.0549607
-0.0549998
-0.0549697
-0.0548707
-0.0547046
-0.0544727
-0.0541762
-0.0538164
-0.0533937
-0.0529087
-0.0523612
-0.0517506
-0.0510755
-0.0503342
-0.0495239
-0.0486412
-0.0476823
-0.0466425
-0.0455171
-0.0443014
-0.0429911
-0.0415833
-0.0400768
-0.038473
-0.0367772
-0.0349991
-0.033154
-0.0312632
-0.0293545
-0.0274623
-0.0256261
-0.0238902
-0.0223003
-0.0209011
-0.0197325
-0.0188253
-0.018197
-0.0178493
-0.0177673
-0.0179192
-0.0182454
-0.0187122
-0.0195232
-0.0122647
-0.0121988
-0.0121789
-0.0121852
-0.0122202
-0.0122898
-0.0123984
-0.0125497
-0.0127472
-0.0129939
-0.0132919
-0.0136435
-0.0140501
-0.0145124
-0.0150318
-0.0156089
-0.0162436
-0.0169361
-0.0176861
-0.018493
-0.0193561
-0.0202742
-0.0212458
-0.022269
-0.0233415
-0.0244604
-0.0256226
-0.0268243
-0.0280614
-0.0293294
-0.0306232
-0.0319377
-0.0332671
-0.0346054
-0.0359466
-0.0372844
-0.0386124
-0.0399241
-0.0412134
-0.0424738
-0.0436996
-0.0448848
-0.046024
-0.0471122
-0.0481446
-0.0491169
-0.0500254
-0.0508673
-0.0516396
-0.0523403
-0.0529676
-0.0535202
-0.0539973
-0.0543986
-0.0547241
-0.0549739
-0.0551484
-0.0552519
-0.0552893
-0.0552606
-0.0551634
-0.0549995
-0.0547708
-0.0544787
-0.0541245
-0.0537091
-0.0532332
-0.0526969
-0.0520998
-0.0514408
-0.0507183
-0.0499297
-0.0490718
-0.0481405
-0.0471311
-0.0460384
-0.0448572
-0.0435825
-0.04221
-0.0407373
-0.0391642
-0.0374942
-0.0357353
-0.0339007
-0.0320101
-0.0300901
-0.0281739
-0.0263012
-0.0245167
-0.0228681
-0.0214027
-0.0201639
-0.0191867
-0.0184934
-0.0180897
-0.0179644
-0.0180875
-0.0183993
-0.0188649
-0.0196949
-0.012643
-0.0125651
-0.0125375
-0.0125367
-0.012565
-0.0126285
-0.0127315
-0.0128776
-0.0130705
-0.0133128
-0.013607
-0.013955
-0.0143582
-0.0148175
-0.015334
-0.0159082
-0.01654
-0.0172296
-0.0179768
-0.0187813
-0.0196419
-0.0205576
-0.0215268
-0.0225474
-0.0236173
-0.0247337
-0.0258932
-0.0270923
-0.0283267
-0.0295919
-0.0308829
-0.0321946
-0.0335212
-0.0348567
-0.0361952
-0.0375303
-0.0388557
-0.040165
-0.0414518
-0.04271
-0.0439336
-0.0451167
-0.046254
-0.0473404
-0.048371
-0.0493416
-0.0502482
-0.0510884
-0.0518593
-0.0525587
-0.0531847
-0.0537362
-0.0542123
-0.0546127
-0.0549373
-0.0551864
-0.0553605
-0.0554618
-0.0554979
-0.0554702
-0.0553742
-0.0552119
-0.0549855
-0.0546969
-0.0543473
-0.0539379
-0.0534697
-0.0529429
-0.0523575
-0.0517127
-0.051007
-0.050238
-0.0494027
-0.0484969
-0.047516
-0.0464544
-0.0453064
-0.0440661
-0.0427285
-0.0412898
-0.0397483
-0.0381057
-0.036368
-0.0345467
-0.0326597
-0.0307319
-0.0287955
-0.02689
-0.0250604
-0.0233557
-0.0218259
-0.0205177
-0.0194703
-0.0187107
-0.018249
-0.0180778
-0.0181694
-0.0184644
-0.0189268
-0.0197743
-0.0129987
-0.0129096
-0.0128743
-0.0128665
-0.012888
-0.0129452
-0.013042
-0.0131825
-0.0133698
-0.013607
-0.0138963
-0.0142396
-0.0146383
-0.0150934
-0.0156057
-0.0161757
-0.0168035
-0.017489
-0.0182322
-0.0190323
-0.0198887
-0.0207999
-0.0217645
-0.0227806
-0.0238458
-0.0249575
-0.0261123
-0.0273065
-0.0285361
-0.0297964
-0.0310827
-0.0323895
-0.0337114
-0.0350423
-0.0363763
-0.037707
-0.0390282
-0.0403335
-0.0416165
-0.0428711
-0.0440913
-0.0452713
-0.0464057
-0.0474894
-0.0485177
-0.0494864
-0.0503919
-0.0512308
-0.0520004
-0.0526985
-0.0533235
-0.053874
-0.0543492
-0.0547489
-0.0550728
-0.0553209
-0.0554937
-0.0555939
-0.0556294
-0.055602
-0.0555067
-0.055345
-0.0551201
-0.0548341
-0.0544881
-0.0540834
-0.0536214
-0.0531026
-0.0525272
-0.0518946
-0.0512036
-0.0504521
-0.0496371
-0.0487546
-0.0477999
-0.0467672
-0.0456505
-0.0444432
-0.0431394
-0.041734
-0.0402239
-0.0386092
-0.0368941
-0.0350879
-0.0332066
-0.0312737
-0.0293201
-0.0273846
-0.0255125
-0.023754
-0.0221611
-0.020784
-0.019666
-0.0188387
-0.0183168
-0.018097
-0.0181544
-0.01843
-0.0188873
-0.0197505
-0.0133312
-0.0132314
-0.0131889
-0.0131741
-0.0131888
-0.0132392
-0.0133297
-0.0134638
-0.013645
-0.0138761
-0.0141595
-0.014497
-0.01489
-0.0153396
-0.0158464
-0.0164109
-0.0170332
-0.0177133
-0.0184508
-0.0192452
-0.0200956
-0.0210009
-0.0219593
-0.0229691
-0.0240279
-0.0251329
-0.026281
-0.0274685
-0.0286912
-0.0299448
-0.0312244
-0.0325246
-0.0338399
-0.0351644
-0.0364922
-0.0378169
-0.0391323
-0.0404321
-0.0417099
-0.0429596
-0.0441751
-0.0453509
-0.0464814
-0.0475615
-0.0485867
-0.0495529
-0.0504567
-0.0512937
-0.0520616
-0.0527581
-0.0533816
-0.0539309
-0.0544051
-0.054804
-0.0551275
-0.055376
-0.0555501
-0.0556506
-0.0556861
-0.0556589
-0.0555638
-0.055402
-0.0551781
-0.0548941
-0.0545508
-0.0541493
-0.053692
-0.0531798
-0.0526125
-0.0519902
-0.0513119
-0.0505755
-0.0497785
-0.0489169
-0.0479859
-0.0469797
-0.0458919
-0.0447155
-0.0434437
-0.0420702
-0.0405908
-0.0390036
-0.0373111
-0.0355207
-0.0336465
-0.03171
-0.0297411
-0.0277775
-0.0258647
-0.0240537
-0.0223987
-0.0209529
-0.0197635
-0.0188668
-0.0182825
-0.0180113
-0.0180315
-0.0182851
-0.018735
-0.0196119
-0.01364
-0.0135303
-0.0134808
-0.0134591
-0.0134669
-0.0135105
-0.0135941
-0.0137214
-0.0138957
-0.0141199
-0.0143965
-0.0147271
-0.0151133
-0.0155561
-0.0160561
-0.0166137
-0.0172291
-0.0179021
-0.0186325
-0.0194196
-0.0202626
-0.0211601
-0.0221108
-0.0231126
-0.0241633
-0.02526
-0.0263997
-0.0275788
-0.0287931
-0.0300383
-0.0313095
-0.0326014
-0.0339086
-0.0352253
-0.0365453
-0.0378627
-0.039171
-0.040464
-0.0417355
-0.0429792
-0.0441892
-0.0453598
-0.0464856
-0.0475614
-0.0485828
-0.0495454
-0.0504457
-0.0512798
-0.0520452
-0.0527395
-0.0533612
-0.0539089
-0.0543818
-0.0547796
-0.0551027
-0.0553517
-0.0555269
-0.0556275
-0.0556627
-0.0556354
-0.0555412
-0.0553823
-0.0551614
-0.0548799
-0.0545389
-0.0541394
-0.0536858
-0.0531787
-0.0526176
-0.0520035
-0.0513356
-0.0506121
-0.0498306
-0.0489872
-0.0480774
-0.047095
-0.0460335
-0.0448855
-0.0436432
-0.0422997
-0.0408491
-0.0392882
-0.0376175
-0.0358426
-0.0339755
-0.032036
-0.0300524
-0.0280617
-0.026109
-0.0242462
-0.0225292
-0.0210141
-0.0197522
-0.0187842
-0.0181347
-0.0178091
-0.0177891
-0.0180178
-0.0184579
-0.0193464
-0.0139247
-0.0138059
-0.0137497
-0.0137214
-0.0137223
-0.0137589
-0.0138353
-0.0139552
-0.014122
-0.0143386
-0.0146074
-0.0149301
-0.0153083
-0.015743
-0.0162348
-0.0167841
-0.0173911
-0.0180556
-0.0187773
-0.0195556
-0.0203895
-0.0212778
-0.022219
-0.0232112
-0.0242521
-0.0253389
-0.0264686
-0.0276376
-0.0288419
-0.0300771
-0.0313383
-0.0326205
-0.0339181
-0.0352255
-0.0365365
-0.0378452
-0.0391453
-0.0404304
-0.0416945
-0.0429313
-0.0441349
-0.0452996
-0.04642
-0.0474911
-0.048508
-0.0494667
-0.0503633
-0.0511943
-0.0519571
-0.0526492
-0.053269
-0.0538151
-0.0542868
-0.0546836
-0.0550056
-0.0552535
-0.0554274
-0.0555273
-0.0555613
-0.055533
-0.0554399
-0.0552838
-0.055065
-0.0547853
-0.0544468
-0.0540527
-0.0536049
-0.0531029
-0.0525463
-0.0519388
-0.0512795
-0.050566
-0.0497974
-0.0489695
-0.048078
-0.0471166
-0.0460784
-0.0449558
-0.0437403
-0.042424
-0.0409999
-0.0394632
-0.0378125
-0.0360517
-0.0341907
-0.0322475
-0.0302488
-0.0282306
-0.0262377
-0.0243227
-0.022543
-0.0209574
-0.0196211
-0.0185795
-0.017862
-0.0174787
-0.0174151
-0.0176159
-0.0180435
-0.0189413
-0.0141853
-0.0140581
-0.0139957
-0.0139609
-0.013955
-0.0139845
-0.0140534
-0.0141655
-0.0143242
-0.0145323
-0.0147923
-0.0151062
-0.0154752
-0.0159006
-0.0163829
-0.0169225
-0.0175196
-0.0181741
-0.0188856
-0.0196533
-0.0204766
-0.021354
-0.0222842
-0.0232651
-0.0242946
-0.02537
-0.0264881
-0.0276454
-0.0288381
-0.0300617
-0.0313115
-0.0325825
-0.0338692
-0.0351659
-0.0364667
-0.0377655
-0.0390562
-0.0403324
-0.0415881
-0.0428172
-0.0440137
-0.0451718
-0.0462863
-0.047352
-0.0483642
-0.0493187
-0.0502116
-0.0510396
-0.0517997
-0.0524897
-0.0531077
-0.0536524
-0.0541229
-0.0545187
-0.05484
-0.055087
-0.0552603
-0.0553603
-0.055392
-0.0553612
-0.0552683
-0.0551114
-0.0548921
-0.0546129
-0.0542767
-0.0538872
-0.0534434
-0.0529457
-0.0523972
-0.0517987
-0.0511471
-0.0504416
-0.0496838
-0.048868
-0.0479917
-0.047048
-0.0460301
-0.0449296
-0.0437377
-0.0424454
-0.0410447
-0.0395292
-0.0378959
-0.0361467
-0.0342897
-0.0323409
-0.0303254
-0.0282782
-0.0262437
-0.0242749
-0.0224307
-0.0207726
-0.0193594
-0.0182411
-0.0174522
-0.0170075
-0.0168967
-0.0170662
-0.0174787
-0.018383
-0.0144218
-0.0142871
-0.0142188
-0.0141779
-0.0141652
-0.0141875
-0.0142487
-0.0143525
-0.0145025
-0.0147014
-0.0149519
-0.0152557
-0.0156145
-0.0160293
-0.0165007
-0.0170293
-0.0176151
-0.018258
-0.0189577
-0.0197134
-0.0205244
-0.0213894
-0.0223069
-0.023275
-0.0242915
-0.0253538
-0.0264587
-0.0276029
-0.0287825
-0.0299931
-0.0312301
-0.0324885
-0.0337629
-0.0350477
-0.0363371
-0.0376249
-0.0389052
-0.0401717
-0.0414182
-0.0426387
-0.0438274
-0.0449784
-0.0460865
-0.0471464
-0.0481536
-0.0491037
-0.0499929
-0.0508176
-0.0515752
-0.0522631
-0.0528794
-0.0534228
-0.0538923
-0.0542874
-0.0546081
-0.0548547
-0.0550278
-0.055128
-0.0551575
-0.0551246
-0.0550317
-0.0548743
-0.0546545
-0.0543751
-0.0540389
-0.0536485
-0.053205
-0.0527106
-0.0521685
-0.0515764
-0.050933
-0.05024
-0.0494931
-0.0486872
-0.0478233
-0.0468937
-0.0458922
-0.0448104
-0.0436384
-0.0423664
-0.0409854
-0.0394875
-0.037868
-0.036127
-0.0342706
-0.0323131
-0.0302779
-0.0281988
-0.0261199
-0.0240945
-0.0221829
-0.0204492
-0.0189558
-0.0177571
-0.0168928
-0.0163828
-0.0162207
-0.0163554
-0.0167496
-0.0176575
-0.0146344
-0.0144931
-0.0144193
-0.0143725
-0.0143532
-0.0143682
-0.0144216
-0.0145168
-0.0146575
-0.0148466
-0.0150866
-0.0153795
-0.0157268
-0.0161298
-0.016589
-0.0171051
-0.0176781
-0.018308
-0.0189943
-0.0197365
-0.0205337
-0.0213847
-0.0222879
-0.0232417
-0.0242436
-0.0252913
-0.0263816
-0.0275112
-0.0286762
-0.0298725
-0.0310954
-0.0323399
-0.0336008
-0.0348726
-0.0361494
-0.0374253
-0.0386942
-0.03995
-0.0411866
-0.0423979
-0.0435781
-0.0447216
-0.0458228
-0.0468767
-0.0478786
-0.0488241
-0.0497094
-0.0505311
-0.051286
-0.0519719
-0.0525868
-0.0531291
-0.0535978
-0.0539925
-0.0543129
-0.0545593
-0.0547323
-0.0548324
-0.0548607
-0.0548268
-0.0547336
-0.0545758
-0.0543555
-0.0540757
-0.0537389
-0.0533475
-0.0529036
-0.0524093
-0.0518668
-0.0512764
-0.0506393
-0.0499554
-0.0492182
-0.0484275
-0.0475765
-0.0466582
-0.0456693
-0.0446019
-0.0434456
-0.0421899
-0.0408243
-0.0393396
-0.0377296
-0.0359924
-0.0341322
-0.0321615
-0.0301023
-0.0279871
-0.0258596
-0.0237734
-0.0217903
-0.0199768
-0.0183987
-0.0171152
-0.0161709
-0.0155909
-0.0153733
-0.0154691
-0.0158417
-0.0167497
-0.0148235
-0.0146764
-0.0145977
-0.0145452
-0.0145196
-0.0145273
-0.0145726
-0.014659
-0.0147899
-0.0149684
-0.0151972
-0.0154781
-0.015813
-0.0162029
-0.0166487
-0.0171508
-0.0177096
-0.0183249
-0.0189964
-0.0197235
-0.0205053
-0.0213407
-0.0222282
-0.023166
-0.024152
-0.0251836
-0.0262578
-0.0273714
-0.0285206
-0.0297011
-0.0309086
-0.0321381
-0.0333845
-0.0346421
-0.0359054
-0.0371684
-0.0384251
-0.0396695
-0.0408955
-0.042097
-0.0432683
-0.0444037
-0.0454977
-0.0465453
-0.0475418
-0.0484827
-0.0493641
-0.0501826
-0.0509351
-0.0516192
-0.0522327
-0.0527741
-0.0532424
-0.0536369
-0.0539573
-0.0542038
-0.0543771
-0.0544773
-0.0545053
-0.0544709
-0.0543769
-0.0542187
-0.053998
-0.0537176
-0.0533801
-0.0529878
-0.0525431
-0.052048
-0.0515045
-0.0509136
-0.0502766
-0.0495934
-0.0488627
-0.048083
-0.0472444
-0.0463424
-0.0453652
-0.044309
-0.0431632
-0.0419187
-0.0405638
-0.0390875
-0.0374817
-0.0357429
-0.0338734
-0.031884
-0.029795
-0.027638
-0.0254562
-0.0233036
-0.0212435
-0.0193446
-0.0176765
-0.0163027
-0.0152732
-0.014618
-0.0143399
-0.0143926
-0.0147399
-0.0156442
-0.0149895
-0.0148375
-0.0147543
-0.0146966
-0.0146648
-0.0146654
-0.0147025
-0.0147797
-0.0149005
-0.0150679
-0.0152846
-0.0155527
-0.0158739
-0.0162496
-0.0166806
-0.0171675
-0.0177106
-0.0183098
-0.018965
-0.0196754
-0.0204403
-0.0212586
-0.0221288
-0.0230493
-0.0240178
-0.0250319
-0.0260887
-0.027185
-0.028317
-0.0294807
-0.0306716
-0.031885
-0.0331157
-0.0343583
-0.0356071
-0.0368564
-0.0381002
-0.0393325
-0.0405472
-0.0417385
-0.0429004
-0.0440273
-0.0451139
-0.046155
-0.0471459
-0.0480821
-0.0489597
-0.0497751
-0.0505253
-0.0512077
-0.0518201
-0.052361
-0.0528291
-0.0532237
-0.0535445
-0.0537916
-0.0539655
-0.0540664
-0.0540952
-0.05406
-0.0539645
-0.0538061
-0.0535852
-0.0533043
-0.052966
-0.0525727
-0.0521268
-0.0516304
-0.0510854
-0.0504932
-0.0498548
-0.0491702
-0.0484389
-0.0476595
-0.0468281
-0.0459373
-0.0449763
-0.0439339
-0.0427958
-0.0415568
-0.0402068
-0.0387329
-0.0371253
-0.0353788
-0.0334935
-0.0314784
-0.0293526
-0.0271467
-0.0249034
-0.0226773
-0.020533
-0.018542
-0.0167772
-0.0153067
-0.0141857
-0.0134496
-0.0131056
-0.0131105
-0.0134285
-0.0143246
-0.0151332
-0.0149771
-0.0148899
-0.0148273
-0.0147896
-0.0147832
-0.0148122
-0.01488
-0.0149902
-0.0151459
-0.0153498
-0.0156041
-0.0159107
-0.016271
-0.016686
-0.0171563
-0.0176822
-0.018264
-0.0189012
-0.0195935
-0.02034
-0.0211397
-0.0219912
-0.0228928
-0.0238424
-0.0248377
-0.0258758
-0.0269535
-0.0280672
-0.0292128
-0.0303861
-0.0315824
-0.0327965
-0.0340231
-0.0352567
-0.0364916
-0.0377218
-0.0389414
-0.0401444
-0.0413249
-0.0424771
-0.0435953
-0.0446742
-0.0457087
-0.0466938
-0.0476253
-0.0484991
-0.0493116
-0.0500597
-0.0507406
-0.0513523
-0.0518928
-0.0523611
-0.0527562
-0.0530778
-0.0533258
-0.0535008
-0.0536033
-0.053634
-0.0535967
-0.0534985
-0.0533411
-0.0531206
-0.0528394
-0.0525003
-0.0521059
-0.0516585
-0.0511603
-0.0506132
-0.0500188
-0.0493779
-0.0486909
-0.0479569
-0.0471743
-0.0463401
-0.0454495
-0.0444975
-0.0434661
-0.0423426
-0.0411077
-0.0397574
-0.0382787
-0.0366619
-0.0349002
-0.0329915
-0.0309428
-0.0287718
-0.0265082
-0.0241947
-0.0218863
-0.0196494
-0.0175579
-0.0156885
-0.0141138
-0.0128943
-0.0120707
-0.011655
-0.0116068
-0.0118911
-0.0127739
-0.0152552
-0.0150959
-0.0150053
-0.0149382
-0.0148949
-0.0148817
-0.0149024
-0.0149607
-0.01506
-0.0152035
-0.0153939
-0.0156336
-0.0159246
-0.0162684
-0.0166661
-0.0171184
-0.0176259
-0.0181886
-0.0188065
-0.0194791
-0.0202057
-0.0209854
-0.0218167
-0.0226981
-0.0236275
-0.0246027
-0.0256208
-0.0266787
-0.0277729
-0.0288995
-0.0300542
-0.0312324
-0.0324291
-0.033639
-0.0348566
-0.0360764
-0.0372924
-0.0384988
-0.0396896
-0.040859
-0.0420012
-0.0431105
-0.0441816
-0.0452093
-0.0461888
-0.0471156
-0.0479857
-0.0487954
-0.0495415
-0.0502212
-0.0508323
-0.0513729
-0.0518417
-0.0522377
-0.0525605
-0.0528098
-0.0529862
-0.0530903
-0.0531224
-0.0530843
-0.0529854
-0.0528285
-0.0526083
-0.0523267
-0.0519869
-0.0515912
-0.0511421
-0.0506417
-0.050092
-0.0494945
-0.0488502
-0.0481592
-0.0474209
-0.0466335
-0.0457937
-0.044897
-0.043938
-0.0429068
-0.0417897
-0.0405665
-0.0392173
-0.0377285
-0.0360935
-0.0343078
-0.0323667
-0.0302749
-0.0280491
-0.0257177
-0.0233236
-0.0209226
-0.0185829
-0.0163811
-0.0143978
-0.0127102
-0.0113842
-0.0104658
-0.00997183
-0.00986508
-0.0101106
-0.0109744
-0.0153563
-0.0151948
-0.0151012
-0.0150302
-0.0149816
-0.0149617
-0.0149743
-0.015023
-0.015111
-0.0152418
-0.0154182
-0.0156425
-0.0159169
-0.0162431
-0.0166222
-0.0170553
-0.0175429
-0.0180852
-0.0186823
-0.0193338
-0.0200391
-0.0207973
-0.021607
-0.0224669
-0.0233748
-0.0243286
-0.0253255
-0.0263626
-0.0274363
-0.0285429
-0.029678
-0.0308373
-0.0320157
-0.0332082
-0.0344093
-0.0356134
-0.0368148
-0.0380076
-0.0391859
-0.0403439
-0.0414758
-0.042576
-0.0436392
-0.0446601
-0.0456339
-0.0465561
-0.0474227
-0.0482298
-0.0489741
-0.0496529
-0.0502638
-0.0508048
-0.0512745
-0.0516717
-0.0519961
-0.0522472
-0.0524254
-0.0525313
-0.0525651
-0.0525278
-0.052429
-0.052272
-0.0520519
-0.0517702
-0.0514296
-0.0510327
-0.0505817
-0.0500789
-0.049526
-0.0489247
-0.0482758
-0.0475796
-0.0468353
-0.0460409
-0.0451933
-0.0442874
-0.0433167
-0.0422726
-0.0411445
-0.039921
-0.0385725
-0.0370797
-0.035422
-0.0336034
-0.031619
-0.0294725
-0.0271806
-0.0247698
-0.0222833
-0.0197778
-0.0173235
-0.0150001
-0.0128922
-0.0110819
-0.00964035
-0.00861919
-0.00803987
-0.00786837
-0.00806994
-0.00890789
-0.0154375
-0.0152746
-0.0151787
-0.0151041
-0.0150506
-0.0150243
-0.0150289
-0.0150678
-0.0151445
-0.0152622
-0.0154238
-0.015632
-0.015889
-0.0161964
-0.0165559
-0.0169685
-0.0174348
-0.0179554
-0.0185302
-0.0191592
-0.0198417
-0.020577
-0.0213639
-0.0222008
-0.0230861
-0.0240173
-0.024992
-0.0260072
-0.0270594
-0.028145
-0.0292599
-0.0303995
-0.0315591
-0.0327335
-0.0339175
-0.0351055
-0.0362918
-0.0374706
-0.0386361
-0.0397825
-0.040904
-0.0419951
-0.0430502
-0.0440644
-0.0450326
-0.0459504
-0.0468135
-0.0476182
-0.0483611
-0.0490393
-0.0496503
-0.050192
-0.050663
-0.051062
-0.0513883
-0.0516417
-0.0518222
-0.0519304
-0.0519666
-0.0519316
-0.0518328
-0.0516745
-0.0514551
-0.0511737
-0.0508326
-0.0504344
-0.0499815
-0.0494759
-0.0489194
-0.0483136
-0.0476592
-0.0469564
-0.0462044
-0.045401
-0.0445429
-0.0436246
-0.0426393
-0.0415776
-0.0404285
-0.0391804
-0.0378161
-0.0363104
-0.0346406
-0.0327867
-0.0307493
-0.0285344
-0.0261629
-0.023659
-0.0210666
-0.018443
-0.0158609
-0.0134032
-0.0111586
-0.00921447
-0.00764748
-0.00651473
-0.00584237
-0.00559954
-0.0057513
-0.00655576
-0.0154997
-0.0153363
-0.0152386
-0.015161
-0.015103
-0.0150706
-0.0150674
-0.0150965
-0.0151616
-0.0152658
-0.0154123
-0.0156036
-0.0158422
-0.01613
-0.0164686
-0.0168594
-0.0173032
-0.0178006
-0.0183519
-0.0189569
-0.0196154
-0.0203264
-0.0210891
-0.021902
-0.0227633
-0.0236709
-0.0246223
-0.0256146
-0.0266445
-0.0277084
-0.0288022
-0.0299215
-0.0310616
-0.0322175
-0.033384
-0.0345555
-0.0357264
-0.036891
-0.0380435
-0.0391781
-0.0402892
-0.041371
-0.0424183
-0.0434257
-0.0443885
-0.045302
-0.0461619
-0.0469645
-0.0477062
-0.0483841
-0.0489955
-0.0495384
-0.050011
-0.0504122
-0.050741
-0.0509971
-0.0511805
-0.0512916
-0.051331
-0.0512994
-0.0511995
-0.0510395
-0.0508217
-0.0505411
-0.0501998
-0.0498005
-0.0493456
-0.048837
-0.0482765
-0.0476655
-0.0470047
-0.0462941
-0.0455327
-0.0447182
-0.0438468
-0.0429129
-0.041909
-0.0408252
-0.0396495
-0.0383682
-0.0369654
-0.0354233
-0.0337252
-0.0318377
-0.0297506
-0.0274584
-0.0249943
-0.0223809
-0.0196666
-0.0169094
-0.0141845
-0.011578
-0.00918349
-0.00709332
-0.00538999
-0.00413614
-0.00336253
-0.00304137
-0.00313707
-0.00389924
-0.015544
-0.015381
-0.0152822
-0.015202
-0.01514
-0.0151018
-0.0150908
-0.0151103
-0.0151636
-0.0152541
-0.0153848
-0.0155586
-0.0157779
-0.0160451
-0.0163619
-0.0167297
-0.0171497
-0.0176227
-0.018149
-0.0187288
-0.0193618
-0.0200474
-0.0207846
-0.0215722
-0.0224085
-0.0232915
-0.0242186
-0.0251872
-0.026194
-0.0272354
-0.0283075
-0.029406
-0.0305261
-0.0316631
-0.0328116
-0.0339664
-0.0351217
-0.0362719
-0.0374113
-0.0385342
-0.0396347
-0.0407074
-0.0417468
-0.0427477
-0.0437052
-0.0446145
-0.0454715
-0.0462723
-0.0470131
-0.0476911
-0.0483034
-0.0488478
-0.0493226
-0.0497264
-0.0500582
-0.0503175
-0.0505042
-0.0506186
-0.0506613
-0.0506326
-0.0505337
-0.0503742
-0.0501571
-0.0498772
-0.0495357
-0.0491354
-0.0486784
-0.0481666
-0.0476017
-0.0469848
-0.0463166
-0.0455969
-0.0448244
-0.0439965
-0.0431091
-0.0421561
-0.0411294
-0.0400183
-0.0388102
-0.0374897
-0.0360397
-0.0344423
-0.0326812
-0.0307384
-0.0285894
-0.0262302
-0.023668
-0.0209308
-0.0180779
-0.0151685
-0.0122837
-0.00951256
-0.00695332
-0.00470379
-0.00285236
-0.00146726
-0.000583738
-0.000176888
-0.000209832
-0.000919708
-0.0155715
-0.0154098
-0.0153104
-0.0152282
-0.0151626
-0.0151189
-0.0151005
-0.0151103
-0.0151518
-0.0152282
-0.0153427
-0.0154983
-0.0156978
-0.0159434
-0.0162372
-0.0165809
-0.016976
-0.0174232
-0.0179234
-0.0184767
-0.0190829
-0.0197418
-0.0204525
-0.0212137
-0.0220239
-0.0228812
-0.0237833
-0.0247273
-0.0257103
-0.0267287
-0.0277785
-0.0288556
-0.0299555
-0.0310732
-0.0322036
-0.0333413
-0.0344809
-0.0356167
-0.036743
-0.037854
-0.0389442
-0.0400078
-0.0410395
-0.042034
-0.0429864
-0.043892
-0.0447463
-0.0455455
-0.0462859
-0.0469643
-0.0475779
-0.0481243
-0.0486018
-0.0490086
-0.0493439
-0.0496069
-0.0497975
-0.0499158
-0.0499622
-0.0499371
-0.0498413
-0.0496827
-0.0494649
-0.0491858
-0.0488445
-0.0484433
-0.0479842
-0.047469
-0.0468992
-0.0462758
-0.0455992
-0.044869
-0.0440836
-0.04324
-0.0423336
-0.0413578
-0.0403036
-0.0391599
-0.0379125
-0.0365453
-0.0350399
-0.0333767
-0.0315371
-0.0295042
-0.0272641
-0.0248169
-0.022149
-0.0192927
-0.0162909
-0.0132125
-0.0101492
-0.00719494
-0.00445464
-0.00203138
-1.93826e-05
0.00150766
0.00251013
0.00301027
0.00304713
0.00240087
-0.0155833
-0.0154239
-0.0153244
-0.0152408
-0.0151721
-0.0151233
-0.0150976
-0.0150979
-0.0151274
-0.0151895
-0.0152875
-0.0154243
-0.015603
-0.0158262
-0.0160961
-0.0164147
-0.0167836
-0.017204
-0.0176767
-0.0182022
-0.0187807
-0.0194117
-0.0200946
-0.0208284
-0.0216117
-0.0224425
-0.0233187
-0.0242375
-0.025196
-0.0261908
-0.027218
-0.0282734
-0.0293526
-0.0304508
-0.0315629
-0.0326836
-0.0338074
-0.0349287
-0.0360419
-0.0371413
-0.0382211
-0.0392759
-0.0403001
-0.0412885
-0.0422361
-0.0431381
-0.0439902
-0.0447883
-0.0455286
-0.0462078
-0.0468232
-0.0473721
-0.0478526
-0.0482631
-0.0486024
-0.0488697
-0.0490647
-0.0491874
-0.0492381
-0.0492176
-0.0491264
-0.0489675
-0.0487482
-0.048471
-0.0481306
-0.0477287
-0.0472675
-0.0467487
-0.0461735
-0.0455428
-0.0448567
-0.0441145
-0.0433141
-0.0424522
-0.0415235
-0.0405208
-0.0394343
-0.0382517
-0.0369579
-0.0355354
-0.0339643
-0.032224
-0.0302941
-0.0281565
-0.0257988
-0.023219
-0.0204211
-0.0174288
-0.0142732
-0.0110248
-0.00776952
-0.00461377
-0.00167448
0.000938215
0.00312373
0.00480358
0.00593415
0.00653528
0.00664925
0.00607934
-0.0155805
-0.0154243
-0.0153255
-0.0152411
-0.0151697
-0.0151162
-0.0150835
-0.0150743
-0.0150918
-0.0151393
-0.0152202
-0.0153378
-0.0154951
-0.015695
-0.0159401
-0.0162325
-0.0165742
-0.0169666
-0.0174108
-0.0179074
-0.0184569
-0.019059
-0.0197132
-0.0204187
-0.0211741
-0.0219776
-0.0228272
-0.0237202
-0.0246538
-0.0256245
-0.0266287
-0.0276622
-0.0287206
-0.0297991
-0.0308928
-0.0319964
-0.0331045
-0.0342115
-0.0353118
-0.0363997
-0.0374694
-0.0385155
-0.0395325
-0.0405151
-0.0414583
-0.0423572
-0.0432073
-0.0440046
-0.0447453
-0.0454259
-0.0460434
-0.0465953
-0.0470795
-0.0474942
-0.047838
-0.0481102
-0.0483101
-0.0484378
-0.0484934
-0.0484775
-0.0483905
-0.0482334
-0.0480152
-0.0477384
-0.0473986
-0.046996
-0.0465326
-0.0460099
-0.0454288
-0.04479
-0.0440931
-0.043337
-0.0425194
-0.0416363
-0.0406817
-0.0396475
-0.038523
-0.0372948
-0.0359464
-0.0344589
-0.0328109
-0.0309804
-0.0289457
-0.0266878
-0.024194
-0.0214611
-0.0184979
-0.0153301
-0.0120003
-0.00857038
-0.00511827
-0.0017541
0.00139989
0.00421909
0.00659163
0.00843483
0.00970199
0.0104114
0.0106099
0.0101305
-0.0155643
-0.0154123
-0.0153149
-0.0152301
-0.0151566
-0.0150988
-0.0150593
-0.0150406
-0.015046
-0.0150788
-0.0151423
-0.0152401
-0.0153753
-0.0155512
-0.0157706
-0.0160359
-0.0163494
-0.0167127
-0.0171273
-0.017594
-0.0181135
-0.0186857
-0.0193103
-0.0199866
-0.0207134
-0.021489
-0.0223114
-0.0231781
-0.0240863
-0.0250327
-0.0260136
-0.0270249
-0.0280624
-0.0291213
-0.0301967
-0.0312833
-0.0323758
-0.0334687
-0.0345562
-0.0356328
-0.0366928
-0.0377306
-0.0387407
-0.0397179
-0.0406569
-0.0415531
-0.0424018
-0.0431988
-0.0439403
-0.0446227
-0.045243
-0.0457984
-0.0462867
-0.0467061
-0.0470551
-0.0473327
-0.0475382
-0.0476713
-0.0477323
-0.0477216
-0.0476395
-0.0474868
-0.0472691
-0.0469911
-0.0466523
-0.0462495
-0.0457838
-0.0452568
-0.0446692
-0.0440211
-0.043312
-0.0425402
-0.0417027
-0.0407949
-0.0398102
-0.0387393
-0.0375705
-0.0362889
-0.0348767
-0.0333132
-0.0315757
-0.0296404
-0.0274843
-0.0250879
-0.0224381
-0.0195322
-0.0163808
-0.0130119
-0.00947267
-0.0058299
-0.00216954
0.00140695
0.00478255
0.00782235
0.0103977
0.0124157
0.0138263
0.0146496
0.0149395
0.014566
-0.0155359
-0.0153892
-0.0152939
-0.0152094
-0.0151342
-0.0150723
-0.0150262
-0.0149982
-0.0149914
-0.0150091
-0.0150549
-0.0151323
-0.0152449
-0.015396
-0.0155889
-0.0158262
-0.0161105
-0.0164439
-0.0168279
-0.0172638
-0.0177524
-0.0182938
-0.0188881
-0.0195344
-0.0202319
-0.020979
-0.0217737
-0.0226138
-0.0234963
-0.0244181
-0.0253756
-0.0263648
-0.0273814
-0.0284207
-0.0294779
-0.0305477
-0.0316249
-0.0327038
-0.033779
-0.0348446
-0.0358952
-0.0369251
-0.0379287
-0.0389008
-0.0398363
-0.0407301
-0.0415778
-0.0423751
-0.0431178
-0.0438026
-0.0444261
-0.0449857
-0.0454787
-0.0459034
-0.0462581
-0.0465417
-0.0467533
-0.0468926
-0.0469595
-0.0469544
-0.0468777
-0.04673
-0.0465131
-0.0462347
-0.0458965
-0.0454933
-0.0450252
-0.0444934
-0.0438984
-0.0432398
-0.0425166
-0.0417267
-0.0408663
-0.03993
-0.0389102
-0.0377966
-0.036576
-0.0352322
-0.0337456
-0.0320939
-0.0302525
-0.028196
-0.0259003
-0.0233452
-0.0205176
-0.017416
-0.0140531
-0.0104599
-0.00668746
-0.00280766
0.00108821
0.00489336
0.00848879
0.0117487
0.0145457
0.0167547
0.0183182
0.0192584
0.0196444
0.0193929
-0.0154966
-0.0153564
-0.0152637
-0.0151801
-0.0151036
-0.0150381
-0.0149854
-0.0149481
-0.0149289
-0.0149313
-0.014959
-0.0150156
-0.0151049
-0.0152306
-0.0153962
-0.0156047
-0.0158591
-0.0161616
-0.0165143
-0.0169185
-0.0173754
-0.0178854
-0.0184485
-0.0190644
-0.019732
-0.0204502
-0.0212169
-0.0220299
-0.0228866
-0.0237837
-0.0247178
-0.0256849
-0.0266807
-0.0277006
-0.0287398
-0.0297931
-0.0308552
-0.0319207
-0.0329838
-0.034039
-0.0350805
-0.0361029
-0.0371006
-0.0380681
-0.0390004
-0.0398925
-0.0407397
-0.0415377
-0.0422823
-0.04297
-0.0435973
-0.0441615
-0.0446599
-0.0450905
-0.0454515
-0.0457416
-0.0459599
-0.0461059
-0.0461793
-0.0461802
-0.0461092
-0.0459664
-0.0457526
-0.0454747
-0.0451351
-0.0447312
-0.0442605
-0.0437233
-0.0431197
-0.0424491
-0.0417097
-0.0408987
-0.0400117
-0.0390423
-0.0379816
-0.0368182
-0.0355374
-0.0341211
-0.0325481
-0.0307941
-0.0288326
-0.0266368
-0.0241812
-0.0214454
-0.0184168
-0.0150953
-0.0114965
-0.00765517
-0.00362713
0.000510522
0.00466106
0.00871174
0.0125389
0.0160159
0.0190217
0.0214351
0.0231769
0.0242415
0.0247271
0.0246115
-0.0154478
-0.0153152
-0.015226
-0.0151437
-0.0150664
-0.0149973
-0.0149383
-0.0148914
-0.0148597
-0.0148465
-0.0148556
-0.0148908
-0.0149563
-0.015056
-0.0151936
-0.0153727
-0.0155964
-0.0158673
-0.0161879
-0.0165598
-0.0169843
-0.0174622
-0.0179937
-0.0185786
-0.0192161
-0.0199049
-0.0206434
-0.0214293
-0.02226
-0.0231325
-0.0240433
-0.0249884
-0.0259636
-0.0269644
-0.027986
-0.0290232
-0.0300706
-0.031123
-0.0321745
-0.0332197
-0.0342528
-0.0352682
-0.0362603
-0.0372239
-0.0381536
-0.0390444
-0.0398917
-0.0406909
-0.041438
-0.0421291
-0.0427609
-0.0433302
-0.0438346
-0.0442716
-0.0446395
-0.0449368
-0.0451623
-0.0453155
-0.0453958
-0.0454033
-0.0453382
-0.0452009
-0.0449919
-0.0447131
-0.0443711
-0.0439665
-0.0434928
-0.0429493
-0.0423358
-0.0416512
-0.0408929
-0.0400575
-0.0391394
-0.0381313
-0.037023
-0.0358015
-0.0344504
-0.0329498
-0.0312765
-0.029404
-0.0273043
-0.0249488
-0.0223113
-0.0193711
-0.0161169
-0.0125506
-0.0086914
-0.00457865
-0.00027367
0.0041405
0.00856116
0.01287
0.0169386
0.0206363
0.0238399
0.0264418
0.0283669
0.0295851
0.0301813
0.0302127
-0.0153909
-0.0152674
-0.0151823
-0.0151018
-0.0150239
-0.0149513
-0.0148858
-0.0148293
-0.0147847
-0.0147555
-0.0147455
-0.0147589
-0.0148
-0.0148731
-0.0149822
-0.0151312
-0.0153235
-0.0155624
-0.0158503
-0.0161893
-0.0165809
-0.0170263
-0.0175257
-0.0180793
-0.0186863
-0.0193457
-0.0200558
-0.0208146
-0.0216195
-0.0224675
-0.0233551
-0.0242785
-0.0252335
-0.0262156
-0.0272199
-0.0282414
-0.0292748
-0.0303145
-0.0313551
-0.0323907
-0.0334159
-0.0344249
-0.0354122
-0.0363723
-0.0373
-0.0381902
-0.0390381
-0.0398391
-0.0405892
-0.0412843
-0.0419211
-0.0424962
-0.043007
-0.0434511
-0.0438264
-0.0441313
-0.0443647
-0.0445255
-0.0446132
-0.0446275
-0.0445686
-0.0444365
-0.0442315
-0.0439538
-0.0436106
-0.0432026
-0.0427248
-0.0421739
-0.0415487
-0.0408474
-0.0400669
-0.0392027
-0.0382482
-0.0371947
-0.0360306
-0.0347412
-0.0333081
-0.0317095
-0.0299198
-0.0279107
-0.0256522
-0.0231145
-0.0202709
-0.0171012
-0.0135958
-0.00975959
-0.00561613
-0.00121028
0.0033904
0.00809631
0.0127983
0.0173726
0.0216864
0.025606
0.0290062
0.0317815
0.0338646
0.0352466
0.035974
0.036175
-0.0153276
-0.0152146
-0.0151343
-0.015056
-0.0149776
-0.0149015
-0.0148292
-0.0147627
-0.0147048
-0.0146591
-0.0146296
-0.0146206
-0.0146368
-0.0146827
-0.0147627
-0.0148811
-0.0150417
-0.015248
-0.0155027
-0.0158084
-0.0161669
-0.0165794
-0.0170466
-0.0175687
-0.0181451
-0.018775
-0.0194569
-0.0201887
-0.0209679
-0.0217916
-0.0226564
-0.0235585
-0.0244937
-0.0254576
-0.0264452
-0.0274516
-0.0284714
-0.0294991
-0.0305293
-0.0315561
-0.032574
-0.0335772
-0.0345602
-0.0355174
-0.0364437
-0.0373338
-0.0381829
-0.0389864
-0.0397401
-0.0404398
-0.0410821
-0.0416636
-0.0421814
-0.042633
-0.0430162
-0.0433293
-0.0435708
-0.0437396
-0.043835
-0.0438564
-0.0438037
-0.0436769
-0.043476
-0.0432012
-0.0428542
-0.04244
-0.0419576
-0.041398
-0.0407588
-0.0400378
-0.0392309
-0.0383326
-0.0373351
-0.0362282
-0.0349985
-0.0336295
-0.0321006
-0.0303878
-0.0284633
-0.0262968
-0.0238566
-0.0211121
-0.0180365
-0.0146109
-0.0108282
-0.00669741
-0.00224746
0.00247041
0.00738163
0.0123895
0.0173784
0.0222189
0.0267746
0.0309098
0.0344993
0.0374398
0.0396687
0.0411828
0.0420512
0.0424605
-0.0152601
-0.0151591
-0.0150841
-0.0150081
-0.0149292
-0.0148493
-0.0147698
-0.0146927
-0.0146209
-0.014558
-0.0145084
-0.0144765
-0.0144673
-0.0144855
-0.0145361
-0.0146235
-0.0147519
-0.0149252
-0.0151466
-0.0154188
-0.0157439
-0.0161234
-0.0165583
-0.0170489
-0.0175949
-0.0181954
-0.0188492
-0.0195542
-0.0203081
-0.0211079
-0.0219504
-0.0228317
-0.0237477
-0.0246938
-0.0256654
-0.0266573
-0.0276642
-0.0286806
-0.029701
-0.0307197
-0.0317309
-0.032729
-0.0337083
-0.0346634
-0.0355888
-0.0364795
-0.0373304
-0.0381369
-0.0388947
-0.0395995
-0.0402478
-0.0408361
-0.0413614
-0.041821
-0.0422126
-0.0425342
-0.0427842
-0.0429612
-0.0430644
-0.0430929
-0.0430463
-0.0429243
-0.0427268
-0.0424532
-0.0421033
-0.0416836
-0.0411929
-0.040622
-0.0399656
-0.0392206
-0.038382
-0.037443
-0.0363944
-0.0352242
-0.0339173
-0.0324547
-0.0308138
-0.0289681
-0.0268878
-0.0245404
-0.0218932
-0.0189151
-0.0155801
-0.0118714
-0.0077857
-0.00333727
0.00143856
0.00648316
0.0117143
0.0170278
0.0223015
0.0274011
0.0321871
0.0365232
0.0402858
0.0433759
0.045737
0.0473709
0.0483672
0.0490037
-0.0151909
-0.0151033
-0.015034
-0.0149604
-0.0148805
-0.0147962
-0.0147087
-0.0146203
-0.0145338
-0.0144531
-0.0143827
-0.0143273
-0.014292
-0.0142822
-0.0143029
-0.014359
-0.0144551
-0.0145953
-0.0147832
-0.0150218
-0.0153135
-0.0156602
-0.0160628
-0.0165221
-0.0170378
-0.0176093
-0.0182354
-0.018914
-0.0196431
-0.0204196
-0.0212402
-0.0221013
-0.0229987
-0.0239279
-0.0248841
-0.0258622
-0.0268569
-0.0278627
-0.0288741
-0.0298853
-0.0308906
-0.0318842
-0.0328606
-0.0338141
-0.0347393
-0.0356311
-0.0364843
-0.0372944
-0.0380567
-0.0387672
-0.0394219
-0.0400174
-0.0405506
-0.0410185
-0.0414186
-0.041749
-0.0420076
-0.0421929
-0.0423038
-0.0423392
-0.0422984
-0.0421806
-0.0419855
-0.0417124
-0.0413606
-0.0409316
-0.0404279
-0.0398433
-0.0391662
-0.0383918
-0.0375147
-0.0365269
-0.0354172
-0.0341718
-0.0327734
-0.0312008
-0.0294288
-0.0274287
-0.0251684
-0.0226141
-0.0197321
-0.0164918
-0.012869
-0.00885037
-0.00443755
0.00034867
0.00546528
0.0108454
0.0163984
0.0220127
0.02756
0.0329017
0.0378967
0.0424097
0.0463204
0.0495363
0.0520095
0.0537489
0.0548641
0.0557429
-0.0151231
-0.0150504
-0.0149869
-0.0149152
-0.0148337
-0.014744
-0.0146476
-0.0145467
-0.0144445
-0.0143451
-0.014253
-0.0141735
-0.0141118
-0.0140735
-0.014064
-0.0140886
-0.0141523
-0.0142594
-0.0144138
-0.014619
-0.0148775
-0.0151914
-0.0155622
-0.0159905
-0.0164764
-0.0170193
-0.0176181
-0.018271
-0.0189758
-0.0197296
-0.0205291
-0.0213707
-0.0222502
-0.0231632
-0.0241047
-0.0250698
-0.0260531
-0.0270492
-0.0280523
-0.0290567
-0.0300567
-0.0310466
-0.0320206
-0.0329732
-0.0338988
-0.0347921
-0.0356482
-0.0364622
-0.0372296
-0.037946
-0.0386075
-0.0392105
-0.0397516
-0.040228
-0.0406368
-0.0409758
-0.0412429
-0.0414364
-0.0415546
-0.0415964
-0.0415605
-0.041446
-0.041252
-0.0409775
-0.0406209
-0.0401811
-0.0396629
-0.0390595
-0.0383555
-0.0375447
-0.0366206
-0.0355734
-0.0343904
-0.0330553
-0.0315485
-0.0298462
-0.027921
-0.0257417
-0.0232744
-0.0204843
-0.0173378
-0.0138057
-0.00986683
-0.00551281
-0.000751772
0.00438758
0.00985339
0.0155697
0.0214373
0.0273372
0.0331357
0.0386914
0.0438631
0.0485185
0.052543
0.055853
0.0584116
0.060237
0.0614618
0.0625953
-0.0150608
-0.015004
-0.0149462
-0.0148756
-0.0147913
-0.0146949
-0.014588
-0.0144734
-0.0143543
-0.014235
-0.0141204
-0.014016
-0.0139273
-0.0138601
-0.0138203
-0.0138133
-0.0138445
-0.0139186
-0.0140398
-0.0142118
-0.0144375
-0.0147192
-0.0150585
-0.0154563
-0.0159129
-0.0164279
-0.0170001
-0.0176279
-0.0183091
-0.019041
-0.0198202
-0.0206431
-0.0215056
-0.0224031
-0.0233309
-0.0242838
-0.0252565
-0.0262435
-0.027239
-0.0282375
-0.0292329
-0.0302197
-0.0311919
-0.032144
-0.0330705
-0.0339659
-0.0348252
-0.0356434
-0.036416
-0.0371385
-0.0378069
-0.0384174
-0.0389666
-0.0394512
-0.0398685
-0.0402159
-0.0404911
-0.040692
-0.0408169
-0.040864
-0.0408319
-0.0407192
-0.0405245
-0.0402461
-0.0398819
-0.0394297
-0.0388928
-0.0382636
-0.0375249
-0.0366685
-0.0356865
-0.0345672
-0.0332956
-0.0318533
-0.0302178
-0.028363
-0.0262589
-0.0238723
-0.0211681
-0.0181113
-0.0146692
-0.0108156
-0.00653409
-0.00182256
0.00330262
0.0088034
0.014618
0.0206609
0.0268241
0.032982
0.0389967
0.0447257
0.0500299
0.0547823
0.0588769
0.0622412
0.064852
0.0667393
0.0680611
0.0694568
-0.0150093
-0.0149689
-0.0149159
-0.0148449
-0.0147561
-0.0146511
-0.0145321
-0.014402
-0.0142645
-0.0141241
-0.013986
-0.0138559
-0.0137396
-0.0136433
-0.0135729
-0.0135344
-0.0135332
-0.0135745
-0.0136628
-0.013802
-0.0139954
-0.0142454
-0.0145539
-0.0149219
-0.01535
-0.0158377
-0.0163841
-0.0169876
-0.0176462
-0.0183569
-0.0191167
-0.0199218
-0.0207681
-0.0216511
-0.0225659
-0.0235074
-0.0244703
-0.025449
-0.0264378
-0.0274308
-0.0284223
-0.0294065
-0.0303774
-0.0313295
-0.0322571
-0.0331549
-0.0340176
-0.0348402
-0.035618
-0.0363465
-0.0370216
-0.0376394
-0.0381961
-0.0386886
-0.0391138
-0.0394688
-0.0397512
-0.0399585
-0.0400887
-0.0401398
-0.0401097
-0.0399966
-0.0397986
-0.0395134
-0.0391385
-0.0386711
-0.0381094
-0.0374442
-0.0366609
-0.0357474
-0.0346938
-0.0334865
-0.032108
-0.0305373
-0.0287493
-0.0267154
-0.0244033
-0.0217784
-0.0188052
-0.0154494
-0.0116809
-0.00747801
-0.00283066
0.00225483
0.00775235
0.0136132
0.0197649
0.0261118
0.032538
0.0389122
0.045094
0.0509421
0.0563222
0.0611155
0.065227
0.0685985
0.0712227
0.0731432
0.074546
0.0762035
-0.0149753
-0.0149506
-0.0149008
-0.0148274
-0.0147318
-0.0146159
-0.0144824
-0.0143348
-0.0141772
-0.0140144
-0.0138517
-0.0136951
-0.0135506
-0.0134247
-0.0133236
-0.0132535
-0.0132202
-0.0132291
-0.0132849
-0.0133919
-0.0135535
-0.0137724
-0.0140508
-0.0143899
-0.0147902
-0.0152515
-0.015773
-0.0163532
-0.0169899
-0.0176805
-0.0184218
-0.01921
-0.020041
-0.0209102
-0.0218129
-0.0227439
-0.0236977
-0.0246687
-0.0256513
-0.0266396
-0.0276276
-0.0286096
-0.0295796
-0.0305318
-0.0314608
-0.0323609
-0.0332268
-0.0340536
-0.0348363
-0.0355705
-0.0362517
-0.036876
-0.0374396
-0.0379389
-0.0383708
-0.0387322
-0.0390203
-0.0392325
-0.0393661
-0.0394188
-0.0393882
-0.0392718
-0.039067
-0.038771
-0.0383802
-0.0378908
-0.0372979
-0.0365885
-0.035746
-0.0347596
-0.0336171
-0.0323022
-0.0307947
-0.0290707
-0.0271026
-0.0248595
-0.0223074
-0.019411
-0.0161354
-0.0124486
-0.0083251
-0.00374918
0.0012806
0.00674784
0.0126151
0.0188219
0.0252847
0.0318982
0.0385393
0.0450727
0.0513581
0.0572579
0.0626456
0.0674135
0.0714809
0.0748061
0.0773999
0.0793214
0.0807856
0.0826951
-0.0149669
-0.014956
-0.0149063
-0.0148276
-0.0147222
-0.0145926
-0.0144423
-0.0142751
-0.0140955
-0.0139086
-0.0137202
-0.0135361
-0.0133629
-0.013207
-0.0130751
-0.0129734
-0.0129082
-0.0128849
-0.0129087
-0.012984
-0.0131145
-0.0133032
-0.0135523
-0.0138633
-0.0142367
-0.0146725
-0.0151701
-0.0157278
-0.0163437
-0.017015
-0.0177386
-0.0185107
-0.0193272
-0.0201836
-0.0210749
-0.0219959
-0.0229413
-0.0239053
-0.0248821
-0.0258659
-0.0268508
-0.0278307
-0.0287997
-0.0297521
-0.0306822
-0.0315842
-0.032453
-0.0332833
-0.0340702
-0.034809
-0.0354953
-0.0361249
-0.0366939
-0.0371985
-0.0376354
-0.0380013
-0.0382929
-0.0385074
-0.0386417
-0.0386931
-0.0386584
-0.0385348
-0.0383188
-0.0380066
-0.0375937
-0.0370753
-0.0364402
-0.0356721
-0.0347525
-0.0336741
-0.0324219
-0.030976
-0.0293134
-0.0274074
-0.0252282
-0.0227429
-0.0199167
-0.0167149
-0.0131046
-0.00905808
-0.00455584
0.000409182
0.0058281
0.0116727
0.0178929
0.024416
0.0311474
0.0379729
0.0447642
0.0513843
0.0576956
0.0635677
0.0688849
0.0735537
0.0775102
0.0807318
0.0832489
0.0851368
0.0866397
0.0887798
-0.0149938
-0.0149921
-0.0149394
-0.014851
-0.0147324
-0.0145859
-0.0144159
-0.0142267
-0.0140233
-0.013811
-0.0135955
-0.0133831
-0.0131804
-0.0129942
-0.0128312
-0.012698
-0.0126009
-0.0125458
-0.012538
-0.0125822
-0.0126823
-0.0128415
-0.0130621
-0.0133457
-0.0136931
-0.0141044
-0.0145788
-0.015115
-0.0157108
-0.0163637
-0.0170704
-0.0178273
-0.01863
-0.0194741
-0.0203545
-0.0212661
-0.0222034
-0.0231606
-0.0241319
-0.0251113
-0.0260928
-0.0270704
-0.0280382
-0.0289902
-0.0299206
-0.0308239
-0.0316944
-0.032527
-0.0333167
-0.0340586
-0.0347482
-0.0353811
-0.0359533
-0.0364609
-0.0369002
-0.0372676
-0.0375597
-0.0377732
-0.0379045
-0.0379503
-0.0379071
-0.037771
-0.0375378
-0.0372027
-0.0367609
-0.0362065
-0.0355137
-0.0346583
-0.0336411
-0.0324494
-0.0310629
-0.0294589
-0.0276116
-0.025492
-0.0230682
-0.0203064
-0.0171724
-0.0136333
-0.00966015
-0.00523139
-0.00033606
0.00502248
0.0108231
0.0170246
0.0235634
0.0303548
0.0372938
0.0442593
0.0511198
0.0577398
0.0639877
0.0697435
0.0749056
0.0793978
0.0831752
0.0862355
0.0886298
0.0904498
0.0919664
0.0943025
-0.0150676
-0.0150671
-0.0150062
-0.0149039
-0.0147676
-0.0146009
-0.0144085
-0.0141954
-0.0139664
-0.0137272
-0.0134836
-0.013242
-0.0130092
-0.0127922
-0.0125978
-0.0124329
-0.0123041
-0.0122174
-0.0121784
-0.0121919
-0.0122621
-0.0123923
-0.012585
-0.012842
-0.0131642
-0.0135516
-0.0140036
-0.0145189
-0.0150954
-0.0157305
-0.0164209
-0.0171629
-0.0179523
-0.0187844
-0.0196542
-0.0205565
-0.0214856
-0.0224359
-0.0234013
-0.0243759
-0.0253535
-0.0263281
-0.0272936
-0.028244
-0.0291735
-0.0300763
-0.0309469
-0.0317798
-0.03257
-0.0333125
-0.0340027
-0.034636
-0.0352083
-0.0357154
-0.0361534
-0.0365185
-0.0368069
-0.0370148
-0.0371382
-0.0371731
-0.0371152
-0.0369598
-0.0367017
-0.036335
-0.0358534
-0.0352432
-0.0344666
-0.0335029
-0.0323641
-0.0310328
-0.029484
-0.0276916
-0.0256276
-0.023261
-0.0205591
-0.0174883
-0.0140163
-0.0101139
-0.0057585
-0.000936658
0.00435208
0.010092
0.0162487
0.0227666
0.0295696
0.0365612
0.043628
0.0506446
0.0574792
0.0640014
0.0700892
0.0756362
0.0805582
0.0847981
0.0883317
0.0911779
0.0934075
0.0951282
0.0966324
0.0991159
-0.0152008
-0.0151897
-0.0151137
-0.0149916
-0.0148337
-0.0146437
-0.0144269
-0.0141881
-0.0139324
-0.0136653
-0.0133928
-0.0131214
-0.012858
-0.0126096
-0.0123836
-0.0121868
-0.0120261
-0.0119078
-0.0118377
-0.0118208
-0.0118613
-0.0119629
-0.0121282
-0.012359
-0.0126563
-0.0130203
-0.0134503
-0.0139451
-0.0145025
-0.01512
-0.0157943
-0.0165215
-0.0172974
-0.0181173
-0.0189762
-0.0198687
-0.0207891
-0.0217315
-0.0226901
-0.0236586
-0.024631
-0.0256009
-0.0265624
-0.0275092
-0.0284354
-0.0293352
-0.030203
-0.0310331
-0.0318205
-0.03256
-0.0332469
-0.0338764
-0.0344443
-0.0349462
-0.035378
-0.0357355
-0.0360146
-0.036211
-0.0363201
-0.0363369
-0.0362565
-0.0360729
-0.0357807
-0.0353737
-0.0348398
-0.0341373
-0.0332331
-0.0321407
-0.0308574
-0.0293589
-0.0276178
-0.025606
-0.0232935
-0.0206487
-0.0176389
-0.0142326
-0.0104012
-0.00612155
-0.00137897
0.0038296
0.00949243
0.0155803
0.0220446
0.0288164
0.0358072
0.0429112
0.0500092
0.0569745
0.0636791
0.0700011
0.0758315
0.0810809
0.0856844
0.0896058
0.0928418
0.0954316
0.097464
0.0990601
0.100527
0.103094
-0.0154062
-0.0153673
-0.0152667
-0.0151203
-0.0149368
-0.0147215
-0.0144792
-0.0142143
-0.0139316
-0.0136364
-0.0133348
-0.0130333
-0.0127389
-0.0124589
-0.0122008
-0.0119719
-0.0117791
-0.011629
-0.0115276
-0.0114801
-0.011491
-0.0115639
-0.0117017
-0.0119063
-0.0121786
-0.012519
-0.0129269
-0.0134009
-0.013939
-0.0145384
-0.0151959
-0.0159077
-0.0166693
-0.017476
-0.0183227
-0.019204
-0.020114
-0.0210469
-0.0219966
-0.0229569
-0.0239214
-0.024884
-0.0258383
-0.0267782
-0.0276975
-0.0285904
-0.0294511
-0.030274
-0.0310536
-0.0317849
-0.0324629
-0.0330829
-0.0336403
-0.0341306
-0.0345494
-0.0348922
-0.0351547
-0.0353321
-0.0354185
-0.0354081
-0.0352947
-0.0350718
-0.0347358
-0.0342736
-0.0336408
-0.0327934
-0.0317433
-0.0305014
-0.0290477
-0.0273541
-0.0253921
-0.0231325
-0.0205447
-0.0175973
-0.0142599
-0.0105045
-0.00630819
-0.0016558
0.00345746
0.00902285
0.0150155
0.0213924
0.0280913
0.035031
0.042113
0.0492251
0.0562459
0.0630512
0.0695204
0.0755439
0.081029
0.0859053
0.0901285
0.0936832
0.0965861
0.0988946
0.100712
0.102168
0.103574
0.106149
-0.0156946
-0.0156035
-0.0154701
-0.0152942
-0.0150834
-0.0148429
-0.0145762
-0.0142865
-0.013978
-0.0136559
-0.0133259
-0.0129947
-0.0126696
-0.0123581
-0.0120678
-0.0118064
-0.0115811
-0.0113988
-0.0112656
-0.0111869
-0.0111676
-0.0112112
-0.0113208
-0.0114984
-0.011745
-0.0120609
-0.0124455
-0.0128975
-0.0134149
-0.0139947
-0.0146338
-0.0153282
-0.0160734
-0.0168646
-0.0176967
-0.0185639
-0.0194606
-0.0203807
-0.0213179
-0.022266
-0.0232185
-0.0241692
-0.0251116
-0.0260394
-0.0269464
-0.0278266
-0.0286741
-0.0294831
-0.0302482
-0.030964
-0.0316257
-0.0322282
-0.032767
-0.0332373
-0.0336344
-0.0339533
-0.0341896
-0.0343377
-0.0343908
-0.0343416
-0.0341848
-0.0339103
-0.0335088
-0.032937
-0.0321305
-0.0311207
-0.0299186
-0.0285067
-0.0268585
-0.0249462
-0.0227415
-0.020215
-0.0173367
-0.0140775
-0.0104105
-0.00631344
-0.0017708
0.00322332
0.0086626
0.014526
0.0207755
0.0273553
0.0341913
0.0411927
0.0482543
0.0552612
0.0620939
0.0686346
0.074774
0.0804175
0.0854906
0.0899429
0.0937505
0.0969176
0.0994784
0.101504
0.103108
0.104424
0.105751
0.108247
-0.0160702
-0.015899
-0.0157237
-0.0155168
-0.0152807
-0.0150189
-0.0147321
-0.0144219
-0.0140916
-0.0137456
-0.0133898
-0.0130308
-0.0126762
-0.0123338
-0.0120117
-0.0117179
-0.0114598
-0.0112447
-0.011079
-0.0109683
-0.0109175
-0.0109305
-0.0110104
-0.0111592
-0.011378
-0.0116672
-0.0120261
-0.0124535
-0.0129471
-0.0135042
-0.0141214
-0.0147946
-0.0155193
-0.0162907
-0.0171033
-0.0179515
-0.0188295
-0.0197309
-0.0206497
-0.0215792
-0.022513
-0.0234446
-0.0243675
-0.0252753
-0.0261617
-0.0270205
-0.0278457
-0.0286315
-0.0293723
-0.0300627
-0.0306976
-0.0312721
-0.0317818
-0.0322218
-0.0325869
-0.0328715
-0.0330705
-0.0331773
-0.0331849
-0.0330853
-0.0328731
-0.0325253
-0.0319649
-0.0311766
-0.0302085
-0.0290508
-0.0276835
-0.0260833
-0.0242253
-0.0220831
-0.0196289
-0.0168345
-0.0136723
-0.0101167
-0.00614616
-0.00174529
0.00309292
0.00836444
0.0140519
0.0201227
0.0265273
0.0331993
0.0400562
0.0470009
0.053926
0.0607182
0.0672636
0.0734546
0.0791956
0.0844086
0.0890375
0.0930512
0.0964443
0.0992376
0.101479
0.10325
0.104665
0.105855
0.107094
0.109422
-0.016525
-0.0162437
-0.0160214
-0.0157872
-0.0155334
-0.0152592
-0.0149614
-0.0146391
-0.0142939
-0.01393
-0.0135531
-0.0131701
-0.012789
-0.012418
-0.0120656
-0.0117402
-0.0114498
-0.0112018
-0.011003
-0.0108592
-0.0107755
-0.010756
-0.0108038
-0.0109211
-0.011109
-0.0113679
-0.0116972
-0.0120954
-0.0125604
-0.0130894
-0.0136789
-0.0143247
-0.0150222
-0.0157666
-0.0165522
-0.0173734
-0.018224
-0.0190979
-0.0199886
-0.0208896
-0.0217941
-0.0226957
-0.0235876
-0.0244633
-0.0253165
-0.0261408
-0.0269301
-0.0276784
-0.0283801
-0.0290296
-0.0296218
-0.0301515
-0.0306143
-0.0310059
-0.0313219
-0.0315579
-0.0317121
-0.031779
-0.0317305
-0.0315583
-0.0312011
-0.0306299
-0.0298773
-0.0289489
-0.0278385
-0.0265236
-0.0249815
-0.0231906
-0.0211274
-0.0187668
-0.0160826
-0.013049
-0.00964206
-0.00584089
-0.00162998
0.00299888
0.00804432
0.0134932
0.0193186
0.0254785
0.031915
0.0385548
0.0453107
0.0520845
0.0587705
0.0652608
0.0714508
0.0772448
0.0825615
0.0873391
0.0915382
0.0951438
0.0981652
0.100636
0.102614
0.104184
0.105459
0.106557
0.10771
0.10979
-0.0170294
-0.016614
-0.0163481
-0.0161
-0.0158445
-0.0155737
-0.0152794
-0.0149574
-0.0146081
-0.0142351
-0.0138444
-0.0134434
-0.0130404
-0.0126445
-0.0122646
-0.0119095
-0.0115878
-0.0113071
-0.0110746
-0.0108965
-0.010778
-0.0107233
-0.0107358
-0.0108177
-0.0109702
-0.0111936
-0.0114874
-0.0118502
-0.0122797
-0.012773
-0.0133267
-0.0139364
-0.0145975
-0.015305
-0.0160533
-0.0168365
-0.0176484
-0.0184829
-0.0193333
-0.0201931
-0.0210553
-0.0219132
-0.0227601
-0.0235893
-0.0243942
-0.0251685
-0.0259059
-0.0266002
-0.0272457
-0.0278367
-0.0283676
-0.0288329
-0.029227
-0.029545
-0.0297744
-0.0299167
-0.0299913
-0.0300287
-0.0298492
-0.0294601
-0.0289102
-0.0282071
-0.0273377
-0.0262873
-0.0250391
-0.0235747
-0.0218748
-0.0199191
-0.0176854
-0.0151504
-0.0122903
-0.00908276
-0.00550789
-0.00154979
0.00280142
0.00754763
0.0126807
0.0181806
0.0240141
0.0301336
0.0364771
0.0429685
0.0495208
0.0560382
0.0624206
0.0685682
0.0743865
0.0797917
0.0847154
0.0891086
0.0929443
0.0962187
0.0989512
0.101184
0.102979
0.104424
0.105623
0.10668
0.107768
0.109552
-0.0175208
-0.0169814
-0.0167066
-0.0164905
-0.0162781
-0.0160508
-0.0157946
-0.0155028
-0.0151749
-0.0148148
-0.0144289
-0.0140253
-0.0136133
-0.0132024
-0.0128024
-0.0124227
-0.0120722
-0.0117594
-0.0114917
-0.0112756
-0.0111167
-0.0110195
-0.0109875
-0.0110231
-0.0111278
-0.011302
-0.0115451
-0.0118559
-0.0122322
-0.012671
-0.0131688
-0.0137215
-0.0143243
-0.014972
-0.0156592
-0.0163797
-0.0171275
-0.0178967
-0.0186811
-0.0194741
-0.0202691
-0.0210594
-0.0218385
-0.0225998
-0.0233369
-0.0240438
-0.0247145
-0.0253435
-0.025926
-0.0264579
-0.0269365
-0.0273618
-0.0277407
-0.0280824
-0.0282949
-0.0283365
-0.0282148
-0.0278649
-0.0274557
-0.026945
-0.0262918
-0.025481
-0.024499
-0.0233323
-0.0219669
-0.020387
-0.0185751
-0.0165117
-0.0141764
-0.0115479
-0.00860528
-0.00532914
-0.00170291
0.00228535
0.00664141
0.011363
0.0164382
0.0218437
0.0275441
0.0334923
0.0396281
0.0458782
0.0521592
0.058381
0.0644507
0.0702764
0.0757726
0.0808641
0.0854909
0.0896111
0.0932034
0.0962688
0.0988305
0.100934
0.102645
0.104054
0.105262
0.106359
0.107459
0.108998
-0.0178904
-0.0173089
-0.0171221
-0.0170497
-0.016988
-0.0169009
-0.0167694
-0.0165855
-0.0163493
-0.0160655
-0.0157417
-0.0153869
-0.0150111
-0.0146248
-0.0142382
-0.0138614
-0.0135039
-0.0131746
-0.0128812
-0.0126307
-0.0124291
-0.0122811
-0.0121907
-0.0121604
-0.0121919
-0.0122861
-0.0124425
-0.0126601
-0.0129371
-0.0132707
-0.0136577
-0.0140943
-0.0145759
-0.0150979
-0.0156551
-0.0162417
-0.0168519
-0.0174786
-0.0181151
-0.0187552
-0.0193926
-0.0200211
-0.0206342
-0.0212255
-0.0217888
-0.0223179
-0.0228067
-0.0232493
-0.0236397
-0.0239715
-0.0242377
-0.0244291
-0.024531
-0.0245336
-0.0245354
-0.0245068
-0.0243356
-0.0240194
-0.0235891
-0.0230335
-0.0223356
-0.0214867
-0.0204787
-0.019301
-0.0179409
-0.0163835
-0.0146124
-0.0126094
-0.0103551
-0.00782947
-0.00501256
-0.00188566
0.00156739
0.00535874
0.00949487
0.013975
0.0187893
0.0239176
0.0293277
0.0349741
0.0407992
0.0467368
0.0527117
0.0586413
0.0644397
0.0700213
0.0753051
0.080219
0.0847039
0.0887164
0.0922321
0.0952473
0.097781
0.0998767
0.101605
0.103065
0.104375
0.105637
0.106929
0.108482
)
;

boundaryField
{
    movingWall
    {
        type            zeroGradient;
    }
    fixedWalls
    {
        type            zeroGradient;
    }
    frontAndBack
    {
        type            empty;
    }
}


// ************************************************************************* //
