/*--------------------------------*- C++ -*----------------------------------*\
  =========                 |
  \\      /  F ield         | OpenFOAM: The Open Source CFD Toolbox
   \\    /   O peration     | Website:  https://openfoam.org
    \\  /    A nd           | Version:  11
     \\/     M anipulation  |
\*---------------------------------------------------------------------------*/
FoamFile
{
    format      ascii;
    class       surfaceScalarField;
    location    "83";
    object      phi;
}
// * * * * * * * * * * * * * * * * * * * * * * * * * * * * * * * * * * * * * //

dimensions      [0 3 -1 0 0 0 0];

internalField   nonuniform List<scalar> 
19800
(
1.58887e-08
-1.58887e-08
1.1921e-07
-1.03322e-07
2.85221e-07
-1.66011e-07
4.81434e-07
-1.96213e-07
6.82247e-07
-2.00813e-07
8.69526e-07
-1.87279e-07
1.0314e-06
-1.61879e-07
1.16064e-06
-1.29237e-07
1.25321e-06
-9.25725e-08
1.30726e-06
-5.40426e-08
1.3223e-06
-1.50407e-08
1.29868e-06
2.36213e-08
1.23717e-06
6.15021e-08
1.13871e-06
9.84662e-08
1.0041e-06
1.34606e-07
8.33913e-07
1.70189e-07
6.28386e-07
2.05527e-07
3.8741e-07
2.40976e-07
1.1056e-07
2.76849e-07
-2.02884e-07
3.13444e-07
-5.53901e-07
3.51017e-07
-9.43659e-07
3.89758e-07
-1.37342e-06
4.29761e-07
-1.84444e-06
4.71015e-07
-2.35785e-06
5.13419e-07
-2.91465e-06
5.56794e-07
-3.51553e-06
6.00887e-07
-4.16091e-06
6.45379e-07
-4.85081e-06
6.89892e-07
-5.5848e-06
7.33997e-07
-6.36202e-06
7.77214e-07
-7.18104e-06
8.19024e-07
-8.03991e-06
8.58871e-07
-8.93608e-06
8.96168e-07
-9.86638e-06
9.30302e-07
-1.0827e-05
9.60638e-07
-1.18135e-05
9.86531e-07
-1.28209e-05
1.00733e-06
-1.38432e-05
1.02237e-06
-1.48743e-05
1.03103e-06
-1.59069e-05
1.03267e-06
-1.69336e-05
1.02668e-06
-1.79461e-05
1.01251e-06
-1.89358e-05
9.89629e-07
-1.98933e-05
9.57554e-07
-2.08092e-05
9.15868e-07
-2.16734e-05
8.64212e-07
-2.24757e-05
8.02296e-07
-2.32056e-05
7.29903e-07
-2.38525e-05
6.46893e-07
-2.44057e-05
5.53205e-07
-2.48546e-05
4.48852e-07
-2.51885e-05
3.33989e-07
-2.5398e-05
2.09493e-07
-2.5476e-05
7.79759e-08
-2.54172e-05
-5.87955e-08
-2.52167e-05
-2.00525e-07
-2.48681e-05
-3.48551e-07
-2.4367e-05
-5.01178e-07
-2.37108e-05
-6.56171e-07
-2.28997e-05
-8.11129e-07
-2.19361e-05
-9.63541e-07
-2.08253e-05
-1.11079e-06
-1.95752e-05
-1.25015e-06
-1.81963e-05
-1.37888e-06
-1.67021e-05
-1.49419e-06
-1.51087e-05
-1.59339e-06
-1.34348e-05
-1.6739e-06
-1.17014e-05
-1.7334e-06
-9.93155e-06
-1.76987e-06
-8.1498e-06
-1.78175e-06
-6.38182e-06
-1.76798e-06
-4.65372e-06
-1.7281e-06
-2.99145e-06
-1.66227e-06
-1.42028e-06
-1.57117e-06
3.58474e-08
-1.45612e-06
1.35644e-06
-1.32059e-06
2.52022e-06
-1.16378e-06
3.51586e-06
-9.95641e-07
4.33707e-06
-8.21207e-07
4.98144e-06
-6.44379e-07
5.45093e-06
-4.69486e-07
5.7518e-06
-3.00873e-07
5.89412e-06
-1.42316e-07
5.89093e-06
3.19566e-09
5.75755e-06
1.33375e-07
5.50986e-06
2.47685e-07
5.16419e-06
3.4567e-07
4.73665e-06
4.27548e-07
4.24298e-06
4.93666e-07
3.69876e-06
5.44217e-07
3.11979e-06
5.78971e-07
2.52286e-06
5.96934e-07
1.92694e-06
5.95922e-07
1.35486e-06
5.72081e-07
8.35302e-07
5.19553e-07
4.04121e-07
4.3118e-07
1.02369e-07
3.01753e-07
-3.15481e-08
1.33917e-07
-3.15481e-08
1.03722e-07
-1.1961e-07
3.71976e-07
-3.71575e-07
7.46242e-07
-5.40277e-07
1.17069e-06
-6.20661e-07
1.59705e-06
-6.27168e-07
1.98747e-06
-5.77699e-07
2.31429e-06
-4.88706e-07
2.55853e-06
-3.73473e-07
2.70796e-06
-2.42001e-07
2.7553e-06
-1.01382e-07
2.69714e-06
4.31149e-08
2.5319e-06
1.88857e-07
2.25971e-06
3.33699e-07
1.88135e-06
4.76826e-07
1.39769e-06
6.18261e-07
8.09275e-07
7.58607e-07
1.16165e-07
8.98637e-07
-6.81997e-07
1.03914e-06
-1.58614e-06
1.18099e-06
-2.59789e-06
1.32519e-06
-3.71931e-06
1.47243e-06
-4.95265e-06
1.6231e-06
-6.30015e-06
1.77726e-06
-7.76381e-06
1.93467e-06
-9.34516e-06
2.09478e-06
-1.10451e-05
2.25673e-06
-1.28637e-05
2.41945e-06
-1.47999e-05
2.5816e-06
-1.68516e-05
2.74166e-06
-1.90156e-05
2.89791e-06
-2.12869e-05
3.0485e-06
-2.36593e-05
3.19146e-06
-2.61251e-05
3.32469e-06
-2.8675e-05
3.44604e-06
-3.1298e-05
3.5533e-06
-3.39816e-05
3.64422e-06
-3.67116e-05
3.71659e-06
-3.94725e-05
3.76818e-06
-4.2247e-05
3.79687e-06
-4.50165e-05
3.80059e-06
-4.77613e-05
3.77739e-06
-5.04601e-05
3.72548e-06
-5.30908e-05
3.64323e-06
-5.56304e-05
3.5292e-06
-5.8055e-05
3.38219e-06
-6.03403e-05
3.2012e-06
-6.24616e-05
2.98554e-06
-6.43941e-05
2.73478e-06
-6.6113e-05
2.4488e-06
-6.7594e-05
2.12783e-06
-6.88133e-05
1.7725e-06
-6.97483e-05
1.38389e-06
-7.03782e-05
9.63855e-07
-7.06848e-05
5.16128e-07
-7.06559e-05
4.9097e-08
-7.02773e-05
-4.37445e-07
-6.95342e-05
-9.43553e-07
-6.84165e-05
-1.46629e-06
-6.69181e-05
-1.99962e-06
-6.50378e-05
-2.53639e-06
-6.278e-05
-3.06898e-06
-6.01542e-05
-3.58937e-06
-5.71757e-05
-4.08924e-06
-5.38658e-05
-4.56006e-06
-5.02515e-05
-4.9932e-06
-4.63656e-05
-5.38006e-06
-4.22467e-05
-5.71229e-06
-3.79386e-05
-5.98197e-06
-3.34901e-05
-6.1819e-06
-2.89542e-05
-6.3058e-06
-2.43873e-05
-6.3487e-06
-1.98481e-05
-6.30711e-06
-1.53969e-05
-6.17935e-06
-1.10935e-05
-5.96565e-06
-6.99639e-06
-5.66827e-06
-3.16111e-06
-5.29141e-06
3.59017e-07
-4.84072e-06
3.51715e-06
-4.32191e-06
6.27303e-06
-3.75152e-06
8.60517e-06
-3.15335e-06
1.05029e-05
-2.54208e-06
1.19655e-05
-1.93214e-06
1.30024e-05
-1.33777e-06
1.36318e-05
-7.71657e-07
1.38797e-05
-2.44775e-07
1.37796e-05
2.3348e-07
1.33682e-05
6.59151e-07
1.26844e-05
1.02946e-06
1.17683e-05
1.34358e-06
1.06609e-05
1.60109e-06
9.40389e-06
1.80125e-06
8.04061e-06
1.94225e-06
6.61729e-06
2.02025e-06
5.18475e-06
2.02846e-06
3.80043e-06
1.95641e-06
2.52992e-06
1.79006e-06
1.44663e-06
1.51448e-06
6.26777e-07
1.1216e-06
1.35855e-07
6.24839e-07
1.04307e-07
1.67829e-07
-2.87439e-07
5.43494e-07
-7.4724e-07
1.03928e-06
-1.03606e-06
1.58183e-06
-1.16321e-06
2.10984e-06
-1.15518e-06
2.57445e-06
-1.04231e-06
2.93858e-06
-8.52828e-07
3.17535e-06
-6.1025e-07
3.2663e-06
-3.32947e-07
3.1994e-06
-3.44879e-08
2.96723e-06
2.7529e-07
2.56628e-06
5.89805e-07
1.99502e-06
9.04958e-07
1.25302e-06
1.21883e-06
3.40172e-07
1.53111e-06
-7.43318e-07
1.8421e-06
-1.99744e-06
2.15275e-06
-3.423e-06
2.4647e-06
-5.02161e-06
2.77961e-06
-6.79528e-06
3.09887e-06
-8.74624e-06
3.4234e-06
-1.08767e-05
3.75354e-06
-1.31884e-05
4.08903e-06
-1.56827e-05
4.42893e-06
-1.83597e-05
4.77175e-06
-2.12183e-05
5.11537e-06
-2.42561e-05
5.45721e-06
-2.74687e-05
5.79419e-06
-3.08499e-05
6.12288e-06
-3.43915e-05
6.43949e-06
-3.8083e-05
6.74e-06
-4.19117e-05
7.02014e-06
-4.58625e-05
7.27555e-06
-4.99182e-05
7.50174e-06
-5.40591e-05
7.69423e-06
-5.82635e-05
7.84855e-06
-6.25072e-05
7.96035e-06
-6.67645e-05
8.0254e-06
-7.10073e-05
8.03972e-06
-7.52063e-05
7.99956e-06
-7.93304e-05
7.90152e-06
-8.33475e-05
7.74256e-06
-8.72243e-05
7.52007e-06
-9.0927e-05
7.23189e-06
-9.44212e-05
6.87637e-06
-9.76724e-05
6.45239e-06
-0.000100646
5.95941e-06
-0.000103309
5.39752e-06
-0.000105628
4.76747e-06
-0.000107571
4.07074e-06
-0.000109108
3.30969e-06
-0.000110212
2.4877e-06
-0.000110858
1.6099e-06
-0.000111026
6.84583e-07
-0.000110698
-2.7902e-07
-0.000109853
-1.28191e-06
-0.000108479
-2.31837e-06
-0.000106565
-3.38036e-06
-0.000104109
-4.45557e-06
-0.000101115
-5.53052e-06
-9.75926e-05
-6.59095e-06
-9.35599e-05
-7.622e-06
-8.90409e-05
-8.6083e-06
-8.40667e-05
-9.53419e-06
-7.8676e-05
-1.03839e-05
-7.29144e-05
-1.11417e-05
-6.68341e-05
-1.17925e-05
-6.04943e-05
-1.23218e-05
-5.39598e-05
-1.27164e-05
-4.7301e-05
-1.29646e-05
-4.05926e-05
-1.30571e-05
-3.39127e-05
-1.2987e-05
-2.73415e-05
-1.27505e-05
-2.09597e-05
-1.23475e-05
-1.48467e-05
-1.17813e-05
-9.0789e-06
-1.10592e-05
-3.7277e-06
-1.01919e-05
1.1409e-06
-9.19051e-06
5.46359e-06
-8.07422e-06
9.19212e-06
-6.88187e-06
1.23045e-05
-5.65445e-06
1.47925e-05
-4.42015e-06
1.66618e-05
-3.20704e-06
1.79302e-05
-2.04006e-06
1.86276e-05
-9.42207e-07
1.87944e-05
6.66519e-08
1.84805e-05
9.73027e-07
1.77404e-05
1.76963e-06
1.66313e-05
2.45262e-06
1.52132e-05
3.0192e-06
1.35482e-05
3.46628e-06
1.17014e-05
3.78909e-06
9.74194e-06
3.97968e-06
7.74474e-06
4.02566e-06
5.7918e-06
3.90934e-06
3.97326e-06
3.6086e-06
2.38654e-06
3.1012e-06
1.13261e-06
2.37553e-06
3.07781e-07
1.44967e-06
4.12088e-07
1.99549e-07
-4.86988e-07
6.25504e-07
-1.1732e-06
1.16632e-06
-1.57688e-06
1.73506e-06
-1.73195e-06
2.26209e-06
-1.68221e-06
2.69245e-06
-1.47267e-06
2.98381e-06
-1.14419e-06
3.10455e-06
-7.30986e-07
3.0318e-06
-2.60199e-07
2.74974e-06
2.47573e-07
2.24824e-06
7.76783e-07
1.52134e-06
1.31671e-06
5.65366e-07
1.86093e-06
-6.21362e-07
2.40556e-06
-2.03933e-06
2.94907e-06
-3.68896e-06
3.49173e-06
-5.57132e-06
4.03511e-06
-7.68775e-06
4.58113e-06
-1.00398e-05
5.13169e-06
-1.26293e-05
5.68829e-06
-1.54575e-05
6.25165e-06
-1.85256e-05
6.82161e-06
-2.18336e-05
7.39703e-06
-2.53804e-05
7.97573e-06
-2.91632e-05
8.5546e-06
-3.31775e-05
9.12962e-06
-3.74163e-05
9.69598e-06
-4.18702e-05
1.02482e-05
-4.65275e-05
1.07802e-05
-5.13734e-05
1.12854e-05
-5.63905e-05
1.1757e-05
-6.15583e-05
1.2188e-05
-6.68539e-05
1.25711e-05
-7.22512e-05
1.28991e-05
-7.77219e-05
1.31649e-05
-8.3235e-05
1.33617e-05
-8.87573e-05
1.34827e-05
-9.42536e-05
1.35217e-05
-9.9687e-05
1.3473e-05
-0.000105019
1.33315e-05
-0.00011021
1.30924e-05
-0.000115219
1.27521e-05
-0.000120007
1.23073e-05
-0.00012453
1.17558e-05
-0.00012875
1.10961e-05
-0.000132625
1.03278e-05
-0.000136117
9.45119e-06
-0.000139188
8.4678e-06
-0.0001418
7.38007e-06
-0.000143921
6.19164e-06
-0.000145519
4.90739e-06
-0.000146565
3.53384e-06
-0.000147035
2.08047e-06
-0.000146911
5.60333e-07
-0.000146168
-1.02258e-06
-0.000144789
-2.66069e-06
-0.000142764
-4.3437e-06
-0.000140088
-6.05579e-06
-0.000136765
-7.7782e-06
-0.000132805
-9.49083e-06
-0.000128224
-1.11726e-05
-0.000123044
-1.28014e-05
-0.000117297
-1.4355e-05
-0.000111022
-1.58101e-05
-0.000104261
-1.71439e-05
-9.70697e-05
-1.83335e-05
-8.95058e-05
-1.93564e-05
-8.1636e-05
-2.01916e-05
-7.35329e-05
-2.08195e-05
-6.52751e-05
-2.12225e-05
-5.69459e-05
-2.13863e-05
-4.8633e-05
-2.12999e-05
-4.04269e-05
-2.09566e-05
-3.24195e-05
-2.03548e-05
-2.47026e-05
-1.94982e-05
-1.73656e-05
-1.83962e-05
-1.04935e-05
-1.70639e-05
-4.16299e-06
-1.55211e-05
1.5547e-06
-1.37919e-05
6.58675e-06
-1.19139e-05
1.08804e-05
-9.9481e-06
1.44168e-05
-7.95655e-06
1.71937e-05
-5.98396e-06
1.92228e-05
-4.06918e-06
2.05306e-05
-2.25e-06
2.11575e-05
-5.60179e-07
2.11573e-05
9.73232e-07
2.05946e-05
2.33234e-06
1.95389e-05
3.50829e-06
1.80637e-05
4.49436e-06
1.62463e-05
5.28368e-06
1.41681e-05
5.86732e-06
1.19153e-05
6.23243e-06
9.58042e-06
6.36057e-06
7.26287e-06
6.2269e-06
5.07021e-06
5.80126e-06
3.11821e-06
5.0532e-06
1.53067e-06
3.96307e-06
4.40335e-07
2.54e-06
8.52423e-07
2.0452e-07
-6.91508e-07
6.27919e-07
-1.59659e-06
1.14442e-06
-2.09339e-06
1.65831e-06
-2.24584e-06
2.09508e-06
-2.11898e-06
2.3967e-06
-1.77429e-06
2.51834e-06
-1.26583e-06
2.42578e-06
-6.38422e-07
2.09343e-06
7.21514e-08
1.50341e-06
8.37588e-07
6.43547e-07
1.63665e-06
-4.93993e-07
2.45425e-06
-1.91374e-06
3.28068e-06
-3.61831e-06
4.11013e-06
-5.60976e-06
4.94052e-06
-7.88975e-06
5.77173e-06
-1.04597e-05
6.60504e-06
-1.33208e-05
7.44227e-06
-1.64742e-05
8.2851e-06
-1.99205e-05
9.13452e-06
-2.36593e-05
9.9905e-06
-2.76894e-05
1.08517e-05
-3.20079e-05
1.17155e-05
-3.66098e-05
1.25777e-05
-4.14881e-05
1.34329e-05
-4.6633e-05
1.42745e-05
-5.20319e-05
1.50949e-05
-5.76691e-05
1.58854e-05
-6.35259e-05
1.66369e-05
-6.95802e-05
1.73397e-05
-7.58067e-05
1.79836e-05
-8.21772e-05
1.85584e-05
-8.86601e-05
1.90541e-05
-9.52215e-05
1.94605e-05
-0.000101824
1.97679e-05
-0.00010843
1.99673e-05
-0.000114997
2.00498e-05
-0.000121483
2.00078e-05
-0.000127844
1.98341e-05
-0.000134036
1.95227e-05
-0.000140012
1.90684e-05
-0.000145727
1.84673e-05
-0.000151136
1.77165e-05
-0.000156195
1.68145e-05
-0.00016086
1.57608e-05
-0.000165088
1.45564e-05
-0.00016884
1.32035e-05
-0.000172078
1.17055e-05
-0.000174765
1.00674e-05
-0.00017687
8.29571e-06
-0.00017836
6.39819e-06
-0.000179211
4.38457e-06
-0.000179399
2.26815e-06
-0.000178909
7.01626e-08
-0.000177716
-2.21477e-06
-0.000175809
-4.5677e-06
-0.000173183
-6.9705e-06
-0.000169838
-9.40003e-06
-0.000165785
-1.18317e-05
-0.000161036
-1.42393e-05
-0.000155614
-1.65952e-05
-0.000149544
-1.8871e-05
-0.000142862
-2.10375e-05
-0.000135607
-2.30648e-05
-0.000127828
-2.4923e-05
-0.000119579
-2.65823e-05
-0.000110922
-2.80136e-05
-0.000101924
-2.91891e-05
-9.26613e-05
-3.00826e-05
-8.32131e-05
-3.06707e-05
-7.36658e-05
-3.09336e-05
-6.41103e-05
-3.08554e-05
-5.46411e-05
-3.04259e-05
-4.53553e-05
-2.96407e-05
-3.63509e-05
-2.85025e-05
-2.77254e-05
-2.70217e-05
-1.95729e-05
-2.52165e-05
-1.19811e-05
-2.31128e-05
-5.0282e-06
-2.07448e-05
1.2136e-06
-1.81557e-05
6.66674e-06
-1.54012e-05
1.1272e-05
-1.25618e-05
1.50184e-05
-9.73043e-06
1.7907e-05
-6.95777e-06
1.99566e-05
-4.29953e-06
2.12026e-05
-1.80618e-06
2.16966e-05
4.79195e-07
2.15058e-05
2.52318e-06
2.07082e-05
4.30589e-06
1.9387e-05
5.81555e-06
1.76303e-05
7.04032e-06
1.55315e-05
7.96615e-06
1.31893e-05
8.57461e-06
1.0709e-05
8.8409e-06
8.20309e-06
8.73279e-06
5.7928e-06
8.21155e-06
3.60966e-06
7.23634e-06
1.79909e-06
5.77364e-06
5.27531e-07
3.81156e-06
1.37995e-06
1.88579e-07
-8.80087e-07
5.63434e-07
-1.97145e-06
9.93756e-07
-2.52371e-06
1.38044e-06
-2.63252e-06
1.64744e-06
-2.38598e-06
1.73609e-06
-1.86294e-06
1.60108e-06
-1.13082e-06
1.20713e-06
-2.44473e-07
5.28177e-07
7.51104e-07
-4.54004e-07
1.81977e-06
-1.75211e-06
2.93476e-06
-3.37465e-06
4.07679e-06
-5.32761e-06
5.23363e-06
-7.61524e-06
6.39777e-06
-1.02404e-05
7.56573e-06
-1.32053e-05
8.73658e-06
-1.65112e-05
9.91091e-06
-2.01587e-05
1.10898e-05
-2.41477e-05
1.22741e-05
-2.84766e-05
1.34635e-05
-3.31427e-05
1.46565e-05
-3.8141e-05
1.585e-05
-4.34644e-05
1.70389e-05
-4.91031e-05
1.82164e-05
-5.50445e-05
1.93743e-05
-6.12726e-05
2.05026e-05
-6.7768e-05
2.15903e-05
-7.45081e-05
2.26255e-05
-8.14664e-05
2.35953e-05
-8.86133e-05
2.44866e-05
-9.59158e-05
2.52861e-05
-0.000103338
2.59804e-05
-0.00011084
2.65566e-05
-0.000118382
2.7002e-05
-0.000125919
2.73049e-05
-0.000133406
2.74541e-05
-0.000140796
2.74397e-05
-0.000148041
2.72528e-05
-0.000155092
2.68859e-05
-0.000161902
2.63326e-05
-0.000168422
2.55883e-05
-0.000174604
2.46496e-05
-0.000180403
2.35148e-05
-0.000185772
2.21838e-05
-0.000190669
2.0658e-05
-0.000195053
1.89405e-05
-0.000198886
1.70359e-05
-0.000202131
1.49505e-05
-0.000204755
1.26921e-05
-0.00020673
1.02705e-05
-0.000208029
7.69671e-06
-0.000208628
4.98407e-06
-0.000208509
2.14902e-06
-0.000207648
-7.90819e-07
-0.000206036
-3.82653e-06
-0.000203666
-6.93778e-06
-0.000200538
-1.00986e-05
-0.000196658
-1.32804e-05
-0.000192037
-1.64529e-05
-0.000186691
-1.95844e-05
-0.000180645
-2.26416e-05
-0.000173926
-2.55903e-05
-0.000166568
-2.83953e-05
-0.000158612
-3.10204e-05
-0.000150106
-3.34295e-05
-0.000141102
-3.55864e-05
-0.00013166
-3.74553e-05
-0.000121847
-3.9002e-05
-0.000111736
-4.01939e-05
-0.000101405
-4.10014e-05
-9.09401e-05
-4.13986e-05
-8.0431e-05
-4.13645e-05
-6.99727e-05
-4.08842e-05
-5.96638e-05
-3.99496e-05
-4.96052e-05
-3.85611e-05
-3.98985e-05
-3.67284e-05
-3.06441e-05
-3.44709e-05
-2.19379e-05
-3.18189e-05
-1.38693e-05
-2.88134e-05
-6.51784e-06
-2.55072e-05
4.65481e-08
-2.19656e-05
5.74569e-06
-1.82609e-05
1.05157e-05
-1.45004e-05
1.43471e-05
-1.07892e-05
1.72476e-05
-7.20005e-06
1.92448e-05
-3.80343e-06
2.03838e-05
-6.59734e-07
2.07276e-05
2.17937e-06
2.03585e-05
4.67497e-06
1.93666e-05
6.8075e-06
1.78478e-05
8.55907e-06
1.59042e-05
9.90975e-06
1.36439e-05
1.08349e-05
1.1182e-05
1.13029e-05
8.64117e-06
1.12736e-05
6.15409e-06
1.06986e-05
3.86608e-06
9.52435e-06
1.94123e-06
7.69849e-06
5.72461e-07
5.18033e-06
1.95242e-06
1.5633e-07
-1.03642e-06
4.43286e-07
-2.2584e-06
7.32671e-07
-2.81309e-06
9.27201e-07
-2.82705e-06
9.52768e-07
-2.41155e-06
7.52273e-07
-1.66244e-06
2.81652e-07
-6.60203e-07
-4.92727e-07
5.29905e-07
-1.5948e-06
1.85318e-06
-3.04194e-06
3.26691e-06
-4.84703e-06
4.73985e-06
-7.01961e-06
6.24936e-06
-9.56636e-06
7.78039e-06
-1.24921e-05
9.32355e-06
-1.58002e-05
1.08738e-05
-1.94926e-05
1.24289e-05
-2.35699e-05
1.39882e-05
-2.80314e-05
1.55514e-05
-3.28749e-05
1.71175e-05
-3.80959e-05
1.86845e-05
-4.36878e-05
2.02485e-05
-4.96413e-05
2.18036e-05
-5.59442e-05
2.33418e-05
-6.25809e-05
2.48531e-05
-6.95321e-05
2.63255e-05
-7.67753e-05
2.77457e-05
-8.42837e-05
2.90988e-05
-9.20275e-05
3.03692e-05
-9.99728e-05
3.15406e-05
-0.000108083
3.25964e-05
-0.000116317
3.35203e-05
-0.000124632
3.42962e-05
-0.000132984
3.49086e-05
-0.000141325
3.5343e-05
-0.000149607
3.5586e-05
-0.000157778
3.56256e-05
-0.000165789
3.5451e-05
-0.00017359
3.50534e-05
-0.000181129
3.44253e-05
-0.000188358
3.35613e-05
-0.000195228
3.24577e-05
-0.000201691
3.11128e-05
-0.000207703
2.95266e-05
-0.00021322
2.77013e-05
-0.000218203
2.56406e-05
-0.000222613
2.33504e-05
-0.000226415
2.08381e-05
-0.000229577
1.81131e-05
-0.000232072
1.51865e-05
-0.000233872
1.2071e-05
-0.000234957
8.78129e-06
-0.000235307
5.33376e-06
-0.000234905
1.74694e-06
-0.000233733
-1.9623e-06
-0.000231785
-5.77413e-06
-0.00022906
-9.66279e-06
-0.000225561
-1.35976e-05
-0.000221296
-1.75454e-05
-0.000216278
-2.14714e-05
-0.000210523
-2.53391e-05
-0.000204054
-2.91105e-05
-0.000196899
-3.27462e-05
-0.000189088
-3.62055e-05
-0.000180662
-3.94471e-05
-0.000171662
-4.24287e-05
-0.000162141
-4.51082e-05
-0.000152152
-4.74436e-05
-0.00014176
-4.93941e-05
-0.000131033
-5.09209e-05
-0.000120047
-5.19878e-05
-0.000108883
-5.25626e-05
-9.7629e-05
-5.26184e-05
-8.63786e-05
-5.21346e-05
-7.52295e-05
-5.10986e-05
-6.42836e-05
-4.95071e-05
-5.36445e-05
-4.73674e-05
-4.34167e-05
-4.46988e-05
-3.37024e-05
-4.15332e-05
-2.45994e-05
-3.79164e-05
-1.61983e-05
-3.39083e-05
-8.581e-06
-2.95829e-05
-1.81551e-06
-2.50264e-05
4.02098e-06
-2.03369e-05
8.86973e-06
-1.56379e-05
1.27148e-05
-1.10451e-05
1.55741e-05
-6.66271e-06
1.74849e-05
-2.57056e-06
1.85022e-05
1.16212e-06
1.87048e-05
4.47236e-06
1.81883e-05
7.32393e-06
1.7055e-05
9.69242e-06
1.54134e-05
1.15514e-05
1.33789e-05
1.28693e-05
1.10745e-05
1.36073e-05
8.63143e-06
1.37166e-05
6.19194e-06
1.31381e-05
3.91289e-06
1.18034e-05
1.97277e-06
9.63862e-06
5.82156e-07
6.57094e-06
2.53457e-06
1.10863e-07
-1.14728e-06
2.76004e-07
-2.42355e-06
3.75938e-07
-2.91303e-06
3.19863e-07
-2.77098e-06
3.88116e-08
-2.13049e-06
-5.19522e-07
-1.10411e-06
-1.39577e-06
2.16044e-07
-2.61853e-06
1.75266e-06
-4.20896e-06
3.44361e-06
-6.18359e-06
5.24154e-06
-8.55475e-06
7.11101e-06
-1.13318e-05
9.02638e-06
-1.45215e-05
1.09701e-05
-1.81286e-05
1.29307e-05
-2.21562e-05
1.49014e-05
-2.66054e-05
1.68781e-05
-3.14754e-05
1.88582e-05
-3.67634e-05
2.08393e-05
-4.2464e-05
2.28181e-05
-4.85692e-05
2.47897e-05
-5.50678e-05
2.67471e-05
-6.19454e-05
2.86811e-05
-6.91836e-05
3.058e-05
-7.67606e-05
3.24301e-05
-8.46505e-05
3.42154e-05
-9.28236e-05
3.59188e-05
-0.000101246
3.75215e-05
-0.000109882
3.90044e-05
-0.000118689
4.03479e-05
-0.000127625
4.15324e-05
-0.000136644
4.2539e-05
-0.000145697
4.33493e-05
-0.000154734
4.39462e-05
-0.000163705
4.4314e-05
-0.000172558
4.44386e-05
-0.00018124
4.43077e-05
-0.0001897
4.39108e-05
-0.000197886
4.32397e-05
-0.000205749
4.22882e-05
-0.00021324
4.10522e-05
-0.000220312
3.95301e-05
-0.000226922
3.77223e-05
-0.000233026
3.56312e-05
-0.000238587
3.32615e-05
-0.000243566
3.06201e-05
-0.000247931
2.77155e-05
-0.000251651
2.45584e-05
-0.0002547
2.11612e-05
-0.000257051
1.7538e-05
-0.000258685
1.37048e-05
-0.000259583
9.67911e-06
-0.000259729
5.48049e-06
-0.000259112
1.12982e-06
-0.000257719
-3.35589e-06
-0.000255544
-7.94911e-06
-0.000252588
-1.26184e-05
-0.000248857
-1.73291e-05
-0.000244357
-2.20447e-05
-0.000239102
-2.67267e-05
-0.000233106
-3.13348e-05
-0.00022639
-3.58267e-05
-0.000218978
-4.01588e-05
-0.000210898
-4.42856e-05
-0.000202184
-4.81606e-05
-0.000192876
-5.17363e-05
-0.00018302
-5.49648e-05
-0.000172665
-5.7798e-05
-0.000161871
-6.01889e-05
-0.0001507
-6.20919e-05
-0.000139223
-6.34643e-05
-0.000127519
-6.42671e-05
-0.00011567
-6.44666e-05
-0.000103769
-6.40362e-05
-9.19101e-05
-6.29573e-05
-8.01954e-05
-6.12217e-05
-6.87298e-05
-5.88331e-05
-5.76202e-05
-5.58084e-05
-4.69739e-05
-5.21795e-05
-3.68959e-05
-4.79944e-05
-2.74866e-05
-4.33176e-05
-1.8839e-05
-3.82305e-05
-1.10355e-05
-3.28299e-05
-4.14514e-06
-2.72273e-05
1.76403e-06
-2.15471e-05
6.63792e-06
-1.5919e-05
1.04551e-05
-1.04799e-05
1.32461e-05
-5.36159e-06
1.5055e-05
-6.46756e-07
1.59515e-05
3.57583e-06
1.60342e-05
7.24128e-06
1.54098e-05
1.03168e-05
1.41926e-05
1.27685e-05
1.25044e-05
1.45575e-05
1.04746e-05
1.56371e-05
8.24194e-06
1.59493e-05
5.95662e-06
1.54235e-05
3.78452e-06
1.39755e-05
1.91381e-06
1.15093e-05
5.64302e-07
7.92045e-06
3.09887e-06
5.40828e-08
-1.20136e-06
6.74564e-08
-2.43692e-06
-6.53032e-08
-2.78027e-06
-4.24368e-07
-2.41191e-06
-1.0698e-06
-1.48506e-06
-2.04718e-06
-1.26728e-07
-3.38851e-06
1.55738e-06
-5.11708e-06
3.48123e-06
-7.25132e-06
5.57784e-06
-9.80542e-06
7.79564e-06
-1.27903e-05
1.00959e-05
-1.62145e-05
1.24505e-05
-2.00839e-05
1.48396e-05
-2.44029e-05
1.72496e-05
-2.91731e-05
1.96717e-05
-3.43944e-05
2.20993e-05
-4.00636e-05
2.45275e-05
-4.6175e-05
2.69507e-05
-5.27195e-05
2.93627e-05
-5.96847e-05
3.17548e-05
-6.70542e-05
3.41166e-05
-7.48078e-05
3.64347e-05
-8.29211e-05
3.86933e-05
-9.13657e-05
4.08747e-05
-0.000100109
4.29589e-05
-0.000109115
4.49247e-05
-0.000118344
4.675e-05
-0.000127751
4.84123e-05
-0.000137293
4.9889e-05
-0.000146918
5.11584e-05
-0.000156579
5.21993e-05
-0.000166222
5.29923e-05
-0.000175795
5.35192e-05
-0.000185245
5.3764e-05
-0.000194519
5.37127e-05
-0.000203565
5.33537e-05
-0.000212332
5.26776e-05
-0.00022077
5.16776e-05
-0.000228831
5.03494e-05
-0.00023647
4.86912e-05
-0.000243643
4.67037e-05
-0.000250311
4.43899e-05
-0.000256435
4.17551e-05
-0.00026198
3.8807e-05
-0.000266916
3.55552e-05
-0.000271212
3.20115e-05
-0.000274843
2.81894e-05
-0.000277786
2.41042e-05
-0.000280021
1.9773e-05
-0.00028153
1.52143e-05
-0.000282299
1.04483e-05
-0.000282316
5.49704e-06
-0.000281571
3.85123e-07
-0.000280056
-4.87118e-06
-0.000277765
-1.02395e-05
-0.000274701
-1.56828e-05
-0.000270866
-2.11637e-05
-0.000266268
-2.66429e-05
-0.000260916
-3.2079e-05
-0.000254822
-3.74284e-05
-0.000248003
-4.26455e-05
-0.00024048
-4.76825e-05
-0.000232275
-5.24899e-05
-0.000223419
-5.70165e-05
-0.000213946
-6.12098e-05
-0.000203894
-6.50162e-05
-0.000193311
-6.83819e-05
-0.000182246
-7.12534e-05
-0.000170759
-7.35786e-05
-0.000158916
-7.53077e-05
-0.000146788
-7.63946e-05
-0.000134457
-7.67984e-05
-0.000122008
-7.64852e-05
-0.000109535
-7.54299e-05
-9.71388e-05
-7.3618e-05
-8.4924e-05
-7.10479e-05
-7.29997e-05
-6.77327e-05
-6.14772e-05
-6.37021e-05
-5.04676e-05
-5.9004e-05
-4.00796e-05
-5.37056e-05
-3.04168e-05
-4.78933e-05
-2.15743e-05
-4.16724e-05
-1.36358e-05
-3.51658e-05
-6.67209e-06
-2.85108e-05
-7.36983e-07
-2.18541e-05
4.12029e-06
-1.53371e-05
7.88443e-06
-9.12573e-06
1.0587e-05
-3.34933e-06
1.22871e-05
1.87573e-06
1.30756e-05
6.45278e-06
1.30647e-05
1.03277e-05
1.23746e-05
1.34586e-05
1.11327e-05
1.57994e-05
9.47474e-06
1.72951e-05
7.54579e-06
1.78783e-05
5.50274e-06
1.74665e-05
3.51799e-06
1.59602e-05
1.7851e-06
1.32422e-05
5.26062e-07
9.17949e-06
3.62493e-06
-1.29134e-08
-1.18845e-06
-1.77393e-07
-2.27244e-06
-5.81746e-07
-2.37591e-06
-1.2905e-06
-1.70315e-06
-2.35173e-06
-4.23833e-07
-3.79878e-06
1.32032e-06
-5.65461e-06
3.41321e-06
-7.93704e-06
5.76366e-06
-1.06599e-05
8.30073e-06
-1.38343e-05
1.097e-05
-1.74688e-05
1.37305e-05
-2.15704e-05
1.65521e-05
-2.61438e-05
1.9413e-05
-3.11917e-05
2.22975e-05
-3.67141e-05
2.51941e-05
-4.27085e-05
2.80937e-05
-4.91689e-05
3.09879e-05
-5.60858e-05
3.38677e-05
-6.3446e-05
3.67229e-05
-7.12321e-05
3.95409e-05
-7.94222e-05
4.23067e-05
-8.79902e-05
4.50027e-05
-9.69057e-05
4.76089e-05
-0.000106134
5.01031e-05
-0.000115637
5.24617e-05
-0.000125372
5.46597e-05
-0.000135294
5.66719e-05
-0.000145355
5.8473e-05
-0.000155504
6.00384e-05
-0.00016569
6.13444e-05
-0.00017586
6.2369e-05
-0.000185959
6.3092e-05
-0.000195936
6.34955e-05
-0.000205736
6.35638e-05
-0.000215307
6.3284e-05
-0.000224599
6.26458e-05
-0.000233563
6.16417e-05
-0.000242153
6.02671e-05
-0.000250323
5.85201e-05
-0.000258034
5.64015e-05
-0.000265245
5.39148e-05
-0.00027192
5.10658e-05
-0.000278028
4.78629e-05
-0.000283538
4.43166e-05
-0.000288422
4.04395e-05
-0.000292657
3.62462e-05
-0.00029622
3.17529e-05
-0.000299094
2.69776e-05
-0.000301261
2.19397e-05
-0.000302706
1.66601e-05
-0.000303419
1.1161e-05
-0.000303388
5.4663e-06
-0.000302605
-3.98566e-07
-0.000301063
-6.41327e-06
-0.000298759
-1.25432e-05
-0.000295693
-1.87489e-05
-0.000291866
-2.49905e-05
-0.000287282
-3.12267e-05
-0.000281948
-3.74134e-05
-0.000275872
-4.35045e-05
-0.000269066
-4.94512e-05
-0.000261546
-5.52023e-05
-0.000253332
-6.07044e-05
-0.000244446
-6.59022e-05
-0.000234918
-7.07382e-05
-0.00022478
-7.51536e-05
-0.000214073
-7.90889e-05
-0.000202842
-8.24843e-05
-0.00019114
-8.52809e-05
-0.000179026
-8.74217e-05
-0.000166568
-8.88531e-05
-0.00015384
-8.95264e-05
-0.000140925
-8.94e-05
-0.000127914
-8.84407e-05
-0.000114905
-8.6627e-05
-0.000102003
-8.39503e-05
-8.9317e-05
-8.04183e-05
-7.69625e-05
-7.60566e-05
-6.50557e-05
-7.09109e-05
-5.37128e-05
-6.50484e-05
-4.30473e-05
-5.85588e-05
-3.31659e-05
-5.15538e-05
-2.41662e-05
-4.41656e-05
-1.61326e-05
-3.65443e-05
-9.1342e-06
-2.88525e-05
-3.21405e-06
-2.12573e-05
1.59165e-06
-1.39314e-05
5.27955e-06
-7.03723e-06
7.87836e-06
-7.23075e-07
9.46712e-06
4.86402e-06
1.01603e-05
9.63456e-06
1.00839e-05
1.3535e-05
9.37155e-06
1.65118e-05
8.16483e-06
1.85018e-05
6.6149e-06
1.94282e-05
4.88418e-06
1.91972e-05
3.14947e-06
1.76949e-05
1.60631e-06
1.47854e-05
4.73857e-07
1.03119e-05
4.09879e-06
-8.91887e-08
-1.09926e-06
-4.55957e-07
-1.90567e-06
-1.16569e-06
-1.66618e-06
-2.26471e-06
-6.04142e-07
-3.78385e-06
1.09531e-06
-5.74218e-06
3.27864e-06
-8.15318e-06
5.82422e-06
-1.10272e-05
8.63772e-06
-1.43727e-05
1.16462e-05
-1.81965e-05
1.47938e-05
-2.25046e-05
1.80386e-05
-2.73016e-05
2.1349e-05
-3.25902e-05
2.47016e-05
-3.8371e-05
2.80783e-05
-4.46417e-05
3.14648e-05
-5.13967e-05
3.48487e-05
-5.86266e-05
3.82177e-05
-6.63177e-05
4.15589e-05
-7.44523e-05
4.48574e-05
-8.30075e-05
4.80961e-05
-9.19563e-05
5.12554e-05
-0.000101267
5.43132e-05
-0.000110903
5.72451e-05
-0.000120825
6.00249e-05
-0.000130989
6.26254e-05
-0.000141347
6.50185e-05
-0.000151852
6.71763e-05
-0.00016245
6.90715e-05
-0.00017309
7.06781e-05
-0.000183717
7.19717e-05
-0.000194278
7.29299e-05
-0.000204719
7.35329e-05
-0.000214987
7.37635e-05
-0.000225031
7.36075e-05
-0.0002348
7.30536e-05
-0.000244248
7.20936e-05
-0.000253329
7.07225e-05
-0.000262
6.89383e-05
-0.000270222
6.67417e-05
-0.000277957
6.41366e-05
-0.000285171
6.11292e-05
-0.000291834
5.77284e-05
-0.000297916
5.39455e-05
-0.000303393
4.97936e-05
-0.000308242
4.52881e-05
-0.000312442
4.0446e-05
-0.000315975
3.52859e-05
-0.000318825
2.98279e-05
-0.000320979
2.40934e-05
-0.000322424
1.81051e-05
-0.000323149
1.1887e-05
-0.000323147
5.46356e-06
-0.000322405
-1.14024e-06
-0.00032092
-7.89793e-06
-0.00031869
-1.47738e-05
-0.00031571
-2.17284e-05
-0.000311981
-2.87202e-05
-0.000307501
-3.5706e-05
-0.000302275
-4.26396e-05
-0.000296307
-4.94725e-05
-0.000289605
-5.61533e-05
-0.00028218
-6.26278e-05
-0.000274045
-6.88392e-05
-0.000265219
-7.4728e-05
-0.000255725
-8.02325e-05
-0.000245589
-8.52889e-05
-0.000234846
-8.9832e-05
-0.000223535
-9.37959e-05
-0.000211701
-9.71149e-05
-0.000199398
-9.97246e-05
-0.000186687
-0.000101564
-0.000173638
-0.000102575
-0.000160329
-0.000102709
-0.000146847
-0.000101923
-0.000133287
-0.000100187
-0.000119752
-9.74853e-05
-0.000106353
-9.38173e-05
-9.32064e-05
-8.92028e-05
-8.04341e-05
-8.36832e-05
-6.81588e-05
-7.73237e-05
-5.65029e-05
-7.02147e-05
-4.5585e-05
-6.24717e-05
-3.55157e-05
-5.42349e-05
-2.63942e-05
-4.56658e-05
-1.83038e-05
-3.69429e-05
-1.13061e-05
-2.8255e-05
-5.44132e-06
-1.97962e-05
-7.22857e-07
-1.17557e-05
2.85763e-06
-4.30357e-06
5.33897e-06
2.38268e-06
6.81845e-06
8.15508e-06
7.43135e-06
1.29221e-05
7.31817e-06
1.6625e-05
6.62719e-06
1.91928e-05
5.51555e-06
2.05398e-05
4.15055e-06
2.05622e-05
2.71202e-06
1.91335e-05
1.39513e-06
1.61023e-05
4.13277e-07
1.12938e-05
4.51207e-06
-1.74079e-07
-9.25181e-07
-7.64211e-07
-1.31554e-06
-1.80932e-06
-6.21067e-07
-3.33212e-06
9.18659e-07
-5.34286e-06
3.10605e-06
-7.84569e-06
5.78147e-06
-1.08428e-05
8.82136e-06
-1.43359e-05
1.21307e-05
-1.83267e-05
1.5637e-05
-2.28177e-05
1.92849e-05
-2.78114e-05
2.30323e-05
-3.33095e-05
2.68471e-05
-3.93122e-05
3.07043e-05
-4.58175e-05
3.45835e-05
-5.282e-05
3.84673e-05
-6.03107e-05
4.23394e-05
-6.82762e-05
4.61833e-05
-7.66987e-05
4.99814e-05
-8.55553e-05
5.3714e-05
-9.48184e-05
5.73592e-05
-0.000104456
6.08927e-05
-0.00011443
6.42877e-05
-0.000124701
6.75158e-05
-0.000135223
7.05472e-05
-0.000145949
7.33515e-05
-0.000156829
7.58981e-05
-0.00016781
7.81573e-05
-0.000178839
8.01006e-05
-0.000189862
8.17013e-05
-0.000200826
8.2935e-05
-0.000211676
8.378e-05
-0.00022236
8.42175e-05
-0.000232829
8.42319e-05
-0.000243032
8.3811e-05
-0.000252924
8.29458e-05
-0.000262462
8.16308e-05
-0.000271603
7.98636e-05
-0.00028031
7.76451e-05
-0.000288547
7.4979e-05
-0.000296282
7.1872e-05
-0.000303486
6.83334e-05
-0.000310133
6.43747e-05
-0.000316197
6.00097e-05
-0.000321658
5.52543e-05
-0.000326495
5.0126e-05
-0.000330693
4.46437e-05
-0.000334235
3.88282e-05
-0.000337109
3.2701e-05
-0.0003393
2.62852e-05
-0.0003408
1.96047e-05
-0.000341597
1.26845e-05
-0.000341684
5.54982e-06
-0.00034105
-1.77376e-06
-0.000339691
-9.2568e-06
-0.000337602
-1.68632e-05
-0.000334777
-2.45532e-05
-0.000331213
-3.22844e-05
-0.000326907
-4.00118e-05
-0.000321859
-4.76879e-05
-0.000316069
-5.52621e-05
-0.000309542
-6.26807e-05
-0.000302282
-6.9887e-05
-0.000294301
-7.68212e-05
-0.000285608
-8.34202e-05
-0.000276223
-8.96181e-05
-0.000266165
-9.53467e-05
-0.000255462
-0.000100535
-0.000244146
-0.000105112
-0.000232256
-0.000109005
-0.00021984
-0.000112141
-0.000206951
-0.000114452
-0.000193653
-0.000115873
-0.00018002
-0.000116343
-0.000166132
-0.000115811
-0.000152082
-0.000114238
-0.00013797
-0.000111597
-0.000123907
-0.00010788
-0.000110012
-0.000103098
-9.64077e-05
-9.7287e-05
-8.32251e-05
-9.05063e-05
-7.05947e-05
-8.28451e-05
-5.86458e-05
-7.44205e-05
-4.75026e-05
-6.53782e-05
-3.72789e-05
-5.58895e-05
-2.8074e-05
-4.61478e-05
-1.9967e-05
-3.6362e-05
-1.30135e-05
-2.67497e-05
-7.24176e-06
-1.75274e-05
-2.64567e-06
-8.89966e-06
7.94702e-07
-1.05769e-06
3.13826e-06
5.81152e-06
4.50884e-06
1.15515e-05
5.05512e-06
1.60787e-05
4.93257e-06
1.93153e-05
4.30512e-06
2.11673e-05
3.3449e-06
2.15224e-05
2.23413e-06
2.02443e-05
1.16666e-06
1.71697e-05
3.48988e-07
1.21115e-05
4.86106e-06
-2.66759e-07
-6.58422e-07
-1.09885e-06
-4.83452e-07
-2.50375e-06
7.83832e-07
-4.47625e-06
2.89117e-06
-7.00476e-06
5.63455e-06
-1.00768e-05
8.85349e-06
-1.36813e-05
1.24259e-05
-1.78102e-05
1.62596e-05
-2.24583e-05
2.02851e-05
-2.7623e-05
2.44495e-05
-3.33027e-05
2.8712e-05
-3.94961e-05
3.30405e-05
-4.62002e-05
3.74084e-05
-5.34099e-05
4.17932e-05
-6.11166e-05
4.61739e-05
-6.93073e-05
5.05301e-05
-7.79646e-05
5.48406e-05
-8.70661e-05
5.90829e-05
-9.65845e-05
6.32323e-05
-0.000106487
6.7262e-05
-0.000116737
7.11429e-05
-0.000127294
7.48441e-05
-0.000138112
7.83334e-05
-0.000149142
8.1578e-05
-0.000160336
8.45448e-05
-0.000171639
8.72016e-05
-0.000182999
8.95176e-05
-0.000194362
9.14638e-05
-0.000205675
9.30137e-05
-0.000216883
9.41437e-05
-0.000227937
9.48335e-05
-0.000238785
9.5066e-05
-0.000249382
9.4828e-05
-0.00025968
9.41095e-05
-0.000269639
9.29044e-05
-0.000279218
9.121e-05
-0.000288381
8.90268e-05
-0.000297095
8.63587e-05
-0.000305328
8.32124e-05
-0.000313053
7.95973e-05
-0.000320245
7.55253e-05
-0.000326881
7.10105e-05
-0.00033294
6.60691e-05
-0.000338405
6.07188e-05
-0.000343258
5.49789e-05
-0.000347484
4.88703e-05
-0.000351071
4.24148e-05
-0.000354006
3.56355e-05
-0.000356277
2.85563e-05
-0.000357874
2.12022e-05
-0.000358788
1.35987e-05
-0.000359011
5.77196e-06
-0.000358532
-2.25183e-06
-0.000357347
-1.04421e-05
-0.000355448
-1.87629e-05
-0.000352827
-2.71742e-05
-0.000349478
-3.56328e-05
-0.000345397
-4.40928e-05
-0.00034058
-5.25053e-05
-0.000335024
-6.08183e-05
-0.000328728
-6.89764e-05
-0.000321694
-7.69206e-05
-0.000313927
-8.45886e-05
-0.000305433
-9.19144e-05
-0.000296222
-9.88284e-05
-0.000286311
-0.000105258
-0.000275719
-0.000111128
-0.000264471
-0.00011636
-0.0002526
-0.000120876
-0.000240145
-0.000124596
-0.000227153
-0.000127444
-0.000213681
-0.000129344
-0.000199795
-0.000130228
-0.000185572
-0.000130034
-0.000171098
-0.000128712
-0.000156471
-0.000126224
-0.000141801
-0.000122551
-0.000127204
-0.000117695
-0.00011281
-0.000111682
-9.87511e-05
-0.000104565
-8.51677e-05
-9.64285e-05
-7.21994e-05
-8.73888e-05
-5.99833e-05
-7.75943e-05
-4.86486e-05
-6.72242e-05
-3.83114e-05
-5.6485e-05
-2.90691e-05
-4.56043e-05
-2.09953e-05
-3.48235e-05
-1.41353e-05
-2.43874e-05
-8.50087e-06
-1.45341e-05
-4.07111e-06
-5.48745e-06
-8.0566e-07
2.54608e-06
1.38574e-06
9.36012e-06
2.64671e-06
1.48177e-05
3.13726e-06
1.88248e-05
3.02989e-06
2.12747e-05
2.50207e-06
2.20503e-05
1.73884e-06
2.10075e-05
9.32944e-07
1.79756e-05
2.84658e-07
1.27597e-05
5.14571e-06
-3.66273e-07
-2.92149e-07
-1.45525e-06
6.05526e-07
-3.23836e-06
2.56694e-06
-5.68016e-06
5.33296e-06
-8.74519e-06
8.69959e-06
-1.2402e-05
1.25103e-05
-1.66254e-05
1.66493e-05
-2.13968e-05
2.1031e-05
-2.67036e-05
2.5592e-05
-3.25377e-05
3.02836e-05
-3.88932e-05
3.50676e-05
-4.57653e-05
3.99125e-05
-5.31477e-05
4.47908e-05
-6.10317e-05
4.96773e-05
-6.94051e-05
5.45473e-05
-7.82511e-05
5.93761e-05
-8.75482e-05
6.41377e-05
-9.72697e-05
6.88044e-05
-0.000107384
7.33464e-05
-0.000117854
7.77322e-05
-0.000128639
8.19284e-05
-0.000139695
8.59001e-05
-0.000150974
8.96121e-05
-0.000162425
9.30289e-05
-0.000173996
9.61158e-05
-0.000185634
9.88396e-05
-0.000197285
0.000101169
-0.000208897
0.000103075
-0.000220417
0.000104533
-0.000231794
0.000105521
-0.00024298
0.000106019
-0.000253928
0.000106014
-0.000264595
0.000105494
-0.000274939
0.000104453
-0.000284922
0.000102888
-0.000294509
0.000100797
-0.000303669
9.81863e-05
-0.000312371
9.50611e-05
-0.00032059
9.14311e-05
-0.000328301
8.73084e-05
-0.000335483
8.27073e-05
-0.000342116
7.76438e-05
-0.000348183
7.21362e-05
-0.000353668
6.62037e-05
-0.000358557
5.98672e-05
-0.000362835
5.31487e-05
-0.000366491
4.60711e-05
-0.000369514
3.86582e-05
-0.000371892
3.09348e-05
-0.000373617
2.29265e-05
-0.000374678
1.46595e-05
-0.000375066
6.16035e-06
-0.000374774
-2.54395e-06
-0.000373793
-1.14226e-05
-0.000372116
-2.04405e-05
-0.000369733
-2.95573e-05
-0.000366636
-3.87295e-05
-0.000362818
-4.79106e-05
-0.000358272
-5.70508e-05
-0.000352994
-6.60971e-05
-0.000346977
-7.49929e-05
-0.00034022
-8.36776e-05
-0.000332722
-9.20869e-05
-0.000324484
-0.000100152
-0.000315512
-0.000107801
-0.000305813
-0.000114957
-0.000295401
-0.00012154
-0.000284294
-0.000127467
-0.000272516
-0.000132653
-0.0002601
-0.000137013
-0.000247084
-0.00014046
-0.000233517
-0.000142911
-0.000219458
-0.000144287
-0.000204976
-0.000144516
-0.000190153
-0.000143535
-0.000175082
-0.000141295
-0.000159868
-0.000137765
-0.000144629
-0.000132934
-0.000129494
-0.000126817
-0.000114601
-0.000119458
-0.000100096
-0.000110934
-8.61277e-05
-0.000101357
-7.28472e-05
-9.08748e-05
-6.0399e-05
-7.96724e-05
-4.8917e-05
-6.7967e-05
-3.85178e-05
-5.60035e-05
-2.9295e-05
-4.40464e-05
-2.13126e-05
-3.23698e-05
-1.46007e-05
-2.1246e-05
-9.15352e-06
-1.09346e-05
-4.93603e-06
-1.67141e-06
-1.88274e-06
6.30682e-06
1.37672e-07
1.27973e-05
1.28192e-06
1.76805e-05
1.72383e-06
2.08327e-05
1.64786e-06
2.21262e-05
1.24317e-06
2.14122e-05
7.02844e-07
1.8516e-05
2.22919e-07
1.32397e-05
5.36863e-06
-4.71083e-07
1.78934e-07
-1.82797e-06
1.96241e-06
-4.00264e-06
4.74161e-06
-6.9269e-06
8.25722e-06
-1.0539e-05
1.23117e-05
-1.47872e-05
1.67585e-05
-1.96314e-05
2.14934e-05
-2.50421e-05
2.64418e-05
-3.0999e-05
3.15489e-05
-3.74882e-05
3.67727e-05
-4.44996e-05
4.2079e-05
-5.20243e-05
4.74372e-05
-6.00526e-05
5.28192e-05
-6.85723e-05
5.81969e-05
-7.75673e-05
6.35423e-05
-8.7017e-05
6.88259e-05
-9.6896e-05
7.40167e-05
-0.000107174
7.90819e-05
-0.000117814
8.39871e-05
-0.000128778
8.86961e-05
-0.000140021
9.31715e-05
-0.000151496
9.73753e-05
-0.000163154
0.00010127
-0.000174942
0.000104817
-0.000186808
0.000107982
-0.0001987
0.000110731
-0.000210564
0.000113033
-0.00022235
0.000114861
-0.000234008
0.000116191
-0.000245489
0.000117002
-0.000256749
0.000117279
-0.000267744
0.00011701
-0.000278436
0.000116186
-0.000288787
0.000114804
-0.000298763
0.000112864
-0.000308334
0.000110368
-0.000317471
0.000107323
-0.000326149
0.000103739
-0.000334345
9.96275e-05
-0.000342039
9.50024e-05
-0.000349212
8.98802e-05
-0.000355847
8.42789e-05
-0.000361929
7.8218e-05
-0.000367444
7.17183e-05
-0.000372378
6.48016e-05
-0.00037672
5.74909e-05
-0.000380459
4.98097e-05
-0.000383583
4.17826e-05
-0.000386083
3.34348e-05
-0.000387949
2.47924e-05
-0.000389172
1.5882e-05
-0.000389742
6.73083e-06
-0.000389653
-2.63358e-06
-0.000388895
-1.21806e-05
-0.000387459
-2.18763e-05
-0.000385336
-3.16805e-05
-0.000382515
-4.15496e-05
-0.000378989
-5.14368e-05
-0.000374748
-6.12922e-05
-0.000369783
-7.10622e-05
-0.000364086
-8.06895e-05
-0.000357651
-9.01126e-05
-0.000350472
-9.92656e-05
-0.000342546
-0.000108078
-0.000333871
-0.000116476
-0.00032445
-0.000124378
-0.000314288
-0.000131702
-0.000303396
-0.000138359
-0.000291789
-0.00014426
-0.000279492
-0.00014931
-0.000266535
-0.000153417
-0.000252959
-0.000156488
-0.000238812
-0.000158434
-0.000224158
-0.00015917
-0.000209071
-0.000158622
-0.000193636
-0.000156729
-0.000177956
-0.000153445
-0.000162146
-0.000148744
-0.000146332
-0.00014263
-0.000130658
-0.000135133
-0.000115273
-0.000126319
-0.000100336
-0.000116293
-8.60096e-05
-0.000105201
-7.24541e-05
-9.32279e-05
-5.98216e-05
-8.05995e-05
-4.82495e-05
-6.75756e-05
-3.78529e-05
-5.44429e-05
-2.8718e-05
-4.15047e-05
-2.08959e-05
-2.90681e-05
-1.43994e-05
-1.74312e-05
-9.19858e-06
-6.87221e-06
-5.2454e-06
2.35364e-06
-2.43495e-06
9.98686e-06
-6.07607e-07
1.58532e-05
4.08189e-07
1.98169e-05
7.98835e-07
2.17356e-05
7.58136e-07
2.14529e-05
4.81994e-07
1.87921e-05
1.65384e-07
1.35563e-05
5.53402e-06
-5.79509e-07
7.58443e-07
-2.21187e-06
3.59477e-06
-4.78608e-06
7.31582e-06
-8.19874e-06
1.16699e-05
-1.23602e-05
1.64731e-05
-1.71976e-05
2.15959e-05
-2.26553e-05
2.69511e-05
-2.86928e-05
3.24793e-05
-3.52821e-05
3.81381e-05
-4.24033e-05
4.3894e-05
-5.00419e-05
4.97175e-05
-5.8185e-05
5.55803e-05
-6.68194e-05
6.14535e-05
-7.59291e-05
6.73066e-05
-8.54944e-05
7.31077e-05
-9.54912e-05
7.88227e-05
-0.00010589
8.44157e-05
-0.000116658
8.98493e-05
-0.000127755
9.50842e-05
-0.000139139
0.00010008
-0.000150764
0.000104796
-0.000162581
0.000109193
-0.00017454
0.000113228
-0.000186589
0.000116866
-0.000198676
0.000120069
-0.000210749
0.000122804
-0.000222758
0.000125042
-0.000234653
0.000126757
-0.000246389
0.000127927
-0.00025792
0.000128534
-0.000269206
0.000128564
-0.000280206
0.00012801
-0.000290886
0.000126866
-0.000301212
0.000125131
-0.000311155
0.000122807
-0.000320688
0.000119901
-0.000329786
0.000116422
-0.000338428
0.000112381
-0.000346593
0.000107792
-0.000354263
0.000102673
-0.000361423
9.70399e-05
-0.000368057
9.09132e-05
-0.000374152
8.43133e-05
-0.000379696
7.72621e-05
-0.000384677
6.97822e-05
-0.000389083
6.18972e-05
-0.000392905
5.36313e-05
-0.000396132
4.50096e-05
-0.000398754
3.60576e-05
-0.000400764
2.68018e-05
-0.000402151
1.72692e-05
-0.000402908
7.48747e-06
-0.000403026
-2.51523e-06
-0.000402498
-1.27086e-05
-0.000401314
-2.30601e-05
-0.000399464
-3.35303e-05
-0.000396938
-4.40759e-05
-0.000393725
-5.46503e-05
-0.000389813
-6.52038e-05
-0.000385192
-7.56829e-05
-0.000379852
-8.60303e-05
-0.00037378
-9.61842e-05
-0.000366968
-0.000106078
-0.000359406
-0.00011564
-0.000351087
-0.000124794
-0.000342007
-0.000133458
-0.000332165
-0.000141544
-0.000321562
-0.000148962
-0.000310207
-0.000155615
-0.000298114
-0.000161403
-0.000285305
-0.000166226
-0.00027181
-0.000169983
-0.00025767
-0.000172573
-0.000242938
-0.000173902
-0.000227679
-0.000173881
-0.000211974
-0.000172435
-0.000195916
-0.000169502
-0.000179617
-0.000165044
-0.000163202
-0.000159045
-0.000146813
-0.000151522
-0.000130605
-0.000142527
-0.000114744
-0.000132155
-9.94032e-05
-0.000120542
-8.47577e-05
-0.000107873
-7.09787e-05
-9.43786e-05
-5.82249e-05
-8.03293e-05
-4.66352e-05
-6.60326e-05
-3.63201e-05
-5.18198e-05
-2.73545e-05
-3.80338e-05
-1.97717e-05
-2.50139e-05
-1.35619e-05
-1.30821e-05
-8.67736e-06
-2.53086e-06
-5.04426e-06
6.35375e-06
-2.51147e-06
1.33204e-05
-9.04808e-07
1.82103e-05
-3.67015e-08
2.08675e-05
2.89264e-07
2.11269e-05
2.73133e-07
1.88082e-05
1.12761e-07
1.37167e-05
5.64678e-06
-6.90469e-07
1.44891e-06
-2.6017e-06
5.50601e-06
-5.57746e-06
1.02916e-05
-9.4772e-06
1.55696e-05
-1.41823e-05
2.11782e-05
-1.95982e-05
2.70119e-05
-2.56537e-05
3.30066e-05
-3.22973e-05
3.9123e-05
-3.9493e-05
4.53338e-05
-4.72153e-05
5.16163e-05
-5.54451e-05
5.79473e-05
-6.41657e-05
6.43009e-05
-7.33601e-05
7.06479e-05
-8.30089e-05
7.69555e-05
-9.30891e-05
8.31878e-05
-0.000103573
8.93066e-05
-0.000114428
9.52711e-05
-0.000125618
0.000101039
-0.000137102
0.000106568
-0.000148835
0.000111813
-0.000160769
0.000116731
-0.000172856
0.000121279
-0.000185045
0.000125417
-0.000197285
0.000129106
-0.000209524
0.000132309
-0.000221715
0.000134995
-0.000233808
0.000137135
-0.000245758
0.000138707
-0.000257521
0.00013969
-0.000269056
0.000140069
-0.000280325
0.000139834
-0.000291294
0.000138979
-0.00030193
0.000137502
-0.000312204
0.000135405
-0.000322091
0.000132693
-0.000331566
0.000129376
-0.000340607
0.000125463
-0.000349197
0.00012097
-0.000357317
0.000115912
-0.000364951
0.000110307
-0.000372087
0.000104175
-0.000378709
9.75359e-05
-0.000384808
9.04115e-05
-0.00039037
8.28245e-05
-0.000395386
7.47984e-05
-0.000399846
6.63572e-05
-0.000403741
5.75257e-05
-0.00040706
4.83293e-05
-0.000409797
3.8794e-05
-0.000411941
2.89465e-05
-0.000413486
1.88142e-05
-0.000414424
8.42531e-06
-0.000414748
-2.19172e-06
-0.00041445
-1.30065e-05
-0.000413521
-2.39888e-05
-0.000411952
-3.50999e-05
-0.00040973
-4.62973e-05
-0.000406845
-5.75352e-05
-0.000403284
-6.87647e-05
-0.000399034
-7.99331e-05
-0.000394081
-9.09836e-05
-0.00038841
-0.000101855
-0.000382008
-0.00011248
-0.000374861
-0.000122788
-0.000366955
-0.0001327
-0.00035828
-0.000142133
-0.000348826
-0.000150998
-0.000338589
-0.000159199
-0.000327567
-0.000166637
-0.000315765
-0.000173205
-0.000303195
-0.000178796
-0.000289878
-0.0001833
-0.000275844
-0.000186607
-0.000261137
-0.00018861
-0.00024581
-0.000189207
-0.000229936
-0.000188309
-0.000213601
-0.000185837
-0.00019691
-0.000181735
-0.000179984
-0.000175971
-0.000162963
-0.000168542
-0.000146004
-0.000159486
-0.000129278
-0.00014888
-0.000112969
-0.000136851
-9.7265e-05
-0.000123577
-8.23555e-05
-0.000109288
-6.84215e-05
-9.42633e-05
-5.5627e-05
-7.88271e-05
-4.41093e-05
-6.33375e-05
-3.39702e-05
-4.81729e-05
-2.52687e-05
-3.37153e-05
-1.80166e-05
-2.03342e-05
-1.21755e-05
-8.37199e-06
-7.68376e-06
1.86202e-06
-4.42159e-06
1.00582e-05
-2.20935e-06
1.5998e-05
-8.56285e-07
1.95144e-05
-1.62514e-07
2.04331e-05
7.63939e-08
1.85693e-05
6.50729e-08
1.3728e-05
5.71185e-06
-8.02102e-07
2.25101e-06
-2.99155e-06
7.69545e-06
-6.36493e-06
1.3665e-05
-1.07434e-05
1.99481e-05
-1.59788e-05
2.64135e-05
-2.19548e-05
3.29879e-05
-2.85846e-05
3.96365e-05
-3.5806e-05
4.63444e-05
-4.35752e-05
5.3103e-05
-5.18611e-05
5.99022e-05
-6.064e-05
6.67263e-05
-6.98917e-05
7.35526e-05
-7.95955e-05
8.03517e-05
-8.97288e-05
8.70888e-05
-0.000100265
9.37245e-05
-0.000111175
0.000100216
-0.000122422
0.000106518
-0.000133968
0.000112585
-0.00014577
0.00011837
-0.000157783
0.000123826
-0.000169959
0.000128907
-0.000182248
0.000133569
-0.000194601
0.00013777
-0.000206968
0.000141473
-0.0002193
0.000144641
-0.000231551
0.000147246
-0.000243676
0.00014926
-0.00025563
0.000150662
-0.000267375
0.000151435
-0.000278874
0.000151567
-0.00029009
0.000151051
-0.000300995
0.000149883
-0.000311557
0.000148065
-0.000321753
0.000145601
-0.000331559
0.000142499
-0.000340954
0.00013877
-0.000349919
0.000134428
-0.000358437
0.000129488
-0.000366493
0.000123968
-0.000374073
0.000117888
-0.000381165
0.000111267
-0.000387758
0.000104128
-0.000393839
9.64934e-05
-0.000399401
8.83861e-05
-0.000404433
7.98306e-05
-0.000408927
7.08513e-05
-0.000412875
6.14736e-05
-0.000416269
5.17232e-05
-0.000419102
4.16266e-05
-0.000421366
3.12107e-05
-0.000423055
2.05032e-05
-0.000424162
9.5327e-06
-0.000424682
-1.6721e-06
-0.000424608
-1.30805e-05
-0.000423932
-2.46649e-05
-0.000422644
-3.63877e-05
-0.000420734
-4.82077e-05
-0.000418188
-6.00806e-05
-0.000414994
-7.19587e-05
-0.000411136
-8.37909e-05
-0.000406598
-9.55216e-05
-0.000401363
-0.00010709
-0.000395411
-0.000118432
-0.000388725
-0.000129474
-0.000381286
-0.000140139
-0.000373076
-0.000150343
-0.000364079
-0.000159995
-0.000354282
-0.000168997
-0.000343675
-0.000177244
-0.000332252
-0.000184627
-0.000320016
-0.000191032
-0.000306977
-0.000196339
-0.000293154
-0.00020043
-0.000278578
-0.000203185
-0.000263295
-0.000204491
-0.000247364
-0.00020424
-0.000230863
-0.000202338
-0.000213888
-0.00019871
-0.000196554
-0.000193304
-0.000178999
-0.000186098
-0.000161377
-0.000177108
-0.000143863
-0.000166393
-0.000126648
-0.000154066
-0.000109934
-0.000140292
-9.39248e-05
-0.000125297
-7.88251e-05
-0.000109363
-6.48246e-05
-9.28277e-05
-5.20893e-05
-7.60728e-05
-4.07511e-05
-5.9511e-05
-3.08983e-05
-4.35682e-05
-2.25682e-05
-2.86642e-05
-1.57456e-05
-1.51945e-05
-1.03677e-05
-3.51588e-06
-6.34596e-06
6.03644e-06
-3.50944e-06
1.31615e-05
-1.66272e-06
1.76677e-05
-5.99511e-07
1.93699e-05
-1.08502e-07
1.80783e-05
2.18459e-08
1.35976e-05
5.7337e-06
-9.12582e-07
3.1636e-06
-3.37529e-06
1.01582e-05
-7.13648e-06
1.74261e-05
-1.19785e-05
2.47901e-05
-1.77237e-05
3.21587e-05
-2.42343e-05
3.94985e-05
-3.14082e-05
4.68104e-05
-3.91726e-05
5.41088e-05
-4.74763e-05
6.14067e-05
-5.62828e-05
6.87087e-05
-6.55642e-05
7.60077e-05
-7.52964e-05
8.32848e-05
-8.54558e-05
9.05111e-05
-9.60167e-05
9.76497e-05
-0.00010695
0.000104658
-0.000118223
0.000111489
-0.000129798
0.000118094
-0.000141635
0.000124423
-0.000153691
0.000130426
-0.000165919
0.000136054
-0.000178271
0.000141259
-0.0001907
0.000145997
-0.000203157
0.000150227
-0.000215594
0.00015391
-0.000227965
0.000157012
-0.000240225
0.000159506
-0.000252333
0.000161368
-0.000264249
0.000162577
-0.000275936
0.000163122
-0.00028736
0.000162991
-0.000298491
0.000162181
-0.000309299
0.000160691
-0.00031976
0.000158526
-0.00032985
0.000155691
-0.00033955
0.000152198
-0.000348839
0.00014806
-0.000357703
0.000143292
-0.000366125
0.00013791
-0.000374093
0.000131936
-0.000381594
0.000125389
-0.000388617
0.00011829
-0.000395153
0.000110664
-0.000401191
0.000102532
-0.000406725
9.392e-05
-0.000411746
8.48517e-05
-0.000416248
7.53529e-05
-0.000420223
6.5449e-05
-0.000423667
5.51665e-05
-0.000426572
4.4532e-05
-0.000428934
3.35728e-05
-0.000430748
2.23169e-05
-0.000432008
1.07932e-05
-0.00043271
-9.70277e-07
-0.00043285
-1.29408e-05
-0.00043242
-2.50949e-05
-0.000431411
-3.73962e-05
-0.000429814
-4.98053e-05
-0.000427615
-6.22798e-05
-0.000424799
-7.47741e-05
-0.000421351
-8.7239e-05
-0.000417252
-9.96209e-05
-0.000412481
-0.000111861
-0.000407016
-0.000123896
-0.000400835
-0.000135655
-0.000393912
-0.000147061
-0.000386225
-0.00015803
-0.00037775
-0.00016847
-0.000368465
-0.000178281
-0.000358352
-0.000187357
-0.000347396
-0.000195584
-0.000335588
-0.00020284
-0.000322928
-0.000209
-0.000309422
-0.000213936
-0.00029509
-0.000217517
-0.000279966
-0.000219615
-0.000264097
-0.000220109
-0.00024755
-0.000218885
-0.00023041
-0.00021585
-0.000212786
-0.000210928
-0.000194807
-0.000204077
-0.000176626
-0.000195289
-0.000158418
-0.000184602
-0.000140377
-0.000172106
-0.000122717
-0.000157953
-0.000105657
-0.000142357
-8.94215e-05
-0.000125598
-7.42271e-05
-0.000108022
-6.027e-05
-9.003e-05
-4.77146e-05
-7.20664e-05
-3.66821e-05
-5.46008e-05
-2.72408e-05
-3.81056e-05
-1.94012e-05
-2.30341e-05
-1.31145e-05
-9.80255e-06
-8.29913e-06
1.22105e-06
-4.8172e-06
9.67959e-06
-2.46445e-06
1.53149e-05
-1.02768e-06
1.79332e-05
-2.86455e-07
1.73371e-05
-1.80105e-08
1.33292e-05
5.71569e-06
-1.02006e-06
4.18366e-06
-3.74677e-06
1.28849e-05
-7.88021e-06
2.15596e-05
-1.31643e-05
3.00742e-05
-1.93923e-05
3.83867e-05
-2.64055e-05
4.65117e-05
-3.40872e-05
5.44921e-05
-4.23544e-05
6.2376e-05
-5.11488e-05
7.02011e-05
-6.04288e-05
7.79886e-05
-7.01623e-05
8.57412e-05
-8.03219e-05
9.34445e-05
-9.0881e-05
0.00010107
-0.000101811
0.00010858
-0.000113081
0.000115928
-0.000124656
0.000123063
-0.000136497
0.000129935
-0.000148563
0.000136489
-0.000160809
0.000142672
-0.000173191
0.000148435
-0.000185661
0.000153729
-0.000198172
0.000158508
-0.000210677
0.000162732
-0.000223132
0.000166364
-0.000235492
0.000169372
-0.000247716
0.00017173
-0.000259764
0.000173416
-0.000271601
0.000174414
-0.000283193
0.000174713
-0.000294509
0.000174307
-0.00030552
0.000173192
-0.000316202
0.000171373
-0.000326531
0.000168855
-0.000336487
0.000165647
-0.000346051
0.000161763
-0.000355208
0.000157216
-0.000363941
0.000152025
-0.000372239
0.000146208
-0.000380088
0.000139786
-0.000387479
0.00013278
-0.000394402
0.000125214
-0.00040085
0.000117111
-0.000406813
0.000108496
-0.000412287
9.93938e-05
-0.000417265
8.98299e-05
-0.000421743
7.98304e-05
-0.000425715
6.94215e-05
-0.000429179
5.863e-05
-0.00043213
4.74829e-05
-0.000434565
3.60078e-05
-0.00043648
2.42327e-05
-0.000437874
1.21869e-05
-0.000438741
-1.03964e-07
-0.00043908
-1.26013e-05
-0.000438886
-2.52895e-05
-0.00043815
-3.8132e-05
-0.000436863
-5.10922e-05
-0.000435012
-6.41303e-05
-0.000432583
-7.72033e-05
-0.000429558
-9.02645e-05
-0.000425915
-0.000103263
-0.000421633
-0.000116143
-0.000416686
-0.000128843
-0.000411047
-0.000141295
-0.000404687
-0.000153422
-0.000397575
-0.000165142
-0.000389682
-0.000176363
-0.000380978
-0.000186985
-0.000371435
-0.0001969
-0.00036103
-0.000205989
-0.000349743
-0.000214127
-0.000337561
-0.000221182
-0.00032448
-0.000227017
-0.000310506
-0.00023149
-0.00029566
-0.000234461
-0.000279977
-0.000235792
-0.00026351
-0.000235352
-0.000246334
-0.000233026
-0.000228546
-0.000228717
-0.000210267
-0.000222356
-0.000191644
-0.000213912
-0.00017285
-0.000203396
-0.000154082
-0.000190875
-0.000135558
-0.000176477
-0.000117513
-0.000160402
-0.00010019
-0.000142921
-8.38297e-05
-0.000124382
-6.86598e-05
-0.0001052
-5.48792e-05
-8.5847e-05
-4.26452e-05
-6.68348e-05
-3.20614e-05
-4.86893e-05
-2.31695e-05
-3.1926e-05
-1.59471e-05
-1.7025e-05
-1.03116e-05
-4.41448e-06
-6.15303e-06
5.52107e-06
-3.27498e-06
1.24369e-05
-1.45522e-06
1.61134e-05
-4.6131e-07
1.63432e-05
-5.59381e-08
1.29238e-05
5.65975e-06
-1.12271e-06
5.30637e-06
-4.09999e-06
1.58621e-05
-8.58471e-06
2.60443e-05
-1.42834e-05
3.57729e-05
-2.09614e-05
4.50646e-05
-2.84398e-05
5.39901e-05
-3.6588e-05
6.26404e-05
-4.53134e-05
7.11013e-05
-5.4551e-05
7.94386e-05
-6.4254e-05
8.76916e-05
-7.43868e-05
9.5874e-05
-8.49188e-05
0.000103976
-9.58206e-05
0.000111972
-0.000107061
0.000119821
-0.000118608
0.000127474
-0.000130425
0.00013488
-0.000142471
0.000141981
-0.000154706
0.000148723
-0.000167085
0.000155052
-0.000179564
0.000160914
-0.000192095
0.000166261
-0.000204635
0.000171048
-0.000217139
0.000175236
-0.000229563
0.000178788
-0.000241867
0.000181676
-0.000254012
0.000183875
-0.000265961
0.000185366
-0.000277682
0.000186135
-0.000289143
0.000186174
-0.000300317
0.00018548
-0.000311177
0.000184053
-0.000321701
0.000181897
-0.000331867
0.000179022
-0.000341659
0.000175439
-0.000351057
0.000171162
-0.000360049
0.000166208
-0.000368621
0.000160596
-0.00037676
0.000154348
-0.000384458
0.000147483
-0.000391705
0.000140027
-0.000398493
0.000132002
-0.000404816
0.000123434
-0.000410669
0.000114349
-0.000416047
0.000104772
-0.000420947
9.47299e-05
-0.000425367
8.42496e-05
-0.000429303
7.33578e-05
-0.000432755
6.20819e-05
-0.000435721
5.04493e-05
-0.000438201
3.84877e-05
-0.000440194
2.62252e-05
-0.000441697
1.36903e-05
-0.000442712
9.10562e-07
-0.000443232
-1.20806e-05
-0.000443259
-2.52624e-05
-0.000442786
-3.8605e-05
-0.000441804
-5.20746e-05
-0.0004403
-6.56341e-05
-0.00043826
-7.92436e-05
-0.000435664
-9.28599e-05
-0.000432492
-0.000106435
-0.000428718
-0.000119917
-0.000424314
-0.000133247
-0.000419249
-0.00014636
-0.000413489
-0.000159182
-0.000406999
-0.000171632
-0.000399742
-0.00018362
-0.000391681
-0.000195046
-0.000382781
-0.0002058
-0.000373006
-0.000215763
-0.000362328
-0.000224805
-0.000350722
-0.000232789
-0.00033817
-0.000239568
-0.000324667
-0.000244993
-0.000310219
-0.000248909
-0.000294848
-0.000251164
-0.000278592
-0.000251608
-0.000261513
-0.000250105
-0.000243695
-0.000246534
-0.00022525
-0.000240802
-0.000206315
-0.000232847
-0.000187058
-0.000222653
-0.000167675
-0.000210257
-0.000148389
-0.000195763
-0.000129443
-0.000179347
-0.000111098
-0.000161267
-9.36176e-05
-0.000141862
-7.72596e-05
-0.000121558
-6.22585e-05
-0.000100848
-4.88106e-05
-8.02827e-05
-3.70587e-05
-6.04412e-05
-2.70809e-05
-4.19038e-05
-1.88843e-05
-2.52216e-05
-1.24057e-05
-1.08932e-05
-7.5357e-06
6.51109e-07
-4.10965e-06
9.01084e-06
-1.89201e-06
1.38958e-05
-6.37851e-07
1.5089e-05
-9.35379e-08
1.23795e-05
5.56621e-06
-1.21874e-06
6.52511e-06
-4.42924e-06
1.90726e-05
-9.23928e-06
3.08544e-05
-1.53199e-05
4.18535e-05
-2.24098e-05
5.21546e-05
-3.03114e-05
6.18917e-05
-3.88809e-05
7.12098e-05
-4.80164e-05
8.02368e-05
-5.76465e-05
8.90688e-05
-6.77201e-05
9.77653e-05
-7.81979e-05
0.000106352
-8.90464e-05
0.000114825
-0.000100234
0.000123159
-0.000111728
0.000131314
-0.000123493
0.00013924
-0.000135493
0.00014688
-0.000147687
0.000154176
-0.000160034
0.00016107
-0.000172491
0.000167508
-0.000185012
0.000173435
-0.000197554
0.000178803
-0.000210074
0.000183568
-0.000222529
0.000187691
-0.000234879
0.000191138
-0.000247085
0.000193883
-0.000259112
0.000195902
-0.000270925
0.000197179
-0.000282494
0.000197704
-0.000293791
0.000197471
-0.000304789
0.000196478
-0.000315466
0.000194729
-0.0003258
0.000192231
-0.000335772
0.000188994
-0.000345366
0.000185032
-0.000354566
0.000180362
-0.00036336
0.000175002
-0.000371735
0.000168972
-0.000379682
0.000162294
-0.000387192
0.000154993
-0.000394258
0.000147092
-0.000400874
0.000138618
-0.000407036
0.000129596
-0.000412741
0.000120054
-0.000417986
0.000110018
-0.000422771
9.95153e-05
-0.000427097
8.85747e-05
-0.000430962
7.72234e-05
-0.00043437
6.54893e-05
-0.00043732
5.34e-05
-0.000439816
4.09833e-05
-0.000441858
2.82671e-05
-0.000443447
1.52796e-05
-0.000444585
2.04842e-06
-0.00044527
-1.13952e-05
-0.000445504
-2.50291e-05
-0.00044528
-3.88283e-05
-0.000444593
-5.27622e-05
-0.00044343
-6.67973e-05
-0.000441776
-8.08974e-05
-0.000439613
-9.5023e-05
-0.000436918
-0.00010913
-0.000433664
-0.000123171
-0.000429821
-0.00013709
-0.000425354
-0.000150826
-0.000420226
-0.00016431
-0.000414397
-0.000177461
-0.000407823
-0.000190194
-0.000400461
-0.000202408
-0.000392266
-0.000213995
-0.000383196
-0.000224834
-0.000373209
-0.000234792
-0.000362269
-0.000243728
-0.000350349
-0.000251489
-0.000337426
-0.000257915
-0.000323494
-0.000262841
-0.000308559
-0.000266098
-0.000292646
-0.000267521
-0.000275801
-0.00026695
-0.000258094
-0.000264241
-0.000239623
-0.000259273
-0.000220515
-0.000251954
-0.000200931
-0.000242237
-0.00018106
-0.000230128
-0.000161127
-0.000215696
-0.000141383
-0.000199092
-0.000122099
-0.00018055
-0.000103562
-0.000160399
-8.60581e-05
-0.000139062
-6.98564e-05
-0.00011705
-5.51941e-05
-9.4945e-05
-4.22566e-05
-7.33787e-05
-3.11633e-05
-5.29971e-05
-2.19573e-05
-3.44276e-05
-1.4604e-05
-1.82465e-05
-8.99487e-06
-4.958e-06
-4.98736e-06
5.00333e-06
-2.34946e-06
1.12579e-05
-8.21957e-07
1.35615e-05
-1.32539e-07
1.16901e-05
5.43367e-06
-1.30651e-06
7.83162e-06
-4.72926e-06
2.24954e-05
-9.83419e-06
3.59593e-05
-1.62594e-05
4.82787e-05
-2.37191e-05
5.96143e-05
-3.1998e-05
7.01706e-05
-4.094e-05
8.01519e-05
-5.04349e-05
8.97317e-05
-6.04053e-05
9.90392e-05
-7.07957e-05
0.000108156
-8.15633e-05
0.000117119
-9.26723e-05
0.000125934
-0.000104089
0.000134576
-0.000115779
0.000143004
-0.000127706
0.000151167
-0.000139834
0.000159007
-0.000152121
0.000166463
-0.000164526
0.000173476
-0.000177008
0.000179989
-0.000189522
0.000185949
-0.000202027
0.000191308
-0.000214481
0.000196022
-0.000226845
0.000200054
-0.000239079
0.000203373
-0.000251149
0.000205952
-0.00026302
0.000207773
-0.000274662
0.000208821
-0.000286045
0.000209088
-0.000297144
0.00020857
-0.000307935
0.000207269
-0.000318396
0.00020519
-0.000328508
0.000202343
-0.000338253
0.00019874
-0.000347617
0.000194396
-0.000356585
0.00018933
-0.000365146
0.000183563
-0.00037329
0.000177115
-0.000381008
0.000170012
-0.000388293
0.000162279
-0.000395141
0.00015394
-0.000401548
0.000145025
-0.000407511
0.00013556
-0.00041303
0.000125573
-0.000418106
0.000115094
-0.000422741
0.00010415
-0.000426937
9.27707e-05
-0.000430698
8.09844e-05
-0.000434028
6.88194e-05
-0.000436932
5.63037e-05
-0.000439414
4.3465e-05
-0.000441478
3.0331e-05
-0.000443127
1.69291e-05
-0.000444366
3.28694e-06
-0.000445195
-1.05662e-05
-0.000445616
-2.46081e-05
-0.000445626
-3.88179e-05
-0.00044522
-5.31686e-05
-0.000444386
-6.76306e-05
-0.000443112
-8.21719e-05
-0.000441378
-9.67573e-05
-0.00043916
-0.000111348
-0.000436432
-0.000125899
-0.000433161
-0.000140362
-0.000429309
-0.000154678
-0.000424837
-0.000168782
-0.000419698
-0.0001826
-0.000413846
-0.000196046
-0.000407229
-0.000209025
-0.000399795
-0.000221429
-0.000391493
-0.000233136
-0.000382272
-0.000244013
-0.000372084
-0.000253916
-0.000360888
-0.000262685
-0.00034865
-0.000270153
-0.000335348
-0.000276144
-0.000320972
-0.000280474
-0.000305532
-0.000282961
-0.000289058
-0.000283424
-0.000271604
-0.000281696
-0.000253252
-0.000277625
-0.000234118
-0.000271089
-0.000214349
-0.000262006
-0.000194129
-0.000250347
-0.00017368
-0.000236146
-0.000153253
-0.000219519
-0.000133133
-0.000200671
-0.000113621
-0.000179911
-9.50298e-05
-0.000157653
-7.76637e-05
-0.000134416
-6.18002e-05
-0.000110809
-4.767e-05
-8.75088e-05
-3.54379e-05
-6.52292e-05
-2.51886e-05
-4.46769e-05
-1.69202e-05
-2.65149e-05
-1.05465e-05
-1.13316e-05
-5.9211e-06
3.77888e-07
-2.83758e-06
8.17434e-06
-1.01895e-06
1.17429e-05
-1.74547e-07
1.08457e-05
5.25912e-06
-1.3845e-06
9.21612e-06
-4.99537e-06
2.61063e-05
-1.03609e-05
4.13248e-05
-1.70894e-05
5.50073e-05
-2.4873e-05
6.73978e-05
-3.34803e-05
7.8778e-05
-4.27441e-05
8.94156e-05
-5.25459e-05
9.95336e-05
-6.2803e-05
0.000109296
-7.34556e-05
0.000118808
-8.44581e-05
0.000128122
-9.57722e-05
0.000137248
-0.000107362
0.000146166
-0.000119193
0.000154835
-0.000131228
0.000163203
-0.00014343
0.000171208
-0.000155758
0.000178791
-0.000168171
0.000185889
-0.000180629
0.000192447
-0.00019309
0.00019841
-0.000205513
0.000203731
-0.00021786
0.000208369
-0.000230091
0.000212286
-0.000242172
0.000215454
-0.000254069
0.000217849
-0.00026575
0.000219454
-0.000277186
0.000220257
-0.000288351
0.000220253
-0.000299221
0.000219439
-0.000309772
0.00021782
-0.000319985
0.000215404
-0.000329843
0.000212201
-0.000339329
0.000208226
-0.000348429
0.000203496
-0.000357132
0.000198033
-0.000365426
0.000191857
-0.000373303
0.000184993
-0.000380756
0.000177466
-0.000387782
0.000169304
-0.000394376
0.000160534
-0.000400537
0.000151186
-0.000406266
0.000141288
-0.000411564
0.000130872
-0.000416436
0.000119965
-0.000420886
0.0001086
-0.000424919
9.68042e-05
-0.000428543
8.46084e-05
-0.000431765
7.20411e-05
-0.000434592
5.91305e-05
-0.000437031
4.59043e-05
-0.00043909
3.23897e-05
-0.000440774
1.86134e-05
-0.000442089
4.60215e-06
-0.000443039
-9.61638e-06
-0.000443627
-2.40205e-05
-0.000443851
-3.85931e-05
-0.000443709
-5.3311e-05
-0.000443191
-6.81489e-05
-0.000442283
-8.30795e-05
-0.000440968
-9.80723e-05
-0.000439222
-0.000113093
-0.000437018
-0.000128104
-0.000434321
-0.000143059
-0.000431093
-0.000157906
-0.00042729
-0.000172585
-0.000422864
-0.000187027
-0.000417761
-0.000201149
-0.000411925
-0.000214861
-0.000405298
-0.000228056
-0.000397819
-0.000240615
-0.000389428
-0.000252405
-0.000380066
-0.000263277
-0.000369681
-0.000273071
-0.000358224
-0.00028161
-0.000345658
-0.000288709
-0.000331959
-0.000294173
-0.000317118
-0.000297801
-0.000301149
-0.000299393
-0.000284089
-0.000298756
-0.000266004
-0.00029571
-0.000246992
-0.0002901
-0.000227189
-0.000281809
-0.000206768
-0.000270768
-0.000185943
-0.000256972
-0.000164965
-0.000240496
-0.000144123
-0.000221512
-0.000123735
-0.000200299
-0.000104134
-0.000177254
-8.56564e-05
-0.000152893
-6.86204e-05
-0.000127845
-5.33029e-05
-0.000102826
-3.99179e-05
-7.86142e-05
-2.85967e-05
-5.5998e-05
-1.93774e-05
-3.57342e-05
-1.22036e-05
-1.85055e-05
-6.93043e-06
-4.89524e-06
-3.36748e-06
4.61139e-06
-1.23429e-06
9.6097e-06
-2.21223e-07
9.83261e-06
5.0379e-06
-1.45142e-06
1.06675e-05
-5.22353e-06
2.98784e-05
-1.08121e-05
4.69133e-05
-1.77996e-05
6.19948e-05
-2.58584e-05
7.54567e-05
-3.47431e-05
8.76626e-05
-4.42759e-05
9.89483e-05
-5.43312e-05
0.000109589
-6.48209e-05
0.000119786
-7.56814e-05
0.000129669
-8.68642e-05
0.000139305
-9.8329e-05
0.000148713
-0.000110039
0.000157876
-0.000121958
0.000166754
-0.000134048
0.000175293
-0.000146272
0.000183433
-0.000158592
0.00019111
-0.000170966
0.000198263
-0.000183354
0.000204836
-0.000195718
0.000210774
-0.000208019
0.000216032
-0.000220218
0.000220568
-0.00023228
0.000224348
-0.000244172
0.000227346
-0.000255862
0.000229539
-0.00026732
0.000230912
-0.000278519
0.000231456
-0.000289434
0.000231168
-0.000300042
0.000230048
-0.000310324
0.000228101
-0.000320259
0.000225339
-0.000329831
0.000221773
-0.000339026
0.000217421
-0.000347831
0.000212301
-0.000356235
0.000206437
-0.000364229
0.000199851
-0.000371807
0.00019257
-0.000378963
0.000184622
-0.000385695
0.000176036
-0.000392001
0.000166841
-0.000397884
0.000157069
-0.000403345
0.00014675
-0.000408391
0.000135917
-0.000413026
0.000124601
-0.00041726
0.000112833
-0.0004211
0.000100645
-0.000424558
8.80658e-05
-0.000427642
7.51255e-05
-0.000430364
6.18525e-05
-0.000432734
4.82741e-05
-0.000434761
3.4417e-05
-0.000436455
2.03069e-05
-0.000437822
5.96953e-06
-0.000438869
-8.56938e-06
-0.000439601
-2.32891e-05
-0.000440018
-3.81756e-05
-0.000440119
-5.321e-05
-0.000439896
-6.83715e-05
-0.000439338
-8.36376e-05
-0.000438427
-9.89832e-05
-0.000437141
-0.00011438
-0.000435451
-0.000129794
-0.000433323
-0.000145186
-0.000430718
-0.000160511
-0.000427589
-0.000175714
-0.000423884
-0.000190731
-0.000419549
-0.000205485
-0.00041452
-0.00021989
-0.000408733
-0.000233843
-0.000402121
-0.000247227
-0.000394613
-0.000259912
-0.000386143
-0.000271748
-0.000376643
-0.000282571
-0.000366053
-0.0002922
-0.000354322
-0.000300441
-0.000341408
-0.000307087
-0.000327286
-0.000311923
-0.000311952
-0.000314727
-0.000295425
-0.000315283
-0.000277751
-0.000313383
-0.000259013
-0.000308838
-0.000239329
-0.000301493
-0.000218859
-0.000291238
-0.000197806
-0.000278024
-0.000176419
-0.000261884
-0.000154986
-0.000242945
-0.000133834
-0.000221451
-0.000113316
-0.000197772
-9.37965e-05
-0.000172413
-7.56324e-05
-0.000146009
-5.9147e-05
-0.000119312
-4.46056e-05
-9.31557e-05
-3.21909e-05
-6.84127e-05
-2.19866e-05
-4.59384e-05
-1.39711e-05
-2.6521e-05
-8.02262e-06
-1.08438e-05
-3.94435e-06
5.33115e-07
-1.47148e-06
7.13682e-06
-2.73614e-07
8.63475e-06
4.76429e-06
-1.50617e-06
1.21737e-05
-5.41041e-06
3.37826e-05
-1.11818e-05
5.26847e-05
-1.83814e-05
6.91943e-05
-2.6665e-05
8.37403e-05
-3.57744e-05
9.67721e-05
-4.55227e-05
0.000108697
-5.57776e-05
0.000119844
-6.64458e-05
0.000130454
-7.74602e-05
0.000140683
-8.87699e-05
0.000150615
-0.000100333
0.000160275
-0.00011211
0.000169653
-0.000124065
0.000178709
-0.000136161
0.000187389
-0.000148361
0.000195632
-0.000160625
0.000203374
-0.000172915
0.000210553
-0.000185192
0.000217113
-0.000197418
0.000223001
-0.000209557
0.00022817
-0.000221573
0.000232583
-0.000233431
0.000236207
-0.0002451
0.000239015
-0.000256551
0.000240989
-0.000267755
0.000242116
-0.000278686
0.000242388
-0.000289322
0.000241803
-0.00029964
0.000240366
-0.000309622
0.000238083
-0.000319249
0.000234966
-0.000328507
0.000231031
-0.000337381
0.000226295
-0.000345861
0.000220781
-0.000353937
0.000214512
-0.000361601
0.000207515
-0.000368849
0.000199818
-0.000375678
0.000191451
-0.000382086
0.000182444
-0.000388076
0.000172831
-0.00039365
0.000162643
-0.000398816
0.000151916
-0.00040358
0.000140681
-0.000407952
0.000128973
-0.000411942
0.000116824
-0.000415563
0.000104266
-0.000418828
9.13305e-05
-0.00042175
7.80471e-05
-0.000424342
6.44444e-05
-0.000426617
5.05494e-05
-0.000428588
3.63881e-05
-0.000430266
2.19852e-05
-0.000431662
7.36483e-06
-0.000432782
-7.44934e-06
-0.000433633
-2.24376e-05
-0.00043422
-3.75891e-05
-0.000434541
-5.28889e-05
-0.000434591
-6.83212e-05
-0.000434361
-8.38684e-05
-0.000433833
-9.95109e-05
-0.000432987
-0.000115226
-0.000431794
-0.000130986
-0.000430222
-0.000146759
-0.000428228
-0.000162505
-0.000425767
-0.000178175
-0.000422786
-0.000193712
-0.000419223
-0.000209047
-0.000415015
-0.000224098
-0.000410091
-0.000238767
-0.000404376
-0.000252942
-0.000397794
-0.000266494
-0.000390265
-0.000279276
-0.000381714
-0.000291122
-0.000372067
-0.000301847
-0.000361257
-0.000311251
-0.000349227
-0.000319117
-0.000335936
-0.000325214
-0.000321359
-0.000329304
-0.000305496
-0.000331146
-0.000288376
-0.000330503
-0.00027006
-0.000327155
-0.000250648
-0.000320905
-0.000230284
-0.000311602
-0.000209158
-0.00029915
-0.00018751
-0.000283533
-0.000165625
-0.00026483
-0.000143836
-0.000243241
-0.000122508
-0.000219099
-0.000102033
-0.000192888
-8.2801e-05
-0.000165241
-6.51817e-05
-0.000136931
-4.94927e-05
-0.000108845
-3.5972e-05
-8.19334e-05
-2.47549e-05
-5.71555e-05
-1.58619e-05
-3.54139e-05
-9.20066e-06
-1.7505e-05
-4.57674e-06
-4.0908e-06
-1.73449e-06
4.29457e-06
-3.32976e-07
7.23324e-06
4.43131e-06
-1.54791e-06
1.37216e-05
-5.55346e-06
3.77882e-05
-1.14656e-05
5.85969e-05
-1.88287e-05
7.65574e-05
-2.7285e-05
9.21966e-05
-3.65657e-05
0.000106053
-4.64755e-05
0.000118607
-5.68761e-05
0.000130244
-6.76694e-05
0.000141247
-7.8785e-05
0.000151799
-9.01694e-05
0.000161999
-0.000101779
0.000171885
-0.000113573
0.000181448
-0.000125517
0.000190653
-0.000137571
0.000199444
-0.0001497
0.000207761
-0.000161865
0.000215539
-0.000174029
0.000222718
-0.000186155
0.000229239
-0.000198207
0.000235052
-0.000210148
0.000240112
-0.000221946
0.000244381
-0.000233568
0.000247829
-0.000244983
0.000250431
-0.000256165
0.00025217
-0.000267085
0.000253036
-0.000277721
0.000253023
-0.00028805
0.000252132
-0.000298051
0.000250367
-0.000307706
0.000247738
-0.000316998
0.000244259
-0.000325915
0.000239947
-0.000334442
0.000234822
-0.00034257
0.000228909
-0.000350291
0.000222233
-0.000357599
0.000214823
-0.000364491
0.00020671
-0.000370966
0.000197926
-0.000377026
0.000188504
-0.000382674
0.000178479
-0.000387917
0.000167886
-0.000392763
0.000156762
-0.000397223
0.000145141
-0.000401308
0.000133058
-0.000405033
0.000120549
-0.000408413
0.000107646
-0.000411464
9.43809e-05
-0.000414201
8.07843e-05
-0.000416641
6.68845e-05
-0.0004188
5.27085e-05
-0.000420693
3.8281e-05
-0.000422333
2.36256e-05
-0.000423733
8.76479e-06
-0.000424903
-6.2801e-06
-0.00042585
-2.14906e-05
-0.00042658
-3.68586e-05
-0.000427096
-5.23734e-05
-0.000427393
-6.80239e-05
-0.000427463
-8.37979e-05
-0.000427293
-9.96813e-05
-0.000426861
-0.000115657
-0.000426142
-0.000131705
-0.000425103
-0.000147799
-0.000423702
-0.000163905
-0.000421894
-0.000179983
-0.000419624
-0.000195983
-0.000416829
-0.000211842
-0.000413443
-0.000227484
-0.00040939
-0.00024282
-0.000404591
-0.000257741
-0.000398961
-0.000272124
-0.000392414
-0.000285823
-0.000384861
-0.000298674
-0.000376218
-0.00031049
-0.000366404
-0.000321066
-0.000355346
-0.000330175
-0.000342984
-0.000337575
-0.000329277
-0.000343012
-0.000314203
-0.00034622
-0.000297771
-0.000346936
-0.00028002
-0.000344905
-0.000261031
-0.000339894
-0.000240929
-0.000331704
-0.000219887
-0.000320192
-0.000198132
-0.000305288
-0.000175943
-0.000287019
-0.000153652
-0.000265532
-0.000131636
-0.000241116
-0.000110304
-0.00021422
-9.00797e-05
-0.000185465
-7.13752e-05
-0.000155635
-5.45608e-05
-0.000125659
-3.99321e-05
-9.65621e-05
-2.76812e-05
-6.94065e-05
-1.78776e-05
-4.52175e-05
-1.04641e-05
-2.49186e-05
-5.26656e-06
-9.28835e-06
-2.02428e-06
1.05229e-06
-3.99658e-07
5.60861e-06
4.03165e-06
-1.57603e-06
1.52977e-05
-5.65087e-06
4.1863e-05
-1.16604e-05
6.46064e-05
-1.91373e-05
8.40343e-05
-2.77135e-05
0.000100773
-3.71116e-05
0.000115451
-4.71293e-05
0.000128624
-5.76223e-05
0.000140737
-6.84883e-05
0.000152113
-7.96535e-05
0.000162964
-9.10621e-05
0.000173408
-0.000102669
0.000183491
-0.000114433
0.000193213
-0.000126318
0.000202537
-0.000138286
0.000211412
-0.000150302
0.000219776
-0.000162327
0.000227565
-0.000174327
0.000234717
-0.000186265
0.000241177
-0.000198106
0.000246893
-0.000209817
0.000251823
-0.000221365
0.000255929
-0.000232721
0.000259184
-0.000243854
0.000261564
-0.000254739
0.000263055
-0.00026535
0.000263647
-0.000275664
0.000263338
-0.00028566
0.000262128
-0.000295319
0.000260026
-0.000304623
0.000257042
-0.000313557
0.000253193
-0.000322108
0.000248498
-0.000330264
0.000242979
-0.000338018
0.000236662
-0.000345362
0.000229577
-0.000352292
0.000221754
-0.000358807
0.000213225
-0.000364908
0.000204027
-0.0003706
0.000194195
-0.000375887
0.000183766
-0.00038078
0.000172779
-0.000385288
0.00016127
-0.000389426
0.000149279
-0.000393209
0.000136841
-0.000396652
0.000123992
-0.000399774
0.000110768
-0.000402594
9.72004e-05
-0.00040513
8.33201e-05
-0.000407401
6.91555e-05
-0.000409425
5.4733e-05
-0.000411221
4.00765e-05
-0.000412803
2.52079e-05
-0.000414186
1.01479e-05
-0.000415382
-5.08456e-06
-0.0004164
-2.04724e-05
-0.000417248
-3.601e-05
-0.000417931
-5.16908e-05
-0.000418447
-6.75085e-05
-0.000418788
-8.3456e-05
-0.000418944
-9.95252e-05
-0.000418897
-0.000115705
-0.00041862
-0.000131981
-0.000418084
-0.000148335
-0.000417248
-0.000164741
-0.000416067
-0.000181164
-0.000414486
-0.000197564
-0.000412443
-0.000213885
-0.000409867
-0.00023006
-0.000406682
-0.000246005
-0.000402802
-0.000261621
-0.000398138
-0.000276788
-0.000392595
-0.000291366
-0.000386076
-0.000305193
-0.000378485
-0.000318082
-0.000369727
-0.000329824
-0.000359714
-0.000340188
-0.00034837
-0.00034892
-0.000335633
-0.000355749
-0.000321462
-0.000360391
-0.000305844
-0.000362555
-0.000288795
-0.000361953
-0.000270376
-0.000358313
-0.000250687
-0.000351392
-0.000229885
-0.000340994
-0.00020818
-0.000326994
-0.000185839
-0.000309359
-0.000163191
-0.00028818
-0.000140617
-0.00026369
-0.00011854
-0.000236297
-9.74129e-05
-0.000206593
-7.76864e-05
-0.000175362
-5.97824e-05
-0.000143563
-4.40556e-05
-0.000112289
-3.07589e-05
-8.27032e-05
-2.00175e-05
-5.59589e-05
-1.18174e-05
-3.31187e-05
-6.01191e-06
-1.50938e-05
-2.34222e-06
-2.6174e-06
-4.74101e-07
3.7405e-06
3.55755e-06
-1.59017e-06
1.68878e-05
-5.70157e-06
4.59744e-05
-1.17644e-05
7.06693e-05
-1.93048e-05
9.15747e-05
-2.79481e-05
0.000109416
-3.74102e-05
0.000124913
-4.74825e-05
0.000138697
-5.80156e-05
0.00015127
-6.89031e-05
0.000163001
-8.0068e-05
0.000174129
-9.14523e-05
0.000184792
-0.000103009
0.000195048
-0.000114698
0.000204901
-0.00012648
0.00021432
-0.00013832
0.000223252
-0.000150182
0.000231638
-0.00016203
0.000239413
-0.000173829
0.000246516
-0.000185544
0.000252892
-0.000197143
0.000258492
-0.000208593
0.000263273
-0.000219863
0.000267199
-0.000230924
0.000270245
-0.000241749
0.000272389
-0.000252312
0.000273618
-0.000262589
0.000273924
-0.000272559
0.000273307
-0.0002822
0.000271769
-0.000291495
0.000269321
-0.000300427
0.000265974
-0.000308982
0.000261748
-0.000317148
0.000256664
-0.000324915
0.000250746
-0.000332275
0.000244023
-0.000339224
0.000236526
-0.00034576
0.000228289
-0.000351883
0.000219348
-0.000357596
0.00020974
-0.000362905
0.000199504
-0.000367819
0.00018868
-0.000372349
0.000177309
-0.000376508
0.00016543
-0.000380314
0.000153084
-0.000383783
0.000140309
-0.000386934
0.000127143
-0.000389787
0.000113622
-0.000392365
9.9778e-05
-0.000394688
8.56428e-05
-0.000396777
7.12446e-05
-0.000398653
5.66091e-05
-0.000400335
4.1759e-05
-0.000401842
2.67148e-05
-0.000403189
1.14949e-05
-0.00040439
-3.88399e-06
-0.000405456
-1.94064e-05
-0.000406397
-3.5069e-05
-0.000407219
-5.08691e-05
-0.000407922
-6.68052e-05
-0.000408502
-8.28754e-05
-0.000408951
-9.90769e-05
-0.000409251
-0.000115405
-0.00040938
-0.000131852
-0.00040931
-0.000148406
-0.000409002
-0.000165048
-0.000408413
-0.000181753
-0.000407489
-0.000198488
-0.000406168
-0.000215206
-0.000404379
-0.000231848
-0.000402044
-0.000248341
-0.000399073
-0.000264591
-0.000395374
-0.000280488
-0.000390845
-0.000295896
-0.00038538
-0.000310657
-0.000378873
-0.000324589
-0.000371216
-0.000337481
-0.000362308
-0.000349096
-0.000352054
-0.000359173
-0.000340375
-0.000367428
-0.000327209
-0.000373557
-0.000312519
-0.000377245
-0.0002963
-0.000378172
-0.000278588
-0.000376026
-0.000259461
-0.000370519
-0.000239052
-0.000361403
-0.000217552
-0.000348494
-0.000195215
-0.000331696
-0.000172359
-0.000311035
-0.000149365
-0.000286684
-0.000126667
-0.000258995
-0.000104738
-0.000228521
-8.40668e-05
-0.000196034
-6.51225e-05
-0.000162507
-4.83196e-05
-0.000129092
-3.39752e-05
-9.70476e-05
-2.22758e-05
-6.76583e-05
-1.32584e-05
-4.21362e-05
-6.81048e-06
-2.15417e-05
-2.6887e-06
-6.73917e-06
-5.56544e-07
1.60834e-06
3.00101e-06
-1.59019e-06
1.8478e-05
-5.70525e-06
5.00895e-05
-1.17771e-05
7.67411e-05
-1.9331e-05
9.91286e-05
-2.79888e-05
0.000118074
-3.74618e-05
0.000134386
-4.75365e-05
0.000148771
-5.80588e-05
0.000161793
-6.89182e-05
0.00017386
-8.00347e-05
0.000185246
-9.13481e-05
0.000196105
-0.00010281
0.00020651
-0.00011438
0.000216471
-0.000126019
0.000225959
-0.000137691
0.000234925
-0.000149362
0.000243309
-0.000160997
0.000251047
-0.000172561
0.000258081
-0.000184023
0.000264354
-0.00019535
0.000269819
-0.00020651
0.000274433
-0.000217476
0.000278165
-0.000228218
0.000280987
-0.000238711
0.000282882
-0.00024893
0.000283837
-0.000258852
0.000283847
-0.000268456
0.000282911
-0.000277723
0.000281036
-0.000286635
0.000278233
-0.000295178
0.000274517
-0.000303337
0.000269908
-0.000311103
0.000264429
-0.000318466
0.000258109
-0.00032542
0.000250977
-0.000331963
0.000243069
-0.000338093
0.00023442
-0.000343813
0.000225068
-0.000349129
0.000215056
-0.000354048
0.000204423
-0.000358582
0.000193214
-0.000362744
0.000181471
-0.00036655
0.000169236
-0.000370018
0.000156552
-0.000373169
0.00014346
-0.000376023
0.000129998
-0.000378604
0.000116203
-0.000380934
0.000102108
-0.000383037
8.77462e-05
-0.000384937
7.31442e-05
-0.000386655
5.83274e-05
-0.000388214
4.33175e-05
-0.000389632
2.81329e-05
-0.000390927
1.279e-05
-0.000392114
-2.69725e-06
-0.000393206
-1.83145e-05
-0.000394214
-3.40604e-05
-0.000395147
-4.99364e-05
-0.000396007
-6.59454e-05
-0.000396792
-8.20904e-05
-0.000397495
-9.8374e-05
-0.000398103
-0.000114797
-0.000398596
-0.000131359
-0.000398948
-0.000148053
-0.000399125
-0.000164871
-0.000399084
-0.000181794
-0.000398775
-0.000198797
-0.000398137
-0.000215845
-0.000397099
-0.000232886
-0.000395582
-0.000249857
-0.000393498
-0.000266676
-0.000390747
-0.000283238
-0.000387225
-0.000299418
-0.000382818
-0.000315064
-0.000377411
-0.000329996
-0.000370885
-0.000344006
-0.000363125
-0.000356856
-0.00035402
-0.000368278
-0.000343472
-0.000377976
-0.000331397
-0.000385631
-0.000317739
-0.000390903
-0.000302466
-0.000393444
-0.00028559
-0.000392903
-0.000267163
-0.000388945
-0.000247296
-0.000381271
-0.000226155
-0.000369634
-0.000203976
-0.000353875
-0.000181065
-0.000333947
-0.000157796
-0.000309953
-0.000134607
-0.000282183
-0.00011199
-0.000251139
-9.04622e-05
-0.000217561
-7.05402e-05
-0.000182429
-5.26959e-05
-0.000146936
-3.73126e-05
-0.000112431
-2.46434e-05
-8.03275e-05
-1.47833e-05
-5.19962e-05
-7.66259e-06
-2.86624e-05
-3.06213e-06
-1.13396e-05
-6.46464e-07
-8.07323e-07
2.35454e-06
-1.57621e-06
2.00542e-05
-5.66224e-06
5.41755e-05
-1.16993e-05
8.27782e-05
-1.9217e-05
0.000106646
-2.78376e-05
0.000126695
-3.72697e-05
0.000143818
-4.72959e-05
0.000158797
-5.77578e-05
0.000172255
-6.85413e-05
0.000184644
-7.95634e-05
0.000196268
-9.07616e-05
0.000207303
-0.000102087
0.000217835
-0.000113496
0.00022788
-0.000124953
0.000237415
-0.000136421
0.000246393
-0.000147866
0.000254754
-0.000159255
0.000262436
-0.000170554
0.000269381
-0.000181733
0.000275533
-0.00019276
0.000280846
-0.000203606
0.000285279
-0.000214243
0.000288802
-0.000224644
0.000291388
-0.000234784
0.000293022
-0.000244639
0.000293692
-0.000254188
0.000293395
-0.00026341
0.000292133
-0.000272287
0.000289913
-0.000280803
0.000286749
-0.000288942
0.000282657
-0.000296694
0.000277659
-0.000304048
0.000271783
-0.000310998
0.000265058
-0.000317537
0.000257517
-0.000323666
0.000249198
-0.000329386
0.000240139
-0.0003347
0.000230382
-0.000339616
0.000219972
-0.000344144
0.000208951
-0.000348298
0.000197368
-0.000352092
0.000185265
-0.000355546
0.00017269
-0.000358679
0.000159686
-0.000361514
0.000146295
-0.000364074
0.000132558
-0.000366383
0.000118512
-0.000368467
0.000104192
-0.00037035
8.96295e-05
-0.000372058
7.48521e-05
-0.000373614
5.98838e-05
-0.000375042
4.47451e-05
-0.000376362
2.94529e-05
-0.000377593
1.40208e-05
-0.00037875
-1.54013e-06
-0.000379848
-1.72161e-05
-0.000380901
-3.30075e-05
-0.000381918
-4.89197e-05
-0.000382903
-6.49602e-05
-0.000383857
-8.11362e-05
-0.000384776
-9.74554e-05
-0.000385649
-0.000113924
-0.00038646
-0.000130548
-0.000387186
-0.000147327
-0.000387797
-0.00016426
-0.000388254
-0.000181337
-0.000388509
-0.000198543
-0.000388503
-0.00021585
-0.000388169
-0.00023322
-0.000387429
-0.000250598
-0.000386192
-0.000267912
-0.00038436
-0.00028507
-0.000381823
-0.000301955
-0.000378463
-0.000318424
-0.000374156
-0.000334303
-0.000368774
-0.000349388
-0.000362188
-0.000363442
-0.000354274
-0.000376193
-0.000344913
-0.000387337
-0.000334004
-0.00039654
-0.000321464
-0.000403443
-0.000307242
-0.000407667
-0.000291318
-0.000408826
-0.000273723
-0.000406541
-0.000254537
-0.000400457
-0.000233903
-0.000390268
-0.000212035
-0.000375743
-0.000189221
-0.000356761
-0.000165824
-0.00033335
-0.000142283
-0.000305724
-0.000119099
-0.000274323
-9.68154e-05
-0.000239845
-7.59904e-05
-0.000203254
-5.71518e-05
-0.000165775
-4.07497e-05
-0.000128833
-2.71079e-05
-9.39693e-05
-1.63864e-05
-6.27177e-05
-8.56648e-06
-3.64824e-05
-3.46058e-06
-1.64455e-05
-7.43908e-07
-3.524e-06
1.61064e-06
-1.54853e-06
2.16028e-05
-5.57352e-06
5.82005e-05
-1.15328e-05
8.87375e-05
-1.89659e-05
0.000114079
-2.74986e-05
0.000135227
-3.68392e-05
0.000153159
-4.67675e-05
0.000168726
-5.71214e-05
0.000182608
-6.77831e-05
0.000195306
-7.86667e-05
0.000207151
-8.97077e-05
0.000218344
-0.000100855
0.000228983
-0.000112067
0.000239092
-0.000123305
0.000248653
-0.000134534
0.000257622
-0.000145721
0.000265941
-0.000156834
0.000273549
-0.00016784
0.000280387
-0.00017871
0.000286403
-0.000189413
0.000291549
-0.000199922
0.000295788
-0.000210209
0.000299089
-0.000220249
0.000301429
-0.000230018
0.000302791
-0.000239494
0.000303167
-0.000248654
0.000302555
-0.00025748
0.000300959
-0.000265955
0.000298388
-0.000274062
0.000294856
-0.00028179
0.000290384
-0.000289126
0.000284996
-0.000296063
0.00027872
-0.000302594
0.000271589
-0.000308716
0.00026364
-0.000314431
0.000254912
-0.00031974
0.000245448
-0.000324649
0.000235292
-0.000329169
0.000224491
-0.000333311
0.000213094
-0.000337091
0.000201147
-0.000340525
0.0001887
-0.000343635
0.000175799
-0.000346441
0.000162492
-0.000348969
0.000148822
-0.000351242
0.000134831
-0.000353287
0.000120557
-0.000355131
0.000106036
-0.000356799
9.12978e-05
-0.000358318
7.63711e-05
-0.000359713
6.12787e-05
-0.000361008
4.60398e-05
-0.000362225
3.06697e-05
-0.000363383
1.51792e-05
-0.000364499
-4.24539e-07
-0.000365587
-1.61275e-05
-0.000366664
-3.19305e-05
-0.00036774
-4.78443e-05
-0.00036882
-6.38796e-05
-0.000369909
-8.00479e-05
-0.000371003
-9.63609e-05
-0.000372097
-0.00011283
-0.000373178
-0.000129467
-0.000374226
-0.000146278
-0.000375216
-0.00016327
-0.000376112
-0.000180441
-0.000376872
-0.000197783
-0.000377441
-0.000215282
-0.000377754
-0.000232907
-0.000377735
-0.000250617
-0.000377296
-0.000268351
-0.000376339
-0.000286028
-0.00037475
-0.000303544
-0.00037241
-0.000320764
-0.000369187
-0.000337526
-0.000364945
-0.00035363
-0.000359544
-0.000368843
-0.000352844
-0.000382893
-0.000344711
-0.00039547
-0.000335023
-0.000406228
-0.000323677
-0.00041479
-0.000310593
-0.000420751
-0.000295727
-0.000423691
-0.000279082
-0.000423187
-0.000260708
-0.000418831
-0.000240723
-0.000410253
-0.000219314
-0.000397152
-0.000196747
-0.000379328
-0.000173372
-0.000356725
-0.000149619
-0.000329476
-0.000125996
-0.000297946
-0.000103067
-0.000262774
-8.14251e-05
-0.000224896
-6.16511e-05
-0.000185549
-4.42617e-05
-0.000146222
-2.96541e-05
-0.000108577
-1.80597e-05
-7.43121e-05
-9.51864e-06
-4.50235e-05
-3.88325e-06
-2.20809e-05
-8.48639e-07
-6.55861e-06
7.61997e-07
-1.50764e-06
2.31104e-05
-5.44062e-06
6.21335e-05
-1.12805e-05
9.45774e-05
-1.85818e-05
0.000121381
-2.69776e-05
0.000143623
-3.61779e-05
0.000162359
-4.59606e-05
0.000178508
-5.61606e-05
0.000192808
-6.66568e-05
0.000205802
-7.73602e-05
0.000217855
-8.82042e-05
0.000229188
-9.91367e-05
0.000239915
-0.000110115
0.00025007
-0.0001211
0.000259639
-0.000132059
0.000268581
-0.000142959
0.00027684
-0.000153767
0.000284357
-0.000164454
0.000291074
-0.000174991
0.000296939
-0.000185349
0.000301907
-0.0001955
0.00030594
-0.000205419
0.000309008
-0.000215082
0.000311091
-0.000224465
0.000312174
-0.000233546
0.000312249
-0.000242306
0.000311315
-0.000250726
0.000309379
-0.00025879
0.000306452
-0.000266483
0.000302549
-0.000273793
0.000297694
-0.00028071
0.000291913
-0.000287228
0.000285237
-0.000293341
0.000277702
-0.000299049
0.000269348
-0.000304352
0.000260216
-0.000309257
0.000250352
-0.00031377
0.000239805
-0.000317903
0.000228624
-0.00032167
0.00021686
-0.000325087
0.000204564
-0.000328175
0.000191787
-0.000330954
0.000178578
-0.000333448
0.000164986
-0.000335682
0.000151057
-0.000337683
0.000136832
-0.000339478
0.000122352
-0.000341093
0.000107651
-0.000342557
9.27614e-05
-0.000343895
7.77094e-05
-0.000345134
6.25174e-05
-0.000346297
4.72035e-05
-0.000347409
3.1781e-05
-0.000348488
1.62588e-05
-0.000349555
6.42507e-07
-0.000350624
-1.50589e-05
-0.000351708
-3.08461e-05
-0.00035282
-4.67324e-05
-0.000353968
-6.27317e-05
-0.000355157
-7.88587e-05
-0.000356389
-9.51295e-05
-0.000357659
-0.00011156
-0.00035896
-0.000128166
-0.000360276
-0.000144962
-0.000361586
-0.00016196
-0.000362861
-0.000179166
-0.000364061
-0.000196583
-0.000365139
-0.000214204
-0.000366033
-0.000232013
-0.000366671
-0.000249978
-0.000366969
-0.000268053
-0.000366829
-0.000286169
-0.000366139
-0.000304234
-0.000364776
-0.000322127
-0.000362605
-0.000339697
-0.000359483
-0.000356753
-0.000355259
-0.000373067
-0.000349781
-0.00038837
-0.0003429
-0.000402351
-0.000334474
-0.000414654
-0.000324376
-0.000424887
-0.000312504
-0.000432622
-0.000298788
-0.000437408
-0.000283197
-0.000438777
-0.000265757
-0.000436271
-0.000246552
-0.000429457
-0.000225743
-0.000417961
-0.000203571
-0.0004015
-0.000180364
-0.000379932
-0.000156544
-0.000353297
-0.000132616
-0.000321874
-0.000109158
-0.000286231
-8.6795e-05
-0.00024726
-6.61557e-05
-0.000206188
-4.78216e-05
-0.000164556
-3.2265e-05
-0.000124133
-1.97939e-05
-8.67832e-05
-1.05152e-05
-5.43021e-05
-4.32994e-06
-2.82662e-05
-9.60409e-07
-9.92815e-06
-1.98412e-07
-1.45422e-06
2.45646e-05
-5.26559e-06
6.59448e-05
-1.09461e-05
0.000100258
-1.80702e-05
0.000128505
-2.62819e-05
0.000151835
-3.52947e-05
0.000171372
-4.48862e-05
0.0001881
-5.48886e-05
0.000202811
-6.51775e-05
0.000216091
-7.56612e-05
0.000228338
-8.62709e-05
0.000239798
-9.69531e-05
0.000250597
-0.000107664
0.000260781
-0.000118366
0.000270341
-0.000129026
0.00027924
-0.00013961
0.000287425
-0.00015009
0.000294836
-0.000160435
0.000301419
-0.000170617
0.000307121
-0.000180609
0.000311899
-0.000190385
0.000315716
-0.000199921
0.000318544
-0.000209192
0.000320362
-0.000218177
0.000321158
-0.000226854
0.000320926
-0.000235205
0.000319666
-0.000243212
0.000317386
-0.00025086
0.000314099
-0.000258135
0.000309824
-0.000265026
0.000304586
-0.000271526
0.000298412
-0.000277627
0.000291339
-0.000283327
0.000283403
-0.000288627
0.000274647
-0.000293529
0.000265118
-0.00029804
0.000254863
-0.00030217
0.000243935
-0.00030593
0.000232385
-0.000309338
0.000220268
-0.00031241
0.000207637
-0.000315169
0.000194546
-0.000317637
0.000181046
-0.000319838
0.000167188
-0.000321799
0.000153018
-0.000323547
0.00013858
-0.000325109
0.000123914
-0.000326514
0.000109056
-0.000327788
9.40358e-05
-0.000328959
7.88804e-05
-0.000330053
6.36109e-05
-0.000331093
4.82439e-05
-0.000332103
3.27913e-05
-0.000333105
1.72603e-05
-0.000334118
1.65552e-06
-0.000335157
-1.40201e-05
-0.000336234
-2.97687e-05
-0.000337363
-4.56038e-05
-0.000338553
-6.15416e-05
-0.000339812
-7.76e-05
-0.000341143
-9.37982e-05
-0.000342547
-0.000110156
-0.000344018
-0.000126695
-0.000345548
-0.000143433
-0.000347119
-0.000160389
-0.000348707
-0.000177578
-0.00035028
-0.00019501
-0.000351795
-0.00021269
-0.000353197
-0.000230611
-0.00035442
-0.000248755
-0.000355384
-0.000267089
-0.000355993
-0.000285559
-0.000356139
-0.000304088
-0.000355697
-0.000322569
-0.000354531
-0.000340863
-0.000352492
-0.000358792
-0.000349422
-0.000376137
-0.000345157
-0.000392635
-0.000339533
-0.000407975
-0.000332391
-0.000421797
-0.000323582
-0.000433696
-0.00031298
-0.000443224
-0.000300487
-0.000449901
-0.000286044
-0.00045322
-0.000269644
-0.000452671
-0.000251342
-0.00044776
-0.000231266
-0.000438037
-0.000209628
-0.000423138
-0.000186735
-0.000402825
-0.00016299
-0.000377042
-0.000138893
-0.000345971
-0.000115031
-0.000310094
-9.20508e-05
-0.00027024
-7.06263e-05
-0.000227613
-5.14005e-05
-0.000183782
-3.49216e-05
-0.000140612
-2.15782e-05
-0.000100127
-1.15512e-05
-6.43291e-05
-4.79882e-06
-3.50186e-05
-1.07882e-06
-1.36481e-05
-1.27723e-06
-1.38907e-06
2.59537e-05
-5.0509e-06
6.96067e-05
-1.0534e-05
0.000105741
-1.74377e-05
0.000135409
-2.542e-05
0.000159817
-3.42003e-05
0.000180152
-4.3557e-05
0.000197457
-5.33201e-05
0.000212574
-6.33624e-05
0.000226133
-7.35892e-05
0.000238565
-8.39295e-05
0.000250138
-9.43285e-05
0.000260996
-0.000104742
0.000271194
-0.000115132
0.000280731
-0.000125465
0.000289573
-0.00013571
0.00029767
-0.000145837
0.000304964
-0.000155819
0.000311401
-0.000165628
0.00031693
-0.000175238
0.000321509
-0.000184625
0.000325102
-0.000193763
0.000327683
-0.000202632
0.000329231
-0.000211208
0.000329735
-0.000219474
0.000329192
-0.00022741
0.000327602
-0.000235001
0.000324977
-0.000242231
0.00032133
-0.000249089
0.000316682
-0.000255565
0.000311061
-0.000261651
0.000304499
-0.000267343
0.000297031
-0.00027264
0.0002887
-0.000277543
0.00027955
-0.000282057
0.000269632
-0.00028619
0.000258996
-0.000289953
0.000247698
-0.00029336
0.000235792
-0.000296429
0.000223337
-0.000299179
0.000210387
-0.000301632
0.000196998
-0.000303812
0.000183226
-0.000305744
0.00016912
-0.000307456
0.000154729
-0.000308974
0.000140098
-0.000310327
0.000125267
-0.000311543
0.000110271
-0.000312648
9.51411e-05
-0.00031367
7.99022e-05
-0.000314634
6.45746e-05
-0.000315564
4.91738e-05
-0.000316482
3.371e-05
-0.000317411
1.8189e-05
-0.000318369
2.61304e-06
-0.00031937
-1.30186e-05
-0.000320429
-2.87098e-05
-0.000321558
-4.44748e-05
-0.000322768
-6.03313e-05
-0.000324069
-7.62994e-05
-0.000325466
-9.24011e-05
-0.000326963
-0.000108659
-0.000328559
-0.000125099
-0.000330248
-0.000141743
-0.000332021
-0.000158616
-0.000333858
-0.00017574
-0.000335734
-0.000193134
-0.000337612
-0.000210811
-0.000339446
-0.000228777
-0.000341174
-0.000247026
-0.000342724
-0.000265539
-0.000344005
-0.000284278
-0.000344913
-0.000303181
-0.000345324
-0.000322157
-0.000345102
-0.000341084
-0.000344096
-0.000359798
-0.00034214
-0.000378093
-0.000339061
-0.000395713
-0.000334684
-0.000412353
-0.00032883
-0.00042765
-0.000321334
-0.000441193
-0.000312042
-0.000452516
-0.000300831
-0.000461111
-0.000287613
-0.000466438
-0.000272348
-0.000467937
-0.000255057
-0.000465051
-0.000235836
-0.000457258
-0.000214866
-0.000444108
-0.000192426
-0.000425265
-0.000168898
-0.00040057
-0.00014477
-0.000370099
-0.00012063
-0.000334234
-9.71438e-05
-0.000293726
-7.5023e-05
-0.000249733
-5.49686e-05
-0.000203837
-3.76037e-05
-0.000157977
-2.34004e-05
-0.00011433
-1.26204e-05
-7.51091e-05
-5.28758e-06
-4.23514e-05
-1.20351e-06
-1.77322e-05
-2.48074e-06
-1.31312e-06
2.72668e-05
-4.79941e-06
7.3093e-05
-1.00494e-05
0.000110991
-1.66917e-05
0.000142051
-2.44017e-05
0.000167527
-3.29068e-05
0.000188657
-4.19872e-05
0.000206537
-5.14716e-05
0.000222058
-6.123e-05
0.000235891
-7.11649e-05
0.0002485
-8.12032e-05
0.000260177
-9.12883e-05
0.000271081
-0.000101375
0.000281281
-0.000111427
0.000290783
-0.000121409
0.000299556
-0.000131292
0.000307553
-0.000141048
0.000314719
-0.000150648
0.000321001
-0.000160068
0.00032635
-0.000169281
0.000330723
-0.000178265
0.000334086
-0.000186996
0.000336414
-0.000195453
0.000337688
-0.000203615
0.000337898
-0.000211465
0.000337041
-0.000218984
0.000335122
-0.000226157
0.00033215
-0.000232972
0.000328144
-0.000239416
0.000323127
-0.000245482
0.000317127
-0.000251163
0.00031018
-0.000256457
0.000302325
-0.000261363
0.000293606
-0.000265885
0.000284072
-0.000270028
0.000273775
-0.000273802
0.000262771
-0.00027722
0.000251116
-0.000280298
0.00023887
-0.000283052
0.000226091
-0.000285505
0.000212839
-0.000287679
0.000199172
-0.000289598
0.000185145
-0.000291289
0.000170811
-0.000292779
0.000156219
-0.000294095
0.000141415
-0.000295266
0.000126437
-0.000296317
0.000111323
-0.000297277
9.61009e-05
-0.000298171
8.0796e-05
-0.000299023
6.54273e-05
-0.000299858
5.00086e-05
-0.000300697
3.45488e-05
-0.00030156
1.9052e-05
-0.000302465
3.51826e-06
-0.000303428
-1.20559e-05
-0.000304462
-2.76761e-05
-0.000305579
-4.33572e-05
-0.000306792
-5.91181e-05
-0.000308111
-7.49805e-05
-0.000309544
-9.09679e-05
-0.000311098
-0.000107106
-0.000312775
-0.000123422
-0.000314575
-0.000139943
-0.000316492
-0.000156699
-0.000318514
-0.000173718
-0.000320623
-0.000191025
-0.00032279
-0.000208644
-0.000324975
-0.000226592
-0.000327127
-0.000244875
-0.000329179
-0.000263488
-0.000331047
-0.00028241
-0.000332633
-0.000301595
-0.000333819
-0.000320972
-0.000334468
-0.000340435
-0.000334429
-0.000359838
-0.000333533
-0.000378989
-0.0003316
-0.000397647
-0.000328441
-0.000415512
-0.000323865
-0.000432226
-0.000317685
-0.000447372
-0.000309728
-0.000460473
-0.000299843
-0.000470997
-0.00028791
-0.000478371
-0.000273858
-0.000481988
-0.000257675
-0.000481234
-0.000239421
-0.000475512
-0.000219243
-0.000464285
-0.000197389
-0.000447119
-0.000174215
-0.000423744
-0.000150192
-0.000394122
-0.000125904
-0.000358523
-0.000102028
-0.000317601
-7.93069e-05
-0.000272454
-5.84957e-05
-0.000224648
-4.02901e-05
-0.000176183
-2.52478e-05
-0.000129372
-1.37164e-05
-8.66405e-05
-5.79375e-06
-5.0274e-05
-1.33414e-06
-2.21918e-05
-3.81488e-06
-1.2274e-06
2.84942e-05
-4.51427e-06
7.63798e-05
-9.49796e-06
0.000115975
-1.58406e-05
0.000148393
-2.32377e-05
0.000174924
-3.1427e-05
0.000196846
-4.01918e-05
0.000215302
-4.93603e-05
0.000231227
-5.87998e-05
0.000245331
-6.84103e-05
0.000258111
-7.81161e-05
0.000269882
-8.78593e-05
0.000280825
-9.75942e-05
0.000291016
-0.000107283
0.000300471
-0.000116893
0.000309166
-0.000126394
0.000317054
-0.000135759
0.000324084
-0.000144962
0.000330204
-0.000153978
0.000335365
-0.000162782
0.000339527
-0.000171353
0.000342657
-0.000179668
0.000344729
-0.000187708
0.000345727
-0.000195452
0.000345642
-0.000202883
0.000344472
-0.000209985
0.000342223
-0.000216743
0.000338909
-0.000223147
0.000334548
-0.000229185
0.000329165
-0.00023485
0.000322793
-0.000240138
0.000315468
-0.000245048
0.000307234
-0.000249579
0.000298137
-0.000253738
0.00028823
-0.000257531
0.000277568
-0.000260969
0.000266209
-0.000264066
0.000254213
-0.000266839
0.000241642
-0.000269306
0.000228559
-0.00027149
0.000215023
-0.000273414
0.000201096
-0.000275103
0.000186834
-0.000276583
0.000172291
-0.000277881
0.000157517
-0.000279025
0.000142558
-0.000280041
0.000127453
-0.000280956
0.000112238
-0.000281795
9.69407e-05
-0.000282585
8.15854e-05
-0.000283347
6.61898e-05
-0.000284105
5.07663e-05
-0.000284879
3.53223e-05
-0.000285687
1.98601e-05
-0.000286547
4.37805e-06
-0.000287473
-1.11295e-05
-0.000288479
-2.66699e-05
-0.000289578
-4.22586e-05
-0.000290781
-5.7915e-05
-0.0002921
-7.36617e-05
-0.000293544
-8.95233e-05
-0.000295123
-0.000105527
-0.000296843
-0.000121702
-0.000298708
-0.000138079
-0.000300717
-0.00015469
-0.000302865
-0.00017157
-0.000305141
-0.00018875
-0.000307523
-0.000206262
-0.000309981
-0.000224134
-0.000312472
-0.000242384
-0.000314938
-0.000261022
-0.000317304
-0.000280043
-0.00031948
-0.00029942
-0.000321352
-0.0003191
-0.000322789
-0.000338997
-0.000323641
-0.000358986
-0.000323737
-0.000378893
-0.000322892
-0.000398492
-0.000320908
-0.000417495
-0.000317582
-0.000435552
-0.000312709
-0.000452245
-0.000306093
-0.000467088
-0.000297558
-0.000479532
-0.000286956
-0.000488973
-0.000274182
-0.000494762
-0.00025919
-0.000496227
-0.000242001
-0.0004927
-0.000222729
-0.000483558
-0.000201585
-0.000468263
-0.000178896
-0.000446433
-0.000155112
-0.000417906
-0.000130805
-0.00038283
-0.000106658
-0.000341748
-8.344e-05
-0.000295673
-6.19518e-05
-0.000246136
-4.29596e-05
-0.000195175
-2.71067e-05
-0.000145225
-1.4832e-05
-9.89153e-05
-6.31453e-06
-5.87915e-05
-1.47015e-06
-2.70362e-05
-5.28503e-06
-1.13303e-06
2.96272e-05
-4.19888e-06
7.94457e-05
-8.88587e-06
0.000120662
-1.48931e-05
0.000154401
-2.19395e-05
0.000181971
-2.97748e-05
0.000204682
-3.81872e-05
0.000223714
-4.70047e-05
0.000240044
-5.60927e-05
0.000254419
-6.53482e-05
0.000267366
-7.46934e-05
0.000279228
-8.40687e-05
0.0002902
-9.34276e-05
0.000300375
-0.000102732
0.000309776
-0.000111949
0.000318383
-0.000121051
0.000326156
-0.00013001
0.000333043
-0.000138801
0.000338995
-0.000147401
0.000343965
-0.000155787
0.000347913
-0.000163937
0.000350807
-0.000171831
0.000352623
-0.000179448
0.000353345
-0.000186772
0.000352965
-0.000193785
0.000351485
-0.000200473
0.000348911
-0.000206822
0.000345258
-0.000212821
0.000340547
-0.000218462
0.000334806
-0.000223739
0.000328069
-0.000228648
0.000320377
-0.000233189
0.000311775
-0.000237365
0.000302313
-0.000241181
0.000292046
-0.000244646
0.000281033
-0.000247773
0.000269335
-0.000250576
0.000257016
-0.000253072
0.000244139
-0.000255282
0.000230769
-0.000257227
0.000216969
-0.000258932
0.000202801
-0.000260422
0.000188324
-0.000261722
0.000173592
-0.00026286
0.000158655
-0.000263862
0.00014356
-0.000264753
0.000128345
-0.00026556
0.000113045
-0.000266307
9.76874e-05
-0.000267017
8.22953e-05
-0.000267712
6.68848e-05
-0.000268412
5.14668e-05
-0.000269137
3.60472e-05
-0.000269904
2.06268e-05
-0.000270728
5.20231e-06
-0.000271624
-1.02336e-05
-0.000272604
-2.56897e-05
-0.000273681
-4.11819e-05
-0.000274866
-5.67299e-05
-0.000276171
-7.23564e-05
-0.000277608
-8.80865e-05
-0.000279187
-0.000103948
-0.000280918
-0.000119971
-0.000282808
-0.000136188
-0.000284863
-0.000152635
-0.000287083
-0.00016935
-0.000289463
-0.00018637
-0.000291991
-0.000203734
-0.000294646
-0.000221479
-0.000297393
-0.000239636
-0.000300186
-0.00025823
-0.000302959
-0.000277269
-0.00030563
-0.000296749
-0.000308095
-0.000316634
-0.00031023
-0.000336863
-0.000311886
-0.00035733
-0.000312895
-0.000377884
-0.000313068
-0.000398318
-0.000312203
-0.000418361
-0.000310083
-0.000437672
-0.000306489
-0.000455839
-0.000301206
-0.000472372
-0.000294031
-0.000486708
-0.000284788
-0.000498216
-0.000273341
-0.000506209
-0.000259606
-0.000509962
-0.000243569
-0.000508737
-0.000225303
-0.000501823
-0.000204985
-0.000488582
-0.000182906
-0.000468511
-0.00015949
-0.000441322
-0.000135293
-0.000407028
-0.000110996
-0.000366044
-8.73869e-05
-0.000319282
-6.53078e-05
-0.000268215
-4.55905e-05
-0.000214892
-2.89635e-05
-0.000161852
-1.59597e-05
-0.000111919
-6.84683e-06
-6.79043e-05
-1.61084e-06
-3.22722e-05
-6.89587e-06
-1.03117e-06
3.06584e-05
-3.85685e-06
8.22714e-05
-8.21961e-06
0.000125024
-1.38587e-05
0.00016004
-2.0519e-05
0.000188631
-2.79649e-05
0.000212128
-3.59902e-05
0.000231739
-4.44239e-05
0.000248478
-5.31297e-05
0.000263125
-6.20021e-05
0.000276238
-7.09607e-05
0.000288186
-7.99444e-05
0.000299184
-8.89055e-05
0.000309336
-9.78058e-05
0.000318676
-0.000106613
0.00032719
-0.000115299
0.000334842
-0.000123838
0.000341582
-0.000132206
0.000347364
-0.000140381
0.00035214
-0.00014834
0.000355872
-0.000156063
0.00035853
-0.000163531
0.000360091
-0.000170726
0.000360539
-0.000177629
0.000359869
-0.000184227
0.000358083
-0.000190505
0.000355189
-0.000196451
0.000351204
-0.000202055
0.000346151
-0.000207311
0.000340062
-0.000212213
0.000332971
-0.000216759
0.000324924
-0.00022095
0.000315966
-0.000224791
0.000306154
-0.000228287
0.000295543
-0.00023145
0.000284196
-0.000234291
0.000272177
-0.000236827
0.000259552
-0.000239076
0.000246387
-0.000241058
0.000232751
-0.000242796
0.000218707
-0.000244314
0.000204319
-0.000245636
0.000189646
-0.000246789
0.000174744
-0.000247798
0.000159664
-0.000248688
0.00014445
-0.000249485
0.000129142
-0.000250213
0.000113772
-0.000250894
9.83683e-05
-0.000251549
8.29511e-05
-0.0002522
6.75355e-05
-0.000252864
5.21309e-05
-0.000253559
3.67417e-05
-0.000254299
2.13674e-05
-0.0002551
6.00321e-06
-0.000255974
-9.35938e-06
-0.000256934
-2.47304e-05
-0.000257989
-4.01262e-05
-0.000259153
-5.55662e-05
-0.000260437
-7.10728e-05
-0.000261852
-8.66709e-05
-0.000263412
-0.000102388
-0.000265129
-0.000118254
-0.000267013
-0.000134304
-0.000269074
-0.000150575
-0.000271318
-0.000167106
-0.000273748
-0.00018394
-0.000276359
-0.000201123
-0.000279139
-0.000218699
-0.000282064
-0.000236711
-0.000285098
-0.000255196
-0.000288187
-0.00027418
-0.000291259
-0.000293676
-0.000294221
-0.000313672
-0.000296956
-0.000334128
-0.000299323
-0.000354963
-0.000301156
-0.000376051
-0.000302269
-0.000397206
-0.000302451
-0.000418178
-0.000301481
-0.000438643
-0.000299124
-0.000458196
-0.000295147
-0.000476348
-0.000289325
-0.000492529
-0.000281455
-0.000506086
-0.000271367
-0.000516297
-0.000258942
-0.000522387
-0.000244128
-0.000523551
-0.000226959
-0.000518993
-0.00020757
-0.000507971
-0.000186218
-0.000489863
-0.000163293
-0.000464246
-0.000139331
-0.00043099
-0.000115006
-0.00039037
-9.11144e-05
-0.000343173
-6.85359e-05
-0.000290794
-4.81619e-05
-0.000235266
-3.08041e-05
-0.00017921
-1.70918e-05
-0.000125631
-7.38739e-06
-7.76087e-05
-1.75549e-06
-3.79041e-05
-8.65136e-06
-9.2303e-07
3.15814e-05
-3.49194e-06
8.48403e-05
-7.50598e-06
0.000129038
-1.27472e-05
0.000165281
-1.89891e-05
0.000194873
-2.60124e-05
0.000219151
-3.36183e-05
0.000239345
-4.16376e-05
0.000256497
-4.99328e-05
0.00027142
-5.83958e-05
0.000284702
-6.6944e-05
0.000296735
-7.55144e-05
0.000307754
-8.40583e-05
0.00031788
-9.2537e-05
0.000327155
-0.000100919
0.000335572
-0.000109175
0.000343098
-0.000117283
0.00034969
-0.000125218
0.000355298
-0.000132959
0.000359881
-0.000140485
0.000363399
-0.000147777
0.000365823
-0.000154818
0.000367131
-0.000161588
0.00036731
-0.000168074
0.000366355
-0.000174261
0.000364269
-0.000180135
0.000361063
-0.000185687
0.000356756
-0.000190908
0.000351372
-0.000195791
0.000344945
-0.000200333
0.000337514
-0.000204534
0.000329124
-0.000208396
0.000319828
-0.000211923
0.00030968
-0.000215123
0.000298743
-0.000218008
0.000287081
-0.000220591
0.00027476
-0.000222889
0.000261849
-0.00022492
0.000248418
-0.000226705
0.000234536
-0.000228266
0.000220269
-0.000229628
0.000205681
-0.000230815
0.000190833
-0.000231851
0.000175781
-0.000232761
0.000160575
-0.000233571
0.000145259
-0.000234302
0.000129873
-0.000234978
0.000114448
-0.00023562
9.90098e-05
-0.000236246
8.35776e-05
-0.000236875
6.81649e-05
-0.000237524
5.27796e-05
-0.000238207
3.74246e-05
-0.000238938
2.20982e-05
-0.000239729
6.79449e-06
-0.000240592
-8.49607e-06
-0.000241538
-2.37844e-05
-0.000242577
-3.9087e-05
-0.000243721
-5.44231e-05
-0.000244979
-6.9814e-05
-0.000246366
-8.52839e-05
-0.000247895
-0.000100859
-0.000249579
-0.000116571
-0.000251432
-0.000132451
-0.000253467
-0.000148539
-0.000255697
-0.000164876
-0.00025813
-0.000181508
-0.000260769
-0.000198484
-0.00026361
-0.000215857
-0.000266641
-0.00023368
-0.000269837
-0.000252
-0.000273154
-0.000270862
-0.000276535
-0.000290296
-0.000279897
-0.000310311
-0.000283133
-0.000330892
-0.000286112
-0.000351984
-0.000288675
-0.000373488
-0.000290635
-0.000395245
-0.000291785
-0.000417028
-0.000291894
-0.000438534
-0.000290719
-0.000459371
-0.00028801
-0.000479058
-0.000283519
-0.000497019
-0.000277018
-0.000512587
-0.000268307
-0.000525009
-0.000257229
-0.000533464
-0.000243696
-0.000537084
-0.000227699
-0.00053499
-0.000209332
-0.000526337
-0.000188813
-0.000510383
-0.000166496
-0.000486562
-0.00014289
-0.000454596
-0.000118655
-0.000414605
-9.45928e-05
-0.000367235
-7.16102e-05
-0.000313776
-5.06536e-05
-0.000256223
-3.26148e-05
-0.000197249
-1.82204e-05
-0.000140026
-7.93282e-06
-8.78962e-05
-1.90329e-06
-4.39336e-05
-1.05546e-05
-8.09846e-07
3.23913e-05
-3.108e-06
8.71384e-05
-6.75199e-06
0.000132682
-1.15688e-05
0.000170098
-1.73627e-05
0.000200667
-2.39328e-05
0.000225721
-3.10894e-05
0.000246502
-3.86659e-05
0.000264074
-4.6524e-05
0.000279278
-5.45535e-05
0.000292731
-6.26695e-05
0.00030485
-7.08068e-05
0.000315891
-7.89158e-05
0.000325989
-8.69573e-05
0.000335196
-9.48995e-05
0.000343514
-0.000102715
0.000350914
-0.000110381
0.000357355
-0.000117874
0.000362792
-0.000125175
0.000367182
-0.000132264
0.000370488
-0.000139123
0.000372682
-0.000145735
0.000373743
-0.000152084
0.000373659
-0.000158156
0.000372426
-0.000163937
0.00037005
-0.000169416
0.000366542
-0.000174583
0.000361923
-0.000179432
0.000356221
-0.000183958
0.00034947
-0.000188158
0.000341714
-0.000192032
0.000332999
-0.000195584
0.00032338
-0.00019882
0.000312916
-0.000201748
0.000301672
-0.000204381
0.000289713
-0.000206732
0.000277111
-0.000208819
0.000263936
-0.000210661
0.00025026
-0.000212279
0.000236153
-0.000213694
0.000221684
-0.00021493
0.000206917
-0.00021601
0.000191914
-0.00021696
0.00017673
-0.000217801
0.000161416
-0.000218558
0.000146016
-0.000219251
0.000130567
-0.000219902
0.000115099
-0.000220529
9.96369e-05
-0.00022115
8.41982e-05
-0.00022178
6.87948e-05
-0.000222433
5.3433e-05
-0.000223123
3.81143e-05
-0.00022386
2.28357e-05
-0.000224657
7.59059e-06
-0.000225521
-7.63142e-06
-0.000226464
-2.28418e-05
-0.000227494
-3.80572e-05
-0.000228621
-5.3296e-05
-0.000229856
-6.85787e-05
-0.000231212
-8.39279e-05
-0.000232702
-9.9369e-05
-0.000234343
-0.000114931
-0.000236148
-0.000130646
-0.000238136
-0.000146551
-0.000240322
-0.00016269
-0.00024272
-0.00017911
-0.00024534
-0.000195864
-0.000248189
-0.000213009
-0.000251262
-0.000230606
-0.000254546
-0.000248717
-0.000258011
-0.000267397
-0.000261611
-0.000286695
-0.000265278
-0.000306644
-0.000268917
-0.000327253
-0.000272408
-0.000348494
-0.0002756
-0.000370296
-0.000278314
-0.000392531
-0.000280341
-0.000415001
-0.00028145
-0.000437425
-0.000281389
-0.000459432
-0.000279893
-0.000480553
-0.000276699
-0.000500214
-0.00027155
-0.000517736
-0.000264216
-0.000532343
-0.000254509
-0.000543171
-0.000242299
-0.000549294
-0.000227536
-0.000549752
-0.000210273
-0.000543601
-0.000190683
-0.000529973
-0.000169082
-0.000508163
-0.000145947
-0.000477731
-0.000121919
-0.000438634
-9.77961e-05
-0.000391358
-7.45072e-05
-0.000337065
-5.30466e-05
-0.000277684
-3.43822e-05
-0.000215913
-1.93376e-05
-0.000155071
-8.47965e-06
-9.87542e-05
-2.05341e-06
-5.03599e-05
-1.26081e-05
-6.92873e-07
3.30841e-05
-2.70899e-06
8.91545e-05
-5.96484e-06
0.000135938
-1.03339e-05
0.000174467
-1.56532e-05
0.000205986
-2.17422e-05
0.00023181
-2.84218e-05
0.000253182
-3.55291e-05
0.000271181
-4.29256e-05
0.000286674
-5.04995e-05
0.000300305
-5.81632e-05
0.000312514
-6.58497e-05
0.000323578
-7.3508e-05
0.000333647
-8.10985e-05
0.000342787
-8.85893e-05
0.000351005
-9.5954e-05
0.000358279
-0.000103169
0.000364571
-0.000110215
0.000369837
-0.000117071
0.000374038
-0.00012372
0.000377137
-0.000130144
0.000379106
-0.000136329
0.000379927
-0.000142259
0.000379589
-0.000147921
0.000378088
-0.000153303
0.000375432
-0.000158396
0.000371634
-0.00016319
0.000366718
-0.00016768
0.000360711
-0.000171863
0.000353653
-0.000175737
0.000345587
-0.000179303
0.000336565
-0.000182566
0.000326643
-0.000185533
0.000315883
-0.000188213
0.000304352
-0.000190619
0.000292119
-0.000192765
0.000279258
-0.000194669
0.00026584
-0.000196349
0.000251941
-0.000197827
0.000237631
-0.000199124
0.00022298
-0.000200262
0.000208055
-0.000201265
0.000192916
-0.000202155
0.00017762
-0.000202955
0.000162215
-0.000203684
0.000146746
-0.000204365
0.000131247
-0.000205014
0.000115748
-0.00020565
0.000100272
-0.000206286
8.48346e-05
-0.000206937
6.94456e-05
-0.000207614
5.41101e-05
-0.000208328
3.88283e-05
-0.000209088
2.35961e-05
-0.000209904
8.406e-06
-0.000210782
-6.7526e-06
-0.000211733
-2.18915e-05
-0.000212763
-3.70273e-05
-0.000213881
-5.21778e-05
-0.000215098
-6.73618e-05
-0.000216425
-8.26004e-05
-0.000217877
-9.7917e-05
-0.000219469
-0.000113339
-0.000221219
-0.000128896
-0.000223144
-0.000144626
-0.000225265
-0.000160569
-0.000227601
-0.000176774
-0.000230168
-0.000193297
-0.000232978
-0.000210198
-0.00023604
-0.000227545
-0.000239349
-0.000245408
-0.000242889
-0.000263857
-0.000246628
-0.000282957
-0.00025051
-0.000302762
-0.000254456
-0.000323306
-0.000258359
-0.000344591
-0.000262079
-0.000366576
-0.000265446
-0.000389165
-0.000268256
-0.000412191
-0.000270277
-0.000435404
-0.000271251
-0.000458458
-0.000270905
-0.000480899
-0.000268957
-0.000502162
-0.000265128
-0.000521565
-0.000259161
-0.00053831
-0.000250832
-0.0005515
-0.000239974
-0.000560152
-0.000226495
-0.000563231
-0.000210403
-0.000559693
-0.000191827
-0.000548549
-0.000171041
-0.000528948
-0.000148486
-0.000500287
-0.000124776
-0.000462343
-0.000100702
-0.000415432
-7.72059e-05
-0.000360561
-5.53234e-05
-0.000299566
-3.60936e-05
-0.000235143
-2.04359e-05
-0.000170728
-9.0244e-06
-0.000110166
-2.20501e-06
-5.71793e-05
-1.48131e-05
-5.73388e-07
3.36575e-05
-2.29892e-06
9.08801e-05
-5.15189e-06
0.000138791
-9.0531e-06
0.000178368
-1.38742e-05
0.000210807
-1.94568e-05
0.000237392
-2.56339e-05
0.000259359
-3.22477e-05
0.000277795
-3.91602e-05
0.000293587
-4.62579e-05
0.000307403
-5.34511e-05
0.000319707
-6.06708e-05
0.000330798
-6.78644e-05
0.000340841
-7.49916e-05
0.000349914
-8.20207e-05
0.000358034
-8.89256e-05
0.000365184
-9.56841e-05
0.000371329
-0.000102276
0.00037643
-0.000108684
0.000380446
-0.000114891
0.000383344
-0.000120881
0.000385097
-0.000126641
0.000385687
-0.000132155
0.000385103
-0.000137413
0.000383347
-0.000142404
0.000380423
-0.00014712
0.00037635
-0.000151552
0.00037115
-0.000155698
0.000364856
-0.000159553
0.000357508
-0.000163117
0.000349152
-0.000166394
0.000339842
-0.000169389
0.000329637
-0.000172108
0.000318602
-0.000174563
0.000306806
-0.000176766
0.000294322
-0.000178731
0.000281223
-0.000180477
0.000267586
-0.000182023
0.000253486
-0.000183387
0.000238995
-0.000184592
0.000224185
-0.000185658
0.000209122
-0.000186609
0.000193867
-0.000187464
0.000178475
-0.000188245
0.000162997
-0.000188971
0.000147472
-0.000189661
0.000131937
-0.00019033
0.000116418
-0.000190994
0.000100936
-0.000191665
8.55055e-05
-0.000192354
7.0135e-05
-0.000193072
5.48277e-05
-0.000193826
3.95824e-05
-0.000194624
2.43941e-05
-0.000195472
9.25461e-06
-0.000196378
-5.84678e-06
-0.000197348
-2.09217e-05
-0.000198389
-3.59868e-05
-0.000199508
-5.10587e-05
-0.000200714
-6.61551e-05
-0.00020202
-8.12949e-05
-0.000203437
-9.64995e-05
-0.000204983
-0.000111793
-0.000206674
-0.000127205
-0.000208531
-0.000142768
-0.000210576
-0.000158524
-0.000212831
-0.000174519
-0.000215319
-0.000190809
-0.000218059
-0.000207458
-0.000221066
-0.000224538
-0.000224348
-0.000242126
-0.000227901
-0.000260304
-0.000231705
-0.000279153
-0.000235721
-0.000298746
-0.000239884
-0.000319142
-0.000244103
-0.000340372
-0.000248252
-0.000362427
-0.00025217
-0.000385246
-0.000255663
-0.000408698
-0.000258502
-0.000432566
-0.000260427
-0.000456533
-0.000261156
-0.00048017
-0.000260393
-0.000502925
-0.000257841
-0.000524117
-0.000253215
-0.000542937
-0.000246258
-0.000558456
-0.000236767
-0.000569644
-0.000224607
-0.000575391
-0.000209742
-0.000574559
-0.000192253
-0.000566038
-0.000172372
-0.00054883
-0.000150496
-0.000522163
-0.000127212
-0.000485628
-0.000103293
-0.00043935
-7.96886e-05
-0.000384166
-5.74684e-05
-0.000321786
-3.77373e-05
-0.000254874
-2.1508e-05
-0.000186957
-9.56364e-06
-0.00012211
-2.35721e-06
-6.43857e-05
-1.71703e-05
-4.52703e-07
3.41102e-05
-1.88194e-06
9.23093e-05
-4.32063e-06
0.00014123
-7.73735e-06
0.000181785
-1.20396e-05
0.00021511
-1.7093e-05
0.000242446
-2.27444e-05
0.00026501
-2.88423e-05
0.000283893
-3.525e-05
0.000299995
-4.18529e-05
0.000314005
-4.8559e-05
0.000326413
-5.52972e-05
0.000337536
-6.20137e-05
0.000347557
-6.86671e-05
0.000356567
-7.52256e-05
0.000364592
-8.16636e-05
0.000371622
-8.79595e-05
0.000377625
-9.40946e-05
0.000382565
-0.000100052
0.000386403
-0.000105816
0.000389108
-0.000111373
0.000390654
-0.00011671
0.000391023
-0.000121814
0.000390207
-0.000126674
0.000388207
-0.000131282
0.000385031
-0.00013563
0.000380698
-0.000139713
0.000375233
-0.000143526
0.00036867
-0.000147068
0.00036105
-0.000150341
0.000352425
-0.000153346
0.000342848
-0.000156092
0.000332382
-0.000158584
0.000321095
-0.000160835
0.000309057
-0.000162857
0.000296344
-0.000164666
0.000283032
-0.000166277
0.000269198
-0.000167711
0.000254919
-0.000168985
0.00024027
-0.000170121
0.000225321
-0.000171139
0.00021014
-0.000172059
0.000194787
-0.000172901
0.000179318
-0.000173685
0.00016378
-0.000174428
0.000148215
-0.000175145
0.000132654
-0.000175852
0.000117124
-0.00017656
0.000101645
-0.000177282
8.62269e-05
-0.000178025
7.08783e-05
-0.000178798
5.56003e-05
-0.000179606
4.03905e-05
-0.000180455
2.5243e-05
-0.000181349
1.01492e-05
-0.000182294
-4.90176e-06
-0.000183295
-1.99207e-05
-0.000184358
-3.49242e-05
-0.000185488
-4.99282e-05
-0.000186695
-6.49484e-05
-0.000187988
-8.00021e-05
-0.000189379
-9.51079e-05
-0.000190885
-0.000110288
-0.000192522
-0.000125568
-0.000194312
-0.000140979
-0.000196278
-0.000156558
-0.000198444
-0.000172352
-0.000200839
-0.000188415
-0.000203485
-0.000204811
-0.000206407
-0.000221616
-0.000209621
-0.000238912
-0.000213135
-0.00025679
-0.000216943
-0.000275345
-0.000221021
-0.000294669
-0.00022532
-0.000314843
-0.000229765
-0.000335927
-0.000234246
-0.000357946
-0.000238617
-0.000380875
-0.000242693
-0.000404622
-0.000246251
-0.000429007
-0.000249035
-0.000453749
-0.000250757
-0.000478448
-0.00025111
-0.000502571
-0.00024978
-0.000525447
-0.000246456
-0.00054626
-0.000240854
-0.000564059
-0.000232731
-0.000577767
-0.000221912
-0.000586209
-0.000208316
-0.000588156
-0.000191977
-0.000582377
-0.000173078
-0.000567729
-0.000151975
-0.000543266
-0.000129216
-0.000508386
-0.000105556
-0.00046301
-8.19403e-05
-0.000407781
-5.9468e-05
-0.000344259
-3.93026e-05
-0.000275039
-2.25468e-05
-0.000203713
-1.00941e-05
-0.000134563
-2.50913e-06
-7.19707e-05
-1.96794e-05
-3.3221e-07
3.44424e-05
-1.4623e-06
9.34394e-05
-3.47877e-06
0.000143246
-6.39765e-06
0.000184704
-1.01635e-05
0.000218876
-1.46675e-05
0.00024695
-1.97722e-05
0.000270115
-2.53336e-05
0.000289454
-3.12174e-05
0.000305879
-3.73082e-05
0.000320096
-4.35121e-05
0.000332617
-4.9756e-05
0.00034378
-5.59843e-05
0.000353786
-6.21547e-05
0.000362738
-6.82351e-05
0.000370673
-7.42002e-05
0.000377587
-8.00292e-05
0.000383454
-8.57043e-05
0.00038824
-9.121e-05
0.000391909
-9.6532e-05
0.00039443
-0.000101657
0.000395779
-0.000106574
0.00039594
-0.000111272
0.000394905
-0.000115742
0.000392677
-0.000119975
0.000389265
-0.000123966
0.000384689
-0.000127709
0.000378976
-0.000131203
0.000372164
-0.000134447
0.000364294
-0.000137443
0.00035542
-0.000140195
0.0003456
-0.000142709
0.000334896
-0.000144994
0.00032338
-0.000147061
0.000311124
-0.000148923
0.000298206
-0.000150594
0.000284704
-0.000152093
0.000270696
-0.000153435
0.000256262
-0.000154641
0.000241475
-0.000155728
0.000226408
-0.000156717
0.000211128
-0.000157626
0.000195696
-0.000158474
0.000180166
-0.000159277
0.000164584
-0.000160052
0.000148989
-0.000160813
0.000133415
-0.000161571
0.000117883
-0.000162339
0.000102412
-0.000163124
8.70118e-05
-0.000163933
7.16876e-05
-0.000164772
5.64396e-05
-0.000165646
4.12641e-05
-0.000166557
2.61542e-05
-0.000167509
1.11009e-05
-0.000168504
-3.90641e-06
-0.000169548
-1.88775e-05
-0.000170643
-3.38285e-05
-0.000171797
-4.87745e-05
-0.000173015
-6.37301e-05
-0.000174307
-7.87102e-05
-0.000175684
-9.37312e-05
-0.00017716
-0.000108812
-0.000178752
-0.000123975
-0.000180482
-0.000139249
-0.000182373
-0.000154667
-0.000184451
-0.000170273
-0.000186747
-0.000186119
-0.000189289
-0.000202269
-0.000192106
-0.000218798
-0.000195224
-0.000235794
-0.000198661
-0.000253353
-0.000202423
-0.000271583
-0.000206501
-0.00029059
-0.000210865
-0.000310479
-0.000215455
-0.000331337
-0.000220178
-0.000353223
-0.000224906
-0.000376148
-0.000229466
-0.000400062
-0.000233646
-0.000424827
-0.000237193
-0.000450202
-0.00023982
-0.000475821
-0.000241211
-0.00050118
-0.000241038
-0.000525621
-0.000238969
-0.00054833
-0.000234689
-0.000568338
-0.000227924
-0.000584532
-0.000218456
-0.000595676
-0.000206159
-0.000600453
-0.00019102
-0.000597516
-0.000173172
-0.000585577
-0.000152924
-0.000563514
-0.000130785
-0.000530526
-0.00010748
-0.000486315
-8.39498e-05
-0.000431312
-6.13109e-05
-0.000366898
-4.07802e-05
-0.00029557
-2.35463e-05
-0.000220947
-1.06126e-05
-0.000147497
-2.65993e-06
-7.99233e-05
-2.23393e-05
-2.13468e-07
3.46559e-05
-1.04451e-06
9.42704e-05
-2.63421e-06
0.000144836
-5.04527e-06
0.000187115
-8.25998e-06
0.00022209
-1.21969e-05
0.000250887
-1.67359e-05
0.000274654
-2.1742e-05
0.00029446
-2.70844e-05
0.000311221
-3.26474e-05
0.000325659
-3.83355e-05
0.000338305
-4.40734e-05
0.000349518
-4.98037e-05
0.000359516
-5.54832e-05
0.000368417
-6.10792e-05
0.000376269
-6.65667e-05
0.000383074
-7.19254e-05
0.000388813
-7.71387e-05
0.000393453
-8.2192e-05
0.000396962
-8.70725e-05
0.00039931
-9.17686e-05
0.000400475
-9.62699e-05
0.000400441
-0.000100567
0.000399202
-0.000104652
0.000396762
-0.000108518
0.000393131
-0.000112161
0.000388331
-0.000115577
0.000382392
-0.000118764
0.000375351
-0.000121723
0.000367254
-0.000124457
0.000358154
-0.00012697
0.000348113
-0.000129269
0.000337195
-0.000131364
0.000325474
-0.000133264
0.000313025
-0.000134985
0.000299926
-0.000136538
0.000286258
-0.000137942
0.0002721
-0.000139212
0.000257532
-0.000140366
0.000242629
-0.000141422
0.000227465
-0.000142398
0.000212105
-0.000143312
0.00019661
-0.000144179
0.000181033
-0.000145016
0.00016542
-0.000145836
0.00014981
-0.000146652
0.00013423
-0.000147474
0.000118705
-0.00014831
0.000103248
-0.000149168
8.78696e-05
-0.000150052
7.25721e-05
-0.000150967
5.73546e-05
-0.000151916
4.22122e-05
-0.000152898
2.71371e-05
-0.000153917
1.21196e-05
-0.000154973
-2.85089e-06
-0.000156068
-1.77819e-05
-0.000157208
-3.26888e-05
-0.000158396
-4.75862e-05
-0.000159638
-6.24878e-05
-0.000160942
-7.74064e-05
-0.000162318
-9.23559e-05
-0.000163777
-0.000107352
-0.000165338
-0.000122415
-0.00016702
-0.000137567
-0.000168846
-0.000152841
-0.000170844
-0.000168275
-0.000173045
-0.000183919
-0.00017548
-0.000199834
-0.000178185
-0.000216094
-0.00018119
-0.000232789
-0.000184523
-0.00025002
-0.000188202
-0.000267903
-0.000192234
-0.000286559
-0.000196601
-0.000306112
-0.000201264
-0.000326674
-0.000206149
-0.000348338
-0.000211144
-0.000371154
-0.000216093
-0.000395113
-0.000220798
-0.000420123
-0.000225012
-0.000445987
-0.000228453
-0.000472381
-0.000230799
-0.000498833
-0.000231711
-0.000524709
-0.000230838
-0.000549203
-0.000227841
-0.000571336
-0.00022241
-0.000589963
-0.000214291
-0.000603795
-0.000203312
-0.000611432
-0.000189411
-0.000611416
-0.000172672
-0.000602316
-0.000153352
-0.000582834
-0.000131918
-0.00055196
-0.000109062
-0.000509171
-8.57088e-05
-0.000454665
-6.29881e-05
-0.000389618
-4.21623e-05
-0.000316396
-2.4501e-05
-0.000238608
-1.11164e-05
-0.000160881
-2.80882e-06
-8.82309e-05
-2.51482e-05
-9.82732e-08
3.47542e-05
-6.33352e-07
9.48055e-05
-1.79504e-06
0.000145998
-3.69158e-06
0.000189011
-6.34341e-06
0.000224742
-9.69805e-06
0.000254241
-1.36544e-05
0.00027861
-1.80882e-05
0.000298894
-2.2873e-05
0.000316006
-2.78938e-05
0.00033068
-3.30536e-05
0.000343465
-3.8275e-05
0.000354739
-4.34989e-05
0.00036474
-4.86806e-05
0.000373599
-5.3787e-05
0.000381375
-5.8793e-05
0.00038808
-6.36791e-05
0.000393699
-6.84293e-05
0.000398203
-7.30304e-05
0.000401563
-7.74708e-05
0.000403751
-8.17402e-05
0.000404745
-8.58296e-05
0.000404531
-8.97312e-05
0.000403104
-9.34382e-05
0.000400469
-9.69454e-05
0.000396638
-0.000100249
0.000391635
-0.000103347
0.00038549
-0.000106238
0.000378242
-0.000108924
0.00036994
-0.000111409
0.000360639
-0.000113697
0.000350401
-0.000115797
0.000339295
-0.000117716
0.000327394
-0.000119466
0.000314775
-0.00012106
0.00030152
-0.000122512
0.000287709
-0.000123835
0.000273424
-0.000125048
0.000258744
-0.000126165
0.000243747
-0.000127204
0.000228504
-0.000128181
0.000213081
-0.000129111
0.00019754
-0.00013001
0.000181932
-0.000130891
0.000166301
-0.000131766
0.000150684
-0.000132645
0.000135109
-0.000133537
0.000119597
-0.000134449
0.00010416
-0.000135386
8.88069e-05
-0.000136352
7.35381e-05
-0.000137349
5.83516e-05
-0.000138378
4.32413e-05
-0.00013944
2.81985e-05
-0.000140533
1.32128e-05
-0.000141657
-1.72683e-06
-0.000142814
-1.6625e-05
-0.000144008
-3.1495e-05
-0.000145242
-4.63522e-05
-0.00014652
-6.12092e-05
-0.00014785
-7.60772e-05
-0.000149238
-9.09675e-05
-0.000150697
-0.000105893
-0.000152242
-0.00012087
-0.000153891
-0.000135918
-0.000155668
-0.000151064
-0.000157599
-0.000166344
-0.000159716
-0.000181802
-0.000162052
-0.000197497
-0.000164645
-0.000213501
-0.000167532
-0.000229902
-0.000170747
-0.000246805
-0.00017432
-0.00026433
-0.000178268
-0.000282611
-0.000182593
-0.000301787
-0.000187269
-0.000321997
-0.000192245
-0.000343363
-0.000197426
-0.000365973
-0.000202676
-0.000389862
-0.000207811
-0.000414987
-0.000212599
-0.0004412
-0.000216759
-0.000468221
-0.000219973
-0.000495619
-0.000221892
-0.00052279
-0.00022215
-0.000548945
-0.000220385
-0.000573101
-0.000216256
-0.000594091
-0.000209473
-0.000610578
-0.000199818
-0.000621086
-0.000187183
-0.000624051
-0.000171599
-0.0006179
-0.000153273
-0.00060116
-0.000132621
-0.000572611
-0.0001103
-0.000531492
-8.72124e-05
-0.000477752
-6.44929e-05
-0.000412338
-4.34424e-05
-0.000337446
-2.5406e-05
-0.000256645
-1.16028e-05
-0.000174684
-2.95505e-06
-9.68787e-05
-2.81032e-05
1.33567e-08
3.47408e-05
-2.32934e-07
9.50518e-05
-9.69593e-07
0.000146734
-2.34807e-06
0.00019039
-4.42806e-06
0.000226822
-7.18752e-06
0.000257001
-1.05463e-05
0.000281969
-1.43922e-05
0.00030274
-1.86048e-05
0.000320218
-2.30702e-05
0.000335145
-2.76904e-05
0.000348085
-3.2386e-05
0.000359435
-3.70959e-05
0.00036945
-4.1774e-05
0.000378277
-4.63865e-05
0.000385988
-5.09082e-05
0.000392602
-5.53199e-05
0.000398111
-5.96065e-05
0.00040249
-6.3756e-05
0.000405713
-6.77579e-05
0.000407753
-7.16034e-05
0.00040859
-7.52848e-05
0.000408212
-7.87956e-05
0.000406615
-8.21306e-05
0.000403804
-8.52856e-05
0.000399793
-8.8258e-05
0.000394607
-9.10468e-05
0.000388278
-9.36523e-05
0.000380847
-9.60767e-05
0.000372364
-9.8324e-05
0.000362886
-0.0001004
0.000352477
-0.000102312
0.000341207
-0.000104069
0.000329151
-0.000105682
0.000316388
-0.000107162
0.000303001
-0.000108524
0.000289071
-0.000109781
0.000274681
-0.000110948
0.000259911
-0.00011204
0.000244839
-0.000113073
0.000229536
-0.00011406
0.000214069
-0.000115016
0.000198496
-0.000115954
0.00018287
-0.000116885
0.000167233
-0.000117821
0.00015162
-0.000118769
0.000136057
-0.000119736
0.000120564
-0.000120728
0.000105152
-0.000121749
8.98272e-05
-0.000122799
7.4589e-05
-0.000123882
5.94338e-05
-0.000124995
4.43548e-05
-0.00012614
2.93428e-05
-0.000127313
1.43864e-05
-0.000128513
-5.27168e-07
-0.000129739
-1.53991e-05
-0.000130996
-3.02379e-05
-0.000132286
-4.50618e-05
-0.000133613
-5.98826e-05
-0.000134981
-7.47095e-05
-0.000136397
-8.95514e-05
-0.000137871
-0.000104418
-0.000139418
-0.000119323
-0.000141053
-0.000134282
-0.000142799
-0.000149318
-0.000144682
-0.000164462
-0.000146731
-0.000179753
-0.000148982
-0.000195246
-0.000151474
-0.00021101
-0.000154247
-0.000227129
-0.000157341
-0.00024371
-0.000160795
-0.000260876
-0.000164638
-0.000278768
-0.000168884
-0.000297541
-0.000173528
-0.000317354
-0.000178534
-0.000338357
-0.00018383
-0.000360676
-0.0001893
-0.000384392
-0.000194779
-0.000409509
-0.000200048
-0.000435931
-0.000204836
-0.000463432
-0.000208829
-0.000491626
-0.000211673
-0.000519947
-0.000212991
-0.000547627
-0.000212399
-0.000573692
-0.000209532
-0.000596959
-0.00020406
-0.00061605
-0.000195726
-0.00062942
-0.000184373
-0.000635404
-0.000169981
-0.000632293
-0.000152702
-0.000618439
-0.000132903
-0.00059241
-0.000111197
-0.000553199
-8.84588e-05
-0.00050049
-6.58212e-05
-0.000434975
-4.46159e-05
-0.000358652
-2.62577e-05
-0.000275003
-1.20699e-05
-0.000188872
-3.09795e-06
-0.000105851
-3.12012e-05
1.21856e-07
3.4619e-05
1.5527e-07
9.50184e-05
-1.63584e-07
0.000147053
-1.02623e-06
0.000191252
-2.52881e-06
0.000228325
-4.68217e-06
0.000259154
-7.43026e-06
0.000284717
-1.06745e-05
0.000305984
-1.43014e-05
0.000323845
-1.81993e-05
0.000339043
-2.22694e-05
0.000352155
-2.64308e-05
0.000363596
-3.06201e-05
0.000373639
-3.47898e-05
0.000382447
-3.89049e-05
0.000390103
-4.294e-05
0.000396637
-4.68762e-05
0.000402047
-5.06993e-05
0.000406313
-5.4398e-05
0.000409411
-5.79633e-05
0.000411318
-6.13876e-05
0.000412014
-6.46647e-05
0.000411489
-6.77893e-05
0.000409739
-7.07576e-05
0.000406772
-7.35667e-05
0.000402602
-7.62151e-05
0.000397256
-7.87027e-05
0.000390766
-8.10309e-05
0.000383176
-8.32025e-05
0.000374536
-8.52219e-05
0.000364906
-8.70953e-05
0.00035435
-8.883e-05
0.000342941
-9.04351e-05
0.000330756
-9.19209e-05
0.000317874
-9.32988e-05
0.000304379
-9.45812e-05
0.000290353
-9.5781e-05
0.000275881
-9.69118e-05
0.000261042
-9.79871e-05
0.000245914
-9.90204e-05
0.000230569
-0.000100025
0.000215073
-0.000101012
0.000199484
-0.000101995
0.000183852
-0.000102981
0.000168219
-0.00010398
0.000152619
-0.000105
0.000137077
-0.000106044
0.000121609
-0.000107118
0.000106226
-0.000108222
9.09318e-05
-0.000109359
7.57257e-05
-0.000110527
6.06024e-05
-0.000111727
4.5554e-05
-0.000112955
3.05709e-05
-0.00011421
1.56413e-05
-0.00011549
7.53438e-07
-0.000116795
-1.40947e-05
-0.000118124
-2.89084e-05
-0.00011948
-4.37055e-05
-0.000120866
-5.8497e-05
-0.000122285
-7.32905e-05
-0.000123743
-8.8093e-05
-0.00012525
-0.000102912
-0.000126816
-0.000117757
-0.000128457
-0.000132641
-0.000130193
-0.000147582
-0.000132048
-0.000162607
-0.000134052
-0.00017775
-0.000136237
-0.00019306
-0.000138645
-0.000208602
-0.000141316
-0.000224458
-0.000144297
-0.000240729
-0.000147631
-0.000257542
-0.000151357
-0.000275042
-0.000155503
-0.000293395
-0.000160079
-0.000312778
-0.000165069
-0.000333367
-0.000170421
-0.000355324
-0.000176041
-0.000378772
-0.000181783
-0.000403767
-0.000187446
-0.000430268
-0.000192774
-0.000458104
-0.000197457
-0.000486943
-0.000201142
-0.000516261
-0.000203444
-0.000545325
-0.000203962
-0.000573174
-0.000202305
-0.000598616
-0.000198113
-0.000620242
-0.000191087
-0.000636446
-0.000181022
-0.000645468
-0.000167848
-0.000645468
-0.000151662
-0.000634625
-0.000132777
-0.000611295
-0.000111759
-0.000574217
-8.94491e-05
-0.0005228
-6.69709e-05
-0.000457454
-4.56796e-05
-0.000379943
-2.70531e-05
-0.00029363
-1.25157e-05
-0.000203409
-3.23697e-06
-0.000115129
-3.44381e-05
2.29414e-07
3.43896e-05
5.36719e-07
9.47111e-05
6.1978e-07
0.00014697
2.64998e-07
0.000191607
-6.6171e-07
0.000229251
-2.20017e-06
0.000260693
-4.32622e-06
0.000286843
-6.95527e-06
0.000308613
-9.984e-06
0.000326874
-1.33032e-05
0.000342363
-1.68138e-05
0.000355666
-2.04335e-05
0.000367216
-2.40964e-05
0.000377302
-2.77533e-05
0.000386104
-3.13682e-05
0.000393718
-3.49152e-05
0.000400184
-3.83754e-05
0.000405507
-4.17352e-05
0.000409673
-4.49843e-05
0.000412661
-4.81149e-05
0.000414449
-5.11207e-05
0.00041502
-5.39967e-05
0.000414365
-5.67393e-05
0.000412482
-5.93455e-05
0.000409378
-6.1814e-05
0.000405071
-6.41443e-05
0.000399586
-6.63372e-05
0.000392959
-6.83949e-05
0.000385233
-7.0321e-05
0.000376462
-7.21203e-05
0.000366705
-7.3799e-05
0.000356029
-7.53646e-05
0.000344507
-7.68259e-05
0.000332217
-7.81926e-05
0.000319241
-7.94754e-05
0.000305661
-8.06856e-05
0.000291563
-8.1835e-05
0.00027703
-8.29357e-05
0.000262143
-8.39996e-05
0.000246978
-8.50386e-05
0.000231608
-8.6064e-05
0.000216098
-8.70862e-05
0.000200506
-8.81146e-05
0.00018488
-8.91574e-05
0.000169262
-9.02215e-05
0.000153683
-9.13122e-05
0.000138167
-9.24334e-05
0.00012273
-9.35875e-05
0.00010738
-9.47755e-05
9.21199e-05
-9.59974e-05
7.69476e-05
-9.72519e-05
6.18569e-05
-9.8537e-05
4.68392e-05
-9.98502e-05
3.1884e-05
-0.000101189
1.69802e-05
-0.000102553
2.11777e-06
-0.00010394
-1.27078e-05
-0.000105348
-2.75006e-05
-0.000106778
-4.22757e-05
-0.000108232
-5.70429e-05
-0.000109713
-7.1809e-05
-0.000111228
-8.6579e-05
-0.000112781
-0.000101358
-0.000114385
-0.000116153
-0.000116052
-0.000130974
-0.0001178
-0.000145834
-0.000119651
-0.000160756
-0.000121632
-0.000175769
-0.000123776
-0.000190916
-0.000126121
-0.000206257
-0.000128712
-0.000221868
-0.000131594
-0.000237847
-0.000134816
-0.000254319
-0.000138426
-0.000271432
-0.000142462
-0.000289359
-0.000146949
-0.000308291
-0.000151888
-0.000328428
-0.000157248
-0.000349964
-0.000162957
-0.000373063
-0.000168891
-0.000397833
-0.000174869
-0.00042429
-0.000180651
-0.000452322
-0.000185938
-0.000481655
-0.000190381
-0.000511819
-0.000193588
-0.000542118
-0.000195147
-0.000571614
-0.000194646
-0.000599118
-0.000191692
-0.000623196
-0.000185951
-0.000642187
-0.000177173
-0.000654247
-0.000165233
-0.000657407
-0.000150176
-0.000649682
-0.000132259
-0.000629212
-0.000111994
-0.000594482
-9.01869e-05
-0.000544607
-6.79422e-05
-0.000479698
-4.66318e-05
-0.000401253
-2.77903e-05
-0.000312471
-1.2939e-05
-0.000218261
-3.37164e-06
-0.000124697
-3.78098e-05
3.33784e-07
3.40558e-05
9.09935e-07
9.41349e-05
1.38926e-06
0.000146491
1.52559e-06
0.000191471
1.16597e-06
0.000229611
2.38591e-07
0.00026162
-1.2566e-06
0.000288338
-3.25689e-06
0.000310614
-5.67547e-06
0.000329293
-8.40494e-06
0.000345092
-1.13466e-05
0.000358608
-1.44176e-05
0.000370287
-1.75489e-05
0.000380433
-2.06894e-05
0.000389244
-2.38018e-05
0.00039683
-2.68596e-05
0.000403242
-2.98436e-05
0.000408491
-3.27408e-05
0.00041257
-3.55416e-05
0.000415461
-3.82393e-05
0.000417146
-4.08289e-05
0.00041761
-4.33069e-05
0.000416843
-4.56707e-05
0.000414846
-4.79188e-05
0.000411626
-5.00509e-05
0.000407203
-5.20676e-05
0.000401603
-5.39708e-05
0.000394862
-5.57634e-05
0.000387026
-5.74494e-05
0.000378148
-5.90342e-05
0.00036829
-6.05239e-05
0.000357519
-6.19261e-05
0.000345909
-6.32491e-05
0.00033354
-6.45021e-05
0.000320494
-6.56947e-05
0.000306854
-6.68374e-05
0.000292706
-6.79404e-05
0.000278133
-6.90144e-05
0.000263217
-7.00697e-05
0.000248033
-7.11163e-05
0.000232655
-7.21639e-05
0.000217146
-7.3221e-05
0.000201563
-7.42955e-05
0.000185955
-7.53937e-05
0.00017036
-7.6521e-05
0.00015481
-7.76811e-05
0.000139327
-7.88767e-05
0.000123926
-8.0109e-05
0.000108612
-8.1378e-05
9.33889e-05
-8.26829e-05
7.82524e-05
-8.40218e-05
6.31958e-05
-8.53924e-05
4.82098e-05
-8.67918e-05
3.32834e-05
-8.82172e-05
1.84056e-05
-8.96665e-05
3.56708e-06
-9.11364e-05
-1.12379e-05
-9.26256e-05
-2.60114e-05
-9.41345e-05
-4.07668e-05
-9.56647e-05
-5.55128e-05
-9.72188e-05
-7.02549e-05
-9.88008e-05
-8.49969e-05
-0.000100417
-9.97423e-05
-0.000102075
-0.000114495
-0.000103787
-0.000129262
-0.000105569
-0.000144053
-0.000107439
-0.000158885
-0.000109424
-0.000173784
-0.000111552
-0.000188788
-0.000113862
-0.000203947
-0.000116395
-0.000219334
-0.000119201
-0.000235042
-0.000122329
-0.000251191
-0.000125833
-0.000267929
-0.00012976
-0.000285432
-0.000134147
-0.000303904
-0.000139012
-0.000323563
-0.000144345
-0.000344631
-0.000150094
-0.000367314
-0.000156159
-0.000391768
-0.000162381
-0.000418067
-0.000168539
-0.000446164
-0.000174348
-0.000475847
-0.000179465
-0.000506703
-0.000183498
-0.000538084
-0.000186028
-0.000569085
-0.00018662
-0.000598525
-0.000184859
-0.000624957
-0.000180373
-0.000646674
-0.000172869
-0.000661751
-0.000162172
-0.000668104
-0.000148272
-0.000663582
-0.000131367
-0.000646117
-0.000111915
-0.000613933
-9.06782e-05
-0.000565845
-6.87371e-05
-0.000501639
-4.74723e-05
-0.000422518
-2.84683e-05
-0.000331475
-1.33389e-05
-0.00023339
-3.50163e-06
-0.000134534
-4.13114e-05
4.33189e-07
3.36226e-05
1.27067e-06
9.32975e-05
2.13915e-06
0.000145622
2.76136e-06
0.000190848
2.95631e-06
0.000229416
2.62831e-06
0.000261948
1.76319e-06
0.000289203
3.94695e-07
0.000311982
-1.40194e-06
0.000331089
-3.52907e-06
0.000347219
-5.89168e-06
0.00036097
-8.40729e-06
0.000372802
-1.10019e-05
0.000383028
-1.36222e-05
0.000391864
-1.62304e-05
0.000399439
-1.87983e-05
0.00040581
-2.13063e-05
0.000410999
-2.37415e-05
0.000415005
-2.60952e-05
0.000417815
-2.83618e-05
0.000419413
-3.05374e-05
0.000419785
-3.26197e-05
0.000418925
-3.46074e-05
0.000416833
-3.65002e-05
0.000413519
-3.82991e-05
0.000409002
-4.00056e-05
0.000403309
-4.16225e-05
0.000396479
-4.31535e-05
0.000388557
-4.4603e-05
0.000379598
-4.59768e-05
0.000369663
-4.72811e-05
0.000358823
-4.85231e-05
0.000347151
-4.97109e-05
0.000334728
-5.08528e-05
0.000321636
-5.19578e-05
0.000307959
-5.30348e-05
0.000293783
-5.40931e-05
0.000279191
-5.51412e-05
0.000264265
-5.61879e-05
0.00024908
-5.72416e-05
0.000233709
-5.83102e-05
0.000218214
-5.94005e-05
0.000202653
-6.05185e-05
0.000187073
-6.16692e-05
0.000171511
-6.28563e-05
0.000155998
-6.40822e-05
0.000140553
-6.53483e-05
0.000125192
-6.66548e-05
0.000109919
-6.80009e-05
9.4735e-05
-6.93851e-05
7.96366e-05
-7.08054e-05
6.46161e-05
-7.22592e-05
4.96636e-05
-7.37434e-05
3.47676e-05
-7.52546e-05
1.99168e-05
-7.67894e-05
5.10185e-06
-7.8344e-05
-9.6833e-06
-7.99172e-05
-2.44381e-05
-8.15095e-05
-3.91745e-05
-8.31222e-05
-5.39001e-05
-8.47574e-05
-6.86196e-05
-8.64183e-05
-8.3336e-05
-8.81098e-05
-9.80509e-05
-8.98386e-05
-0.000112766
-9.16145e-05
-0.000127486
-9.34508e-05
-0.000142217
-9.53645e-05
-0.000156971
-9.73779e-05
-0.000171771
-9.95186e-05
-0.000186647
-0.000101821
-0.000201645
-0.000104326
-0.000216829
-0.000107081
-0.000232287
-0.000110138
-0.000248134
-0.000113554
-0.000264513
-0.000117382
-0.000281604
-0.00012167
-0.000299615
-0.000126452
-0.000318781
-0.000131733
-0.00033935
-0.000137485
-0.000361562
-0.000143632
-0.000385622
-0.000150036
-0.000411663
-0.000156499
-0.000439701
-0.000162752
-0.000469594
-0.000168463
-0.000500992
-0.000173244
-0.000533303
-0.00017667
-0.000565659
-0.000178292
-0.000596903
-0.000177672
-0.000625577
-0.000174403
-0.000649942
-0.000168154
-0.000668
-0.000158701
-0.000677557
-0.000145976
-0.000676306
-0.000130121
-0.000661973
-0.000111535
-0.000632519
-9.09307e-05
-0.000586449
-6.93595e-05
-0.00052321
-4.82024e-05
-0.000443675
-2.9087e-05
-0.000350591
-1.3715e-05
-0.000248762
-3.62672e-06
-0.000144622
-4.49381e-05
5.2682e-07
3.30958e-05
1.61545e-06
9.22088e-05
2.86252e-06
0.000144375
3.96154e-06
0.000189749
4.7039e-06
0.000228674
4.97124e-06
0.000261681
4.7261e-06
0.000289448
3.9857e-06
0.000312722
2.81627e-06
0.000332259
1.29874e-06
0.000348737
-4.77941e-07
0.000362747
-2.42875e-06
0.000374753
-4.48015e-06
0.000385079
-6.57631e-06
0.000393961
-8.67852e-06
0.000401541
-1.07559e-05
0.000407887
-1.2788e-05
0.000413031
-1.4762e-05
0.000416979
-1.66698e-05
0.000419723
-1.85067e-05
0.00042125
-2.027e-05
0.000421549
-2.19585e-05
0.000420614
-2.3572e-05
0.000418447
-2.51116e-05
0.000415059
-2.65791e-05
0.000410469
-2.79774e-05
0.000404707
-2.93099e-05
0.000397811
-3.0581e-05
0.000389828
-3.17958e-05
0.000380812
-3.296e-05
0.000370828
-3.408e-05
0.000359943
-3.51629e-05
0.000348234
-3.62161e-05
0.000335781
-3.72473e-05
0.000322667
-3.82645e-05
0.000308976
-3.92755e-05
0.000294794
-4.02879e-05
0.000280204
-4.13089e-05
0.000265286
-4.23448e-05
0.000250116
-4.34027e-05
0.000234766
-4.44888e-05
0.000219301
-4.56084e-05
0.000203773
-4.67658e-05
0.00018823
-4.79642e-05
0.000172709
-4.92061e-05
0.000157239
-5.04927e-05
0.00014184
-5.18241e-05
0.000126523
-5.31996e-05
0.000111294
-5.46176e-05
9.61529e-05
-5.60761e-05
8.10951e-05
-5.75733e-05
6.61133e-05
-5.91066e-05
5.11969e-05
-6.06728e-05
3.63338e-05
-6.22681e-05
2.15121e-05
-6.3888e-05
6.72177e-06
-6.55281e-05
-8.0432e-06
-6.71873e-05
-2.2779e-05
-6.88662e-05
-3.74955e-05
-7.05666e-05
-5.21997e-05
-7.22903e-05
-6.6896e-05
-7.40398e-05
-8.15865e-05
-7.58186e-05
-9.6272e-05
-7.76324e-05
-0.000110953
-7.94891e-05
-0.000125629
-8.14001e-05
-0.000140306
-8.33797e-05
-0.000154992
-8.54473e-05
-0.000169704
-8.76277e-05
-0.000184467
-8.99521e-05
-0.00019932
-9.24588e-05
-0.000214323
-9.5193e-05
-0.000229553
-9.82073e-05
-0.000245119
-0.000101559
-0.000261162
-0.000105307
-0.000277856
-0.000109507
-0.000295415
-0.000114204
-0.000314084
-0.000119422
-0.000334132
-0.000125152
-0.000355832
-0.000131339
-0.000379434
-0.000137874
-0.000405128
-0.000144579
-0.000432996
-0.000151205
-0.000462967
-0.000157435
-0.000494762
-0.000162889
-0.000527849
-0.000167137
-0.000561411
-0.000169723
-0.000594317
-0.000170186
-0.000625114
-0.000168094
-0.000652034
-0.000163073
-0.00067302
-0.000154855
-0.000685775
-0.000143318
-0.000687844
-0.000128542
-0.000676749
-0.000110868
-0.000650193
-9.09537e-05
-0.000606364
-6.98143e-05
-0.00054435
-4.88244e-05
-0.000464665
-2.96471e-05
-0.000369768
-1.40674e-05
-0.000264342
-3.74683e-06
-0.000154943
-4.8685e-05
6.14303e-07
3.24815e-05
1.94211e-06
9.0881e-05
3.55441e-06
0.000142763
5.118e-06
0.000188186
6.39844e-06
0.000227393
7.25398e-06
0.000260825
7.62433e-06
0.000289078
7.51113e-06
0.000312836
6.96472e-06
0.000332805
6.05678e-06
0.000349645
4.87167e-06
0.000363932
3.49354e-06
0.000376131
1.99073e-06
0.000386582
4.20984e-07
0.00039553
-1.17246e-06
0.000403134
-2.75763e-06
0.000409472
-4.31335e-06
0.000414587
-5.8265e-06
0.000418492
-7.28935e-06
0.000421186
-8.69778e-06
0.000422658
-1.00499e-05
0.000422901
-1.13459e-05
0.00042191
-1.25864e-05
0.000419687
-1.37736e-05
0.000416246
-1.49106e-05
0.000411606
-1.60012e-05
0.000405798
-1.70497e-05
0.00039886
-1.8061e-05
0.000390839
-1.90407e-05
0.000381792
-1.99948e-05
0.000371782
-2.09297e-05
0.000360878
-2.18521e-05
0.000349157
-2.27691e-05
0.000336698
-2.36875e-05
0.000323585
-2.46144e-05
0.000309903
-2.55565e-05
0.000295736
-2.652e-05
0.000281167
-2.75102e-05
0.000266276
-2.85308e-05
0.000251137
-2.9588e-05
0.000235824
-3.06864e-05
0.000220399
-3.18297e-05
0.000204916
-3.30206e-05
0.000189421
-3.42607e-05
0.00017395
-3.5551e-05
0.00015853
-3.68918e-05
0.000143181
-3.82823e-05
0.000127914
-3.97208e-05
0.000112733
-4.12045e-05
9.76367e-05
-4.27313e-05
8.26218e-05
-4.42996e-05
6.76816e-05
-4.59075e-05
5.28048e-05
-4.75519e-05
3.79782e-05
-4.92288e-05
2.31889e-05
-5.09329e-05
8.4259e-06
-5.26587e-05
-6.31742e-06
-5.44047e-05
-2.10329e-05
-5.61728e-05
-3.57274e-05
-5.79651e-05
-5.04074e-05
-5.97836e-05
-6.50775e-05
-6.163e-05
-7.97401e-05
-6.35068e-05
-9.43952e-05
-6.54183e-05
-0.000109041
-6.73714e-05
-0.000123676
-6.93752e-05
-0.000138302
-7.1442e-05
-0.000152925
-7.35879e-05
-0.000167558
-7.58346e-05
-0.00018222
-7.821e-05
-0.000196945
-8.07492e-05
-0.000211783
-8.34946e-05
-0.000226808
-8.64969e-05
-0.000242117
-8.98133e-05
-0.000257845
-9.35055e-05
-0.000274164
-9.76352e-05
-0.000291285
-0.000102257
-0.000309462
-0.000107409
-0.00032898
-0.000113102
-0.00035014
-0.000119303
-0.000373233
-0.000125927
-0.000398504
-0.00013282
-0.000426103
-0.000139756
-0.000456031
-0.000146435
-0.000488083
-0.000152487
-0.000521797
-0.000157486
-0.000556413
-0.000160967
-0.000590836
-0.000162456
-0.000623626
-0.000161492
-0.000652998
-0.000157669
-0.000676843
-0.000150672
-0.000692772
-0.000140327
-0.000698189
-0.000126653
-0.000690422
-0.00010993
-0.000666916
-9.07576e-05
-0.000625536
-7.01078e-05
-0.000565
-4.93415e-05
-0.000485431
-3.01501e-05
-0.000388959
-1.43965e-05
-0.000280096
-3.86203e-06
-0.000165477
-5.2547e-05
6.95377e-07
3.17861e-05
2.24914e-06
8.93272e-05
4.21116e-06
0.000140801
6.22452e-06
0.000186173
8.03061e-06
0.000225587
9.46469e-06
0.000259391
1.04449e-05
0.000288098
1.09555e-05
0.000312325
1.10309e-05
0.00033273
1.07337e-05
0.000349942
1.01421e-05
0.000364524
9.33596e-06
0.000376937
8.38371e-06
0.000387534
7.34366e-06
0.00039657
6.26267e-06
0.000404215
5.17193e-06
0.000410563
4.09321e-06
0.000415666
3.04059e-06
0.000419545
2.02201e-06
0.000422204
1.04107e-06
0.000423639
9.84021e-08
0.000423843
-8.0478e-07
0.000422813
-1.67216e-06
0.000420555
-2.5069e-06
0.000417081
-3.31299e-06
0.000412412
-4.09509e-06
0.00040658
-4.85833e-06
0.000399623
-5.60831e-06
0.000391589
-6.35096e-06
0.000382535
-7.0925e-06
0.000372523
-7.83933e-06
0.000361625
-8.59791e-06
0.000349915
-9.37468e-06
0.000337475
-1.01759e-05
0.000324386
-1.10077e-05
0.000310735
-1.18756e-05
0.000296604
-1.27846e-05
0.000282076
-1.37385e-05
0.00026723
-1.47372e-05
0.000252135
-1.57871e-05
0.000236874
-1.68912e-05
0.000221503
-1.80512e-05
0.000206076
-1.92682e-05
0.000190638
-2.05425e-05
0.000175224
-2.18738e-05
0.000159861
-2.32614e-05
0.000144568
-2.47037e-05
0.000129356
-2.61984e-05
0.000114227
-2.77411e-05
9.91794e-05
-2.93288e-05
8.42095e-05
-3.09618e-05
6.93147e-05
-3.26387e-05
5.44817e-05
-3.43566e-05
3.96961e-05
-3.61119e-05
2.49442e-05
-3.78989e-05
1.02129e-05
-3.97101e-05
-4.50619e-06
-4.15431e-05
-1.91999e-05
-4.34019e-05
-3.38686e-05
-4.52898e-05
-4.85195e-05
-4.72084e-05
-6.31588e-05
-4.91591e-05
-7.77895e-05
-5.11431e-05
-9.24112e-05
-5.31636e-05
-0.000107021
-5.52267e-05
-0.000121613
-5.734e-05
-0.000136188
-5.95132e-05
-0.000150752
-6.17596e-05
-0.000165311
-6.40977e-05
-0.000179882
-6.65523e-05
-0.00019449
-6.91544e-05
-0.000209181
-7.19431e-05
-0.000224019
-7.49662e-05
-0.000239094
-7.82795e-05
-0.000254532
-8.19452e-05
-0.000270498
-8.60286e-05
-0.000287202
-9.05919e-05
-0.000304899
-9.56854e-05
-0.000323886
-0.000101336
-0.000344489
-0.000107533
-0.000367036
-0.000114214
-0.000391823
-0.000121251
-0.000419066
-0.000128442
-0.00044884
-0.000135507
-0.000481018
-0.000142088
-0.000515216
-0.000147767
-0.000550734
-0.000152077
-0.000586526
-0.000154529
-0.000621173
-0.000154643
-0.000652884
-0.000151981
-0.000679506
-0.000146185
-0.000698568
-0.000137029
-0.000707345
-0.000124475
-0.000702976
-0.000108737
-0.000682654
-9.03531e-05
-0.00064392
-7.02468e-05
-0.000585106
-4.97577e-05
-0.000505921
-3.0598e-05
-0.000408119
-1.47031e-05
-0.00029599
-3.97248e-06
-0.000176208
-5.65195e-05
7.69829e-07
3.10163e-05
2.53532e-06
8.75618e-05
4.82977e-06
0.000138507
7.27581e-06
0.000183726
9.59259e-06
0.00022327
1.15932e-05
0.000257391
1.31749e-05
0.000286516
1.4304e-05
0.000311196
1.49993e-05
0.000332034
1.53129e-05
0.000349628
1.53156e-05
0.000364521
1.50827e-05
0.00037717
1.46825e-05
0.000387934
1.4174e-05
0.000397079
1.36048e-05
0.000404784
1.3008e-05
0.00041116
1.2406e-05
0.000416267
1.18137e-05
0.000420137
1.12393e-05
0.000422779
1.06864e-05
0.000424192
1.01556e-05
0.000424374
9.6444e-06
0.000423324
9.15006e-06
0.000421049
8.6684e-06
0.000417562
8.19439e-06
0.000412886
7.72245e-06
0.000407052
7.24669e-06
0.000400099
6.7609e-06
0.000392075
6.25874e-06
0.000383037
5.73378e-06
0.000373048
5.17966e-06
0.000362179
4.59019e-06
0.000350505
3.95943e-06
0.000338106
3.28185e-06
0.000325064
2.55243e-06
0.000311464
1.7668e-06
0.00029739
9.21329e-07
0.000282922
1.32783e-08
0.000268138
-9.56767e-07
0.000253105
-1.99223e-06
0.000237909
-3.0941e-06
0.000222605
-4.26257e-06
0.000207245
-5.49717e-06
0.000191873
-6.7969e-06
0.000176524
-8.16033e-06
0.000161225
-9.58575e-06
0.000145994
-1.10711e-05
0.000130841
-1.26139e-05
0.00011577
-1.42083e-05
0.000100774
-1.58495e-05
8.58507e-05
-1.75408e-05
7.1006e-05
-1.92806e-05
5.62215e-05
-2.10667e-05
4.14822e-05
-2.28963e-05
2.67738e-05
-2.47643e-05
1.20809e-05
-2.66609e-05
-2.60961e-06
-2.85802e-05
-1.72806e-05
-3.05309e-05
-3.19179e-05
-3.25175e-05
-4.6533e-05
-3.45412e-05
-6.11351e-05
-3.66027e-05
-7.5728e-05
-3.8702e-05
-9.03119e-05
-4.08411e-05
-0.000104881
-4.30261e-05
-0.000119428
-4.52635e-05
-0.000133951
-4.75606e-05
-0.000148455
-4.99276e-05
-0.000162944
-5.23802e-05
-0.000177429
-5.49401e-05
-0.00019193
-5.76345e-05
-0.000206487
-6.04979e-05
-0.000221155
-6.35749e-05
-0.000236017
-6.69187e-05
-0.000251188
-7.05901e-05
-0.000266827
-7.4656e-05
-0.000283136
-7.91839e-05
-0.000300371
-8.42335e-05
-0.000318837
-8.98462e-05
-0.000338876
-9.60305e-05
-0.000360852
-0.000102747
-0.000385107
-0.000109894
-0.00041192
-0.000117292
-0.000441441
-0.000124685
-0.000473625
-0.000131733
-0.000508168
-0.000138025
-0.000544442
-0.000143096
-0.000581454
-0.000146451
-0.000617819
-0.00014759
-0.000651744
-0.000146047
-0.000681049
-0.000141427
-0.000703188
-0.000133454
-0.000715318
-0.00012203
-0.0007144
-0.000107305
-0.000697379
-8.9751e-05
-0.000661474
-7.02385e-05
-0.000604618
-5.00774e-05
-0.000526082
-3.09934e-05
-0.000427203
-1.49884e-05
-0.000311995
-4.0785e-06
-0.000187118
-6.0598e-05
8.37488e-07
3.01788e-05
2.79962e-06
8.55996e-05
5.40768e-06
0.000135898
8.26723e-06
0.000180867
1.10774e-05
0.00022046
1.36303e-05
0.000254838
1.58028e-05
0.000284344
1.7543e-05
0.000309456
1.88542e-05
0.000330723
1.97771e-05
0.000348705
2.03742e-05
0.000363924
2.07158e-05
0.000376829
2.0869e-05
0.000387781
2.0893e-05
0.000397055
2.08358e-05
0.000404842
2.07323e-05
0.000411263
2.06065e-05
0.000416393
2.04737e-05
0.00042027
2.03426e-05
0.00042291
2.02168e-05
0.000424318
2.00961e-05
0.000424495
1.99777e-05
0.000423443
1.98575e-05
0.000421169
1.97303e-05
0.00041769
1.95904e-05
0.000413026
1.94312e-05
0.000407211
1.92462e-05
0.000400284
1.90285e-05
0.000392293
1.87715e-05
0.000383294
1.84684e-05
0.000373351
1.81129e-05
0.000362534
1.76992e-05
0.000350918
1.72217e-05
0.000338583
1.66758e-05
0.00032561
1.60574e-05
0.000312083
1.53634e-05
0.000298083
1.4592e-05
0.000283693
1.37422e-05
0.000268988
1.28095e-05
0.000254038
1.17979e-05
0.000238921
1.07081e-05
0.000223695
9.54122e-06
0.000208412
8.29919e-06
0.000193115
6.98432e-06
0.000177838
5.59925e-06
0.00016261
4.14682e-06
0.000147446
2.62988e-06
0.000132358
1.05132e-06
0.000117349
-5.85541e-07
0.000102411
-2.27731e-06
8.75424e-05
-4.02214e-06
7.27508e-05
-5.81894e-06
5.80183e-05
-7.66651e-06
4.33298e-05
-9.56374e-06
2.8671e-05
-1.15084e-05
1.40255e-05
-1.34902e-05
-6.27797e-07
-1.54952e-05
-1.52755e-05
-1.75411e-05
-2.9872e-05
-1.96303e-05
-4.44438e-05
-2.17637e-05
-5.90016e-05
-2.39419e-05
-7.35498e-05
-2.61636e-05
-8.80903e-05
-2.84289e-05
-0.000102616
-3.0746e-05
-0.000117111
-3.31203e-05
-0.000131577
-3.55569e-05
-0.000146018
-3.80622e-05
-0.000160439
-4.065e-05
-0.000174841
-4.33394e-05
-0.000189241
-4.61534e-05
-0.000203673
-4.91215e-05
-0.000218187
-5.22849e-05
-0.000232854
-5.56929e-05
-0.00024778
-5.94037e-05
-0.000263116
-6.34842e-05
-0.000279056
-6.80044e-05
-0.000295851
-7.30312e-05
-0.00031381
-7.86177e-05
-0.00033329
-8.47899e-05
-0.000354679
-9.15297e-05
-0.000378367
-9.87595e-05
-0.00040469
-0.000106328
-0.000433873
-0.000113999
-0.000465954
-0.000121455
-0.000500713
-0.000128297
-0.0005376
-0.000134065
-0.000575686
-0.000138261
-0.000613623
-0.00014037
-0.000649635
-0.000139903
-0.000681516
-0.000136428
-0.000706663
-0.000129624
-0.000722122
-0.000119336
-0.000724688
-0.000105647
-0.000711068
-8.89618e-05
-0.000678159
-7.00899e-05
-0.00062349
-5.03052e-05
-0.000545866
-3.13389e-05
-0.000446169
-1.52538e-05
-0.000328081
-4.1805e-06
-0.000198191
-6.47785e-05
8.98229e-07
2.92805e-05
3.04124e-06
8.34566e-05
5.94273e-06
0.000132997
9.1947e-06
0.000177615
1.24787e-05
0.000217176
1.55672e-05
0.000251749
1.83175e-05
0.000281593
2.06596e-05
0.000307114
2.2581e-05
0.000328802
2.41102e-05
0.000347176
2.53006e-05
0.000362734
2.62171e-05
0.000375912
2.69245e-05
0.000387074
2.74815e-05
0.000396498
2.79366e-05
0.000404386
2.83263e-05
0.000410874
2.86759e-05
0.000416044
2.90018e-05
0.000419944
2.93132e-05
0.000422598
2.96136e-05
0.000424017
2.99027e-05
0.000424206
3.0177e-05
0.000423168
3.04317e-05
0.000420915
3.06606e-05
0.000417461
3.0857e-05
0.00041283
3.10137e-05
0.000407055
3.11232e-05
0.000400174
3.11784e-05
0.000392238
3.11719e-05
0.0003833
3.10971e-05
0.000373426
3.09474e-05
0.000362684
3.07173e-05
0.000351149
3.04017e-05
0.000338899
2.99966e-05
0.000326015
2.9499e-05
0.00031258
2.89067e-05
0.000298676
2.82189e-05
0.000284381
2.74349e-05
0.000269772
2.65534e-05
0.00025492
2.5578e-05
0.000239896
2.45117e-05
0.000224761
2.33575e-05
0.000209566
2.21188e-05
0.000194353
2.07993e-05
0.000179158
1.94028e-05
0.000164006
1.79333e-05
0.000148916
1.6395e-05
0.000133897
1.47913e-05
0.000118952
1.31228e-05
0.000104079
1.13897e-05
8.92755e-05
9.59902e-06
7.45415e-05
7.75266e-06
5.98646e-05
5.85186e-06
4.52306e-05
3.8979e-06
3.0625e-05
1.89189e-06
1.60315e-05
-1.67988e-07
1.43208e-06
-2.27269e-06
-1.31708e-05
-4.42141e-06
-2.77233e-05
-6.61717e-06
-4.22481e-05
-8.86296e-06
-5.67558e-05
-1.11612e-05
-7.12515e-05
-1.35107e-05
-8.57408e-05
-1.59093e-05
-0.000100217
-1.8368e-05
-0.000114652
-2.08905e-05
-0.000129054
-2.34802e-05
-0.000143428
-2.61391e-05
-0.00015778
-2.88801e-05
-0.0001721
-3.17208e-05
-0.0001864
-3.46796e-05
-0.000200714
-3.77801e-05
-0.000215087
-4.10607e-05
-0.000229573
-4.45662e-05
-0.000244275
-4.83506e-05
-0.000259332
-5.24792e-05
-0.000274927
-5.70226e-05
-0.000291308
-6.20524e-05
-0.00030878
-6.76309e-05
-0.000327711
-7.37988e-05
-0.000348512
-8.05578e-05
-0.000371608
-8.78537e-05
-0.000397394
-9.55607e-05
-0.000426166
-0.000103469
-0.000458046
-0.00011128
-0.000492901
-0.000118614
-0.000530267
-0.000125018
-0.000569281
-0.000129993
-0.000608648
-0.000133016
-0.000646611
-0.000133578
-0.000680955
-0.000131215
-0.000709025
-0.000125564
-0.000727774
-0.000116412
-0.00073384
-0.000103778
-0.000723703
-8.7995e-05
-0.000693942
-6.98076e-05
-0.000641678
-5.04456e-05
-0.000565228
-3.16375e-05
-0.000464977
-1.55009e-05
-0.000344217
-4.27899e-06
-0.000209413
-6.90574e-05
9.51969e-07
2.83286e-05
3.25953e-06
8.11491e-05
6.43308e-06
0.000129823
1.00546e-05
0.000173993
1.37907e-05
0.00021344
1.73959e-05
0.000248144
2.07088e-05
0.00027828
2.36413e-05
0.000304181
2.61652e-05
0.000326278
2.82959e-05
0.000345046
3.00775e-05
0.000360952
3.15683e-05
0.000374421
3.283e-05
0.000385812
3.39203e-05
0.000395408
3.4888e-05
0.000403419
3.57706e-05
0.000409991
3.65951e-05
0.000415219
3.73789e-05
0.00041916
3.81319e-05
0.000421845
3.8858e-05
0.000423291
3.95566e-05
0.000423507
4.02239e-05
0.000422501
4.08543e-05
0.000420284
4.1441e-05
0.000416874
4.19764e-05
0.000412295
4.24525e-05
0.000406579
4.28611e-05
0.000399766
4.31945e-05
0.000391904
4.34451e-05
0.00038305
4.36057e-05
0.000373265
4.367e-05
0.00036262
4.36325e-05
0.000351186
4.34886e-05
0.000339043
4.32348e-05
0.000326269
4.28688e-05
0.000312946
4.23894e-05
0.000299155
4.17964e-05
0.000284974
4.10904e-05
0.000270478
4.02724e-05
0.000255738
3.93461e-05
0.000240822
3.83162e-05
0.000225791
3.7187e-05
0.000210695
3.59633e-05
0.000195577
3.46502e-05
0.000180471
3.32525e-05
0.000165404
3.17752e-05
0.000150393
3.02226e-05
0.000135449
2.85982e-05
0.000120577
2.69031e-05
0.000105774
2.51386e-05
9.104e-05
2.33099e-05
7.63702e-05
2.14198e-05
6.17547e-05
1.94699e-05
4.71805e-05
1.74615e-05
3.26333e-05
1.53951e-05
1.80979e-05
1.32662e-05
3.56102e-06
1.1071e-05
-1.09756e-05
8.8233e-06
-2.54756e-05
6.52289e-06
-3.99477e-05
4.16665e-06
-5.43996e-05
1.75084e-06
-6.88357e-05
-7.2807e-07
-8.32619e-05
-3.27156e-06
-9.7674e-05
-5.88052e-06
-0.000112043
-8.55901e-06
-0.000126376
-1.13118e-05
-0.000140676
-1.41369e-05
-0.000154955
-1.70475e-05
-0.00016919
-2.00592e-05
-0.000183389
-2.31862e-05
-0.000197587
-2.64439e-05
-0.000211829
-2.98704e-05
-0.000226146
-3.35056e-05
-0.000240639
-3.73969e-05
-0.00025544
-4.16076e-05
-0.000270716
-4.6207e-05
-0.000286708
-5.1269e-05
-0.000303718
-5.68625e-05
-0.000322118
-6.30403e-05
-0.000342334
-6.98217e-05
-0.000364827
-7.71744e-05
-0.000390041
-8.49976e-05
-0.000418342
-9.31073e-05
-0.000449936
-0.000101229
-0.00048478
-0.000109
-0.000522496
-0.000115981
-0.0005623
-0.000121676
-0.000602953
-0.000125557
-0.00064273
-0.000127099
-0.000679413
-0.000125812
-0.000710312
-0.000121291
-0.000732294
-0.000113273
-0.000741858
-0.000101708
-0.000735267
-8.68587e-05
-0.000708792
-6.93971e-05
-0.000659139
-5.05024e-05
-0.000584123
-3.1892e-05
-0.000483588
-1.57314e-05
-0.000360378
-4.37456e-06
-0.00022077
-7.3432e-05
9.98671e-07
2.73299e-05
3.45402e-06
7.86937e-05
6.87725e-06
0.0001264
1.0844e-05
0.000170027
1.50083e-05
0.000209276
1.9109e-05
0.000244043
2.29668e-05
0.000274423
2.64761e-05
0.000300672
2.95928e-05
0.000323161
3.23188e-05
0.000342319
3.46878e-05
0.000358583
3.67513e-05
0.000372358
3.85669e-05
0.000383997
4.01903e-05
0.000393784
4.16705e-05
0.000401939
4.30458e-05
0.000408616
4.43447e-05
0.00041392
4.55857e-05
0.000417919
4.67796e-05
0.000420652
4.79307e-05
0.00042214
4.90386e-05
0.000422399
5.00994e-05
0.00042144
5.11067e-05
0.000419277
5.20533e-05
0.000415927
5.29306e-05
0.000411417
5.373e-05
0.000405779
5.44428e-05
0.000399053
5.50605e-05
0.000391286
5.55751e-05
0.000382535
5.59793e-05
0.000372861
5.62667e-05
0.000362332
5.64318e-05
0.000351021
5.64704e-05
0.000339004
5.63795e-05
0.00032636
5.61572e-05
0.000313169
5.58032e-05
0.000299509
5.53182e-05
0.000285459
5.47038e-05
0.000271092
5.39626e-05
0.000256479
5.30991e-05
0.000241686
5.21189e-05
0.000226771
5.10278e-05
0.000211786
4.98316e-05
0.000196773
4.85366e-05
0.000181766
4.71484e-05
0.000166792
4.56728e-05
0.000151869
4.41143e-05
0.000137008
4.24767e-05
0.000122214
4.07621e-05
0.000107489
3.89728e-05
9.28293e-05
3.71122e-05
7.82307e-05
3.51828e-05
6.36842e-05
3.31858e-05
4.91776e-05
3.11214e-05
3.46976e-05
2.89886e-05
2.02307e-05
2.6784e-05
5.76562e-06
2.45077e-05
-8.69931e-06
2.21677e-05
-2.31356e-05
1.97656e-05
-3.75455e-05
1.72997e-05
-5.19336e-05
1.47673e-05
-6.63034e-05
1.21622e-05
-8.06568e-05
9.47681e-06
-9.49886e-05
6.71747e-06
-0.000109284
3.88184e-06
-0.00012354
9.64605e-07
-0.000137758
-2.04011e-06
-0.00015195
-5.13672e-06
-0.000166093
-8.33467e-06
-0.000180191
-1.16487e-05
-0.000194273
-1.50856e-05
-0.000208392
-1.86856e-05
-0.000222546
-2.24812e-05
-0.000236844
-2.65106e-05
-0.000251411
-3.08375e-05
-0.000266389
-3.55264e-05
-0.000282019
-4.06519e-05
-0.000298593
-4.62868e-05
-0.000316483
-5.2494e-05
-0.000336127
-5.9307e-05
-0.000358014
-6.6714e-05
-0.000382634
-7.46384e-05
-0.000410418
-8.29217e-05
-0.000441653
-9.1314e-05
-0.000476387
-9.94735e-05
-0.000514336
-0.000106976
-0.000554798
-0.000113333
-0.000596596
-0.000118016
-0.000638046
-0.000120488
-0.000676941
-0.000120238
-0.000710563
-0.000116823
-0.000735708
-0.000109931
-0.000748751
-9.94475e-05
-0.000745751
-8.55587e-05
-0.000722681
-6.88627e-05
-0.000675835
-5.04789e-05
-0.000602507
-3.21046e-05
-0.000501962
-1.59468e-05
-0.000376535
-4.46786e-06
-0.000232249
-7.78999e-05
1.03834e-06
2.62916e-05
3.6244e-06
7.61076e-05
7.27409e-06
0.00012275
1.15601e-05
0.000165741
1.61271e-05
0.000204709
2.06998e-05
0.000239471
2.50824e-05
0.00027004
2.91526e-05
0.000296601
3.28501e-05
0.000319464
3.61633e-05
0.000339006
3.91147e-05
0.000355631
4.17481e-05
0.000369725
4.41161e-05
0.000381629
4.62722e-05
0.000391628
4.82646e-05
0.000399946
5.01324e-05
0.000406748
5.1905e-05
0.000412148
5.36026e-05
0.000416222
5.52367e-05
0.000419017
5.68125e-05
0.000420565
5.83297e-05
0.000420882
5.97844e-05
0.000419986
6.11701e-05
0.000417891
6.24787e-05
0.000414619
6.37012e-05
0.000410195
6.48284e-05
0.000404652
6.58507e-05
0.00039803
6.67593e-05
0.000390378
6.75457e-05
0.000381749
6.82023e-05
0.000372205
6.87227e-05
0.000361812
6.91013e-05
0.000350642
6.93341e-05
0.000338771
6.94184e-05
0.000326275
6.93531e-05
0.000313234
6.91383e-05
0.000299724
6.87755e-05
0.000285822
6.82671e-05
0.0002716
6.76171e-05
0.000257129
6.68308e-05
0.000242472
6.59146e-05
0.000227687
6.48753e-05
0.000212826
6.37199e-05
0.000197929
6.24553e-05
0.000183031
6.10882e-05
0.000168159
5.96246e-05
0.000153332
5.80698e-05
0.000138563
5.64278e-05
0.000123856
5.47017e-05
0.000109215
5.28938e-05
9.46371e-05
5.10069e-05
8.01177e-05
4.90426e-05
6.56485e-05
4.70015e-05
5.12187e-05
4.48828e-05
3.68163e-05
4.26848e-05
2.24287e-05
4.04059e-05
8.04458e-06
3.80487e-05
-6.34216e-06
3.56181e-05
-2.0705e-05
3.31144e-05
-3.50418e-05
3.05355e-05
-4.93548e-05
2.78787e-05
-6.36465e-05
2.51389e-05
-7.79171e-05
2.23122e-05
-9.21618e-05
1.94008e-05
-0.000106372
1.64048e-05
-0.000120544
1.33215e-05
-0.000134675
1.01381e-05
-0.000148767
6.85367e-06
-0.000162809
3.46468e-06
-0.000176802
-4.2438e-08
-0.000190766
-3.68575e-06
-0.000204749
-7.48262e-06
-0.00021875
-1.14645e-05
-0.000232862
-1.56616e-05
-0.000247214
-2.01387e-05
-0.000261912
-2.49504e-05
-0.000277208
-3.0172e-05
-0.000293371
-3.58772e-05
-0.000310778
-4.21365e-05
-0.000329867
-4.89958e-05
-0.000351154
-5.64606e-05
-0.000375169
-6.44774e-05
-0.000402401
-7.29128e-05
-0.000433217
-8.15421e-05
-0.000467758
-9.00461e-05
-0.000505832
-9.80185e-05
-0.000546825
-0.000104982
-0.000589633
-0.000110411
-0.000632617
-0.000113763
-0.00067359
-0.000114507
-0.000709818
-0.000112172
-0.000738044
-0.000106395
-0.000754527
-9.70008e-05
-0.000755145
-8.40987e-05
-0.000735583
-6.82065e-05
-0.000691727
-5.03767e-05
-0.000620337
-3.22773e-05
-0.000520061
-1.61487e-05
-0.000392664
-4.55953e-06
-0.000243838
-8.24594e-05
1.07104e-06
2.52205e-05
3.77052e-06
7.34082e-05
7.62275e-06
0.000118898
1.22009e-05
0.000161163
1.71432e-05
0.000199767
2.21622e-05
0.000234452
2.70474e-05
0.000265155
3.166e-05
0.000291989
3.59243e-05
0.0003152
3.98143e-05
0.000335116
4.33414e-05
0.000352104
4.65405e-05
0.000366526
4.94588e-05
0.00037871
5.21464e-05
0.00038894
5.46504e-05
0.000397442
5.70102e-05
0.000404388
5.92563e-05
0.000409902
6.14099e-05
0.000414068
6.34838e-05
0.000416944
6.54839e-05
0.000418564
6.74106e-05
0.000418955
6.926e-05
0.000418136
7.10254e-05
0.000416126
7.26986e-05
0.000412946
7.42698e-05
0.000408624
7.57292e-05
0.000403193
7.7067e-05
0.000396693
7.82735e-05
0.000389171
7.93399e-05
0.000380682
8.02583e-05
0.000371286
8.1022e-05
0.000361048
8.16256e-05
0.000350039
8.20651e-05
0.000338332
8.23381e-05
0.000326003
8.24437e-05
0.000313128
8.23826e-05
0.000299785
8.21569e-05
0.000286047
8.177e-05
0.000271987
8.12265e-05
0.000257672
8.05326e-05
0.000243166
7.96954e-05
0.000228525
7.87225e-05
0.000213798
7.76217e-05
0.000199029
7.64007e-05
0.000184252
7.50667e-05
0.000169493
7.36265e-05
0.000154772
7.20856e-05
0.000140103
7.04487e-05
0.000125493
6.87192e-05
0.000110945
6.68998e-05
9.64566e-05
6.49926e-05
8.20249e-05
6.29988e-05
6.76423e-05
6.09183e-05
5.32993e-05
5.87496e-05
3.8985e-05
5.64906e-05
2.46878e-05
5.414e-05
1.03952e-05
5.17022e-05
-3.90438e-06
4.91818e-05
-1.81846e-05
4.65763e-05
-3.24363e-05
4.38831e-05
-4.66616e-05
4.10996e-05
-6.0863e-05
3.82226e-05
-7.504e-05
3.52494e-05
-8.91887e-05
3.218e-05
-0.000103303
2.90138e-05
-0.000117378
2.57484e-05
-0.00013141
2.23769e-05
-0.000145395
1.88979e-05
-0.00015933
1.53095e-05
-0.000173213
1.16041e-05
-0.000187061
7.75385e-06
-0.000200899
3.75265e-06
-0.000214748
-4.28061e-07
-0.000228681
-4.82553e-06
-0.000242816
-9.48298e-06
-0.000257255
-1.44483e-05
-0.000272242
-1.98002e-05
-0.000288019
-2.56058e-05
-0.000304972
-3.19435e-05
-0.00032353
-3.88673e-05
-0.000344231
-4.63984e-05
-0.000367638
-5.45044e-05
-0.000394295
-6.30763e-05
-0.000424646
-7.19145e-05
-0.00045892
-8.07238e-05
-0.000497023
-8.9118e-05
-0.000538431
-9.66342e-05
-0.000582117
-0.000102755
-0.000626496
-0.000106934
-0.000669411
-0.00010863
-0.000708122
-0.000107344
-0.00073933
-0.000102669
-0.000759202
-9.43706e-05
-0.000763444
-8.24792e-05
-0.000747474
-6.74285e-05
-0.000706778
-5.01961e-05
-0.000637569
-3.24109e-05
-0.000537846
-1.63381e-05
-0.000408737
-4.65021e-06
-0.000255526
-8.71096e-05
1.09686e-06
2.41237e-05
3.89239e-06
7.06126e-05
7.92272e-06
0.000114868
1.27648e-05
0.00015632
1.80532e-05
0.000194478
2.34909e-05
0.000229014
2.88539e-05
0.000259792
3.39883e-05
0.000286854
3.88028e-05
0.000310385
4.32574e-05
0.000330662
4.73516e-05
0.00034801
5.11109e-05
0.000362766
5.4576e-05
0.000375245
5.77933e-05
0.000385723
6.0808e-05
0.000394428
6.36593e-05
0.000401537
6.63783e-05
0.000407183
6.89874e-05
0.000411459
7.15008e-05
0.00041443
7.39251e-05
0.00041614
7.62615e-05
0.000416619
7.85065e-05
0.000415891
8.06535e-05
0.000413979
8.26937e-05
0.000410905
8.46173e-05
0.0004067
8.6414e-05
0.000401396
8.80732e-05
0.000395034
8.95849e-05
0.00038766
9.09399e-05
0.000379327
9.21299e-05
0.000370096
9.31479e-05
0.00036003
9.39885e-05
0.000349198
9.46477e-05
0.000337672
9.51232e-05
0.000325527
9.54144e-05
0.000312837
9.55222e-05
0.000299677
9.54494e-05
0.00028612
9.51998e-05
0.000272237
9.47788e-05
0.000258093
9.41932e-05
0.000243752
9.34506e-05
0.000229267
9.25592e-05
0.00021469
9.15276e-05
0.000200061
9.03639e-05
0.000185416
8.9076e-05
0.000170781
8.76711e-05
0.000156177
8.61552e-05
0.000141619
8.45333e-05
0.000127115
8.28094e-05
0.000112669
8.09861e-05
9.82798e-05
7.90656e-05
8.39454e-05
7.70486e-05
6.96593e-05
7.49346e-05
5.54132e-05
7.27219e-05
4.11977e-05
7.04076e-05
2.70021e-05
6.79894e-05
1.28133e-05
6.54725e-05
-1.38748e-06
6.28636e-05
-1.55758e-05
6.01564e-05
-2.97291e-05
5.73484e-05
-4.38536e-05
5.44376e-05
-5.79522e-05
5.14216e-05
-7.20239e-05
4.8298e-05
-8.60651e-05
4.50659e-05
-0.000100071
4.1724e-05
-0.000114036
3.82703e-05
-0.000127956
3.47014e-05
-0.000141826
3.10155e-05
-0.000155644
2.72104e-05
-0.000169408
2.32796e-05
-0.00018313
1.92086e-05
-0.000196827
1.49896e-05
-0.000210529
1.06027e-05
-0.000224294
6.00142e-06
-0.000238215
1.15474e-06
-0.000252408
-3.99396e-06
-0.000267094
-9.50815e-06
-0.000282505
-1.54439e-05
-0.000299036
-2.1889e-05
-0.000317084
-2.88989e-05
-0.000337221
-3.65085e-05
-0.000360029
-4.47054e-05
-0.000386098
-5.34033e-05
-0.000415948
-6.24274e-05
-0.000449896
-7.15071e-05
-0.000487943
-8.02784e-05
-0.00052966
-8.82963e-05
-0.000574099
-9.50542e-05
-0.000619738
-0.000100009
-0.000664455
-0.000102612
-0.00070552
-0.000102342
-0.000739601
-9.87548e-05
-0.000762789
-9.15549e-05
-0.000770643
-8.0697e-05
-0.000758332
-6.65255e-05
-0.00072095
-4.99351e-05
-0.000654159
-3.25049e-05
-0.000555277
-1.65157e-05
-0.000424726
-4.74049e-06
-0.000267301
-9.18501e-05
1.11593e-06
2.30077e-05
3.99018e-06
6.77384e-05
8.17379e-06
0.000110684
1.32507e-05
0.000151243
1.88546e-05
0.000188874
2.46814e-05
0.000223187
3.04953e-05
0.000253978
3.61282e-05
0.000281222
4.14739e-05
0.000305039
4.64786e-05
0.000325657
5.11292e-05
0.00034336
5.54415e-05
0.000358454
5.94489e-05
0.000371238
6.31932e-05
0.000381979
6.6717e-05
0.000390904
7.00589e-05
0.000398195
7.32504e-05
0.000403991
7.63148e-05
0.000408394
7.92674e-05
0.000411478
8.21161e-05
0.000413291
8.48627e-05
0.000413872
8.75043e-05
0.00041325
9.00345e-05
0.000411448
9.24446e-05
0.000408495
9.47245e-05
0.00040442
9.68633e-05
0.000399257
9.88502e-05
0.000393047
0.000100675
0.000385835
0.000102327
0.000377675
0.000103799
0.000368625
0.000105082
0.000358746
0.000106172
0.000348108
0.000107065
0.00033678
0.000107757
0.000324835
0.000108249
0.000312345
0.000108541
0.000299385
0.000108637
0.000286024
0.000108541
0.000272333
0.000108259
0.000258375
0.000107799
0.000244212
0.000107167
0.000229899
0.000106373
0.000215484
0.000105425
0.000201008
0.000104333
0.000186507
0.000103105
0.000172009
0.000101748
0.000157534
0.000100269
0.000143099
9.86726e-05
0.000128711
9.69637e-05
0.000114377
9.51453e-05
0.000100098
9.32191e-05
8.58716e-05
9.11859e-05
7.16924e-05
8.90453e-05
5.75539e-05
8.67955e-05
4.34474e-05
8.44342e-05
2.93634e-05
8.19586e-05
1.52889e-05
7.93666e-05
1.20454e-06
7.66663e-05
-1.28754e-05
7.38554e-05
-2.69182e-05
7.09319e-05
-4.09301e-05
6.78935e-05
-5.49139e-05
6.47376e-05
-6.8868e-05
6.14619e-05
-8.27893e-05
5.80644e-05
-9.66734e-05
5.45438e-05
-0.000110515
5.08981e-05
-0.00012431
4.71251e-05
-0.000138054
4.32233e-05
-0.000151742
3.91904e-05
-0.000165375
3.50218e-05
-0.000178961
3.07097e-05
-0.000192515
2.62459e-05
-0.000206066
2.16147e-05
-0.000219663
1.67884e-05
-0.000233389
1.17405e-05
-0.00024736
6.40698e-06
-0.00026176
7.29028e-07
-0.000276827
-5.36662e-06
-0.000292941
-1.19458e-05
-0.000310505
-1.9066e-05
-0.000330101
-2.67698e-05
-0.000352325
-3.50632e-05
-0.000377805
-4.38808e-05
-0.00040713
-5.3072e-05
-0.000440705
-6.23913e-05
-0.000478624
-7.14982e-05
-0.000520553
-7.99684e-05
-0.000565629
-8.73104e-05
-0.000612396
-9.2989e-05
-0.000658777
-9.64525e-05
-0.000702056
-9.7164e-05
-0.000738889
-9.4646e-05
-0.000765307
-8.85472e-05
-0.000776742
-7.87449e-05
-0.000768135
-6.54911e-05
-0.000734204
-4.95892e-05
-0.000670061
-3.25574e-05
-0.000572309
-1.66815e-05
-0.000440602
-4.83082e-06
-0.000279152
-9.66809e-05
1.12845e-06
2.18793e-05
4.06422e-06
6.48026e-05
8.37609e-06
0.000106372
1.3658e-05
0.000145962
1.95455e-05
0.000182987
2.57299e-05
0.000217003
3.19654e-05
0.000247742
3.80712e-05
0.000275116
4.39268e-05
0.000299184
4.94646e-05
0.000320119
5.46589e-05
0.000338165
5.95151e-05
0.000353598
6.40587e-05
0.000366694
6.83262e-05
0.000377711
7.2357e-05
0.000386873
7.61884e-05
0.000394364
7.98517e-05
0.000400328
8.33711e-05
0.000404875
8.67629e-05
0.000408086
9.00361e-05
0.000410018
9.31936e-05
0.000410715
9.62331e-05
0.00041021
9.91485e-05
0.000408533
0.000101931
0.000405712
0.000104571
0.00040178
0.000107058
0.000396771
0.000109378
0.000390726
0.000111523
0.00038369
0.000113482
0.000375717
0.000115245
0.000366861
0.000116806
0.000357186
0.000118158
0.000346756
0.000119297
0.000335641
0.000120221
0.000323911
0.000120928
0.000311638
0.000121421
0.000298891
0.000121703
0.000285743
0.000121778
0.000272258
0.000121652
0.000258501
0.000121332
0.000244532
0.000120828
0.000230404
0.000120147
0.000216164
0.0001193
0.000201856
0.000118294
0.000187513
0.00011714
0.000173164
0.000115844
0.00015883
0.000114414
0.000144529
0.000112854
0.00013027
0.000111171
0.000116061
0.000109366
0.000101903
0.000107443
8.77951e-05
0.000105401
7.37343e-05
0.00010324
5.97145e-05
0.00010096
4.57281e-05
9.85571e-05
3.17661e-05
9.60294e-05
1.78166e-05
9.33679e-05
3.86599e-06
9.05781e-05
-1.00856e-05
8.76653e-05
-2.40054e-05
8.46282e-05
-3.7893e-05
8.14636e-05
-5.17493e-05
7.81684e-05
-6.55728e-05
7.474e-05
-7.93609e-05
7.11762e-05
-9.31096e-05
6.7475e-05
-0.000106814
6.36348e-05
-0.00012047
5.96537e-05
-0.000134072
5.55303e-05
-0.000147618
5.12628e-05
-0.000161108
4.68479e-05
-0.000174546
4.22807e-05
-0.000187948
3.75544e-05
-0.000201339
3.26575e-05
-0.000214766
2.7572e-05
-0.000228303
2.22738e-05
-0.000242062
1.67219e-05
-0.000256208
1.087e-05
-0.000270975
4.62449e-06
-0.000286695
-2.08699e-06
-0.000303794
-9.3429e-06
-0.000322845
-1.71588e-05
-0.000344509
-2.5558e-05
-0.000369406
-3.44924e-05
-0.000398196
-4.38355e-05
-0.000431361
-5.33667e-05
-0.000469093
-6.27705e-05
-0.000511149
-7.16455e-05
-0.000556754
-7.95191e-05
-0.000604523
-8.58684e-05
-0.000652427
-9.01448e-05
-0.00069778
-9.18015e-05
-0.000737232
-9.03327e-05
-0.000766775
-8.53355e-05
-0.000781739
-7.66109e-05
-0.000776859
-6.43146e-05
-0.0007465
-4.91507e-05
-0.000685225
-3.25643e-05
-0.000588895
-1.68344e-05
-0.000456332
-4.92149e-06
-0.000291064
-0.000101602
1.13463e-06
2.07447e-05
4.11498e-06
6.18223e-05
8.53003e-06
0.000101957
1.39864e-05
0.000140505
2.01246e-05
0.000176849
2.66333e-05
0.000210494
3.32592e-05
0.000241117
3.98097e-05
0.000268565
4.61513e-05
0.000292842
5.22027e-05
0.000314068
5.79256e-05
0.000332442
6.33147e-05
0.000348209
6.8387e-05
0.000361622
7.31727e-05
0.000372926
7.77075e-05
0.000382338
8.20265e-05
0.000390045
8.61609e-05
0.000396193
9.01349e-05
0.000400901
9.3966e-05
0.000404255
9.76642e-05
0.00040632
0.000101233
0.000407146
0.000104672
0.000406771
0.000107975
0.00040523
0.000111134
0.000402554
0.000114138
0.000398776
0.000116976
0.000393932
0.000119638
0.000388064
0.000122111
0.000381218
0.000124384
0.000373443
0.00012645
0.000364796
0.000128299
0.000355337
0.000129925
0.00034513
0.000131325
0.000334242
0.000132494
0.000322742
0.000133433
0.000310698
0.000134143
0.000298182
0.000134627
0.000285259
0.000134889
0.000271996
0.000134936
0.000258454
0.000134775
0.000244693
0.000134415
0.000230764
0.000133864
0.000216715
0.000133133
0.000202587
0.00013223
0.000188416
0.000131163
0.00017423
0.000129943
0.000160051
0.000128574
0.000145897
0.000127064
0.000131781
0.000125417
0.000117708
0.000123636
0.000103683
0.000121724
8.97073e-05
0.000119681
7.5777e-05
0.000117508
6.18882e-05
0.000115201
4.80346e-05
0.000112759
3.4208e-05
0.000110178
2.03981e-05
0.000107451
6.59291e-06
0.000104581
-7.21623e-06
0.000101574
-2.09983e-05
9.84286e-05
-3.47473e-05
9.5141e-05
-4.84617e-05
9.17084e-05
-6.21403e-05
8.81283e-05
-7.57807e-05
8.4398e-05
-8.93794e-05
8.05157e-05
-0.000102932
7.64795e-05
-0.000116434
7.22878e-05
-0.000129881
6.79393e-05
-0.00014327
6.34326e-05
-0.000156601
5.87653e-05
-0.000169879
5.39342e-05
-0.000183117
4.89341e-05
-0.000196339
4.37569e-05
-0.000209589
3.83894e-05
-0.000222936
3.2813e-05
-0.000236486
2.69994e-05
-0.000250395
2.09104e-05
-0.000264886
1.44856e-05
-0.00028027
7.64927e-06
-0.000296958
2.89529e-07
-0.000315485
-7.65354e-06
-0.000336566
-1.61673e-05
-0.000360892
-2.52183e-05
-0.000389145
-3.47007e-05
-0.000421879
-4.44189e-05
-0.000459374
-5.40829e-05
-0.000501485
-6.33166e-05
-0.00054752
-7.16697e-05
-0.00059617
-7.86363e-05
-0.000645461
-8.36766e-05
-0.000692739
-8.624e-05
-0.000734669
-8.57985e-05
-0.000767217
-8.19024e-05
-0.000785636
-7.42776e-05
-0.000784484
-6.29808e-05
-0.000757797
-4.86083e-05
-0.000699598
-3.25192e-05
-0.000604984
-1.69724e-05
-0.000471879
-5.01252e-06
-0.000303024
-0.000106615
1.13472e-06
1.96099e-05
4.14306e-06
5.88139e-05
8.63634e-06
9.74641e-05
1.42365e-05
0.000134905
2.05912e-05
0.000170494
2.73896e-05
0.000203696
3.43724e-05
0.000234134
4.13372e-05
0.0002616
4.81383e-05
0.000286041
5.46812e-05
0.000307525
6.09153e-05
0.000326208
6.6824e-05
0.0003423
7.24154e-05
0.00035603
7.77129e-05
0.000367628
8.27476e-05
0.000377304
8.7552e-05
0.00038524
9.21562e-05
0.000391589
9.65845e-05
0.000396473
0.000100855
0.000399984
0.000104979
0.000402196
0.000108961
0.000403164
0.0001128
0.000402932
0.000116493
0.000401538
0.00012003
0.000399016
0.000123403
0.000395403
0.000126599
0.000390736
0.000129607
0.000385056
0.000132415
0.000378409
0.000135013
0.000370845
0.000137391
0.000362418
0.00013954
0.000353188
0.000141453
0.000343216
0.000143126
0.000332569
0.000144556
0.000321312
0.000145742
0.000309513
0.000146685
0.000297239
0.000147388
0.000284556
0.000147854
0.000271529
0.000148091
0.000258217
0.000148106
0.000244678
0.000147907
0.000230963
0.000147503
0.000217119
0.000146904
0.000203187
0.000146119
0.000189201
0.000145156
0.000175192
0.000144025
0.000161183
0.000142732
0.000147191
0.000141283
0.000133229
0.000139684
0.000119307
0.000137937
0.00010543
0.000136046
9.15983e-05
0.000134011
7.78119e-05
0.000131832
6.40675e-05
0.000129507
5.03601e-05
0.000127032
3.6683e-05
0.000124402
2.30275e-05
0.000121614
9.38127e-06
0.000118669
-4.27175e-06
0.000115574
-1.79029e-05
0.000112324
-3.14979e-05
0.000108917
-4.50546e-05
0.00010535
-5.85729e-05
0.00010162
-7.20504e-05
9.7724e-05
-8.54837e-05
9.36607e-05
-9.88687e-05
8.94281e-05
-0.000112201
8.50247e-05
-0.000125477
8.04491e-05
-0.000138694
7.57002e-05
-0.000151852
7.07765e-05
-0.000164955
6.56757e-05
-0.000178016
6.03943e-05
-0.000191058
5.49265e-05
-0.000204121
4.92629e-05
-0.000217272
4.33895e-05
-0.000230612
3.72853e-05
-0.000244291
3.09212e-05
-0.000258522
2.42553e-05
-0.000273604
1.7232e-05
-0.000289934
9.77644e-06
-0.000308029
1.7564e-06
-0.000328546
-6.86588e-06
-0.00035227
-1.60353e-05
-0.000379975
-2.5647e-05
-0.000412267
-3.5529e-05
-0.000449492
-4.54179e-05
-0.000491596
-5.49651e-05
-0.000537973
-6.37456e-05
-0.000587389
-7.12753e-05
-0.000637931
-7.70287e-05
-0.000686986
-8.04583e-05
-0.000731239
-8.10204e-05
-0.000766655
-7.82237e-05
-0.000788432
-7.17217e-05
-0.000790986
-6.14692e-05
-0.000768049
-4.79463e-05
-0.000713121
-3.24128e-05
-0.000620517
-1.70919e-05
-0.0004872
-5.10358e-06
-0.000315013
-0.000111718
1.12901e-06
1.84809e-05
4.14921e-06
5.57937e-05
8.69603e-06
9.29173e-05
1.44089e-05
0.000129192
2.09455e-05
0.000163957
2.79974e-05
0.000196644
3.53018e-05
0.000226829
4.26482e-05
0.000254254
4.98796e-05
0.00027881
5.68894e-05
0.000300515
6.36145e-05
0.000319483
7.00273e-05
0.000335887
7.61263e-05
0.000349931
8.19275e-05
0.000361827
8.74567e-05
0.000371774
9.27434e-05
0.000379953
9.78156e-05
0.000386517
0.000102697
0.000391591
0.000107407
0.000395274
0.000111957
0.000397646
0.000116353
0.000398768
0.000120595
0.00039869
0.00012468
0.000397453
0.0001286
0.000395097
0.000132344
0.000391658
0.000135903
0.000387177
0.000139264
0.000381695
0.000142416
0.000375258
0.000145347
0.000367914
0.000148046
0.000359718
0.000150506
0.000350728
0.000152719
0.000341004
0.000154679
0.000330608
0.000156384
0.000319607
0.000157832
0.000308065
0.000159024
0.000296047
0.000159961
0.000283619
0.000160649
0.000270841
0.000161094
0.000257773
0.000161302
0.00024447
0.000161281
0.000230984
0.000161041
0.000217359
0.00016059
0.000203637
0.000159939
0.000189853
0.000159096
0.000176036
0.000158068
0.00016221
0.000156864
0.000148394
0.00015549
0.000134603
0.000153951
0.000120846
0.000152251
0.00010713
0.000150391
9.34578e-05
0.000148374
7.98294e-05
0.000146198
6.62434e-05
0.000143862
5.26963e-05
0.000141362
3.91829e-05
0.000138693
2.56964e-05
0.00013585
1.22246e-05
0.000132835
-1.25674e-06
0.000129656
-1.47244e-05
0.000126307
-2.81484e-05
0.000122783
-4.15311e-05
0.000119083
-5.48731e-05
0.000115205
-6.81719e-05
0.000111145
-8.1424e-05
0.000106902
-9.46256e-05
0.000102474
-0.000107773
9.78586e-05
-0.000120862
9.30552e-05
-0.000133891
8.80628e-05
-0.00014686
8.28803e-05
-0.000159773
7.75063e-05
-0.000172642
7.19387e-05
-0.00018549
6.61737e-05
-0.000198356
6.02047e-05
-0.000211303
5.40216e-05
-0.000224429
4.76092e-05
-0.000237878
4.09458e-05
-0.000251859
3.40012e-05
-0.00026666
2.67359e-05
-0.000282669
1.90968e-05
-0.00030039
1.10043e-05
-0.000320453
2.34197e-06
-0.000343607
-6.9175e-06
-0.000370716
-1.66499e-05
-0.000402535
-2.66739e-05
-0.000439468
-3.67528e-05
-0.000481517
-4.65683e-05
-0.000528157
-5.57237e-05
-0.000578234
-6.37608e-05
-0.000629894
-7.0175e-05
-0.000680572
-7.44282e-05
-0.000726986
-7.59681e-05
-0.000765115
-7.42684e-05
-0.000790132
-6.89131e-05
-0.000796341
-5.97532e-05
-0.000777209
-4.71443e-05
-0.00072573
-3.22321e-05
-0.00063543
-1.71873e-05
-0.000502245
-5.19388e-06
-0.000327006
-0.000116912
1.11782e-06
1.73631e-05
4.13429e-06
5.27772e-05
8.71039e-06
8.83412e-05
1.4505e-05
0.000123398
2.11881e-05
0.000157274
2.84563e-05
0.000189376
3.60452e-05
0.00021924
4.3738e-05
0.000246561
5.13681e-05
0.000271179
5.88173e-05
0.000293066
6.60107e-05
0.00031229
7.29095e-05
0.000328988
7.95023e-05
0.000343339
8.57973e-05
0.000355532
9.18143e-05
0.000365757
9.75788e-05
0.000374189
0.000103117
0.000380979
0.000108451
0.000386256
0.0001136
0.000390125
0.000118577
0.000392669
0.000123388
0.000393957
0.000128035
0.000394043
0.000132514
0.000392974
0.000136819
0.000390792
0.000140941
0.000387537
0.000144868
0.000383251
0.000148588
0.000377975
0.00015209
0.000371756
0.000155362
0.000364642
0.000158394
0.000356687
0.000161175
0.000347946
0.000163699
0.000338479
0.00016596
0.000328347
0.000167954
0.000317613
0.000169678
0.00030634
0.000171134
0.000294591
0.000172323
0.00028243
0.000173249
0.000269915
0.000173918
0.000257104
0.000174336
0.000244052
0.000174511
0.000230809
0.000174451
0.000217418
0.000174166
0.000203922
0.000173665
0.000190354
0.000172957
0.000176744
0.000172048
0.000163118
0.000170948
0.000149494
0.000169663
0.000135889
0.000168197
0.000122313
0.000166554
0.000108773
0.000164737
9.52745e-05
0.000162747
8.1819e-05
0.000160585
6.84061e-05
0.000158247
5.50337e-05
0.000155732
4.16978e-05
0.000153036
2.83928e-05
0.000150153
1.51076e-05
0.000147076
1.82059e-06
0.000143812
-1.14612e-05
0.000140363
-2.4699e-05
0.000136725
-3.78933e-05
0.000132896
-5.10438e-05
0.000128872
-6.41481e-05
0.000124651
-7.7203e-05
0.00012023
-9.02049e-05
0.000115608
-0.00010315
0.000110782
-0.000116036
0.000105751
-0.00012886
0.000100515
-0.000141624
9.5073e-05
-0.000154331
8.94243e-05
-0.000166994
8.35679e-05
-0.000179634
7.75016e-05
-0.00019229
7.12215e-05
-0.000205023
6.47209e-05
-0.000217928
5.79891e-05
-0.000231146
5.10108e-05
-0.00024488
4.37645e-05
-0.000259413
3.62222e-05
-0.000275127
2.83479e-05
-0.000292516
2.00929e-05
-0.000312198
1.139e-05
-0.000334905
2.12956e-06
-0.000361455
-7.67986e-06
-0.000392726
-1.78259e-05
-0.000429322
-2.80592e-05
-0.000471284
-3.80973e-05
-0.000518119
-4.75738e-05
-0.000568757
-5.60614e-05
-0.000621406
-6.30817e-05
-0.000673552
-6.81136e-05
-0.000721954
-7.06038e-05
-0.000762625
-6.99979e-05
-0.000790738
-6.58144e-05
-0.000800525
-5.77996e-05
-0.000785224
-4.61761e-05
-0.000737353
-3.19604e-05
-0.000649645
-1.72512e-05
-0.000516954
-5.28204e-06
-0.000338975
-0.000122194
1.10147e-06
1.62616e-05
4.09926e-06
4.97795e-05
8.68094e-06
8.37595e-05
1.45265e-05
0.000117552
2.13205e-05
0.00015048
2.87665e-05
0.00018193
3.66013e-05
0.000211406
4.46034e-05
0.000238559
5.2598e-05
0.000263185
6.04565e-05
0.000285207
6.80926e-05
0.000304654
7.54566e-05
0.000321625
8.2527e-05
0.000336268
8.93037e-05
0.000348755
9.58001e-05
0.000359261
0.000102037
0.000367952
0.000108037
0.000374979
0.000113823
0.000380471
0.000119411
0.000384537
0.000124815
0.000387265
0.000130043
0.000388729
0.000135096
0.000388989
0.000139973
0.000388097
0.000144667
0.000386098
0.000149169
0.000383035
0.000153469
0.000378951
0.000157555
0.000373889
0.000161415
0.000367896
0.000165036
0.00036102
0.000168409
0.000353314
0.000171523
0.000344833
0.00017437
0.000335632
0.000176944
0.000325774
0.00017924
0.000315317
0.000181256
0.000304324
0.000182991
0.000292856
0.000184447
0.000280974
0.000185627
0.000268735
0.000186537
0.000256195
0.000187181
0.000243408
0.000187569
0.000230421
0.000187707
0.00021728
0.000187604
0.000204024
0.000187269
0.000190688
0.000186711
0.000177302
0.000185938
0.000163891
0.000184957
0.000150476
0.000183773
0.000137072
0.000182394
0.000123692
0.000180821
0.000110345
0.000179059
9.70368e-05
0.000177108
8.37698e-05
0.000174969
7.05454e-05
0.00017264
5.73628e-05
0.000170118
4.42193e-05
0.000167401
3.111e-05
0.000164483
1.80257e-05
0.000161352
4.95161e-06
0.000158012
-8.12137e-06
0.00015447
-2.11567e-05
0.000150724
-3.41473e-05
0.00014677
-4.70902e-05
0.000142606
-5.99835e-05
0.000138227
-7.28245e-05
0.000133632
-8.56098e-05
0.000128818
-9.83364e-05
0.000123784
-0.000111002
0.000118528
-0.000123604
0.00011305
-0.000136145
0.000107349
-0.00014863
0.000101426
-0.00016107
9.52799e-05
-0.000173488
8.89109e-05
-0.000185921
8.23171e-05
-0.000198429
7.54947e-05
-0.000211106
6.84374e-05
-0.000224089
6.11351e-05
-0.000237578
5.35737e-05
-0.000251852
4.57346e-05
-0.000267287
3.75944e-05
-0.000284376
2.91248e-05
-0.000303729
2.02899e-05
-0.00032607
1.10374e-05
-0.000352203
1.26712e-06
-0.000382955
-8.94932e-06
-0.000419106
-1.93037e-05
-0.00046093
-2.95171e-05
-0.000507906
-3.92588e-05
-0.000559016
-4.81372e-05
-0.000612528
-5.57067e-05
-0.000665982
-6.147e-05
-0.000716191
-6.4881e-05
-0.000759214
-6.53649e-05
-0.000790254
-6.23801e-05
-0.00080351
-5.55676e-05
-0.000792036
-4.50092e-05
-0.000747912
-3.1576e-05
-0.000663078
-1.72733e-05
-0.000531257
-5.36591e-06
-0.000350883
-0.00012756
1.08033e-06
1.51813e-05
4.04519e-06
4.68146e-05
8.60941e-06
7.91953e-05
1.44756e-05
0.000111686
2.13445e-05
0.000143611
2.89294e-05
0.000174345
3.69698e-05
0.000203365
4.52419e-05
0.000230287
5.35644e-05
0.000254862
6.17993e-05
0.000276973
6.98498e-05
0.000296603
7.76553e-05
0.000313819
8.51846e-05
0.000328739
9.24287e-05
0.000341511
9.9394e-05
0.000352296
0.000106096
0.00036125
0.000112554
0.000368521
0.000118788
0.000374237
0.000124815
0.00037851
0.000130647
0.000381433
0.000136293
0.000383083
0.000141755
0.000383527
0.000147032
0.00038282
0.000152119
0.000381011
0.000157006
0.000378147
0.000161684
0.000374272
0.000166142
0.000369432
0.000170366
0.000363672
0.000174345
0.000357041
0.000178068
0.000349591
0.000181525
0.000341376
0.000184706
0.000332451
0.000187605
0.000322875
0.000190216
0.000312706
0.000192537
0.000302003
0.000194566
0.000290827
0.000196305
0.000279235
0.000197755
0.000267284
0.000198922
0.000255029
0.000199809
0.00024252
0.000200426
0.000229805
0.000200778
0.000216928
0.000200874
0.000203928
0.000200722
0.00019084
0.000200331
0.000177694
0.000199708
0.000164514
0.00019886
0.000151324
0.000197793
0.000138138
0.000196514
0.000124972
0.000195025
0.000111834
0.00019333
9.87322e-05
0.000191429
8.56702e-05
0.000189324
7.26506e-05
0.000187013
5.96739e-05
0.000184493
4.67388e-05
0.000181761
3.3842e-05
0.000178811
2.09766e-05
0.000175632
8.12992e-06
0.000172228
-4.71709e-06
0.000168604
-1.75333e-05
0.000164759
-3.03021e-05
0.000160689
-4.30194e-05
0.000156389
-5.56841e-05
0.000151858
-6.82936e-05
0.000147093
-8.08449e-05
0.000142092
-9.33353e-05
0.000136853
-0.000105763
0.000131375
-0.000118126
0.000125658
-0.000130428
0.000119701
-0.000142673
0.000113505
-0.000154875
0.000107071
-0.000167054
0.0001004
-0.00017925
9.34929e-05
-0.000191522
8.63479e-05
-0.000203961
7.8963e-05
-0.000216704
7.13332e-05
-0.000229948
6.34508e-05
-0.00024397
5.53053e-05
-0.000259142
4.68839e-05
-0.000275954
3.81727e-05
-0.000295017
2.91567e-05
-0.000317054
1.98174e-05
-0.000342864
1.01192e-05
-0.000373257
-2.93374e-08
-0.000408957
-1.04499e-05
-0.000450509
-2.07845e-05
-0.000497571
-3.07324e-05
-0.000549068
-3.99395e-05
-0.000603321
-4.79987e-05
-0.000657923
-5.44438e-05
-0.000709746
-5.87441e-05
-0.000754913
-6.03133e-05
-0.000788685
-5.85559e-05
-0.000805267
-5.30083e-05
-0.000797584
-4.36041e-05
-0.000757316
-3.10521e-05
-0.00067563
-1.72401e-05
-0.000545069
-5.44237e-06
-0.00036268
-0.000133003
1.05477e-06
1.41265e-05
3.97318e-06
4.38962e-05
8.49774e-06
7.46707e-05
1.43547e-05
0.000105829
2.12627e-05
0.000136703
2.89466e-05
0.000166661
3.71513e-05
0.000195161
4.56524e-05
0.000221786
5.42637e-05
0.000246251
6.28394e-05
0.000268397
7.12731e-05
0.000288169
7.94938e-05
0.000305598
8.74604e-05
0.000320772
9.51551e-05
0.000333816
0.000102577
0.000344874
0.000109735
0.000354092
0.000116646
0.00036161
0.000123325
0.000367558
0.000129789
0.000372046
0.000136049
0.000375172
0.000142114
0.000377018
0.000147987
0.000377654
0.000153668
0.00037714
0.00015915
0.000375529
0.000164427
0.00037287
0.000169489
0.000369211
0.000174324
0.000364597
0.00017892
0.000359076
0.000183265
0.000352696
0.000187347
0.000345509
0.000191155
0.000337568
0.000194681
0.000328925
0.000197917
0.000319639
0.000200856
0.000309766
0.000203496
0.000299364
0.000205833
0.000288489
0.000207869
0.000277199
0.000209604
0.000265549
0.000211043
0.00025359
0.00021219
0.000241373
0.000213051
0.000228944
0.000213634
0.000216346
0.000213945
0.000203618
0.000213992
0.000190793
0.000213783
0.000177902
0.000213326
0.000164972
0.000212626
0.000152023
0.000211692
0.000139073
0.000210526
0.000126137
0.000209135
0.000113226
0.000207519
0.000100348
0.000205681
8.75078e-05
0.000203622
7.471e-05
0.00020134
6.19561e-05
0.000198832
4.92462e-05
0.000196096
3.65786e-05
0.000193123
2.39492e-05
0.000189906
1.13471e-05
0.000186445
-1.25581e-06
0.000182749
-1.3838e-05
0.000178813
-2.63654e-05
0.000174632
-3.88384e-05
0.000170204
-5.12563e-05
0.000165527
-6.36164e-05
0.000160598
-7.59159e-05
0.000155415
-8.81523e-05
0.000149976
-0.000100324
0.00014428
-0.000112431
0.000138328
-0.000124475
0.000132119
-0.000136464
0.000125654
-0.00014841
0.000118936
-0.000160336
0.000111967
-0.000172281
0.000104749
-0.000184304
9.72841e-05
-0.000196496
8.95735e-05
-0.000208994
8.16174e-05
-0.000221992
7.34143e-05
-0.000235766
6.49612e-05
-0.000250689
5.62549e-05
-0.000267248
4.72928e-05
-0.000286055
3.8075e-05
-0.000307836
2.86045e-05
-0.000333393
1.88822e-05
-0.000363535
8.89319e-06
-0.000398968
-1.43838e-06
-0.000440178
-1.18455e-05
-0.000487164
-2.19386e-05
-0.000538975
-3.14098e-05
-0.00059385
-3.98965e-05
-0.000649436
-4.69713e-05
-0.000702671
-5.21274e-05
-0.000749757
-5.47771e-05
-0.000786035
-5.42778e-05
-0.000805766
-5.00638e-05
-0.000801798
-4.19133e-05
-0.000765466
-3.03555e-05
-0.000687188
-1.71347e-05
-0.000558289
-5.50714e-06
-0.000374308
-0.00013851
1.02515e-06
1.31014e-05
3.88441e-06
4.10369e-05
8.34796e-06
7.02072e-05
1.41664e-05
0.00010001
2.10779e-05
0.000129792
2.88209e-05
0.000158918
3.71473e-05
0.000186834
4.58347e-05
0.000213098
5.46936e-05
0.000237392
6.35719e-05
0.000259519
7.23546e-05
0.000279387
8.09611e-05
0.000296992
8.93406e-05
0.000312393
9.74663e-05
0.000325691
0.000105329
0.000337011
0.000112933
0.000346488
0.000120289
0.000354255
0.000127409
0.000360437
0.000134308
0.000365147
0.000140996
0.000368484
0.000147482
0.000370533
0.000153768
0.000371368
0.000159854
0.000371053
0.000165737
0.000369646
0.000171408
0.000367199
0.000176859
0.00036376
0.000182077
0.000359378
0.000187052
0.000354101
0.00019177
0.000347978
0.000196219
0.00034106
0.000200389
0.000333397
0.00020427
0.000325045
0.000207853
0.000316056
0.000211133
0.000306487
0.000214103
0.000296393
0.000216762
0.00028583
0.000219109
0.000274853
0.000221144
0.000263513
0.000222871
0.000251864
0.000224292
0.000239951
0.000225414
0.000227822
0.000226242
0.000215518
0.000226784
0.000203076
0.000227046
0.000190531
0.000227035
0.000177913
0.000226759
0.000165248
0.000226224
0.000152558
0.000225435
0.000139862
0.000224399
0.000127174
0.000223118
0.000114507
0.000221595
0.00010187
0.000219833
8.927e-05
0.000217832
7.67114e-05
0.00021559
6.41975e-05
0.000213107
5.17297e-05
0.000210378
3.93077e-05
0.000207398
2.69288e-05
0.000204161
1.45839e-05
0.000200655
2.25035e-06
0.000196889
-1.00717e-05
0.000192864
-2.23406e-05
0.000188579
-3.45529e-05
0.000184029
-4.67068e-05
0.000179213
-5.87999e-05
0.000174126
-7.08296e-05
0.000168768
-8.27941e-05
0.000163136
-9.46921e-05
0.00015723
-0.000106524
0.000151049
-0.000118294
0.000144594
-0.000130009
0.000137866
-0.000141683
0.00013087
-0.00015334
0.000123608
-0.000165019
0.000116085
-0.000176781
0.000108306
-0.000188717
0.000100276
-0.000200963
9.19994e-05
-0.000213716
8.34815e-05
-0.000227249
7.4727e-05
-0.000241934
6.57413e-05
-0.000258262
5.65324e-05
-0.000276846
4.71123e-05
-0.000298416
3.74985e-05
-0.000323779
2.7713e-05
-0.000353749
1.77728e-05
-0.000389028
7.65619e-06
-0.000430061
-2.63774e-06
-0.00047687
-1.2811e-05
-0.000528801
-2.24784e-05
-0.000584182
-3.13277e-05
-0.000640587
-3.89779e-05
-0.000695021
-4.49547e-05
-0.00074378
-4.86795e-05
-0.00078231
-4.94717e-05
-0.000804974
-4.66663e-05
-0.000804603
-3.98807e-05
-0.000772252
-2.94465e-05
-0.000697622
-1.69356e-05
-0.0005708
-5.55446e-06
-0.000385689
-0.000144064
9.91847e-07
1.21095e-05
3.78005e-06
3.82487e-05
8.16218e-06
6.58251e-05
1.39137e-05
9.42589e-05
2.07935e-05
0.000122912
2.85551e-05
0.000151156
3.696e-05
0.000178429
4.57893e-05
0.000204269
5.48526e-05
0.000228329
6.39928e-05
0.000250378
7.30875e-05
0.000270292
8.20474e-05
0.000288032
9.08125e-05
0.000303628
9.9347e-05
0.000317156
0.000107634
0.000328724
0.000115671
0.000338451
0.000123462
0.000346464
0.000131018
0.000352882
0.000138348
0.000357817
0.000145463
0.000361369
0.00015237
0.000363627
0.000159071
0.000364667
0.000165567
0.000364558
0.000171853
0.00036336
0.000177923
0.000361129
0.000183768
0.000357915
0.000189376
0.00035377
0.000194736
0.000348742
0.000199834
0.00034288
0.00020466
0.000336234
0.0002092
0.000328857
0.000213446
0.000320799
0.000217388
0.000312114
0.000221018
0.000302857
0.000224332
0.00029308
0.000227325
0.000282837
0.000229996
0.000272182
0.000232345
0.000261165
0.000234373
0.000249835
0.000236083
0.000238241
0.000237481
0.000226425
0.00023857
0.000214428
0.000239358
0.000202288
0.00023985
0.000190039
0.000240053
0.00017771
0.000239973
0.000165328
0.000239617
0.000152914
0.00023899
0.000140489
0.000238096
0.000128067
0.00023694
0.000115663
0.000235525
0.000103286
0.000233851
9.09434e-05
0.000231921
7.86421e-05
0.000229732
6.6386e-05
0.000227284
5.41777e-05
0.000224574
4.20182e-05
0.000221597
2.9906e-05
0.000218346
1.78349e-05
0.000214806
5.78959e-06
0.000210982
-6.24738e-06
0.000206881
-1.82397e-05
0.000202502
-3.01738e-05
0.000197841
-4.20454e-05
0.000192894
-5.38531e-05
0.000187659
-6.55948e-05
0.000182134
-7.72691e-05
0.000176317
-8.88754e-05
0.000170208
-0.000100415
0.000163806
-0.000111893
0.000157113
-0.000123316
0.000150132
-0.000134701
0.000142865
-0.000146074
0.00013532
-0.000157473
0.000127501
-0.000168962
0.000119417
-0.000180633
0.000111077
-0.000192624
0.000102491
-0.00020513
9.36706e-05
-0.000218428
8.46277e-05
-0.000232891
7.5377e-05
-0.000249012
6.59365e-05
-0.000267406
5.63287e-05
-0.000288808
4.65822e-05
-0.000314033
3.67305e-05
-0.000343897
2.68073e-05
-0.000379105
1.68333e-05
-0.000420087
6.794e-06
-0.000466831
-3.27238e-06
-0.000518735
-1.30623e-05
-0.000574392
-2.22074e-05
-0.000631442
-3.03769e-05
-0.000686852
-3.7138e-05
-0.000737019
-4.19328e-05
-0.000777515
-4.40523e-05
-0.000802855
-4.27378e-05
-0.000805918
-3.74409e-05
-0.000777549
-2.82777e-05
-0.000706785
-1.66168e-05
-0.000582461
-5.57677e-06
-0.000396729
-0.000149641
9.55223e-07
1.11543e-05
3.66124e-06
3.55427e-05
7.94251e-06
6.15438e-05
1.35995e-05
8.86018e-05
2.04128e-05
0.000116099
2.81527e-05
0.000143416
3.65921e-05
0.00016999
4.55177e-05
0.000195343
5.47402e-05
0.000219106
6.40992e-05
0.000241019
7.34663e-05
0.000260925
8.27444e-05
0.000278754
9.18648e-05
0.000294507
0.000100783
0.000308238
0.000109474
0.000320032
0.000117928
0.000329997
0.000126144
0.000338248
0.000134128
0.000344898
0.000141886
0.000350059
0.000149426
0.000353829
0.000156753
0.000356299
0.000163871
0.000357549
0.000170779
0.00035765
0.000177474
0.000356666
0.000183947
0.000354655
0.000190191
0.000351671
0.000196195
0.000347766
0.000201947
0.00034299
0.000207433
0.000337393
0.000212642
0.000331025
0.000217562
0.000323937
0.000222182
0.000316179
0.000226492
0.000307804
0.000230484
0.000298864
0.000234152
0.000289412
0.000237491
0.000279498
0.000240499
0.000269174
0.000243175
0.000258489
0.000245518
0.000247492
0.000247532
0.000236227
0.000249219
0.000224738
0.000250584
0.000213063
0.000251632
0.00020124
0.000252369
0.000189302
0.000252801
0.000177279
0.000252932
0.000165196
0.00025277
0.000153076
0.000252319
0.00014094
0.000251583
0.000128803
0.000250566
0.00011668
0.000249271
0.00010458
0.0002477
9.25145e-05
0.000245853
8.04888e-05
0.000243731
6.85087e-05
0.00024133
5.6578e-05
0.00023865
4.46989e-05
0.000235684
3.28717e-05
0.000232426
2.10932e-05
0.000228863
9.35202e-06
0.000224996
-2.38006e-06
0.000220835
-1.40785e-05
0.000216375
-2.57138e-05
0.000211613
-3.72835e-05
0.000206547
-4.87868e-05
0.000201174
-6.02219e-05
0.000195492
-7.15875e-05
0.000189501
-8.28839e-05
0.000183199
-9.41131e-05
0.000176586
-0.00010528
0.000169666
-0.000116396
0.000162441
-0.000127476
0.000154916
-0.000138549
0.000147098
-0.000149655
0.000138996
-0.00016086
0.000130621
-0.000172258
0.000121986
-0.000183989
0.000113107
-0.000196251
0.000104002
-0.000209323
9.46912e-05
-0.00022358
8.51985e-05
-0.000239519
7.55522e-05
-0.00025776
6.57851e-05
-0.000279041
5.59347e-05
-0.000304182
4.6042e-05
-0.000334005
3.61468e-05
-0.00036921
2.62805e-05
-0.000410221
1.64575e-05
-0.000457008
6.65702e-06
-0.000508935
-3.06721e-06
-0.000564668
-1.2435e-05
-0.000622074
-2.10676e-05
-0.000678219
-2.8576e-05
-0.000729511
-3.44365e-05
-0.000771655
-3.79225e-05
-0.000799369
-3.81888e-05
-0.000805651
-3.45182e-05
-0.000781219
-2.67934e-05
-0.00071451
-1.61464e-05
-0.000593108
-5.5643e-06
-0.000407311
-0.000155205
9.15603e-07
1.02387e-05
3.52906e-06
3.29293e-05
7.69089e-06
5.7382e-05
1.32267e-05
8.30661e-05
1.99392e-05
0.000109386
2.76172e-05
0.000135738
3.60465e-05
0.000161561
4.50219e-05
0.000186368
5.43566e-05
0.000209772
6.38892e-05
0.000231487
7.34865e-05
0.000251327
8.30447e-05
0.000269196
9.24872e-05
0.000285065
0.000101761
0.000298964
0.000110834
0.00031096
0.000119687
0.000321144
0.000128315
0.00032962
0.000136717
0.000336497
0.000144897
0.000341879
0.000152859
0.000345867
0.000160607
0.000348551
0.000168143
0.000350013
0.000175466
0.000350327
0.000182572
0.00034956
0.000189454
0.000347773
0.000196103
0.000345022
0.000202508
0.000341361
0.000208658
0.00033684
0.00021454
0.000331512
0.000220141
0.000325425
0.000225448
0.000318629
0.000230451
0.000311176
0.000235139
0.000303116
0.000239503
0.0002945
0.000243536
0.000285379
0.000247233
0.000275801
0.000250589
0.000265817
0.000253603
0.000255475
0.000256275
0.00024482
0.000258604
0.000233897
0.000260595
0.000222747
0.00026225
0.000211408
0.000263573
0.000199917
0.000264569
0.000188306
0.000265243
0.000176604
0.000265601
0.000164838
0.000265647
0.000153031
0.000265386
0.000141201
0.000264822
0.000129367
0.000263958
0.000117543
0.000262798
0.000105741
0.000261343
9.39696e-05
0.000259594
8.22381e-05
0.00025755
7.05525e-05
0.00025521
5.89177e-05
0.000252572
4.7337e-05
0.000249632
3.58122e-05
0.000246382
2.43427e-05
0.000242814
1.29201e-05
0.000238918
1.51665e-06
0.000234704
-9.86504e-06
0.000230173
-2.11821e-05
0.000225321
-3.24318e-05
0.000220147
-4.36124e-05
0.000214647
-5.47225e-05
0.000208821
-6.57613e-05
0.000202667
-7.67296e-05
0.000196184
-8.76305e-05
0.000189374
-9.84706e-05
0.00018224
-0.000109261
0.000174784
-0.000120021
0.000167015
-0.000130779
0.000158941
-0.000141581
0.000150572
-0.000152491
0.000141924
-0.00016361
0.000133015
-0.00017508
0.000123865
-0.000187102
0.000114501
-0.000199958
0.00010495
-0.00021403
9.52481e-05
-0.000229817
8.54328e-05
-0.000247944
7.55476e-05
-0.000269156
6.56383e-05
-0.000294273
5.57508e-05
-0.000324117
4.59252e-05
-0.000359384
3.61888e-05
-0.000400484
2.65505e-05
-0.000447369
1.69982e-05
-0.000499382
7.50054e-06
-0.000555171
-1.89546e-06
-0.000612678
-1.09355e-05
-0.000669179
-1.91525e-05
-0.000721294
-2.60771e-05
-0.00076473
-3.09725e-05
-0.000794473
-3.29181e-05
-0.000803706
-3.10264e-05
-0.000783111
-2.4929e-05
-0.000720608
-1.54865e-05
-0.000602551
-5.50466e-06
-0.000417293
-0.00016071
8.73265e-07
9.36545e-06
3.38438e-06
3.04181e-05
7.40902e-06
5.33573e-05
1.27976e-05
7.76775e-05
1.93758e-05
0.000102808
2.69517e-05
0.000128162
3.53262e-05
0.000153186
4.43038e-05
0.00017739
5.37026e-05
0.000200373
6.33615e-05
0.000221828
7.31445e-05
0.000241544
8.29421e-05
0.000259398
9.26706e-05
0.000275336
0.000102269
0.000289365
0.000111698
0.000301531
0.000120931
0.000311911
0.000129955
0.000320596
0.000138764
0.000327687
0.000147358
0.000333285
0.000155739
0.000337487
0.000163906
0.000340383
0.000171861
0.000342058
0.000179601
0.000342587
0.000187122
0.000342039
0.000194417
0.000340478
0.000201476
0.000337963
0.00020829
0.000334547
0.000214845
0.000330285
0.000221129
0.000325228
0.000227129
0.000319425
0.000232832
0.000312926
0.000238226
0.000305782
0.000243301
0.000298042
0.000248046
0.000289755
0.000252455
0.00028097
0.000256519
0.000271737
0.000260235
0.000262102
0.000263599
0.000252111
0.000266611
0.000241809
0.000269269
0.000231239
0.000271576
0.00022044
0.000273533
0.000209451
0.000275144
0.000198306
0.000276413
0.000187037
0.000277344
0.000175674
0.000277941
0.000164241
0.000278209
0.000152762
0.000278153
0.000141258
0.000277775
0.000129745
0.000277079
0.000118239
0.000276068
0.000106752
0.000274743
9.52947e-05
0.000273105
8.38763e-05
0.000271153
7.25038e-05
0.000268888
6.11832e-05
0.000266306
4.99189e-05
0.000263404
3.87139e-05
0.000260178
2.75688e-05
0.00025662
1.64784e-05
0.000252711
5.42601e-06
0.000248455
-5.60929e-06
0.000243864
-1.6591e-05
0.000238936
-2.75037e-05
0.000233667
-3.83435e-05
0.000228055
-4.91104e-05
0.000222098
-5.98043e-05
0.000215795
-7.04269e-05
0.000209147
-8.09823e-05
0.000202155
-9.14785e-05
0.000194822
-0.000101929
0.000187154
-0.000112353
0.000179159
-0.000122784
0.000170847
-0.000133269
0.000162234
-0.000143878
0.000153337
-0.000154713
0.000144179
-0.000165922
0.000134789
-0.000177711
0.000125198
-0.000190367
0.000115446
-0.000204278
0.000105577
-0.000219948
9.56416e-05
-0.000238009
8.56929e-05
-0.000259207
7.57849e-05
-0.000284365
6.59666e-05
-0.000314299
5.62742e-05
-0.000349692
4.6723e-05
-0.000390933
3.73014e-05
-0.000437948
2.79723e-05
-0.000490053
1.86848e-05
-0.000545883
9.40417e-06
-0.000603397
1.73955e-07
-0.000659949
-8.73719e-06
-0.000712383
-1.67267e-05
-0.000756741
-2.30795e-05
-0.000788121
-2.68115e-05
-0.000799974
-2.68677e-05
-0.000783055
-2.26106e-05
-0.000724865
-1.45922e-05
-0.000610569
-5.38233e-06
-0.000426503
-0.000166092
8.28408e-07
8.53704e-06
3.22784e-06
2.80187e-05
7.09809e-06
4.94871e-05
1.2314e-05
7.24616e-05
1.87247e-05
9.63972e-05
2.61588e-05
0.000120728
3.44336e-05
0.000144911
4.33652e-05
0.000168459
5.27787e-05
0.000190959
6.25151e-05
0.000212091
7.24371e-05
0.000231622
8.24311e-05
0.000249404
9.24071e-05
0.000265361
0.000102297
0.000279475
0.000112053
0.000291775
0.000121642
0.000302321
0.000131045
0.000311194
0.000140249
0.000318483
0.000149248
0.000324285
0.000158041
0.000328694
0.000166626
0.000331799
0.000174999
0.000333684
0.000183158
0.000334427
0.000191098
0.0003341
0.00019881
0.000332766
0.000206285
0.000330487
0.000213512
0.00032732
0.000220479
0.000323319
0.000227172
0.000318534
0.000233579
0.000313018
0.000239686
0.000306819
0.00024548
0.000299988
0.000250951
0.000292571
0.000256086
0.000284619
0.000260879
0.000276178
0.000265321
0.000267295
0.000269407
0.000258016
0.000273132
0.000248385
0.000276495
0.000238447
0.000279493
0.000228241
0.000282127
0.000217806
0.000284399
0.000207179
0.000286311
0.000196395
0.000287865
0.000185483
0.000289066
0.000174473
0.000289917
0.00016339
0.000290421
0.000152258
0.000290582
0.000141096
0.000290404
0.000129923
0.00028989
0.000118753
0.000289042
0.0001076
0.00028786
9.64759e-05
0.000286347
8.53893e-05
0.000284502
7.43488e-05
0.000282325
6.33609e-05
0.000279812
5.24312e-05
0.000276962
4.15639e-05
0.00027377
3.07611e-05
0.000270227
2.00215e-05
0.000266319
9.33435e-06
0.000262042
-1.33297e-06
0.000257413
-1.19619e-05
0.000252426
-2.25166e-05
0.000247079
-3.29964e-05
0.00024137
-4.34017e-05
0.000235299
-5.37331e-05
0.000228865
-6.39928e-05
0.000222069
-7.41862e-05
0.000214913
-8.43227e-05
0.000207402
-9.44175e-05
0.000199543
-0.000104494
0.000191344
-0.000114586
0.000182821
-0.000124746
0.00017399
-0.000135047
0.000164875
-0.000145598
0.000155502
-0.00015655
0.000145909
-0.000168117
0.000136135
-0.000180593
0.00012623
-0.000194373
0.00011625
-0.000209968
0.000106256
-0.000228015
9.63137e-05
-0.000249264
8.64829e-05
-0.000274534
7.68142e-05
-0.00030463
6.73364e-05
-0.000340214
5.80468e-05
-0.000381644
4.89047e-05
-0.000428806
3.98341e-05
-0.000480983
3.07392e-05
-0.000536788
2.15334e-05
-0.000594191
1.219e-05
-0.000650605
2.78789e-06
-0.000702981
-6.23771e-06
-0.000747715
-1.41072e-05
-0.000780251
-1.97429e-05
-0.000794338
-2.19328e-05
-0.000780865
-1.97546e-05
-0.000727043
-1.34118e-05
-0.000616912
-5.17813e-06
-0.000434737
-0.00017127
7.81107e-07
7.75593e-06
3.05968e-06
2.57401e-05
6.75858e-06
4.57882e-05
1.17769e-05
6.74433e-05
1.79873e-05
9.01868e-05
2.52399e-05
0.000113476
3.337e-05
0.000136781
4.22072e-05
0.000159622
5.1585e-05
0.000181582
6.13489e-05
0.000202328
7.13617e-05
0.00022161
8.15069e-05
0.000239259
9.16894e-05
0.000255178
0.000101835
0.000269329
0.000111888
0.000281722
0.000121808
0.000292401
0.000131569
0.000301433
0.000141152
0.0003089
0.000150546
0.000314891
0.000159745
0.000319495
0.000168742
0.000322801
0.000177533
0.000324893
0.000186113
0.000325848
0.000194473
0.000325739
0.000202607
0.000324633
0.000210503
0.000322591
0.00021815
0.000319673
0.000225535
0.000315933
0.000232645
0.000311424
0.000239466
0.000306197
0.000245984
0.000300301
0.000252186
0.000293785
0.00025806
0.000286697
0.000263595
0.000279084
0.000268782
0.000270991
0.000273611
0.000262466
0.000278076
0.000253551
0.000282172
0.000244289
0.000285896
0.000234723
0.000289244
0.000224892
0.000292218
0.000214833
0.000294816
0.000204581
0.00029704
0.000194171
0.000298892
0.000183631
0.000300374
0.00017299
0.00030149
0.000162274
0.000302243
0.000151505
0.000302636
0.000140703
0.000302672
0.000129887
0.000302352
0.000119072
0.00030168
0.000108272
0.000300657
9.74993e-05
0.000299283
8.67633e-05
0.000297558
7.60733e-05
0.000295483
6.54366e-05
0.000293054
5.48597e-05
0.00029027
4.43476e-05
0.000287127
3.3904e-05
0.000283619
2.35295e-05
0.000279736
1.32175e-05
0.00027546
2.94364e-06
0.000270801
-7.30331e-06
0.000265767
-1.7483e-05
0.000260358
-2.75871e-05
0.000254571
-3.76143e-05
0.000248404
-4.75665e-05
0.000241858
-5.74473e-05
0.000234936
-6.72633e-05
0.000227639
-7.70258e-05
0.000219973
-8.67522e-05
0.000211948
-9.64685e-05
0.000203575
-0.000106213
0.000194871
-0.000116042
0.000185857
-0.000126033
0.000176561
-0.000136302
0.000167017
-0.000147006
0.000157269
-0.000158368
0.000147367
-0.000170691
0.000137371
-0.000184377
0.000127349
-0.000199947
0.000117376
-0.000218042
0.000107526
-0.000239414
9.78649e-05
-0.000264874
8.84429e-05
-0.000295208
7.92769e-05
-0.000331048
7.03404e-05
-0.000372707
6.15564e-05
-0.000420022
5.28022e-05
-0.000472228
4.39271e-05
-0.000527913
3.47858e-05
-0.00058505
2.52847e-05
-0.000641104
1.54378e-05
-0.000693134
5.48935e-06
-0.000737767
-3.89425e-06
-0.000770867
-1.15775e-05
-0.000786655
-1.61028e-05
-0.00077634
-1.62684e-05
-0.000726877
-1.18863e-05
-0.000621294
-4.86875e-06
-0.000441754
-0.000176139
7.3126e-07
7.02467e-06
2.87952e-06
2.35919e-05
6.38993e-06
4.22778e-05
1.11854e-05
6.26478e-05
1.71628e-05
8.42094e-05
2.41945e-05
0.000106444
3.2135e-05
0.000128841
4.08291e-05
0.000150928
5.01206e-05
0.00017229
5.98611e-05
0.000192587
6.99152e-05
0.000211555
8.01649e-05
0.000229009
9.05112e-05
0.000244832
0.000100874
0.000258967
0.000111191
0.000271406
0.000121414
0.000282177
0.000131511
0.000291337
0.000141456
0.000298955
0.000151232
0.000305114
0.000160827
0.0003099
0.000170233
0.000313396
0.00017944
0.000315686
0.00018844
0.000316848
0.000197224
0.000316954
0.000205783
0.000316074
0.000214105
0.000314269
0.000222178
0.000311601
0.000229988
0.000308123
0.000237521
0.000303891
0.000244763
0.000298955
0.0002517
0.000293365
0.000258317
0.000287168
0.000264603
0.000280411
0.000270546
0.000273142
0.000276134
0.000265403
0.000281358
0.000257241
0.000286212
0.000248697
0.000290688
0.000239813
0.000294782
0.000230629
0.000298492
0.000221183
0.000301814
0.00021151
0.000304748
0.000201647
0.000307295
0.000191623
0.000309456
0.00018147
0.000311232
0.000171214
0.000312626
0.00016088
0.00031364
0.000150491
0.000314277
0.000140067
0.000314539
0.000129626
0.000314428
0.000119184
0.000313945
0.000108755
0.000313094
9.83513e-05
0.000311873
8.79843e-05
0.000310283
7.76631e-05
0.000308323
6.73959e-05
0.000305993
5.71897e-05
0.000303291
4.70504e-05
0.000300212
3.69826e-05
0.000296753
2.69888e-05
0.000292904
1.70662e-05
0.000288647
7.20103e-06
0.000283981
-2.63799e-06
0.000278925
-1.24266e-05
0.000273475
-2.21372e-05
0.00026763
-3.17697e-05
0.000261391
-4.13271e-05
0.000254758
-5.08142e-05
0.000247734
-6.02391e-05
0.000240323
-6.96151e-05
0.000232533
-7.89622e-05
0.000224374
-8.83098e-05
0.000215862
-9.77007e-05
0.000207016
-0.000107195
0.000197862
-0.000116879
0.000188433
-0.000126873
0.000178772
-0.000137345
0.00016893
-0.000148526
0.000158969
-0.00016073
0.00014896
-0.000174369
0.000138985
-0.000189972
0.000129128
-0.000208186
0.000119475
-0.000229761
0.000110097
-0.000255495
0.000101036
-0.000286148
9.22945e-05
-0.000322306
8.38142e-05
-0.000364227
7.54755e-05
-0.000411683
6.71017e-05
-0.000463855
5.8482e-05
-0.000519293
4.94073e-05
-0.000575975
3.9718e-05
-0.000631415
2.93646e-05
-0.00068278
1.85015e-05
-0.000726903
7.63934e-06
-0.000760005
-2.14647e-06
-0.000776869
-9.25563e-06
-0.000769231
-1.2054e-05
-0.000724079
-9.95155e-06
-0.000623396
-4.42675e-06
-0.000447279
-0.000180566
6.78515e-07
6.34616e-06
2.68625e-06
2.15841e-05
5.99015e-06
3.89739e-05
1.05371e-05
5.81009e-05
1.62484e-05
7.84981e-05
2.30197e-05
9.96724e-05
3.07259e-05
0.000121135
3.92282e-05
0.000142425
4.83829e-05
0.000163136
5.80487e-05
0.000182921
6.80939e-05
0.00020151
7.84004e-05
0.000218703
8.88662e-05
0.000234366
9.94062e-05
0.000248427
0.000109952
0.00026086
0.000120449
0.00027168
0.000130857
0.000280929
0.000141145
0.000288668
0.000151288
0.000294971
0.000161271
0.000299917
0.000171077
0.000303589
0.000180696
0.000306067
0.000190116
0.000307428
0.000199326
0.000307745
0.000208313
0.000307086
0.000217066
0.000305517
0.000225569
0.000303097
0.00023381
0.000299883
0.000241773
0.000295928
0.000249444
0.000291285
0.000256807
0.000286002
0.000263848
0.000280127
0.000270553
0.000273706
0.00027691
0.000266784
0.000282908
0.000259406
0.000288536
0.000251613
0.000293786
0.000243447
0.000298651
0.000234948
0.000303125
0.000226155
0.000307203
0.000217104
0.000310884
0.00020783
0.000314165
0.000198366
0.000317045
0.000188743
0.000319525
0.00017899
0.000321606
0.000169133
0.000323289
0.000159197
0.000324575
0.000149204
0.000325468
0.000139174
0.000325968
0.000129125
0.000326078
0.000119074
0.000325799
0.000109034
0.000325132
9.90182e-05
0.000324078
8.90383e-05
0.000322637
7.9104e-05
0.000320809
6.9224e-05
0.000318593
5.9406e-05
0.000315987
4.96566e-05
0.000312988
3.99812e-05
0.000309593
3.03835e-05
0.000305795
2.08643e-05
0.000301581
1.14153e-05
0.000296936
2.00686e-06
0.000291877
-7.36729e-06
0.000286408
-1.66685e-05
0.000280531
-2.58923e-05
0.000274245
-3.50414e-05
0.000267553
-4.41221e-05
0.000260458
-5.31444e-05
0.000252967
-6.21239e-05
0.000245089
-7.10837e-05
0.000236836
-8.00574e-05
0.000228228
-8.90924e-05
0.000219288
-9.82553e-05
0.000210048
-0.000107639
0.000200548
-0.000117373
0.000190838
-0.000127635
0.000180979
-0.000138668
0.000171045
-0.000150796
0.00016112
-0.000164444
0.000151299
-0.00018015
0.000141679
-0.000198566
0.000132351
-0.000220433
0.000123388
-0.000246531
0.000114822
-0.000277582
0.000106631
-0.000314115
9.87196e-05
-0.000356315
9.09168e-05
-0.00040388
8.29857e-05
-0.000455923
7.46512e-05
-0.000510959
6.5639e-05
-0.000566963
5.57261e-05
-0.000621502
4.48003e-05
-0.000671855
3.29455e-05
-0.000715049
2.0572e-05
-0.000747632
8.61855e-06
-0.000764916
-1.24032e-06
-0.000759372
-7.01304e-06
-0.000718306
-7.54349e-06
-0.000622866
-3.82281e-06
-0.000451
-0.000184389
6.22187e-07
5.72397e-06
2.47771e-06
1.97286e-05
5.55547e-06
3.58961e-05
9.82682e-06
5.38295e-05
1.52382e-05
7.30868e-05
2.17094e-05
9.32012e-05
2.91367e-05
0.000113707
3.73992e-05
0.000134163
4.63666e-05
0.000154168
5.59069e-05
0.000173381
6.58931e-05
0.000191524
7.62082e-05
0.000208388
8.67485e-05
0.000223826
9.74249e-05
0.00023775
0.000108163
0.000250122
0.000118903
0.00026094
0.000129596
0.000270235
0.000140205
0.000278059
0.0001507
0.000284476
0.000161057
0.00028956
0.000171257
0.000293389
0.000181283
0.000296041
0.000191121
0.00029759
0.000200757
0.000298109
0.000210175
0.000297668
0.000219362
0.00029633
0.000228302
0.000294157
0.000236979
0.000291205
0.000245379
0.000287529
0.000253484
0.000283179
0.00026128
0.000278206
0.000268751
0.000272655
0.000275883
0.000266574
0.000282663
0.000260004
0.000289078
0.000252991
0.000295117
0.000245573
0.000300772
0.000237793
0.000306033
0.000229687
0.000310894
0.000221294
0.00031535
0.000212648
0.000319398
0.000203783
0.000323034
0.00019473
0.000326256
0.00018552
0.000329065
0.000176181
0.00033146
0.000166738
0.000333443
0.000157215
0.000335013
0.000147634
0.000336173
0.000138014
0.000336924
0.000128374
0.000337267
0.00011873
0.000337204
0.000109097
0.000336735
9.94865e-05
0.000335863
8.99112e-05
0.000334585
8.03812e-05
0.000332904
7.09057e-05
0.000330817
6.14928e-05
0.000328324
5.21496e-05
0.000325423
4.28822e-05
0.000322111
3.36953e-05
0.000318384
2.45909e-05
0.000314234
1.55656e-05
0.000309638
6.60325e-06
0.000304599
-2.32866e-06
0.00029914
-1.1209e-05
0.000293259
-2.00115e-05
0.000286958
-2.8741e-05
0.000280242
-3.74054e-05
0.000273114
-4.60167e-05
0.000265584
-5.45933e-05
0.000257662
-6.31619e-05
0.000249365
-7.17608e-05
0.000240716
-8.04432e-05
0.000231743
-8.92827e-05
0.000222485
-9.8381e-05
0.000212989
-0.000107877
0.000203316
-0.000117961
0.000193537
-0.000128889
0.000183739
-0.000140997
0.000174019
-0.000154724
0.000164485
-0.000170617
0.000155245
-0.000189326
0.000146395
-0.000211583
0.000138002
-0.000238139
0.000130083
-0.000269663
0.000122582
-0.000306614
0.000115357
-0.000349091
0.000108179
-0.000396701
0.000100743
-0.000448488
9.27082e-05
-0.000502924
8.37347e-05
-0.00055799
7.35397e-05
-0.000611307
6.1954e-05
-0.000660269
4.90011e-05
-0.000702096
3.50165e-05
-0.000733647
2.08377e-05
-0.000750737
8.03758e-06
-0.000746572
-1.06442e-06
-0.000709204
-4.60109e-06
-0.000619329
-3.03216e-06
-0.000452569
-0.000187421
5.61169e-07
5.1628e-06
2.2505e-06
1.80393e-05
5.08e-06
3.30666e-05
9.04662e-06
4.98629e-05
1.41229e-05
6.80104e-05
2.02538e-05
8.70704e-05
2.7358e-05
0.000106603
3.53333e-05
0.000126187
4.40641e-05
0.000145437
5.34287e-05
0.000164016
6.33063e-05
0.000181647
7.35822e-05
0.000198112
8.4152e-05
0.000213256
9.49234e-05
0.000226979
0.000105817
0.000239228
0.000116767
0.00024999
0.000127718
0.000259285
0.000138625
0.000267152
0.000149453
0.000273649
0.000160171
0.000278842
0.000170755
0.000282806
0.000181183
0.000285613
0.000191436
0.000287336
0.000201496
0.000288049
0.000211347
0.000287817
0.000220971
0.000286706
0.000230352
0.000284777
0.000239471
0.000282086
0.000248313
0.000278687
0.00025686
0.000274632
0.000265095
0.00026997
0.000273004
0.000264747
0.000280569
0.000259008
0.000287779
0.000252795
0.000294618
0.000246151
0.000301075
0.000239116
0.000307141
0.000231727
0.000312806
0.000224023
0.000318062
0.000216038
0.000322903
0.000207806
0.000327325
0.000199361
0.000331324
0.000190731
0.000334898
0.000181947
0.000338044
0.000173035
0.000340764
0.000164019
0.000343055
0.000154924
0.000344919
0.000145769
0.000346357
0.000136576
0.00034737
0.000127361
0.000347959
0.000118142
0.000348125
0.000108931
0.000347869
9.97426e-05
0.000347192
9.05886e-05
0.000346094
8.14795e-05
0.000344574
7.24248e-05
0.000342634
6.34329e-05
0.000340272
5.45114e-05
0.000337488
4.56667e-05
0.000334279
3.6904e-05
0.000330644
2.82266e-05
0.000326575
1.96343e-05
0.00032206
1.11179e-05
0.000317084
2.64774e-06
0.000311665
-5.78974e-06
0.000305815
-1.41615e-05
0.000299538
-2.24647e-05
0.00029284
-3.07068e-05
0.000285726
-3.89028e-05
0.000278207
-4.70744e-05
0.000270298
-5.5253e-05
0.000262019
-6.34821e-05
0.000253398
-7.18218e-05
0.000244469
-8.03542e-05
0.000235279
-8.91907e-05
0.000225884
-9.84825e-05
0.000216355
-0.000108432
0.000206777
-0.000119311
0.000197249
-0.00013147
0.000187884
-0.000145359
0.000178801
-0.000161533
0.000170114
-0.000180639
0.000161921
-0.00020339
0.000154277
-0.000230494
0.000147171
-0.000262558
0.000140507
-0.00029995
0.000134084
-0.000342668
0.000127607
-0.000390224
0.0001207
-0.000441582
0.000112953
-0.000495177
0.000103964
-0.000549001
9.33942e-05
-0.000600737
8.10257e-05
-0.0006479
6.68322e-05
-0.000687902
5.10895e-05
-0.000717905
3.45579e-05
-0.000734205
1.87307e-05
-0.000730745
5.97807e-06
-0.000696452
-1.10193e-06
-0.000612249
-2.04342e-06
-0.000451627
-0.000189464
4.93849e-07
4.66895e-06
1.99987e-06
1.65333e-05
4.55558e-06
3.05109e-05
8.18555e-06
4.62329e-05
1.289e-05
6.3306e-05
1.86397e-05
8.13206e-05
2.53767e-05
9.98662e-05
3.30185e-05
0.000118546
4.14648e-05
0.000136991
5.06053e-05
0.000154876
6.03261e-05
0.000171926
7.0516e-05
0.000187922
8.10709e-05
0.000202701
9.1896e-05
0.000216154
0.000102908
0.000228216
0.000114034
0.000238864
0.000125214
0.000248105
0.000136397
0.00025597
0.000147538
0.000262507
0.000158602
0.000267778
0.000169558
0.000271849
0.00018038
0.000274791
0.000191044
0.000276673
0.000201528
0.000277565
0.000211811
0.000277533
0.000221875
0.000276643
0.000231699
0.000274952
0.000241266
0.000272519
0.000250555
0.000269398
0.000259549
0.000265638
0.000268231
0.000261289
0.000276582
0.000256395
0.000284588
0.000251002
0.000292233
0.000245151
0.000299503
0.000238881
0.000306385
0.000232233
0.000312869
0.000225244
0.000318944
0.000217948
0.000324601
0.00021038
0.000329835
0.000202573
0.000334639
0.000194557
0.000339009
0.000186361
0.000342941
0.000178015
0.000346434
0.000169542
0.000349486
0.000160967
0.000352096
0.000152314
0.000354264
0.000143601
0.000355991
0.000134849
0.000357278
0.000126075
0.000358125
0.000117295
0.000358533
0.000108523
0.000358504
9.97721e-05
0.000358037
9.10551e-05
0.000357134
8.23823e-05
0.000355796
7.37635e-05
0.000354021
6.52073e-05
0.000351812
5.67213e-05
0.000349166
4.83124e-05
0.000346084
3.99858e-05
0.000342565
3.17455e-05
0.000338607
2.35927e-05
0.000334201
1.55233e-05
0.000329328
7.52104e-06
0.00032399
-4.5232e-07
0.000318218
-8.38947e-06
0.000312015
-1.62616e-05
0.000305388
-2.40798e-05
0.000298347
-3.18614e-05
0.000290905
-3.96321e-05
0.00028308
-4.74281e-05
0.000274898
-5.52999e-05
0.000266392
-6.33156e-05
0.000257604
-7.1567e-05
0.000248591
-8.01771e-05
0.000239418
-8.93102e-05
0.00023017
-9.91844e-05
0.000220945
-0.000110085
0.000211857
-0.000122381
0.000203029
-0.000136532
0.000194592
-0.000153096
0.000186664
-0.000172711
0.000179334
-0.00019606
0.000172636
-0.000223796
0.000166521
-0.000256443
0.000160838
-0.000294266
0.00015532
-0.000337151
0.000149597
-0.000384501
0.00014322
-0.000435205
0.000135709
-0.000487666
0.000126606
-0.000539897
0.000115523
-0.000589654
0.000102203
-0.000634581
8.6583e-05
-0.000672282
6.8892e-05
-0.000700214
4.98273e-05
-0.00071514
3.08166e-05
-0.000711734
1.42421e-05
-0.000679877
3.11839e-06
-0.000601125
-8.51166e-07
-0.000447658
-0.000190316
4.18085e-07
4.25087e-06
1.7197e-06
1.52316e-05
3.97199e-06
2.82586e-05
7.23017e-06
4.29747e-05
1.15239e-05
5.90123e-05
1.68511e-05
7.59934e-05
2.31776e-05
9.35397e-05
3.04408e-05
0.000111282
3.85567e-05
0.000128875
4.74265e-05
0.000146006
5.69445e-05
0.000162408
6.70036e-05
0.000177863
7.75005e-05
0.000192204
8.8339e-05
0.000205315
9.94319e-05
0.000217123
0.000110702
0.000227594
0.000122082
0.000236725
0.000133514
0.000244538
0.000144948
0.000251073
0.000156342
0.000256385
0.000167658
0.000260533
0.000178865
0.000263584
0.000189933
0.000265604
0.000200838
0.00026666
0.000211554
0.000266818
0.000222058
0.000266138
0.000232329
0.000264681
0.000242345
0.000262503
0.000252087
0.000259656
0.000261533
0.000256191
0.000270666
0.000252156
0.000279467
0.000247594
0.000287919
0.00024255
0.000296006
0.000237064
0.000303712
0.000231175
0.000311026
0.00022492
0.000317933
0.000218336
0.000324424
0.000211457
0.00033049
0.000204314
0.000336122
0.00019694
0.000341315
0.000189364
0.000346063
0.000181614
0.000350361
0.000173716
0.000354208
0.000165695
0.000357601
0.000157574
0.00036054
0.000149375
0.000363022
0.000141118
0.00036505
0.000132822
0.000366622
0.000124502
0.000367741
0.000116176
0.000368406
0.000107857
0.000368619
9.95591e-05
0.000368381
9.12933e-05
0.000367692
8.30707e-05
0.000366555
7.4901e-05
0.000364969
6.67931e-05
0.000362936
5.87545e-05
0.000360456
5.0792e-05
0.000357531
4.2911e-05
0.000354161
3.51154e-05
0.000350347
2.74069e-05
0.000346087
1.97835e-05
0.000341373
1.2235e-05
0.000336184
4.73679e-06
0.000330538
-2.74367e-06
0.000324466
-1.01897e-05
0.000317977
-1.75907e-05
0.000311082
-2.49667e-05
0.000303798
-3.23482e-05
0.000296148
-3.97781e-05
0.000288163
-4.73148e-05
0.000279884
-5.50361e-05
0.000271362
-6.30454e-05
0.000262663
-7.14786e-05
0.000253868
-8.05152e-05
0.000245073
-9.03893e-05
0.000236391
-0.000101403
0.000227948
-0.000113939
0.000219882
-0.000128466
0.000212325
-0.000145539
0.000205392
-0.000165778
0.000199154
-0.000189822
0.00019361
-0.000218252
0.000188662
-0.000251494
0.000184089
-0.000289693
0.000179548
-0.00033261
0.000174589
-0.000379542
0.000168691
-0.000429307
0.000161309
-0.000480284
0.000151933
-0.000530521
0.00014014
-0.000577861
0.000125646
-0.000620087
0.000108362
-0.000654998
8.84879e-05
-0.000680339
6.66707e-05
-0.000693323
4.42758e-05
-0.000689339
2.36876e-05
-0.000659289
8.21235e-06
-0.00058565
6.50216e-07
-0.000440095
-0.000189665
3.31264e-07
3.9196e-06
1.40298e-06
1.41599e-05
3.31795e-06
2.63436e-05
6.16605e-06
4.01266e-05
1.00087e-05
5.51696e-05
1.48719e-05
7.11302e-05
2.07454e-05
8.76661e-05
2.75871e-05
0.000104441
3.53289e-05
0.000121133
4.38843e-05
0.000137451
5.31559e-05
0.000153136
6.30415e-05
0.000167977
7.34394e-05
0.000181806
8.42523e-05
0.000194502
9.53901e-05
0.000205985
0.000106771
0.000216213
0.000118322
0.000225174
0.000129978
0.000232881
0.000141684
0.000239368
0.000153389
0.000244679
0.000165052
0.000248871
0.000176633
0.000252002
0.000188099
0.000254138
0.000199419
0.00025534
0.000210565
0.000255672
0.00022151
0.000255193
0.000232229
0.000253962
0.000242698
0.000252034
0.000252895
0.000249459
0.000262799
0.000246288
0.000272388
0.000242567
0.000281643
0.000238339
0.000290546
0.000233647
0.00029908
0.00022853
0.000307229
0.000223026
0.000314979
0.000217171
0.000322316
0.000210999
0.00032923
0.000204543
0.00033571
0.000197834
0.000341748
0.000190903
0.000347336
0.000183776
0.000352469
0.000176481
0.000357142
0.000169043
0.000361351
0.000161485
0.000365095
0.00015383
0.000368372
0.000146099
0.00037118
0.00013831
0.000373521
0.000130481
0.000375393
0.00012263
0.000376798
0.000114771
0.000377737
0.000106918
0.000378212
9.90845e-05
0.000378223
9.12819e-05
0.000377773
8.35209e-05
0.000376863
7.58112e-05
0.000375495
6.81613e-05
0.00037367
6.05789e-05
0.000371392
5.30703e-05
0.000368662
4.56408e-05
0.000365484
3.82938e-05
0.00036186
3.10312e-05
0.000357792
2.38513e-05
0.000353279
1.67479e-05
0.000348311
9.7047e-06
0.000342882
2.68524e-06
0.000337023
-4.3309e-06
0.000330761
-1.1328e-05
0.00032411
-1.83157e-05
0.000317091
-2.53294e-05
0.000309733
-3.242e-05
0.000302074
-3.96558e-05
0.000294164
-4.71266e-05
0.000286067
-5.49485e-05
0.000277861
-6.32723e-05
0.000269639
-7.22935e-05
0.000261513
-8.22632e-05
0.000253609
-9.34991e-05
0.000246066
-0.000106395
0.000239026
-0.000121425
0.000232619
-0.000139132
0.000226945
-0.000160104
0.000222042
-0.000184919
0.00021786
-0.00021407
0.000214231
-0.000247866
0.000210858
-0.00028632
0.000207312
-0.000329064
0.000203062
-0.000375292
0.000197517
-0.000423761
0.000190076
-0.000472844
0.000180193
-0.000520637
0.000167419
-0.000565087
0.000151458
-0.000604126
0.000132217
-0.000635757
0.000109878
-0.000658001
8.50547e-05
-0.0006685
5.90538e-05
-0.000663338
3.42379e-05
-0.000634473
1.4148e-05
-0.00056556
2.47531e-06
-0.000428423
-0.00018719
2.30553e-07
3.68905e-06
1.04275e-06
1.33477e-05
2.58312e-06
2.48033e-05
4.98102e-06
3.77287e-05
8.33197e-06
5.18187e-05
1.26906e-05
6.67716e-05
1.80709e-05
8.22859e-05
2.44505e-05
9.80611e-05
3.17776e-05
0.000113806
3.99779e-05
0.00012925
4.89625e-05
0.000144152
5.86345e-05
0.000158305
6.88944e-05
0.000171546
7.96446e-05
0.000183752
9.07923e-05
0.000194838
0.000102252
0.000204754
0.000113944
0.000213482
0.000125799
0.000221026
0.000137754
0.000227413
0.000149753
0.00023268
0.000161746
0.000236877
0.000173691
0.000240058
0.000185545
0.000242283
0.000197275
0.00024361
0.000208847
0.0002441
0.000220231
0.00024381
0.000231398
0.000242795
0.000242321
0.00024111
0.000252977
0.000238804
0.000263341
0.000235924
0.00027339
0.000232517
0.000283104
0.000228625
0.000292464
0.000224287
0.000301451
0.000219543
0.000310048
0.000214429
0.00031824
0.000208979
0.000326013
0.000203225
0.000333355
0.000197201
0.000340256
0.000190934
0.000346706
0.000184453
0.000352697
0.000177784
0.000358224
0.000170954
0.00036328
0.000163986
0.000367863
0.000156902
0.000371969
0.000149724
0.000375597
0.000142471
0.000378746
0.000135161
0.000381415
0.000127812
0.000383605
0.00012044
0.000385317
0.000113058
0.000386553
0.000105682
0.000387315
9.83229e-05
0.000387604
9.09926e-05
0.000387424
8.37014e-05
0.000386776
7.64587e-05
0.000385665
6.92728e-05
0.000384093
6.21509e-05
0.000382064
5.5099e-05
0.000379583
4.81217e-05
0.000376655
4.12221e-05
0.000373285
3.44011e-05
0.000369479
2.76571e-05
0.000365243
2.09844e-05
0.000360577
1.43709e-05
0.000355469
7.79251e-06
0.000349934
1.20447e-06
0.000344014
-5.40758e-06
0.000337732
-1.20345e-05
0.000331117
-1.87139e-05
0.000324202
-2.55049e-05
0.000317036
-3.24895e-05
0.00030968
-3.97712e-05
0.000302212
-4.74806e-05
0.000294724
-5.57841e-05
0.000287324
-6.48935e-05
0.000280137
-7.50759e-05
0.0002733
-8.66624e-05
0.000266958
-0.000100054
0.000261251
-0.000115718
0.000256295
-0.000134176
0.000252156
-0.000155965
0.000248825
-0.000181587
0.000246181
-0.000211427
0.000243976
-0.00024566
0.00024182
-0.000284164
0.0002392
-0.000326443
0.000235506
-0.000371598
0.000230085
-0.00041834
0.000222297
-0.000465056
0.000211571
-0.000509911
0.000197455
-0.000550971
0.00017966
-0.000586331
0.000158101
-0.000614198
0.000132968
-0.000632868
0.000104856
-0.000640388
7.50195e-05
-0.000633502
4.57783e-05
-0.000605232
2.0836e-05
-0.000540618
4.69304e-06
-0.00041228
-0.000182497
1.13481e-07
3.57557e-06
6.34035e-07
1.28272e-05
1.76176e-06
2.36755e-05
3.67058e-06
3.58199e-05
6.49196e-06
4.89973e-05
1.03092e-05
6.29544e-05
1.51597e-05
7.74353e-05
2.10407e-05
9.21801e-05
2.7916e-05
0.000106931
3.57237e-05
0.000121443
4.43838e-05
0.000135491
5.38047e-05
0.000148884
6.38899e-05
0.000161461
7.45417e-05
0.0001731
8.56655e-05
0.000183714
9.71715e-05
0.000193248
0.000108977
0.000201677
0.000121004
0.000208999
0.000133186
0.000215232
0.000145458
0.000220407
0.000157767
0.000224569
0.00017006
0.000227765
0.000182293
0.00023005
0.000194425
0.000231479
0.000206418
0.000232107
0.000218237
0.000231991
0.000229851
0.000231182
0.00024123
0.000229731
0.000252346
0.000227688
0.000263172
0.000225098
0.000273686
0.000222004
0.000283864
0.000218447
0.000293685
0.000214466
0.00030313
0.000210098
0.000312181
0.000205378
0.000320822
0.000200338
0.000329038
0.000195009
0.000336817
0.000189422
0.000344147
0.000183603
0.000351019
0.000177581
0.000357424
0.000171379
0.000363356
0.000165023
0.000368809
0.000158533
0.000373779
0.000151932
0.000378264
0.00014524
0.000382261
0.000138474
0.00038577
0.000131652
0.000388791
0.000124791
0.000391325
0.000117906
0.000393373
0.00011101
0.000394939
0.000104117
0.000396024
9.72379e-05
0.000396632
9.03845e-05
0.000396767
8.35666e-05
0.000396433
7.67928e-05
0.000395634
7.00712e-05
0.000394377
6.34082e-05
0.000392667
5.68093e-05
0.00039051
5.02783e-05
0.000387915
4.38173e-05
0.00038489
3.74263e-05
0.000381444
3.11026e-05
0.000377588
2.48402e-05
0.000373332
1.86277e-05
0.000368678
1.24458e-05
0.000363621
6.26227e-06
0.000358192
2.11448e-08
0.000352445
-6.28756e-06
0.000346411
-1.26798e-05
0.000340134
-1.9228e-05
0.000333675
-2.60309e-05
0.000327112
-3.32077e-05
0.000320535
-4.09039e-05
0.000314052
-4.93008e-05
0.000307784
-5.86255e-05
0.000301866
-6.91579e-05
0.000296441
-8.12372e-05
0.000291649
-9.52619e-05
0.000287613
-0.000111682
0.000284417
-0.000130979
0.000282076
-0.000153624
0.000280509
-0.00018002
0.000279511
-0.000210429
0.000278737
-0.000244886
0.000277704
-0.000283131
0.000275811
-0.000324551
0.000272384
-0.000368171
0.000266724
-0.00041268
0.00025817
-0.000456502
0.000246148
-0.00049789
0.000230224
-0.000535047
0.000210135
-0.000566241
0.000185831
-0.000589894
0.000157529
-0.000604566
0.000125824
-0.000608683
9.19302e-05
-0.000599608
5.81065e-05
-0.000571408
2.81464e-05
-0.000510658
7.25605e-06
-0.000391389
-0.000175241
-2.09729e-08
3.59654e-06
1.76656e-07
1.26296e-05
8.58611e-07
2.29936e-05
2.24638e-06
3.44322e-05
4.50871e-06
4.6735e-05
7.75585e-06
5.97072e-05
1.20473e-05
7.31438e-05
1.73991e-05
8.68284e-05
2.37906e-05
0.000100539
3.11724e-05
0.000114061
3.94735e-05
0.00012719
4.86086e-05
0.000139749
5.84841e-05
0.000151586
6.90033e-05
0.000162581
8.00701e-05
0.000172647
9.15916e-05
0.000181726
0.00010348
0.000189788
0.000115654
0.000196825
0.000128038
0.000202847
0.000140564
0.000207882
0.000153169
0.000211963
0.000165798
0.000215137
0.000178397
0.00021745
0.000190922
0.000218954
0.00020333
0.0002197
0.000215581
0.00021974
0.00022764
0.000219123
0.000239473
0.000217898
0.00025105
0.000216111
0.000262343
0.000213805
0.000273325
0.000211022
0.000283971
0.0002078
0.00029426
0.000204177
0.000304171
0.000200188
0.000313684
0.000195864
0.000322784
0.000191238
0.000331454
0.000186339
0.000339681
0.000181194
0.000347454
0.00017583
0.000354762
0.000170273
0.000361598
0.000164544
0.000367953
0.000158667
0.000373823
0.000152663
0.000379203
0.000146552
0.000384092
0.000140351
0.000388488
0.000134078
0.000392389
0.00012775
0.000395798
0.000121382
0.000398716
0.000114988
0.000401146
0.00010858
0.000403091
0.000102172
0.000404555
9.57737e-05
0.000405543
8.93961e-05
0.000406062
8.30483e-05
0.000406116
7.67384e-05
0.000405714
7.04737e-05
0.000404862
6.42599e-05
0.000403569
5.81017e-05
0.000401846
5.20018e-05
0.000399702
4.59612e-05
0.000397149
3.99788e-05
0.000394202
3.40503e-05
0.000390874
2.81684e-05
0.000387181
2.23207e-05
0.000383138
1.64885e-05
0.000378757
1.06429e-05
0.000374039
4.73942e-06
0.000369035
-1.2831e-06
0.00036381
-7.45521e-06
0.000358422
-1.38401e-05
0.000352949
-2.05574e-05
0.000347483
-2.77421e-05
0.000342131
-3.55521e-05
0.000337012
-4.41817e-05
0.000332256
-5.3869e-05
0.000327999
-6.49008e-05
0.000324376
-7.76146e-05
0.000321509
-9.23945e-05
0.000319483
-0.000109657
0.000318327
-0.000129824
0.000317982
-0.000153279
0.000318276
-0.000180314
0.000318902
-0.000211055
0.000319414
-0.000245398
0.000319236
-0.000282953
0.000317696
-0.000323011
0.000314069
-0.000364544
0.000307637
-0.000406248
0.000297739
-0.000446604
0.000283828
-0.000483979
0.00026551
-0.000516728
0.000242576
-0.000543307
0.000215033
-0.000562352
0.000183149
-0.000572681
0.00014754
-0.000573074
0.000109395
-0.000561463
7.08993e-05
-0.000532913
3.58664e-05
-0.000475625
1.00749e-05
-0.000365598
-0.000165166
-1.70288e-07
3.76683e-06
-3.15775e-07
1.2775e-05
-1.01686e-07
2.27795e-05
7.4852e-07
3.3582e-05
2.43935e-06
4.50441e-05
5.10376e-06
5.70428e-05
8.8204e-06
6.94272e-05
1.3623e-05
8.20258e-05
1.9507e-05
9.46555e-05
2.64357e-05
0.000107132
3.4348e-05
0.000119278
4.31653e-05
0.000130932
5.27983e-05
0.000141953
6.31519e-05
0.000152227
7.41292e-05
0.00016167
8.5635e-05
0.00017022
9.75778e-05
0.000177845
0.000109871
0.000184532
0.000122433
0.000190285
0.000135191
0.000195124
0.000148074
0.00019908
0.000161022
0.000202189
0.000173976
0.000204496
0.000186884
0.000206045
0.000199699
0.000206884
0.000212378
0.000207061
0.00022488
0.000206621
0.000237169
0.000205609
0.00024921
0.000204069
0.000260974
0.000202041
0.000272431
0.000199565
0.000283555
0.000196676
0.000294323
0.00019341
0.000304711
0.000189799
0.000314702
0.000185874
0.000324276
0.000181664
0.000333418
0.000177197
0.000342114
0.000172498
0.000350353
0.000167592
0.000358123
0.000162502
0.000365417
0.00015725
0.000372227
0.000151857
0.000378549
0.000146341
0.00038438
0.000140721
0.000389716
0.000135015
0.000394558
0.000129237
0.000398905
0.000123403
0.000402761
0.000117526
0.000406128
0.000111621
0.000409011
0.000105698
0.000411414
9.97688e-05
0.000413344
9.38439e-05
0.000414807
8.79324e-05
0.000415813
8.20426e-05
0.000416369
7.61821e-05
0.000416486
7.0357e-05
0.000416173
6.45724e-05
0.000415443
5.88316e-05
0.000414309
5.31365e-05
0.000412783
4.74868e-05
0.000410882
4.18798e-05
0.000408623
3.63095e-05
0.000406025
3.07667e-05
0.000403108
2.52374e-05
0.000399895
1.97014e-05
0.000396408
1.41298e-05
0.000392669
8.47907e-06
0.000388705
2.68011e-06
0.000384592
-3.34139e-06
0.00038042
-9.6686e-06
0.000376292
-1.64299e-05
0.000372316
-2.3766e-05
0.000368607
-3.1843e-05
0.000365288
-4.08625e-05
0.000362486
-5.10665e-05
0.000360323
-6.27384e-05
0.000358909
-7.6201e-05
0.000358322
-9.18072e-05
0.000358586
-0.000109921
0.00035965
-0.000130887
0.000361356
-0.000154986
0.000363427
-0.000182385
0.000365448
-0.000213076
0.000366874
-0.000246824
0.000367052
-0.000283131
0.000365257
-0.000321216
0.000360744
-0.000360031
0.0003528
-0.000398304
0.0003408
-0.000434604
0.000324251
-0.00046743
0.000302829
-0.000495307
0.000276407
-0.000516885
0.000245076
-0.00053102
0.000209175
-0.000536781
0.00016937
-0.000533269
0.000126837
-0.00051893
8.36841e-05
-0.00048976
4.36801e-05
-0.000435621
1.3024e-05
-0.000334942
-0.000152142
-3.2879e-07
4.09562e-06
-8.18887e-07
1.32651e-05
-1.06175e-06
2.30223e-05
-7.35051e-07
3.32553e-05
3.97884e-07
4.39112e-05
2.49571e-06
5.4945e-05
5.64603e-06
6.62769e-05
9.89912e-06
7.77727e-05
1.52672e-05
8.92874e-05
2.17274e-05
0.000100672
2.92296e-05
0.000111776
3.77037e-05
0.000122458
4.70658e-05
0.000132591
5.72236e-05
0.00014207
6.8081e-05
0.000150812
7.95412e-05
0.00015876
9.15096e-05
0.000165877
0.000103895
0.000172146
0.000116612
0.000177568
0.000129579
0.000182157
0.000142723
0.000185936
0.000155975
0.000188937
0.000169272
0.000191199
0.000182556
0.000192761
0.000195774
0.000193666
0.000208879
0.000193956
0.000221827
0.000193674
0.000234576
0.00019286
0.00024709
0.000191555
0.000259336
0.000189795
0.000271283
0.000187618
0.000282902
0.000185057
0.000294169
0.000182143
0.00030506
0.000178908
0.000315554
0.00017538
0.000325633
0.000171585
0.000335282
0.000167548
0.000344485
0.000163295
0.000353231
0.000158846
0.00036151
0.000154223
0.000369313
0.000149447
0.000376636
0.000144535
0.000383472
0.000139505
0.00038982
0.000134374
0.000395678
0.000129156
0.000401048
0.000123867
0.000405931
0.00011852
0.000410331
0.000113126
0.000414253
0.000107699
0.000417703
0.000102248
0.000420689
9.67828e-05
0.000423219
9.13133e-05
0.000425304
8.58474e-05
0.000426955
8.03924e-05
0.000428182
7.49548e-05
0.000428999
6.95399e-05
0.00042942
6.41517e-05
0.000429459
5.87925e-05
0.000429133
5.34629e-05
0.000428458
4.81614e-05
0.000427454
4.28836e-05
0.000426142
3.76218e-05
0.000424544
3.23641e-05
0.000422688
2.70943e-05
0.0004206
2.17894e-05
0.000418312
1.64171e-05
0.000415862
1.09294e-05
0.00041329
5.25233e-06
0.000410684
-7.35761e-07
0.000408161
-7.14535e-06
0.000405843
-1.4112e-05
0.000403843
-2.1766e-05
0.000402273
-3.02734e-05
0.000401246
-3.98349e-05
0.000400864
-5.06851e-05
0.000401216
-6.30904e-05
0.000402358
-7.73427e-05
0.000404297
-9.37459e-05
0.000406969
-0.000112594
0.00041022
-0.000134138
0.000413783
-0.000158548
0.000417264
-0.000185866
0.000420149
-0.00021596
0.00042181
-0.000248486
0.000421543
-0.000282863
0.000418602
-0.000318274
0.000412254
-0.000353683
0.00040183
-0.00038788
0.000386772
-0.000419547
0.000366677
-0.000447334
0.000341322
-0.000469952
0.000310692
-0.000486255
0.000274987
-0.000495316
0.000234649
-0.000496443
0.000190409
-0.000489029
0.000143453
-0.000471974
9.581e-05
-0.000442117
5.11485e-05
-0.00039096
1.59208e-05
-0.000299714
-0.000136221
-4.84533e-07
4.58015e-06
-1.2854e-06
1.4066e-05
-1.92532e-06
2.36623e-05
-2.05171e-06
3.33816e-05
-1.41112e-06
4.32706e-05
1.74901e-07
5.3359e-05
2.81023e-06
6.36415e-05
6.54898e-06
7.4034e-05
1.14228e-05
8.44136e-05
1.74236e-05
9.46709e-05
2.45143e-05
0.000104685
3.26352e-05
0.000114337
4.17104e-05
0.000123516
5.16525e-05
0.000132127
6.23676e-05
0.000140097
7.37591e-05
0.000147369
8.57304e-05
0.000153906
9.81873e-05
0.000159689
0.000111039
0.000164716
0.000124201
0.000168995
0.000137593
0.000172544
0.000151141
0.00017539
0.000164775
0.000177564
0.000178434
0.000179102
0.00019206
0.00018004
0.0002056
0.000180416
0.000219006
0.000180268
0.000232233
0.000179632
0.000245243
0.000178545
0.000257999
0.00017704
0.000270467
0.00017515
0.000282619
0.000172905
0.000294427
0.000170335
0.000305867
0.000167468
0.000316918
0.000164329
0.000327561
0.000160941
0.00033778
0.000157329
0.000347561
0.000153514
0.000356893
0.000149515
0.000365765
0.000145351
0.00037417
0.000141041
0.000382104
0.000136601
0.000389563
0.000132046
0.000396546
0.000127391
0.000403053
0.000122649
0.000409087
0.000117833
0.000414652
0.000112955
0.000419754
0.000108025
0.0004244
0.000103053
0.000428599
9.80486e-05
0.000432361
9.30203e-05
0.000435699
8.79756e-05
0.000438625
8.29216e-05
0.000441153
7.78646e-05
0.000443298
7.28099e-05
0.000445075
6.77621e-05
0.000446503
6.2724e-05
0.000447599
5.76969e-05
0.000448382
5.26802e-05
0.000448871
4.76715e-05
0.000449091
4.26645e-05
0.000449063
3.76491e-05
0.000448817
3.26107e-05
0.000448382
2.75292e-05
0.000447794
2.23777e-05
0.000447094
1.71165e-05
0.000446338
1.16852e-05
0.000445599
5.99202e-06
0.000445005
-1.42603e-07
0.000444671
-6.81111e-06
0.000444721
-1.41621e-05
0.00044525
-2.22944e-05
0.000446344
-3.13677e-05
0.00044808
-4.15708e-05
0.000450512
-5.31174e-05
0.000453664
-6.62417e-05
0.00045751
-8.11888e-05
0.000461962
-9.8198e-05
0.000466849
-0.00011748
0.000471899
-0.000139189
0.000476732
-0.000163382
0.000480855
-0.000189989
0.000483671
-0.000218776
0.000484503
-0.000249318
0.000482629
-0.000280989
0.000477323
-0.000312968
0.000467906
-0.000344266
0.00045379
-0.000373765
0.000434526
-0.000400283
0.000409832
-0.00042264
0.000379622
-0.000439742
0.00034402
-0.000450653
0.000303368
-0.000454663
0.000258229
-0.000451304
0.000209429
-0.000440228
0.000158176
-0.000420721
0.000106425
-0.000390366
5.76953e-05
-0.00034223
1.8517e-05
-0.000260536
-0.000117704
-6.15232e-07
5.19539e-06
-1.63934e-06
1.50901e-05
-2.54586e-06
2.45688e-05
-2.97379e-06
3.38096e-05
-2.67342e-06
4.29702e-05
-1.46853e-06
5.21541e-05
7.64023e-07
6.1409e-05
4.08789e-06
7.07101e-05
8.54651e-06
7.9955e-05
1.41474e-05
8.907e-05
2.08689e-05
9.79637e-05
2.8665e-05
0.000106541
3.74705e-05
0.00011471
4.72058e-05
0.000122392
5.77822e-05
0.000129521
6.91051e-05
0.000136046
8.10782e-05
0.000141933
9.36054e-05
0.000147162
0.000106593
0.000151728
0.000119953
0.000155635
0.0001336
0.000158897
0.000147454
0.000161535
0.000161444
0.000163575
0.0001755
0.000165046
0.000189561
0.000165979
0.00020357
0.000166407
0.000217475
0.000166363
0.000231229
0.000165878
0.000244789
0.000164985
0.000258116
0.000163712
0.000271176
0.00016209
0.000283937
0.000160144
0.000296371
0.000157901
0.000308455
0.000155385
0.000320164
0.000152619
0.000331482
0.000149623
0.000342393
0.000146419
0.000352881
0.000143025
0.000362937
0.000139459
0.000372553
0.000135736
0.000381722
0.000131873
0.000390439
0.000127883
0.000398705
0.00012378
0.000406519
0.000119577
0.000413883
0.000115284
0.000420803
0.000110913
0.000427284
0.000106473
0.000433336
0.000101973
0.000438968
9.7421e-05
0.000444192
9.28249e-05
0.00044902
8.81914e-05
0.000453469
8.35269e-05
0.000457554
7.8837e-05
0.000461291
7.41272e-05
0.000464699
6.9402e-05
0.000467796
6.4665e-05
0.000470602
5.99184e-05
0.000473136
5.51623e-05
0.000475421
5.03954e-05
0.000477478
4.56143e-05
0.000479332
4.08109e-05
0.000481009
3.59718e-05
0.000482542
3.1078e-05
0.000483967
2.61036e-05
0.000485331
2.10143e-05
0.000486691
1.5756e-05
0.000488139
1.02375e-05
0.00048981
4.32145e-06
0.000491827
-2.15969e-06
0.000494308
-9.29232e-06
0.000497306
-1.716e-05
0.000500871
-2.58593e-05
0.000505037
-3.55343e-05
0.000509817
-4.63501e-05
0.000515187
-5.84873e-05
0.00052108
-7.21349e-05
0.00052737
-8.7479e-05
0.000533858
-0.000104686
0.000540258
-0.000123881
0.000546191
-0.000145121
0.000551179
-0.00016837
0.000554656
-0.000193466
0.000555981
-0.000220101
0.00055447
-0.000247806
0.000549428
-0.000275947
0.000540196
-0.000303736
0.000526191
-0.000330261
0.00050695
-0.000354524
0.000482168
-0.0003755
0.000451723
-0.000392195
0.000415699
-0.000403718
0.000374388
-0.000409343
0.000328297
-0.000408572
0.000278136
-0.000401143
0.000224838
-0.000386931
0.000169654
-0.000365537
0.000114468
-0.000335179
6.26093e-05
-0.000290372
2.05012e-05
-0.000218428
-9.7203e-05
-6.84755e-07
5.88014e-06
-1.76517e-06
1.61705e-05
-2.70704e-06
2.55107e-05
-3.17608e-06
3.42786e-05
-2.95064e-06
4.27448e-05
-1.87085e-06
5.10743e-05
1.83012e-07
5.93551e-05
3.29845e-06
6.75947e-05
7.52385e-06
7.57296e-05
1.28818e-05
8.3712e-05
1.93678e-05
9.14777e-05
2.6952e-05
9.89564e-05
3.55833e-05
0.000106079
4.51935e-05
0.000112782
5.57017e-05
0.000119012
6.70191e-05
0.000124728
7.90521e-05
0.0001299
9.17055e-05
0.000134509
0.000104885
0.000138548
0.0001185
0.00014202
0.000132462
0.000144935
0.000146689
0.000147308
0.000161104
0.00014916
0.000175636
0.000150514
0.000190218
0.000151397
0.000204791
0.000151835
0.000219298
0.000151855
0.000233691
0.000151486
0.000247924
0.000150752
0.000261956
0.00014968
0.000275752
0.000148294
0.000289278
0.000146618
0.000302506
0.000144673
0.000315411
0.00014248
0.000327971
0.000140058
0.000340168
0.000137426
0.000351986
0.000134601
0.000363413
0.000131599
0.000374438
0.000128433
0.000385054
0.000125119
0.000395257
0.00012167
0.000405045
0.000118095
0.000414417
0.000114408
0.000423376
0.000110618
0.000431927
0.000106734
0.000440077
0.000102764
0.000447833
9.87169e-05
0.000455206
9.45992e-05
0.00046221
9.04173e-05
0.000468858
8.61771e-05
0.000475166
8.18837e-05
0.00048115
7.75423e-05
0.00048683
7.31573e-05
0.000492224
6.87334e-05
0.000497351
6.42749e-05
0.000502231
5.9785e-05
0.000506884
5.52651e-05
0.000511332
5.07141e-05
0.000515597
4.61303e-05
0.000519701
4.15102e-05
0.000523669
3.68433e-05
0.000527532
3.21093e-05
0.000531328
2.72816e-05
0.000535108
2.23236e-05
0.000538933
1.71888e-05
0.000542898
1.17914e-05
0.000547143
5.9921e-06
0.000551907
-4.42307e-07
0.000557195
-7.44785e-06
0.00056301
-1.51071e-05
0.000569322
-2.34716e-05
0.000576116
-3.26534e-05
0.000583353
-4.27715e-05
0.000590959
-5.39565e-05
0.000598819
-6.63466e-05
0.000606762
-8.00781e-05
0.000614557
-9.5274e-05
0.000621899
-0.000112028
0.000628405
-0.000130387
0.000633613
-0.000150329
0.000636986
-0.000171743
0.000637927
-0.000194407
0.000635801
-0.000217975
0.000629964
-0.00024197
0.000619803
-0.000265786
0.000604769
-0.000288702
0.000584421
-0.000309914
0.000558464
-0.000328567
0.000526775
-0.00034381
0.000489425
-0.000354846
0.000446697
-0.000360989
0.000399078
-0.000361725
0.000347257
-0.000356751
0.000292106
-0.000345991
0.000234678
-0.000329503
0.000176272
-0.000307132
0.000118702
-0.000277609
6.50753e-05
-0.000236745
2.15172e-05
-0.00017487
-7.56857e-05
-6.40263e-07
6.5204e-06
-1.503e-06
1.70333e-05
-2.11587e-06
2.61235e-05
-2.21909e-06
3.43818e-05
-1.64742e-06
4.21731e-05
-2.72453e-07
4.96993e-05
2.01392e-06
5.70687e-05
5.30653e-06
6.43021e-05
9.66028e-06
7.13758e-05
1.51116e-05
7.82607e-05
2.16725e-05
8.49168e-05
2.93301e-05
9.12988e-05
3.80493e-05
9.73597e-05
4.77756e-05
0.000103056
5.84397e-05
0.000108348
6.99617e-05
0.000113206
8.22543e-05
0.000117607
9.52265e-05
0.000121536
0.000108787
0.000124988
0.000122844
0.000127963
0.000137311
0.000130468
0.000152104
0.000132515
0.000167143
0.00013412
0.000182356
0.000135301
0.000197674
0.000136079
0.000213035
0.000136474
0.000228381
0.000136509
0.00024366
0.000136206
0.000258827
0.000135586
0.000273838
0.000134669
0.000288656
0.000133476
0.00030325
0.000132025
0.000317588
0.000130334
0.000331647
0.000128421
0.000345404
0.000126301
0.000358842
0.000123989
0.000371945
0.000121498
0.000384702
0.000118842
0.000397104
0.000116032
0.000409144
0.000113079
0.00042082
0.000109994
0.000432129
0.000106786
0.000443075
0.000103463
0.000453659
0.000100033
0.000463889
9.65039e-05
0.000473771
9.28813e-05
0.000483317
8.91711e-05
0.000492538
8.53787e-05
0.000501446
8.15086e-05
0.000510059
7.7565e-05
0.00051839
7.35518e-05
0.00052646
6.94729e-05
0.000534285
6.53319e-05
0.000541886
6.11332e-05
0.000549279
5.68816e-05
0.000556482
5.25813e-05
0.000563515
4.82321e-05
0.000570399
4.38306e-05
0.000577155
3.93747e-05
0.000583803
3.4862e-05
0.000590369
3.02775e-05
0.00059689
2.55877e-05
0.000603424
2.07478e-05
0.000610057
1.56908e-05
0.000616889
1.03565e-05
0.000624105
4.57576e-06
0.000631925
-1.82861e-06
0.00064024
-8.75701e-06
0.000648968
-1.61753e-05
0.000658008
-2.41476e-05
0.000667292
-3.27559e-05
0.000676724
-4.20847e-05
0.000686175
-5.22233e-05
0.000695485
-6.32656e-05
0.000704442
-7.53044e-05
0.000712788
-8.84236e-05
0.000720201
-0.000102687
0.000726301
-0.000118127
0.000730642
-0.000134728
0.000732724
-0.000152411
0.000732
-0.00017102
0.000727899
-0.000190305
0.000719842
-0.000209919
0.000707284
-0.000229412
0.000689737
-0.000248239
0.000666816
-0.00026578
0.000638263
-0.000281361
0.000603987
-0.000294292
0.000564082
-0.000303905
0.000518844
-0.000309607
0.000468772
-0.000310918
0.000414568
-0.00030752
0.000357108
-0.000299292
0.000297427
-0.00028631
0.000236692
-0.000268768
0.000176243
-0.000246682
0.000117817
-0.000219182
6.42618e-05
-0.00018319
2.12114e-05
-0.000131819
-5.44743e-05
-4.11688e-07
6.93209e-06
-6.50509e-07
1.72721e-05
-4.07974e-07
2.5881e-05
4.47999e-07
3.35259e-05
2.00062e-06
4.06205e-05
4.32869e-06
4.73712e-05
7.5213e-06
5.38761e-05
1.16594e-05
6.0164e-05
1.68037e-05
6.62315e-05
2.2998e-05
7.20664e-05
3.02652e-05
7.76497e-05
3.86056e-05
8.29583e-05
4.79982e-05
8.79671e-05
5.84026e-05
9.26513e-05
6.97623e-05
9.69885e-05
8.20085e-05
0.00010096
9.50636e-05
0.000104552
0.000108844
0.000107756
0.000123265
0.000110568
0.000138238
0.000112989
0.00015368
0.000115026
0.000169509
0.000116687
0.000185646
0.000117983
0.000202018
0.000118929
0.000218556
0.00011954
0.000235198
0.000119832
0.000251886
0.000119822
0.000268567
0.000119525
0.000285193
0.000118959
0.000301723
0.000118139
0.000318117
0.000117081
0.000334343
0.000115799
0.000350372
0.000114306
0.000366177
0.000112616
0.000381737
0.000110741
0.000397035
0.000108691
0.000412054
0.000106478
0.000426784
0.000104112
0.000441215
0.000101601
0.000455341
9.89531e-05
0.000469158
9.61766e-05
0.000482666
9.32781e-05
0.000495865
9.02639e-05
0.000508758
8.71397e-05
0.000521352
8.39106e-05
0.000533652
8.05813e-05
0.000545667
7.71557e-05
0.000557408
7.36374e-05
0.000568887
7.00298e-05
0.000580116
6.63358e-05
0.00059111
6.2558e-05
0.000601883
5.86995e-05
0.000612452
5.47636e-05
0.00062283
5.07548e-05
0.000633032
4.66798e-05
0.000643068
4.25456e-05
0.00065295
3.83497e-05
0.000662699
3.40813e-05
0.000672337
2.97368e-05
0.000681885
2.53144e-05
0.000691377
2.07855e-05
0.000700877
1.60871e-05
0.000710468
1.11573e-05
0.000720316
5.84263e-06
0.000730749
-7.66429e-08
0.000741622
-6.29725e-06
0.00075276
-1.29663e-05
0.000763937
-1.99346e-05
0.000775057
-2.72946e-05
0.000786005
-3.50962e-05
0.000796644
-4.33945e-05
0.000806806
-5.22471e-05
0.000816296
-6.17127e-05
0.000824878
-7.1848e-05
0.000832278
-8.27039e-05
0.000838173
-9.43189e-05
0.000842196
-0.00010671
0.000843933
-0.000119864
0.00084293
-0.000133725
0.000838703
-0.000148184
0.000830752
-0.000163069
0.000818586
-0.000178139
0.000801743
-0.000193075
0.000779822
-0.00020749
0.000752515
-0.000220932
0.000719637
-0.000232903
0.000681157
-0.000242881
0.000637219
-0.000250353
0.000588159
-0.000254845
0.000534511
-0.00025596
0.000477007
-0.000253413
0.000416552
-0.000247065
0.000354201
-0.000236942
0.000291122
-0.000223231
0.000228561
-0.000206207
0.000167865
-0.000185986
0.000110663
-0.00016198
5.95021e-05
-0.00013203
1.93239e-05
-9.16409e-05
-3.51505e-05
9.25915e-08
6.8395e-06
1.02281e-06
1.63419e-05
2.82981e-06
2.4074e-05
5.46235e-06
3.08933e-05
8.90227e-06
3.71806e-05
1.3172e-05
4.31015e-05
1.8324e-05
4.87241e-05
2.44162e-05
5.40719e-05
3.14979e-05
5.91498e-05
3.96061e-05
6.39582e-05
4.87612e-05
6.84945e-05
5.89659e-05
7.27536e-05
7.02045e-05
7.67285e-05
8.24447e-05
8.04111e-05
9.56397e-05
8.37936e-05
0.00010973
8.68693e-05
0.000124649
8.96334e-05
0.000140321
9.20837e-05
0.000156669
9.42203e-05
0.000173612
9.60463e-05
0.000191071
9.75667e-05
0.000208969
9.87888e-05
0.000227231
9.97215e-05
0.000245785
0.000100375
0.000264565
0.00010076
0.00028351
0.000100888
0.00030256
0.000100771
0.000321664
0.000100421
0.000340774
9.98492e-05
0.000359847
9.90668e-05
0.000378843
9.80846e-05
0.000397729
9.6913e-05
0.000416474
9.55616e-05
0.00043505
9.40397e-05
0.000453435
9.23559e-05
0.000471608
9.0518e-05
0.000489553
8.85335e-05
0.000507255
8.64096e-05
0.000524704
8.41525e-05
0.000541889
8.17682e-05
0.000558803
7.92617e-05
0.000575444
7.66379e-05
0.000591806
7.39013e-05
0.00060789
7.10557e-05
0.000623696
6.81048e-05
0.000639226
6.50518e-05
0.000654482
6.18995e-05
0.000669469
5.86505e-05
0.000684191
5.53072e-05
0.000698655
5.18716e-05
0.000712867
4.83461e-05
0.000726833
4.47332e-05
0.000740561
4.10362e-05
0.000754056
3.72599e-05
0.000767323
3.34129e-05
0.000780363
2.95056e-05
0.000793184
2.55288e-05
0.000805809
2.14561e-05
0.00081827
1.72757e-05
0.000830599
1.29857e-05
0.00084284
8.54371e-06
0.000855217
3.71093e-06
0.000867926
-1.55185e-06
0.0008809
-7.13166e-06
0.000893716
-1.28923e-05
0.000906203
-1.8784e-05
0.000918144
-2.49073e-05
0.000929466
-3.12573e-05
0.000940027
-3.78554e-05
0.000949667
-4.47359e-05
0.000958205
-5.19323e-05
0.000965434
-5.94765e-05
0.000971119
-6.73981e-05
0.000974994
-7.57225e-05
0.000976757
-8.4467e-05
0.000976075
-9.3637e-05
0.000972584
-0.000103219
0.000965894
-0.000113175
0.0009556
-0.000123431
0.000941293
-0.000133877
0.000922578
-0.000144355
0.000899101
-0.000154662
0.000870567
-0.000164541
0.000836771
-0.000173694
0.000797623
-0.000181784
0.000753177
-0.000188458
0.000703653
-0.000193357
0.00064945
-0.00019615
0.000591153
-0.000196548
0.000529533
-0.00019434
0.000465527
-0.000189408
0.000400215
-0.000181752
0.000334772
-0.000171499
0.000270428
-0.000158887
0.000208424
-0.000144203
0.000150024
-0.000127586
9.66879e-05
-0.000108644
5.0602e-05
-8.59441e-05
1.58243e-05
-5.68632e-05
-1.93261e-05
9.53587e-07
5.88591e-06
3.72838e-06
1.35671e-05
7.9797e-06
1.98227e-05
1.34596e-05
2.54135e-05
2.00514e-05
3.05887e-05
2.77181e-05
3.54348e-05
3.64611e-05
3.99812e-05
4.62935e-05
4.42394e-05
5.72266e-05
4.82167e-05
6.92642e-05
5.19206e-05
8.24006e-05
5.53582e-05
9.66186e-05
5.85356e-05
0.00011189
6.14573e-05
0.000128174
6.41265e-05
0.000145422
6.65457e-05
0.000163575
6.87167e-05
0.000182566
7.06419e-05
0.000202326
7.2324e-05
0.00022278
7.37667e-05
0.000243852
7.49745e-05
0.000265466
7.59526e-05
0.000287547
7.67072e-05
0.000310024
7.7245e-05
0.000332825
7.75733e-05
0.000355886
7.76997e-05
0.000379142
7.76318e-05
0.000402536
7.73774e-05
0.000426013
7.69442e-05
0.000449523
7.63396e-05
0.000473018
7.5571e-05
0.000496458
7.46452e-05
0.000519802
7.3569e-05
0.000543015
7.23486e-05
0.000566065
7.09899e-05
0.000588922
6.94985e-05
0.000611561
6.78794e-05
0.000633957
6.61375e-05
0.000656088
6.42782e-05
0.000677935
6.23054e-05
0.00069948
6.02232e-05
0.000720707
5.8035e-05
0.000741601
5.57438e-05
0.000762149
5.33529e-05
0.00078234
5.08651e-05
0.000802162
4.82832e-05
0.000821604
4.56097e-05
0.000840656
4.28469e-05
0.00085931
3.99969e-05
0.000877555
3.70618e-05
0.000895383
3.40439e-05
0.000912784
3.09455e-05
0.000929748
2.77693e-05
0.000946265
2.45192e-05
0.000962323
2.12012e-05
0.000977911
1.78256e-05
0.000993016
1.44003e-05
0.00100769
1.08584e-05
0.00102198
7.16614e-06
0.00103601
3.2382e-06
0.00104996
-9.60287e-07
0.00106364
-5.13406e-06
0.0010769
-9.54922e-06
0.00108937
-1.40202e-05
0.00110079
-1.85552e-05
0.00111107
-2.3175e-05
0.00112015
-2.78627e-05
0.00112788
-3.26364e-05
0.00113413
-3.75082e-05
0.00113876
-4.24865e-05
0.00114161
-4.75842e-05
0.00114249
-5.28141e-05
0.0011412
-5.81871e-05
0.00113752
-6.37114e-05
0.00113118
-6.939e-05
0.00112194
-7.52187e-05
0.00110948
-8.11853e-05
0.00109353
-8.72644e-05
0.00107377
-9.34126e-05
0.0010499
-9.95654e-05
0.00102166
-0.000105633
0.000988804
-0.000111502
0.000951175
-0.000117032
0.000908688
-0.000122055
0.000861372
-0.000126378
0.000809387
-0.000129799
0.000753041
-0.000132112
0.000692809
-0.000133125
0.000629332
-0.000132672
0.000563415
-0.000130632
0.000496014
-0.000126938
0.000428199
-0.000121593
0.000361121
-0.000114674
0.000295954
-0.000106332
0.000233844
-9.67774e-05
0.000175869
-8.62278e-05
0.000123068
-7.47843e-05
7.66159e-05
-6.2192e-05
3.82666e-05
-4.75948e-05
1.1072e-05
-2.96686e-05
-8.25415e-06
2.22769e-06
3.65822e-06
7.53879e-06
8.25597e-06
1.52269e-05
1.21345e-05
2.49231e-05
1.57173e-05
3.64427e-05
1.90692e-05
4.96787e-05
2.21987e-05
6.45526e-05
2.51073e-05
8.0994e-05
2.7798e-05
9.89341e-05
3.02767e-05
0.000118303
3.25512e-05
0.000139032
3.46301e-05
0.000161046
3.65212e-05
0.000184272
3.82316e-05
0.000208631
3.97675e-05
0.000234042
4.11342e-05
0.000260422
4.23365e-05
0.000287685
4.33789e-05
0.000315744
4.42657e-05
0.000344509
4.50012e-05
0.000373894
4.55896e-05
0.000403811
4.60352e-05
0.000434176
4.63425e-05
0.000464905
4.65158e-05
0.000495919
4.65597e-05
0.00052714
4.64786e-05
0.000558495
4.62769e-05
0.000589913
4.59589e-05
0.000621329
4.55288e-05
0.000652678
4.49907e-05
0.0006839
4.43485e-05
0.000714939
4.36061e-05
0.000745741
4.2767e-05
0.000776255
4.18348e-05
0.000806432
4.08127e-05
0.000836227
3.97038e-05
0.000865595
3.85105e-05
0.000894498
3.72353e-05
0.000922893
3.58834e-05
0.000950741
3.44566e-05
0.000978007
3.29573e-05
0.00100465
3.13878e-05
0.00103065
2.97503e-05
0.00105595
2.80471e-05
0.00108054
2.62804e-05
0.00110437
2.44524e-05
0.00112741
2.25652e-05
0.00114964
2.06208e-05
0.00117102
1.86213e-05
0.00119151
1.65687e-05
0.00121109
1.44649e-05
0.00122972
1.23115e-05
0.00124738
1.01098e-05
0.00126404
7.86006e-06
0.00127968
5.56042e-06
0.0012943
3.20875e-06
0.00130784
8.59001e-07
0.00132052
-1.8266e-06
0.00133225
-4.55918e-06
0.00134269
-7.20646e-06
0.00135156
-9.82179e-06
0.00135883
-1.24132e-05
0.00136431
-1.5027e-05
0.00136794
-1.7644e-05
0.00136964
-2.02541e-05
0.00136932
-2.28626e-05
0.00136693
-2.54675e-05
0.00136236
-2.80714e-05
0.00135553
-3.06757e-05
0.00134632
-3.32798e-05
0.00133462
-3.58836e-05
0.0013203
-3.84869e-05
0.0013032
-4.10886e-05
0.00128317
-4.36855e-05
0.00126005
-4.62719e-05
0.00123367
-4.88386e-05
0.00120386
-5.13723e-05
0.00117045
-5.38533e-05
0.00113329
-5.62544e-05
0.00109226
-5.8539e-05
0.00104729
-6.06583e-05
0.000998337
-6.25497e-05
0.000945475
-6.41697e-05
0.000888864
-6.54431e-05
0.000828776
-6.62906e-05
0.000765613
-6.66354e-05
0.000699908
-6.64072e-05
0.000632332
-6.5549e-05
0.000563682
-6.40224e-05
0.000494864
-6.18137e-05
0.000426862
-5.8936e-05
0.000360699
-5.54307e-05
0.00029739
-5.13648e-05
0.000237883
-4.68258e-05
0.000183019
-4.19131e-05
0.000133508
-3.67171e-05
8.99926e-05
-3.12685e-05
5.32445e-05
-2.54438e-05
2.45313e-05
-1.88816e-05
5.95562e-06
-1.10929e-05
-2.29853e-06
3.65822e-06
1.19142e-05
2.40487e-05
3.9766e-05
5.88351e-05
8.10339e-05
0.000106141
0.000133939
0.000164216
0.000196767
0.000231397
0.000267918
0.00030615
0.000345917
0.000387052
0.000429388
0.000472767
0.000517033
0.000562034
0.000607624
0.000653659
0.000700001
0.000746517
0.000793077
0.000839555
0.000885832
0.000931791
0.00097732
0.00102231
0.00106666
0.00111027
0.00115303
0.00119487
0.00123568
0.00127538
0.00131389
0.00135113
0.00138701
0.00142147
0.00145443
0.00148581
0.00151556
0.00154361
0.00156989
0.00159434
0.00161691
0.00163753
0.00165615
0.00167272
0.00168719
0.0016995
0.00170961
0.00171747
0.00172303
0.00172624
0.0017271
0.00172527
0.00172071
0.0017135
0.00170368
0.00169127
0.00167624
0.0016586
0.00163834
0.00161548
0.00159001
0.00156194
0.00153127
0.00149799
0.0014621
0.00142362
0.00138253
0.00133884
0.00129257
0.00124373
0.00119236
0.00113851
0.00108225
0.00102371
0.000963054
0.000900504
0.000836334
0.000770891
0.000704601
0.000637965
0.000571558
0.000506009
0.000441987
0.000380173
0.000321237
0.000265806
0.000214441
0.000167616
0.000125702
8.89854e-05
5.77169e-05
3.22731e-05
1.33914e-05
2.29853e-06
)
;

boundaryField
{
    movingWall
    {
        type            calculated;
        value           uniform 0;
    }
    fixedWalls
    {
        type            calculated;
        value           uniform 0;
    }
    frontAndBack
    {
        type            empty;
    }
}


// ************************************************************************* //
