/*--------------------------------*- C++ -*----------------------------------*\
  =========                 |
  \\      /  F ield         | OpenFOAM: The Open Source CFD Toolbox
   \\    /   O peration     | Website:  https://openfoam.org
    \\  /    A nd           | Version:  11
     \\/     M anipulation  |
\*---------------------------------------------------------------------------*/
FoamFile
{
    format      ascii;
    class       volScalarField;
    location    "32";
    object      p;
}
// * * * * * * * * * * * * * * * * * * * * * * * * * * * * * * * * * * * * * //

dimensions      [0 2 -2 0 0 0 0];

internalField   nonuniform List<scalar> 
10000
(
-7.30225e-08
2.50324e-06
-1.63286e-06
-1.1068e-05
-2.52442e-05
-4.33377e-05
-6.44763e-05
-8.78991e-05
-0.000113028
-0.000139435
-0.000166818
-0.000194977
-0.000223799
-0.000253217
-0.000283199
-0.000313724
-0.000344773
-0.000376313
-0.000408292
-0.000440629
-0.000473212
-0.000505895
-0.000538494
-0.000570791
-0.000602534
-0.00063343
-0.000663157
-0.000691358
-0.000717644
-0.000741594
-0.000762763
-0.000780678
-0.000794841
-0.000804736
-0.000809832
-0.000809586
-0.00080345
-0.00079088
-0.00077134
-0.000744315
-0.000709318
-0.000665905
-0.000613684
-0.000552328
-0.000481591
-0.00040132
-0.000311472
-0.000212127
-0.000103507
1.40126e-05
0.000139881
0.00027336
0.000413482
0.000558961
0.000708192
0.000859616
0.00101174
0.00116296
0.00131155
0.00145574
0.00159368
0.00172353
0.00184349
0.00195182
0.00204692
0.00212732
0.0021918
0.00223935
0.00226927
0.00228115
0.00227491
0.00225084
0.00220953
0.00215194
0.00207931
0.00199317
0.00189529
0.00178785
0.00167291
0.0015526
0.00142905
0.00130434
0.00118046
0.00105928
0.000942507
0.000831647
0.000728032
0.000632782
0.000546825
0.000470942
0.000405785
0.000351884
0.000309643
0.000279314
0.00026092
0.000254098
0.000257805
0.00026976
0.000285653
0.000301657
-2.55752e-06
-2.35506e-08
-4.03487e-06
-1.23941e-05
-2.46382e-05
-4.02365e-05
-5.86417e-05
-7.92681e-05
-0.000101669
-0.00012547
-0.000150407
-0.000176279
-0.000202946
-0.000230314
-0.000258315
-0.000286895
-0.000316005
-0.000345585
-0.000375563
-0.000405844
-0.000436308
-0.000466808
-0.000497167
-0.000527176
-0.000556596
-0.000585155
-0.000612553
-0.000638458
-0.00066251
-0.000684319
-0.000703473
-0.000719532
-0.000732036
-0.000740506
-0.000744449
-0.00074336
-0.000736732
-0.000724058
-0.00070484
-0.0006786
-0.000644886
-0.000603284
-0.000553433
-0.000495029
-0.000427847
-0.00035175
-0.000266702
-0.000172785
-7.02127e-05
4.06547e-05
0.0001593
0.000285052
0.000417054
0.000554003
0.000694327
0.000836552
0.000979303
0.00112108
0.00126027
0.0013952
0.00152416
0.00164546
0.0017574
0.00185839
0.00194695
0.00202176
0.00208168
0.00212582
0.00215355
0.00216452
0.00215872
0.00213642
0.00209821
0.00204501
0.00197799
0.00189858
0.00180848
0.00170967
0.00160413
0.00149367
0.00138022
0.00126569
0.0011519
0.00104056
0.00093322
0.000831251
0.000735835
0.00064802
0.000568636
0.000498358
0.000437723
0.000387128
0.000346821
0.000316872
0.000297121
0.0002871
0.000285857
0.000291508
0.000301619
0.000317642
1.72451e-06
3.98014e-06
-1.46097e-07
-8.22412e-06
-1.97773e-05
-3.43823e-05
-5.15577e-05
-7.07761e-05
-9.17097e-05
-0.000114037
-0.000137513
-0.000161956
-0.000187232
-0.000213245
-0.000239921
-0.000267198
-0.000295016
-0.000323309
-0.000351997
-0.000380983
-0.000410145
-0.000439338
-0.00046839
-0.000497101
-0.00052524
-0.000552551
-0.000578748
-0.000603515
-0.000626511
-0.000647367
-0.000665689
-0.000681061
-0.000693043
-0.000701177
-0.00070499
-0.000703999
-0.000697714
-0.000685644
-0.000667309
-0.000642243
-0.000610004
-0.000570186
-0.00052243
-0.000466436
-0.000401974
-0.0003289
-0.000247165
-0.000156837
-5.8105e-05
4.86977e-05
0.000163091
0.000284467
0.000412041
0.000544454
0.000680018
0.000817435
0.000955389
0.00109242
0.00122697
0.00135741
0.00148208
0.00159933
0.00170752
0.00180512
0.00189067
0.00196289
0.0020207
0.00206323
0.00208989
0.00210035
0.00209461
0.00207295
0.00203598
0.0019846
0.00191997
0.00184348
0.00175675
0.00166173
0.00156048
0.00145475
0.00134623
0.00123674
0.00112805
0.00102179
0.00091943
0.000822245
0.000731378
0.000647757
0.000572139
0.000505125
0.000447178
0.000398622
0.00035964
0.000330261
0.000310328
0.000299483
0.000297037
0.000301524
0.000311676
0.000333587
1.15683e-05
1.2435e-05
7.69893e-06
-5.7141e-07
-1.19391e-05
-2.5986e-05
-4.23011e-05
-6.0496e-05
-8.0262e-05
-0.00010134
-0.000123526
-0.000146668
-0.000170648
-0.00019538
-0.000220795
-0.000246831
-0.000273427
-0.000300516
-0.000328016
-0.000355831
-0.000383841
-0.000411906
-0.00043986
-0.000467512
-0.000494643
-0.000521009
-0.00054634
-0.000570336
-0.000592675
-0.000613005
-0.000630953
-0.000646119
-0.000658083
-0.000666405
-0.000670628
-0.000670282
-0.000664891
-0.000653974
-0.000637058
-0.000613679
-0.000583399
-0.000545808
-0.00050054
-0.000447284
-0.000385795
-0.000315911
-0.00023756
-0.00015078
-5.57301e-05
4.72953e-05
0.000157863
0.000275441
0.000399306
0.000527925
0.000659557
0.000793121
0.000927335
0.00106075
0.00119185
0.00131902
0.00144064
0.00155508
0.00166072
0.00175604
0.00183962
0.00191019
0.00196667
0.00200822
0.00203424
0.00204443
0.00203878
0.00201759
0.00198147
0.00193131
0.00186829
0.0017938
0.00170943
0.00161698
0.00151855
0.00141612
0.00131126
0.00120558
0.00110078
0.000998467
0.000900054
0.00080678
0.000719678
0.000639593
0.000567202
0.000503032
0.000447473
0.000400788
0.000363116
0.000334474
0.000314757
0.000303762
0.000301099
0.000305714
0.000317196
0.000345607
2.66065e-05
2.4972e-05
1.90924e-05
1.01886e-05
-1.40118e-06
-1.52784e-05
-3.10948e-05
-4.85492e-05
-6.73917e-05
-8.74209e-05
-0.00010848
-0.00013045
-0.000153241
-0.000176785
-0.000201023
-0.000225905
-0.000251374
-0.000277366
-0.000303807
-0.0003306
-0.000357635
-0.000384777
-0.000411868
-0.000438729
-0.000465153
-0.00049091
-0.000515744
-0.000539375
-0.000561493
-0.000581768
-0.000599842
-0.000615331
-0.000627832
-0.000636917
-0.000642141
-0.000643044
-0.000639154
-0.000629994
-0.000615088
-0.000593971
-0.000566191
-0.000531328
-0.000488999
-0.000438871
-0.000380674
-0.000314215
-0.000239391
-0.000156203
-6.47683e-05
3.46616e-05
0.000141709
0.000255908
0.000376549
0.000501973
0.000630419
0.000760969
0.000892355
0.00102314
0.00115182
0.00127679
0.00139645
0.00150916
0.00161332
0.0017074
0.00178997
0.00185975
0.00191568
0.00195689
0.00198279
0.00199306
0.00198769
0.00196698
0.00193154
0.00188228
0.00182037
0.00174723
0.00166447
0.00157384
0.00147727
0.0013769
0.00127457
0.0011717
0.00106982
0.000970501
0.000875145
0.000784955
0.000700915
0.000623784
0.000554142
0.000492437
0.000438997
0.000394031
0.000357643
0.000329853
0.000310611
0.000299861
0.00029747
0.000302693
0.00031565
0.000349333
4.61479e-05
4.10753e-05
3.3659e-05
2.36711e-05
1.14544e-05
-2.61563e-06
-1.82661e-05
-3.52726e-05
-5.3451e-05
-7.26583e-05
-9.27875e-05
-0.00011376
-0.000135519
-0.000158021
-0.000181228
-0.000205104
-0.000229606
-0.000254678
-0.000280254
-0.000306249
-0.000332559
-0.00035906
-0.000385605
-0.000412027
-0.000438132
-0.000463705
-0.000488506
-0.000512269
-0.000534703
-0.000555492
-0.000574292
-0.000590734
-0.000604424
-0.000614944
-0.000621854
-0.000624696
-0.000622996
-0.000616273
-0.000604039
-0.000585815
-0.000561131
-0.000529542
-0.000490638
-0.000444056
-0.000389489
-0.000326706
-0.000255564
-0.000176016
-8.81345e-05
7.87869e-06
0.000111712
0.00022296
0.000340829
0.000463649
0.000589699
0.000718094
0.000847581
0.000976732
0.00110404
0.00122791
0.00134673
0.00145885
0.00156264
0.00165657
0.00173918
0.00180917
0.00186544
0.00190711
0.00193355
0.00194442
0.00193972
0.00191971
0.00188502
0.00183654
0.00177547
0.00170323
0.00162148
0.00153199
0.00143665
0.00133744
0.00123642
0.00113531
0.00103541
0.00093816
0.000844953
0.000756975
0.000675199
0.000600335
0.000532881
0.000473182
0.000421509
0.000378024
0.000342804
0.000315867
0.000297211
0.000286893
0.000284964
0.000290886
0.000305081
0.000342439
6.92946e-05
6.01377e-05
5.07708e-05
3.93563e-05
2.61825e-05
1.16154e-05
-4.14791e-06
-2.09603e-05
-3.87055e-05
-5.73003e-05
-7.66907e-05
-9.68439e-05
-0.00011774
-0.000139368
-0.000161715
-0.000184765
-0.000208491
-0.000232856
-0.000257804
-0.000283263
-0.000309142
-0.000335329
-0.000361691
-0.000388074
-0.000414301
-0.00044017
-0.000465458
-0.000489914
-0.000513262
-0.000535199
-0.000555393
-0.000573485
-0.000589087
-0.000601785
-0.000611137
-0.000616681
-0.000617934
-0.000614399
-0.000605572
-0.000590946
-0.000570025
-0.000542332
-0.000507418
-0.00046488
-0.000414368
-0.000355605
-0.000288396
-0.000212646
-0.000128375
-3.5728e-05
6.50586e-05
0.00017366
0.000289171
0.000409711
0.000533989
0.000660941
0.000789307
0.000917675
0.00104453
0.00116828
0.00128728
0.00139986
0.00150436
0.00159922
0.00168293
0.00175415
0.00181175
0.00185478
0.00188259
0.00189481
0.00189138
0.00187257
0.00183896
0.00179147
0.00173127
0.00165984
0.00157882
0.00149005
0.00139546
0.00129699
0.00119663
0.00109627
0.000997526
0.000901583
0.000809765
0.000723242
0.000642971
0.000569704
0.000503888
0.00044573
0.000395443
0.000353151
0.000318901
0.000292706
0.000274588
0.000264673
0.000263134
0.000269556
0.000284507
0.000323884
9.51733e-05
8.15342e-05
6.98113e-05
5.66834e-05
4.22853e-05
2.69732e-05
1.08676e-05
-5.96468e-06
-2.34773e-05
-4.16502e-05
-6.04852e-05
-7.99984e-05
-0.000100212
-0.000121151
-0.000142831
-0.000165262
-0.00018844
-0.000212345
-0.00023694
-0.000262168
-0.000287954
-0.000314202
-0.000340794
-0.000367593
-0.000394436
-0.000421141
-0.000447497
-0.00047327
-0.000498197
-0.000521986
-0.000544314
-0.000564827
-0.000583139
-0.000598834
-0.000611462
-0.00062055
-0.000625596
-0.000626082
-0.000621474
-0.000611235
-0.00059483
-0.000571741
-0.000541473
-0.000503574
-0.000457644
-0.000403351
-0.000340446
-0.00026878
-0.000188315
-9.91415e-05
-1.42816e-06
0.00010455
0.000217832
0.000336633
0.00045959
0.000585632
0.000713511
0.000841817
0.000969026
0.00109353
0.00121364
0.00132768
0.00143394
0.0015308
0.00161671
0.00169027
0.00175028
0.00179574
0.00182594
0.00184045
0.00183916
0.0018223
0.00179043
0.00174444
0.00168551
0.0016151
0.00153491
0.00144678
0.0013527
0.00125467
0.00115469
0.00105465
0.000956227
0.000860965
0.000769941
0.000684254
0.000604826
0.000532526
0.000467743
0.000410645
0.000361333
0.000319891
0.000286336
0.000260662
0.000242897
0.0002332
0.000231802
0.000238358
0.000253487
0.000293372
0.000122917
0.000104323
9.01016e-05
7.50451e-05
5.92093e-05
4.29547e-05
2.63196e-05
9.28599e-06
-8.17203e-06
-2.61002e-05
-4.45593e-05
-6.36173e-05
-8.33418e-05
-0.000103795
-0.000125029
-0.000147081
-0.000169973
-0.000193707
-0.000218267
-0.000243616
-0.000269697
-0.000296433
-0.000323726
-0.000351453
-0.000379473
-0.000407618
-0.000435693
-0.00046348
-0.000490725
-0.000517146
-0.000542426
-0.000566212
-0.000588115
-0.000607708
-0.000624532
-0.000638089
-0.000647856
-0.000653281
-0.000653797
-0.000648823
-0.000637781
-0.0006201
-0.000595235
-0.000562676
-0.000521965
-0.000472713
-0.00041461
-0.000347445
-0.000271125
-0.000185679
-9.12191e-05
1.20396e-05
0.0001232
0.000240479
0.000362414
0.00048795
0.000615851
0.000744704
0.000872974
0.000999029
0.00112116
0.00123764
0.00134671
0.00144669
0.00153597
0.00161308
0.00167673
0.00172586
0.00175967
0.00177766
0.00177965
0.0017658
0.00173663
0.00169298
0.00163602
0.00156722
0.00148827
0.00140106
0.00130759
0.00120994
0.00111016
0.00101018
0.000911812
0.000816577
0.000725837
0.000640562
0.000561439
0.000489378
0.00042501
0.000368497
0.000319722
0.000278728
0.000245512
0.000220044
0.00020234
0.00019256
0.000190953
0.000197206
0.000211926
0.00025104
0.000151682
0.000127858
0.000110946
9.37873e-05
7.6351e-05
5.89993e-05
4.16828e-05
2.42942e-05
6.73177e-06
-1.11186e-05
-2.93795e-05
-4.81732e-05
-6.7615e-05
-8.78088e-05
-0.000108843
-0.000130786
-0.00015369
-0.000177582
-0.000202471
-0.000228342
-0.00025516
-0.000282869
-0.00031139
-0.000340624
-0.000370445
-0.000400704
-0.000431222
-0.000461793
-0.000492174
-0.000522089
-0.000551222
-0.000579217
-0.000605677
-0.00063016
-0.000652185
-0.00067123
-0.000686737
-0.000698117
-0.000704758
-0.000706031
-0.000701302
-0.000689945
-0.000671354
-0.000644957
-0.000610232
-0.000566724
-0.00051406
-0.000451966
-0.000380283
-0.000298983
-0.00020813
-0.000107867
1.07843e-06
0.000116902
0.000237977
0.000363276
0.000491586
0.000621491
0.000751446
0.000879799
0.00100481
0.00112469
0.00123766
0.00134194
0.00143586
0.00151785
0.00158655
0.00164079
0.00167967
0.00170259
0.00170928
0.00169982
0.00167463
0.00163453
0.00158062
0.00151434
0.00143741
0.00135171
0.00125929
0.00116228
0.00106278
0.000962818
0.00086427
0.000768801
0.000677895
0.000592468
0.000513338
0.000441041
0.000376512
0.000319953
0.000271197
0.000230185
0.000196878
0.000171219
0.000153199
0.000142956
0.000140727
0.000146212
0.000159975
0.000197273
0.000180565
0.000151333
0.000131595
0.000112211
9.30558e-05
7.44896e-05
5.63697e-05
3.84952e-05
2.06846e-05
2.75241e-06
-1.5488e-05
-3.42156e-05
-5.35955e-05
-7.37755e-05
-9.48823e-05
-0.000117021
-0.000140271
-0.000164693
-0.000190319
-0.000217161
-0.000245211
-0.000274433
-0.000304775
-0.000336155
-0.000368471
-0.00040159
-0.000435349
-0.000469553
-0.000503969
-0.000538321
-0.000572294
-0.000605523
-0.000637596
-0.000668052
-0.000696382
-0.00072203
-0.0007444
-0.000762855
-0.000776732
-0.000785346
-0.000788002
-0.00078401
-0.000772696
-0.000753421
-0.000725592
-0.000688686
-0.000642259
-0.000585969
-0.00051959
-0.000443036
-0.000356326
-0.000259526
-0.000153092
-3.88365e-05
8.13824e-05
0.000206571
0.000335547
0.000466902
0.000599085
0.000730421
0.000859141
0.000983414
0.00110138
0.00121122
0.00131115
0.00139952
0.00147484
0.00153584
0.0015815
0.00161108
0.00162421
0.00162083
0.00160129
0.00156628
0.00151686
0.00145443
0.00138064
0.00129742
0.00120683
0.00111103
0.00101221
0.000912471
0.00081378
0.000717911
0.000626418
0.000540491
0.000460849
0.000388166
0.000322953
0.00026565
0.00021636
0.000174811
0.000140919
0.000114601
9.58163e-05
8.4671e-05
8.13708e-05
8.56238e-05
9.79294e-05
0.000132581
0.000208728
0.000173925
0.000151271
0.000129577
0.000108621
8.87527e-05
6.9732e-05
5.12586e-05
3.30674e-05
1.48984e-05
-3.50153e-06
-2.237e-05
-4.19239e-05
-6.23567e-05
-8.38359e-05
-0.000106503
-0.000130473
-0.000155835
-0.000182653
-0.000210968
-0.000240796
-0.000272133
-0.000304946
-0.000339181
-0.000374754
-0.000411551
-0.000449426
-0.000488192
-0.000527622
-0.000567443
-0.000607331
-0.000646909
-0.000685748
-0.000723358
-0.000759199
-0.000792675
-0.00082314
-0.000849907
-0.000872253
-0.000889431
-0.000900678
-0.000905233
-0.00090235
-0.000891313
-0.000871456
-0.000842178
-0.000802963
-0.000753394
-0.000693173
-0.000622152
-0.000540317
-0.00044765
-0.000344239
-0.000231867
-0.000112679
1.23688e-05
0.000142134
0.000275224
0.000410085
0.000545031
0.000678262
0.000807902
0.000932034
0.00104875
0.00115617
0.00125255
0.00133626
0.0014059
0.00146029
0.00149856
0.00152017
0.00152494
0.00151305
0.00148509
0.00144201
0.00138512
0.00131603
0.00123663
0.001149
0.00105535
0.000957906
0.000858873
0.000760318
0.000664121
0.000571922
0.000485061
0.000404521
0.000330976
0.000264743
0.000206342
0.000155862
0.000113167
7.81288e-05
5.06193e-05
3.05656e-05
1.80343e-05
1.31929e-05
1.57577e-05
2.61572e-05
5.75136e-05
0.000235285
0.000194795
0.000169165
0.000145111
0.000122297
0.000101064
8.10638e-05
6.18917e-05
4.31947e-05
2.46352e-05
5.89113e-06
-1.33357e-05
-3.33155e-05
-5.42892e-05
-7.64666e-05
-0.000100028
-0.000125125
-0.00015188
-0.000180391
-0.000210728
-0.000242939
-0.000277046
-0.000313046
-0.000350909
-0.000390572
-0.000431941
-0.000474882
-0.000519221
-0.000564732
-0.000611139
-0.00065811
-0.000705251
-0.000752108
-0.000798161
-0.000842829
-0.00088547
-0.000925386
-0.00096183
-0.000994015
-0.00102112
-0.00104232
-0.00105676
-0.00106363
-0.00106212
-0.00105149
-0.00103105
-0.00100021
-0.000958481
-0.000905472
-0.000840971
-0.000764935
-0.000677279
-0.000577661
-0.000467714
-0.000349912
-0.000225199
-9.46675e-05
4.03176e-05
0.000178212
0.000317323
0.000455827
0.000591807
0.000723281
0.000848256
0.000964763
0.00107092
0.00116496
0.00124533
0.00131067
0.00135995
0.00139243
0.00140775
0.00140592
0.00138736
0.00135287
0.00130364
0.00124121
0.0011674
0.00108428
0.000994066
0.000899052
0.000801518
0.000703644
0.000607432
0.000514645
0.000426752
0.000344898
0.000269911
0.000202309
0.000142347
9.01729e-05
4.57682e-05
8.98689e-06
-2.03074e-05
-4.21865e-05
-5.66223e-05
-6.3489e-05
-6.30563e-05
-5.49657e-05
-2.74025e-05
0.000259323
0.000213072
0.000184437
0.000157995
0.000133293
0.00011065
8.96058e-05
6.96439e-05
5.03195e-05
3.12141e-05
1.19344e-05
-7.88019e-06
-2.85547e-05
-5.03789e-05
-7.36072e-05
-9.84606e-05
-0.000125128
-0.00015377
-0.000184518
-0.000217477
-0.000252727
-0.000290321
-0.000330285
-0.000372615
-0.000417272
-0.00046418
-0.00051322
-0.000564223
-0.000616967
-0.000671172
-0.00072649
-0.000782509
-0.000838743
-0.000894638
-0.000949568
-0.00100284
-0.00105369
-0.00110132
-0.00114486
-0.00118342
-0.00121608
-0.00124193
-0.00126004
-0.00126954
-0.00126958
-0.00125941
-0.00123832
-0.00120574
-0.0011612
-0.00110441
-0.00103528
-0.000953681
-0.000859002
-0.000752294
-0.000636377
-0.000512348
-0.000381226
-0.00024432
-0.000103149
4.05967e-05
0.000185081
0.000328346
0.000468354
0.000603023
0.000730278
0.000848101
0.000954581
0.00104797
0.00112674
0.00118962
0.00123567
0.0012643
0.00127531
0.00126889
0.00124568
0.0012067
0.00115333
0.00108733
0.00101069
0.000925629
0.000834474
0.000739581
0.000643239
0.000547587
0.000454537
0.000365714
0.000282422
0.000205637
0.000136009
7.38889e-05
1.95466e-05
-2.69999e-05
-6.60852e-05
-9.77968e-05
-0.000122108
-0.000138998
-0.000148385
-0.000150518
-0.000145101
-0.000121711
0.000279907
0.000227861
0.000196216
0.000167381
0.000140776
0.000116694
9.45499e-05
7.3712e-05
5.36387e-05
3.38275e-05
1.38116e-05
-6.83354e-06
-2.84895e-05
-5.14964e-05
-7.61546e-05
-0.000102728
-0.000131446
-0.000162508
-0.000196082
-0.000232311
-0.00027131
-0.000313164
-0.000357931
-0.000405634
-0.000456259
-0.000509749
-0.000565997
-0.000624843
-0.000686063
-0.000749369
-0.000814399
-0.000880714
-0.000947798
-0.00101505
-0.00108181
-0.0011473
-0.00121073
-0.00127119
-0.00132776
-0.00137946
-0.00142529
-0.00146423
-0.00149528
-0.00151747
-0.00152984
-0.00153154
-0.00152178
-0.00149989
-0.00146529
-0.00141759
-0.0013566
-0.00128214
-0.00119369
-0.00109178
-0.000978374
-0.000855525
-0.000724156
-0.000585454
-0.000440895
-0.000292149
-0.000141057
1.03929e-05
0.000160106
0.000305918
0.000445643
0.000577119
0.000698269
0.000807149
0.000902009
0.00098135
0.00104397
0.00108901
0.00111602
0.00112493
0.00111612
0.0010904
0.00104899
0.000993461
0.000925742
0.000847995
0.000762554
0.000671834
0.000578226
0.000484011
0.00039127
0.000301812
0.000217131
0.000138376
6.6346e-05
1.52926e-06
-5.56071e-05
-0.000105057
-0.000146952
-0.000181588
-0.000208937
-0.000228857
-0.00024127
-0.000246392
-0.000243987
-0.000225062
0.000296079
0.00023824
0.000203602
0.000172388
0.000143883
0.00011834
9.50463e-05
7.32472e-05
5.23004e-05
3.16165e-05
1.06532e-05
-1.10801e-05
-3.40228e-05
-5.85671e-05
-8.5061e-05
-0.000113813
-0.000145096
-0.000179149
-0.000216183
-0.000256378
-0.000299887
-0.000346831
-0.000397302
-0.000451351
-0.000508988
-0.000570177
-0.000634824
-0.000702774
-0.000773803
-0.000847612
-0.000923819
-0.00100196
-0.00108148
-0.00116174
-0.001242
-0.00132147
-0.00139924
-0.00147435
-0.00154579
-0.0016125
-0.00167337
-0.0017273
-0.00177317
-0.00180991
-0.00183648
-0.00185189
-0.00185526
-0.00184579
-0.00182282
-0.00178584
-0.00173454
-0.00166875
-0.00158809
-0.00149192
-0.00138208
-0.00126122
-0.00113016
-0.000989969
-0.00084206
-0.000688077
-0.000529855
-0.0003694
-0.000208858
-5.04732e-05
0.000103454
0.000250619
0.000388762
0.000515732
0.000629538
0.00072841
0.000810861
0.000875731
0.000922244
0.000950036
0.000959182
0.000950212
0.000924096
0.000882222
0.000826353
0.000758563
0.000681155
0.000596574
0.000507299
0.000415752
0.000324193
0.000234641
0.00014881
6.80735e-05
-6.55579e-06
-7.44112e-05
-0.00013504
-0.000188085
-0.000233505
-0.000271633
-0.000302534
-0.000326051
-0.000342007
-0.00035054
-0.000351463
-0.000337236
0.000306856
0.000243267
0.000205674
0.00017211
0.000141717
0.000114702
9.02101e-05
6.73628e-05
4.54125e-05
2.36799e-05
1.54516e-06
-2.15498e-05
-4.61039e-05
-7.2563e-05
-0.000101325
-0.000132744
-0.00016714
-0.000204795
-0.000245963
-0.000290866
-0.000339698
-0.000392618
-0.000449751
-0.000511182
-0.000576946
-0.000647026
-0.000721342
-0.000799745
-0.000882006
-0.000967815
-0.00105677
-0.00114838
-0.00124204
-0.00133707
-0.00143267
-0.00152798
-0.00162202
-0.00171376
-0.00180208
-0.00188583
-0.00196381
-0.00203479
-0.00209757
-0.00215095
-0.00219376
-0.00222492
-0.0022434
-0.00224832
-0.00223887
-0.00221442
-0.00217456
-0.00211912
-0.00204766
-0.00195864
-0.00185369
-0.00173587
-0.00160589
-0.00146469
-0.00131364
-0.00115434
-0.000988592
-0.000818423
-0.000646017
-0.000473693
-0.000303862
-0.000138976
1.85212e-05
0.000166254
0.000301971
0.000423614
0.000529369
0.000617737
0.000687579
0.000738168
0.00076922
0.000780923
0.000773936
0.000749378
0.000708799
0.000654119
0.000587562
0.000511563
0.000428665
0.000341418
0.000252266
0.000163457
7.69592e-05
-5.59129e-06
-8.29191e-05
-0.000154119
-0.000218582
-0.000275749
-0.000325632
-0.000367921
-0.000402927
-0.000430569
-0.000450572
-0.000462934
-0.000467494
-0.000458161
0.000311242
0.000241984
0.000201493
0.000165624
0.000133366
0.000104867
7.91297e-05
5.51429e-05
3.20512e-05
9.08319e-06
-1.44608e-05
-3.92077e-05
-6.57174e-05
-9.44914e-05
-0.000125979
-0.000160584
-0.000198674
-0.000240578
-0.000286595
-0.000336993
-0.000392009
-0.000451843
-0.000516658
-0.000586569
-0.000661641
-0.000741877
-0.000827211
-0.000917496
-0.0010125
-0.00111191
-0.00121528
-0.0013221
-0.00143173
-0.00154342
-0.00165633
-0.0017695
-0.0018819
-0.00199238
-0.00209976
-0.00220275
-0.00230007
-0.00239036
-0.00247231
-0.00254458
-0.00260589
-0.002655
-0.00269079
-0.00271221
-0.00271834
-0.00270841
-0.00268189
-0.00263861
-0.00257798
-0.00249774
-0.00239922
-0.00228567
-0.00215771
-0.00201619
-0.00186239
-0.00169784
-0.00152434
-0.00134389
-0.00115872
-0.000971201
-0.000783853
-0.000599274
-0.000420094
-0.00024892
-8.82745e-05
5.94682e-05
0.000192147
0.000307878
0.00040512
0.000482726
0.000539994
0.0005767
0.00059312
0.000590031
0.000568692
0.000530803
0.000478441
0.000413981
0.000339992
0.000259128
0.000174014
8.71376e-05
7.48091e-07
-8.3212e-05
-0.000163154
-0.000237863
-0.000306472
-0.000368353
-0.000423074
-0.000470384
-0.000510206
-0.000542512
-0.000567058
-0.00058367
-0.000592184
-0.000587923
0.000308228
0.000233423
0.000190112
0.000151994
0.0001179
8.79096e-05
6.08768e-05
3.56531e-05
1.12728e-05
-1.31298e-05
-3.83354e-05
-6.50416e-05
-9.38712e-05
-0.000125383
-0.000160079
-0.000198417
-0.000240812
-0.000287647
-0.000339267
-0.000395991
-0.000458099
-0.000525836
-0.000599405
-0.000678957
-0.000764583
-0.00085631
-0.000954083
-0.00105777
-0.00116712
-0.00128181
-0.00140138
-0.00152527
-0.0016528
-0.00178317
-0.00191546
-0.00204865
-0.00218161
-0.00231312
-0.00244186
-0.00256647
-0.00268551
-0.00279753
-0.00290107
-0.00299465
-0.00307685
-0.00314631
-0.00320173
-0.00324193
-0.00326584
-0.00327255
-0.00326141
-0.00323216
-0.00318416
-0.00311456
-0.00302419
-0.00291631
-0.00279151
-0.00265053
-0.00249455
-0.00232503
-0.00214372
-0.00195262
-0.00175394
-0.00155013
-0.0013438
-0.00113769
-0.000934597
-0.000737373
-0.000548819
-0.000371637
-0.000208361
-6.12877e-05
6.75945e-05
0.000176669
0.000264753
0.000331145
0.000375659
0.000398647
0.000400997
0.000384103
0.000349822
0.000300401
0.000238379
0.000166479
8.74899e-05
4.1383e-06
-8.1021e-05
-0.000165701
-0.000247947
-0.000326181
-0.000399199
-0.000466106
-0.000526159
-0.000579233
-0.000624523
-0.000662092
-0.000691673
-0.000712959
-0.000725758
-0.000726761
0.000296807
0.00021662
0.000170583
0.000130284
9.43881e-05
6.28996e-05
3.4516e-05
7.95017e-06
-1.78765e-05
-4.39257e-05
-7.10607e-05
-0.000100051
-0.000131584
-0.000166277
-0.000204689
-0.000247333
-0.000294677
-0.000347156
-0.000405171
-0.000469088
-0.000539241
-0.000615918
-0.000699366
-0.000789772
-0.00088726
-0.000991877
-0.00110359
-0.00122225
-0.00134763
-0.00147938
-0.00161701
-0.00175992
-0.00190739
-0.00205856
-0.00221244
-0.00236793
-0.00252379
-0.00267872
-0.00283128
-0.00297999
-0.00312328
-0.00325957
-0.00338725
-0.00350469
-0.00361033
-0.00370262
-0.00378013
-0.0038415
-0.00388551
-0.0039111
-0.00391743
-0.00390415
-0.00387059
-0.00381376
-0.00373352
-0.00363282
-0.00351245
-0.00337304
-0.00321563
-0.00304161
-0.00285265
-0.0026507
-0.002438
-0.00221703
-0.00199046
-0.00176116
-0.00153211
-0.00130639
-0.00108708
-0.000877203
-0.000679697
-0.000497293
-0.000332459
-0.000187328
-6.36222e-05
3.74109e-05
0.000115048
0.000169129
0.000200077
0.000208891
0.000197115
0.000166786
0.000120343
6.05254e-05
-9.75133e-06
-8.75285e-05
-0.000169936
-0.000254307
-0.000338273
-0.000419827
-0.000497347
-0.000569577
-0.000635542
-0.000694551
-0.000746113
-0.00078961
-0.000824768
-0.000851202
-0.000868493
-0.000875068
0.000275978
0.000190617
0.000141966
9.95654e-05
6.1907e-05
2.89116e-05
-8.83072e-07
-2.8905e-05
-5.63471e-05
-8.42684e-05
-0.000113616
-0.000145232
-0.00017987
-0.000218209
-0.000260868
-0.000308416
-0.000361378
-0.000420247
-0.000485479
-0.000557496
-0.000636684
-0.000723382
-0.000817881
-0.000920407
-0.00103112
-0.00115008
-0.00127728
-0.00141259
-0.00155575
-0.0017064
-0.00186404
-0.00202802
-0.00219756
-0.00237174
-0.00254951
-0.00272965
-0.00291087
-0.00309171
-0.00327064
-0.00344604
-0.00361621
-0.00377941
-0.00393387
-0.00407781
-0.00420949
-0.0043272
-0.00442932
-0.00451433
-0.00458082
-0.00462756
-0.00465351
-0.00465807
-0.00464064
-0.00459906
-0.00453133
-0.00443925
-0.00432466
-0.00418801
-0.00403012
-0.00385226
-0.00365602
-0.0034433
-0.00321632
-0.00297755
-0.00272976
-0.00247589
-0.00221911
-0.00196269
-0.00170998
-0.00146436
-0.00122915
-0.00100752
-0.000802471
-0.000616673
-0.000452443
-0.000311638
-0.000195597
-0.000105079
-4.02218e-05
-5.23848e-07
1.5145e-05
8.51044e-06
-1.81752e-05
-6.22299e-05
-0.000120662
-0.00019031
-0.00026799
-0.000350633
-0.000435408
-0.000519816
-0.000601743
-0.000679475
-0.000751636
-0.000817123
-0.000875544
-0.000925532
-0.000966794
-0.00099879
-0.00102099
-0.00103338
0.000244762
0.000154477
0.000103344
5.8929e-05
1.9551e-05
-1.4962e-05
-4.62341e-05
-7.58352e-05
-0.000105073
-0.000135106
-0.000166963
-0.000201563
-0.000239726
-0.000282196
-0.000329652
-0.000382724
-0.000441999
-0.000508029
-0.000581331
-0.000662386
-0.000751635
-0.000849471
-0.000956232
-0.00107219
-0.00119753
-0.00133236
-0.00147666
-0.00163031
-0.00179307
-0.00196454
-0.0021442
-0.00233135
-0.00252516
-0.00272464
-0.00292866
-0.00313591
-0.00334497
-0.0035543
-0.00376222
-0.00396696
-0.00416668
-0.00435947
-0.0045434
-0.00471652
-0.00487689
-0.00502263
-0.00515191
-0.00526304
-0.00535442
-0.00542462
-0.0054724
-0.00549688
-0.00549749
-0.00547291
-0.00541965
-0.00533814
-0.00523097
-0.00509845
-0.00494122
-0.0047604
-0.00455749
-0.00433433
-0.00409307
-0.00383621
-0.00356652
-0.00328705
-0.00300108
-0.0027121
-0.0024237
-0.00213958
-0.00186345
-0.00159895
-0.00134959
-0.00111862
-0.000908991
-0.000723233
-0.000563368
-0.00043084
-0.000326445
-0.000250291
-0.000201773
-0.000179589
-0.00018178
-0.000205816
-0.000248701
-0.000307121
-0.000377596
-0.000456647
-0.000540942
-0.000627429
-0.000713427
-0.000796672
-0.000875307
-0.000947827
-0.00101311
-0.00107034
-0.00111832
-0.00115634
-0.00118386
-0.00120238
0.000202211
0.000107297
5.38287e-05
7.4963e-06
-3.35558e-05
-6.95994e-05
-0.000102422
-0.000133734
-0.000164961
-0.000197355
-0.000232035
-0.000269991
-0.000312116
-0.000359217
-0.000412039
-0.000471275
-0.000537579
-0.000611564
-0.000693813
-0.000784869
-0.000885233
-0.000995355
-0.00111562
-0.00124635
-0.00138777
-0.00154
-0.00170306
-0.00187682
-0.00206103
-0.00225528
-0.00245901
-0.00267148
-0.00289181
-0.00311892
-0.00335159
-0.00358842
-0.00382788
-0.00406828
-0.00430782
-0.00454456
-0.00477651
-0.00500159
-0.00521767
-0.00542262
-0.0056143
-0.00579063
-0.0059496
-0.0060893
-0.00620793
-0.00630388
-0.00637569
-0.00642227
-0.00644298
-0.0064367
-0.00639946
-0.00633071
-0.00623279
-0.00610594
-0.00595066
-0.00576796
-0.00555923
-0.00532621
-0.00507101
-0.00479607
-0.00450419
-0.00419846
-0.00388229
-0.0035593
-0.00323333
-0.00290838
-0.00258852
-0.00227785
-0.00198038
-0.00169999
-0.00144027
-0.00120447
-0.000995352
-0.000815138
-0.000665376
-0.000546891
-0.000459728
-0.000403132
-0.000375564
-0.000374756
-0.00039781
-0.000441328
-0.00050158
-0.000574681
-0.000656778
-0.000744212
-0.000833657
-0.000922206
-0.0010074
-0.00108719
-0.00115994
-0.00122488
-0.00128007
-0.00132458
-0.00135784
-0.00138289
0.000147421
4.82168e-05
-7.42361e-06
-5.55679e-05
-9.82461e-05
-0.000135836
-0.000170288
-0.000203453
-0.00023687
-0.00027189
-0.000309716
-0.000351415
-0.00039795
-0.000450198
-0.00050897
-0.000575027
-0.00064909
-0.000731843
-0.000823935
-0.000925975
-0.00103853
-0.00116211
-0.00129715
-0.00144402
-0.00160298
-0.00177419
-0.00195768
-0.00215332
-0.00236087
-0.00257988
-0.00280976
-0.00304973
-0.00329882
-0.0035559
-0.00381963
-0.00408852
-0.0043609
-0.00463495
-0.0049087
-0.00518007
-0.00544688
-0.00570686
-0.0059577
-0.00619705
-0.00642258
-0.00663199
-0.00682306
-0.00699366
-0.0071418
-0.00726566
-0.00736359
-0.00743428
-0.00747696
-0.0074905
-0.00747095
-0.00741693
-0.00733004
-0.00721042
-0.00705852
-0.00687519
-0.00666169
-0.00641968
-0.00615116
-0.00585853
-0.00554457
-0.0052124
-0.00486547
-0.00450754
-0.00414265
-0.00377505
-0.00340916
-0.0030495
-0.0027006
-0.00236692
-0.00205273
-0.00176204
-0.0014984
-0.00126486
-0.00106383
-0.000896963
-0.00076507
-0.000668083
-0.000605019
-0.000574011
-0.000572376
-0.000596733
-0.000643169
-0.000707431
-0.000785136
-0.000871979
-0.000963918
-0.00105731
-0.001149
-0.00123633
-0.0013171
-0.00138966
-0.00145274
-0.00150433
-0.00154376
-0.00157582
7.95474e-05
-2.35678e-05
-8.12006e-05
-0.000131043
-0.000175297
-0.000214452
-0.000250618
-0.000285786
-0.000321605
-0.000359524
-0.000400831
-0.00044667
-0.000498075
-0.000555996
-0.000621313
-0.000694858
-0.000777425
-0.000869768
-0.00097261
-0.00108663
-0.00121246
-0.00135067
-0.00150177
-0.00166616
-0.00184415
-0.00203592
-0.00224151
-0.00246083
-0.00269358
-0.00293933
-0.00319743
-0.00346705
-0.00374715
-0.0040365
-0.00433367
-0.00463703
-0.0049448
-0.00525499
-0.00556548
-0.005874
-0.00617819
-0.00647557
-0.00676363
-0.00703981
-0.00730156
-0.00754637
-0.00777179
-0.00797547
-0.00815521
-0.00830899
-0.00843494
-0.00853156
-0.00859787
-0.00863274
-0.00863255
-0.00859508
-0.00852089
-0.00841011
-0.00826306
-0.00808047
-0.00786347
-0.00761357
-0.00733269
-0.00702315
-0.00668765
-0.0063293
-0.00595159
-0.00555836
-0.00515378
-0.00474234
-0.00432874
-0.00391789
-0.00351481
-0.00312453
-0.002752
-0.00240197
-0.00207884
-0.00178656
-0.00152846
-0.00130711
-0.00112424
-0.000980605
-0.000875923
-0.000808882
-0.00077716
-0.000777522
-0.000805968
-0.000857937
-0.00092854
-0.0010128
-0.00110591
-0.00120339
-0.00130127
-0.00139614
-0.00148513
-0.00156595
-0.00163737
-0.0016965
-0.00174256
-0.0017822
-2.18643e-06
-0.000108791
-0.000168222
-0.000219641
-0.000265418
-0.000306159
-0.00034413
-0.000381456
-0.000419897
-0.000460997
-0.000506127
-0.00055651
-0.000613255
-0.000677381
-0.000749845
-0.000831552
-0.00092337
-0.00102613
-0.00114063
-0.00126763
-0.00140783
-0.00156186
-0.00173028
-0.00191357
-0.00211205
-0.00232595
-0.00255532
-0.00280007
-0.00305989
-0.00333432
-0.00362267
-0.00392404
-0.00423732
-0.00456118
-0.00489407
-0.00523424
-0.00557975
-0.00592845
-0.00627805
-0.00662609
-0.00697
-0.00730709
-0.00763465
-0.00794988
-0.00825001
-0.0085323
-0.00879408
-0.00903279
-0.00924599
-0.00943146
-0.00958713
-0.00971128
-0.00980265
-0.00986018
-0.00988094
-0.0098617
-0.00980175
-0.00970133
-0.00956066
-0.00938029
-0.0091612
-0.00890477
-0.00861278
-0.00828745
-0.00793139
-0.00754765
-0.0071397
-0.00671142
-0.00626706
-0.00581127
-0.005349
-0.0048855
-0.00442621
-0.00397671
-0.00354259
-0.00312935
-0.00274226
-0.00238619
-0.00206546
-0.00178368
-0.00154359
-0.0013469
-0.0011942
-0.00108491
-0.00101722
-0.000988207
-0.000993911
-0.00102956
-0.0010898
-0.001169
-0.00126153
-0.001362
-0.00146553
-0.00156784
-0.0016653
-0.00175501
-0.0018347
-0.00190196
-0.00195523
-0.0020031
-9.8472e-05
-0.000208105
-0.000269125
-0.000321992
-0.000369238
-0.000411586
-0.000451457
-0.000491102
-0.000532391
-0.000576959
-0.000626261
-0.000681598
-0.000744153
-0.000815021
-0.000895234
-0.000985775
-0.00108759
-0.0012016
-0.00132866
-0.00146963
-0.00162527
-0.00179628
-0.0019833
-0.00218682
-0.00240725
-0.00264481
-0.00289959
-0.00317148
-0.00346018
-0.00376518
-0.00408573
-0.00442087
-0.0047694
-0.00512988
-0.00550065
-0.00587981
-0.00626525
-0.00665466
-0.00704554
-0.00743525
-0.00782098
-0.00819986
-0.00856892
-0.00892515
-0.00926554
-0.00958711
-0.00988698
-0.0101624
-0.0104106
-0.0106292
-0.0108161
-0.0109691
-0.0110867
-0.0111679
-0.0112111
-0.0112114
-0.0111671
-0.0110785
-0.0109458
-0.0107692
-0.0105495
-0.0102881
-0.00998655
-0.00964691
-0.0092717
-0.00886386
-0.00842679
-0.00796434
-0.00748081
-0.00698093
-0.00646983
-0.00595302
-0.00543631
-0.00492578
-0.00442762
-0.00394805
-0.00349318
-0.00306884
-0.00268039
-0.00233253
-0.00202912
-0.00177299
-0.00156575
-0.00140771
-0.0012978
-0.00123354
-0.00121121
-0.00122594
-0.001272
-0.00134314
-0.00143288
-0.00153488
-0.00164322
-0.00175262
-0.00185856
-0.00195732
-0.00204588
-0.00212183
-0.00218281
-0.00223965
-0.000209905
-0.000322069
-0.000384455
-0.000438634
-0.000487292
-0.000531271
-0.000573137
-0.000615267
-0.000659632
-0.000707958
-0.000761783
-0.000822483
-0.000891319
-0.000969462
-0.00105802
-0.00115806
-0.00127062
-0.00139667
-0.0015372
-0.0016931
-0.00186523
-0.00205437
-0.0022612
-0.00248628
-0.00273004
-0.00299276
-0.00327451
-0.00357519
-0.00389448
-0.00423182
-0.00458641
-0.00495722
-0.00534293
-0.00574201
-0.00615263
-0.00657276
-0.00700011
-0.00743218
-0.00786627
-0.00829952
-0.00872891
-0.00915133
-0.00956358
-0.00996242
-0.0103446
-0.0107069
-0.0110463
-0.0113596
-0.0116441
-0.0118971
-0.0121162
-0.0122991
-0.0124442
-0.0125501
-0.0126157
-0.0126365
-0.0126096
-0.0125344
-0.012411
-0.0122397
-0.0120211
-0.0117564
-0.0114471
-0.0110949
-0.0107024
-0.0102722
-0.00980771
-0.00931264
-0.00879127
-0.00824833
-0.00768908
-0.0071192
-0.00654481
-0.00597237
-0.00540863
-0.00486048
-0.00433484
-0.00383849
-0.00337784
-0.00295876
-0.00258631
-0.00226454
-0.00199627
-0.00178287
-0.00162418
-0.00151843
-0.00146228
-0.00145094
-0.00147845
-0.00153799
-0.00162226
-0.0017239
-0.00183588
-0.00195181
-0.00206611
-0.00217422
-0.0022724
-0.00235702
-0.0024263
-0.00249295
-0.000336972
-0.000451135
-0.000514655
-0.000570003
-0.000620011
-0.000665642
-0.000709602
-0.000754383
-0.000802053
-0.000854428
-0.000913122
-0.000979592
-0.00105517
-0.00114112
-0.00123861
-0.0013488
-0.00147281
-0.00161171
-0.00176655
-0.00193833
-0.00212797
-0.00233633
-0.00256414
-0.00281203
-0.00308047
-0.00336973
-0.00367993
-0.00401095
-0.00436242
-0.00473376
-0.00512409
-0.00553229
-0.00595694
-0.00639637
-0.00684861
-0.00731144
-0.00778241
-0.00825881
-0.00873773
-0.00921608
-0.00969061
-0.010158
-0.0106147
-0.0110574
-0.0114825
-0.0118867
-0.0122665
-0.0126187
-0.0129403
-0.0132284
-0.0134805
-0.0136942
-0.0138674
-0.0139988
-0.0140871
-0.014129
-0.0141204
-0.0140598
-0.0139471
-0.0137826
-0.0135669
-0.0133007
-0.0129855
-0.0126229
-0.0122152
-0.0117649
-0.0112752
-0.0107497
-0.0101925
-0.00960841
-0.00900256
-0.00838078
-0.0077494
-0.00711519
-0.00648535
-0.00586738
-0.00526896
-0.00469776
-0.00416126
-0.0036665
-0.00321983
-0.00282663
-0.00249103
-0.00221569
-0.00200157
-0.00184778
-0.00175162
-0.00170859
-0.00171264
-0.00175651
-0.00183211
-0.00193108
-0.00204518
-0.00216679
-0.00228915
-0.00240665
-0.00251469
-0.00260867
-0.00268681
-0.00276412
-0.000480043
-0.000595643
-0.00066005
-0.000716417
-0.000767711
-0.000815015
-0.000861165
-0.000908761
-0.000959964
-0.00101667
-0.00108058
-0.00115322
-0.00123599
-0.00133025
-0.00143724
-0.00155822
-0.00169437
-0.00184687
-0.00201686
-0.0022054
-0.00241352
-0.00264213
-0.00289203
-0.0031639
-0.00345824
-0.00377536
-0.00411537
-0.00447812
-0.00486324
-0.00527006
-0.00569765
-0.00614477
-0.00660988
-0.00709118
-0.00758652
-0.00809353
-0.00860952
-0.0091316
-0.00965662
-0.0101813
-0.010702
-0.0112154
-0.0117176
-0.0122049
-0.0126737
-0.0131202
-0.013541
-0.0139326
-0.0142917
-0.0146154
-0.0149008
-0.0151455
-0.0153472
-0.0155044
-0.0156159
-0.0156791
-0.0156896
-0.0156444
-0.0155437
-0.0153874
-0.015176
-0.0149102
-0.0145912
-0.0142205
-0.0138001
-0.0133324
-0.0128202
-0.0122669
-0.0116767
-0.011054
-0.0104039
-0.00973239
-0.00904573
-0.00835095
-0.0076556
-0.00696769
-0.00629555
-0.00564772
-0.00503268
-0.00445867
-0.00393334
-0.00346349
-0.00305471
-0.00271108
-0.00243488
-0.00222639
-0.00208374
-0.00200298
-0.00197818
-0.00200178
-0.00206503
-0.00215854
-0.00227286
-0.002399
-0.00252889
-0.00265575
-0.00277395
-0.00287797
-0.00296529
-0.00305421
-0.000639354
-0.000755805
-0.000820842
-0.000878073
-0.000930584
-0.000979578
-0.00102801
-0.00107858
-0.00113354
-0.00119486
-0.00126431
-0.00134349
-0.00143391
-0.00153696
-0.001654
-0.00178635
-0.0019353
-0.00210212
-0.00228802
-0.00249417
-0.00272165
-0.00297147
-0.00324448
-0.00354141
-0.00386278
-0.00420893
-0.00457996
-0.00497571
-0.00539574
-0.00583935
-0.00630548
-0.00679281
-0.00729967
-0.00782407
-0.00836372
-0.00891603
-0.00947812
-0.0100469
-0.0106189
-0.0111906
-0.0117583
-0.0123182
-0.0128662
-0.0133986
-0.0139113
-0.0144005
-0.0148623
-0.0152933
-0.0156899
-0.0160491
-0.0163678
-0.0166434
-0.0168736
-0.0170566
-0.0171912
-0.0172757
-0.0173056
-0.0172766
-0.0171886
-0.0170418
-0.0168363
-0.0165728
-0.0162522
-0.0158758
-0.0154453
-0.014963
-0.0144315
-0.0138539
-0.0132339
-0.0125759
-0.0118849
-0.0111666
-0.0104274
-0.00967434
-0.00891521
-0.00815839
-0.00741281
-0.00668773
-0.0059926
-0.0053368
-0.0047293
-0.00417836
-0.00369113
-0.00327328
-0.0029286
-0.00265875
-0.00246301
-0.00233817
-0.00227871
-0.00227697
-0.00232368
-0.00240849
-0.00252071
-0.00264993
-0.0027866
-0.00292259
-0.00305114
-0.00316558
-0.00326268
-0.00336421
-0.000815009
-0.0009317
-0.000997104
-0.00105503
-0.00110869
-0.00115938
-0.00121019
-0.00126388
-0.00132281
-0.001389
-0.00146431
-0.00155041
-0.00164887
-0.00176118
-0.00188877
-0.00203306
-0.00219542
-0.00237721
-0.00257974
-0.00280425
-0.00305192
-0.00332381
-0.00362084
-0.00394377
-0.00429317
-0.00466937
-0.00507247
-0.00550228
-0.00595832
-0.00643977
-0.00694552
-0.00747409
-0.00802367
-0.00859212
-0.00917694
-0.00977534
-0.0103842
-0.0110002
-0.0116197
-0.0122389
-0.0128538
-0.0134603
-0.0140543
-0.0146316
-0.015188
-0.0157194
-0.016222
-0.0166919
-0.0171256
-0.0175197
-0.0178711
-0.0181773
-0.0184356
-0.0186441
-0.0188015
-0.0189069
-0.0189559
-0.0189435
-0.0188691
-0.0187328
-0.0185346
-0.0182751
-0.017955
-0.0175754
-0.0171378
-0.0166441
-0.0160967
-0.0154983
-0.0148525
-0.0141633
-0.0134354
-0.0126742
-0.0118861
-0.0110781
-0.010258
-0.00943455
-0.00861702
-0.00781533
-0.00703979
-0.00630084
-0.00560875
-0.00497325
-0.00440312
-0.00390573
-0.00348659
-0.00314896
-0.00289349
-0.00271808
-0.00261783
-0.00258528
-0.00261079
-0.00268321
-0.0027906
-0.00292107
-0.0030635
-0.00320824
-0.0033472
-0.00347242
-0.00357999
-0.00369502
-0.00100697
-0.00112327
-0.00118877
-0.00124723
-0.00130194
-0.00135435
-0.0014076
-0.00146457
-0.00152765
-0.00159897
-0.00168044
-0.00177379
-0.00188068
-0.00200267
-0.00214128
-0.00229801
-0.00247434
-0.00267169
-0.00289148
-0.00313504
-0.00340361
-0.00369832
-0.00402015
-0.00436991
-0.00474817
-0.00515528
-0.00559132
-0.00605605
-0.00654893
-0.00706906
-0.00761521
-0.00818576
-0.00877875
-0.00939185
-0.0100224
-0.0106673
-0.0113233
-0.0119867
-0.0126537
-0.0133203
-0.0139822
-0.014635
-0.0152745
-0.0158961
-0.0164955
-0.0170685
-0.017611
-0.0181189
-0.0185887
-0.0190168
-0.0194002
-0.0197359
-0.0200216
-0.020255
-0.0204349
-0.0205604
-0.0206274
-0.0206319
-0.0205716
-0.0204466
-0.020257
-0.0200031
-0.0196856
-0.0193053
-0.0188634
-0.0183617
-0.017802
-0.017187
-0.0165196
-0.0158036
-0.0150434
-0.0142441
-0.0134116
-0.012553
-0.011676
-0.0107893
-0.00990257
-0.00902621
-0.00817124
-0.00734907
-0.00657119
-0.00584879
-0.0051923
-0.00461088
-0.00411191
-0.00370045
-0.00337884
-0.00314633
-0.00299899
-0.00292982
-0.00292908
-0.00298495
-0.00308437
-0.00321392
-0.00336081
-0.00351371
-0.00366302
-0.00379933
-0.00391791
-0.0040474
-0.00121503
-0.00133031
-0.00139563
-0.00145444
-0.00151013
-0.00156424
-0.00162001
-0.00168037
-0.0017478
-0.00182448
-0.00191236
-0.00201329
-0.00212895
-0.002261
-0.00241105
-0.00258068
-0.00277145
-0.00298489
-0.00322249
-0.00348567
-0.00377575
-0.00409391
-0.00444119
-0.00481843
-0.00522623
-0.00566491
-0.00613454
-0.00663483
-0.00716516
-0.00772453
-0.00831158
-0.00892456
-0.00956131
-0.0102193
-0.0108957
-0.0115871
-0.0122901
-0.0130008
-0.013715
-0.0144285
-0.0151367
-0.0158351
-0.0165191
-0.0171841
-0.0178254
-0.0184387
-0.0190198
-0.0195644
-0.0200689
-0.0205297
-0.0209436
-0.0213077
-0.0216195
-0.0218768
-0.022078
-0.0222223
-0.0223072
-0.0223284
-0.0222824
-0.0221693
-0.0219892
-0.0217424
-0.0214294
-0.0210507
-0.0206075
-0.020101
-0.0195329
-0.0189054
-0.0182211
-0.0174833
-0.016696
-0.0158637
-0.0149923
-0.0140883
-0.0131593
-0.0122139
-0.011262
-0.0103142
-0.00938215
-0.00847805
-0.00761451
-0.00680412
-0.00605895
-0.00539
-0.00480664
-0.00431593
-0.00392212
-0.00362614
-0.00342535
-0.00331354
-0.00328116
-0.00331596
-0.00340386
-0.00352995
-0.00367969
-0.00383994
-0.00399941
-0.00414699
-0.00427704
-0.00442202
-0.00143886
-0.00155247
-0.00161733
-0.00167632
-0.00173288
-0.00178868
-0.00184702
-0.0019109
-0.00198283
-0.00206506
-0.00215961
-0.00226837
-0.00239311
-0.00253556
-0.00269741
-0.00288032
-0.00308594
-0.0033159
-0.00357177
-0.00385504
-0.0041671
-0.00450921
-0.00488245
-0.00528766
-0.00572547
-0.00619619
-0.00669985
-0.00723609
-0.00780421
-0.0084031
-0.00903127
-0.00968678
-0.0103673
-0.0110701
-0.0117921
-0.0125298
-0.0132793
-0.0140366
-0.0147972
-0.0155567
-0.0163102
-0.017053
-0.0177802
-0.018487
-0.0191687
-0.0198207
-0.0204387
-0.0210183
-0.0215558
-0.0220475
-0.0224903
-0.0228811
-0.0232175
-0.0234973
-0.0237187
-0.0238808
-0.0239827
-0.0240198
-0.0239878
-0.0238868
-0.0237171
-0.0234786
-0.0231717
-0.0227969
-0.0223551
-0.0218471
-0.0212745
-0.0206388
-0.0199423
-0.0191879
-0.0183789
-0.0175196
-0.0166151
-0.0156717
-0.0146966
-0.0136982
-0.0126862
-0.0116715
-0.0106659
-0.00968257
-0.00873491
-0.0078368
-0.00700191
-0.00624309
-0.00557176
-0.00499716
-0.00452566
-0.00416017
-0.00389969
-0.00373914
-0.0036695
-0.00367836
-0.00375081
-0.00387055
-0.00402122
-0.00418778
-0.00435704
-0.00451601
-0.00465793
-0.00481942
-0.00167796
-0.00178927
-0.00185337
-0.00191235
-0.00196969
-0.00202715
-0.0020881
-0.00215557
-0.00223215
-0.0023201
-0.00242152
-0.00253835
-0.00267243
-0.00282555
-0.00299949
-0.003196
-0.00341681
-0.00366362
-0.0039381
-0.00424181
-0.00457621
-0.00494261
-0.00534212
-0.00577563
-0.00624373
-0.00674674
-0.00728463
-0.00785696
-0.00846295
-0.00910136
-0.00977054
-0.0104684
-0.0111924
-0.0119396
-0.0127067
-0.0134898
-0.014285
-0.0150879
-0.0158938
-0.0166979
-0.0174952
-0.0182808
-0.0190495
-0.0197964
-0.0205165
-0.0212052
-0.0218579
-0.0224704
-0.0230388
-0.0235595
-0.0240291
-0.0244447
-0.024804
-0.0251046
-0.0253447
-0.0255235
-0.0256411
-0.0256932
-0.0256747
-0.0255859
-0.0254268
-0.0251976
-0.0248983
-0.0245294
-0.0240915
-0.0235852
-0.0230116
-0.0223719
-0.0216681
-0.0209023
-0.0200774
-0.0191972
-0.0182662
-0.01729
-0.0162753
-0.0152304
-0.0141645
-0.0130884
-0.0120144
-0.0109558
-0.00992691
-0.00894277
-0.00801849
-0.00716875
-0.00640703
-0.00574486
-0.00519093
-0.00475042
-0.00442427
-0.00420893
-0.00409628
-0.00407409
-0.00412685
-0.004237
-0.00438639
-0.00455794
-0.00473645
-0.00490679
-0.00506093
-0.00523989
-0.00193169
-0.00204005
-0.00210312
-0.00216189
-0.00221989
-0.00227898
-0.00234255
-0.0024137
-0.00249502
-0.00258884
-0.00269729
-0.00282238
-0.00296599
-0.00313001
-0.00331627
-0.0035266
-0.00376283
-0.00402674
-0.00432005
-0.00464443
-0.00500138
-0.00539225
-0.0058182
-0.00628011
-0.00677859
-0.00731392
-0.00788598
-0.00849431
-0.00913797
-0.0098156
-0.0105254
-0.0112651
-0.0120319
-0.0128227
-0.0136339
-0.0144615
-0.0153011
-0.0161482
-0.0169978
-0.0178449
-0.0186843
-0.0195106
-0.0203188
-0.0211035
-0.0218598
-0.0225829
-0.0232681
-0.0239111
-0.024508
-0.0250552
-0.0255494
-0.0259878
-0.0263679
-0.0266874
-0.0269446
-0.0271386
-0.0272707
-0.0273365
-0.0273308
-0.0272538
-0.0271056
-0.0268862
-0.0265957
-0.0262344
-0.0258026
-0.0253008
-0.0247297
-0.0240902
-0.0233836
-0.0226116
-0.0217767
-0.0208818
-0.0199309
-0.0189289
-0.017882
-0.0167976
-0.0156849
-0.0145542
-0.0134178
-0.0122893
-0.0111835
-0.0101164
-0.0091045
-0.00816414
-0.00731088
-0.00655857
-0.00591842
-0.00539804
-0.00500071
-0.00472476
-0.00456337
-0.00450484
-0.0045334
-0.00463041
-0.004776
-0.004951
-0.00513802
-0.00531959
-0.00548622
-0.00568355
-0.00219925
-0.00230404
-0.00236579
-0.00242416
-0.0024827
-0.00254335
-0.00260955
-0.00268441
-0.00277055
-0.00287034
-0.00298595
-0.00311942
-0.00327272
-0.00344778
-0.00364651
-0.00387082
-0.0041226
-0.00440373
-0.004716
-0.00506112
-0.00544068
-0.00585605
-0.00630841
-0.00679866
-0.00732738
-0.00789481
-0.00850079
-0.00914473
-0.00982559
-0.0105419
-0.0112916
-0.0120723
-0.0128809
-0.0137143
-0.0145683
-0.0154389
-0.0163215
-0.0172111
-0.0181026
-0.0189906
-0.0198699
-0.0207348
-0.02158
-0.0224002
-0.0231901
-0.023945
-0.02466
-0.025331
-0.0259539
-0.0265251
-0.0270414
-0.0275002
-0.0278988
-0.0282353
-0.0285078
-0.0287155
-0.0288603
-0.0289385
-0.0289447
-0.0288789
-0.0287415
-0.0285323
-0.0282515
-0.0278991
-0.0274754
-0.0269805
-0.026415
-0.0257793
-0.0250744
-0.0243013
-0.023462
-0.0225587
-0.0215947
-0.0205741
-0.0195024
-0.0183864
-0.0172346
-0.0160569
-0.0148652
-0.0136732
-0.0124961
-0.0113506
-0.0102542
-0.00922499
-0.0082804
-0.00743664
-0.0067075
-0.0061033
-0.00562989
-0.00528788
-0.00507214
-0.00497196
-0.00497163
-0.00505168
-0.00519067
-0.00536731
-0.00556191
-0.00575444
-0.00593372
-0.00615026
-0.00247972
-0.00258033
-0.00264048
-0.00269825
-0.00275719
-0.00281933
-0.00288814
-0.00296671
-0.00305772
-0.00316353
-0.00328637
-0.00342832
-0.00359138
-0.00377756
-0.00398883
-0.00422717
-0.00449455
-0.00479291
-0.00512412
-0.00548994
-0.005892
-0.00633172
-0.00681029
-0.00732861
-0.00788723
-0.00848634
-0.0091257
-0.00980463
-0.010522
-0.011276
-0.0120647
-0.0128852
-0.0137345
-0.0146089
-0.0155043
-0.0164163
-0.0173399
-0.0182699
-0.0192012
-0.020128
-0.0210447
-0.0219457
-0.0228254
-0.0236783
-0.0244992
-0.0252831
-0.0260253
-0.0267214
-0.0273675
-0.0279601
-0.028496
-0.0289727
-0.0293876
-0.029739
-0.0300248
-0.0302445
-0.0304004
-0.0304894
-0.0305063
-0.030451
-0.030324
-0.0301251
-0.0298544
-0.029512
-0.0290979
-0.0286121
-0.0280548
-0.0274263
-0.026727
-0.0259576
-0.0251192
-0.0242135
-0.023243
-0.0222111
-0.0211223
-0.0199828
-0.0188
-0.0175835
-0.0163445
-0.0150966
-0.013855
-0.0126368
-0.0114606
-0.0103456
-0.00931129
-0.00837609
-0.00755642
-0.00686543
-0.00631184
-0.00589884
-0.00562347
-0.00547638
-0.00544236
-0.00550145
-0.00563078
-0.00580702
-0.00600805
-0.0062111
-0.0064031
-0.00663963
-0.00277203
-0.00286788
-0.00292616
-0.00298312
-0.00304231
-0.00310585
-0.00317721
-0.00325949
-0.00335536
-0.00346722
-0.00359731
-0.00374775
-0.0039206
-0.0041179
-0.0043417
-0.00459403
-0.00487694
-0.00519243
-0.00554243
-0.00592875
-0.00635306
-0.00681682
-0.00732122
-0.00786713
-0.0084551
-0.00908524
-0.00975722
-0.0104703
-0.0112231
-0.0120138
-0.0128401
-0.0136992
-0.0145876
-0.0155014
-0.0164363
-0.0173876
-0.0183501
-0.0193185
-0.0202871
-0.0212501
-0.0222017
-0.0231361
-0.0240475
-0.0249304
-0.0257794
-0.0265895
-0.0273559
-0.0280743
-0.0287409
-0.0293522
-0.0299051
-0.0303972
-0.0308261
-0.0311901
-0.0314875
-0.0317175
-0.0318826
-0.0319806
-0.0320069
-0.0319614
-0.0318442
-0.0316554
-0.031395
-0.0310631
-0.0306597
-0.0301847
-0.0296379
-0.0290194
-0.0283292
-0.0275675
-0.026735
-0.0258326
-0.0248619
-0.0238257
-0.0227276
-0.0215726
-0.0203674
-0.0191207
-0.0178431
-0.0165476
-0.0152492
-0.0139653
-0.0127151
-0.011519
-0.0103979
-0.00937269
-0.00846222
-0.00768263
-0.00704565
-0.00655745
-0.00621756
-0.00601852
-0.00594604
-0.00598001
-0.00609642
-0.00626998
-0.00647611
-0.00668907
-0.00689376
-0.00715095
-0.003075
-0.00316554
-0.00322167
-0.00327762
-0.0033369
-0.00340174
-0.00347558
-0.00356151
-0.0036622
-0.00378008
-0.00391739
-0.00407628
-0.00425886
-0.00446721
-0.00470344
-0.00496963
-0.0052679
-0.0056003
-0.0059688
-0.00637529
-0.00682145
-0.00730876
-0.00783841
-0.00841127
-0.00902781
-0.00968811
-0.0103917
-0.0111378
-0.0119249
-0.0127509
-0.0136134
-0.0145093
-0.015435
-0.0163863
-0.0173587
-0.0183471
-0.0193463
-0.0203505
-0.0213539
-0.0223505
-0.0233343
-0.0242993
-0.0252396
-0.0261496
-0.0270237
-0.0278571
-0.0286449
-0.0293828
-0.0300671
-0.0306944
-0.0312617
-0.0317667
-0.0322072
-0.0325818
-0.0328889
-0.0331278
-0.0332998
-0.0334047
-0.0334395
-0.0334027
-0.0332946
-0.0331154
-0.0328653
-0.0325442
-0.0321522
-0.031689
-0.0311545
-0.0305482
-0.0298701
-0.0291198
-0.0282975
-0.0274034
-0.0264386
-0.0254047
-0.0243046
-0.0231421
-0.0219231
-0.020655
-0.0193478
-0.0180136
-0.0166671
-0.0153255
-0.0140083
-0.0127368
-0.0115335
-0.010421
-0.00942078
-0.00855195
-0.00782945
-0.00726262
-0.00685394
-0.00659824
-0.00648261
-0.00648727
-0.00658734
-0.00675573
-0.00696542
-0.00718757
-0.00740477
-0.00768319
-0.00338734
-0.00347206
-0.00352579
-0.0035805
-0.00363971
-0.00370571
-0.00378192
-0.00387141
-0.00397685
-0.00410067
-0.00424511
-0.00441236
-0.00460455
-0.0048238
-0.00507226
-0.00535209
-0.00566543
-0.00601439
-0.00640101
-0.00682718
-0.00729463
-0.00780484
-0.008359
-0.00895795
-0.00960213
-0.0102915
-0.0110256
-0.0118034
-0.0126232
-0.013483
-0.01438
-0.0153109
-0.0162718
-0.0172585
-0.0182661
-0.0192893
-0.0203226
-0.0213601
-0.0223956
-0.0234231
-0.0244362
-0.025429
-0.0263953
-0.0273294
-0.0282259
-0.0290796
-0.029886
-0.0306406
-0.0313399
-0.0319806
-0.0325598
-0.0330753
-0.0335253
-0.0339083
-0.0342231
-0.0344691
-0.0346464
-0.0347568
-0.0347988
-0.0347696
-0.0346697
-0.0344994
-0.0342591
-0.0339488
-0.0335684
-0.0331177
-0.0325965
-0.0320043
-0.0313405
-0.0306046
-0.0297962
-0.0289149
-0.0279612
-0.0269357
-0.0258404
-0.0246781
-0.0234535
-0.022173
-0.0208454
-0.0194818
-0.0180964
-0.0167059
-0.0153298
-0.0139899
-0.01271
-0.0115143
-0.0104268
-0.00946939
-0.00866034
-0.00801242
-0.00753136
-0.00721472
-0.0070515
-0.00702267
-0.00710289
-0.00726347
-0.00747501
-0.00770542
-0.00793485
-0.00823497
-0.00370768
-0.00378609
-0.00383716
-0.00389044
-0.00394939
-0.0040164
-0.00409485
-0.00418778
-0.00429785
-0.00442747
-0.0045789
-0.00475435
-0.00495595
-0.00518587
-0.0054463
-0.00573943
-0.00606745
-0.00643252
-0.00683671
-0.00728195
-0.00776998
-0.00830229
-0.00888005
-0.00950407
-0.0101747
-0.0108919
-0.0116551
-0.012463
-0.013314
-0.0142057
-0.0151353
-0.0160991
-0.0170932
-0.018113
-0.0191533
-0.0202089
-0.0212737
-0.0223417
-0.0234066
-0.0244621
-0.0255018
-0.0265194
-0.0275089
-0.0284643
-0.0293803
-0.0302517
-0.0310738
-0.0318426
-0.0325543
-0.0332059
-0.0337947
-0.0343185
-0.0347758
-0.0351652
-0.0354858
-0.0357368
-0.0359185
-0.0360335
-0.0360811
-0.0360581
-0.0359652
-0.035803
-0.0355718
-0.0352718
-0.0349029
-0.0344651
-0.0339579
-0.0333807
-0.0327329
-0.0320137
-0.0312221
-0.0303574
-0.0294193
-0.0284076
-0.0273234
-0.0261684
-0.0249461
-0.0236618
-0.0223228
-0.0209394
-0.0195246
-0.0180945
-0.0166683
-0.0152682
-0.0139184
-0.012645
-0.0114738
-0.0104298
-0.0095344
-0.00880394
-0.00824773
-0.00786647
-0.00765155
-0.00758519
-0.00764199
-0.00779199
-0.0080035
-0.00824113
-0.00848237
-0.00880454
-0.00403453
-0.00410622
-0.0041544
-0.00420602
-0.00426453
-0.00433237
-0.0044129
-0.00450911
-0.00462364
-0.00475888
-0.00491711
-0.00510052
-0.00531127
-0.00555155
-0.00582358
-0.00612959
-0.0064718
-0.00685242
-0.00727352
-0.00773708
-0.00824484
-0.00879829
-0.00939858
-0.0100465
-0.0107423
-0.0114859
-0.0122766
-0.013113
-0.0139933
-0.014915
-0.0158749
-0.0168695
-0.0178944
-0.0189448
-0.0200155
-0.0211007
-0.0221943
-0.0232902
-0.0243817
-0.0254625
-0.0265259
-0.0275656
-0.0285754
-0.0295494
-0.0304822
-0.0313685
-0.032204
-0.0329844
-0.0337062
-0.0343664
-0.0349626
-0.0354927
-0.0359553
-0.0363493
-0.036674
-0.0369286
-0.0371135
-0.0372319
-0.0372835
-0.0372655
-0.0371785
-0.0370234
-0.0368004
-0.03651
-0.0361522
-0.035727
-0.0352339
-0.0346724
-0.0340416
-0.0333405
-0.032568
-0.0317228
-0.030804
-0.0298107
-0.0287431
-0.0276018
-0.0263891
-0.025109
-0.0237677
-0.0223738
-0.0209393
-0.0194793
-0.0180125
-0.0165608
-0.015149
-0.0138043
-0.0125546
-0.0114271
-0.0104467
-0.00963338
-0.00900014
-0.00855125
-0.00828095
-0.00817323
-0.0082031
-0.00833967
-0.00854913
-0.00879279
-0.00904529
-0.00938971
-0.0043664
-0.00443099
-0.00447604
-0.00452581
-0.00458366
-0.00465215
-0.00473456
-0.00483385
-0.00495262
-0.00509327
-0.00525803
-0.00544911
-0.00566867
-0.00591893
-0.00620211
-0.00652048
-0.0068763
-0.00727177
-0.00770902
-0.00819002
-0.00871653
-0.00929002
-0.00991162
-0.0105821
-0.0113016
-0.01207
-0.0128864
-0.0137494
-0.014657
-0.0156066
-0.0165948
-0.0176178
-0.0186711
-0.0197496
-0.0208479
-0.0219601
-0.0230799
-0.0242008
-0.0253162
-0.0264195
-0.0275038
-0.0285629
-0.0295904
-0.0305804
-0.0315274
-0.0324263
-0.0332727
-0.0340625
-0.0347923
-0.0354591
-0.0360608
-0.0365954
-0.0370616
-0.0374586
-0.0377858
-0.0380427
-0.0382297
-0.0383503
-0.0384047
-0.0383905
-0.0383083
-0.0381591
-0.0379434
-0.0376617
-0.0373142
-0.0369009
-0.0364217
-0.0358758
-0.0352624
-0.0345804
-0.0338283
-0.0330048
-0.0321081
-0.031137
-0.0300905
-0.0289685
-0.027772
-0.0265037
-0.0251681
-0.0237728
-0.0223282
-0.0208481
-0.0193504
-0.0178566
-0.0163915
-0.0149831
-0.0136607
-0.0124543
-0.0113915
-0.010496
-0.00978483
-0.00926607
-0.00893723
-0.00878462
-0.00878415
-0.0089044
-0.00910969
-0.00935805
-0.00962118
-0.00998793
-0.00470172
-0.00475887
-0.0048006
-0.0048483
-0.00490529
-0.00497421
-0.00505828
-0.00516041
-0.00528318
-0.00542893
-0.00559992
-0.00579831
-0.00602628
-0.00628605
-0.00657986
-0.00690999
-0.00727871
-0.00768827
-0.00814078
-0.00863824
-0.00918238
-0.00977469
-0.0104163
-0.0111077
-0.0118494
-0.0126408
-0.0134811
-0.0143687
-0.0153016
-0.0162768
-0.0172909
-0.0183398
-0.0194189
-0.020523
-0.0216464
-0.0227828
-0.0239261
-0.0250693
-0.0262059
-0.0273289
-0.0284316
-0.0295074
-0.03055
-0.0315536
-0.0325125
-0.0334218
-0.034277
-0.0350742
-0.0358101
-0.0364818
-0.0370873
-0.0376248
-0.0380933
-0.0384919
-0.0388204
-0.0390783
-0.0392663
-0.0393881
-0.0394443
-0.0394327
-0.0393541
-0.0392097
-0.0390002
-0.0387261
-0.038388
-0.0379859
-0.0375197
-0.0369889
-0.0363928
-0.03573
-0.0349992
-0.0341986
-0.0333261
-0.0323799
-0.0313583
-0.0302602
-0.0290855
-0.0278355
-0.0265135
-0.0251252
-0.0236796
-0.0221892
-0.0206705
-0.0191442
-0.0176351
-0.0161712
-0.0147834
-0.0135034
-0.0123619
-0.0113862
-0.0105972
-0.0100071
-0.00961724
-0.00941658
-0.00938255
-0.00948362
-0.00968255
-0.00993418
-0.0102072
-0.0105962
-0.00503889
-0.00508835
-0.00512656
-0.00517198
-0.0052279
-0.005297
-0.00538248
-0.00548718
-0.00561364
-0.00576418
-0.00594101
-0.0061463
-0.00638222
-0.00665097
-0.0069548
-0.007296
-0.00767685
-0.0080996
-0.00856639
-0.0090792
-0.00963977
-0.0102495
-0.0109096
-0.0116205
-0.0123825
-0.0131951
-0.0140573
-0.0149675
-0.0159233
-0.0169218
-0.0179594
-0.0190318
-0.0201342
-0.0212611
-0.0224068
-0.0235649
-0.0247289
-0.0258918
-0.0270469
-0.0281871
-0.0293056
-0.0303957
-0.0314512
-0.0324661
-0.0334349
-0.0343525
-0.0352147
-0.0360176
-0.0367579
-0.037433
-0.0380409
-0.0385801
-0.0390496
-0.0394488
-0.0397775
-0.0400355
-0.0402236
-0.0403457
-0.0404027
-0.0403926
-0.0403167
-0.0401759
-0.0399714
-0.0397038
-0.0393738
-0.0389817
-0.0385276
-0.0380111
-0.0374316
-0.0367878
-0.0360783
-0.035301
-0.0344539
-0.0335345
-0.0325405
-0.0314701
-0.0303219
-0.029096
-0.0277942
-0.0264207
-0.0249828
-0.0234913
-0.0219614
-0.0204125
-0.0188688
-0.0173585
-0.015913
-0.014566
-0.0133506
-0.0122975
-0.0114318
-0.0107699
-0.0103171
-0.0100657
-0.00999514
-0.0100742
-0.0102646
-0.010518
-0.0107999
-0.011211
-0.00537633
-0.0054179
-0.00545242
-0.00549536
-0.00554996
-0.00561901
-0.00570561
-0.00581257
-0.00594238
-0.00609732
-0.00627958
-0.00649129
-0.00673461
-0.00701174
-0.00732491
-0.00767641
-0.00806853
-0.00850352
-0.00898351
-0.00951048
-0.0100861
-0.0107119
-0.0113889
-0.0121176
-0.0128981
-0.0137299
-0.0146119
-0.0155424
-0.0165189
-0.0175382
-0.0185968
-0.0196901
-0.0208131
-0.0219603
-0.0231257
-0.0243028
-0.0254848
-0.0266649
-0.0278359
-0.0289908
-0.0301227
-0.031225
-0.0322912
-0.0333154
-0.0342921
-0.0352164
-0.036084
-0.036891
-0.0376345
-0.0383118
-0.0389211
-0.0394609
-0.0399304
-0.0403293
-0.0406574
-0.0409148
-0.0411022
-0.0412238
-0.0412808
-0.0412715
-0.0411971
-0.041059
-0.0408582
-0.0405959
-0.0402728
-0.0398895
-0.0394462
-0.0389428
-0.0383788
-0.0377531
-0.0370643
-0.0363104
-0.035489
-0.0345974
-0.0336329
-0.0325926
-0.0314746
-0.0302775
-0.0290018
-0.0276501
-0.0262277
-0.024744
-0.0232122
-0.0216504
-0.0200819
-0.0185344
-0.0170398
-0.015633
-0.0143494
-0.013223
-0.0122826
-0.0115492
-0.0110323
-0.010728
-0.0106182
-0.0106727
-0.0108522
-0.0111057
-0.0113956
-0.0118286
-0.00571247
-0.00574601
-0.00577668
-0.00581694
-0.00586999
-0.0059387
-0.00602611
-0.00613498
-0.00626775
-0.00642667
-0.00661388
-0.00683149
-0.00708163
-0.00736646
-0.00768823
-0.0080492
-0.00845165
-0.00889782
-0.00938985
-0.00992969
-0.0105191
-0.0111593
-0.0118515
-0.0125962
-0.0133933
-0.0142422
-0.0151419
-0.0160903
-0.0170851
-0.0181229
-0.0191999
-0.0203115
-0.0214526
-0.0226174
-0.0237998
-0.0249933
-0.0261908
-0.0273855
-0.02857
-0.0297374
-0.0308806
-0.0319928
-0.0330678
-0.0340995
-0.0350826
-0.036012
-0.0368836
-0.0376936
-0.0384391
-0.0391177
-0.0397274
-0.0402672
-0.0407361
-0.0411341
-0.041461
-0.0417171
-0.0419032
-0.0420238
-0.0420801
-0.0420707
-0.041997
-0.0418605
-0.0416626
-0.0414043
-0.0410868
-0.0407109
-0.040277
-0.0397852
-0.0392353
-0.0386265
-0.0379574
-0.0372261
-0.0364301
-0.0355666
-0.0346323
-0.0336241
-0.0325388
-0.0313743
-0.0301294
-0.0288053
-0.0274056
-0.0259375
-0.0244127
-0.0228475
-0.0212637
-0.0196885
-0.0181537
-0.016695
-0.0153497
-0.0141547
-0.0131428
-0.012339
-0.0117576
-0.0113988
-0.0112474
-0.0112748
-0.0114413
-0.0116933
-0.0119902
-0.0124444
-0.00604577
-0.00607119
-0.00609788
-0.00613526
-0.00618651
-0.00625458
-0.00634248
-0.00645288
-0.00658818
-0.00675061
-0.00694225
-0.00716517
-0.00742147
-0.00771329
-0.00804285
-0.00841238
-0.00882416
-0.00928041
-0.00978324
-0.0103346
-0.0109362
-0.0115893
-0.012295
-0.0130537
-0.0138654
-0.0147294
-0.0156444
-0.0166086
-0.0176192
-0.0186729
-0.0197658
-0.0208931
-0.0220496
-0.0232295
-0.0244264
-0.0256336
-0.0268442
-0.0280511
-0.0292469
-0.0304245
-0.0315769
-0.0326973
-0.0337793
-0.0348169
-0.0358049
-0.0367382
-0.0376127
-0.0384248
-0.0391715
-0.0398506
-0.0404602
-0.0409993
-0.0414673
-0.0418638
-0.0421892
-0.0424436
-0.0426281
-0.0427471
-0.0428023
-0.0427922
-0.0427185
-0.0425827
-0.0423864
-0.0421311
-0.0418179
-0.0414479
-0.0410219
-0.0405402
-0.0400029
-0.0394094
-0.0387585
-0.0380486
-0.0372771
-0.0364412
-0.0355373
-0.0345619
-0.0335111
-0.0323817
-0.0311714
-0.0298798
-0.0285087
-0.0270635
-0.0255537
-0.0239939
-0.0224042
-0.0208106
-0.0192447
-0.0177423
-0.0163426
-0.0150846
-0.0140049
-0.0131328
-0.0124873
-0.0120729
-0.011878
-0.0118759
-0.0120273
-0.0122762
-0.0125789
-0.0130539
-0.00637476
-0.00639205
-0.00641462
-0.00644893
-0.00649812
-0.00656524
-0.00665324
-0.00676476
-0.00690214
-0.00706756
-0.00726306
-0.00749067
-0.00775244
-0.00805047
-0.00838695
-0.00876409
-0.00918413
-0.00964927
-0.0101616
-0.0107231
-0.0113353
-0.0119996
-0.012717
-0.0134878
-0.014312
-0.0151888
-0.016117
-0.0170945
-0.0181185
-0.0191857
-0.0202919
-0.0214323
-0.0226017
-0.023794
-0.0250028
-0.0262214
-0.0274427
-0.0286594
-0.0298644
-0.0310502
-0.0322099
-0.0333367
-0.0344242
-0.0354664
-0.036458
-0.0373942
-0.0382707
-0.0390841
-0.0398314
-0.0405105
-0.0411197
-0.0416579
-0.0421245
-0.0425195
-0.0428431
-0.0430957
-0.0432783
-0.0433954
-0.043449
-0.0434378
-0.0433633
-0.0432275
-0.0430321
-0.0427785
-0.0424684
-0.0421029
-0.0416833
-0.0412101
-0.0406837
-0.0401037
-0.0394694
-0.0387791
-0.0380308
-0.0372214
-0.0363474
-0.0354047
-0.0343891
-0.0332965
-0.0321235
-0.0308681
-0.0295306
-0.0281144
-0.0266268
-0.0250805
-0.0234938
-0.021891
-0.0203029
-0.0187655
-0.0173188
-0.0160041
-0.0148611
-0.0139235
-0.0132148
-0.0127444
-0.0125045
-0.012471
-0.0126051
-0.0128493
-0.0131566
-0.0136518
-0.00669809
-0.00670729
-0.00672559
-0.00675656
-0.00680341
-0.00686927
-0.00695699
-0.00706919
-0.00720816
-0.00737603
-0.00757479
-0.00780641
-0.00807291
-0.00837633
-0.00871882
-0.00910256
-0.00952975
-0.0100026
-0.0105231
-0.0110931
-0.0117144
-0.0123882
-0.0131153
-0.0138963
-0.0147309
-0.0156184
-0.0165574
-0.0175458
-0.0185808
-0.0196588
-0.0207758
-0.0219268
-0.0231065
-0.0243087
-0.025527
-0.0267546
-0.0279842
-0.0292087
-0.0304207
-0.0316129
-0.0327782
-0.0339099
-0.0350015
-0.0360471
-0.0370413
-0.0379794
-0.0388573
-0.0396714
-0.040419
-0.0410979
-0.0417064
-0.0422435
-0.0427088
-0.0431021
-0.043424
-0.0436746
-0.0438552
-0.0439703
-0.044022
-0.0440092
-0.0439336
-0.0437971
-0.0436016
-0.0433489
-0.0430407
-0.0426785
-0.0422637
-0.0417974
-0.04128
-0.0407117
-0.040092
-0.0394197
-0.0386927
-0.0379082
-0.0370628
-0.0361522
-0.0351717
-0.0341166
-0.0329825
-0.0317662
-0.0304661
-0.0290839
-0.0276249
-0.0260994
-0.0245236
-0.0229203
-0.0213189
-0.019755
-0.0182691
-0.0169044
-0.0157033
-0.0147036
-0.0139334
-0.013407
-0.0131211
-0.0130544
-0.0131694
-0.013407
-0.0137178
-0.0142323
-0.00701445
-0.00701571
-0.00702973
-0.00705693
-0.00710107
-0.00716532
-0.00725236
-0.00736483
-0.00750487
-0.00767461
-0.00787599
-0.00811092
-0.00838136
-0.00868932
-0.00903687
-0.00942615
-0.00985933
-0.0103385
-0.0108658
-0.011443
-0.0120717
-0.0127531
-0.0134882
-0.0142773
-0.0151202
-0.0160161
-0.0169636
-0.0179605
-0.0190039
-0.0200904
-0.0212156
-0.0223747
-0.0235621
-0.0247717
-0.0259972
-0.0272314
-0.0284673
-0.0296975
-0.0309146
-0.0321114
-0.0332807
-0.0344158
-0.0355103
-0.0365582
-0.0375543
-0.0384937
-0.0393723
-0.0401868
-0.0409344
-0.0416128
-0.0422206
-0.0427567
-0.0432207
-0.0436126
-0.0439328
-0.0441817
-0.0443604
-0.0444731
-0.0445224
-0.044508
-0.044431
-0.0442934
-0.0440972
-0.0438445
-0.0435372
-0.043177
-0.0427657
-0.0423046
-0.0417946
-0.0412361
-0.0406291
-0.0399725
-0.0392648
-0.0385035
-0.0376849
-0.036805
-0.0358589
-0.0348411
-0.0337467
-0.032571
-0.0313113
-0.0299671
-0.0285418
-0.0270434
-0.0254859
-0.0238901
-0.0222837
-0.0207016
-0.0191844
-0.0177765
-0.0165229
-0.0154651
-0.0146357
-0.014054
-0.0137213
-0.0136199
-0.013714
-0.0139436
-0.0142566
-0.0147896
-0.00732226
-0.00731586
-0.0073257
-0.00734943
-0.0073904
-0.00745225
-0.00753805
-0.00765033
-0.0077909
-0.00796197
-0.00816533
-0.00840283
-0.00867642
-0.00898801
-0.00933963
-0.00973337
-0.0101714
-0.0106557
-0.0111883
-0.011771
-0.0124054
-0.0130928
-0.0138339
-0.014629
-0.0154781
-0.0163802
-0.0173338
-0.0183368
-0.0193862
-0.0204786
-0.0216096
-0.0227742
-0.0239669
-0.0251817
-0.0264118
-0.0276505
-0.0288905
-0.0301244
-0.0313449
-0.0325447
-0.0337166
-0.0348539
-0.0359501
-0.0369995
-0.0379966
-0.0389367
-0.0398158
-0.0406304
-0.0413778
-0.0420559
-0.042663
-0.0431982
-0.0436612
-0.0440517
-0.0443705
-0.044618
-0.0447954
-0.0449049
-0.0449513
-0.0449357
-0.0448572
-0.0447181
-0.0445207
-0.0442673
-0.04396
-0.0436008
-0.0431917
-0.0427343
-0.04223
-0.0416795
-0.0410831
-0.0404402
-0.0397497
-0.0390092
-0.0382155
-0.0373646
-0.0364513
-0.0354701
-0.0344151
-0.0332809
-0.0320633
-0.0307601
-0.0293725
-0.0279065
-0.0263737
-0.0247924
-0.0231889
-0.0215965
-0.0200557
-0.0186117
-0.0173115
-0.0161999
-0.0153141
-0.0146782
-0.0142984
-0.014161
-0.0142326
-0.0144526
-0.0147665
-0.0153172
-0.00762012
-0.00760608
-0.00761192
-0.00763243
-0.00767054
-0.00772994
-0.00781385
-0.00792475
-0.00806505
-0.00823686
-0.00844152
-0.00868083
-0.00895678
-0.00927112
-0.0096258
-0.0100229
-0.0104645
-0.0109525
-0.0114891
-0.0120758
-0.0127143
-0.0134057
-0.0141508
-0.0149501
-0.0158031
-0.0167091
-0.0176665
-0.0186732
-0.0197263
-0.0208221
-0.0219564
-0.0231241
-0.0243197
-0.0255372
-0.0267699
-0.0280108
-0.0292529
-0.0304887
-0.0317108
-0.032912
-0.0340852
-0.0352235
-0.0363206
-0.0373706
-0.0383681
-0.0393085
-0.0401877
-0.0410023
-0.0417496
-0.0424273
-0.0430339
-0.0435685
-0.0440306
-0.0444202
-0.0447377
-0.0449839
-0.0451597
-0.0452669
-0.0453109
-0.0452938
-0.0452136
-0.0450728
-0.0448738
-0.0446191
-0.044311
-0.0439519
-0.0435439
-0.043089
-0.0425887
-0.0420444
-0.0414567
-0.0408255
-0.0401498
-0.0394279
-0.0386569
-0.0378327
-0.0369504
-0.0360043
-0.0349879
-0.033895
-0.0327203
-0.0314599
-0.0301132
-0.0286838
-0.0271808
-0.0256205
-0.0240268
-0.0224316
-0.0208746
-0.0194013
-0.0180604
-0.0168997
-0.0159605
-0.0152719
-0.0148451
-0.0146708
-0.0147183
-0.0149272
-0.0152408
-0.0158082
-0.00790679
-0.0078852
-0.00788696
-0.00790414
-0.00793959
-0.00799694
-0.00807901
-0.0081883
-0.00832759
-0.00849875
-0.00870357
-0.00894378
-0.0092213
-0.00953746
-0.00989416
-0.0102935
-0.0107374
-0.011228
-0.011767
-0.0123561
-0.0129969
-0.0136906
-0.0144379
-0.0152391
-0.016094
-0.0170017
-0.0179607
-0.0189687
-0.020023
-0.0211198
-0.0222549
-0.0234233
-0.0246195
-0.0258374
-0.0270704
-0.0283116
-0.0295539
-0.0307897
-0.0320119
-0.0332131
-0.0343862
-0.0355245
-0.0366216
-0.0376715
-0.0386689
-0.0396092
-0.0404883
-0.0413028
-0.0420499
-0.0427275
-0.0433339
-0.0438681
-0.0443297
-0.0447186
-0.0450352
-0.0452803
-0.0454547
-0.04556
-0.0456022
-0.0455835
-0.0455015
-0.0453587
-0.0451578
-0.0449015
-0.0445921
-0.0442322
-0.0438243
-0.0433706
-0.0428732
-0.0423335
-0.0417526
-0.0411309
-0.040468
-0.0397623
-0.0390115
-0.0382117
-0.0373582
-0.0364451
-0.0354658
-0.0344134
-0.0332815
-0.0320648
-0.0307609
-0.0293712
-0.0279025
-0.0263684
-0.0247906
-0.0231993
-0.0216328
-0.0201368
-0.0187612
-0.0175561
-0.0165668
-0.0158272
-0.0153539
-0.015142
-0.0151641
-0.0153602
-0.0156723
-0.0162553
-0.00818123
-0.0081523
-0.00814993
-0.00816359
-0.0081961
-0.00825115
-0.00833148
-0.00843955
-0.00857773
-0.00874777
-0.00895197
-0.00919201
-0.0094695
-0.00978617
-0.0101437
-0.0105441
-0.0109892
-0.0114809
-0.0120209
-0.0126109
-0.0132524
-0.0139465
-0.014694
-0.0154952
-0.0163499
-0.017257
-0.0182152
-0.0192223
-0.0202754
-0.0213708
-0.0225044
-0.0236712
-0.0248657
-0.0260818
-0.027313
-0.0285524
-0.0297929
-0.0310272
-0.0322479
-0.0334477
-0.0346196
-0.0357569
-0.0368531
-0.0379023
-0.0388991
-0.0398389
-0.0407178
-0.0415321
-0.0422792
-0.0429568
-0.0435632
-0.0440974
-0.0445589
-0.0449475
-0.0452636
-0.0455078
-0.0456811
-0.0457849
-0.0458257
-0.0458054
-0.0457217
-0.0455769
-0.045374
-0.0451156
-0.0448045
-0.0444434
-0.0440348
-0.0435814
-0.0430855
-0.042549
-0.0419733
-0.0413593
-0.0407069
-0.0400152
-0.039282
-0.0385041
-0.0376769
-0.0367946
-0.0358504
-0.034837
-0.033747
-0.032574
-0.0313139
-0.0299659
-0.0285345
-0.0270309
-0.0254743
-0.0238926
-0.0223229
-0.0208103
-0.0194054
-0.0181606
-0.0171247
-0.0163362
-0.0158168
-0.0155667
-0.0155621
-0.0157442
-0.0160535
-0.0166512
-0.00844256
-0.00840656
-0.00840007
-0.0084101
-0.00843941
-0.00849179
-0.00856996
-0.00867634
-0.00881315
-0.00898227
-0.00918566
-0.00942493
-0.00970153
-0.0100176
-0.0103749
-0.0107749
-0.0112196
-0.0117107
-0.0122501
-0.0128394
-0.0134798
-0.0141726
-0.0149184
-0.0157176
-0.0165699
-0.0174744
-0.0184296
-0.0194334
-0.0204829
-0.0215746
-0.0227043
-0.0238672
-0.0250577
-0.0262698
-0.0274972
-0.0287329
-0.0299699
-0.0312008
-0.0324186
-0.0336158
-0.0347854
-0.0359207
-0.0370154
-0.0380633
-0.039059
-0.039998
-0.0408765
-0.0416908
-0.042438
-0.0431158
-0.0437226
-0.0442572
-0.044719
-0.0451078
-0.0454236
-0.0456672
-0.0458396
-0.0459423
-0.0459818
-0.0459603
-0.0458749
-0.0457282
-0.0455232
-0.0452627
-0.0449497
-0.0445868
-0.044177
-0.0437231
-0.0432277
-0.0426931
-0.0421212
-0.041513
-0.0408692
-0.0401892
-0.0394713
-0.0387128
-0.0379092
-0.0370551
-0.0361436
-0.0351671
-0.0341176
-0.0329875
-0.0317712
-0.030466
-0.0290741
-0.0276041
-0.0260726
-0.0245055
-0.0229379
-0.0214142
-0.0199852
-0.0187051
-0.0176259
-0.0167905
-0.0162257
-0.0159369
-0.0159045
-0.0160712
-0.0163763
-0.0169877
-0.00869003
-0.0086473
-0.00863674
-0.00864307
-0.008669
-0.0087184
-0.00879395
-0.00889807
-0.00903294
-0.00920046
-0.00940242
-0.00964041
-0.00991594
-0.0102309
-0.0105868
-0.0109854
-0.0114283
-0.0119175
-0.0124547
-0.0130415
-0.0136792
-0.0143688
-0.0151111
-0.0159062
-0.016754
-0.0176536
-0.0186036
-0.0196019
-0.0206456
-0.0217313
-0.0228549
-0.0240115
-0.0251958
-0.0264019
-0.0276233
-0.0288534
-0.030085
-0.031311
-0.0325241
-0.0337172
-0.0348832
-0.0360155
-0.0371076
-0.0381536
-0.0391484
-0.0400869
-0.040965
-0.0417793
-0.0425268
-0.0432051
-0.0438125
-0.0443479
-0.0448105
-0.0451999
-0.045516
-0.045759
-0.045931
-0.046033
-0.0460717
-0.0460492
-0.0459625
-0.0458137
-0.0456064
-0.0453438
-0.0450286
-0.0446638
-0.0442523
-0.0437972
-0.0433016
-0.042768
-0.0421984
-0.0415947
-0.0409576
-0.0402872
-0.0395823
-0.0388405
-0.0380579
-0.0372293
-0.0363479
-0.0354059
-0.0343947
-0.033306
-0.0321327
-0.0308704
-0.029519
-0.0280846
-0.0265814
-0.0250326
-0.0234715
-0.0219413
-0.0204928
-0.0191815
-0.018062
-0.0171816
-0.0165722
-0.0162444
-0.016183
-0.0163329
-0.0166326
-0.0172565
-0.00892306
-0.00887394
-0.00885941
-0.008862
-0.00888441
-0.00893056
-0.00900313
-0.00910448
-0.0092368
-0.00940197
-0.00960172
-0.00983762
-0.0101112
-0.010424
-0.0107777
-0.0111739
-0.0116142
-0.0121004
-0.0126343
-0.0132172
-0.0138505
-0.0145352
-0.0152721
-0.0160614
-0.0169028
-0.0177956
-0.0187384
-0.0197291
-0.020765
-0.0218427
-0.0229581
-0.0241065
-0.0252826
-0.0264806
-0.0276941
-0.0289166
-0.030141
-0.0313602
-0.0325671
-0.0337545
-0.0349155
-0.0360434
-0.0371318
-0.038175
-0.0391678
-0.040105
-0.0409822
-0.041796
-0.0425433
-0.0432219
-0.0438299
-0.0443659
-0.0448294
-0.0452198
-0.0455372
-0.0457822
-0.0459555
-0.0460578
-0.0460961
-0.0460729
-0.045985
-0.0458343
-0.0456248
-0.0453603
-0.0450432
-0.0446762
-0.0442624
-0.0438056
-0.0433091
-0.0427755
-0.0422071
-0.0416064
-0.0409745
-0.0403118
-0.0396177
-0.0388902
-0.038126
-0.0373201
-0.0364659
-0.0355555
-0.0345802
-0.0335308
-0.0323991
-0.0311788
-0.029868
-0.0284703
-0.0269971
-0.0254694
-0.0239182
-0.0223852
-0.0209209
-0.0195817
-0.0184248
-0.0175011
-0.0168477
-0.0164804
-0.0163889
-0.0165205
-0.0168135
-0.0174489
-0.00914119
-0.00908609
-0.00906769
-0.00906654
-0.00908531
-0.00912798
-0.00919719
-0.00929533
-0.00942452
-0.00958667
-0.00978345
-0.0100164
-0.010287
-0.0105968
-0.0109473
-0.01134
-0.0117765
-0.0122586
-0.0127878
-0.0133655
-0.0139931
-0.0146715
-0.0154015
-0.0161834
-0.0170168
-0.0179011
-0.018835
-0.0198164
-0.0208426
-0.0219104
-0.0230157
-0.0241541
-0.0253201
-0.0265082
-0.0277122
-0.0289253
-0.0301409
-0.0313518
-0.0325509
-0.0337313
-0.0348859
-0.0360082
-0.0370918
-0.038131
-0.0391203
-0.0400547
-0.0409299
-0.0417423
-0.0424889
-0.0431672
-0.0437752
-0.0443117
-0.0447758
-0.0451672
-0.0454861
-0.0457336
-0.0459082
-0.0460111
-0.0460491
-0.0460249
-0.045937
-0.0457869
-0.0455779
-0.0453127
-0.0449942
-0.0446253
-0.0442089
-0.0437501
-0.0432525
-0.0427181
-0.0421497
-0.0415507
-0.0409225
-0.0402657
-0.0395803
-0.0388649
-0.0381164
-0.0373304
-0.0365005
-0.0356189
-0.0346767
-0.033664
-0.0325715
-0.0313918
-0.0301207
-0.0287596
-0.0273173
-0.0258121
-0.024273
-0.0227399
-0.0212627
-0.0198983
-0.018706
-0.0177404
-0.0170433
-0.016636
-0.0165131
-0.016625
-0.0169099
-0.0175557
-0.00934409
-0.00928342
-0.0092613
-0.00925644
-0.00927147
-0.00931044
-0.00937599
-0.00947047
-0.009596
-0.00975448
-0.00994756
-0.0101768
-0.0104435
-0.0107493
-0.0110954
-0.0114836
-0.0119152
-0.0123919
-0.0129152
-0.0134864
-0.0141069
-0.0147777
-0.0154993
-0.0162722
-0.0170961
-0.0179703
-0.0188936
-0.0198639
-0.0208787
-0.0219349
-0.0230284
-0.0241549
-0.0253092
-0.0264857
-0.0276783
-0.0288805
-0.0300857
-0.0312868
-0.0324768
-0.0336488
-0.0347959
-0.0359114
-0.0369892
-0.0380234
-0.0390084
-0.0399395
-0.0408122
-0.0416228
-0.0423683
-0.043046
-0.043654
-0.0441909
-0.0446556
-0.0450477
-0.0453672
-0.0456147
-0.04579
-0.0458938
-0.0459302
-0.0459046
-0.0458178
-0.0456691
-0.0454608
-0.0451951
-0.0448755
-0.0445058
-0.0440897
-0.0436313
-0.0431331
-0.0425978
-0.0420284
-0.0414305
-0.0408045
-0.0401517
-0.0394731
-0.0387674
-0.0380322
-0.0372634
-0.0364548
-0.035599
-0.0346867
-0.0337077
-0.032652
-0.0315105
-0.0302774
-0.0289517
-0.02754
-0.0260578
-0.0245318
-0.0230002
-0.0215118
-0.0201239
-0.0188976
-0.0178908
-0.01715
-0.0167019
-0.0165463
-0.0166368
-0.0169122
-0.0175673
-0.00953156
-0.00946578
-0.00944009
-0.00943157
-0.0094428
-0.00947791
-0.00953949
-0.00962988
-0.00975124
-0.00990543
-0.0100941
-0.0103187
-0.0105807
-0.0108815
-0.0112224
-0.0116049
-0.0120305
-0.0125006
-0.0130167
-0.0135802
-0.0141923
-0.014854
-0.0155659
-0.0163283
-0.0171411
-0.0180036
-0.0189146
-0.0198722
-0.020874
-0.0219168
-0.0229968
-0.0241098
-0.0252506
-0.0264138
-0.0275934
-0.0287832
-0.0299764
-0.0311662
-0.0323458
-0.0335081
-0.0346465
-0.0357543
-0.0368253
-0.0378536
-0.0388338
-0.0397609
-0.0406306
-0.0414391
-0.0421832
-0.0428602
-0.043468
-0.044005
-0.0444702
-0.044863
-0.0451832
-0.0454311
-0.0456071
-0.0457117
-0.0457469
-0.0457202
-0.0456337
-0.0454844
-0.0452748
-0.0450081
-0.0446878
-0.0443177
-0.0439023
-0.0434438
-0.0429449
-0.0424098
-0.0418431
-0.0412473
-0.0406229
-0.0399728
-0.0392995
-0.038601
-0.0378767
-0.0371222
-0.0363321
-0.0354989
-0.0346132
-0.0336648
-0.0326425
-0.0315364
-0.0303388
-0.0290467
-0.0276641
-0.0262042
-0.0246911
-0.0231611
-0.0216621
-0.0202514
-0.0189916
-0.0179437
-0.0171587
-0.0166686
-0.0164785
-0.016546
-0.0168104
-0.0174734
-0.00970353
-0.00963309
-0.00960402
-0.00959192
-0.00959933
-0.00963041
-0.00968775
-0.00977369
-0.00989037
-0.0100397
-0.0102232
-0.0104425
-0.0106989
-0.0109938
-0.0113284
-0.0117042
-0.0121226
-0.012585
-0.0130927
-0.0136472
-0.0142496
-0.0149008
-0.0156015
-0.0163521
-0.0171523
-0.0180016
-0.0188988
-0.0198422
-0.0208293
-0.0218571
-0.022922
-0.0240197
-0.0251455
-0.0262938
-0.027459
-0.0286347
-0.0298145
-0.0309917
-0.0321595
-0.033311
-0.0344395
-0.0355385
-0.0366018
-0.0376234
-0.0385981
-0.0395207
-0.0403869
-0.0411928
-0.0419351
-0.042611
-0.0432184
-0.0437555
-0.0442212
-0.0446146
-0.0449357
-0.0451843
-0.0453611
-0.0454663
-0.0455012
-0.0454741
-0.0453877
-0.0452381
-0.0450277
-0.0447602
-0.0444388
-0.0440674
-0.0436499
-0.0431893
-0.0426895
-0.042155
-0.0415903
-0.0409955
-0.0403741
-0.0397297
-0.0390618
-0.0383689
-0.0376534
-0.0369104
-0.0361356
-0.0353218
-0.0344596
-0.0335381
-0.0325459
-0.0314718
-0.0303065
-0.0290451
-0.0276892
-0.0262495
-0.0247478
-0.0232185
-0.0217081
-0.0202741
-0.0189802
-0.0178904
-0.0170599
-0.0165261
-0.0162997
-0.0163421
-0.0165936
-0.0172635
-0.00986003
-0.00978542
-0.00975317
-0.00973759
-0.00974118
-0.00976811
-0.00982099
-0.00990211
-0.0100137
-0.0101575
-0.0103353
-0.0105484
-0.0107984
-0.0110864
-0.0114138
-0.0117818
-0.0121919
-0.0126455
-0.0131437
-0.013688
-0.0142794
-0.0149188
-0.0156071
-0.0163443
-0.0171306
-0.0179653
-0.0188472
-0.0197748
-0.0207457
-0.021757
-0.0228052
-0.0238863
-0.0249954
-0.0261274
-0.0272766
-0.0284369
-0.029602
-0.0307652
-0.03192
-0.0330594
-0.034177
-0.0352662
-0.0363208
-0.037335
-0.0383033
-0.0392208
-0.0400829
-0.0408857
-0.0416259
-0.0423005
-0.0429072
-0.0434442
-0.0439103
-0.0443044
-0.0446263
-0.0448759
-0.0450536
-0.0451596
-0.0451949
-0.0451679
-0.0450816
-0.0449319
-0.0447213
-0.0444532
-0.0441311
-0.0437585
-0.0433393
-0.042877
-0.0423757
-0.0418396
-0.0412727
-0.0406778
-0.0400589
-0.0394185
-0.0387553
-0.0380717
-0.0373652
-0.0366317
-0.0358692
-0.0350715
-0.0342291
-0.033331
-0.0323651
-0.031319
-0.0301823
-0.0289479
-0.0276153
-0.0261927
-0.0246997
-0.0231686
-0.0216448
-0.0201854
-0.0188556
-0.017722
-0.0168439
-0.0162641
-0.0159988
-0.0160139
-0.0162508
-0.016926
-0.0100012
-0.00992292
-0.0098877
-0.00986878
-0.00986857
-0.00989128
-0.00993948
-0.0100155
-0.0101214
-0.0102593
-0.0104306
-0.0106369
-0.0108796
-0.0111599
-0.011479
-0.0118383
-0.0122391
-0.0126826
-0.0131702
-0.0137031
-0.0142823
-0.0149088
-0.0155832
-0.016306
-0.0170769
-0.0178955
-0.0187609
-0.0196712
-0.0206245
-0.0216179
-0.0226481
-0.023711
-0.0248021
-0.0259163
-0.0270482
-0.0281918
-0.0293408
-0.0304889
-0.0316294
-0.0327557
-0.0338613
-0.0349397
-0.0359848
-0.0369907
-0.037952
-0.0388637
-0.0397211
-0.0405204
-0.041258
-0.041931
-0.0425368
-0.0430736
-0.0435399
-0.0439347
-0.0442575
-0.0445082
-0.044687
-0.0447942
-0.0448303
-0.0448036
-0.0447172
-0.0445678
-0.0443573
-0.0440891
-0.0437666
-0.0433932
-0.0429728
-0.0425092
-0.0420064
-0.0414686
-0.0408998
-0.0403035
-0.0396836
-0.0390427
-0.0383829
-0.0377063
-0.0370082
-0.0362874
-0.0355363
-0.0347519
-0.0339255
-0.0330469
-0.0321031
-0.031081
-0.0299684
-0.0287566
-0.027443
-0.0260333
-0.0245448
-0.0230079
-0.0214671
-0.0199791
-0.0186101
-0.0174295
-0.0165008
-0.0158719
-0.0155648
-0.0155498
-0.0157699
-0.0164488
-0.0101273
-0.0100458
-0.0100079
-0.00998577
-0.00998182
-0.0100003
-0.0100436
-0.0101142
-0.0102142
-0.0103455
-0.0105098
-0.0107086
-0.0109431
-0.0112148
-0.0115248
-0.0118744
-0.0122648
-0.0126972
-0.013173
-0.0136933
-0.0142592
-0.0148715
-0.015531
-0.0162379
-0.0169923
-0.0177937
-0.018641
-0.0195329
-0.0204673
-0.0214415
-0.0224522
-0.0234956
-0.0245674
-0.0256626
-0.0267759
-0.0279015
-0.0290333
-0.030165
-0.0312902
-0.0324023
-0.0334949
-0.0345616
-0.0355963
-0.0365931
-0.0375467
-0.0384519
-0.0393043
-0.0400995
-0.0408342
-0.0415051
-0.0421098
-0.0426462
-0.0431127
-0.0435082
-0.043832
-0.0440839
-0.0442641
-0.0443728
-0.0444107
-0.0443839
-0.0442966
-0.0441481
-0.0439384
-0.0436705
-0.0433479
-0.0429741
-0.0425529
-0.0420883
-0.0415842
-0.041045
-0.0404745
-0.0398767
-0.0392552
-0.0386131
-0.037953
-0.0372768
-0.0365844
-0.0358727
-0.0351363
-0.0343662
-0.0335532
-0.0326895
-0.0317634
-0.0307606
-0.0296673
-0.0284731
-0.027173
-0.0257708
-0.0242814
-0.0227336
-0.0211704
-0.0196488
-0.018236
-0.0170039
-0.0160203
-0.0153382
-0.0149857
-0.0149374
-0.0151383
-0.015819
-0.0102386
-0.0101545
-0.0101141
-0.0100889
-0.0100813
-0.0100955
-0.0101339
-0.0101988
-0.0102925
-0.0104168
-0.0105734
-0.010764
-0.0109897
-0.0112519
-0.0115519
-0.0118907
-0.0122697
-0.0126901
-0.013153
-0.0136597
-0.0142111
-0.0148081
-0.0154514
-0.0161414
-0.016878
-0.0176609
-0.0184892
-0.0193614
-0.0202756
-0.0212293
-0.0222194
-0.0232422
-0.0242935
-0.0253685
-0.026462
-0.0275684
-0.0286819
-0.0297962
-0.030905
-0.0320019
-0.0330806
-0.0341347
-0.0351582
-0.0361452
-0.0370904
-0.0379886
-0.0388352
-0.039626
-0.0403573
-0.0410259
-0.0416292
-0.042165
-0.0426316
-0.0430277
-0.0433525
-0.0436058
-0.0437876
-0.0438984
-0.0439386
-0.0439109
-0.0438224
-0.0436758
-0.0434675
-0.0432003
-0.0428781
-0.0425043
-0.0420827
-0.0416173
-0.0411122
-0.0405716
-0.0399996
-0.0394002
-0.0387771
-0.0381335
-0.0374721
-0.0367949
-0.0361023
-0.0353935
-0.0346669
-0.0339109
-0.0331141
-0.0322632
-0.0313497
-0.0303609
-0.0292816
-0.0280992
-0.0268066
-0.0254053
-0.0239083
-0.0223426
-0.0207503
-0.0191884
-0.0177253
-0.0164358
-0.0153915
-0.0146513
-0.0142487
-0.0141635
-0.0143423
-0.0150226
-0.0103356
-0.0102494
-0.0102067
-0.0101787
-0.0101676
-0.0101775
-0.0102108
-0.0102699
-0.0103569
-0.0104738
-0.0106223
-0.0108039
-0.01102
-0.011272
-0.011561
-0.0118882
-0.0122548
-0.0126621
-0.0131111
-0.0136031
-0.014139
-0.0147196
-0.0153457
-0.0160177
-0.0167355
-0.0174988
-0.0183068
-0.0191583
-0.0200513
-0.0209835
-0.0219518
-0.0229529
-0.0239825
-0.0250362
-0.0261089
-0.0271952
-0.0282893
-0.0293853
-0.0304768
-0.0315576
-0.0326214
-0.0336621
-0.0346737
-0.0356502
-0.0365863
-0.0374769
-0.0383172
-0.039103
-0.0398306
-0.0404966
-0.0410983
-0.0416333
-0.0420999
-0.0424966
-0.0428225
-0.0430772
-0.0432607
-0.0433734
-0.0434155
-0.0433882
-0.0433004
-0.0431552
-0.0429483
-0.0426822
-0.0423606
-0.0419872
-0.0415656
-0.0410998
-0.040594
-0.0400522
-0.0394788
-0.0388776
-0.0382527
-0.0376072
-0.036944
-0.036265
-0.035571
-0.0348615
-0.0341349
-0.0333861
-0.0326034
-0.0317695
-0.0308665
-0.0298858
-0.0288141
-0.027637
-0.0263449
-0.0249369
-0.0234242
-0.0218321
-0.0202022
-0.0185915
-0.01707
-0.0157152
-0.0146034
-0.0137986
-0.0133405
-0.013214
-0.0133675
-0.0140448
-0.0104188
-0.0103309
-0.0102863
-0.0102557
-0.0102411
-0.0102468
-0.010275
-0.010328
-0.0104081
-0.0105172
-0.010657
-0.0108291
-0.011035
-0.0112759
-0.0115531
-0.0118677
-0.0122211
-0.0126143
-0.0130484
-0.0135247
-0.014044
-0.0146073
-0.0152152
-0.0158681
-0.0165661
-0.0173089
-0.0180957
-0.0189254
-0.0197962
-0.0207058
-0.0216515
-0.0226298
-0.0236369
-0.0246684
-0.0257194
-0.0267846
-0.0278584
-0.0289351
-0.0300084
-0.0310723
-0.0321206
-0.0331472
-0.034146
-0.0351114
-0.0360378
-0.0369202
-0.0377537
-0.0385342
-0.0392577
-0.0399208
-0.0405206
-0.0410547
-0.0415211
-0.0419184
-0.0422454
-0.0425017
-0.0426871
-0.0428018
-0.042846
-0.0428204
-0.042734
-0.0425899
-0.0423845
-0.0421198
-0.0417993
-0.0414267
-0.0410055
-0.0405396
-0.0400333
-0.0394906
-0.0389158
-0.038313
-0.037686
-0.0370382
-0.0363725
-0.035691
-0.0349944
-0.0342824
-0.033553
-0.0328021
-0.032023
-0.031202
-0.0303148
-0.0293395
-0.0282683
-0.0270887
-0.0257889
-0.0243656
-0.0228277
-0.0211994
-0.0195214
-0.0178515
-0.0162615
-0.0148321
-0.013644
-0.0127669
-0.0122469
-0.0120739
-0.0121983
-0.0128694
-0.0104887
-0.0103996
-0.0103534
-0.0103204
-0.0103026
-0.0103041
-0.0103271
-0.010374
-0.0104469
-0.0105478
-0.0106785
-0.0108406
-0.0110355
-0.0112646
-0.0115291
-0.0118304
-0.0121695
-0.0125477
-0.012966
-0.0134256
-0.0139275
-0.0144724
-0.0150612
-0.0156941
-0.0163714
-0.0170927
-0.0178574
-0.0186645
-0.0195122
-0.0203985
-0.0213206
-0.0222754
-0.0232591
-0.0242676
-0.025296
-0.0263393
-0.0273922
-0.0284488
-0.0295032
-0.0305495
-0.0315815
-0.0325932
-0.0335787
-0.0345323
-0.0354485
-0.0363222
-0.0371486
-0.0379232
-0.0386423
-0.0393022
-0.0398999
-0.040433
-0.0408992
-0.041297
-0.0416253
-0.0418833
-0.0420708
-0.0421879
-0.0422347
-0.042212
-0.0421272
-0.0419833
-0.0417798
-0.0415171
-0.0411982
-0.0408268
-0.0404064
-0.0399409
-0.0394344
-0.038891
-0.038315
-0.0377105
-0.0370813
-0.0364308
-0.0357621
-0.0350771
-0.0343767
-0.0336606
-0.0329265
-0.0321702
-0.0313854
-0.0305629
-0.0296856
-0.0287222
-0.027648
-0.026457
-0.0251399
-0.0236911
-0.0221174
-0.0204411
-0.018703
-0.0169616
-0.0152911
-0.0137755
-0.0125006
-0.0115422
-0.0109526
-0.0107271
-0.010818
-0.0114791
-0.0105458
-0.0104561
-0.0104085
-0.0103734
-0.0103526
-0.01035
-0.0103679
-0.0104086
-0.0104741
-0.0105665
-0.0106876
-0.0108391
-0.0110224
-0.011239
-0.0114902
-0.0117772
-0.0121012
-0.0124635
-0.0128651
-0.0133071
-0.0137906
-0.0143164
-0.0148851
-0.0154972
-0.0161529
-0.016852
-0.0175939
-0.0183776
-0.0192015
-0.0200637
-0.0209616
-0.0218921
-0.0228518
-0.0238365
-0.0248417
-0.0258625
-0.0268936
-0.0279295
-0.0289645
-0.0299925
-0.0310076
-0.0320039
-0.0329756
-0.0339169
-0.0348224
-0.0356869
-0.0365056
-0.0372742
-0.0379884
-0.0386449
-0.0392404
-0.0397723
-0.0402383
-0.0406367
-0.0409663
-0.0412262
-0.041416
-0.0415359
-0.0415861
-0.0415673
-0.0414821
-0.0413383
-0.0411382
-0.0408784
-0.0405617
-0.0401919
-0.0397728
-0.039308
-0.0388017
-0.038258
-0.0376809
-0.0370747
-0.0364431
-0.0357897
-0.0351173
-0.034428
-0.0337226
-0.0330007
-0.0322598
-0.0314956
-0.0307011
-0.029867
-0.0289811
-0.0280221
-0.0269521
-0.0257454
-0.0243998
-0.0229132
-0.0212911
-0.0195537
-0.0177414
-0.0159143
-0.014149
-0.0125339
-0.01116
-0.0101095
-0.00944138
-0.00915655
-0.00920905
-0.0098553
-0.0105909
-0.0105011
-0.0104524
-0.0104154
-0.0103918
-0.0103853
-0.0103981
-0.0104325
-0.0104905
-0.0105741
-0.0106852
-0.0108256
-0.0109968
-0.0112002
-0.0114372
-0.0117092
-0.0120173
-0.0123628
-0.0127469
-0.0131705
-0.0136348
-0.0141405
-0.0146885
-0.015279
-0.0159125
-0.0165886
-0.017307
-0.0180666
-0.0188661
-0.0197036
-0.0205767
-0.0214824
-0.0224174
-0.0233779
-0.0243593
-0.025357
-0.026366
-0.0273807
-0.0283955
-0.0294048
-0.0304026
-0.031383
-0.0323403
-0.0332689
-0.0341633
-0.0350183
-0.035829
-0.0365911
-0.0373004
-0.0379532
-0.0385463
-0.039077
-0.0395427
-0.0399418
-0.0402729
-0.0405348
-0.0407272
-0.04085
-0.0409036
-0.0408882
-0.0408051
-0.0406631
-0.0404657
-0.0402088
-0.0398946
-0.039527
-0.0391095
-0.0386459
-0.0381401
-0.0375962
-0.0370183
-0.0364104
-0.0357764
-0.0351197
-0.0344431
-0.0337485
-0.0330369
-0.0323074
-0.0315575
-0.0307826
-0.0299749
-0.0291244
-0.0282182
-0.0272403
-0.0261649
-0.0249502
-0.0235707
-0.0220321
-0.0203467
-0.0185327
-0.0166303
-0.0147012
-0.012825
-0.0110949
-0.00960786
-0.0084528
-0.00769602
-0.00734393
-0.00735241
-0.00797819
-0.0106247
-0.0105352
-0.0104858
-0.0104472
-0.0104209
-0.0104107
-0.0104185
-0.0104465
-0.0104968
-0.0105714
-0.0106723
-0.0108011
-0.0109595
-0.0111492
-0.0113714
-0.0116275
-0.011919
-0.0122469
-0.0126126
-0.013017
-0.0134613
-0.0139463
-0.0144728
-0.0150411
-0.0156517
-0.0163043
-0.0169986
-0.0177337
-0.0185082
-0.0193206
-0.0201684
-0.0210489
-0.0219588
-0.0228946
-0.0238519
-0.0248261
-0.0258125
-0.0268056
-0.0278
-0.0287901
-0.0297701
-0.0307343
-0.0316769
-0.0325924
-0.0334753
-0.0343205
-0.0351231
-0.0358785
-0.0365826
-0.0372316
-0.0378222
-0.0383516
-0.0388171
-0.039217
-0.0395496
-0.0398138
-0.0400091
-0.0401352
-0.0401924
-0.040181
-0.0401016
-0.0399624
-0.0397669
-0.039513
-0.0392019
-0.0388369
-0.0384215
-0.0379595
-0.0374546
-0.0369108
-0.0363322
-0.0357228
-0.0350862
-0.0344258
-0.0337444
-0.0330437
-0.0323245
-0.0315857
-0.0308245
-0.0300357
-0.0292111
-0.0283396
-0.0274067
-0.0263955
-0.0252863
-0.0240503
-0.0226451
-0.0210477
-0.0192834
-0.0173746
-0.015363
-0.0133132
-0.0113079
-0.00944514
-0.00782889
-0.00655532
-0.00569825
-0.00527002
-0.00522816
-0.00582664
-0.0106478
-0.0105591
-0.0105093
-0.0104694
-0.0104407
-0.0104269
-0.0104298
-0.0104515
-0.010494
-0.0105594
-0.0106496
-0.0107665
-0.0109117
-0.0110869
-0.0112936
-0.0115333
-0.0118073
-0.012117
-0.0124635
-0.0128481
-0.0132717
-0.0137352
-0.0142395
-0.0147851
-0.0153722
-0.0160008
-0.0166706
-0.0173807
-0.01813
-0.0189168
-0.019739
-0.020594
-0.0214787
-0.0223895
-0.0233223
-0.0242729
-0.0252363
-0.0262076
-0.0271813
-0.028152
-0.0291141
-0.0300617
-0.0309894
-0.0318915
-0.0327628
-0.0335979
-0.034392
-0.0351406
-0.0358394
-0.0364846
-0.0370727
-0.0376007
-0.0380662
-0.0384669
-0.0388013
-0.0390681
-0.0392665
-0.0393964
-0.0394577
-0.039451
-0.0393769
-0.0392399
-0.0390456
-0.0387957
-0.0384885
-0.0381267
-0.037714
-0.037254
-0.0367503
-0.036207
-0.0356279
-0.0350169
-0.0343777
-0.0337133
-0.0330264
-0.0323187
-0.0315905
-0.0308405
-0.0300656
-0.0292597
-0.0284139
-0.0275161
-0.0265504
-0.0254978
-0.0243369
-0.0230452
-0.0215941
-0.019948
-0.018097
-0.0160758
-0.013933
-0.0117408
-0.00958538
-0.00757037
-0.00580695
-0.00439915
-0.00342889
-0.00291463
-0.00281541
-0.00337844
-0.0106609
-0.0105736
-0.0105237
-0.0104827
-0.010452
-0.0104348
-0.0104329
-0.0104483
-0.0104829
-0.0105389
-0.0106182
-0.0107227
-0.0108542
-0.0110145
-0.0112051
-0.0114276
-0.0116835
-0.0119742
-0.0123009
-0.0126648
-0.0130671
-0.0135087
-0.0139903
-0.0145126
-0.0150758
-0.01568
-0.0163249
-0.0170098
-0.0177336
-0.0184947
-0.0192911
-0.0201204
-0.0209797
-0.0218654
-0.0227737
-0.0237004
-0.0246409
-0.0255902
-0.0265432
-0.0274943
-0.0284382
-0.0293692
-0.0302818
-0.0311705
-0.0320299
-0.0328548
-0.0336404
-0.0343821
-0.0350755
-0.0357168
-0.0363024
-0.0368293
-0.0372947
-0.0376965
-0.0380329
-0.0383025
-0.0385045
-0.0386384
-0.0387044
-0.0387028
-0.0386341
-0.0385001
-0.0383086
-0.038063
-0.03776
-0.0374019
-0.0369923
-0.0365347
-0.0360328
-0.0354902
-0.0349108
-0.0342983
-0.0336561
-0.0329873
-0.0322943
-0.0315784
-0.0308398
-0.0300767
-0.0292852
-0.0284587
-0.0275873
-0.0266575
-0.0256519
-0.0245495
-0.0233266
-0.0219583
-0.0204221
-0.0187009
-0.0167626
-0.0146248
-0.0123327
-0.00997459
-0.00764512
-0.0054556
-0.0035251
-0.00196571
-0.00086801
-0.00025689
-9.26425e-05
-0.000610599
-0.0106648
-0.0105794
-0.0105297
-0.0104881
-0.0104555
-0.0104351
-0.0104285
-0.0104376
-0.0104643
-0.0105107
-0.0105788
-0.0106706
-0.010788
-0.0109328
-0.0111067
-0.0113115
-0.0115487
-0.0118197
-0.012126
-0.0124687
-0.0128491
-0.0132681
-0.0137266
-0.0142252
-0.0147642
-0.0153437
-0.0159635
-0.016623
-0.0173211
-0.0180564
-0.0188271
-0.0196307
-0.0204645
-0.0213252
-0.022209
-0.0231119
-0.0240295
-0.0249568
-0.025889
-0.0268206
-0.0277463
-0.0286607
-0.0295582
-0.0304333
-0.0312809
-0.0320956
-0.0328727
-0.0336075
-0.0342956
-0.034933
-0.0355162
-0.036042
-0.0365076
-0.0369107
-0.0372493
-0.0375221
-0.037728
-0.0378665
-0.0379375
-0.0379413
-0.0378784
-0.0377496
-0.0375625
-0.0373202
-0.0370216
-0.0366678
-0.0362618
-0.0358072
-0.0353073
-0.0347658
-0.0341863
-0.0335722
-0.032927
-0.0322533
-0.0315533
-0.0308281
-0.0300773
-0.0292987
-0.0284876
-0.0276366
-0.0267345
-0.0257663
-0.0247128
-0.023551
-0.0222548
-0.0207972
-0.0191538
-0.0173088
-0.0152531
-0.0129854
-0.0105437
-0.00800232
-0.00547434
-0.00308522
-0.000965544
0.000764292
0.00200474
0.00272437
0.0029619
0.00250023
-0.0106603
-0.0105772
-0.0105282
-0.0104861
-0.010452
-0.0104286
-0.0104175
-0.0104203
-0.010439
-0.0104757
-0.0105324
-0.0106111
-0.0107139
-0.0108427
-0.0109995
-0.011186
-0.0114038
-0.0116546
-0.0119399
-0.0122609
-0.0126189
-0.013015
-0.0134499
-0.0139245
-0.014439
-0.0149937
-0.0155883
-0.0162223
-0.0168947
-0.0176043
-0.0183493
-0.0191273
-0.0199358
-0.0207716
-0.0216311
-0.0225105
-0.0234052
-0.0243108
-0.0252223
-0.0261346
-0.0270423
-0.0279401
-0.0288225
-0.0296843
-0.0305201
-0.0313247
-0.0320934
-0.0328213
-0.0335042
-0.0341379
-0.0347189
-0.0352438
-0.0357098
-0.0361144
-0.0364557
-0.036732
-0.0369422
-0.0370857
-0.0371623
-0.0371722
-0.0371159
-0.0369943
-0.0368108
-0.0365712
-0.0362781
-0.0359295
-0.0355279
-0.0350767
-0.0345794
-0.0340392
-0.0334597
-0.0328441
-0.0321954
-0.0315163
-0.0308084
-0.0300724
-0.0293075
-0.0285107
-0.0276766
-0.0267965
-0.0258579
-0.024844
-0.0237335
-0.022501
-0.0211181
-0.0195556
-0.0177872
-0.0157952
-0.0135749
-0.0111393
-0.00852799
-0.00579574
-0.00305614
-0.00044148
0.00189092
0.00381109
0.00520992
0.00605
0.00636946
0.005977
-0.0106481
-0.0105679
-0.0105198
-0.0104777
-0.0104422
-0.010416
-0.0104005
-0.0103971
-0.0104078
-0.0104346
-0.0104796
-0.0105449
-0.0106328
-0.0107452
-0.0108843
-0.0110519
-0.01125
-0.0114801
-0.0117438
-0.0120427
-0.0123779
-0.0127506
-0.0131618
-0.0136121
-0.014102
-0.0146317
-0.0152011
-0.0158096
-0.0164566
-0.0171406
-0.0178601
-0.0186128
-0.0193963
-0.0202075
-0.021043
-0.021899
-0.0227714
-0.0236555
-0.0245466
-0.0254398
-0.0263297
-0.0272112
-0.0280789
-0.0289275
-0.0297517
-0.0305464
-0.0313068
-0.0320281
-0.0327059
-0.0333362
-0.0339152
-0.0344395
-0.0349062
-0.0353127
-0.0356569
-0.0359371
-0.0361521
-0.0363011
-0.0363838
-0.0364002
-0.036351
-0.0362366
-0.0360585
-0.0358239
-0.0355358
-0.0351926
-0.0347959
-0.0343486
-0.0338542
-0.0333156
-0.0327362
-0.0321189
-0.0314665
-0.0307811
-0.0300641
-0.0293157
-0.0285344
-0.0277163
-0.0268551
-0.0259406
-0.0249586
-0.0238904
-0.0227123
-0.0213963
-0.0199111
-0.0182253
-0.0163112
-0.0141503
-0.0117392
-0.00909608
-0.00626635
-0.00332261
-0.000361885
0.00249743
0.00506354
0.00719601
0.00876875
0.00974013
0.0101498
0.00984115
-0.0106289
-0.0105523
-0.0105054
-0.0104635
-0.010427
-0.0103982
-0.0103783
-0.0103687
-0.0103713
-0.0103881
-0.0104211
-0.0104728
-0.0105454
-0.010641
-0.010762
-0.0109103
-0.0110881
-0.011297
-0.0115388
-0.0118151
-0.0121272
-0.0124764
-0.0128635
-0.0132894
-0.0137547
-0.0142594
-0.0148037
-0.0153871
-0.0160087
-0.0166675
-0.0173617
-0.0180896
-0.0188484
-0.0196355
-0.0204475
-0.0212807
-0.022131
-0.0229941
-0.0238653
-0.0247398
-0.0256124
-0.0264779
-0.0273311
-0.0281668
-0.0289798
-0.0297649
-0.0305173
-0.0312322
-0.0319053
-0.0325324
-0.0331097
-0.0336337
-0.0341014
-0.0345102
-0.0348578
-0.0351424
-0.0353627
-0.0355177
-0.0356071
-0.0356306
-0.0355889
-0.0354824
-0.0353122
-0.0350831
-0.0347991
-0.0344619
-0.0340708
-0.033628
-0.0331368
-0.0326001
-0.0320208
-0.0314016
-0.0307448
-0.0300523
-0.0293248
-0.0285619
-0.0277613
-0.0269182
-0.0260249
-0.0250697
-0.0240364
-0.0229039
-0.0216458
-0.020231
-0.0186256
-0.0167957
-0.0147122
-0.0123565
-0.00972726
-0.00684681
-0.00376585
-0.000565066
0.00264827
0.0057424
0.00856506
0.0109362
0.0127026
0.0138143
0.0143201
0.014111
-0.0106035
-0.0105311
-0.0104859
-0.0104445
-0.0104072
-0.0103759
-0.0103517
-0.0103359
-0.0103302
-0.0103367
-0.0103577
-0.0103954
-0.0104523
-0.0105308
-0.0106332
-0.0107619
-0.010919
-0.0111064
-0.011326
-0.0115794
-0.0118682
-0.0121935
-0.0125565
-0.0129581
-0.0133987
-0.0138787
-0.014398
-0.0149564
-0.0155531
-0.016187
-0.0168566
-0.01756
-0.0182948
-0.0190583
-0.0198473
-0.0206582
-0.0214871
-0.0223298
-0.0231817
-0.024038
-0.0248937
-0.0257438
-0.0265831
-0.0274063
-0.0282084
-0.0289843
-0.0297291
-0.0304381
-0.0311068
-0.031731
-0.032307
-0.0328311
-0.0333003
-0.0337118
-0.0340632
-0.0343527
-0.0345788
-0.0347404
-0.0348369
-0.0348682
-0.0348346
-0.0347366
-0.0345752
-0.0343523
-0.0340739
-0.0337426
-0.0333574
-0.0329196
-0.032432
-0.0318973
-0.031318
-0.0306965
-0.0300346
-0.0293336
-0.0285938
-0.0278139
-0.0269905
-0.0261179
-0.0251866
-0.0241831
-0.023089
-0.0218803
-0.0205275
-0.0189965
-0.0172502
-0.0152524
-0.0129729
-0.0103937
-0.00751626
-0.0043678
-0.00100568
0.00248135
0.00597572
0.00933639
0.0124093
0.0150287
0.0170224
0.0182898
0.0188953
0.0187994
-0.0105728
-0.0105052
-0.0104621
-0.0104215
-0.0103836
-0.0103499
-0.0103214
-0.0102992
-0.0102851
-0.0102812
-0.0102897
-0.0103132
-0.0103541
-0.0104151
-0.0104987
-0.0106074
-0.0107435
-0.0109091
-0.0111061
-0.0113365
-0.0116018
-0.0119033
-0.0122422
-0.0126194
-0.0130355
-0.013491
-0.0139857
-0.0145195
-0.0150917
-0.0157013
-0.0163468
-0.0170263
-0.0177378
-0.0184784
-0.0192451
-0.0200345
-0.0208427
-0.0216656
-0.0224988
-0.0233376
-0.0241772
-0.0250124
-0.0258383
-0.0266497
-0.0274415
-0.0282086
-0.0289463
-0.0296497
-0.0303145
-0.0309364
-0.0315115
-0.0320361
-0.0325072
-0.0329219
-0.0332777
-0.0335726
-0.033805
-0.0339737
-0.034078
-0.0341177
-0.0340927
-0.0340037
-0.0338515
-0.0336372
-0.033365
-0.0330388
-0.03266
-0.0322277
-0.031744
-0.0312113
-0.0306317
-0.0300072
-0.0293391
-0.0286281
-0.0278736
-0.0270734
-0.0262232
-0.0253154
-0.0243389
-0.023278
-0.0221115
-0.0208123
-0.0193477
-0.01768
-0.0157691
-0.0135767
-0.011072
-0.00823831
-0.00508094
-0.00163311
0.00203981
0.00583979
0.00963933
0.013288
0.0166229
0.0194807
0.021705
0.0231683
0.0238852
0.0239107
-0.0105376
-0.0104756
-0.0104349
-0.0103954
-0.0103569
-0.0103209
-0.0102879
-0.0102592
-0.0102366
-0.0102219
-0.0102178
-0.0102266
-0.0102513
-0.0102945
-0.010359
-0.0104474
-0.0105623
-0.0107058
-0.0108802
-0.0110875
-0.0113292
-0.0116069
-0.0119217
-0.0122748
-0.0126667
-0.0130979
-0.0135685
-0.0140782
-0.0146265
-0.0152124
-0.0158344
-0.0164909
-0.0171797
-0.0178982
-0.0186435
-0.0194122
-0.0202005
-0.0210045
-0.0218199
-0.0226419
-0.023466
-0.0242872
-0.0251003
-0.0259005
-0.0266826
-0.0274416
-0.0281727
-0.0288712
-0.0295326
-0.0301526
-0.0307273
-0.031253
-0.0317265
-0.0321449
-0.0325055
-0.0328064
-0.0330456
-0.0332221
-0.0333348
-0.0333833
-0.0333676
-0.0332881
-0.0331455
-0.0329407
-0.0326756
-0.0323557
-0.0319827
-0.031556
-0.0310763
-0.0305454
-0.0299652
-0.0293367
-0.0286609
-0.0279377
-0.0271654
-0.026341
-0.0254584
-0.0245085
-0.023478
-0.0223485
-0.0210958
-0.0196892
-0.0180924
-0.0162642
-0.0141617
-0.0117449
-0.00898311
-0.0058623
-0.0023927
0.00138505
0.00539635
0.00953286
0.0136567
0.0176081
0.0212162
0.0243118
0.0267455
0.0284126
0.0292793
0.029438
-0.0104989
-0.0104434
-0.0104054
-0.0103671
-0.0103282
-0.0102896
-0.010252
-0.0102166
-0.010185
-0.0101593
-0.0101421
-0.0101361
-0.0101442
-0.0101694
-0.0102145
-0.0102825
-0.0103759
-0.0104973
-0.010649
-0.0108331
-0.0110513
-0.0113053
-0.0115964
-0.0119256
-0.0122937
-0.0127011
-0.0131481
-0.0136343
-0.0141593
-0.0147222
-0.0153216
-0.0159559
-0.0166229
-0.0173202
-0.018045
-0.0187938
-0.0195633
-0.0203493
-0.0211476
-0.0219539
-0.0227634
-0.0235712
-0.0243725
-0.0251622
-0.0259353
-0.0266869
-0.0274121
-0.0281062
-0.0287647
-0.0293835
-0.0299583
-0.0304857
-0.0309622
-0.0313847
-0.0317508
-0.0320581
-0.0323048
-0.0324895
-0.0326111
-0.0326691
-0.0326632
-0.0325936
-0.032461
-0.0322661
-0.0320103
-0.0316963
-0.0313278
-0.0309068
-0.0304313
-0.0299021
-0.0293203
-0.0286866
-0.028001
-0.0272625
-0.0264687
-0.0256147
-0.024693
-0.0236924
-0.0225969
-0.0213852
-0.0200294
-0.0184952
-0.0167424
-0.0147263
-0.0124016
-0.00972753
-0.00667472
-0.00323318
0.000580275
0.0047161
0.0090892
0.0135801
0.0180403
0.022301
0.0261847
0.0295183
0.0321519
0.0339902
0.0350261
0.0353593
-0.0104579
-0.0104099
-0.0103749
-0.0103379
-0.0102983
-0.0102569
-0.0102144
-0.0101717
-0.0101308
-0.0100937
-0.0100631
-0.0100419
-0.0100332
-0.0100401
-0.0100657
-0.010113
-0.010185
-0.0102843
-0.0104133
-0.0105743
-0.0107693
-0.0109998
-0.0112674
-0.0115731
-0.0119178
-0.012302
-0.0127259
-0.0131894
-0.0136919
-0.0142326
-0.0148103
-0.0154232
-0.0160695
-0.0167466
-0.0174519
-0.018182
-0.0189335
-0.0197025
-0.0204849
-0.0212764
-0.0220722
-0.0228677
-0.0236579
-0.024438
-0.0252029
-0.0259477
-0.0266677
-0.0273582
-0.0280146
-0.0286326
-0.0292083
-0.0297378
-0.0302178
-0.0306451
-0.0310172
-0.0313315
-0.0315862
-0.0317796
-0.0319107
-0.0319785
-0.0319828
-0.0319236
-0.0318011
-0.0316161
-0.0313695
-0.0310625
-0.0306994
-0.0302824
-0.0298107
-0.0292825
-0.0286979
-0.0280569
-0.0273586
-0.0266011
-0.0257804
-0.0248902
-0.0239208
-0.0228586
-0.0216845
-0.0203737
-0.0188945
-0.0172086
-0.0152718
-0.0130365
-0.0104556
-0.00748879
-0.00410976
-0.000314313
0.00387225
0.00838982
0.0131416
0.0179965
0.0227953
0.0273614
0.031512
0.0350727
0.0378963
0.0398903
0.0410574
0.0416248
-0.0104162
-0.0103766
-0.0103448
-0.0103089
-0.0102684
-0.0102237
-0.0101756
-0.0101253
-0.0100744
-0.0100254
-0.00998099
-0.00994425
-0.00991843
-0.00990683
-0.00991279
-0.0099395
-0.00999003
-0.0100672
-0.0101738
-0.0103119
-0.0104838
-0.0106913
-0.0109358
-0.0112186
-0.0115405
-0.0119021
-0.0123037
-0.0127451
-0.013226
-0.0137455
-0.0143024
-0.014895
-0.0155216
-0.0161796
-0.0168664
-0.0175789
-0.0183136
-0.0190668
-0.0198343
-0.020612
-0.0213952
-0.0221793
-0.0229594
-0.0237307
-0.0244883
-0.0252273
-0.0259429
-0.0266303
-0.0272852
-0.0279032
-0.0284802
-0.0290125
-0.0294966
-0.0299293
-0.0303077
-0.0306296
-0.0308927
-0.0310953
-0.0312362
-0.0313143
-0.0313291
-0.0312804
-0.0311682
-0.0309931
-0.0307557
-0.0304568
-0.030098
-0.0296837
-0.0292143
-0.028686
-0.0280968
-0.0274457
-0.0267309
-0.0259491
-0.0250948
-0.0241596
-0.0231316
-0.0219939
-0.0207242
-0.0192936
-0.0176665
-0.0158002
-0.0136471
-0.0111572
-0.00828302
-0.00498637
-0.00124602
0.00293417
0.00751833
0.0124341
0.0175721
0.0227891
0.0279164
0.0327705
0.037166
0.0409302
0.0439219
0.0460546
0.0473411
0.0481418
-0.0103758
-0.0103455
-0.0103169
-0.0102818
-0.0102397
-0.010191
-0.0101366
-0.0100777
-0.0100163
-0.00995476
-0.00989606
-0.00984341
-0.00980021
-0.00976998
-0.00975622
-0.00976231
-0.00979151
-0.00984684
-0.00993108
-0.0100467
-0.010196
-0.0103809
-0.0106028
-0.0108632
-0.011163
-0.0115028
-0.0118829
-0.0123032
-0.0127634
-0.0132626
-0.0137997
-0.0143732
-0.0149812
-0.0156213
-0.0162908
-0.0169868
-0.0177059
-0.0184444
-0.0191982
-0.0199632
-0.0207349
-0.0215086
-0.0222797
-0.0230432
-0.0237943
-0.0245283
-0.0252402
-0.0259254
-0.0265795
-0.0271981
-0.0277771
-0.0283126
-0.0288013
-0.0292397
-0.0296251
-0.0299548
-0.0302266
-0.0304388
-0.0305897
-0.0306783
-0.0307038
-0.0306656
-0.0305636
-0.030398
-0.0301692
-0.0298777
-0.0295241
-0.0291104
-0.0286396
-0.0281097
-0.0275136
-0.0268485
-0.0261117
-0.0252985
-0.0244017
-0.0234103
-0.0223094
-0.0210789
-0.0196925
-0.018117
-0.0163123
-0.0142322
-0.011826
-0.00904249
-0.00583575
-0.00217192
0.00196261
0.0065534
0.0115518
0.0168718
0.0223906
0.0279535
0.0333834
0.0384925
0.0430958
0.0470257
0.0501512
0.0523957
0.0537856
0.0548277
-0.0103393
-0.0103191
-0.0102933
-0.0102582
-0.0102136
-0.01016
-0.0100983
-0.0100299
-0.00995701
-0.00988227
-0.00980872
-0.00973974
-0.00967891
-0.00962991
-0.00959641
-0.00958197
-0.00959002
-0.00962373
-0.00968605
-0.00977962
-0.00990677
-0.0100695
-0.0102696
-0.0105083
-0.0107867
-0.0111055
-0.011465
-0.0118651
-0.0123056
-0.0127857
-0.0133042
-0.0138596
-0.0144501
-0.0150735
-0.015727
-0.0164078
-0.0171125
-0.0178374
-0.0185787
-0.0193322
-0.0200935
-0.0208579
-0.0216209
-0.0223776
-0.0231233
-0.023853
-0.024562
-0.0252457
-0.0258996
-0.0265194
-0.0271008
-0.0276401
-0.0281337
-0.0285783
-0.0289708
-0.0293087
-0.0295895
-0.0298112
-0.0299723
-0.0300712
-0.0301071
-0.0300791
-0.0299869
-0.0298302
-0.0296091
-0.0293236
-0.0289738
-0.0285597
-0.0280855
-0.0275493
-0.0269421
-0.0262573
-0.025491
-0.0246371
-0.0236858
-0.0226235
-0.0214318
-0.0200865
-0.0185571
-0.0168061
-0.0147891
-0.0124566
-0.00975628
-0.00663773
-0.00305873
0.00100737
0.00556362
0.0105824
0.0160002
0.0217161
0.0275938
0.0334683
0.0391566
0.0444696
0.0492268
0.0532699
0.0564827
0.0588022
0.060274
0.0615619
-0.0103103
-0.0103003
-0.0102766
-0.0102404
-0.0101921
-0.0101321
-0.0100617
-0.00998273
-0.00989743
-0.00980864
-0.00971961
-0.00963386
-0.00955513
-0.00948723
-0.009434
-0.00939917
-0.0093863
-0.00939874
-0.00943956
-0.00951155
-0.00961715
-0.0097585
-0.00993736
-0.0101552
-0.0104131
-0.0107117
-0.0110516
-0.0114326
-0.0118544
-0.0123164
-0.0128174
-0.013356
-0.0139303
-0.0145381
-0.0151769
-0.0158437
-0.0165352
-0.0172479
-0.0179778
-0.018721
-0.0194729
-0.0202292
-0.0209851
-0.021736
-0.0224769
-0.0232032
-0.0239101
-0.0245929
-0.0252472
-0.0258685
-0.0264528
-0.0269962
-0.027495
-0.0279458
-0.0283455
-0.0286915
-0.0289811
-0.0292123
-0.0293831
-0.0294921
-0.0295378
-0.0295193
-0.0294359
-0.029287
-0.0290721
-0.0287909
-0.028443
-0.0280279
-0.0275457
-0.0269966
-0.026372
-0.0256595
-0.0248535
-0.023946
-0.0229247
-0.0217723
-0.0204667
-0.0189793
-0.017275
-0.0153121
-0.0130425
-0.0104147
-0.00737654
-0.00388091
0.000107632
0.00460527
0.00960145
0.0150527
0.0208791
0.026964
0.0331587
0.03929
0.0451716
0.0506181
0.0554576
0.0595466
0.0627881
0.0651373
0.0666639
0.0681932
-0.0102933
-0.0102932
-0.0102701
-0.0102311
-0.0101773
-0.0101093
-0.0100287
-0.00993769
-0.0098388
-0.00973506
-0.00962985
-0.00952684
-0.00942989
-0.00934298
-0.00927004
-0.00921497
-0.00918147
-0.00917302
-0.00919282
-0.00924378
-0.00932847
-0.0094491
-0.00960755
-0.00980533
-0.0100436
-0.0103231
-0.0106442
-0.0110071
-0.0114114
-0.0118565
-0.0123412
-0.0128641
-0.0134234
-0.0140169
-0.0146421
-0.0152962
-0.0159757
-0.0166773
-0.0173971
-0.018131
-0.0188747
-0.0196238
-0.0203736
-0.0211194
-0.0218564
-0.02258
-0.0232853
-0.0239677
-0.0246227
-0.0252459
-0.0258333
-0.0263807
-0.0268846
-0.0273415
-0.0277482
-0.0281019
-0.0283999
-0.0286398
-0.0288197
-0.0289377
-0.0289922
-0.028982
-0.0289059
-0.0287628
-0.028552
-0.0282726
-0.0279234
-0.0275031
-0.02701
-0.0264424
-0.0257892
-0.0250363
-0.0241761
-0.023198
-0.022086
-0.0208192
-0.0193707
-0.0177077
-0.0157905
-0.0135735
-0.0110065
-0.00803768
-0.00461772
-0.000705978
0.0037227
0.00867058
0.0141105
0.0199809
0.0261843
0.0325892
0.0390359
0.0453459
0.0513347
0.0568248
0.0616587
0.0657127
0.0689139
0.07124
0.0727896
0.0745439
-0.0102939
-0.0103018
-0.0102777
-0.0102337
-0.010172
-0.010094
-0.0100014
-0.00989682
-0.0097831
-0.00966341
-0.00954127
-0.00942047
-0.00930498
-0.00919888
-0.00910624
-0.00903108
-0.00897721
-0.00894825
-0.00894752
-0.00897803
-0.00904246
-0.00914311
-0.00928194
-0.0094605
-0.00968002
-0.0099413
-0.0102448
-0.0105906
-0.0109785
-0.0114077
-0.0118772
-0.0123855
-0.012931
-0.0135114
-0.0141243
-0.0147667
-0.0154354
-0.016127
-0.0168377
-0.0175633
-0.0182998
-0.0190425
-0.0197869
-0.0205284
-0.0212621
-0.0219833
-0.0226874
-0.0233696
-0.0240254
-0.0246505
-0.0252407
-0.0257919
-0.0263004
-0.0267628
-0.0271758
-0.0275362
-0.0278415
-0.0280891
-0.0282766
-0.0284021
-0.0284637
-0.0284597
-0.0283885
-0.0282488
-0.0280391
-0.0277578
-0.0274031
-0.0269728
-0.0264642
-0.0258679
-0.0251697
-0.0243588
-0.0234253
-0.0223541
-0.0211252
-0.0197131
-0.0180866
-0.0162081
-0.0140341
-0.0115167
-0.00860514
-0.00525008
-0.00140845
0.0029503
0.00783727
0.0132375
0.0191046
0.0253577
0.031882
0.0385322
0.045141
0.0515291
0.0575185
0.0629456
0.0676728
0.0716012
0.0746864
0.076932
0.0784692
0.0804185
-0.0103194
-0.0103314
-0.0103034
-0.0102519
-0.0101798
-0.0100893
-0.00998279
-0.00986312
-0.00973331
-0.00959668
-0.00945684
-0.00931768
-0.00918326
-0.00905776
-0.00894538
-0.0088502
-0.00877619
-0.00872705
-0.00870622
-0.00871682
-0.0087616
-0.00884296
-0.00896291
-0.00912307
-0.00932471
-0.00956868
-0.00985547
-0.0101852
-0.0105575
-0.0109719
-0.0114272
-0.0119221
-0.0124548
-0.0130231
-0.0136246
-0.0142563
-0.0149152
-0.0155977
-0.0163001
-0.0170183
-0.0177481
-0.0184851
-0.0192247
-0.0199622
-0.0206928
-0.0214119
-0.0221146
-0.0227964
-0.0234527
-0.0240791
-0.0246714
-0.0252255
-0.0257376
-0.0262043
-0.026622
-0.0269878
-0.0272986
-0.0275518
-0.0277449
-0.0278756
-0.0279416
-0.0279409
-0.0278714
-0.0277313
-0.0275185
-0.0272305
-0.0268646
-0.0264178
-0.0258837
-0.0252426
-0.0244771
-0.0235855
-0.0225536
-0.0213607
-0.0199821
-0.0183876
-0.0165415
-0.0144025
-0.0119246
-0.00905914
-0.00575799
-0.00197765
0.00231501
0.00713649
0.0124804
0.0183117
0.0245633
0.031135
0.0378959
0.0446904
0.0513477
0.0576932
0.0635613
0.0688078
0.0733204
0.0770297
0.0799221
0.0820303
0.0835185
0.0856177
-0.0103782
-0.0103879
-0.0103521
-0.0102897
-0.0102045
-0.0100992
-0.00997695
-0.00984079
-0.0096938
-0.00953935
-0.00938111
-0.00922305
-0.0090693
-0.00892414
-0.00879186
-0.00867666
-0.0085826
-0.00851351
-0.00847291
-0.008464
-0.00848963
-0.00855226
-0.00865395
-0.00879639
-0.00898086
-0.00920827
-0.00947911
-0.00979351
-0.0101512
-0.0105516
-0.0109935
-0.0114757
-0.0119964
-0.0125534
-0.0131442
-0.013766
-0.0144157
-0.0150897
-0.0157842
-0.0164954
-0.0172189
-0.0179503
-0.018685
-0.0194184
-0.0201457
-0.0208621
-0.0215629
-0.0222435
-0.0228992
-0.0235256
-0.0241185
-0.0246739
-0.0251877
-0.0256565
-0.0260768
-0.0264454
-0.0267591
-0.0270151
-0.0272107
-0.0273432
-0.0274099
-0.0274084
-0.0273362
-0.0271906
-0.0269687
-0.0266676
-0.0262837
-0.0258116
-0.0252299
-0.0245124
-0.0236551
-0.0226562
-0.0214954
-0.0201463
-0.0185793
-0.0167601
-0.0146493
-0.012203
-0.00937505
-0.00611906
-0.00239264
0.00183788
0.00659181
0.0118681
0.0176401
0.0238513
0.0304138
0.0372096
0.044095
0.0509088
0.0574822
0.0636514
0.0692693
0.0742167
0.0784106
0.0818137
0.0844447
0.0863652
0.0877704
0.0899588
-0.0104799
-0.0104771
-0.0104285
-0.0103514
-0.0102501
-0.0101283
-0.00998915
-0.00983566
-0.00967082
-0.009498
-0.00932088
-0.00914348
-0.00897004
-0.00880491
-0.00865251
-0.00851716
-0.00840301
-0.008314
-0.00825375
-0.00822554
-0.00823228
-0.0082765
-0.00836032
-0.00848545
-0.00865321
-0.00886452
-0.00911989
-0.00941946
-0.00976296
-0.0101498
-0.0105788
-0.0110488
-0.0115578
-0.0121038
-0.0126842
-0.0132962
-0.0139367
-0.0146022
-0.0152889
-0.0159927
-0.0167095
-0.0174348
-0.0181639
-0.0188923
-0.0196152
-0.0203277
-0.021025
-0.0217026
-0.0223557
-0.0229799
-0.0235709
-0.0241247
-0.0246372
-0.0251049
-0.0255242
-0.0258919
-0.0262045
-0.0264591
-0.0266529
-0.0267829
-0.0268455
-0.0268376
-0.0267563
-0.0265982
-0.026359
-0.0260373
-0.0256259
-0.0251029
-0.0244308
-0.0236007
-0.0226264
-0.0214908
-0.020166
-0.0186219
-0.0168251
-0.0147378
-0.0123187
-0.00952372
-0.00630911
-0.00263434
0.00153347
0.00621453
0.011411
0.0171017
0.0232385
0.0297437
0.0365106
0.0434069
0.0502814
0.0569729
0.0633215
0.0691803
0.0744262
0.078969
0.0827577
0.0857872
0.0881068
0.0898047
0.0910997
0.0933017
-0.0106336
-0.0106042
-0.0105365
-0.0104408
-0.0103216
-0.0101827
-0.0100267
-0.00985599
-0.00967348
-0.00948237
-0.00928634
-0.00908948
-0.00889613
-0.0087108
-0.00853802
-0.00838225
-0.00824779
-0.00813867
-0.00805861
-0.00801098
-0.00799876
-0.00802452
-0.00809043
-0.00819822
-0.00834924
-0.00854442
-0.00878427
-0.00906892
-0.00939811
-0.00977119
-0.0101871
-0.0106445
-0.0111415
-0.011676
-0.0122455
-0.0128471
-0.0134777
-0.0141337
-0.0148114
-0.0155067
-0.0162154
-0.0169329
-0.0176547
-0.0183761
-0.0190922
-0.0197982
-0.0204892
-0.0211607
-0.0218078
-0.0224261
-0.0230112
-0.0235591
-0.0240658
-0.0245276
-0.024941
-0.0253025
-0.0256084
-0.0258556
-0.0260414
-0.0261623
-0.0262139
-0.0261921
-0.0260929
-0.0259146
-0.0256493
-0.0252926
-0.0248242
-0.0241786
-0.0233701
-0.0224151
-0.0212982
-0.0199923
-0.0184672
-0.0166904
-0.0146259
-0.0122345
-0.00947489
-0.00630601
-0.00268975
0.00140517
0.00599873
0.0110948
0.0166763
0.0227014
0.0291014
0.0357797
0.0426153
0.0494672
0.056183
0.0626087
0.0685996
0.0740313
0.0788089
0.082873
0.0862041
0.0888268
0.0908161
0.0922805
0.0934499
0.0955792
-0.0108466
-0.0107701
-0.0106782
-0.010562
-0.0104253
-0.0102709
-0.0100999
-0.00991398
-0.00971541
-0.00950725
-0.0092932
-0.00907744
-0.00886447
-0.008659
-0.00846575
-0.00828936
-0.00813426
-0.00800463
-0.00790431
-0.00783675
-0.007805
-0.00781168
-0.007859
-0.00794873
-0.00808221
-0.00826037
-0.00848374
-0.00875243
-0.00906616
-0.00942426
-0.00982568
-0.010269
-0.0107523
-0.0112736
-0.0118302
-0.0124193
-0.0130376
-0.0136817
-0.0143477
-0.0150315
-0.0157288
-0.0164352
-0.017146
-0.0178563
-0.0185614
-0.0192564
-0.0199364
-0.0205966
-0.0212323
-0.0218389
-0.0224122
-0.022948
-0.0234424
-0.0238921
-0.0242935
-0.0246429
-0.024936
-0.0251686
-0.0253385
-0.0254409
-0.0254696
-0.0254259
-0.0252978
-0.0250892
-0.0247929
-0.0243263
-0.0236776
-0.0228904
-0.0219559
-0.0208561
-0.0195668
-0.0180605
-0.0163063
-0.0142703
-0.0119158
-0.00920442
-0.00609798
-0.00256114
0.0014354
0.00591093
0.0108704
0.0163002
0.0221644
0.0284023
0.0349278
0.041631
0.0483825
0.0550398
0.0614568
0.0674929
0.0730244
0.077953
0.0822129
0.0857747
0.0886468
0.0908773
0.0925584
0.0938096
0.0948542
0.0968206
-0.0111169
-0.0109721
-0.0108518
-0.0107167
-0.0105666
-0.0104017
-0.0102207
-0.010024
-0.00981309
-0.00959091
-0.0093612
-0.00912833
-0.00889705
-0.00867233
-0.00845914
-0.00826234
-0.00808656
-0.00793614
-0.00781505
-0.00772683
-0.00767463
-0.00766111
-0.00768853
-0.00775866
-0.00787287
-0.00803209
-0.00823682
-0.00848717
-0.00878285
-0.00912314
-0.00950697
-0.00993288
-0.010399
-0.0109032
-0.0114428
-0.0120149
-0.0126163
-0.0132435
-0.0138924
-0.0145591
-0.015239
-0.0159278
-0.0166206
-0.0173127
-0.0179991
-0.0186749
-0.0193351
-0.019975
-0.0205898
-0.0211748
-0.0217256
-0.0222383
-0.022709
-0.0231344
-0.0235117
-0.0238382
-0.0241095
-0.0243215
-0.0244743
-0.0245624
-0.0245549
-0.0244857
-0.0243262
-0.0239916
-0.0234821
-0.0228485
-0.0220804
-0.0211674
-0.0200889
-0.0188219
-0.0173425
-0.0156232
-0.0136331
-0.0113386
-0.00870447
-0.00569563
-0.00227943
0.00157154
0.00587607
0.0106405
0.015855
0.0214897
0.0274927
0.033789
0.0402813
0.0468534
0.053375
0.0597098
0.065724
0.0712959
0.0763249
0.0807388
0.0844985
0.0875996
0.0900713
0.0919769
0.0934156
0.0945061
0.0954452
0.0971679
-0.0114302
-0.0111972
-0.0110494
-0.010903
-0.0107486
-0.0105823
-0.0103997
-0.0101992
-0.00998185
-0.00975043
-0.00950888
-0.00926189
-0.0090146
-0.00877229
-0.00854027
-0.00832366
-0.00812734
-0.00795584
-0.00781328
-0.00770334
-0.00762924
-0.00759374
-0.00759912
-0.00764719
-0.00773934
-0.00787648
-0.00805912
-0.00828735
-0.00856084
-0.00887886
-0.0092403
-0.00964367
-0.0100871
-0.0105683
-0.0110846
-0.0116332
-0.0122107
-0.0128136
-0.013438
-0.0140797
-0.0147341
-0.0153965
-0.0160621
-0.0167261
-0.0173833
-0.0180288
-0.0186575
-0.0192645
-0.0198447
-0.0203936
-0.0209064
-0.0213789
-0.0218066
-0.0221853
-0.022511
-0.0227784
-0.0229795
-0.0231252
-0.0232393
-0.0233659
-0.023317
-0.0230763
-0.0226962
-0.0222161
-0.0216143
-0.0208808
-0.0200006
-0.0189565
-0.01773
-0.0163005
-0.0146443
-0.0127344
-0.010541
-0.00803268
-0.00517782
-0.00194628
0.00168796
0.00574388
0.0102303
0.0151423
0.0204584
0.0261375
0.0321166
0.0383132
0.0446262
0.0509404
0.0571321
0.0630763
0.0686553
0.073767
0.0783321
0.0822999
0.0856512
0.0883981
0.0905822
0.0922734
0.0935688
0.0945754
0.0954457
0.0968758
-0.0117494
-0.0114302
-0.0112765
-0.011147
-0.0110154
-0.0108715
-0.0107077
-0.0105208
-0.0103116
-0.0100831
-0.00983976
-0.00958676
-0.00932973
-0.00907444
-0.0088266
-0.00859172
-0.00837498
-0.00818119
-0.0080147
-0.0078794
-0.00777867
-0.00771542
-0.00769203
-0.00771043
-0.00777205
-0.00787789
-0.00802848
-0.00822394
-0.00846398
-0.00874785
-0.00907446
-0.00944229
-0.00984942
-0.0102936
-0.0107721
-0.0112819
-0.0118197
-0.0123824
-0.0129663
-0.0135674
-0.0141813
-0.0148035
-0.0154293
-0.0160538
-0.0166721
-0.0172793
-0.0178706
-0.0184413
-0.018987
-0.0195036
-0.0199878
-0.0204376
-0.0208531
-0.0212394
-0.0216104
-0.0219467
-0.0221268
-0.0221999
-0.0221261
-0.0218338
-0.0215401
-0.0211933
-0.0207388
-0.0201671
-0.019466
-0.0186234
-0.0176273
-0.0164631
-0.015114
-0.01356
-0.0117778
-0.00974179
-0.00742417
-0.0047962
-0.0018303
0.00149825
0.00520909
0.00931406
0.0138143
0.0186977
0.0239385
0.0294936
0.0352981
0.0412691
0.0473089
0.053309
0.0591555
0.0647364
0.0699483
0.074704
0.0789387
0.0826137
0.0857192
0.088274
0.0903235
0.0919382
0.0932107
0.094235
0.0951138
0.0962906
-0.0120105
-0.011662
-0.0115743
-0.0115467
-0.0115203
-0.0114736
-0.011396
-0.0112839
-0.0111384
-0.0109634
-0.0107638
-0.0105457
-0.010315
-0.010078
-0.00984081
-0.0096093
-0.00938895
-0.00918482
-0.00900152
-0.00884314
-0.00871328
-0.00861502
-0.00855094
-0.00852313
-0.0085332
-0.0085823
-0.00867116
-0.00880007
-0.00896891
-0.00917716
-0.00942392
-0.00970789
-0.0100274
-0.0103805
-0.0107647
-0.0111774
-0.0116152
-0.0120737
-0.0125486
-0.0130364
-0.0135329
-0.014034
-0.0145349
-0.015031
-0.0155174
-0.0159892
-0.0164414
-0.0168693
-0.0172679
-0.0176323
-0.0179575
-0.0182381
-0.0184675
-0.0186353
-0.0187276
-0.0187717
-0.01887
-0.018871
-0.0187583
-0.0185465
-0.018261
-0.0178843
-0.0173968
-0.0167939
-0.0160707
-0.0152179
-0.0142242
-0.0130756
-0.0117558
-0.0102454
-0.00852259
-0.00656309
-0.00434071
-0.00182847
0.000999877
0.0041681
0.00769532
0.0115935
0.0158647
0.020498
0.0254649
0.030721
0.0362093
0.0418573
0.0475776
0.0532727
0.0588396
0.064176
0.0691866
0.0737892
0.0779201
0.0815385
0.0846292
0.0872039
0.0893032
0.0909974
0.0923848
0.0935657
0.0946197
0.09579
)
;

boundaryField
{
    movingWall
    {
        type            zeroGradient;
    }
    fixedWalls
    {
        type            zeroGradient;
    }
    frontAndBack
    {
        type            empty;
    }
}


// ************************************************************************* //
