/*--------------------------------*- C++ -*----------------------------------*\
  =========                 |
  \\      /  F ield         | OpenFOAM: The Open Source CFD Toolbox
   \\    /   O peration     | Website:  https://openfoam.org
    \\  /    A nd           | Version:  11
     \\/     M anipulation  |
\*---------------------------------------------------------------------------*/
FoamFile
{
    format      ascii;
    class       volScalarField;
    location    "1";
    object      p;
}
// * * * * * * * * * * * * * * * * * * * * * * * * * * * * * * * * * * * * * //

dimensions      [0 2 -2 0 0 0 0];

internalField   nonuniform List<scalar> 
16400
(
-0.204429
-0.205562
-0.206834
-0.208012
-0.209209
-0.210494
-0.211863
-0.213307
-0.214832
-0.216451
-0.21818
-0.220035
-0.222035
-0.224203
-0.226569
-0.229168
-0.232041
-0.235238
-0.238782
-0.242878
-0.204341
-0.205539
-0.206856
-0.208025
-0.209207
-0.21049
-0.211862
-0.213306
-0.21483
-0.216449
-0.218177
-0.22003
-0.222028
-0.224195
-0.22656
-0.229156
-0.232027
-0.235215
-0.238754
-0.242645
-0.204227
-0.205484
-0.206849
-0.208012
-0.209171
-0.210444
-0.211813
-0.213251
-0.214764
-0.216371
-0.218085
-0.219922
-0.221899
-0.224039
-0.22637
-0.228922
-0.23173
-0.234826
-0.238212
-0.241871
-0.204071
-0.20537
-0.206784
-0.207953
-0.209092
-0.210349
-0.211709
-0.213136
-0.214631
-0.216213
-0.217899
-0.219701
-0.221635
-0.223721
-0.225983
-0.228444
-0.231127
-0.234043
-0.237159
-0.240384
-0.203873
-0.205203
-0.20666
-0.20784
-0.20896
-0.210196
-0.211539
-0.212945
-0.214411
-0.215956
-0.217596
-0.219343
-0.221208
-0.223208
-0.22536
-0.227679
-0.23017
-0.232819
-0.235552
-0.238199
-0.203633
-0.204984
-0.206474
-0.207665
-0.208769
-0.20998
-0.211299
-0.212676
-0.214103
-0.215597
-0.217175
-0.218845
-0.220615
-0.222498
-0.224501
-0.22663
-0.228873
-0.231186
-0.233462
-0.235468
-0.203353
-0.204721
-0.206234
-0.207433
-0.20852
-0.209704
-0.210992
-0.212332
-0.21371
-0.215141
-0.21664
-0.218214
-0.219867
-0.221604
-0.223427
-0.225327
-0.227279
-0.229216
-0.231002
-0.232373
-0.203042
-0.204421
-0.205949
-0.20715
-0.208221
-0.209375
-0.210628
-0.211923
-0.213243
-0.214601
-0.216009
-0.217471
-0.218988
-0.220558
-0.222175
-0.223822
-0.225459
-0.227004
-0.228305
-0.229093
-0.202709
-0.204096
-0.205631
-0.206829
-0.207882
-0.209005
-0.210219
-0.211465
-0.21272
-0.213996
-0.215304
-0.216644
-0.218011
-0.2194
-0.220798
-0.222179
-0.223494
-0.224654
-0.225504
-0.225787
-0.202366
-0.203758
-0.205295
-0.206483
-0.207516
-0.208609
-0.209781
-0.210974
-0.212161
-0.213352
-0.214554
-0.215765
-0.216978
-0.21818
-0.219354
-0.22047
-0.221473
-0.222273
-0.222721
-0.222588
-0.202028
-0.203422
-0.204953
-0.206128
-0.207139
-0.208202
-0.209333
-0.210472
-0.21159
-0.212694
-0.21379
-0.214873
-0.215931
-0.216948
-0.217905
-0.218768
-0.21948
-0.219956
-0.220061
-0.219599
-0.201708
-0.203101
-0.204621
-0.205778
-0.206768
-0.207803
-0.208895
-0.209981
-0.211031
-0.212052
-0.213045
-0.214004
-0.214914
-0.215757
-0.216511
-0.217141
-0.217593
-0.217788
-0.21761
-0.216899
-0.20142
-0.202808
-0.204312
-0.205447
-0.206416
-0.207427
-0.208483
-0.209519
-0.210507
-0.21145
-0.21235
-0.213195
-0.213969
-0.214654
-0.215226
-0.21565
-0.215877
-0.215838
-0.215436
-0.214541
-0.201176
-0.202555
-0.204035
-0.205147
-0.206099
-0.207091
-0.208115
-0.209107
-0.210039
-0.210914
-0.21173
-0.212475
-0.213132
-0.213679
-0.214095
-0.214345
-0.214386
-0.214159
-0.213584
-0.21256
-0.200987
-0.202351
-0.203801
-0.204888
-0.205828
-0.206806
-0.207804
-0.208758
-0.209643
-0.210461
-0.211209
-0.211871
-0.212429
-0.212864
-0.213152
-0.213263
-0.213157
-0.212784
-0.212081
-0.21097
-0.200859
-0.2022
-0.203612
-0.204676
-0.205612
-0.206582
-0.20756
-0.208482
-0.209331
-0.210105
-0.210799
-0.211396
-0.211879
-0.212227
-0.212418
-0.212424
-0.212208
-0.21173
-0.210936
-0.209767
-0.200793
-0.202102
-0.203467
-0.204513
-0.205453
-0.206422
-0.207383
-0.208284
-0.209107
-0.209851
-0.210506
-0.211058
-0.211487
-0.211775
-0.211898
-0.211831
-0.211541
-0.21099
-0.210137
-0.208931
-0.200789
-0.202052
-0.203364
-0.204401
-0.205354
-0.206325
-0.207274
-0.20816
-0.208968
-0.209693
-0.210326
-0.21085
-0.211247
-0.211498
-0.211581
-0.21147
-0.211135
-0.210543
-0.209654
-0.208425
-0.200825
-0.202026
-0.20329
-0.204334
-0.205306
-0.206279
-0.207221
-0.208099
-0.2089
-0.209617
-0.210239
-0.210749
-0.21113
-0.211364
-0.211428
-0.211296
-0.21094
-0.210327
-0.209421
-0.20818
-0.200901
-0.202033
-0.203257
-0.204313
-0.205302
-0.206276
-0.207216
-0.208093
-0.208896
-0.209613
-0.210234
-0.210744
-0.211126
-0.211359
-0.211423
-0.211292
-0.210937
-0.210324
-0.209418
-0.208179
-0.24559
-0.252982
-0.259379
-0.254077
-0.231776
-0.195084
-0.154493
-0.122884
-0.109985
-0.121024
-0.155362
-0.207591
-0.26863
-0.331169
-0.391565
-0.447644
-0.496117
-0.532563
-0.553432
-0.557165
-0.544683
-0.518607
-0.482325
-0.439372
-0.393124
-0.346658
-0.302713
-0.263684
-0.231611
-0.20814
-0.194438
-0.191076
-0.197879
-0.213871
-0.237573
-0.267586
-0.302898
-0.342535
-0.384991
-0.427966
-0.468461
-0.503111
-0.528601
-0.541925
-0.540394
-0.520759
-0.480106
-0.417563
-0.336798
-0.246548
-0.157735
-0.0793873
-0.0163103
0.0308092
0.0639439
0.086118
0.100294
0.108882
0.113689
0.116045
0.116926
0.117013
0.116731
0.116307
0.115846
0.115388
0.114945
0.11452
0.11411
0.113713
0.113325
0.112944
0.11257
0.1122
0.111833
0.11147
0.11111
0.110752
0.110396
0.110042
0.109689
0.109337
0.108987
0.108638
0.108289
0.107942
0.107595
0.107248
0.106902
0.106557
0.106212
0.105867
0.105522
0.105178
0.104834
0.10449
0.104146
0.103803
0.103459
0.103116
0.102772
0.102429
0.102086
0.101742
0.101399
0.101056
0.100713
0.10037
0.100027
0.0996837
0.0993407
0.0989977
0.0986547
0.0983117
0.0979688
0.0976258
0.0972828
0.0969399
0.0965969
0.096254
0.0959111
0.0955682
0.0952253
0.0948825
0.0945398
0.094197
0.0938543
0.0935115
0.0931688
0.092826
0.0924832
0.0921403
0.0917974
0.0914545
0.0911116
0.0907686
0.0904256
0.0900825
0.0897395
0.0893964
0.0890533
0.0887102
0.0883671
0.088024
0.0876809
0.0873378
0.0869947
0.0866516
0.0863085
0.0859654
0.0856223
0.0852792
0.0849361
0.084593
0.0842498
0.0839067
0.0835636
0.0832205
0.0828774
0.0825343
0.0821912
0.081848
0.0815049
0.0811618
0.0808187
0.0804756
0.0801325
0.0797894
0.0794463
0.0791032
0.07876
0.0784169
0.0780738
0.0777307
0.0773876
0.0770445
0.0767013
0.0763582
0.0760151
0.075672
0.0753289
0.0749857
0.0746426
0.0742995
0.0739564
0.0736133
0.0732702
0.0729271
0.0725839
0.0722408
0.0718977
0.0715546
0.0712115
0.0708684
0.0705252
0.0701821
0.069839
0.0694959
0.0691528
0.0688097
0.0684665
0.0681234
0.0677803
0.0674372
0.0670941
0.066751
0.0664078
0.0660647
0.0657216
0.0653785
0.0650354
0.0646922
0.0643491
0.064006
0.0636629
0.0633198
0.0629766
0.0626335
0.0622904
0.0619473
0.0616041
0.061261
0.0609179
0.0605747
0.0602316
0.0598885
0.0595453
0.0592022
0.0588591
0.0585159
0.0581728
0.0578296
0.0574865
0.0571434
0.0568002
0.0564571
0.0561139
0.0557708
0.0554276
0.0550845
0.0547413
0.0543982
0.054055
0.0537119
0.0533687
0.0530256
0.0526824
0.0523393
0.0519961
0.051653
0.0513098
0.0509666
0.0506235
0.0502803
0.0499372
0.049594
0.0492508
0.0489076
0.0485645
0.0482213
0.0478781
0.047535
0.0471918
0.0468486
0.0465055
0.0461623
0.0458191
0.0454759
0.0451328
0.0447896
0.0444465
0.0441033
0.0437601
0.043417
0.0430738
0.0427307
0.0423875
0.0420444
0.0417012
0.041358
0.0410149
0.0406717
0.0403285
0.0399853
0.0396422
0.039299
0.0389558
0.0386126
0.0382694
0.0379262
0.0375831
0.0372399
0.0368967
0.0365535
0.0362103
0.0358671
0.0355239
0.0351808
0.0348376
0.0344944
0.0341512
0.033808
0.0334649
0.0331217
0.0327785
0.0324353
0.0320921
0.0317489
0.0314057
0.0310625
0.0307193
0.0303761
0.0300329
0.0296897
0.0293465
0.0290032
0.02866
0.0283168
0.0279736
0.0276304
0.0272872
0.026944
0.0266008
0.0262576
0.0259144
0.0255712
0.025228
0.0248848
0.0245416
0.0241984
0.0238551
0.0235119
0.0231687
0.0228255
0.0224822
0.022139
0.0217958
0.0214526
0.0211093
0.0207661
0.0204229
0.0200797
0.0197364
0.0193932
0.01905
0.0187067
0.0183635
0.0180203
0.017677
0.0173338
0.0169906
0.0166473
0.0163041
0.0159609
0.0156176
0.0152744
0.0149311
0.0145879
0.0142446
0.0139014
0.0135581
0.0132149
0.0128716
0.0125284
0.0121851
0.0118419
0.0114986
0.0111554
0.0108122
0.0104689
0.0101257
0.0097824
0.00943914
0.00909587
0.00875261
0.00840935
0.0080661
0.00772285
0.0073796
0.00703636
0.00669313
0.00634989
0.00600666
0.00566342
0.00532018
0.00497695
0.00463371
0.00429047
0.00394724
0.003604
0.00326076
0.00291752
0.00257427
0.00223103
0.00188779
0.00154455
0.00120131
0.000858075
0.000514844
0.000171615
-0.246347
-0.252069
-0.255932
-0.248814
-0.226192
-0.19098
-0.152907
-0.12369
-0.112431
-0.123173
-0.156541
-0.206243
-0.263854
-0.322832
-0.379549
-0.431611
-0.47618
-0.509607
-0.528732
-0.531917
-0.519618
-0.494071
-0.458545
-0.416669
-0.371967
-0.327604
-0.28629
-0.250295
-0.221467
-0.201224
-0.190496
-0.189615
-0.198204
-0.215265
-0.239643
-0.270573
-0.307606
-0.349902
-0.39572
-0.442338
-0.486313
-0.523932
-0.551655
-0.566352
-0.565624
-0.54634
-0.505555
-0.44179
-0.358
-0.262861
-0.168119
-0.0840024
-0.0162473
0.034064
0.0689703
0.0918191
0.105963
0.114149
0.118411
0.120205
0.120556
0.120156
0.119434
0.118619
0.117816
0.117063
0.116368
0.115727
0.115134
0.11458
0.11406
0.113566
0.113095
0.112644
0.112208
0.111787
0.111377
0.110977
0.110585
0.110201
0.109823
0.10945
0.109082
0.108717
0.108356
0.107997
0.107641
0.107287
0.106935
0.106584
0.106235
0.105886
0.105538
0.105191
0.104845
0.104499
0.104154
0.103809
0.103465
0.10312
0.102776
0.102432
0.102088
0.101745
0.101401
0.101058
0.100714
0.100371
0.100028
0.0996844
0.0993412
0.0989981
0.098655
0.098312
0.097969
0.097626
0.097283
0.09694
0.096597
0.0962541
0.0959111
0.0955682
0.0952254
0.0948826
0.0945398
0.094197
0.0938543
0.0935115
0.0931688
0.092826
0.0924832
0.0921403
0.0917974
0.0914545
0.0911116
0.0907686
0.0904256
0.0900825
0.0897395
0.0893964
0.0890533
0.0887102
0.0883671
0.088024
0.0876809
0.0873378
0.0869947
0.0866516
0.0863085
0.0859654
0.0856223
0.0852792
0.0849361
0.084593
0.0842498
0.0839067
0.0835636
0.0832205
0.0828774
0.0825343
0.0821912
0.081848
0.0815049
0.0811618
0.0808187
0.0804756
0.0801325
0.0797894
0.0794463
0.0791032
0.0787601
0.0784169
0.0780738
0.0777307
0.0773876
0.0770445
0.0767013
0.0763582
0.0760151
0.075672
0.0753289
0.0749857
0.0746426
0.0742995
0.0739564
0.0736133
0.0732702
0.0729271
0.0725839
0.0722408
0.0718977
0.0715546
0.0712115
0.0708684
0.0705252
0.0701821
0.069839
0.0694959
0.0691528
0.0688097
0.0684666
0.0681234
0.0677803
0.0674372
0.0670941
0.066751
0.0664078
0.0660647
0.0657216
0.0653785
0.0650354
0.0646922
0.0643491
0.064006
0.0636629
0.0633198
0.0629766
0.0626335
0.0622904
0.0619473
0.0616041
0.061261
0.0609179
0.0605747
0.0602316
0.0598885
0.0595453
0.0592022
0.0588591
0.0585159
0.0581728
0.0578296
0.0574865
0.0571434
0.0568002
0.0564571
0.0561139
0.0557708
0.0554276
0.0550845
0.0547413
0.0543982
0.054055
0.0537119
0.0533687
0.0530256
0.0526824
0.0523393
0.0519961
0.051653
0.0513098
0.0509666
0.0506235
0.0502803
0.0499372
0.049594
0.0492508
0.0489076
0.0485645
0.0482213
0.0478781
0.047535
0.0471918
0.0468486
0.0465055
0.0461623
0.0458191
0.0454759
0.0451328
0.0447896
0.0444464
0.0441033
0.0437601
0.043417
0.0430738
0.0427307
0.0423875
0.0420444
0.0417012
0.041358
0.0410149
0.0406717
0.0403285
0.0399853
0.0396422
0.039299
0.0389558
0.0386126
0.0382694
0.0379262
0.0375831
0.0372399
0.0368967
0.0365535
0.0362103
0.0358671
0.0355239
0.0351808
0.0348376
0.0344944
0.0341512
0.033808
0.0334649
0.0331217
0.0327785
0.0324353
0.0320921
0.0317489
0.0314057
0.0310625
0.0307193
0.0303761
0.0300329
0.0296897
0.0293465
0.0290032
0.02866
0.0283168
0.0279736
0.0276304
0.0272872
0.026944
0.0266008
0.0262576
0.0259144
0.0255712
0.025228
0.0248848
0.0245416
0.0241984
0.0238551
0.0235119
0.0231687
0.0228255
0.0224822
0.022139
0.0217958
0.0214526
0.0211093
0.0207661
0.0204229
0.0200797
0.0197364
0.0193932
0.01905
0.0187067
0.0183635
0.0180203
0.017677
0.0173338
0.0169906
0.0166473
0.0163041
0.0159609
0.0156176
0.0152744
0.0149311
0.0145879
0.0142446
0.0139014
0.0135581
0.0132149
0.0128717
0.0125284
0.0121851
0.0118419
0.0114986
0.0111554
0.0108121
0.0104689
0.0101257
0.0097824
0.00943913
0.00909587
0.00875261
0.00840935
0.00806609
0.00772285
0.0073796
0.00703636
0.00669313
0.00634989
0.00600666
0.00566342
0.00532019
0.00497695
0.00463371
0.00429048
0.00394724
0.003604
0.00326076
0.00291752
0.00257427
0.00223103
0.00188779
0.00154455
0.00120131
0.000858074
0.000514843
0.000171615
-0.245426
-0.249387
-0.250629
-0.242191
-0.220398
-0.188117
-0.153919
-0.128139
-0.118795
-0.129584
-0.160806
-0.207085
-0.260842
-0.315909
-0.368618
-0.416575
-0.456903
-0.486651
-0.502805
-0.50388
-0.490475
-0.464817
-0.430094
-0.389835
-0.347444
-0.305933
-0.267843
-0.235254
-0.209807
-0.192701
-0.184644
-0.185769
-0.1956
-0.2133
-0.238236
-0.270312
-0.309412
-0.35459
-0.403768
-0.453818
-0.500961
-0.54125
-0.570968
-0.586946
-0.586493
-0.567061
-0.525764
-0.460887
-0.374862
-0.276114
-0.176819
-0.0880828
-0.0164374
0.0366352
0.0731631
0.0967182
0.110954
0.118888
0.122745
0.124087
0.123987
0.123158
0.122036
0.120859
0.119734
0.1187
0.117763
0.116914
0.116143
0.115436
0.114785
0.11418
0.113615
0.113083
0.112579
0.1121
0.111641
0.111199
0.110772
0.110358
0.109955
0.109561
0.109175
0.108796
0.108422
0.108053
0.107688
0.107326
0.106968
0.106611
0.106257
0.105905
0.105554
0.105205
0.104856
0.104509
0.104162
0.103816
0.10347
0.103124
0.10278
0.102435
0.102091
0.101747
0.101403
0.101059
0.100715
0.100372
0.100028
0.099685
0.0993417
0.0989985
0.0986554
0.0983123
0.0979692
0.0976262
0.0972831
0.0969401
0.0965971
0.0962541
0.0959112
0.0955683
0.0952255
0.0948826
0.0945399
0.0941971
0.0938543
0.0935116
0.0931688
0.092826
0.0924832
0.0921403
0.0917974
0.0914545
0.0911115
0.0907686
0.0904255
0.0900825
0.0897395
0.0893964
0.0890533
0.0887102
0.0883671
0.088024
0.0876809
0.0873378
0.0869947
0.0866516
0.0863085
0.0859654
0.0856223
0.0852792
0.0849361
0.084593
0.0842498
0.0839067
0.0835636
0.0832205
0.0828774
0.0825343
0.0821912
0.081848
0.0815049
0.0811618
0.0808187
0.0804756
0.0801325
0.0797894
0.0794463
0.0791032
0.0787601
0.0784169
0.0780738
0.0777307
0.0773876
0.0770445
0.0767014
0.0763582
0.0760151
0.075672
0.0753289
0.0749857
0.0746426
0.0742995
0.0739564
0.0736133
0.0732702
0.072927
0.0725839
0.0722408
0.0718977
0.0715546
0.0712115
0.0708683
0.0705252
0.0701821
0.069839
0.0694959
0.0691528
0.0688097
0.0684666
0.0681234
0.0677803
0.0674372
0.0670941
0.066751
0.0664079
0.0660647
0.0657216
0.0653785
0.0650354
0.0646923
0.0643491
0.064006
0.0636629
0.0633198
0.0629766
0.0626335
0.0622904
0.0619473
0.0616041
0.061261
0.0609179
0.0605747
0.0602316
0.0598885
0.0595453
0.0592022
0.058859
0.0585159
0.0581728
0.0578296
0.0574865
0.0571434
0.0568002
0.0564571
0.0561139
0.0557708
0.0554276
0.0550845
0.0547413
0.0543982
0.054055
0.0537119
0.0533687
0.0530256
0.0526824
0.0523393
0.0519961
0.051653
0.0513098
0.0509667
0.0506235
0.0502803
0.0499372
0.049594
0.0492508
0.0489076
0.0485645
0.0482213
0.0478781
0.047535
0.0471918
0.0468486
0.0465055
0.0461623
0.0458191
0.0454759
0.0451328
0.0447896
0.0444464
0.0441033
0.0437601
0.043417
0.0430738
0.0427307
0.0423875
0.0420444
0.0417012
0.041358
0.0410149
0.0406717
0.0403285
0.0399853
0.0396422
0.039299
0.0389558
0.0386126
0.0382694
0.0379263
0.0375831
0.0372399
0.0368967
0.0365535
0.0362103
0.0358671
0.035524
0.0351808
0.0348376
0.0344944
0.0341512
0.033808
0.0334649
0.0331217
0.0327785
0.0324353
0.0320921
0.0317489
0.0314057
0.0310625
0.0307193
0.0303761
0.0300329
0.0296897
0.0293465
0.0290032
0.02866
0.0283168
0.0279736
0.0276304
0.0272872
0.026944
0.0266008
0.0262576
0.0259144
0.0255712
0.025228
0.0248848
0.0245416
0.0241984
0.0238551
0.0235119
0.0231687
0.0228255
0.0224822
0.022139
0.0217958
0.0214526
0.0211093
0.0207661
0.0204229
0.0200797
0.0197364
0.0193932
0.01905
0.0187067
0.0183635
0.0180203
0.017677
0.0173338
0.0169906
0.0166473
0.0163041
0.0159609
0.0156176
0.0152744
0.0149311
0.0145879
0.0142446
0.0139014
0.0135582
0.0132149
0.0128717
0.0125284
0.0121851
0.0118419
0.0114986
0.0111554
0.0108121
0.0104689
0.0101256
0.00978239
0.00943913
0.00909587
0.00875261
0.00840935
0.00806609
0.00772285
0.0073796
0.00703636
0.00669313
0.00634989
0.00600666
0.00566342
0.00532019
0.00497695
0.00463372
0.00429048
0.00394724
0.003604
0.00326076
0.00291752
0.00257427
0.00223103
0.00188779
0.00154455
0.00120131
0.000858074
0.000514843
0.000171615
-0.243317
-0.245589
-0.24461
-0.235354
-0.215105
-0.186489
-0.156798
-0.134808
-0.127363
-0.137967
-0.166662
-0.208852
-0.257996
-0.308523
-0.356685
-0.399694
-0.435085
-0.460242
-0.472622
-0.471166
-0.456668
-0.431289
-0.398016
-0.360127
-0.320766
-0.282711
-0.248283
-0.219351
-0.197342
-0.183243
-0.177562
-0.180287
-0.190963
-0.209072
-0.234614
-0.268009
-0.30921
-0.357055
-0.409147
-0.462068
-0.511855
-0.554409
-0.585835
-0.602744
-0.602495
-0.582621
-0.540486
-0.474472
-0.386792
-0.285601
-0.183174
-0.0911183
-0.0165428
0.0387171
0.0766173
0.100851
0.115273
0.12309
0.126674
0.127672
0.127202
0.126001
0.124521
0.123011
0.121587
0.120289
0.119121
0.118073
0.117129
0.116275
0.115497
0.114783
0.114125
0.113514
0.112944
0.112407
0.1119
0.111418
0.110956
0.110513
0.110085
0.109671
0.109267
0.108873
0.108486
0.108107
0.107733
0.107364
0.106999
0.106638
0.10628
0.105924
0.10557
0.105218
0.104867
0.104518
0.104169
0.103822
0.103475
0.103129
0.102783
0.102438
0.102093
0.101749
0.101404
0.10106
0.100716
0.100373
0.100029
0.0996857
0.0993423
0.098999
0.0986557
0.0983126
0.0979694
0.0976264
0.0972833
0.0969402
0.0965972
0.0962542
0.0959113
0.0955684
0.0952255
0.0948827
0.0945399
0.0941971
0.0938544
0.0935116
0.0931688
0.092826
0.0924832
0.0921403
0.0917974
0.0914545
0.0911115
0.0907685
0.0904255
0.0900825
0.0897395
0.0893964
0.0890533
0.0887102
0.0883671
0.088024
0.0876809
0.0873378
0.0869947
0.0866516
0.0863085
0.0859654
0.0856223
0.0852792
0.0849361
0.0845929
0.0842498
0.0839067
0.0835636
0.0832205
0.0828774
0.0825343
0.0821912
0.081848
0.0815049
0.0811618
0.0808187
0.0804756
0.0801325
0.0797894
0.0794463
0.0791032
0.0787601
0.0784169
0.0780738
0.0777307
0.0773876
0.0770445
0.0767014
0.0763582
0.0760151
0.075672
0.0753289
0.0749857
0.0746426
0.0742995
0.0739564
0.0736133
0.0732702
0.072927
0.0725839
0.0722408
0.0718977
0.0715546
0.0712115
0.0708683
0.0705252
0.0701821
0.069839
0.0694959
0.0691528
0.0688097
0.0684666
0.0681234
0.0677803
0.0674372
0.0670941
0.066751
0.0664079
0.0660647
0.0657216
0.0653785
0.0650354
0.0646923
0.0643491
0.064006
0.0636629
0.0633198
0.0629766
0.0626335
0.0622904
0.0619473
0.0616041
0.061261
0.0609179
0.0605747
0.0602316
0.0598885
0.0595453
0.0592022
0.058859
0.0585159
0.0581728
0.0578296
0.0574865
0.0571434
0.0568002
0.0564571
0.0561139
0.0557708
0.0554276
0.0550845
0.0547413
0.0543982
0.054055
0.0537119
0.0533687
0.0530256
0.0526824
0.0523393
0.0519961
0.051653
0.0513098
0.0509667
0.0506235
0.0502803
0.0499372
0.049594
0.0492508
0.0489076
0.0485645
0.0482213
0.0478781
0.047535
0.0471918
0.0468486
0.0465055
0.0461623
0.0458191
0.0454759
0.0451328
0.0447896
0.0444464
0.0441033
0.0437601
0.043417
0.0430738
0.0427307
0.0423875
0.0420444
0.0417012
0.041358
0.0410149
0.0406717
0.0403285
0.0399853
0.0396422
0.039299
0.0389558
0.0386126
0.0382694
0.0379263
0.0375831
0.0372399
0.0368967
0.0365535
0.0362103
0.0358671
0.035524
0.0351808
0.0348376
0.0344944
0.0341512
0.033808
0.0334649
0.0331217
0.0327785
0.0324353
0.0320921
0.0317489
0.0314057
0.0310625
0.0307193
0.0303761
0.0300329
0.0296897
0.0293465
0.0290032
0.02866
0.0283168
0.0279736
0.0276304
0.0272872
0.026944
0.0266008
0.0262576
0.0259144
0.0255712
0.025228
0.0248848
0.0245416
0.0241984
0.0238551
0.0235119
0.0231687
0.0228255
0.0224822
0.022139
0.0217958
0.0214526
0.0211093
0.0207661
0.0204229
0.0200796
0.0197364
0.0193932
0.01905
0.0187067
0.0183635
0.0180203
0.017677
0.0173338
0.0169906
0.0166473
0.0163041
0.0159609
0.0156176
0.0152744
0.0149311
0.0145879
0.0142446
0.0139014
0.0135582
0.0132149
0.0128717
0.0125284
0.0121851
0.0118419
0.0114986
0.0111554
0.0108121
0.0104689
0.0101256
0.00978239
0.00943913
0.00909587
0.00875261
0.00840935
0.00806609
0.00772285
0.0073796
0.00703636
0.00669313
0.00634989
0.00600666
0.00566342
0.00532019
0.00497695
0.00463372
0.00429048
0.00394724
0.003604
0.00326076
0.00291752
0.00257427
0.00223103
0.00188779
0.00154455
0.00120131
0.000858074
0.000514843
0.000171614
-0.240299
-0.241098
-0.238478
-0.228937
-0.210646
-0.185909
-0.16075
-0.142442
-0.13679
-0.146762
-0.172307
-0.209722
-0.253463
-0.298528
-0.341151
-0.37871
-0.408878
-0.429325
-0.438115
-0.434564
-0.419528
-0.39505
-0.363872
-0.32897
-0.293188
-0.259029
-0.228569
-0.203447
-0.184873
-0.173631
-0.170054
-0.174047
-0.185281
-0.203693
-0.229885
-0.264524
-0.307491
-0.357424
-0.411711
-0.466786
-0.518598
-0.562929
-0.595712
-0.613346
-0.613107
-0.592588
-0.549404
-0.482252
-0.393409
-0.290845
-0.186689
-0.0926816
-0.0162413
0.0405309
0.0794752
0.104305
0.118968
0.126781
0.130207
0.130956
0.130189
0.12867
0.126873
0.125062
0.123363
0.121818
0.120433
0.119195
0.118087
0.11709
0.116189
0.115371
0.114623
0.113935
0.113299
0.112708
0.112153
0.111631
0.111136
0.110664
0.110212
0.109777
0.109356
0.108948
0.108549
0.10816
0.107777
0.107401
0.10703
0.106664
0.106301
0.105942
0.105585
0.10523
0.104877
0.104526
0.104177
0.103828
0.10348
0.103133
0.102787
0.102441
0.102095
0.101751
0.101406
0.101062
0.100718
0.100374
0.10003
0.0996863
0.0993428
0.0989994
0.0986561
0.0983128
0.0979697
0.0976265
0.0972834
0.0969403
0.0965973
0.0962543
0.0959114
0.0955685
0.0952256
0.0948828
0.09454
0.0941972
0.0938544
0.0935116
0.0931688
0.092826
0.0924832
0.0921403
0.0917974
0.0914545
0.0911115
0.0907685
0.0904255
0.0900825
0.0897394
0.0893964
0.0890533
0.0887102
0.0883671
0.088024
0.0876809
0.0873378
0.0869947
0.0866516
0.0863085
0.0859654
0.0856223
0.0852792
0.0849361
0.0845929
0.0842498
0.0839067
0.0835636
0.0832205
0.0828774
0.0825343
0.0821912
0.0818481
0.0815049
0.0811618
0.0808187
0.0804756
0.0801325
0.0797894
0.0794463
0.0791032
0.0787601
0.0784169
0.0780738
0.0777307
0.0773876
0.0770445
0.0767014
0.0763582
0.0760151
0.075672
0.0753289
0.0749858
0.0746426
0.0742995
0.0739564
0.0736133
0.0732702
0.072927
0.0725839
0.0722408
0.0718977
0.0715546
0.0712115
0.0708683
0.0705252
0.0701821
0.069839
0.0694959
0.0691528
0.0688097
0.0684666
0.0681234
0.0677803
0.0674372
0.0670941
0.066751
0.0664079
0.0660647
0.0657216
0.0653785
0.0650354
0.0646923
0.0643491
0.064006
0.0636629
0.0633198
0.0629766
0.0626335
0.0622904
0.0619473
0.0616041
0.061261
0.0609179
0.0605747
0.0602316
0.0598884
0.0595453
0.0592022
0.058859
0.0585159
0.0581728
0.0578296
0.0574865
0.0571433
0.0568002
0.0564571
0.0561139
0.0557708
0.0554276
0.0550845
0.0547413
0.0543982
0.054055
0.0537119
0.0533687
0.0530256
0.0526824
0.0523393
0.0519961
0.051653
0.0513098
0.0509667
0.0506235
0.0502803
0.0499372
0.049594
0.0492508
0.0489076
0.0485645
0.0482213
0.0478781
0.047535
0.0471918
0.0468486
0.0465055
0.0461623
0.0458191
0.0454759
0.0451328
0.0447896
0.0444464
0.0441033
0.0437601
0.043417
0.0430738
0.0427307
0.0423875
0.0420444
0.0417012
0.041358
0.0410149
0.0406717
0.0403285
0.0399853
0.0396422
0.039299
0.0389558
0.0386126
0.0382694
0.0379263
0.0375831
0.0372399
0.0368967
0.0365535
0.0362103
0.0358671
0.035524
0.0351808
0.0348376
0.0344944
0.0341512
0.033808
0.0334649
0.0331217
0.0327785
0.0324353
0.0320921
0.0317489
0.0314057
0.0310625
0.0307193
0.0303761
0.0300329
0.0296897
0.0293465
0.0290032
0.02866
0.0283168
0.0279736
0.0276304
0.0272872
0.026944
0.0266008
0.0262576
0.0259144
0.0255712
0.025228
0.0248848
0.0245416
0.0241984
0.0238551
0.0235119
0.0231687
0.0228255
0.0224822
0.022139
0.0217958
0.0214526
0.0211093
0.0207661
0.0204229
0.0200796
0.0197364
0.0193932
0.01905
0.0187067
0.0183635
0.0180203
0.017677
0.0173338
0.0169906
0.0166473
0.0163041
0.0159609
0.0156176
0.0152744
0.0149311
0.0145879
0.0142447
0.0139014
0.0135582
0.0132149
0.0128717
0.0125284
0.0121851
0.0118419
0.0114986
0.0111554
0.0108121
0.0104689
0.0101256
0.00978238
0.00943912
0.00909586
0.0087526
0.00840935
0.00806609
0.00772285
0.0073796
0.00703636
0.00669313
0.00634989
0.00600666
0.00566342
0.00532019
0.00497695
0.00463372
0.00429048
0.00394724
0.003604
0.00326076
0.00291752
0.00257427
0.00223103
0.00188779
0.00154455
0.00120131
0.000858074
0.000514843
0.000171614
-0.23671
-0.236329
-0.232639
-0.223264
-0.20709
-0.186095
-0.165155
-0.150173
-0.145949
-0.154936
-0.177
-0.209221
-0.246997
-0.28592
-0.322668
-0.354574
-0.37949
-0.395458
-0.401046
-0.395862
-0.380793
-0.357737
-0.329164
-0.297718
-0.265916
-0.235961
-0.20966
-0.188415
-0.173221
-0.164662
-0.162924
-0.16789
-0.179462
-0.198117
-0.224858
-0.260387
-0.304522
-0.355774
-0.411439
-0.467895
-0.52104
-0.566566
-0.600253
-0.618309
-0.617871
-0.596557
-0.552237
-0.484046
-0.394546
-0.291624
-0.187085
-0.0924807
-0.0152696
0.0422922
0.0819022
0.1072
0.122121
0.13001
0.133368
0.133947
0.132945
0.131156
0.129082
0.127003
0.125053
0.123281
0.121693
0.120276
0.119011
0.117878
0.116859
0.115939
0.115105
0.114343
0.113644
0.112998
0.112398
0.111837
0.11131
0.11081
0.110335
0.10988
0.109443
0.10902
0.10861
0.10821
0.10782
0.107437
0.10706
0.106689
0.106322
0.105959
0.105599
0.105242
0.104888
0.104535
0.104184
0.103834
0.103485
0.103137
0.10279
0.102444
0.102098
0.101752
0.101408
0.101063
0.100719
0.100375
0.100031
0.0996869
0.0993433
0.0989998
0.0986564
0.0983131
0.0979699
0.0976267
0.0972836
0.0969405
0.0965974
0.0962544
0.0959114
0.0955685
0.0952256
0.0948828
0.09454
0.0941972
0.0938544
0.0935116
0.0931688
0.092826
0.0924832
0.0921403
0.0917974
0.0914545
0.0911115
0.0907685
0.0904255
0.0900825
0.0897394
0.0893964
0.0890533
0.0887102
0.0883671
0.088024
0.0876809
0.0873378
0.0869947
0.0866516
0.0863085
0.0859654
0.0856223
0.0852792
0.0849361
0.0845929
0.0842498
0.0839067
0.0835636
0.0832205
0.0828774
0.0825343
0.0821912
0.0818481
0.0815049
0.0811618
0.0808187
0.0804756
0.0801325
0.0797894
0.0794463
0.0791032
0.0787601
0.0784169
0.0780738
0.0777307
0.0773876
0.0770445
0.0767014
0.0763582
0.0760151
0.075672
0.0753289
0.0749858
0.0746426
0.0742995
0.0739564
0.0736133
0.0732702
0.072927
0.0725839
0.0722408
0.0718977
0.0715546
0.0712115
0.0708683
0.0705252
0.0701821
0.069839
0.0694959
0.0691528
0.0688097
0.0684666
0.0681234
0.0677803
0.0674372
0.0670941
0.066751
0.0664079
0.0660647
0.0657216
0.0653785
0.0650354
0.0646923
0.0643491
0.064006
0.0636629
0.0633198
0.0629766
0.0626335
0.0622904
0.0619473
0.0616041
0.061261
0.0609179
0.0605747
0.0602316
0.0598884
0.0595453
0.0592022
0.058859
0.0585159
0.0581728
0.0578296
0.0574865
0.0571433
0.0568002
0.0564571
0.0561139
0.0557708
0.0554276
0.0550845
0.0547413
0.0543982
0.054055
0.0537119
0.0533687
0.0530256
0.0526824
0.0523393
0.0519961
0.051653
0.0513098
0.0509667
0.0506235
0.0502803
0.0499372
0.049594
0.0492508
0.0489076
0.0485645
0.0482213
0.0478781
0.047535
0.0471918
0.0468486
0.0465055
0.0461623
0.0458191
0.0454759
0.0451328
0.0447896
0.0444464
0.0441033
0.0437601
0.043417
0.0430738
0.0427307
0.0423875
0.0420444
0.0417012
0.041358
0.0410149
0.0406717
0.0403285
0.0399853
0.0396422
0.039299
0.0389558
0.0386126
0.0382694
0.0379263
0.0375831
0.0372399
0.0368967
0.0365535
0.0362103
0.0358671
0.035524
0.0351808
0.0348376
0.0344944
0.0341512
0.033808
0.0334649
0.0331217
0.0327785
0.0324353
0.0320921
0.0317489
0.0314057
0.0310625
0.0307193
0.0303761
0.0300329
0.0296897
0.0293465
0.0290032
0.02866
0.0283168
0.0279736
0.0276304
0.0272872
0.026944
0.0266008
0.0262576
0.0259144
0.0255712
0.025228
0.0248848
0.0245416
0.0241984
0.0238551
0.0235119
0.0231687
0.0228255
0.0224822
0.022139
0.0217958
0.0214526
0.0211093
0.0207661
0.0204229
0.0200796
0.0197364
0.0193932
0.01905
0.0187067
0.0183635
0.0180203
0.017677
0.0173338
0.0169906
0.0166473
0.0163041
0.0159609
0.0156176
0.0152744
0.0149311
0.0145879
0.0142447
0.0139014
0.0135582
0.0132149
0.0128717
0.0125284
0.0121851
0.0118419
0.0114986
0.0111554
0.0108121
0.0104689
0.0101256
0.00978238
0.00943912
0.00909586
0.0087526
0.00840935
0.00806609
0.00772285
0.0073796
0.00703636
0.00669313
0.00634989
0.00600666
0.00566342
0.00532019
0.00497696
0.00463372
0.00429048
0.00394724
0.003604
0.00326076
0.00291752
0.00257427
0.00223103
0.00188779
0.00154454
0.00120131
0.000858073
0.000514843
0.000171614
-0.232837
-0.231579
-0.227297
-0.218416
-0.204347
-0.186768
-0.169554
-0.1574
-0.154181
-0.161893
-0.180358
-0.207292
-0.238958
-0.271647
-0.302285
-0.32847
-0.348283
-0.36013
-0.362967
-0.356634
-0.342017
-0.320839
-0.295277
-0.267635
-0.240085
-0.214514
-0.192454
-0.175066
-0.163129
-0.157033
-0.156839
-0.162482
-0.174229
-0.193036
-0.220037
-0.255929
-0.300523
-0.352273
-0.408474
-0.465493
-0.519214
-0.565264
-0.599312
-0.617396
-0.616508
-0.594288
-0.548855
-0.479859
-0.390276
-0.287982
-0.184318
-0.0903893
-0.0134551
0.0441835
0.0840648
0.109672
0.124832
0.132841
0.13619
0.136656
0.135468
0.133455
0.131141
0.128824
0.126648
0.124669
0.122893
0.121308
0.119894
0.118632
0.117501
0.116485
0.115567
0.114734
0.113974
0.113277
0.112633
0.112035
0.111476
0.11095
0.110452
0.109979
0.109526
0.109089
0.108668
0.108259
0.10786
0.107471
0.107088
0.106712
0.106342
0.105976
0.105613
0.105254
0.104897
0.104543
0.10419
0.103839
0.103489
0.103141
0.102793
0.102446
0.1021
0.101754
0.101409
0.101064
0.10072
0.100375
0.100031
0.0996874
0.0993437
0.0990001
0.0986567
0.0983133
0.0979701
0.0976268
0.0972837
0.0969406
0.0965975
0.0962545
0.0959115
0.0955686
0.0952257
0.0948828
0.09454
0.0941972
0.0938544
0.0935116
0.0931688
0.092826
0.0924832
0.0921403
0.0917974
0.0914545
0.0911115
0.0907685
0.0904255
0.0900825
0.0897394
0.0893964
0.0890533
0.0887102
0.0883671
0.088024
0.0876809
0.0873378
0.0869947
0.0866516
0.0863085
0.0859654
0.0856223
0.0852792
0.0849361
0.0845929
0.0842498
0.0839067
0.0835636
0.0832205
0.0828774
0.0825343
0.0821912
0.0818481
0.0815049
0.0811618
0.0808187
0.0804756
0.0801325
0.0797894
0.0794463
0.0791032
0.0787601
0.0784169
0.0780738
0.0777307
0.0773876
0.0770445
0.0767014
0.0763582
0.0760151
0.075672
0.0753289
0.0749858
0.0746426
0.0742995
0.0739564
0.0736133
0.0732702
0.072927
0.0725839
0.0722408
0.0718977
0.0715546
0.0712115
0.0708683
0.0705252
0.0701821
0.069839
0.0694959
0.0691528
0.0688097
0.0684666
0.0681234
0.0677803
0.0674372
0.0670941
0.066751
0.0664079
0.0660647
0.0657216
0.0653785
0.0650354
0.0646923
0.0643491
0.064006
0.0636629
0.0633198
0.0629766
0.0626335
0.0622904
0.0619473
0.0616041
0.061261
0.0609179
0.0605747
0.0602316
0.0598884
0.0595453
0.0592022
0.058859
0.0585159
0.0581728
0.0578296
0.0574865
0.0571433
0.0568002
0.0564571
0.0561139
0.0557708
0.0554276
0.0550845
0.0547413
0.0543982
0.054055
0.0537119
0.0533687
0.0530256
0.0526824
0.0523393
0.0519961
0.051653
0.0513098
0.0509667
0.0506235
0.0502803
0.0499372
0.049594
0.0492508
0.0489076
0.0485645
0.0482213
0.0478781
0.047535
0.0471918
0.0468486
0.0465054
0.0461623
0.0458191
0.0454759
0.0451328
0.0447896
0.0444464
0.0441033
0.0437601
0.043417
0.0430738
0.0427307
0.0423875
0.0420443
0.0417012
0.041358
0.0410148
0.0406717
0.0403285
0.0399853
0.0396422
0.039299
0.0389558
0.0386126
0.0382694
0.0379263
0.0375831
0.0372399
0.0368967
0.0365535
0.0362103
0.0358672
0.035524
0.0351808
0.0348376
0.0344944
0.0341512
0.0338081
0.0334649
0.0331217
0.0327785
0.0324353
0.0320921
0.0317489
0.0314057
0.0310625
0.0307193
0.0303761
0.0300329
0.0296897
0.0293465
0.0290032
0.02866
0.0283168
0.0279736
0.0276304
0.0272872
0.026944
0.0266008
0.0262576
0.0259144
0.0255712
0.025228
0.0248848
0.0245416
0.0241984
0.0238551
0.0235119
0.0231687
0.0228255
0.0224822
0.022139
0.0217958
0.0214526
0.0211093
0.0207661
0.0204229
0.0200796
0.0197364
0.0193932
0.01905
0.0187067
0.0183635
0.0180203
0.017677
0.0173338
0.0169906
0.0166473
0.0163041
0.0159609
0.0156176
0.0152744
0.0149312
0.0145879
0.0142447
0.0139014
0.0135582
0.0132149
0.0128717
0.0125284
0.0121851
0.0118419
0.0114986
0.0111554
0.0108121
0.0104689
0.0101256
0.00978237
0.00943912
0.00909586
0.0087526
0.00840935
0.00806609
0.00772285
0.0073796
0.00703636
0.00669313
0.00634989
0.00600666
0.00566342
0.00532019
0.00497696
0.00463372
0.00429048
0.00394724
0.003604
0.00326076
0.00291752
0.00257427
0.00223103
0.00188779
0.00154454
0.00120131
0.000858073
0.000514842
0.000171614
-0.22891
-0.227051
-0.222541
-0.214362
-0.202278
-0.187692
-0.173632
-0.163759
-0.161132
-0.167337
-0.182209
-0.20394
-0.229637
-0.256133
-0.280769
-0.301458
-0.316547
-0.324758
-0.325356
-0.31836
-0.304633
-0.285705
-0.263458
-0.239847
-0.216693
-0.195564
-0.177713
-0.16406
-0.155161
-0.151212
-0.152204
-0.158253
-0.170064
-0.18884
-0.215716
-0.251411
-0.295743
-0.347191
-0.403084
-0.459827
-0.513318
-0.559174
-0.592991
-0.610665
-0.609047
-0.585827
-0.539402
-0.469972
-0.380954
-0.280241
-0.178579
-0.086454
-0.0107303
0.0463359
0.0861116
0.111854
0.127203
0.135337
0.138708
0.139097
0.137762
0.135562
0.133044
0.13052
0.128144
0.125975
0.124026
0.122286
0.120734
0.119349
0.118112
0.117004
0.116007
0.115106
0.114288
0.113542
0.112856
0.112223
0.111634
0.111083
0.110564
0.110072
0.109604
0.109155
0.108723
0.108305
0.107899
0.107503
0.107115
0.106735
0.106361
0.105991
0.105626
0.105265
0.104906
0.10455
0.104196
0.103844
0.103494
0.103144
0.102796
0.102449
0.102102
0.101756
0.10141
0.101065
0.100721
0.100376
0.100032
0.0996879
0.0993441
0.0990005
0.098657
0.0983136
0.0979702
0.097627
0.0972838
0.0969407
0.0965976
0.0962545
0.0959116
0.0955686
0.0952257
0.0948829
0.0945401
0.0941973
0.0938544
0.0935116
0.0931688
0.092826
0.0924832
0.0921403
0.0917974
0.0914544
0.0911115
0.0907685
0.0904255
0.0900825
0.0897394
0.0893964
0.0890533
0.0887102
0.0883671
0.088024
0.0876809
0.0873378
0.0869947
0.0866516
0.0863085
0.0859654
0.0856223
0.0852792
0.084936
0.0845929
0.0842498
0.0839067
0.0835636
0.0832205
0.0828774
0.0825343
0.0821912
0.0818481
0.0815049
0.0811618
0.0808187
0.0804756
0.0801325
0.0797894
0.0794463
0.0791032
0.0787601
0.0784169
0.0780738
0.0777307
0.0773876
0.0770445
0.0767014
0.0763582
0.0760151
0.075672
0.0753289
0.0749858
0.0746426
0.0742995
0.0739564
0.0736133
0.0732702
0.072927
0.0725839
0.0722408
0.0718977
0.0715546
0.0712115
0.0708683
0.0705252
0.0701821
0.069839
0.0694959
0.0691528
0.0688097
0.0684666
0.0681234
0.0677803
0.0674372
0.0670941
0.066751
0.0664079
0.0660647
0.0657216
0.0653785
0.0650354
0.0646923
0.0643491
0.064006
0.0636629
0.0633198
0.0629766
0.0626335
0.0622904
0.0619473
0.0616041
0.061261
0.0609179
0.0605747
0.0602316
0.0598885
0.0595453
0.0592022
0.058859
0.0585159
0.0581728
0.0578296
0.0574865
0.0571433
0.0568002
0.0564571
0.0561139
0.0557708
0.0554276
0.0550845
0.0547413
0.0543982
0.054055
0.0537119
0.0533687
0.0530256
0.0526824
0.0523393
0.0519961
0.051653
0.0513098
0.0509667
0.0506235
0.0502803
0.0499372
0.049594
0.0492508
0.0489076
0.0485645
0.0482213
0.0478781
0.047535
0.0471918
0.0468486
0.0465054
0.0461623
0.0458191
0.0454759
0.0451328
0.0447896
0.0444464
0.0441033
0.0437601
0.0434169
0.0430738
0.0427306
0.0423875
0.0420443
0.0417012
0.041358
0.0410148
0.0406717
0.0403285
0.0399853
0.0396422
0.039299
0.0389558
0.0386126
0.0382695
0.0379263
0.0375831
0.0372399
0.0368967
0.0365535
0.0362103
0.0358672
0.035524
0.0351808
0.0348376
0.0344944
0.0341512
0.0338081
0.0334649
0.0331217
0.0327785
0.0324353
0.0320921
0.0317489
0.0314057
0.0310625
0.0307193
0.0303761
0.0300329
0.0296897
0.0293465
0.0290032
0.02866
0.0283168
0.0279736
0.0276304
0.0272872
0.026944
0.0266008
0.0262576
0.0259144
0.0255712
0.025228
0.0248848
0.0245416
0.0241984
0.0238551
0.0235119
0.0231687
0.0228255
0.0224822
0.022139
0.0217958
0.0214526
0.0211093
0.0207661
0.0204229
0.0200796
0.0197364
0.0193932
0.0190499
0.0187067
0.0183635
0.0180203
0.017677
0.0173338
0.0169906
0.0166473
0.0163041
0.0159609
0.0156176
0.0152744
0.0149312
0.0145879
0.0142447
0.0139014
0.0135582
0.0132149
0.0128717
0.0125284
0.0121851
0.0118419
0.0114986
0.0111554
0.0108121
0.0104689
0.0101256
0.00978237
0.00943911
0.00909586
0.0087526
0.00840935
0.00806609
0.00772285
0.0073796
0.00703636
0.00669313
0.00634989
0.00600666
0.00566342
0.00532019
0.00497696
0.00463372
0.00429049
0.00394725
0.003604
0.00326076
0.00291752
0.00257427
0.00223103
0.00188778
0.00154454
0.00120131
0.000858073
0.000514842
0.000171614
-0.225101
-0.222873
-0.218391
-0.211017
-0.20073
-0.188682
-0.177195
-0.16907
-0.166668
-0.171225
-0.182612
-0.199436
-0.219424
-0.240028
-0.259027
-0.274645
-0.285505
-0.290621
-0.289508
-0.282318
-0.26987
-0.25349
-0.234762
-0.215291
-0.196551
-0.179791
-0.165987
-0.155808
-0.14958
-0.147349
-0.149146
-0.155412
-0.167182
-0.185697
-0.212083
-0.247073
-0.290464
-0.340863
-0.395682
-0.451335
-0.503804
-0.548735
-0.581717
-0.598539
-0.595894
-0.571617
-0.524398
-0.454989
-0.367257
-0.26899
-0.170273
-0.0808782
-0.00712935
0.0488214
0.0881583
0.11386
0.129319
0.137554
0.140949
0.14128
0.139828
0.137476
0.134788
0.132086
0.129534
0.127196
0.125089
0.123205
0.121524
0.120025
0.118688
0.117493
0.116421
0.115457
0.114584
0.113791
0.113066
0.1124
0.111782
0.111207
0.110668
0.11016
0.109677
0.109217
0.108774
0.108348
0.107935
0.107533
0.10714
0.106756
0.106378
0.106006
0.105638
0.105275
0.104915
0.104557
0.104202
0.103849
0.103498
0.103148
0.102799
0.102451
0.102104
0.101758
0.101412
0.101066
0.100721
0.100377
0.100033
0.0996884
0.0993445
0.0990008
0.0986572
0.0983138
0.0979704
0.0976271
0.0972839
0.0969407
0.0965976
0.0962546
0.0959116
0.0955687
0.0952258
0.0948829
0.0945401
0.0941973
0.0938545
0.0935117
0.0931688
0.092826
0.0924831
0.0921403
0.0917974
0.0914544
0.0911115
0.0907685
0.0904255
0.0900825
0.0897394
0.0893964
0.0890533
0.0887102
0.0883671
0.088024
0.0876809
0.0873378
0.0869947
0.0866516
0.0863085
0.0859654
0.0856223
0.0852792
0.084936
0.0845929
0.0842498
0.0839067
0.0835636
0.0832205
0.0828774
0.0825343
0.0821912
0.0818481
0.081505
0.0811618
0.0808187
0.0804756
0.0801325
0.0797894
0.0794463
0.0791032
0.0787601
0.0784169
0.0780738
0.0777307
0.0773876
0.0770445
0.0767014
0.0763582
0.0760151
0.075672
0.0753289
0.0749858
0.0746426
0.0742995
0.0739564
0.0736133
0.0732702
0.072927
0.0725839
0.0722408
0.0718977
0.0715546
0.0712115
0.0708683
0.0705252
0.0701821
0.069839
0.0694959
0.0691528
0.0688097
0.0684666
0.0681234
0.0677803
0.0674372
0.0670941
0.066751
0.0664079
0.0660648
0.0657216
0.0653785
0.0650354
0.0646923
0.0643491
0.064006
0.0636629
0.0633198
0.0629766
0.0626335
0.0622904
0.0619473
0.0616041
0.061261
0.0609179
0.0605747
0.0602316
0.0598885
0.0595453
0.0592022
0.058859
0.0585159
0.0581727
0.0578296
0.0574865
0.0571433
0.0568002
0.0564571
0.0561139
0.0557708
0.0554276
0.0550845
0.0547413
0.0543982
0.054055
0.0537119
0.0533688
0.0530256
0.0526824
0.0523393
0.0519961
0.051653
0.0513098
0.0509667
0.0506235
0.0502803
0.0499372
0.049594
0.0492508
0.0489077
0.0485645
0.0482213
0.0478781
0.047535
0.0471918
0.0468486
0.0465054
0.0461623
0.0458191
0.0454759
0.0451328
0.0447896
0.0444464
0.0441033
0.0437601
0.0434169
0.0430738
0.0427306
0.0423875
0.0420443
0.0417012
0.041358
0.0410148
0.0406717
0.0403285
0.0399853
0.0396422
0.039299
0.0389558
0.0386126
0.0382695
0.0379263
0.0375831
0.0372399
0.0368967
0.0365535
0.0362103
0.0358672
0.035524
0.0351808
0.0348376
0.0344944
0.0341512
0.0338081
0.0334649
0.0331217
0.0327785
0.0324353
0.0320921
0.0317489
0.0314057
0.0310625
0.0307193
0.0303761
0.0300329
0.0296897
0.0293465
0.0290032
0.02866
0.0283168
0.0279736
0.0276304
0.0272872
0.026944
0.0266008
0.0262576
0.0259144
0.0255712
0.025228
0.0248848
0.0245416
0.0241983
0.0238551
0.0235119
0.0231687
0.0228255
0.0224822
0.022139
0.0217958
0.0214526
0.0211093
0.0207661
0.0204229
0.0200796
0.0197364
0.0193932
0.0190499
0.0187067
0.0183635
0.0180203
0.017677
0.0173338
0.0169906
0.0166473
0.0163041
0.0159609
0.0156176
0.0152744
0.0149312
0.0145879
0.0142447
0.0139014
0.0135582
0.0132149
0.0128717
0.0125284
0.0121851
0.0118419
0.0114986
0.0111554
0.0108121
0.0104689
0.0101256
0.00978237
0.00943911
0.00909586
0.0087526
0.00840935
0.00806609
0.00772285
0.0073796
0.00703636
0.00669313
0.00634989
0.00600666
0.00566342
0.00532019
0.00497696
0.00463372
0.00429049
0.00394725
0.00360401
0.00326076
0.00291752
0.00257427
0.00223103
0.00188778
0.00154454
0.00120131
0.000858072
0.000514842
0.000171614
-0.221536
-0.219118
-0.214827
-0.208279
-0.199565
-0.189605
-0.180149
-0.173292
-0.170819
-0.173676
-0.181776
-0.194068
-0.208812
-0.224023
-0.237904
-0.249001
-0.256215
-0.25882
-0.256533
-0.249594
-0.238753
-0.225132
-0.210015
-0.19467
-0.180227
-0.167616
-0.157526
-0.150374
-0.146292
-0.145285
-0.147587
-0.153974
-0.165587
-0.18365
-0.209267
-0.243123
-0.285018
-0.333705
-0.386808
-0.440653
-0.491409
-0.53476
-0.56627
-0.581672
-0.577783
-0.552494
-0.504769
-0.435905
-0.350178
-0.255019
-0.159964
-0.073986
-0.00277213
0.0516524
0.0902775
0.115771
0.131241
0.139527
0.142929
0.143213
0.14167
0.139199
0.136372
0.133521
0.130815
0.128327
0.126077
0.124061
0.12226
0.120656
0.119226
0.11795
0.116808
0.115783
0.11486
0.114024
0.113262
0.112564
0.11192
0.111323
0.110765
0.110241
0.109745
0.109273
0.108822
0.108388
0.107968
0.107561
0.107163
0.106775
0.106394
0.106019
0.105649
0.105284
0.104922
0.104564
0.104208
0.103854
0.103501
0.103151
0.102801
0.102453
0.102106
0.101759
0.101413
0.101067
0.100722
0.100377
0.100033
0.0996889
0.0993449
0.0990011
0.0986575
0.098314
0.0979706
0.0976272
0.097284
0.0969408
0.0965977
0.0962547
0.0959117
0.0955687
0.0952258
0.094883
0.0945401
0.0941973
0.0938545
0.0935117
0.0931688
0.092826
0.0924831
0.0921403
0.0917974
0.0914544
0.0911115
0.0907685
0.0904255
0.0900825
0.0897394
0.0893964
0.0890533
0.0887102
0.0883671
0.088024
0.0876809
0.0873378
0.0869947
0.0866516
0.0863085
0.0859654
0.0856223
0.0852792
0.084936
0.0845929
0.0842498
0.0839067
0.0835636
0.0832205
0.0828774
0.0825343
0.0821912
0.0818481
0.081505
0.0811618
0.0808187
0.0804756
0.0801325
0.0797894
0.0794463
0.0791032
0.0787601
0.0784169
0.0780738
0.0777307
0.0773876
0.0770445
0.0767014
0.0763582
0.0760151
0.075672
0.0753289
0.0749858
0.0746426
0.0742995
0.0739564
0.0736133
0.0732702
0.072927
0.0725839
0.0722408
0.0718977
0.0715546
0.0712115
0.0708683
0.0705252
0.0701821
0.069839
0.0694959
0.0691528
0.0688097
0.0684666
0.0681234
0.0677803
0.0674372
0.0670941
0.066751
0.0664079
0.0660648
0.0657216
0.0653785
0.0650354
0.0646923
0.0643491
0.064006
0.0636629
0.0633198
0.0629767
0.0626335
0.0622904
0.0619473
0.0616041
0.061261
0.0609179
0.0605747
0.0602316
0.0598885
0.0595453
0.0592022
0.058859
0.0585159
0.0581727
0.0578296
0.0574865
0.0571433
0.0568002
0.056457
0.0561139
0.0557708
0.0554276
0.0550845
0.0547413
0.0543982
0.054055
0.0537119
0.0533688
0.0530256
0.0526825
0.0523393
0.0519961
0.051653
0.0513098
0.0509667
0.0506235
0.0502803
0.0499372
0.049594
0.0492508
0.0489077
0.0485645
0.0482213
0.0478781
0.047535
0.0471918
0.0468486
0.0465054
0.0461623
0.0458191
0.0454759
0.0451328
0.0447896
0.0444464
0.0441033
0.0437601
0.0434169
0.0430738
0.0427306
0.0423875
0.0420443
0.0417012
0.041358
0.0410148
0.0406717
0.0403285
0.0399853
0.0396422
0.039299
0.0389558
0.0386126
0.0382695
0.0379263
0.0375831
0.0372399
0.0368967
0.0365535
0.0362103
0.0358672
0.035524
0.0351808
0.0348376
0.0344944
0.0341512
0.0338081
0.0334649
0.0331217
0.0327785
0.0324353
0.0320921
0.0317489
0.0314057
0.0310625
0.0307193
0.0303761
0.0300329
0.0296897
0.0293465
0.0290032
0.02866
0.0283168
0.0279736
0.0276304
0.0272872
0.026944
0.0266008
0.0262576
0.0259144
0.0255712
0.025228
0.0248848
0.0245416
0.0241983
0.0238551
0.0235119
0.0231687
0.0228255
0.0224822
0.022139
0.0217958
0.0214526
0.0211093
0.0207661
0.0204229
0.0200796
0.0197364
0.0193932
0.0190499
0.0187067
0.0183635
0.0180203
0.017677
0.0173338
0.0169906
0.0166473
0.0163041
0.0159609
0.0156176
0.0152744
0.0149312
0.0145879
0.0142447
0.0139014
0.0135582
0.0132149
0.0128717
0.0125284
0.0121851
0.0118419
0.0114986
0.0111554
0.0108121
0.0104689
0.0101256
0.00978236
0.00943911
0.00909585
0.0087526
0.00840935
0.0080661
0.00772285
0.0073796
0.00703636
0.00669313
0.00634989
0.00600666
0.00566342
0.00532019
0.00497696
0.00463372
0.00429049
0.00394725
0.00360401
0.00326076
0.00291752
0.00257427
0.00223103
0.00188778
0.00154454
0.00120131
0.000858072
0.000514842
0.000171614
-0.218298
-0.215819
-0.211811
-0.206049
-0.198668
-0.190382
-0.182476
-0.176485
-0.173725
-0.174913
-0.180004
-0.188235
-0.198319
-0.208759
-0.21816
-0.225383
-0.229594
-0.230288
-0.227339
-0.221039
-0.212056
-0.201305
-0.18978
-0.178413
-0.167993
-0.15912
-0.152198
-0.147434
-0.144888
-0.144687
-0.147344
-0.1538
-0.165174
-0.18268
-0.207336
-0.239741
-0.279761
-0.326241
-0.376917
-0.428383
-0.476836
-0.518036
-0.547565
-0.561204
-0.555863
-0.529633
-0.481758
-0.413956
-0.330744
-0.239296
-0.148317
-0.0661744
0.00215956
0.0547852
0.0924905
0.11762
0.132996
0.141268
0.144655
0.144898
0.143291
0.140732
0.137797
0.134823
0.131985
0.129365
0.126986
0.124849
0.12294
0.121238
0.119722
0.11837
0.117164
0.116084
0.115113
0.114237
0.113441
0.112714
0.112046
0.111428
0.110853
0.110315
0.109807
0.109325
0.108865
0.108424
0.107998
0.107586
0.107184
0.106792
0.106408
0.106031
0.105659
0.105292
0.104929
0.104569
0.104212
0.103857
0.103505
0.103153
0.102804
0.102455
0.102107
0.10176
0.101414
0.101068
0.100723
0.100378
0.100034
0.0996892
0.0993452
0.0990013
0.0986577
0.0983141
0.0979707
0.0976273
0.0972841
0.0969409
0.0965978
0.0962547
0.0959117
0.0955688
0.0952259
0.094883
0.0945401
0.0941973
0.0938545
0.0935117
0.0931688
0.092826
0.0924831
0.0921402
0.0917973
0.0914544
0.0911115
0.0907685
0.0904255
0.0900824
0.0897394
0.0893964
0.0890533
0.0887102
0.0883671
0.088024
0.0876809
0.0873378
0.0869947
0.0866516
0.0863085
0.0859654
0.0856223
0.0852792
0.084936
0.0845929
0.0842498
0.0839067
0.0835636
0.0832205
0.0828774
0.0825343
0.0821912
0.0818481
0.081505
0.0811618
0.0808187
0.0804756
0.0801325
0.0797894
0.0794463
0.0791032
0.0787601
0.0784169
0.0780738
0.0777307
0.0773876
0.0770445
0.0767014
0.0763582
0.0760151
0.075672
0.0753289
0.0749858
0.0746426
0.0742995
0.0739564
0.0736133
0.0732702
0.072927
0.0725839
0.0722408
0.0718977
0.0715546
0.0712115
0.0708683
0.0705252
0.0701821
0.069839
0.0694959
0.0691528
0.0688097
0.0684666
0.0681234
0.0677803
0.0674372
0.0670941
0.066751
0.0664079
0.0660648
0.0657216
0.0653785
0.0650354
0.0646923
0.0643491
0.064006
0.0636629
0.0633198
0.0629767
0.0626335
0.0622904
0.0619473
0.0616041
0.061261
0.0609179
0.0605747
0.0602316
0.0598885
0.0595453
0.0592022
0.058859
0.0585159
0.0581727
0.0578296
0.0574865
0.0571433
0.0568002
0.056457
0.0561139
0.0557708
0.0554276
0.0550845
0.0547413
0.0543982
0.054055
0.0537119
0.0533688
0.0530256
0.0526825
0.0523393
0.0519961
0.051653
0.0513098
0.0509667
0.0506235
0.0502803
0.0499372
0.049594
0.0492508
0.0489077
0.0485645
0.0482213
0.0478781
0.047535
0.0471918
0.0468486
0.0465054
0.0461623
0.0458191
0.0454759
0.0451328
0.0447896
0.0444464
0.0441033
0.0437601
0.0434169
0.0430738
0.0427306
0.0423875
0.0420443
0.0417012
0.041358
0.0410148
0.0406717
0.0403285
0.0399853
0.0396422
0.039299
0.0389558
0.0386126
0.0382695
0.0379263
0.0375831
0.0372399
0.0368967
0.0365535
0.0362103
0.0358672
0.035524
0.0351808
0.0348376
0.0344944
0.0341512
0.0338081
0.0334649
0.0331217
0.0327785
0.0324353
0.0320921
0.0317489
0.0314057
0.0310625
0.0307193
0.0303761
0.0300329
0.0296897
0.0293465
0.0290032
0.02866
0.0283168
0.0279736
0.0276304
0.0272872
0.026944
0.0266008
0.0262576
0.0259144
0.0255712
0.025228
0.0248848
0.0245416
0.0241983
0.0238551
0.0235119
0.0231687
0.0228255
0.0224822
0.022139
0.0217958
0.0214526
0.0211093
0.0207661
0.0204229
0.0200796
0.0197364
0.0193932
0.0190499
0.0187067
0.0183635
0.0180203
0.017677
0.0173338
0.0169906
0.0166473
0.0163041
0.0159609
0.0156176
0.0152744
0.0149312
0.0145879
0.0142447
0.0139014
0.0135582
0.0132149
0.0128717
0.0125284
0.0121851
0.0118419
0.0114986
0.0111554
0.0108121
0.0104689
0.0101256
0.00978236
0.00943911
0.00909585
0.0087526
0.00840934
0.0080661
0.00772285
0.0073796
0.00703636
0.00669313
0.00634989
0.00600666
0.00566343
0.00532019
0.00497696
0.00463373
0.00429049
0.00394725
0.00360401
0.00326076
0.00291752
0.00257427
0.00223103
0.00188778
0.00154454
0.00120131
0.000858072
0.000514841
0.000171614
-0.21544
-0.212986
-0.209295
-0.204241
-0.197958
-0.190977
-0.184216
-0.178771
-0.175593
-0.17522
-0.177648
-0.182358
-0.188442
-0.194818
-0.200453
-0.204504
-0.206371
-0.205735
-0.202589
-0.197247
-0.190281
-0.182404
-0.174319
-0.166624
-0.159751
-0.153976
-0.149469
-0.146367
-0.144829
-0.145201
-0.148171
-0.154687
-0.165803
-0.182718
-0.2063
-0.237073
-0.274928
-0.318798
-0.366616
-0.415233
-0.460938
-0.499572
-0.526779
-0.538448
-0.531599
-0.504535
-0.456821
-0.390457
-0.310056
-0.222618
-0.136121
-0.0578674
0.00744206
0.058122
0.0947596
0.119392
0.134569
0.142767
0.146122
0.146338
0.144694
0.142078
0.139064
0.135992
0.133043
0.130306
0.127813
0.125568
0.123559
0.121767
0.120172
0.118753
0.117487
0.116357
0.115343
0.114429
0.113602
0.112849
0.112159
0.111523
0.110933
0.110381
0.109862
0.109371
0.108903
0.108456
0.108025
0.107608
0.107203
0.106808
0.106421
0.106042
0.105668
0.1053
0.104935
0.104574
0.104216
0.103861
0.103507
0.103156
0.102806
0.102456
0.102108
0.101761
0.101415
0.101069
0.100724
0.100379
0.100034
0.0996896
0.0993455
0.0990016
0.0986578
0.0983143
0.0979708
0.0976274
0.0972841
0.0969409
0.0965978
0.0962547
0.0959117
0.0955688
0.0952259
0.094883
0.0945402
0.0941973
0.0938545
0.0935117
0.0931688
0.092826
0.0924831
0.0921402
0.0917973
0.0914544
0.0911114
0.0907685
0.0904255
0.0900824
0.0897394
0.0893964
0.0890533
0.0887102
0.0883671
0.088024
0.0876809
0.0873378
0.0869947
0.0866516
0.0863085
0.0859654
0.0856223
0.0852792
0.084936
0.0845929
0.0842498
0.0839067
0.0835636
0.0832205
0.0828774
0.0825343
0.0821912
0.0818481
0.081505
0.0811618
0.0808187
0.0804756
0.0801325
0.0797894
0.0794463
0.0791032
0.0787601
0.0784169
0.0780738
0.0777307
0.0773876
0.0770445
0.0767014
0.0763583
0.0760151
0.075672
0.0753289
0.0749858
0.0746426
0.0742995
0.0739564
0.0736133
0.0732702
0.072927
0.0725839
0.0722408
0.0718977
0.0715546
0.0712115
0.0708683
0.0705252
0.0701821
0.069839
0.0694959
0.0691528
0.0688097
0.0684666
0.0681234
0.0677803
0.0674372
0.0670941
0.066751
0.0664079
0.0660648
0.0657216
0.0653785
0.0650354
0.0646923
0.0643492
0.064006
0.0636629
0.0633198
0.0629767
0.0626335
0.0622904
0.0619473
0.0616041
0.061261
0.0609179
0.0605747
0.0602316
0.0598885
0.0595453
0.0592022
0.058859
0.0585159
0.0581727
0.0578296
0.0574864
0.0571433
0.0568002
0.056457
0.0561139
0.0557708
0.0554276
0.0550845
0.0547413
0.0543982
0.054055
0.0537119
0.0533688
0.0530256
0.0526825
0.0523393
0.0519961
0.051653
0.0513098
0.0509667
0.0506235
0.0502803
0.0499372
0.049594
0.0492508
0.0489077
0.0485645
0.0482213
0.0478781
0.0475349
0.0471918
0.0468486
0.0465054
0.0461623
0.0458191
0.0454759
0.0451328
0.0447896
0.0444464
0.0441033
0.0437601
0.0434169
0.0430738
0.0427306
0.0423875
0.0420443
0.0417012
0.041358
0.0410148
0.0406717
0.0403285
0.0399853
0.0396422
0.039299
0.0389558
0.0386126
0.0382695
0.0379263
0.0375831
0.0372399
0.0368967
0.0365535
0.0362104
0.0358672
0.035524
0.0351808
0.0348376
0.0344944
0.0341512
0.0338081
0.0334649
0.0331217
0.0327785
0.0324353
0.0320921
0.0317489
0.0314057
0.0310625
0.0307193
0.0303761
0.0300329
0.0296897
0.0293465
0.0290032
0.02866
0.0283168
0.0279736
0.0276304
0.0272872
0.026944
0.0266008
0.0262576
0.0259144
0.0255712
0.025228
0.0248848
0.0245416
0.0241983
0.0238551
0.0235119
0.0231687
0.0228255
0.0224822
0.022139
0.0217958
0.0214526
0.0211093
0.0207661
0.0204229
0.0200796
0.0197364
0.0193932
0.0190499
0.0187067
0.0183635
0.0180203
0.017677
0.0173338
0.0169906
0.0166473
0.0163041
0.0159609
0.0156177
0.0152744
0.0149312
0.0145879
0.0142447
0.0139014
0.0135582
0.0132149
0.0128717
0.0125284
0.0121851
0.0118419
0.0114986
0.0111554
0.0108121
0.0104689
0.0101256
0.00978236
0.0094391
0.00909585
0.0087526
0.00840934
0.0080661
0.00772285
0.0073796
0.00703636
0.00669313
0.00634989
0.00600666
0.00566343
0.00532019
0.00497696
0.00463373
0.00429049
0.00394725
0.00360401
0.00326076
0.00291752
0.00257427
0.00223103
0.00188778
0.00154454
0.00120131
0.000858071
0.000514841
0.000171614
-0.212994
-0.210612
-0.207233
-0.202784
-0.197376
-0.191384
-0.185444
-0.180312
-0.176662
-0.1749
-0.175066
-0.17684
-0.179625
-0.182687
-0.185308
-0.186899
-0.187065
-0.185635
-0.182687
-0.178531
-0.173638
-0.168509
-0.163555
-0.15902
-0.154986
-0.151458
-0.148536
-0.146473
-0.145636
-0.146514
-0.149817
-0.156452
-0.167322
-0.183645
-0.206113
-0.235167
-0.270695
-0.311754
-0.356458
-0.401927
-0.4446
-0.480427
-0.505144
-0.514783
-0.506488
-0.478746
-0.43144
-0.366778
-0.289373
-0.205964
-0.123841
-0.0495024
0.0128194
0.0615089
0.0969863
0.121018
0.135916
0.144003
0.147324
0.147537
0.145886
0.143245
0.140178
0.137028
0.133987
0.131149
0.128554
0.126212
0.124113
0.122241
0.120575
0.119094
0.117773
0.116599
0.115546
0.1146
0.113745
0.112969
0.112259
0.111606
0.111002
0.110439
0.10991
0.109411
0.108937
0.108484
0.108048
0.107627
0.107219
0.106821
0.106432
0.106051
0.105676
0.105306
0.10494
0.104579
0.10422
0.103864
0.10351
0.103158
0.102807
0.102458
0.10211
0.101762
0.101416
0.10107
0.100724
0.100379
0.100034
0.0996898
0.0993457
0.0990017
0.098658
0.0983144
0.0979709
0.0976275
0.0972842
0.096941
0.0965978
0.0962548
0.0959118
0.0955688
0.0952259
0.094883
0.0945402
0.0941973
0.0938545
0.0935117
0.0931688
0.092826
0.0924831
0.0921402
0.0917973
0.0914544
0.0911114
0.0907685
0.0904255
0.0900824
0.0897394
0.0893963
0.0890533
0.0887102
0.0883671
0.088024
0.0876809
0.0873378
0.0869947
0.0866516
0.0863085
0.0859654
0.0856223
0.0852792
0.084936
0.0845929
0.0842498
0.0839067
0.0835636
0.0832205
0.0828774
0.0825343
0.0821912
0.0818481
0.081505
0.0811618
0.0808187
0.0804756
0.0801325
0.0797894
0.0794463
0.0791032
0.0787601
0.0784169
0.0780738
0.0777307
0.0773876
0.0770445
0.0767014
0.0763583
0.0760151
0.075672
0.0753289
0.0749858
0.0746426
0.0742995
0.0739564
0.0736133
0.0732702
0.072927
0.0725839
0.0722408
0.0718977
0.0715546
0.0712115
0.0708683
0.0705252
0.0701821
0.069839
0.0694959
0.0691528
0.0688097
0.0684666
0.0681234
0.0677803
0.0674372
0.0670941
0.066751
0.0664079
0.0660648
0.0657216
0.0653785
0.0650354
0.0646923
0.0643492
0.064006
0.0636629
0.0633198
0.0629767
0.0626335
0.0622904
0.0619473
0.0616041
0.061261
0.0609179
0.0605747
0.0602316
0.0598885
0.0595453
0.0592022
0.058859
0.0585159
0.0581727
0.0578296
0.0574864
0.0571433
0.0568002
0.056457
0.0561139
0.0557708
0.0554276
0.0550845
0.0547413
0.0543982
0.054055
0.0537119
0.0533688
0.0530256
0.0526825
0.0523393
0.0519962
0.051653
0.0513098
0.0509667
0.0506235
0.0502803
0.0499372
0.049594
0.0492508
0.0489077
0.0485645
0.0482213
0.0478781
0.0475349
0.0471918
0.0468486
0.0465054
0.0461623
0.0458191
0.0454759
0.0451328
0.0447896
0.0444464
0.0441033
0.0437601
0.0434169
0.0430738
0.0427306
0.0423875
0.0420443
0.0417012
0.041358
0.0410148
0.0406717
0.0403285
0.0399853
0.0396422
0.039299
0.0389558
0.0386126
0.0382695
0.0379263
0.0375831
0.0372399
0.0368967
0.0365535
0.0362104
0.0358672
0.035524
0.0351808
0.0348376
0.0344944
0.0341512
0.0338081
0.0334649
0.0331217
0.0327785
0.0324353
0.0320921
0.0317489
0.0314057
0.0310625
0.0307193
0.0303761
0.0300329
0.0296897
0.0293465
0.0290033
0.02866
0.0283168
0.0279736
0.0276304
0.0272872
0.026944
0.0266008
0.0262576
0.0259144
0.0255712
0.025228
0.0248848
0.0245416
0.0241983
0.0238551
0.0235119
0.0231687
0.0228255
0.0224822
0.022139
0.0217958
0.0214526
0.0211093
0.0207661
0.0204229
0.0200796
0.0197364
0.0193932
0.0190499
0.0187067
0.0183635
0.0180203
0.017677
0.0173338
0.0169906
0.0166473
0.0163041
0.0159609
0.0156177
0.0152744
0.0149312
0.0145879
0.0142447
0.0139014
0.0135582
0.0132149
0.0128717
0.0125284
0.0121851
0.0118419
0.0114986
0.0111554
0.0108121
0.0104689
0.0101256
0.00978236
0.0094391
0.00909585
0.0087526
0.00840934
0.0080661
0.00772285
0.0073796
0.00703636
0.00669313
0.00634989
0.00600666
0.00566343
0.00532019
0.00497696
0.00463373
0.00429049
0.00394725
0.00360401
0.00326076
0.00291752
0.00257427
0.00223103
0.00188778
0.00154454
0.0012013
0.000858071
0.000514841
0.000171613
-0.210969
-0.208679
-0.20558
-0.201624
-0.196889
-0.191625
-0.186252
-0.181277
-0.177172
-0.174246
-0.172583
-0.172025
-0.172225
-0.172729
-0.173079
-0.172899
-0.171959
-0.170201
-0.167755
-0.164908
-0.162012
-0.159346
-0.157005
-0.154885
-0.152781
-0.150605
-0.148586
-0.147205
-0.146964
-0.148356
-0.152066
-0.15894
-0.169554
-0.185325
-0.206675
-0.234
-0.267197
-0.305418
-0.346947
-0.389156
-0.428678
-0.461615
-0.483826
-0.491492
-0.481894
-0.453649
-0.406935
-0.344102
-0.269724
-0.190135
-0.112095
-0.0414446
0.0180129
0.0647357
0.0990196
0.122395
0.13698
0.144951
0.14826
0.1485
0.146876
0.144236
0.14114
0.137933
0.134814
0.131889
0.129206
0.126777
0.124599
0.122656
0.120927
0.119391
0.118027
0.116809
0.115722
0.114746
0.113867
0.113071
0.112344
0.111677
0.111061
0.110488
0.109951
0.109445
0.108965
0.108507
0.108067
0.107643
0.107232
0.106832
0.106442
0.106059
0.105682
0.105311
0.104945
0.104582
0.104223
0.103866
0.103512
0.103159
0.102809
0.102459
0.10211
0.101763
0.101416
0.10107
0.100724
0.100379
0.100035
0.09969
0.0993458
0.0990019
0.0986581
0.0983145
0.097971
0.0976276
0.0972842
0.096941
0.0965979
0.0962548
0.0959118
0.0955688
0.0952259
0.094883
0.0945402
0.0941973
0.0938545
0.0935117
0.0931688
0.092826
0.0924831
0.0921402
0.0917973
0.0914544
0.0911114
0.0907685
0.0904255
0.0900824
0.0897394
0.0893963
0.0890533
0.0887102
0.0883671
0.088024
0.0876809
0.0873378
0.0869947
0.0866516
0.0863085
0.0859654
0.0856223
0.0852792
0.084936
0.0845929
0.0842498
0.0839067
0.0835636
0.0832205
0.0828774
0.0825343
0.0821912
0.0818481
0.081505
0.0811618
0.0808187
0.0804756
0.0801325
0.0797894
0.0794463
0.0791032
0.0787601
0.0784169
0.0780738
0.0777307
0.0773876
0.0770445
0.0767014
0.0763583
0.0760151
0.075672
0.0753289
0.0749858
0.0746426
0.0742995
0.0739564
0.0736133
0.0732702
0.072927
0.0725839
0.0722408
0.0718977
0.0715546
0.0712115
0.0708683
0.0705252
0.0701821
0.069839
0.0694959
0.0691528
0.0688097
0.0684665
0.0681234
0.0677803
0.0674372
0.0670941
0.066751
0.0664079
0.0660648
0.0657216
0.0653785
0.0650354
0.0646923
0.0643492
0.064006
0.0636629
0.0633198
0.0629767
0.0626335
0.0622904
0.0619473
0.0616041
0.061261
0.0609179
0.0605747
0.0602316
0.0598885
0.0595453
0.0592022
0.058859
0.0585159
0.0581727
0.0578296
0.0574864
0.0571433
0.0568002
0.056457
0.0561139
0.0557708
0.0554276
0.0550845
0.0547413
0.0543982
0.054055
0.0537119
0.0533688
0.0530256
0.0526825
0.0523393
0.0519962
0.051653
0.0513098
0.0509667
0.0506235
0.0502803
0.0499372
0.049594
0.0492508
0.0489077
0.0485645
0.0482213
0.0478781
0.0475349
0.0471918
0.0468486
0.0465054
0.0461623
0.0458191
0.0454759
0.0451328
0.0447896
0.0444464
0.0441033
0.0437601
0.0434169
0.0430738
0.0427306
0.0423875
0.0420443
0.0417012
0.041358
0.0410148
0.0406717
0.0403285
0.0399853
0.0396422
0.039299
0.0389558
0.0386126
0.0382695
0.0379263
0.0375831
0.0372399
0.0368967
0.0365535
0.0362104
0.0358672
0.035524
0.0351808
0.0348376
0.0344944
0.0341512
0.0338081
0.0334649
0.0331217
0.0327785
0.0324353
0.0320921
0.0317489
0.0314057
0.0310625
0.0307193
0.0303761
0.0300329
0.0296897
0.0293465
0.0290033
0.02866
0.0283168
0.0279736
0.0276304
0.0272872
0.026944
0.0266008
0.0262576
0.0259144
0.0255712
0.025228
0.0248848
0.0245416
0.0241983
0.0238551
0.0235119
0.0231687
0.0228255
0.0224822
0.022139
0.0217958
0.0214526
0.0211093
0.0207661
0.0204229
0.0200796
0.0197364
0.0193932
0.0190499
0.0187067
0.0183635
0.0180203
0.017677
0.0173338
0.0169906
0.0166473
0.0163041
0.0159609
0.0156177
0.0152744
0.0149312
0.0145879
0.0142447
0.0139014
0.0135582
0.0132149
0.0128717
0.0125284
0.0121851
0.0118419
0.0114986
0.0111554
0.0108121
0.0104689
0.0101256
0.00978236
0.0094391
0.00909585
0.0087526
0.00840934
0.0080661
0.00772285
0.0073796
0.00703636
0.00669313
0.00634989
0.00600666
0.00566343
0.00532019
0.00497696
0.00463373
0.00429049
0.00394725
0.00360401
0.00326076
0.00291752
0.00257427
0.00223103
0.00188778
0.00154454
0.0012013
0.000858071
0.000514841
0.000171613
-0.209362
-0.207163
-0.204293
-0.200718
-0.196479
-0.191732
-0.186739
-0.181832
-0.17734
-0.17351
-0.170462
-0.168171
-0.16648
-0.165152
-0.163931
-0.162609
-0.16108
-0.159363
-0.157612
-0.15606
-0.154919
-0.154221
-0.153755
-0.153136
-0.152046
-0.150529
-0.149045
-0.14822
-0.148555
-0.150498
-0.154707
-0.161999
-0.172286
-0.187637
-0.207887
-0.233522
-0.264479
-0.299996
-0.338488
-0.37753
-0.413964
-0.444075
-0.463882
-0.46972
-0.458998
-0.430411
-0.3844
-0.32339
-0.251869
-0.175796
-0.101433
-0.0341119
0.0227022
0.0675556
0.100687
0.123421
0.13771
0.145598
0.148933
0.149238
0.147672
0.145058
0.141951
0.138702
0.13552
0.132521
0.129761
0.127259
0.125012
0.123007
0.121225
0.119642
0.118236
0.116984
0.115868
0.114869
0.113969
0.113156
0.112415
0.111736
0.11111
0.110528
0.109985
0.109473
0.108988
0.108526
0.108083
0.107657
0.107243
0.106841
0.106449
0.106065
0.105687
0.105315
0.104948
0.104585
0.104225
0.103868
0.103514
0.103161
0.10281
0.10246
0.102111
0.101764
0.101417
0.10107
0.100725
0.10038
0.100035
0.0996902
0.099346
0.099002
0.0986582
0.0983145
0.097971
0.0976276
0.0972843
0.096941
0.0965979
0.0962548
0.0959118
0.0955688
0.0952259
0.094883
0.0945402
0.0941973
0.0938545
0.0935117
0.0931688
0.092826
0.0924831
0.0921402
0.0917973
0.0914544
0.0911114
0.0907684
0.0904254
0.0900824
0.0897394
0.0893963
0.0890533
0.0887102
0.0883671
0.088024
0.0876809
0.0873378
0.0869947
0.0866516
0.0863085
0.0859654
0.0856223
0.0852792
0.084936
0.0845929
0.0842498
0.0839067
0.0835636
0.0832205
0.0828774
0.0825343
0.0821912
0.0818481
0.081505
0.0811618
0.0808187
0.0804756
0.0801325
0.0797894
0.0794463
0.0791032
0.0787601
0.0784169
0.0780738
0.0777307
0.0773876
0.0770445
0.0767014
0.0763583
0.0760151
0.075672
0.0753289
0.0749858
0.0746426
0.0742995
0.0739564
0.0736133
0.0732702
0.072927
0.0725839
0.0722408
0.0718977
0.0715546
0.0712115
0.0708683
0.0705252
0.0701821
0.069839
0.0694959
0.0691528
0.0688097
0.0684665
0.0681234
0.0677803
0.0674372
0.0670941
0.066751
0.0664079
0.0660648
0.0657217
0.0653785
0.0650354
0.0646923
0.0643492
0.064006
0.0636629
0.0633198
0.0629767
0.0626335
0.0622904
0.0619473
0.0616041
0.061261
0.0609179
0.0605747
0.0602316
0.0598885
0.0595453
0.0592022
0.058859
0.0585159
0.0581727
0.0578296
0.0574864
0.0571433
0.0568002
0.056457
0.0561139
0.0557708
0.0554276
0.0550845
0.0547413
0.0543982
0.0540551
0.0537119
0.0533688
0.0530256
0.0526825
0.0523393
0.0519962
0.051653
0.0513098
0.0509667
0.0506235
0.0502803
0.0499372
0.049594
0.0492508
0.0489077
0.0485645
0.0482213
0.0478781
0.0475349
0.0471918
0.0468486
0.0465054
0.0461623
0.0458191
0.0454759
0.0451328
0.0447896
0.0444464
0.0441033
0.0437601
0.0434169
0.0430738
0.0427306
0.0423875
0.0420443
0.0417011
0.041358
0.0410148
0.0406717
0.0403285
0.0399853
0.0396422
0.039299
0.0389558
0.0386126
0.0382695
0.0379263
0.0375831
0.0372399
0.0368967
0.0365535
0.0362104
0.0358672
0.035524
0.0351808
0.0348376
0.0344944
0.0341512
0.0338081
0.0334649
0.0331217
0.0327785
0.0324353
0.0320921
0.0317489
0.0314057
0.0310625
0.0307193
0.0303761
0.0300329
0.0296897
0.0293465
0.0290033
0.02866
0.0283168
0.0279736
0.0276304
0.0272872
0.026944
0.0266008
0.0262576
0.0259144
0.0255712
0.025228
0.0248848
0.0245415
0.0241983
0.0238551
0.0235119
0.0231687
0.0228255
0.0224822
0.022139
0.0217958
0.0214526
0.0211093
0.0207661
0.0204229
0.0200796
0.0197364
0.0193932
0.0190499
0.0187067
0.0183635
0.0180203
0.017677
0.0173338
0.0169906
0.0166473
0.0163041
0.0159609
0.0156177
0.0152744
0.0149312
0.0145879
0.0142447
0.0139014
0.0135582
0.0132149
0.0128717
0.0125284
0.0121852
0.0118419
0.0114986
0.0111554
0.0108121
0.0104689
0.0101256
0.00978235
0.0094391
0.00909585
0.00875259
0.00840934
0.0080661
0.00772285
0.0073796
0.00703636
0.00669313
0.00634989
0.00600666
0.00566343
0.0053202
0.00497696
0.00463373
0.00429049
0.00394725
0.00360401
0.00326076
0.00291752
0.00257427
0.00223103
0.00188778
0.00154454
0.0012013
0.000858071
0.000514841
0.000171613
-0.208155
-0.206031
-0.203334
-0.200032
-0.19614
-0.191743
-0.186999
-0.182121
-0.177345
-0.172881
-0.168884
-0.165422
-0.16248
-0.159978
-0.157806
-0.155877
-0.154168
-0.152739
-0.151726
-0.151279
-0.151443
-0.152025
-0.152581
-0.152606
-0.151876
-0.15067
-0.149609
-0.1493
-0.150186
-0.152708
-0.157461
-0.165035
-0.175646
-0.190441
-0.209648
-0.233671
-0.262518
-0.29555
-0.331305
-0.367491
-0.401113
-0.428631
-0.446248
-0.450457
-0.438767
-0.410001
-0.364737
-0.305433
-0.236472
-0.163502
-0.0923507
-0.0279322
0.0265589
0.0697361
0.101842
0.124019
0.138082
0.145947
0.149355
0.14976
0.148275
0.145705
0.142601
0.139325
0.136094
0.133036
0.130213
0.12765
0.125347
0.123292
0.121464
0.119843
0.118404
0.117125
0.115986
0.114966
0.114051
0.113223
0.112471
0.111783
0.111149
0.110561
0.110011
0.109495
0.109007
0.108541
0.108096
0.107667
0.107252
0.106848
0.106455
0.10607
0.105691
0.105319
0.104951
0.104587
0.104227
0.10387
0.103515
0.103162
0.10281
0.102461
0.102112
0.101764
0.101417
0.101071
0.100725
0.10038
0.100035
0.0996903
0.0993461
0.0990021
0.0986582
0.0983146
0.097971
0.0976276
0.0972843
0.0969411
0.0965979
0.0962548
0.0959118
0.0955689
0.0952259
0.0948831
0.0945402
0.0941973
0.0938545
0.0935117
0.0931688
0.092826
0.0924831
0.0921402
0.0917973
0.0914544
0.0911114
0.0907684
0.0904254
0.0900824
0.0897394
0.0893963
0.0890533
0.0887102
0.0883671
0.088024
0.0876809
0.0873378
0.0869947
0.0866516
0.0863085
0.0859654
0.0856223
0.0852792
0.0849361
0.0845929
0.0842498
0.0839067
0.0835636
0.0832205
0.0828774
0.0825343
0.0821912
0.0818481
0.081505
0.0811618
0.0808187
0.0804756
0.0801325
0.0797894
0.0794463
0.0791032
0.0787601
0.0784169
0.0780738
0.0777307
0.0773876
0.0770445
0.0767014
0.0763583
0.0760151
0.075672
0.0753289
0.0749858
0.0746426
0.0742995
0.0739564
0.0736133
0.0732702
0.072927
0.0725839
0.0722408
0.0718977
0.0715546
0.0712115
0.0708683
0.0705252
0.0701821
0.069839
0.0694959
0.0691528
0.0688097
0.0684665
0.0681234
0.0677803
0.0674372
0.0670941
0.066751
0.0664079
0.0660648
0.0657217
0.0653785
0.0650354
0.0646923
0.0643492
0.064006
0.0636629
0.0633198
0.0629767
0.0626335
0.0622904
0.0619473
0.0616041
0.061261
0.0609179
0.0605747
0.0602316
0.0598884
0.0595453
0.0592022
0.058859
0.0585159
0.0581727
0.0578296
0.0574864
0.0571433
0.0568002
0.056457
0.0561139
0.0557708
0.0554276
0.0550845
0.0547413
0.0543982
0.0540551
0.0537119
0.0533688
0.0530256
0.0526825
0.0523393
0.0519962
0.051653
0.0513098
0.0509667
0.0506235
0.0502803
0.0499372
0.049594
0.0492508
0.0489077
0.0485645
0.0482213
0.0478781
0.0475349
0.0471918
0.0468486
0.0465054
0.0461623
0.0458191
0.0454759
0.0451328
0.0447896
0.0444464
0.0441033
0.0437601
0.0434169
0.0430738
0.0427306
0.0423875
0.0420443
0.0417011
0.041358
0.0410148
0.0406717
0.0403285
0.0399853
0.0396422
0.039299
0.0389558
0.0386126
0.0382695
0.0379263
0.0375831
0.0372399
0.0368967
0.0365535
0.0362104
0.0358672
0.035524
0.0351808
0.0348376
0.0344944
0.0341512
0.0338081
0.0334649
0.0331217
0.0327785
0.0324353
0.0320921
0.0317489
0.0314057
0.0310625
0.0307193
0.0303761
0.0300329
0.0296897
0.0293465
0.0290033
0.02866
0.0283168
0.0279736
0.0276304
0.0272872
0.026944
0.0266008
0.0262576
0.0259144
0.0255712
0.025228
0.0248848
0.0245415
0.0241983
0.0238551
0.0235119
0.0231687
0.0228255
0.0224822
0.022139
0.0217958
0.0214526
0.0211093
0.0207661
0.0204229
0.0200796
0.0197364
0.0193932
0.0190499
0.0187067
0.0183635
0.0180203
0.017677
0.0173338
0.0169906
0.0166473
0.0163041
0.0159609
0.0156177
0.0152744
0.0149312
0.0145879
0.0142447
0.0139014
0.0135582
0.0132149
0.0128717
0.0125284
0.0121852
0.0118419
0.0114986
0.0111554
0.0108121
0.0104689
0.0101256
0.00978235
0.0094391
0.00909585
0.00875259
0.00840934
0.0080661
0.00772285
0.0073796
0.00703636
0.00669313
0.00634989
0.00600666
0.00566343
0.0053202
0.00497696
0.00463373
0.00429049
0.00394725
0.00360401
0.00326076
0.00291752
0.00257427
0.00223103
0.00188778
0.00154454
0.0012013
0.000858071
0.000514841
0.000171613
-0.207319
-0.205247
-0.202665
-0.199541
-0.195871
-0.191696
-0.18711
-0.182255
-0.177314
-0.172477
-0.167921
-0.163785
-0.160145
-0.157023
-0.154404
-0.152274
-0.150648
-0.149583
-0.149162
-0.149434
-0.150311
-0.151449
-0.152308
-0.152435
-0.151792
-0.150805
-0.150121
-0.150255
-0.151637
-0.154761
-0.160031
-0.168025
-0.178934
-0.193417
-0.211765
-0.234347
-0.261243
-0.292002
-0.325343
-0.359109
-0.390407
-0.415798
-0.431618
-0.434499
-0.421879
-0.393209
-0.348687
-0.290888
-0.224108
-0.153736
-0.0852584
-0.0232474
0.0293298
0.0711282
0.102407
0.124169
0.138105
0.14601
0.149533
0.150062
0.148673
0.146159
0.143074
0.139784
0.136522
0.133421
0.130553
0.127946
0.125601
0.123507
0.121647
0.119996
0.118533
0.117233
0.116075
0.115041
0.114113
0.113275
0.112514
0.111818
0.111178
0.110585
0.110032
0.109512
0.10902
0.108553
0.108105
0.107675
0.107258
0.106854
0.106459
0.106073
0.105694
0.105321
0.104953
0.104589
0.104228
0.103871
0.103516
0.103163
0.102811
0.102461
0.102112
0.101764
0.101417
0.101071
0.100725
0.10038
0.100035
0.0996904
0.0993461
0.0990021
0.0986583
0.0983146
0.0979711
0.0976276
0.0972843
0.0969411
0.0965979
0.0962548
0.0959118
0.0955689
0.0952259
0.094883
0.0945402
0.0941973
0.0938545
0.0935117
0.0931688
0.092826
0.0924831
0.0921402
0.0917973
0.0914544
0.0911114
0.0907684
0.0904254
0.0900824
0.0897394
0.0893963
0.0890533
0.0887102
0.0883671
0.088024
0.0876809
0.0873378
0.0869947
0.0866516
0.0863085
0.0859654
0.0856223
0.0852792
0.0849361
0.0845929
0.0842498
0.0839067
0.0835636
0.0832205
0.0828774
0.0825343
0.0821912
0.0818481
0.081505
0.0811618
0.0808187
0.0804756
0.0801325
0.0797894
0.0794463
0.0791032
0.0787601
0.0784169
0.0780738
0.0777307
0.0773876
0.0770445
0.0767014
0.0763583
0.0760151
0.075672
0.0753289
0.0749858
0.0746426
0.0742995
0.0739564
0.0736133
0.0732702
0.0729271
0.0725839
0.0722408
0.0718977
0.0715546
0.0712115
0.0708683
0.0705252
0.0701821
0.069839
0.0694959
0.0691528
0.0688097
0.0684665
0.0681234
0.0677803
0.0674372
0.0670941
0.066751
0.0664079
0.0660648
0.0657217
0.0653785
0.0650354
0.0646923
0.0643492
0.064006
0.0636629
0.0633198
0.0629767
0.0626335
0.0622904
0.0619473
0.0616041
0.061261
0.0609179
0.0605747
0.0602316
0.0598884
0.0595453
0.0592022
0.058859
0.0585159
0.0581727
0.0578296
0.0574864
0.0571433
0.0568001
0.056457
0.0561139
0.0557708
0.0554276
0.0550845
0.0547413
0.0543982
0.0540551
0.0537119
0.0533688
0.0530256
0.0526825
0.0523393
0.0519962
0.051653
0.0513098
0.0509667
0.0506235
0.0502803
0.0499372
0.049594
0.0492508
0.0489077
0.0485645
0.0482213
0.0478781
0.0475349
0.0471918
0.0468486
0.0465054
0.0461623
0.0458191
0.0454759
0.0451328
0.0447896
0.0444464
0.0441033
0.0437601
0.0434169
0.0430738
0.0427306
0.0423875
0.0420443
0.0417011
0.041358
0.0410148
0.0406717
0.0403285
0.0399853
0.0396422
0.039299
0.0389558
0.0386126
0.0382695
0.0379263
0.0375831
0.0372399
0.0368967
0.0365536
0.0362104
0.0358672
0.035524
0.0351808
0.0348376
0.0344944
0.0341512
0.0338081
0.0334649
0.0331217
0.0327785
0.0324353
0.0320921
0.0317489
0.0314057
0.0310625
0.0307193
0.0303761
0.0300329
0.0296897
0.0293465
0.0290033
0.02866
0.0283168
0.0279736
0.0276304
0.0272872
0.026944
0.0266008
0.0262576
0.0259144
0.0255712
0.025228
0.0248848
0.0245415
0.0241983
0.0238551
0.0235119
0.0231687
0.0228255
0.0224822
0.022139
0.0217958
0.0214526
0.0211093
0.0207661
0.0204229
0.0200796
0.0197364
0.0193932
0.0190499
0.0187067
0.0183635
0.0180203
0.017677
0.0173338
0.0169906
0.0166473
0.0163041
0.0159609
0.0156177
0.0152744
0.0149312
0.0145879
0.0142447
0.0139014
0.0135582
0.0132149
0.0128717
0.0125284
0.0121852
0.0118419
0.0114986
0.0111554
0.0108121
0.0104689
0.0101256
0.00978235
0.0094391
0.00909585
0.00875259
0.00840934
0.0080661
0.00772285
0.0073796
0.00703636
0.00669313
0.00634989
0.00600666
0.00566343
0.0053202
0.00497696
0.00463373
0.00429049
0.00394725
0.00360401
0.00326076
0.00291752
0.00257427
0.00223103
0.00188778
0.00154454
0.0012013
0.000858071
0.000514841
0.000171613
-0.206812
-0.204768
-0.202249
-0.199222
-0.195675
-0.191627
-0.187137
-0.182316
-0.177318
-0.172327
-0.167537
-0.163121
-0.159208
-0.155872
-0.153145
-0.151039
-0.14957
-0.148761
-0.148637
-0.149186
-0.150247
-0.15142
-0.152206
-0.152248
-0.15164
-0.15087
-0.150487
-0.15095
-0.152708
-0.156265
-0.162095
-0.170459
-0.181651
-0.196042
-0.21386
-0.235388
-0.260654
-0.289382
-0.320559
-0.352239
-0.381695
-0.405545
-0.420141
-0.422183
-0.409238
-0.380547
-0.336703
-0.280154
-0.215116
-0.146779
-0.0803673
-0.0202026
0.0309161
0.071736
0.102403
0.12391
0.137815
0.14581
0.149469
0.150132
0.14885
0.146404
0.143352
0.140071
0.136799
0.133676
0.130783
0.128148
0.125777
0.123659
0.121776
0.120105
0.118625
0.11731
0.11614
0.115095
0.114158
0.113313
0.112545
0.111844
0.1112
0.110603
0.110047
0.109524
0.109031
0.108562
0.108113
0.107681
0.107263
0.106858
0.106463
0.106076
0.105697
0.105323
0.104955
0.10459
0.10423
0.103872
0.103516
0.103163
0.102812
0.102461
0.102112
0.101765
0.101417
0.101071
0.100725
0.10038
0.100035
0.0996905
0.0993462
0.0990022
0.0986583
0.0983146
0.0979711
0.0976277
0.0972843
0.0969411
0.0965979
0.0962549
0.0959118
0.0955689
0.0952259
0.094883
0.0945402
0.0941973
0.0938545
0.0935117
0.0931688
0.092826
0.0924831
0.0921402
0.0917973
0.0914544
0.0911114
0.0907684
0.0904254
0.0900824
0.0897394
0.0893963
0.0890533
0.0887102
0.0883671
0.088024
0.0876809
0.0873378
0.0869947
0.0866516
0.0863085
0.0859654
0.0856223
0.0852792
0.0849361
0.0845929
0.0842498
0.0839067
0.0835636
0.0832205
0.0828774
0.0825343
0.0821912
0.0818481
0.081505
0.0811618
0.0808187
0.0804756
0.0801325
0.0797894
0.0794463
0.0791032
0.0787601
0.0784169
0.0780738
0.0777307
0.0773876
0.0770445
0.0767014
0.0763583
0.0760151
0.075672
0.0753289
0.0749858
0.0746426
0.0742995
0.0739564
0.0736133
0.0732702
0.0729271
0.0725839
0.0722408
0.0718977
0.0715546
0.0712115
0.0708683
0.0705252
0.0701821
0.069839
0.0694959
0.0691528
0.0688096
0.0684665
0.0681234
0.0677803
0.0674372
0.0670941
0.066751
0.0664079
0.0660648
0.0657217
0.0653785
0.0650354
0.0646923
0.0643492
0.064006
0.0636629
0.0633198
0.0629767
0.0626335
0.0622904
0.0619473
0.0616041
0.061261
0.0609179
0.0605747
0.0602316
0.0598884
0.0595453
0.0592022
0.058859
0.0585159
0.0581727
0.0578296
0.0574864
0.0571433
0.0568001
0.056457
0.0561139
0.0557708
0.0554276
0.0550845
0.0547413
0.0543982
0.0540551
0.0537119
0.0533688
0.0530256
0.0526825
0.0523393
0.0519962
0.051653
0.0513098
0.0509667
0.0506235
0.0502803
0.0499372
0.049594
0.0492508
0.0489077
0.0485645
0.0482213
0.0478781
0.0475349
0.0471918
0.0468486
0.0465054
0.0461623
0.0458191
0.0454759
0.0451328
0.0447896
0.0444464
0.0441033
0.0437601
0.0434169
0.0430738
0.0427306
0.0423875
0.0420443
0.0417011
0.041358
0.0410148
0.0406717
0.0403285
0.0399853
0.0396422
0.039299
0.0389558
0.0386126
0.0382695
0.0379263
0.0375831
0.0372399
0.0368967
0.0365536
0.0362104
0.0358672
0.035524
0.0351808
0.0348376
0.0344944
0.0341512
0.033808
0.0334649
0.0331217
0.0327785
0.0324353
0.0320921
0.0317489
0.0314057
0.0310625
0.0307193
0.0303761
0.0300329
0.0296897
0.0293465
0.0290033
0.02866
0.0283168
0.0279736
0.0276304
0.0272872
0.026944
0.0266008
0.0262576
0.0259144
0.0255712
0.025228
0.0248848
0.0245415
0.0241983
0.0238551
0.0235119
0.0231687
0.0228255
0.0224822
0.022139
0.0217958
0.0214526
0.0211093
0.0207661
0.0204229
0.0200796
0.0197364
0.0193932
0.0190499
0.0187067
0.0183635
0.0180203
0.017677
0.0173338
0.0169906
0.0166473
0.0163041
0.0159609
0.0156177
0.0152744
0.0149312
0.0145879
0.0142447
0.0139014
0.0135582
0.0132149
0.0128717
0.0125284
0.0121852
0.0118419
0.0114986
0.0111554
0.0108121
0.0104689
0.0101256
0.00978235
0.0094391
0.00909585
0.00875259
0.00840934
0.0080661
0.00772285
0.00737961
0.00703636
0.00669313
0.00634989
0.00600666
0.00566343
0.0053202
0.00497696
0.00463373
0.00429049
0.00394725
0.00360401
0.00326076
0.00291752
0.00257427
0.00223103
0.00188778
0.00154454
0.0012013
0.000858071
0.000514841
0.000171614
-0.206564
-0.204528
-0.202032
-0.199045
-0.195549
-0.191558
-0.187122
-0.182339
-0.177354
-0.172349
-0.167526
-0.163069
-0.159122
-0.155775
-0.153072
-0.151026
-0.149644
-0.148931
-0.148878
-0.149426
-0.1504
-0.151424
-0.152062
-0.152022
-0.151467
-0.150848
-0.150653
-0.151323
-0.153319
-0.15714
-0.163231
-0.171865
-0.183318
-0.197829
-0.215535
-0.236648
-0.261012
-0.288374
-0.3179
-0.347771
-0.375557
-0.398084
-0.411785
-0.413409
-0.400549
-0.37221
-0.328909
-0.273319
-0.209545
-0.142631
-0.0776322
-0.0187013
0.0314684
0.0716828
0.101954
0.123357
0.137288
0.145386
0.149182
0.149979
0.148806
0.146442
0.143444
0.140193
0.136931
0.133813
0.130914
0.128267
0.125883
0.123752
0.121856
0.120175
0.118684
0.11736
0.116183
0.115131
0.114188
0.113338
0.112566
0.111862
0.111215
0.110616
0.110057
0.109533
0.109038
0.108568
0.108118
0.107685
0.107267
0.106861
0.106465
0.106078
0.105698
0.105324
0.104956
0.104591
0.10423
0.103872
0.103517
0.103164
0.102812
0.102462
0.102113
0.101765
0.101418
0.101071
0.100725
0.10038
0.100035
0.0996905
0.0993463
0.0990022
0.0986584
0.0983147
0.0979711
0.0976277
0.0972844
0.0969411
0.096598
0.0962549
0.0959118
0.0955689
0.0952259
0.0948831
0.0945402
0.0941973
0.0938545
0.0935117
0.0931688
0.092826
0.0924831
0.0921402
0.0917973
0.0914544
0.0911114
0.0907684
0.0904254
0.0900824
0.0897394
0.0893963
0.0890533
0.0887102
0.0883671
0.088024
0.0876809
0.0873378
0.0869947
0.0866516
0.0863085
0.0859654
0.0856223
0.0852792
0.0849361
0.0845929
0.0842498
0.0839067
0.0835636
0.0832205
0.0828774
0.0825343
0.0821912
0.0818481
0.081505
0.0811618
0.0808187
0.0804756
0.0801325
0.0797894
0.0794463
0.0791032
0.0787601
0.0784169
0.0780738
0.0777307
0.0773876
0.0770445
0.0767014
0.0763583
0.0760151
0.075672
0.0753289
0.0749858
0.0746426
0.0742995
0.0739564
0.0736133
0.0732702
0.0729271
0.0725839
0.0722408
0.0718977
0.0715546
0.0712115
0.0708683
0.0705252
0.0701821
0.069839
0.0694959
0.0691528
0.0688096
0.0684665
0.0681234
0.0677803
0.0674372
0.0670941
0.066751
0.0664079
0.0660648
0.0657217
0.0653785
0.0650354
0.0646923
0.0643492
0.064006
0.0636629
0.0633198
0.0629767
0.0626335
0.0622904
0.0619473
0.0616041
0.061261
0.0609179
0.0605747
0.0602316
0.0598884
0.0595453
0.0592022
0.058859
0.0585159
0.0581727
0.0578296
0.0574864
0.0571433
0.0568001
0.056457
0.0561139
0.0557708
0.0554276
0.0550845
0.0547413
0.0543982
0.0540551
0.0537119
0.0533688
0.0530256
0.0526825
0.0523393
0.0519962
0.051653
0.0513098
0.0509667
0.0506235
0.0502803
0.0499372
0.049594
0.0492508
0.0489077
0.0485645
0.0482213
0.0478781
0.0475349
0.0471918
0.0468486
0.0465054
0.0461623
0.0458191
0.0454759
0.0451328
0.0447896
0.0444464
0.0441033
0.0437601
0.0434169
0.0430738
0.0427306
0.0423875
0.0420443
0.0417011
0.041358
0.0410148
0.0406717
0.0403285
0.0399853
0.0396422
0.039299
0.0389558
0.0386126
0.0382695
0.0379263
0.0375831
0.0372399
0.0368967
0.0365536
0.0362104
0.0358672
0.035524
0.0351808
0.0348376
0.0344944
0.0341512
0.033808
0.0334649
0.0331217
0.0327785
0.0324353
0.0320921
0.0317489
0.0314057
0.0310625
0.0307193
0.0303761
0.0300329
0.0296897
0.0293465
0.0290033
0.02866
0.0283168
0.0279736
0.0276304
0.0272872
0.026944
0.0266008
0.0262576
0.0259144
0.0255712
0.025228
0.0248848
0.0245415
0.0241983
0.0238551
0.0235119
0.0231687
0.0228255
0.0224822
0.022139
0.0217958
0.0214526
0.0211093
0.0207661
0.0204229
0.0200796
0.0197364
0.0193932
0.0190499
0.0187067
0.0183635
0.0180203
0.017677
0.0173338
0.0169906
0.0166473
0.0163041
0.0159609
0.0156177
0.0152744
0.0149312
0.0145879
0.0142447
0.0139014
0.0135582
0.0132149
0.0128717
0.0125284
0.0121852
0.0118419
0.0114986
0.0111554
0.0108121
0.0104689
0.0101256
0.00978235
0.0094391
0.00909584
0.00875259
0.00840934
0.0080661
0.00772285
0.00737961
0.00703636
0.00669313
0.00634989
0.00600666
0.00566343
0.0053202
0.00497696
0.00463373
0.00429049
0.00394725
0.00360401
0.00326076
0.00291752
0.00257427
0.00223103
0.00188778
0.00154454
0.0012013
0.000858071
0.000514841
0.000171614
-0.206563
-0.204529
-0.202034
-0.199049
-0.195559
-0.191578
-0.187157
-0.182397
-0.177445
-0.172486
-0.167718
-0.163321
-0.159437
-0.15615
-0.153495
-0.151476
-0.150089
-0.149333
-0.149207
-0.14966
-0.150511
-0.15139
-0.151868
-0.151755
-0.151203
-0.150643
-0.150528
-0.151288
-0.153384
-0.157319
-0.163541
-0.172358
-0.18401
-0.198753
-0.216768
-0.238164
-0.26271
-0.289971
-0.319041
-0.347936
-0.374368
-0.395428
-0.407915
-0.408683
-0.395433
-0.367307
-0.324593
-0.269633
-0.206562
-0.140418
-0.0761779
-0.0179075
0.0317502
0.0716151
0.101723
0.123077
0.136992
0.145136
0.149001
0.149865
0.148748
0.146426
0.143456
0.140221
0.136972
0.133858
0.130957
0.128308
0.12592
0.123785
0.121885
0.1202
0.118705
0.117379
0.116198
0.115144
0.114199
0.113347
0.112574
0.111868
0.11122
0.11062
0.110061
0.109536
0.109041
0.10857
0.108119
0.107686
0.107268
0.106862
0.106466
0.106079
0.105699
0.105325
0.104956
0.104592
0.104231
0.103873
0.103517
0.103164
0.102812
0.102462
0.102113
0.101765
0.101418
0.101071
0.100725
0.10038
0.100035
0.0996906
0.0993463
0.0990022
0.0986584
0.0983147
0.0979711
0.0976277
0.0972844
0.0969411
0.096598
0.0962549
0.0959119
0.0955689
0.095226
0.0948831
0.0945402
0.0941973
0.0938545
0.0935117
0.0931688
0.092826
0.0924831
0.0921402
0.0917973
0.0914544
0.0911114
0.0907684
0.0904254
0.0900824
0.0897394
0.0893963
0.0890533
0.0887102
0.0883671
0.088024
0.0876809
0.0873378
0.0869947
0.0866516
0.0863085
0.0859654
0.0856223
0.0852792
0.0849361
0.084593
0.0842498
0.0839067
0.0835636
0.0832205
0.0828774
0.0825343
0.0821912
0.0818481
0.081505
0.0811618
0.0808187
0.0804756
0.0801325
0.0797894
0.0794463
0.0791032
0.0787601
0.0784169
0.0780738
0.0777307
0.0773876
0.0770445
0.0767014
0.0763583
0.0760151
0.075672
0.0753289
0.0749858
0.0746426
0.0742995
0.0739564
0.0736133
0.0732702
0.0729271
0.0725839
0.0722408
0.0718977
0.0715546
0.0712115
0.0708683
0.0705252
0.0701821
0.069839
0.0694959
0.0691528
0.0688096
0.0684665
0.0681234
0.0677803
0.0674372
0.0670941
0.066751
0.0664079
0.0660648
0.0657217
0.0653785
0.0650354
0.0646923
0.0643492
0.064006
0.0636629
0.0633198
0.0629767
0.0626335
0.0622904
0.0619473
0.0616041
0.061261
0.0609179
0.0605747
0.0602316
0.0598884
0.0595453
0.0592022
0.058859
0.0585159
0.0581727
0.0578296
0.0574864
0.0571433
0.0568001
0.056457
0.0561139
0.0557708
0.0554276
0.0550845
0.0547413
0.0543982
0.0540551
0.0537119
0.0533688
0.0530256
0.0526825
0.0523393
0.0519962
0.051653
0.0513098
0.0509667
0.0506235
0.0502803
0.0499372
0.049594
0.0492508
0.0489076
0.0485645
0.0482213
0.0478781
0.0475349
0.0471918
0.0468486
0.0465054
0.0461623
0.0458191
0.0454759
0.0451328
0.0447896
0.0444464
0.0441033
0.0437601
0.0434169
0.0430738
0.0427306
0.0423875
0.0420443
0.0417011
0.041358
0.0410148
0.0406717
0.0403285
0.0399853
0.0396422
0.039299
0.0389558
0.0386126
0.0382695
0.0379263
0.0375831
0.0372399
0.0368967
0.0365536
0.0362104
0.0358672
0.035524
0.0351808
0.0348376
0.0344944
0.0341512
0.033808
0.0334649
0.0331217
0.0327785
0.0324353
0.0320921
0.0317489
0.0314057
0.0310625
0.0307193
0.0303761
0.0300329
0.0296897
0.0293465
0.0290033
0.02866
0.0283168
0.0279736
0.0276304
0.0272872
0.026944
0.0266008
0.0262576
0.0259144
0.0255712
0.025228
0.0248848
0.0245415
0.0241983
0.0238551
0.0235119
0.0231687
0.0228255
0.0224822
0.022139
0.0217958
0.0214526
0.0211093
0.0207661
0.0204229
0.0200796
0.0197364
0.0193932
0.0190499
0.0187067
0.0183635
0.0180203
0.017677
0.0173338
0.0169906
0.0166473
0.0163041
0.0159609
0.0156177
0.0152744
0.0149312
0.0145879
0.0142447
0.0139014
0.0135582
0.0132149
0.0128717
0.0125284
0.0121851
0.0118419
0.0114986
0.0111554
0.0108121
0.0104689
0.0101256
0.00978235
0.0094391
0.00909585
0.00875259
0.00840934
0.0080661
0.00772285
0.00737961
0.00703636
0.00669313
0.00634989
0.00600666
0.00566343
0.0053202
0.00497696
0.00463373
0.00429049
0.00394725
0.00360401
0.00326076
0.00291752
0.00257427
0.00223103
0.00188778
0.00154454
0.00120131
0.000858072
0.000514842
0.000171614
-0.208625
-0.202878
-0.208843
-0.230122
-0.262512
-0.292365
-0.312063
-0.322604
-0.327216
-0.326714
-0.319678
-0.311976
-0.313115
-0.321404
-0.333011
-0.351414
-0.376653
-0.405752
-0.433156
-0.452876
-0.459205
-0.449581
-0.425398
-0.390382
-0.348566
-0.303234
-0.256628
-0.209827
-0.163297
-0.117387
-0.0727115
-0.0303322
0.00828988
0.0414679
0.0676081
0.0856405
0.0951831
0.096492
0.0906894
0.0790816
0.0633914
0.0452637
0.0261321
0.00723542
-0.0104941
-0.0261741
-0.0390429
-0.0484496
-0.0538725
-0.0549894
-0.0517647
-0.0445065
-0.0338791
-0.0208215
-0.00648106
0.00815561
0.0222579
0.0352621
0.0468766
0.0570323
0.0657979
0.0733023
0.0796854
0.0850776
0.0895977
0.0933562
0.0964583
0.0990017
0.101075
0.102756
0.104109
0.10519
0.106044
0.106707
0.107211
0.107581
0.107838
0.108
0.108083
0.108098
0.108057
0.107968
0.107838
0.107675
0.107483
0.107266
0.10703
0.106776
0.106507
0.106227
0.105937
0.105637
0.105331
0.105019
0.104701
0.10438
0.104055
0.103727
0.103396
0.103063
0.102729
0.102393
0.102056
0.101718
0.101379
0.101039
0.100699
0.100359
0.100018
0.0996762
0.0993346
0.0989928
0.0986507
0.0983085
0.0979662
0.0976238
0.0972813
0.0969387
0.096596
0.0962533
0.0959105
0.0955677
0.0952249
0.0948821
0.0945393
0.0941966
0.0938538
0.0935111
0.0931684
0.0928257
0.0924829
0.0921401
0.0917973
0.0914544
0.0911115
0.0907685
0.0904255
0.0900825
0.0897395
0.0893964
0.0890534
0.0887103
0.0883672
0.0880241
0.087681
0.0873379
0.0869948
0.0866517
0.0863086
0.0859655
0.0856223
0.0852792
0.0849361
0.084593
0.0842499
0.0839068
0.0835636
0.0832205
0.0828774
0.0825343
0.0821912
0.0818481
0.081505
0.0811618
0.0808187
0.0804756
0.0801325
0.0797894
0.0794462
0.0791031
0.07876
0.0784169
0.0780737
0.0777306
0.0773875
0.0770444
0.0767013
0.0763582
0.0760151
0.075672
0.0753288
0.0749857
0.0746426
0.0742995
0.0739564
0.0736133
0.0732701
0.072927
0.0725839
0.0722408
0.0718977
0.0715546
0.0712115
0.0708683
0.0705252
0.0701821
0.069839
0.0694959
0.0691528
0.0688096
0.0684665
0.0681234
0.0677803
0.0674372
0.0670941
0.0667509
0.0664078
0.0660647
0.0657216
0.0653785
0.0650353
0.0646922
0.0643491
0.064006
0.0636629
0.0633197
0.0629766
0.0626335
0.0622904
0.0619473
0.0616041
0.061261
0.0609179
0.0605748
0.0602316
0.0598885
0.0595454
0.0592022
0.0588591
0.0585159
0.0581728
0.0578297
0.0574865
0.0571434
0.0568002
0.0564571
0.0561139
0.0557708
0.0554276
0.0550845
0.0547413
0.0543982
0.054055
0.0537119
0.0533687
0.0530255
0.0526824
0.0523392
0.0519961
0.0516529
0.0513097
0.0509666
0.0506234
0.0502802
0.0499371
0.0495939
0.0492508
0.0489076
0.0485645
0.0482213
0.0478782
0.047535
0.0471918
0.0468487
0.0465055
0.0461624
0.0458192
0.045476
0.0451329
0.0447897
0.0444465
0.0441034
0.0437602
0.043417
0.0430739
0.0427307
0.0423875
0.0420443
0.0417012
0.041358
0.0410148
0.0406717
0.0403285
0.0399853
0.0396421
0.0392989
0.0389558
0.0386126
0.0382694
0.0379262
0.0375831
0.0372399
0.0368967
0.0365535
0.0362103
0.0358671
0.035524
0.0351808
0.0348376
0.0344944
0.0341512
0.033808
0.0334648
0.0331216
0.0327784
0.0324352
0.032092
0.0317488
0.0314057
0.0310625
0.0307193
0.0303761
0.0300329
0.0296897
0.0293465
0.0290033
0.0286601
0.0283169
0.0279737
0.0276305
0.0272872
0.026944
0.0266008
0.0262576
0.0259144
0.0255712
0.025228
0.0248848
0.0245416
0.0241984
0.0238551
0.0235119
0.0231687
0.0228255
0.0224822
0.022139
0.0217958
0.0214526
0.0211094
0.0207661
0.0204229
0.0200797
0.0197365
0.0193932
0.01905
0.0187068
0.0183635
0.0180203
0.0176771
0.0173338
0.0169906
0.0166473
0.016304
0.0159608
0.0156175
0.0152743
0.014931
0.0145878
0.0142446
0.0139013
0.0135581
0.0132149
0.0128716
0.0125284
0.0121852
0.0118419
0.0114987
0.0111554
0.0108122
0.0104689
0.0101257
0.00978242
0.00943916
0.0090959
0.00875265
0.00840939
0.00806614
0.00772289
0.00737964
0.0070364
0.00669315
0.00634991
0.00600666
0.00566341
0.00532016
0.00497692
0.00463367
0.00429043
0.0039472
0.00360397
0.00326074
0.00291751
0.00257428
0.00223105
0.00188781
0.00154457
0.00120133
0.000858093
0.000514855
0.000171618
-0.209404
-0.204736
-0.212139
-0.234783
-0.26832
-0.299047
-0.317467
-0.324402
-0.32655
-0.325741
-0.319968
-0.312411
-0.313565
-0.321342
-0.331161
-0.347759
-0.373706
-0.405847
-0.437997
-0.461226
-0.468197
-0.457284
-0.43112
-0.394163
-0.350862
-0.30481
-0.257935
-0.211128
-0.164701
-0.118892
-0.0742371
-0.031774
0.0070233
0.0404416
0.0668477
0.0851298
0.0948415
0.0962664
0.0904963
0.0788964
0.0631747
0.0449964
0.025815
0.00683679
-0.010919
-0.0266517
-0.0395961
-0.049082
-0.0545636
-0.0556961
-0.0524311
-0.0450792
-0.0343245
-0.0211612
-0.00663241
0.0081592
0.0223692
0.0354304
0.0470619
0.0572094
0.0659557
0.0734392
0.0798041
0.0851811
0.0896878
0.0934341
0.0965246
0.0990576
0.101122
0.102794
0.104141
0.105217
0.106066
0.106725
0.107226
0.107593
0.107848
0.108009
0.10809
0.108104
0.108062
0.107972
0.107842
0.107678
0.107485
0.107268
0.107031
0.106777
0.106509
0.106228
0.105937
0.105638
0.105332
0.105019
0.104702
0.10438
0.104055
0.103727
0.103396
0.103063
0.102729
0.102393
0.102056
0.101718
0.101379
0.101039
0.100699
0.100359
0.100018
0.0996763
0.0993346
0.0989928
0.0986507
0.0983085
0.0979662
0.0976238
0.0972813
0.0969387
0.096596
0.0962533
0.0959105
0.0955677
0.0952249
0.0948821
0.0945393
0.0941966
0.0938538
0.0935111
0.0931684
0.0928257
0.0924829
0.0921401
0.0917973
0.0914544
0.0911115
0.0907685
0.0904255
0.0900825
0.0897395
0.0893964
0.0890534
0.0887103
0.0883672
0.0880241
0.087681
0.0873379
0.0869948
0.0866517
0.0863086
0.0859655
0.0856223
0.0852792
0.0849361
0.084593
0.0842499
0.0839068
0.0835636
0.0832205
0.0828774
0.0825343
0.0821912
0.0818481
0.081505
0.0811618
0.0808187
0.0804756
0.0801325
0.0797894
0.0794462
0.0791031
0.07876
0.0784169
0.0780737
0.0777306
0.0773875
0.0770444
0.0767013
0.0763582
0.0760151
0.075672
0.0753288
0.0749857
0.0746426
0.0742995
0.0739564
0.0736133
0.0732701
0.072927
0.0725839
0.0722408
0.0718977
0.0715546
0.0712115
0.0708683
0.0705252
0.0701821
0.069839
0.0694959
0.0691528
0.0688096
0.0684665
0.0681234
0.0677803
0.0674372
0.0670941
0.0667509
0.0664078
0.0660647
0.0657216
0.0653785
0.0650353
0.0646922
0.0643491
0.064006
0.0636629
0.0633197
0.0629766
0.0626335
0.0622904
0.0619473
0.0616041
0.061261
0.0609179
0.0605748
0.0602316
0.0598885
0.0595454
0.0592022
0.0588591
0.0585159
0.0581728
0.0578297
0.0574865
0.0571434
0.0568002
0.0564571
0.0561139
0.0557708
0.0554276
0.0550845
0.0547413
0.0543982
0.054055
0.0537119
0.0533687
0.0530255
0.0526824
0.0523392
0.0519961
0.0516529
0.0513097
0.0509666
0.0506234
0.0502802
0.0499371
0.0495939
0.0492508
0.0489076
0.0485645
0.0482213
0.0478782
0.047535
0.0471918
0.0468487
0.0465055
0.0461624
0.0458192
0.045476
0.0451329
0.0447897
0.0444465
0.0441034
0.0437602
0.043417
0.0430739
0.0427307
0.0423875
0.0420443
0.0417012
0.041358
0.0410148
0.0406717
0.0403285
0.0399853
0.0396421
0.0392989
0.0389558
0.0386126
0.0382694
0.0379262
0.0375831
0.0372399
0.0368967
0.0365535
0.0362103
0.0358671
0.035524
0.0351808
0.0348376
0.0344944
0.0341512
0.033808
0.0334648
0.0331216
0.0327784
0.0324352
0.032092
0.0317488
0.0314057
0.0310625
0.0307193
0.0303761
0.0300329
0.0296897
0.0293465
0.0290033
0.0286601
0.0283169
0.0279737
0.0276305
0.0272872
0.026944
0.0266008
0.0262576
0.0259144
0.0255712
0.025228
0.0248848
0.0245416
0.0241984
0.0238551
0.0235119
0.0231687
0.0228255
0.0224822
0.022139
0.0217958
0.0214526
0.0211094
0.0207661
0.0204229
0.0200797
0.0197365
0.0193932
0.01905
0.0187068
0.0183635
0.0180203
0.0176771
0.0173338
0.0169906
0.0166473
0.016304
0.0159608
0.0156175
0.0152743
0.014931
0.0145878
0.0142446
0.0139013
0.0135581
0.0132149
0.0128716
0.0125284
0.0121852
0.0118419
0.0114987
0.0111554
0.0108122
0.0104689
0.0101257
0.00978242
0.00943916
0.0090959
0.00875265
0.00840939
0.00806614
0.00772289
0.00737964
0.0070364
0.00669315
0.00634991
0.00600666
0.00566341
0.00532016
0.00497692
0.00463367
0.00429043
0.0039472
0.00360397
0.00326074
0.00291751
0.00257428
0.00223105
0.00188781
0.00154457
0.00120133
0.000858092
0.000514855
0.000171618
-0.210649
-0.20754
-0.217752
-0.24305
-0.278644
-0.311246
-0.330006
-0.333765
-0.329532
-0.32376
-0.316276
-0.309836
-0.312756
-0.320848
-0.331314
-0.352744
-0.386612
-0.426781
-0.462604
-0.484211
-0.486674
-0.47066
-0.440036
-0.39974
-0.35444
-0.307302
-0.260024
-0.213213
-0.166939
-0.121258
-0.0765904
-0.0339495
0.00515692
0.0389715
0.065782
0.0844299
0.0944224
0.0960049
0.0902646
0.078621
0.0627696
0.044394
0.0249635
0.00571821
-0.0122814
-0.028208
-0.0412851
-0.0508318
-0.0562891
-0.0573
-0.0538114
-0.0461396
-0.0350054
-0.0214153
-0.00655093
0.00849906
0.0228665
0.0359907
0.0476144
0.0577133
0.0663957
0.0738166
0.0801268
0.0854576
0.0899245
0.0936358
0.0966952
0.0992009
0.101242
0.102894
0.104225
0.105286
0.106124
0.106774
0.107267
0.107627
0.107877
0.108033
0.10811
0.108121
0.108076
0.107984
0.107852
0.107686
0.107492
0.107274
0.107036
0.106781
0.106512
0.106231
0.10594
0.10564
0.105333
0.105021
0.104703
0.104381
0.104056
0.103727
0.103397
0.103064
0.102729
0.102393
0.102056
0.101718
0.101379
0.10104
0.100699
0.100359
0.100018
0.0996763
0.0993347
0.0989928
0.0986508
0.0983085
0.0979662
0.0976238
0.0972813
0.0969387
0.096596
0.0962533
0.0959105
0.0955677
0.0952249
0.0948821
0.0945393
0.0941966
0.0938538
0.0935111
0.0931684
0.0928257
0.0924829
0.0921401
0.0917973
0.0914544
0.0911115
0.0907685
0.0904256
0.0900825
0.0897395
0.0893964
0.0890534
0.0887103
0.0883672
0.0880241
0.087681
0.0873379
0.0869948
0.0866517
0.0863086
0.0859655
0.0856223
0.0852792
0.0849361
0.084593
0.0842499
0.0839068
0.0835636
0.0832205
0.0828774
0.0825343
0.0821912
0.0818481
0.081505
0.0811618
0.0808187
0.0804756
0.0801325
0.0797894
0.0794462
0.0791031
0.07876
0.0784169
0.0780737
0.0777306
0.0773875
0.0770444
0.0767013
0.0763582
0.0760151
0.075672
0.0753288
0.0749857
0.0746426
0.0742995
0.0739564
0.0736133
0.0732702
0.072927
0.0725839
0.0722408
0.0718977
0.0715546
0.0712115
0.0708683
0.0705252
0.0701821
0.069839
0.0694959
0.0691528
0.0688096
0.0684665
0.0681234
0.0677803
0.0674372
0.0670941
0.0667509
0.0664078
0.0660647
0.0657216
0.0653785
0.0650353
0.0646922
0.0643491
0.064006
0.0636629
0.0633197
0.0629766
0.0626335
0.0622904
0.0619473
0.0616041
0.061261
0.0609179
0.0605748
0.0602316
0.0598885
0.0595454
0.0592022
0.0588591
0.0585159
0.0581728
0.0578297
0.0574865
0.0571434
0.0568002
0.0564571
0.0561139
0.0557708
0.0554276
0.0550845
0.0547413
0.0543982
0.054055
0.0537119
0.0533687
0.0530255
0.0526824
0.0523392
0.0519961
0.0516529
0.0513097
0.0509666
0.0506234
0.0502802
0.0499371
0.0495939
0.0492508
0.0489076
0.0485645
0.0482213
0.0478782
0.047535
0.0471918
0.0468487
0.0465055
0.0461624
0.0458192
0.045476
0.0451329
0.0447897
0.0444465
0.0441034
0.0437602
0.043417
0.0430739
0.0427307
0.0423875
0.0420443
0.0417012
0.041358
0.0410148
0.0406717
0.0403285
0.0399853
0.0396421
0.0392989
0.0389558
0.0386126
0.0382694
0.0379262
0.0375831
0.0372399
0.0368967
0.0365535
0.0362103
0.0358671
0.035524
0.0351808
0.0348376
0.0344944
0.0341512
0.033808
0.0334648
0.0331216
0.0327784
0.0324352
0.032092
0.0317489
0.0314057
0.0310625
0.0307193
0.0303761
0.0300329
0.0296897
0.0293465
0.0290033
0.0286601
0.0283169
0.0279737
0.0276305
0.0272872
0.026944
0.0266008
0.0262576
0.0259144
0.0255712
0.025228
0.0248848
0.0245416
0.0241983
0.0238551
0.0235119
0.0231687
0.0228255
0.0224822
0.022139
0.0217958
0.0214526
0.0211094
0.0207661
0.0204229
0.0200797
0.0197365
0.0193932
0.01905
0.0187068
0.0183635
0.0180203
0.0176771
0.0173338
0.0169906
0.0166473
0.016304
0.0159608
0.0156175
0.0152743
0.0149311
0.0145878
0.0142446
0.0139013
0.0135581
0.0132149
0.0128716
0.0125284
0.0121852
0.0118419
0.0114987
0.0111554
0.0108122
0.0104689
0.0101257
0.00978242
0.00943916
0.0090959
0.00875264
0.00840939
0.00806614
0.00772289
0.00737964
0.0070364
0.00669315
0.00634991
0.00600666
0.00566341
0.00532016
0.00497692
0.00463367
0.00429043
0.0039472
0.00360397
0.00326074
0.00291751
0.00257428
0.00223105
0.00188781
0.00154457
0.00120133
0.000858092
0.000514855
0.000171618
-0.212456
-0.211605
-0.225316
-0.253749
-0.291879
-0.32587
-0.344715
-0.346199
-0.335195
-0.321164
-0.309374
-0.304538
-0.310223
-0.320789
-0.337391
-0.369837
-0.414637
-0.459799
-0.493839
-0.510079
-0.506576
-0.485217
-0.450159
-0.406544
-0.359038
-0.310719
-0.263022
-0.216234
-0.170137
-0.124589
-0.0798957
-0.0370346
0.0024347
0.0367092
0.0639458
0.0829485
0.0931683
0.0948554
0.0890929
0.0773645
0.0613727
0.042805
0.0231416
0.00366902
-0.0146183
-0.0307664
-0.0439953
-0.0535985
-0.0589765
-0.0597457
-0.0558519
-0.0476349
-0.035901
-0.0217405
-0.00636273
0.00908073
0.023695
0.0369228
0.048534
0.058547
0.0671136
0.0744198
0.0806309
0.08588
0.0902796
0.0939344
0.0969459
0.0994107
0.101417
0.103041
0.104347
0.105389
0.10621
0.106846
0.107327
0.107678
0.107919
0.108068
0.10814
0.108146
0.108097
0.108001
0.107866
0.107698
0.107502
0.107282
0.107043
0.106787
0.106517
0.106235
0.105943
0.105643
0.105336
0.105022
0.104704
0.104382
0.104057
0.103728
0.103397
0.103064
0.10273
0.102394
0.102056
0.101718
0.101379
0.10104
0.100699
0.100359
0.100018
0.0996764
0.0993347
0.0989928
0.0986508
0.0983086
0.0979662
0.0976238
0.0972813
0.0969387
0.096596
0.0962533
0.0959105
0.0955677
0.0952249
0.0948821
0.0945393
0.0941966
0.0938538
0.0935111
0.0931684
0.0928257
0.0924829
0.0921401
0.0917973
0.0914544
0.0911115
0.0907685
0.0904256
0.0900825
0.0897395
0.0893964
0.0890534
0.0887103
0.0883672
0.0880241
0.087681
0.0873379
0.0869948
0.0866517
0.0863086
0.0859655
0.0856223
0.0852792
0.0849361
0.084593
0.0842499
0.0839068
0.0835636
0.0832205
0.0828774
0.0825343
0.0821912
0.0818481
0.081505
0.0811618
0.0808187
0.0804756
0.0801325
0.0797894
0.0794462
0.0791031
0.07876
0.0784169
0.0780737
0.0777306
0.0773875
0.0770444
0.0767013
0.0763582
0.0760151
0.075672
0.0753288
0.0749857
0.0746426
0.0742995
0.0739564
0.0736133
0.0732702
0.072927
0.0725839
0.0722408
0.0718977
0.0715546
0.0712115
0.0708683
0.0705252
0.0701821
0.069839
0.0694959
0.0691528
0.0688096
0.0684665
0.0681234
0.0677803
0.0674372
0.0670941
0.0667509
0.0664078
0.0660647
0.0657216
0.0653785
0.0650353
0.0646922
0.0643491
0.064006
0.0636629
0.0633197
0.0629766
0.0626335
0.0622904
0.0619473
0.0616041
0.061261
0.0609179
0.0605748
0.0602316
0.0598885
0.0595454
0.0592022
0.0588591
0.0585159
0.0581728
0.0578297
0.0574865
0.0571434
0.0568002
0.0564571
0.0561139
0.0557708
0.0554276
0.0550845
0.0547413
0.0543982
0.054055
0.0537119
0.0533687
0.0530255
0.0526824
0.0523392
0.0519961
0.0516529
0.0513097
0.0509666
0.0506234
0.0502802
0.0499371
0.0495939
0.0492508
0.0489076
0.0485645
0.0482213
0.0478782
0.047535
0.0471918
0.0468487
0.0465055
0.0461624
0.0458192
0.045476
0.0451329
0.0447897
0.0444465
0.0441034
0.0437602
0.043417
0.0430739
0.0427307
0.0423875
0.0420443
0.0417012
0.041358
0.0410148
0.0406717
0.0403285
0.0399853
0.0396421
0.0392989
0.0389558
0.0386126
0.0382694
0.0379262
0.0375831
0.0372399
0.0368967
0.0365535
0.0362103
0.0358671
0.035524
0.0351808
0.0348376
0.0344944
0.0341512
0.033808
0.0334648
0.0331216
0.0327784
0.0324352
0.032092
0.0317489
0.0314057
0.0310625
0.0307193
0.0303761
0.0300329
0.0296897
0.0293465
0.0290033
0.0286601
0.0283169
0.0279737
0.0276305
0.0272872
0.026944
0.0266008
0.0262576
0.0259144
0.0255712
0.025228
0.0248848
0.0245416
0.0241983
0.0238551
0.0235119
0.0231687
0.0228255
0.0224822
0.022139
0.0217958
0.0214526
0.0211094
0.0207661
0.0204229
0.0200797
0.0197365
0.0193932
0.01905
0.0187068
0.0183635
0.0180203
0.0176771
0.0173338
0.0169906
0.0166473
0.016304
0.0159608
0.0156175
0.0152743
0.0149311
0.0145878
0.0142446
0.0139013
0.0135581
0.0132149
0.0128716
0.0125284
0.0121852
0.0118419
0.0114987
0.0111554
0.0108122
0.0104689
0.0101257
0.00978242
0.00943916
0.0090959
0.00875264
0.00840939
0.00806614
0.00772289
0.00737964
0.0070364
0.00669315
0.00634991
0.00600666
0.00566341
0.00532016
0.00497692
0.00463367
0.00429044
0.0039472
0.00360397
0.00326074
0.00291751
0.00257428
0.00223105
0.00188781
0.00154457
0.00120133
0.000858092
0.000514855
0.000171618
-0.214812
-0.216663
-0.233464
-0.264974
-0.305887
-0.341014
-0.359271
-0.358577
-0.342233
-0.3204
-0.303573
-0.299214
-0.308818
-0.324224
-0.352546
-0.39741
-0.448636
-0.493697
-0.524102
-0.535508
-0.526914
-0.500687
-0.461227
-0.414146
-0.364345
-0.314824
-0.266732
-0.220007
-0.174117
-0.128723
-0.0840239
-0.040966
-0.00114604
0.0334802
0.0610358
0.0802164
0.0904633
0.0920685
0.0861379
0.0742277
0.0580808
0.0394003
0.0196466
0.000116102
-0.0182701
-0.0345011
-0.0477892
-0.057391
-0.0626489
-0.0631271
-0.0587452
-0.0498715
-0.0373484
-0.0223544
-0.00622047
0.00980116
0.0247771
0.0381645
0.0497805
0.0596995
0.0681229
0.0752743
0.081342
0.0864688
0.0907679
0.0943404
0.0972841
0.0996928
0.101652
0.103238
0.104512
0.105526
0.106325
0.106942
0.107408
0.107746
0.107976
0.108116
0.10818
0.108179
0.108125
0.108024
0.107886
0.107714
0.107515
0.107294
0.107052
0.106795
0.106523
0.10624
0.105947
0.105646
0.105339
0.105025
0.104707
0.104384
0.104058
0.103729
0.103398
0.103065
0.10273
0.102394
0.102057
0.101719
0.10138
0.10104
0.1007
0.100359
0.100018
0.0996765
0.0993348
0.0989929
0.0986508
0.0983086
0.0979663
0.0976238
0.0972813
0.0969387
0.096596
0.0962533
0.0959105
0.0955677
0.0952249
0.0948821
0.0945393
0.0941966
0.0938538
0.0935111
0.0931684
0.0928257
0.0924829
0.0921401
0.0917973
0.0914544
0.0911115
0.0907685
0.0904256
0.0900825
0.0897395
0.0893964
0.0890534
0.0887103
0.0883672
0.0880241
0.087681
0.0873379
0.0869948
0.0866517
0.0863086
0.0859655
0.0856223
0.0852792
0.0849361
0.084593
0.0842499
0.0839068
0.0835636
0.0832205
0.0828774
0.0825343
0.0821912
0.0818481
0.081505
0.0811618
0.0808187
0.0804756
0.0801325
0.0797894
0.0794462
0.0791031
0.07876
0.0784169
0.0780737
0.0777306
0.0773875
0.0770444
0.0767013
0.0763582
0.0760151
0.075672
0.0753288
0.0749857
0.0746426
0.0742995
0.0739564
0.0736133
0.0732702
0.072927
0.0725839
0.0722408
0.0718977
0.0715546
0.0712115
0.0708683
0.0705252
0.0701821
0.069839
0.0694959
0.0691528
0.0688096
0.0684665
0.0681234
0.0677803
0.0674372
0.0670941
0.0667509
0.0664078
0.0660647
0.0657216
0.0653785
0.0650353
0.0646922
0.0643491
0.064006
0.0636629
0.0633197
0.0629766
0.0626335
0.0622904
0.0619473
0.0616041
0.061261
0.0609179
0.0605748
0.0602316
0.0598885
0.0595454
0.0592022
0.0588591
0.0585159
0.0581728
0.0578297
0.0574865
0.0571434
0.0568002
0.0564571
0.0561139
0.0557708
0.0554276
0.0550845
0.0547413
0.0543982
0.054055
0.0537119
0.0533687
0.0530255
0.0526824
0.0523392
0.0519961
0.0516529
0.0513097
0.0509666
0.0506234
0.0502803
0.0499371
0.0495939
0.0492508
0.0489076
0.0485645
0.0482213
0.0478782
0.047535
0.0471918
0.0468487
0.0465055
0.0461624
0.0458192
0.045476
0.0451329
0.0447897
0.0444465
0.0441034
0.0437602
0.043417
0.0430739
0.0427307
0.0423875
0.0420443
0.0417012
0.041358
0.0410148
0.0406717
0.0403285
0.0399853
0.0396421
0.0392989
0.0389558
0.0386126
0.0382694
0.0379262
0.0375831
0.0372399
0.0368967
0.0365535
0.0362103
0.0358671
0.035524
0.0351808
0.0348376
0.0344944
0.0341512
0.033808
0.0334648
0.0331216
0.0327784
0.0324352
0.032092
0.0317489
0.0314057
0.0310625
0.0307193
0.0303761
0.0300329
0.0296897
0.0293465
0.0290033
0.0286601
0.0283169
0.0279737
0.0276305
0.0272872
0.026944
0.0266008
0.0262576
0.0259144
0.0255712
0.025228
0.0248848
0.0245416
0.0241983
0.0238551
0.0235119
0.0231687
0.0228255
0.0224822
0.022139
0.0217958
0.0214526
0.0211094
0.0207661
0.0204229
0.0200797
0.0197365
0.0193932
0.01905
0.0187068
0.0183635
0.0180203
0.0176771
0.0173338
0.0169906
0.0166473
0.016304
0.0159608
0.0156175
0.0152743
0.0149311
0.0145878
0.0142446
0.0139013
0.0135581
0.0132149
0.0128716
0.0125284
0.0121852
0.0118419
0.0114987
0.0111554
0.0108122
0.0104689
0.0101257
0.00978242
0.00943916
0.0090959
0.00875264
0.00840939
0.00806614
0.00772289
0.00737964
0.0070364
0.00669315
0.00634991
0.00600666
0.00566341
0.00532016
0.00497692
0.00463367
0.00429044
0.0039472
0.00360397
0.00326074
0.00291751
0.00257428
0.00223104
0.00188781
0.00154457
0.00120133
0.000858092
0.000514854
0.000171618
-0.217533
-0.222077
-0.241046
-0.275304
-0.318862
-0.354773
-0.371945
-0.369275
-0.349515
-0.322453
-0.301922
-0.298631
-0.310526
-0.334447
-0.375708
-0.428861
-0.481969
-0.525564
-0.55334
-0.561262
-0.548287
-0.517348
-0.473311
-0.42258
-0.370386
-0.319644
-0.271177
-0.224543
-0.178882
-0.133662
-0.0889685
-0.0457897
-0.00578205
0.0289833
0.0565374
0.0755247
0.0854265
0.0866193
0.0802772
0.0680392
0.0517038
0.0329975
0.0133966
-0.00596532
-0.024022
-0.0399354
-0.0529543
-0.0623042
-0.0672659
-0.067329
-0.0623581
-0.0527253
-0.03927
-0.0233109
-0.00626723
0.0105019
0.0259878
0.0396349
0.0513039
0.0611393
0.0694084
0.0763812
0.082274
0.0872441
0.0914097
0.0948719
0.0977252
0.10006
0.101959
0.103494
0.104726
0.105706
0.106475
0.107069
0.107514
0.107834
0.10805
0.108178
0.108232
0.108223
0.108161
0.108055
0.107911
0.107735
0.107533
0.107308
0.107065
0.106805
0.106532
0.106247
0.105953
0.105651
0.105343
0.105028
0.104709
0.104386
0.10406
0.103731
0.103399
0.103066
0.102731
0.102395
0.102057
0.101719
0.10138
0.10104
0.1007
0.100359
0.100018
0.0996766
0.0993349
0.098993
0.0986509
0.0983087
0.0979663
0.0976239
0.0972813
0.0969387
0.096596
0.0962533
0.0959105
0.0955677
0.0952249
0.0948821
0.0945393
0.0941966
0.0938539
0.0935111
0.0931684
0.0928257
0.0924829
0.0921401
0.0917973
0.0914544
0.0911115
0.0907685
0.0904256
0.0900825
0.0897395
0.0893964
0.0890534
0.0887103
0.0883672
0.0880241
0.087681
0.0873379
0.0869948
0.0866517
0.0863086
0.0859655
0.0856223
0.0852792
0.0849361
0.084593
0.0842499
0.0839068
0.0835636
0.0832205
0.0828774
0.0825343
0.0821912
0.0818481
0.081505
0.0811618
0.0808187
0.0804756
0.0801325
0.0797894
0.0794462
0.0791031
0.07876
0.0784169
0.0780737
0.0777306
0.0773875
0.0770444
0.0767013
0.0763582
0.0760151
0.075672
0.0753288
0.0749857
0.0746426
0.0742995
0.0739564
0.0736133
0.0732702
0.072927
0.0725839
0.0722408
0.0718977
0.0715546
0.0712115
0.0708683
0.0705252
0.0701821
0.069839
0.0694959
0.0691528
0.0688096
0.0684665
0.0681234
0.0677803
0.0674372
0.0670941
0.0667509
0.0664078
0.0660647
0.0657216
0.0653785
0.0650354
0.0646922
0.0643491
0.064006
0.0636629
0.0633197
0.0629766
0.0626335
0.0622904
0.0619473
0.0616041
0.061261
0.0609179
0.0605748
0.0602316
0.0598885
0.0595454
0.0592022
0.0588591
0.0585159
0.0581728
0.0578297
0.0574865
0.0571434
0.0568002
0.0564571
0.0561139
0.0557708
0.0554276
0.0550845
0.0547413
0.0543982
0.054055
0.0537119
0.0533687
0.0530255
0.0526824
0.0523392
0.0519961
0.0516529
0.0513097
0.0509666
0.0506234
0.0502803
0.0499371
0.0495939
0.0492508
0.0489076
0.0485645
0.0482213
0.0478782
0.047535
0.0471918
0.0468487
0.0465055
0.0461624
0.0458192
0.045476
0.0451329
0.0447897
0.0444465
0.0441034
0.0437602
0.043417
0.0430739
0.0427307
0.0423875
0.0420443
0.0417012
0.041358
0.0410148
0.0406717
0.0403285
0.0399853
0.0396421
0.0392989
0.0389558
0.0386126
0.0382694
0.0379262
0.0375831
0.0372399
0.0368967
0.0365535
0.0362103
0.0358671
0.035524
0.0351808
0.0348376
0.0344944
0.0341512
0.033808
0.0334648
0.0331216
0.0327784
0.0324352
0.0320921
0.0317489
0.0314057
0.0310625
0.0307193
0.0303761
0.0300329
0.0296897
0.0293465
0.0290033
0.0286601
0.0283169
0.0279737
0.0276305
0.0272872
0.026944
0.0266008
0.0262576
0.0259144
0.0255712
0.025228
0.0248848
0.0245416
0.0241983
0.0238551
0.0235119
0.0231687
0.0228255
0.0224822
0.022139
0.0217958
0.0214526
0.0211094
0.0207661
0.0204229
0.0200797
0.0197365
0.0193932
0.01905
0.0187068
0.0183635
0.0180203
0.0176771
0.0173338
0.0169906
0.0166473
0.016304
0.0159608
0.0156175
0.0152743
0.0149311
0.0145878
0.0142446
0.0139013
0.0135581
0.0132149
0.0128716
0.0125284
0.0121852
0.0118419
0.0114987
0.0111554
0.0108122
0.0104689
0.0101257
0.00978242
0.00943916
0.0090959
0.00875264
0.00840939
0.00806613
0.00772289
0.00737964
0.00703639
0.00669315
0.0063499
0.00600666
0.00566341
0.00532016
0.00497692
0.00463368
0.00429044
0.0039472
0.00360397
0.00326074
0.00291751
0.00257428
0.00223104
0.00188781
0.00154457
0.00120133
0.000858091
0.000514854
0.000171618
-0.220298
-0.226903
-0.247066
-0.283479
-0.329074
-0.365214
-0.381104
-0.376881
-0.355654
-0.326594
-0.30491
-0.303029
-0.317487
-0.351406
-0.402017
-0.459042
-0.512654
-0.555871
-0.582505
-0.587762
-0.571035
-0.535049
-0.486278
-0.4318
-0.377174
-0.325213
-0.276382
-0.229844
-0.184413
-0.139364
-0.0947375
-0.0515755
-0.0116576
0.0228234
0.0498417
0.0680556
0.0770481
0.0773407
0.0702332
0.0574726
0.0409248
0.0223292
0.00313287
-0.0155978
-0.0327972
-0.047795
-0.0599434
-0.0685115
-0.0727625
-0.0721226
-0.0663805
-0.0558548
-0.0413809
-0.0244086
-0.00637458
0.011235
0.0273228
0.0413048
0.0530721
0.0628393
0.0709493
0.0777281
0.083424
0.0882107
0.092215
0.0955403
0.0982802
0.100522
0.102344
0.103816
0.104996
0.105932
0.106665
0.107228
0.107647
0.107946
0.108144
0.108257
0.108298
0.108278
0.108207
0.108093
0.107943
0.107762
0.107555
0.107327
0.10708
0.106818
0.106542
0.106256
0.105961
0.105657
0.105348
0.105032
0.104713
0.104389
0.104062
0.103733
0.103401
0.103067
0.102732
0.102396
0.102058
0.10172
0.10138
0.101041
0.1007
0.100359
0.100018
0.0996768
0.099335
0.0989931
0.098651
0.0983087
0.0979664
0.0976239
0.0972814
0.0969387
0.096596
0.0962533
0.0959105
0.0955677
0.0952249
0.0948821
0.0945393
0.0941966
0.0938539
0.0935112
0.0931684
0.0928257
0.0924829
0.0921402
0.0917973
0.0914544
0.0911115
0.0907685
0.0904256
0.0900825
0.0897395
0.0893964
0.0890534
0.0887103
0.0883672
0.0880241
0.087681
0.0873379
0.0869948
0.0866517
0.0863086
0.0859655
0.0856223
0.0852792
0.0849361
0.084593
0.0842499
0.0839068
0.0835636
0.0832205
0.0828774
0.0825343
0.0821912
0.0818481
0.081505
0.0811618
0.0808187
0.0804756
0.0801325
0.0797893
0.0794462
0.0791031
0.07876
0.0784169
0.0780738
0.0777306
0.0773875
0.0770444
0.0767013
0.0763582
0.0760151
0.075672
0.0753288
0.0749857
0.0746426
0.0742995
0.0739564
0.0736133
0.0732702
0.072927
0.0725839
0.0722408
0.0718977
0.0715546
0.0712115
0.0708683
0.0705252
0.0701821
0.069839
0.0694959
0.0691528
0.0688096
0.0684665
0.0681234
0.0677803
0.0674372
0.0670941
0.0667509
0.0664078
0.0660647
0.0657216
0.0653785
0.0650354
0.0646922
0.0643491
0.064006
0.0636629
0.0633197
0.0629766
0.0626335
0.0622904
0.0619473
0.0616041
0.061261
0.0609179
0.0605748
0.0602316
0.0598885
0.0595454
0.0592022
0.0588591
0.0585159
0.0581728
0.0578297
0.0574865
0.0571434
0.0568002
0.0564571
0.0561139
0.0557708
0.0554276
0.0550845
0.0547413
0.0543982
0.054055
0.0537119
0.0533687
0.0530255
0.0526824
0.0523392
0.0519961
0.0516529
0.0513097
0.0509666
0.0506234
0.0502803
0.0499371
0.0495939
0.0492508
0.0489076
0.0485645
0.0482213
0.0478782
0.047535
0.0471918
0.0468487
0.0465055
0.0461624
0.0458192
0.045476
0.0451329
0.0447897
0.0444465
0.0441034
0.0437602
0.043417
0.0430739
0.0427307
0.0423875
0.0420443
0.0417012
0.041358
0.0410148
0.0406717
0.0403285
0.0399853
0.0396421
0.0392989
0.0389558
0.0386126
0.0382694
0.0379262
0.0375831
0.0372399
0.0368967
0.0365535
0.0362103
0.0358671
0.0355239
0.0351808
0.0348376
0.0344944
0.0341512
0.033808
0.0334648
0.0331216
0.0327784
0.0324352
0.0320921
0.0317489
0.0314057
0.0310625
0.0307193
0.0303761
0.0300329
0.0296897
0.0293465
0.0290033
0.0286601
0.0283169
0.0279737
0.0276305
0.0272872
0.026944
0.0266008
0.0262576
0.0259144
0.0255712
0.025228
0.0248848
0.0245416
0.0241983
0.0238551
0.0235119
0.0231687
0.0228255
0.0224822
0.022139
0.0217958
0.0214526
0.0211094
0.0207661
0.0204229
0.0200797
0.0197365
0.0193932
0.01905
0.0187068
0.0183635
0.0180203
0.0176771
0.0173338
0.0169906
0.0166473
0.0163041
0.0159608
0.0156175
0.0152743
0.0149311
0.0145878
0.0142446
0.0139013
0.0135581
0.0132149
0.0128716
0.0125284
0.0121852
0.0118419
0.0114987
0.0111554
0.0108122
0.0104689
0.0101257
0.00978242
0.00943916
0.0090959
0.00875264
0.00840939
0.00806613
0.00772288
0.00737964
0.00703639
0.00669315
0.0063499
0.00600666
0.00566341
0.00532016
0.00497692
0.00463368
0.00429044
0.00394721
0.00360397
0.00326074
0.00291751
0.00257428
0.00223104
0.00188781
0.00154457
0.00120133
0.000858091
0.000514854
0.000171618
-0.222806
-0.230232
-0.250769
-0.288401
-0.335238
-0.370868
-0.385439
-0.380245
-0.359331
-0.331257
-0.311434
-0.310671
-0.329663
-0.371474
-0.427049
-0.485814
-0.540528
-0.584869
-0.611377
-0.614343
-0.593834
-0.553164
-0.499771
-0.441653
-0.38468
-0.331547
-0.282367
-0.235916
-0.190671
-0.145795
-0.101326
-0.0584237
-0.0190361
0.0145456
0.0402918
0.0569579
0.064309
0.0630783
0.0547459
0.0411954
0.0243759
0.00604593
-0.0123891
-0.0298988
-0.0455791
-0.0588906
-0.0693383
-0.0763259
-0.0791854
-0.0773302
-0.0704795
-0.0588631
-0.0432811
-0.0252821
-0.00625677
0.0121945
0.0288985
0.0432363
0.055116
0.0648128
0.0727476
0.0793099
0.0847851
0.0893644
0.0931829
0.0963475
0.0989522
0.101082
0.102811
0.104207
0.105323
0.106207
0.106896
0.107421
0.107809
0.108082
0.108258
0.108353
0.108378
0.108345
0.108263
0.10814
0.107982
0.107795
0.107583
0.10735
0.107099
0.106834
0.106556
0.106267
0.10597
0.105665
0.105354
0.105038
0.104717
0.104393
0.104065
0.103735
0.103403
0.103069
0.102734
0.102397
0.102059
0.10172
0.101381
0.101041
0.100701
0.10036
0.100019
0.099677
0.0993352
0.0989932
0.0986511
0.0983088
0.0979664
0.0976239
0.0972814
0.0969387
0.096596
0.0962533
0.0959105
0.0955677
0.0952249
0.0948821
0.0945393
0.0941966
0.0938539
0.0935112
0.0931685
0.0928257
0.092483
0.0921402
0.0917973
0.0914544
0.0911115
0.0907685
0.0904256
0.0900825
0.0897395
0.0893964
0.0890534
0.0887103
0.0883672
0.0880241
0.087681
0.0873379
0.0869948
0.0866517
0.0863086
0.0859655
0.0856223
0.0852792
0.0849361
0.084593
0.0842499
0.0839068
0.0835636
0.0832205
0.0828774
0.0825343
0.0821912
0.0818481
0.081505
0.0811618
0.0808187
0.0804756
0.0801325
0.0797893
0.0794462
0.0791031
0.07876
0.0784169
0.0780738
0.0777306
0.0773875
0.0770444
0.0767013
0.0763582
0.0760151
0.075672
0.0753289
0.0749857
0.0746426
0.0742995
0.0739564
0.0736133
0.0732702
0.072927
0.0725839
0.0722408
0.0718977
0.0715546
0.0712115
0.0708683
0.0705252
0.0701821
0.069839
0.0694959
0.0691528
0.0688096
0.0684665
0.0681234
0.0677803
0.0674372
0.0670941
0.0667509
0.0664078
0.0660647
0.0657216
0.0653785
0.0650354
0.0646922
0.0643491
0.064006
0.0636629
0.0633197
0.0629766
0.0626335
0.0622904
0.0619473
0.0616041
0.061261
0.0609179
0.0605748
0.0602316
0.0598885
0.0595454
0.0592022
0.0588591
0.0585159
0.0581728
0.0578297
0.0574865
0.0571434
0.0568002
0.0564571
0.0561139
0.0557708
0.0554276
0.0550845
0.0547413
0.0543982
0.054055
0.0537119
0.0533687
0.0530255
0.0526824
0.0523392
0.0519961
0.0516529
0.0513097
0.0509666
0.0506234
0.0502803
0.0499371
0.0495939
0.0492508
0.0489076
0.0485645
0.0482213
0.0478781
0.047535
0.0471918
0.0468487
0.0465055
0.0461624
0.0458192
0.045476
0.0451329
0.0447897
0.0444465
0.0441034
0.0437602
0.043417
0.0430739
0.0427307
0.0423875
0.0420443
0.0417012
0.041358
0.0410148
0.0406717
0.0403285
0.0399853
0.0396421
0.039299
0.0389558
0.0386126
0.0382694
0.0379262
0.0375831
0.0372399
0.0368967
0.0365535
0.0362103
0.0358671
0.0355239
0.0351808
0.0348376
0.0344944
0.0341512
0.033808
0.0334648
0.0331216
0.0327784
0.0324352
0.0320921
0.0317489
0.0314057
0.0310625
0.0307193
0.0303761
0.0300329
0.0296897
0.0293465
0.0290033
0.0286601
0.0283169
0.0279737
0.0276304
0.0272872
0.026944
0.0266008
0.0262576
0.0259144
0.0255712
0.025228
0.0248848
0.0245416
0.0241983
0.0238551
0.0235119
0.0231687
0.0228255
0.0224822
0.022139
0.0217958
0.0214526
0.0211094
0.0207661
0.0204229
0.0200797
0.0197365
0.0193932
0.01905
0.0187068
0.0183635
0.0180203
0.0176771
0.0173338
0.0169906
0.0166473
0.0163041
0.0159608
0.0156176
0.0152743
0.0149311
0.0145878
0.0142446
0.0139013
0.0135581
0.0132149
0.0128716
0.0125284
0.0121852
0.0118419
0.0114987
0.0111554
0.0108122
0.0104689
0.0101257
0.00978241
0.00943916
0.0090959
0.00875264
0.00840938
0.00806613
0.00772288
0.00737964
0.00703639
0.00669315
0.0063499
0.00600666
0.00566341
0.00532017
0.00497692
0.00463368
0.00429044
0.00394721
0.00360398
0.00326074
0.00291751
0.00257428
0.00223104
0.0018878
0.00154457
0.00120133
0.00085809
0.000514854
0.000171618
-0.224733
-0.231692
-0.25196
-0.289478
-0.336581
-0.371042
-0.384368
-0.378816
-0.359636
-0.33466
-0.318447
-0.319121
-0.343489
-0.390368
-0.448308
-0.508483
-0.565399
-0.611875
-0.638716
-0.639598
-0.61584
-0.570841
-0.513206
-0.451783
-0.39275
-0.338599
-0.289131
-0.242705
-0.197602
-0.152898
-0.108746
-0.0664743
-0.0282113
0.00368599
0.0272669
0.041484
0.0463682
0.0429227
0.032847
0.0181819
0.00097269
-0.0169833
-0.0342987
-0.0500048
-0.0633956
-0.0740942
-0.0818175
-0.0861912
-0.0867195
-0.0828931
-0.0744091
-0.0614274
-0.04477
-0.0255581
-0.00558734
0.0136308
0.0308869
0.045536
0.0574972
0.0670951
0.074822
0.0811331
0.0863557
0.0906998
0.0943077
0.0972891
0.0997384
0.101738
0.103359
0.104666
0.105708
0.10653
0.107166
0.107648
0.108
0.108243
0.108393
0.108465
0.108473
0.108424
0.10833
0.108196
0.108029
0.107834
0.107615
0.107377
0.107122
0.106852
0.106571
0.10628
0.105981
0.105674
0.105361
0.105044
0.104722
0.104397
0.104069
0.103738
0.103405
0.103071
0.102735
0.102398
0.10206
0.101721
0.101382
0.101042
0.100701
0.10036
0.100019
0.0996772
0.0993354
0.0989934
0.0986512
0.0983089
0.0979665
0.097624
0.0972814
0.0969388
0.0965961
0.0962533
0.0959105
0.0955677
0.0952249
0.0948821
0.0945393
0.0941966
0.0938539
0.0935112
0.0931685
0.0928257
0.092483
0.0921402
0.0917973
0.0914544
0.0911115
0.0907685
0.0904256
0.0900825
0.0897395
0.0893964
0.0890534
0.0887103
0.0883672
0.0880241
0.087681
0.0873379
0.0869948
0.0866517
0.0863086
0.0859654
0.0856223
0.0852792
0.0849361
0.084593
0.0842499
0.0839068
0.0835636
0.0832205
0.0828774
0.0825343
0.0821912
0.0818481
0.0815049
0.0811618
0.0808187
0.0804756
0.0801325
0.0797893
0.0794462
0.0791031
0.07876
0.0784169
0.0780738
0.0777306
0.0773875
0.0770444
0.0767013
0.0763582
0.0760151
0.075672
0.0753289
0.0749857
0.0746426
0.0742995
0.0739564
0.0736133
0.0732702
0.072927
0.0725839
0.0722408
0.0718977
0.0715546
0.0712115
0.0708683
0.0705252
0.0701821
0.069839
0.0694959
0.0691528
0.0688096
0.0684665
0.0681234
0.0677803
0.0674372
0.0670941
0.0667509
0.0664078
0.0660647
0.0657216
0.0653785
0.0650354
0.0646922
0.0643491
0.064006
0.0636629
0.0633198
0.0629766
0.0626335
0.0622904
0.0619473
0.0616041
0.061261
0.0609179
0.0605748
0.0602316
0.0598885
0.0595453
0.0592022
0.0588591
0.0585159
0.0581728
0.0578297
0.0574865
0.0571434
0.0568002
0.0564571
0.0561139
0.0557708
0.0554276
0.0550845
0.0547413
0.0543982
0.054055
0.0537119
0.0533687
0.0530255
0.0526824
0.0523392
0.0519961
0.0516529
0.0513098
0.0509666
0.0506234
0.0502803
0.0499371
0.0495939
0.0492508
0.0489076
0.0485645
0.0482213
0.0478781
0.047535
0.0471918
0.0468487
0.0465055
0.0461623
0.0458192
0.045476
0.0451329
0.0447897
0.0444465
0.0441034
0.0437602
0.043417
0.0430739
0.0427307
0.0423875
0.0420443
0.0417012
0.041358
0.0410148
0.0406717
0.0403285
0.0399853
0.0396421
0.039299
0.0389558
0.0386126
0.0382694
0.0379262
0.0375831
0.0372399
0.0368967
0.0365535
0.0362103
0.0358671
0.0355239
0.0351808
0.0348376
0.0344944
0.0341512
0.033808
0.0334648
0.0331216
0.0327784
0.0324353
0.0320921
0.0317489
0.0314057
0.0310625
0.0307193
0.0303761
0.0300329
0.0296897
0.0293465
0.0290033
0.0286601
0.0283169
0.0279737
0.0276304
0.0272872
0.026944
0.0266008
0.0262576
0.0259144
0.0255712
0.025228
0.0248848
0.0245416
0.0241984
0.0238551
0.0235119
0.0231687
0.0228255
0.0224822
0.022139
0.0217958
0.0214526
0.0211094
0.0207661
0.0204229
0.0200797
0.0197365
0.0193932
0.01905
0.0187068
0.0183635
0.0180203
0.0176771
0.0173338
0.0169906
0.0166473
0.0163041
0.0159608
0.0156176
0.0152743
0.0149311
0.0145878
0.0142446
0.0139014
0.0135581
0.0132149
0.0128716
0.0125284
0.0121852
0.0118419
0.0114987
0.0111554
0.0108122
0.0104689
0.0101257
0.00978241
0.00943916
0.0090959
0.00875264
0.00840938
0.00806613
0.00772288
0.00737963
0.00703639
0.00669315
0.0063499
0.00600666
0.00566341
0.00532017
0.00497692
0.00463368
0.00429044
0.00394721
0.00360398
0.00326074
0.00291751
0.00257428
0.00223104
0.0018878
0.00154456
0.00120133
0.000858089
0.000514853
0.000171617
-0.225606
-0.231833
-0.251039
-0.287173
-0.332635
-0.365642
-0.378018
-0.372731
-0.356026
-0.335063
-0.32204
-0.325612
-0.355
-0.405177
-0.464614
-0.526616
-0.586591
-0.635558
-0.662836
-0.661704
-0.635587
-0.586874
-0.525748
-0.461659
-0.40109
-0.346237
-0.296564
-0.250126
-0.205094
-0.160601
-0.117005
-0.0758595
-0.0394523
-0.0101366
0.0103194
0.0211655
0.0227674
0.0164339
0.00410102
-0.0120272
-0.0298022
-0.0473699
-0.0633336
-0.0767697
-0.0871353
-0.0942511
-0.0981093
-0.0986566
-0.0956924
-0.0889065
-0.0780594
-0.0632549
-0.0451537
-0.0248818
-0.00406095
0.0157901
0.0334655
0.0483181
0.0602814
0.0697212
0.0771904
0.0832053
0.0881359
0.0922124
0.0955826
0.0983586
0.100633
0.102486
0.103986
0.10519
0.106147
0.106898
0.107476
0.107908
0.108218
0.108426
0.108546
0.108595
0.108581
0.108515
0.108406
0.10826
0.108082
0.107879
0.107653
0.107408
0.107148
0.106874
0.106589
0.106295
0.105993
0.105684
0.10537
0.105051
0.104728
0.104402
0.104073
0.103742
0.103408
0.103073
0.102737
0.1024
0.102062
0.101723
0.101383
0.101042
0.100702
0.100361
0.100019
0.0996776
0.0993357
0.0989936
0.0986514
0.0983091
0.0979666
0.0976241
0.0972815
0.0969388
0.0965961
0.0962533
0.0959105
0.0955677
0.0952249
0.0948821
0.0945394
0.0941966
0.0938539
0.0935112
0.0931685
0.0928258
0.092483
0.0921402
0.0917973
0.0914544
0.0911115
0.0907686
0.0904256
0.0900825
0.0897395
0.0893964
0.0890534
0.0887103
0.0883672
0.0880241
0.087681
0.0873379
0.0869948
0.0866517
0.0863086
0.0859654
0.0856223
0.0852792
0.0849361
0.084593
0.0842499
0.0839068
0.0835636
0.0832205
0.0828774
0.0825343
0.0821912
0.0818481
0.0815049
0.0811618
0.0808187
0.0804756
0.0801325
0.0797893
0.0794462
0.0791031
0.07876
0.0784169
0.0780738
0.0777307
0.0773875
0.0770444
0.0767013
0.0763582
0.0760151
0.075672
0.0753289
0.0749857
0.0746426
0.0742995
0.0739564
0.0736133
0.0732702
0.0729271
0.0725839
0.0722408
0.0718977
0.0715546
0.0712115
0.0708683
0.0705252
0.0701821
0.069839
0.0694959
0.0691528
0.0688096
0.0684665
0.0681234
0.0677803
0.0674372
0.0670941
0.0667509
0.0664078
0.0660647
0.0657216
0.0653785
0.0650354
0.0646922
0.0643491
0.064006
0.0636629
0.0633198
0.0629766
0.0626335
0.0622904
0.0619473
0.0616041
0.061261
0.0609179
0.0605748
0.0602316
0.0598885
0.0595453
0.0592022
0.0588591
0.0585159
0.0581728
0.0578297
0.0574865
0.0571434
0.0568002
0.0564571
0.0561139
0.0557708
0.0554276
0.0550845
0.0547413
0.0543982
0.054055
0.0537119
0.0533687
0.0530255
0.0526824
0.0523392
0.0519961
0.0516529
0.0513098
0.0509666
0.0506234
0.0502803
0.0499371
0.0495939
0.0492508
0.0489076
0.0485645
0.0482213
0.0478781
0.047535
0.0471918
0.0468487
0.0465055
0.0461623
0.0458192
0.045476
0.0451329
0.0447897
0.0444465
0.0441034
0.0437602
0.043417
0.0430739
0.0427307
0.0423875
0.0420443
0.0417012
0.041358
0.0410148
0.0406717
0.0403285
0.0399853
0.0396421
0.039299
0.0389558
0.0386126
0.0382694
0.0379262
0.0375831
0.0372399
0.0368967
0.0365535
0.0362103
0.0358671
0.0355239
0.0351808
0.0348376
0.0344944
0.0341512
0.033808
0.0334648
0.0331216
0.0327784
0.0324353
0.0320921
0.0317489
0.0314057
0.0310625
0.0307193
0.0303761
0.0300329
0.0296897
0.0293465
0.0290033
0.0286601
0.0283169
0.0279737
0.0276304
0.0272872
0.026944
0.0266008
0.0262576
0.0259144
0.0255712
0.025228
0.0248848
0.0245416
0.0241984
0.0238551
0.0235119
0.0231687
0.0228255
0.0224822
0.022139
0.0217958
0.0214526
0.0211094
0.0207661
0.0204229
0.0200797
0.0197365
0.0193932
0.01905
0.0187068
0.0183635
0.0180203
0.0176771
0.0173338
0.0169906
0.0166473
0.0163041
0.0159608
0.0156176
0.0152743
0.0149311
0.0145878
0.0142446
0.0139014
0.0135581
0.0132149
0.0128716
0.0125284
0.0121852
0.0118419
0.0114987
0.0111554
0.0108122
0.0104689
0.0101257
0.00978241
0.00943915
0.0090959
0.00875264
0.00840938
0.00806613
0.00772288
0.00737963
0.00703639
0.00669314
0.0063499
0.00600666
0.00566341
0.00532017
0.00497692
0.00463368
0.00429045
0.00394721
0.00360398
0.00326075
0.00291751
0.00257428
0.00223104
0.0018878
0.00154456
0.00120133
0.000858089
0.000514853
0.000171617
-0.22563
-0.23116
-0.248529
-0.281741
-0.323784
-0.354835
-0.366559
-0.362062
-0.347574
-0.330144
-0.319406
-0.327417
-0.361668
-0.414526
-0.475464
-0.539737
-0.603066
-0.654319
-0.682161
-0.681869
-0.651568
-0.59991
-0.536434
-0.470798
-0.40937
-0.354221
-0.304455
-0.257959
-0.212957
-0.16878
-0.126082
-0.0866654
-0.052924
-0.0271034
-0.0106814
-0.00403135
-0.0064152
-0.0162126
-0.0312585
-0.049193
-0.0677636
-0.0850448
-0.0996017
-0.110506
-0.117294
-0.119979
-0.118862
-0.114305
-0.106542
-0.0956187
-0.0814855
-0.0642499
-0.0444308
-0.0230218
-0.00144428
0.0188711
0.0367831
0.0516796
0.0635227
0.0727158
0.0798611
0.0855263
0.0901207
0.0938938
0.096999
0.099547
0.101628
0.103319
0.104683
0.105774
0.106638
0.10731
0.107821
0.108199
0.108462
0.108631
0.108718
0.108739
0.108703
0.108617
0.108492
0.108332
0.108143
0.107929
0.107695
0.107444
0.107177
0.106899
0.10661
0.106312
0.106007
0.105696
0.10538
0.105059
0.104735
0.104408
0.104078
0.103745
0.103412
0.103076
0.102739
0.102402
0.102063
0.101724
0.101384
0.101043
0.100702
0.100361
0.10002
0.0996779
0.099336
0.0989938
0.0986516
0.0983092
0.0979667
0.0976242
0.0972816
0.0969389
0.0965961
0.0962533
0.0959105
0.0955677
0.0952249
0.0948821
0.0945394
0.0941967
0.0938539
0.0935112
0.0931685
0.0928258
0.092483
0.0921402
0.0917973
0.0914544
0.0911115
0.0907686
0.0904256
0.0900825
0.0897395
0.0893964
0.0890534
0.0887103
0.0883672
0.0880241
0.087681
0.0873379
0.0869948
0.0866517
0.0863086
0.0859654
0.0856223
0.0852792
0.0849361
0.084593
0.0842499
0.0839068
0.0835636
0.0832205
0.0828774
0.0825343
0.0821912
0.0818481
0.0815049
0.0811618
0.0808187
0.0804756
0.0801325
0.0797893
0.0794462
0.0791031
0.07876
0.0784169
0.0780738
0.0777307
0.0773875
0.0770444
0.0767013
0.0763582
0.0760151
0.075672
0.0753289
0.0749857
0.0746426
0.0742995
0.0739564
0.0736133
0.0732702
0.0729271
0.0725839
0.0722408
0.0718977
0.0715546
0.0712115
0.0708684
0.0705252
0.0701821
0.069839
0.0694959
0.0691528
0.0688096
0.0684665
0.0681234
0.0677803
0.0674372
0.0670941
0.0667509
0.0664078
0.0660647
0.0657216
0.0653785
0.0650354
0.0646922
0.0643491
0.064006
0.0636629
0.0633198
0.0629766
0.0626335
0.0622904
0.0619473
0.0616041
0.061261
0.0609179
0.0605748
0.0602316
0.0598885
0.0595453
0.0592022
0.0588591
0.0585159
0.0581728
0.0578297
0.0574865
0.0571434
0.0568002
0.0564571
0.0561139
0.0557708
0.0554276
0.0550845
0.0547413
0.0543982
0.054055
0.0537119
0.0533687
0.0530255
0.0526824
0.0523392
0.0519961
0.0516529
0.0513098
0.0509666
0.0506234
0.0502803
0.0499371
0.0495939
0.0492508
0.0489076
0.0485645
0.0482213
0.0478781
0.047535
0.0471918
0.0468487
0.0465055
0.0461623
0.0458192
0.045476
0.0451329
0.0447897
0.0444465
0.0441034
0.0437602
0.043417
0.0430739
0.0427307
0.0423875
0.0420443
0.0417012
0.041358
0.0410148
0.0406717
0.0403285
0.0399853
0.0396421
0.039299
0.0389558
0.0386126
0.0382694
0.0379262
0.0375831
0.0372399
0.0368967
0.0365535
0.0362103
0.0358671
0.0355239
0.0351808
0.0348376
0.0344944
0.0341512
0.033808
0.0334648
0.0331216
0.0327784
0.0324353
0.0320921
0.0317489
0.0314057
0.0310625
0.0307193
0.0303761
0.0300329
0.0296897
0.0293465
0.0290033
0.0286601
0.0283169
0.0279736
0.0276304
0.0272872
0.026944
0.0266008
0.0262576
0.0259144
0.0255712
0.025228
0.0248848
0.0245416
0.0241984
0.0238551
0.0235119
0.0231687
0.0228255
0.0224822
0.022139
0.0217958
0.0214526
0.0211094
0.0207661
0.0204229
0.0200797
0.0197365
0.0193932
0.01905
0.0187068
0.0183635
0.0180203
0.0176771
0.0173338
0.0169906
0.0166473
0.0163041
0.0159608
0.0156176
0.0152743
0.0149311
0.0145878
0.0142446
0.0139014
0.0135581
0.0132149
0.0128716
0.0125284
0.0121851
0.0118419
0.0114987
0.0111554
0.0108122
0.0104689
0.0101257
0.00978241
0.00943915
0.00909589
0.00875264
0.00840938
0.00806613
0.00772288
0.00737963
0.00703639
0.00669314
0.0063499
0.00600666
0.00566341
0.00532017
0.00497693
0.00463369
0.00429045
0.00394721
0.00360398
0.00326075
0.00291751
0.00257428
0.00223104
0.0018878
0.00154456
0.00120132
0.000858088
0.000514852
0.000171617
-0.225371
-0.23027
-0.245314
-0.274148
-0.310723
-0.33858
-0.349376
-0.345471
-0.332283
-0.316839
-0.309239
-0.323102
-0.362563
-0.418105
-0.480792
-0.547418
-0.613765
-0.666659
-0.694784
-0.693279
-0.662064
-0.609032
-0.544655
-0.478628
-0.417197
-0.362188
-0.31245
-0.265878
-0.220921
-0.177254
-0.135892
-0.0988714
-0.0685957
-0.0470862
-0.0354417
-0.0336184
-0.0405064
-0.0541959
-0.0723178
-0.0923749
-0.112016
-0.129234
-0.142514
-0.150867
-0.153817
-0.151494
-0.144491
-0.133637
-0.119743
-0.103395
-0.0849019
-0.0644816
-0.042542
-0.0198652
0.00239062
0.0229929
0.0409347
0.0556832
0.0672528
0.0760881
0.0828304
0.0880871
0.0923001
0.0957343
0.0985467
0.100845
0.102715
0.104229
0.105446
0.106414
0.107174
0.107761
0.1082
0.108517
0.10873
0.108856
0.108909
0.108899
0.108836
0.10873
0.108586
0.108411
0.108209
0.107985
0.107742
0.107482
0.10721
0.106926
0.106633
0.106331
0.106023
0.10571
0.105391
0.105069
0.104743
0.104414
0.104083
0.10375
0.103415
0.103079
0.102742
0.102404
0.102065
0.101725
0.101385
0.101044
0.100703
0.100362
0.10002
0.0996784
0.0993363
0.0989941
0.0986518
0.0983094
0.0979669
0.0976243
0.0972817
0.0969389
0.0965962
0.0962534
0.0959106
0.0955678
0.0952249
0.0948822
0.0945394
0.0941967
0.093854
0.0935113
0.0931685
0.0928258
0.092483
0.0921402
0.0917973
0.0914544
0.0911115
0.0907686
0.0904256
0.0900825
0.0897395
0.0893964
0.0890534
0.0887103
0.0883672
0.0880241
0.087681
0.0873379
0.0869948
0.0866517
0.0863086
0.0859654
0.0856223
0.0852792
0.0849361
0.084593
0.0842499
0.0839068
0.0835636
0.0832205
0.0828774
0.0825343
0.0821912
0.0818481
0.0815049
0.0811618
0.0808187
0.0804756
0.0801325
0.0797893
0.0794462
0.0791031
0.07876
0.0784169
0.0780738
0.0777307
0.0773875
0.0770444
0.0767013
0.0763582
0.0760151
0.075672
0.0753289
0.0749857
0.0746426
0.0742995
0.0739564
0.0736133
0.0732702
0.0729271
0.0725839
0.0722408
0.0718977
0.0715546
0.0712115
0.0708684
0.0705252
0.0701821
0.069839
0.0694959
0.0691528
0.0688096
0.0684665
0.0681234
0.0677803
0.0674372
0.0670941
0.0667509
0.0664078
0.0660647
0.0657216
0.0653785
0.0650354
0.0646922
0.0643491
0.064006
0.0636629
0.0633198
0.0629766
0.0626335
0.0622904
0.0619473
0.0616041
0.061261
0.0609179
0.0605747
0.0602316
0.0598885
0.0595453
0.0592022
0.0588591
0.0585159
0.0581728
0.0578297
0.0574865
0.0571434
0.0568002
0.0564571
0.0561139
0.0557708
0.0554276
0.0550845
0.0547413
0.0543982
0.054055
0.0537119
0.0533687
0.0530256
0.0526824
0.0523392
0.0519961
0.0516529
0.0513098
0.0509666
0.0506234
0.0502803
0.0499371
0.049594
0.0492508
0.0489076
0.0485645
0.0482213
0.0478781
0.047535
0.0471918
0.0468487
0.0465055
0.0461623
0.0458192
0.045476
0.0451329
0.0447897
0.0444465
0.0441034
0.0437602
0.043417
0.0430738
0.0427307
0.0423875
0.0420443
0.0417012
0.041358
0.0410148
0.0406717
0.0403285
0.0399853
0.0396421
0.039299
0.0389558
0.0386126
0.0382694
0.0379262
0.0375831
0.0372399
0.0368967
0.0365535
0.0362103
0.0358671
0.0355239
0.0351808
0.0348376
0.0344944
0.0341512
0.033808
0.0334648
0.0331216
0.0327785
0.0324353
0.0320921
0.0317489
0.0314057
0.0310625
0.0307193
0.0303761
0.0300329
0.0296897
0.0293465
0.0290033
0.0286601
0.0283168
0.0279736
0.0276304
0.0272872
0.026944
0.0266008
0.0262576
0.0259144
0.0255712
0.025228
0.0248848
0.0245416
0.0241984
0.0238551
0.0235119
0.0231687
0.0228255
0.0224822
0.022139
0.0217958
0.0214526
0.0211093
0.0207661
0.0204229
0.0200797
0.0197365
0.0193932
0.01905
0.0187068
0.0183635
0.0180203
0.0176771
0.0173338
0.0169906
0.0166473
0.0163041
0.0159608
0.0156176
0.0152743
0.0149311
0.0145878
0.0142446
0.0139014
0.0135581
0.0132149
0.0128716
0.0125284
0.0121851
0.0118419
0.0114987
0.0111554
0.0108122
0.0104689
0.0101257
0.00978241
0.00943915
0.00909589
0.00875263
0.00840938
0.00806612
0.00772287
0.00737963
0.00703638
0.00669314
0.0063499
0.00600666
0.00566341
0.00532017
0.00497693
0.00463369
0.00429045
0.00394722
0.00360398
0.00326075
0.00291751
0.00257428
0.00223104
0.0018878
0.00154456
0.00120132
0.000858087
0.000514852
0.000171617
-0.225425
-0.229844
-0.242416
-0.265838
-0.29494
-0.317203
-0.32535
-0.320725
-0.307828
-0.294175
-0.291683
-0.312856
-0.35796
-0.416326
-0.480909
-0.549465
-0.618096
-0.671781
-0.699897
-0.697934
-0.666567
-0.613594
-0.54978
-0.484671
-0.424131
-0.369686
-0.320093
-0.27346
-0.22864
-0.185772
-0.146253
-0.112286
-0.0861653
-0.0695839
-0.0632147
-0.0666008
-0.078292
-0.0961276
-0.117571
-0.140017
-0.161031
-0.178515
-0.190834
-0.196885
-0.196069
-0.188524
-0.175053
-0.156951
-0.135712
-0.112652
-0.0886474
-0.0641771
-0.0396
-0.015449
0.00745704
0.0281805
0.0459414
0.0603425
0.0714725
0.0798278
0.0860819
0.0908701
0.0946582
0.0977199
0.100213
0.102242
0.103886
0.10521
0.106268
0.107104
0.107754
0.108247
0.10861
0.108861
0.10902
0.1091
0.109114
0.109071
0.108981
0.108851
0.108688
0.108496
0.108281
0.108045
0.107792
0.107525
0.107245
0.106956
0.106658
0.106352
0.106041
0.105724
0.105403
0.105079
0.104751
0.104421
0.104089
0.103755
0.103419
0.103082
0.102745
0.102406
0.102067
0.101727
0.101386
0.101045
0.100704
0.100363
0.100021
0.0996788
0.0993367
0.0989944
0.0986521
0.0983096
0.0979671
0.0976244
0.0972818
0.096939
0.0965962
0.0962534
0.0959106
0.0955678
0.095225
0.0948822
0.0945394
0.0941967
0.093854
0.0935113
0.0931686
0.0928258
0.092483
0.0921402
0.0917974
0.0914545
0.0911115
0.0907686
0.0904256
0.0900825
0.0897395
0.0893964
0.0890534
0.0887103
0.0883672
0.0880241
0.087681
0.0873379
0.0869948
0.0866517
0.0863086
0.0859654
0.0856223
0.0852792
0.0849361
0.084593
0.0842499
0.0839068
0.0835636
0.0832205
0.0828774
0.0825343
0.0821912
0.0818481
0.0815049
0.0811618
0.0808187
0.0804756
0.0801325
0.0797894
0.0794462
0.0791031
0.07876
0.0784169
0.0780738
0.0777307
0.0773875
0.0770444
0.0767013
0.0763582
0.0760151
0.075672
0.0753289
0.0749857
0.0746426
0.0742995
0.0739564
0.0736133
0.0732702
0.0729271
0.0725839
0.0722408
0.0718977
0.0715546
0.0712115
0.0708684
0.0705252
0.0701821
0.069839
0.0694959
0.0691528
0.0688096
0.0684665
0.0681234
0.0677803
0.0674372
0.0670941
0.0667509
0.0664078
0.0660647
0.0657216
0.0653785
0.0650354
0.0646922
0.0643491
0.064006
0.0636629
0.0633198
0.0629766
0.0626335
0.0622904
0.0619473
0.0616041
0.061261
0.0609179
0.0605747
0.0602316
0.0598885
0.0595453
0.0592022
0.0588591
0.0585159
0.0581728
0.0578297
0.0574865
0.0571434
0.0568002
0.0564571
0.0561139
0.0557708
0.0554276
0.0550845
0.0547413
0.0543982
0.054055
0.0537119
0.0533687
0.0530256
0.0526824
0.0523392
0.0519961
0.0516529
0.0513098
0.0509666
0.0506234
0.0502803
0.0499371
0.049594
0.0492508
0.0489076
0.0485645
0.0482213
0.0478781
0.047535
0.0471918
0.0468487
0.0465055
0.0461623
0.0458192
0.045476
0.0451328
0.0447897
0.0444465
0.0441033
0.0437602
0.043417
0.0430738
0.0427307
0.0423875
0.0420443
0.0417012
0.041358
0.0410148
0.0406717
0.0403285
0.0399853
0.0396422
0.039299
0.0389558
0.0386126
0.0382694
0.0379262
0.0375831
0.0372399
0.0368967
0.0365535
0.0362103
0.0358671
0.0355239
0.0351808
0.0348376
0.0344944
0.0341512
0.033808
0.0334648
0.0331216
0.0327785
0.0324353
0.0320921
0.0317489
0.0314057
0.0310625
0.0307193
0.0303761
0.0300329
0.0296897
0.0293465
0.0290033
0.0286601
0.0283168
0.0279736
0.0276304
0.0272872
0.026944
0.0266008
0.0262576
0.0259144
0.0255712
0.025228
0.0248848
0.0245416
0.0241984
0.0238551
0.0235119
0.0231687
0.0228255
0.0224822
0.022139
0.0217958
0.0214526
0.0211093
0.0207661
0.0204229
0.0200797
0.0197365
0.0193932
0.01905
0.0187068
0.0183635
0.0180203
0.0176771
0.0173338
0.0169906
0.0166473
0.0163041
0.0159608
0.0156176
0.0152743
0.0149311
0.0145878
0.0142446
0.0139014
0.0135581
0.0132149
0.0128716
0.0125284
0.0121851
0.0118419
0.0114987
0.0111554
0.0108122
0.0104689
0.0101257
0.00978241
0.00943915
0.00909589
0.00875263
0.00840937
0.00806612
0.00772287
0.00737962
0.00703638
0.00669314
0.0063499
0.00600666
0.00566341
0.00532017
0.00497693
0.00463369
0.00429045
0.00394722
0.00360398
0.00326075
0.00291751
0.00257428
0.00223104
0.0018878
0.00154456
0.00120132
0.000858086
0.000514851
0.000171617
-0.226262
-0.230413
-0.240726
-0.258411
-0.278647
-0.292532
-0.295006
-0.287494
-0.274358
-0.263824
-0.268549
-0.298089
-0.348911
-0.41011
-0.476432
-0.546606
-0.61543
-0.66935
-0.697378
-0.695446
-0.664783
-0.613322
-0.551575
-0.488614
-0.429744
-0.376202
-0.326846
-0.280208
-0.235704
-0.194004
-0.156851
-0.126505
-0.105032
-0.0937366
-0.0928639
-0.101579
-0.118135
-0.140168
-0.165022
-0.190035
-0.212723
-0.230898
-0.242763
-0.24704
-0.242883
-0.230304
-0.210189
-0.184243
-0.154701
-0.123773
-0.0931239
-0.0636845
-0.0358668
-0.00995269
0.0136394
0.0343675
0.0517528
0.0656172
0.0761479
0.0839041
0.0895865
0.0938534
0.0971741
0.099833
0.101985
0.103726
0.105129
0.106252
0.107143
0.107838
0.108371
0.108767
0.109046
0.109229
0.109329
0.10936
0.109332
0.109255
0.109136
0.108982
0.108797
0.108588
0.108358
0.10811
0.107846
0.10757
0.107283
0.106988
0.106684
0.106374
0.106059
0.10574
0.105416
0.105089
0.10476
0.104428
0.104095
0.10376
0.103423
0.103086
0.102748
0.102409
0.102069
0.101728
0.101388
0.101047
0.100705
0.100363
0.100021
0.0996794
0.0993371
0.0989948
0.0986523
0.0983098
0.0979672
0.0976246
0.0972819
0.0969391
0.0965963
0.0962535
0.0959107
0.0955678
0.095225
0.0948822
0.0945395
0.0941967
0.093854
0.0935113
0.0931686
0.0928258
0.092483
0.0921402
0.0917974
0.0914545
0.0911115
0.0907686
0.0904256
0.0900825
0.0897395
0.0893964
0.0890533
0.0887103
0.0883672
0.0880241
0.087681
0.0873379
0.0869948
0.0866517
0.0863085
0.0859654
0.0856223
0.0852792
0.0849361
0.084593
0.0842499
0.0839067
0.0835636
0.0832205
0.0828774
0.0825343
0.0821912
0.081848
0.0815049
0.0811618
0.0808187
0.0804756
0.0801325
0.0797894
0.0794462
0.0791031
0.07876
0.0784169
0.0780738
0.0777307
0.0773876
0.0770444
0.0767013
0.0763582
0.0760151
0.075672
0.0753289
0.0749857
0.0746426
0.0742995
0.0739564
0.0736133
0.0732702
0.0729271
0.0725839
0.0722408
0.0718977
0.0715546
0.0712115
0.0708684
0.0705252
0.0701821
0.069839
0.0694959
0.0691528
0.0688096
0.0684665
0.0681234
0.0677803
0.0674372
0.0670941
0.0667509
0.0664078
0.0660647
0.0657216
0.0653785
0.0650354
0.0646922
0.0643491
0.064006
0.0636629
0.0633198
0.0629766
0.0626335
0.0622904
0.0619473
0.0616041
0.061261
0.0609179
0.0605747
0.0602316
0.0598885
0.0595453
0.0592022
0.0588591
0.0585159
0.0581728
0.0578297
0.0574865
0.0571434
0.0568002
0.0564571
0.0561139
0.0557708
0.0554276
0.0550845
0.0547413
0.0543982
0.054055
0.0537119
0.0533687
0.0530256
0.0526824
0.0523392
0.0519961
0.0516529
0.0513098
0.0509666
0.0506235
0.0502803
0.0499371
0.049594
0.0492508
0.0489076
0.0485645
0.0482213
0.0478781
0.047535
0.0471918
0.0468486
0.0465055
0.0461623
0.0458192
0.045476
0.0451328
0.0447897
0.0444465
0.0441033
0.0437602
0.043417
0.0430738
0.0427307
0.0423875
0.0420443
0.0417012
0.041358
0.0410148
0.0406717
0.0403285
0.0399853
0.0396422
0.039299
0.0389558
0.0386126
0.0382694
0.0379262
0.0375831
0.0372399
0.0368967
0.0365535
0.0362103
0.0358671
0.0355239
0.0351808
0.0348376
0.0344944
0.0341512
0.033808
0.0334648
0.0331216
0.0327785
0.0324353
0.0320921
0.0317489
0.0314057
0.0310625
0.0307193
0.0303761
0.0300329
0.0296897
0.0293465
0.0290033
0.02866
0.0283168
0.0279736
0.0276304
0.0272872
0.026944
0.0266008
0.0262576
0.0259144
0.0255712
0.025228
0.0248848
0.0245416
0.0241984
0.0238551
0.0235119
0.0231687
0.0228255
0.0224822
0.022139
0.0217958
0.0214526
0.0211093
0.0207661
0.0204229
0.0200797
0.0197365
0.0193932
0.01905
0.0187068
0.0183635
0.0180203
0.017677
0.0173338
0.0169906
0.0166473
0.0163041
0.0159608
0.0156176
0.0152743
0.0149311
0.0145878
0.0142446
0.0139014
0.0135581
0.0132149
0.0128716
0.0125284
0.0121851
0.0118419
0.0114987
0.0111554
0.0108122
0.0104689
0.0101257
0.00978241
0.00943915
0.00909589
0.00875263
0.00840937
0.00806612
0.00772287
0.00737962
0.00703638
0.00669314
0.0063499
0.00600666
0.00566342
0.00532017
0.00497693
0.00463369
0.00429046
0.00394722
0.00360398
0.00326075
0.00291751
0.00257427
0.00223104
0.0018878
0.00154456
0.00120132
0.000858085
0.00051485
0.000171617
-0.228143
-0.232261
-0.240782
-0.253087
-0.264106
-0.267763
-0.261888
-0.249395
-0.235811
-0.229784
-0.242884
-0.280791
-0.336867
-0.400672
-0.468082
-0.538606
-0.606745
-0.659884
-0.687581
-0.686106
-0.657119
-0.608486
-0.550105
-0.490274
-0.433623
-0.381178
-0.332115
-0.285578
-0.241652
-0.201537
-0.167228
-0.14091
-0.124342
-0.118418
-0.122989
-0.136883
-0.158102
-0.184132
-0.212272
-0.239884
-0.2645
-0.283863
-0.295972
-0.299291
-0.292593
-0.275602
-0.249124
-0.215171
-0.17672
-0.137013
-0.098713
-0.0634114
-0.0317094
-0.00367554
0.0207115
0.0413855
0.058267
0.0714227
0.0812117
0.0882654
0.0933057
0.0969991
0.0998214
0.102053
0.103844
0.105284
0.106435
0.107348
0.108063
0.108612
0.109021
0.109314
0.109507
0.109617
0.109656
0.109635
0.109564
0.10945
0.1093
0.109119
0.108913
0.108685
0.108439
0.108178
0.107904
0.107618
0.107324
0.107021
0.106712
0.106398
0.106079
0.105756
0.10543
0.105101
0.10477
0.104436
0.104101
0.103765
0.103428
0.10309
0.102751
0.102411
0.102071
0.10173
0.101389
0.101048
0.100706
0.100364
0.100022
0.0996799
0.0993376
0.0989951
0.0986526
0.0983101
0.0979674
0.0976247
0.097282
0.0969392
0.0965964
0.0962536
0.0959107
0.0955679
0.0952251
0.0948823
0.0945395
0.0941968
0.0938541
0.0935113
0.0931686
0.0928258
0.0924831
0.0921402
0.0917974
0.0914545
0.0911115
0.0907686
0.0904256
0.0900825
0.0897395
0.0893964
0.0890533
0.0887103
0.0883672
0.0880241
0.087681
0.0873379
0.0869948
0.0866517
0.0863085
0.0859654
0.0856223
0.0852792
0.0849361
0.084593
0.0842499
0.0839067
0.0835636
0.0832205
0.0828774
0.0825343
0.0821912
0.081848
0.0815049
0.0811618
0.0808187
0.0804756
0.0801325
0.0797894
0.0794462
0.0791031
0.07876
0.0784169
0.0780738
0.0777307
0.0773876
0.0770444
0.0767013
0.0763582
0.0760151
0.075672
0.0753289
0.0749857
0.0746426
0.0742995
0.0739564
0.0736133
0.0732702
0.0729271
0.0725839
0.0722408
0.0718977
0.0715546
0.0712115
0.0708684
0.0705252
0.0701821
0.069839
0.0694959
0.0691528
0.0688096
0.0684665
0.0681234
0.0677803
0.0674372
0.0670941
0.066751
0.0664078
0.0660647
0.0657216
0.0653785
0.0650354
0.0646922
0.0643491
0.064006
0.0636629
0.0633198
0.0629766
0.0626335
0.0622904
0.0619473
0.0616041
0.061261
0.0609179
0.0605747
0.0602316
0.0598885
0.0595453
0.0592022
0.0588591
0.0585159
0.0581728
0.0578297
0.0574865
0.0571434
0.0568002
0.0564571
0.0561139
0.0557708
0.0554276
0.0550845
0.0547413
0.0543982
0.054055
0.0537119
0.0533687
0.0530256
0.0526824
0.0523392
0.0519961
0.0516529
0.0513098
0.0509666
0.0506235
0.0502803
0.0499371
0.049594
0.0492508
0.0489076
0.0485645
0.0482213
0.0478781
0.047535
0.0471918
0.0468486
0.0465055
0.0461623
0.0458192
0.045476
0.0451328
0.0447897
0.0444465
0.0441033
0.0437602
0.043417
0.0430738
0.0427307
0.0423875
0.0420443
0.0417012
0.041358
0.0410148
0.0406717
0.0403285
0.0399853
0.0396422
0.039299
0.0389558
0.0386126
0.0382694
0.0379262
0.0375831
0.0372399
0.0368967
0.0365535
0.0362103
0.0358671
0.0355239
0.0351808
0.0348376
0.0344944
0.0341512
0.033808
0.0334648
0.0331216
0.0327785
0.0324353
0.0320921
0.0317489
0.0314057
0.0310625
0.0307193
0.0303761
0.0300329
0.0296897
0.0293465
0.0290033
0.02866
0.0283168
0.0279736
0.0276304
0.0272872
0.026944
0.0266008
0.0262576
0.0259144
0.0255712
0.025228
0.0248848
0.0245416
0.0241984
0.0238551
0.0235119
0.0231687
0.0228255
0.0224822
0.022139
0.0217958
0.0214526
0.0211093
0.0207661
0.0204229
0.0200797
0.0197364
0.0193932
0.01905
0.0187068
0.0183635
0.0180203
0.017677
0.0173338
0.0169906
0.0166473
0.0163041
0.0159608
0.0156176
0.0152743
0.0149311
0.0145879
0.0142446
0.0139014
0.0135581
0.0132149
0.0128716
0.0125284
0.0121851
0.0118419
0.0114987
0.0111554
0.0108122
0.0104689
0.0101257
0.00978241
0.00943915
0.00909589
0.00875263
0.00840937
0.00806611
0.00772286
0.00737962
0.00703638
0.00669314
0.0063499
0.00600666
0.00566342
0.00532018
0.00497694
0.0046337
0.00429046
0.00394722
0.00360399
0.00326075
0.00291751
0.00257427
0.00223103
0.0018878
0.00154456
0.00120132
0.000858083
0.000514849
0.000171616
-0.231098
-0.235458
-0.242778
-0.250402
-0.25277
-0.245879
-0.230533
-0.212045
-0.197895
-0.19675
-0.217842
-0.262957
-0.323418
-0.389096
-0.45696
-0.526728
-0.593091
-0.644511
-0.671514
-0.670928
-0.644504
-0.599733
-0.545645
-0.489539
-0.435338
-0.38402
-0.335279
-0.289011
-0.245997
-0.207893
-0.176806
-0.154737
-0.143088
-0.142368
-0.152065
-0.170707
-0.196086
-0.225617
-0.256669
-0.286737
-0.313448
-0.334519
-0.347728
-0.351149
-0.343072
-0.322742
-0.290674
-0.24903
-0.201491
-0.152427
-0.105692
-0.0637467
-0.0275379
0.00300964
0.0283648
0.0489954
0.0652851
0.0776336
0.0865935
0.0928517
0.0971883
0.100272
0.102571
0.104358
0.105776
0.106902
0.107793
0.108488
0.109021
0.109418
0.1097
0.109885
0.109988
0.110022
0.109997
0.109922
0.109805
0.109653
0.109471
0.109263
0.109034
0.108787
0.108525
0.10825
0.107964
0.107669
0.107366
0.107057
0.106742
0.106423
0.1061
0.105773
0.105444
0.105113
0.10478
0.104445
0.104108
0.103771
0.103433
0.103094
0.102754
0.102414
0.102073
0.101732
0.101391
0.101049
0.100707
0.100365
0.100023
0.0996805
0.0993381
0.0989955
0.098653
0.0983103
0.0979676
0.0976249
0.0972821
0.0969393
0.0965965
0.0962536
0.0959108
0.0955679
0.0952251
0.0948823
0.0945396
0.0941968
0.0938541
0.0935114
0.0931686
0.0928259
0.0924831
0.0921402
0.0917974
0.0914545
0.0911115
0.0907686
0.0904256
0.0900825
0.0897395
0.0893964
0.0890533
0.0887103
0.0883672
0.0880241
0.087681
0.0873379
0.0869948
0.0866516
0.0863085
0.0859654
0.0856223
0.0852792
0.0849361
0.084593
0.0842499
0.0839067
0.0835636
0.0832205
0.0828774
0.0825343
0.0821912
0.081848
0.0815049
0.0811618
0.0808187
0.0804756
0.0801325
0.0797894
0.0794463
0.0791031
0.07876
0.0784169
0.0780738
0.0777307
0.0773876
0.0770444
0.0767013
0.0763582
0.0760151
0.075672
0.0753289
0.0749857
0.0746426
0.0742995
0.0739564
0.0736133
0.0732702
0.0729271
0.0725839
0.0722408
0.0718977
0.0715546
0.0712115
0.0708684
0.0705252
0.0701821
0.069839
0.0694959
0.0691528
0.0688096
0.0684665
0.0681234
0.0677803
0.0674372
0.0670941
0.066751
0.0664078
0.0660647
0.0657216
0.0653785
0.0650354
0.0646922
0.0643491
0.064006
0.0636629
0.0633198
0.0629766
0.0626335
0.0622904
0.0619473
0.0616041
0.061261
0.0609179
0.0605747
0.0602316
0.0598885
0.0595453
0.0592022
0.0588591
0.0585159
0.0581728
0.0578297
0.0574865
0.0571434
0.0568002
0.0564571
0.0561139
0.0557708
0.0554276
0.0550845
0.0547413
0.0543982
0.054055
0.0537119
0.0533687
0.0530256
0.0526824
0.0523392
0.0519961
0.0516529
0.0513098
0.0509666
0.0506235
0.0502803
0.0499371
0.049594
0.0492508
0.0489076
0.0485645
0.0482213
0.0478781
0.047535
0.0471918
0.0468486
0.0465055
0.0461623
0.0458192
0.045476
0.0451328
0.0447897
0.0444465
0.0441033
0.0437602
0.043417
0.0430738
0.0427307
0.0423875
0.0420443
0.0417012
0.041358
0.0410149
0.0406717
0.0403285
0.0399853
0.0396422
0.039299
0.0389558
0.0386126
0.0382694
0.0379262
0.0375831
0.0372399
0.0368967
0.0365535
0.0362103
0.0358671
0.0355239
0.0351808
0.0348376
0.0344944
0.0341512
0.033808
0.0334648
0.0331217
0.0327785
0.0324353
0.0320921
0.0317489
0.0314057
0.0310625
0.0307193
0.0303761
0.0300329
0.0296897
0.0293465
0.0290033
0.02866
0.0283168
0.0279736
0.0276304
0.0272872
0.026944
0.0266008
0.0262576
0.0259144
0.0255712
0.025228
0.0248848
0.0245416
0.0241984
0.0238551
0.0235119
0.0231687
0.0228255
0.0224822
0.022139
0.0217958
0.0214526
0.0211093
0.0207661
0.0204229
0.0200797
0.0197364
0.0193932
0.01905
0.0187068
0.0183635
0.0180203
0.017677
0.0173338
0.0169906
0.0166473
0.0163041
0.0159608
0.0156176
0.0152743
0.0149311
0.0145879
0.0142446
0.0139014
0.0135581
0.0132149
0.0128716
0.0125284
0.0121851
0.0118419
0.0114987
0.0111554
0.0108122
0.0104689
0.0101257
0.00978241
0.00943915
0.00909589
0.00875262
0.00840937
0.00806611
0.00772286
0.00737962
0.00703637
0.00669313
0.0063499
0.00600666
0.00566342
0.00532018
0.00497694
0.0046337
0.00429046
0.00394723
0.00360399
0.00326075
0.00291751
0.00257427
0.00223103
0.00188779
0.00154455
0.00120132
0.000858082
0.000514848
0.000171616
-0.23496
-0.23984
-0.246644
-0.250363
-0.245038
-0.228449
-0.204137
-0.179901
-0.16524
-0.168339
-0.195788
-0.246405
-0.309711
-0.376566
-0.44426
-0.512375
-0.575923
-0.624925
-0.651076
-0.651507
-0.628183
-0.587879
-0.538516
-0.486258
-0.434409
-0.384104
-0.335725
-0.289975
-0.248271
-0.212576
-0.184966
-0.167174
-0.160247
-0.16433
-0.17858
-0.201248
-0.229992
-0.262287
-0.295711
-0.327997
-0.356908
-0.380145
-0.395316
-0.399961
-0.391906
-0.369683
-0.333272
-0.28476
-0.228425
-0.169821
-0.114166
-0.0649872
-0.0237372
0.00971026
0.0362495
0.056912
0.0725971
0.0840824
0.0921378
0.0975665
0.101173
0.103628
0.10539
0.106724
0.107759
0.108567
0.10919
0.109663
0.110009
0.11025
0.110401
0.110475
0.110486
0.110441
0.11035
0.11022
0.110056
0.109864
0.109649
0.109413
0.10916
0.108893
0.108614
0.108324
0.108026
0.107721
0.10741
0.107093
0.106773
0.106448
0.106121
0.105791
0.105459
0.105125
0.10479
0.104453
0.104116
0.103777
0.103438
0.103098
0.102758
0.102417
0.102076
0.101734
0.101392
0.10105
0.100708
0.100366
0.100024
0.0996811
0.0993385
0.0989959
0.0986533
0.0983106
0.0979679
0.0976251
0.0972823
0.0969394
0.0965966
0.0962537
0.0959108
0.095568
0.0952251
0.0948824
0.0945396
0.0941968
0.0938541
0.0935114
0.0931686
0.0928259
0.0924831
0.0921403
0.0917974
0.0914545
0.0911115
0.0907686
0.0904256
0.0900825
0.0897395
0.0893964
0.0890533
0.0887103
0.0883672
0.0880241
0.087681
0.0873379
0.0869948
0.0866516
0.0863085
0.0859654
0.0856223
0.0852792
0.0849361
0.084593
0.0842499
0.0839067
0.0835636
0.0832205
0.0828774
0.0825343
0.0821912
0.081848
0.0815049
0.0811618
0.0808187
0.0804756
0.0801325
0.0797894
0.0794463
0.0791031
0.07876
0.0784169
0.0780738
0.0777307
0.0773876
0.0770444
0.0767013
0.0763582
0.0760151
0.075672
0.0753289
0.0749857
0.0746426
0.0742995
0.0739564
0.0736133
0.0732702
0.0729271
0.0725839
0.0722408
0.0718977
0.0715546
0.0712115
0.0708684
0.0705252
0.0701821
0.069839
0.0694959
0.0691528
0.0688096
0.0684665
0.0681234
0.0677803
0.0674372
0.0670941
0.066751
0.0664078
0.0660647
0.0657216
0.0653785
0.0650354
0.0646922
0.0643491
0.064006
0.0636629
0.0633198
0.0629766
0.0626335
0.0622904
0.0619473
0.0616041
0.061261
0.0609179
0.0605747
0.0602316
0.0598885
0.0595453
0.0592022
0.0588591
0.0585159
0.0581728
0.0578297
0.0574865
0.0571434
0.0568002
0.0564571
0.0561139
0.0557708
0.0554276
0.0550845
0.0547413
0.0543982
0.054055
0.0537119
0.0533687
0.0530256
0.0526824
0.0523392
0.0519961
0.0516529
0.0513098
0.0509666
0.0506235
0.0502803
0.0499371
0.049594
0.0492508
0.0489076
0.0485645
0.0482213
0.0478781
0.047535
0.0471918
0.0468486
0.0465055
0.0461623
0.0458191
0.045476
0.0451328
0.0447896
0.0444465
0.0441033
0.0437602
0.043417
0.0430738
0.0427307
0.0423875
0.0420443
0.0417012
0.041358
0.0410149
0.0406717
0.0403285
0.0399853
0.0396422
0.039299
0.0389558
0.0386126
0.0382694
0.0379262
0.0375831
0.0372399
0.0368967
0.0365535
0.0362103
0.0358671
0.0355239
0.0351808
0.0348376
0.0344944
0.0341512
0.033808
0.0334648
0.0331217
0.0327785
0.0324353
0.0320921
0.0317489
0.0314057
0.0310625
0.0307193
0.0303761
0.0300329
0.0296897
0.0293465
0.0290032
0.02866
0.0283168
0.0279736
0.0276304
0.0272872
0.026944
0.0266008
0.0262576
0.0259144
0.0255712
0.025228
0.0248848
0.0245416
0.0241984
0.0238551
0.0235119
0.0231687
0.0228255
0.0224822
0.022139
0.0217958
0.0214526
0.0211093
0.0207661
0.0204229
0.0200797
0.0197364
0.0193932
0.01905
0.0187067
0.0183635
0.0180203
0.017677
0.0173338
0.0169906
0.0166473
0.0163041
0.0159608
0.0156176
0.0152744
0.0149311
0.0145879
0.0142446
0.0139014
0.0135581
0.0132149
0.0128716
0.0125284
0.0121851
0.0118419
0.0114987
0.0111554
0.0108122
0.0104689
0.0101257
0.0097824
0.00943914
0.00909588
0.00875262
0.00840936
0.00806611
0.00772286
0.00737961
0.00703637
0.00669313
0.0063499
0.00600666
0.00566342
0.00532018
0.00497694
0.0046337
0.00429046
0.00394723
0.00360399
0.00326075
0.00291751
0.00257427
0.00223103
0.00188779
0.00154455
0.00120132
0.000858081
0.000514848
0.000171616
-0.239375
-0.245399
-0.251905
-0.252516
-0.240564
-0.215618
-0.183871
-0.154991
-0.140227
-0.146432
-0.178287
-0.231916
-0.29685
-0.364055
-0.430932
-0.49668
-0.556752
-0.602938
-0.627981
-0.629455
-0.609374
-0.573655
-0.528907
-0.480147
-0.430274
-0.380808
-0.332909
-0.288038
-0.248089
-0.215149
-0.191136
-0.177482
-0.174892
-0.183173
-0.201165
-0.226911
-0.258077
-0.292377
-0.327729
-0.362119
-0.393387
-0.41914
-0.43679
-0.44361
-0.436867
-0.414285
-0.37509
-0.320984
-0.256626
-0.188738
-0.124032
-0.0672833
-0.0206081
0.0160681
0.0440183
0.0648372
0.0799669
0.0905946
0.0977388
0.102327
0.105199
0.107023
0.108248
0.109125
0.109777
0.110262
0.110616
0.110863
0.11102
0.111102
0.111119
0.111081
0.110996
0.110872
0.110713
0.110526
0.110314
0.110081
0.109831
0.109567
0.109289
0.109001
0.108705
0.108401
0.10809
0.107775
0.107455
0.107131
0.106804
0.106475
0.106143
0.10581
0.105475
0.105138
0.104801
0.104462
0.104123
0.103783
0.103443
0.103102
0.102761
0.10242
0.102078
0.101736
0.101394
0.101052
0.100709
0.100367
0.100024
0.0996817
0.0993391
0.0989964
0.0986536
0.0983109
0.0979681
0.0976253
0.0972824
0.0969395
0.0965966
0.0962537
0.0959109
0.095568
0.0952252
0.0948824
0.0945396
0.0941969
0.0938542
0.0935114
0.0931687
0.0928259
0.0924831
0.0921403
0.0917974
0.0914545
0.0911116
0.0907686
0.0904256
0.0900825
0.0897395
0.0893964
0.0890533
0.0887103
0.0883672
0.0880241
0.087681
0.0873379
0.0869947
0.0866516
0.0863085
0.0859654
0.0856223
0.0852792
0.0849361
0.084593
0.0842498
0.0839067
0.0835636
0.0832205
0.0828774
0.0825343
0.0821912
0.081848
0.0815049
0.0811618
0.0808187
0.0804756
0.0801325
0.0797894
0.0794463
0.0791031
0.07876
0.0784169
0.0780738
0.0777307
0.0773876
0.0770444
0.0767013
0.0763582
0.0760151
0.075672
0.0753289
0.0749857
0.0746426
0.0742995
0.0739564
0.0736133
0.0732702
0.0729271
0.0725839
0.0722408
0.0718977
0.0715546
0.0712115
0.0708684
0.0705252
0.0701821
0.069839
0.0694959
0.0691528
0.0688096
0.0684665
0.0681234
0.0677803
0.0674372
0.0670941
0.066751
0.0664078
0.0660647
0.0657216
0.0653785
0.0650354
0.0646922
0.0643491
0.064006
0.0636629
0.0633198
0.0629766
0.0626335
0.0622904
0.0619473
0.0616041
0.061261
0.0609179
0.0605747
0.0602316
0.0598885
0.0595453
0.0592022
0.0588591
0.0585159
0.0581728
0.0578297
0.0574865
0.0571434
0.0568002
0.0564571
0.0561139
0.0557708
0.0554276
0.0550845
0.0547413
0.0543982
0.054055
0.0537119
0.0533687
0.0530256
0.0526824
0.0523392
0.0519961
0.0516529
0.0513098
0.0509666
0.0506235
0.0502803
0.0499371
0.049594
0.0492508
0.0489076
0.0485645
0.0482213
0.0478781
0.047535
0.0471918
0.0468486
0.0465055
0.0461623
0.0458191
0.045476
0.0451328
0.0447896
0.0444465
0.0441033
0.0437602
0.043417
0.0430738
0.0427307
0.0423875
0.0420443
0.0417012
0.041358
0.0410149
0.0406717
0.0403285
0.0399853
0.0396422
0.039299
0.0389558
0.0386126
0.0382694
0.0379262
0.0375831
0.0372399
0.0368967
0.0365535
0.0362103
0.0358671
0.0355239
0.0351808
0.0348376
0.0344944
0.0341512
0.033808
0.0334648
0.0331217
0.0327785
0.0324353
0.0320921
0.0317489
0.0314057
0.0310625
0.0307193
0.0303761
0.0300329
0.0296897
0.0293465
0.0290032
0.02866
0.0283168
0.0279736
0.0276304
0.0272872
0.026944
0.0266008
0.0262576
0.0259144
0.0255712
0.025228
0.0248848
0.0245416
0.0241984
0.0238551
0.0235119
0.0231687
0.0228255
0.0224822
0.022139
0.0217958
0.0214526
0.0211093
0.0207661
0.0204229
0.0200797
0.0197364
0.0193932
0.01905
0.0187067
0.0183635
0.0180203
0.017677
0.0173338
0.0169906
0.0166473
0.0163041
0.0159609
0.0156176
0.0152744
0.0149311
0.0145879
0.0142446
0.0139014
0.0135581
0.0132149
0.0128716
0.0125284
0.0121851
0.0118419
0.0114986
0.0111554
0.0108122
0.0104689
0.0101257
0.0097824
0.00943914
0.00909588
0.00875262
0.00840936
0.0080661
0.00772285
0.00737961
0.00703637
0.00669313
0.00634989
0.00600666
0.00566342
0.00532018
0.00497694
0.0046337
0.00429047
0.00394723
0.00360399
0.00326075
0.00291751
0.00257427
0.00223103
0.00188779
0.00154455
0.00120131
0.000858079
0.000514847
0.000171616
-0.243174
-0.250072
-0.257214
-0.255389
-0.238166
-0.206565
-0.169556
-0.138892
-0.123336
-0.131543
-0.165573
-0.220478
-0.285505
-0.352148
-0.417554
-0.48043
-0.536701
-0.579508
-0.60351
-0.60594
-0.588972
-0.557492
-0.516714
-0.470721
-0.422324
-0.373599
-0.326462
-0.282956
-0.245226
-0.215308
-0.194885
-0.185085
-0.186294
-0.197997
-0.218771
-0.246597
-0.279371
-0.315234
-0.352467
-0.389184
-0.423124
-0.451674
-0.472038
-0.48134
-0.476578
-0.454798
-0.414327
-0.356144
-0.284943
-0.208462
-0.134962
-0.0706103
-0.0183274
0.0218024
0.0513656
0.072492
0.0871659
0.0969976
0.103271
0.107046
0.109203
0.110412
0.111111
0.111539
0.111809
0.111974
0.112058
0.112079
0.112046
0.111967
0.111849
0.111698
0.111517
0.111311
0.111083
0.110838
0.110577
0.110303
0.110018
0.109723
0.109421
0.109112
0.108798
0.108479
0.108156
0.10783
0.107501
0.10717
0.106837
0.106502
0.106166
0.105829
0.10549
0.105151
0.104812
0.104472
0.104131
0.10379
0.103448
0.103107
0.102765
0.102423
0.102081
0.101738
0.101396
0.101053
0.100711
0.100368
0.100025
0.0996824
0.0993396
0.0989968
0.098654
0.0983112
0.0979683
0.0976254
0.0972825
0.0969396
0.0965967
0.0962538
0.0959109
0.0955681
0.0952252
0.0948824
0.0945397
0.0941969
0.0938542
0.0935115
0.0931687
0.0928259
0.0924831
0.0921403
0.0917974
0.0914545
0.0911116
0.0907686
0.0904256
0.0900825
0.0897395
0.0893964
0.0890533
0.0887102
0.0883672
0.0880241
0.087681
0.0873378
0.0869947
0.0866516
0.0863085
0.0859654
0.0856223
0.0852792
0.0849361
0.084593
0.0842498
0.0839067
0.0835636
0.0832205
0.0828774
0.0825343
0.0821912
0.081848
0.0815049
0.0811618
0.0808187
0.0804756
0.0801325
0.0797894
0.0794463
0.0791032
0.07876
0.0784169
0.0780738
0.0777307
0.0773876
0.0770445
0.0767013
0.0763582
0.0760151
0.075672
0.0753289
0.0749857
0.0746426
0.0742995
0.0739564
0.0736133
0.0732702
0.0729271
0.0725839
0.0722408
0.0718977
0.0715546
0.0712115
0.0708684
0.0705252
0.0701821
0.069839
0.0694959
0.0691528
0.0688097
0.0684665
0.0681234
0.0677803
0.0674372
0.0670941
0.066751
0.0664078
0.0660647
0.0657216
0.0653785
0.0650354
0.0646922
0.0643491
0.064006
0.0636629
0.0633198
0.0629766
0.0626335
0.0622904
0.0619473
0.0616041
0.061261
0.0609179
0.0605747
0.0602316
0.0598885
0.0595453
0.0592022
0.0588591
0.0585159
0.0581728
0.0578297
0.0574865
0.0571434
0.0568002
0.0564571
0.0561139
0.0557708
0.0554276
0.0550845
0.0547413
0.0543982
0.054055
0.0537119
0.0533687
0.0530256
0.0526824
0.0523393
0.0519961
0.051653
0.0513098
0.0509666
0.0506235
0.0502803
0.0499371
0.049594
0.0492508
0.0489076
0.0485645
0.0482213
0.0478781
0.047535
0.0471918
0.0468486
0.0465055
0.0461623
0.0458191
0.045476
0.0451328
0.0447896
0.0444465
0.0441033
0.0437601
0.043417
0.0430738
0.0427307
0.0423875
0.0420444
0.0417012
0.041358
0.0410149
0.0406717
0.0403285
0.0399853
0.0396422
0.039299
0.0389558
0.0386126
0.0382694
0.0379262
0.0375831
0.0372399
0.0368967
0.0365535
0.0362103
0.0358671
0.0355239
0.0351808
0.0348376
0.0344944
0.0341512
0.033808
0.0334648
0.0331217
0.0327785
0.0324353
0.0320921
0.0317489
0.0314057
0.0310625
0.0307193
0.0303761
0.0300329
0.0296897
0.0293465
0.0290032
0.02866
0.0283168
0.0279736
0.0276304
0.0272872
0.026944
0.0266008
0.0262576
0.0259144
0.0255712
0.025228
0.0248848
0.0245416
0.0241984
0.0238551
0.0235119
0.0231687
0.0228255
0.0224822
0.022139
0.0217958
0.0214526
0.0211093
0.0207661
0.0204229
0.0200797
0.0197364
0.0193932
0.01905
0.0187067
0.0183635
0.0180203
0.017677
0.0173338
0.0169906
0.0166473
0.0163041
0.0159609
0.0156176
0.0152744
0.0149311
0.0145879
0.0142446
0.0139014
0.0135581
0.0132149
0.0128716
0.0125284
0.0121851
0.0118419
0.0114986
0.0111554
0.0108122
0.0104689
0.0101257
0.0097824
0.00943914
0.00909588
0.00875262
0.00840936
0.0080661
0.00772285
0.00737961
0.00703637
0.00669313
0.00634989
0.00600666
0.00566342
0.00532018
0.00497694
0.00463371
0.00429047
0.00394723
0.00360399
0.00326075
0.00291751
0.00257427
0.00223103
0.00188779
0.00154455
0.00120131
0.000858078
0.000514845
0.000171615
-0.246624
-0.252561
-0.259774
-0.256285
-0.235769
-0.200062
-0.159857
-0.127951
-0.113661
-0.123251
-0.157966
-0.212309
-0.276018
-0.341144
-0.404414
-0.464057
-0.516437
-0.556069
-0.578477
-0.581709
-0.567445
-0.539352
-0.501456
-0.457333
-0.410017
-0.36218
-0.316304
-0.274742
-0.239666
-0.212939
-0.195984
-0.189641
-0.193996
-0.208257
-0.230867
-0.25998
-0.293969
-0.331476
-0.371008
-0.410579
-0.447626
-0.479184
-0.502206
-0.513756
-0.510881
-0.490316
-0.449592
-0.388739
-0.312086
-0.228075
-0.146426
-0.0747651
-0.0169296
0.026737
0.0580567
0.0796426
0.0939939
0.103136
0.108619
0.111641
0.113129
0.113755
0.113948
0.11394
0.113838
0.113687
0.113505
0.113301
0.113079
0.11284
0.112587
0.11232
0.112042
0.111754
0.111458
0.111153
0.110843
0.110527
0.110206
0.109882
0.109555
0.109225
0.108892
0.108558
0.108223
0.107886
0.107548
0.107209
0.106869
0.106529
0.106189
0.105848
0.105506
0.105165
0.104823
0.104481
0.104139
0.103796
0.103454
0.103111
0.102768
0.102426
0.102083
0.10174
0.101397
0.101055
0.100712
0.100369
0.100026
0.099683
0.0993401
0.0989972
0.0986543
0.0983114
0.0979685
0.0976256
0.0972827
0.0969398
0.0965968
0.0962539
0.095911
0.0955681
0.0952253
0.0948825
0.0945397
0.094197
0.0938542
0.0935115
0.0931687
0.092826
0.0924832
0.0921403
0.0917974
0.0914545
0.0911116
0.0907686
0.0904256
0.0900825
0.0897395
0.0893964
0.0890533
0.0887102
0.0883672
0.0880241
0.087681
0.0873378
0.0869947
0.0866516
0.0863085
0.0859654
0.0856223
0.0852792
0.0849361
0.084593
0.0842498
0.0839067
0.0835636
0.0832205
0.0828774
0.0825343
0.0821912
0.081848
0.0815049
0.0811618
0.0808187
0.0804756
0.0801325
0.0797894
0.0794463
0.0791032
0.07876
0.0784169
0.0780738
0.0777307
0.0773876
0.0770445
0.0767013
0.0763582
0.0760151
0.075672
0.0753289
0.0749857
0.0746426
0.0742995
0.0739564
0.0736133
0.0732702
0.0729271
0.0725839
0.0722408
0.0718977
0.0715546
0.0712115
0.0708684
0.0705252
0.0701821
0.069839
0.0694959
0.0691528
0.0688097
0.0684665
0.0681234
0.0677803
0.0674372
0.0670941
0.066751
0.0664078
0.0660647
0.0657216
0.0653785
0.0650354
0.0646922
0.0643491
0.064006
0.0636629
0.0633198
0.0629766
0.0626335
0.0622904
0.0619473
0.0616041
0.061261
0.0609179
0.0605747
0.0602316
0.0598885
0.0595453
0.0592022
0.0588591
0.0585159
0.0581728
0.0578297
0.0574865
0.0571434
0.0568002
0.0564571
0.0561139
0.0557708
0.0554276
0.0550845
0.0547413
0.0543982
0.054055
0.0537119
0.0533687
0.0530256
0.0526824
0.0523393
0.0519961
0.051653
0.0513098
0.0509666
0.0506235
0.0502803
0.0499371
0.049594
0.0492508
0.0489076
0.0485645
0.0482213
0.0478781
0.047535
0.0471918
0.0468486
0.0465055
0.0461623
0.0458191
0.045476
0.0451328
0.0447896
0.0444465
0.0441033
0.0437601
0.043417
0.0430738
0.0427307
0.0423875
0.0420444
0.0417012
0.041358
0.0410149
0.0406717
0.0403285
0.0399853
0.0396422
0.039299
0.0389558
0.0386126
0.0382694
0.0379262
0.0375831
0.0372399
0.0368967
0.0365535
0.0362103
0.0358671
0.0355239
0.0351808
0.0348376
0.0344944
0.0341512
0.033808
0.0334649
0.0331217
0.0327785
0.0324353
0.0320921
0.0317489
0.0314057
0.0310625
0.0307193
0.0303761
0.0300329
0.0296897
0.0293465
0.0290032
0.02866
0.0283168
0.0279736
0.0276304
0.0272872
0.026944
0.0266008
0.0262576
0.0259144
0.0255712
0.025228
0.0248848
0.0245416
0.0241984
0.0238551
0.0235119
0.0231687
0.0228255
0.0224822
0.022139
0.0217958
0.0214526
0.0211093
0.0207661
0.0204229
0.0200797
0.0197364
0.0193932
0.01905
0.0187067
0.0183635
0.0180203
0.017677
0.0173338
0.0169906
0.0166473
0.0163041
0.0159609
0.0156176
0.0152744
0.0149311
0.0145879
0.0142446
0.0139014
0.0135581
0.0132149
0.0128716
0.0125284
0.0121851
0.0118419
0.0114986
0.0111554
0.0108122
0.0104689
0.0101257
0.0097824
0.00943914
0.00909588
0.00875261
0.00840935
0.0080661
0.00772285
0.00737961
0.00703637
0.00669313
0.00634989
0.00600666
0.00566342
0.00532018
0.00497695
0.00463371
0.00429047
0.00394723
0.003604
0.00326076
0.00291751
0.00257427
0.00223103
0.00188779
0.00154455
0.00120131
0.000858076
0.000514844
0.000171615
)
;

boundaryField
{
    inlet
    {
        type            zeroGradient;
    }
    outlet
    {
        type            fixedValue;
        value           uniform 0;
    }
    walls
    {
        type            zeroGradient;
    }
    frontAndBack
    {
        type            empty;
    }
}


// ************************************************************************* //
