/*--------------------------------*- C++ -*----------------------------------*\
  =========                 |
  \\      /  F ield         | OpenFOAM: The Open Source CFD Toolbox
   \\    /   O peration     | Website:  https://openfoam.org
    \\  /    A nd           | Version:  11
     \\/     M anipulation  |
\*---------------------------------------------------------------------------*/
FoamFile
{
    format      ascii;
    class       surfaceScalarField;
    location    "15";
    object      phi;
}
// * * * * * * * * * * * * * * * * * * * * * * * * * * * * * * * * * * * * * //

dimensions      [0 3 -1 0 0 0 0];

internalField   nonuniform List<scalar> 
16540
(
7.36779e-06
-5.5291e-08
7.42462e-06
-5.68268e-08
7.44615e-06
-2.15351e-08
7.45312e-06
-6.96692e-09
7.46352e-06
-1.03959e-08
7.47889e-06
-1.5377e-08
7.49623e-06
-1.73344e-08
7.51496e-06
-1.87318e-08
7.53597e-06
-2.1008e-08
7.56007e-06
-2.41048e-08
7.58792e-06
-2.78469e-08
7.62029e-06
-3.23694e-08
7.65826e-06
-3.79757e-08
7.70334e-06
-4.5078e-08
7.75767e-06
-5.43238e-08
7.8247e-06
-6.70393e-08
7.91068e-06
-8.5976e-08
8.03393e-06
-1.23248e-07
8.23935e-06
-2.0542e-07
-7.327e-07
8.97205e-06
2.07968e-05
-3.96374e-08
2.08071e-05
-6.70798e-08
2.08353e-05
-4.96892e-08
2.08627e-05
-3.4454e-08
2.08879e-05
-3.5572e-08
2.09149e-05
-4.23894e-08
2.09456e-05
-4.80368e-08
2.09803e-05
-5.34249e-08
2.10197e-05
-6.03427e-08
2.10647e-05
-6.91703e-08
2.11168e-05
-7.98947e-08
2.11773e-05
-9.28548e-08
2.1248e-05
-1.08747e-07
2.13315e-05
-1.28593e-07
2.14312e-05
-1.53999e-07
2.15522e-05
-1.88058e-07
2.17031e-05
-2.36849e-07
2.19009e-05
-3.20997e-07
2.21605e-05
-4.65107e-07
-8.73276e-07
2.23011e-05
3.28e-05
-2.71192e-08
3.27929e-05
-5.99545e-08
3.28031e-05
-5.98868e-08
3.28221e-05
-5.34583e-08
3.28439e-05
-5.7455e-08
3.28693e-05
-6.77618e-08
3.28996e-05
-7.83496e-08
3.29353e-05
-8.9126e-08
3.29769e-05
-1.01918e-07
3.30253e-05
-1.17568e-07
3.30818e-05
-1.36362e-07
3.31478e-05
-1.58891e-07
3.32253e-05
-1.86229e-07
3.33167e-05
-2.19959e-07
3.34252e-05
-2.62498e-07
3.35552e-05
-3.18121e-07
3.3713e-05
-3.94595e-07
3.39023e-05
-5.10347e-07
3.41224e-05
-6.8524e-07
-1.00094e-06
3.42501e-05
4.33062e-05
-2.08526e-08
4.32992e-05
-5.29381e-08
4.33028e-05
-6.34567e-08
4.33149e-05
-6.55597e-08
4.33311e-05
-7.36377e-08
4.3351e-05
-8.77212e-08
4.3376e-05
-1.03323e-07
4.34066e-05
-1.19748e-07
4.34433e-05
-1.3863e-07
4.34869e-05
-1.61152e-07
4.35385e-05
-1.87921e-07
4.35994e-05
-2.19766e-07
4.36712e-05
-2.58064e-07
4.3756e-05
-3.04804e-07
4.38564e-05
-3.62908e-07
4.39754e-05
-4.37083e-07
4.41158e-05
-5.34988e-07
4.4276e-05
-6.7054e-07
4.4448e-05
-8.57197e-07
-1.12287e-06
4.45699e-05
5.23093e-05
-1.76326e-08
5.23045e-05
-4.81179e-08
5.23059e-05
-6.49414e-08
5.23144e-05
-7.4032e-08
5.2327e-05
-8.62224e-08
5.2343e-05
-1.03674e-07
5.23632e-05
-1.23553e-07
5.23884e-05
-1.44996e-07
5.24192e-05
-1.69367e-07
5.24561e-05
-1.98038e-07
5.25e-05
-2.31894e-07
5.25522e-05
-2.7197e-07
5.2614e-05
-3.19841e-07
5.26869e-05
-3.77732e-07
5.27728e-05
-4.4875e-07
5.28732e-05
-5.37468e-07
5.29887e-05
-6.50518e-07
5.31158e-05
-7.9763e-07
5.32451e-05
-9.8652e-07
-1.22288e-06
5.33451e-05
5.98107e-05
-1.58248e-08
5.98074e-05
-4.48182e-08
5.98078e-05
-6.53214e-08
5.98136e-05
-7.98129e-08
5.98232e-05
-9.58485e-08
5.98358e-05
-1.16278e-07
5.98519e-05
-1.39655e-07
5.98722e-05
-1.65278e-07
5.98971e-05
-1.9428e-07
5.99271e-05
-2.28101e-07
5.99631e-05
-2.6784e-07
6.00058e-05
-3.14692e-07
6.00563e-05
-3.70352e-07
6.01157e-05
-4.37119e-07
6.0185e-05
-5.18044e-07
6.02648e-05
-6.1724e-07
6.03543e-05
-7.40021e-07
6.04494e-05
-8.92758e-07
6.05419e-05
-1.07901e-06
-1.2957e-06
6.06147e-05
6.58113e-05
-1.46466e-08
6.58088e-05
-4.2274e-08
6.58082e-05
-6.47905e-08
6.58117e-05
-8.32293e-08
6.58184e-05
-1.0259e-07
6.58277e-05
-1.25566e-07
6.58397e-05
-1.51697e-07
6.58551e-05
-1.80618e-07
6.58741e-05
-2.13319e-07
6.58972e-05
-2.51215e-07
6.59249e-05
-2.95538e-07
6.59578e-05
-3.47601e-07
6.59966e-05
-4.09141e-07
6.60419e-05
-4.82415e-07
6.60941e-05
-5.70259e-07
6.61531e-05
-6.76178e-07
6.62172e-05
-8.04196e-07
6.62827e-05
-9.58174e-07
6.63426e-05
-1.13894e-06
-1.34035e-06
6.63872e-05
7.03115e-05
-1.36871e-08
7.03092e-05
-3.99073e-08
7.03077e-05
-6.33102e-08
7.03089e-05
-8.44567e-08
7.03128e-05
-1.06472e-07
7.03187e-05
-1.31474e-07
7.03266e-05
-1.59614e-07
7.03369e-05
-1.90927e-07
7.035e-05
-2.26343e-07
7.03659e-05
-2.67192e-07
7.03852e-05
-3.14761e-07
7.0408e-05
-3.7043e-07
7.04348e-05
-4.35923e-07
7.04657e-05
-5.13369e-07
7.05008e-05
-6.05296e-07
7.05392e-05
-7.14578e-07
7.05791e-05
-8.44105e-07
7.06168e-05
-9.95949e-07
7.06472e-05
-1.16925e-06
-1.35714e-06
7.06639e-05
7.33115e-05
-1.27106e-08
7.33089e-05
-3.72962e-08
7.33064e-05
-6.07511e-08
7.33055e-05
-8.35931e-08
7.33066e-05
-1.07542e-07
7.3309e-05
-1.33965e-07
7.33128e-05
-1.63352e-07
7.3318e-05
-1.96141e-07
7.33249e-05
-2.33254e-07
7.33336e-05
-2.75901e-07
7.33442e-05
-3.25354e-07
7.33568e-05
-3.83019e-07
7.33714e-05
-4.50557e-07
7.3388e-05
-5.29918e-07
7.3406e-05
-6.23286e-07
7.34243e-05
-7.32934e-07
7.34411e-05
-8.60825e-07
7.34529e-05
-1.00779e-06
7.34556e-05
-1.17199e-06
-1.3468e-06
7.34453e-05
7.48114e-05
-1.15647e-08
7.48082e-05
-3.41198e-08
7.48044e-05
-5.69569e-08
7.48015e-05
-8.06953e-08
7.47998e-05
-1.05872e-07
7.47989e-05
-1.33044e-07
7.47984e-05
-1.62895e-07
7.47985e-05
-1.96244e-07
7.47993e-05
-2.34024e-07
7.48007e-05
-2.77295e-07
7.48026e-05
-3.27268e-07
7.48049e-05
-3.85332e-07
7.48074e-05
-4.53055e-07
7.48097e-05
-5.32177e-07
7.48109e-05
-6.24531e-07
7.48099e-05
-7.3186e-07
7.48044e-05
-8.55399e-07
7.47918e-05
-9.95149e-07
7.47685e-05
-1.14875e-06
-1.31017e-06
7.47319e-05
7.48111e-05
-1.01308e-08
7.48071e-05
-3.01098e-08
7.48019e-05
-5.17733e-08
7.4797e-05
-7.58109e-08
7.47927e-05
-1.0156e-07
7.47884e-05
-1.28757e-07
7.47838e-05
-1.58269e-07
7.47788e-05
-1.91276e-07
7.47735e-05
-2.28697e-07
7.47676e-05
-2.71415e-07
7.47609e-05
-3.20554e-07
7.4753e-05
-3.77456e-07
7.47435e-05
-4.4357e-07
7.47317e-05
-5.20408e-07
7.47167e-05
-6.09473e-07
7.46969e-05
-7.12056e-07
7.46703e-05
-8.2884e-07
7.46345e-05
-9.5929e-07
7.45865e-05
-1.10083e-06
-1.24813e-06
7.45245e-05
7.33107e-05
-8.2927e-09
7.33056e-05
-2.50078e-08
7.32988e-05
-4.5062e-08
7.3292e-05
-6.90092e-08
7.32852e-05
-9.47306e-08
7.32776e-05
-1.21186e-07
7.32689e-05
-1.49545e-07
7.3259e-05
-1.8133e-07
7.32477e-05
-2.17382e-07
7.32346e-05
-2.58384e-07
7.32194e-05
-3.05363e-07
7.32016e-05
-3.59591e-07
7.31804e-05
-4.22377e-07
7.3155e-05
-4.95003e-07
7.31242e-05
-5.78668e-07
7.30864e-05
-6.74293e-07
7.30397e-05
-7.82156e-07
7.29818e-05
-9.01397e-07
7.29104e-05
-1.02944e-06
-1.1616e-06
7.28239e-05
7.03101e-05
-5.90409e-09
7.03036e-05
-1.85234e-08
7.02953e-05
-3.67139e-08
7.02867e-05
-6.04124e-08
7.02775e-05
-8.55403e-08
7.02668e-05
-1.10444e-07
7.0254e-05
-1.36844e-07
7.02393e-05
-1.66563e-07
7.02222e-05
-2.0026e-07
7.02022e-05
-2.38408e-07
7.01788e-05
-2.81943e-07
7.01512e-05
-3.3205e-07
7.01187e-05
-3.89876e-07
7.00802e-05
-4.56478e-07
7.00343e-05
-5.32786e-07
6.99794e-05
-6.19422e-07
6.99137e-05
-7.16382e-07
6.98349e-05
-8.22631e-07
6.97412e-05
-9.35718e-07
-1.0516e-06
6.96312e-05
6.58093e-05
-2.74058e-09
6.58011e-05
-1.02891e-08
6.57911e-05
-2.66803e-08
6.57809e-05
-5.02287e-08
6.57695e-05
-7.41811e-08
6.57558e-05
-9.66811e-08
6.57393e-05
-1.20347e-07
6.57199e-05
-1.472e-07
6.56972e-05
-1.77591e-07
6.56706e-05
-2.11787e-07
6.56393e-05
-2.50654e-07
6.56025e-05
-2.95273e-07
6.55593e-05
-3.46608e-07
6.55083e-05
-4.05499e-07
6.54482e-05
-4.72644e-07
6.53772e-05
-5.48428e-07
6.52934e-05
-6.3266e-07
6.51951e-05
-7.24246e-07
6.50803e-05
-8.20953e-07
-9.19292e-07
6.4948e-05
5.98082e-05
1.59091e-09
5.97977e-05
1.93574e-10
5.9786e-05
-1.50421e-08
5.97746e-05
-3.87928e-08
5.97613e-05
-6.08839e-08
5.97447e-05
-8.00986e-08
5.97247e-05
-1.00331e-07
5.97011e-05
-1.23581e-07
5.96733e-05
-1.49763e-07
5.96405e-05
-1.78981e-07
5.96019e-05
-2.12052e-07
5.95565e-05
-2.49924e-07
5.95033e-05
-2.93366e-07
5.94408e-05
-3.43009e-07
5.93675e-05
-3.99349e-07
5.92817e-05
-4.62594e-07
5.91814e-05
-5.32442e-07
5.9065e-05
-6.0782e-07
5.89308e-05
-6.8679e-07
-7.6634e-07
5.87779e-05
5.23063e-05
7.82211e-09
5.22929e-05
1.36107e-08
5.228e-05
-2.17106e-09
5.22678e-05
-2.66461e-08
5.2253e-05
-4.60106e-08
5.2234e-05
-6.11133e-08
5.2211e-05
-7.73632e-08
5.21838e-05
-9.63675e-08
5.21516e-05
-1.1753e-07
5.21134e-05
-1.40867e-07
5.20685e-05
-1.67155e-07
5.20158e-05
-1.97176e-07
5.19539e-05
-2.31492e-07
5.18815e-05
-2.70543e-07
5.17968e-05
-3.14654e-07
5.16981e-05
-3.63899e-07
5.15836e-05
-4.17934e-07
5.14515e-05
-4.75776e-07
5.13006e-05
-5.35844e-07
-5.95524e-07
5.11298e-05
4.33028e-05
1.75339e-08
4.3286e-05
3.04473e-08
4.3273e-05
1.07427e-08
4.32614e-05
-1.50564e-08
4.32461e-05
-3.06425e-08
4.3226e-05
-4.10164e-08
4.32015e-05
-5.2922e-08
4.31723e-05
-6.71192e-08
4.31373e-05
-8.25473e-08
4.30957e-05
-9.92475e-08
4.30465e-05
-1.17942e-07
4.29885e-05
-1.39218e-07
4.29205e-05
-1.63433e-07
4.28408e-05
-1.90857e-07
4.27478e-05
-2.21673e-07
4.26398e-05
-2.55866e-07
4.25149e-05
-2.93112e-07
4.23717e-05
-3.32584e-07
4.2209e-05
-3.73125e-07
-4.12458e-07
4.2026e-05
3.27963e-05
3.37512e-08
3.27783e-05
4.83805e-08
3.27704e-05
1.87386e-08
3.27633e-05
-7.98351e-09
3.27506e-05
-1.79325e-08
3.27324e-05
-2.28146e-08
3.27093e-05
-2.98464e-08
3.26807e-05
-3.8557e-08
3.26458e-05
-4.76169e-08
3.26037e-05
-5.71746e-08
3.25536e-05
-6.78418e-08
3.24944e-05
-7.99769e-08
3.24247e-05
-9.37417e-08
3.23431e-05
-1.09255e-07
3.2248e-05
-1.26591e-07
3.21378e-05
-1.45689e-07
3.2011e-05
-1.66302e-07
3.18663e-05
-1.8784e-07
3.17028e-05
-2.09634e-07
-2.29817e-07
3.15201e-05
2.07933e-05
5.29244e-08
2.07925e-05
4.92095e-08
2.08021e-05
9.12235e-09
2.08037e-05
-9.55131e-09
2.07951e-05
-9.33271e-09
2.07805e-05
-8.24142e-09
2.07611e-05
-1.04259e-08
2.07362e-05
-1.37141e-08
2.07054e-05
-1.68009e-08
2.06682e-05
-1.99283e-08
2.06238e-05
-2.34834e-08
2.05714e-05
-2.75763e-08
2.05099e-05
-3.22115e-08
2.0438e-05
-3.74046e-08
2.03546e-05
-4.31655e-08
2.02584e-05
-4.94457e-08
2.01482e-05
-5.61335e-08
2.00233e-05
-6.29516e-08
1.98834e-05
-6.97089e-08
-7.53797e-08
1.9729e-05
7.36542e-06
7.41463e-06
7.42376e-06
7.41421e-06
7.40487e-06
7.39663e-06
7.3862e-06
7.37249e-06
7.35569e-06
7.33576e-06
7.31228e-06
7.2847e-06
7.25249e-06
7.21509e-06
7.17192e-06
7.12247e-06
7.06634e-06
7.00339e-06
6.93368e-06
6.8583e-06
1.14179e-05
-1.32708e-06
-1.11881e-06
1.35273e-05
-9.30108e-07
-1.17929e-06
1.50882e-05
-9.55146e-07
-6.05709e-07
1.64254e-05
-1.01382e-06
-3.23378e-07
1.76078e-05
-1.06906e-06
-1.134e-07
1.86739e-05
-1.15496e-06
8.88872e-08
1.96579e-05
-1.24907e-06
2.65129e-07
2.05793e-05
-1.33739e-06
4.15975e-07
2.14495e-05
-1.42045e-06
5.50194e-07
2.2277e-05
-1.49992e-06
6.72432e-07
2.30683e-05
-1.57639e-06
7.8512e-07
2.38284e-05
-1.65065e-06
8.9053e-07
2.45616e-05
-1.72365e-06
9.90459e-07
2.52714e-05
-1.7965e-06
1.0867e-06
2.5961e-05
-1.8703e-06
1.18073e-06
2.66332e-05
-1.94614e-06
1.27393e-06
2.72907e-05
-2.02513e-06
1.36763e-06
2.7936e-05
-2.10844e-06
1.4631e-06
2.85716e-05
-2.19729e-06
1.56166e-06
2.92e-05
-2.29297e-06
1.66463e-06
2.98234e-05
-2.39688e-06
1.77341e-06
3.04445e-05
-2.51053e-06
1.88947e-06
3.10657e-05
-2.63558e-06
2.01442e-06
3.16895e-05
-2.77386e-06
2.15e-06
3.23188e-05
-2.92741e-06
2.29814e-06
3.29563e-05
-3.09848e-06
2.46097e-06
3.3605e-05
-3.2896e-06
2.64087e-06
3.42681e-05
-3.50358e-06
2.84051e-06
3.49488e-05
-3.74358e-06
3.06285e-06
3.56507e-05
-4.0131e-06
3.31124e-06
3.63773e-05
-4.31605e-06
3.58942e-06
3.71325e-05
-4.6568e-06
3.9016e-06
3.79202e-05
-5.04015e-06
4.25249e-06
3.87443e-05
-5.4714e-06
4.64731e-06
3.96087e-05
-5.95633e-06
5.09186e-06
4.05175e-05
-6.50118e-06
5.59247e-06
4.1474e-05
-7.11256e-06
6.15601e-06
4.24816e-05
-7.79736e-06
6.78977e-06
4.35429e-05
-8.56264e-06
7.50139e-06
4.46595e-05
-9.41542e-06
8.29873e-06
4.58323e-05
-1.03625e-05
9.18973e-06
4.70604e-05
-1.14103e-05
1.01823e-05
4.83409e-05
-1.25645e-05
1.12839e-05
4.96688e-05
-1.38297e-05
1.25018e-05
5.10357e-05
-1.52089e-05
1.3842e-05
5.24297e-05
-1.67026e-05
1.53086e-05
5.38345e-05
-1.83074e-05
1.69025e-05
5.52292e-05
-2.00144e-05
1.86197e-05
5.65878e-05
-2.18073e-05
2.04488e-05
5.78795e-05
-2.36601e-05
2.23683e-05
5.90697e-05
-2.55355e-05
2.43453e-05
6.01207e-05
-2.73846e-05
2.63336e-05
6.09937e-05
-2.91472e-05
2.82742e-05
6.16509e-05
-3.0754e-05
3.00968e-05
6.20575e-05
-3.21304e-05
3.17238e-05
6.21845e-05
-3.32019e-05
3.30749e-05
6.20108e-05
-3.38999e-05
3.40735e-05
6.15258e-05
-3.41686e-05
3.46537e-05
6.07304e-05
-3.39713e-05
3.47667e-05
5.96386e-05
-3.32949e-05
3.43867e-05
5.82771e-05
-3.2153e-05
3.35145e-05
5.66849e-05
-3.05862e-05
3.21784e-05
5.49107e-05
-2.86585e-05
3.04327e-05
5.30106e-05
-2.64522e-05
2.83523e-05
5.10438e-05
-2.40593e-05
2.60262e-05
4.90688e-05
-2.15735e-05
2.35484e-05
4.71398e-05
-1.90816e-05
2.10106e-05
4.53032e-05
-1.66576e-05
1.84942e-05
4.35958e-05
-1.43587e-05
1.60661e-05
4.20439e-05
-1.22243e-05
1.37763e-05
4.06634e-05
-1.02768e-05
1.16572e-05
3.94613e-05
-8.52427e-06
9.72645e-06
3.84366e-05
-6.96406e-06
7.98869e-06
3.7583e-05
-5.58591e-06
6.4395e-06
3.689e-05
-4.37508e-06
5.06811e-06
3.63446e-05
-3.31466e-06
3.86009e-06
3.59326e-05
-2.38731e-06
2.79932e-06
3.56395e-05
-1.57633e-06
1.8694e-06
3.54512e-05
-8.66337e-07
1.05458e-06
3.53545e-05
-2.43365e-07
3.4015e-07
3.53369e-05
3.04443e-07
-2.86882e-07
3.53875e-05
7.8789e-07
-8.38466e-07
3.54962e-05
1.21611e-06
-1.32481e-06
3.56541e-05
1.5969e-06
-1.75482e-06
3.58535e-05
1.93705e-06
-2.13641e-06
3.60874e-05
2.24238e-06
-2.47637e-06
3.63502e-05
2.51789e-06
-2.78062e-06
3.66365e-05
2.7679e-06
-3.05426e-06
3.69422e-05
2.99613e-06
-3.30176e-06
3.72633e-05
3.20584e-06
-3.52698e-06
3.75967e-05
3.39983e-06
-3.73328e-06
3.79398e-05
3.58056e-06
-3.92358e-06
3.82901e-05
3.75014e-06
-4.10044e-06
3.86457e-05
3.91045e-06
-4.26605e-06
3.90049e-05
4.0631e-06
-4.42235e-06
3.93664e-05
4.20949e-06
-4.57098e-06
3.97289e-05
4.35084e-06
-4.71337e-06
4.00915e-05
4.48819e-06
-4.85075e-06
4.04532e-05
4.62243e-06
-4.98414e-06
4.08133e-05
4.75431e-06
-5.1144e-06
4.11711e-05
4.88443e-06
-5.24225e-06
4.15261e-05
5.01327e-06
-5.36824e-06
4.18776e-05
5.14121e-06
-5.49278e-06
4.22253e-05
5.2685e-06
-5.61617e-06
4.25686e-05
5.39529e-06
-5.73858e-06
4.29071e-05
5.5216e-06
-5.86006e-06
4.32402e-05
5.64739e-06
-5.98055e-06
4.35676e-05
5.77248e-06
-6.09989e-06
4.38888e-05
5.89662e-06
-6.2178e-06
4.42033e-05
6.01945e-06
-6.33392e-06
4.45105e-05
6.14055e-06
-6.4478e-06
4.48101e-05
6.25937e-06
-6.55888e-06
4.51013e-05
6.37531e-06
-6.66654e-06
4.53837e-05
6.4877e-06
-6.77009e-06
4.56566e-05
6.59579e-06
-6.86876e-06
4.59196e-05
6.69876e-06
-6.96174e-06
4.6172e-05
6.79577e-06
-7.04817e-06
4.64133e-05
6.88592e-06
-7.12715e-06
4.66427e-05
6.96826e-06
-7.19776e-06
4.68599e-05
7.04187e-06
-7.25906e-06
4.70643e-05
7.10578e-06
-7.31014e-06
4.72553e-05
7.15906e-06
-7.35008e-06
4.74325e-05
7.20078e-06
-7.378e-06
4.75956e-05
7.23008e-06
-7.3931e-06
4.7744e-05
7.24614e-06
-7.3946e-06
4.78776e-05
7.24822e-06
-7.38184e-06
4.79962e-05
7.23567e-06
-7.35424e-06
4.80996e-05
7.20795e-06
-7.31135e-06
4.81878e-05
7.16464e-06
-7.25284e-06
4.82608e-05
7.10548e-06
-7.17851e-06
4.83188e-05
7.03033e-06
-7.08834e-06
4.83621e-05
6.93923e-06
-6.98245e-06
4.83908e-05
6.83236e-06
-6.86112e-06
4.84055e-05
6.71011e-06
-6.7248e-06
4.84066e-05
6.57299e-06
-6.57411e-06
4.83947e-05
6.42171e-06
-6.40982e-06
4.83705e-05
6.25711e-06
-6.23284e-06
4.83345e-05
6.08018e-06
-6.04422e-06
4.82876e-05
5.89203e-06
-5.84511e-06
4.82305e-05
5.69387e-06
-5.63677e-06
4.8164e-05
5.48699e-06
-5.42051e-06
4.8089e-05
5.27275e-06
-5.19769e-06
4.80061e-05
5.05251e-06
-4.96969e-06
4.79164e-05
4.82764e-06
-4.73787e-06
4.78205e-05
4.59948e-06
-4.50357e-06
4.77192e-05
4.36932e-06
-4.26805e-06
4.76133e-05
4.13837e-06
-4.0325e-06
4.75036e-05
3.90774e-06
-3.79799e-06
4.73906e-05
3.67846e-06
-3.56551e-06
4.72751e-05
3.4514e-06
-3.33591e-06
4.71577e-05
3.22734e-06
-3.1099e-06
4.70389e-05
3.00693e-06
-2.88811e-06
4.69192e-05
2.79072e-06
-2.67103e-06
4.67991e-05
2.57915e-06
-2.45906e-06
4.6679e-05
2.3726e-06
-2.25252e-06
4.65593e-05
2.17135e-06
-2.05166e-06
4.64404e-05
1.97568e-06
-1.85671e-06
4.63224e-05
1.78581e-06
-1.66784e-06
4.62057e-05
1.60197e-06
-1.48524e-06
4.60904e-05
1.4244e-06
-1.3091e-06
4.59767e-05
1.25332e-06
-1.13963e-06
4.58647e-05
1.08902e-06
-9.77042e-07
4.57545e-05
9.31742e-07
-8.21579e-07
4.56462e-05
7.81783e-07
-6.7349e-07
4.55398e-05
6.3941e-07
-5.3302e-07
4.54354e-05
5.04872e-07
-4.00394e-07
4.53328e-05
3.78374e-07
-2.758e-07
4.52321e-05
2.60062e-07
-1.59368e-07
4.51333e-05
1.50003e-07
-5.11518e-08
4.50362e-05
4.81689e-08
4.88885e-08
4.49409e-05
-4.5571e-08
1.40884e-07
4.48473e-05
-1.31452e-07
2.25074e-07
4.47553e-05
-2.09818e-07
3.018e-07
4.46649e-05
-2.81105e-07
3.71499e-07
4.4576e-05
-3.45834e-07
4.34689e-07
4.44887e-05
-4.04585e-07
4.91949e-07
4.44027e-05
-4.57977e-07
5.43896e-07
4.43182e-05
-5.06643e-07
5.9116e-07
4.42351e-05
-5.51199e-07
6.34356e-07
4.41532e-05
-5.92224e-07
6.74062e-07
4.40727e-05
-6.30239e-07
7.10799e-07
4.39934e-05
-6.6569e-07
7.45012e-07
4.39152e-05
-6.98941e-07
7.77066e-07
4.38383e-05
-7.30268e-07
8.07238e-07
4.37624e-05
-7.59863e-07
8.35718e-07
4.36876e-05
-7.87841e-07
8.62624e-07
4.36139e-05
-8.14256e-07
8.88011e-07
4.35411e-05
-8.39118e-07
9.11887e-07
4.34693e-05
-8.62406e-07
9.34232e-07
4.33983e-05
-8.84093e-07
9.55017e-07
4.33283e-05
-9.0416e-07
9.74224e-07
4.3259e-05
-9.22604e-07
9.9185e-07
4.31906e-05
-9.3947e-07
1.00794e-06
4.31228e-05
-9.548e-07
1.02254e-06
4.30557e-05
-9.68806e-07
1.03589e-06
4.29893e-05
-9.8131e-07
1.04774e-06
4.29232e-05
-9.93523e-07
1.05964e-06
4.2858e-05
-1.00243e-06
1.06766e-06
4.27912e-05
-1.01701e-06
1.08382e-06
-1.01472e-06
1.07725e-06
2.28253e-05
-1.85124e-06
2.37181e-05
-1.82296e-06
2.46246e-05
-1.86165e-06
2.5538e-05
-1.92719e-06
2.64299e-05
-1.96094e-06
2.72792e-05
-2.00428e-06
2.80891e-05
-2.05891e-06
2.88651e-05
-2.11349e-06
2.96107e-05
-2.16605e-06
3.03287e-05
-2.21789e-06
3.10219e-05
-2.26955e-06
3.16928e-05
-2.32153e-06
3.23437e-05
-2.37456e-06
3.29768e-05
-2.42962e-06
3.35942e-05
-2.48773e-06
3.4198e-05
-2.54991e-06
3.47901e-05
-2.61726e-06
3.53726e-05
-2.69094e-06
3.59475e-05
-2.77217e-06
3.65168e-05
-2.86228e-06
3.70826e-05
-2.96272e-06
3.76472e-05
-3.07504e-06
3.82126e-05
-3.201e-06
3.87812e-05
-3.34249e-06
3.93555e-05
-3.50166e-06
3.99379e-05
-3.68088e-06
4.0531e-05
-3.88277e-06
4.11377e-05
-4.1103e-06
4.17609e-05
-4.3667e-06
4.24034e-05
-4.65561e-06
4.30684e-05
-4.98103e-06
4.37589e-05
-5.34736e-06
4.44782e-05
-5.75943e-06
4.52293e-05
-6.22247e-06
4.60151e-05
-6.74211e-06
4.68382e-05
-7.3243e-06
4.77009e-05
-7.97523e-06
4.86047e-05
-8.70121e-06
4.95505e-05
-9.50846e-06
5.0538e-05
-1.04029e-05
5.15657e-05
-1.13901e-05
5.26301e-05
-1.24747e-05
5.37258e-05
-1.36602e-05
5.48448e-05
-1.49487e-05
5.59761e-05
-1.63402e-05
5.71049e-05
-1.78314e-05
5.82124e-05
-1.94149e-05
5.92756e-05
-2.10776e-05
6.0267e-05
-2.27988e-05
6.11555e-05
-2.45485e-05
6.19067e-05
-2.62867e-05
6.24845e-05
-2.79625e-05
6.28531e-05
-2.95158e-05
6.29785e-05
-3.08794e-05
6.28313e-05
-3.19832e-05
6.23888e-05
-3.27594e-05
6.16376e-05
-3.31487e-05
6.05753e-05
-3.31064e-05
5.92123e-05
-3.26083e-05
5.75721e-05
-3.16547e-05
5.56913e-05
-3.02723e-05
5.36183e-05
-2.85131e-05
5.14101e-05
-2.64503e-05
4.9129e-05
-2.41711e-05
4.68382e-05
-2.17685e-05
4.45974e-05
-1.93327e-05
4.24591e-05
-1.69432e-05
4.04653e-05
-1.46638e-05
3.86469e-05
-1.25404e-05
3.70231e-05
-1.06005e-05
3.56022e-05
-8.85592e-06
3.4384e-05
-7.3061e-06
3.33614e-05
-5.94148e-06
3.25226e-05
-4.74708e-06
3.18528e-05
-3.70524e-06
3.13358e-05
-2.79766e-06
3.09551e-05
-2.00666e-06
3.06948e-05
-1.31601e-06
3.05397e-05
-7.11248e-07
3.04759e-05
-1.79594e-07
3.04911e-05
2.89324e-07
3.05739e-05
7.05039e-07
3.07146e-05
1.07546e-06
3.09043e-05
1.40717e-06
3.11355e-05
1.70582e-06
3.14017e-05
1.97624e-06
3.1697e-05
2.22253e-06
3.20167e-05
2.44821e-06
3.23565e-05
2.65632e-06
3.27129e-05
2.84949e-06
3.30827e-05
3.03001e-06
3.34634e-05
3.19986e-06
3.38528e-05
3.36078e-06
3.42489e-05
3.51431e-06
3.46502e-05
3.66176e-06
3.50554e-05
3.8043e-06
3.54633e-05
3.94295e-06
3.5873e-05
4.07856e-06
3.62835e-05
4.21189e-06
3.66942e-05
4.34358e-06
3.71045e-05
4.47414e-06
3.75138e-05
4.60398e-06
3.79216e-05
4.73343e-06
3.83274e-05
4.8627e-06
3.87308e-05
4.99192e-06
3.91313e-05
5.12111e-06
3.95284e-05
5.25021e-06
3.99218e-05
5.37908e-06
4.0311e-05
5.50745e-06
4.06954e-05
5.63502e-06
4.10746e-05
5.76135e-06
4.1448e-05
5.88596e-06
4.18151e-05
6.00826e-06
4.21752e-05
6.12759e-06
4.25277e-05
6.24325e-06
4.28721e-05
6.35444e-06
4.32075e-05
6.46032e-06
4.35334e-05
6.56001e-06
4.38491e-05
6.65258e-06
4.41539e-05
6.73709e-06
4.44471e-05
6.81257e-06
4.47281e-05
6.87807e-06
4.49962e-05
6.93263e-06
4.5251e-05
6.97535e-06
4.54917e-05
7.00537e-06
4.57181e-05
7.02188e-06
4.59296e-05
7.02417e-06
4.61259e-05
7.01163e-06
4.63068e-05
6.98377e-06
4.6472e-05
6.94022e-06
4.66216e-05
6.88077e-06
4.67555e-05
6.80535e-06
4.68737e-05
6.71407e-06
4.69766e-05
6.60721e-06
4.70644e-05
6.4852e-06
4.71375e-05
6.34866e-06
4.71963e-05
6.19835e-06
4.72412e-05
6.0352e-06
4.7273e-05
5.86025e-06
4.72922e-05
5.67467e-06
4.72995e-05
5.47969e-06
4.72956e-05
5.27664e-06
4.72813e-05
5.06686e-06
4.72572e-05
4.85171e-06
4.72242e-05
4.63252e-06
4.71829e-05
4.41058e-06
4.71341e-05
4.18712e-06
4.70786e-05
3.96327e-06
4.7017e-05
3.74006e-06
4.695e-05
3.51842e-06
4.68782e-05
3.29914e-06
4.68022e-05
3.08292e-06
4.67226e-05
2.87034e-06
4.66398e-05
2.66189e-06
4.65545e-05
2.45797e-06
4.64669e-05
2.25893e-06
4.63775e-05
2.06506e-06
4.62867e-05
1.87664e-06
4.61947e-05
1.69393e-06
4.61019e-05
1.5172e-06
4.60085e-05
1.34674e-06
4.59147e-05
1.18282e-06
4.58207e-05
1.02575e-06
4.57266e-05
8.75842e-07
4.56327e-05
7.33384e-07
4.55389e-05
5.98646e-07
4.54454e-05
4.71851e-07
4.53523e-05
3.53158e-07
4.52597e-05
2.42648e-07
4.51675e-05
1.40301e-07
4.5076e-05
4.59984e-08
4.4985e-05
-4.04897e-08
4.48947e-05
-1.195e-07
4.48051e-05
-1.91466e-07
4.47161e-05
-2.56903e-07
4.46279e-05
-3.16386e-07
4.45405e-05
-3.7053e-07
4.44538e-05
-4.19959e-07
4.43679e-05
-4.65286e-07
4.42827e-05
-5.07084e-07
4.41984e-05
-5.45869e-07
4.41148e-05
-5.82083e-07
4.40319e-05
-6.16084e-07
4.39498e-05
-6.48145e-07
4.38684e-05
-6.78455e-07
4.37877e-05
-7.07129e-07
4.37076e-05
-7.3422e-07
4.36282e-05
-7.59735e-07
4.35495e-05
-7.83656e-07
4.34714e-05
-8.05955e-07
4.33938e-05
-8.26612e-07
4.33168e-05
-8.45627e-07
4.32404e-05
-8.63038e-07
4.31645e-05
-8.78891e-07
4.3089e-05
-8.9336e-07
4.30141e-05
-9.06343e-07
4.29393e-05
-9.187e-07
4.28652e-05
-9.2839e-07
4.27894e-05
-9.41161e-07
-9.43428e-07
3.44387e-05
-2.03983e-06
3.48169e-05
-2.20118e-06
3.52591e-05
-2.30378e-06
3.57558e-05
-2.42389e-06
3.62969e-05
-2.50206e-06
3.68548e-05
-2.5622e-06
3.74162e-05
-2.62035e-06
3.7976e-05
-2.67328e-06
3.85303e-05
-2.72032e-06
3.90764e-05
-2.76402e-06
3.96132e-05
-2.80633e-06
4.01402e-05
-2.84851e-06
4.06575e-05
-2.89183e-06
4.11655e-05
-2.9376e-06
4.16648e-05
-2.9871e-06
4.21565e-05
-3.0416e-06
4.26416e-05
-3.10235e-06
4.31213e-05
-3.17064e-06
4.3597e-05
-3.24783e-06
4.407e-05
-3.33534e-06
4.4542e-05
-3.43473e-06
4.50146e-05
-3.54766e-06
4.54896e-05
-3.67595e-06
4.59687e-05
-3.82163e-06
4.6454e-05
-3.98693e-06
4.69474e-05
-4.1743e-06
4.74511e-05
-4.38647e-06
4.79673e-05
-4.62648e-06
4.84982e-05
-4.89764e-06
4.90463e-05
-5.20363e-06
4.96137e-05
-5.54845e-06
5.02028e-05
-5.93648e-06
5.08158e-05
-6.37244e-06
5.14547e-05
-6.8614e-06
5.21213e-05
-7.40869e-06
5.28168e-05
-8.01983e-06
5.35421e-05
-8.70046e-06
5.42969e-05
-9.45609e-06
5.50805e-05
-1.0292e-05
5.58905e-05
-1.12129e-05
5.67231e-05
-1.22228e-05
5.75729e-05
-1.33245e-05
5.8432e-05
-1.45193e-05
5.92901e-05
-1.58069e-05
6.01339e-05
-1.71839e-05
6.09465e-05
-1.86439e-05
6.17074e-05
-2.01759e-05
6.23925e-05
-2.17627e-05
6.29739e-05
-2.33801e-05
6.34206e-05
-2.49952e-05
6.36996e-05
-2.65657e-05
6.37773e-05
-2.80402e-05
6.36213e-05
-2.93597e-05
6.32023e-05
-3.04604e-05
6.24968e-05
-3.12776e-05
6.14891e-05
-3.17517e-05
6.01739e-05
-3.18335e-05
5.85581e-05
-3.14906e-05
5.66619e-05
-3.0712e-05
5.45191e-05
-2.95118e-05
5.21764e-05
-2.79296e-05
4.9691e-05
-2.60278e-05
4.71272e-05
-2.38865e-05
4.45517e-05
-2.15956e-05
4.2029e-05
-1.92459e-05
3.96168e-05
-1.69205e-05
3.73624e-05
-1.46888e-05
3.53009e-05
-1.26023e-05
3.34543e-05
-1.06938e-05
3.18329e-05
-8.97903e-06
3.04366e-05
-7.45964e-06
2.92577e-05
-6.12715e-06
2.82828e-05
-4.9666e-06
2.74954e-05
-3.9597e-06
2.68774e-05
-3.08722e-06
2.64103e-05
-2.33056e-06
2.60763e-05
-1.67267e-06
2.58587e-05
-1.09844e-06
2.57423e-05
-5.94851e-07
2.57134e-05
-1.50639e-07
2.57598e-05
2.42923e-07
2.58709e-05
5.93934e-07
2.60373e-05
9.09076e-07
2.62508e-05
1.19368e-06
2.65043e-05
1.4523e-06
2.67917e-05
1.6888e-06
2.71078e-05
1.90641e-06
2.74481e-05
2.10794e-06
2.78087e-05
2.29576e-06
2.81862e-05
2.47194e-06
2.85779e-05
2.63828e-06
2.89814e-05
2.79635e-06
2.93947e-05
2.94753e-06
2.9816e-05
3.09303e-06
3.02438e-05
3.23391e-06
3.0677e-05
3.37112e-06
3.11145e-05
3.50547e-06
3.15554e-05
3.63769e-06
3.19989e-05
3.76838e-06
3.24444e-05
3.89807e-06
3.28913e-05
4.02721e-06
3.33392e-05
4.15615e-06
3.37874e-05
4.28514e-06
3.42358e-05
4.41439e-06
3.46837e-05
4.544e-06
3.51308e-05
4.67399e-06
3.55767e-05
4.8043e-06
3.6021e-05
4.93479e-06
3.64632e-05
5.06525e-06
3.69029e-05
5.19536e-06
3.73395e-05
5.32475e-06
3.77725e-05
5.45294e-06
3.82013e-05
5.57941e-06
3.86254e-05
5.70352e-06
3.9044e-05
5.8246e-06
3.94566e-05
5.94189e-06
3.98623e-05
6.0546e-06
4.02605e-05
6.16184e-06
4.06503e-05
6.26273e-06
4.10311e-05
6.35633e-06
4.1402e-05
6.44167e-06
4.17623e-05
6.51781e-06
4.21111e-05
6.58377e-06
4.24479e-05
6.63862e-06
4.27717e-05
6.68147e-06
4.30821e-05
6.71148e-06
4.33784e-05
6.72787e-06
4.36601e-05
6.72998e-06
4.39266e-05
6.71724e-06
4.41776e-05
6.6892e-06
4.44128e-05
6.64557e-06
4.4632e-05
6.58618e-06
4.4835e-05
6.51107e-06
4.50218e-05
6.42039e-06
4.51925e-05
6.31451e-06
4.53472e-05
6.19394e-06
4.54862e-05
6.05936e-06
4.56098e-05
5.91162e-06
4.57184e-05
5.75167e-06
4.58124e-05
5.58061e-06
4.58925e-05
5.39964e-06
4.59591e-05
5.21001e-06
4.60129e-05
5.01304e-06
4.60546e-05
4.81003e-06
4.60848e-05
4.60232e-06
4.61042e-05
4.39118e-06
4.61135e-05
4.17781e-06
4.61134e-05
3.96338e-06
4.61046e-05
3.74891e-06
4.60876e-05
3.53534e-06
4.60633e-05
3.32349e-06
4.60321e-05
3.1141e-06
4.59947e-05
2.90775e-06
4.59516e-05
2.70498e-06
4.59034e-05
2.50622e-06
4.58505e-05
2.31185e-06
4.57933e-05
2.1222e-06
4.57323e-05
1.93759e-06
4.5668e-05
1.75831e-06
4.56005e-05
1.58466e-06
4.55303e-05
1.41694e-06
4.54577e-05
1.25548e-06
4.53828e-05
1.10059e-06
4.5306e-05
9.5262e-07
4.52276e-05
8.11867e-07
4.51476e-05
6.7862e-07
4.50663e-05
5.53118e-07
4.49839e-05
4.35533e-07
4.49006e-05
3.25957e-07
4.48165e-05
2.24382e-07
4.47318e-05
1.307e-07
4.46467e-05
4.46913e-08
4.45611e-05
-3.39656e-08
4.44754e-05
-1.05693e-07
4.43895e-05
-1.70997e-07
4.43035e-05
-2.30441e-07
4.42176e-05
-2.84626e-07
4.41318e-05
-3.34165e-07
4.40462e-05
-3.79657e-07
4.39608e-05
-4.21665e-07
4.38756e-05
-4.60693e-07
4.37907e-05
-4.97173e-07
4.3706e-05
-5.31457e-07
4.36217e-05
-5.63811e-07
4.35377e-05
-5.9442e-07
4.34539e-05
-6.23394e-07
4.33705e-05
-6.50785e-07
4.32874e-05
-6.76601e-07
4.32045e-05
-7.00822e-07
4.3122e-05
-7.23422e-07
4.30398e-05
-7.4438e-07
4.29578e-05
-7.63695e-07
4.28762e-05
-7.81401e-07
4.27949e-05
-7.97546e-07
4.27138e-05
-8.12266e-07
4.2633e-05
-8.25536e-07
4.25521e-05
-8.3786e-07
4.24719e-05
-8.48198e-07
4.23898e-05
-8.59016e-07
-8.6589e-07
4.47083e-05
-2.17829e-06
4.49396e-05
-2.43246e-06
4.52115e-05
-2.57572e-06
4.55101e-05
-2.72242e-06
4.58419e-05
-2.83394e-06
4.61955e-05
-2.9158e-06
4.65612e-05
-2.98597e-06
4.69347e-05
-3.04677e-06
4.73126e-05
-3.0983e-06
4.76921e-05
-3.14344e-06
4.80708e-05
-3.18508e-06
4.84476e-05
-3.22527e-06
4.88215e-05
-3.26578e-06
4.91922e-05
-3.30834e-06
4.95597e-05
-3.35459e-06
4.99242e-05
-3.40605e-06
5.02861e-05
-3.46422e-06
5.0646e-05
-3.53057e-06
5.10048e-05
-3.60661e-06
5.13634e-05
-3.69392e-06
5.17228e-05
-3.79415e-06
5.20842e-05
-3.90907e-06
5.24489e-05
-4.04063e-06
5.28181e-05
-4.1909e-06
5.31934e-05
-4.36222e-06
5.35762e-05
-4.5571e-06
5.39681e-05
-4.77833e-06
5.43706e-05
-5.02897e-06
5.47853e-05
-5.31237e-06
5.52138e-05
-5.63216e-06
5.56577e-05
-5.99229e-06
5.61182e-05
-6.39703e-06
5.65967e-05
-6.85091e-06
5.7094e-05
-7.35868e-06
5.76106e-05
-7.92529e-06
5.81465e-05
-8.55574e-06
5.8701e-05
-9.25494e-06
5.92724e-05
-1.00275e-05
5.98582e-05
-1.08777e-05
6.04541e-05
-1.18089e-05
6.10547e-05
-1.28234e-05
6.16524e-05
-1.39222e-05
6.22375e-05
-1.51045e-05
6.27978e-05
-1.63672e-05
6.33183e-05
-1.77044e-05
6.37807e-05
-1.91064e-05
6.41636e-05
-2.05588e-05
6.44423e-05
-2.20414e-05
6.45891e-05
-2.35269e-05
6.45741e-05
-2.49803e-05
6.43665e-05
-2.6358e-05
6.39356e-05
-2.76093e-05
6.32531e-05
-2.86773e-05
6.22954e-05
-2.95026e-05
6.10454e-05
-3.00277e-05
5.94957e-05
-3.02019e-05
5.76499e-05
-2.99877e-05
5.5525e-05
-2.93657e-05
5.3152e-05
-2.8339e-05
5.05753e-05
-2.69352e-05
4.78514e-05
-2.52056e-05
4.50453e-05
-2.32216e-05
4.22261e-05
-2.10673e-05
3.9462e-05
-1.88315e-05
3.68151e-05
-1.6599e-05
3.43371e-05
-1.44426e-05
3.20669e-05
-1.24186e-05
3.00293e-05
-1.05647e-05
2.82359e-05
-8.90033e-06
2.66867e-05
-7.42984e-06
2.53731e-05
-6.14608e-06
2.42804e-05
-5.03444e-06
2.33901e-05
-4.07629e-06
2.26821e-05
-3.2517e-06
2.21361e-05
-2.54127e-06
2.17328e-05
-1.9272e-06
2.14539e-05
-1.39381e-06
2.12832e-05
-9.2771e-07
2.1206e-05
-5.17633e-07
2.12094e-05
-1.54067e-07
2.12822e-05
1.70158e-07
2.14146e-05
4.61459e-07
2.15982e-05
7.25504e-07
2.18256e-05
9.66334e-07
2.20904e-05
1.1875e-06
2.23872e-05
1.39199e-06
2.27113e-05
1.58227e-06
2.30588e-05
1.76045e-06
2.34262e-05
1.92836e-06
2.38106e-05
2.08755e-06
2.42095e-05
2.23939e-06
2.46207e-05
2.38509e-06
2.50426e-05
2.5257e-06
2.54735e-05
2.66214e-06
2.59121e-05
2.79527e-06
2.63574e-05
2.92581e-06
2.68085e-05
3.05441e-06
2.72645e-05
3.18166e-06
2.77248e-05
3.30805e-06
2.81889e-05
3.43401e-06
2.86562e-05
3.55991e-06
2.91263e-05
3.68605e-06
2.95988e-05
3.81264e-06
3.00733e-05
3.93986e-06
3.05495e-05
4.0678e-06
3.1027e-05
4.19647e-06
3.15055e-05
4.32583e-06
3.19845e-05
4.45576e-06
3.24637e-05
4.58605e-06
3.29426e-05
4.71644e-06
3.34208e-05
4.84658e-06
3.38977e-05
4.97604e-06
3.43728e-05
5.10432e-06
3.48455e-05
5.23087e-06
3.5315e-05
5.35503e-06
3.57808e-05
5.4761e-06
3.62421e-05
5.59331e-06
3.66981e-05
5.70585e-06
3.7148e-05
5.81284e-06
3.75909e-05
5.91337e-06
3.80261e-05
6.00652e-06
3.84526e-05
6.09132e-06
3.88695e-05
6.16682e-06
3.92761e-05
6.23208e-06
3.96714e-05
6.28618e-06
4.00546e-05
6.32826e-06
4.0425e-05
6.35751e-06
4.07817e-05
6.37321e-06
4.11242e-05
6.37472e-06
4.14519e-05
6.36154e-06
4.17642e-05
6.33329e-06
4.20606e-05
6.28973e-06
4.23409e-05
6.23078e-06
4.26048e-05
6.15654e-06
4.2852e-05
6.06724e-06
4.30827e-05
5.96332e-06
4.32967e-05
5.84536e-06
4.34942e-05
5.7141e-06
4.36754e-05
5.57044e-06
4.38406e-05
5.41538e-06
4.39903e-05
5.25003e-06
4.41247e-05
5.0756e-06
4.42444e-05
4.89333e-06
4.43499e-05
4.70449e-06
4.44419e-05
4.51037e-06
4.45208e-05
4.31222e-06
4.45874e-05
4.11122e-06
4.46423e-05
3.90851e-06
4.46861e-05
3.70512e-06
4.47194e-05
3.50199e-06
4.4743e-05
3.29997e-06
4.47573e-05
3.09977e-06
4.4763e-05
2.90203e-06
4.47607e-05
2.7073e-06
4.47509e-05
2.51603e-06
4.47341e-05
2.32863e-06
4.47108e-05
2.14546e-06
4.46815e-05
1.96687e-06
4.46467e-05
1.79317e-06
4.46066e-05
1.62469e-06
4.45618e-05
1.46175e-06
4.45126e-05
1.30471e-06
4.44593e-05
1.15389e-06
4.44023e-05
1.00965e-06
4.43418e-05
8.72319e-07
4.42783e-05
7.42188e-07
4.42119e-05
6.19511e-07
4.41429e-05
5.04471e-07
4.40717e-05
3.9717e-07
4.39985e-05
2.97616e-07
4.39235e-05
2.0571e-07
4.38469e-05
1.21247e-07
4.3769e-05
4.39205e-08
4.369e-05
-2.66704e-08
4.361e-05
-9.10117e-08
4.35292e-05
-1.49652e-07
4.34478e-05
-2.03173e-07
4.33658e-05
-2.52168e-07
4.32833e-05
-2.97218e-07
4.32005e-05
-3.38868e-07
4.31175e-05
-3.77606e-07
4.30341e-05
-4.13851e-07
4.29506e-05
-4.47943e-07
4.2867e-05
-4.80139e-07
4.27831e-05
-5.10616e-07
4.26992e-05
-5.39483e-07
4.26152e-05
-5.66788e-07
4.25312e-05
-5.92537e-07
4.24471e-05
-6.16712e-07
4.23629e-05
-6.39285e-07
4.22788e-05
-6.60237e-07
4.21947e-05
-6.79566e-07
4.21106e-05
-6.97301e-07
4.20265e-05
-7.1349e-07
4.19425e-05
-7.28232e-07
4.18585e-05
-7.41576e-07
4.17743e-05
-7.53686e-07
4.16906e-05
-7.645e-07
4.16049e-05
-7.73316e-07
-7.84624e-07
5.34527e-05
-2.28591e-06
5.36106e-05
-2.59033e-06
5.38009e-05
-2.76597e-06
5.40039e-05
-2.92544e-06
5.42249e-05
-3.05499e-06
5.446e-05
-3.15084e-06
5.47025e-05
-3.22845e-06
5.49497e-05
-3.29403e-06
5.52002e-05
-3.34876e-06
5.54521e-05
-3.3954e-06
5.57043e-05
-3.43721e-06
5.59557e-05
-3.4767e-06
5.62059e-05
-3.51599e-06
5.64546e-05
-3.55702e-06
5.67017e-05
-3.60167e-06
5.69473e-05
-3.65166e-06
5.71917e-05
-3.70864e-06
5.74354e-05
-3.77422e-06
5.76788e-05
-3.85003e-06
5.79226e-05
-3.93775e-06
5.81676e-05
-4.03911e-06
5.84145e-05
-4.15598e-06
5.86642e-05
-4.29033e-06
5.89176e-05
-4.44433e-06
5.91757e-05
-4.62033e-06
5.94395e-05
-4.82087e-06
5.97099e-05
-5.04874e-06
5.99879e-05
-5.30699e-06
6.02745e-05
-5.59891e-06
6.05704e-05
-5.92806e-06
6.08763e-05
-6.29824e-06
6.11928e-05
-6.71352e-06
6.152e-05
-7.17813e-06
6.18578e-05
-7.69647e-06
6.22055e-05
-8.27298e-06
6.25618e-05
-8.91202e-06
6.29246e-05
-9.61772e-06
6.32908e-05
-1.03938e-05
6.36562e-05
-1.12432e-05
6.40153e-05
-1.21679e-05
6.43607e-05
-1.31688e-05
6.46834e-05
-1.42449e-05
6.49721e-05
-1.53932e-05
6.52133e-05
-1.66084e-05
6.53906e-05
-1.78817e-05
6.5485e-05
-1.92008e-05
6.54747e-05
-2.05484e-05
6.53349e-05
-2.19016e-05
6.50391e-05
-2.32311e-05
6.45591e-05
-2.45002e-05
6.38666e-05
-2.56656e-05
6.2935e-05
-2.66777e-05
6.17412e-05
-2.74834e-05
6.02677e-05
-2.80292e-05
5.85057e-05
-2.82656e-05
5.64565e-05
-2.81528e-05
5.41344e-05
-2.76656e-05
5.15674e-05
-2.67987e-05
4.87975e-05
-2.55691e-05
4.58795e-05
-2.40172e-05
4.28783e-05
-2.22044e-05
3.98641e-05
-2.02074e-05
3.69075e-05
-1.81107e-05
3.4074e-05
-1.59979e-05
3.14185e-05
-1.39436e-05
2.89831e-05
-1.20072e-05
2.67947e-05
-1.02302e-05
2.48657e-05
-8.63575e-06
2.31963e-05
-7.23095e-06
2.17769e-05
-6.01036e-06
2.05909e-05
-4.96014e-06
1.96182e-05
-4.06174e-06
1.88368e-05
-3.29488e-06
1.82247e-05
-2.63962e-06
1.77611e-05
-2.07762e-06
1.74266e-05
-1.59277e-06
1.72042e-05
-1.17137e-06
1.70785e-05
-8.02003e-07
1.70362e-05
-4.75357e-07
1.70659e-05
-1.83726e-07
1.71573e-05
7.87475e-08
1.73022e-05
3.16556e-07
1.7493e-05
5.34683e-07
1.77235e-05
7.35883e-07
1.79881e-05
9.22865e-07
1.82823e-05
1.09784e-06
1.86019e-05
1.26259e-06
1.89437e-05
1.41869e-06
1.93046e-05
1.56743e-06
1.96822e-05
1.70996e-06
2.00743e-05
1.84727e-06
2.04792e-05
1.98026e-06
2.08952e-05
2.10969e-06
2.1321e-05
2.23627e-06
2.17557e-05
2.36062e-06
2.21982e-05
2.48332e-06
2.26477e-05
2.60487e-06
2.31037e-05
2.72572e-06
2.35655e-05
2.84626e-06
2.40326e-05
2.96686e-06
2.45047e-05
3.08781e-06
2.49814e-05
3.20935e-06
2.54624e-05
3.33168e-06
2.59473e-05
3.45494e-06
2.64359e-05
3.57921e-06
2.69278e-05
3.70451e-06
2.74229e-05
3.83081e-06
2.79206e-05
3.958e-06
2.84208e-05
4.08591e-06
2.89229e-05
4.21431e-06
2.94266e-05
4.34289e-06
2.99313e-05
4.47127e-06
3.04367e-05
4.599e-06
3.0942e-05
4.72557e-06
3.14466e-05
4.85038e-06
3.19499e-05
4.97279e-06
3.24511e-05
5.09208e-06
3.29495e-05
5.20748e-06
3.34442e-05
5.31817e-06
3.39343e-05
5.42328e-06
3.44189e-05
5.5219e-06
3.48971e-05
5.61311e-06
3.53679e-05
5.69599e-06
3.58304e-05
5.76958e-06
3.62836e-05
5.83299e-06
3.67266e-05
5.88532e-06
3.71583e-05
5.92574e-06
3.7578e-05
5.95351e-06
3.79848e-05
5.96793e-06
3.83779e-05
5.96846e-06
3.87566e-05
5.95463e-06
3.91202e-05
5.92614e-06
3.94681e-05
5.88283e-06
3.98e-05
5.82468e-06
4.01153e-05
5.75187e-06
4.04139e-05
5.66471e-06
4.06956e-05
5.56369e-06
4.09602e-05
5.44947e-06
4.12079e-05
5.32282e-06
4.14386e-05
5.18467e-06
4.16526e-05
5.03605e-06
4.18501e-05
4.87807e-06
4.20315e-05
4.71191e-06
4.21972e-05
4.53879e-06
4.23476e-05
4.35993e-06
4.24833e-05
4.17652e-06
4.26048e-05
3.98973e-06
4.27127e-05
3.80066e-06
4.28075e-05
3.61033e-06
4.28898e-05
3.41967e-06
4.29602e-05
3.22951e-06
4.30194e-05
3.04059e-06
4.30679e-05
2.85354e-06
4.31063e-05
2.66892e-06
4.31351e-05
2.48721e-06
4.31549e-05
2.30884e-06
4.31662e-05
2.13419e-06
4.31694e-05
1.96362e-06
4.31651e-05
1.79746e-06
4.31537e-05
1.63607e-06
4.31357e-05
1.47978e-06
4.31115e-05
1.32895e-06
4.30814e-05
1.18395e-06
4.30459e-05
1.04512e-06
4.30055e-05
9.12797e-07
4.29604e-05
7.87299e-07
4.2911e-05
6.68881e-07
4.28577e-05
5.57735e-07
4.28009e-05
4.53975e-07
4.27409e-05
3.5762e-07
4.2678e-05
2.68587e-07
4.26126e-05
1.86687e-07
4.25449e-05
1.1163e-07
4.24752e-05
4.30379e-08
4.24037e-05
-1.95463e-08
4.23307e-05
-7.6644e-08
4.22564e-05
-1.28815e-07
4.21808e-05
-1.76629e-07
4.21042e-05
-2.20641e-07
4.20267e-05
-2.61373e-07
4.19484e-05
-2.99293e-07
4.18694e-05
-3.34803e-07
4.17897e-05
-3.68226e-07
4.17093e-05
-3.9981e-07
4.16284e-05
-4.29725e-07
4.1547e-05
-4.58071e-07
4.14651e-05
-4.84895e-07
4.13828e-05
-5.10202e-07
4.13001e-05
-5.33973e-07
4.1217e-05
-5.56183e-07
4.11335e-05
-5.76809e-07
4.10498e-05
-5.95851e-07
4.09658e-05
-6.13331e-07
4.08817e-05
-6.293e-07
4.07972e-05
-6.43819e-07
4.07127e-05
-6.57012e-07
4.06277e-05
-6.6872e-07
4.0543e-05
-6.79807e-07
4.04564e-05
-6.86651e-07
-7.02012e-07
6.06876e-05
-2.35881e-06
6.07853e-05
-2.68799e-06
6.09089e-05
-2.88955e-06
6.10408e-05
-3.05736e-06
6.11823e-05
-3.19653e-06
6.13324e-05
-3.30093e-06
6.14863e-05
-3.38233e-06
6.16414e-05
-3.44921e-06
6.17969e-05
-3.50424e-06
6.19517e-05
-3.5502e-06
6.2105e-05
-3.59051e-06
6.22564e-05
-3.62804e-06
6.24055e-05
-3.66513e-06
6.25524e-05
-3.7039e-06
6.2697e-05
-3.74633e-06
6.28397e-05
-3.79428e-06
6.29805e-05
-3.84949e-06
6.31199e-05
-3.91364e-06
6.32583e-05
-3.98844e-06
6.33962e-05
-4.0756e-06
6.3534e-05
-4.17691e-06
6.36723e-05
-4.29425e-06
6.38116e-05
-4.42963e-06
6.39524e-05
-4.5852e-06
6.40954e-05
-4.7633e-06
6.4241e-05
-4.96645e-06
6.43897e-05
-5.1974e-06
6.45418e-05
-5.45911e-06
6.46976e-05
-5.75474e-06
6.48572e-05
-6.08771e-06
6.50206e-05
-6.46162e-06
6.51873e-05
-6.88022e-06
6.53566e-05
-7.34742e-06
6.55273e-05
-7.86715e-06
6.56976e-05
-8.44326e-06
6.5865e-05
-9.07942e-06
6.60261e-05
-9.77889e-06
6.61767e-05
-1.05443e-05
6.63111e-05
-1.13775e-05
6.64224e-05
-1.22792e-05
6.65019e-05
-1.32483e-05
6.65393e-05
-1.42823e-05
6.65223e-05
-1.53761e-05
6.64361e-05
-1.65221e-05
6.62637e-05
-1.77094e-05
6.59858e-05
-1.89229e-05
6.55806e-05
-2.01432e-05
6.50243e-05
-2.13454e-05
6.42918e-05
-2.24986e-05
6.33576e-05
-2.3566e-05
6.2197e-05
-2.4505e-05
6.07884e-05
-2.52691e-05
5.91149e-05
-2.58099e-05
5.71669e-05
-2.60812e-05
5.49446e-05
-2.60433e-05
5.246e-05
-2.56682e-05
4.97386e-05
-2.49442e-05
4.682e-05
-2.388e-05
4.37567e-05
-2.25059e-05
4.06126e-05
-2.08731e-05
3.74578e-05
-1.90496e-05
3.43639e-05
-1.71135e-05
3.1398e-05
-1.51449e-05
2.86177e-05
-1.32176e-05
2.60667e-05
-1.13926e-05
2.37735e-05
-9.71392e-06
2.17511e-05
-8.20775e-06
1.99992e-05
-6.88382e-06
1.85069e-05
-5.73873e-06
1.72565e-05
-4.75989e-06
1.62257e-05
-3.92938e-06
1.5391e-05
-3.22705e-06
1.4729e-05
-2.63284e-06
1.42176e-05
-2.12818e-06
1.38367e-05
-1.69673e-06
1.35685e-05
-1.32461e-06
1.33975e-05
-1.00037e-06
1.33102e-05
-7.14708e-07
1.32951e-05
-4.60204e-07
1.33422e-05
-2.3091e-07
1.3443e-05
-2.19851e-08
1.35904e-05
1.69126e-07
1.37782e-05
3.46879e-07
1.40012e-05
5.12937e-07
1.42547e-05
6.69293e-07
1.45351e-05
8.17503e-07
1.48389e-05
9.588e-07
1.51633e-05
1.09427e-06
1.55059e-05
1.22481e-06
1.58646e-05
1.35121e-06
1.62378e-05
1.47416e-06
1.66237e-05
1.59428e-06
1.70213e-05
1.71213e-06
1.74294e-05
1.8282e-06
1.7847e-05
1.94295e-06
1.82735e-05
2.05681e-06
1.87083e-05
2.17016e-06
1.91506e-05
2.28335e-06
1.96002e-05
2.39668e-06
2.00566e-05
2.51044e-06
2.05196e-05
2.62488e-06
2.09887e-05
2.74019e-06
2.14639e-05
2.85654e-06
2.19448e-05
2.97405e-06
2.24312e-05
3.0928e-06
2.29229e-05
3.21282e-06
2.34196e-05
3.33408e-06
2.39211e-05
3.45649e-06
2.44271e-05
3.57993e-06
2.49372e-05
3.70418e-06
2.54511e-05
3.82899e-06
2.59683e-05
3.95403e-06
2.64885e-05
4.07889e-06
2.70109e-05
4.20312e-06
2.75351e-05
4.3262e-06
2.80604e-05
4.44752e-06
2.8586e-05
4.56644e-06
2.91113e-05
4.68223e-06
2.96353e-05
4.79415e-06
3.01572e-05
4.90136e-06
3.06761e-05
5.00302e-06
3.11909e-05
5.09825e-06
3.17008e-05
5.18613e-06
3.22046e-05
5.26577e-06
3.27013e-05
5.33625e-06
3.31899e-05
5.39671e-06
3.36694e-05
5.44631e-06
3.41386e-05
5.48427e-06
3.45967e-05
5.50987e-06
3.50426e-05
5.52252e-06
3.54755e-05
5.52172e-06
3.58946e-05
5.50708e-06
3.62991e-05
5.47836e-06
3.66882e-05
5.43549e-06
3.70616e-05
5.37853e-06
3.74186e-05
5.30771e-06
3.77588e-05
5.22343e-06
3.80821e-05
5.12621e-06
3.83881e-05
5.01677e-06
3.86769e-05
4.89591e-06
3.89484e-05
4.76457e-06
3.92027e-05
4.62378e-06
3.944e-05
4.47463e-06
3.96605e-05
4.31825e-06
3.98646e-05
4.1558e-06
4.00527e-05
3.98843e-06
4.02252e-05
3.81724e-06
4.03826e-05
3.64329e-06
4.05253e-05
3.46758e-06
4.0654e-05
3.291e-06
4.07691e-05
3.11438e-06
4.08713e-05
2.93843e-06
4.0961e-05
2.76381e-06
4.10389e-05
2.59106e-06
4.11054e-05
2.42069e-06
4.11611e-05
2.25311e-06
4.12066e-05
2.08873e-06
4.12423e-05
1.92792e-06
4.12687e-05
1.77103e-06
4.12864e-05
1.61841e-06
4.12958e-05
1.47042e-06
4.12973e-05
1.32742e-06
4.12914e-05
1.18978e-06
4.12787e-05
1.05786e-06
4.12595e-05
9.31997e-07
4.12343e-05
8.12504e-07
4.12035e-05
6.99647e-07
4.11676e-05
5.93627e-07
4.1127e-05
4.94566e-07
4.10822e-05
4.02494e-07
4.10334e-05
3.17346e-07
4.09812e-05
2.38951e-07
4.09257e-05
1.67044e-07
4.08675e-05
1.01267e-07
4.08068e-05
4.11909e-08
4.07438e-05
-1.3668e-08
4.06788e-05
-6.3836e-08
4.0612e-05
-1.09855e-07
4.05437e-05
-1.52253e-07
4.04738e-05
-1.91524e-07
4.04026e-05
-2.2811e-07
4.03302e-05
-2.62392e-07
4.02567e-05
-2.94677e-07
4.01821e-05
-3.25199e-07
4.01064e-05
-3.54118e-07
4.00299e-05
-3.81528e-07
3.99525e-05
-4.07474e-07
3.98742e-05
-4.31958e-07
3.97952e-05
-4.54962e-07
3.97155e-05
-4.7646e-07
3.96351e-05
-4.96431e-07
3.95541e-05
-5.14874e-07
3.94726e-05
-5.31805e-07
3.93906e-05
-5.47276e-07
3.93081e-05
-5.61317e-07
3.92252e-05
-5.74113e-07
3.91417e-05
-5.85228e-07
3.90583e-05
-5.96354e-07
3.89729e-05
-6.01314e-07
-6.20181e-07
6.64227e-05
-2.39425e-06
6.6466e-05
-2.73129e-06
6.65272e-05
-2.9508e-06
6.65939e-05
-3.12406e-06
6.66648e-05
-3.26738e-06
6.67401e-05
-3.37626e-06
6.68168e-05
-3.45903e-06
6.68926e-05
-3.52499e-06
6.69666e-05
-3.57827e-06
6.70383e-05
-3.62184e-06
6.71069e-05
-3.65918e-06
6.71723e-05
-3.69342e-06
6.72343e-05
-3.72708e-06
6.72928e-05
-3.76242e-06
6.73479e-05
-3.80149e-06
6.73999e-05
-3.84622e-06
6.74488e-05
-3.8984e-06
6.74949e-05
-3.95978e-06
6.75385e-05
-4.03204e-06
6.75799e-05
-4.11694e-06
6.76192e-05
-4.21625e-06
6.76568e-05
-4.33184e-06
6.76928e-05
-4.46569e-06
6.77276e-05
-4.61991e-06
6.7761e-05
-4.79678e-06
6.77933e-05
-4.99875e-06
6.78244e-05
-5.22844e-06
6.7854e-05
-5.48869e-06
6.78817e-05
-5.7825e-06
6.7907e-05
-6.11303e-06
6.7929e-05
-6.48362e-06
6.79465e-05
-6.89769e-06
6.79578e-05
-7.3587e-06
6.79607e-05
-7.87005e-06
6.79524e-05
-8.43496e-06
6.79293e-05
-9.05634e-06
6.7887e-05
-9.73656e-06
6.78199e-05
-1.04772e-05
6.77212e-05
-1.12789e-05
6.75829e-05
-1.21408e-05
6.73952e-05
-1.30607e-05
6.71469e-05
-1.40339e-05
6.68246e-05
-1.50538e-05
6.64131e-05
-1.61107e-05
6.58952e-05
-1.71915e-05
6.52516e-05
-1.82793e-05
6.44615e-05
-1.93531e-05
6.35026e-05
-2.03864e-05
6.23522e-05
-2.13482e-05
6.09884e-05
-2.22021e-05
5.93914e-05
-2.2908e-05
5.75457e-05
-2.34234e-05
5.54423e-05
-2.37065e-05
5.30806e-05
-2.37196e-05
5.04715e-05
-2.34342e-05
4.76383e-05
-2.2835e-05
4.46182e-05
-2.19241e-05
4.14615e-05
-2.07234e-05
3.823e-05
-1.92743e-05
3.49924e-05
-1.76355e-05
3.18201e-05
-1.58772e-05
2.87805e-05
-1.40739e-05
2.59317e-05
-1.22962e-05
2.33186e-05
-1.06045e-05
2.097e-05
-9.04398e-06
1.8899e-05
-7.64289e-06
1.71045e-05
-6.41333e-06
1.55748e-05
-5.35408e-06
1.42903e-05
-4.45427e-06
1.32276e-05
-3.69715e-06
1.23616e-05
-3.06333e-06
1.16676e-05
-2.53313e-06
1.1123e-05
-2.08817e-06
1.07069e-05
-1.71216e-06
1.04015e-05
-1.39129e-06
1.0191e-05
-1.11415e-06
1.00622e-05
-8.71555e-07
1.00037e-05
-6.56199e-07
1.00059e-05
-4.62404e-07
1.00607e-05
-2.85681e-07
1.01613e-05
-1.22601e-07
1.03015e-05
2.89619e-08
1.04767e-05
1.7169e-07
1.06825e-05
3.07073e-07
1.09155e-05
4.3635e-07
1.11724e-05
5.60567e-07
1.14507e-05
6.8051e-07
1.17481e-05
7.96897e-07
1.20626e-05
9.1029e-07
1.23926e-05
1.02121e-06
1.27367e-05
1.13009e-06
1.30936e-05
1.23735e-06
1.34624e-05
1.34335e-06
1.38421e-05
1.44844e-06
1.42321e-05
1.55294e-06
1.46318e-05
1.65714e-06
1.50406e-05
1.76134e-06
1.54582e-05
1.86579e-06
1.58842e-05
1.97072e-06
1.63182e-05
2.07638e-06
1.67602e-05
2.18294e-06
1.72098e-05
2.29058e-06
1.76669e-05
2.39943e-06
1.81313e-05
2.50962e-06
1.86029e-05
2.62121e-06
1.90815e-05
2.73423e-06
1.95669e-05
2.84867e-06
2.00589e-05
2.96447e-06
2.05573e-05
3.08152e-06
2.10619e-05
3.19966e-06
2.15722e-05
3.31866e-06
2.2088e-05
3.43826e-06
2.26087e-05
3.55811e-06
2.31341e-05
3.6778e-06
2.36634e-05
3.79687e-06
2.41961e-05
3.91479e-06
2.47316e-05
4.03098e-06
2.52691e-05
4.14478e-06
2.58077e-05
4.2555e-06
2.63467e-05
4.36238e-06
2.68851e-05
4.46463e-06
2.74219e-05
4.56142e-06
2.79561e-05
4.65189e-06
2.84867e-05
4.73517e-06
2.90126e-05
4.81038e-06
2.95326e-05
4.87668e-06
3.00457e-05
4.93324e-06
3.05507e-05
4.97926e-06
3.10466e-05
5.01403e-06
3.15322e-05
5.03692e-06
3.20065e-05
5.04738e-06
3.24686e-05
5.04499e-06
3.29175e-05
5.02944e-06
3.33524e-05
5.00058e-06
3.37725e-05
4.95839e-06
3.41772e-05
4.90302e-06
3.45659e-05
4.83475e-06
3.49381e-05
4.75404e-06
3.52934e-05
4.66146e-06
3.56316e-05
4.55775e-06
3.59524e-05
4.44373e-06
3.62558e-05
4.32034e-06
3.65419e-05
4.18856e-06
3.68107e-05
4.04946e-06
3.70624e-05
3.9041e-06
3.72973e-05
3.75356e-06
3.75156e-05
3.59888e-06
3.77178e-05
3.44108e-06
3.79043e-05
3.28108e-06
3.80755e-05
3.11977e-06
3.8232e-05
2.95794e-06
3.83741e-05
2.79629e-06
3.85025e-05
2.63545e-06
3.86176e-05
2.47598e-06
3.87199e-05
2.31835e-06
3.881e-05
2.16301e-06
3.88884e-05
2.01035e-06
3.89555e-05
1.86075e-06
3.9012e-05
1.71456e-06
3.90583e-05
1.57215e-06
3.90948e-05
1.43386e-06
3.91222e-05
1.30007e-06
3.91408e-05
1.17114e-06
3.91513e-05
1.04743e-06
3.9154e-05
9.2927e-07
3.91495e-05
8.16985e-07
3.91383e-05
7.10838e-07
3.91209e-05
6.11034e-07
3.90978e-05
5.17703e-07
3.90694e-05
4.30887e-07
3.90362e-05
3.50536e-07
3.89986e-05
2.76503e-07
3.89571e-05
2.08545e-07
3.89121e-05
1.46335e-07
3.88638e-05
8.94742e-08
3.88126e-05
3.7509e-08
3.87588e-05
-1.00441e-08
3.87026e-05
-5.36882e-08
3.86443e-05
-9.39209e-08
3.8584e-05
-1.31206e-07
3.85218e-05
-1.65957e-07
3.8458e-05
-1.98531e-07
3.83925e-05
-2.29216e-07
3.83255e-05
-2.58232e-07
3.82572e-05
-2.85726e-07
3.81874e-05
-3.11788e-07
3.81164e-05
-3.36456e-07
3.80442e-05
-3.59734e-07
3.79708e-05
-3.81603e-07
3.78964e-05
-4.02038e-07
3.7821e-05
-4.2102e-07
3.77447e-05
-4.38544e-07
3.76675e-05
-4.54624e-07
3.75895e-05
-4.69311e-07
3.75108e-05
-4.82608e-07
3.74314e-05
-4.94757e-07
3.73513e-05
-5.05082e-07
3.72709e-05
-5.15994e-07
3.71888e-05
-5.19187e-07
-5.40902e-07
7.06606e-05
-2.3909e-06
7.06536e-05
-2.72425e-06
7.0656e-05
-2.95328e-06
7.06607e-05
-3.12872e-06
7.06652e-05
-3.27189e-06
7.06704e-05
-3.38147e-06
7.06747e-05
-3.46335e-06
7.06764e-05
-3.52666e-06
7.06747e-05
-3.57658e-06
7.06693e-05
-3.61643e-06
7.06598e-05
-3.6497e-06
7.0646e-05
-3.67962e-06
7.06278e-05
-3.70887e-06
7.06052e-05
-3.73977e-06
7.05781e-05
-3.77444e-06
7.05467e-05
-3.81482e-06
7.05111e-05
-3.86273e-06
7.04712e-05
-3.91989e-06
7.04271e-05
-3.988e-06
7.0379e-05
-4.06878e-06
7.03267e-05
-4.16396e-06
7.02702e-05
-4.27535e-06
7.02094e-05
-4.40488e-06
7.0144e-05
-4.55457e-06
7.00738e-05
-4.72659e-06
6.99984e-05
-4.92327e-06
6.9917e-05
-5.14708e-06
6.9829e-05
-5.40065e-06
6.97332e-05
-5.68676e-06
6.96285e-05
-6.00831e-06
6.95132e-05
-6.36827e-06
6.93851e-05
-6.76967e-06
6.92419e-05
-7.21548e-06
6.90804e-05
-7.70852e-06
6.88968e-05
-8.25134e-06
6.86865e-05
-8.84604e-06
6.8444e-05
-9.49408e-06
6.81628e-05
-1.0196e-05
6.78351e-05
-1.09512e-05
6.74519e-05
-1.17576e-05
6.70026e-05
-1.26114e-05
6.64753e-05
-1.35066e-05
6.58562e-05
-1.44348e-05
6.51301e-05
-1.53845e-05
6.42799e-05
-1.63413e-05
6.32873e-05
-1.72868e-05
6.21331e-05
-1.81988e-05
6.07974e-05
-1.90508e-05
5.92612e-05
-1.9812e-05
5.75072e-05
-2.04482e-05
5.5522e-05
-2.09228e-05
5.32975e-05
-2.1199e-05
5.08339e-05
-2.12428e-05
4.81411e-05
-2.10268e-05
4.52412e-05
-2.05343e-05
4.21692e-05
-1.9763e-05
3.89728e-05
-1.87278e-05
3.57111e-05
-1.74617e-05
3.24507e-05
-1.60138e-05
2.92607e-05
-1.44456e-05
2.62075e-05
-1.2824e-05
2.33485e-05
-1.12148e-05
2.07279e-05
-9.6756e-06
1.83743e-05
-8.25085e-06
1.63001e-05
-6.96978e-06
1.45035e-05
-5.84631e-06
1.29715e-05
-4.88138e-06
1.16836e-05
-4.06619e-06
1.06151e-05
-3.38572e-06
9.73989e-06
-2.82195e-06
9.03273e-06
-2.35617e-06
8.47027e-06
-1.97067e-06
8.03172e-06
-1.64962e-06
7.69906e-06
-1.3795e-06
7.45691e-06
-1.14914e-06
7.29228e-06
-9.4953e-07
7.1943e-06
-7.73575e-07
7.15386e-06
-6.15758e-07
7.16333e-06
-4.71872e-07
7.21633e-06
-3.38684e-07
7.30751e-06
-2.13779e-07
7.43219e-06
-9.57155e-08
7.58652e-06
1.73602e-08
7.76743e-06
1.26164e-07
7.97205e-06
2.31723e-07
8.19803e-06
3.3459e-07
8.44334e-06
4.35206e-07
8.7062e-06
5.34032e-07
8.98513e-06
6.31357e-07
9.27885e-06
7.27492e-07
9.58624e-06
8.22693e-07
9.90639e-06
9.172e-07
1.02385e-05
1.01124e-06
1.05819e-05
1.10503e-06
1.09361e-05
1.19878e-06
1.13005e-05
1.2927e-06
1.16749e-05
1.38698e-06
1.20588e-05
1.48182e-06
1.24522e-05
1.5774e-06
1.28547e-05
1.67388e-06
1.32662e-05
1.77143e-06
1.36865e-05
1.87019e-06
1.41157e-05
1.97029e-06
1.45535e-05
2.0718e-06
1.49999e-05
2.17482e-06
1.54548e-05
2.27937e-06
1.5918e-05
2.38545e-06
1.63894e-05
2.49304e-06
1.68689e-05
2.60205e-06
1.73562e-05
2.71235e-06
1.78511e-05
2.82376e-06
1.83533e-05
2.93606e-06
1.88624e-05
3.04896e-06
1.93781e-05
3.16212e-06
1.98998e-05
3.27513e-06
2.04271e-05
3.38754e-06
2.09592e-05
3.49882e-06
2.14956e-05
3.6084e-06
2.20355e-05
3.71565e-06
2.2578e-05
3.81988e-06
2.31223e-05
3.92037e-06
2.36673e-05
4.01634e-06
2.42122e-05
4.107e-06
2.47559e-05
4.19153e-06
2.52971e-05
4.2691e-06
2.58349e-05
4.33889e-06
2.63681e-05
4.40009e-06
2.68954e-05
4.45192e-06
2.74158e-05
4.49369e-06
2.7928e-05
4.52472e-06
2.84309e-05
4.54446e-06
2.89235e-05
4.55244e-06
2.94046e-05
4.54831e-06
2.98733e-05
4.53186e-06
3.03287e-05
4.50299e-06
3.077e-05
4.46177e-06
3.11963e-05
4.4084e-06
3.16071e-05
4.34323e-06
3.20018e-05
4.26675e-06
3.238e-05
4.17959e-06
3.27413e-05
4.08245e-06
3.30854e-05
3.97619e-06
3.34123e-05
3.86168e-06
3.37219e-05
3.7399e-06
3.40142e-05
3.61182e-06
3.42893e-05
3.47843e-06
3.45475e-05
3.34071e-06
3.47889e-05
3.1996e-06
3.5014e-05
3.056e-06
3.52231e-05
2.91071e-06
3.54165e-05
2.76451e-06
3.55948e-05
2.61806e-06
3.57582e-05
2.47197e-06
3.59074e-05
2.32678e-06
3.60428e-05
2.18297e-06
3.61649e-05
2.04096e-06
3.62741e-05
1.90114e-06
3.63709e-05
1.76388e-06
3.6456e-05
1.62955e-06
3.65296e-05
1.49848e-06
3.65925e-05
1.37104e-06
3.6645e-05
1.24758e-06
3.66876e-05
1.12846e-06
3.6721e-05
1.01404e-06
3.67456e-05
9.04645e-07
3.6762e-05
8.00587e-07
3.67707e-05
7.0213e-07
3.67723e-05
6.09481e-07
3.67672e-05
5.22776e-07
3.6756e-05
4.42068e-07
3.67393e-05
3.67323e-07
3.67173e-05
2.98415e-07
3.66908e-05
2.35129e-07
3.66599e-05
1.77169e-07
3.66252e-05
1.2417e-07
3.6587e-05
7.57144e-08
3.65456e-05
3.13543e-08
3.65013e-05
-9.369e-09
3.64543e-05
-4.69126e-08
3.64048e-05
-8.17085e-08
3.6353e-05
-1.14142e-07
3.6299e-05
-1.44542e-07
3.6243e-05
-1.73178e-07
3.6185e-05
-2.00252e-07
3.61252e-05
-2.25901e-07
3.60636e-05
-2.50207e-07
3.60003e-05
-2.73206e-07
3.59355e-05
-2.94899e-07
3.58692e-05
-3.15269e-07
3.58014e-05
-3.34292e-07
3.57323e-05
-3.5195e-07
3.5662e-05
-3.68238e-07
3.55906e-05
-3.83167e-07
3.55181e-05
-3.96788e-07
3.54445e-05
-4.09077e-07
3.53701e-05
-4.20328e-07
3.52947e-05
-4.29672e-07
3.52188e-05
-4.40112e-07
3.51413e-05
-4.4166e-07
-4.65523e-07
7.34026e-05
-2.34819e-06
7.3348e-05
-2.66969e-06
7.3295e-05
-2.90024e-06
7.32403e-05
-3.07404e-06
7.31818e-05
-3.21332e-06
7.31203e-05
-3.32005e-06
7.30557e-05
-3.39873e-06
7.29867e-05
-3.45769e-06
7.2913e-05
-3.50281e-06
7.28343e-05
-3.53776e-06
7.27506e-05
-3.56597e-06
7.26617e-05
-3.5907e-06
7.25675e-05
-3.61472e-06
7.24681e-05
-3.64035e-06
7.23634e-05
-3.66972e-06
7.22533e-05
-3.70475e-06
7.21378e-05
-3.74723e-06
7.20168e-05
-3.79886e-06
7.189e-05
-3.86128e-06
7.17574e-05
-3.93614e-06
7.16186e-05
-4.0251e-06
7.14731e-05
-4.1299e-06
7.13206e-05
-4.25235e-06
7.11603e-05
-4.39434e-06
7.09917e-05
-4.55791e-06
7.08136e-05
-4.7452e-06
7.0625e-05
-4.95849e-06
7.04245e-05
-5.20018e-06
7.02105e-05
-5.47275e-06
6.9981e-05
-5.77878e-06
6.97336e-05
-6.12086e-06
6.94654e-05
-6.50155e-06
6.91733e-05
-6.92331e-06
6.88531e-05
-7.38834e-06
6.85002e-05
-7.89848e-06
6.81092e-05
-8.45503e-06
6.76736e-05
-9.05852e-06
6.71861e-05
-9.7085e-06
6.66382e-05
-1.04033e-05
6.60201e-05
-1.11395e-05
6.53208e-05
-1.19121e-05
6.45281e-05
-1.27139e-05
6.36282e-05
-1.35349e-05
6.26064e-05
-1.43627e-05
6.14467e-05
-1.51816e-05
6.01324e-05
-1.59726e-05
5.86469e-05
-1.67133e-05
5.69739e-05
-1.73777e-05
5.5099e-05
-1.79371e-05
5.30112e-05
-1.83603e-05
5.07043e-05
-1.8616e-05
4.81796e-05
-1.86742e-05
4.54471e-05
-1.85103e-05
4.25278e-05
-1.81076e-05
3.9455e-05
-1.74615e-05
3.62738e-05
-1.65818e-05
3.304e-05
-1.54939e-05
2.98166e-05
-1.42383e-05
2.66699e-05
-1.28671e-05
2.36631e-05
-1.14388e-05
2.08514e-05
-1.00123e-05
1.82773e-05
-8.64076e-06
1.5968e-05
-7.36626e-06
1.39347e-05
-6.21764e-06
1.21749e-05
-5.20994e-06
1.06746e-05
-4.34598e-06
9.41241e-06
-3.61922e-06
8.36309e-06
-3.01687e-06
7.50014e-06
-2.52277e-06
6.79801e-06
-2.11982e-06
6.23331e-06
-1.79147e-06
5.78542e-06
-1.52277e-06
5.43661e-06
-1.30082e-06
5.17197e-06
-1.11486e-06
4.97906e-06
-9.56228e-07
4.8476e-06
-8.18068e-07
4.76911e-06
-6.95085e-07
4.7366e-06
-5.83247e-07
4.74427e-06
-4.79547e-07
4.78734e-06
-3.81751e-07
4.86176e-06
-2.88197e-07
4.96408e-06
-1.98032e-07
5.09153e-06
-1.10092e-07
5.24159e-06
-2.3897e-08
5.41237e-06
6.09455e-08
5.60203e-06
1.4493e-07
5.80912e-06
2.2811e-07
6.03232e-06
3.10838e-07
6.27051e-06
3.9316e-07
6.52275e-06
4.75258e-07
6.78821e-06
5.57233e-07
7.0662e-06
6.39207e-07
7.35614e-06
7.21297e-07
7.65755e-06
8.03624e-07
7.97002e-06
8.86315e-07
8.29322e-06
9.69499e-07
8.62689e-06
1.05331e-06
8.97083e-06
1.13788e-06
9.32487e-06
1.22335e-06
9.6889e-06
1.30985e-06
1.00628e-05
1.3975e-06
1.04466e-05
1.48642e-06
1.08402e-05
1.57673e-06
1.12435e-05
1.66849e-06
1.16565e-05
1.76179e-06
1.20792e-05
1.85667e-06
1.25115e-05
1.95315e-06
1.29533e-05
2.0512e-06
1.34046e-05
2.15077e-06
1.38652e-05
2.25178e-06
1.43349e-05
2.35408e-06
1.48134e-05
2.4575e-06
1.53006e-05
2.5618e-06
1.5796e-05
2.6667e-06
1.62993e-05
2.77185e-06
1.681e-05
2.87687e-06
1.73275e-05
2.98131e-06
1.78512e-05
3.08466e-06
1.83805e-05
3.18636e-06
1.89146e-05
3.28581e-06
1.94526e-05
3.38235e-06
1.99936e-05
3.47528e-06
2.05368e-05
3.56386e-06
2.1081e-05
3.64735e-06
2.16251e-05
3.72496e-06
2.21681e-05
3.79591e-06
2.27087e-05
3.85945e-06
2.32458e-05
3.91482e-06
2.37782e-05
3.96132e-06
2.43046e-05
3.9983e-06
2.48239e-05
4.02518e-06
2.53348e-05
4.04149e-06
2.58363e-05
4.04683e-06
2.63272e-05
4.04094e-06
2.68065e-05
4.02367e-06
2.72733e-05
3.99502e-06
2.77266e-05
3.9551e-06
2.81657e-05
3.90417e-06
2.85898e-05
3.84264e-06
2.89983e-05
3.77102e-06
2.93909e-05
3.68993e-06
2.97669e-05
3.60011e-06
3.01263e-05
3.50234e-06
3.04687e-05
3.39748e-06
3.07941e-05
3.28643e-06
3.11024e-05
3.17009e-06
3.13938e-05
3.04934e-06
3.16683e-05
2.92507e-06
3.19262e-05
2.79809e-06
3.21678e-05
2.66917e-06
3.23933e-05
2.53903e-06
3.2603e-05
2.4083e-06
3.27974e-05
2.27755e-06
3.29769e-05
2.1473e-06
3.31419e-05
2.018e-06
3.32928e-05
1.89007e-06
3.34301e-05
1.76388e-06
3.35541e-05
1.63979e-06
3.36655e-05
1.51815e-06
3.37647e-05
1.3993e-06
3.38522e-05
1.28357e-06
3.39284e-05
1.17133e-06
3.3994e-05
1.0629e-06
3.40494e-05
9.58634e-07
3.40952e-05
8.58855e-07
3.41319e-05
7.63861e-07
3.41601e-05
6.7391e-07
3.41804e-05
5.89208e-07
3.41933e-05
5.09894e-07
3.41993e-05
4.3603e-07
3.41991e-05
3.67597e-07
3.4193e-05
3.04491e-07
3.41816e-05
2.46524e-07
3.41653e-05
1.93431e-07
3.41446e-05
1.44884e-07
3.41198e-05
1.00505e-07
3.40913e-05
5.98835e-08
3.40593e-05
2.25984e-08
3.40242e-05
-1.17634e-08
3.39861e-05
-4.35939e-08
3.39452e-05
-7.32493e-08
3.39017e-05
-1.01031e-07
3.38557e-05
-1.27187e-07
3.38073e-05
-1.51902e-07
3.37567e-05
-1.75303e-07
3.3704e-05
-1.97464e-07
3.36492e-05
-2.18417e-07
3.35925e-05
-2.38164e-07
3.35339e-05
-2.56689e-07
3.34736e-05
-2.73969e-07
3.34116e-05
-2.89988e-07
3.33481e-05
-3.04742e-07
3.32832e-05
-3.18238e-07
3.32169e-05
-3.30528e-07
3.31494e-05
-3.41569e-07
3.30808e-05
-3.51691e-07
3.3011e-05
-3.59878e-07
3.29405e-05
-3.69607e-07
3.28684e-05
-3.69615e-07
-3.94968e-07
7.46499e-05
-2.26613e-06
7.45498e-05
-2.56964e-06
7.4444e-05
-2.79449e-06
7.43325e-05
-2.96253e-06
7.42137e-05
-3.0945e-06
7.40888e-05
-3.19509e-06
7.39582e-05
-3.26818e-06
7.38217e-05
-3.32115e-06
7.3679e-05
-3.36011e-06
7.35302e-05
-3.38903e-06
7.33755e-05
-3.41128e-06
7.32149e-05
-3.43004e-06
7.30482e-05
-3.44807e-06
7.28756e-05
-3.4677e-06
7.26968e-05
-3.49097e-06
7.25119e-05
-3.51976e-06
7.23204e-05
-3.55579e-06
7.21222e-05
-3.60068e-06
7.19169e-05
-3.65599e-06
7.17041e-05
-3.72326e-06
7.1483e-05
-3.80407e-06
7.12531e-05
-3.90001e-06
7.10135e-05
-4.01274e-06
7.07632e-05
-4.14403e-06
7.0501e-05
-4.2957e-06
7.02255e-05
-4.46969e-06
6.9935e-05
-4.66804e-06
6.96277e-05
-4.89286e-06
6.93013e-05
-5.14631e-06
6.89531e-05
-5.43061e-06
6.85802e-05
-5.74792e-06
6.8179e-05
-6.10032e-06
6.77453e-05
-6.48969e-06
6.72746e-05
-6.91762e-06
6.67614e-05
-7.38525e-06
6.61994e-05
-7.89307e-06
6.55817e-05
-8.44077e-06
6.49001e-05
-9.02696e-06
6.41458e-05
-9.64892e-06
6.33086e-05
-1.03024e-05
6.23776e-05
-1.09811e-05
6.13406e-05
-1.16768e-05
6.01846e-05
-1.23789e-05
5.8896e-05
-1.30741e-05
5.74608e-05
-1.37463e-05
5.58647e-05
-1.43766e-05
5.40948e-05
-1.49433e-05
5.21396e-05
-1.54225e-05
4.99906e-05
-1.57881e-05
4.7644e-05
-1.60138e-05
4.51026e-05
-1.60745e-05
4.23769e-05
-1.59486e-05
3.94878e-05
-1.56211e-05
3.64665e-05
-1.50863e-05
3.33555e-05
-1.43505e-05
3.02069e-05
-1.34332e-05
2.70796e-05
-1.23666e-05
2.40352e-05
-1.11939e-05
2.11328e-05
-9.96463e-06
1.84238e-05
-8.72974e-06
1.59476e-05
-7.53616e-06
1.37291e-05
-6.42232e-06
1.17783e-05
-5.41542e-06
1.00914e-05
-4.53068e-06
8.65388e-06
-3.77246e-06
7.44431e-06
-3.13641e-06
6.4373e-06
-2.61221e-06
5.60652e-06
-2.18609e-06
4.9267e-06
-1.84296e-06
4.37485e-06
-1.56796e-06
3.93083e-06
-1.34745e-06
3.57751e-06
-1.16945e-06
3.30059e-06
-1.0239e-06
3.08833e-06
-9.02599e-07
2.93115e-06
-7.99045e-07
2.82127e-06
-7.08195e-07
2.75241e-06
-6.26224e-07
2.71945e-06
-5.50281e-07
2.71819e-06
-4.7829e-07
2.7452e-06
-4.08764e-07
2.79763e-06
-3.40622e-07
2.87303e-06
-2.73433e-07
2.96943e-06
-2.06498e-07
3.08515e-06
-1.39615e-07
3.21875e-06
-7.26504e-08
3.36894e-06
-5.26709e-09
3.53483e-06
6.2221e-08
3.7154e-06
1.30269e-07
3.90992e-06
1.98647e-07
4.11768e-06
2.67491e-07
4.33814e-06
3.36778e-07
4.57079e-06
4.0655e-07
4.81525e-06
4.76842e-07
5.07117e-06
5.47705e-07
5.33828e-06
6.19203e-07
5.61637e-06
6.91406e-07
5.90528e-06
7.64401e-07
6.20489e-06
8.38276e-07
6.51511e-06
9.13129e-07
6.8359e-06
9.89062e-07
7.16722e-06
1.06617e-06
7.50908e-06
1.14456e-06
7.86149e-06
1.22432e-06
8.22445e-06
1.30553e-06
8.59799e-06
1.38825e-06
8.98212e-06
1.47254e-06
9.37684e-06
1.55843e-06
9.78212e-06
1.64591e-06
1.01979e-05
1.73496e-06
1.06242e-05
1.82552e-06
1.10608e-05
1.91749e-06
1.15076e-05
2.01073e-06
1.19643e-05
2.10506e-06
1.24307e-05
2.20026e-06
1.29065e-05
2.29604e-06
1.33913e-05
2.39208e-06
1.38846e-05
2.488e-06
1.43859e-05
2.58336e-06
1.48946e-05
2.6777e-06
1.541e-05
2.77046e-06
1.59312e-05
2.86108e-06
1.64576e-05
2.94892e-06
1.69881e-05
3.03334e-06
1.75218e-05
3.11364e-06
1.80577e-05
3.1891e-06
1.85946e-05
3.259e-06
1.91314e-05
3.32264e-06
1.96669e-05
3.37929e-06
2.01999e-05
3.42829e-06
2.07293e-05
3.469e-06
2.12536e-05
3.50085e-06
2.17717e-05
3.52335e-06
2.22825e-05
3.53609e-06
2.27847e-05
3.53877e-06
2.32771e-05
3.53119e-06
2.37589e-05
3.51329e-06
2.42288e-05
3.48513e-06
2.46861e-05
3.44688e-06
2.51299e-05
3.39885e-06
2.55595e-05
3.34147e-06
2.59741e-05
3.27525e-06
2.63734e-05
3.20084e-06
2.67568e-05
3.11891e-06
2.71241e-05
3.03023e-06
2.74749e-05
2.93559e-06
2.78092e-05
2.8358e-06
2.81269e-05
2.73167e-06
2.8428e-05
2.62398e-06
2.87126e-05
2.5135e-06
2.89808e-05
2.40092e-06
2.92329e-05
2.28691e-06
2.94692e-05
2.17205e-06
2.96899e-05
2.05687e-06
2.98953e-05
1.94187e-06
3.00858e-05
1.82747e-06
3.02618e-05
1.71405e-06
3.04237e-05
1.60198e-06
3.05719e-05
1.4916e-06
3.07069e-05
1.38322e-06
3.0829e-05
1.27719e-06
3.09387e-05
1.17381e-06
3.10366e-05
1.07342e-06
3.11232e-05
9.76345e-07
3.11989e-05
8.82908e-07
3.12644e-05
7.93418e-07
3.13201e-05
7.0816e-07
3.13666e-05
6.27383e-07
3.14045e-05
5.51286e-07
3.14344e-05
4.80009e-07
3.14568e-05
4.1362e-07
3.14723e-05
3.52113e-07
3.14814e-05
2.95404e-07
3.14846e-05
2.4333e-07
3.14823e-05
1.95659e-07
3.14751e-05
1.52098e-07
3.14633e-05
1.1231e-07
3.14473e-05
7.5923e-08
3.14273e-05
4.25564e-08
3.14037e-05
1.18335e-08
3.13767e-05
-1.65939e-08
3.13465e-05
-4.30482e-08
3.13133e-05
-6.78027e-08
3.12772e-05
-9.1085e-08
3.12384e-05
-1.13064e-07
3.11969e-05
-1.33851e-07
3.1153e-05
-1.53516e-07
3.11066e-05
-1.72087e-07
3.1058e-05
-1.89567e-07
3.10073e-05
-2.05941e-07
3.09545e-05
-2.2119e-07
3.08998e-05
-2.35298e-07
3.08433e-05
-2.48262e-07
3.07852e-05
-2.60089e-07
3.07255e-05
-2.70828e-07
3.06643e-05
-2.80421e-07
3.06019e-05
-2.89229e-07
3.05381e-05
-2.96121e-07
3.04734e-05
-3.0494e-07
3.04073e-05
-3.03493e-07
-3.29783e-07
7.44035e-05
-2.14513e-06
7.42596e-05
-2.42571e-06
7.41036e-05
-2.63852e-06
7.39376e-05
-2.79655e-06
7.37611e-05
-2.91799e-06
7.35755e-05
-3.00944e-06
7.33819e-05
-3.07463e-06
7.31807e-05
-3.11998e-06
7.29721e-05
-3.15151e-06
7.27565e-05
-3.17336e-06
7.2534e-05
-3.18882e-06
7.23049e-05
-3.20093e-06
7.20692e-05
-3.21235e-06
7.18268e-05
-3.22533e-06
7.15777e-05
-3.24182e-06
7.13215e-05
-3.26361e-06
7.1058e-05
-3.29229e-06
7.07867e-05
-3.32939e-06
7.05071e-05
-3.37633e-06
7.02183e-05
-3.43455e-06
6.99197e-05
-3.50545e-06
6.96102e-05
-3.59049e-06
6.92886e-05
-3.69116e-06
6.89536e-05
-3.80901e-06
6.86036e-05
-3.94565e-06
6.82367e-05
-4.1028e-06
6.78508e-05
-4.28218e-06
6.74436e-05
-4.48562e-06
6.70122e-05
-4.71491e-06
6.65534e-05
-4.97187e-06
6.60637e-05
-5.25821e-06
6.55389e-05
-5.57551e-06
6.49743e-05
-5.92509e-06
6.43646e-05
-6.30793e-06
6.37039e-05
-6.72447e-06
6.29853e-05
-7.1745e-06
6.22014e-05
-7.65692e-06
6.1344e-05
-8.16952e-06
6.04039e-05
-8.70878e-06
5.93711e-05
-9.26962e-06
5.82352e-05
-9.84513e-06
5.69847e-05
-1.04264e-05
5.56082e-05
-1.10024e-05
5.40939e-05
-1.15598e-05
5.24304e-05
-1.20828e-05
5.06074e-05
-1.25536e-05
4.86163e-05
-1.29522e-05
4.64515e-05
-1.32577e-05
4.41116e-05
-1.34482e-05
4.1601e-05
-1.35032e-05
3.89314e-05
-1.34049e-05
3.61232e-05
-1.31403e-05
3.32062e-05
-1.27041e-05
3.022e-05
-1.21001e-05
2.72126e-05
-1.13431e-05
2.42378e-05
-1.04584e-05
2.13517e-05
-9.48056e-06
1.86079e-05
-8.4501e-06
1.60528e-05
-7.40951e-06
1.37218e-05
-6.39868e-06
1.16367e-05
-5.4511e-06
9.80564e-06
-4.59127e-06
8.22399e-06
-3.83378e-06
6.87723e-06
-3.18392e-06
5.74414e-06
-2.63938e-06
4.80003e-06
-2.19229e-06
4.01935e-06
-1.83154e-06
3.37769e-06
-1.54442e-06
2.85287e-06
-1.31814e-06
2.42559e-06
-1.14068e-06
2.07951e-06
-1.00138e-06
1.80114e-06
-8.91079e-07
1.57949e-06
-8.02256e-07
1.40576e-06
-7.28868e-07
1.27291e-06
-6.66194e-07
1.17535e-06
-6.10636e-07
1.10865e-06
-5.5952e-07
1.06926e-06
-5.10889e-07
1.05433e-06
-4.63364e-07
1.06156e-06
-4.15996e-07
1.08907e-06
-3.68133e-07
1.13526e-06
-3.19615e-07
1.19883e-06
-2.70073e-07
1.27871e-06
-2.1949e-07
1.37392e-06
-1.67868e-07
1.48379e-06
-1.15131e-07
1.60751e-06
-6.15058e-08
1.74457e-06
-6.78477e-09
1.8945e-06
4.87173e-08
2.05683e-06
1.05163e-07
2.2312e-06
1.62399e-07
2.41732e-06
2.20431e-07
2.61493e-06
2.79236e-07
2.82382e-06
3.38813e-07
3.04384e-06
3.99182e-07
3.27487e-06
4.60373e-07
3.51684e-06
5.22434e-07
3.7697e-06
5.8542e-07
4.03342e-06
6.49401e-07
4.30803e-06
7.14451e-07
4.59356e-06
7.80651e-07
4.89004e-06
8.48082e-07
5.19754e-06
9.16822e-07
5.51612e-06
9.86947e-07
5.84585e-06
1.05852e-06
6.1868e-06
1.1316e-06
6.539e-06
1.20622e-06
6.90251e-06
1.2824e-06
7.27733e-06
1.36014e-06
7.66346e-06
1.43939e-06
8.06084e-06
1.52011e-06
8.46938e-06
1.60219e-06
8.88896e-06
1.68549e-06
9.31937e-06
1.76984e-06
9.76039e-06
1.85503e-06
1.02117e-05
1.94078e-06
1.06729e-05
2.02679e-06
1.11436e-05
2.1127e-06
1.16232e-05
2.19809e-06
1.21111e-05
2.28252e-06
1.26067e-05
2.36549e-06
1.31092e-05
2.44644e-06
1.36177e-05
2.52479e-06
1.41314e-05
2.59994e-06
1.46493e-05
2.67123e-06
1.51703e-05
2.73801e-06
1.56933e-05
2.79962e-06
1.62172e-05
2.8554e-06
1.67408e-05
2.90472e-06
1.72628e-05
2.94697e-06
1.7782e-05
2.98161e-06
1.82972e-05
3.00815e-06
1.88072e-05
3.02616e-06
1.93106e-05
3.03533e-06
1.98063e-05
3.03544e-06
2.02933e-05
3.02636e-06
2.07703e-05
3.0081e-06
2.12364e-05
2.98076e-06
2.16907e-05
2.94459e-06
2.21323e-05
2.8999e-06
2.25604e-05
2.84714e-06
2.29744e-05
2.78684e-06
2.33737e-05
2.71958e-06
2.37579e-05
2.64604e-06
2.41266e-05
2.56689e-06
2.44795e-05
2.48286e-06
2.48165e-05
2.39466e-06
2.51375e-05
2.30301e-06
2.54424e-05
2.20858e-06
2.57314e-05
2.112e-06
2.60044e-05
2.01388e-06
2.62617e-05
1.91475e-06
2.65035e-05
1.8151e-06
2.673e-05
1.71537e-06
2.69415e-05
1.61596e-06
2.71383e-05
1.51723e-06
2.73208e-05
1.41951e-06
2.74893e-05
1.32311e-06
2.76441e-05
1.22834e-06
2.77858e-05
1.1355e-06
2.79147e-05
1.04489e-06
2.80314e-05
9.56806e-07
2.81361e-05
8.71562e-07
2.82296e-05
7.89455e-07
2.83122e-05
7.10772e-07
2.83846e-05
6.35781e-07
2.84473e-05
5.64714e-07
2.85008e-05
4.97762e-07
2.85458e-05
4.35059e-07
2.85827e-05
3.76677e-07
2.86122e-05
3.2262e-07
2.86348e-05
2.72818e-07
2.8651e-05
2.27134e-07
2.86613e-05
1.85365e-07
2.86661e-05
1.47254e-07
2.86659e-05
1.12501e-07
2.86611e-05
8.0776e-08
2.86519e-05
5.17393e-08
2.86387e-05
2.50521e-08
2.86217e-05
3.99756e-10
2.86011e-05
-2.2495e-08
2.85772e-05
-4.38817e-08
2.85501e-05
-6.39648e-08
2.85199e-05
-8.28954e-08
2.84868e-05
-1.00774e-07
2.8451e-05
-1.17663e-07
2.84125e-05
-1.33589e-07
2.83715e-05
-1.48554e-07
2.83281e-05
-1.62546e-07
2.82824e-05
-1.75547e-07
2.82347e-05
-1.87546e-07
2.8185e-05
-1.9854e-07
2.81334e-05
-2.08532e-07
2.80802e-05
-2.17573e-07
2.80253e-05
-2.2559e-07
2.79691e-05
-2.32964e-07
2.79114e-05
-2.38486e-07
2.78527e-05
-2.46263e-07
2.77927e-05
-2.43428e-07
-2.70245e-07
7.26647e-05
-1.98594e-06
7.24784e-05
-2.23939e-06
7.22745e-05
-2.43459e-06
7.20564e-05
-2.57842e-06
7.18246e-05
-2.68628e-06
7.15811e-05
-2.76586e-06
7.13274e-05
-2.821e-06
7.10646e-05
-2.8572e-06
7.07933e-05
-2.88017e-06
7.0514e-05
-2.89408e-06
7.02273e-05
-2.90206e-06
6.99333e-05
-2.90697e-06
6.96322e-05
-2.9113e-06
6.93241e-05
-2.91717e-06
6.90087e-05
-2.92641e-06
6.86857e-05
-2.94064e-06
6.83548e-05
-2.96133e-06
6.80152e-05
-2.98984e-06
6.76663e-05
-3.02746e-06
6.73072e-05
-3.07546e-06
6.69369e-05
-3.13508e-06
6.6554e-05
-3.20758e-06
6.61571e-05
-3.29426e-06
6.57445e-05
-3.39643e-06
6.53143e-05
-3.51548e-06
6.48643e-05
-3.65282e-06
6.43921e-05
-3.80991e-06
6.38946e-05
-3.9882e-06
6.33689e-05
-4.18913e-06
6.28111e-05
-4.4141e-06
6.22173e-05
-4.66437e-06
6.15828e-05
-4.94102e-06
6.09025e-05
-5.24483e-06
6.01708e-05
-5.5762e-06
5.93813e-05
-5.93496e-06
5.8527e-05
-6.32025e-06
5.76004e-05
-6.73035e-06
5.65933e-05
-7.16242e-06
5.54969e-05
-7.61238e-06
5.4302e-05
-8.07463e-06
5.29988e-05
-8.54195e-06
5.15777e-05
-9.00534e-06
5.00291e-05
-9.45389e-06
4.83442e-05
-9.87486e-06
4.65152e-05
-1.02537e-05
4.45362e-05
-1.05746e-05
4.24043e-05
-1.08203e-05
4.01204e-05
-1.09738e-05
3.76908e-05
-1.10186e-05
3.51281e-05
-1.09405e-05
3.24525e-05
-1.07292e-05
2.96922e-05
-1.03801e-05
2.68838e-05
-9.89567e-06
2.40706e-05
-9.287e-06
2.13009e-05
-8.57347e-06
1.86244e-05
-7.78191e-06
1.60881e-05
-6.94428e-06
1.37326e-05
-6.09456e-06
1.15883e-05
-5.26523e-06
9.67376e-06
-4.48413e-06
7.99492e-06
-3.77226e-06
6.54653e-06
-3.14287e-06
5.31438e-06
-2.60163e-06
4.27823e-06
-2.14777e-06
3.41472e-06
-1.77587e-06
2.69975e-06
-1.47732e-06
2.11025e-06
-1.24204e-06
1.62535e-06
-1.05952e-06
1.22688e-06
-9.19668e-07
8.99501e-07
-8.13303e-07
6.30642e-07
-7.32516e-07
4.10159e-07
-6.70595e-07
2.30007e-07
-6.22105e-07
8.3881e-08
-5.82742e-07
-3.3122e-08
-5.49191e-07
-1.24794e-07
-5.18964e-07
-1.94069e-07
-4.90245e-07
-2.43217e-07
-4.61741e-07
-2.74011e-07
-4.3257e-07
-2.8785e-07
-4.02156e-07
-2.85837e-07
-3.70146e-07
-2.68911e-07
-3.36541e-07
-2.37791e-07
-3.01193e-07
-1.93094e-07
-2.64187e-07
-1.35338e-07
-2.25624e-07
-6.49206e-08
-1.85549e-07
1.77273e-08
-1.44154e-07
1.12379e-07
-1.01437e-07
2.18692e-07
-5.75954e-08
3.36472e-07
-1.26169e-08
4.65542e-07
3.33292e-08
6.0573e-07
8.02435e-08
7.56916e-07
1.2805e-07
9.1901e-07
1.7672e-07
1.09195e-06
2.26245e-07
1.2757e-06
2.76623e-07
1.47025e-06
3.27878e-07
1.67563e-06
3.8004e-07
1.89188e-06
4.33156e-07
2.11905e-06
4.87281e-07
2.35722e-06
5.42478e-07
2.60649e-06
5.98814e-07
2.86696e-06
6.56357e-07
3.13873e-06
7.15176e-07
3.42191e-06
7.75335e-07
3.71663e-06
8.36888e-07
4.02297e-06
8.99879e-07
4.34103e-06
9.64341e-07
4.67088e-06
1.03029e-06
5.01257e-06
1.09771e-06
5.36612e-06
1.16656e-06
5.7315e-06
1.2368e-06
6.10866e-06
1.30833e-06
6.4975e-06
1.38101e-06
6.89784e-06
1.45468e-06
7.30948e-06
1.52914e-06
7.73211e-06
1.60415e-06
8.1654e-06
1.67941e-06
8.60891e-06
1.75458e-06
9.06214e-06
1.8293e-06
9.5245e-06
1.90313e-06
9.99533e-06
1.97561e-06
1.04739e-05
2.04624e-06
1.09593e-05
2.11447e-06
1.14508e-05
2.17976e-06
1.19473e-05
2.2415e-06
1.24478e-05
2.29912e-06
1.29512e-05
2.352e-06
1.34564e-05
2.39957e-06
1.39621e-05
2.44126e-06
1.44671e-05
2.47657e-06
1.49703e-05
2.50501e-06
1.54702e-05
2.52618e-06
1.59658e-05
2.53974e-06
1.64558e-05
2.54547e-06
1.6939e-05
2.5432e-06
1.74142e-05
2.5329e-06
1.78803e-05
2.51461e-06
1.83364e-05
2.4885e-06
1.87815e-05
2.45483e-06
1.92147e-05
2.41393e-06
1.96352e-05
2.36626e-06
2.00425e-05
2.31231e-06
2.04359e-05
2.25265e-06
2.08149e-05
2.18786e-06
2.11792e-05
2.11857e-06
2.15285e-05
2.04541e-06
2.18625e-05
1.96901e-06
2.21811e-05
1.88995e-06
2.24843e-05
1.8088e-06
2.27721e-05
1.7261e-06
2.30445e-05
1.64232e-06
2.33017e-05
1.55792e-06
2.35438e-05
1.47327e-06
2.3771e-05
1.38874e-06
2.39836e-05
1.30465e-06
2.41818e-05
1.2213e-06
2.43659e-05
1.13898e-06
2.45363e-05
1.05797e-06
2.46933e-05
9.78519e-07
2.48372e-05
9.00918e-07
2.49686e-05
8.25436e-07
2.50878e-05
7.52348e-07
2.51954e-05
6.81926e-07
2.52917e-05
6.14431e-07
2.53774e-05
5.50104e-07
2.54529e-05
4.8916e-07
2.55189e-05
4.31772e-07
2.55759e-05
3.78065e-07
2.56245e-05
3.2811e-07
2.56652e-05
2.81914e-07
2.56986e-05
2.39423e-07
2.57252e-05
2.00518e-07
2.57455e-05
1.65025e-07
2.57601e-05
1.32719e-07
2.57692e-05
1.03338e-07
2.57734e-05
7.65948e-08
2.5773e-05
5.21895e-08
2.57682e-05
2.98231e-08
2.57594e-05
9.21476e-09
2.57468e-05
-9.87412e-09
2.57305e-05
-2.76591e-08
2.57109e-05
-4.43272e-08
2.5688e-05
-6.00095e-08
2.5662e-05
-7.4795e-08
2.56331e-05
-8.87382e-08
2.56014e-05
-1.01864e-07
2.5567e-05
-1.14174e-07
2.55301e-05
-1.25659e-07
2.54909e-05
-1.36305e-07
2.54494e-05
-1.461e-07
2.54059e-05
-1.55044e-07
2.53605e-05
-1.63138e-07
2.53134e-05
-1.70428e-07
2.52646e-05
-1.76832e-07
2.52144e-05
-1.82742e-07
2.51628e-05
-1.86894e-07
2.51101e-05
-1.93575e-07
2.50561e-05
-1.89435e-07
-2.16486e-07
6.94349e-05
-1.78963e-06
6.92077e-05
-2.01223e-06
6.89581e-05
-2.18496e-06
6.86903e-05
-2.31061e-06
6.8406e-05
-2.40201e-06
6.81075e-05
-2.46732e-06
6.7797e-05
-2.5105e-06
6.7476e-05
-2.53624e-06
6.71456e-05
-2.54975e-06
6.68066e-05
-2.55508e-06
6.64597e-05
-2.55518e-06
6.61054e-05
-2.55263e-06
6.57438e-05
-2.54972e-06
6.5375e-05
-2.54838e-06
6.49988e-05
-2.55025e-06
6.4615e-05
-2.55679e-06
6.42229e-05
-2.56927e-06
6.3822e-05
-2.58889e-06
6.34113e-05
-2.61677e-06
6.29898e-05
-2.65396e-06
6.25562e-05
-2.70153e-06
6.21092e-05
-2.76052e-06
6.16469e-05
-2.832e-06
6.11675e-05
-2.91704e-06
6.06688e-05
-3.01676e-06
6.01483e-05
-3.13228e-06
5.96031e-05
-3.26474e-06
5.90301e-05
-3.41523e-06
5.84258e-05
-3.58484e-06
5.77863e-05
-3.77454e-06
5.7107e-05
-3.98515e-06
5.63833e-05
-4.21728e-06
5.56097e-05
-4.47124e-06
5.47804e-05
-4.74689e-06
5.3889e-05
-5.04359e-06
5.29288e-05
-5.35997e-06
5.18923e-05
-5.69384e-06
5.07718e-05
-6.04199e-06
4.95595e-05
-6.40005e-06
4.82472e-05
-6.76232e-06
4.68269e-05
-7.1217e-06
4.52912e-05
-7.46958e-06
4.36332e-05
-7.79593e-06
4.18477e-05
-8.08932e-06
3.99312e-05
-8.33727e-06
3.78832e-05
-8.52656e-06
3.57068e-05
-8.64392e-06
3.34098e-05
-8.67676e-06
3.10054e-05
-8.6143e-06
2.85136e-05
-8.4487e-06
2.59608e-05
-8.17643e-06
2.33801e-05
-7.79936e-06
2.08101e-05
-7.3256e-06
1.82927e-05
-6.76959e-06
1.58706e-05
-6.15141e-06
1.35839e-05
-5.49523e-06
1.14666e-05
-4.82698e-06
9.54392e-06
-4.17185e-06
7.83056e-06
-3.55187e-06
6.33059e-06
-2.98415e-06
5.03827e-06
-2.47995e-06
3.94021e-06
-2.0448e-06
3.01771e-06
-1.67914e-06
2.24933e-06
-1.37939e-06
1.61298e-06
-1.13952e-06
1.08751e-06
-9.51846e-07
6.53698e-07
-8.08227e-07
2.94813e-07
-7.00637e-07
-3.25248e-09
-6.21602e-07
-2.52025e-07
-5.64529e-07
-4.60836e-07
-5.23706e-07
-6.36927e-07
-4.94504e-07
-7.85916e-07
-4.73115e-07
-9.1208e-07
-4.56578e-07
-1.01863e-06
-4.42642e-07
-1.10795e-06
-4.29642e-07
-1.1818e-06
-4.16393e-07
-1.24147e-06
-4.02069e-07
-1.28791e-06
-3.86131e-07
-1.32181e-06
-3.68256e-07
-1.34368e-06
-3.48279e-07
-1.35393e-06
-3.26292e-07
-1.35285e-06
-3.02275e-07
-1.34067e-06
-2.76364e-07
-1.31759e-06
-2.48709e-07
-1.28374e-06
-2.19399e-07
-1.23925e-06
-1.88638e-07
-1.18421e-06
-1.56478e-07
-1.11872e-06
-1.23085e-07
-1.04281e-06
-8.8526e-08
-9.56555e-07
-5.2929e-08
-8.59975e-07
-1.63363e-08
-7.53085e-07
2.11594e-08
-6.35885e-07
5.95199e-08
-5.08361e-07
9.87203e-08
-3.70473e-07
1.38735e-07
-2.2217e-07
1.79575e-07
-6.33814e-08
2.21251e-07
1.05981e-07
2.63793e-07
2.86023e-07
3.0724e-07
4.76859e-07
3.51641e-07
6.78621e-07
3.97052e-07
8.91448e-07
4.43531e-07
1.11549e-06
4.91138e-07
1.35089e-06
5.39933e-07
1.5978e-06
5.89972e-07
1.85638e-06
6.413e-07
2.12677e-06
6.93959e-07
2.40908e-06
7.47975e-07
2.70342e-06
8.03357e-07
3.00989e-06
8.60096e-07
3.32854e-06
9.18159e-07
3.65937e-06
9.7749e-07
4.00238e-06
1.038e-06
4.35747e-06
1.09958e-06
4.72454e-06
1.16208e-06
5.10339e-06
1.2253e-06
5.49377e-06
1.28903e-06
5.89536e-06
1.353e-06
6.30775e-06
1.4169e-06
6.73049e-06
1.48039e-06
7.163e-06
1.54309e-06
7.60466e-06
1.60458e-06
8.05474e-06
1.66439e-06
8.51245e-06
1.72205e-06
8.9769e-06
1.77705e-06
9.44714e-06
1.82888e-06
9.92215e-06
1.87699e-06
1.04008e-05
1.92088e-06
1.08821e-05
1.96003e-06
1.13647e-05
1.99397e-06
1.18474e-05
2.02227e-06
1.2329e-05
2.04453e-06
1.28083e-05
2.06044e-06
1.32841e-05
2.06975e-06
1.3755e-05
2.07229e-06
1.42199e-05
2.06797e-06
1.46777e-05
2.05682e-06
1.51273e-05
2.03894e-06
1.55676e-05
2.01451e-06
1.59977e-05
1.98382e-06
1.64168e-05
1.9472e-06
1.6824e-05
1.90509e-06
1.72187e-05
1.85793e-06
1.76003e-05
1.80624e-06
1.79683e-05
1.75054e-06
1.83224e-05
1.69138e-06
1.86621e-05
1.62928e-06
1.89873e-05
1.56477e-06
1.92977e-05
1.49833e-06
1.95934e-05
1.43042e-06
1.98743e-05
1.36147e-06
2.01403e-05
1.29186e-06
2.03917e-05
1.22193e-06
2.06284e-05
1.152e-06
2.08507e-05
1.08236e-06
2.10587e-05
1.01325e-06
2.12528e-05
9.44945e-07
2.14331e-05
8.77671e-07
2.15999e-05
8.11668e-07
2.17537e-05
7.47173e-07
2.18947e-05
6.84428e-07
2.20234e-05
6.2367e-07
2.21402e-05
5.65138e-07
2.22455e-05
5.09059e-07
2.234e-05
4.55645e-07
2.24241e-05
4.05082e-07
2.24983e-05
3.57524e-07
2.25633e-05
3.13079e-07
2.26196e-05
2.71812e-07
2.26678e-05
2.33731e-07
2.27084e-05
1.9879e-07
2.2742e-05
1.66891e-07
2.27692e-05
1.37882e-07
2.27903e-05
1.11573e-07
2.28059e-05
8.77386e-08
2.28164e-05
6.61314e-08
2.28221e-05
4.64947e-08
2.28233e-05
2.85704e-08
2.28204e-05
1.21154e-08
2.28136e-05
-3.08038e-09
2.28032e-05
-1.7184e-08
2.27892e-05
-3.03756e-08
2.2772e-05
-4.27599e-08
2.27516e-05
-5.44149e-08
2.27282e-05
-6.53878e-08
2.27021e-05
-7.57002e-08
2.26732e-05
-8.53549e-08
2.26419e-05
-9.43436e-08
2.26083e-05
-1.02654e-07
2.25725e-05
-1.10277e-07
2.25346e-05
-1.1721e-07
2.24949e-05
-1.23451e-07
2.24536e-05
-1.29045e-07
2.24106e-05
-1.33899e-07
2.23663e-05
-1.3841e-07
2.23207e-05
-1.41279e-07
2.2274e-05
-1.46885e-07
2.22261e-05
-1.4157e-07
-1.68612e-07
6.47161e-05
-1.55776e-06
6.445e-05
-1.74615e-06
6.41572e-05
-1.89217e-06
6.38427e-05
-1.99604e-06
6.35091e-05
-2.06844e-06
6.31593e-05
-2.11753e-06
6.27961e-05
-2.14726e-06
6.24215e-05
-2.16164e-06
6.2037e-05
-2.16526e-06
6.16438e-05
-2.16189e-06
6.12428e-05
-2.15424e-06
6.08348e-05
-2.14457e-06
6.042e-05
-2.13489e-06
5.99985e-05
-2.12691e-06
5.95703e-05
-2.12203e-06
5.91349e-05
-2.12148e-06
5.8692e-05
-2.12634e-06
5.82407e-05
-2.13759e-06
5.77801e-05
-2.15614e-06
5.7309e-05
-2.18284e-06
5.6826e-05
-2.21852e-06
5.63294e-05
-2.26399e-06
5.58175e-05
-2.32008e-06
5.52881e-05
-2.3876e-06
5.47387e-05
-2.46738e-06
5.41667e-05
-2.56026e-06
5.3569e-05
-2.66703e-06
5.29422e-05
-2.78848e-06
5.22827e-05
-2.9253e-06
5.15862e-05
-3.07809e-06
5.08483e-05
-3.24728e-06
5.00641e-05
-3.43307e-06
4.92283e-05
-3.63535e-06
4.8335e-05
-3.85361e-06
4.73782e-05
-4.08682e-06
4.63515e-05
-4.3333e-06
4.52483e-05
-4.59066e-06
4.40619e-05
-4.85556e-06
4.27856e-05
-5.12372e-06
4.1413e-05
-5.38976e-06
3.99385e-05
-5.64717e-06
3.83573e-05
-5.88836e-06
3.66661e-05
-6.10473e-06
3.48637e-05
-6.28692e-06
3.29515e-05
-6.42509e-06
3.09344e-05
-6.50943e-06
2.88212e-05
-6.53077e-06
2.66257e-05
-6.4813e-06
2.43669e-05
-6.35546e-06
2.2069e-05
-6.15081e-06
1.97614e-05
-5.86879e-06
1.74773e-05
-5.51526e-06
1.52522e-05
-5.10055e-06
1.31217e-05
-4.63905e-06
1.11183e-05
-4.1481e-06
9.26961e-06
-3.64649e-06
7.5953e-06
-3.15267e-06
6.10656e-06
-2.68311e-06
4.80559e-06
-2.25091e-06
3.68659e-06
-1.86514e-06
2.73728e-06
-1.53065e-06
1.94104e-06
-1.24855e-06
1.27885e-06
-1.01695e-06
7.31088e-07
-8.31623e-07
2.78949e-07
-6.87381e-07
-9.47401e-08
-5.78158e-07
-4.05026e-07
-4.97941e-07
-6.64612e-07
-4.41051e-07
-8.83898e-07
-4.02316e-07
-1.07125e-06
-3.77179e-07
-1.23317e-06
-3.61781e-07
-1.37466e-06
-3.53021e-07
-1.49941e-06
-3.48358e-07
-1.61015e-06
-3.45838e-07
-1.7088e-06
-3.43993e-07
-1.79669e-06
-3.41757e-07
-1.87469e-06
-3.38387e-07
-1.94338e-06
-3.33379e-07
-2.00309e-06
-3.26425e-07
-2.05399e-06
-3.17356e-07
-2.09614e-06
-3.06124e-07
-2.12958e-06
-2.92856e-07
-2.15426e-06
-2.77596e-07
-2.17013e-06
-2.60492e-07
-2.17714e-06
-2.41702e-07
-2.1752e-06
-2.21333e-07
-2.16427e-06
-1.99572e-07
-2.14426e-06
-1.76488e-07
-2.11511e-06
-1.52231e-07
-2.07675e-06
-1.26884e-07
-2.02913e-06
-1.00553e-07
-1.97216e-06
-7.33047e-08
-1.90578e-06
-4.52182e-08
-1.82993e-06
-1.63363e-08
-1.74451e-06
1.33021e-08
-1.64944e-06
4.36618e-08
-1.54461e-06
7.47504e-08
-1.42992e-06
1.06559e-07
-1.30524e-06
1.39111e-07
-1.17043e-06
1.72431e-07
-1.02534e-06
2.06557e-07
-8.69825e-07
2.41532e-07
-7.037e-07
2.77406e-07
-5.26791e-07
3.14229e-07
-3.38913e-07
3.52056e-07
-1.3988e-07
3.90939e-07
7.04963e-08
4.30923e-07
2.92404e-07
4.72052e-07
5.26019e-07
5.1436e-07
7.71505e-07
5.57871e-07
1.02901e-06
6.02592e-07
1.29865e-06
6.48514e-07
1.58053e-06
6.95609e-07
1.87471e-06
7.43827e-07
2.1812e-06
7.93093e-07
2.49997e-06
8.43305e-07
2.83094e-06
8.94329e-07
3.17397e-06
9.46e-07
3.52885e-06
9.9812e-07
3.8953e-06
1.05045e-06
4.27296e-06
1.10273e-06
4.6614e-06
1.15466e-06
5.06009e-06
1.20588e-06
5.46845e-06
1.25603e-06
5.88578e-06
1.30472e-06
6.31132e-06
1.35152e-06
6.7442e-06
1.396e-06
7.1835e-06
1.43769e-06
7.62821e-06
1.47616e-06
8.07727e-06
1.51097e-06
8.52955e-06
1.5417e-06
8.98387e-06
1.56794e-06
9.43904e-06
1.58937e-06
9.89381e-06
1.60567e-06
1.0347e-05
1.61661e-06
1.07972e-05
1.62201e-06
1.12434e-05
1.62179e-06
1.16843e-05
1.61591e-06
1.21188e-05
1.60445e-06
1.25458e-05
1.58752e-06
1.29643e-05
1.56535e-06
1.33733e-05
1.53821e-06
1.37719e-05
1.50642e-06
1.41595e-05
1.47037e-06
1.45353e-05
1.43047e-06
1.48986e-05
1.38716e-06
1.52491e-05
1.34088e-06
1.55863e-05
1.29209e-06
1.59099e-05
1.2412e-06
1.62196e-05
1.18864e-06
1.65152e-05
1.1348e-06
1.67967e-05
1.08003e-06
1.70639e-05
1.02465e-06
1.73168e-05
9.68958e-07
1.75556e-05
9.13216e-07
1.77803e-05
8.57664e-07
1.7991e-05
8.02522e-07
1.8188e-05
7.47998e-07
1.83714e-05
6.94294e-07
1.85414e-05
6.41607e-07
1.86985e-05
5.90134e-07
1.88428e-05
5.40075e-07
1.89749e-05
4.91628e-07
1.9095e-05
4.44989e-07
1.92037e-05
4.00347e-07
1.93015e-05
3.57877e-07
1.93888e-05
3.17734e-07
1.94663e-05
2.80044e-07
1.95345e-05
2.44898e-07
1.9594e-05
2.12347e-07
1.96453e-05
1.82398e-07
1.96891e-05
1.55013e-07
1.97259e-05
1.30109e-07
1.97562e-05
1.07562e-07
1.97805e-05
8.72108e-08
1.97994e-05
6.88691e-08
1.98132e-05
5.23314e-08
1.98223e-05
3.7384e-08
1.98271e-05
2.38121e-08
1.98278e-05
1.14135e-08
1.98247e-05
-9.41067e-13
1.98181e-05
-1.05338e-08
1.9808e-05
-2.0373e-08
1.97949e-05
-2.9588e-08
1.97787e-05
-3.8247e-08
1.97597e-05
-4.63896e-08
1.9738e-05
-5.40333e-08
1.97139e-05
-6.11807e-08
1.96873e-05
-6.78244e-08
1.96586e-05
-7.39537e-08
1.96279e-05
-7.95584e-08
1.95954e-05
-8.46367e-08
1.95611e-05
-8.9182e-08
1.95253e-05
-9.32348e-08
1.94881e-05
-9.6694e-08
1.94496e-05
-9.99525e-08
1.941e-05
-1.01703e-07
1.93695e-05
-1.06318e-07
1.93279e-05
-1.00036e-07
-1.26751e-07
5.85129e-05
-1.29278e-06
5.82108e-05
-1.44405e-06
5.78785e-05
-1.55985e-06
5.75214e-05
-1.63896e-06
5.71435e-05
-1.69048e-06
5.67481e-05
-1.72219e-06
5.63387e-05
-1.73787e-06
5.5918e-05
-1.74087e-06
5.54878e-05
-1.73512e-06
5.50499e-05
-1.72396e-06
5.46054e-05
-1.70977e-06
5.41553e-05
-1.69442e-06
5.37e-05
-1.67958e-06
5.32397e-05
-1.66665e-06
5.27744e-05
-1.65677e-06
5.23038e-05
-1.65088e-06
5.18273e-05
-1.64983e-06
5.13441e-05
-1.65434e-06
5.0853e-05
-1.66508e-06
5.03529e-05
-1.68267e-06
4.9842e-05
-1.70769e-06
4.93188e-05
-1.74072e-06
4.8781e-05
-1.78232e-06
4.82265e-05
-1.83306e-06
4.76526e-05
-1.89348e-06
4.70564e-05
-1.96413e-06
4.64349e-05
-2.04552e-06
4.57845e-05
-2.1381e-06
4.51015e-05
-2.24227e-06
4.43817e-05
-2.35828e-06
4.36207e-05
-2.48624e-06
4.28136e-05
-2.62605e-06
4.19556e-05
-2.77729e-06
4.10412e-05
-2.93922e-06
4.0065e-05
-3.11061e-06
3.90214e-05
-3.28974e-06
3.7905e-05
-3.47421e-06
3.67104e-05
-3.66096e-06
3.54328e-05
-3.84613e-06
3.40681e-05
-4.02509e-06
3.26134e-05
-4.19244e-06
3.10671e-05
-4.34207e-06
2.94297e-05
-4.46738e-06
2.77043e-05
-4.56147e-06
2.58967e-05
-4.61754e-06
2.40166e-05
-4.62929e-06
2.20773e-05
-4.59144e-06
2.00963e-05
-4.50033e-06
1.80953e-05
-4.35444e-06
1.60994e-05
-4.15488e-06
1.41363e-05
-3.90571e-06
1.22349e-05
-3.61393e-06
1.04236e-05
-3.28923e-06
8.72789e-06
-2.94331e-06
7.16869e-06
-2.5889e-06
5.76085e-06
-2.23865e-06
4.51216e-06
-1.90398e-06
3.42338e-06
-1.59433e-06
2.48887e-06
-1.3164e-06
1.69789e-06
-1.07416e-06
1.03615e-06
-8.68913e-07
4.8742e-07
-6.9982e-07
3.4891e-08
-5.64426e-07
-3.37439e-07
-4.59294e-07
-6.44644e-07
-3.80175e-07
-8.99691e-07
-3.23111e-07
-1.1137e-06
-2.83933e-07
-1.29585e-06
-2.58901e-07
-1.45351e-06
-2.44656e-07
-1.59244e-06
-2.38248e-07
-1.717e-06
-2.37219e-07
-1.83042e-06
-2.39604e-07
-1.93498e-06
-2.43799e-07
-2.03223e-06
-2.48585e-07
-2.12317e-06
-2.53054e-07
-2.20837e-06
-2.56559e-07
-2.28809e-06
-2.58662e-07
-2.3624e-06
-2.59074e-07
-2.43119e-06
-2.57632e-07
-2.49429e-06
-2.54262e-07
-2.55144e-06
-2.48971e-07
-2.60241e-06
-2.41886e-07
-2.64693e-06
-2.33074e-07
-2.68475e-06
-2.22671e-07
-2.71564e-06
-2.10814e-07
-2.73937e-06
-1.97606e-07
-2.75574e-06
-1.83201e-07
-2.76456e-06
-1.67667e-07
-2.76566e-06
-1.51131e-07
-2.75888e-06
-1.33665e-07
-2.74407e-06
-1.15362e-07
-2.72109e-06
-9.62833e-08
-2.68982e-06
-7.64962e-08
-2.65011e-06
-5.60449e-08
-2.60184e-06
-3.4967e-08
-2.54489e-06
-1.32909e-08
-2.47911e-06
8.97829e-09
-2.40438e-06
3.18238e-08
-2.32053e-06
5.52659e-08
-2.22742e-06
7.9316e-08
-2.12486e-06
1.04003e-07
-2.01269e-06
1.29359e-07
-1.89071e-06
1.55422e-07
-1.75871e-06
1.82236e-07
-1.6165e-06
2.09845e-07
-1.46386e-06
2.38294e-07
-1.30056e-06
2.67626e-07
-1.12639e-06
2.97881e-07
-9.41127e-07
3.29097e-07
-7.44558e-07
3.61302e-07
-5.36481e-07
3.94515e-07
-3.1671e-07
4.28744e-07
-8.50802e-08
4.63979e-07
1.58549e-07
5.00198e-07
4.14285e-07
5.37357e-07
6.82193e-07
5.75397e-07
9.62293e-07
6.14229e-07
1.25455e-06
6.53741e-07
1.55888e-06
6.93793e-07
1.87512e-06
7.34217e-07
2.20303e-06
7.74816e-07
2.54233e-06
8.15361e-07
2.89261e-06
8.55596e-07
3.25341e-06
8.95235e-07
3.62416e-06
9.33966e-07
4.00423e-06
9.71454e-07
4.39287e-06
1.00736e-06
4.78926e-06
1.0413e-06
5.1925e-06
1.07292e-06
5.60161e-06
1.10186e-06
6.01554e-06
1.12777e-06
6.43317e-06
1.15031e-06
6.85335e-06
1.16919e-06
7.27488e-06
1.18413e-06
7.69655e-06
1.19494e-06
8.1171e-06
1.20145e-06
8.53533e-06
1.20356e-06
8.95e-06
1.20123e-06
9.35995e-06
1.19449e-06
9.76405e-06
1.18343e-06
1.01612e-05
1.1682e-06
1.05504e-05
1.149e-06
1.09307e-05
1.1261e-06
1.13013e-05
1.09978e-06
1.16614e-05
1.07037e-06
1.20104e-05
1.03823e-06
1.23476e-05
1.0037e-06
1.26725e-05
9.67142e-07
1.29848e-05
9.28908e-07
1.32841e-05
8.89329e-07
1.35702e-05
8.48716e-07
1.38429e-05
8.07356e-07
1.4102e-05
7.65508e-07
1.43476e-05
7.23406e-07
1.45795e-05
6.81263e-07
1.47979e-05
6.39266e-07
1.50028e-05
5.97592e-07
1.51944e-05
5.56402e-07
1.53729e-05
5.15854e-07
1.55384e-05
4.76101e-07
1.56912e-05
4.37295e-07
1.58317e-05
3.9959e-07
1.59602e-05
3.63139e-07
1.60771e-05
3.28094e-07
1.61828e-05
2.94599e-07
1.62779e-05
2.6279e-07
1.63629e-05
2.32784e-07
1.64382e-05
2.04678e-07
1.65046e-05
1.78543e-07
1.65625e-05
1.54416e-07
1.66126e-05
1.32302e-07
1.66555e-05
1.12169e-07
1.66916e-05
9.39499e-08
1.67216e-05
7.75468e-08
1.6746e-05
6.28329e-08
1.67652e-05
4.96599e-08
1.67797e-05
3.78653e-08
1.67898e-05
2.72802e-08
1.67959e-05
1.77345e-08
1.67982e-05
9.06892e-09
1.67971e-05
1.11355e-09
1.67927e-05
-6.1649e-09
1.67853e-05
-1.29651e-08
1.67751e-05
-1.93192e-08
1.67621e-05
-2.52858e-08
1.67466e-05
-3.08955e-08
1.67287e-05
-3.61619e-08
1.67086e-05
-4.10864e-08
1.66865e-05
-4.56618e-08
1.66624e-05
-4.98782e-08
1.66366e-05
-5.37248e-08
1.66091e-05
-5.71985e-08
1.65802e-05
-6.02884e-08
1.655e-05
-6.30306e-08
1.65187e-05
-6.53169e-08
1.64862e-05
-6.75323e-08
1.64529e-05
-6.83802e-08
1.64187e-05
-7.2127e-08
1.63839e-05
-6.51993e-08
-9.10336e-08
5.08363e-05
-9.99277e-07
5.05036e-05
-1.11134e-06
5.01383e-05
-1.19455e-06
4.97466e-05
-1.24728e-06
4.93336e-05
-1.27747e-06
4.89036e-05
-1.29223e-06
4.84607e-05
-1.29495e-06
4.80081e-05
-1.28831e-06
4.75485e-05
-1.27548e-06
4.70837e-05
-1.2592e-06
4.66153e-05
-1.24137e-06
4.61443e-05
-1.2234e-06
4.56713e-05
-1.20653e-06
4.51964e-05
-1.19176e-06
4.47195e-05
-1.17991e-06
4.42402e-05
-1.1716e-06
4.37578e-05
-1.1674e-06
4.32712e-05
-1.16776e-06
4.27792e-05
-1.17309e-06
4.22803e-05
-1.18378e-06
4.17728e-05
-1.20019e-06
4.12547e-05
-1.22264e-06
4.07239e-05
-1.25147e-06
4.01778e-05
-1.28701e-06
3.96139e-05
-1.32956e-06
3.90292e-05
-1.37943e-06
3.84205e-05
-1.43686e-06
3.77845e-05
-1.50208e-06
3.71175e-05
-1.5752e-06
3.64154e-05
-1.65626e-06
3.56744e-05
-1.74516e-06
3.48899e-05
-1.84157e-06
3.40576e-05
-1.94498e-06
3.31729e-05
-2.05456e-06
3.22314e-05
-2.16913e-06
3.12288e-05
-2.28712e-06
3.01611e-05
-2.40648e-06
2.90248e-05
-2.52469e-06
2.78174e-05
-2.6387e-06
2.65373e-05
-2.74498e-06
2.51844e-05
-2.83957e-06
2.37605e-05
-2.9182e-06
2.22696e-05
-2.97645e-06
2.07181e-05
-3.00998e-06
1.91154e-05
-3.01485e-06
1.7474e-05
-2.9878e-06
1.58091e-05
-2.92663e-06
1.41393e-05
-2.8305e-06
1.24851e-05
-2.7002e-06
1.08685e-05
-2.53834e-06
9.31213e-06
-2.3493e-06
7.83729e-06
-2.13909e-06
6.46299e-06
-1.91493e-06
5.20438e-06
-1.68471e-06
4.07184e-06
-1.45636e-06
3.07038e-06
-1.2372e-06
2.19966e-06
-1.03326e-06
1.45457e-06
-8.49243e-07
8.26091e-07
-6.87918e-07
3.02486e-07
-5.50558e-07
-1.29508e-07
-4.36919e-07
-4.83638e-07
-3.45691e-07
-7.73232e-07
-2.74832e-07
-1.01061e-06
-2.21918e-07
-1.20665e-06
-1.84133e-07
-1.37075e-06
-1.59008e-07
-1.51072e-06
-1.43964e-07
-1.63286e-06
-1.36759e-07
-1.74213e-06
-1.35386e-07
-1.84229e-06
-1.38093e-07
-1.93607e-06
-1.43433e-07
-2.02542e-06
-1.50259e-07
-2.11158e-06
-1.57637e-07
-2.19531e-06
-1.6486e-07
-2.27695e-06
-1.71414e-07
-2.35657e-06
-1.76935e-07
-2.43405e-06
-1.81185e-07
-2.5091e-06
-1.84016e-07
-2.58139e-06
-1.8535e-07
-2.65049e-06
-1.85161e-07
-2.71598e-06
-1.83479e-07
-2.77746e-06
-1.8041e-07
-2.83452e-06
-1.76014e-07
-2.88679e-06
-1.70399e-07
-2.93393e-06
-1.63671e-07
-2.97562e-06
-1.55911e-07
-3.01159e-06
-1.47235e-07
-3.04156e-06
-1.37698e-07
-3.0653e-06
-1.27393e-07
-3.08258e-06
-1.16379e-07
-3.09322e-06
-1.04727e-07
-3.09702e-06
-9.24835e-08
-3.09381e-06
-7.97024e-08
-3.08344e-06
-6.64201e-08
-3.06574e-06
-5.26676e-08
-3.04056e-06
-3.8469e-08
-3.00775e-06
-2.38339e-08
-2.96715e-06
-8.77276e-09
-2.91861e-06
6.72236e-09
-2.86195e-06
2.26566e-08
-2.79699e-06
3.90507e-08
-2.72356e-06
5.5926e-08
-2.64145e-06
7.33116e-08
-2.55045e-06
9.12387e-08
-2.45035e-06
1.09742e-07
-2.34091e-06
1.28857e-07
-2.2219e-06
1.48618e-07
-2.09308e-06
1.6906e-07
-1.9542e-06
1.90216e-07
-1.80501e-06
2.12114e-07
-1.64528e-06
2.34777e-07
-1.47475e-06
2.5822e-07
-1.29322e-06
2.82447e-07
-1.10048e-06
3.07452e-07
-8.96335e-07
3.33216e-07
-6.80647e-07
3.59709e-07
-4.53298e-07
3.8688e-07
-2.14218e-07
4.1466e-07
3.66162e-08
4.42959e-07
2.99163e-07
4.71669e-07
5.73325e-07
5.00655e-07
8.58924e-07
5.29762e-07
1.15571e-06
5.58812e-07
1.46334e-06
5.876e-07
1.78141e-06
6.15903e-07
2.10938e-06
6.43476e-07
2.44667e-06
6.70069e-07
2.79258e-06
6.95392e-07
3.14631e-06
7.19186e-07
3.50701e-06
7.41173e-07
3.8737e-06
7.61071e-07
4.24538e-06
7.78631e-07
4.62095e-06
7.93614e-07
4.99928e-06
8.05809e-07
5.37918e-06
8.15042e-07
5.75946e-06
8.21178e-07
6.1389e-06
8.24126e-07
6.51629e-06
8.23843e-07
6.89044e-06
8.20336e-07
7.26022e-06
8.1366e-07
7.6245e-06
8.03917e-07
7.98224e-06
7.91254e-07
8.33248e-06
7.75856e-07
8.67432e-06
7.57939e-07
9.00695e-06
7.37745e-07
9.32965e-06
7.15531e-07
9.64178e-06
6.91563e-07
9.94281e-06
6.66109e-07
1.02323e-05
6.39431e-07
1.05098e-05
6.11777e-07
1.07752e-05
5.83381e-07
1.10281e-05
5.54457e-07
1.12684e-05
5.25199e-07
1.1496e-05
4.95778e-07
1.17109e-05
4.66351e-07
1.19131e-05
4.37055e-07
1.21027e-05
4.08014e-07
1.22798e-05
3.79345e-07
1.24445e-05
3.51158e-07
1.2597e-05
3.2356e-07
1.27376e-05
2.96656e-07
1.28667e-05
2.70553e-07
1.29845e-05
2.45357e-07
1.30914e-05
2.21173e-07
1.31879e-05
1.98102e-07
1.32744e-05
1.76237e-07
1.33516e-05
1.55661e-07
1.34198e-05
1.36442e-07
1.34797e-05
1.18627e-07
1.35319e-05
1.02244e-07
1.35769e-05
8.72932e-08
1.36153e-05
7.37523e-08
1.36477e-05
6.1572e-08
1.36746e-05
5.06805e-08
1.36964e-05
4.09852e-08
1.37137e-05
3.23781e-08
1.37268e-05
2.47405e-08
1.37361e-05
1.79482e-08
1.3742e-05
1.18769e-08
1.37447e-05
6.40771e-09
1.37444e-05
1.40981e-09
1.37413e-05
-3.12549e-09
1.37357e-05
-7.35932e-09
1.37277e-05
-1.13126e-08
1.37175e-05
-1.50276e-08
1.37051e-05
-1.85266e-08
1.36907e-05
-2.1819e-08
1.36746e-05
-2.49047e-08
1.36567e-05
-2.77768e-08
1.36372e-05
-3.04258e-08
1.36163e-05
-3.28407e-08
1.35942e-05
-3.50171e-08
1.35708e-05
-3.69403e-08
1.35464e-05
-3.86434e-08
1.35211e-05
-4.00114e-08
1.3495e-05
-4.14216e-08
1.34682e-05
-4.16075e-08
1.34407e-05
-4.46241e-08
1.3413e-05
-3.74919e-08
-6.14945e-08
4.17138e-05
-6.87117e-07
4.13622e-05
-7.59772e-07
4.09781e-05
-8.10386e-07
4.05686e-05
-8.37819e-07
4.01402e-05
-8.49086e-07
3.96982e-05
-8.50236e-07
3.92472e-05
-8.43941e-07
3.87909e-05
-8.3204e-07
3.83322e-05
-8.16777e-07
3.78731e-05
-8.00099e-07
3.7415e-05
-7.83253e-07
3.69587e-05
-7.67101e-07
3.65046e-05
-7.52378e-07
3.60525e-05
-7.39676e-07
3.5602e-05
-7.29438e-07
3.51524e-05
-7.21995e-07
3.47026e-05
-7.17621e-07
3.42514e-05
-7.16544e-07
3.37973e-05
-7.18961e-07
3.33386e-05
-7.25047e-07
3.28733e-05
-7.34964e-07
3.23996e-05
-7.48869e-07
3.1915e-05
-7.66912e-07
3.14172e-05
-7.89237e-07
3.09037e-05
-8.15977e-07
3.03715e-05
-8.47244e-07
2.98177e-05
-8.83124e-07
2.92393e-05
-9.23659e-07
2.86329e-05
-9.68832e-07
2.79952e-05
-1.01855e-06
2.73227e-05
-1.07259e-06
2.66117e-05
-1.13064e-06
2.58589e-05
-1.19217e-06
2.50608e-05
-1.2565e-06
2.42144e-05
-1.32268e-06
2.33168e-05
-1.38953e-06
2.23659e-05
-1.45559e-06
2.13603e-05
-1.51911e-06
2.02997e-05
-1.57806e-06
1.91849e-05
-1.63019e-06
1.80185e-05
-1.6731e-06
1.68046e-05
-1.70431e-06
1.55495e-05
-1.72141e-06
1.42618e-05
-1.72224e-06
1.2952e-05
-1.70504e-06
1.16328e-05
-1.66865e-06
1.03189e-05
-1.61269e-06
9.02603e-06
-1.53765e-06
7.77082e-06
-1.445e-06
6.56962e-06
-1.33714e-06
5.43768e-06
-1.21736e-06
4.38816e-06
-1.08957e-06
3.43131e-06
-9.58072e-07
2.57383e-06
-8.27224e-07
1.81857e-06
-7.01102e-07
1.16459e-06
-5.83218e-07
6.07472e-07
-4.76141e-07
1.40114e-07
-3.81885e-07
-2.46615e-07
-3.01189e-07
-5.63037e-07
-2.34136e-07
-8.19769e-07
-1.80187e-07
-1.02719e-06
-1.38273e-07
-1.19495e-06
-1.07066e-07
-1.33174e-06
-8.51285e-08
-1.44502e-06
-7.08547e-08
-1.54111e-06
-6.29238e-08
-1.62513e-06
-5.9939e-08
-1.70116e-06
-6.07263e-08
-1.77232e-06
-6.42348e-08
-1.84086e-06
-6.95472e-08
-1.90838e-06
-7.59158e-08
-1.97589e-06
-8.2752e-08
-2.04395e-06
-8.95749e-08
-2.11278e-06
-9.6027e-08
-2.18235e-06
-1.0185e-07
-2.25241e-06
-1.06866e-07
-2.32264e-06
-1.10963e-07
-2.39258e-06
-1.14075e-07
-2.46175e-06
-1.16173e-07
-2.52966e-06
-1.17252e-07
-2.5958e-06
-1.17341e-07
-2.6597e-06
-1.16513e-07
-2.7209e-06
-1.14812e-07
-2.77899e-06
-1.12308e-07
-2.83359e-06
-1.09074e-07
-2.88434e-06
-1.0516e-07
-2.93093e-06
-1.00645e-07
-2.97307e-06
-9.55611e-08
-3.01049e-06
-8.99728e-08
-3.04295e-06
-8.39165e-08
-3.07024e-06
-7.74393e-08
-3.09215e-06
-7.05733e-08
-3.1085e-06
-6.33539e-08
-3.11911e-06
-5.58065e-08
-3.12382e-06
-4.79528e-08
-3.12248e-06
-3.98105e-08
-3.11493e-06
-3.13876e-08
-3.10101e-06
-2.26923e-08
-3.08057e-06
-1.37226e-08
-3.05344e-06
-4.47285e-09
-3.01945e-06
5.06436e-09
-2.97843e-06
1.49041e-08
-2.93018e-06
2.50652e-08
-2.87451e-06
3.55674e-08
-2.8112e-06
4.64339e-08
-2.74003e-06
5.76888e-08
-2.66077e-06
6.93563e-08
-2.57317e-06
8.14612e-08
-2.47699e-06
9.40286e-08
-2.37195e-06
1.07081e-07
-2.25781e-06
1.20638e-07
-2.13431e-06
1.34714e-07
-2.00118e-06
1.4932e-07
-1.85819e-06
1.64457e-07
-1.70509e-06
1.80121e-07
-1.54168e-06
1.96302e-07
-1.36778e-06
2.12975e-07
-1.18322e-06
2.30104e-07
-9.87904e-07
2.47641e-07
-7.81758e-07
2.65524e-07
-5.64776e-07
2.83673e-07
-3.37011e-07
3.01997e-07
-9.85856e-08
3.20387e-07
1.50299e-07
3.38715e-07
4.09363e-07
3.56839e-07
6.78233e-07
3.74605e-07
9.56446e-07
3.91857e-07
1.24345e-06
4.08383e-07
1.5386e-06
4.24035e-07
1.84116e-06
4.38619e-07
2.15029e-06
4.51936e-07
2.4651e-06
4.63821e-07
2.78461e-06
4.74109e-07
3.10777e-06
4.82647e-07
3.4335e-06
4.89315e-07
3.76066e-06
4.94012e-07
4.08812e-06
4.96669e-07
4.41472e-06
4.97247e-07
4.73931e-06
4.95744e-07
5.06078e-06
4.92189e-07
5.37805e-06
4.86646e-07
5.6901e-06
4.79206e-07
5.99596e-06
4.69989e-07
6.29477e-06
4.59138e-07
6.5857e-06
4.46812e-07
6.86805e-06
4.33182e-07
7.14118e-06
4.18427e-07
7.40457e-06
4.02724e-07
7.65775e-06
3.86247e-07
7.90036e-06
3.69164e-07
8.13212e-06
3.51629e-07
8.35279e-06
3.33784e-07
8.56223e-06
3.15755e-07
8.76036e-06
2.97654e-07
8.94713e-06
2.79581e-07
9.12256e-06
2.61621e-07
9.28672e-06
2.43853e-07
9.43972e-06
2.26346e-07
9.58171e-06
2.09166e-07
9.7129e-06
1.92376e-07
9.83351e-06
1.76038e-07
9.94385e-06
1.60214e-07
1.00442e-05
1.44967e-07
1.01351e-05
1.30358e-07
1.02167e-05
1.16447e-07
1.02897e-05
1.03292e-07
1.03544e-05
9.09412e-08
1.04114e-05
7.94371e-08
1.04612e-05
6.88092e-08
1.05044e-05
5.90743e-08
1.05414e-05
5.02337e-08
1.05729e-05
4.2273e-08
1.05993e-05
3.5162e-08
1.06211e-05
2.88552e-08
1.06388e-05
2.32941e-08
1.06528e-05
1.84096e-08
1.06634e-05
1.41254e-08
1.0671e-05
1.03613e-08
1.06758e-05
7.03658e-09
1.06782e-05
4.07208e-09
1.06782e-05
1.38158e-09
1.06761e-05
-1.04185e-09
1.06721e-05
-3.2952e-09
1.06662e-05
-5.4066e-09
1.06585e-05
-7.39624e-09
1.06493e-05
-9.28027e-09
1.06385e-05
-1.1064e-08
1.06264e-05
-1.27463e-08
1.06129e-05
-1.43211e-08
1.05983e-05
-1.57799e-08
1.05825e-05
-1.71128e-08
1.05658e-05
-1.8315e-08
1.05483e-05
-1.93697e-08
1.05299e-05
-2.03087e-08
1.05109e-05
-2.10126e-08
1.04914e-05
-2.18496e-08
1.04714e-05
-2.16108e-08
1.04508e-05
-2.40247e-08
1.04305e-05
-1.72582e-08
-3.79476e-08
3.12118e-05
-3.78777e-07
3.08678e-05
-4.15728e-07
3.04955e-05
-4.38142e-07
3.01037e-05
-4.45995e-07
2.96997e-05
-4.45054e-07
2.9289e-05
-4.39612e-07
2.88762e-05
-4.31135e-07
2.84646e-05
-4.20429e-07
2.80565e-05
-4.08669e-07
2.76533e-05
-3.96892e-07
2.72557e-05
-3.85674e-07
2.6864e-05
-3.75354e-07
2.64778e-05
-3.66226e-07
2.60967e-05
-3.58529e-07
2.57197e-05
-3.52423e-07
2.53457e-05
-3.48015e-07
2.49735e-05
-3.45388e-07
2.46015e-05
-3.44612e-07
2.42283e-05
-3.45743e-07
2.38521e-05
-3.48831e-07
2.3471e-05
-3.53923e-07
2.30832e-05
-3.61063e-07
2.26866e-05
-3.70292e-07
2.2279e-05
-3.81649e-07
2.18582e-05
-3.95164e-07
2.14218e-05
-4.10853e-07
2.09674e-05
-4.28715e-07
2.04925e-05
-4.48721e-07
1.99945e-05
-4.70807e-07
1.94708e-05
-4.94857e-07
1.89189e-05
-5.20699e-07
1.83363e-05
-5.48083e-07
1.77208e-05
-5.76672e-07
1.70704e-05
-6.06027e-07
1.63833e-05
-6.35596e-07
1.56584e-05
-6.64702e-07
1.48954e-05
-6.9255e-07
1.40945e-05
-7.18226e-07
1.32572e-05
-7.40721e-07
1.23859e-05
-7.5896e-07
1.14847e-05
-7.71851e-07
1.05587e-05
-7.78343e-07
9.61482e-06
-7.77502e-07
8.66116e-06
-7.68582e-07
7.70723e-06
-7.51109e-07
6.76353e-06
-7.24946e-07
5.84118e-06
-6.90341e-07
4.95148e-06
-6.47956e-07
4.10534e-06
-5.98855e-07
3.31266e-06
-5.44453e-07
2.58178e-06
-4.86485e-07
1.91898e-06
-4.26773e-07
1.32815e-06
-3.67239e-07
8.10609e-07
-3.09687e-07
3.65203e-07
-2.55696e-07
-1.15252e-08
-2.06489e-07
-3.24653e-07
-1.63013e-07
-5.8093e-07
-1.25608e-07
-7.87623e-07
-9.44954e-08
-9.5233e-07
-6.94294e-08
-1.08251e-06
-5.00097e-08
-1.18514e-06
-3.56412e-08
-1.26653e-06
-2.56771e-08
-1.33219e-06
-1.94626e-08
-1.38677e-06
-1.62739e-08
-1.43413e-06
-1.55667e-08
-1.47733e-06
-1.67401e-08
-1.51874e-06
-1.93131e-08
-1.56012e-06
-2.28519e-08
-1.60269e-06
-2.69772e-08
-1.64723e-06
-3.13842e-08
-1.69414e-06
-3.58361e-08
-1.74358e-06
-4.01378e-08
-1.79546e-06
-4.41467e-08
-1.84955e-06
-4.77614e-08
-1.9055e-06
-5.09147e-08
-1.9629e-06
-5.3566e-08
-2.02128e-06
-5.56933e-08
-2.08016e-06
-5.72904e-08
-2.13905e-06
-5.83586e-08
-2.19748e-06
-5.89147e-08
-2.25499e-06
-5.89998e-08
-2.31117e-06
-5.86356e-08
-2.36562e-06
-5.78595e-08
-2.41798e-06
-5.67078e-08
-2.46794e-06
-5.52067e-08
-2.51518e-06
-5.33962e-08
-2.55945e-06
-5.12925e-08
-2.6005e-06
-4.89287e-08
-2.63809e-06
-4.6323e-08
-2.67203e-06
-4.34999e-08
-2.70213e-06
-4.04758e-08
-2.72821e-06
-3.72695e-08
-2.75012e-06
-3.38943e-08
-2.76771e-06
-3.03622e-08
-2.78084e-06
-2.66831e-08
-2.78937e-06
-2.28619e-08
-2.79316e-06
-1.89039e-08
-2.79207e-06
-1.48086e-08
-2.78597e-06
-1.0574e-08
-2.77471e-06
-6.19699e-09
-2.75813e-06
-1.66977e-09
-2.73608e-06
3.01582e-09
-2.70839e-06
7.87085e-09
-2.67486e-06
1.29076e-08
-2.63531e-06
1.8138e-08
-2.58953e-06
2.35757e-08
-2.5373e-06
2.92345e-08
-2.4784e-06
3.51286e-08
-2.41259e-06
4.12717e-08
-2.33963e-06
4.76756e-08
-2.25927e-06
5.43508e-08
-2.17125e-06
6.13054e-08
-2.07534e-06
6.85436e-08
-1.97129e-06
7.60671e-08
-1.85886e-06
8.38744e-08
-1.73784e-06
9.19577e-08
-1.60804e-06
1.00303e-07
-1.46929e-06
1.0889e-07
-1.32146e-06
1.17692e-07
-1.16446e-06
1.26671e-07
-9.98246e-07
1.35787e-07
-8.22845e-07
1.44986e-07
-6.38337e-07
1.54207e-07
-4.44874e-07
1.63377e-07
-2.42689e-07
1.7242e-07
-3.20816e-08
1.81249e-07
1.86521e-07
1.8978e-07
4.1266e-07
1.97897e-07
6.45752e-07
2.05527e-07
8.85145e-07
2.12543e-07
1.1301e-06
2.18871e-07
1.37979e-06
2.24412e-07
1.63336e-06
2.29081e-07
1.88986e-06
2.32812e-07
2.14833e-06
2.35545e-07
2.40776e-06
2.37239e-07
2.66714e-06
2.3787e-07
2.92545e-06
2.37431e-07
3.1817e-06
2.35935e-07
3.43494e-06
2.33413e-07
3.68423e-06
2.29912e-07
3.92873e-06
2.25494e-07
4.16763e-06
2.20235e-07
4.40022e-06
2.14219e-07
4.62586e-06
2.07539e-07
4.844e-06
2.00288e-07
5.05416e-06
1.92564e-07
5.25595e-06
1.8446e-07
5.44905e-06
1.76064e-07
5.63322e-06
1.6746e-07
5.80828e-06
1.5872e-07
5.97412e-06
1.49913e-07
6.13068e-06
1.41094e-07
6.27795e-06
1.32314e-07
6.41596e-06
1.23615e-07
6.54478e-06
1.15033e-07
6.66452e-06
1.066e-07
6.77535e-06
9.83454e-08
6.87743e-06
9.02967e-08
6.97098e-06
8.24806e-08
7.05627e-06
7.49242e-08
7.13358e-06
6.76548e-08
7.20324e-06
6.07002e-08
7.2656e-06
5.4088e-08
7.32105e-06
4.78446e-08
7.37e-06
4.1994e-08
7.41288e-06
3.65568e-08
7.45014e-06
3.15483e-08
7.48223e-06
2.69779e-08
7.50962e-06
2.28476e-08
7.53274e-06
1.91515e-08
7.55203e-06
1.58759e-08
7.56788e-06
1.29992e-08
7.58068e-06
1.04927e-08
7.59077e-06
8.32187e-09
7.59845e-06
6.44804e-09
7.60398e-06
4.82998e-09
7.60759e-06
3.42596e-09
7.60947e-06
2.19334e-09
7.60976e-06
1.08843e-09
7.60863e-06
9.4443e-11
7.60614e-06
-8.11467e-10
7.60241e-06
-1.67578e-09
7.59751e-06
-2.49369e-09
7.59151e-06
-3.27764e-09
7.58447e-06
-4.02977e-09
7.57648e-06
-4.74897e-09
7.56758e-06
-5.43076e-09
7.55787e-06
-6.06941e-09
7.54742e-06
-6.65717e-09
7.53629e-06
-7.19116e-09
7.52458e-06
-7.65508e-09
7.51235e-06
-8.07949e-09
7.49969e-06
-8.35081e-09
7.48665e-06
-8.8064e-09
7.47341e-06
-8.37727e-09
7.45963e-06
-1.02372e-08
7.44696e-06
-4.59626e-09
-1.99343e-08
1.94721e-05
-1.21963e-07
1.91893e-05
-1.32849e-07
1.88884e-05
-1.37278e-07
1.85786e-05
-1.36155e-07
1.82663e-05
-1.32776e-07
1.79555e-05
-1.28878e-07
1.7649e-05
-1.24602e-07
1.73485e-05
-1.19954e-07
1.70552e-05
-1.1528e-07
1.67692e-05
-1.10906e-07
1.64904e-05
-1.06946e-07
1.62185e-05
-1.03436e-07
1.59527e-05
-1.00426e-07
1.56922e-05
-9.79629e-08
1.54358e-05
-9.60674e-08
1.51825e-05
-9.47463e-08
1.49311e-05
-9.40048e-08
1.46804e-05
-9.38473e-08
1.44289e-05
-9.42763e-08
1.41754e-05
-9.52934e-08
1.39184e-05
-9.69004e-08
1.36564e-05
-9.9099e-08
1.3388e-05
-1.0189e-07
1.31116e-05
-1.05274e-07
1.28257e-05
-1.09246e-07
1.25286e-05
-1.13798e-07
1.22188e-05
-1.18913e-07
1.18947e-05
-1.24567e-07
1.15546e-05
-1.3072e-07
1.11971e-05
-1.3732e-07
1.08207e-05
-1.44291e-07
1.04241e-05
-1.51538e-07
1.00064e-05
-1.58936e-07
9.56668e-06
-1.66336e-07
9.10464e-06
-1.73555e-07
8.62032e-06
-1.80381e-07
8.11434e-06
-1.86575e-07
7.58799e-06
-1.91876e-07
7.04328e-06
-1.9601e-07
6.48302e-06
-1.98704e-07
5.91087e-06
-1.99698e-07
5.33129e-06
-1.98768e-07
4.74953e-06
-1.95741e-07
4.17147e-06
-1.90518e-07
3.60344e-06
-1.83084e-07
3.05203e-06
-1.73527e-07
2.52372e-06
-1.62034e-07
2.02465e-06
-1.48889e-07
1.56026e-06
-1.34464e-07
1.13499e-06
-1.19184e-07
7.52079e-07
-1.03574e-07
4.13348e-07
-8.80417e-08
1.19193e-07
-7.3083e-08
-1.31406e-07
-5.9088e-08
-3.40727e-07
-4.63755e-08
-5.12054e-07
-3.51615e-08
-6.49467e-07
-2.5601e-08
-7.57403e-07
-1.76718e-08
-8.40531e-07
-1.13674e-08
-9.03405e-07
-6.55567e-09
-9.50317e-07
-3.09714e-09
-9.8515e-07
-8.08795e-10
-1.01131e-06
4.85813e-10
-1.03173e-06
9.5174e-10
-1.04878e-06
7.76812e-10
-1.06442e-06
7.89614e-11
-1.08017e-06
-9.93341e-10
-1.09715e-06
-2.33321e-09
-1.11616e-06
-3.8421e-09
-1.1377e-06
-5.43278e-09
-1.16205e-06
-7.03671e-09
-1.18929e-06
-8.60247e-09
-1.21934e-06
-1.00863e-08
-1.25203e-06
-1.14574e-08
-1.28709e-06
-1.26945e-08
-1.32422e-06
-1.3784e-08
-1.36307e-06
-1.47188e-08
-1.40327e-06
-1.54955e-08
-1.44444e-06
-1.61147e-08
-1.48623e-06
-1.65775e-08
-1.52825e-06
-1.68887e-08
-1.57019e-06
-1.70622e-08
-1.61172e-06
-1.71033e-08
-1.65256e-06
-1.70237e-08
-1.69243e-06
-1.6834e-08
-1.7311e-06
-1.65411e-08
-1.76833e-06
-1.61577e-08
-1.80394e-06
-1.56873e-08
-1.83773e-06
-1.51403e-08
-1.86953e-06
-1.45216e-08
-1.89919e-06
-1.38386e-08
-1.92657e-06
-1.30958e-08
-1.95154e-06
-1.22991e-08
-1.97398e-06
-1.14525e-08
-1.99379e-06
-1.05598e-08
-2.01084e-06
-9.62405e-09
-2.02506e-06
-8.64697e-09
-2.03633e-06
-7.63057e-09
-2.04457e-06
-6.57479e-09
-2.04966e-06
-5.47955e-09
-2.05151e-06
-4.34386e-09
-2.05002e-06
-3.16591e-09
-2.04506e-06
-1.94302e-09
-2.03651e-06
-6.73267e-10
-2.02426e-06
6.50159e-10
-2.00815e-06
2.02665e-09
-1.98803e-06
3.46355e-09
-1.96376e-06
4.964e-09
-1.93517e-06
6.53282e-09
-1.90207e-06
8.17455e-09
-1.86429e-06
9.89334e-09
-1.82163e-06
1.1693e-08
-1.7739e-06
1.35769e-08
-1.72091e-06
1.5547e-08
-1.66244e-06
1.76052e-08
-1.59832e-06
1.97521e-08
-1.52835e-06
2.19868e-08
-1.45235e-06
2.43068e-08
-1.37017e-06
2.67073e-08
-1.28166e-06
2.9182e-08
-1.18671e-06
3.17217e-08
-1.08524e-06
3.43156e-08
-9.77204e-07
3.69494e-08
-8.62603e-07
3.96061e-08
-7.41492e-07
4.22652e-08
-6.13977e-07
4.49052e-08
-4.80228e-07
4.75004e-08
-3.40474e-07
5.00258e-08
-1.95023e-07
5.24459e-08
-4.42339e-08
5.47383e-08
1.11441e-07
5.68683e-08
2.71506e-07
5.88053e-08
4.35395e-07
6.05237e-08
6.02486e-07
6.199e-08
7.7211e-07
6.31881e-08
9.43559e-07
6.40956e-08
1.1161e-06
6.46976e-08
1.28898e-06
6.49852e-08
1.46146e-06
6.4955e-08
1.63279e-06
6.46097e-08
1.80224e-06
6.39577e-08
1.96914e-06
6.3013e-08
2.13284e-06
6.17945e-08
2.29275e-06
6.03253e-08
2.44834e-06
5.8632e-08
2.59913e-06
5.67433e-08
2.74473e-06
5.46894e-08
2.8848e-06
5.25005e-08
3.01905e-06
5.02062e-08
3.14728e-06
4.78344e-08
3.26933e-06
4.54108e-08
3.38509e-06
4.29586e-08
3.4945e-06
4.04977e-08
3.59755e-06
3.8045e-08
3.69425e-06
3.56146e-08
3.78465e-06
3.3218e-08
3.86882e-06
3.08642e-08
3.94686e-06
2.85609e-08
4.01889e-06
2.63145e-08
4.08505e-06
2.41306e-08
4.14552e-06
2.20147e-08
4.20047e-06
1.99725e-08
4.25012e-06
1.801e-08
4.29468e-06
1.61336e-08
4.33442e-06
1.43501e-08
4.3696e-06
1.26663e-08
4.4005e-06
1.1089e-08
4.42744e-06
9.62426e-09
4.45071e-06
8.27719e-09
4.47064e-06
7.05135e-09
4.48753e-06
5.94853e-09
4.50172e-06
4.96822e-09
4.51349e-06
4.10763e-09
4.52312e-06
3.36158e-09
4.53089e-06
2.72251e-09
4.53703e-06
2.1809e-09
4.54176e-06
1.72565e-09
4.54524e-06
1.34453e-09
4.54764e-06
1.02507e-09
4.54908e-06
7.53593e-10
4.54966e-06
5.15507e-10
4.54944e-06
3.06263e-10
4.54851e-06
1.17802e-10
4.54691e-06
-6.59245e-11
4.54465e-06
-2.41712e-10
4.54179e-06
-4.15846e-10
4.53835e-06
-5.88326e-10
4.53436e-06
-7.58719e-10
4.52985e-06
-9.25168e-10
4.52487e-06
-1.08537e-09
4.51945e-06
-1.23569e-09
4.51363e-06
-1.37544e-09
4.50747e-06
-1.49477e-09
4.50101e-06
-1.61365e-09
4.49432e-06
-1.66073e-09
4.48736e-06
-1.84535e-09
4.4805e-06
-1.52359e-09
4.47283e-06
-2.56741e-09
4.46762e-06
6.18663e-10
-6.90952e-09
6.73634e-06
6.60349e-06
6.46621e-06
6.33006e-06
6.19728e-06
6.0684e-06
5.9438e-06
5.82385e-06
5.70857e-06
5.59766e-06
5.49071e-06
5.38728e-06
5.28685e-06
5.18889e-06
5.09282e-06
4.99808e-06
4.90407e-06
4.81022e-06
4.71595e-06
4.62065e-06
4.52375e-06
4.42465e-06
4.32276e-06
4.21749e-06
4.10824e-06
3.99445e-06
3.87553e-06
3.75097e-06
3.62025e-06
3.48293e-06
3.33864e-06
3.1871e-06
3.02816e-06
2.86183e-06
2.68827e-06
2.50789e-06
2.32132e-06
2.12944e-06
1.93343e-06
1.73473e-06
1.53503e-06
1.33626e-06
1.14052e-06
9.50001e-07
7.66917e-07
5.93389e-07
4.31356e-07
2.82467e-07
1.48003e-07
2.88195e-08
-7.47542e-08
-1.62796e-07
-2.35879e-07
-2.94967e-07
-3.41342e-07
-3.76504e-07
-4.02105e-07
-4.19777e-07
-4.31144e-07
-4.377e-07
-4.40797e-07
-4.41606e-07
-4.4112e-07
-4.40168e-07
-4.39392e-07
-4.39312e-07
-4.40306e-07
-4.42639e-07
-4.46481e-07
-4.51914e-07
-4.58951e-07
-4.67553e-07
-4.77639e-07
-4.89097e-07
-5.01791e-07
-5.15575e-07
-5.30294e-07
-5.4579e-07
-5.61904e-07
-5.78482e-07
-5.9537e-07
-6.12433e-07
-6.29536e-07
-6.4656e-07
-6.63394e-07
-6.79935e-07
-6.96093e-07
-7.1178e-07
-7.2692e-07
-7.41442e-07
-7.5528e-07
-7.68376e-07
-7.80675e-07
-7.92128e-07
-8.02687e-07
-8.12311e-07
-8.20958e-07
-8.28589e-07
-8.35164e-07
-8.40643e-07
-8.44987e-07
-8.48153e-07
-8.50096e-07
-8.50769e-07
-8.50119e-07
-8.48093e-07
-8.44629e-07
-8.39665e-07
-8.33132e-07
-8.24958e-07
-8.15064e-07
-8.03371e-07
-7.89795e-07
-7.74247e-07
-7.56642e-07
-7.3689e-07
-7.14903e-07
-6.90597e-07
-6.63889e-07
-6.34707e-07
-6.02986e-07
-5.6867e-07
-5.31721e-07
-4.92114e-07
-4.49849e-07
-4.04944e-07
-3.57444e-07
-3.07418e-07
-2.54972e-07
-2.00234e-07
-1.43366e-07
-8.45603e-08
-2.40367e-08
3.79533e-08
1.01141e-07
1.65237e-07
2.29934e-07
2.9492e-07
3.59875e-07
4.24484e-07
4.88442e-07
5.51455e-07
6.1325e-07
6.73575e-07
7.32207e-07
7.8895e-07
8.4364e-07
8.9614e-07
9.46346e-07
9.94181e-07
1.03959e-06
1.08255e-06
1.12305e-06
1.16109e-06
1.19671e-06
1.22993e-06
1.26079e-06
1.28935e-06
1.31567e-06
1.3398e-06
1.36181e-06
1.38178e-06
1.39979e-06
1.41593e-06
1.43028e-06
1.44294e-06
1.45403e-06
1.46366e-06
1.47193e-06
1.47898e-06
1.48493e-06
1.4899e-06
1.49401e-06
1.49737e-06
1.50009e-06
1.50227e-06
1.504e-06
1.50534e-06
1.50637e-06
1.50712e-06
1.50764e-06
1.50794e-06
1.50806e-06
1.508e-06
1.50775e-06
1.50734e-06
1.50675e-06
1.50599e-06
1.50507e-06
1.50398e-06
1.50275e-06
1.50137e-06
1.49988e-06
1.49826e-06
1.4966e-06
1.49476e-06
1.49323e-06
1.49066e-06
1.49128e-06
-3.37324e-10
3.37324e-10
-2.97765e-08
2.94394e-08
-6.47393e-08
3.49627e-08
-1.01536e-07
3.67964e-08
-1.38464e-07
3.69281e-08
-1.75992e-07
3.75285e-08
-2.13874e-07
3.7882e-08
-2.51933e-07
3.80592e-08
-2.89982e-07
3.80484e-08
-3.27891e-07
3.79095e-08
-3.6557e-07
3.76792e-08
-4.02958e-07
3.73873e-08
-4.40012e-07
3.70545e-08
-4.76709e-07
3.66961e-08
-5.13032e-07
3.63238e-08
-5.48979e-07
3.59466e-08
-5.84551e-07
3.55722e-08
-6.19759e-07
3.52081e-08
-6.54621e-07
3.48616e-08
-6.8916e-07
3.4539e-08
-7.23407e-07
3.42472e-08
-7.57401e-07
3.39939e-08
-7.91189e-07
3.37877e-08
-8.24827e-07
3.36381e-08
-8.58383e-07
3.35559e-08
-8.91937e-07
3.35545e-08
-9.25588e-07
3.36507e-08
-9.59452e-07
3.38647e-08
-9.93674e-07
3.42212e-08
-1.02842e-06
3.47507e-08
-1.06391e-06
3.54864e-08
-1.10038e-06
3.64654e-08
-1.1381e-06
3.77252e-08
-1.1774e-06
3.92979e-08
-1.21861e-06
4.1211e-08
-1.2621e-06
4.34892e-08
-1.30826e-06
4.61599e-08
-1.35753e-06
4.92685e-08
-1.41045e-06
5.29209e-08
-1.46777e-06
5.73215e-08
-1.53058e-06
6.28128e-08
-1.60052e-06
6.99359e-08
-1.67997e-06
7.94472e-08
-1.77223e-06
9.22637e-08
-1.88157e-06
1.09343e-07
-2.01304e-06
1.31463e-07
-2.17188e-06
1.58848e-07
-2.36264e-06
1.90756e-07
-2.58782e-06
2.25186e-07
-2.84646e-06
2.58632e-07
-3.13257e-06
2.86114e-07
-3.43442e-06
3.0185e-07
-3.73472e-06
3.00295e-07
-4.01149e-06
2.76777e-07
-4.23988e-06
2.28389e-07
-4.3946e-06
1.54723e-07
-4.45261e-06
5.8007e-08
-4.39461e-06
-5.79982e-08
-4.20818e-06
-1.86437e-07
-3.88885e-06
-3.19329e-07
-3.43906e-06
-4.49787e-07
-2.87287e-06
-5.66185e-07
-2.20843e-06
-6.64445e-07
-1.472e-06
-7.36426e-07
-6.92286e-07
-7.79717e-07
1.00847e-07
-7.93134e-07
8.77858e-07
-7.77011e-07
1.61252e-06
-7.34663e-07
2.28437e-06
-6.71849e-07
2.87877e-06
-5.94398e-07
3.38702e-06
-5.08251e-07
3.80595e-06
-4.18931e-07
4.13707e-06
-3.31122e-07
4.38551e-06
-2.48443e-07
4.5589e-06
-1.73383e-07
4.6663e-06
-1.07407e-07
4.71768e-06
-5.1371e-08
4.72147e-06
-3.79645e-09
4.68759e-06
3.38769e-08
4.62415e-06
6.34416e-08
4.53767e-06
8.64874e-08
4.43421e-06
1.03456e-07
4.31868e-06
1.15532e-07
4.19506e-06
1.23615e-07
4.06656e-06
1.28504e-07
3.93565e-06
1.30913e-07
3.80421e-06
1.31431e-07
3.67368e-06
1.30538e-07
3.54506e-06
1.28619e-07
3.41907e-06
1.25984e-07
3.2962e-06
1.22871e-07
3.17674e-06
1.19466e-07
3.06083e-06
1.15906e-07
2.94853e-06
1.12296e-07
2.83982e-06
1.0871e-07
2.73463e-06
1.05198e-07
2.63283e-06
1.01795e-07
2.53431e-06
9.85218e-08
2.43892e-06
9.53871e-08
2.34653e-06
9.23934e-08
2.25699e-06
8.95374e-08
2.17018e-06
8.68111e-08
2.08598e-06
8.42039e-08
2.00427e-06
8.17034e-08
1.92498e-06
7.92966e-08
1.84801e-06
7.69695e-08
1.7733e-06
7.4708e-08
1.7008e-06
7.24988e-08
1.63047e-06
7.03296e-08
1.56228e-06
6.81887e-08
1.49622e-06
6.60655e-08
1.43227e-06
6.3951e-08
1.37043e-06
6.18375e-08
1.31071e-06
5.9719e-08
1.25312e-06
5.75908e-08
1.19767e-06
5.54496e-08
1.14437e-06
5.32939e-08
1.09325e-06
5.11239e-08
1.04431e-06
4.89402e-08
9.97566e-07
4.67452e-08
9.53023e-07
4.45428e-08
9.10685e-07
4.23373e-08
8.70552e-07
4.01335e-08
8.32614e-07
3.79375e-08
7.96858e-07
3.57559e-08
7.63264e-07
3.35945e-08
7.31804e-07
3.14601e-08
7.02445e-07
2.9359e-08
6.75148e-07
2.7297e-08
6.49868e-07
2.52795e-08
6.26557e-07
2.33112e-08
6.05161e-07
2.13959e-08
5.85625e-07
1.95362e-08
5.67891e-07
1.77339e-08
5.51902e-07
1.59894e-08
5.37599e-07
1.43025e-08
5.24927e-07
1.26717e-08
5.13832e-07
1.10949e-08
5.04263e-07
9.56974e-09
4.96169e-07
8.0938e-09
4.89504e-07
6.66503e-09
4.84222e-07
5.282e-09
4.80278e-07
3.9444e-09
4.77625e-07
2.65286e-09
4.76215e-07
1.4097e-09
4.75994e-07
2.21009e-10
4.76912e-07
-9.17772e-10
4.78908e-07
-1.99638e-09
4.81912e-07
-3.00411e-09
4.85859e-07
-3.94709e-09
4.90689e-07
-4.82955e-09
4.96311e-07
-5.62183e-09
5.02666e-07
-6.35586e-09
5.09688e-07
-7.02133e-09
5.17312e-07
-7.62423e-09
5.25485e-07
-8.17309e-09
5.34164e-07
-8.67904e-09
5.43316e-07
-9.15151e-09
5.52916e-07
-9.60062e-09
5.62952e-07
-1.0036e-08
5.73421e-07
-1.04684e-08
5.84326e-07
-1.09056e-08
5.95679e-07
-1.13526e-08
6.0749e-07
-1.18113e-08
6.19771e-07
-1.22811e-08
6.32529e-07
-1.27582e-08
6.45766e-07
-1.32365e-08
6.59473e-07
-1.37076e-08
6.73635e-07
-1.41619e-08
6.88224e-07
-1.45892e-08
7.03204e-07
-1.49795e-08
7.18528e-07
-1.53243e-08
7.34145e-07
-1.56167e-08
7.49997e-07
-1.58522e-08
7.66027e-07
-1.60293e-08
7.82176e-07
-1.61493e-08
7.98392e-07
-1.6216e-08
8.14628e-07
-1.62359e-08
8.30845e-07
-1.62169e-08
8.47013e-07
-1.61686e-08
8.63114e-07
-1.61007e-08
8.79137e-07
-1.60226e-08
8.9508e-07
-1.59432e-08
9.1095e-07
-1.58694e-08
9.26756e-07
-1.58067e-08
9.42515e-07
-1.57585e-08
9.58241e-07
-1.57261e-08
9.7395e-07
-1.57092e-08
9.89656e-07
-1.57057e-08
1.00537e-06
-1.57129e-08
1.0211e-06
-1.57264e-08
1.03684e-06
-1.57457e-08
1.0526e-06
-1.57567e-08
1.06839e-06
-1.57934e-08
1.08412e-06
-1.57307e-08
1.10009e-06
-1.59696e-08
1.11526e-06
-1.51676e-08
1.13275e-06
-1.74953e-08
1.14184e-06
-9.08772e-09
-3.00321e-08
-1.96656e-08
2.00027e-08
-1.06294e-07
1.16068e-07
-2.09236e-07
1.37905e-07
-3.162e-07
1.43761e-07
-4.23716e-07
1.44444e-07
-5.317e-07
1.45512e-07
-6.39685e-07
1.45867e-07
-7.47241e-07
1.45615e-07
-8.53989e-07
1.44796e-07
-9.59671e-07
1.43591e-07
-1.06412e-06
1.42126e-07
-1.16723e-06
1.40498e-07
-1.26895e-06
1.38774e-07
-1.36926e-06
1.37004e-07
-1.46816e-06
1.35225e-07
-1.56568e-06
1.33466e-07
-1.66186e-06
1.31752e-07
-1.75676e-06
1.30109e-07
-1.85046e-06
1.28559e-07
-1.94304e-06
1.27125e-07
-2.03463e-06
1.25831e-07
-2.12534e-06
1.24705e-07
-2.21533e-06
1.23778e-07
-2.30477e-06
1.23084e-07
-2.39388e-06
1.22664e-07
-2.48289e-06
1.22568e-07
-2.5721e-06
1.22856e-07
-2.66184e-06
1.23602e-07
-2.75251e-06
1.24896e-07
-2.8446e-06
1.26842e-07
-2.93867e-06
1.29554e-07
-3.03536e-06
1.33156e-07
-3.1354e-06
1.37767e-07
-3.2396e-06
1.43494e-07
-3.34882e-06
1.50427e-07
-3.46399e-06
1.58661e-07
-3.58615e-06
1.68317e-07
-3.71649e-06
1.79612e-07
-3.85655e-06
1.92985e-07
-4.00845e-06
2.09218e-07
-4.17518e-06
2.29542e-07
-4.36101e-06
2.55762e-07
-4.57176e-06
2.90205e-07
-4.81493e-06
3.35427e-07
-5.09923e-06
3.93652e-07
-5.43367e-06
4.65896e-07
-5.82555e-06
5.50728e-07
-6.27788e-06
6.43084e-07
-6.78636e-06
7.33672e-07
-7.33673e-06
8.09003e-07
-7.90319e-06
8.52575e-07
-8.44911e-06
8.47768e-07
-8.93007e-06
7.81255e-07
-9.29816e-06
6.44861e-07
-9.50686e-06
4.37095e-07
-9.51604e-06
1.63904e-07
-9.29624e-06
-1.61794e-07
-8.83053e-06
-5.2371e-07
-8.11516e-06
-9.01806e-07
-7.15952e-06
-1.27497e-06
-5.98272e-06
-1.62659e-06
-4.61837e-06
-1.93053e-06
-3.10381e-06
-2.17901e-06
-1.48493e-06
-2.35531e-06
1.91447e-07
-2.45609e-06
1.87574e-06
-2.47742e-06
3.52157e-06
-2.42284e-06
5.08915e-06
-2.30225e-06
6.54516e-06
-2.12786e-06
7.86408e-06
-1.91332e-06
9.02852e-06
-1.67269e-06
1.00289e-05
-1.41931e-06
1.08628e-05
-1.16499e-06
1.15337e-05
-9.19385e-07
1.20502e-05
-6.89843e-07
1.24242e-05
-4.81407e-07
1.26697e-05
-2.96898e-07
1.28032e-05
-1.37324e-07
1.28382e-05
-1.12844e-09
1.27928e-05
1.08826e-07
1.26799e-05
1.99471e-07
1.25127e-05
2.70637e-07
1.23028e-05
3.25444e-07
1.20601e-05
3.66301e-07
1.17931e-05
3.95511e-07
1.15088e-05
4.15218e-07
1.12129e-05
4.27297e-07
1.09101e-05
4.33352e-07
1.0604e-05
4.34735e-07
1.02974e-05
4.32569e-07
9.99249e-06
4.27769e-07
9.69088e-06
4.21074e-07
9.39372e-06
4.13067e-07
9.10181e-06
4.04206e-07
8.81568e-06
3.94843e-07
8.53563e-06
3.85241e-07
8.26183e-06
3.75595e-07
7.99431e-06
3.66042e-07
7.73302e-06
3.56675e-07
7.47787e-06
3.47552e-07
7.2287e-06
3.38701e-07
6.98538e-06
3.3013e-07
6.74775e-06
3.21833e-07
6.51567e-06
3.1379e-07
6.28899e-06
3.05972e-07
6.06762e-06
2.98347e-07
5.85145e-06
2.90877e-07
5.64042e-06
2.83523e-07
5.4345e-06
2.76249e-07
5.23368e-06
2.69016e-07
5.03795e-06
2.61791e-07
4.84736e-06
2.54542e-07
4.66195e-06
2.47243e-07
4.4818e-06
2.3987e-07
4.30699e-06
2.32406e-07
4.1376e-06
2.24839e-07
3.97373e-06
2.17159e-07
3.81549e-06
2.09366e-07
3.66297e-06
2.01461e-07
3.51626e-06
1.93452e-07
3.37545e-06
1.85351e-07
3.24062e-06
1.77174e-07
3.11181e-06
1.6894e-07
2.98908e-06
1.6067e-07
2.87245e-06
1.52389e-07
2.76192e-06
1.44123e-07
2.65748e-06
1.35897e-07
2.5591e-06
1.27739e-07
2.46672e-06
1.19673e-07
2.38028e-06
1.11723e-07
2.29968e-06
1.03911e-07
2.22482e-06
9.62557e-08
2.15558e-06
8.87722e-08
2.09185e-06
8.14725e-08
2.03347e-06
7.43649e-08
1.98032e-06
6.74542e-08
1.93225e-06
6.07423e-08
1.88911e-06
5.42288e-08
1.85077e-06
4.79121e-08
1.81708e-06
4.17905e-08
1.78788e-06
3.58627e-08
1.76303e-06
3.01297e-08
1.74238e-06
2.45946e-08
1.72577e-06
1.92636e-08
1.71303e-06
1.4145e-08
1.704e-06
9.25415e-09
1.69848e-06
4.59946e-09
1.69632e-06
1.66162e-10
1.69728e-06
-3.959e-09
1.70118e-06
-7.84949e-09
1.70783e-06
-1.14861e-08
1.71703e-06
-1.48143e-08
1.72859e-06
-1.79143e-08
1.74234e-06
-2.07713e-08
1.75812e-06
-2.34085e-08
1.7758e-06
-2.58545e-08
1.79527e-06
-2.81458e-08
1.81643e-06
-3.03144e-08
1.83922e-06
-3.23914e-08
1.86359e-06
-3.44053e-08
1.88951e-06
-3.63856e-08
1.91695e-06
-3.83521e-08
1.94592e-06
-4.03157e-08
1.97638e-06
-4.22785e-08
2.00834e-06
-4.4234e-08
2.04175e-06
-4.61676e-08
2.07657e-06
-4.8058e-08
2.11274e-06
-4.9879e-08
2.15018e-06
-5.16016e-08
2.18879e-06
-5.3197e-08
2.22845e-06
-5.46385e-08
2.26903e-06
-5.59044e-08
2.31039e-06
-5.69796e-08
2.35239e-06
-5.78566e-08
2.3949e-06
-5.85366e-08
2.43778e-06
-5.90292e-08
2.48092e-06
-5.93514e-08
2.52421e-06
-5.95264e-08
2.56757e-06
-5.95819e-08
2.61095e-06
-5.95477e-08
2.6543e-06
-5.94542e-08
2.69761e-06
-5.93294e-08
2.74087e-06
-5.9198e-08
2.78408e-06
-5.90798e-08
2.82726e-06
-5.89888e-08
2.87043e-06
-5.89328e-08
2.91362e-06
-5.89143e-08
2.95684e-06
-5.89304e-08
3.00011e-06
-5.89746e-08
3.04344e-06
-5.90381e-08
3.08682e-06
-5.91096e-08
3.13026e-06
-5.91842e-08
3.17374e-06
-5.92377e-08
3.21727e-06
-5.93199e-08
3.26077e-06
-5.9239e-08
3.30441e-06
-5.96103e-08
3.34756e-06
-5.83126e-08
3.39201e-06
-6.19499e-08
3.43075e-06
-4.78217e-08
-8.66952e-08
-5.28877e-08
7.28903e-08
-1.97251e-07
2.60432e-07
-3.66442e-07
3.07096e-07
-5.40465e-07
3.17783e-07
-7.14549e-07
3.18529e-07
-8.8779e-07
3.18753e-07
-1.05959e-06
3.17665e-07
-1.22941e-06
3.15435e-07
-1.39685e-06
3.12236e-07
-1.56165e-06
3.08399e-07
-1.72369e-06
3.04165e-07
-1.88291e-06
2.99714e-07
-2.0393e-06
2.95168e-07
-2.19292e-06
2.90616e-07
-2.34382e-06
2.86124e-07
-2.49209e-06
2.81743e-07
-2.63786e-06
2.77522e-07
-2.78126e-06
2.73505e-07
-2.92243e-06
2.69735e-07
-3.06157e-06
2.66257e-07
-3.19886e-06
2.63119e-07
-3.33453e-06
2.60376e-07
-3.46884e-06
2.58088e-07
-3.60208e-06
2.56328e-07
-3.73459e-06
2.55178e-07
-3.86677e-06
2.54742e-07
-3.99905e-06
2.55143e-07
-4.13198e-06
2.56529e-07
-4.26616e-06
2.59079e-07
-4.40232e-06
2.62997e-07
-4.54127e-06
2.68502e-07
-4.68393e-06
2.75823e-07
-4.83135e-06
2.85182e-07
-4.98463e-06
2.96772e-07
-5.14496e-06
3.10764e-07
-5.31365e-06
3.27348e-07
-5.49212e-06
3.46792e-07
-5.68209e-06
3.69573e-07
-5.88571e-06
3.9661e-07
-6.10595e-06
4.29456e-07
-6.34685e-06
4.70442e-07
-6.61386e-06
5.22777e-07
-6.91395e-06
5.90291e-07
-7.2552e-06
6.76675e-07
-7.64577e-06
7.84229e-07
-8.09194e-06
9.12066e-07
-8.59516e-06
1.05394e-06
-9.14863e-06
1.19656e-06
-9.7343e-06
1.31934e-06
-1.03212e-05
1.3959e-06
-1.08662e-05
1.39762e-06
-1.13179e-05
1.29942e-06
-1.16221e-05
1.08546e-06
-1.17284e-05
7.51122e-07
-1.1595e-05
3.03748e-07
-1.11944e-05
-2.3669e-07
-1.05139e-05
-8.42296e-07
-9.5532e-06
-1.48442e-06
-8.32348e-06
-2.13153e-06
-6.84765e-06
-2.7508e-06
-5.15459e-06
-3.31965e-06
-3.28631e-06
-3.79881e-06
-1.28348e-06
-4.18184e-06
8.04286e-07
-4.44307e-06
2.92772e-06
-4.57952e-06
5.03884e-06
-4.58855e-06
7.09395e-06
-4.47795e-06
9.05415e-06
-4.26244e-06
1.08869e-05
-3.96059e-06
1.25668e-05
-3.59319e-06
1.40757e-05
-3.1816e-06
1.54026e-05
-2.74621e-06
1.65428e-05
-2.30525e-06
1.74975e-05
-1.87404e-06
1.82723e-05
-1.46461e-06
1.88765e-05
-1.08568e-06
1.93225e-05
-7.42849e-07
1.96241e-05
-4.38896e-07
1.97972e-05
-1.74232e-07
1.98555e-05
5.04551e-08
1.98157e-05
2.39292e-07
1.96919e-05
3.94497e-07
1.94978e-05
5.19492e-07
1.92461e-05
6.18042e-07
1.89478e-05
6.93802e-07
1.86127e-05
7.50289e-07
1.82493e-05
7.90732e-07
1.78646e-05
8.18007e-07
1.74647e-05
8.34635e-07
1.70545e-05
8.42783e-07
1.6638e-05
8.44286e-07
1.62184e-05
8.40675e-07
1.57982e-05
8.3321e-07
1.53795e-05
8.22914e-07
1.49638e-05
8.10605e-07
1.45521e-05
7.96929e-07
1.41453e-05
7.82387e-07
1.3744e-05
7.67358e-07
1.33485e-05
7.52122e-07
1.29592e-05
7.36878e-07
1.25761e-05
7.21759e-07
1.21994e-05
7.06844e-07
1.18291e-05
6.92175e-07
1.14651e-05
6.77755e-07
1.11075e-05
6.63569e-07
1.07563e-05
6.49578e-07
1.04114e-05
6.35734e-07
1.0073e-05
6.21978e-07
9.74099e-06
6.08247e-07
9.41552e-06
5.94479e-07
9.0967e-06
5.8061e-07
8.78467e-06
5.66581e-07
8.47957e-06
5.52339e-07
8.1816e-06
5.37838e-07
7.89097e-06
5.2304e-07
7.60789e-06
5.07918e-07
7.3326e-06
4.92451e-07
7.06533e-06
4.76633e-07
6.80632e-06
4.60466e-07
6.55582e-06
4.43962e-07
6.31402e-06
4.27142e-07
6.08116e-06
4.1004e-07
5.85741e-06
3.92693e-07
5.64293e-06
3.75148e-07
5.43786e-06
3.57457e-07
5.2423e-06
3.39678e-07
5.05633e-06
3.21869e-07
4.87998e-06
3.0409e-07
4.71325e-06
2.86401e-07
4.55612e-06
2.6886e-07
4.40851e-06
2.5152e-07
4.27033e-06
2.34432e-07
4.14147e-06
2.17636e-07
4.02177e-06
2.0117e-07
3.91107e-06
1.85063e-07
3.80919e-06
1.69337e-07
3.71592e-06
1.5401e-07
3.63106e-06
1.39092e-07
3.55438e-06
1.24592e-07
3.48565e-06
1.10519e-07
3.42463e-06
9.68799e-08
3.37108e-06
8.36848e-08
3.32472e-06
7.0947e-08
3.28531e-06
5.86833e-08
3.25254e-06
4.69136e-08
3.22613e-06
3.56632e-08
3.20578e-06
2.49491e-08
3.19116e-06
1.47851e-08
3.18198e-06
5.21605e-09
3.17791e-06
-3.7776e-09
3.17866e-06
-1.22347e-08
3.18388e-06
-2.00293e-08
3.1933e-06
-2.73398e-08
3.20666e-06
-3.41321e-08
3.22371e-06
-4.04589e-08
3.24423e-06
-4.63764e-08
3.26804e-06
-5.19537e-08
3.29498e-06
-5.72519e-08
3.32492e-06
-6.23293e-08
3.35775e-06
-6.72361e-08
3.39339e-06
-7.20237e-08
3.43176e-06
-7.6725e-08
3.4728e-06
-8.13563e-08
3.51644e-06
-8.59179e-08
3.5626e-06
-9.03949e-08
3.61119e-06
-9.47586e-08
3.6621e-06
-9.89695e-08
3.7152e-06
-1.0298e-07
3.77034e-06
-1.0674e-07
3.82734e-06
-1.102e-07
3.88602e-06
-1.13318e-07
3.94618e-06
-1.1606e-07
4.00761e-06
-1.18405e-07
4.0701e-06
-1.20349e-07
4.13346e-06
-1.21899e-07
4.19751e-06
-1.23081e-07
4.26209e-06
-1.23931e-07
4.32706e-06
-1.24497e-07
4.39231e-06
-1.24832e-07
4.45776e-06
-1.24993e-07
4.52334e-06
-1.25036e-07
4.58902e-06
-1.25013e-07
4.65479e-06
-1.24966e-07
4.72064e-06
-1.24932e-07
4.78659e-06
-1.24932e-07
4.85263e-06
-1.2498e-07
4.9188e-06
-1.25079e-07
4.98509e-06
-1.25222e-07
5.05151e-06
-1.25399e-07
5.11807e-06
-1.25592e-07
5.18474e-06
-1.25785e-07
5.25152e-06
-1.25965e-07
5.31839e-06
-1.26106e-07
5.38533e-06
-1.26252e-07
5.45231e-06
-1.26223e-07
5.51931e-06
-1.26609e-07
5.58628e-06
-1.25281e-07
5.65337e-06
-1.29042e-07
5.71903e-06
-1.13487e-07
-1.60251e-07
-9.51683e-08
1.68059e-07
-2.99662e-07
4.64925e-07
-5.33259e-07
5.40693e-07
-7.70721e-07
5.55245e-07
-1.00624e-06
5.5405e-07
-1.23839e-06
5.50904e-07
-1.46656e-06
5.45831e-07
-1.6903e-06
5.39174e-07
-1.90936e-06
5.31294e-07
-2.12363e-06
5.22673e-07
-2.33313e-06
5.13663e-07
-2.53793e-06
5.04512e-07
-2.73815e-06
4.95389e-07
-2.93394e-06
4.86412e-07
-3.12549e-06
4.77668e-07
-3.31297e-06
4.69228e-07
-3.49661e-06
4.61156e-07
-3.67661e-06
4.53514e-07
-3.85324e-06
4.46364e-07
-4.02676e-06
4.39773e-07
-4.19745e-06
4.3381e-07
-4.36564e-06
4.28561e-07
-4.53167e-06
4.2412e-07
-4.69594e-06
4.20599e-07
-4.85889e-06
4.18129e-07
-5.02102e-06
4.16871e-07
-5.18289e-06
4.17019e-07
-5.34516e-06
4.188e-07
-5.50857e-06
4.22486e-07
-5.67396e-06
4.28383e-07
-5.84227e-06
4.36812e-07
-6.01455e-06
4.48102e-07
-6.19193e-06
4.62562e-07
-6.37561e-06
4.80455e-07
-6.56686e-06
5.02015e-07
-6.76703e-06
5.27512e-07
-6.97758e-06
5.57348e-07
-7.20026e-06
5.92246e-07
-7.43721e-06
6.33562e-07
-7.69127e-06
6.83517e-07
-7.96612e-06
7.45289e-07
-8.26633e-06
8.22993e-07
-8.59712e-06
9.2108e-07
-8.96343e-06
1.04299e-06
-9.3683e-06
1.18909e-06
-9.81038e-06
1.35415e-06
-1.0281e-05
1.52453e-06
-1.07611e-05
1.67673e-06
-1.12203e-05
1.77846e-06
-1.16168e-05
1.7924e-06
-1.19016e-05
1.68248e-06
-1.2024e-05
1.42184e-06
-1.19382e-05
9.99575e-07
-1.16081e-05
4.21046e-07
-1.10124e-05
-2.91942e-07
-1.01441e-05
-1.10496e-06
-9.00509e-06
-1.98133e-06
-7.60668e-06
-2.88283e-06
-5.96858e-06
-3.76963e-06
-4.1194e-06
-4.59997e-06
-2.08779e-06
-5.35126e-06
8.58189e-08
-5.97243e-06
2.3528e-06
-6.44883e-06
4.67468e-06
-6.76496e-06
7.004e-06
-6.90884e-06
9.29787e-06
-6.88241e-06
1.1517e-05
-6.69713e-06
1.36271e-05
-6.37254e-06
1.55999e-05
-5.93333e-06
1.74136e-05
-5.40694e-06
1.90534e-05
-4.82137e-06
2.05104e-05
-4.20323e-06
2.17815e-05
-3.57632e-06
2.28681e-05
-2.96062e-06
2.37754e-05
-2.37197e-06
2.45117e-05
-1.82199e-06
2.50873e-05
-1.31844e-06
2.5514e-05
-8.65595e-07
2.58048e-05
-4.65029e-07
2.59721e-05
-1.16855e-07
2.60295e-05
1.81946e-07
2.59895e-05
4.34511e-07
2.58644e-05
6.44526e-07
2.56661e-05
8.16325e-07
2.54055e-05
9.54438e-07
2.50925e-05
1.06332e-06
2.4736e-05
1.14718e-06
2.43441e-05
1.20992e-06
2.39237e-05
1.25502e-06
2.34809e-05
1.28559e-06
2.30209e-05
1.30435e-06
2.25479e-05
1.31361e-06
2.20658e-05
1.31534e-06
2.15775e-05
1.31121e-06
2.10855e-05
1.30257e-06
2.05919e-05
1.29055e-06
2.00982e-05
1.27604e-06
1.96058e-05
1.25976e-06
1.91157e-05
1.24225e-06
1.86287e-05
1.22394e-06
1.81453e-05
1.20513e-06
1.76661e-05
1.18605e-06
1.71914e-05
1.16682e-06
1.67216e-05
1.14754e-06
1.6257e-05
1.12822e-06
1.57977e-05
1.10886e-06
1.5344e-05
1.08943e-06
1.48961e-05
1.06986e-06
1.44543e-05
1.05008e-06
1.40188e-05
1.03002e-06
1.35898e-05
1.00957e-06
1.31677e-05
9.88662e-07
1.27528e-05
9.67212e-07
1.23455e-05
9.45148e-07
1.19462e-05
9.2241e-07
1.15551e-05
8.98949e-07
1.11729e-05
8.7473e-07
1.07998e-05
8.49735e-07
1.04363e-05
8.23964e-07
1.00828e-05
7.97431e-07
9.73976e-06
7.70168e-07
9.40758e-06
7.42222e-07
9.08661e-06
7.13656e-07
8.77722e-06
6.84545e-07
8.4797e-06
6.54977e-07
8.19433e-06
6.25047e-07
7.92134e-06
5.94861e-07
7.6609e-06
5.64523e-07
7.41316e-06
5.34145e-07
7.17818e-06
5.03833e-07
6.95601e-06
4.73691e-07
6.74663e-06
4.43816e-07
6.54997e-06
4.14298e-07
6.36592e-06
3.85215e-07
6.19435e-06
3.56637e-07
6.03507e-06
3.28621e-07
5.88786e-06
3.01217e-07
5.75248e-06
2.74465e-07
5.62868e-06
2.48399e-07
5.51615e-06
2.23049e-07
5.41458e-06
1.98445e-07
5.32365e-06
1.74616e-07
5.243e-06
1.51594e-07
5.17227e-06
1.29414e-07
5.11107e-06
1.08113e-07
5.05901e-06
8.77285e-08
5.01566e-06
6.82931e-08
4.98062e-06
4.98334e-08
4.95345e-06
3.23872e-08
4.93371e-06
1.59578e-08
4.92106e-06
4.19299e-10
4.91498e-06
-1.39502e-08
4.91515e-06
-2.75093e-08
4.92119e-06
-4.01721e-08
4.93276e-06
-5.20309e-08
4.94956e-06
-6.31762e-08
4.97132e-06
-7.37107e-08
4.99779e-06
-8.37268e-08
5.02877e-06
-9.33138e-08
5.06408e-06
-1.02543e-07
5.10355e-06
-1.11491e-07
5.14703e-06
-1.20205e-07
5.19438e-06
-1.28705e-07
5.24545e-06
-1.36992e-07
5.3001e-06
-1.45042e-07
5.35815e-06
-1.52813e-07
5.41943e-06
-1.60248e-07
5.48373e-06
-1.67281e-07
5.55083e-06
-1.73842e-07
5.6205e-06
-1.79864e-07
5.69247e-06
-1.85291e-07
5.76649e-06
-1.90082e-07
5.8423e-06
-1.94216e-07
5.91965e-06
-1.97694e-07
5.99829e-06
-2.00537e-07
6.07799e-06
-2.02789e-07
6.15857e-06
-2.04512e-07
6.23986e-06
-2.05781e-07
6.32171e-06
-2.06681e-07
6.40401e-06
-2.07299e-07
6.4867e-06
-2.07719e-07
6.5697e-06
-2.08017e-07
6.65299e-06
-2.08258e-07
6.73655e-06
-2.08493e-07
6.82038e-06
-2.08755e-07
6.90446e-06
-2.09063e-07
6.9888e-06
-2.09421e-07
7.0734e-06
-2.09819e-07
7.15824e-06
-2.1024e-07
7.24331e-06
-2.10662e-07
7.32858e-06
-2.11061e-07
7.41404e-06
-2.1142e-07
7.49965e-06
-2.11713e-07
7.58537e-06
-2.11972e-07
7.6712e-06
-2.12057e-07
7.75705e-06
-2.12461e-07
7.84309e-06
-2.11319e-07
7.92893e-06
-2.14882e-07
8.01553e-06
-2.00093e-07
-2.47432e-07
-1.43956e-07
3.12014e-07
-4.10378e-07
7.31348e-07
-7.05959e-07
8.36274e-07
-1.002e-06
8.51283e-07
-1.29236e-06
8.44416e-07
-1.57553e-06
8.34072e-07
-1.85112e-06
8.21424e-07
-2.11903e-06
8.07078e-07
-2.37932e-06
7.91584e-07
-2.63218e-06
7.75538e-07
-2.87787e-06
7.59356e-07
-3.11668e-06
7.43321e-07
-3.34891e-06
7.27617e-07
-3.57487e-06
7.12369e-07
-3.79487e-06
6.97666e-07
-4.00922e-06
6.83582e-07
-4.21825e-06
6.70185e-07
-4.42228e-06
6.57545e-07
-4.62165e-06
6.45735e-07
-4.81671e-06
6.34833e-07
-5.00783e-06
6.2493e-07
-5.1954e-06
6.16131e-07
-5.37984e-06
6.08563e-07
-5.56161e-06
6.02369e-07
-5.74121e-06
5.97722e-07
-5.91917e-06
5.94837e-07
-6.09612e-06
5.93965e-07
-6.27272e-06
5.95403e-07
-6.44973e-06
5.99494e-07
-6.62797e-06
6.06627e-07
-6.80836e-06
6.17194e-07
-6.99184e-06
6.31585e-07
-7.17943e-06
6.50153e-07
-7.37215e-06
6.73179e-07
-7.57104e-06
7.00897e-07
-7.7771e-06
7.33574e-07
-7.99139e-06
7.71641e-07
-8.21505e-06
8.15902e-07
-8.44937e-06
8.67888e-07
-8.69594e-06
9.30087e-07
-8.95655e-06
1.00589e-06
-9.23295e-06
1.09939e-06
-9.52628e-06
1.21442e-06
-9.83587e-06
1.35257e-06
-1.01574e-05
1.51064e-06
-1.04808e-05
1.67755e-06
-1.0788e-05
1.8317e-06
-1.10516e-05
1.94033e-06
-1.12356e-05
1.96247e-06
-1.12982e-05
1.855e-06
-1.11967e-05
1.58097e-06
-1.0893e-05
1.11812e-06
-1.03589e-05
4.65506e-07
-9.57958e-06
-3.58287e-07
-8.55221e-06
-1.31931e-06
-7.27954e-06
-2.37763e-06
-5.77028e-06
-3.49058e-06
-4.04019e-06
-4.61292e-06
-2.10946e-06
-5.70036e-06
2.25003e-09
-6.71168e-06
2.24311e-06
-7.59212e-06
4.59613e-06
-8.32546e-06
7.01634e-06
-8.86903e-06
9.4601e-06
-9.20872e-06
1.18861e-05
-9.33484e-06
1.42547e-05
-9.25099e-06
1.653e-05
-8.97242e-06
1.86812e-05
-8.52377e-06
2.06838e-05
-7.93592e-06
2.25198e-05
-7.24294e-06
2.41778e-05
-6.47934e-06
2.56522e-05
-5.67769e-06
2.69428e-05
-4.86687e-06
2.80532e-05
-4.07103e-06
2.89904e-05
-3.30913e-06
2.97634e-05
-2.59507e-06
3.0383e-05
-1.93802e-06
3.08606e-05
-1.34315e-06
3.12079e-05
-8.12355e-07
3.14365e-05
-3.45499e-07
3.1558e-05
6.04587e-08
3.15833e-05
4.09281e-07
3.15224e-05
7.05398e-07
3.13852e-05
9.53549e-07
3.11807e-05
1.1589e-06
3.09175e-05
1.32654e-06
3.06033e-05
1.46134e-06
3.02454e-05
1.56787e-06
2.98501e-05
1.65029e-06
2.94233e-05
1.71238e-06
2.89702e-05
1.75748e-06
2.84953e-05
1.78853e-06
2.80025e-05
1.80807e-06
2.74954e-05
1.81829e-06
2.6977e-05
1.82103e-06
2.64497e-05
1.81785e-06
2.59157e-05
1.81003e-06
2.53769e-05
1.79861e-06
2.48347e-05
1.78445e-06
2.42904e-05
1.7682e-06
2.37452e-05
1.75037e-06
2.31999e-05
1.73137e-06
2.26552e-05
1.71145e-06
2.2112e-05
1.6908e-06
2.15706e-05
1.66953e-06
2.10318e-05
1.6477e-06
2.0496e-05
1.62529e-06
1.99635e-05
1.60227e-06
1.94351e-05
1.57857e-06
1.8911e-05
1.5541e-06
1.83918e-05
1.52877e-06
1.7878e-05
1.50246e-06
1.73701e-05
1.47508e-06
1.68687e-05
1.44653e-06
1.63744e-05
1.41673e-06
1.58878e-05
1.38559e-06
1.54094e-05
1.35307e-06
1.494e-05
1.31913e-06
1.44802e-05
1.28376e-06
1.40307e-05
1.24699e-06
1.3592e-05
1.20883e-06
1.31649e-05
1.16936e-06
1.27499e-05
1.12865e-06
1.23476e-05
1.08682e-06
1.19586e-05
1.04399e-06
1.15833e-05
1.00029e-06
1.12223e-05
9.55887e-07
1.08759e-05
9.10941e-07
1.05444e-05
8.65623e-07
1.02282e-05
8.20106e-07
9.92729e-06
7.74559e-07
9.64196e-06
7.29147e-07
9.37223e-06
6.84025e-07
9.1181e-06
6.39338e-07
8.87953e-06
5.95215e-07
8.65638e-06
5.51773e-07
8.44848e-06
5.09114e-07
8.25561e-06
4.67329e-07
8.07752e-06
4.26497e-07
7.91388e-06
3.86689e-07
7.76435e-06
3.47972e-07
7.62856e-06
3.1041e-07
7.50609e-06
2.74065e-07
7.3965e-06
2.38999e-07
7.29934e-06
2.05273e-07
7.21412e-06
1.72945e-07
7.14035e-06
1.42067e-07
7.07751e-06
1.12676e-07
7.02508e-06
8.48127e-08
6.98257e-06
5.84714e-08
6.94939e-06
3.36013e-08
6.92515e-06
1.02884e-08
6.90929e-06
-1.16512e-08
6.90139e-06
-3.22675e-08
6.90099e-06
-5.16327e-08
6.9077e-06
-6.98928e-08
6.92117e-06
-8.71797e-08
6.94106e-06
-1.03615e-07
6.96707e-06
-1.1932e-07
6.99891e-06
-1.34386e-07
7.03634e-06
-1.48918e-07
7.07911e-06
-1.62976e-07
7.12699e-06
-1.7659e-07
7.17976e-06
-1.89759e-07
7.23718e-06
-2.02456e-07
7.29899e-06
-2.14629e-07
7.36495e-06
-2.26206e-07
7.43477e-06
-2.37105e-07
7.50817e-06
-2.47243e-07
7.58485e-06
-2.5654e-07
7.66449e-06
-2.64931e-07
7.74678e-06
-2.72374e-07
7.83142e-06
-2.78849e-07
7.91809e-06
-2.84368e-07
8.00653e-06
-2.88971e-07
8.09646e-06
-2.92725e-07
8.18767e-06
-2.95718e-07
8.27995e-06
-2.98059e-07
8.37313e-06
-2.99864e-07
8.46708e-06
-3.01252e-07
8.5617e-06
-3.02337e-07
8.65691e-06
-3.03224e-07
8.75265e-06
-3.03999e-07
8.84889e-06
-3.0473e-07
8.94559e-06
-3.05461e-07
9.04275e-06
-3.06218e-07
9.14033e-06
-3.07005e-07
9.23832e-06
-3.07811e-07
9.3367e-06
-3.08615e-07
9.43542e-06
-3.09388e-07
9.53447e-06
-3.10104e-07
9.63379e-06
-3.10738e-07
9.73334e-06
-3.1127e-07
9.83309e-06
-3.11719e-07
9.93302e-06
-3.11991e-07
1.0033e-05
-3.12471e-07
1.01334e-05
-3.11666e-07
1.02334e-05
-3.14921e-07
1.03356e-05
-3.023e-07
-3.45397e-07
-1.97607e-07
5.09621e-07
-5.26358e-07
1.0601e-06
-8.80115e-07
1.19003e-06
-1.22816e-06
1.19933e-06
-1.56498e-06
1.18123e-06
-1.88947e-06
1.15857e-06
-2.20188e-06
1.13383e-06
-2.50265e-06
1.10785e-06
-2.79239e-06
1.08132e-06
-3.07171e-06
1.05485e-06
-3.34119e-06
1.02884e-06
-3.60141e-06
1.00354e-06
-3.8529e-06
9.79106e-07
-4.09616e-06
9.55627e-07
-4.33166e-06
9.33167e-07
-4.55985e-06
9.11775e-07
-4.78117e-06
8.91505e-07
-4.99605e-06
8.72417e-07
-5.20489e-06
8.54582e-07
-5.40814e-06
8.38075e-07
-5.6062e-06
8.22991e-07
-5.79951e-06
8.09446e-07
-5.98853e-06
7.9758e-07
-6.17372e-06
7.87557e-07
-6.35557e-06
7.79573e-07
-6.5346e-06
7.73871e-07
-6.71137e-06
7.70739e-07
-6.88648e-06
7.70508e-07
-7.06054e-06
7.73559e-07
-7.23423e-06
7.80315e-07
-7.40823e-06
7.91187e-07
-7.5832e-06
8.06563e-07
-7.75982e-06
8.26767e-07
-7.93865e-06
8.52012e-07
-8.12017e-06
8.82418e-07
-8.30471e-06
9.18111e-07
-8.49242e-06
9.59354e-07
-8.68327e-06
1.00675e-06
-8.87697e-06
1.06159e-06
-9.07295e-06
1.12607e-06
-9.27008e-06
1.20302e-06
-9.46622e-06
1.29554e-06
-9.65754e-06
1.40574e-06
-9.83735e-06
1.53238e-06
-9.99468e-06
1.66797e-06
-1.01129e-05
1.79574e-06
-1.01688e-05
1.88759e-06
-1.0133e-05
1.90459e-06
-9.97229e-06
1.80175e-06
-9.65294e-06
1.53564e-06
-9.14559e-06
1.07363e-06
-8.42893e-06
4.01452e-07
-7.49341e-06
-4.70007e-07
-6.3385e-06
-1.5132e-06
-4.96678e-06
-2.69103e-06
-3.38418e-06
-3.96023e-06
-1.60105e-06
-5.27371e-06
3.69121e-07
-6.58309e-06
2.50617e-06
-7.83741e-06
4.78556e-06
-8.99107e-06
7.18154e-06
-9.9881e-06
9.65484e-06
-1.07987e-05
1.21693e-05
-1.13835e-05
1.46836e-05
-1.17231e-05
1.7158e-05
-1.18092e-05
1.95544e-05
-1.16474e-05
2.18394e-05
-1.12574e-05
2.39849e-05
-1.06693e-05
2.59694e-05
-9.92041e-06
2.77782e-05
-9.05171e-06
2.9403e-05
-8.10417e-06
3.08415e-05
-7.11617e-06
3.2096e-05
-6.12144e-06
3.31729e-05
-5.14793e-06
3.40812e-05
-4.21736e-06
3.48315e-05
-3.34543e-06
3.54358e-05
-2.54234e-06
3.59063e-05
-1.81362e-06
3.6255e-05
-1.16107e-06
3.64934e-05
-5.83906e-07
3.66326e-05
-7.87265e-08
3.66828e-05
3.59103e-07
3.66532e-05
7.3504e-07
3.65521e-05
1.05464e-06
3.63872e-05
1.32381e-06
3.61654e-05
1.54833e-06
3.5893e-05
1.73369e-06
3.55759e-05
1.88502e-06
3.52191e-05
2.00701e-06
3.48276e-05
2.1039e-06
3.44056e-05
2.17951e-06
3.3957e-05
2.23718e-06
3.34852e-05
2.27985e-06
3.29934e-05
2.31008e-06
3.24843e-05
2.33007e-06
3.19605e-05
2.34166e-06
3.14241e-05
2.34645e-06
3.0877e-05
2.34573e-06
3.03208e-05
2.34059e-06
2.97571e-05
2.33189e-06
2.91872e-05
2.32032e-06
2.86121e-05
2.30644e-06
2.80329e-05
2.29063e-06
2.74506e-05
2.27318e-06
2.68658e-05
2.25429e-06
2.62794e-05
2.23406e-06
2.56922e-05
2.21254e-06
2.51047e-05
2.18972e-06
2.45178e-05
2.16553e-06
2.3932e-05
2.13989e-06
2.33481e-05
2.1127e-06
2.27667e-05
2.08383e-06
2.21886e-05
2.05315e-06
2.16146e-05
2.02055e-06
2.10454e-05
1.9859e-06
2.04819e-05
1.94911e-06
1.99249e-05
1.9101e-06
1.93752e-05
1.86882e-06
1.88337e-05
1.82523e-06
1.83014e-05
1.77935e-06
1.7779e-05
1.73119e-06
1.72675e-05
1.68083e-06
1.67678e-05
1.62838e-06
1.62807e-05
1.57394e-06
1.5807e-05
1.5177e-06
1.53474e-05
1.45982e-06
1.49028e-05
1.40052e-06
1.44737e-05
1.34003e-06
1.40608e-05
1.27857e-06
1.36645e-05
1.21641e-06
1.32852e-05
1.15378e-06
1.29234e-05
1.09094e-06
1.25793e-05
1.02813e-06
1.22531e-05
9.65573e-07
1.19448e-05
9.03486e-07
1.16545e-05
8.42067e-07
1.13822e-05
7.81497e-07
1.11275e-05
7.2194e-07
1.08905e-05
6.63543e-07
1.06707e-05
6.06441e-07
1.0468e-05
5.50759e-07
1.02818e-05
4.96612e-07
1.01117e-05
4.44109e-07
9.95736e-06
3.93353e-07
9.81819e-06
3.44439e-07
9.69368e-06
2.97456e-07
9.58327e-06
2.52477e-07
9.48639e-06
2.09562e-07
9.40245e-06
1.68754e-07
9.33086e-06
1.3006e-07
9.27101e-06
9.34453e-08
9.22237e-06
5.89287e-08
9.18434e-06
2.63773e-08
9.15642e-06
-4.34151e-09
9.13805e-06
-3.32595e-08
9.12874e-06
-6.05886e-08
9.12806e-06
-8.64941e-08
9.13556e-06
-1.11115e-07
9.15085e-06
-1.34612e-07
9.17355e-06
-1.57084e-07
9.2033e-06
-1.78673e-07
9.23978e-06
-1.99452e-07
9.28265e-06
-2.19458e-07
9.33158e-06
-2.38696e-07
9.38626e-06
-2.57137e-07
9.44636e-06
-2.74723e-07
9.51153e-06
-2.91374e-07
9.58142e-06
-3.07e-07
9.65568e-06
-3.21507e-07
9.73395e-06
-3.34808e-07
9.81586e-06
-3.46837e-07
9.90104e-06
-3.57553e-07
9.98914e-06
-3.66947e-07
1.00798e-05
-3.75044e-07
1.01727e-05
-3.81904e-07
1.02676e-05
-3.87623e-07
1.03642e-05
-3.92319e-07
1.04623e-05
-3.96133e-07
1.05617e-05
-3.99217e-07
1.06621e-05
-4.01723e-07
1.07636e-05
-4.03799e-07
1.0866e-05
-4.05575e-07
1.09691e-05
-4.07161e-07
1.1073e-05
-4.08642e-07
1.11776e-05
-4.10076e-07
1.12829e-05
-4.11495e-07
1.13888e-05
-4.12906e-07
1.14953e-05
-4.14298e-07
1.16023e-05
-4.15645e-07
1.17099e-05
-4.16917e-07
1.18178e-05
-4.1808e-07
1.19262e-05
-4.19109e-07
1.20349e-05
-4.19986e-07
1.21439e-05
-4.20722e-07
1.22532e-05
-4.21273e-07
1.23627e-05
-4.21914e-07
1.24726e-05
-4.21584e-07
1.25821e-05
-4.24471e-07
1.26948e-05
-4.14941e-07
-4.51012e-07
-2.54965e-07
7.64586e-07
-6.44524e-07
1.44966e-06
-1.05066e-06
1.59617e-06
-1.44207e-06
1.59074e-06
-1.81487e-06
1.55403e-06
-2.16909e-06
1.51279e-06
-2.50595e-06
1.47068e-06
-2.82676e-06
1.42867e-06
-3.13281e-06
1.38738e-06
-3.42526e-06
1.34729e-06
-3.7051e-06
1.30868e-06
-3.97324e-06
1.27168e-06
-4.23047e-06
1.23634e-06
-4.4775e-06
1.20266e-06
-4.71497e-06
1.17064e-06
-4.94348e-06
1.14028e-06
-5.16357e-06
1.11159e-06
-5.37574e-06
1.08459e-06
-5.5805e-06
1.05934e-06
-5.77829e-06
1.03587e-06
-5.96958e-06
1.01428e-06
-6.1548e-06
9.94661e-07
-6.33437e-06
9.77154e-07
-6.50873e-06
9.61912e-07
-6.67828e-06
9.49128e-07
-6.84345e-06
9.39041e-07
-7.00465e-06
9.31933e-07
-7.16227e-06
9.28127e-07
-7.31669e-06
9.27986e-07
-7.46828e-06
9.31907e-07
-7.61734e-06
9.40247e-07
-7.76409e-06
9.53314e-07
-7.90864e-06
9.71311e-07
-8.0509e-06
9.94271e-07
-8.19055e-06
1.02207e-06
-8.32695e-06
1.05452e-06
-8.45907e-06
1.09147e-06
-8.58535e-06
1.13302e-06
-8.70354e-06
1.17979e-06
-8.8106e-06
1.23313e-06
-8.90226e-06
1.29467e-06
-8.97254e-06
1.36582e-06
-9.01321e-06
1.44641e-06
-9.01293e-06
1.5321e-06
-8.95647e-06
1.61152e-06
-8.82436e-06
1.66362e-06
-8.59319e-06
1.65642e-06
-8.23707e-06
1.54847e-06
-7.73046e-06
1.29514e-06
-7.05129e-06
8.56483e-07
-6.18439e-06
2.0672e-07
-5.12341e-06
-6.59525e-07
-3.86872e-06
-1.7247e-06
-2.42259e-06
-2.95933e-06
-7.88771e-07
-4.32485e-06
1.02718e-06
-5.77618e-06
3.01705e-06
-7.26358e-06
5.16814e-06
-8.73418e-06
7.46314e-06
-1.01324e-05
9.87723e-06
-1.14052e-05
1.23837e-05
-1.24946e-05
1.49453e-05
-1.33604e-05
1.75244e-05
-1.39625e-05
2.00802e-05
-1.42789e-05
2.25733e-05
-1.43022e-05
2.49674e-05
-1.40415e-05
2.72312e-05
-1.35212e-05
2.93397e-05
-1.27778e-05
3.12749e-05
-1.18556e-05
3.30254e-05
-1.08023e-05
3.45865e-05
-9.66529e-06
3.59589e-05
-8.48856e-06
3.71477e-05
-7.31025e-06
3.81615e-05
-6.16167e-06
3.9011e-05
-5.06687e-06
3.97085e-05
-4.04291e-06
4.02668e-05
-3.10063e-06
4.06988e-05
-2.24563e-06
4.1017e-05
-1.4793e-06
4.12331e-05
-8.00039e-07
4.13581e-05
-2.03737e-07
4.1402e-05
3.15225e-07
4.13737e-05
7.63346e-07
4.12811e-05
1.14727e-06
4.11311e-05
1.47381e-06
4.09298e-05
1.74961e-06
4.06826e-05
1.98087e-06
4.03943e-05
2.17337e-06
4.00689e-05
2.33233e-06
3.97104e-05
2.46248e-06
3.93219e-05
2.56802e-06
3.89064e-05
2.65265e-06
3.84666e-05
2.71963e-06
3.80049e-05
2.77177e-06
3.75235e-05
2.8115e-06
3.70243e-05
2.8409e-06
3.6509e-05
2.86172e-06
3.59792e-05
2.87546e-06
3.54365e-05
2.88334e-06
3.4882e-05
2.88636e-06
3.4317e-05
2.88534e-06
3.37425e-05
2.88092e-06
3.31596e-05
2.87358e-06
3.25691e-05
2.86369e-06
3.19719e-05
2.85149e-06
3.13688e-05
2.83712e-06
3.07607e-05
2.82066e-06
3.01483e-05
2.80211e-06
2.95324e-05
2.78142e-06
2.89138e-05
2.75849e-06
2.82933e-05
2.7332e-06
2.76717e-05
2.7054e-06
2.70499e-05
2.67494e-06
2.64288e-05
2.64165e-06
2.58093e-05
2.60539e-06
2.51924e-05
2.56603e-06
2.45791e-05
2.52344e-06
2.39704e-05
2.47753e-06
2.33674e-05
2.42826e-06
2.27711e-05
2.37559e-06
2.21827e-05
2.31955e-06
2.16034e-05
2.2602e-06
2.10341e-05
2.19763e-06
2.04761e-05
2.13198e-06
1.99303e-05
2.06344e-06
1.93979e-05
1.99223e-06
1.88798e-05
1.91861e-06
1.8377e-05
1.84285e-06
1.78903e-05
1.76526e-06
1.74206e-05
1.68616e-06
1.69685e-05
1.6059e-06
1.65346e-05
1.52481e-06
1.61195e-05
1.44323e-06
1.57236e-05
1.36149e-06
1.53472e-05
1.27991e-06
1.49905e-05
1.19878e-06
1.46535e-05
1.1184e-06
1.43365e-05
1.03903e-06
1.40391e-05
9.60893e-07
1.37613e-05
8.84227e-07
1.35029e-05
8.09233e-07
1.32634e-05
7.361e-07
1.30425e-05
6.65002e-07
1.28397e-05
5.961e-07
1.26546e-05
5.29539e-07
1.24866e-05
4.6545e-07
1.23352e-05
4.0394e-07
1.21996e-05
3.45096e-07
1.20794e-05
2.88977e-07
1.19739e-05
2.35605e-07
1.18824e-05
1.84957e-07
1.18043e-05
1.37023e-07
1.1739e-05
9.16864e-08
1.16858e-05
4.88159e-08
1.16443e-05
8.27354e-09
1.16137e-05
-3.00561e-08
1.15937e-05
-6.64465e-08
1.15836e-05
-1.01028e-07
1.1583e-05
-1.34002e-07
1.15914e-05
-1.65464e-07
1.16083e-05
-1.956e-07
1.16333e-05
-2.2449e-07
1.16661e-05
-2.52182e-07
1.1706e-05
-2.78687e-07
1.17529e-05
-3.03979e-07
1.18062e-05
-3.28e-07
1.18655e-05
-3.50666e-07
1.19303e-05
-3.71883e-07
1.20004e-05
-3.91555e-07
1.20752e-05
-4.09596e-07
1.21543e-05
-4.25943e-07
1.22373e-05
-4.40563e-07
1.23238e-05
-4.5346e-07
1.24134e-05
-4.6468e-07
1.25058e-05
-4.7431e-07
1.26007e-05
-4.82471e-07
1.26977e-05
-4.89319e-07
1.27966e-05
-4.95028e-07
1.28972e-05
-4.99785e-07
1.29992e-05
-5.0378e-07
1.31026e-05
-5.0719e-07
1.32072e-05
-5.10176e-07
1.33129e-05
-5.12871e-07
1.34197e-05
-5.15379e-07
1.35273e-05
-5.17771e-07
1.36359e-05
-5.20087e-07
1.37454e-05
-5.22337e-07
1.38556e-05
-5.24511e-07
1.39665e-05
-5.26582e-07
1.40781e-05
-5.28515e-07
1.41903e-05
-5.30275e-07
1.4303e-05
-5.31834e-07
1.44162e-05
-5.33181e-07
1.45298e-05
-5.3432e-07
1.46438e-05
-5.35257e-07
1.47581e-05
-5.36158e-07
1.48729e-05
-5.36439e-07
1.49874e-05
-5.38931e-07
1.51055e-05
-5.33031e-07
-5.60772e-07
-3.1518e-07
1.07977e-06
-7.61678e-07
1.89616e-06
-1.21191e-06
2.04641e-06
-1.6356e-06
2.01443e-06
-2.0317e-06
1.95013e-06
-2.40204e-06
1.88312e-06
-2.74927e-06
1.81792e-06
-3.07584e-06
1.75523e-06
-3.38384e-06
1.69538e-06
-3.67506e-06
1.63851e-06
-3.95098e-06
1.5846e-06
-4.21285e-06
1.53355e-06
-4.46174e-06
1.48523e-06
-4.69858e-06
1.4395e-06
-4.92417e-06
1.39624e-06
-5.13924e-06
1.35535e-06
-5.34442e-06
1.31677e-06
-5.5403e-06
1.28047e-06
-5.7274e-06
1.24643e-06
-5.9062e-06
1.21467e-06
-6.07713e-06
1.18521e-06
-6.2406e-06
1.15813e-06
-6.39697e-06
1.13352e-06
-6.54656e-06
1.1115e-06
-6.68965e-06
1.09222e-06
-6.82649e-06
1.07588e-06
-6.95725e-06
1.0627e-06
-7.08206e-06
1.05294e-06
-7.20096e-06
1.04688e-06
-7.3139e-06
1.04484e-06
-7.42068e-06
1.04703e-06
-7.52096e-06
1.05359e-06
-7.61416e-06
1.06452e-06
-7.69944e-06
1.07955e-06
-7.77557e-06
1.0982e-06
-7.84083e-06
1.11978e-06
-7.89292e-06
1.14356e-06
-7.92874e-06
1.16884e-06
-7.94421e-06
1.19526e-06
-7.93403e-06
1.22296e-06
-7.89133e-06
1.25196e-06
-7.80722e-06
1.28172e-06
-7.67049e-06
1.30968e-06
-7.46722e-06
1.32882e-06
-7.18067e-06
1.32496e-06
-6.79171e-06
1.27467e-06
-6.28001e-06
1.14472e-06
-5.62564e-06
8.94094e-07
-4.81211e-06
4.81612e-07
-3.82787e-06
-1.27758e-07
-2.66983e-06
-9.51312e-07
-1.33749e-06
-1.99187e-06
1.66767e-07
-3.22895e-06
1.84166e-06
-4.63422e-06
3.68402e-06
-6.16721e-06
5.68926e-06
-7.78143e-06
7.84971e-06
-9.42403e-06
1.01531e-05
-1.10376e-05
1.25815e-05
-1.25608e-05
1.5109e-05
-1.39327e-05
1.77056e-05
-1.50912e-05
2.0333e-05
-1.59877e-05
2.29514e-05
-1.6581e-05
2.55201e-05
-1.68476e-05
2.80005e-05
-1.67827e-05
3.03587e-05
-1.63997e-05
3.25667e-05
-1.57292e-05
3.46035e-05
-1.48146e-05
3.64553e-05
-1.37074e-05
3.81153e-05
-1.24623e-05
3.95827e-05
-1.11326e-05
4.08615e-05
-9.7674e-06
4.19598e-05
-8.40857e-06
4.28883e-05
-7.09015e-06
4.36593e-05
-5.83789e-06
4.42861e-05
-4.6697e-06
4.47821e-05
-3.59662e-06
4.51604e-05
-2.62393e-06
4.54335e-05
-1.75238e-06
4.56129e-05
-9.79443e-07
4.57092e-05
-3.00067e-07
4.57321e-05
2.92398e-07
4.56899e-05
8.05461e-07
4.55904e-05
1.24684e-06
4.54399e-05
1.62432e-06
4.52441e-05
1.9454e-06
4.50079e-05
2.21709e-06
4.47354e-05
2.44581e-06
4.44303e-05
2.63741e-06
4.40957e-05
2.79712e-06
4.37341e-05
2.92956e-06
4.3348e-05
3.03881e-06
4.29392e-05
3.12842e-06
4.25095e-05
3.20144e-06
4.20605e-05
3.26051e-06
4.15935e-05
3.3079e-06
4.11097e-05
3.3455e-06
4.06103e-05
3.37492e-06
4.00961e-05
3.39748e-06
3.95682e-05
3.41427e-06
3.90274e-05
3.42618e-06
3.84744e-05
3.43389e-06
3.79101e-05
3.43793e-06
3.73351e-05
3.4387e-06
3.67501e-05
3.43646e-06
3.61558e-05
3.43136e-06
3.5553e-05
3.42349e-06
3.49423e-05
3.41281e-06
3.43245e-05
3.39928e-06
3.37002e-05
3.38275e-06
3.30703e-05
3.36308e-06
3.24356e-05
3.34008e-06
3.1797e-05
3.31355e-06
3.11554e-05
3.28327e-06
3.05118e-05
3.24904e-06
2.98671e-05
3.21068e-06
2.92225e-05
3.16802e-06
2.85792e-05
3.12091e-06
2.79382e-05
3.06925e-06
2.73008e-05
3.01297e-06
2.66683e-05
2.95207e-06
2.60419e-05
2.88657e-06
2.5423e-05
2.81655e-06
2.48128e-05
2.74215e-06
2.42127e-05
2.66356e-06
2.36239e-05
2.58101e-06
2.30477e-05
2.4948e-06
2.24853e-05
2.40524e-06
2.19379e-05
2.31271e-06
2.14064e-05
2.21759e-06
2.0892e-05
2.12032e-06
2.03955e-05
2.02131e-06
1.99177e-05
1.92102e-06
1.94593e-05
1.81987e-06
1.90209e-05
1.71832e-06
1.8603e-05
1.61676e-06
1.82057e-05
1.51562e-06
1.78295e-05
1.41526e-06
1.74743e-05
1.31605e-06
1.71403e-05
1.21832e-06
1.68271e-05
1.12238e-06
1.65347e-05
1.02851e-06
1.62627e-05
9.36968e-07
1.60108e-05
8.48003e-07
1.57785e-05
7.61825e-07
1.55654e-05
6.78619e-07
1.53708e-05
5.98544e-07
1.51941e-05
5.21723e-07
1.50349e-05
4.48243e-07
1.48923e-05
3.78149e-07
1.47659e-05
3.11435e-07
1.46548e-05
2.48081e-07
1.45585e-05
1.87985e-07
1.44763e-05
1.31008e-07
1.44076e-05
7.70088e-08
1.43517e-05
2.5813e-08
1.43081e-05
-2.28173e-08
1.42761e-05
-6.90624e-08
1.42553e-05
-1.13142e-07
1.42449e-05
-1.55124e-07
1.42446e-05
-1.95261e-07
1.42537e-05
-2.33623e-07
1.42718e-05
-2.70271e-07
1.42983e-05
-3.05223e-07
1.43328e-05
-3.38456e-07
1.43747e-05
-3.69916e-07
1.44236e-05
-3.99522e-07
1.44789e-05
-4.27182e-07
1.45401e-05
-4.52802e-07
1.46068e-05
-4.76305e-07
1.46785e-05
-4.97636e-07
1.47547e-05
-5.16778e-07
1.4835e-05
-5.33755e-07
1.4919e-05
-5.48637e-07
1.50062e-05
-5.61541e-07
1.50964e-05
-5.72621e-07
1.51891e-05
-5.82069e-07
1.52842e-05
-5.90096e-07
1.53813e-05
-5.96927e-07
1.54803e-05
-6.02787e-07
1.5581e-05
-6.07887e-07
1.56833e-05
-6.12415e-07
1.57869e-05
-6.1653e-07
1.58919e-05
-6.20354e-07
1.59981e-05
-6.23972e-07
1.61055e-05
-6.27432e-07
1.62139e-05
-6.30751e-07
1.63233e-05
-6.33918e-07
1.64336e-05
-6.36905e-07
1.65448e-05
-6.39677e-07
1.66567e-05
-6.42197e-07
1.67693e-05
-6.44437e-07
1.68825e-05
-6.46391e-07
1.69962e-05
-6.4806e-07
1.71105e-05
-6.49501e-07
1.72251e-05
-6.50771e-07
1.73404e-05
-6.51793e-07
1.74554e-05
-6.53913e-07
1.75743e-05
-6.51872e-07
-6.70973e-07
-3.77613e-07
1.45738e-06
-8.74388e-07
2.39293e-06
-1.35743e-06
2.52945e-06
-1.79958e-06
2.45658e-06
-2.20392e-06
2.35447e-06
-2.57478e-06
2.25399e-06
-2.91669e-06
2.15982e-06
-3.23339e-06
2.07193e-06
-3.52793e-06
1.98992e-06
-3.80275e-06
1.91333e-06
-4.05982e-06
1.84168e-06
-4.30077e-06
1.77449e-06
-4.52692e-06
1.71138e-06
-4.73941e-06
1.65199e-06
-4.9392e-06
1.59603e-06
-5.12712e-06
1.54327e-06
-5.30388e-06
1.49353e-06
-5.47009e-06
1.44669e-06
-5.6263e-06
1.40265e-06
-5.77298e-06
1.36134e-06
-5.91049e-06
1.32273e-06
-6.03918e-06
1.28682e-06
-6.15929e-06
1.25363e-06
-6.271e-06
1.22321e-06
-6.37441e-06
1.19563e-06
-6.46953e-06
1.171e-06
-6.55628e-06
1.14944e-06
-6.63442e-06
1.13108e-06
-6.70361e-06
1.11607e-06
-6.76332e-06
1.10455e-06
-6.81283e-06
1.09654e-06
-6.85117e-06
1.09193e-06
-6.87706e-06
1.09041e-06
-6.88886e-06
1.09136e-06
-6.88446e-06
1.09379e-06
-6.86114e-06
1.09645e-06
-6.81547e-06
1.09789e-06
-6.7431e-06
1.09647e-06
-6.63849e-06
1.09065e-06
-6.49477e-06
1.07924e-06
-6.30335e-06
1.06054e-06
-6.05367e-06
1.03203e-06
-5.73309e-06
9.89106e-07
-5.32697e-06
9.22696e-07
-4.81893e-06
8.1693e-07
-4.19198e-06
6.47718e-07
-3.42992e-06
3.8266e-07
-2.51867e-06
-1.71591e-08
-1.44969e-06
-5.8737e-07
-2.20109e-07
-1.35734e-06
1.17283e-06
-2.34425e-06
2.72523e-06
-3.54427e-06
4.43651e-06
-4.94024e-06
6.30483e-06
-6.50254e-06
8.32791e-06
-8.19029e-06
1.05011e-05
-9.95462e-06
1.28158e-05
-1.17387e-05
1.52573e-05
-1.34791e-05
1.7804e-05
-1.51076e-05
2.04266e-05
-1.65553e-05
2.30904e-05
-1.7755e-05
2.57549e-05
-1.86522e-05
2.83788e-05
-1.92049e-05
3.09219e-05
-1.93907e-05
3.33479e-05
-1.92087e-05
3.56266e-05
-1.86783e-05
3.77347e-05
-1.78373e-05
3.96568e-05
-1.67366e-05
4.13845e-05
-1.54351e-05
4.29162e-05
-1.3994e-05
4.42556e-05
-1.24721e-05
4.54107e-05
-1.09225e-05
4.63925e-05
-9.39029e-06
4.72136e-05
-7.91128e-06
4.78878e-05
-6.51212e-06
4.84291e-05
-5.21096e-06
4.88509e-05
-4.01848e-06
4.91663e-05
-2.93926e-06
4.9387e-05
-1.97314e-06
4.95241e-05
-1.11648e-06
4.95872e-05
-3.63197e-07
4.95852e-05
2.94437e-07
4.95257e-05
8.64918e-07
4.94156e-05
1.35694e-06
4.92608e-05
1.77918e-06
4.90662e-05
2.13993e-06
4.88364e-05
2.44691e-06
4.8575e-05
2.7072e-06
4.82852e-05
2.9272e-06
4.79697e-05
3.11262e-06
4.76307e-05
3.26853e-06
4.72702e-05
3.39935e-06
4.68897e-05
3.50893e-06
4.64905e-05
3.60061e-06
4.60738e-05
3.67722e-06
4.56405e-05
3.7412e-06
4.51914e-05
3.7946e-06
4.47272e-05
3.83912e-06
4.42485e-05
3.87618e-06
4.37559e-05
3.90695e-06
4.32497e-05
3.93234e-06
4.27305e-05
3.95308e-06
4.21987e-05
3.96974e-06
4.16547e-05
3.98269e-06
4.1099e-05
3.99221e-06
4.05319e-05
3.99843e-06
3.9954e-05
4.00142e-06
3.93657e-05
4.00111e-06
3.87675e-05
3.99741e-06
3.81601e-05
3.99015e-06
3.75441e-05
3.97911e-06
3.69201e-05
3.96404e-06
3.6289e-05
3.94469e-06
3.56515e-05
3.92077e-06
3.50085e-05
3.89201e-06
3.43611e-05
3.85814e-06
3.37101e-05
3.81894e-06
3.30569e-05
3.77417e-06
3.24025e-05
3.72367e-06
3.17481e-05
3.66731e-06
3.10952e-05
3.60502e-06
3.0445e-05
3.53677e-06
2.97989e-05
3.4626e-06
2.91584e-05
3.38263e-06
2.8525e-05
3.29702e-06
2.79e-05
3.206e-06
2.72849e-05
3.10987e-06
2.66812e-05
3.00897e-06
2.60902e-05
2.90372e-06
2.55132e-05
2.79457e-06
2.49515e-05
2.68199e-06
2.44063e-05
2.56652e-06
2.38787e-05
2.44868e-06
2.33695e-05
2.32903e-06
2.28797e-05
2.20812e-06
2.241e-05
2.08649e-06
2.19609e-05
1.96467e-06
2.1533e-05
1.84318e-06
2.11266e-05
1.72252e-06
2.07417e-05
1.60313e-06
2.03787e-05
1.48546e-06
2.00373e-05
1.36991e-06
1.97174e-05
1.25685e-06
1.94188e-05
1.14661e-06
1.91411e-05
1.0395e-06
1.88839e-05
9.35772e-07
1.86468e-05
8.35656e-07
1.84292e-05
7.39324e-07
1.82306e-05
6.46907e-07
1.80502e-05
5.5848e-07
1.78876e-05
4.74066e-07
1.7742e-05
3.93651e-07
1.76129e-05
3.17148e-07
1.74995e-05
2.44424e-07
1.74011e-05
1.75332e-07
1.73173e-05
1.0969e-07
1.72472e-05
4.72675e-08
1.71903e-05
-1.2155e-08
1.71459e-05
-6.88226e-08
1.71135e-05
-1.22716e-07
1.70925e-05
-1.74197e-07
1.70821e-05
-2.23298e-07
1.7082e-05
-2.70088e-07
1.70913e-05
-3.14593e-07
1.71097e-05
-3.56797e-07
1.71364e-05
-3.96647e-07
1.71709e-05
-4.34069e-07
1.72127e-05
-4.68977e-07
1.72612e-05
-5.01288e-07
1.73159e-05
-5.30935e-07
1.73761e-05
-5.57882e-07
1.74415e-05
-5.82131e-07
1.75114e-05
-6.03733e-07
1.75856e-05
-6.22789e-07
1.76635e-05
-6.39446e-07
1.77448e-05
-6.539e-07
1.78291e-05
-6.66378e-07
1.79161e-05
-6.77132e-07
1.80056e-05
-6.86426e-07
1.80974e-05
-6.9452e-07
1.81911e-05
-7.01659e-07
1.82868e-05
-7.08061e-07
1.83841e-05
-7.13907e-07
1.84831e-05
-7.19339e-07
1.85836e-05
-7.24456e-07
1.86855e-05
-7.29315e-07
1.87887e-05
-7.33937e-07
1.88931e-05
-7.38314e-07
1.89986e-05
-7.4242e-07
1.91051e-05
-7.46215e-07
1.92126e-05
-7.49667e-07
1.93209e-05
-7.52745e-07
1.943e-05
-7.55452e-07
1.95397e-05
-7.57787e-07
1.96501e-05
-7.59857e-07
1.97609e-05
-7.61613e-07
1.98726e-05
-7.63489e-07
1.9984e-05
-7.65316e-07
2.00993e-05
-7.67127e-07
-7.77927e-07
-4.41791e-07
1.89917e-06
-9.78811e-07
2.92995e-06
-1.47979e-06
3.03042e-06
-1.92352e-06
2.90032e-06
-2.31852e-06
2.74946e-06
-2.67233e-06
2.6078e-06
-2.99164e-06
2.47914e-06
-3.28167e-06
2.36196e-06
-3.54642e-06
2.25468e-06
-3.78902e-06
2.15593e-06
-4.01189e-06
2.06455e-06
-4.21699e-06
1.9796e-06
-4.40591e-06
1.90029e-06
-4.57995e-06
1.82602e-06
-4.74019e-06
1.75627e-06
-4.88754e-06
1.69062e-06
-5.02275e-06
1.62874e-06
-5.14645e-06
1.57039e-06
-5.25917e-06
1.51536e-06
-5.36131e-06
1.46348e-06
-5.45318e-06
1.41461e-06
-5.53501e-06
1.36864e-06
-5.60689e-06
1.32552e-06
-5.66885e-06
1.28517e-06
-5.72076e-06
1.24754e-06
-5.76237e-06
1.21261e-06
-5.79329e-06
1.18036e-06
-5.81295e-06
1.15075e-06
-5.82058e-06
1.1237e-06
-5.81519e-06
1.09916e-06
-5.79551e-06
1.07686e-06
-5.75997e-06
1.05639e-06
-5.70664e-06
1.03708e-06
-5.63314e-06
1.01786e-06
-5.5366e-06
9.97246e-07
-5.41347e-06
9.7333e-07
-5.25948e-06
9.43901e-07
-5.06938e-06
9.06368e-07
-4.83674e-06
8.58005e-07
-4.55379e-06
7.96292e-07
-4.21115e-06
7.17906e-07
-3.79762e-06
6.18495e-07
-3.3004e-06
4.91888e-07
-2.7052e-06
3.27496e-07
-1.99686e-06
1.08592e-07
-1.16089e-06
-1.88256e-07
-1.84912e-07
-5.93315e-07
9.40368e-07
-1.14244e-06
2.22002e-06
-1.86703e-06
3.65562e-06
-2.79293e-06
5.24564e-06
-3.93427e-06
6.98879e-06
-5.28742e-06
8.88358e-06
-6.83503e-06
1.0928e-05
-8.54699e-06
1.31187e-05
-1.0381e-05
1.54487e-05
-1.22846e-05
1.79053e-05
-1.41953e-05
2.0469e-05
-1.60427e-05
2.31124e-05
-1.7751e-05
2.58011e-05
-1.9244e-05
2.8496e-05
-2.04499e-05
3.11547e-05
-2.13109e-05
3.37357e-05
-2.17859e-05
3.62011e-05
-2.18561e-05
3.85186e-05
-2.15262e-05
4.06636e-05
-2.08233e-05
4.26193e-05
-1.9793e-05
4.43769e-05
-1.84942e-05
4.59346e-05
-1.69928e-05
4.72965e-05
-1.53559e-05
4.84714e-05
-1.36469e-05
4.9471e-05
-1.19222e-05
5.03093e-05
-1.02285e-05
5.10008e-05
-8.6028e-06
5.15604e-05
-7.07167e-06
5.20021e-05
-5.65276e-06
5.23395e-05
-4.35585e-06
5.25846e-05
-3.18439e-06
5.27485e-05
-2.13702e-06
5.28409e-05
-1.20886e-06
5.28704e-05
-3.92718e-07
5.28446e-05
3.2028e-07
5.277e-05
9.39549e-07
5.26522e-05
1.47465e-06
5.24964e-05
1.93506e-06
5.23065e-05
2.32974e-06
5.20865e-05
2.667e-06
5.18392e-05
2.95446e-06
5.15674e-05
3.19896e-06
5.12734e-05
3.40665e-06
5.0959e-05
3.58293e-06
5.06258e-05
3.73255e-06
5.02751e-05
3.85963e-06
4.9908e-05
3.96773e-06
4.95253e-05
4.0599e-06
4.91277e-05
4.13874e-06
4.87159e-05
4.20643e-06
4.82902e-05
4.2648e-06
4.78511e-05
4.31535e-06
4.73987e-05
4.35933e-06
4.69333e-05
4.3977e-06
4.64552e-05
4.43123e-06
4.59644e-05
4.4605e-06
4.54612e-05
4.48591e-06
4.49457e-05
4.50771e-06
4.44181e-05
4.52604e-06
4.38786e-05
4.54092e-06
4.33274e-05
4.55226e-06
4.27649e-05
4.55991e-06
4.21914e-05
4.56365e-06
4.16073e-05
4.56321e-06
4.10131e-05
4.55826e-06
4.04093e-05
4.54847e-06
3.97966e-05
4.53348e-06
3.91757e-05
4.51293e-06
3.85473e-05
4.48648e-06
3.79125e-05
4.45377e-06
3.72721e-05
4.41453e-06
3.66273e-05
4.36848e-06
3.59792e-05
4.3154e-06
3.53291e-05
4.25515e-06
3.46783e-05
4.18762e-06
3.40281e-05
4.11279e-06
3.338e-05
4.0307e-06
3.27355e-05
3.94149e-06
3.20962e-05
3.84534e-06
3.14635e-05
3.74253e-06
3.08391e-05
3.63342e-06
3.02244e-05
3.51842e-06
2.96209e-05
3.39801e-06
2.90302e-05
3.27273e-06
2.84535e-05
3.14316e-06
2.78923e-05
3.00992e-06
2.73477e-05
2.87365e-06
2.68208e-05
2.73502e-06
2.63126e-05
2.59469e-06
2.58239e-05
2.45332e-06
2.53555e-05
2.31157e-06
2.4908e-05
2.17007e-06
2.44817e-05
2.02942e-06
2.4077e-05
1.8902e-06
2.36939e-05
1.75293e-06
2.33327e-05
1.61812e-06
2.29931e-05
1.48621e-06
2.26749e-05
1.35762e-06
2.2378e-05
1.2327e-06
2.21019e-05
1.11176e-06
2.18462e-05
9.95028e-07
2.16104e-05
8.82699e-07
2.1394e-05
7.74896e-07
2.11964e-05
6.71675e-07
2.1017e-05
5.73044e-07
2.08552e-05
4.7894e-07
2.07104e-05
3.89249e-07
2.05819e-05
3.03823e-07
2.04691e-05
2.22487e-07
2.03713e-05
1.45024e-07
2.02879e-05
7.12382e-08
2.02184e-05
7.51142e-10
2.01619e-05
-6.62057e-08
2.01178e-05
-1.3017e-07
2.00856e-05
-1.91095e-07
2.00646e-05
-2.49059e-07
2.00541e-05
-3.04088e-07
2.00535e-05
-3.56169e-07
2.00621e-05
-4.05254e-07
2.00793e-05
-4.51274e-07
2.01045e-05
-4.94153e-07
2.0137e-05
-5.33819e-07
2.01763e-05
-5.70224e-07
2.02217e-05
-6.03353e-07
2.02729e-05
-6.33236e-07
2.03291e-05
-6.59953e-07
2.03899e-05
-6.83641e-07
2.0455e-05
-7.04488e-07
2.05238e-05
-7.22726e-07
2.0596e-05
-7.38627e-07
2.06714e-05
-7.52484e-07
2.07496e-05
-7.646e-07
2.08303e-05
-7.75274e-07
2.09134e-05
-7.84782e-07
2.09988e-05
-7.93371e-07
2.10861e-05
-8.01247e-07
2.11753e-05
-8.0857e-07
2.12663e-05
-8.15451e-07
2.1359e-05
-8.21958e-07
2.14531e-05
-8.28115e-07
2.15487e-05
-8.33919e-07
2.16457e-05
-8.39343e-07
2.17438e-05
-8.44349e-07
2.1843e-05
-8.48904e-07
2.19433e-05
-8.52981e-07
2.20444e-05
-8.5659e-07
2.21464e-05
-8.59728e-07
2.22491e-05
-8.62554e-07
2.23524e-05
-8.64919e-07
2.24566e-05
-8.6774e-07
2.25607e-05
-8.694e-07
2.26684e-05
-8.74883e-07
-8.78137e-07
-5.07324e-07
2.40649e-06
-1.07034e-06
3.49297e-06
-1.57002e-06
3.5301e-06
-1.99494e-06
3.32524e-06
-2.3603e-06
3.11482e-06
-2.67742e-06
2.92492e-06
-2.95535e-06
2.75707e-06
-3.20078e-06
2.60738e-06
-3.41865e-06
2.47255e-06
-3.61266e-06
2.34995e-06
-3.78568e-06
2.23757e-06
-3.93993e-06
2.13384e-06
-4.07717e-06
2.03754e-06
-4.19886e-06
1.94771e-06
-4.30615e-06
1.86356e-06
-4.39998e-06
1.78445e-06
-4.48112e-06
1.70988e-06
-4.55017e-06
1.63944e-06
-4.60761e-06
1.5728e-06
-4.65377e-06
1.50964e-06
-4.68885e-06
1.44969e-06
-4.71293e-06
1.39272e-06
-4.72596e-06
1.33855e-06
-4.72777e-06
1.28697e-06
-4.71799e-06
1.23777e-06
-4.69614e-06
1.19075e-06
-4.66149e-06
1.14571e-06
-4.61315e-06
1.1024e-06
-4.54994e-06
1.06049e-06
-4.47043e-06
1.01965e-06
-4.37286e-06
9.79294e-07
-4.25511e-06
9.38644e-07
-4.11468e-06
8.96645e-07
-3.94859e-06
8.51764e-07
-3.75331e-06
8.01967e-07
-3.5247e-06
7.44723e-07
-3.25789e-06
6.77092e-07
-2.9471e-06
5.95573e-07
-2.58534e-06
4.96254e-07
-2.16471e-06
3.75656e-07
-1.67551e-06
2.28712e-07
-1.10658e-06
4.95597e-08
-4.4569e-07
-1.69e-07
3.20733e-07
-4.38926e-07
1.20621e-06
-7.76882e-07
2.22346e-06
-1.20551e-06
3.383e-06
-1.75285e-06
4.69144e-06
-2.45088e-06
6.15281e-06
-3.3284e-06
7.76782e-06
-4.40795e-06
9.53493e-06
-5.70138e-06
1.14523e-05
-7.20482e-06
1.35176e-05
-8.90031e-06
1.57268e-05
-1.07562e-05
1.8073e-05
-1.27272e-05
2.0544e-05
-1.47555e-05
2.31209e-05
-1.67723e-05
2.57773e-05
-1.86992e-05
2.84795e-05
-2.04532e-05
3.11878e-05
-2.19523e-05
3.386e-05
-2.3122e-05
3.64532e-05
-2.39041e-05
3.89281e-05
-2.42608e-05
4.1251e-05
-2.4179e-05
4.3396e-05
-2.36712e-05
4.53457e-05
-2.2773e-05
4.70913e-05
-2.15386e-05
4.86315e-05
-2.00345e-05
4.99717e-05
-1.8333e-05
5.11221e-05
-1.65063e-05
5.20963e-05
-1.46211e-05
5.29099e-05
-1.27358e-05
5.35793e-05
-1.08979e-05
5.41207e-05
-9.14418e-06
5.45494e-05
-7.50038e-06
5.48795e-05
-5.98288e-06
5.51237e-05
-4.6e-06
5.5293e-05
-3.35369e-06
5.53971e-05
-2.2411e-06
5.54442e-05
-1.25599e-06
5.54415e-05
-3.89994e-07
5.53949e-05
3.66902e-07
5.53095e-05
1.02494e-06
5.51897e-05
1.59447e-06
5.50391e-05
2.0856e-06
5.4861e-05
2.50785e-06
5.4658e-05
2.86999e-06
5.44325e-05
3.18001e-06
5.41863e-05
3.44513e-06
5.39212e-05
3.67176e-06
5.36385e-05
3.86558e-06
5.33396e-05
4.03154e-06
5.30252e-05
4.17398e-06
5.26963e-05
4.29663e-06
5.23535e-05
4.40269e-06
5.19974e-05
4.49488e-06
5.16283e-05
4.57553e-06
5.12465e-05
4.64654e-06
5.08524e-05
4.70953e-06
5.04459e-05
4.76578e-06
5.00273e-05
4.81634e-06
4.95965e-05
4.862e-06
4.91536e-05
4.90338e-06
4.86986e-05
4.9409e-06
4.82315e-05
4.97481e-06
4.77524e-05
5.00524e-06
4.72611e-05
5.03219e-06
4.67578e-05
5.05556e-06
4.62425e-05
5.07515e-06
4.57155e-05
5.09069e-06
4.51769e-05
5.10185e-06
4.46269e-05
5.10826e-06
4.40659e-05
5.10948e-06
4.34943e-05
5.10509e-06
4.29125e-05
5.09464e-06
4.23213e-05
5.07769e-06
4.17213e-05
5.0538e-06
4.11133e-05
5.02258e-06
4.04981e-05
4.98366e-06
3.98767e-05
4.93673e-06
3.92504e-05
4.88152e-06
3.86202e-05
4.81785e-06
3.79873e-05
4.7456e-06
3.73533e-05
4.66473e-06
3.67195e-05
4.57531e-06
3.60874e-05
4.47746e-06
3.54585e-05
4.37141e-06
3.48344e-05
4.25748e-06
3.42168e-05
4.13607e-06
3.36071e-05
4.00767e-06
3.3007e-05
3.87283e-06
3.2418e-05
3.73217e-06
3.18416e-05
3.58637e-06
3.12791e-05
3.43614e-06
3.07319e-05
3.28225e-06
3.02011e-05
3.12546e-06
2.96878e-05
2.96657e-06
2.91931e-05
2.80634e-06
2.87176e-05
2.64556e-06
2.82621e-05
2.48496e-06
2.7827e-05
2.32526e-06
2.74128e-05
2.16715e-06
2.70196e-05
2.01125e-06
2.66477e-05
1.85815e-06
2.62969e-05
1.70838e-06
2.59672e-05
1.56239e-06
2.56584e-05
1.42058e-06
2.53701e-05
1.28329e-06
2.51021e-05
1.15077e-06
2.48538e-05
1.0232e-06
2.46248e-05
9.00684e-07
2.44145e-05
7.83269e-07
2.42226e-05
6.70926e-07
2.40482e-05
5.63563e-07
2.3891e-05
4.61053e-07
2.37503e-05
3.63232e-07
2.36254e-05
2.69902e-07
2.35158e-05
1.80864e-07
2.34207e-05
9.58553e-08
2.33396e-05
1.4884e-08
2.32718e-05
-6.23561e-08
2.32166e-05
-1.35927e-07
2.31734e-05
-2.05853e-07
2.31415e-05
-2.72164e-07
2.31201e-05
-3.34841e-07
2.31087e-05
-3.93837e-07
2.31065e-05
-4.49087e-07
2.31129e-05
-5.00524e-07
2.31272e-05
-5.48092e-07
2.31487e-05
-5.91761e-07
2.31769e-05
-6.31543e-07
2.32112e-05
-6.67497e-07
2.32509e-05
-6.9974e-07
2.32957e-05
-7.28446e-07
2.33451e-05
-7.53847e-07
2.33986e-05
-7.7622e-07
2.34558e-05
-7.9588e-07
2.35165e-05
-8.13163e-07
2.35803e-05
-8.28414e-07
2.3647e-05
-8.41968e-07
2.37164e-05
-8.54136e-07
2.37882e-05
-8.65194e-07
2.38623e-05
-8.75369e-07
2.39386e-05
-8.84839e-07
2.40169e-05
-8.93729e-07
2.4097e-05
-9.02114e-07
2.41789e-05
-9.10025e-07
2.42625e-05
-9.17459e-07
2.43475e-05
-9.24392e-07
2.4434e-05
-9.30786e-07
2.45217e-05
-9.36611e-07
2.46105e-05
-9.41841e-07
2.47004e-05
-9.46495e-07
2.47913e-05
-9.50572e-07
2.4883e-05
-9.54277e-07
2.49755e-05
-9.57371e-07
2.50689e-05
-9.61209e-07
2.51624e-05
-9.62863e-07
2.52592e-05
-9.71708e-07
-9.68439e-07
-5.73685e-07
2.98018e-06
-1.14288e-06
4.06216e-06
-1.61646e-06
4.00369e-06
-1.998e-06
3.70677e-06
-2.31037e-06
3.42719e-06
-2.56893e-06
3.18348e-06
-2.78508e-06
2.97322e-06
-2.96685e-06
2.78916e-06
-3.11996e-06
2.62566e-06
-3.24858e-06
2.47857e-06
-3.35586e-06
2.34484e-06
-3.4442e-06
2.22218e-06
-3.51549e-06
2.10884e-06
-3.57124e-06
2.00346e-06
-3.61263e-06
1.90494e-06
-3.64058e-06
1.81241e-06
-3.65584e-06
1.72513e-06
-3.65893e-06
1.64254e-06
-3.65025e-06
1.56412e-06
-3.63003e-06
1.48941e-06
-3.59834e-06
1.41799e-06
-3.55509e-06
1.34948e-06
-3.50008e-06
1.28354e-06
-3.4329e-06
1.2198e-06
-3.35298e-06
1.15785e-06
-3.25956e-06
1.09733e-06
-3.15163e-06
1.03779e-06
-3.02797e-06
9.78742e-07
-2.88704e-06
9.19555e-07
-2.72702e-06
8.59632e-07
-2.54571e-06
7.97989e-07
-2.34054e-06
7.33474e-07
-2.10851e-06
6.6461e-07
-1.84612e-06
5.89379e-07
-1.54937e-06
5.05216e-07
-1.21362e-06
4.08974e-07
-8.33645e-07
2.97114e-07
-4.03356e-07
1.65283e-07
8.46158e-08
8.28238e-09
6.37898e-07
-1.77626e-07
1.26643e-06
-3.9982e-07
1.98059e-06
-6.64606e-07
2.79248e-06
-9.8089e-07
3.71459e-06
-1.36103e-06
4.7594e-06
-1.82169e-06
5.93841e-06
-2.38452e-06
7.261e-06
-3.07544e-06
8.7333e-06
-3.92318e-06
1.03586e-05
-4.95367e-06
1.21373e-05
-6.18666e-06
1.40675e-05
-7.63164e-06
1.61462e-05
-9.28344e-06
1.8368e-05
-1.11222e-05
2.07248e-05
-1.3113e-05
2.32037e-05
-1.52061e-05
2.57854e-05
-1.73372e-05
2.84434e-05
-1.94302e-05
3.11437e-05
-2.13995e-05
3.38468e-05
-2.31563e-05
3.65093e-05
-2.46148e-05
3.90878e-05
-2.57006e-05
4.15416e-05
-2.63579e-05
4.38357e-05
-2.65549e-05
4.59434e-05
-2.62866e-05
4.78467e-05
-2.55745e-05
4.9537e-05
-2.44634e-05
5.10142e-05
-2.30159e-05
5.22854e-05
-2.13056e-05
5.33629e-05
-1.94105e-05
5.4263e-05
-1.74064e-05
5.50039e-05
-1.53621e-05
5.56046e-05
-1.33365e-05
5.60835e-05
-1.13768e-05
5.64577e-05
-9.51837e-06
5.67426e-05
-7.7853e-06
5.69517e-05
-6.19199e-06
5.70965e-05
-4.74476e-06
5.71865e-05
-3.44369e-06
5.72296e-05
-2.28425e-06
5.72324e-05
-1.25875e-06
5.72e-05
-3.57642e-07
5.71367e-05
4.30214e-07
5.70459e-05
1.11574e-06
5.69304e-05
1.70995e-06
5.67926e-05
2.22347e-06
5.66342e-05
2.66619e-06
5.6457e-05
3.04721e-06
5.62622e-05
3.37478e-06
5.60511e-05
3.6563e-06
5.58245e-05
3.89837e-06
5.55832e-05
4.10681e-06
5.53281e-05
4.2867e-06
5.50596e-05
4.44247e-06
5.47783e-05
4.57797e-06
5.44845e-05
4.69647e-06
5.41785e-05
4.8008e-06
5.38607e-05
4.89333e-06
5.35312e-05
4.97606e-06
5.31901e-05
5.05064e-06
5.28375e-05
5.11843e-06
5.24733e-05
5.1805e-06
5.20976e-05
5.2377e-06
5.17103e-05
5.29067e-06
5.13114e-05
5.33984e-06
5.09007e-05
5.38549e-06
5.04782e-05
5.42775e-06
5.00438e-05
5.46661e-06
4.95973e-05
5.50196e-06
4.91389e-05
5.53357e-06
4.86685e-05
5.56114e-06
4.8186e-05
5.5843e-06
4.76917e-05
5.60261e-06
4.71856e-05
5.61559e-06
4.66679e-05
5.62274e-06
4.6139e-05
5.62353e-06
4.55993e-05
5.61743e-06
4.50492e-05
5.60392e-06
4.44892e-05
5.5825e-06
4.39202e-05
5.55269e-06
4.33428e-05
5.51409e-06
4.2758e-05
5.46633e-06
4.21668e-05
5.40911e-06
4.15702e-05
5.34221e-06
4.09694e-05
5.26549e-06
4.03658e-05
5.17892e-06
3.97607e-05
5.08255e-06
3.91556e-05
4.97654e-06
3.85519e-05
4.86114e-06
3.79513e-05
4.73671e-06
3.73552e-05
4.60371e-06
3.67654e-05
4.46268e-06
3.61833e-05
4.31426e-06
3.56105e-05
4.15915e-06
3.50485e-05
3.99811e-06
3.44988e-05
3.83198e-06
3.39627e-05
3.66161e-06
3.34414e-05
3.48788e-06
3.2936e-05
3.31169e-06
3.24476e-05
3.13394e-06
3.19771e-05
2.9555e-06
3.15251e-05
2.77725e-06
3.10923e-05
2.59998e-06
3.06791e-05
2.42449e-06
3.02857e-05
2.25148e-06
2.99125e-05
2.08161e-06
2.95594e-05
1.91547e-06
2.92264e-05
1.75355e-06
2.89135e-05
1.59628e-06
2.86202e-05
1.444e-06
2.83465e-05
1.29696e-06
2.80918e-05
1.15533e-06
2.78559e-05
1.0192e-06
2.76382e-05
8.88587e-07
2.74384e-05
7.63433e-07
2.72558e-05
6.43639e-07
2.70899e-05
5.29066e-07
2.69403e-05
4.19542e-07
2.68063e-05
3.14886e-07
2.66872e-05
2.14894e-07
2.65826e-05
1.19522e-07
2.64917e-05
2.85419e-08
2.64139e-05
-5.81248e-08
2.63485e-05
-1.40494e-07
2.62949e-05
-2.18558e-07
2.62524e-05
-2.92291e-07
2.62202e-05
-3.61642e-07
2.61977e-05
-4.26548e-07
2.61841e-05
-4.86947e-07
2.61788e-05
-5.42797e-07
2.61811e-05
-5.9409e-07
2.61904e-05
-6.40861e-07
2.62061e-05
-6.83205e-07
2.62277e-05
-7.21275e-07
2.62545e-05
-7.55288e-07
2.62862e-05
-7.85519e-07
2.63223e-05
-8.12293e-07
2.63624e-05
-8.3597e-07
2.64061e-05
-8.56932e-07
2.64533e-05
-8.75564e-07
2.65035e-05
-8.92241e-07
2.65567e-05
-9.07305e-07
2.66126e-05
-9.21061e-07
2.6671e-05
-9.33758e-07
2.67317e-05
-9.45591e-07
2.67947e-05
-9.56696e-07
2.68597e-05
-9.67157e-07
2.69267e-05
-9.77009e-07
2.69955e-05
-9.86253e-07
2.7066e-05
-9.94862e-07
2.7138e-05
-1.0028e-06
2.72114e-05
-1.01005e-06
2.72862e-05
-1.01657e-06
2.73621e-05
-1.0224e-06
2.7439e-05
-1.02755e-06
2.7517e-05
-1.03224e-06
2.75958e-05
-1.03618e-06
2.76757e-05
-1.04108e-06
2.77557e-05
-1.04291e-06
2.78387e-05
-1.05471e-06
-1.04611e-06
-6.39604e-07
3.61978e-06
-1.18726e-06
4.60982e-06
-1.60258e-06
4.419e-06
-1.91098e-06
4.01518e-06
-2.14334e-06
3.65955e-06
-2.31889e-06
3.35903e-06
-2.45102e-06
3.10535e-06
-2.5488e-06
2.88694e-06
-2.61843e-06
2.69528e-06
-2.66431e-06
2.52445e-06
-2.68971e-06
2.37025e-06
-2.69708e-06
2.22955e-06
-2.68833e-06
2.10008e-06
-2.66491e-06
1.98004e-06
-2.62796e-06
1.86799e-06
-2.57833e-06
1.76278e-06
-2.51666e-06
1.66346e-06
-2.44339e-06
1.56927e-06
-2.35877e-06
1.4795e-06
-2.2629e-06
1.39354e-06
-2.15567e-06
1.31077e-06
-2.03685e-06
1.23066e-06
-1.90602e-06
1.1527e-06
-1.76256e-06
1.07634e-06
-1.60567e-06
1.00096e-06
-1.43432e-06
9.25975e-07
-1.24724e-06
8.50715e-07
-1.0429e-06
7.74397e-07
-8.19418e-07
6.96077e-07
-5.74653e-07
6.14868e-07
-3.06015e-07
5.2935e-07
-1.05297e-08
4.3799e-07
3.15211e-07
3.3887e-07
6.75121e-07
2.2947e-07
1.07362e-06
1.0672e-07
1.51574e-06
-3.31534e-08
2.00698e-06
-1.94119e-07
2.5539e-06
-3.81637e-07
3.16328e-06
-6.01098e-07
3.84387e-06
-8.58217e-07
4.60458e-06
-1.16053e-06
5.45577e-06
-1.51579e-06
6.40878e-06
-1.93391e-06
7.47545e-06
-2.4277e-06
8.66746e-06
-3.0137e-06
9.99545e-06
-3.71251e-06
1.14681e-05
-4.54811e-06
1.30911e-05
-5.5462e-06
1.48672e-05
-6.72976e-06
1.6796e-05
-8.11545e-06
1.8874e-05
-9.70966e-06
2.10951e-05
-1.15045e-05
2.34494e-05
-1.34765e-05
2.59225e-05
-1.55861e-05
2.84938e-05
-1.77774e-05
3.11361e-05
-1.99795e-05
3.38149e-05
-2.2109e-05
3.64901e-05
-2.40747e-05
3.91176e-05
-2.57838e-05
4.1653e-05
-2.71503e-05
4.40546e-05
-2.81021e-05
4.62861e-05
-2.85894e-05
4.83198e-05
-2.85886e-05
5.01373e-05
-2.81041e-05
5.17303e-05
-2.71675e-05
5.30997e-05
-2.58328e-05
5.42546e-05
-2.41707e-05
5.52101e-05
-2.22611e-05
5.59855e-05
-2.0186e-05
5.66027e-05
-1.80235e-05
5.70838e-05
-1.58432e-05
5.74504e-05
-1.37031e-05
5.77224e-05
-1.16488e-05
5.79172e-05
-9.71318e-06
5.80497e-05
-7.91783e-06
5.81323e-05
-6.27451e-06
5.81746e-05
-4.78712e-06
5.81845e-05
-3.45355e-06
5.81677e-05
-2.26746e-06
5.81286e-05
-1.21967e-06
5.80705e-05
-2.99483e-07
5.79954e-05
5.05302e-07
5.7905e-05
1.20608e-06
5.78006e-05
1.81441e-06
5.76828e-05
2.34127e-06
5.75522e-05
2.79676e-06
5.74093e-05
3.19014e-06
5.72543e-05
3.52976e-06
5.70875e-05
3.8231e-06
5.69091e-05
4.07681e-06
5.67192e-05
4.29671e-06
5.65179e-05
4.48792e-06
5.63055e-05
4.65491e-06
5.6082e-05
4.80151e-06
5.58474e-05
4.93104e-06
5.56019e-05
5.04634e-06
5.53454e-05
5.1498e-06
5.5078e-05
5.24344e-06
5.47997e-05
5.32895e-06
5.45104e-05
5.40769e-06
5.42102e-05
5.48078e-06
5.38988e-05
5.54909e-06
5.35762e-05
5.61325e-06
5.32423e-05
5.67374e-06
5.28969e-05
5.73084e-06
5.254e-05
5.78468e-06
5.21713e-05
5.83526e-06
5.17909e-05
5.88245e-06
5.13984e-05
5.92602e-06
5.09939e-05
5.96564e-06
5.05773e-05
6.00091e-06
5.01486e-05
6.03135e-06
4.97077e-05
6.05645e-06
4.92548e-05
6.07563e-06
4.879e-05
6.08831e-06
4.83136e-05
6.09389e-06
4.78257e-05
6.09176e-06
4.73269e-05
6.08133e-06
4.68176e-05
6.06204e-06
4.62983e-05
6.03338e-06
4.57697e-05
5.99487e-06
4.52327e-05
5.94611e-06
4.46882e-05
5.88677e-06
4.4137e-05
5.81662e-06
4.35804e-05
5.73551e-06
4.30196e-05
5.6434e-06
4.24558e-05
5.54035e-06
4.18904e-05
5.42655e-06
4.13248e-05
5.30228e-06
4.07605e-05
5.16795e-06
4.01991e-05
5.02408e-06
3.96421e-05
4.87126e-06
3.90911e-05
4.71021e-06
3.85475e-05
4.54172e-06
3.80128e-05
4.36665e-06
3.74885e-05
4.18592e-06
3.69759e-05
4.00049e-06
3.64762e-05
3.81134e-06
3.59907e-05
3.61949e-06
3.55202e-05
3.42594e-06
3.50658e-05
3.23167e-06
3.46282e-05
3.03762e-06
3.42079e-05
2.84472e-06
3.38056e-05
2.6538e-06
3.34216e-05
2.46565e-06
3.30561e-05
2.28098e-06
3.27092e-05
2.1004e-06
3.23811e-05
1.92444e-06
3.20715e-05
1.75353e-06
3.17805e-05
1.58801e-06
3.15077e-05
1.4281e-06
3.12529e-05
1.27396e-06
3.10159e-05
1.12567e-06
3.07961e-05
9.83198e-07
3.05932e-05
8.46496e-07
3.04069e-05
7.15457e-07
3.02365e-05
5.89942e-07
3.00815e-05
4.69802e-07
2.99416e-05
3.54879e-07
2.9816e-05
2.45111e-07
2.97042e-05
1.40355e-07
2.96055e-05
4.05395e-08
2.95194e-05
-5.43586e-08
2.94451e-05
-1.44304e-07
2.9382e-05
-2.29242e-07
2.93295e-05
-3.09109e-07
2.92868e-05
-3.83837e-07
2.92532e-05
-4.5337e-07
2.92281e-05
-5.17675e-07
2.92108e-05
-5.76762e-07
2.92006e-05
-6.30693e-07
2.9197e-05
-6.79594e-07
2.91994e-05
-7.23658e-07
2.92072e-05
-7.63142e-07
2.92201e-05
-7.98367e-07
2.92375e-05
-8.29705e-07
2.92591e-05
-8.57563e-07
2.92845e-05
-8.82368e-07
2.93135e-05
-9.04548e-07
2.93458e-05
-9.24512e-07
2.93811e-05
-9.42638e-07
2.94193e-05
-9.59255e-07
2.94602e-05
-9.74636e-07
2.95036e-05
-9.8899e-07
2.95494e-05
-1.00247e-06
2.95974e-05
-1.01515e-06
2.96474e-05
-1.02709e-06
2.96995e-05
-1.03828e-06
2.97533e-05
-1.0487e-06
2.98088e-05
-1.05832e-06
2.98659e-05
-1.06711e-06
2.99244e-05
-1.07504e-06
2.99841e-05
-1.08217e-06
3.0045e-05
-1.08848e-06
3.01071e-05
-1.09426e-06
3.017e-05
-1.09914e-06
3.02341e-05
-1.10513e-06
3.02985e-05
-1.10731e-06
3.03653e-05
-1.12158e-06
-1.10895e-06
-7.01037e-07
4.32082e-06
-1.18796e-06
5.09674e-06
-1.5026e-06
4.73365e-06
-1.70142e-06
4.214e-06
-1.8222e-06
3.78032e-06
-1.88711e-06
3.42394e-06
-1.91078e-06
3.12903e-06
-1.90274e-06
2.87889e-06
-1.86918e-06
2.66172e-06
-1.81442e-06
2.46968e-06
-1.74158e-06
2.29741e-06
-1.65298e-06
2.14095e-06
-1.55035e-06
1.99745e-06
-1.435e-06
1.8647e-06
-1.30792e-06
1.74091e-06
-1.16979e-06
1.62465e-06
-1.02109e-06
1.51476e-06
-8.62074e-07
1.41026e-06
-6.92837e-07
1.31027e-06
-5.13273e-07
1.21397e-06
-3.23099e-07
1.12059e-06
-1.2186e-07
1.02942e-06
9.10825e-08
9.3976e-07
3.16568e-07
8.50853e-07
5.55656e-07
7.61871e-07
8.09624e-07
6.72007e-07
1.08002e-06
5.80321e-07
1.36867e-06
4.85742e-07
1.67778e-06
3.86972e-07
2.00977e-06
2.82882e-07
2.36759e-06
1.71522e-07
2.7546e-06
5.09849e-08
3.17452e-06
-8.10566e-08
3.63167e-06
-2.27672e-07
4.13085e-06
-3.92459e-07
4.67732e-06
-5.79629e-07
5.27716e-06
-7.93961e-07
5.93685e-06
-1.04132e-06
6.66362e-06
-1.32787e-06
7.46586e-06
-1.66046e-06
8.3525e-06
-2.04717e-06
9.33357e-06
-2.49686e-06
1.04198e-05
-3.02016e-06
1.16224e-05
-3.63026e-06
1.29521e-05
-4.34342e-06
1.44187e-05
-5.17912e-06
1.603e-05
-6.15934e-06
1.77905e-05
-7.30675e-06
1.97017e-05
-8.64096e-06
2.17611e-05
-1.01748e-05
2.3962e-05
-1.19106e-05
2.62936e-05
-1.38361e-05
2.87399e-05
-1.59228e-05
3.12789e-05
-1.81251e-05
3.38821e-05
-2.03807e-05
3.65144e-05
-2.26118e-05
3.91349e-05
-2.47295e-05
4.1699e-05
-2.66388e-05
4.41614e-05
-2.82461e-05
4.6479e-05
-2.94679e-05
4.86147e-05
-3.02378e-05
5.05395e-05
-3.05143e-05
5.22344e-05
-3.02835e-05
5.3691e-05
-2.95607e-05
5.49112e-05
-2.83877e-05
5.59057e-05
-2.68273e-05
5.66925e-05
-2.49575e-05
5.72943e-05
-2.2863e-05
5.77369e-05
-2.06286e-05
5.80467e-05
-1.83333e-05
5.82493e-05
-1.60457e-05
5.83681e-05
-1.38218e-05
5.84235e-05
-1.17042e-05
5.84326e-05
-9.72235e-06
5.84093e-05
-7.89453e-06
5.83641e-05
-6.22931e-06
5.83047e-05
-4.72776e-06
5.82366e-05
-3.38543e-06
5.81632e-05
-2.19405e-06
5.80865e-05
-1.14298e-06
5.80076e-05
-2.20533e-07
5.79263e-05
5.86539e-07
5.78426e-05
1.28977e-06
5.77558e-05
1.90123e-06
5.76651e-05
2.43197e-06
5.75697e-05
2.89216e-06
5.74688e-05
3.29103e-06
5.73617e-05
3.63691e-06
5.72476e-05
3.9372e-06
5.71259e-05
4.19845e-06
5.69962e-05
4.42642e-06
5.6858e-05
4.62615e-06
5.67109e-05
4.80202e-06
5.65546e-05
4.95782e-06
5.63888e-05
5.09682e-06
5.62133e-05
5.22182e-06
5.60279e-05
5.33517e-06
5.58325e-05
5.43889e-06
5.56268e-05
5.53465e-06
5.54107e-05
5.6238e-06
5.5184e-05
5.70746e-06
5.49466e-05
5.78648e-06
5.46983e-05
5.86154e-06
5.4439e-05
5.93309e-06
5.41684e-05
6.00141e-06
5.38864e-05
6.06665e-06
5.35929e-05
6.1288e-06
5.32876e-05
6.18773e-06
5.29704e-05
6.24319e-06
5.26412e-05
6.29486e-06
5.22998e-05
6.34229e-06
5.19462e-05
6.385e-06
5.15802e-05
6.42241e-06
5.12019e-05
6.45394e-06
5.08113e-05
6.47893e-06
5.04085e-05
6.49672e-06
4.99936e-05
6.50665e-06
4.95668e-05
6.50806e-06
4.91286e-05
6.50029e-06
4.86792e-05
6.48274e-06
4.82192e-05
6.45485e-06
4.77492e-05
6.41611e-06
4.72699e-05
6.3661e-06
4.67821e-05
6.30447e-06
4.62866e-05
6.23098e-06
4.57845e-05
6.14547e-06
4.5277e-05
6.04792e-06
4.47651e-05
5.93842e-06
4.42502e-05
5.81718e-06
4.37336e-05
5.68453e-06
4.32168e-05
5.54092e-06
4.27011e-05
5.38694e-06
4.21881e-05
5.22325e-06
4.16791e-05
5.05065e-06
4.11758e-05
4.87001e-06
4.06794e-05
4.68229e-06
4.01914e-05
4.48849e-06
3.97131e-05
4.28967e-06
3.92456e-05
4.08693e-06
3.87902e-05
3.88135e-06
3.83478e-05
3.67405e-06
3.79194e-05
3.46607e-06
3.75056e-05
3.25846e-06
3.71073e-05
3.05219e-06
3.67247e-05
2.84816e-06
3.63585e-05
2.64719e-06
3.60089e-05
2.45002e-06
3.56761e-05
2.25727e-06
3.53602e-05
2.06947e-06
3.50611e-05
1.88704e-06
3.47789e-05
1.7103e-06
3.45134e-05
1.53946e-06
3.42644e-05
1.37465e-06
3.40317e-05
1.21592e-06
3.3815e-05
1.06324e-06
3.36139e-05
9.16563e-07
3.3428e-05
7.75785e-07
3.3257e-05
6.40798e-07
3.31004e-05
5.1149e-07
3.29577e-05
3.87808e-07
3.28284e-05
2.69668e-07
3.27119e-05
1.5704e-07
3.26076e-05
4.99239e-08
3.2515e-05
-5.1645e-08
3.24333e-05
-1.47586e-07
3.2362e-05
-2.3781e-07
3.23004e-05
-3.22236e-07
3.22479e-05
-4.00807e-07
3.22037e-05
-4.73498e-07
3.21672e-05
-5.40334e-07
3.2138e-05
-6.01398e-07
3.21152e-05
-6.56847e-07
3.20985e-05
-7.0691e-07
3.20872e-05
-7.51886e-07
3.2081e-05
-7.92138e-07
3.20794e-05
-8.28085e-07
3.2082e-05
-8.60179e-07
3.20885e-05
-8.8889e-07
3.20986e-05
-9.14686e-07
3.21121e-05
-9.38015e-07
3.21288e-05
-9.59284e-07
3.21484e-05
-9.78849e-07
3.21707e-05
-9.97001e-07
3.21957e-05
-1.01397e-06
3.22232e-05
-1.0299e-06
3.22529e-05
-1.04491e-06
3.22848e-05
-1.05902e-06
3.23188e-05
-1.07225e-06
3.23547e-05
-1.08457e-06
3.23923e-05
-1.09595e-06
3.24316e-05
-1.10636e-06
3.24723e-05
-1.1158e-06
3.25144e-05
-1.12429e-06
3.25578e-05
-1.13185e-06
3.26023e-05
-1.13878e-06
3.26479e-05
-1.14468e-06
3.26945e-05
-1.15176e-06
3.27417e-05
-1.15448e-06
3.27908e-05
-1.17068e-06
-1.15536e-06
-7.45923e-07
5.06674e-06
-1.11607e-06
5.46689e-06
-1.27305e-06
4.89062e-06
-1.317e-06
4.25795e-06
-1.28902e-06
3.75234e-06
-1.21194e-06
3.34687e-06
-1.1003e-06
3.01738e-06
-9.63065e-07
2.74166e-06
-8.05764e-07
2.50442e-06
-6.32103e-07
2.29602e-06
-4.44722e-07
2.11003e-06
-2.45503e-07
1.94173e-06
-3.58275e-08
1.78778e-06
1.83322e-07
1.64555e-06
4.11268e-07
1.51296e-06
6.47591e-07
1.38833e-06
8.92085e-07
1.27027e-06
1.14473e-06
1.15761e-06
1.4057e-06
1.0493e-06
1.67534e-06
9.44334e-07
1.95418e-06
8.41755e-07
2.24292e-06
7.40685e-07
2.54245e-06
6.40231e-07
2.85387e-06
5.39426e-07
3.17852e-06
4.37224e-07
3.51793e-06
3.32595e-07
3.87395e-06
2.243e-07
4.2487e-06
1.10993e-07
4.64469e-06
-9.01735e-09
5.06461e-06
-1.3704e-07
5.51182e-06
-2.75689e-07
5.98995e-06
-4.27144e-07
6.50317e-06
-5.94276e-07
7.05607e-06
-7.8057e-07
7.65372e-06
-9.90112e-07
8.30174e-06
-1.22765e-06
9.00638e-06
-1.4986e-06
9.77437e-06
-1.80931e-06
1.06132e-05
-2.16666e-06
1.1531e-05
-2.57825e-06
1.25366e-05
-3.0528e-06
1.36396e-05
-3.59992e-06
1.48502e-05
-4.23075e-06
1.61786e-05
-4.95858e-06
1.76343e-05
-5.79915e-06
1.92258e-05
-6.7706e-06
2.0959e-05
-7.89258e-06
2.28367e-05
-9.18443e-06
2.48574e-05
-1.06617e-05
2.70153e-05
-1.23327e-05
2.9299e-05
-1.41942e-05
3.16916e-05
-1.62287e-05
3.41702e-05
-1.84014e-05
3.67053e-05
-2.06602e-05
3.9261e-05
-2.29364e-05
4.17959e-05
-2.51467e-05
4.4265e-05
-2.71986e-05
4.66223e-05
-2.8996e-05
4.88239e-05
-3.04478e-05
5.08315e-05
-3.14754e-05
5.26148e-05
-3.20211e-05
5.41538e-05
-3.20532e-05
5.54395e-05
-3.15692e-05
5.64741e-05
-3.05953e-05
5.72696e-05
-2.91831e-05
5.78462e-05
-2.7404e-05
5.82303e-05
-2.53415e-05
5.84516e-05
-2.30842e-05
5.85411e-05
-2.07182e-05
5.85292e-05
-1.83214e-05
5.84438e-05
-1.59603e-05
5.83093e-05
-1.36873e-05
5.81461e-05
-1.15409e-05
5.797e-05
-9.54633e-06
5.77933e-05
-7.71776e-06
5.76241e-05
-6.06012e-06
5.74677e-05
-4.57141e-06
5.7327e-05
-3.24469e-06
5.72027e-05
-2.06979e-06
5.70945e-05
-1.03473e-06
5.70009e-05
-1.2698e-07
5.69198e-05
6.67691e-07
5.6849e-05
1.36055e-06
5.67862e-05
1.96408e-06
5.67289e-05
2.48921e-06
5.66751e-05
2.94595e-06
5.66228e-05
3.34339e-06
5.657e-05
3.68964e-06
5.65154e-05
3.99188e-06
5.64574e-05
4.25646e-06
5.63948e-05
4.48894e-06
5.63268e-05
4.6942e-06
5.62524e-05
4.87645e-06
5.61708e-05
5.03937e-06
5.60815e-05
5.18611e-06
5.5984e-05
5.31935e-06
5.58778e-05
5.44141e-06
5.57624e-05
5.55422e-06
5.56377e-05
5.6594e-06
5.55032e-05
5.75828e-06
5.53587e-05
5.85194e-06
5.5204e-05
5.94123e-06
5.50387e-05
6.02679e-06
5.48627e-05
6.10908e-06
5.46758e-05
6.18837e-06
5.44776e-05
6.2648e-06
5.42681e-05
6.33836e-06
5.40469e-05
6.4089e-06
5.38139e-05
6.47619e-06
5.35689e-05
6.53987e-06
5.33117e-05
6.59949e-06
5.30421e-05
6.65454e-06
5.27601e-05
6.70443e-06
5.24655e-05
6.74852e-06
5.21583e-05
6.78613e-06
5.18385e-05
6.81655e-06
5.15061e-05
6.83907e-06
5.11612e-05
6.85295e-06
5.0804e-05
6.85748e-06
5.04348e-05
6.85197e-06
5.00539e-05
6.83578e-06
4.96616e-05
6.80832e-06
4.92587e-05
6.76907e-06
4.88456e-05
6.71758e-06
4.84231e-05
6.65349e-06
4.79919e-05
6.57658e-06
4.75531e-05
6.48672e-06
4.71077e-05
6.38388e-06
4.66567e-05
6.26821e-06
4.62012e-05
6.13994e-06
4.57427e-05
5.99948e-06
4.52823e-05
5.84732e-06
4.48214e-05
5.68412e-06
4.43615e-05
5.51062e-06
4.39038e-05
5.32771e-06
4.34497e-05
5.13633e-06
4.30007e-05
4.93753e-06
4.25579e-05
4.73241e-06
4.21227e-05
4.52213e-06
4.16962e-05
4.30785e-06
4.12795e-05
4.09075e-06
4.08736e-05
3.872e-06
4.04793e-05
3.65274e-06
4.00975e-05
3.43406e-06
3.97287e-05
3.21695e-06
3.93735e-05
3.00237e-06
3.90324e-05
2.79114e-06
3.87056e-05
2.58399e-06
3.83936e-05
2.38155e-06
3.80963e-05
2.18432e-06
3.78139e-05
1.99271e-06
3.75464e-05
1.80698e-06
3.72937e-05
1.62735e-06
3.70557e-05
1.4539e-06
3.68322e-05
1.28669e-06
3.66231e-05
1.12569e-06
3.6428e-05
9.70863e-07
3.62467e-05
8.22138e-07
3.60787e-05
6.79454e-07
3.59237e-05
5.42783e-07
3.57813e-05
4.12094e-07
3.5651e-05
2.87395e-07
3.55322e-05
1.6873e-07
3.54244e-05
5.61646e-08
3.5327e-05
-5.0218e-08
3.52395e-05
-1.50308e-07
3.51612e-05
-2.44003e-07
3.50917e-05
-3.31237e-07
3.50302e-05
-4.11988e-07
3.49761e-05
-4.8629e-07
3.4929e-05
-5.54247e-07
3.48882e-05
-6.16043e-07
3.48532e-05
-6.71936e-07
3.48236e-05
-7.22264e-07
3.47989e-05
-7.67433e-07
3.47787e-05
-8.07902e-07
3.47627e-05
-8.44164e-07
3.47505e-05
-8.76733e-07
3.47419e-05
-9.06113e-07
3.47367e-05
-9.32785e-07
3.47346e-05
-9.57188e-07
3.47355e-05
-9.79698e-07
3.47391e-05
-1.00063e-06
3.47453e-05
-1.02022e-06
3.47541e-05
-1.03863e-06
3.47651e-05
-1.05598e-06
3.47784e-05
-1.07229e-06
3.47938e-05
-1.08759e-06
3.4811e-05
-1.10184e-06
3.48301e-05
-1.11502e-06
3.48508e-05
-1.1271e-06
3.48731e-05
-1.13807e-06
3.48968e-05
-1.14798e-06
3.49218e-05
-1.15684e-06
3.49479e-05
-1.16496e-06
3.49752e-05
-1.17193e-06
3.50035e-05
-1.18005e-06
3.50325e-05
-1.18346e-06
3.50628e-05
-1.20103e-06
-1.18435e-06
-7.43203e-07
5.80995e-06
-9.13787e-07
5.63747e-06
-8.36102e-07
4.81294e-06
-6.6893e-07
4.09078e-06
-4.48951e-07
3.53236e-06
-1.95094e-07
3.09301e-06
8.05486e-08
2.74174e-06
3.7101e-07
2.4512e-06
6.72482e-07
2.20295e-06
9.82569e-07
1.98594e-06
1.29963e-06
1.79297e-06
1.62256e-06
1.61879e-06
1.95065e-06
1.45969e-06
2.28345e-06
1.31274e-06
2.6208e-06
1.17562e-06
2.96268e-06
1.04645e-06
3.30928e-06
9.23667e-07
3.66094e-06
8.05947e-07
4.01818e-06
6.92064e-07
4.38165e-06
5.80854e-07
4.75221e-06
4.71199e-07
5.13084e-06
3.62056e-07
5.51875e-06
2.52318e-07
5.91736e-06
1.40822e-07
6.32826e-06
2.6322e-08
6.75329e-06
-9.24368e-08
7.19463e-06
-2.17043e-07
7.65477e-06
-3.49139e-07
8.13638e-06
-4.90635e-07
8.64278e-06
-6.43439e-07
9.17736e-06
-8.10269e-07
9.74409e-06
-9.93874e-07
1.03474e-05
-1.19758e-06
1.09922e-05
-1.42533e-06
1.16837e-05
-1.68169e-06
1.2428e-05
-1.97192e-06
1.32314e-05
-2.30196e-06
1.41007e-05
-2.67864e-06
1.50435e-05
-3.10942e-06
1.60677e-05
-3.60246e-06
1.71818e-05
-4.16694e-06
1.83948e-05
-4.81292e-06
1.97158e-05
-5.55172e-06
2.11535e-05
-6.39636e-06
2.27161e-05
-7.36167e-06
2.44095e-05
-8.46399e-06
2.62371e-05
-9.7202e-06
2.81984e-05
-1.11457e-05
3.02881e-05
-1.27515e-05
3.24955e-05
-1.454e-05
3.48037e-05
-1.65024e-05
3.71893e-05
-1.86143e-05
3.96225e-05
-2.08346e-05
4.20673e-05
-2.3105e-05
4.44822e-05
-2.53513e-05
4.68222e-05
-2.74867e-05
4.9041e-05
-2.94174e-05
5.10943e-05
-3.10493e-05
5.29425e-05
-3.2296e-05
5.45541e-05
-3.3087e-05
5.59077e-05
-3.33747e-05
5.69931e-05
-3.31387e-05
5.78121e-05
-3.23882e-05
5.8377e-05
-3.11602e-05
5.87096e-05
-2.95158e-05
5.88391e-05
-2.75335e-05
5.87992e-05
-2.53016e-05
5.86256e-05
-2.29107e-05
5.83539e-05
-2.04465e-05
5.80172e-05
-1.79847e-05
5.76448e-05
-1.55879e-05
5.72611e-05
-1.33037e-05
5.68855e-05
-1.11653e-05
5.65321e-05
-9.19296e-06
5.62106e-05
-7.39623e-06
5.59265e-05
-5.77603e-06
5.56822e-05
-4.32713e-06
5.54776e-05
-3.04013e-06
5.53109e-05
-1.90305e-06
5.51789e-05
-9.02688e-07
5.50779e-05
-2.60415e-08
5.50036e-05
7.42017e-07
5.49519e-05
1.4122e-06
5.49188e-05
1.9972e-06
5.49005e-05
2.50757e-06
5.48934e-05
2.95303e-06
5.48945e-05
3.34231e-06
5.49009e-05
3.68318e-06
5.49104e-05
3.98246e-06
5.49206e-05
4.24617e-06
5.493e-05
4.4796e-06
5.49368e-05
4.68735e-06
5.49399e-05
4.8734e-06
5.4938e-05
5.04122e-06
5.49303e-05
5.1938e-06
5.4916e-05
5.33369e-06
5.48944e-05
5.46307e-06
5.48648e-05
5.58378e-06
5.48268e-05
5.69736e-06
5.478e-05
5.8051e-06
5.47239e-05
5.90801e-06
5.46583e-05
6.00691e-06
5.45827e-05
6.10241e-06
5.44968e-05
6.19494e-06
5.44004e-05
6.28478e-06
5.42932e-05
6.37203e-06
5.41748e-05
6.45669e-06
5.40451e-05
6.53861e-06
5.39038e-05
6.61752e-06
5.37506e-05
6.69307e-06
5.35853e-05
6.76479e-06
5.34077e-05
6.83216e-06
5.32175e-05
6.89457e-06
5.30147e-05
6.95135e-06
5.2799e-05
7.00179e-06
5.25704e-05
7.04514e-06
5.23289e-05
7.08063e-06
5.20743e-05
7.1075e-06
5.18069e-05
7.12495e-06
5.15266e-05
7.13225e-06
5.12337e-05
7.12867e-06
5.09285e-05
7.11354e-06
5.06113e-05
7.08625e-06
5.02826e-05
7.04627e-06
4.99429e-05
6.99316e-06
4.9593e-05
6.92658e-06
4.92334e-05
6.8463e-06
4.8865e-05
6.75223e-06
4.84888e-05
6.64439e-06
4.81058e-05
6.52296e-06
4.77171e-05
6.38824e-06
4.73237e-05
6.24068e-06
4.6927e-05
6.08086e-06
4.65281e-05
5.90952e-06
4.61283e-05
5.72747e-06
4.5729e-05
5.53568e-06
4.53313e-05
5.33518e-06
4.49366e-05
5.12712e-06
4.45461e-05
4.91266e-06
4.41609e-05
4.69305e-06
4.37821e-05
4.46952e-06
4.34108e-05
4.24332e-06
4.30479e-05
4.01567e-06
4.26942e-05
3.78775e-06
4.23505e-05
3.56067e-06
4.20174e-05
3.33545e-06
4.16955e-05
3.11303e-06
4.13852e-05
2.89424e-06
4.1087e-05
2.67979e-06
4.08011e-05
2.47026e-06
4.05276e-05
2.26612e-06
4.02669e-05
2.06775e-06
4.00188e-05
1.8754e-06
3.97835e-05
1.68923e-06
3.95608e-05
1.50934e-06
3.93508e-05
1.33577e-06
3.91531e-05
1.16852e-06
3.89677e-05
1.00758e-06
3.87942e-05
8.5294e-07
3.86324e-05
7.04604e-07
3.84819e-05
5.6259e-07
3.83423e-05
4.2695e-07
3.82133e-05
2.97767e-07
3.80943e-05
1.75148e-07
3.79849e-05
5.92084e-08
3.78845e-05
-4.99386e-08
3.77927e-05
-1.52178e-07
3.77089e-05
-2.47425e-07
3.76325e-05
-3.35654e-07
3.75631e-05
-4.16907e-07
3.75002e-05
-4.91303e-07
3.74432e-05
-5.59045e-07
3.73917e-05
-6.20421e-07
3.73452e-05
-6.75801e-07
3.73034e-05
-7.25625e-07
3.72659e-05
-7.70391e-07
3.72324e-05
-8.1063e-07
3.72025e-05
-8.46891e-07
3.71761e-05
-8.79714e-07
3.71529e-05
-9.09609e-07
3.71328e-05
-9.37039e-07
3.71155e-05
-9.62405e-07
3.71009e-05
-9.86035e-07
3.70889e-05
-1.00818e-06
3.70793e-05
-1.02901e-06
3.70719e-05
-1.04864e-06
3.70667e-05
-1.06712e-06
3.70636e-05
-1.08445e-06
3.70624e-05
-1.10061e-06
3.70629e-05
-1.11557e-06
3.70651e-05
-1.1293e-06
3.70689e-05
-1.14181e-06
3.7074e-05
-1.15313e-06
3.70805e-05
-1.16329e-06
3.70881e-05
-1.1726e-06
3.70968e-05
-1.18066e-06
3.71065e-05
-1.18976e-06
3.71171e-05
-1.19399e-06
3.71284e-05
-1.21235e-06
-1.1956e-06
-6.11039e-07
6.42099e-06
-4.61074e-07
5.48751e-06
-4.78795e-08
4.39974e-06
3.97196e-07
3.6457e-06
8.55799e-07
3.07376e-06
1.3215e-06
2.6273e-06
1.78833e-06
2.27492e-06
2.25351e-06
1.98601e-06
2.71634e-06
1.74012e-06
3.17665e-06
1.52563e-06
3.63443e-06
1.33519e-06
4.08988e-06
1.16334e-06
4.54328e-06
1.00629e-06
4.99506e-06
8.60963e-07
5.44573e-06
7.24946e-07
5.8959e-06
5.96272e-07
6.34629e-06
4.73274e-07
6.79774e-06
3.54503e-07
7.2512e-06
2.38604e-07
7.70776e-06
1.2429e-07
8.16862e-06
1.03433e-08
8.63512e-06
-1.04444e-07
9.10886e-06
-2.21428e-07
9.59162e-06
-3.41936e-07
1.00854e-05
-4.67407e-07
1.05923e-05
-5.99364e-07
1.11148e-05
-7.39584e-07
1.16557e-05
-8.90016e-07
1.22179e-05
-1.05287e-06
1.2805e-05
-1.23053e-06
1.34207e-05
-1.42595e-06
1.40692e-05
-1.64237e-06
1.47552e-05
-1.88355e-06
1.54837e-05
-2.15386e-06
1.62603e-05
-2.4583e-06
1.7091e-05
-2.80259e-06
1.79822e-05
-3.19314e-06
1.89406e-05
-3.63713e-06
1.99737e-05
-4.14243e-06
2.10888e-05
-4.71758e-06
2.22938e-05
-5.37193e-06
2.35965e-05
-6.11564e-06
2.50046e-05
-6.95979e-06
2.65248e-05
-7.91666e-06
2.81628e-05
-8.99964e-06
2.99216e-05
-1.02228e-05
3.18009e-05
-1.15995e-05
3.3796e-05
-1.31409e-05
3.58969e-05
-1.48523e-05
3.80873e-05
-1.67305e-05
4.03446e-05
-1.87597e-05
4.26395e-05
-2.09092e-05
4.49365e-05
-2.31316e-05
4.71948e-05
-2.53633e-05
4.937e-05
-2.75265e-05
5.14162e-05
-2.95329e-05
5.32889e-05
-3.12901e-05
5.49479e-05
-3.27082e-05
5.63603e-05
-3.37084e-05
5.7503e-05
-3.42298e-05
5.83643e-05
-3.42359e-05
5.89442e-05
-3.37186e-05
5.92547e-05
-3.26987e-05
5.93181e-05
-3.12237e-05
5.91655e-05
-2.93631e-05
5.88336e-05
-2.72017e-05
5.83629e-05
-2.48309e-05
5.77942e-05
-2.23419e-05
5.71662e-05
-1.98185e-05
5.65138e-05
-1.73324e-05
5.58667e-05
-1.49407e-05
5.52481e-05
-1.26851e-05
5.46756e-05
-1.05927e-05
5.41606e-05
-8.67799e-06
5.37098e-05
-6.94537e-06
5.33254e-05
-5.39167e-06
5.30067e-05
-4.00845e-06
5.27505e-05
-2.78395e-06
5.25521e-05
-1.70465e-06
5.24059e-05
-7.5644e-07
5.23054e-05
7.44375e-08
5.2245e-05
8.02476e-07
5.22182e-05
1.4389e-06
5.22198e-05
1.99563e-06
5.22445e-05
2.48289e-06
5.22876e-05
2.90988e-06
5.23451e-05
3.28483e-06
5.24133e-05
3.61498e-06
5.24891e-05
3.9067e-06
5.25697e-05
4.16558e-06
5.26528e-05
4.39652e-06
5.27363e-05
4.60377e-06
5.28187e-05
4.79103e-06
5.28984e-05
4.96149e-06
5.29743e-05
5.11794e-06
5.30452e-05
5.26273e-06
5.31104e-05
5.39789e-06
5.31691e-05
5.52514e-06
5.32205e-05
5.64592e-06
5.32642e-05
5.76141e-06
5.32996e-05
5.87258e-06
5.33263e-05
5.9802e-06
5.33439e-05
6.08482e-06
5.3352e-05
6.18686e-06
5.33502e-05
6.28657e-06
5.33382e-05
6.38404e-06
5.33156e-05
6.47925e-06
5.32822e-05
6.57205e-06
5.32375e-05
6.66216e-06
5.31814e-05
6.74921e-06
5.31135e-05
6.83274e-06
5.30334e-05
6.91221e-06
5.2941e-05
6.98698e-06
5.2836e-05
7.05638e-06
5.27181e-05
7.11966e-06
5.25872e-05
7.17605e-06
5.24431e-05
7.22475e-06
5.22856e-05
7.26492e-06
5.21148e-05
7.29576e-06
5.19307e-05
7.31644e-06
5.17331e-05
7.32618e-06
5.15224e-05
7.32424e-06
5.12987e-05
7.30994e-06
5.10624e-05
7.28265e-06
5.08137e-05
7.24186e-06
5.05531e-05
7.18712e-06
5.02813e-05
7.11813e-06
4.99988e-05
7.03469e-06
4.97065e-05
6.93674e-06
4.94051e-05
6.82436e-06
4.90955e-05
6.69778e-06
4.87788e-05
6.55737e-06
4.8456e-05
6.40366e-06
4.81282e-05
6.23731e-06
4.77966e-05
6.05911e-06
4.74623e-05
5.87e-06
4.71264e-05
5.67101e-06
4.67903e-05
5.46326e-06
4.6455e-05
5.24796e-06
4.61217e-05
5.02637e-06
4.57914e-05
4.79978e-06
4.54653e-05
4.5695e-06
4.51441e-05
4.33681e-06
4.48289e-05
4.10296e-06
4.45204e-05
3.86914e-06
4.42194e-05
3.63646e-06
4.39265e-05
3.40595e-06
4.36423e-05
3.1785e-06
4.33671e-05
2.95491e-06
4.31015e-05
2.73586e-06
4.28458e-05
2.52187e-06
4.26001e-05
2.3134e-06
4.23648e-05
2.11076e-06
4.21398e-05
1.91417e-06
4.19254e-05
1.72381e-06
4.17214e-05
1.53975e-06
4.15278e-05
1.36206e-06
4.13446e-05
1.19078e-06
4.11716e-05
1.02594e-06
4.10086e-05
8.67593e-07
4.08554e-05
7.1581e-07
4.07117e-05
5.70684e-07
4.05771e-05
4.32337e-07
4.04513e-05
3.00914e-07
4.0334e-05
1.76569e-07
4.02246e-05
5.94428e-08
4.01228e-05
-5.03464e-08
4.00281e-05
-1.52707e-07
3.994e-05
-2.47601e-07
3.98582e-05
-3.35072e-07
3.97821e-05
-4.1525e-07
3.97114e-05
-4.88354e-07
3.96457e-05
-5.54694e-07
3.95846e-05
-6.14666e-07
3.95277e-05
-6.68741e-07
3.94747e-05
-7.17447e-07
3.94254e-05
-7.61348e-07
3.93796e-05
-8.01022e-07
3.93369e-05
-8.37039e-07
3.92972e-05
-8.69935e-07
3.92604e-05
-9.00195e-07
3.92262e-05
-9.28237e-07
3.91946e-05
-9.54403e-07
3.91654e-05
-9.78953e-07
3.91384e-05
-1.00207e-06
3.91136e-05
-1.02387e-06
3.90909e-05
-1.04439e-06
3.90701e-05
-1.06365e-06
3.90511e-05
-1.08163e-06
3.90339e-05
-1.09829e-06
3.90182e-05
-1.11361e-06
3.9004e-05
-1.1276e-06
3.89911e-05
-1.14029e-06
3.89796e-05
-1.15171e-06
3.89691e-05
-1.16219e-06
3.89598e-05
-1.17131e-06
3.89513e-05
-1.18131e-06
3.89438e-05
-1.18645e-06
3.89365e-05
-1.20501e-06
-1.18938e-06
-1.26535e-07
6.54752e-06
5.02738e-07
4.85823e-06
1.35832e-06
3.54416e-06
2.14637e-06
2.85765e-06
2.88261e-06
2.33752e-06
3.58515e-06
1.92476e-06
4.25971e-06
1.60036e-06
4.91045e-06
1.33527e-06
5.54129e-06
1.10928e-06
6.15532e-06
9.11602e-07
6.75487e-06
7.35637e-07
7.34192e-06
5.76293e-07
7.91814e-06
4.30076e-07
8.48509e-06
2.94007e-07
9.04424e-06
1.65801e-07
9.59694e-06
4.35678e-08
1.01446e-05
-7.43674e-08
1.06886e-05
-1.89541e-07
1.12306e-05
-3.03365e-07
1.17721e-05
-4.17176e-07
1.23147e-05
-5.32302e-07
1.28603e-05
-6.50074e-07
1.34108e-05
-7.71931e-07
1.39683e-05
-8.99386e-07
1.4535e-05
-1.03408e-06
1.51134e-05
-1.17777e-06
1.57063e-05
-1.33248e-06
1.63167e-05
-1.5004e-06
1.69478e-05
-1.68406e-06
1.76035e-05
-1.8862e-06
1.82876e-05
-2.11008e-06
1.90046e-05
-2.35936e-06
1.97592e-05
-2.63816e-06
2.05566e-05
-2.95124e-06
2.14023e-05
-3.304e-06
2.23022e-05
-3.70249e-06
2.32625e-05
-4.15344e-06
2.42896e-05
-4.66428e-06
2.53903e-05
-5.24307e-06
2.65711e-05
-5.89842e-06
2.78388e-05
-6.63958e-06
2.91995e-05
-7.47635e-06
3.06588e-05
-8.41913e-06
3.22211e-05
-9.47893e-06
3.38886e-05
-1.06671e-05
3.56607e-05
-1.19949e-05
3.7533e-05
-1.34718e-05
3.94961e-05
-1.51039e-05
4.15347e-05
-1.6891e-05
4.36277e-05
-1.88234e-05
4.57469e-05
-2.0879e-05
4.78585e-05
-2.30208e-05
4.99232e-05
-2.51963e-05
5.1898e-05
-2.73381e-05
5.3738e-05
-2.93665e-05
5.53991e-05
-3.1194e-05
5.68409e-05
-3.27319e-05
5.80295e-05
-3.38969e-05
5.894e-05
-3.46189e-05
5.95583e-05
-3.48481e-05
5.98824e-05
-3.45601e-05
5.99226e-05
-3.37589e-05
5.97007e-05
-3.24767e-05
5.92482e-05
-3.07712e-05
5.86044e-05
-2.87194e-05
5.78134e-05
-2.64107e-05
5.6921e-05
-2.39385e-05
5.59719e-05
-2.13927e-05
5.50069e-05
-1.88535e-05
5.40613e-05
-1.63869e-05
5.31638e-05
-1.40432e-05
5.23356e-05
-1.18569e-05
5.15911e-05
-9.84821e-06
5.09384e-05
-8.02529e-06
5.03804e-05
-6.38737e-06
4.99159e-05
-4.92712e-06
4.95405e-05
-3.63309e-06
4.92481e-05
-2.49148e-06
4.9031e-05
-1.48754e-06
4.8881e-05
-6.06511e-07
4.87899e-05
1.65559e-07
4.87499e-05
8.4243e-07
4.87534e-05
1.43549e-06
4.87933e-05
1.95568e-06
4.88635e-05
2.41269e-06
4.89584e-05
2.81504e-06
4.90729e-05
3.17028e-06
4.92028e-05
3.48504e-06
4.93444e-05
3.76512e-06
4.94944e-05
4.0156e-06
4.965e-05
4.2409e-06
4.98089e-05
4.44486e-06
4.99691e-05
4.63084e-06
5.01289e-05
4.80173e-06
5.02868e-05
4.96004e-06
5.04416e-05
5.10793e-06
5.05922e-05
5.24722e-06
5.07379e-05
5.3795e-06
5.08777e-05
5.50607e-06
5.10111e-05
5.62802e-06
5.11375e-05
5.74623e-06
5.12563e-05
5.86141e-06
5.1367e-05
5.97409e-06
5.14692e-05
6.08462e-06
5.15626e-05
6.19324e-06
5.16466e-05
6.30003e-06
5.17209e-05
6.40494e-06
5.17851e-05
6.50782e-06
5.18389e-05
6.60839e-06
5.18818e-05
6.70627e-06
5.19136e-05
6.801e-06
5.19338e-05
6.89203e-06
5.1942e-05
6.97872e-06
5.1938e-05
7.06037e-06
5.19215e-05
7.13623e-06
5.1892e-05
7.20549e-06
5.18494e-05
7.26733e-06
5.17935e-05
7.32088e-06
5.17239e-05
7.36529e-06
5.16407e-05
7.39968e-06
5.15437e-05
7.42321e-06
5.14328e-05
7.43509e-06
5.13082e-05
7.43455e-06
5.117e-05
7.4209e-06
5.10183e-05
7.39354e-06
5.08535e-05
7.35194e-06
5.06759e-05
7.2957e-06
5.04861e-05
7.22453e-06
5.02845e-05
7.13829e-06
5.00719e-05
7.03697e-06
4.9849e-05
6.92071e-06
4.96165e-05
6.78981e-06
4.93755e-05
6.64471e-06
4.91268e-05
6.48602e-06
4.88714e-05
6.31448e-06
4.86104e-05
6.13098e-06
4.83449e-05
5.93653e-06
4.80759e-05
5.73224e-06
4.78046e-05
5.51932e-06
4.75319e-05
5.29904e-06
4.72589e-05
5.07273e-06
4.69867e-05
4.84171e-06
4.67162e-05
4.60733e-06
4.64483e-05
4.37089e-06
4.61838e-05
4.13364e-06
4.59235e-05
3.89677e-06
4.56681e-05
3.66135e-06
4.54182e-05
3.42838e-06
4.51744e-05
3.19871e-06
4.49372e-05
2.97308e-06
4.47069e-05
2.75211e-06
4.4484e-05
2.53629e-06
4.42688e-05
2.32602e-06
4.40614e-05
2.12158e-06
4.3862e-05
1.92318e-06
4.36708e-05
1.73098e-06
4.34877e-05
1.54509e-06
4.33129e-05
1.36559e-06
4.31463e-05
1.19257e-06
4.29878e-05
1.02614e-06
4.28372e-05
8.66405e-07
4.26943e-05
7.13507e-07
4.25591e-05
5.67608e-07
4.24311e-05
4.28889e-07
4.23101e-05
2.97534e-07
4.21959e-05
1.73719e-07
4.20879e-05
5.75861e-08
4.1986e-05
-5.07736e-08
4.18897e-05
-1.51319e-07
4.17987e-05
-2.44089e-07
4.17127e-05
-3.29217e-07
4.16313e-05
-4.06933e-07
4.15541e-05
-4.77565e-07
4.1481e-05
-5.41529e-07
4.14116e-05
-5.99318e-07
4.13456e-05
-6.51485e-07
4.12829e-05
-6.9862e-07
4.12232e-05
-7.41324e-07
4.11663e-05
-7.80189e-07
4.11122e-05
-8.15773e-07
4.10606e-05
-8.48576e-07
4.10114e-05
-8.79031e-07
4.09644e-05
-9.0749e-07
4.09197e-05
-9.34223e-07
4.08771e-05
-9.59417e-07
4.08364e-05
-9.83186e-07
4.07976e-05
-1.00558e-06
4.07605e-05
-1.02662e-06
4.07252e-05
-1.04626e-06
4.06914e-05
-1.0645e-06
4.06591e-05
-1.08129e-06
4.06281e-05
-1.09665e-06
4.05984e-05
-1.11062e-06
4.057e-05
-1.12324e-06
4.05426e-05
-1.13479e-06
4.05162e-05
-1.14492e-06
4.04906e-05
-1.1557e-06
4.04659e-05
-1.1618e-06
4.04409e-05
-1.18002e-06
-1.16658e-06
1.12119e-06
5.42633e-06
2.52912e-06
3.4503e-06
3.85725e-06
2.21603e-06
5.00636e-06
1.70854e-06
6.02262e-06
1.32126e-06
6.9536e-06
9.93787e-07
7.82306e-06
7.30887e-07
8.64419e-06
5.14152e-07
9.42631e-06
3.27157e-07
1.01763e-05
1.61618e-07
1.08991e-05
1.27946e-08
1.15989e-05
-1.23438e-07
1.22787e-05
-2.49802e-07
1.29416e-05
-3.6884e-07
1.35899e-05
-4.82469e-07
1.42258e-05
-5.92391e-07
1.48516e-05
-7.00146e-07
1.54692e-05
-8.07165e-07
1.60807e-05
-9.14835e-07
1.6688e-05
-1.02452e-06
1.72934e-05
-1.13762e-06
1.78988e-05
-1.25555e-06
1.85068e-05
-1.37985e-06
1.91195e-05
-1.51216e-06
1.97397e-05
-1.65428e-06
2.03701e-05
-1.80818e-06
2.10137e-05
-1.97606e-06
2.16737e-05
-2.1604e-06
2.23536e-05
-2.36395e-06
2.30572e-05
-2.58978e-06
2.37885e-05
-2.84143e-06
2.45521e-05
-3.12288e-06
2.53525e-05
-3.43857e-06
2.61948e-05
-3.79358e-06
2.70844e-05
-4.19354e-06
2.80266e-05
-4.64475e-06
2.90273e-05
-5.15409e-06
3.0092e-05
-5.72904e-06
3.12266e-05
-6.37758e-06
3.24362e-05
-7.1081e-06
3.3726e-05
-7.92938e-06
3.51001e-05
-8.85045e-06
3.65615e-05
-9.88053e-06
3.81115e-05
-1.10288e-05
3.97486e-05
-1.23043e-05
4.14685e-05
-1.37147e-05
4.32621e-05
-1.52654e-05
4.51156e-05
-1.69574e-05
4.70091e-05
-1.87845e-05
4.89169e-05
-2.07312e-05
5.08072e-05
-2.27693e-05
5.26431e-05
-2.48567e-05
5.43837e-05
-2.69369e-05
5.5986e-05
-2.89404e-05
5.7407e-05
-3.07875e-05
5.86067e-05
-3.23937e-05
5.95502e-05
-3.36755e-05
6.0211e-05
-3.45577e-05
6.05726e-05
-3.49805e-05
6.06303e-05
-3.49057e-05
6.03917e-05
-3.43215e-05
5.9877e-05
-3.32441e-05
5.91171e-05
-3.17168e-05
5.81523e-05
-2.98065e-05
5.70296e-05
-2.75967e-05
5.57991e-05
-2.51801e-05
5.4511e-05
-2.26504e-05
5.32124e-05
-2.00941e-05
5.19449e-05
-1.7586e-05
5.07427e-05
-1.51847e-05
4.96319e-05
-1.29324e-05
4.86302e-05
-1.08553e-05
4.77481e-05
-8.96605e-06
4.69892e-05
-7.26648e-06
4.63525e-05
-5.75059e-06
4.58326e-05
-4.40723e-06
4.54218e-05
-3.22229e-06
4.51107e-05
-2.18039e-06
4.48892e-05
-1.26601e-06
4.47468e-05
-4.64167e-07
4.46735e-05
2.38831e-07
4.466e-05
8.55924e-07
4.46974e-05
1.39811e-06
4.47778e-05
1.87535e-06
4.48939e-05
2.29652e-06
4.50396e-05
2.66936e-06
4.52093e-05
3.00061e-06
4.53981e-05
3.2962e-06
4.5602e-05
3.56127e-06
4.58173e-05
3.8003e-06
4.60409e-05
4.01722e-06
4.62704e-05
4.21541e-06
4.65034e-05
4.39783e-06
4.67381e-05
4.56705e-06
4.69728e-05
4.72528e-06
4.72063e-05
4.87443e-06
4.74374e-05
5.01614e-06
4.76651e-05
5.15182e-06
4.78885e-05
5.28263e-06
4.8107e-05
5.40955e-06
4.83199e-05
5.53338e-06
4.85265e-05
5.65476e-06
4.87265e-05
5.77415e-06
4.89192e-05
5.89188e-06
4.91043e-05
6.00816e-06
4.92813e-05
6.12305e-06
4.94497e-05
6.23649e-06
4.96092e-05
6.34832e-06
4.97593e-05
6.45828e-06
4.98996e-05
6.56597e-06
5.00297e-05
6.67094e-06
5.01491e-05
6.77263e-06
5.02574e-05
6.87041e-06
5.03542e-05
6.96358e-06
5.0439e-05
7.05138e-06
5.05115e-05
7.13298e-06
5.05713e-05
7.20754e-06
5.0618e-05
7.27417e-06
5.06513e-05
7.33197e-06
5.0671e-05
7.38005e-06
5.06767e-05
7.4175e-06
5.06683e-05
7.44348e-06
5.06457e-05
7.45716e-06
5.06088e-05
7.45777e-06
5.05577e-05
7.44464e-06
5.04925e-05
7.41716e-06
5.04133e-05
7.37485e-06
5.03205e-05
7.31732e-06
5.02145e-05
7.24435e-06
5.00956e-05
7.15583e-06
4.99645e-05
7.05181e-06
4.98218e-05
6.93252e-06
4.96682e-05
6.79831e-06
4.95045e-05
6.64973e-06
4.93315e-05
6.48745e-06
4.91502e-05
6.31231e-06
4.89615e-05
6.12527e-06
4.87663e-05
5.92743e-06
4.85656e-05
5.71998e-06
4.83605e-05
5.50417e-06
4.81519e-05
5.28135e-06
4.79407e-05
5.05287e-06
4.77279e-05
4.82009e-06
4.75145e-05
4.58436e-06
4.73011e-05
4.34698e-06
4.70887e-05
4.10918e-06
4.6878e-05
3.8721e-06
4.66696e-05
3.63678e-06
4.64641e-05
3.40415e-06
4.62622e-05
3.175e-06
4.60643e-05
2.95001e-06
4.58709e-05
2.72974e-06
4.56822e-05
2.51463e-06
4.54988e-05
2.30504e-06
4.53207e-05
2.10122e-06
4.51483e-05
1.90339e-06
4.49817e-05
1.7117e-06
4.4821e-05
1.5263e-06
4.46662e-05
1.34733e-06
4.45175e-05
1.17493e-06
4.43746e-05
1.00925e-06
4.42376e-05
8.50492e-07
4.41064e-05
6.98844e-07
4.39807e-05
5.54526e-07
4.38605e-05
4.17753e-07
4.37455e-05
2.88727e-07
4.36355e-05
1.67615e-07
4.35302e-05
5.4528e-08
4.34294e-05
-5.0495e-08
4.33328e-05
-1.47491e-07
4.32401e-05
-2.36594e-07
4.31513e-05
-3.1804e-07
4.30659e-05
-3.92166e-07
4.29837e-05
-4.59402e-07
4.29047e-05
-5.20259e-07
4.28285e-05
-5.75305e-07
4.2755e-05
-6.25147e-07
4.26841e-05
-6.70406e-07
4.26156e-05
-7.11687e-07
4.25494e-05
-7.49563e-07
4.24854e-05
-7.84546e-07
4.24234e-05
-8.17078e-07
4.23634e-05
-8.4752e-07
4.23054e-05
-8.76145e-07
4.22491e-05
-9.03145e-07
4.21945e-05
-9.28635e-07
4.21416e-05
-9.52669e-07
4.20903e-05
-9.75255e-07
4.20404e-05
-9.96374e-07
4.19919e-05
-1.016e-06
4.19447e-05
-1.0341e-06
4.18987e-05
-1.05069e-06
4.18539e-05
-1.0658e-06
4.18101e-05
-1.07949e-06
4.17674e-05
-1.09201e-06
4.17255e-05
-1.10306e-06
4.16843e-05
-1.11448e-06
4.1644e-05
-1.12155e-06
4.1603e-05
-1.13895e-06
-1.12859e-06
4.30753e-06
6.57853e-06
8.18885e-06
9.57402e-06
1.07819e-05
1.18646e-05
1.28606e-05
1.37907e-05
1.4668e-05
1.55021e-05
1.63e-05
1.70671e-05
1.78078e-05
1.85256e-05
1.92239e-05
1.99054e-05
2.05729e-05
2.12288e-05
2.18757e-05
2.25158e-05
2.31516e-05
2.37855e-05
2.44201e-05
2.50579e-05
2.57018e-05
2.63546e-05
2.70194e-05
2.76995e-05
2.83984e-05
2.91198e-05
2.98678e-05
3.06465e-05
3.14605e-05
3.23142e-05
3.32125e-05
3.41602e-05
3.51621e-05
3.62229e-05
3.73467e-05
3.85373e-05
3.97976e-05
4.11295e-05
4.25329e-05
4.40059e-05
4.55435e-05
4.71373e-05
4.87744e-05
5.04368e-05
5.2101e-05
5.37381e-05
5.53142e-05
5.67911e-05
5.81284e-05
5.92849e-05
6.02212e-05
6.09024e-05
6.13004e-05
6.13964e-05
6.11826e-05
6.06636e-05
5.98565e-05
5.87908e-05
5.75067e-05
5.60526e-05
5.44821e-05
5.28504e-05
5.12105e-05
4.96106e-05
4.80907e-05
4.66823e-05
4.54072e-05
4.42783e-05
4.3301e-05
4.2474e-05
4.17915e-05
4.12444e-05
4.08214e-05
4.05104e-05
4.0299e-05
4.0175e-05
4.01269e-05
4.01444e-05
4.02177e-05
4.03382e-05
4.04983e-05
4.06913e-05
4.09113e-05
4.11532e-05
4.14127e-05
4.16861e-05
4.197e-05
4.22618e-05
4.25592e-05
4.28602e-05
4.31632e-05
4.34666e-05
4.37694e-05
4.40705e-05
4.43689e-05
4.46641e-05
4.49552e-05
4.52417e-05
4.55231e-05
4.57988e-05
4.60684e-05
4.63314e-05
4.65873e-05
4.68358e-05
4.70762e-05
4.73083e-05
4.75314e-05
4.77452e-05
4.79491e-05
4.81426e-05
4.83252e-05
4.84964e-05
4.86558e-05
4.88028e-05
4.8937e-05
4.9058e-05
4.91653e-05
4.92588e-05
4.93379e-05
4.94026e-05
4.94526e-05
4.9488e-05
4.95086e-05
4.95145e-05
4.9506e-05
4.94834e-05
4.94468e-05
4.93969e-05
4.93341e-05
4.9259e-05
4.91724e-05
4.90748e-05
4.89673e-05
4.88505e-05
4.87253e-05
4.85928e-05
4.84536e-05
4.83088e-05
4.81592e-05
4.80057e-05
4.78491e-05
4.76902e-05
4.75298e-05
4.73686e-05
4.72072e-05
4.70463e-05
4.68864e-05
4.67281e-05
4.65717e-05
4.64177e-05
4.62664e-05
4.61181e-05
4.59731e-05
4.58315e-05
4.56936e-05
4.55595e-05
4.54291e-05
4.53025e-05
4.51798e-05
4.50608e-05
4.49456e-05
4.48339e-05
4.47257e-05
4.46209e-05
4.45192e-05
4.44206e-05
4.43249e-05
4.42319e-05
4.41416e-05
4.40537e-05
4.39681e-05
4.38848e-05
4.38035e-05
4.37243e-05
4.36469e-05
4.35714e-05
4.34977e-05
4.34256e-05
4.33552e-05
4.32862e-05
4.32188e-05
4.31528e-05
4.30882e-05
4.30248e-05
4.29626e-05
4.29017e-05
4.28418e-05
4.27829e-05
4.27251e-05
4.26681e-05
4.2612e-05
4.25567e-05
4.25019e-05
4.2448e-05
4.23928e-05
)
;

boundaryField
{
    inlet
    {
        type            calculated;
        value           nonuniform List<scalar> 
20
(
-7.3125e-06
-2.08125e-05
-3.28125e-05
-4.33125e-05
-5.23125e-05
-5.98125e-05
-6.58125e-05
-7.03125e-05
-7.33125e-05
-7.48125e-05
-7.48125e-05
-7.33125e-05
-7.03125e-05
-6.58125e-05
-5.98125e-05
-5.23125e-05
-4.33125e-05
-3.28125e-05
-2.08125e-05
-7.3125e-06
)
;
    }
    outlet
    {
        type            calculated;
        value           nonuniform List<scalar> 
40
(
1.17187e-06
3.48741e-06
5.79259e-06
8.10272e-06
1.04336e-05
1.28004e-05
1.52152e-05
1.76845e-05
2.02062e-05
2.27687e-05
2.53495e-05
2.79164e-05
3.04282e-05
3.28372e-05
3.50918e-05
3.71396e-05
3.89302e-05
4.04181e-05
4.1565e-05
4.23415e-05
4.27286e-05
4.27181e-05
4.23122e-05
4.15237e-05
4.03737e-05
3.88911e-05
3.71095e-05
3.50659e-05
3.27979e-05
3.03421e-05
2.77331e-05
2.50024e-05
2.21782e-05
1.92861e-05
1.63482e-05
1.33835e-05
1.0407e-05
7.42895e-06
4.45459e-06
1.48437e-06
)
;
    }
    walls
    {
        type            calculated;
        value           uniform 0;
    }
    frontAndBack
    {
        type            empty;
    }
}


// ************************************************************************* //
