/*--------------------------------*- C++ -*----------------------------------*\
  =========                 |
  \\      /  F ield         | OpenFOAM: The Open Source CFD Toolbox
   \\    /   O peration     | Website:  https://openfoam.org
    \\  /    A nd           | Version:  11
     \\/     M anipulation  |
\*---------------------------------------------------------------------------*/
FoamFile
{
    format      ascii;
    class       pointScalarField;
    location    "2";
    object      streamFunction;
}
// * * * * * * * * * * * * * * * * * * * * * * * * * * * * * * * * * * * * * //

dimensions      [0 3 -1 0 0 0 0];

internalField   nonuniform List<scalar> 
20402
(
0
2.27968e-10
2.28177e-10
2.22831e-10
2.20453e-10
2.1745e-10
2.15416e-10
2.13632e-10
2.12249e-10
2.11075e-10
2.09905e-10
2.08644e-10
2.07356e-10
2.06139e-10
2.04915e-10
2.03617e-10
2.02168e-10
2.00443e-10
1.98265e-10
1.95396e-10
1.91859e-10
1.8792e-10
1.83871e-10
1.7997e-10
1.76273e-10
1.72659e-10
1.69014e-10
1.6527e-10
1.61345e-10
1.57317e-10
1.5341e-10
1.49747e-10
1.46524e-10
1.43864e-10
1.41651e-10
1.39706e-10
1.37679e-10
1.36067e-10
1.35286e-10
1.34865e-10
1.34191e-10
1.33098e-10
1.31126e-10
1.28325e-10
1.25795e-10
1.23474e-10
1.21209e-10
1.1922e-10
1.16395e-10
1.12852e-10
1.09609e-10
1.0663e-10
1.03648e-10
1.00607e-10
9.75228e-11
9.48656e-11
9.32565e-11
9.1867e-11
9.011e-11
8.78546e-11
8.45219e-11
8.17227e-11
8.0186e-11
7.89146e-11
7.72522e-11
7.56566e-11
7.41835e-11
7.15254e-11
6.82786e-11
6.63646e-11
6.59468e-11
6.49232e-11
6.2397e-11
6.03361e-11
5.80571e-11
5.50305e-11
5.37912e-11
5.3753e-11
5.14662e-11
4.78852e-11
4.61418e-11
4.40492e-11
4.24588e-11
4.05224e-11
3.67659e-11
3.54789e-11
3.34229e-11
2.94128e-11
3.06041e-11
2.49121e-11
2.36983e-11
2.2623e-11
1.85757e-11
1.59125e-11
1.44484e-11
1.1444e-11
7.65255e-12
7.56702e-12
4.32469e-12
-2.94781e-12
0
0
9.85677e-08
1.18742e-07
-1.36424e-08
-3.02822e-07
-7.34071e-07
-1.28099e-06
-1.91672e-06
-2.61763e-06
-3.36416e-06
-4.14086e-06
-4.93587e-06
-5.74046e-06
-6.54831e-06
-7.35504e-06
-8.15763e-06
-8.95405e-06
-9.7429e-06
-1.05232e-05
-1.12942e-05
-1.20553e-05
-1.2806e-05
-1.35456e-05
-1.42736e-05
-1.49894e-05
-1.56924e-05
-1.63819e-05
-1.70573e-05
-1.77178e-05
-1.83629e-05
-1.89916e-05
-1.96034e-05
-2.01974e-05
-2.0773e-05
-2.13292e-05
-2.18655e-05
-2.2381e-05
-2.28749e-05
-2.33465e-05
-2.3795e-05
-2.42196e-05
-2.46195e-05
-2.49941e-05
-2.53424e-05
-2.56639e-05
-2.59577e-05
-2.62232e-05
-2.64596e-05
-2.66663e-05
-2.68426e-05
-2.69878e-05
-2.71014e-05
-2.71827e-05
-2.72312e-05
-2.72464e-05
-2.72277e-05
-2.71748e-05
-2.70871e-05
-2.69644e-05
-2.68063e-05
-2.66125e-05
-2.63827e-05
-2.61169e-05
-2.58148e-05
-2.54766e-05
-2.51021e-05
-2.46914e-05
-2.42448e-05
-2.37625e-05
-2.32447e-05
-2.26919e-05
-2.21044e-05
-2.14828e-05
-2.08277e-05
-2.01398e-05
-1.94197e-05
-1.86683e-05
-1.78864e-05
-1.7075e-05
-1.62351e-05
-1.53676e-05
-1.44738e-05
-1.3555e-05
-1.26125e-05
-1.1648e-05
-1.06637e-05
-9.66223e-06
-8.64712e-06
-7.62315e-06
-6.59679e-06
-5.57675e-06
-4.57463e-06
-3.60565e-06
-2.68936e-06
-1.8502e-06
-1.11783e-06
-5.26476e-07
-1.11368e-07
1.0169e-07
1.14664e-07
0
0
1.18901e-07
-7.40126e-08
-7.53295e-07
-1.94016e-06
-3.59026e-06
-5.62982e-06
-7.9786e-06
-1.05616e-05
-1.3314e-05
-1.61823e-05
-1.91245e-05
-2.21083e-05
-2.51099e-05
-2.8112e-05
-3.11024e-05
-3.40725e-05
-3.70161e-05
-3.99287e-05
-4.28071e-05
-4.56484e-05
-4.845e-05
-5.12097e-05
-5.39251e-05
-5.65939e-05
-5.92135e-05
-6.17817e-05
-6.42957e-05
-6.6753e-05
-6.91509e-05
-7.14868e-05
-7.37579e-05
-7.59614e-05
-7.80946e-05
-8.01546e-05
-8.21387e-05
-8.40439e-05
-8.58675e-05
-8.76067e-05
-8.92585e-05
-9.08203e-05
-9.22892e-05
-9.36625e-05
-9.49375e-05
-9.61114e-05
-9.71816e-05
-9.81457e-05
-9.9001e-05
-9.97451e-05
-0.000100376
-0.000100891
-0.000101288
-0.000101565
-0.00010172
-0.000101751
-0.000101657
-0.000101436
-0.000101086
-0.000100607
-9.99968e-05
-9.92549e-05
-9.83805e-05
-9.73732e-05
-9.62326e-05
-9.49588e-05
-9.35518e-05
-9.20122e-05
-9.03406e-05
-8.85379e-05
-8.66054e-05
-8.45444e-05
-8.23567e-05
-8.00443e-05
-7.76093e-05
-7.50543e-05
-7.2382e-05
-6.95954e-05
-6.66977e-05
-6.36923e-05
-6.05832e-05
-5.73742e-05
-5.40699e-05
-5.06752e-05
-4.71958e-05
-4.36385e-05
-4.00117e-05
-3.63261e-05
-3.25957e-05
-2.8839e-05
-2.50807e-05
-2.13531e-05
-1.76986e-05
-1.41711e-05
-1.08382e-05
-7.78138e-06
-5.09535e-06
-2.88341e-06
-1.24515e-06
-2.50866e-07
1.02038e-07
0
0
-1.34679e-08
-7.54294e-07
-2.46226e-06
-5.16016e-06
-8.76406e-06
-1.31392e-05
-1.81365e-05
-2.36127e-05
-2.94414e-05
-3.55161e-05
-4.17512e-05
-4.80802e-05
-5.44525e-05
-6.08312e-05
-6.71891e-05
-7.3507e-05
-7.97707e-05
-8.59698e-05
-9.20964e-05
-9.81438e-05
-0.000104106
-0.000109978
-0.000115754
-0.00012143
-0.000126999
-0.000132456
-0.000137797
-0.000143015
-0.000148104
-0.000153059
-0.000157874
-0.000162544
-0.000167062
-0.000171422
-0.000175619
-0.000179646
-0.000183498
-0.000187168
-0.000190651
-0.000193941
-0.000197032
-0.000199918
-0.000202594
-0.000205055
-0.000207293
-0.000209306
-0.000211086
-0.00021263
-0.000213932
-0.000214987
-0.000215792
-0.000216343
-0.000216634
-0.000216664
-0.000216427
-0.000215922
-0.000215144
-0.000214092
-0.000212764
-0.000211158
-0.000209272
-0.000207105
-0.000204658
-0.00020193
-0.000198921
-0.000195634
-0.000192069
-0.000188228
-0.000184115
-0.000179732
-0.000175083
-0.000170172
-0.000165004
-0.000159584
-0.000153919
-0.000148014
-0.000141877
-0.000135515
-0.000128935
-0.000122148
-0.000115162
-0.000107988
-0.000100639
-9.31297e-05
-8.5479e-05
-7.77101e-05
-6.98535e-05
-6.19488e-05
-5.40484e-05
-4.62199e-05
-3.85505e-05
-3.11498e-05
-2.41521e-05
-1.77169e-05
-1.2025e-05
-7.26901e-06
-3.63047e-06
-1.23962e-06
-1.08733e-07
0
0
-3.03805e-07
-1.94689e-06
-5.17079e-06
-9.9701e-06
-1.62042e-05
-2.36651e-05
-3.21237e-05
-4.13584e-05
-5.11704e-05
-6.13908e-05
-7.18816e-05
-8.25339e-05
-9.32645e-05
-0.000104011
-0.000114727
-0.000125379
-0.000135942
-0.000146398
-0.000156732
-0.000166932
-0.000176987
-0.000186889
-0.000196627
-0.000206193
-0.000215577
-0.000224771
-0.000233764
-0.000242548
-0.000251112
-0.000259448
-0.000267544
-0.000275392
-0.000282982
-0.000290303
-0.000297345
-0.0003041
-0.000310556
-0.000316703
-0.000322533
-0.000328036
-0.000333201
-0.000338019
-0.000342481
-0.000346578
-0.0003503
-0.00035364
-0.000356588
-0.000359136
-0.000361277
-0.000363003
-0.000364306
-0.00036518
-0.000365619
-0.000365617
-0.000365168
-0.000364267
-0.00036291
-0.000361092
-0.000358811
-0.000356063
-0.000352847
-0.000349162
-0.000345006
-0.000340381
-0.000335288
-0.000329728
-0.000323704
-0.00031722
-0.000310281
-0.000302892
-0.00029506
-0.000286791
-0.000278094
-0.000268978
-0.000259452
-0.000249528
-0.000239217
-0.000228532
-0.000217486
-0.000206095
-0.000194375
-0.000182346
-0.000170027
-0.000157446
-0.000144634
-0.000131632
-0.00011849
-0.000105276
-9.20772e-05
-7.90043e-05
-6.61993e-05
-5.38386e-05
-4.21356e-05
-3.13405e-05
-2.17337e-05
-1.36105e-05
-7.25006e-06
-2.86407e-06
-5.18328e-07
0
0
-7.38781e-07
-3.61215e-06
-8.80462e-06
-1.62455e-05
-2.57159e-05
-3.69206e-05
-4.95412e-05
-6.32697e-05
-7.78284e-05
-9.29795e-05
-0.000108527
-0.000124314
-0.000140222
-0.000156156
-0.00017205
-0.000187853
-0.000203527
-0.000219042
-0.000234378
-0.000249514
-0.000264434
-0.000279124
-0.00029357
-0.000307757
-0.000321672
-0.0003353
-0.000348628
-0.000361641
-0.000374326
-0.000386667
-0.000398651
-0.000410262
-0.000421486
-0.000432308
-0.000442714
-0.000452689
-0.000462219
-0.000471289
-0.000479884
-0.000487991
-0.000495595
-0.000502682
-0.00050924
-0.000515253
-0.000520711
-0.000525598
-0.000529905
-0.000533617
-0.000536725
-0.000539217
-0.000541084
-0.000542314
-0.000542899
-0.000542831
-0.000542102
-0.000540705
-0.000538633
-0.00053588
-0.000532443
-0.000528318
-0.000523501
-0.000517993
-0.000511791
-0.000504898
-0.000497315
-0.000489044
-0.000480092
-0.000470463
-0.000460164
-0.000449204
-0.000437591
-0.000425337
-0.000412455
-0.000398957
-0.000384858
-0.000370174
-0.000354923
-0.000339124
-0.000322797
-0.000305964
-0.000288651
-0.000270886
-0.000252701
-0.000234135
-0.000215237
-0.000196065
-0.000176696
-0.000157229
-0.000137789
-0.000118539
-9.96812e-05
-8.14652e-05
-6.41916e-05
-4.821e-05
-3.39097e-05
-2.17002e-05
-1.19751e-05
-5.05388e-06
-1.1006e-06
0
0
-1.29348e-06
-5.68144e-06
-1.32396e-05
-2.37961e-05
-3.70305e-05
-5.25458e-05
-6.99245e-05
-8.87657e-05
-0.000108708
-0.000129439
-0.000150703
-0.000172293
-0.000194046
-0.000215841
-0.000237583
-0.000259203
-0.000280649
-0.000301881
-0.000322865
-0.000343577
-0.000363992
-0.00038409
-0.000403851
-0.000423254
-0.000442282
-0.000460914
-0.000479131
-0.000496914
-0.000514243
-0.000531098
-0.000547459
-0.000563307
-0.000578622
-0.000593383
-0.000607571
-0.000621165
-0.000634147
-0.000646496
-0.000658193
-0.000669218
-0.000679554
-0.00068918
-0.000698078
-0.000706232
-0.000713622
-0.000720232
-0.000726045
-0.000731046
-0.00073522
-0.000738551
-0.000741026
-0.000742632
-0.000743356
-0.000743189
-0.000742119
-0.000740136
-0.000737234
-0.000733404
-0.000728641
-0.00072294
-0.000716298
-0.000708714
-0.000700188
-0.00069072
-0.000680314
-0.000668975
-0.000656708
-0.000643522
-0.000629427
-0.000614433
-0.000598555
-0.000581806
-0.000564205
-0.000545768
-0.000526517
-0.000506473
-0.000485661
-0.000464107
-0.000441838
-0.000418886
-0.000395286
-0.000371075
-0.0003463
-0.000321013
-0.000295281
-0.000269185
-0.000242829
-0.000216346
-0.000189905
-0.000163721
-0.000138062
-0.000113256
-8.96958e-05
-6.78365e-05
-4.81843e-05
-3.12747e-05
-1.76327e-05
-7.71316e-06
-1.82113e-06
0
0
-1.94248e-06
-8.07959e-06
-1.83372e-05
-3.24108e-05
-4.98564e-05
-7.01605e-05
-9.27969e-05
-0.000117265
-0.000143116
-0.000169962
-0.000197481
-0.000225413
-0.000253556
-0.000281753
-0.000309885
-0.00033786
-0.000365613
-0.000393088
-0.000420244
-0.000447047
-0.000473464
-0.000499468
-0.000525033
-0.000550132
-0.000574742
-0.000598835
-0.000622387
-0.000645374
-0.000667768
-0.000689545
-0.000710678
-0.000731143
-0.000750914
-0.000769964
-0.000788268
-0.000805801
-0.000822536
-0.00083845
-0.000853517
-0.000867712
-0.000881011
-0.00089339
-0.000904825
-0.000915294
-0.000924774
-0.000933243
-0.000940681
-0.000947067
-0.000952382
-0.000956607
-0.000959724
-0.000961719
-0.000962574
-0.000962276
-0.000960813
-0.000958172
-0.000954343
-0.000949318
-0.000943089
-0.000935651
-0.000927001
-0.000917137
-0.000906059
-0.000893769
-0.000880272
-0.000865573
-0.000849681
-0.000832607
-0.000814363
-0.000794965
-0.000774429
-0.000752775
-0.000730025
-0.000706203
-0.000681335
-0.000655449
-0.000628578
-0.000600754
-0.000572015
-0.0005424
-0.000511956
-0.000480731
-0.000448785
-0.000416189
-0.000383025
-0.000349401
-0.000315449
-0.000281337
-0.000247282
-0.000213552
-0.000180483
-0.000148487
-0.000118051
-8.97413e-05
-6.41886e-05
-4.20655e-05
-2.40459e-05
-1.07459e-05
-2.64769e-06
0
0
-2.6634e-06
-1.07363e-05
-2.39645e-05
-4.18854e-05
-6.39118e-05
-8.94004e-05
-0.000117707
-0.000148225
-0.000180414
-0.000213807
-0.000248016
-0.000282728
-0.000317697
-0.000352731
-0.000387684
-0.000422446
-0.00045693
-0.000491071
-0.000524816
-0.00055812
-0.000590943
-0.000623251
-0.00065501
-0.000686188
-0.000716752
-0.000746672
-0.000775915
-0.00080445
-0.000832246
-0.000859269
-0.000885489
-0.000910874
-0.000935391
-0.000959009
-0.000981697
-0.00100342
-0.00102415
-0.00104386
-0.00106251
-0.00108007
-0.00109652
-0.00111182
-0.00112595
-0.00113887
-0.00115057
-0.001161
-0.00117016
-0.00117801
-0.00118452
-0.00118969
-0.00119347
-0.00119587
-0.00119684
-0.00119639
-0.00119449
-0.00119113
-0.0011863
-0.00117999
-0.00117218
-0.00116288
-0.00115208
-0.00113977
-0.00112596
-0.00111065
-0.00109384
-0.00107555
-0.00105579
-0.00103456
-0.00101189
-0.000987791
-0.000962285
-0.000935399
-0.000907159
-0.000877594
-0.000846738
-0.000814627
-0.000781299
-0.000746796
-0.000711165
-0.000674455
-0.000636722
-0.00059803
-0.000558452
-0.000518075
-0.000477003
-0.000435367
-0.00039333
-0.000351099
-0.000308934
-0.000267164
-0.000226193
-0.000186517
-0.000148722
-0.000113491
-8.15863e-05
-5.3828e-05
-3.10553e-05
-1.40678e-05
-3.55353e-06
0
0
-3.43782e-06
-1.35911e-05
-3.00044e-05
-5.20375e-05
-7.89442e-05
-0.000109939
-0.000144251
-0.000181163
-0.000220038
-0.000260327
-0.000301577
-0.000343419
-0.000385561
-0.000427779
-0.000469898
-0.000511786
-0.00055334
-0.000594482
-0.000635145
-0.000675276
-0.000714826
-0.000753753
-0.000792016
-0.000829575
-0.000866391
-0.000902427
-0.000937643
-0.000972002
-0.00100546
-0.00103799
-0.00106955
-0.00110009
-0.00112959
-0.001158
-0.00118528
-0.0012114
-0.00123632
-0.00126
-0.0012824
-0.00130349
-0.00132324
-0.0013416
-0.00135854
-0.00137404
-0.00138805
-0.00140054
-0.00141149
-0.00142086
-0.00142863
-0.00143476
-0.00143924
-0.00144205
-0.00144314
-0.00144252
-0.00144016
-0.00143603
-0.00143014
-0.00142247
-0.001413
-0.00140173
-0.00138865
-0.00137378
-0.00135709
-0.00133861
-0.00131833
-0.00129627
-0.00127243
-0.00124684
-0.00121952
-0.00119048
-0.00115976
-0.00112739
-0.00109338
-0.00105779
-0.00102065
-0.000982012
-0.000941911
-0.000900403
-0.000857543
-0.000813392
-0.000768018
-0.000721497
-0.000673917
-0.000625382
-0.000576019
-0.000525984
-0.00047547
-0.000424722
-0.000374049
-0.000323836
-0.000274561
-0.000226804
-0.000181256
-0.000138718
-0.000100091
-6.63551e-05
-3.85275e-05
-1.76097e-05
-4.51778e-06
0
0
-4.25124e-06
-1.65946e-05
-3.63593e-05
-6.27134e-05
-9.47392e-05
-0.000131498
-0.000172086
-0.000215669
-0.00026151
-0.000308978
-0.000357549
-0.0004068
-0.000456394
-0.000506071
-0.000555629
-0.000604915
-0.000653808
-0.000702214
-0.000750058
-0.000797274
-0.000843805
-0.000889601
-0.000934613
-0.000978794
-0.0010221
-0.00106448
-0.00110589
-0.00114629
-0.00118564
-0.00122388
-0.00126097
-0.00129687
-0.00133153
-0.00136491
-0.00139696
-0.00142763
-0.00145689
-0.00148469
-0.00151099
-0.00153574
-0.0015589
-0.00158043
-0.0016003
-0.00161845
-0.00163486
-0.00164949
-0.00166229
-0.00167324
-0.0016823
-0.00168945
-0.00169464
-0.00169787
-0.00169908
-0.00169828
-0.00169543
-0.00169051
-0.00168352
-0.00167443
-0.00166323
-0.00164992
-0.00163449
-0.00161694
-0.00159728
-0.0015755
-0.00155161
-0.00152563
-0.00149758
-0.00146746
-0.00143531
-0.00140116
-0.00136502
-0.00132695
-0.00128697
-0.00124512
-0.00120147
-0.00115605
-0.00110892
-0.00106015
-0.00100979
-0.000957919
-0.000904618
-0.000849975
-0.000794095
-0.000737099
-0.000679135
-0.000620384
-0.000561072
-0.000501484
-0.000441975
-0.000382991
-0.000325081
-0.000268914
-0.000215286
-0.000165123
-0.000119472
-7.9481e-05
-4.63572e-05
-2.13186e-05
-5.52498e-06
0
0
-5.09273e-06
-1.97081e-05
-4.29519e-05
-7.379e-05
-0.000111123
-0.000153853
-0.000200934
-0.000251412
-0.000304445
-0.000359319
-0.000415437
-0.000472321
-0.00052959
-0.000586948
-0.000644164
-0.000701064
-0.00075751
-0.000813393
-0.000868626
-0.000923133
-0.000976849
-0.00102971
-0.00108167
-0.00113267
-0.00118265
-0.00123156
-0.00127935
-0.00132598
-0.00137137
-0.00141549
-0.00145828
-0.00149969
-0.00153967
-0.00157816
-0.00161511
-0.00165048
-0.00168421
-0.00171625
-0.00174656
-0.00177507
-0.00180176
-0.00182656
-0.00184943
-0.00187033
-0.0018892
-0.00190602
-0.00192074
-0.00193332
-0.00194372
-0.0019519
-0.00195784
-0.0019615
-0.00196285
-0.00196186
-0.00195851
-0.00195279
-0.00194466
-0.00193411
-0.00192114
-0.00190574
-0.00188789
-0.00186759
-0.00184486
-0.00181969
-0.0017921
-0.00176209
-0.00172969
-0.00169492
-0.00165781
-0.00161838
-0.00157668
-0.00153274
-0.00148661
-0.00143833
-0.00138797
-0.00133558
-0.00128122
-0.00122496
-0.00116688
-0.00110707
-0.00104561
-0.000982601
-0.000918174
-0.000852464
-0.000785641
-0.000717913
-0.000649538
-0.000580838
-0.000512219
-0.000444186
-0.000377364
-0.00031251
-0.00025053
-0.000192478
-0.000139554
-9.30804e-05
-5.44658e-05
-2.51554e-05
-6.56422e-06
0
0
-5.95437e-06
-2.29033e-05
-4.97236e-05
-8.51727e-05
-0.000127963
-0.000176829
-0.000230578
-0.000288131
-0.000348541
-0.000411004
-0.000474855
-0.000539556
-0.000604682
-0.000669899
-0.000734952
-0.000799642
-0.000863815
-0.000927347
-0.000990139
-0.00105211
-0.00111317
-0.00117327
-0.00123233
-0.0012903
-0.00134712
-0.00140271
-0.00145703
-0.00151002
-0.00156161
-0.00161175
-0.00166037
-0.00170742
-0.00175284
-0.00179657
-0.00183855
-0.00187873
-0.00191704
-0.00195343
-0.00198784
-0.00202022
-0.00205051
-0.00207866
-0.00210461
-0.00212832
-0.00214974
-0.00216882
-0.0021855
-0.00219976
-0.00221153
-0.00222079
-0.0022275
-0.00223161
-0.0022331
-0.00223194
-0.00222809
-0.00222155
-0.00221227
-0.00220025
-0.00218547
-0.00216793
-0.00214761
-0.00212452
-0.00209866
-0.00207003
-0.00203865
-0.00200453
-0.00196769
-0.00192816
-0.00188597
-0.00184115
-0.00179375
-0.00174382
-0.00169139
-0.00163653
-0.0015793
-0.00151977
-0.001458
-0.00139409
-0.0013281
-0.00126015
-0.00119033
-0.00111876
-0.00104557
-0.000970933
-0.000895032
-0.000818101
-0.000740433
-0.000662388
-0.000584423
-0.000507103
-0.000431129
-0.00035735
-0.000286784
-0.000220619
-0.00016021
-0.000107064
-6.2798e-05
-2.90934e-05
-7.62827e-06
0
0
-6.83074e-06
-2.61596e-05
-5.66322e-05
-9.67924e-05
-0.000145159
-0.000200294
-0.000260855
-0.000325632
-0.000393572
-0.000463779
-0.000535516
-0.000608187
-0.000681321
-0.000754549
-0.000827587
-0.000900214
-0.000972259
-0.00104358
-0.00111408
-0.00118365
-0.0012522
-0.00131967
-0.00138598
-0.00145105
-0.00151483
-0.00157724
-0.00163822
-0.00169769
-0.0017556
-0.00181188
-0.00186645
-0.00191926
-0.00197023
-0.00201931
-0.00206642
-0.0021115
-0.00215449
-0.00219531
-0.00223392
-0.00227025
-0.00230423
-0.00233581
-0.00236492
-0.00239152
-0.00241554
-0.00243693
-0.00245563
-0.00247161
-0.00248481
-0.00249518
-0.00250268
-0.00250728
-0.00250893
-0.0025076
-0.00250327
-0.0024959
-0.00248547
-0.00247196
-0.00245536
-0.00243565
-0.00241283
-0.0023869
-0.00235786
-0.00232572
-0.00229048
-0.00225218
-0.00221083
-0.00216645
-0.00211909
-0.00206879
-0.00201559
-0.00195953
-0.00190069
-0.00183912
-0.00177489
-0.00170807
-0.00163875
-0.00156702
-0.00149297
-0.00141671
-0.00133835
-0.00125803
-0.0011759
-0.00109215
-0.00100697
-0.000920635
-0.000833468
-0.00074587
-0.000658346
-0.000571526
-0.000486185
-0.000403269
-0.00032391
-0.000249433
-0.000181356
-0.000121373
-7.13182e-05
-3.31158e-05
-8.7128e-06
0
0
-7.71832e-06
-2.94635e-05
-6.36488e-05
-0.000108601
-0.000162643
-0.000224158
-0.00029165
-0.000363778
-0.000439376
-0.000517459
-0.000597214
-0.000677987
-0.00075926
-0.000840629
-0.000921781
-0.00100247
-0.00108252
-0.00116176
-0.00124008
-0.00131737
-0.00139354
-0.0014685
-0.00154216
-0.00161446
-0.00168532
-0.00175466
-0.00182241
-0.00188848
-0.00195282
-0.00201534
-0.00207597
-0.00213464
-0.00219127
-0.00224579
-0.00229813
-0.00234821
-0.00239596
-0.00244132
-0.00248421
-0.00252457
-0.00256232
-0.0025974
-0.00262974
-0.00265929
-0.00268597
-0.00270973
-0.00273052
-0.00274827
-0.00276293
-0.00277445
-0.00278279
-0.0027879
-0.00278974
-0.00278827
-0.00278346
-0.00277528
-0.0027637
-0.0027487
-0.00273026
-0.00270838
-0.00268303
-0.00265423
-0.00262198
-0.00258628
-0.00254714
-0.00250459
-0.00245866
-0.00240937
-0.00235676
-0.00230088
-0.00224178
-0.00217952
-0.00211415
-0.00204575
-0.00197439
-0.00190016
-0.00182315
-0.00174346
-0.00166119
-0.00157647
-0.00148942
-0.00140019
-0.00130894
-0.00121589
-0.00112125
-0.00102533
-0.00092847
-0.000831123
-0.000733843
-0.000637323
-0.000542417
-0.000450168
-0.000361824
-0.000278853
-0.00020294
-0.000135972
-8.00057e-05
-3.72131e-05
-9.81563e-06
0
0
-8.61507e-06
-3.28067e-05
-7.07548e-05
-0.000120568
-0.000180367
-0.000248358
-0.000322887
-0.000402477
-0.000485848
-0.000571923
-0.000659814
-0.000748807
-0.000838337
-0.000927963
-0.00101734
-0.00110622
-0.00119437
-0.00128165
-0.00136791
-0.00145303
-0.00153692
-0.00161948
-0.00170062
-0.00178025
-0.0018583
-0.00193467
-0.00200929
-0.00208208
-0.00215294
-0.00222181
-0.0022886
-0.00235322
-0.00241561
-0.00247567
-0.00253332
-0.0025885
-0.00264111
-0.00269108
-0.00273834
-0.00278281
-0.0028244
-0.00286306
-0.00289871
-0.00293127
-0.00296069
-0.00298689
-0.0030098
-0.00302938
-0.00304556
-0.00305828
-0.0030675
-0.00307316
-0.00307522
-0.00307363
-0.00306836
-0.00305938
-0.00304666
-0.00303017
-0.0030099
-0.00298582
-0.00295794
-0.00292625
-0.00289075
-0.00285146
-0.00280838
-0.00276154
-0.00271097
-0.0026567
-0.00259877
-0.00253724
-0.00247216
-0.00240358
-0.00233159
-0.00225625
-0.00217766
-0.0020959
-0.00201107
-0.00192328
-0.00183266
-0.00173932
-0.00164342
-0.00154511
-0.00144459
-0.00134206
-0.00123779
-0.00113209
-0.00102536
-0.000918075
-0.000810847
-0.000704433
-0.00059977
-0.000497998
-0.000400486
-0.000308848
-0.00022494
-0.000150846
-8.88516e-05
-4.13818e-05
-1.09361e-05
0
0
-9.51998e-06
-3.61844e-05
-7.79399e-05
-0.000132675
-0.000198307
-0.00027286
-0.000354519
-0.000441671
-0.000532921
-0.000627096
-0.000723232
-0.000820554
-0.000918451
-0.00101644
-0.00111417
-0.00121133
-0.00130771
-0.00140312
-0.00149743
-0.00159049
-0.00168221
-0.00177247
-0.00186119
-0.00194826
-0.0020336
-0.00211711
-0.00219871
-0.0022783
-0.00235579
-0.00243111
-0.00250415
-0.00257483
-0.00264306
-0.00270876
-0.00277182
-0.00283218
-0.00288974
-0.00294442
-0.00299613
-0.00304479
-0.00309031
-0.00313263
-0.00317165
-0.00320731
-0.00323952
-0.00326822
-0.00329333
-0.0033148
-0.00333255
-0.00334652
-0.00335666
-0.00336291
-0.00336522
-0.00336355
-0.00335786
-0.0033481
-0.00333425
-0.00331628
-0.00329418
-0.00326791
-0.00323748
-0.00320288
-0.00316412
-0.0031212
-0.00307414
-0.00302297
-0.00296771
-0.0029084
-0.00284509
-0.00277783
-0.00270668
-0.00263171
-0.002553
-0.00247062
-0.00238468
-0.00229526
-0.00220249
-0.00210648
-0.00200735
-0.00190526
-0.00180035
-0.00169281
-0.00158284
-0.00147066
-0.00135658
-0.00124093
-0.00112413
-0.00100672
-0.000889347
-0.000772847
-0.000658234
-0.000546751
-0.00043989
-0.000339413
-0.000247351
-0.000165994
-9.78559e-05
-4.56223e-05
-1.20748e-05
0
0
-1.04327e-05
-3.9595e-05
-8.51994e-05
-0.000144912
-0.000216447
-0.000297643
-0.000386522
-0.000481332
-0.000580561
-0.000682939
-0.000787425
-0.000893184
-0.000999554
-0.00110602
-0.00121219
-0.00131775
-0.00142245
-0.00152611
-0.00162857
-0.00172968
-0.00182933
-0.00192741
-0.0020238
-0.00211841
-0.00221115
-0.0023019
-0.00239057
-0.00247707
-0.0025613
-0.00264316
-0.00272256
-0.00279939
-0.00287357
-0.002945
-0.00301357
-0.00307921
-0.00314181
-0.00320128
-0.00325753
-0.00331046
-0.00336
-0.00340606
-0.00344854
-0.00348736
-0.00352245
-0.00355372
-0.0035811
-0.00360451
-0.00362389
-0.00363917
-0.00365028
-0.00365717
-0.00365978
-0.00365807
-0.00365198
-0.00364147
-0.00362652
-0.00360709
-0.00358315
-0.0035547
-0.00352172
-0.0034842
-0.00344216
-0.00339559
-0.00334452
-0.00328897
-0.00322897
-0.00316457
-0.00309581
-0.00302275
-0.00294545
-0.002864
-0.00277847
-0.00268895
-0.00259554
-0.00249835
-0.0023975
-0.00229313
-0.00218536
-0.00207435
-0.00196029
-0.00184334
-0.00172375
-0.00160176
-0.00147768
-0.00135188
-0.00122483
-0.00109709
-0.000969381
-0.000842597
-0.000717837
-0.000596449
-0.000480054
-0.000370562
-0.000270186
-0.000181423
-0.000107024
-4.99382e-05
-1.32327e-05
0
0
-1.13536e-05
-4.30385e-05
-9.25327e-05
-0.00015728
-0.000234786
-0.000322703
-0.00041889
-0.000521452
-0.000628758
-0.000739441
-0.000852382
-0.000966682
-0.00108163
-0.00119668
-0.0013114
-0.00142546
-0.0015386
-0.00165061
-0.00176133
-0.00187059
-0.00197828
-0.00208427
-0.00218845
-0.00229071
-0.00239095
-0.00248905
-0.0025849
-0.00267842
-0.00276948
-0.002858
-0.00294385
-0.00302694
-0.00310717
-0.00318442
-0.00325861
-0.00332962
-0.00339735
-0.00346171
-0.00352259
-0.0035799
-0.00363355
-0.00368343
-0.00372945
-0.00377152
-0.00380956
-0.00384348
-0.0038732
-0.00389864
-0.00391971
-0.00393636
-0.0039485
-0.00395608
-0.00395904
-0.00395732
-0.00395087
-0.00393964
-0.00392361
-0.00390273
-0.00387699
-0.00384635
-0.00381082
-0.00377038
-0.00372503
-0.00367479
-0.00361968
-0.00355971
-0.00349493
-0.00342538
-0.0033511
-0.00327217
-0.00318865
-0.00310062
-0.00300817
-0.0029114
-0.00281041
-0.00270533
-0.00259627
-0.00248339
-0.00236683
-0.00224676
-0.00212336
-0.00199685
-0.00186746
-0.00173546
-0.00160119
-0.00146505
-0.00132754
-0.00118927
-0.00105102
-0.000913742
-0.000778631
-0.000647138
-0.000521013
-0.000402324
-0.000293466
-0.00019715
-0.000116367
-5.43346e-05
-1.44117e-05
0
0
-1.22829e-05
-4.65161e-05
-9.99419e-05
-0.000169779
-0.000253326
-0.000348044
-0.000451626
-0.000562035
-0.000677518
-0.000796611
-0.000918112
-0.00104106
-0.0011647
-0.00128844
-0.00141182
-0.00153449
-0.00165618
-0.00177665
-0.00189573
-0.00201326
-0.0021291
-0.00224312
-0.00235519
-0.00246521
-0.00257306
-0.00267861
-0.00278176
-0.0028824
-0.00298041
-0.00307568
-0.0031681
-0.00325756
-0.00334394
-0.00342713
-0.00350703
-0.00358352
-0.00365649
-0.00372584
-0.00379146
-0.00385324
-0.00391108
-0.00396488
-0.00401453
-0.00405995
-0.00410103
-0.00413768
-0.00416982
-0.00419735
-0.00422019
-0.00423827
-0.00425151
-0.00425984
-0.00426319
-0.00426152
-0.00425475
-0.00424285
-0.00422576
-0.00420346
-0.00417592
-0.00414312
-0.00410503
-0.00406165
-0.004013
-0.00395906
-0.00389987
-0.00383545
-0.00376584
-0.00369108
-0.00361123
-0.00352635
-0.00343652
-0.00334182
-0.00324235
-0.00313822
-0.00302953
-0.00291641
-0.00279902
-0.00267748
-0.00255197
-0.00242267
-0.00228977
-0.0021535
-0.00201412
-0.00187192
-0.00172726
-0.00158057
-0.00143239
-0.00128337
-0.00113435
-0.000986367
-0.000840686
-0.000698876
-0.000562817
-0.000434739
-0.000317222
-0.000213196
-0.000125898
-5.88181e-05
-1.56136e-05
0
0
-1.32215e-05
-5.00298e-05
-0.000107431
-0.000182417
-0.000272074
-0.000373676
-0.000484745
-0.000603097
-0.000726861
-0.000854468
-0.000984639
-0.00111635
-0.00124879
-0.00138133
-0.00151349
-0.00164489
-0.00177523
-0.00190428
-0.00203184
-0.00215775
-0.00228185
-0.00240401
-0.0025241
-0.00264199
-0.00275756
-0.00287069
-0.00298125
-0.00308912
-0.00319419
-0.00329634
-0.00339544
-0.00349137
-0.00358402
-0.00367327
-0.00375899
-0.00384107
-0.00391939
-0.00399384
-0.0040643
-0.00413065
-0.00419279
-0.00425061
-0.004304
-0.00435285
-0.00439706
-0.00443654
-0.00447117
-0.00450088
-0.00452557
-0.00454516
-0.00455956
-0.0045687
-0.00457252
-0.00457094
-0.0045639
-0.00455135
-0.00453326
-0.00450956
-0.00448025
-0.00444528
-0.00440465
-0.00435834
-0.00430635
-0.0042487
-0.00418541
-0.0041165
-0.004042
-0.00396198
-0.00387648
-0.00378558
-0.00368935
-0.00358789
-0.00348129
-0.00336967
-0.00325315
-0.00313188
-0.00300598
-0.00287563
-0.00274101
-0.0026023
-0.00245971
-0.00231349
-0.00216392
-0.00201131
-0.00185604
-0.00169858
-0.0015395
-0.00137951
-0.0012195
-0.00106057
-0.00090409
-0.000751736
-0.000605527
-0.000467852
-0.000341488
-0.000229584
-0.000135631
-6.33963e-05
-1.68406e-05
0
0
-1.417e-05
-5.35823e-05
-0.000115004
-0.0001952
-0.000291043
-0.000399613
-0.000518262
-0.00064466
-0.00077681
-0.000913043
-0.001052
-0.00119258
-0.00133394
-0.0014754
-0.00161646
-0.0017567
-0.00189582
-0.00203357
-0.00216974
-0.00230414
-0.00243663
-0.00256705
-0.00269527
-0.00282116
-0.00294457
-0.00306539
-0.00318349
-0.00329872
-0.00341098
-0.00352012
-0.00362602
-0.00372855
-0.00382759
-0.003923
-0.00401467
-0.00410246
-0.00418624
-0.0042659
-0.00434132
-0.00441236
-0.00447892
-0.00454086
-0.00459809
-0.00465048
-0.00469792
-0.00474031
-0.00477754
-0.00480952
-0.00483614
-0.00485731
-0.00487295
-0.00488298
-0.00488732
-0.00488589
-0.00487863
-0.00486549
-0.00484642
-0.00482136
-0.00479029
-0.00475318
-0.00471001
-0.00466076
-0.00460544
-0.00454406
-0.00447663
-0.00440318
-0.00432376
-0.00423841
-0.00414719
-0.00405019
-0.00394747
-0.00383914
-0.0037253
-0.00360607
-0.00348159
-0.003352
-0.00321746
-0.00307813
-0.00293421
-0.00278591
-0.00263344
-0.00247707
-0.00231709
-0.00215384
-0.00198774
-0.00181927
-0.00164905
-0.00147784
-0.00130658
-0.00113646
-0.000968937
-0.000805799
-0.000649207
-0.000501718
-0.000366304
-0.000246343
-0.000145583
-6.80773e-05
-1.80949e-05
0
0
-1.51292e-05
-5.7176e-05
-0.000122668
-0.000208137
-0.000310244
-0.000425872
-0.0005522
-0.000686749
-0.000827397
-0.000972371
-0.00112023
-0.00126981
-0.00142021
-0.00157072
-0.00172079
-0.00187001
-0.00201803
-0.0021646
-0.0023095
-0.00245253
-0.00259353
-0.00273235
-0.00286883
-0.00300283
-0.00313423
-0.00326287
-0.00338862
-0.00351135
-0.00363091
-0.00374718
-0.00386001
-0.00396927
-0.00407482
-0.00417654
-0.00427427
-0.00436789
-0.00445727
-0.00454227
-0.00462276
-0.00469861
-0.00476969
-0.00483588
-0.00489706
-0.00495309
-0.00500388
-0.00504929
-0.00508921
-0.00512355
-0.00515219
-0.00517504
-0.00519201
-0.00520299
-0.00520792
-0.00520671
-0.0051993
-0.00518561
-0.0051656
-0.00513922
-0.00510642
-0.00506718
-0.00502148
-0.00496929
-0.00491063
-0.00484549
-0.0047739
-0.00469588
-0.00461147
-0.00452074
-0.00442373
-0.00432053
-0.00421123
-0.00409592
-0.00397472
-0.00384776
-0.00371517
-0.00357712
-0.00343375
-0.00328527
-0.00313187
-0.00297377
-0.00281121
-0.00264446
-0.00247385
-0.00229973
-0.00212255
-0.00194282
-0.00176121
-0.00157851
-0.00139574
-0.00121416
-0.00103533
-0.000861153
-0.000693929
-0.000536391
-0.000391712
-0.000263502
-0.000155772
-7.28694e-05
-1.93791e-05
0
0
-1.60999e-05
-6.08139e-05
-0.000130427
-0.000221239
-0.000329692
-0.000452471
-0.000586582
-0.000729393
-0.000878655
-0.00103249
-0.00118938
-0.00134808
-0.00150765
-0.00166733
-0.00182656
-0.00198488
-0.00214194
-0.00229747
-0.00245123
-0.00260302
-0.00275267
-0.00290001
-0.00304489
-0.00318715
-0.00332666
-0.00346325
-0.0035968
-0.00372716
-0.00385417
-0.0039777
-0.0040976
-0.00421372
-0.00432593
-0.00443407
-0.00453801
-0.0046376
-0.0047327
-0.00482316
-0.00490886
-0.00498965
-0.00506539
-0.00513595
-0.00520119
-0.005261
-0.00531523
-0.00536377
-0.0054065
-0.00544331
-0.00547407
-0.00549869
-0.00551706
-0.00552909
-0.00553468
-0.00553376
-0.00552625
-0.00551208
-0.00549118
-0.00546351
-0.00542902
-0.00538767
-0.00533945
-0.00528433
-0.00522231
-0.0051534
-0.00507761
-0.00499498
-0.00490554
-0.00480935
-0.00470648
-0.004597
-0.00448101
-0.00435861
-0.00422992
-0.00409508
-0.00395424
-0.00380755
-0.0036552
-0.00349737
-0.00333429
-0.00316618
-0.0029933
-0.00281595
-0.00263446
-0.00244922
-0.00226069
-0.00206943
-0.00187614
-0.00168168
-0.00148712
-0.00129381
-0.00110338
-0.00091789
-0.000739771
-0.000571933
-0.000417755
-0.000281089
-0.000166216
-7.77815e-05
-2.06954e-05
0
0
-1.70828e-05
-6.44987e-05
-0.000138287
-0.000234514
-0.000349399
-0.000479429
-0.000621431
-0.00077262
-0.00093062
-0.00109345
-0.00125949
-0.00142745
-0.00159632
-0.00176532
-0.00193383
-0.0021014
-0.00226764
-0.00243226
-0.00259502
-0.00275572
-0.00291415
-0.00307016
-0.00322358
-0.00337424
-0.00352201
-0.00366671
-0.0038082
-0.00394632
-0.00408093
-0.00421186
-0.00433897
-0.0044621
-0.00458111
-0.00469583
-0.00480611
-0.00491181
-0.00501277
-0.00510885
-0.00519989
-0.00528575
-0.00536628
-0.00544134
-0.00551078
-0.00557448
-0.00563229
-0.00568409
-0.00572974
-0.00576912
-0.00580211
-0.00582859
-0.00584847
-0.00586163
-0.00586798
-0.00586742
-0.00585988
-0.00584528
-0.00582355
-0.00579463
-0.00575848
-0.00571505
-0.00566432
-0.00560627
-0.00554089
-0.00546819
-0.00538818
-0.00530089
-0.00520636
-0.00510465
-0.00499583
-0.00487998
-0.00475719
-0.00462759
-0.00449128
-0.00434842
-0.00419916
-0.00404366
-0.00388213
-0.00371476
-0.00354178
-0.00336344
-0.00318001
-0.0029918
-0.00279917
-0.00260253
-0.00240238
-0.00219931
-0.00199406
-0.00178753
-0.00158088
-0.00137552
-0.00117321
-0.000976111
-0.000786812
-0.000608404
-0.000444482
-0.000299138
-0.000176934
-8.28229e-05
-2.20464e-05
0
0
-1.80788e-05
-6.82332e-05
-0.000146255
-0.000247971
-0.00036938
-0.000506765
-0.000656771
-0.000816462
-0.000983327
-0.00115528
-0.00133061
-0.00150797
-0.00168629
-0.00186475
-0.00204269
-0.00221964
-0.0023952
-0.00256907
-0.00274099
-0.00291073
-0.0030781
-0.00324293
-0.00340504
-0.00356426
-0.00372043
-0.00387338
-0.00402296
-0.00416901
-0.00431136
-0.00444986
-0.00458433
-0.00471463
-0.00484058
-0.00496203
-0.00507881
-0.00519077
-0.00529775
-0.00539958
-0.00549611
-0.00558718
-0.00567265
-0.00575235
-0.00582613
-0.00589386
-0.00595538
-0.00601055
-0.00605924
-0.00610132
-0.00613665
-0.00616512
-0.0061866
-0.00620099
-0.00620818
-0.00620807
-0.00620057
-0.00618561
-0.0061631
-0.00613299
-0.00609521
-0.00604973
-0.00599652
-0.00593554
-0.0058668
-0.00579028
-0.00570602
-0.00561403
-0.00551436
-0.00540707
-0.00529221
-0.00516989
-0.0050402
-0.00490326
-0.0047592
-0.00460816
-0.00445031
-0.00428583
-0.00411491
-0.00393779
-0.00375469
-0.00356587
-0.00337164
-0.00317231
-0.00296827
-0.00275995
-0.00254788
-0.00233268
-0.00211515
-0.00189625
-0.00167718
-0.00145946
-0.00124494
-0.00103592
-0.000835136
-0.000645872
-0.000471939
-0.000317682
-0.000187947
-8.80029e-05
-2.34347e-05
0
0
-1.90885e-05
-7.202e-05
-0.000154336
-0.000261622
-0.00038965
-0.000534497
-0.000692629
-0.000860948
-0.00103681
-0.00121803
-0.0014028
-0.0015897
-0.00177762
-0.00196568
-0.00215321
-0.0023397
-0.00252473
-0.002708
-0.00288922
-0.00306817
-0.00324464
-0.00341844
-0.0035894
-0.00375733
-0.00392206
-0.00408344
-0.00424127
-0.0043954
-0.00454566
-0.00469188
-0.00483388
-0.00497149
-0.00510456
-0.0052329
-0.00535634
-0.00547472
-0.00558787
-0.00569561
-0.00579779
-0.00589423
-0.00598478
-0.00606927
-0.00614754
-0.00621944
-0.00628481
-0.0063435
-0.00639537
-0.00644027
-0.00647806
-0.00650862
-0.00653183
-0.00654755
-0.00655567
-0.0065561
-0.00654873
-0.00653348
-0.00651026
-0.006479
-0.00643965
-0.00639215
-0.00633647
-0.00627258
-0.00620047
-0.00612013
-0.00603159
-0.00593486
-0.00582999
-0.00571703
-0.00559607
-0.00546717
-0.00533046
-0.00518605
-0.00503408
-0.0048747
-0.00470809
-0.00453443
-0.00435393
-0.00416682
-0.00397336
-0.00377382
-0.00356851
-0.00335779
-0.00314203
-0.00292173
-0.00269742
-0.00246978
-0.00223964
-0.00200801
-0.00177619
-0.00154576
-0.0013187
-0.00109742
-0.000884831
-0.000684405
-0.000500178
-0.000336755
-0.000199275
-9.33315e-05
-2.4863e-05
0
0
-2.01127e-05
-7.58618e-05
-0.000162535
-0.000275474
-0.000410222
-0.000562646
-0.000729027
-0.000906109
-0.00109112
-0.00128174
-0.0014761
-0.0016727
-0.00187036
-0.00206818
-0.00226546
-0.00246164
-0.00265632
-0.00284915
-0.00303984
-0.00322816
-0.00341389
-0.00359683
-0.0037768
-0.0039536
-0.00412707
-0.00429703
-0.00446329
-0.00462567
-0.00478401
-0.00493811
-0.00508781
-0.00523292
-0.00537326
-0.00550866
-0.00563893
-0.0057639
-0.00588339
-0.00599721
-0.0061052
-0.00620718
-0.00630298
-0.00639242
-0.00647533
-0.00655155
-0.00662092
-0.00668327
-0.00673846
-0.00678632
-0.00682671
-0.00685949
-0.00688453
-0.0069017
-0.00691087
-0.00691193
-0.00690478
-0.00688931
-0.00686545
-0.00683311
-0.00679223
-0.00674275
-0.00668463
-0.00661784
-0.00654236
-0.00645818
-0.00636533
-0.00626382
-0.00615369
-0.006035
-0.00590783
-0.00577227
-0.00562842
-0.0054764
-0.00531637
-0.00514848
-0.00497291
-0.00478987
-0.00459956
-0.00440224
-0.00419817
-0.00398763
-0.00377097
-0.00354854
-0.00332077
-0.00308816
-0.00285128
-0.00261085
-0.00236774
-0.00212303
-0.00187809
-0.00163459
-0.00139462
-0.00116072
-0.000935988
-0.000724075
-0.000529252
-0.000356393
-0.000210939
-9.8819e-05
-2.6334e-05
0
0
-2.1152e-05
-7.97611e-05
-0.000170859
-0.000289537
-0.000431109
-0.000591229
-0.00076599
-0.000951974
-0.00114627
-0.00134645
-0.00155055
-0.00175701
-0.00196458
-0.00217233
-0.00237952
-0.00258557
-0.00279005
-0.0029926
-0.00319293
-0.00339079
-0.00358595
-0.00377821
-0.00396737
-0.00415323
-0.00433561
-0.00451432
-0.00468918
-0.00485999
-0.00502658
-0.00518876
-0.00534633
-0.00549911
-0.00564692
-0.00578955
-0.00592683
-0.00605857
-0.00618457
-0.00630465
-0.00641863
-0.00652632
-0.00662753
-0.00672209
-0.00680981
-0.00689052
-0.00696405
-0.00703022
-0.00708887
-0.00713984
-0.00718297
-0.0072181
-0.00724511
-0.00726384
-0.00727417
-0.00727597
-0.00726913
-0.00725354
-0.00722911
-0.00719576
-0.0071534
-0.00710198
-0.00704145
-0.00697178
-0.00689293
-0.00680491
-0.00670772
-0.00660138
-0.00648594
-0.00636145
-0.00622799
-0.00608564
-0.00593453
-0.00577477
-0.00560651
-0.00542993
-0.00524522
-0.00505257
-0.00485223
-0.00464444
-0.00442949
-0.00420768
-0.00397936
-0.00374492
-0.0035048
-0.00325953
-0.00300972
-0.00275613
-0.00249968
-0.00224152
-0.00198307
-0.00172611
-0.00147284
-0.00122596
-0.000988705
-0.000764956
-0.000559216
-0.000376633
-0.000222962
-0.000104476
-2.78508e-05
0
0
-2.22071e-05
-8.37205e-05
-0.000179311
-0.000303821
-0.000452325
-0.000620265
-0.000803542
-0.000998573
-0.00120231
-0.00141221
-0.00162622
-0.00184269
-0.00206035
-0.00227819
-0.00249546
-0.00271155
-0.00292601
-0.00313847
-0.00334862
-0.0035562
-0.00376097
-0.00396272
-0.00416124
-0.00435634
-0.00454781
-0.00473547
-0.00491911
-0.00509854
-0.00527357
-0.00544401
-0.00560964
-0.00577028
-0.00592574
-0.0060758
-0.00622028
-0.00635897
-0.00649167
-0.0066182
-0.00673835
-0.00685193
-0.00695874
-0.00705859
-0.0071513
-0.00723667
-0.00731453
-0.00738468
-0.00744696
-0.00750119
-0.00754721
-0.00758485
-0.00761395
-0.00763438
-0.00764599
-0.00764865
-0.00764222
-0.00762661
-0.0076017
-0.0075674
-0.00752363
-0.00747032
-0.00740742
-0.00733488
-0.00725268
-0.0071608
-0.00705925
-0.00694805
-0.00682724
-0.00669687
-0.00655702
-0.00640778
-0.00624927
-0.00608161
-0.00590497
-0.00571952
-0.00552545
-0.00532298
-0.00511235
-0.00489384
-0.00466772
-0.00443434
-0.00419405
-0.00394726
-0.00369445
-0.00343616
-0.00317305
-0.00290591
-0.00263572
-0.00236369
-0.00209132
-0.00182049
-0.00155351
-0.00129324
-0.00104308
-0.000807127
-0.000590128
-0.000397516
-0.000235368
-0.000110314
-2.94162e-05
0
0
-2.32786e-05
-8.77423e-05
-0.000187898
-0.000318334
-0.000473884
-0.000649772
-0.000841706
-0.00104594
-0.00125927
-0.00147905
-0.00170314
-0.00192981
-0.00215772
-0.00238584
-0.00261336
-0.00283968
-0.0030643
-0.00328684
-0.00350699
-0.00372447
-0.00393904
-0.00415048
-0.00435856
-0.00456308
-0.00476384
-0.00496063
-0.00515325
-0.0053415
-0.00552517
-0.00570405
-0.00587795
-0.00604665
-0.00620995
-0.00636763
-0.0065195
-0.00666535
-0.00680496
-0.00693812
-0.00706464
-0.0071843
-0.0072969
-0.00740225
-0.00750012
-0.00759034
-0.0076727
-0.00774702
-0.0078131
-0.00787076
-0.00791982
-0.00796012
-0.00799148
-0.00801374
-0.00802676
-0.00803039
-0.0080245
-0.00800896
-0.00798367
-0.00794851
-0.00790339
-0.00784825
-0.00778302
-0.00770764
-0.00762209
-0.00752635
-0.00742042
-0.00730432
-0.00717808
-0.00704176
-0.00689542
-0.00673918
-0.00657314
-0.00639744
-0.00621224
-0.00601771
-0.00581408
-0.00560155
-0.00538038
-0.00515086
-0.00491329
-0.00466802
-0.00441542
-0.00415594
-0.00389006
-0.00361836
-0.00334155
-0.00306045
-0.0027761
-0.00248977
-0.00220305
-0.00191791
-0.00163679
-0.0013627
-0.00109922
-0.000850671
-0.000622049
-0.000419083
-0.000248181
-0.000116344
-3.10335e-05
0
0
-2.43672e-05
-9.1829e-05
-0.000196625
-0.000333084
-0.000495797
-0.000679768
-0.000880505
-0.00109409
-0.00131719
-0.00154702
-0.00178136
-0.0020184
-0.00225675
-0.00249533
-0.0027333
-0.00297002
-0.00320499
-0.00343781
-0.00366816
-0.00389574
-0.0041203
-0.00434161
-0.00455945
-0.00477359
-0.00498384
-0.00518996
-0.00539177
-0.00558903
-0.00578154
-0.00596909
-0.00615145
-0.00632842
-0.00649977
-0.00666529
-0.00682476
-0.00697796
-0.00712468
-0.00726469
-0.00739778
-0.00752373
-0.00764233
-0.00775336
-0.00785661
-0.00795187
-0.00803893
-0.00811759
-0.00818765
-0.00824892
-0.0083012
-0.00834432
-0.00837809
-0.00840235
-0.00841692
-0.00842166
-0.00841643
-0.00840108
-0.00837549
-0.00833956
-0.00829318
-0.00823626
-0.00816875
-0.00809057
-0.00800169
-0.00790209
-0.00779176
-0.00767072
-0.00753899
-0.00739664
-0.00724373
-0.00708037
-0.00690666
-0.00672276
-0.00652881
-0.00632502
-0.00611159
-0.00588876
-0.00565679
-0.00541597
-0.00516664
-0.00490914
-0.00464388
-0.00437133
-0.00409199
-0.00380649
-0.00351555
-0.00322006
-0.0029211
-0.00262001
-0.00231847
-0.00201856
-0.00172284
-0.00143447
-0.00115724
-0.000895675
-0.000655042
-0.000441377
-0.000261428
-0.000122579
-3.27061e-05
0
0
-2.54734e-05
-9.59827e-05
-0.000205496
-0.00034808
-0.000518079
-0.000710269
-0.000919961
-0.00114306
-0.00137609
-0.00161616
-0.00186093
-0.00210853
-0.0023575
-0.00260673
-0.00285533
-0.00310266
-0.00334818
-0.00359148
-0.00383221
-0.00407009
-0.00430485
-0.00453624
-0.00476404
-0.00498802
-0.00520795
-0.00542363
-0.00563483
-0.00584132
-0.00604288
-0.0062393
-0.00643035
-0.0066158
-0.00679542
-0.00696899
-0.00713628
-0.00729706
-0.00745111
-0.00759818
-0.00773806
-0.00787052
-0.00799532
-0.00811225
-0.00822108
-0.00832158
-0.00841355
-0.00849676
-0.008571
-0.00863606
-0.00869175
-0.00873787
-0.00877422
-0.00880062
-0.00881691
-0.0088229
-0.00881846
-0.00880342
-0.00877766
-0.00874105
-0.00869349
-0.00863487
-0.00856513
-0.00848418
-0.008392
-0.00828854
-0.0081738
-0.00804779
-0.00791052
-0.00776207
-0.00760249
-0.00743189
-0.00725038
-0.0070581
-0.00685523
-0.00664196
-0.0064185
-0.00618511
-0.00594205
-0.00568964
-0.00542821
-0.00515814
-0.00487986
-0.00459384
-0.00430064
-0.0040009
-0.00369539
-0.00338504
-0.00307099
-0.00275467
-0.00243782
-0.00212264
-0.00181183
-0.0015087
-0.00121725
-0.000942228
-0.000689176
-0.000464443
-0.000275136
-0.000129032
-3.44374e-05
0
0
-2.65979e-05
-0.000100206
-0.000214517
-0.00036333
-0.000540739
-0.000741292
-0.000960096
-0.00119288
-0.00143602
-0.0016865
-0.00194189
-0.00220024
-0.00246003
-0.0027201
-0.00297955
-0.00323768
-0.00349395
-0.00374793
-0.00399926
-0.00424764
-0.00449281
-0.00473449
-0.00497247
-0.00520649
-0.00543634
-0.00566178
-0.00588259
-0.00609853
-0.00630938
-0.00651489
-0.00671485
-0.00690901
-0.00709713
-0.00727898
-0.00745432
-0.00762291
-0.0077845
-0.00793887
-0.00808577
-0.00822496
-0.00835619
-0.00847924
-0.00859387
-0.00869984
-0.00879693
-0.00888489
-0.00896352
-0.00903258
-0.00909187
-0.00914117
-0.00918029
-0.00920902
-0.00922717
-0.00923458
-0.00923107
-0.00921648
-0.00919067
-0.00915349
-0.00910484
-0.0090446
-0.00897269
-0.00888904
-0.00879357
-0.00868627
-0.00856711
-0.00843609
-0.00829324
-0.00813861
-0.00797227
-0.0077943
-0.00760485
-0.00740404
-0.00719204
-0.00696907
-0.00673535
-0.00649112
-0.00623669
-0.00597236
-0.0056985
-0.00541549
-0.00512379
-0.00482389
-0.00451639
-0.00420196
-0.0038814
-0.00355571
-0.00322608
-0.002894
-0.00256133
-0.00223036
-0.00190394
-0.00158555
-0.00127938
-0.000990428
-0.00072452
-0.00048833
-0.000289333
-0.000135716
-3.62312e-05
0
0
-2.77411e-05
-0.0001045
-0.000223691
-0.000378842
-0.000563792
-0.000772855
-0.00100093
-0.00124357
-0.001497
-0.00175809
-0.00202429
-0.00229358
-0.0025644
-0.00283552
-0.00310601
-0.00337515
-0.00364238
-0.00390725
-0.0041694
-0.0044285
-0.00468429
-0.00493649
-0.00518486
-0.00542915
-0.00566913
-0.00590457
-0.00613522
-0.00636084
-0.0065812
-0.00679605
-0.00700515
-0.00720825
-0.00740511
-0.00759547
-0.0077791
-0.00795574
-0.00812513
-0.00828703
-0.00844118
-0.00858734
-0.00872525
-0.00885466
-0.00897532
-0.00908699
-0.00918942
-0.00928236
-0.00936559
-0.00943887
-0.00950197
-0.00955466
-0.00959673
-0.00962798
-0.00964819
-0.00965717
-0.00965476
-0.00964076
-0.00961502
-0.00957741
-0.00952777
-0.009466
-0.009392
-0.00930568
-0.00920698
-0.00909584
-0.00897226
-0.00883621
-0.00868773
-0.00852685
-0.00835364
-0.00816821
-0.00797065
-0.00776114
-0.00753983
-0.00730693
-0.00706269
-0.00680736
-0.00654123
-0.00626466
-0.005978
-0.00568167
-0.00537614
-0.00506194
-0.00473968
-0.00441007
-0.00407398
-0.00373242
-0.00338667
-0.0030383
-0.00268925
-0.00234195
-0.00199937
-0.00166517
-0.00134376
-0.00104038
-0.000761151
-0.000513089
-0.000304051
-0.000142646
-3.80915e-05
0
0
-2.89036e-05
-0.000108868
-0.000233024
-0.000394623
-0.000587247
-0.000804972
-0.00104249
-0.00129517
-0.00155907
-0.00183095
-0.00210817
-0.00238861
-0.00267066
-0.00295304
-0.00323478
-0.00351515
-0.00379355
-0.00406954
-0.00434272
-0.00461277
-0.0048794
-0.00514234
-0.00540134
-0.00565613
-0.00590648
-0.00615215
-0.00639287
-0.00662842
-0.00685853
-0.00708295
-0.00730144
-0.00751373
-0.00771958
-0.00791871
-0.00811088
-0.00829581
-0.00847325
-0.00864293
-0.0088046
-0.00895797
-0.0091028
-0.00923882
-0.00936576
-0.00948337
-0.00959138
-0.00968955
-0.00977762
-0.00985534
-0.00992247
-0.00997877
-0.010024
-0.010058
-0.0100804
-0.0100912
-0.01009
-0.0100768
-0.0100513
-0.0100133
-0.00996283
-0.00989963
-0.00982362
-0.0097347
-0.0096328
-0.00951786
-0.00938985
-0.00924876
-0.0090946
-0.0089274
-0.00874724
-0.00855421
-0.00834841
-0.00813001
-0.00789918
-0.00765614
-0.00740111
-0.00713438
-0.00685626
-0.00656709
-0.00626725
-0.0059572
-0.00563741
-0.00530844
-0.00497094
-0.00462566
-0.00427349
-0.00391553
-0.00355311
-0.00318787
-0.00282186
-0.00245763
-0.0020983
-0.00174772
-0.00141052
-0.00109218
-0.000799146
-0.000538774
-0.000319321
-0.000149838
-4.00223e-05
0
0
-3.0086e-05
-0.000113311
-0.000242519
-0.000410681
-0.000611116
-0.000837658
-0.00108478
-0.00134768
-0.00162226
-0.00190514
-0.00219356
-0.00248537
-0.00277886
-0.00307271
-0.00336593
-0.00365775
-0.00394755
-0.00423488
-0.00451932
-0.00480055
-0.00507826
-0.00535217
-0.00562203
-0.00588757
-0.00614853
-0.00640467
-0.00665572
-0.00690143
-0.00714154
-0.0073758
-0.00760393
-0.00782567
-0.00804076
-0.00824892
-0.00844988
-0.00864338
-0.00882913
-0.00900686
-0.00917629
-0.00933715
-0.00948917
-0.00963205
-0.00976553
-0.00988934
-0.0100032
-0.0101068
-0.0102
-0.0102824
-0.0103538
-0.0104139
-0.0104626
-0.0104994
-0.0105244
-0.0105371
-0.0105374
-0.010525
-0.0104999
-0.0104618
-0.0104106
-0.0103461
-0.0102681
-0.0101767
-0.0100717
-0.00995294
-0.00982052
-0.00967437
-0.00951449
-0.00934091
-0.00915371
-0.00895295
-0.00873877
-0.00851131
-0.00827075
-0.00801731
-0.00775123
-0.0074728
-0.00718234
-0.00688021
-0.00656682
-0.00624262
-0.00590811
-0.0055639
-0.00521065
-0.00484916
-0.00448037
-0.00410543
-0.00372573
-0.00334302
-0.00295943
-0.00257766
-0.00220097
-0.0018334
-0.0014798
-0.00114595
-0.00083859
-0.000565442
-0.000335177
-0.000157307
-4.20281e-05
0
0
-3.12887e-05
-0.000117832
-0.000252181
-0.000427024
-0.00063541
-0.00087093
-0.00112784
-0.00140114
-0.00168659
-0.00198067
-0.00228053
-0.00258391
-0.00288906
-0.00319461
-0.00349953
-0.00380302
-0.00410446
-0.00440335
-0.00469929
-0.00499193
-0.00528096
-0.00556609
-0.00584706
-0.00612358
-0.00639541
-0.00666227
-0.0069239
-0.00718004
-0.00743042
-0.00767477
-0.00791281
-0.00814427
-0.00836887
-0.00858632
-0.00879636
-0.00899869
-0.00919303
-0.00937908
-0.00955656
-0.00972519
-0.00988466
-0.0100347
-0.010175
-0.0103053
-0.0104252
-0.0105346
-0.0106331
-0.0107205
-0.0107964
-0.0108606
-0.0109129
-0.0109529
-0.0109805
-0.0109954
-0.0109973
-0.0109861
-0.0109615
-0.0109234
-0.0108716
-0.0108059
-0.0107262
-0.0106323
-0.0105242
-0.0104017
-0.0102649
-0.0101137
-0.00994806
-0.00976804
-0.0095737
-0.00936511
-0.00914239
-0.00890569
-0.00865519
-0.00839111
-0.0081137
-0.00782326
-0.00752012
-0.00720466
-0.00687729
-0.00653849
-0.0061888
-0.00582883
-0.0054593
-0.00508104
-0.00469504
-0.00430251
-0.00390491
-0.00350408
-0.00310227
-0.00270229
-0.00230759
-0.00192239
-0.00155178
-0.00120181
-0.000879572
-0.000593153
-0.000351656
-0.000165071
-4.41135e-05
0
0
-3.25122e-05
-0.000122432
-0.000262014
-0.000443657
-0.000660138
-0.0009048
-0.00117168
-0.00145558
-0.0017521
-0.00205758
-0.00236909
-0.00268427
-0.0030013
-0.00331878
-0.00363563
-0.00395103
-0.00426434
-0.00457504
-0.00488272
-0.00518702
-0.00548762
-0.00578422
-0.00607654
-0.00636431
-0.00664726
-0.00692511
-0.00719759
-0.00746442
-0.00772533
-0.00798004
-0.00822827
-0.00846972
-0.00870411
-0.00893115
-0.00915055
-0.009362
-0.00956521
-0.00975987
-0.00994569
-0.0101224
-0.0102896
-0.0104471
-0.0105945
-0.0107315
-0.0108579
-0.0109733
-0.0110774
-0.0111699
-0.0112507
-0.0113192
-0.0113754
-0.0114188
-0.0114493
-0.0114666
-0.0114704
-0.0114605
-0.0114367
-0.0113987
-0.0113465
-0.0112797
-0.0111983
-0.0111021
-0.010991
-0.0108649
-0.0107237
-0.0105674
-0.010396
-0.0102095
-0.0100079
-0.00979138
-0.00955997
-0.00931385
-0.00905319
-0.00877822
-0.0084892
-0.00818643
-0.00787025
-0.00754105
-0.00719928
-0.00684542
-0.00648005
-0.0061038
-0.00571742
-0.0053218
-0.00491797
-0.0045072
-0.00409105
-0.00367142
-0.0032507
-0.00283181
-0.0024184
-0.00201488
-0.0016266
-0.00125989
-0.000922185
-0.000621971
-0.000368797
-0.000173148
-4.62836e-05
0
0
-3.37568e-05
-0.000127113
-0.000272021
-0.000460587
-0.000685311
-0.000939282
-0.00121631
-0.00151101
-0.0018188
-0.00213592
-0.00245929
-0.00278649
-0.00311564
-0.00344528
-0.00377431
-0.00410186
-0.00442727
-0.00475003
-0.0050697
-0.00538591
-0.00569833
-0.00600665
-0.0063106
-0.00660988
-0.00690421
-0.00719332
-0.00747692
-0.00775472
-0.00802645
-0.00829181
-0.0085505
-0.00880224
-0.00904672
-0.00928363
-0.00951268
-0.00973355
-0.00994593
-0.0101495
-0.010344
-0.010529
-0.0107043
-0.0108695
-0.0110243
-0.0111684
-0.0113014
-0.0114232
-0.0115332
-0.0116313
-0.0117171
-0.0117903
-0.0118506
-0.0118977
-0.0119314
-0.0119513
-0.0119572
-0.0119488
-0.011926
-0.0118884
-0.0118359
-0.0117682
-0.0116852
-0.0115868
-0.0114728
-0.0113431
-0.0111976
-0.0110362
-0.010859
-0.010666
-0.0104571
-0.0102325
-0.00999226
-0.00973653
-0.00946549
-0.00917937
-0.00887844
-0.00856301
-0.00823342
-0.00789008
-0.00753345
-0.00716405
-0.00678247
-0.00638938
-0.00598557
-0.00557196
-0.00514965
-0.00471997
-0.00428455
-0.00384541
-0.00340504
-0.00296652
-0.00253366
-0.00211111
-0.00170444
-0.00132033
-0.000966532
-0.000651966
-0.00038664
-0.000181557
-4.85435e-05
0
0
-3.50231e-05
-0.000131876
-0.000282205
-0.00047782
-0.000710938
-0.000974389
-0.00126176
-0.00156745
-0.00188674
-0.0022157
-0.00255116
-0.00289062
-0.00323213
-0.00357417
-0.0039156
-0.00425555
-0.00459333
-0.00492839
-0.0052603
-0.00558868
-0.00591319
-0.00623351
-0.00654934
-0.0068604
-0.0071664
-0.00746704
-0.00776204
-0.0080511
-0.00833393
-0.00861023
-0.0088797
-0.00914202
-0.00939688
-0.00964398
-0.00988299
-0.0101136
-0.0103355
-0.0105483
-0.0107517
-0.0109454
-0.011129
-0.0113023
-0.0114648
-0.0116163
-0.0117564
-0.0118847
-0.012001
-0.0121049
-0.0121961
-0.0122742
-0.012339
-0.01239
-0.0124271
-0.01245
-0.0124582
-0.0124516
-0.01243
-0.012393
-0.0123404
-0.012272
-0.0121876
-0.0120871
-0.0119703
-0.011837
-0.0116873
-0.0115209
-0.0113379
-0.0111383
-0.010922
-0.0106892
-0.01044
-0.0101745
-0.00989286
-0.00959533
-0.00928219
-0.00895374
-0.00861035
-0.00825245
-0.0078805
-0.00749505
-0.00709671
-0.0066862
-0.00626433
-0.00583208
-0.0053906
-0.00494129
-0.00448587
-0.00402646
-0.00356566
-0.00310673
-0.00265365
-0.00221128
-0.0017855
-0.00138326
-0.00101272
-0.000683209
-0.000405229
-0.00019032
-5.08991e-05
0
0
-3.63114e-05
-0.000136723
-0.000292571
-0.000495362
-0.000737027
-0.00101013
-0.00130803
-0.00162493
-0.00195592
-0.00229695
-0.00264474
-0.0029967
-0.0033508
-0.00370549
-0.00405958
-0.00441218
-0.00476257
-0.00511021
-0.00545462
-0.00579544
-0.00613229
-0.00646488
-0.00679288
-0.007116
-0.00743394
-0.00774641
-0.0080531
-0.00835372
-0.00864796
-0.0089355
-0.00921604
-0.00948925
-0.00975482
-0.0100124
-0.0102617
-0.0105024
-0.010734
-0.0109564
-0.0111691
-0.0113718
-0.0115642
-0.0117458
-0.0119164
-0.0120756
-0.0122231
-0.0123584
-0.0124812
-0.0125913
-0.0126881
-0.0127715
-0.012841
-0.0128963
-0.0129372
-0.0129632
-0.0129741
-0.0129696
-0.0129493
-0.0129131
-0.0128606
-0.0127917
-0.0127061
-0.0126037
-0.0124842
-0.0123475
-0.0121935
-0.0120222
-0.0118334
-0.0116271
-0.0114035
-0.0111624
-0.010904
-0.0106286
-0.0103361
-0.0100269
-0.00970123
-0.00935942
-0.00900184
-0.00862892
-0.00824117
-0.00783914
-0.00742347
-0.00699492
-0.00655434
-0.00610275
-0.00564137
-0.00517168
-0.00469548
-0.00421498
-0.00373295
-0.00325277
-0.00277864
-0.00231565
-0.00186995
-0.00144885
-0.00106086
-0.00071578
-0.00042461
-0.000199458
-5.33563e-05
0
0
-3.7622e-05
-0.000141655
-0.000303121
-0.000513218
-0.000763587
-0.00104653
-0.00135515
-0.00168346
-0.00202638
-0.00237971
-0.00274006
-0.00310475
-0.0034717
-0.00383928
-0.0042063
-0.0045718
-0.00493507
-0.00529554
-0.00565273
-0.00600625
-0.00635574
-0.00670087
-0.00704132
-0.00737679
-0.00770697
-0.00803156
-0.00835025
-0.00866272
-0.00896867
-0.00926777
-0.0095597
-0.00984413
-0.0101207
-0.0103892
-0.0106491
-0.0109001
-0.0111419
-0.0113742
-0.0115966
-0.0118086
-0.01201
-0.0122004
-0.0123795
-0.0125467
-0.0127018
-0.0128445
-0.0129742
-0.0130908
-0.0131937
-0.0132826
-0.0133572
-0.0134172
-0.013462
-0.0134916
-0.0135054
-0.0135032
-0.0134846
-0.0134494
-0.0133974
-0.0133281
-0.0132415
-0.0131373
-0.0130153
-0.0128753
-0.0127172
-0.0125409
-0.0123463
-0.0121334
-0.0119022
-0.0116528
-0.0113852
-0.0110996
-0.0107961
-0.0104749
-0.0101364
-0.00978087
-0.00940868
-0.0090203
-0.00861623
-0.00819706
-0.00776347
-0.00731623
-0.00685625
-0.0063846
-0.00590256
-0.00541169
-0.00491387
-0.00441145
-0.0039073
-0.00340501
-0.00290896
-0.00242448
-0.00195803
-0.00151725
-0.00111108
-0.00074976
-0.000444834
-0.000208996
-5.59216e-05
0
0
-3.89553e-05
-0.000146673
-0.000313858
-0.000531393
-0.000790624
-0.00108358
-0.00140312
-0.00174306
-0.00209813
-0.002464
-0.00283716
-0.00321483
-0.00359486
-0.00397561
-0.0043558
-0.00473447
-0.00511089
-0.00548446
-0.0058547
-0.00622121
-0.00658361
-0.00694157
-0.00729476
-0.00764288
-0.0079856
-0.00832262
-0.00865361
-0.00897826
-0.00929624
-0.00960722
-0.00991087
-0.0102068
-0.0104948
-0.0107744
-0.0110453
-0.0113071
-0.0115594
-0.0118019
-0.0120343
-0.0122561
-0.0124669
-0.0126664
-0.0128542
-0.0130299
-0.0131931
-0.0133434
-0.0134805
-0.0136039
-0.0137132
-0.0138081
-0.0138881
-0.013953
-0.0140023
-0.0140356
-0.0140527
-0.0140531
-0.0140365
-0.0140027
-0.0139513
-0.013882
-0.0137945
-0.0136887
-0.0135643
-0.0134211
-0.013259
-0.0130778
-0.0128775
-0.012658
-0.0124193
-0.0121614
-0.0118844
-0.0115884
-0.0112736
-0.0109403
-0.0105886
-0.010219
-0.00983175
-0.00942743
-0.00900652
-0.00856963
-0.00811748
-0.00765088
-0.00717078
-0.0066783
-0.0061748
-0.0056619
-0.00514159
-0.00461634
-0.00408917
-0.00356383
-0.00304492
-0.00253805
-0.00204995
-0.00158865
-0.0011635
-0.000785239
-0.000465954
-0.000218958
-5.86018e-05
0
0
-4.03115e-05
-0.00015178
-0.000324784
-0.000549892
-0.000818146
-0.0011213
-0.00145197
-0.00180375
-0.0021712
-0.00254984
-0.00293605
-0.00332696
-0.00372034
-0.0041145
-0.00450813
-0.00490025
-0.00529008
-0.00567703
-0.00606061
-0.00644038
-0.00681599
-0.00718707
-0.00755331
-0.00791437
-0.00826995
-0.0086197
-0.00896332
-0.00930046
-0.00963081
-0.00995401
-0.0102697
-0.0105776
-0.0108773
-0.0111684
-0.0114506
-0.0117235
-0.0119867
-0.0122399
-0.0124826
-0.0127145
-0.0129351
-0.0131441
-0.0133411
-0.0135256
-0.0136973
-0.0138557
-0.0140004
-0.014131
-0.0142472
-0.0143484
-0.0144343
-0.0145044
-0.0145585
-0.014596
-0.0146166
-0.01462
-0.0146057
-0.0145735
-0.014523
-0.0144539
-0.0143659
-0.0142587
-0.0141321
-0.0139859
-0.0138199
-0.0136339
-0.0134279
-0.0132018
-0.0129555
-0.012689
-0.0124025
-0.0120961
-0.0117698
-0.0114239
-0.0110588
-0.0106746
-0.010272
-0.0098512
-0.0094129
-0.0089577
-0.00848634
-0.00799967
-0.00749868
-0.00698457
-0.00645875
-0.00592293
-0.00537921
-0.00483017
-0.004279
-0.00372963
-0.00318689
-0.00265664
-0.00214596
-0.00166323
-0.00121827
-0.000822312
-0.000488027
-0.000229372
-6.14045e-05
0
0
-4.16909e-05
-0.000156975
-0.000335903
-0.000568718
-0.000846158
-0.00115969
-0.0015017
-0.00186554
-0.00224561
-0.00263726
-0.00303677
-0.00344116
-0.00384816
-0.004256
-0.00466334
-0.00506917
-0.0054727
-0.00587332
-0.00627051
-0.00666385
-0.00705295
-0.00743747
-0.00781705
-0.00819138
-0.00856011
-0.00892293
-0.0092795
-0.00962948
-0.00997252
-0.0103083
-0.0106364
-0.0109565
-0.0112683
-0.0115713
-0.0118652
-0.0121496
-0.012424
-0.0126882
-0.0129417
-0.0131841
-0.013415
-0.0136339
-0.0138404
-0.0140342
-0.0142147
-0.0143816
-0.0145344
-0.0146727
-0.014796
-0.014904
-0.0149961
-0.0150719
-0.0151311
-0.0151732
-0.0151978
-0.0152045
-0.0151929
-0.0151626
-0.0151133
-0.0150447
-0.0149563
-0.014848
-0.0147195
-0.0145704
-0.0144006
-0.01421
-0.0139984
-0.0137657
-0.0135118
-0.0132367
-0.0129406
-0.0126235
-0.0122855
-0.0119269
-0.0115479
-0.0111489
-0.0107303
-0.0102926
-0.00983633
-0.00936219
-0.00887092
-0.00836344
-0.00784077
-0.00730417
-0.00675513
-0.00619545
-0.00562734
-0.00505351
-0.00447731
-0.00390287
-0.00333524
-0.00278058
-0.00224631
-0.00174121
-0.00127553
-0.000861082
-0.000511115
-0.000240267
-6.43375e-05
0
0
-4.30936e-05
-0.000162259
-0.000347214
-0.000587875
-0.000874667
-0.00119878
-0.00155232
-0.00192845
-0.00232136
-0.00272628
-0.00313933
-0.00355747
-0.00397835
-0.00440013
-0.00482147
-0.00524129
-0.0056588
-0.00607337
-0.00648447
-0.00689167
-0.00729458
-0.00769283
-0.00808608
-0.00847398
-0.00885621
-0.00923242
-0.00960228
-0.00996543
-0.0103215
-0.0106702
-0.0110111
-0.0113438
-0.011668
-0.0119833
-0.0122893
-0.0125856
-0.0128717
-0.0131473
-0.013412
-0.0136653
-0.0139067
-0.014136
-0.0143525
-0.014556
-0.0147458
-0.0149216
-0.015083
-0.0152293
-0.0153603
-0.0154754
-0.0155742
-0.0156561
-0.0157209
-0.015768
-0.0157969
-0.0158073
-0.0157987
-0.0157708
-0.015723
-0.0156552
-0.0155668
-0.0154576
-0.0153273
-0.0151756
-0.0150023
-0.0148071
-0.01459
-0.0143507
-0.0140892
-0.0138055
-0.0134997
-0.0131717
-0.0128218
-0.0124501
-0.012057
-0.0116427
-0.0112078
-0.0107526
-0.0102778
-0.00978405
-0.00927217
-0.00874308
-0.0081979
-0.00763792
-0.00706472
-0.00648018
-0.00588664
-0.00528695
-0.00468462
-0.004084
-0.00349038
-0.00291022
-0.00235129
-0.00182278
-0.00133546
-0.000901658
-0.000535283
-0.000251674
-6.74095e-05
0
0
-4.45198e-05
-0.000167633
-0.000358721
-0.000607365
-0.000903676
-0.00123855
-0.00160384
-0.00199248
-0.00239848
-0.0028169
-0.00324376
-0.00367592
-0.00411094
-0.00454695
-0.00498254
-0.00541665
-0.00584843
-0.00627724
-0.00670256
-0.00712392
-0.00754094
-0.00795324
-0.00836047
-0.00876228
-0.00915833
-0.00954828
-0.00993176
-0.0103084
-0.0106779
-0.0110399
-0.0113939
-0.0117397
-0.0120767
-0.0124047
-0.0127231
-0.0130317
-0.0133299
-0.0136173
-0.0138936
-0.0141582
-0.0144108
-0.0146508
-0.0148778
-0.0150913
-0.0152909
-0.0154761
-0.0156464
-0.0158014
-0.0159404
-0.0160631
-0.016169
-0.0162576
-0.0163283
-0.0163808
-0.0164146
-0.0164291
-0.0164239
-0.0163987
-0.0163529
-0.0162861
-0.0161981
-0.0160883
-0.0159565
-0.0158024
-0.0156257
-0.0154262
-0.0152036
-0.0149579
-0.0146888
-0.0143965
-0.0140808
-0.0137419
-0.0133798
-0.0129949
-0.0125872
-0.0121573
-0.0117055
-0.0112323
-0.0107383
-0.0102243
-0.00969107
-0.00913958
-0.00857099
-0.00798669
-0.00738832
-0.00677788
-0.00615782
-0.00553113
-0.00490152
-0.00427353
-0.00365274
-0.00304592
-0.00246119
-0.0019082
-0.00139821
-0.000944158
-0.000560602
-0.000263628
-7.06297e-05
0
0
-4.59696e-05
-0.000173099
-0.000370424
-0.000627191
-0.00093319
-0.00127902
-0.00165627
-0.00205765
-0.00247698
-0.00290916
-0.00335008
-0.00379652
-0.00424595
-0.00469646
-0.00514661
-0.00559528
-0.00604162
-0.00648498
-0.00692481
-0.00736064
-0.00779209
-0.00821876
-0.0086403
-0.00905635
-0.00946657
-0.00987059
-0.0102681
-0.0106586
-0.0110419
-0.0114175
-0.0117851
-0.0121442
-0.0124945
-0.0128355
-0.0131669
-0.0134881
-0.0137988
-0.0140985
-0.0143869
-0.0146633
-0.0149273
-0.0151786
-0.0154165
-0.0156406
-0.0158505
-0.0160455
-0.0162253
-0.0163893
-0.0165369
-0.0166677
-0.0167812
-0.0168768
-0.0169541
-0.0170124
-0.0170514
-0.0170705
-0.0170692
-0.0170471
-0.0170036
-0.0169384
-0.016851
-0.016741
-0.0166081
-0.0164519
-0.016272
-0.0160683
-0.0158404
-0.0155883
-0.0153118
-0.0150107
-0.0146852
-0.0143351
-0.0139608
-0.0135622
-0.0131398
-0.0126938
-0.0122246
-0.0117329
-0.0112191
-0.0106841
-0.0101287
-0.00955395
-0.00896104
-0.00835142
-0.00772683
-0.00708937
-0.00644162
-0.00578674
-0.00512861
-0.00447201
-0.0038228
-0.00318807
-0.00257633
-0.00199771
-0.00146399
-0.000988711
-0.000587149
-0.000276165
-7.40081e-05
0
0
-4.74431e-05
-0.000178655
-0.000382324
-0.000647355
-0.00096321
-0.00132019
-0.00170962
-0.00212397
-0.00255686
-0.00300305
-0.0034583
-0.00391928
-0.00438341
-0.00484871
-0.00531369
-0.00577721
-0.00623842
-0.00669662
-0.00715127
-0.0076019
-0.00804809
-0.00848946
-0.00892564
-0.00935628
-0.00978101
-0.0101995
-0.0106113
-0.0110161
-0.0114135
-0.0118032
-0.0121847
-0.0125576
-0.0129215
-0.013276
-0.0136207
-0.0139551
-0.0142787
-0.0145912
-0.014892
-0.0151807
-0.0154567
-0.0157197
-0.015969
-0.0162042
-0.0164248
-0.0166302
-0.01682
-0.0169935
-0.0171502
-0.0172896
-0.0174112
-0.0175144
-0.0175987
-0.0176634
-0.0177081
-0.0177323
-0.0177354
-0.0177168
-0.0176761
-0.0176129
-0.0175265
-0.0174167
-0.0172829
-0.0171249
-0.0169421
-0.0167344
-0.0165015
-0.0162431
-0.0159591
-0.0156494
-0.0153139
-0.0149527
-0.0145658
-0.0141535
-0.0137159
-0.0132534
-0.0127664
-0.0122555
-0.0117213
-0.0111646
-0.0105862
-0.00998731
-0.0093691
-0.00873312
-0.00808119
-0.00741554
-0.00673888
-0.00605452
-0.00536657
-0.00468003
-0.00400106
-0.0033371
-0.00269708
-0.00209158
-0.00153298
-0.00103545
-0.000615008
-0.000289324
-7.75554e-05
0
0
-4.89403e-05
-0.000184302
-0.000394422
-0.000667858
-0.000993739
-0.00136206
-0.00176388
-0.00219143
-0.00263814
-0.00309859
-0.00356844
-0.00404424
-0.00452333
-0.0050037
-0.0054838
-0.00596248
-0.00643885
-0.00691221
-0.00738199
-0.00784773
-0.00830899
-0.0087654
-0.00921656
-0.00966213
-0.0101017
-0.010535
-0.0109615
-0.011381
-0.011793
-0.0121971
-0.0125929
-0.01298
-0.013358
-0.0137264
-0.0140848
-0.0144328
-0.0147699
-0.0150955
-0.0154093
-0.0157107
-0.0159992
-0.0162744
-0.0165356
-0.0167825
-0.0170143
-0.0172306
-0.0174308
-0.0176144
-0.0177808
-0.0179294
-0.0180597
-0.018171
-0.0182628
-0.0183344
-0.0183854
-0.0184152
-0.0184231
-0.0184086
-0.0183712
-0.0183104
-0.0182255
-0.0181163
-0.0179821
-0.0178225
-0.0176372
-0.0174258
-0.017188
-0.0169236
-0.0166322
-0.0163139
-0.0159684
-0.0155959
-0.0151964
-0.0147699
-0.0143168
-0.0138374
-0.0133322
-0.0128015
-0.0122462
-0.011667
-0.0110649
-0.0104408
-0.0097963
-0.00913286
-0.00845243
-0.00775734
-0.00705046
-0.00633528
-0.00561611
-0.00489822
-0.00418808
-0.00349347
-0.00282379
-0.00219012
-0.00160541
-0.00108454
-0.000644267
-0.000303148
-8.12835e-05
0
0
-5.04612e-05
-0.00019004
-0.000406718
-0.000688699
-0.00102478
-0.00140464
-0.00181906
-0.00226005
-0.00272081
-0.00319579
-0.0036805
-0.00417139
-0.00466573
-0.00516145
-0.00565697
-0.0061511
-0.00664294
-0.00713176
-0.007617
-0.00809817
-0.00857484
-0.00904662
-0.00951311
-0.00997396
-0.0104288
-0.0108772
-0.0113189
-0.0117533
-0.0121803
-0.0125992
-0.0130098
-0.0134115
-0.013804
-0.0141868
-0.0145594
-0.0149215
-0.0152724
-0.0156117
-0.015939
-0.0162536
-0.0165551
-0.016843
-0.0171167
-0.0173757
-0.0176193
-0.0178471
-0.0180584
-0.0182526
-0.0184292
-0.0185876
-0.018727
-0.0188471
-0.018947
-0.0190261
-0.019084
-0.0191199
-0.0191332
-0.0191234
-0.0190898
-0.0190318
-0.018949
-0.0188407
-0.0187065
-0.0185459
-0.0183584
-0.0181436
-0.0179012
-0.0176308
-0.0173323
-0.0170054
-0.01665
-0.0162661
-0.0158537
-0.015413
-0.0149441
-0.0144474
-0.0139233
-0.0133724
-0.0127953
-0.0121928
-0.0115659
-0.0109158
-0.0102439
-0.00955181
-0.00884163
-0.00811579
-0.0073773
-0.00662987
-0.005878
-0.00512727
-0.00438443
-0.00365769
-0.00295688
-0.00229363
-0.00168151
-0.00113612
-0.000675024
-0.000317684
-8.52049e-05
0
0
-5.20057e-05
-0.000195869
-0.000419211
-0.000709879
-0.00105633
-0.00144792
-0.00187517
-0.00232982
-0.00280489
-0.00329465
-0.00379448
-0.00430074
-0.00481062
-0.00532198
-0.00583321
-0.0063431
-0.00685071
-0.00735531
-0.00785633
-0.00835326
-0.00884567
-0.00933316
-0.00981534
-0.0102918
-0.0107623
-0.0112262
-0.0116834
-0.0121333
-0.0125755
-0.0130097
-0.0134355
-0.0138523
-0.0142597
-0.0146573
-0.0150447
-0.0154212
-0.0157865
-0.01614
-0.0164812
-0.0168096
-0.0171247
-0.0174259
-0.0177125
-0.0179842
-0.0182402
-0.01848
-0.018703
-0.0189085
-0.0190959
-0.0192646
-0.0194139
-0.0195432
-0.0196519
-0.0197392
-0.0198045
-0.0198471
-0.0198665
-0.0198619
-0.0198326
-0.0197782
-0.0196979
-0.0195911
-0.0194574
-0.0192961
-0.0191068
-0.0188889
-0.0186422
-0.0183662
-0.0180607
-0.0177254
-0.0173601
-0.0169648
-0.0165394
-0.0160842
-0.0155992
-0.0150848
-0.0145414
-0.0139695
-0.0133699
-0.0127433
-0.0120908
-0.0114136
-0.0107131
-0.00999122
-0.00924998
-0.00849199
-0.00772045
-0.00693922
-0.00615309
-0.0053679
-0.00459076
-0.00383029
-0.00309679
-0.00240247
-0.00176155
-0.00119038
-0.000707384
-0.000332982
-8.93335e-05
0
0
-5.35735e-05
-0.000201788
-0.000431901
-0.000731397
-0.00108838
-0.00149191
-0.00193219
-0.00240074
-0.00289037
-0.00339517
-0.00391039
-0.00443229
-0.00495799
-0.00548529
-0.00601253
-0.00653847
-0.00706217
-0.00758287
-0.00809999
-0.00861302
-0.00912151
-0.00962507
-0.0101233
-0.0106158
-0.0111022
-0.0115821
-0.0120551
-0.0125209
-0.0129789
-0.0134288
-0.0138701
-0.0143024
-0.0147253
-0.0151382
-0.0155407
-0.0159322
-0.0163124
-0.0166806
-0.0170363
-0.017379
-0.0177082
-0.0180232
-0.0183234
-0.0186084
-0.0188773
-0.0191298
-0.019365
-0.0195824
-0.0197813
-0.019961
-0.0201208
-0.0202601
-0.0203781
-0.0204742
-0.0205476
-0.0205977
-0.0206237
-0.020625
-0.0206008
-0.0205504
-0.0204732
-0.0203685
-0.0202358
-0.0200743
-0.0198836
-0.0196632
-0.0194125
-0.0191312
-0.0188188
-0.0184752
-0.0181001
-0.0176934
-0.017255
-0.016785
-0.0162837
-0.0157511
-0.0151879
-0.0145945
-0.0139716
-0.0133201
-0.012641
-0.0119356
-0.0112055
-0.0104525
-0.00967876
-0.00888715
-0.00808099
-0.00726436
-0.00644229
-0.00562094
-0.00480778
-0.00401186
-0.003244
-0.00251701
-0.0018458
-0.0012475
-0.000741463
-0.000349097
-9.36844e-05
0
0
-5.51646e-05
-0.000207797
-0.000444786
-0.00075325
-0.00112094
-0.0015366
-0.00199014
-0.00247281
-0.00297724
-0.00349734
-0.00402822
-0.00456605
-0.00510785
-0.00565137
-0.00619493
-0.00673723
-0.00727733
-0.00781445
-0.008348
-0.00887746
-0.00940239
-0.00992236
-0.010437
-0.0109459
-0.0114486
-0.0119449
-0.0124342
-0.0129161
-0.0133904
-0.0138564
-0.0143138
-0.014762
-0.0152008
-0.0156294
-0.0160476
-0.0164547
-0.0168502
-0.0172336
-0.0176044
-0.017962
-0.0183058
-0.0186352
-0.0189496
-0.0192485
-0.0195311
-0.0197968
-0.0200449
-0.0202748
-0.0204858
-0.0206772
-0.0208482
-0.0209982
-0.0211263
-0.0212319
-0.0213142
-0.0213724
-0.0214057
-0.0214135
-0.021395
-0.0213494
-0.0212759
-0.021174
-0.0210428
-0.0208818
-0.0206903
-0.0204676
-0.0202134
-0.0199271
-0.0196082
-0.0192565
-0.0188717
-0.0184536
-0.0180021
-0.0175173
-0.0169992
-0.0164482
-0.0158647
-0.0152491
-0.0146022
-0.0139249
-0.0132182
-0.0124836
-0.0117225
-0.010937
-0.0101293
-0.00930256
-0.00846012
-0.00760636
-0.00674657
-0.00588724
-0.00503622
-0.00420303
-0.00339904
-0.00263766
-0.00193456
-0.0013077
-0.000777385
-0.000366089
-9.82741e-05
0
0
-5.67786e-05
-0.000213895
-0.000457865
-0.000775435
-0.00115401
-0.00158198
-0.00204899
-0.00254603
-0.00306551
-0.00360116
-0.00414798
-0.004702
-0.00526018
-0.00582023
-0.00638039
-0.00693938
-0.00749619
-0.00805005
-0.00860036
-0.0091466
-0.0096883
-0.0102251
-0.0107565
-0.0112821
-0.0118016
-0.0123146
-0.0128206
-0.0133192
-0.01381
-0.0142926
-0.0147665
-0.0152312
-0.0156863
-0.0161312
-0.0165655
-0.0169887
-0.0174001
-0.0177993
-0.0181857
-0.0185588
-0.0189178
-0.0192622
-0.0195915
-0.0199048
-0.0202017
-0.0204813
-0.020743
-0.0209862
-0.02121
-0.0214138
-0.0215967
-0.0217581
-0.0218971
-0.0220129
-0.0221047
-0.0221718
-0.0222133
-0.0222284
-0.0222163
-0.0221762
-0.0221072
-0.0220087
-0.0218797
-0.0217197
-0.0215279
-0.0213037
-0.0210464
-0.0207555
-0.0204305
-0.020071
-0.0196766
-0.0192472
-0.0187826
-0.0182827
-0.0177478
-0.0171779
-0.0165735
-0.0159352
-0.0152635
-0.0145595
-0.0138242
-0.0130591
-0.0122657
-0.0114463
-0.0106032
-0.00973962
-0.00885916
-0.00796643
-0.00706702
-0.00616776
-0.00527692
-0.00440451
-0.00356246
-0.00276487
-0.00202816
-0.00137121
-0.000815288
-0.000384024
-0.000103121
0
0
-5.84152e-05
-0.00022008
-0.000471135
-0.00079795
-0.00118757
-0.00162805
-0.00210874
-0.00262038
-0.00315515
-0.00370662
-0.00426963
-0.00484013
-0.00541499
-0.00599185
-0.00656893
-0.00714489
-0.00771873
-0.00828967
-0.00885708
-0.00942043
-0.00997926
-0.0105332
-0.0110817
-0.0116245
-0.0121611
-0.0126912
-0.0132144
-0.0137301
-0.014238
-0.0147376
-0.0152284
-0.0157101
-0.016182
-0.0166437
-0.0170947
-0.0175344
-0.0179623
-0.0183779
-0.0187805
-0.0191695
-0.0195444
-0.0199045
-0.0202491
-0.0205777
-0.0208895
-0.0211837
-0.0214598
-0.0217169
-0.0219543
-0.0221712
-0.0223668
-0.0225404
-0.022691
-0.0228179
-0.0229201
-0.0229969
-0.0230473
-0.0230705
-0.0230656
-0.0230318
-0.0229681
-0.0228737
-0.0227477
-0.0225894
-0.022398
-0.0221727
-0.0219129
-0.0216179
-0.0212871
-0.0209201
-0.0205165
-0.0200759
-0.0195982
-0.0190833
-0.0185312
-0.0179421
-0.0173164
-0.0166546
-0.0159574
-0.0152258
-0.0144608
-0.013664
-0.0128371
-0.0119822
-0.0111021
-0.0101999
-0.00927951
-0.00834585
-0.00740479
-0.00646353
-0.00553077
-0.00461705
-0.0037349
-0.00289912
-0.00212698
-0.00143826
-0.000855322
-0.000402974
-0.000108244
0
0
-6.00741e-05
-0.000226352
-0.000484593
-0.000820789
-0.00122162
-0.0016748
-0.00216939
-0.00269585
-0.00324616
-0.0038137
-0.00439317
-0.00498042
-0.00557224
-0.00616621
-0.0067605
-0.00735376
-0.00794495
-0.00853329
-0.00911813
-0.00969894
-0.0102753
-0.0108467
-0.0114127
-0.0119731
-0.0125273
-0.0130749
-0.0136155
-0.0141488
-0.0146742
-0.0151913
-0.0156996
-0.0161986
-0.0166879
-0.0171669
-0.0176351
-0.018092
-0.0185369
-0.0189694
-0.0193887
-0.0197944
-0.0201858
-0.0205622
-0.0209229
-0.0212674
-0.0215948
-0.0219044
-0.0221955
-0.0224673
-0.0227191
-0.0229499
-0.023159
-0.0233456
-0.0235087
-0.0236474
-0.023761
-0.0238483
-0.0239085
-0.0239407
-0.023944
-0.0239172
-0.0238596
-0.0237702
-0.023648
-0.0234922
-0.0233019
-0.0230763
-0.0228146
-0.0225161
-0.02218
-0.0218059
-0.0213933
-0.0209418
-0.020451
-0.0199209
-0.0193515
-0.0187429
-0.0180955
-0.0174096
-0.0166861
-0.0159259
-0.0151302
-0.0143004
-0.0134384
-0.0125466
-0.0116276
-0.0106849
-0.0097227
-0.00874604
-0.00776117
-0.00677568
-0.00579876
-0.00484148
-0.00391702
-0.00304096
-0.0022314
-0.00150914
-0.000897651
-0.000423017
-0.000113665
0
0
-6.17547e-05
-0.000232708
-0.000498236
-0.000843946
-0.00125615
-0.00172223
-0.00223091
-0.00277243
-0.00333851
-0.00392238
-0.00451858
-0.00512286
-0.00573192
-0.00634329
-0.00695509
-0.00756595
-0.00817482
-0.00878088
-0.00938349
-0.00998212
-0.0105763
-0.0111656
-0.0117495
-0.0123278
-0.0128999
-0.0134655
-0.0140241
-0.0145754
-0.0151187
-0.0156538
-0.01618
-0.0166969
-0.0172041
-0.0177009
-0.0181869
-0.0186614
-0.019124
-0.0195739
-0.0200107
-0.0204337
-0.0208422
-0.0212356
-0.0216131
-0.0219741
-0.0223178
-0.0226436
-0.0229505
-0.0232378
-0.0235047
-0.0237503
-0.0239738
-0.0241743
-0.0243507
-0.0245023
-0.024628
-0.0247268
-0.0247978
-0.0248399
-0.0248522
-0.0248336
-0.024783
-0.0246995
-0.024582
-0.0244295
-0.0242412
-0.024016
-0.0237531
-0.0234516
-0.0231109
-0.0227302
-0.022309
-0.0218467
-0.0213431
-0.0207979
-0.0202111
-0.0195826
-0.018913
-0.0182025
-0.0174518
-0.0166621
-0.0158344
-0.0149704
-0.0140719
-0.0131414
-0.0121817
-0.0111966
-0.0101904
-0.00916853
-0.00813753
-0.00710544
-0.00608194
-0.0050787
-0.00410959
-0.00319096
-0.00234187
-0.00158414
-0.000942459
-0.000444242
-0.000119409
0
0
-6.34565e-05
-0.000239146
-0.000512059
-0.000867415
-0.00129115
-0.0017703
-0.0022933
-0.00285009
-0.00343219
-0.00403263
-0.00464583
-0.00526741
-0.00589399
-0.00652305
-0.00715267
-0.00778145
-0.0084083
-0.00903241
-0.00965314
-0.0102699
-0.0108823
-0.0114898
-0.0120921
-0.0126887
-0.0132792
-0.0138631
-0.0144402
-0.0150098
-0.0155716
-0.016125
-0.0166697
-0.0172051
-0.0177306
-0.0182458
-0.0187501
-0.0192429
-0.0197236
-0.0201917
-0.0206465
-0.0210874
-0.0215137
-0.0219247
-0.0223198
-0.0226981
-0.023059
-0.0234016
-0.0237251
-0.0240288
-0.0243117
-0.0245729
-0.0248117
-0.0250269
-0.0252177
-0.025383
-0.0255218
-0.0256332
-0.0257159
-0.025769
-0.0257913
-0.0257818
-0.0257393
-0.0256627
-0.0255508
-0.0254027
-0.0252172
-0.0249933
-0.0247301
-0.0244265
-0.0240817
-0.023695
-0.0232656
-0.022793
-0.0222767
-0.0217165
-0.0211121
-0.0204636
-0.0197713
-0.0190356
-0.0182571
-0.0174368
-0.016576
-0.0156763
-0.0147397
-0.0137688
-0.0127666
-0.0117369
-0.0106845
-0.00961501
-0.00853541
-0.00745417
-0.00638151
-0.00532972
-0.00431341
-0.00334978
-0.00245886
-0.00166359
-0.000989944
-0.000466744
-0.000125502
0
0
-6.51788e-05
-0.000245665
-0.000526058
-0.000891188
-0.00132661
-0.00181902
-0.00235653
-0.00292881
-0.00352716
-0.00414443
-0.00477488
-0.00541402
-0.00605842
-0.00670545
-0.00735319
-0.00800019
-0.00864535
-0.00928785
-0.00992703
-0.0105623
-0.0111933
-0.0118194
-0.0124404
-0.0130557
-0.0136649
-0.0142677
-0.0148636
-0.0154521
-0.0160328
-0.0166051
-0.0171687
-0.017723
-0.0182675
-0.0188016
-0.0193247
-0.0198364
-0.020336
-0.0208228
-0.0212963
-0.0217558
-0.0222005
-0.0226299
-0.0230432
-0.0234396
-0.0238183
-0.0241786
-0.0245196
-0.0248405
-0.0251403
-0.0254181
-0.025673
-0.025904
-0.0261101
-0.0262902
-0.0264432
-0.0265681
-0.0266637
-0.0267289
-0.0267624
-0.026763
-0.0267297
-0.0266611
-0.026556
-0.0264132
-0.0262316
-0.0260101
-0.0257474
-0.0254425
-0.0250945
-0.0247024
-0.0242654
-0.0237829
-0.0232543
-0.0226791
-0.0220572
-0.0213885
-0.0206732
-0.0199116
-0.0191044
-0.0182526
-0.0173575
-0.0164207
-0.0154444
-0.0144312
-0.0133844
-0.012308
-0.0112069
-0.0100873
-0.00895647
-0.00782335
-0.00669875
-0.00559564
-0.00452939
-0.00351813
-0.0025829
-0.00174787
-0.00104033
-0.000490632
-0.000131975
0
0
-6.6921e-05
-0.000252261
-0.000540228
-0.000915256
-0.00136252
-0.00186837
-0.00242058
-0.00300857
-0.00362341
-0.00425774
-0.0049057
-0.00556268
-0.00622515
-0.00689045
-0.0075566
-0.00822212
-0.00888591
-0.00954713
-0.0102051
-0.0108593
-0.0115092
-0.0121543
-0.0127943
-0.0134288
-0.0140572
-0.0146792
-0.0152944
-0.0159022
-0.0165023
-0.0170941
-0.0176771
-0.0182508
-0.0188147
-0.0193683
-0.0199109
-0.020442
-0.020961
-0.0214672
-0.02196
-0.0224388
-0.0229028
-0.0233512
-0.0237835
-0.0241987
-0.0245962
-0.024975
-0.0253343
-0.0256732
-0.0259909
-0.0262862
-0.0265583
-0.0268061
-0.0270285
-0.0272245
-0.0273928
-0.0275324
-0.027642
-0.0277203
-0.0277662
-0.0277783
-0.0277553
-0.0276959
-0.0275988
-0.0274626
-0.0272861
-0.0270679
-0.0268068
-0.0265016
-0.0261512
-0.0257546
-0.0253107
-0.0248189
-0.0242783
-0.0236885
-0.0230491
-0.0223601
-0.0216214
-0.0208334
-0.0199968
-0.0191125
-0.0181818
-0.0172065
-0.0161887
-0.0151313
-0.0140377
-0.0129121
-0.0117599
-0.0105875
-0.00940254
-0.00821461
-0.00703509
-0.00587765
-0.00475853
-0.00369679
-0.00271459
-0.00183737
-0.00109386
-0.000516022
-0.000138859
0
0
-6.86823e-05
-0.000258932
-0.000554562
-0.000939609
-0.00139886
-0.00191831
-0.00248543
-0.00308934
-0.00372088
-0.00437251
-0.00503823
-0.0057133
-0.00639413
-0.00707798
-0.00776284
-0.0084472
-0.00912993
-0.00981019
-0.0104873
-0.0111607
-0.0118299
-0.0124944
-0.0131539
-0.0138078
-0.0144559
-0.0150976
-0.0157325
-0.0163601
-0.01698
-0.0175917
-0.0181947
-0.0187884
-0.0193724
-0.019946
-0.0205086
-0.0210598
-0.0215988
-0.0221251
-0.0226379
-0.0231366
-0.0236205
-0.0240888
-0.0245408
-0.0249757
-0.0253927
-0.0257909
-0.0261694
-0.0265273
-0.0268637
-0.0271776
-0.0274679
-0.0277335
-0.0279734
-0.0281864
-0.0283712
-0.0285267
-0.0286515
-0.0287443
-0.0288039
-0.0288287
-0.0288174
-0.0287685
-0.0286806
-0.0285523
-0.0283821
-0.0281685
-0.0279102
-0.0276059
-0.0272542
-0.0268539
-0.026404
-0.0259035
-0.0253515
-0.0247474
-0.0240907
-0.0233813
-0.0226189
-0.0218041
-0.0209373
-0.0200194
-0.0190519
-0.0180365
-0.0169755
-0.0158718
-0.0147291
-0.013552
-0.0123459
-0.0111177
-0.00987563
-0.00862974
-0.00739209
-0.00617711
-0.00500192
-0.00388663
-0.00285458
-0.00193255
-0.00115081
-0.00054305
-0.000146192
0
0
-7.04619e-05
-0.000265675
-0.000569054
-0.000964234
-0.00143562
-0.00196884
-0.00255104
-0.00317107
-0.00381953
-0.00448871
-0.00517243
-0.00586585
-0.0065653
-0.00726798
-0.00797184
-0.00867533
-0.00937732
-0.0100769
-0.0107735
-0.0114665
-0.0121553
-0.0128396
-0.013519
-0.0141929
-0.014861
-0.0155228
-0.0161779
-0.0168258
-0.0174661
-0.0180982
-0.0187216
-0.0193358
-0.0199404
-0.0205346
-0.0211179
-0.0216897
-0.0222494
-0.0227964
-0.0233299
-0.0238493
-0.0243538
-0.0248427
-0.0253153
-0.0257706
-0.026208
-0.0266264
-0.0270251
-0.027403
-0.0277592
-0.0280926
-0.0284022
-0.0286868
-0.0289452
-0.0291764
-0.029379
-0.0295516
-0.029693
-0.0298017
-0.0298762
-0.0299152
-0.029917
-0.0298801
-0.029803
-0.0296839
-0.0295214
-0.0293139
-0.0290597
-0.0287575
-0.0284056
-0.0280028
-0.0275478
-0.0270394
-0.0264767
-0.0258588
-0.0251851
-0.0244553
-0.0236692
-0.022827
-0.0219292
-0.0209769
-0.0199712
-0.0189141
-0.017808
-0.0166559
-0.0154618
-0.0142303
-0.0129674
-0.0116804
-0.010378
-0.00907074
-0.00777149
-0.00649548
-0.00526079
-0.00408863
-0.0030036
-0.00203391
-0.00121149
-0.000571862
-0.000154015
0
0
-7.22587e-05
-0.000272485
-0.000583695
-0.000989119
-0.00147277
-0.00201992
-0.00261738
-0.00325373
-0.00391933
-0.00460627
-0.00530823
-0.00602026
-0.00673859
-0.00746037
-0.00818351
-0.00890644
-0.009628
-0.0103473
-0.0110637
-0.0117766
-0.0124855
-0.0131899
-0.0138895
-0.0145838
-0.0152723
-0.0159547
-0.0166305
-0.0172991
-0.0179602
-0.0186132
-0.0192577
-0.019893
-0.0205187
-0.0211341
-0.0217386
-0.0223318
-0.0229128
-0.0234811
-0.024036
-0.0245768
-0.0251027
-0.025613
-0.0261069
-0.0265836
-0.0270422
-0.0274818
-0.0279016
-0.0283004
-0.0286774
-0.0290314
-0.0293614
-0.0296661
-0.0299445
-0.0301951
-0.0304166
-0.0306078
-0.0307672
-0.0308931
-0.0309842
-0.0310389
-0.0310553
-0.031032
-0.0309671
-0.030859
-0.0307058
-0.0305058
-0.0302573
-0.0299586
-0.029608
-0.0292039
-0.0287449
-0.0282297
-0.027657
-0.0270259
-0.0263356
-0.0255856
-0.0247755
-0.0239056
-0.0229763
-0.0219884
-0.0209433
-0.0198429
-0.0186898
-0.017487
-0.0162388
-0.0149502
-0.0136275
-0.0122783
-0.010912
-0.00953976
-0.00817519
-0.0068344
-0.00553649
-0.00430385
-0.00316244
-0.00214201
-0.00127624
-0.000602626
-0.000162376
0
0
-7.40717e-05
-0.000279359
-0.000598477
-0.00101425
-0.0015103
-0.00207153
-0.00268442
-0.00333728
-0.00402021
-0.00472513
-0.00544556
-0.00617644
-0.00691391
-0.00765507
-0.00839777
-0.00914042
-0.00988186
-0.0106212
-0.0113577
-0.0120909
-0.0128202
-0.0135452
-0.0142654
-0.0149804
-0.0156899
-0.0163933
-0.0170901
-0.01778
-0.0184625
-0.0191369
-0.0198029
-0.0204599
-0.0211072
-0.0217444
-0.0223708
-0.0229859
-0.0235889
-0.0241793
-0.0247563
-0.0253192
-0.0258672
-0.0263997
-0.0269158
-0.0274147
-0.0278954
-0.0283571
-0.0287989
-0.0292198
-0.0296186
-0.0299944
-0.0303459
-0.030672
-0.0309714
-0.0312428
-0.0314848
-0.0316959
-0.0318747
-0.0320195
-0.0321288
-0.0322007
-0.0322335
-0.0322254
-0.0321746
-0.0320791
-0.0319369
-0.0317463
-0.0315051
-0.0312115
-0.0308637
-0.0304598
-0.0299982
-0.0294773
-0.0288957
-0.0282522
-0.0275458
-0.0267758
-0.0259419
-0.025044
-0.0240824
-0.023058
-0.0219722
-0.0208268
-0.0196246
-0.0183688
-0.0170638
-0.0157151
-0.0143292
-0.0129143
-0.0114803
-0.0100392
-0.00860531
-0.00719568
-0.00583052
-0.00453349
-0.00333201
-0.00225748
-0.00134544
-0.00063553
-0.000171328
0
0
-7.58998e-05
-0.000286293
-0.00061339
-0.00103961
-0.00154818
-0.00212363
-0.00275212
-0.00342165
-0.00412212
-0.00484523
-0.00558435
-0.00633431
-0.00709116
-0.00785196
-0.0086145
-0.00937717
-0.0101388
-0.0108985
-0.0116555
-0.0124093
-0.0131593
-0.0139052
-0.0146465
-0.0153827
-0.0161135
-0.0168383
-0.0175568
-0.0182684
-0.0189727
-0.0196691
-0.0203572
-0.0210363
-0.0217059
-0.0223655
-0.0230144
-0.0236521
-0.0242778
-0.0248909
-0.0254906
-0.0260764
-0.0266474
-0.0272028
-0.0277419
-0.0282638
-0.0287676
-0.0292524
-0.0297173
-0.0301611
-0.0305829
-0.0309815
-0.0313558
-0.0317045
-0.0320264
-0.0323199
-0.0325838
-0.0328164
-0.0330162
-0.0331815
-0.0333106
-0.0334016
-0.0334526
-0.0334617
-0.0334268
-0.0333458
-0.0332166
-0.0330372
-0.0328052
-0.0325187
-0.0321754
-0.0317734
-0.0313107
-0.0307855
-0.0301961
-0.0295412
-0.0288194
-0.02803
-0.0271723
-0.0262461
-0.0252518
-0.02419
-0.0230621
-0.02187
-0.0206166
-0.0193053
-0.0179407
-0.0165286
-0.0150761
-0.0135917
-0.012086
-0.0105718
-0.00906417
-0.0075813
-0.00614453
-0.00477888
-0.00351331
-0.00238101
-0.00141953
-0.000670785
-0.00018093
0
0
-7.77417e-05
-0.000293281
-0.000628425
-0.00106518
-0.00158638
-0.00217618
-0.00282042
-0.0035068
-0.00422499
-0.00496648
-0.0057245
-0.00649377
-0.00727026
-0.00805094
-0.00883359
-0.00961657
-0.0103987
-0.011179
-0.0119568
-0.0127316
-0.0135028
-0.01427
-0.0150327
-0.0157905
-0.0165431
-0.0172898
-0.0180303
-0.0187641
-0.0194908
-0.0202097
-0.0209203
-0.0216222
-0.0223147
-0.0229973
-0.0236694
-0.0243302
-0.0249792
-0.0256157
-0.026239
-0.0268484
-0.0274431
-0.0280223
-0.0285853
-0.0291311
-0.0296589
-0.0301677
-0.0306566
-0.0311245
-0.0315704
-0.0319931
-0.0323914
-0.032764
-0.0331096
-0.0334268
-0.0337141
-0.0339698
-0.0341923
-0.0343799
-0.0345306
-0.0346425
-0.0347137
-0.0347419
-0.034725
-0.0346607
-0.0345466
-0.0343805
-0.0341599
-0.0338824
-0.0335457
-0.0331475
-0.0326855
-0.0321576
-0.031562
-0.0308968
-0.0301606
-0.0293523
-0.0284711
-0.0275167
-0.026489
-0.0253889
-0.0242176
-0.0229772
-0.0216703
-0.0203009
-0.0188737
-0.0173949
-0.0158718
-0.0143139
-0.0127322
-0.0111403
-0.00955432
-0.00799346
-0.00648036
-0.00504148
-0.00370745
-0.00251338
-0.00149898
-0.000708629
-0.00019125
0
0
-7.95962e-05
-0.000300319
-0.00064357
-0.00109095
-0.00162488
-0.00222915
-0.00288927
-0.00359267
-0.00432874
-0.0050888
-0.00586593
-0.00665472
-0.00745106
-0.00825188
-0.0090549
-0.00985846
-0.0106613
-0.0114626
-0.0122616
-0.0130577
-0.0138504
-0.0146392
-0.0154238
-0.0162037
-0.0169784
-0.0177475
-0.0185106
-0.0192671
-0.0200166
-0.0207585
-0.0214923
-0.0222175
-0.0229335
-0.0236397
-0.0243354
-0.0250202
-0.0256932
-0.0263538
-0.0270014
-0.0276351
-0.0282543
-0.0288581
-0.0294458
-0.0300164
-0.0305691
-0.031103
-0.031617
-0.03211
-0.0325811
-0.0330291
-0.0334527
-0.0338506
-0.0342214
-0.0345637
-0.0348759
-0.0351564
-0.0354034
-0.035615
-0.0357893
-0.0359243
-0.0360177
-0.0360672
-0.0360706
-0.0360252
-0.0359287
-0.0357783
-0.0355714
-0.0353053
-0.0349775
-0.0345852
-0.034126
-0.0335973
-0.032997
-0.032323
-0.0315736
-0.0307473
-0.0298431
-0.0288603
-0.0277991
-0.0266598
-0.0254438
-0.0241531
-0.0227907
-0.0213604
-0.0198673
-0.0183181
-0.0167206
-0.0150847
-0.0134224
-0.0117479
-0.0100785
-0.00843455
-0.00684
-0.0053229
-0.00391567
-0.00265546
-0.00158434
-0.000749329
-0.000202366
0
0
-8.14617e-05
-0.0003074
-0.000658812
-0.00111688
-0.00166364
-0.0022825
-0.00295863
-0.00367917
-0.00443328
-0.00521209
-0.00600852
-0.00681704
-0.00763346
-0.00845464
-0.00927829
-0.0101027
-0.0109266
-0.0117492
-0.0125696
-0.0133874
-0.0142019
-0.0150129
-0.0158197
-0.016622
-0.0174194
-0.0182113
-0.0189974
-0.0197771
-0.0205499
-0.0213154
-0.022073
-0.022822
-0.0235621
-0.0242925
-0.0250126
-0.0257218
-0.0264195
-0.027105
-0.0277775
-0.0284364
-0.0290809
-0.0297101
-0.0303234
-0.0309197
-0.0314983
-0.0320581
-0.0325982
-0.0331176
-0.0336151
-0.0340895
-0.0345396
-0.0349642
-0.0353617
-0.0357307
-0.0360695
-0.0363765
-0.0366498
-0.0368875
-0.0370875
-0.0372476
-0.0373655
-0.0374388
-0.0374648
-0.037441
-0.0373645
-0.0372324
-0.0370419
-0.0367899
-0.0364734
-0.0360896
-0.0356355
-0.0351083
-0.0345053
-0.0338242
-0.033063
-0.0322197
-0.031293
-0.0302823
-0.0291871
-0.0280079
-0.0267459
-0.0254032
-0.0239827
-0.0224886
-0.0209264
-0.0193029
-0.0176267
-0.0159082
-0.0141602
-0.012398
-0.0106397
-0.00890715
-0.00722563
-0.0056249
-0.0041393
-0.00280821
-0.0016762
-0.000793185
-0.000214365
0
0
-8.33368e-05
-0.00031452
-0.000674139
-0.00114296
-0.00170263
-0.00233617
-0.00302842
-0.00376624
-0.00453854
-0.00533626
-0.00615215
-0.00698058
-0.00781729
-0.00865907
-0.00950358
-0.0103491
-0.0111944
-0.0120385
-0.0128807
-0.0137205
-0.0145573
-0.0153906
-0.0162201
-0.0170453
-0.0178657
-0.018681
-0.0194905
-0.0202939
-0.0210907
-0.0218802
-0.0226621
-0.0234356
-0.0242003
-0.0249555
-0.0257007
-0.0264351
-0.0271581
-0.0278691
-0.0285674
-0.0292521
-0.0299227
-0.0305782
-0.0312178
-0.0318408
-0.0324461
-0.033033
-0.0336003
-0.034147
-0.034672
-0.0351742
-0.0356523
-0.0361049
-0.0365306
-0.0369278
-0.037295
-0.0376303
-0.0379319
-0.0381977
-0.0384256
-0.0386132
-0.038758
-0.0388575
-0.0389089
-0.0389093
-0.0388557
-0.0387448
-0.0385735
-0.0383385
-0.0380364
-0.0376638
-0.0372175
-0.0366942
-0.0360909
-0.0354048
-0.0346333
-0.0337743
-0.0328262
-0.0317877
-0.0306585
-0.0294387
-0.0281294
-0.0267328
-0.0252518
-0.023691
-0.022056
-0.0203542
-0.0185947
-0.0167887
-0.0149497
-0.013094
-0.0112411
-0.00941397
-0.00763954
-0.00594934
-0.0043798
-0.00297265
-0.00177522
-0.000840528
-0.000227345
0
0
-8.522e-05
-0.000321671
-0.000689536
-0.00116917
-0.00174181
-0.00239011
-0.00309859
-0.00385379
-0.00464441
-0.00546116
-0.00629668
-0.00714522
-0.0080024
-0.00886499
-0.0097306
-0.0105975
-0.0114644
-0.0123304
-0.0131947
-0.0140568
-0.0149162
-0.0157724
-0.0166249
-0.0174734
-0.0183174
-0.0191563
-0.0199899
-0.0208175
-0.0216386
-0.0224528
-0.0232595
-0.0240581
-0.024848
-0.0256286
-0.0263994
-0.0271597
-0.0279088
-0.028646
-0.0293707
-0.0300821
-0.0307795
-0.031462
-0.032129
-0.0327794
-0.0334125
-0.0340274
-0.0346229
-0.0351981
-0.0357519
-0.0362831
-0.0367904
-0.0372725
-0.0377279
-0.0381551
-0.0385524
-0.0389179
-0.0392498
-0.0395459
-0.0398039
-0.0400214
-0.0401958
-0.0403243
-0.0404039
-0.0404315
-0.0404037
-0.0403173
-0.0401685
-0.0399536
-0.039669
-0.0393109
-0.0388754
-0.0383589
-0.0377579
-0.0370691
-0.0362894
-0.0354163
-0.0344477
-0.0333822
-0.0322188
-0.0309578
-0.0296
-0.0281475
-0.0266035
-0.0249728
-0.0232612
-0.0214768
-0.0196291
-0.0177302
-0.0157946
-0.0138396
-0.0118859
-0.0099578
-0.00808411
-0.00629818
-0.00463868
-0.0031499
-0.0018821
-0.000891718
-0.000241414
0
0
-8.71095e-05
-0.000328847
-0.000704987
-0.00119547
-0.00178114
-0.00244427
-0.00316904
-0.00394173
-0.00475076
-0.00558669
-0.00644198
-0.00731076
-0.00818861
-0.00907221
-0.00995914
-0.0108477
-0.0117364
-0.0126246
-0.0135114
-0.0143961
-0.0152785
-0.0161578
-0.0170338
-0.017906
-0.018774
-0.0196372
-0.0204952
-0.0213475
-0.0221935
-0.0230329
-0.023865
-0.0246892
-0.0255049
-0.0263117
-0.0271087
-0.0278955
-0.0286713
-0.0294355
-0.0301873
-0.0309261
-0.0316511
-0.0323615
-0.0330566
-0.0337355
-0.0343973
-0.035041
-0.0356658
-0.0362706
-0.0368543
-0.0374158
-0.0379537
-0.0384667
-0.0389534
-0.0394122
-0.0398414
-0.0402392
-0.0406034
-0.040932
-0.0412226
-0.0414726
-0.0416793
-0.0418396
-0.0419505
-0.0420085
-0.0420101
-0.0419514
-0.0418286
-0.0416375
-0.041374
-0.0410338
-0.0406125
-0.0401061
-0.0395104
-0.0388215
-0.0380359
-0.0371505
-0.0361628
-0.0350708
-0.0338735
-0.0325706
-0.031163
-0.0296527
-0.0280431
-0.026339
-0.0245469
-0.0226752
-0.0207343
-0.018737
-0.0166988
-0.0146381
-0.012577
-0.0105414
-0.00856167
-0.00667338
-0.0049175
-0.00334108
-0.00199759
-0.00094714
-0.00025669
0
0
-8.90037e-05
-0.000336041
-0.000720478
-0.00122184
-0.00182057
-0.00249858
-0.00323971
-0.00402995
-0.00485749
-0.00571269
-0.00658786
-0.00747705
-0.00837572
-0.00928051
-0.010189
-0.0110993
-0.0120103
-0.0129209
-0.0138303
-0.0147382
-0.0156438
-0.0165467
-0.0174466
-0.0183429
-0.0192353
-0.0201232
-0.0210061
-0.0218836
-0.0227552
-0.0236203
-0.0244783
-0.0253287
-0.0261709
-0.0270043
-0.0278283
-0.0286422
-0.0294454
-0.0302372
-0.0310169
-0.0317839
-0.0325373
-0.0332764
-0.0340004
-0.0347086
-0.0353999
-0.0360736
-0.0367288
-0.0373642
-0.037979
-0.038572
-0.0391418
-0.0396872
-0.0402068
-0.0406989
-0.0411618
-0.0415937
-0.0419925
-0.042356
-0.0426816
-0.0429668
-0.0432086
-0.0434039
-0.0435493
-0.0436412
-0.0436756
-0.0436485
-0.0435555
-0.0433921
-0.0431536
-0.0428351
-0.0424319
-0.0419391
-0.0413519
-0.040666
-0.0398771
-0.0389815
-0.0379761
-0.0368586
-0.0356274
-0.0342821
-0.0328234
-0.0312532
-0.0295751
-0.0277941
-0.0259173
-0.0239535
-0.021914
-0.0198125
-0.0176654
-0.0154925
-0.0133172
-0.011167
-0.00907436
-0.00707673
-0.00521771
-0.0035473
-0.00212241
-0.00100719
-0.000273298
0
0
-9.09009e-05
-0.000343245
-0.00073599
-0.00124825
-0.00186006
-0.00255298
-0.0033105
-0.00411833
-0.00496445
-0.005839
-0.00673416
-0.00764386
-0.0085635
-0.00948966
-0.0104199
-0.0113523
-0.0122856
-0.0132189
-0.0141514
-0.0150826
-0.0160119
-0.0169388
-0.0178629
-0.0187839
-0.0197011
-0.0206141
-0.0215225
-0.0224257
-0.0233233
-0.0242146
-0.0250992
-0.0259764
-0.0268456
-0.0277063
-0.0285579
-0.0293996
-0.0302308
-0.031051
-0.0318593
-0.0326551
-0.0334376
-0.0342062
-0.03496
-0.0356983
-0.0364202
-0.0371248
-0.0378112
-0.0384784
-0.0391254
-0.0397511
-0.0403542
-0.0409335
-0.0414874
-0.0420145
-0.042513
-0.0429811
-0.0434166
-0.0438172
-0.0441805
-0.0445037
-0.0447837
-0.0450172
-0.0452006
-0.0453299
-0.045401
-0.0454094
-0.0453503
-0.0452187
-0.0450094
-0.044717
-0.0443358
-0.0438605
-0.0432857
-0.0426059
-0.0418165
-0.040913
-0.0398916
-0.0387495
-0.0374847
-0.0360964
-0.0345851
-0.0329528
-0.0312031
-0.0293416
-0.0273756
-0.0253147
-0.023171
-0.0209591
-0.0186967
-0.0164049
-0.0141085
-0.0118367
-0.00962385
-0.00750974
-0.0055406
-0.00376956
-0.00225726
-0.00107225
-0.000291365
0
0
-9.27996e-05
-0.000350453
-0.000751506
-0.00127466
-0.00189956
-0.00260738
-0.00338131
-0.00420676
-0.00507148
-0.00596544
-0.00688066
-0.00781098
-0.00875171
-0.00969938
-0.0106515
-0.0116062
-0.0125622
-0.0135184
-0.0144743
-0.0154291
-0.0163824
-0.0173337
-0.0182825
-0.0192284
-0.020171
-0.0211097
-0.022044
-0.0229735
-0.0238976
-0.0248157
-0.0257274
-0.026632
-0.0275289
-0.0284175
-0.0292972
-0.0301673
-0.0310273
-0.0318764
-0.032714
-0.0335394
-0.0343519
-0.0351507
-0.0359351
-0.0367043
-0.0374575
-0.0381939
-0.0389126
-0.0396126
-0.0402929
-0.0409525
-0.0415901
-0.0422046
-0.0427945
-0.0433582
-0.0438941
-0.0444003
-0.0448747
-0.045315
-0.0457186
-0.0460826
-0.0464038
-0.0466788
-0.0469037
-0.0470743
-0.0471862
-0.0472343
-0.0472134
-0.0471181
-0.0469425
-0.0466804
-0.0463258
-0.0458722
-0.0453134
-0.0446434
-0.0438564
-0.0429473
-0.0419116
-0.0407459
-0.0394475
-0.0380155
-0.0364501
-0.0347532
-0.0329288
-0.0309827
-0.0289229
-0.0267596
-0.024506
-0.0221777
-0.0197936
-0.0173761
-0.0149517
-0.0125513
-0.0102111
-0.00797332
-0.00588701
-0.0040086
-0.0024027
-0.00114265
-0.000311009
0
0
-9.46982e-05
-0.000357656
-0.000767007
-0.00130104
-0.001939
-0.00266171
-0.00345202
-0.00429509
-0.00517841
-0.0060918
-0.00702713
-0.00797813
-0.00894005
-0.00990937
-0.0108835
-0.0118607
-0.0128395
-0.0138191
-0.0147986
-0.0157774
-0.016755
-0.0177311
-0.018705
-0.0196763
-0.0206447
-0.0216095
-0.0225703
-0.0235265
-0.0244777
-0.0254232
-0.0263625
-0.0272951
-0.0282202
-0.0291373
-0.0300458
-0.0309451
-0.0318344
-0.0327132
-0.0335808
-0.0344364
-0.0352795
-0.0361092
-0.0369249
-0.0377259
-0.0385113
-0.0392803
-0.0400322
-0.0407659
-0.0414806
-0.0421752
-0.0428486
-0.0434996
-0.0441268
-0.0447288
-0.0453039
-0.0458502
-0.0463656
-0.0468479
-0.0472943
-0.047702
-0.0480676
-0.0483875
-0.0486576
-0.0488734
-0.04903
-0.0491221
-0.0491441
-0.0490896
-0.0489523
-0.0487253
-0.0484016
-0.047974
-0.0474353
-0.0467785
-0.045997
-0.0450846
-0.0440363
-0.0428477
-0.0415157
-0.040039
-0.0384176
-0.0366536
-0.0347509
-0.032716
-0.0305575
-0.0282866
-0.0259173
-0.0234665
-0.0209544
-0.0184048
-0.0158457
-0.0133099
-0.0108356
-0.00846743
-0.00625716
-0.00426475
-0.00255907
-0.00121864
-0.000332331
0
0
-9.65953e-05
-0.000364847
-0.000782474
-0.00132735
-0.00197833
-0.00271587
-0.00352252
-0.00438315
-0.00528505
-0.00621785
-0.00717331
-0.00814503
-0.00912821
-0.0101193
-0.0111157
-0.0121155
-0.0131174
-0.0141204
-0.0151238
-0.016127
-0.0171293
-0.0181305
-0.0191299
-0.0201271
-0.0211217
-0.0221131
-0.0231009
-0.0240844
-0.0250632
-0.0260367
-0.0270042
-0.0279653
-0.0289192
-0.0298655
-0.0308034
-0.0317324
-0.0326517
-0.0335608
-0.0344589
-0.0353455
-0.0362199
-0.0370813
-0.037929
-0.0387624
-0.0395808
-0.0403832
-0.0411691
-0.0419374
-0.0426874
-0.0434181
-0.0441283
-0.0448171
-0.045483
-0.0461247
-0.0467406
-0.0473288
-0.0478873
-0.0484138
-0.0489057
-0.0493598
-0.0497728
-0.0501409
-0.0504597
-0.0507246
-0.0509302
-0.0510707
-0.0511399
-0.0511309
-0.0510365
-0.0508492
-0.050561
-0.0501636
-0.0496488
-0.0490087
-0.0482354
-0.047322
-0.0462622
-0.0450512
-0.0436853
-0.0421625
-0.040483
-0.0386487
-0.0366641
-0.034536
-0.0322739
-0.02989
-0.0273994
-0.0248203
-0.0221743
-0.0194868
-0.0167871
-0.01411
-0.0114955
-0.00899072
-0.00665028
-0.0045377
-0.00272634
-0.00130031
-0.000355391
0
0
-9.849e-05
-0.000372019
-0.000797885
-0.00135355
-0.00201747
-0.00276976
-0.00359265
-0.00447076
-0.00539116
-0.00634332
-0.00731886
-0.00831131
-0.00931579
-0.0103287
-0.0113474
-0.01237
-0.0133952
-0.014422
-0.0154496
-0.0164774
-0.0175048
-0.0185315
-0.0195568
-0.0205803
-0.0216016
-0.0226201
-0.0236353
-0.0246467
-0.0256536
-0.0266556
-0.0276519
-0.0286421
-0.0296255
-0.0306014
-0.0315694
-0.0325286
-0.0334785
-0.0344185
-0.0353479
-0.036266
-0.0371723
-0.038066
-0.0389464
-0.0398129
-0.0406649
-0.0415015
-0.0423221
-0.0431258
-0.0439119
-0.0446795
-0.0454276
-0.0461551
-0.0468609
-0.0475436
-0.0482018
-0.0488335
-0.049437
-0.0500098
-0.0505493
-0.0510525
-0.0515157
-0.0519352
-0.0523063
-0.0526239
-0.0528824
-0.0530755
-0.0531962
-0.0532371
-0.0531902
-0.0530469
-0.0527983
-0.0524351
-0.0519479
-0.0513273
-0.0505646
-0.0496517
-0.0485814
-0.0473478
-0.0459469
-0.0443764
-0.042636
-0.040728
-0.0386574
-0.0364315
-0.034061
-0.031559
-0.028942
-0.0262295
-0.0234445
-0.020614
-0.017769
-0.0149457
-0.0121863
-0.00954002
-0.00706428
-0.00482626
-0.00290397
-0.00138749
-0.000380194
0
0
-0.000100382
-0.000379166
-0.000813219
-0.00137959
-0.00205634
-0.00282325
-0.00366224
-0.00455768
-0.00549646
-0.00646787
-0.00746343
-0.00847656
-0.00950234
-0.0105371
-0.0115782
-0.0126238
-0.0136725
-0.0147232
-0.0157752
-0.016828
-0.0178808
-0.0189333
-0.019985
-0.0210353
-0.0220838
-0.0231299
-0.024173
-0.0252127
-0.0262483
-0.0272793
-0.028305
-0.0293248
-0.0303382
-0.0313444
-0.0323429
-0.033333
-0.0343141
-0.0352856
-0.0362467
-0.037197
-0.0381357
-0.0390622
-0.0399759
-0.0408761
-0.0417622
-0.0426335
-0.0434894
-0.0443291
-0.045152
-0.0459572
-0.0467439
-0.047511
-0.0482576
-0.0489824
-0.049684
-0.0503607
-0.0510106
-0.0516314
-0.0522206
-0.052775
-0.0532911
-0.0537646
-0.054191
-0.0545647
-0.0548797
-0.0551291
-0.0553053
-0.0554001
-0.0554046
-0.0553092
-0.0551039
-0.0547781
-0.0543212
-0.0537225
-0.052972
-0.0520603
-0.0509793
-0.0497225
-0.0482848
-0.0466639
-0.0448595
-0.042874
-0.0407131
-0.038385
-0.0359013
-0.0332766
-0.0305287
-0.0276786
-0.024751
-0.021774
-0.0187805
-0.0158081
-0.0129008
-0.0101098
-0.00749534
-0.00512805
-0.00309071
-0.00147972
-0.000406654
0
0
-0.00010227
-0.000386278
-0.00082845
-0.00140541
-0.00209485
-0.00287619
-0.00373108
-0.00464366
-0.00560062
-0.00659111
-0.00760653
-0.00864026
-0.00968728
-0.0107439
-0.0118075
-0.0128761
-0.0139484
-0.0150233
-0.0161001
-0.017178
-0.0182566
-0.0193354
-0.0204138
-0.0214913
-0.0225673
-0.0236415
-0.0247131
-0.0257816
-0.0268464
-0.0279069
-0.0289625
-0.0300125
-0.0310564
-0.0320934
-0.033123
-0.0341445
-0.0351573
-0.0361607
-0.0371541
-0.038137
-0.0391086
-0.0400684
-0.0410157
-0.04195
-0.0428707
-0.0437771
-0.0446688
-0.0455449
-0.046405
-0.0472482
-0.0480739
-0.0488812
-0.0496692
-0.0504367
-0.0511825
-0.051905
-0.0526024
-0.0532725
-0.0539128
-0.0545201
-0.0550909
-0.0556208
-0.0561048
-0.0565373
-0.0569116
-0.0572203
-0.0574552
-0.0576071
-0.0576661
-0.0576215
-0.0574621
-0.057176
-0.0567511
-0.0561754
-0.0554374
-0.0545266
-0.0534339
-0.0521517
-0.0506747
-0.0490001
-0.0471278
-0.0450608
-0.0428052
-0.0403705
-0.0377695
-0.0350183
-0.0321362
-0.0291459
-0.0260735
-0.0229488
-0.0198059
-0.0166838
-0.0136281
-0.0106918
-0.00793751
-0.00543921
-0.00328441
-0.00157607
-0.000434572
0
0
-0.000104154
-0.000393348
-0.000843545
-0.00143095
-0.00213286
-0.00292838
-0.0037989
-0.00472833
-0.00570319
-0.00671251
-0.00774759
-0.00880173
-0.00986989
-0.0109483
-0.0120344
-0.0131261
-0.0142221
-0.0153214
-0.0164231
-0.0175265
-0.0186312
-0.0197365
-0.020842
-0.0219471
-0.0230512
-0.0241538
-0.0252543
-0.0263521
-0.0274466
-0.0285371
-0.0296231
-0.0307038
-0.0317786
-0.0328469
-0.0339081
-0.0349614
-0.0360063
-0.0370421
-0.0380682
-0.0390839
-0.0400888
-0.0410822
-0.0420635
-0.0430321
-0.0439876
-0.0449293
-0.0458568
-0.0467695
-0.0476668
-0.0485482
-0.049413
-0.0502606
-0.05109
-0.0519004
-0.0526906
-0.0534592
-0.0542045
-0.0549245
-0.0556166
-0.0562777
-0.0569042
-0.0574916
-0.0580348
-0.0585277
-0.0589631
-0.0593331
-0.0596287
-0.0598396
-0.0599549
-0.0599627
-0.0598503
-0.0596047
-0.0592119
-0.0586587
-0.0579321
-0.0570203
-0.0559131
-0.0546024
-0.0530823
-0.0513499
-0.0494054
-0.0472523
-0.0448979
-0.0423528
-0.0396314
-0.0367512
-0.0337333
-0.0306022
-0.0273855
-0.0241143
-0.020824
-0.0175549
-0.0143536
-0.0112746
-0.0083824
-0.00575414
-0.00348185
-0.0016751
-0.000463594
0
0
-0.000106036
-0.000400364
-0.000858463
-0.0014561
-0.00217021
-0.00297958
-0.00386534
-0.00481123
-0.00580361
-0.0068314
-0.00788582
-0.00896012
-0.0100492
-0.0111494
-0.0122578
-0.0133727
-0.0144924
-0.0156161
-0.0167429
-0.0178721
-0.0190031
-0.0201353
-0.0212682
-0.0224013
-0.0235338
-0.0246653
-0.0257951
-0.0269227
-0.0280472
-0.0291682
-0.0302849
-0.0313967
-0.0325029
-0.0336028
-0.0346959
-0.0357813
-0.0368586
-0.037927
-0.038986
-0.0400349
-0.0410732
-0.0421002
-0.0431155
-0.0441185
-0.0451087
-0.0460856
-0.0470488
-0.0479977
-0.048932
-0.0498512
-0.0507547
-0.051642
-0.0525124
-0.0533651
-0.0541992
-0.0550133
-0.0558061
-0.0565754
-0.0573189
-0.0580336
-0.0587156
-0.0593606
-0.059963
-0.0605165
-0.0610134
-0.061445
-0.0618014
-0.0620716
-0.0622433
-0.0623032
-0.0622372
-0.0620306
-0.0616681
-0.0611348
-0.0604163
-0.0594997
-0.0583739
-0.05703
-0.0554619
-0.0536668
-0.0516454
-0.0494021
-0.0469452
-0.0442869
-0.0414431
-0.0384334
-0.0352806
-0.0320107
-0.0286531
-0.0252401
-0.0218082
-0.0183985
-0.0150583
-0.0118431
-0.00881891
-0.00606531
-0.00367855
-0.00177474
-0.000493184
0
0
-0.000107914
-0.000407307
-0.000873143
-0.00148074
-0.00220666
-0.00302942
-0.00392993
-0.00489174
-0.00590111
-0.00694687
-0.00802019
-0.00911426
-0.010224
-0.0113456
-0.0124763
-0.0136141
-0.0147577
-0.0159059
-0.0170579
-0.0182129
-0.0193704
-0.0205298
-0.0216904
-0.0228517
-0.0240129
-0.0251736
-0.0263331
-0.0274906
-0.0286456
-0.0297973
-0.0309451
-0.0320882
-0.033226
-0.0343578
-0.0354829
-0.0366007
-0.0377105
-0.0388116
-0.0399035
-0.0409855
-0.042057
-0.0431176
-0.0441666
-0.0452035
-0.046228
-0.0472395
-0.0482377
-0.0492222
-0.0501926
-0.0511486
-0.0520897
-0.0530155
-0.0539255
-0.0548191
-0.0556955
-0.0565537
-0.0573921
-0.0582091
-0.0590023
-0.0597687
-0.0605046
-0.0612054
-0.0618654
-0.0624777
-0.0630343
-0.0635257
-0.0639412
-0.0642686
-0.0644943
-0.0646036
-0.0645808
-0.0644095
-0.0640729
-0.0635544
-0.0628386
-0.0619113
-0.0607606
-0.0593774
-0.0577554
-0.0558922
-0.0537891
-0.0514517
-0.0488898
-0.046117
-0.0431513
-0.0400141
-0.0367301
-0.033327
-0.0298356
-0.0262896
-0.0227261
-0.0191868
-0.0157191
-0.012379
-0.00923316
-0.00636312
-0.0038687
-0.00187221
-0.000522597
0
0
-0.000109786
-0.000414149
-0.00088749
-0.00150467
-0.0022419
-0.00307743
-0.00399199
-0.004969
-0.00599465
-0.00705769
-0.00814927
-0.00926256
-0.0103924
-0.011535
-0.0126877
-0.0138483
-0.0150155
-0.0161882
-0.0173653
-0.0185463
-0.0197304
-0.020917
-0.0221055
-0.0232951
-0.0244853
-0.0256754
-0.0268646
-0.0280523
-0.0292379
-0.0304204
-0.0315994
-0.0327739
-0.0339433
-0.035107
-0.0362642
-0.0374141
-0.0385563
-0.0396899
-0.0408143
-0.041929
-0.0430333
-0.0441268
-0.0452088
-0.046279
-0.0473368
-0.0483819
-0.0494139
-0.0504325
-0.0514374
-0.0524283
-0.0534051
-0.0543673
-0.0553146
-0.0562465
-0.0571625
-0.0580616
-0.0589427
-0.059804
-0.0606434
-0.0614579
-0.0622439
-0.0629966
-0.0637101
-0.0643772
-0.0649892
-0.0655361
-0.0660061
-0.0663858
-0.0666603
-0.0668134
-0.0668276
-0.0666848
-0.0663666
-0.0658552
-0.0651338
-0.0641877
-0.0630044
-0.0615744
-0.0598919
-0.0579549
-0.0557659
-0.0533318
-0.0506638
-0.0477777
-0.0446932
-0.0414338
-0.038026
-0.0344994
-0.030886
-0.0272204
-0.0235403
-0.0198874
-0.0163089
-0.0128603
-0.00960852
-0.00663591
-0.00404512
-0.00196402
-0.000550851
0
0
-0.000111647
-0.00042084
-0.000901364
-0.00152761
-0.00227545
-0.00312291
-0.00405058
-0.00504181
-0.00608275
-0.00716214
-0.00827111
-0.00940282
-0.0105521
-0.0117152
-0.0128893
-0.0140723
-0.0152628
-0.0164596
-0.0176618
-0.0188685
-0.0200791
-0.0212929
-0.0225091
-0.0237271
-0.0249461
-0.0261655
-0.0273845
-0.0286024
-0.0298183
-0.0310316
-0.0322415
-0.0334472
-0.0346481
-0.0358432
-0.037032
-0.0382137
-0.0393876
-0.040553
-0.0417092
-0.0428558
-0.0439919
-0.0451172
-0.046231
-0.0473329
-0.0484224
-0.0494992
-0.050563
-0.0516135
-0.0526505
-0.0536737
-0.0546831
-0.0556783
-0.0566593
-0.0576256
-0.0585768
-0.0595123
-0.060431
-0.0613313
-0.0622113
-0.0630681
-0.063898
-0.0646962
-0.0654565
-0.0661714
-0.0668317
-0.0674265
-0.0679431
-0.0683669
-0.0686816
-0.0688693
-0.0689109
-0.0687865
-0.0684761
-0.0679609
-0.0672233
-0.0662481
-0.0650225
-0.0635375
-0.0617875
-0.0597717
-0.0574936
-0.0549618
-0.0521894
-0.0491942
-0.0459978
-0.0426256
-0.0391062
-0.0354704
-0.0317517
-0.0279852
-0.024209
-0.0204641
-0.0167971
-0.0132624
-0.00992594
-0.00687013
-0.00419932
-0.00204591
-0.000576722
0
0
-0.000113486
-0.000427299
-0.000914541
-0.00154912
-0.0023066
-0.00316484
-0.00410435
-0.00510848
-0.00616338
-0.00725782
-0.00838296
-0.00953197
-0.0106997
-0.0118823
-0.013077
-0.0142818
-0.0154949
-0.0167153
-0.017942
-0.0191741
-0.0204108
-0.0216514
-0.022895
-0.024141
-0.0253885
-0.0266369
-0.0278852
-0.0291327
-0.0303786
-0.0316221
-0.0328624
-0.0340986
-0.03533
-0.0365559
-0.0377753
-0.0389877
-0.0401922
-0.0413882
-0.0425749
-0.0437517
-0.044918
-0.0460732
-0.0472167
-0.0483481
-0.0494669
-0.0505728
-0.0516654
-0.0527445
-0.0538099
-0.0548614
-0.055899
-0.0569226
-0.057932
-0.0589271
-0.0599076
-0.0608728
-0.0618221
-0.0627539
-0.0636665
-0.064557
-0.0654218
-0.066256
-0.0670532
-0.0678056
-0.0685035
-0.0691352
-0.0696869
-0.0701429
-0.0704854
-0.0706949
-0.0707505
-0.0706305
-0.0703139
-0.0697811
-0.0690141
-0.0679977
-0.0667193
-0.0651705
-0.0633466
-0.0612479
-0.0588797
-0.0562523
-0.0533806
-0.0502844
-0.0469874
-0.0435169
-0.039903
-0.0361781
-0.0323763
-0.0285335
-0.0246873
-0.020878
-0.0171508
-0.0135583
-0.0101645
-0.00705067
-0.00432163
-0.00211296
-0.000598743
0
0
-0.000115278
-0.000433391
-0.000926681
-0.00156857
-0.00233436
-0.0032018
-0.00415143
-0.00516665
-0.00623369
-0.00734141
-0.00848103
-0.00964576
-0.0108305
-0.0120313
-0.0132454
-0.0144707
-0.0157055
-0.0169486
-0.0181989
-0.0194555
-0.0207174
-0.021984
-0.0232542
-0.0245273
-0.0258025
-0.0270789
-0.0283556
-0.0296318
-0.0309066
-0.0321791
-0.0334485
-0.034714
-0.0359746
-0.0372296
-0.0384781
-0.0397194
-0.0409526
-0.042177
-0.043392
-0.0445966
-0.0457904
-0.0469727
-0.0481429
-0.0493005
-0.050445
-0.051576
-0.0526932
-0.0537963
-0.0548851
-0.0559595
-0.0570195
-0.058065
-0.0590959
-0.0601122
-0.0611137
-0.0621
-0.0630704
-0.0640237
-0.064958
-0.0658708
-0.0667585
-0.067616
-0.0684369
-0.069213
-0.069934
-0.0705876
-0.071159
-0.0716313
-0.0719852
-0.0721996
-0.0722516
-0.0721184
-0.0717783
-0.0712113
-0.0703999
-0.069329
-0.067987
-0.0663662
-0.0644634
-0.0622803
-0.0598239
-0.0571065
-0.054145
-0.0509611
-0.0475804
-0.0440317
-0.0403465
-0.0365583
-0.0327018
-0.028813
-0.024929
-0.0210889
-0.0173358
-0.0137196
-0.0103019
-0.00716133
-0.00440157
-0.0021597
-0.000615216
0
0
-0.000116983
-0.000438905
-0.000937267
-0.00158501
-0.00235726
-0.00323176
-0.00418914
-0.00521299
-0.00628971
-0.00740829
-0.00856006
-0.00973829
-0.0109379
-0.0121549
-0.0133866
-0.0146307
-0.0158855
-0.0171497
-0.0184221
-0.0197017
-0.0209874
-0.0222784
-0.0235738
-0.0248726
-0.0261738
-0.0274766
-0.02878
-0.0300831
-0.0313848
-0.0326844
-0.0339809
-0.0352733
-0.0365608
-0.0378424
-0.0391173
-0.0403847
-0.0416436
-0.0428933
-0.0441331
-0.045362
-0.0465794
-0.0477847
-0.0489772
-0.0501562
-0.0513213
-0.0524721
-0.0536081
-0.054729
-0.0558345
-0.0569247
-0.0579993
-0.0590583
-0.0601018
-0.0611297
-0.0621418
-0.063138
-0.0641175
-0.0650794
-0.0660219
-0.0669425
-0.0678377
-0.0687025
-0.0695302
-0.0703124
-0.0710383
-0.0716949
-0.0722665
-0.072735
-0.0730798
-0.073278
-0.0733051
-0.0731374
-0.0727535
-0.072134
-0.0712619
-0.0701233
-0.0687076
-0.0670086
-0.0650244
-0.0627588
-0.0602206
-0.057424
-0.0543878
-0.0511354
-0.0476938
-0.0440933
-0.0403663
-0.036547
-0.0326705
-0.0287723
-0.0248886
-0.0210569
-0.0173178
-0.0137182
-0.0103157
-0.00718545
-0.00442815
-0.00218026
-0.00062427
0
0
-0.000118529
-0.000443508
-0.000945529
-0.0015971
-0.00237324
-0.00325184
-0.00421379
-0.00524295
-0.00632598
-0.0074521
-0.0086128
-0.00980143
-0.0110129
-0.0122434
-0.0134899
-0.0147502
-0.0160225
-0.0173053
-0.0185973
-0.0198975
-0.0212046
-0.0225176
-0.0238356
-0.0251575
-0.0264821
-0.0278086
-0.0291359
-0.0304629
-0.0317887
-0.0331122
-0.0344324
-0.0357483
-0.0370589
-0.0383634
-0.0396607
-0.0409499
-0.0422301
-0.0435004
-0.0447599
-0.0460079
-0.0472435
-0.048466
-0.0496746
-0.0508687
-0.0520476
-0.0532109
-0.054358
-0.0554885
-0.0566022
-0.0576988
-0.0587781
-0.0598402
-0.060885
-0.0619124
-0.0629224
-0.0639146
-0.0648887
-0.0658435
-0.0667777
-0.0676886
-0.0685729
-0.0694254
-0.0702396
-0.0710067
-0.0717155
-0.0723524
-0.0729008
-0.0733414
-0.0736523
-0.0738091
-0.0737861
-0.0735601
-0.0731107
-0.0724197
-0.0714714
-0.0702531
-0.068756
-0.0669757
-0.0649121
-0.0625711
-0.0599633
-0.0571045
-0.0540152
-0.05072
-0.0472474
-0.0436282
-0.0398956
-0.036084
-0.0322281
-0.0283629
-0.0245232
-0.0207445
-0.0170647
-0.0135269
-0.0101841
-0.00710655
-0.00439035
-0.00216877
-0.000623999
0
0
-0.0001198
-0.000446701
-0.000950339
-0.00160287
-0.00237938
-0.00325808
-0.00422027
-0.00525024
-0.00633504
-0.0074642
-0.00862939
-0.00982411
-0.0110433
-0.0122831
-0.0135405
-0.0148132
-0.0160991
-0.0173968
-0.0187047
-0.0200216
-0.0213463
-0.0226776
-0.0240142
-0.0253552
-0.0266992
-0.0280452
-0.029392
-0.0307385
-0.0320835
-0.0334261
-0.034765
-0.0360992
-0.0374276
-0.0387492
-0.040063
-0.0413679
-0.042663
-0.0439473
-0.0452197
-0.0464795
-0.0477257
-0.0489575
-0.050174
-0.0513744
-0.0525581
-0.0537243
-0.0548725
-0.0560022
-0.057113
-0.0582044
-0.0592763
-0.0603284
-0.0613608
-0.0623732
-0.0633656
-0.0643377
-0.0652889
-0.0662185
-0.0671249
-0.0680057
-0.0688575
-0.0696754
-0.0704525
-0.0711799
-0.0718463
-0.0724371
-0.0729353
-0.0733205
-0.0735691
-0.0736556
-0.0735548
-0.0732457
-0.0727094
-0.0719295
-0.0708918
-0.0695857
-0.0680043
-0.0661452
-0.0640104
-0.0616076
-0.058949
-0.0560519
-0.0529381
-0.0496333
-0.0461663
-0.0425686
-0.0388733
-0.0351144
-0.0313261
-0.027542
-0.0237953
-0.0201193
-0.0165485
-0.013122
-0.0098877
-0.0069097
-0.0042778
-0.00211935
-0.000612456
0
0
-0.000120618
-0.00044774
-0.000950067
-0.00159958
-0.00237164
-0.00324501
-0.00420162
-0.00522637
-0.00630683
-0.0074329
-0.00859654
-0.00979138
-0.0110124
-0.0122558
-0.0135184
-0.0147977
-0.0160917
-0.0173986
-0.0187168
-0.0200449
-0.0213814
-0.022725
-0.0240745
-0.0254285
-0.0267856
-0.0281448
-0.0295046
-0.0308639
-0.0322214
-0.0335759
-0.0349262
-0.0362711
-0.0376096
-0.0389403
-0.0402622
-0.0415743
-0.0428753
-0.0441643
-0.0454401
-0.0467019
-0.0479484
-0.0491788
-0.0503922
-0.0515876
-0.0527642
-0.0539212
-0.0550578
-0.0561734
-0.0572674
-0.0583393
-0.0593888
-0.0604154
-0.0614189
-0.0623992
-0.063356
-0.0642889
-0.0651976
-0.066081
-0.0669378
-0.0677656
-0.068561
-0.069319
-0.0700328
-0.0706935
-0.0712891
-0.0718049
-0.072223
-0.072522
-0.0726777
-0.0726637
-0.0724582
-0.0720432
-0.0714019
-0.0705198
-0.0693849
-0.0679887
-0.0663266
-0.0643981
-0.0622076
-0.0597639
-0.0570812
-0.0541777
-0.0510759
-0.0478021
-0.0443851
-0.0408563
-0.0372482
-0.0335937
-0.0299257
-0.0262763
-0.0226766
-0.019157
-0.0157487
-0.0124863
-0.00941215
-0.00658349
-0.00408218
-0.00202706
-0.000587828
0
0
-0.000120707
-0.000445573
-0.000942455
-0.00158343
-0.00234448
-0.00320523
-0.0041485
-0.00515998
-0.00622788
-0.00734261
-0.00849644
-0.00968318
-0.0108979
-0.0121367
-0.0133963
-0.0146742
-0.0159681
-0.0172761
-0.0185963
-0.0199271
-0.021267
-0.0226145
-0.023968
-0.0253261
-0.0266873
-0.0280504
-0.0294137
-0.0307761
-0.0321361
-0.0334924
-0.0348437
-0.0361887
-0.0375261
-0.0388547
-0.0401733
-0.0414806
-0.0427754
-0.0440566
-0.0453229
-0.0465733
-0.0478067
-0.0490219
-0.0502178
-0.0513934
-0.0525478
-0.0536799
-0.054789
-0.055874
-0.0569343
-0.0579693
-0.0589782
-0.0599607
-0.0609162
-0.0618445
-0.0627452
-0.0636178
-0.0644617
-0.0652761
-0.0660595
-0.0668094
-0.0675226
-0.068194
-0.0688168
-0.0693819
-0.0698771
-0.0702874
-0.0705942
-0.0707755
-0.070806
-0.0706637
-0.0703313
-0.0697932
-0.069035
-0.0680445
-0.0668123
-0.065332
-0.0636014
-0.061622
-0.0594
-0.056946
-0.0542748
-0.0514057
-0.0483613
-0.0451676
-0.0418532
-0.0384483
-0.034984
-0.0314919
-0.0280027
-0.0245464
-0.0211514
-0.0178452
-0.0146553
-0.0116115
-0.00875049
-0.00612203
-0.00379883
-0.00188877
-0.000548834
0
0
-0.000119666
-0.000438659
-0.000924305
-0.00154923
-0.00229049
-0.00312892
-0.00404853
-0.00503603
-0.00608041
-0.00717267
-0.00830545
-0.00947277
-0.0106698
-0.0118925
-0.0131377
-0.0144026
-0.0156847
-0.0169818
-0.0182921
-0.0196136
-0.0209446
-0.0222834
-0.0236283
-0.0249777
-0.0263299
-0.0276835
-0.0290369
-0.0303885
-0.031737
-0.0330807
-0.0344184
-0.0357486
-0.0370698
-0.0383808
-0.0396802
-0.0409666
-0.0422388
-0.0434954
-0.0447353
-0.045957
-0.0471594
-0.0483412
-0.0495013
-0.0506385
-0.0517515
-0.0528394
-0.0539011
-0.0549354
-0.0559416
-0.0569188
-0.057866
-0.0587828
-0.0596684
-0.0605223
-0.061344
-0.0621329
-0.0628884
-0.0636093
-0.0642942
-0.0649406
-0.0655452
-0.0661028
-0.0666067
-0.0670474
-0.0674128
-0.0676872
-0.0678519
-0.0678839
-0.0677629
-0.0674729
-0.067
-0.0663308
-0.0654538
-0.0643592
-0.0630401
-0.0614929
-0.0597173
-0.0577168
-0.0554992
-0.0530762
-0.0504632
-0.0476795
-0.0447476
-0.0416925
-0.0385414
-0.0353228
-0.0320659
-0.0287996
-0.0255524
-0.0223512
-0.0192214
-0.0161871
-0.013272
-0.0105013
-0.00790554
-0.00552697
-0.00342826
-0.00170423
-0.000495101
0
0
-0.000116897
-0.000424869
-0.000891323
-0.0014901
-0.0021999
-0.00300323
-0.00388559
-0.00483491
-0.00584114
-0.00689592
-0.00799235
-0.00912471
-0.0102882
-0.0114789
-0.0126934
-0.0139288
-0.0151824
-0.0164518
-0.017735
-0.0190298
-0.0203343
-0.0216465
-0.0229646
-0.0242868
-0.0256114
-0.0269367
-0.0282608
-0.0295823
-0.0308995
-0.0322107
-0.0335145
-0.0348094
-0.0360937
-0.037366
-0.0386249
-0.039869
-0.0410967
-0.0423067
-0.0434977
-0.0446681
-0.0458168
-0.0469423
-0.0480433
-0.0491185
-0.0501667
-0.0511865
-0.0521769
-0.0531365
-0.0540644
-0.0549594
-0.0558206
-0.0566472
-0.0574383
-0.0581933
-0.0589114
-0.059592
-0.0602342
-0.0608369
-0.0613984
-0.0619162
-0.0623868
-0.0628049
-0.0631636
-0.0634532
-0.0636615
-0.0637725
-0.063767
-0.0636283
-0.0633432
-0.0628996
-0.0622859
-0.0614916
-0.0605078
-0.0593278
-0.0579472
-0.0563646
-0.0545819
-0.0526042
-0.0504404
-0.0481027
-0.0456067
-0.0429711
-0.0402171
-0.0373682
-0.0344494
-0.0314867
-0.0285063
-0.025534
-0.022595
-0.0197128
-0.0169094
-0.0142052
-0.0116199
-0.00917398
-0.00689235
-0.00480949
-0.00297757
-0.00147692
-0.000427535
0
0
-0.000111547
-0.00040133
-0.000837863
-0.00139714
-0.00206019
-0.00281169
-0.00363895
-0.00453131
-0.00547981
-0.00647687
-0.00751608
-0.00859203
-0.0097001
-0.0108363
-0.0119972
-0.0131797
-0.0143811
-0.0155987
-0.0168303
-0.0180735
-0.0193262
-0.0205863
-0.0218518
-0.0231208
-0.0243913
-0.0256615
-0.0269296
-0.0281937
-0.0294522
-0.0307034
-0.0319455
-0.0331769
-0.0343962
-0.0356015
-0.0367915
-0.0379645
-0.0391191
-0.0402537
-0.0413669
-0.0424573
-0.0435233
-0.0445635
-0.0455766
-0.0465611
-0.0475157
-0.048439
-0.0493297
-0.0501865
-0.0510083
-0.0517937
-0.0525418
-0.0532516
-0.053922
-0.0545524
-0.0551419
-0.0556896
-0.0561946
-0.0566557
-0.0570709
-0.0574378
-0.0577523
-0.058009
-0.0582009
-0.0583179
-0.0583467
-0.058274
-0.0580883
-0.0577794
-0.0573374
-0.0567527
-0.0560169
-0.0551224
-0.0540633
-0.0528355
-0.0514372
-0.0498692
-0.0481348
-0.0462406
-0.0441957
-0.0420124
-0.0397056
-0.0372925
-0.0347924
-0.0322263
-0.029616
-0.0269842
-0.0243534
-0.0217457
-0.019182
-0.0166822
-0.0142644
-0.0119451
-0.00974003
-0.00766533
-0.00574028
-0.0039919
-0.00246182
-0.00121493
-0.000348672
0
0
-0.000102446
-0.000364324
-0.000756816
-0.00125925
-0.00185578
-0.0025337
-0.00328241
-0.00409289
-0.00495737
-0.00586918
-0.0068225
-0.00781232
-0.00883422
-0.00988435
-0.0109592
-0.0120558
-0.013171
-0.0143024
-0.0154473
-0.0166034
-0.0177684
-0.0189401
-0.0201163
-0.021295
-0.0224741
-0.0236517
-0.0248259
-0.0259949
-0.0271567
-0.0283097
-0.0294521
-0.0305821
-0.0316982
-0.0327987
-0.0338819
-0.0349463
-0.0359903
-0.0370124
-0.0380111
-0.0389848
-0.0399321
-0.0408516
-0.0417417
-0.042601
-0.0434282
-0.0442218
-0.0449806
-0.0457032
-0.0463883
-0.0470348
-0.0476414
-0.0482072
-0.0487313
-0.0492126
-0.0496505
-0.0500439
-0.0503917
-0.0506927
-0.0509447
-0.0511447
-0.0512887
-0.0513705
-0.0513819
-0.0513148
-0.0511619
-0.0509164
-0.0505706
-0.0501174
-0.0495499
-0.0488617
-0.0480475
-0.0471025
-0.0460237
-0.0448096
-0.0434603
-0.0419783
-0.0403682
-0.0386368
-0.0367932
-0.0348486
-0.0328164
-0.0307116
-0.0285505
-0.0263507
-0.0241301
-0.0219073
-0.0197002
-0.0175264
-0.0154027
-0.0133444
-0.0113656
-0.00947908
-0.00769673
-0.00603049
-0.00449452
-0.00310887
-0.00190477
-0.000931529
-0.000262962
0
0
-8.8097e-05
-0.000309373
-0.000639796
-0.00106335
-0.00156804
-0.00214417
-0.00278346
-0.00347871
-0.00422352
-0.00501225
-0.00583986
-0.00670188
-0.0075943
-0.00851349
-0.00945616
-0.0104193
-0.0113999
-0.0123956
-0.0134036
-0.0144216
-0.0154473
-0.0164785
-0.017513
-0.0185486
-0.0195835
-0.0206156
-0.0216431
-0.0226639
-0.0236765
-0.0246789
-0.0256695
-0.0266465
-0.0276084
-0.0285534
-0.0294801
-0.0303868
-0.0312721
-0.0321344
-0.0329723
-0.0337844
-0.0345691
-0.0353251
-0.0360511
-0.0367456
-0.0374074
-0.0380351
-0.0386276
-0.0391834
-0.0397016
-0.040181
-0.0406204
-0.041019
-0.0413759
-0.0416903
-0.0419613
-0.0421878
-0.0423686
-0.0425025
-0.0425868
-0.0426174
-0.0425899
-0.0425006
-0.0423465
-0.042124
-0.0418288
-0.0414565
-0.0410026
-0.0404631
-0.039834
-0.039112
-0.0382944
-0.0373792
-0.0363657
-0.0352542
-0.0340466
-0.0327462
-0.0313578
-0.0298878
-0.0283442
-0.0267366
-0.0250756
-0.023373
-0.0216415
-0.0198944
-0.018145
-0.016407
-0.0146935
-0.0130171
-0.0113899
-0.00982285
-0.00832607
-0.0069086
-0.00557878
-0.00434489
-0.00321658
-0.00220747
-0.00133899
-0.000645224
-0.000176893
0
0
-6.67959e-05
-0.000231747
-0.000478
-0.000795332
-0.00117606
-0.00161373
-0.00210257
-0.00263737
-0.00321336
-0.0038262
-0.0044719
-0.00514685
-0.0058477
-0.00657138
-0.00731502
-0.00807596
-0.00885165
-0.00963971
-0.0104378
-0.0112439
-0.0120556
-0.0128712
-0.0136885
-0.0145057
-0.0153209
-0.0161323
-0.0169383
-0.0177371
-0.0185271
-0.0193068
-0.0200744
-0.0208287
-0.021568
-0.022291
-0.0229962
-0.0236823
-0.0243479
-0.0249918
-0.0256127
-0.0262094
-0.0267806
-0.0273251
-0.0278419
-0.0283298
-0.0287877
-0.0292145
-0.0296093
-0.0299711
-0.0302989
-0.0305919
-0.0308493
-0.0310703
-0.0312543
-0.0314009
-0.0315089
-0.0315768
-0.0316026
-0.0315848
-0.0315228
-0.031415
-0.0312605
-0.0310581
-0.030806
-0.0305027
-0.0301463
-0.0297348
-0.0292666
-0.0287398
-0.0281532
-0.0275057
-0.0267968
-0.0260266
-0.0251957
-0.0243057
-0.0233589
-0.0223586
-0.0213089
-0.0202149
-0.0190825
-0.0179183
-0.0167298
-0.0155247
-0.0143114
-0.0130982
-0.0118937
-0.0107061
-0.00954369
-0.0084142
-0.00732499
-0.00628287
-0.00529412
-0.00436445
-0.00349914
-0.00270333
-0.00198286
-0.00134575
-0.000804494
-0.000378989
-9.88351e-05
0
0
-3.71499e-05
-0.000127888
-0.000264391
-0.000442469
-0.000658656
-0.000909726
-0.00119262
-0.00150444
-0.00184244
-0.00220406
-0.00258687
-0.00298862
-0.00340717
-0.00384051
-0.00428675
-0.00474407
-0.00521074
-0.00568512
-0.00616561
-0.00665068
-0.00713886
-0.00762872
-0.0081189
-0.00860806
-0.00909491
-0.00957821
-0.0100568
-0.0105294
-0.0109949
-0.0114523
-0.0119005
-0.0123385
-0.0127652
-0.0131798
-0.0135812
-0.0139685
-0.014341
-0.0146977
-0.0150378
-0.0153606
-0.0156652
-0.0159511
-0.0162174
-0.0164635
-0.0166889
-0.0168928
-0.0170747
-0.0172341
-0.0173705
-0.0174834
-0.0175723
-0.017637
-0.0176769
-0.0176921
-0.0176814
-0.0176425
-0.0175768
-0.0174846
-0.0173661
-0.0172209
-0.017049
-0.0168502
-0.0166242
-0.0163707
-0.0160895
-0.0157804
-0.0154432
-0.015078
-0.0146847
-0.0142638
-0.0138157
-0.0133414
-0.0128418
-0.0123184
-0.011773
-0.0112075
-0.0106245
-0.0100266
-0.00941686
-0.00879859
-0.00817519
-0.00755025
-0.00692743
-0.00631043
-0.00570292
-0.0051085
-0.00453067
-0.00397281
-0.00343816
-0.00292981
-0.0024507
-0.00200361
-0.00159115
-0.00121589
-0.000880576
-0.000588633
-0.000345079
-0.000157701
-3.81698e-05
0
0
0
0
0
0
0
0
0
0
0
0
0
0
0
0
0
0
0
0
0
0
0
0
0
0
0
0
0
0
0
0
0
0
0
0
0
0
0
0
0
0
0
0
0
0
0
0
0
0
0
0
0
0
0
0
0
0
0
0
0
0
0
0
0
0
0
0
0
0
0
0
0
0
0
0
0
0
0
0
0
0
0
0
0
0
0
0
0
0
0
0
0
0
0
0
0
0
0
0
0
0
0
2.27968e-10
2.28177e-10
2.22831e-10
2.20453e-10
2.1745e-10
2.15416e-10
2.13632e-10
2.12249e-10
2.11075e-10
2.09905e-10
2.08644e-10
2.07356e-10
2.06139e-10
2.04915e-10
2.03617e-10
2.02168e-10
2.00443e-10
1.98265e-10
1.95396e-10
1.91859e-10
1.8792e-10
1.83871e-10
1.7997e-10
1.76273e-10
1.72659e-10
1.69014e-10
1.6527e-10
1.61345e-10
1.57317e-10
1.5341e-10
1.49747e-10
1.46524e-10
1.43864e-10
1.41651e-10
1.39706e-10
1.37679e-10
1.36067e-10
1.35286e-10
1.34865e-10
1.34191e-10
1.33098e-10
1.31126e-10
1.28325e-10
1.25795e-10
1.23474e-10
1.21209e-10
1.1922e-10
1.16395e-10
1.12852e-10
1.09609e-10
1.0663e-10
1.03648e-10
1.00607e-10
9.75228e-11
9.48656e-11
9.32565e-11
9.1867e-11
9.011e-11
8.78546e-11
8.45219e-11
8.17227e-11
8.0186e-11
7.89146e-11
7.72522e-11
7.56566e-11
7.41835e-11
7.15254e-11
6.82786e-11
6.63646e-11
6.59468e-11
6.49232e-11
6.2397e-11
6.03361e-11
5.80571e-11
5.50305e-11
5.37912e-11
5.3753e-11
5.14662e-11
4.78852e-11
4.61418e-11
4.40492e-11
4.24588e-11
4.05224e-11
3.67659e-11
3.54789e-11
3.34229e-11
2.94128e-11
3.06041e-11
2.49121e-11
2.36983e-11
2.2623e-11
1.85757e-11
1.59125e-11
1.44484e-11
1.1444e-11
7.65255e-12
7.56702e-12
4.32469e-12
-2.94781e-12
0
0
9.85677e-08
1.18742e-07
-1.36424e-08
-3.02822e-07
-7.34071e-07
-1.28099e-06
-1.91672e-06
-2.61763e-06
-3.36416e-06
-4.14086e-06
-4.93587e-06
-5.74046e-06
-6.54831e-06
-7.35504e-06
-8.15763e-06
-8.95405e-06
-9.7429e-06
-1.05232e-05
-1.12942e-05
-1.20553e-05
-1.2806e-05
-1.35456e-05
-1.42736e-05
-1.49894e-05
-1.56924e-05
-1.63819e-05
-1.70573e-05
-1.77178e-05
-1.83629e-05
-1.89916e-05
-1.96034e-05
-2.01974e-05
-2.0773e-05
-2.13292e-05
-2.18655e-05
-2.2381e-05
-2.28749e-05
-2.33465e-05
-2.3795e-05
-2.42196e-05
-2.46195e-05
-2.49941e-05
-2.53424e-05
-2.56639e-05
-2.59577e-05
-2.62232e-05
-2.64596e-05
-2.66663e-05
-2.68426e-05
-2.69878e-05
-2.71014e-05
-2.71827e-05
-2.72312e-05
-2.72464e-05
-2.72277e-05
-2.71748e-05
-2.70871e-05
-2.69644e-05
-2.68063e-05
-2.66125e-05
-2.63827e-05
-2.61169e-05
-2.58148e-05
-2.54766e-05
-2.51021e-05
-2.46914e-05
-2.42448e-05
-2.37625e-05
-2.32447e-05
-2.26919e-05
-2.21044e-05
-2.14828e-05
-2.08277e-05
-2.01398e-05
-1.94197e-05
-1.86683e-05
-1.78864e-05
-1.7075e-05
-1.62351e-05
-1.53676e-05
-1.44738e-05
-1.3555e-05
-1.26125e-05
-1.1648e-05
-1.06637e-05
-9.66223e-06
-8.64712e-06
-7.62315e-06
-6.59679e-06
-5.57675e-06
-4.57463e-06
-3.60565e-06
-2.68936e-06
-1.8502e-06
-1.11783e-06
-5.26476e-07
-1.11368e-07
1.0169e-07
1.14664e-07
0
0
1.18901e-07
-7.40126e-08
-7.53295e-07
-1.94016e-06
-3.59026e-06
-5.62982e-06
-7.9786e-06
-1.05616e-05
-1.3314e-05
-1.61823e-05
-1.91245e-05
-2.21083e-05
-2.51099e-05
-2.8112e-05
-3.11024e-05
-3.40725e-05
-3.70161e-05
-3.99287e-05
-4.28071e-05
-4.56484e-05
-4.845e-05
-5.12097e-05
-5.39251e-05
-5.65939e-05
-5.92135e-05
-6.17817e-05
-6.42957e-05
-6.6753e-05
-6.91509e-05
-7.14868e-05
-7.37579e-05
-7.59614e-05
-7.80946e-05
-8.01546e-05
-8.21387e-05
-8.40439e-05
-8.58675e-05
-8.76067e-05
-8.92585e-05
-9.08203e-05
-9.22892e-05
-9.36625e-05
-9.49375e-05
-9.61114e-05
-9.71816e-05
-9.81457e-05
-9.9001e-05
-9.97451e-05
-0.000100376
-0.000100891
-0.000101288
-0.000101565
-0.00010172
-0.000101751
-0.000101657
-0.000101436
-0.000101086
-0.000100607
-9.99968e-05
-9.92549e-05
-9.83805e-05
-9.73732e-05
-9.62326e-05
-9.49588e-05
-9.35518e-05
-9.20122e-05
-9.03406e-05
-8.85379e-05
-8.66054e-05
-8.45444e-05
-8.23567e-05
-8.00443e-05
-7.76093e-05
-7.50543e-05
-7.2382e-05
-6.95954e-05
-6.66977e-05
-6.36923e-05
-6.05832e-05
-5.73742e-05
-5.40699e-05
-5.06752e-05
-4.71958e-05
-4.36385e-05
-4.00117e-05
-3.63261e-05
-3.25957e-05
-2.8839e-05
-2.50807e-05
-2.13531e-05
-1.76986e-05
-1.41711e-05
-1.08382e-05
-7.78138e-06
-5.09535e-06
-2.88341e-06
-1.24515e-06
-2.50866e-07
1.02038e-07
0
0
-1.34679e-08
-7.54294e-07
-2.46226e-06
-5.16016e-06
-8.76406e-06
-1.31392e-05
-1.81365e-05
-2.36127e-05
-2.94414e-05
-3.55161e-05
-4.17512e-05
-4.80802e-05
-5.44525e-05
-6.08312e-05
-6.71891e-05
-7.3507e-05
-7.97707e-05
-8.59698e-05
-9.20964e-05
-9.81438e-05
-0.000104106
-0.000109978
-0.000115754
-0.00012143
-0.000126999
-0.000132456
-0.000137797
-0.000143015
-0.000148104
-0.000153059
-0.000157874
-0.000162544
-0.000167062
-0.000171422
-0.000175619
-0.000179646
-0.000183498
-0.000187168
-0.000190651
-0.000193941
-0.000197032
-0.000199918
-0.000202594
-0.000205055
-0.000207293
-0.000209306
-0.000211086
-0.00021263
-0.000213932
-0.000214987
-0.000215792
-0.000216343
-0.000216634
-0.000216664
-0.000216427
-0.000215922
-0.000215144
-0.000214092
-0.000212764
-0.000211158
-0.000209272
-0.000207105
-0.000204658
-0.00020193
-0.000198921
-0.000195634
-0.000192069
-0.000188228
-0.000184115
-0.000179732
-0.000175083
-0.000170172
-0.000165004
-0.000159584
-0.000153919
-0.000148014
-0.000141877
-0.000135515
-0.000128935
-0.000122148
-0.000115162
-0.000107988
-0.000100639
-9.31297e-05
-8.5479e-05
-7.77101e-05
-6.98535e-05
-6.19488e-05
-5.40484e-05
-4.62199e-05
-3.85505e-05
-3.11498e-05
-2.41521e-05
-1.77169e-05
-1.2025e-05
-7.26901e-06
-3.63047e-06
-1.23962e-06
-1.08733e-07
0
0
-3.03805e-07
-1.94689e-06
-5.17079e-06
-9.9701e-06
-1.62042e-05
-2.36651e-05
-3.21237e-05
-4.13584e-05
-5.11704e-05
-6.13908e-05
-7.18816e-05
-8.25339e-05
-9.32645e-05
-0.000104011
-0.000114727
-0.000125379
-0.000135942
-0.000146398
-0.000156732
-0.000166932
-0.000176987
-0.000186889
-0.000196627
-0.000206193
-0.000215577
-0.000224771
-0.000233764
-0.000242548
-0.000251112
-0.000259448
-0.000267544
-0.000275392
-0.000282982
-0.000290303
-0.000297345
-0.0003041
-0.000310556
-0.000316703
-0.000322533
-0.000328036
-0.000333201
-0.000338019
-0.000342481
-0.000346578
-0.0003503
-0.00035364
-0.000356588
-0.000359136
-0.000361277
-0.000363003
-0.000364306
-0.00036518
-0.000365619
-0.000365617
-0.000365168
-0.000364267
-0.00036291
-0.000361092
-0.000358811
-0.000356063
-0.000352847
-0.000349162
-0.000345006
-0.000340381
-0.000335288
-0.000329728
-0.000323704
-0.00031722
-0.000310281
-0.000302892
-0.00029506
-0.000286791
-0.000278094
-0.000268978
-0.000259452
-0.000249528
-0.000239217
-0.000228532
-0.000217486
-0.000206095
-0.000194375
-0.000182346
-0.000170027
-0.000157446
-0.000144634
-0.000131632
-0.00011849
-0.000105276
-9.20772e-05
-7.90043e-05
-6.61993e-05
-5.38386e-05
-4.21356e-05
-3.13405e-05
-2.17337e-05
-1.36105e-05
-7.25006e-06
-2.86407e-06
-5.18328e-07
0
0
-7.38781e-07
-3.61215e-06
-8.80462e-06
-1.62455e-05
-2.57159e-05
-3.69206e-05
-4.95412e-05
-6.32697e-05
-7.78284e-05
-9.29795e-05
-0.000108527
-0.000124314
-0.000140222
-0.000156156
-0.00017205
-0.000187853
-0.000203527
-0.000219042
-0.000234378
-0.000249514
-0.000264434
-0.000279124
-0.00029357
-0.000307757
-0.000321672
-0.0003353
-0.000348628
-0.000361641
-0.000374326
-0.000386667
-0.000398651
-0.000410262
-0.000421486
-0.000432308
-0.000442714
-0.000452689
-0.000462219
-0.000471289
-0.000479884
-0.000487991
-0.000495595
-0.000502682
-0.00050924
-0.000515253
-0.000520711
-0.000525598
-0.000529905
-0.000533617
-0.000536725
-0.000539217
-0.000541084
-0.000542314
-0.000542899
-0.000542831
-0.000542102
-0.000540705
-0.000538633
-0.00053588
-0.000532443
-0.000528318
-0.000523501
-0.000517993
-0.000511791
-0.000504898
-0.000497315
-0.000489044
-0.000480092
-0.000470463
-0.000460164
-0.000449204
-0.000437591
-0.000425337
-0.000412455
-0.000398957
-0.000384858
-0.000370174
-0.000354923
-0.000339124
-0.000322797
-0.000305964
-0.000288651
-0.000270886
-0.000252701
-0.000234135
-0.000215237
-0.000196065
-0.000176696
-0.000157229
-0.000137789
-0.000118539
-9.96812e-05
-8.14652e-05
-6.41916e-05
-4.821e-05
-3.39097e-05
-2.17002e-05
-1.19751e-05
-5.05388e-06
-1.1006e-06
0
0
-1.29348e-06
-5.68144e-06
-1.32396e-05
-2.37961e-05
-3.70305e-05
-5.25458e-05
-6.99245e-05
-8.87657e-05
-0.000108708
-0.000129439
-0.000150703
-0.000172293
-0.000194046
-0.000215841
-0.000237583
-0.000259203
-0.000280649
-0.000301881
-0.000322865
-0.000343577
-0.000363992
-0.00038409
-0.000403851
-0.000423254
-0.000442282
-0.000460914
-0.000479131
-0.000496914
-0.000514243
-0.000531098
-0.000547459
-0.000563307
-0.000578622
-0.000593383
-0.000607571
-0.000621165
-0.000634147
-0.000646496
-0.000658193
-0.000669218
-0.000679554
-0.00068918
-0.000698078
-0.000706232
-0.000713622
-0.000720232
-0.000726045
-0.000731046
-0.00073522
-0.000738551
-0.000741026
-0.000742632
-0.000743356
-0.000743189
-0.000742119
-0.000740136
-0.000737234
-0.000733404
-0.000728641
-0.00072294
-0.000716298
-0.000708714
-0.000700188
-0.00069072
-0.000680314
-0.000668975
-0.000656708
-0.000643522
-0.000629427
-0.000614433
-0.000598555
-0.000581806
-0.000564205
-0.000545768
-0.000526517
-0.000506473
-0.000485661
-0.000464107
-0.000441838
-0.000418886
-0.000395286
-0.000371075
-0.0003463
-0.000321013
-0.000295281
-0.000269185
-0.000242829
-0.000216346
-0.000189905
-0.000163721
-0.000138062
-0.000113256
-8.96958e-05
-6.78365e-05
-4.81843e-05
-3.12747e-05
-1.76327e-05
-7.71316e-06
-1.82113e-06
0
0
-1.94248e-06
-8.07959e-06
-1.83372e-05
-3.24108e-05
-4.98564e-05
-7.01605e-05
-9.27969e-05
-0.000117265
-0.000143116
-0.000169962
-0.000197481
-0.000225413
-0.000253556
-0.000281753
-0.000309885
-0.00033786
-0.000365613
-0.000393088
-0.000420244
-0.000447047
-0.000473464
-0.000499468
-0.000525033
-0.000550132
-0.000574742
-0.000598835
-0.000622387
-0.000645374
-0.000667768
-0.000689545
-0.000710678
-0.000731143
-0.000750914
-0.000769964
-0.000788268
-0.000805801
-0.000822536
-0.00083845
-0.000853517
-0.000867712
-0.000881011
-0.00089339
-0.000904825
-0.000915294
-0.000924774
-0.000933243
-0.000940681
-0.000947067
-0.000952382
-0.000956607
-0.000959724
-0.000961719
-0.000962574
-0.000962276
-0.000960813
-0.000958172
-0.000954343
-0.000949318
-0.000943089
-0.000935651
-0.000927001
-0.000917137
-0.000906059
-0.000893769
-0.000880272
-0.000865573
-0.000849681
-0.000832607
-0.000814363
-0.000794965
-0.000774429
-0.000752775
-0.000730025
-0.000706203
-0.000681335
-0.000655449
-0.000628578
-0.000600754
-0.000572015
-0.0005424
-0.000511956
-0.000480731
-0.000448785
-0.000416189
-0.000383025
-0.000349401
-0.000315449
-0.000281337
-0.000247282
-0.000213552
-0.000180483
-0.000148487
-0.000118051
-8.97413e-05
-6.41886e-05
-4.20655e-05
-2.40459e-05
-1.07459e-05
-2.64769e-06
0
0
-2.6634e-06
-1.07363e-05
-2.39645e-05
-4.18854e-05
-6.39118e-05
-8.94004e-05
-0.000117707
-0.000148225
-0.000180414
-0.000213807
-0.000248016
-0.000282728
-0.000317697
-0.000352731
-0.000387684
-0.000422446
-0.00045693
-0.000491071
-0.000524816
-0.00055812
-0.000590943
-0.000623251
-0.00065501
-0.000686188
-0.000716752
-0.000746672
-0.000775915
-0.00080445
-0.000832246
-0.000859269
-0.000885489
-0.000910874
-0.000935391
-0.000959009
-0.000981697
-0.00100342
-0.00102415
-0.00104386
-0.00106251
-0.00108007
-0.00109652
-0.00111182
-0.00112595
-0.00113887
-0.00115057
-0.001161
-0.00117016
-0.00117801
-0.00118452
-0.00118969
-0.00119347
-0.00119587
-0.00119684
-0.00119639
-0.00119449
-0.00119113
-0.0011863
-0.00117999
-0.00117218
-0.00116288
-0.00115208
-0.00113977
-0.00112596
-0.00111065
-0.00109384
-0.00107555
-0.00105579
-0.00103456
-0.00101189
-0.000987791
-0.000962285
-0.000935399
-0.000907159
-0.000877594
-0.000846738
-0.000814627
-0.000781299
-0.000746796
-0.000711165
-0.000674455
-0.000636722
-0.00059803
-0.000558452
-0.000518075
-0.000477003
-0.000435367
-0.00039333
-0.000351099
-0.000308934
-0.000267164
-0.000226193
-0.000186517
-0.000148722
-0.000113491
-8.15863e-05
-5.3828e-05
-3.10553e-05
-1.40678e-05
-3.55353e-06
0
0
-3.43782e-06
-1.35911e-05
-3.00044e-05
-5.20375e-05
-7.89442e-05
-0.000109939
-0.000144251
-0.000181163
-0.000220038
-0.000260327
-0.000301577
-0.000343419
-0.000385561
-0.000427779
-0.000469898
-0.000511786
-0.00055334
-0.000594482
-0.000635145
-0.000675276
-0.000714826
-0.000753753
-0.000792016
-0.000829575
-0.000866391
-0.000902427
-0.000937643
-0.000972002
-0.00100546
-0.00103799
-0.00106955
-0.00110009
-0.00112959
-0.001158
-0.00118528
-0.0012114
-0.00123632
-0.00126
-0.0012824
-0.00130349
-0.00132324
-0.0013416
-0.00135854
-0.00137404
-0.00138805
-0.00140054
-0.00141149
-0.00142086
-0.00142863
-0.00143476
-0.00143924
-0.00144205
-0.00144314
-0.00144252
-0.00144016
-0.00143603
-0.00143014
-0.00142247
-0.001413
-0.00140173
-0.00138865
-0.00137378
-0.00135709
-0.00133861
-0.00131833
-0.00129627
-0.00127243
-0.00124684
-0.00121952
-0.00119048
-0.00115976
-0.00112739
-0.00109338
-0.00105779
-0.00102065
-0.000982012
-0.000941911
-0.000900403
-0.000857543
-0.000813392
-0.000768018
-0.000721497
-0.000673917
-0.000625382
-0.000576019
-0.000525984
-0.00047547
-0.000424722
-0.000374049
-0.000323836
-0.000274561
-0.000226804
-0.000181256
-0.000138718
-0.000100091
-6.63551e-05
-3.85275e-05
-1.76097e-05
-4.51778e-06
0
0
-4.25124e-06
-1.65946e-05
-3.63593e-05
-6.27134e-05
-9.47392e-05
-0.000131498
-0.000172086
-0.000215669
-0.00026151
-0.000308978
-0.000357549
-0.0004068
-0.000456394
-0.000506071
-0.000555629
-0.000604915
-0.000653808
-0.000702214
-0.000750058
-0.000797274
-0.000843805
-0.000889601
-0.000934613
-0.000978794
-0.0010221
-0.00106448
-0.00110589
-0.00114629
-0.00118564
-0.00122388
-0.00126097
-0.00129687
-0.00133153
-0.00136491
-0.00139696
-0.00142763
-0.00145689
-0.00148469
-0.00151099
-0.00153574
-0.0015589
-0.00158043
-0.0016003
-0.00161845
-0.00163486
-0.00164949
-0.00166229
-0.00167324
-0.0016823
-0.00168945
-0.00169464
-0.00169787
-0.00169908
-0.00169828
-0.00169543
-0.00169051
-0.00168352
-0.00167443
-0.00166323
-0.00164992
-0.00163449
-0.00161694
-0.00159728
-0.0015755
-0.00155161
-0.00152563
-0.00149758
-0.00146746
-0.00143531
-0.00140116
-0.00136502
-0.00132695
-0.00128697
-0.00124512
-0.00120147
-0.00115605
-0.00110892
-0.00106015
-0.00100979
-0.000957919
-0.000904618
-0.000849975
-0.000794095
-0.000737099
-0.000679135
-0.000620384
-0.000561072
-0.000501484
-0.000441975
-0.000382991
-0.000325081
-0.000268914
-0.000215286
-0.000165123
-0.000119472
-7.9481e-05
-4.63572e-05
-2.13186e-05
-5.52498e-06
0
0
-5.09273e-06
-1.97081e-05
-4.29519e-05
-7.379e-05
-0.000111123
-0.000153853
-0.000200934
-0.000251412
-0.000304445
-0.000359319
-0.000415437
-0.000472321
-0.00052959
-0.000586948
-0.000644164
-0.000701064
-0.00075751
-0.000813393
-0.000868626
-0.000923133
-0.000976849
-0.00102971
-0.00108167
-0.00113267
-0.00118265
-0.00123156
-0.00127935
-0.00132598
-0.00137137
-0.00141549
-0.00145828
-0.00149969
-0.00153967
-0.00157816
-0.00161511
-0.00165048
-0.00168421
-0.00171625
-0.00174656
-0.00177507
-0.00180176
-0.00182656
-0.00184943
-0.00187033
-0.0018892
-0.00190602
-0.00192074
-0.00193332
-0.00194372
-0.0019519
-0.00195784
-0.0019615
-0.00196285
-0.00196186
-0.00195851
-0.00195279
-0.00194466
-0.00193411
-0.00192114
-0.00190574
-0.00188789
-0.00186759
-0.00184486
-0.00181969
-0.0017921
-0.00176209
-0.00172969
-0.00169492
-0.00165781
-0.00161838
-0.00157668
-0.00153274
-0.00148661
-0.00143833
-0.00138797
-0.00133558
-0.00128122
-0.00122496
-0.00116688
-0.00110707
-0.00104561
-0.000982601
-0.000918174
-0.000852464
-0.000785641
-0.000717913
-0.000649538
-0.000580838
-0.000512219
-0.000444186
-0.000377364
-0.00031251
-0.00025053
-0.000192478
-0.000139554
-9.30804e-05
-5.44658e-05
-2.51554e-05
-6.56422e-06
0
0
-5.95437e-06
-2.29033e-05
-4.97236e-05
-8.51727e-05
-0.000127963
-0.000176829
-0.000230578
-0.000288131
-0.000348541
-0.000411004
-0.000474855
-0.000539556
-0.000604682
-0.000669899
-0.000734952
-0.000799642
-0.000863815
-0.000927347
-0.000990139
-0.00105211
-0.00111317
-0.00117327
-0.00123233
-0.0012903
-0.00134712
-0.00140271
-0.00145703
-0.00151002
-0.00156161
-0.00161175
-0.00166037
-0.00170742
-0.00175284
-0.00179657
-0.00183855
-0.00187873
-0.00191704
-0.00195343
-0.00198784
-0.00202022
-0.00205051
-0.00207866
-0.00210461
-0.00212832
-0.00214974
-0.00216882
-0.0021855
-0.00219976
-0.00221153
-0.00222079
-0.0022275
-0.00223161
-0.0022331
-0.00223194
-0.00222809
-0.00222155
-0.00221227
-0.00220025
-0.00218547
-0.00216793
-0.00214761
-0.00212452
-0.00209866
-0.00207003
-0.00203865
-0.00200453
-0.00196769
-0.00192816
-0.00188597
-0.00184115
-0.00179375
-0.00174382
-0.00169139
-0.00163653
-0.0015793
-0.00151977
-0.001458
-0.00139409
-0.0013281
-0.00126015
-0.00119033
-0.00111876
-0.00104557
-0.000970933
-0.000895032
-0.000818101
-0.000740433
-0.000662388
-0.000584423
-0.000507103
-0.000431129
-0.00035735
-0.000286784
-0.000220619
-0.00016021
-0.000107064
-6.2798e-05
-2.90934e-05
-7.62827e-06
0
0
-6.83074e-06
-2.61596e-05
-5.66322e-05
-9.67924e-05
-0.000145159
-0.000200294
-0.000260855
-0.000325632
-0.000393572
-0.000463779
-0.000535516
-0.000608187
-0.000681321
-0.000754549
-0.000827587
-0.000900214
-0.000972259
-0.00104358
-0.00111408
-0.00118365
-0.0012522
-0.00131967
-0.00138598
-0.00145105
-0.00151483
-0.00157724
-0.00163822
-0.00169769
-0.0017556
-0.00181188
-0.00186645
-0.00191926
-0.00197023
-0.00201931
-0.00206642
-0.0021115
-0.00215449
-0.00219531
-0.00223392
-0.00227025
-0.00230423
-0.00233581
-0.00236492
-0.00239152
-0.00241554
-0.00243693
-0.00245563
-0.00247161
-0.00248481
-0.00249518
-0.00250268
-0.00250728
-0.00250893
-0.0025076
-0.00250327
-0.0024959
-0.00248547
-0.00247196
-0.00245536
-0.00243565
-0.00241283
-0.0023869
-0.00235786
-0.00232572
-0.00229048
-0.00225218
-0.00221083
-0.00216645
-0.00211909
-0.00206879
-0.00201559
-0.00195953
-0.00190069
-0.00183912
-0.00177489
-0.00170807
-0.00163875
-0.00156702
-0.00149297
-0.00141671
-0.00133835
-0.00125803
-0.0011759
-0.00109215
-0.00100697
-0.000920635
-0.000833468
-0.00074587
-0.000658346
-0.000571526
-0.000486185
-0.000403269
-0.00032391
-0.000249433
-0.000181356
-0.000121373
-7.13182e-05
-3.31158e-05
-8.7128e-06
0
0
-7.71832e-06
-2.94635e-05
-6.36488e-05
-0.000108601
-0.000162643
-0.000224158
-0.00029165
-0.000363778
-0.000439376
-0.000517459
-0.000597214
-0.000677987
-0.00075926
-0.000840629
-0.000921781
-0.00100247
-0.00108252
-0.00116176
-0.00124008
-0.00131737
-0.00139354
-0.0014685
-0.00154216
-0.00161446
-0.00168532
-0.00175466
-0.00182241
-0.00188848
-0.00195282
-0.00201534
-0.00207597
-0.00213464
-0.00219127
-0.00224579
-0.00229813
-0.00234821
-0.00239596
-0.00244132
-0.00248421
-0.00252457
-0.00256232
-0.0025974
-0.00262974
-0.00265929
-0.00268597
-0.00270973
-0.00273052
-0.00274827
-0.00276293
-0.00277445
-0.00278279
-0.0027879
-0.00278974
-0.00278827
-0.00278346
-0.00277528
-0.0027637
-0.0027487
-0.00273026
-0.00270838
-0.00268303
-0.00265423
-0.00262198
-0.00258628
-0.00254714
-0.00250459
-0.00245866
-0.00240937
-0.00235676
-0.00230088
-0.00224178
-0.00217952
-0.00211415
-0.00204575
-0.00197439
-0.00190016
-0.00182315
-0.00174346
-0.00166119
-0.00157647
-0.00148942
-0.00140019
-0.00130894
-0.00121589
-0.00112125
-0.00102533
-0.00092847
-0.000831123
-0.000733843
-0.000637323
-0.000542417
-0.000450168
-0.000361824
-0.000278853
-0.00020294
-0.000135972
-8.00057e-05
-3.72131e-05
-9.81563e-06
0
0
-8.61507e-06
-3.28067e-05
-7.07548e-05
-0.000120568
-0.000180367
-0.000248358
-0.000322887
-0.000402477
-0.000485848
-0.000571923
-0.000659814
-0.000748807
-0.000838337
-0.000927963
-0.00101734
-0.00110622
-0.00119437
-0.00128165
-0.00136791
-0.00145303
-0.00153692
-0.00161948
-0.00170062
-0.00178025
-0.0018583
-0.00193467
-0.00200929
-0.00208208
-0.00215294
-0.00222181
-0.0022886
-0.00235322
-0.00241561
-0.00247567
-0.00253332
-0.0025885
-0.00264111
-0.00269108
-0.00273834
-0.00278281
-0.0028244
-0.00286306
-0.00289871
-0.00293127
-0.00296069
-0.00298689
-0.0030098
-0.00302938
-0.00304556
-0.00305828
-0.0030675
-0.00307316
-0.00307522
-0.00307363
-0.00306836
-0.00305938
-0.00304666
-0.00303017
-0.0030099
-0.00298582
-0.00295794
-0.00292625
-0.00289075
-0.00285146
-0.00280838
-0.00276154
-0.00271097
-0.0026567
-0.00259877
-0.00253724
-0.00247216
-0.00240358
-0.00233159
-0.00225625
-0.00217766
-0.0020959
-0.00201107
-0.00192328
-0.00183266
-0.00173932
-0.00164342
-0.00154511
-0.00144459
-0.00134206
-0.00123779
-0.00113209
-0.00102536
-0.000918075
-0.000810847
-0.000704433
-0.00059977
-0.000497998
-0.000400486
-0.000308848
-0.00022494
-0.000150846
-8.88516e-05
-4.13818e-05
-1.09361e-05
0
0
-9.51998e-06
-3.61844e-05
-7.79399e-05
-0.000132675
-0.000198307
-0.00027286
-0.000354519
-0.000441671
-0.000532921
-0.000627096
-0.000723232
-0.000820554
-0.000918451
-0.00101644
-0.00111417
-0.00121133
-0.00130771
-0.00140312
-0.00149743
-0.00159049
-0.00168221
-0.00177247
-0.00186119
-0.00194826
-0.0020336
-0.00211711
-0.00219871
-0.0022783
-0.00235579
-0.00243111
-0.00250415
-0.00257483
-0.00264306
-0.00270876
-0.00277182
-0.00283218
-0.00288974
-0.00294442
-0.00299613
-0.00304479
-0.00309031
-0.00313263
-0.00317165
-0.00320731
-0.00323952
-0.00326822
-0.00329333
-0.0033148
-0.00333255
-0.00334652
-0.00335666
-0.00336291
-0.00336522
-0.00336355
-0.00335786
-0.0033481
-0.00333425
-0.00331628
-0.00329418
-0.00326791
-0.00323748
-0.00320288
-0.00316412
-0.0031212
-0.00307414
-0.00302297
-0.00296771
-0.0029084
-0.00284509
-0.00277783
-0.00270668
-0.00263171
-0.002553
-0.00247062
-0.00238468
-0.00229526
-0.00220249
-0.00210648
-0.00200735
-0.00190526
-0.00180035
-0.00169281
-0.00158284
-0.00147066
-0.00135658
-0.00124093
-0.00112413
-0.00100672
-0.000889347
-0.000772847
-0.000658234
-0.000546751
-0.00043989
-0.000339413
-0.000247351
-0.000165994
-9.78559e-05
-4.56223e-05
-1.20748e-05
0
0
-1.04327e-05
-3.9595e-05
-8.51994e-05
-0.000144912
-0.000216447
-0.000297643
-0.000386522
-0.000481332
-0.000580561
-0.000682939
-0.000787425
-0.000893184
-0.000999554
-0.00110602
-0.00121219
-0.00131775
-0.00142245
-0.00152611
-0.00162857
-0.00172968
-0.00182933
-0.00192741
-0.0020238
-0.00211841
-0.00221115
-0.0023019
-0.00239057
-0.00247707
-0.0025613
-0.00264316
-0.00272256
-0.00279939
-0.00287357
-0.002945
-0.00301357
-0.00307921
-0.00314181
-0.00320128
-0.00325753
-0.00331046
-0.00336
-0.00340606
-0.00344854
-0.00348736
-0.00352245
-0.00355372
-0.0035811
-0.00360451
-0.00362389
-0.00363917
-0.00365028
-0.00365717
-0.00365978
-0.00365807
-0.00365198
-0.00364147
-0.00362652
-0.00360709
-0.00358315
-0.0035547
-0.00352172
-0.0034842
-0.00344216
-0.00339559
-0.00334452
-0.00328897
-0.00322897
-0.00316457
-0.00309581
-0.00302275
-0.00294545
-0.002864
-0.00277847
-0.00268895
-0.00259554
-0.00249835
-0.0023975
-0.00229313
-0.00218536
-0.00207435
-0.00196029
-0.00184334
-0.00172375
-0.00160176
-0.00147768
-0.00135188
-0.00122483
-0.00109709
-0.000969381
-0.000842597
-0.000717837
-0.000596449
-0.000480054
-0.000370562
-0.000270186
-0.000181423
-0.000107024
-4.99382e-05
-1.32327e-05
0
0
-1.13536e-05
-4.30385e-05
-9.25327e-05
-0.00015728
-0.000234786
-0.000322703
-0.00041889
-0.000521452
-0.000628758
-0.000739441
-0.000852382
-0.000966682
-0.00108163
-0.00119668
-0.0013114
-0.00142546
-0.0015386
-0.00165061
-0.00176133
-0.00187059
-0.00197828
-0.00208427
-0.00218845
-0.00229071
-0.00239095
-0.00248905
-0.0025849
-0.00267842
-0.00276948
-0.002858
-0.00294385
-0.00302694
-0.00310717
-0.00318442
-0.00325861
-0.00332962
-0.00339735
-0.00346171
-0.00352259
-0.0035799
-0.00363355
-0.00368343
-0.00372945
-0.00377152
-0.00380956
-0.00384348
-0.0038732
-0.00389864
-0.00391971
-0.00393636
-0.0039485
-0.00395608
-0.00395904
-0.00395732
-0.00395087
-0.00393964
-0.00392361
-0.00390273
-0.00387699
-0.00384635
-0.00381082
-0.00377038
-0.00372503
-0.00367479
-0.00361968
-0.00355971
-0.00349493
-0.00342538
-0.0033511
-0.00327217
-0.00318865
-0.00310062
-0.00300817
-0.0029114
-0.00281041
-0.00270533
-0.00259627
-0.00248339
-0.00236683
-0.00224676
-0.00212336
-0.00199685
-0.00186746
-0.00173546
-0.00160119
-0.00146505
-0.00132754
-0.00118927
-0.00105102
-0.000913742
-0.000778631
-0.000647138
-0.000521013
-0.000402324
-0.000293466
-0.00019715
-0.000116367
-5.43346e-05
-1.44117e-05
0
0
-1.22829e-05
-4.65161e-05
-9.99419e-05
-0.000169779
-0.000253326
-0.000348044
-0.000451626
-0.000562035
-0.000677518
-0.000796611
-0.000918112
-0.00104106
-0.0011647
-0.00128844
-0.00141182
-0.00153449
-0.00165618
-0.00177665
-0.00189573
-0.00201326
-0.0021291
-0.00224312
-0.00235519
-0.00246521
-0.00257306
-0.00267861
-0.00278176
-0.0028824
-0.00298041
-0.00307568
-0.0031681
-0.00325756
-0.00334394
-0.00342713
-0.00350703
-0.00358352
-0.00365649
-0.00372584
-0.00379146
-0.00385324
-0.00391108
-0.00396488
-0.00401453
-0.00405995
-0.00410103
-0.00413768
-0.00416982
-0.00419735
-0.00422019
-0.00423827
-0.00425151
-0.00425984
-0.00426319
-0.00426152
-0.00425475
-0.00424285
-0.00422576
-0.00420346
-0.00417592
-0.00414312
-0.00410503
-0.00406165
-0.004013
-0.00395906
-0.00389987
-0.00383545
-0.00376584
-0.00369108
-0.00361123
-0.00352635
-0.00343652
-0.00334182
-0.00324235
-0.00313822
-0.00302953
-0.00291641
-0.00279902
-0.00267748
-0.00255197
-0.00242267
-0.00228977
-0.0021535
-0.00201412
-0.00187192
-0.00172726
-0.00158057
-0.00143239
-0.00128337
-0.00113435
-0.000986367
-0.000840686
-0.000698876
-0.000562817
-0.000434739
-0.000317222
-0.000213196
-0.000125898
-5.88181e-05
-1.56136e-05
0
0
-1.32215e-05
-5.00298e-05
-0.000107431
-0.000182417
-0.000272074
-0.000373676
-0.000484745
-0.000603097
-0.000726861
-0.000854468
-0.000984639
-0.00111635
-0.00124879
-0.00138133
-0.00151349
-0.00164489
-0.00177523
-0.00190428
-0.00203184
-0.00215775
-0.00228185
-0.00240401
-0.0025241
-0.00264199
-0.00275756
-0.00287069
-0.00298125
-0.00308912
-0.00319419
-0.00329634
-0.00339544
-0.00349137
-0.00358402
-0.00367327
-0.00375899
-0.00384107
-0.00391939
-0.00399384
-0.0040643
-0.00413065
-0.00419279
-0.00425061
-0.004304
-0.00435285
-0.00439706
-0.00443654
-0.00447117
-0.00450088
-0.00452557
-0.00454516
-0.00455956
-0.0045687
-0.00457252
-0.00457094
-0.0045639
-0.00455135
-0.00453326
-0.00450956
-0.00448025
-0.00444528
-0.00440465
-0.00435834
-0.00430635
-0.0042487
-0.00418541
-0.0041165
-0.004042
-0.00396198
-0.00387648
-0.00378558
-0.00368935
-0.00358789
-0.00348129
-0.00336967
-0.00325315
-0.00313188
-0.00300598
-0.00287563
-0.00274101
-0.0026023
-0.00245971
-0.00231349
-0.00216392
-0.00201131
-0.00185604
-0.00169858
-0.0015395
-0.00137951
-0.0012195
-0.00106057
-0.00090409
-0.000751736
-0.000605527
-0.000467852
-0.000341488
-0.000229584
-0.000135631
-6.33963e-05
-1.68406e-05
0
0
-1.417e-05
-5.35823e-05
-0.000115004
-0.0001952
-0.000291043
-0.000399613
-0.000518262
-0.00064466
-0.00077681
-0.000913043
-0.001052
-0.00119258
-0.00133394
-0.0014754
-0.00161646
-0.0017567
-0.00189582
-0.00203357
-0.00216974
-0.00230414
-0.00243663
-0.00256705
-0.00269527
-0.00282116
-0.00294457
-0.00306539
-0.00318349
-0.00329872
-0.00341098
-0.00352012
-0.00362602
-0.00372855
-0.00382759
-0.003923
-0.00401467
-0.00410246
-0.00418624
-0.0042659
-0.00434132
-0.00441236
-0.00447892
-0.00454086
-0.00459809
-0.00465048
-0.00469792
-0.00474031
-0.00477754
-0.00480952
-0.00483614
-0.00485731
-0.00487295
-0.00488298
-0.00488732
-0.00488589
-0.00487863
-0.00486549
-0.00484642
-0.00482136
-0.00479029
-0.00475318
-0.00471001
-0.00466076
-0.00460544
-0.00454406
-0.00447663
-0.00440318
-0.00432376
-0.00423841
-0.00414719
-0.00405019
-0.00394747
-0.00383914
-0.0037253
-0.00360607
-0.00348159
-0.003352
-0.00321746
-0.00307813
-0.00293421
-0.00278591
-0.00263344
-0.00247707
-0.00231709
-0.00215384
-0.00198774
-0.00181927
-0.00164905
-0.00147784
-0.00130658
-0.00113646
-0.000968937
-0.000805799
-0.000649207
-0.000501718
-0.000366304
-0.000246343
-0.000145583
-6.80773e-05
-1.80949e-05
0
0
-1.51292e-05
-5.7176e-05
-0.000122668
-0.000208137
-0.000310244
-0.000425872
-0.0005522
-0.000686749
-0.000827397
-0.000972371
-0.00112023
-0.00126981
-0.00142021
-0.00157072
-0.00172079
-0.00187001
-0.00201803
-0.0021646
-0.0023095
-0.00245253
-0.00259353
-0.00273235
-0.00286883
-0.00300283
-0.00313423
-0.00326287
-0.00338862
-0.00351135
-0.00363091
-0.00374718
-0.00386001
-0.00396927
-0.00407482
-0.00417654
-0.00427427
-0.00436789
-0.00445727
-0.00454227
-0.00462276
-0.00469861
-0.00476969
-0.00483588
-0.00489706
-0.00495309
-0.00500388
-0.00504929
-0.00508921
-0.00512355
-0.00515219
-0.00517504
-0.00519201
-0.00520299
-0.00520792
-0.00520671
-0.0051993
-0.00518561
-0.0051656
-0.00513922
-0.00510642
-0.00506718
-0.00502148
-0.00496929
-0.00491063
-0.00484549
-0.0047739
-0.00469588
-0.00461147
-0.00452074
-0.00442373
-0.00432053
-0.00421123
-0.00409592
-0.00397472
-0.00384776
-0.00371517
-0.00357712
-0.00343375
-0.00328527
-0.00313187
-0.00297377
-0.00281121
-0.00264446
-0.00247385
-0.00229973
-0.00212255
-0.00194282
-0.00176121
-0.00157851
-0.00139574
-0.00121416
-0.00103533
-0.000861153
-0.000693929
-0.000536391
-0.000391712
-0.000263502
-0.000155772
-7.28694e-05
-1.93791e-05
0
0
-1.60999e-05
-6.08139e-05
-0.000130427
-0.000221239
-0.000329692
-0.000452471
-0.000586582
-0.000729393
-0.000878655
-0.00103249
-0.00118938
-0.00134808
-0.00150765
-0.00166733
-0.00182656
-0.00198488
-0.00214194
-0.00229747
-0.00245123
-0.00260302
-0.00275267
-0.00290001
-0.00304489
-0.00318715
-0.00332666
-0.00346325
-0.0035968
-0.00372716
-0.00385417
-0.0039777
-0.0040976
-0.00421372
-0.00432593
-0.00443407
-0.00453801
-0.0046376
-0.0047327
-0.00482316
-0.00490886
-0.00498965
-0.00506539
-0.00513595
-0.00520119
-0.005261
-0.00531523
-0.00536377
-0.0054065
-0.00544331
-0.00547407
-0.00549869
-0.00551706
-0.00552909
-0.00553468
-0.00553376
-0.00552625
-0.00551208
-0.00549118
-0.00546351
-0.00542902
-0.00538767
-0.00533945
-0.00528433
-0.00522231
-0.0051534
-0.00507761
-0.00499498
-0.00490554
-0.00480935
-0.00470648
-0.004597
-0.00448101
-0.00435861
-0.00422992
-0.00409508
-0.00395424
-0.00380755
-0.0036552
-0.00349737
-0.00333429
-0.00316618
-0.0029933
-0.00281595
-0.00263446
-0.00244922
-0.00226069
-0.00206943
-0.00187614
-0.00168168
-0.00148712
-0.00129381
-0.00110338
-0.00091789
-0.000739771
-0.000571933
-0.000417755
-0.000281089
-0.000166216
-7.77815e-05
-2.06954e-05
0
0
-1.70828e-05
-6.44987e-05
-0.000138287
-0.000234514
-0.000349399
-0.000479429
-0.000621431
-0.00077262
-0.00093062
-0.00109345
-0.00125949
-0.00142745
-0.00159632
-0.00176532
-0.00193383
-0.0021014
-0.00226764
-0.00243226
-0.00259502
-0.00275572
-0.00291415
-0.00307016
-0.00322358
-0.00337424
-0.00352201
-0.00366671
-0.0038082
-0.00394632
-0.00408093
-0.00421186
-0.00433897
-0.0044621
-0.00458111
-0.00469583
-0.00480611
-0.00491181
-0.00501277
-0.00510885
-0.00519989
-0.00528575
-0.00536628
-0.00544134
-0.00551078
-0.00557448
-0.00563229
-0.00568409
-0.00572974
-0.00576912
-0.00580211
-0.00582859
-0.00584847
-0.00586163
-0.00586798
-0.00586742
-0.00585988
-0.00584528
-0.00582355
-0.00579463
-0.00575848
-0.00571505
-0.00566432
-0.00560627
-0.00554089
-0.00546819
-0.00538818
-0.00530089
-0.00520636
-0.00510465
-0.00499583
-0.00487998
-0.00475719
-0.00462759
-0.00449128
-0.00434842
-0.00419916
-0.00404366
-0.00388213
-0.00371476
-0.00354178
-0.00336344
-0.00318001
-0.0029918
-0.00279917
-0.00260253
-0.00240238
-0.00219931
-0.00199406
-0.00178753
-0.00158088
-0.00137552
-0.00117321
-0.000976111
-0.000786812
-0.000608404
-0.000444482
-0.000299138
-0.000176934
-8.28229e-05
-2.20464e-05
0
0
-1.80788e-05
-6.82332e-05
-0.000146255
-0.000247971
-0.00036938
-0.000506765
-0.000656771
-0.000816462
-0.000983327
-0.00115528
-0.00133061
-0.00150797
-0.00168629
-0.00186475
-0.00204269
-0.00221964
-0.0023952
-0.00256907
-0.00274099
-0.00291073
-0.0030781
-0.00324293
-0.00340504
-0.00356426
-0.00372043
-0.00387338
-0.00402296
-0.00416901
-0.00431136
-0.00444986
-0.00458433
-0.00471463
-0.00484058
-0.00496203
-0.00507881
-0.00519077
-0.00529775
-0.00539958
-0.00549611
-0.00558718
-0.00567265
-0.00575235
-0.00582613
-0.00589386
-0.00595538
-0.00601055
-0.00605924
-0.00610132
-0.00613665
-0.00616512
-0.0061866
-0.00620099
-0.00620818
-0.00620807
-0.00620057
-0.00618561
-0.0061631
-0.00613299
-0.00609521
-0.00604973
-0.00599652
-0.00593554
-0.0058668
-0.00579028
-0.00570602
-0.00561403
-0.00551436
-0.00540707
-0.00529221
-0.00516989
-0.0050402
-0.00490326
-0.0047592
-0.00460816
-0.00445031
-0.00428583
-0.00411491
-0.00393779
-0.00375469
-0.00356587
-0.00337164
-0.00317231
-0.00296827
-0.00275995
-0.00254788
-0.00233268
-0.00211515
-0.00189625
-0.00167718
-0.00145946
-0.00124494
-0.00103592
-0.000835136
-0.000645872
-0.000471939
-0.000317682
-0.000187947
-8.80029e-05
-2.34347e-05
0
0
-1.90885e-05
-7.202e-05
-0.000154336
-0.000261622
-0.00038965
-0.000534497
-0.000692629
-0.000860948
-0.00103681
-0.00121803
-0.0014028
-0.0015897
-0.00177762
-0.00196568
-0.00215321
-0.0023397
-0.00252473
-0.002708
-0.00288922
-0.00306817
-0.00324464
-0.00341844
-0.0035894
-0.00375733
-0.00392206
-0.00408344
-0.00424127
-0.0043954
-0.00454566
-0.00469188
-0.00483388
-0.00497149
-0.00510456
-0.0052329
-0.00535634
-0.00547472
-0.00558787
-0.00569561
-0.00579779
-0.00589423
-0.00598478
-0.00606927
-0.00614754
-0.00621944
-0.00628481
-0.0063435
-0.00639537
-0.00644027
-0.00647806
-0.00650862
-0.00653183
-0.00654755
-0.00655567
-0.0065561
-0.00654873
-0.00653348
-0.00651026
-0.006479
-0.00643965
-0.00639215
-0.00633647
-0.00627258
-0.00620047
-0.00612013
-0.00603159
-0.00593486
-0.00582999
-0.00571703
-0.00559607
-0.00546717
-0.00533046
-0.00518605
-0.00503408
-0.0048747
-0.00470809
-0.00453443
-0.00435393
-0.00416682
-0.00397336
-0.00377382
-0.00356851
-0.00335779
-0.00314203
-0.00292173
-0.00269742
-0.00246978
-0.00223964
-0.00200801
-0.00177619
-0.00154576
-0.0013187
-0.00109742
-0.000884831
-0.000684405
-0.000500178
-0.000336755
-0.000199275
-9.33315e-05
-2.4863e-05
0
0
-2.01127e-05
-7.58618e-05
-0.000162535
-0.000275474
-0.000410222
-0.000562646
-0.000729027
-0.000906109
-0.00109112
-0.00128174
-0.0014761
-0.0016727
-0.00187036
-0.00206818
-0.00226546
-0.00246164
-0.00265632
-0.00284915
-0.00303984
-0.00322816
-0.00341389
-0.00359683
-0.0037768
-0.0039536
-0.00412707
-0.00429703
-0.00446329
-0.00462567
-0.00478401
-0.00493811
-0.00508781
-0.00523292
-0.00537326
-0.00550866
-0.00563893
-0.0057639
-0.00588339
-0.00599721
-0.0061052
-0.00620718
-0.00630298
-0.00639242
-0.00647533
-0.00655155
-0.00662092
-0.00668327
-0.00673846
-0.00678632
-0.00682671
-0.00685949
-0.00688453
-0.0069017
-0.00691087
-0.00691193
-0.00690478
-0.00688931
-0.00686545
-0.00683311
-0.00679223
-0.00674275
-0.00668463
-0.00661784
-0.00654236
-0.00645818
-0.00636533
-0.00626382
-0.00615369
-0.006035
-0.00590783
-0.00577227
-0.00562842
-0.0054764
-0.00531637
-0.00514848
-0.00497291
-0.00478987
-0.00459956
-0.00440224
-0.00419817
-0.00398763
-0.00377097
-0.00354854
-0.00332077
-0.00308816
-0.00285128
-0.00261085
-0.00236774
-0.00212303
-0.00187809
-0.00163459
-0.00139462
-0.00116072
-0.000935988
-0.000724075
-0.000529252
-0.000356393
-0.000210939
-9.8819e-05
-2.6334e-05
0
0
-2.1152e-05
-7.97611e-05
-0.000170859
-0.000289537
-0.000431109
-0.000591229
-0.00076599
-0.000951974
-0.00114627
-0.00134645
-0.00155055
-0.00175701
-0.00196458
-0.00217233
-0.00237952
-0.00258557
-0.00279005
-0.0029926
-0.00319293
-0.00339079
-0.00358595
-0.00377821
-0.00396737
-0.00415323
-0.00433561
-0.00451432
-0.00468918
-0.00485999
-0.00502658
-0.00518876
-0.00534633
-0.00549911
-0.00564692
-0.00578955
-0.00592683
-0.00605857
-0.00618457
-0.00630465
-0.00641863
-0.00652632
-0.00662753
-0.00672209
-0.00680981
-0.00689052
-0.00696405
-0.00703022
-0.00708887
-0.00713984
-0.00718297
-0.0072181
-0.00724511
-0.00726384
-0.00727417
-0.00727597
-0.00726913
-0.00725354
-0.00722911
-0.00719576
-0.0071534
-0.00710198
-0.00704145
-0.00697178
-0.00689293
-0.00680491
-0.00670772
-0.00660138
-0.00648594
-0.00636145
-0.00622799
-0.00608564
-0.00593453
-0.00577477
-0.00560651
-0.00542993
-0.00524522
-0.00505257
-0.00485223
-0.00464444
-0.00442949
-0.00420768
-0.00397936
-0.00374492
-0.0035048
-0.00325953
-0.00300972
-0.00275613
-0.00249968
-0.00224152
-0.00198307
-0.00172611
-0.00147284
-0.00122596
-0.000988705
-0.000764956
-0.000559216
-0.000376633
-0.000222962
-0.000104476
-2.78508e-05
0
0
-2.22071e-05
-8.37205e-05
-0.000179311
-0.000303821
-0.000452325
-0.000620265
-0.000803542
-0.000998573
-0.00120231
-0.00141221
-0.00162622
-0.00184269
-0.00206035
-0.00227819
-0.00249546
-0.00271155
-0.00292601
-0.00313847
-0.00334862
-0.0035562
-0.00376097
-0.00396272
-0.00416124
-0.00435634
-0.00454781
-0.00473547
-0.00491911
-0.00509854
-0.00527357
-0.00544401
-0.00560964
-0.00577028
-0.00592574
-0.0060758
-0.00622028
-0.00635897
-0.00649167
-0.0066182
-0.00673835
-0.00685193
-0.00695874
-0.00705859
-0.0071513
-0.00723667
-0.00731453
-0.00738468
-0.00744696
-0.00750119
-0.00754721
-0.00758485
-0.00761395
-0.00763438
-0.00764599
-0.00764865
-0.00764222
-0.00762661
-0.0076017
-0.0075674
-0.00752363
-0.00747032
-0.00740742
-0.00733488
-0.00725268
-0.0071608
-0.00705925
-0.00694805
-0.00682724
-0.00669687
-0.00655702
-0.00640778
-0.00624927
-0.00608161
-0.00590497
-0.00571952
-0.00552545
-0.00532298
-0.00511235
-0.00489384
-0.00466772
-0.00443434
-0.00419405
-0.00394726
-0.00369445
-0.00343616
-0.00317305
-0.00290591
-0.00263572
-0.00236369
-0.00209132
-0.00182049
-0.00155351
-0.00129324
-0.00104308
-0.000807127
-0.000590128
-0.000397516
-0.000235368
-0.000110314
-2.94162e-05
0
0
-2.32786e-05
-8.77423e-05
-0.000187898
-0.000318334
-0.000473884
-0.000649772
-0.000841706
-0.00104594
-0.00125927
-0.00147905
-0.00170314
-0.00192981
-0.00215772
-0.00238584
-0.00261336
-0.00283968
-0.0030643
-0.00328684
-0.00350699
-0.00372447
-0.00393904
-0.00415048
-0.00435856
-0.00456308
-0.00476384
-0.00496063
-0.00515325
-0.0053415
-0.00552517
-0.00570405
-0.00587795
-0.00604665
-0.00620995
-0.00636763
-0.0065195
-0.00666535
-0.00680496
-0.00693812
-0.00706464
-0.0071843
-0.0072969
-0.00740225
-0.00750012
-0.00759034
-0.0076727
-0.00774702
-0.0078131
-0.00787076
-0.00791982
-0.00796012
-0.00799148
-0.00801374
-0.00802676
-0.00803039
-0.0080245
-0.00800896
-0.00798367
-0.00794851
-0.00790339
-0.00784825
-0.00778302
-0.00770764
-0.00762209
-0.00752635
-0.00742042
-0.00730432
-0.00717808
-0.00704176
-0.00689542
-0.00673918
-0.00657314
-0.00639744
-0.00621224
-0.00601771
-0.00581408
-0.00560155
-0.00538038
-0.00515086
-0.00491329
-0.00466802
-0.00441542
-0.00415594
-0.00389006
-0.00361836
-0.00334155
-0.00306045
-0.0027761
-0.00248977
-0.00220305
-0.00191791
-0.00163679
-0.0013627
-0.00109922
-0.000850671
-0.000622049
-0.000419083
-0.000248181
-0.000116344
-3.10335e-05
0
0
-2.43672e-05
-9.1829e-05
-0.000196625
-0.000333084
-0.000495797
-0.000679768
-0.000880505
-0.00109409
-0.00131719
-0.00154702
-0.00178136
-0.0020184
-0.00225675
-0.00249533
-0.0027333
-0.00297002
-0.00320499
-0.00343781
-0.00366816
-0.00389574
-0.0041203
-0.00434161
-0.00455945
-0.00477359
-0.00498384
-0.00518996
-0.00539177
-0.00558903
-0.00578154
-0.00596909
-0.00615145
-0.00632842
-0.00649977
-0.00666529
-0.00682476
-0.00697796
-0.00712468
-0.00726469
-0.00739778
-0.00752373
-0.00764233
-0.00775336
-0.00785661
-0.00795187
-0.00803893
-0.00811759
-0.00818765
-0.00824892
-0.0083012
-0.00834432
-0.00837809
-0.00840235
-0.00841692
-0.00842166
-0.00841643
-0.00840108
-0.00837549
-0.00833956
-0.00829318
-0.00823626
-0.00816875
-0.00809057
-0.00800169
-0.00790209
-0.00779176
-0.00767072
-0.00753899
-0.00739664
-0.00724373
-0.00708037
-0.00690666
-0.00672276
-0.00652881
-0.00632502
-0.00611159
-0.00588876
-0.00565679
-0.00541597
-0.00516664
-0.00490914
-0.00464388
-0.00437133
-0.00409199
-0.00380649
-0.00351555
-0.00322006
-0.0029211
-0.00262001
-0.00231847
-0.00201856
-0.00172284
-0.00143447
-0.00115724
-0.000895675
-0.000655042
-0.000441377
-0.000261428
-0.000122579
-3.27061e-05
0
0
-2.54734e-05
-9.59827e-05
-0.000205496
-0.00034808
-0.000518079
-0.000710269
-0.000919961
-0.00114306
-0.00137609
-0.00161616
-0.00186093
-0.00210853
-0.0023575
-0.00260673
-0.00285533
-0.00310266
-0.00334818
-0.00359148
-0.00383221
-0.00407009
-0.00430485
-0.00453624
-0.00476404
-0.00498802
-0.00520795
-0.00542363
-0.00563483
-0.00584132
-0.00604288
-0.0062393
-0.00643035
-0.0066158
-0.00679542
-0.00696899
-0.00713628
-0.00729706
-0.00745111
-0.00759818
-0.00773806
-0.00787052
-0.00799532
-0.00811225
-0.00822108
-0.00832158
-0.00841355
-0.00849676
-0.008571
-0.00863606
-0.00869175
-0.00873787
-0.00877422
-0.00880062
-0.00881691
-0.0088229
-0.00881846
-0.00880342
-0.00877766
-0.00874105
-0.00869349
-0.00863487
-0.00856513
-0.00848418
-0.008392
-0.00828854
-0.0081738
-0.00804779
-0.00791052
-0.00776207
-0.00760249
-0.00743189
-0.00725038
-0.0070581
-0.00685523
-0.00664196
-0.0064185
-0.00618511
-0.00594205
-0.00568964
-0.00542821
-0.00515814
-0.00487986
-0.00459384
-0.00430064
-0.0040009
-0.00369539
-0.00338504
-0.00307099
-0.00275467
-0.00243782
-0.00212264
-0.00181183
-0.0015087
-0.00121725
-0.000942228
-0.000689176
-0.000464443
-0.000275136
-0.000129032
-3.44374e-05
0
0
-2.65979e-05
-0.000100206
-0.000214517
-0.00036333
-0.000540739
-0.000741292
-0.000960096
-0.00119288
-0.00143602
-0.0016865
-0.00194189
-0.00220024
-0.00246003
-0.0027201
-0.00297955
-0.00323768
-0.00349395
-0.00374793
-0.00399926
-0.00424764
-0.00449281
-0.00473449
-0.00497247
-0.00520649
-0.00543634
-0.00566178
-0.00588259
-0.00609853
-0.00630938
-0.00651489
-0.00671485
-0.00690901
-0.00709713
-0.00727898
-0.00745432
-0.00762291
-0.0077845
-0.00793887
-0.00808577
-0.00822496
-0.00835619
-0.00847924
-0.00859387
-0.00869984
-0.00879693
-0.00888489
-0.00896352
-0.00903258
-0.00909187
-0.00914117
-0.00918029
-0.00920902
-0.00922717
-0.00923458
-0.00923107
-0.00921648
-0.00919067
-0.00915349
-0.00910484
-0.0090446
-0.00897269
-0.00888904
-0.00879357
-0.00868627
-0.00856711
-0.00843609
-0.00829324
-0.00813861
-0.00797227
-0.0077943
-0.00760485
-0.00740404
-0.00719204
-0.00696907
-0.00673535
-0.00649112
-0.00623669
-0.00597236
-0.0056985
-0.00541549
-0.00512379
-0.00482389
-0.00451639
-0.00420196
-0.0038814
-0.00355571
-0.00322608
-0.002894
-0.00256133
-0.00223036
-0.00190394
-0.00158555
-0.00127938
-0.000990428
-0.00072452
-0.00048833
-0.000289333
-0.000135716
-3.62312e-05
0
0
-2.77411e-05
-0.0001045
-0.000223691
-0.000378842
-0.000563792
-0.000772855
-0.00100093
-0.00124357
-0.001497
-0.00175809
-0.00202429
-0.00229358
-0.0025644
-0.00283552
-0.00310601
-0.00337515
-0.00364238
-0.00390725
-0.0041694
-0.0044285
-0.00468429
-0.00493649
-0.00518486
-0.00542915
-0.00566913
-0.00590457
-0.00613522
-0.00636084
-0.0065812
-0.00679605
-0.00700515
-0.00720825
-0.00740511
-0.00759547
-0.0077791
-0.00795574
-0.00812513
-0.00828703
-0.00844118
-0.00858734
-0.00872525
-0.00885466
-0.00897532
-0.00908699
-0.00918942
-0.00928236
-0.00936559
-0.00943887
-0.00950197
-0.00955466
-0.00959673
-0.00962798
-0.00964819
-0.00965717
-0.00965476
-0.00964076
-0.00961502
-0.00957741
-0.00952777
-0.009466
-0.009392
-0.00930568
-0.00920698
-0.00909584
-0.00897226
-0.00883621
-0.00868773
-0.00852685
-0.00835364
-0.00816821
-0.00797065
-0.00776114
-0.00753983
-0.00730693
-0.00706269
-0.00680736
-0.00654123
-0.00626466
-0.005978
-0.00568167
-0.00537614
-0.00506194
-0.00473968
-0.00441007
-0.00407398
-0.00373242
-0.00338667
-0.0030383
-0.00268925
-0.00234195
-0.00199937
-0.00166517
-0.00134376
-0.00104038
-0.000761151
-0.000513089
-0.000304051
-0.000142646
-3.80915e-05
0
0
-2.89036e-05
-0.000108868
-0.000233024
-0.000394623
-0.000587247
-0.000804972
-0.00104249
-0.00129517
-0.00155907
-0.00183095
-0.00210817
-0.00238861
-0.00267066
-0.00295304
-0.00323478
-0.00351515
-0.00379355
-0.00406954
-0.00434272
-0.00461277
-0.0048794
-0.00514234
-0.00540134
-0.00565613
-0.00590648
-0.00615215
-0.00639287
-0.00662842
-0.00685853
-0.00708295
-0.00730144
-0.00751373
-0.00771958
-0.00791871
-0.00811088
-0.00829581
-0.00847325
-0.00864293
-0.0088046
-0.00895797
-0.0091028
-0.00923882
-0.00936576
-0.00948337
-0.00959138
-0.00968955
-0.00977762
-0.00985534
-0.00992247
-0.00997877
-0.010024
-0.010058
-0.0100804
-0.0100912
-0.01009
-0.0100768
-0.0100513
-0.0100133
-0.00996283
-0.00989963
-0.00982362
-0.0097347
-0.0096328
-0.00951786
-0.00938985
-0.00924876
-0.0090946
-0.0089274
-0.00874724
-0.00855421
-0.00834841
-0.00813001
-0.00789918
-0.00765614
-0.00740111
-0.00713438
-0.00685626
-0.00656709
-0.00626725
-0.0059572
-0.00563741
-0.00530844
-0.00497094
-0.00462566
-0.00427349
-0.00391553
-0.00355311
-0.00318787
-0.00282186
-0.00245763
-0.0020983
-0.00174772
-0.00141052
-0.00109218
-0.000799146
-0.000538774
-0.000319321
-0.000149838
-4.00223e-05
0
0
-3.0086e-05
-0.000113311
-0.000242519
-0.000410681
-0.000611116
-0.000837658
-0.00108478
-0.00134768
-0.00162226
-0.00190514
-0.00219356
-0.00248537
-0.00277886
-0.00307271
-0.00336593
-0.00365775
-0.00394755
-0.00423488
-0.00451932
-0.00480055
-0.00507826
-0.00535217
-0.00562203
-0.00588757
-0.00614853
-0.00640467
-0.00665572
-0.00690143
-0.00714154
-0.0073758
-0.00760393
-0.00782567
-0.00804076
-0.00824892
-0.00844988
-0.00864338
-0.00882913
-0.00900686
-0.00917629
-0.00933715
-0.00948917
-0.00963205
-0.00976553
-0.00988934
-0.0100032
-0.0101068
-0.0102
-0.0102824
-0.0103538
-0.0104139
-0.0104626
-0.0104994
-0.0105244
-0.0105371
-0.0105374
-0.010525
-0.0104999
-0.0104618
-0.0104106
-0.0103461
-0.0102681
-0.0101767
-0.0100717
-0.00995294
-0.00982052
-0.00967437
-0.00951449
-0.00934091
-0.00915371
-0.00895295
-0.00873877
-0.00851131
-0.00827075
-0.00801731
-0.00775123
-0.0074728
-0.00718234
-0.00688021
-0.00656682
-0.00624262
-0.00590811
-0.0055639
-0.00521065
-0.00484916
-0.00448037
-0.00410543
-0.00372573
-0.00334302
-0.00295943
-0.00257766
-0.00220097
-0.0018334
-0.0014798
-0.00114595
-0.00083859
-0.000565442
-0.000335177
-0.000157307
-4.20281e-05
0
0
-3.12887e-05
-0.000117832
-0.000252181
-0.000427024
-0.00063541
-0.00087093
-0.00112784
-0.00140114
-0.00168659
-0.00198067
-0.00228053
-0.00258391
-0.00288906
-0.00319461
-0.00349953
-0.00380302
-0.00410446
-0.00440335
-0.00469929
-0.00499193
-0.00528096
-0.00556609
-0.00584706
-0.00612358
-0.00639541
-0.00666227
-0.0069239
-0.00718004
-0.00743042
-0.00767477
-0.00791281
-0.00814427
-0.00836887
-0.00858632
-0.00879636
-0.00899869
-0.00919303
-0.00937908
-0.00955656
-0.00972519
-0.00988466
-0.0100347
-0.010175
-0.0103053
-0.0104252
-0.0105346
-0.0106331
-0.0107205
-0.0107964
-0.0108606
-0.0109129
-0.0109529
-0.0109805
-0.0109954
-0.0109973
-0.0109861
-0.0109615
-0.0109234
-0.0108716
-0.0108059
-0.0107262
-0.0106323
-0.0105242
-0.0104017
-0.0102649
-0.0101137
-0.00994806
-0.00976804
-0.0095737
-0.00936511
-0.00914239
-0.00890569
-0.00865519
-0.00839111
-0.0081137
-0.00782326
-0.00752012
-0.00720466
-0.00687729
-0.00653849
-0.0061888
-0.00582883
-0.0054593
-0.00508104
-0.00469504
-0.00430251
-0.00390491
-0.00350408
-0.00310227
-0.00270229
-0.00230759
-0.00192239
-0.00155178
-0.00120181
-0.000879572
-0.000593153
-0.000351656
-0.000165071
-4.41135e-05
0
0
-3.25122e-05
-0.000122432
-0.000262014
-0.000443657
-0.000660138
-0.0009048
-0.00117168
-0.00145558
-0.0017521
-0.00205758
-0.00236909
-0.00268427
-0.0030013
-0.00331878
-0.00363563
-0.00395103
-0.00426434
-0.00457504
-0.00488272
-0.00518702
-0.00548762
-0.00578422
-0.00607654
-0.00636431
-0.00664726
-0.00692511
-0.00719759
-0.00746442
-0.00772533
-0.00798004
-0.00822827
-0.00846972
-0.00870411
-0.00893115
-0.00915055
-0.009362
-0.00956521
-0.00975987
-0.00994569
-0.0101224
-0.0102896
-0.0104471
-0.0105945
-0.0107315
-0.0108579
-0.0109733
-0.0110774
-0.0111699
-0.0112507
-0.0113192
-0.0113754
-0.0114188
-0.0114493
-0.0114666
-0.0114704
-0.0114605
-0.0114367
-0.0113987
-0.0113465
-0.0112797
-0.0111983
-0.0111021
-0.010991
-0.0108649
-0.0107237
-0.0105674
-0.010396
-0.0102095
-0.0100079
-0.00979138
-0.00955997
-0.00931385
-0.00905319
-0.00877822
-0.0084892
-0.00818643
-0.00787025
-0.00754105
-0.00719928
-0.00684542
-0.00648005
-0.0061038
-0.00571742
-0.0053218
-0.00491797
-0.0045072
-0.00409105
-0.00367142
-0.0032507
-0.00283181
-0.0024184
-0.00201488
-0.0016266
-0.00125989
-0.000922185
-0.000621971
-0.000368797
-0.000173148
-4.62836e-05
0
0
-3.37568e-05
-0.000127113
-0.000272021
-0.000460587
-0.000685311
-0.000939282
-0.00121631
-0.00151101
-0.0018188
-0.00213592
-0.00245929
-0.00278649
-0.00311564
-0.00344528
-0.00377431
-0.00410186
-0.00442727
-0.00475003
-0.0050697
-0.00538591
-0.00569833
-0.00600665
-0.0063106
-0.00660988
-0.00690421
-0.00719332
-0.00747692
-0.00775472
-0.00802645
-0.00829181
-0.0085505
-0.00880224
-0.00904672
-0.00928363
-0.00951268
-0.00973355
-0.00994593
-0.0101495
-0.010344
-0.010529
-0.0107043
-0.0108695
-0.0110243
-0.0111684
-0.0113014
-0.0114232
-0.0115332
-0.0116313
-0.0117171
-0.0117903
-0.0118506
-0.0118977
-0.0119314
-0.0119513
-0.0119572
-0.0119488
-0.011926
-0.0118884
-0.0118359
-0.0117682
-0.0116852
-0.0115868
-0.0114728
-0.0113431
-0.0111976
-0.0110362
-0.010859
-0.010666
-0.0104571
-0.0102325
-0.00999226
-0.00973653
-0.00946549
-0.00917937
-0.00887844
-0.00856301
-0.00823342
-0.00789008
-0.00753345
-0.00716405
-0.00678247
-0.00638938
-0.00598557
-0.00557196
-0.00514965
-0.00471997
-0.00428455
-0.00384541
-0.00340504
-0.00296652
-0.00253366
-0.00211111
-0.00170444
-0.00132033
-0.000966532
-0.000651966
-0.00038664
-0.000181557
-4.85435e-05
0
0
-3.50231e-05
-0.000131876
-0.000282205
-0.00047782
-0.000710938
-0.000974389
-0.00126176
-0.00156745
-0.00188674
-0.0022157
-0.00255116
-0.00289062
-0.00323213
-0.00357417
-0.0039156
-0.00425555
-0.00459333
-0.00492839
-0.0052603
-0.00558868
-0.00591319
-0.00623351
-0.00654934
-0.0068604
-0.0071664
-0.00746704
-0.00776204
-0.0080511
-0.00833393
-0.00861023
-0.0088797
-0.00914202
-0.00939688
-0.00964398
-0.00988299
-0.0101136
-0.0103355
-0.0105483
-0.0107517
-0.0109454
-0.011129
-0.0113023
-0.0114648
-0.0116163
-0.0117564
-0.0118847
-0.012001
-0.0121049
-0.0121961
-0.0122742
-0.012339
-0.01239
-0.0124271
-0.01245
-0.0124582
-0.0124516
-0.01243
-0.012393
-0.0123404
-0.012272
-0.0121876
-0.0120871
-0.0119703
-0.011837
-0.0116873
-0.0115209
-0.0113379
-0.0111383
-0.010922
-0.0106892
-0.01044
-0.0101745
-0.00989286
-0.00959533
-0.00928219
-0.00895374
-0.00861035
-0.00825245
-0.0078805
-0.00749505
-0.00709671
-0.0066862
-0.00626433
-0.00583208
-0.0053906
-0.00494129
-0.00448587
-0.00402646
-0.00356566
-0.00310673
-0.00265365
-0.00221128
-0.0017855
-0.00138326
-0.00101272
-0.000683209
-0.000405229
-0.00019032
-5.08991e-05
0
0
-3.63114e-05
-0.000136723
-0.000292571
-0.000495362
-0.000737027
-0.00101013
-0.00130803
-0.00162493
-0.00195592
-0.00229695
-0.00264474
-0.0029967
-0.0033508
-0.00370549
-0.00405958
-0.00441218
-0.00476257
-0.00511021
-0.00545462
-0.00579544
-0.00613229
-0.00646488
-0.00679288
-0.007116
-0.00743394
-0.00774641
-0.0080531
-0.00835372
-0.00864796
-0.0089355
-0.00921604
-0.00948925
-0.00975482
-0.0100124
-0.0102617
-0.0105024
-0.010734
-0.0109564
-0.0111691
-0.0113718
-0.0115642
-0.0117458
-0.0119164
-0.0120756
-0.0122231
-0.0123584
-0.0124812
-0.0125913
-0.0126881
-0.0127715
-0.012841
-0.0128963
-0.0129372
-0.0129632
-0.0129741
-0.0129696
-0.0129493
-0.0129131
-0.0128606
-0.0127917
-0.0127061
-0.0126037
-0.0124842
-0.0123475
-0.0121935
-0.0120222
-0.0118334
-0.0116271
-0.0114035
-0.0111624
-0.010904
-0.0106286
-0.0103361
-0.0100269
-0.00970123
-0.00935942
-0.00900184
-0.00862892
-0.00824117
-0.00783914
-0.00742347
-0.00699492
-0.00655434
-0.00610275
-0.00564137
-0.00517168
-0.00469548
-0.00421498
-0.00373295
-0.00325277
-0.00277864
-0.00231565
-0.00186995
-0.00144885
-0.00106086
-0.00071578
-0.00042461
-0.000199458
-5.33563e-05
0
0
-3.7622e-05
-0.000141655
-0.000303121
-0.000513218
-0.000763587
-0.00104653
-0.00135515
-0.00168346
-0.00202638
-0.00237971
-0.00274006
-0.00310475
-0.0034717
-0.00383928
-0.0042063
-0.0045718
-0.00493507
-0.00529554
-0.00565273
-0.00600625
-0.00635574
-0.00670087
-0.00704132
-0.00737679
-0.00770697
-0.00803156
-0.00835025
-0.00866272
-0.00896867
-0.00926777
-0.0095597
-0.00984413
-0.0101207
-0.0103892
-0.0106491
-0.0109001
-0.0111419
-0.0113742
-0.0115966
-0.0118086
-0.01201
-0.0122004
-0.0123795
-0.0125467
-0.0127018
-0.0128445
-0.0129742
-0.0130908
-0.0131937
-0.0132826
-0.0133572
-0.0134172
-0.013462
-0.0134916
-0.0135054
-0.0135032
-0.0134846
-0.0134494
-0.0133974
-0.0133281
-0.0132415
-0.0131373
-0.0130153
-0.0128753
-0.0127172
-0.0125409
-0.0123463
-0.0121334
-0.0119022
-0.0116528
-0.0113852
-0.0110996
-0.0107961
-0.0104749
-0.0101364
-0.00978087
-0.00940868
-0.0090203
-0.00861623
-0.00819706
-0.00776347
-0.00731623
-0.00685625
-0.0063846
-0.00590256
-0.00541169
-0.00491387
-0.00441145
-0.0039073
-0.00340501
-0.00290896
-0.00242448
-0.00195803
-0.00151725
-0.00111108
-0.00074976
-0.000444834
-0.000208996
-5.59216e-05
0
0
-3.89553e-05
-0.000146673
-0.000313858
-0.000531393
-0.000790624
-0.00108358
-0.00140312
-0.00174306
-0.00209813
-0.002464
-0.00283716
-0.00321483
-0.00359486
-0.00397561
-0.0043558
-0.00473447
-0.00511089
-0.00548446
-0.0058547
-0.00622121
-0.00658361
-0.00694157
-0.00729476
-0.00764288
-0.0079856
-0.00832262
-0.00865361
-0.00897826
-0.00929624
-0.00960722
-0.00991087
-0.0102068
-0.0104948
-0.0107744
-0.0110453
-0.0113071
-0.0115594
-0.0118019
-0.0120343
-0.0122561
-0.0124669
-0.0126664
-0.0128542
-0.0130299
-0.0131931
-0.0133434
-0.0134805
-0.0136039
-0.0137132
-0.0138081
-0.0138881
-0.013953
-0.0140023
-0.0140356
-0.0140527
-0.0140531
-0.0140365
-0.0140027
-0.0139513
-0.013882
-0.0137945
-0.0136887
-0.0135643
-0.0134211
-0.013259
-0.0130778
-0.0128775
-0.012658
-0.0124193
-0.0121614
-0.0118844
-0.0115884
-0.0112736
-0.0109403
-0.0105886
-0.010219
-0.00983175
-0.00942743
-0.00900652
-0.00856963
-0.00811748
-0.00765088
-0.00717078
-0.0066783
-0.0061748
-0.0056619
-0.00514159
-0.00461634
-0.00408917
-0.00356383
-0.00304492
-0.00253805
-0.00204995
-0.00158865
-0.0011635
-0.000785239
-0.000465954
-0.000218958
-5.86018e-05
0
0
-4.03115e-05
-0.00015178
-0.000324784
-0.000549892
-0.000818146
-0.0011213
-0.00145197
-0.00180375
-0.0021712
-0.00254984
-0.00293605
-0.00332696
-0.00372034
-0.0041145
-0.00450813
-0.00490025
-0.00529008
-0.00567703
-0.00606061
-0.00644038
-0.00681599
-0.00718707
-0.00755331
-0.00791437
-0.00826995
-0.0086197
-0.00896332
-0.00930046
-0.00963081
-0.00995401
-0.0102697
-0.0105776
-0.0108773
-0.0111684
-0.0114506
-0.0117235
-0.0119867
-0.0122399
-0.0124826
-0.0127145
-0.0129351
-0.0131441
-0.0133411
-0.0135256
-0.0136973
-0.0138557
-0.0140004
-0.014131
-0.0142472
-0.0143484
-0.0144343
-0.0145044
-0.0145585
-0.014596
-0.0146166
-0.01462
-0.0146057
-0.0145735
-0.014523
-0.0144539
-0.0143659
-0.0142587
-0.0141321
-0.0139859
-0.0138199
-0.0136339
-0.0134279
-0.0132018
-0.0129555
-0.012689
-0.0124025
-0.0120961
-0.0117698
-0.0114239
-0.0110588
-0.0106746
-0.010272
-0.0098512
-0.0094129
-0.0089577
-0.00848634
-0.00799967
-0.00749868
-0.00698457
-0.00645875
-0.00592293
-0.00537921
-0.00483017
-0.004279
-0.00372963
-0.00318689
-0.00265664
-0.00214596
-0.00166323
-0.00121827
-0.000822312
-0.000488027
-0.000229372
-6.14045e-05
0
0
-4.16909e-05
-0.000156975
-0.000335903
-0.000568718
-0.000846158
-0.00115969
-0.0015017
-0.00186554
-0.00224561
-0.00263726
-0.00303677
-0.00344116
-0.00384816
-0.004256
-0.00466334
-0.00506917
-0.0054727
-0.00587332
-0.00627051
-0.00666385
-0.00705295
-0.00743747
-0.00781705
-0.00819138
-0.00856011
-0.00892293
-0.0092795
-0.00962948
-0.00997252
-0.0103083
-0.0106364
-0.0109565
-0.0112683
-0.0115713
-0.0118652
-0.0121496
-0.012424
-0.0126882
-0.0129417
-0.0131841
-0.013415
-0.0136339
-0.0138404
-0.0140342
-0.0142147
-0.0143816
-0.0145344
-0.0146727
-0.014796
-0.014904
-0.0149961
-0.0150719
-0.0151311
-0.0151732
-0.0151978
-0.0152045
-0.0151929
-0.0151626
-0.0151133
-0.0150447
-0.0149563
-0.014848
-0.0147195
-0.0145704
-0.0144006
-0.01421
-0.0139984
-0.0137657
-0.0135118
-0.0132367
-0.0129406
-0.0126235
-0.0122855
-0.0119269
-0.0115479
-0.0111489
-0.0107303
-0.0102926
-0.00983633
-0.00936219
-0.00887092
-0.00836344
-0.00784077
-0.00730417
-0.00675513
-0.00619545
-0.00562734
-0.00505351
-0.00447731
-0.00390287
-0.00333524
-0.00278058
-0.00224631
-0.00174121
-0.00127553
-0.000861082
-0.000511115
-0.000240267
-6.43375e-05
0
0
-4.30936e-05
-0.000162259
-0.000347214
-0.000587875
-0.000874667
-0.00119878
-0.00155232
-0.00192845
-0.00232136
-0.00272628
-0.00313933
-0.00355747
-0.00397835
-0.00440013
-0.00482147
-0.00524129
-0.0056588
-0.00607337
-0.00648447
-0.00689167
-0.00729458
-0.00769283
-0.00808608
-0.00847398
-0.00885621
-0.00923242
-0.00960228
-0.00996543
-0.0103215
-0.0106702
-0.0110111
-0.0113438
-0.011668
-0.0119833
-0.0122893
-0.0125856
-0.0128717
-0.0131473
-0.013412
-0.0136653
-0.0139067
-0.014136
-0.0143525
-0.014556
-0.0147458
-0.0149216
-0.015083
-0.0152293
-0.0153603
-0.0154754
-0.0155742
-0.0156561
-0.0157209
-0.015768
-0.0157969
-0.0158073
-0.0157987
-0.0157708
-0.015723
-0.0156552
-0.0155668
-0.0154576
-0.0153273
-0.0151756
-0.0150023
-0.0148071
-0.01459
-0.0143507
-0.0140892
-0.0138055
-0.0134997
-0.0131717
-0.0128218
-0.0124501
-0.012057
-0.0116427
-0.0112078
-0.0107526
-0.0102778
-0.00978405
-0.00927217
-0.00874308
-0.0081979
-0.00763792
-0.00706472
-0.00648018
-0.00588664
-0.00528695
-0.00468462
-0.004084
-0.00349038
-0.00291022
-0.00235129
-0.00182278
-0.00133546
-0.000901658
-0.000535283
-0.000251674
-6.74095e-05
0
0
-4.45198e-05
-0.000167633
-0.000358721
-0.000607365
-0.000903676
-0.00123855
-0.00160384
-0.00199248
-0.00239848
-0.0028169
-0.00324376
-0.00367592
-0.00411094
-0.00454695
-0.00498254
-0.00541665
-0.00584843
-0.00627724
-0.00670256
-0.00712392
-0.00754094
-0.00795324
-0.00836047
-0.00876228
-0.00915833
-0.00954828
-0.00993176
-0.0103084
-0.0106779
-0.0110399
-0.0113939
-0.0117397
-0.0120767
-0.0124047
-0.0127231
-0.0130317
-0.0133299
-0.0136173
-0.0138936
-0.0141582
-0.0144108
-0.0146508
-0.0148778
-0.0150913
-0.0152909
-0.0154761
-0.0156464
-0.0158014
-0.0159404
-0.0160631
-0.016169
-0.0162576
-0.0163283
-0.0163808
-0.0164146
-0.0164291
-0.0164239
-0.0163987
-0.0163529
-0.0162861
-0.0161981
-0.0160883
-0.0159565
-0.0158024
-0.0156257
-0.0154262
-0.0152036
-0.0149579
-0.0146888
-0.0143965
-0.0140808
-0.0137419
-0.0133798
-0.0129949
-0.0125872
-0.0121573
-0.0117055
-0.0112323
-0.0107383
-0.0102243
-0.00969107
-0.00913958
-0.00857099
-0.00798669
-0.00738832
-0.00677788
-0.00615782
-0.00553113
-0.00490152
-0.00427353
-0.00365274
-0.00304592
-0.00246119
-0.0019082
-0.00139821
-0.000944158
-0.000560602
-0.000263628
-7.06297e-05
0
0
-4.59696e-05
-0.000173099
-0.000370424
-0.000627191
-0.00093319
-0.00127902
-0.00165627
-0.00205765
-0.00247698
-0.00290916
-0.00335008
-0.00379652
-0.00424595
-0.00469646
-0.00514661
-0.00559528
-0.00604162
-0.00648498
-0.00692481
-0.00736064
-0.00779209
-0.00821876
-0.0086403
-0.00905635
-0.00946657
-0.00987059
-0.0102681
-0.0106586
-0.0110419
-0.0114175
-0.0117851
-0.0121442
-0.0124945
-0.0128355
-0.0131669
-0.0134881
-0.0137988
-0.0140985
-0.0143869
-0.0146633
-0.0149273
-0.0151786
-0.0154165
-0.0156406
-0.0158505
-0.0160455
-0.0162253
-0.0163893
-0.0165369
-0.0166677
-0.0167812
-0.0168768
-0.0169541
-0.0170124
-0.0170514
-0.0170705
-0.0170692
-0.0170471
-0.0170036
-0.0169384
-0.016851
-0.016741
-0.0166081
-0.0164519
-0.016272
-0.0160683
-0.0158404
-0.0155883
-0.0153118
-0.0150107
-0.0146852
-0.0143351
-0.0139608
-0.0135622
-0.0131398
-0.0126938
-0.0122246
-0.0117329
-0.0112191
-0.0106841
-0.0101287
-0.00955395
-0.00896104
-0.00835142
-0.00772683
-0.00708937
-0.00644162
-0.00578674
-0.00512861
-0.00447201
-0.0038228
-0.00318807
-0.00257633
-0.00199771
-0.00146399
-0.000988711
-0.000587149
-0.000276165
-7.40081e-05
0
0
-4.74431e-05
-0.000178655
-0.000382324
-0.000647355
-0.00096321
-0.00132019
-0.00170962
-0.00212397
-0.00255686
-0.00300305
-0.0034583
-0.00391928
-0.00438341
-0.00484871
-0.00531369
-0.00577721
-0.00623842
-0.00669662
-0.00715127
-0.0076019
-0.00804809
-0.00848946
-0.00892564
-0.00935628
-0.00978101
-0.0101995
-0.0106113
-0.0110161
-0.0114135
-0.0118032
-0.0121847
-0.0125576
-0.0129215
-0.013276
-0.0136207
-0.0139551
-0.0142787
-0.0145912
-0.014892
-0.0151807
-0.0154567
-0.0157197
-0.015969
-0.0162042
-0.0164248
-0.0166302
-0.01682
-0.0169935
-0.0171502
-0.0172896
-0.0174112
-0.0175144
-0.0175987
-0.0176634
-0.0177081
-0.0177323
-0.0177354
-0.0177168
-0.0176761
-0.0176129
-0.0175265
-0.0174167
-0.0172829
-0.0171249
-0.0169421
-0.0167344
-0.0165015
-0.0162431
-0.0159591
-0.0156494
-0.0153139
-0.0149527
-0.0145658
-0.0141535
-0.0137159
-0.0132534
-0.0127664
-0.0122555
-0.0117213
-0.0111646
-0.0105862
-0.00998731
-0.0093691
-0.00873312
-0.00808119
-0.00741554
-0.00673888
-0.00605452
-0.00536657
-0.00468003
-0.00400106
-0.0033371
-0.00269708
-0.00209158
-0.00153298
-0.00103545
-0.000615008
-0.000289324
-7.75554e-05
0
0
-4.89403e-05
-0.000184302
-0.000394422
-0.000667858
-0.000993739
-0.00136206
-0.00176388
-0.00219143
-0.00263814
-0.00309859
-0.00356844
-0.00404424
-0.00452333
-0.0050037
-0.0054838
-0.00596248
-0.00643885
-0.00691221
-0.00738199
-0.00784773
-0.00830899
-0.0087654
-0.00921656
-0.00966213
-0.0101017
-0.010535
-0.0109615
-0.011381
-0.011793
-0.0121971
-0.0125929
-0.01298
-0.013358
-0.0137264
-0.0140848
-0.0144328
-0.0147699
-0.0150955
-0.0154093
-0.0157107
-0.0159992
-0.0162744
-0.0165356
-0.0167825
-0.0170143
-0.0172306
-0.0174308
-0.0176144
-0.0177808
-0.0179294
-0.0180597
-0.018171
-0.0182628
-0.0183344
-0.0183854
-0.0184152
-0.0184231
-0.0184086
-0.0183712
-0.0183104
-0.0182255
-0.0181163
-0.0179821
-0.0178225
-0.0176372
-0.0174258
-0.017188
-0.0169236
-0.0166322
-0.0163139
-0.0159684
-0.0155959
-0.0151964
-0.0147699
-0.0143168
-0.0138374
-0.0133322
-0.0128015
-0.0122462
-0.011667
-0.0110649
-0.0104408
-0.0097963
-0.00913286
-0.00845243
-0.00775734
-0.00705046
-0.00633528
-0.00561611
-0.00489822
-0.00418808
-0.00349347
-0.00282379
-0.00219012
-0.00160541
-0.00108454
-0.000644267
-0.000303148
-8.12835e-05
0
0
-5.04612e-05
-0.00019004
-0.000406718
-0.000688699
-0.00102478
-0.00140464
-0.00181906
-0.00226005
-0.00272081
-0.00319579
-0.0036805
-0.00417139
-0.00466573
-0.00516145
-0.00565697
-0.0061511
-0.00664294
-0.00713176
-0.007617
-0.00809817
-0.00857484
-0.00904662
-0.00951311
-0.00997396
-0.0104288
-0.0108772
-0.0113189
-0.0117533
-0.0121803
-0.0125992
-0.0130098
-0.0134115
-0.013804
-0.0141868
-0.0145594
-0.0149215
-0.0152724
-0.0156117
-0.015939
-0.0162536
-0.0165551
-0.016843
-0.0171167
-0.0173757
-0.0176193
-0.0178471
-0.0180584
-0.0182526
-0.0184292
-0.0185876
-0.018727
-0.0188471
-0.018947
-0.0190261
-0.019084
-0.0191199
-0.0191332
-0.0191234
-0.0190898
-0.0190318
-0.018949
-0.0188407
-0.0187065
-0.0185459
-0.0183584
-0.0181436
-0.0179012
-0.0176308
-0.0173323
-0.0170054
-0.01665
-0.0162661
-0.0158537
-0.015413
-0.0149441
-0.0144474
-0.0139233
-0.0133724
-0.0127953
-0.0121928
-0.0115659
-0.0109158
-0.0102439
-0.00955181
-0.00884163
-0.00811579
-0.0073773
-0.00662987
-0.005878
-0.00512727
-0.00438443
-0.00365769
-0.00295688
-0.00229363
-0.00168151
-0.00113612
-0.000675024
-0.000317684
-8.52049e-05
0
0
-5.20057e-05
-0.000195869
-0.000419211
-0.000709879
-0.00105633
-0.00144792
-0.00187517
-0.00232982
-0.00280489
-0.00329465
-0.00379448
-0.00430074
-0.00481062
-0.00532198
-0.00583321
-0.0063431
-0.00685071
-0.00735531
-0.00785633
-0.00835326
-0.00884567
-0.00933316
-0.00981534
-0.0102918
-0.0107623
-0.0112262
-0.0116834
-0.0121333
-0.0125755
-0.0130097
-0.0134355
-0.0138523
-0.0142597
-0.0146573
-0.0150447
-0.0154212
-0.0157865
-0.01614
-0.0164812
-0.0168096
-0.0171247
-0.0174259
-0.0177125
-0.0179842
-0.0182402
-0.01848
-0.018703
-0.0189085
-0.0190959
-0.0192646
-0.0194139
-0.0195432
-0.0196519
-0.0197392
-0.0198045
-0.0198471
-0.0198665
-0.0198619
-0.0198326
-0.0197782
-0.0196979
-0.0195911
-0.0194574
-0.0192961
-0.0191068
-0.0188889
-0.0186422
-0.0183662
-0.0180607
-0.0177254
-0.0173601
-0.0169648
-0.0165394
-0.0160842
-0.0155992
-0.0150848
-0.0145414
-0.0139695
-0.0133699
-0.0127433
-0.0120908
-0.0114136
-0.0107131
-0.00999122
-0.00924998
-0.00849199
-0.00772045
-0.00693922
-0.00615309
-0.0053679
-0.00459076
-0.00383029
-0.00309679
-0.00240247
-0.00176155
-0.00119038
-0.000707384
-0.000332982
-8.93335e-05
0
0
-5.35735e-05
-0.000201788
-0.000431901
-0.000731397
-0.00108838
-0.00149191
-0.00193219
-0.00240074
-0.00289037
-0.00339517
-0.00391039
-0.00443229
-0.00495799
-0.00548529
-0.00601253
-0.00653847
-0.00706217
-0.00758287
-0.00809999
-0.00861302
-0.00912151
-0.00962507
-0.0101233
-0.0106158
-0.0111022
-0.0115821
-0.0120551
-0.0125209
-0.0129789
-0.0134288
-0.0138701
-0.0143024
-0.0147253
-0.0151382
-0.0155407
-0.0159322
-0.0163124
-0.0166806
-0.0170363
-0.017379
-0.0177082
-0.0180232
-0.0183234
-0.0186084
-0.0188773
-0.0191298
-0.019365
-0.0195824
-0.0197813
-0.019961
-0.0201208
-0.0202601
-0.0203781
-0.0204742
-0.0205476
-0.0205977
-0.0206237
-0.020625
-0.0206008
-0.0205504
-0.0204732
-0.0203685
-0.0202358
-0.0200743
-0.0198836
-0.0196632
-0.0194125
-0.0191312
-0.0188188
-0.0184752
-0.0181001
-0.0176934
-0.017255
-0.016785
-0.0162837
-0.0157511
-0.0151879
-0.0145945
-0.0139716
-0.0133201
-0.012641
-0.0119356
-0.0112055
-0.0104525
-0.00967876
-0.00888715
-0.00808099
-0.00726436
-0.00644229
-0.00562094
-0.00480778
-0.00401186
-0.003244
-0.00251701
-0.0018458
-0.0012475
-0.000741463
-0.000349097
-9.36844e-05
0
0
-5.51646e-05
-0.000207797
-0.000444786
-0.00075325
-0.00112094
-0.0015366
-0.00199014
-0.00247281
-0.00297724
-0.00349734
-0.00402822
-0.00456605
-0.00510785
-0.00565137
-0.00619493
-0.00673723
-0.00727733
-0.00781445
-0.008348
-0.00887746
-0.00940239
-0.00992236
-0.010437
-0.0109459
-0.0114486
-0.0119449
-0.0124342
-0.0129161
-0.0133904
-0.0138564
-0.0143138
-0.014762
-0.0152008
-0.0156294
-0.0160476
-0.0164547
-0.0168502
-0.0172336
-0.0176044
-0.017962
-0.0183058
-0.0186352
-0.0189496
-0.0192485
-0.0195311
-0.0197968
-0.0200449
-0.0202748
-0.0204858
-0.0206772
-0.0208482
-0.0209982
-0.0211263
-0.0212319
-0.0213142
-0.0213724
-0.0214057
-0.0214135
-0.021395
-0.0213494
-0.0212759
-0.021174
-0.0210428
-0.0208818
-0.0206903
-0.0204676
-0.0202134
-0.0199271
-0.0196082
-0.0192565
-0.0188717
-0.0184536
-0.0180021
-0.0175173
-0.0169992
-0.0164482
-0.0158647
-0.0152491
-0.0146022
-0.0139249
-0.0132182
-0.0124836
-0.0117225
-0.010937
-0.0101293
-0.00930256
-0.00846012
-0.00760636
-0.00674657
-0.00588724
-0.00503622
-0.00420303
-0.00339904
-0.00263766
-0.00193456
-0.0013077
-0.000777385
-0.000366089
-9.82741e-05
0
0
-5.67786e-05
-0.000213895
-0.000457865
-0.000775435
-0.00115401
-0.00158198
-0.00204899
-0.00254603
-0.00306551
-0.00360116
-0.00414798
-0.004702
-0.00526018
-0.00582023
-0.00638039
-0.00693938
-0.00749619
-0.00805005
-0.00860036
-0.0091466
-0.0096883
-0.0102251
-0.0107565
-0.0112821
-0.0118016
-0.0123146
-0.0128206
-0.0133192
-0.01381
-0.0142926
-0.0147665
-0.0152312
-0.0156863
-0.0161312
-0.0165655
-0.0169887
-0.0174001
-0.0177993
-0.0181857
-0.0185588
-0.0189178
-0.0192622
-0.0195915
-0.0199048
-0.0202017
-0.0204813
-0.020743
-0.0209862
-0.02121
-0.0214138
-0.0215967
-0.0217581
-0.0218971
-0.0220129
-0.0221047
-0.0221718
-0.0222133
-0.0222284
-0.0222163
-0.0221762
-0.0221072
-0.0220087
-0.0218797
-0.0217197
-0.0215279
-0.0213037
-0.0210464
-0.0207555
-0.0204305
-0.020071
-0.0196766
-0.0192472
-0.0187826
-0.0182827
-0.0177478
-0.0171779
-0.0165735
-0.0159352
-0.0152635
-0.0145595
-0.0138242
-0.0130591
-0.0122657
-0.0114463
-0.0106032
-0.00973962
-0.00885916
-0.00796643
-0.00706702
-0.00616776
-0.00527692
-0.00440451
-0.00356246
-0.00276487
-0.00202816
-0.00137121
-0.000815288
-0.000384024
-0.000103121
0
0
-5.84152e-05
-0.00022008
-0.000471135
-0.00079795
-0.00118757
-0.00162805
-0.00210874
-0.00262038
-0.00315515
-0.00370662
-0.00426963
-0.00484013
-0.00541499
-0.00599185
-0.00656893
-0.00714489
-0.00771873
-0.00828967
-0.00885708
-0.00942043
-0.00997926
-0.0105332
-0.0110817
-0.0116245
-0.0121611
-0.0126912
-0.0132144
-0.0137301
-0.014238
-0.0147376
-0.0152284
-0.0157101
-0.016182
-0.0166437
-0.0170947
-0.0175344
-0.0179623
-0.0183779
-0.0187805
-0.0191695
-0.0195444
-0.0199045
-0.0202491
-0.0205777
-0.0208895
-0.0211837
-0.0214598
-0.0217169
-0.0219543
-0.0221712
-0.0223668
-0.0225404
-0.022691
-0.0228179
-0.0229201
-0.0229969
-0.0230473
-0.0230705
-0.0230656
-0.0230318
-0.0229681
-0.0228737
-0.0227477
-0.0225894
-0.022398
-0.0221727
-0.0219129
-0.0216179
-0.0212871
-0.0209201
-0.0205165
-0.0200759
-0.0195982
-0.0190833
-0.0185312
-0.0179421
-0.0173164
-0.0166546
-0.0159574
-0.0152258
-0.0144608
-0.013664
-0.0128371
-0.0119822
-0.0111021
-0.0101999
-0.00927951
-0.00834585
-0.00740479
-0.00646353
-0.00553077
-0.00461705
-0.0037349
-0.00289912
-0.00212698
-0.00143826
-0.000855322
-0.000402974
-0.000108244
0
0
-6.00741e-05
-0.000226352
-0.000484593
-0.000820789
-0.00122162
-0.0016748
-0.00216939
-0.00269585
-0.00324616
-0.0038137
-0.00439317
-0.00498042
-0.00557224
-0.00616621
-0.0067605
-0.00735376
-0.00794495
-0.00853329
-0.00911813
-0.00969894
-0.0102753
-0.0108467
-0.0114127
-0.0119731
-0.0125273
-0.0130749
-0.0136155
-0.0141488
-0.0146742
-0.0151913
-0.0156996
-0.0161986
-0.0166879
-0.0171669
-0.0176351
-0.018092
-0.0185369
-0.0189694
-0.0193887
-0.0197944
-0.0201858
-0.0205622
-0.0209229
-0.0212674
-0.0215948
-0.0219044
-0.0221955
-0.0224673
-0.0227191
-0.0229499
-0.023159
-0.0233456
-0.0235087
-0.0236474
-0.023761
-0.0238483
-0.0239085
-0.0239407
-0.023944
-0.0239172
-0.0238596
-0.0237702
-0.023648
-0.0234922
-0.0233019
-0.0230763
-0.0228146
-0.0225161
-0.02218
-0.0218059
-0.0213933
-0.0209418
-0.020451
-0.0199209
-0.0193515
-0.0187429
-0.0180955
-0.0174096
-0.0166861
-0.0159259
-0.0151302
-0.0143004
-0.0134384
-0.0125466
-0.0116276
-0.0106849
-0.0097227
-0.00874604
-0.00776117
-0.00677568
-0.00579876
-0.00484148
-0.00391702
-0.00304096
-0.0022314
-0.00150914
-0.000897651
-0.000423017
-0.000113665
0
0
-6.17547e-05
-0.000232708
-0.000498236
-0.000843946
-0.00125615
-0.00172223
-0.00223091
-0.00277243
-0.00333851
-0.00392238
-0.00451858
-0.00512286
-0.00573192
-0.00634329
-0.00695509
-0.00756595
-0.00817482
-0.00878088
-0.00938349
-0.00998212
-0.0105763
-0.0111656
-0.0117495
-0.0123278
-0.0128999
-0.0134655
-0.0140241
-0.0145754
-0.0151187
-0.0156538
-0.01618
-0.0166969
-0.0172041
-0.0177009
-0.0181869
-0.0186614
-0.019124
-0.0195739
-0.0200107
-0.0204337
-0.0208422
-0.0212356
-0.0216131
-0.0219741
-0.0223178
-0.0226436
-0.0229505
-0.0232378
-0.0235047
-0.0237503
-0.0239738
-0.0241743
-0.0243507
-0.0245023
-0.024628
-0.0247268
-0.0247978
-0.0248399
-0.0248522
-0.0248336
-0.024783
-0.0246995
-0.024582
-0.0244295
-0.0242412
-0.024016
-0.0237531
-0.0234516
-0.0231109
-0.0227302
-0.022309
-0.0218467
-0.0213431
-0.0207979
-0.0202111
-0.0195826
-0.018913
-0.0182025
-0.0174518
-0.0166621
-0.0158344
-0.0149704
-0.0140719
-0.0131414
-0.0121817
-0.0111966
-0.0101904
-0.00916853
-0.00813753
-0.00710544
-0.00608194
-0.0050787
-0.00410959
-0.00319096
-0.00234187
-0.00158414
-0.000942459
-0.000444242
-0.000119409
0
0
-6.34565e-05
-0.000239146
-0.000512059
-0.000867415
-0.00129115
-0.0017703
-0.0022933
-0.00285009
-0.00343219
-0.00403263
-0.00464583
-0.00526741
-0.00589399
-0.00652305
-0.00715267
-0.00778145
-0.0084083
-0.00903241
-0.00965314
-0.0102699
-0.0108823
-0.0114898
-0.0120921
-0.0126887
-0.0132792
-0.0138631
-0.0144402
-0.0150098
-0.0155716
-0.016125
-0.0166697
-0.0172051
-0.0177306
-0.0182458
-0.0187501
-0.0192429
-0.0197236
-0.0201917
-0.0206465
-0.0210874
-0.0215137
-0.0219247
-0.0223198
-0.0226981
-0.023059
-0.0234016
-0.0237251
-0.0240288
-0.0243117
-0.0245729
-0.0248117
-0.0250269
-0.0252177
-0.025383
-0.0255218
-0.0256332
-0.0257159
-0.025769
-0.0257913
-0.0257818
-0.0257393
-0.0256627
-0.0255508
-0.0254027
-0.0252172
-0.0249933
-0.0247301
-0.0244265
-0.0240817
-0.023695
-0.0232656
-0.022793
-0.0222767
-0.0217165
-0.0211121
-0.0204636
-0.0197713
-0.0190356
-0.0182571
-0.0174368
-0.016576
-0.0156763
-0.0147397
-0.0137688
-0.0127666
-0.0117369
-0.0106845
-0.00961501
-0.00853541
-0.00745417
-0.00638151
-0.00532972
-0.00431341
-0.00334978
-0.00245886
-0.00166359
-0.000989944
-0.000466744
-0.000125502
0
0
-6.51788e-05
-0.000245665
-0.000526058
-0.000891188
-0.00132661
-0.00181902
-0.00235653
-0.00292881
-0.00352716
-0.00414443
-0.00477488
-0.00541402
-0.00605842
-0.00670545
-0.00735319
-0.00800019
-0.00864535
-0.00928785
-0.00992703
-0.0105623
-0.0111933
-0.0118194
-0.0124404
-0.0130557
-0.0136649
-0.0142677
-0.0148636
-0.0154521
-0.0160328
-0.0166051
-0.0171687
-0.017723
-0.0182675
-0.0188016
-0.0193247
-0.0198364
-0.020336
-0.0208228
-0.0212963
-0.0217558
-0.0222005
-0.0226299
-0.0230432
-0.0234396
-0.0238183
-0.0241786
-0.0245196
-0.0248405
-0.0251403
-0.0254181
-0.025673
-0.025904
-0.0261101
-0.0262902
-0.0264432
-0.0265681
-0.0266637
-0.0267289
-0.0267624
-0.026763
-0.0267297
-0.0266611
-0.026556
-0.0264132
-0.0262316
-0.0260101
-0.0257474
-0.0254425
-0.0250945
-0.0247024
-0.0242654
-0.0237829
-0.0232543
-0.0226791
-0.0220572
-0.0213885
-0.0206732
-0.0199116
-0.0191044
-0.0182526
-0.0173575
-0.0164207
-0.0154444
-0.0144312
-0.0133844
-0.012308
-0.0112069
-0.0100873
-0.00895647
-0.00782335
-0.00669875
-0.00559564
-0.00452939
-0.00351813
-0.0025829
-0.00174787
-0.00104033
-0.000490632
-0.000131975
0
0
-6.6921e-05
-0.000252261
-0.000540228
-0.000915256
-0.00136252
-0.00186837
-0.00242058
-0.00300857
-0.00362341
-0.00425774
-0.0049057
-0.00556268
-0.00622515
-0.00689045
-0.0075566
-0.00822212
-0.00888591
-0.00954713
-0.0102051
-0.0108593
-0.0115092
-0.0121543
-0.0127943
-0.0134288
-0.0140572
-0.0146792
-0.0152944
-0.0159022
-0.0165023
-0.0170941
-0.0176771
-0.0182508
-0.0188147
-0.0193683
-0.0199109
-0.020442
-0.020961
-0.0214672
-0.02196
-0.0224388
-0.0229028
-0.0233512
-0.0237835
-0.0241987
-0.0245962
-0.024975
-0.0253343
-0.0256732
-0.0259909
-0.0262862
-0.0265583
-0.0268061
-0.0270285
-0.0272245
-0.0273928
-0.0275324
-0.027642
-0.0277203
-0.0277662
-0.0277783
-0.0277553
-0.0276959
-0.0275988
-0.0274626
-0.0272861
-0.0270679
-0.0268068
-0.0265016
-0.0261512
-0.0257546
-0.0253107
-0.0248189
-0.0242783
-0.0236885
-0.0230491
-0.0223601
-0.0216214
-0.0208334
-0.0199968
-0.0191125
-0.0181818
-0.0172065
-0.0161887
-0.0151313
-0.0140377
-0.0129121
-0.0117599
-0.0105875
-0.00940254
-0.00821461
-0.00703509
-0.00587765
-0.00475853
-0.00369679
-0.00271459
-0.00183737
-0.00109386
-0.000516022
-0.000138859
0
0
-6.86823e-05
-0.000258932
-0.000554562
-0.000939609
-0.00139886
-0.00191831
-0.00248543
-0.00308934
-0.00372088
-0.00437251
-0.00503823
-0.0057133
-0.00639413
-0.00707798
-0.00776284
-0.0084472
-0.00912993
-0.00981019
-0.0104873
-0.0111607
-0.0118299
-0.0124944
-0.0131539
-0.0138078
-0.0144559
-0.0150976
-0.0157325
-0.0163601
-0.01698
-0.0175917
-0.0181947
-0.0187884
-0.0193724
-0.019946
-0.0205086
-0.0210598
-0.0215988
-0.0221251
-0.0226379
-0.0231366
-0.0236205
-0.0240888
-0.0245408
-0.0249757
-0.0253927
-0.0257909
-0.0261694
-0.0265273
-0.0268637
-0.0271776
-0.0274679
-0.0277335
-0.0279734
-0.0281864
-0.0283712
-0.0285267
-0.0286515
-0.0287443
-0.0288039
-0.0288287
-0.0288174
-0.0287685
-0.0286806
-0.0285523
-0.0283821
-0.0281685
-0.0279102
-0.0276059
-0.0272542
-0.0268539
-0.026404
-0.0259035
-0.0253515
-0.0247474
-0.0240907
-0.0233813
-0.0226189
-0.0218041
-0.0209373
-0.0200194
-0.0190519
-0.0180365
-0.0169755
-0.0158718
-0.0147291
-0.013552
-0.0123459
-0.0111177
-0.00987563
-0.00862974
-0.00739209
-0.00617711
-0.00500192
-0.00388663
-0.00285458
-0.00193255
-0.00115081
-0.00054305
-0.000146192
0
0
-7.04619e-05
-0.000265675
-0.000569054
-0.000964234
-0.00143562
-0.00196884
-0.00255104
-0.00317107
-0.00381953
-0.00448871
-0.00517243
-0.00586585
-0.0065653
-0.00726798
-0.00797184
-0.00867533
-0.00937732
-0.0100769
-0.0107735
-0.0114665
-0.0121553
-0.0128396
-0.013519
-0.0141929
-0.014861
-0.0155228
-0.0161779
-0.0168258
-0.0174661
-0.0180982
-0.0187216
-0.0193358
-0.0199404
-0.0205346
-0.0211179
-0.0216897
-0.0222494
-0.0227964
-0.0233299
-0.0238493
-0.0243538
-0.0248427
-0.0253153
-0.0257706
-0.026208
-0.0266264
-0.0270251
-0.027403
-0.0277592
-0.0280926
-0.0284022
-0.0286868
-0.0289452
-0.0291764
-0.029379
-0.0295516
-0.029693
-0.0298017
-0.0298762
-0.0299152
-0.029917
-0.0298801
-0.029803
-0.0296839
-0.0295214
-0.0293139
-0.0290597
-0.0287575
-0.0284056
-0.0280028
-0.0275478
-0.0270394
-0.0264767
-0.0258588
-0.0251851
-0.0244553
-0.0236692
-0.022827
-0.0219292
-0.0209769
-0.0199712
-0.0189141
-0.017808
-0.0166559
-0.0154618
-0.0142303
-0.0129674
-0.0116804
-0.010378
-0.00907074
-0.00777149
-0.00649548
-0.00526079
-0.00408863
-0.0030036
-0.00203391
-0.00121149
-0.000571862
-0.000154015
0
0
-7.22587e-05
-0.000272485
-0.000583695
-0.000989119
-0.00147277
-0.00201992
-0.00261738
-0.00325373
-0.00391933
-0.00460627
-0.00530823
-0.00602026
-0.00673859
-0.00746037
-0.00818351
-0.00890644
-0.009628
-0.0103473
-0.0110637
-0.0117766
-0.0124855
-0.0131899
-0.0138895
-0.0145838
-0.0152723
-0.0159547
-0.0166305
-0.0172991
-0.0179602
-0.0186132
-0.0192577
-0.019893
-0.0205187
-0.0211341
-0.0217386
-0.0223318
-0.0229128
-0.0234811
-0.024036
-0.0245768
-0.0251027
-0.025613
-0.0261069
-0.0265836
-0.0270422
-0.0274818
-0.0279016
-0.0283004
-0.0286774
-0.0290314
-0.0293614
-0.0296661
-0.0299445
-0.0301951
-0.0304166
-0.0306078
-0.0307672
-0.0308931
-0.0309842
-0.0310389
-0.0310553
-0.031032
-0.0309671
-0.030859
-0.0307058
-0.0305058
-0.0302573
-0.0299586
-0.029608
-0.0292039
-0.0287449
-0.0282297
-0.027657
-0.0270259
-0.0263356
-0.0255856
-0.0247755
-0.0239056
-0.0229763
-0.0219884
-0.0209433
-0.0198429
-0.0186898
-0.017487
-0.0162388
-0.0149502
-0.0136275
-0.0122783
-0.010912
-0.00953976
-0.00817519
-0.0068344
-0.00553649
-0.00430385
-0.00316244
-0.00214201
-0.00127624
-0.000602626
-0.000162376
0
0
-7.40717e-05
-0.000279359
-0.000598477
-0.00101425
-0.0015103
-0.00207153
-0.00268442
-0.00333728
-0.00402021
-0.00472513
-0.00544556
-0.00617644
-0.00691391
-0.00765507
-0.00839777
-0.00914042
-0.00988186
-0.0106212
-0.0113577
-0.0120909
-0.0128202
-0.0135452
-0.0142654
-0.0149804
-0.0156899
-0.0163933
-0.0170901
-0.01778
-0.0184625
-0.0191369
-0.0198029
-0.0204599
-0.0211072
-0.0217444
-0.0223708
-0.0229859
-0.0235889
-0.0241793
-0.0247563
-0.0253192
-0.0258672
-0.0263997
-0.0269158
-0.0274147
-0.0278954
-0.0283571
-0.0287989
-0.0292198
-0.0296186
-0.0299944
-0.0303459
-0.030672
-0.0309714
-0.0312428
-0.0314848
-0.0316959
-0.0318747
-0.0320195
-0.0321288
-0.0322007
-0.0322335
-0.0322254
-0.0321746
-0.0320791
-0.0319369
-0.0317463
-0.0315051
-0.0312115
-0.0308637
-0.0304598
-0.0299982
-0.0294773
-0.0288957
-0.0282522
-0.0275458
-0.0267758
-0.0259419
-0.025044
-0.0240824
-0.023058
-0.0219722
-0.0208268
-0.0196246
-0.0183688
-0.0170638
-0.0157151
-0.0143292
-0.0129143
-0.0114803
-0.0100392
-0.00860531
-0.00719568
-0.00583052
-0.00453349
-0.00333201
-0.00225748
-0.00134544
-0.00063553
-0.000171328
0
0
-7.58998e-05
-0.000286293
-0.00061339
-0.00103961
-0.00154818
-0.00212363
-0.00275212
-0.00342165
-0.00412212
-0.00484523
-0.00558435
-0.00633431
-0.00709116
-0.00785196
-0.0086145
-0.00937717
-0.0101388
-0.0108985
-0.0116555
-0.0124093
-0.0131593
-0.0139052
-0.0146465
-0.0153827
-0.0161135
-0.0168383
-0.0175568
-0.0182684
-0.0189727
-0.0196691
-0.0203572
-0.0210363
-0.0217059
-0.0223655
-0.0230144
-0.0236521
-0.0242778
-0.0248909
-0.0254906
-0.0260764
-0.0266474
-0.0272028
-0.0277419
-0.0282638
-0.0287676
-0.0292524
-0.0297173
-0.0301611
-0.0305829
-0.0309815
-0.0313558
-0.0317045
-0.0320264
-0.0323199
-0.0325838
-0.0328164
-0.0330162
-0.0331815
-0.0333106
-0.0334016
-0.0334526
-0.0334617
-0.0334268
-0.0333458
-0.0332166
-0.0330372
-0.0328052
-0.0325187
-0.0321754
-0.0317734
-0.0313107
-0.0307855
-0.0301961
-0.0295412
-0.0288194
-0.02803
-0.0271723
-0.0262461
-0.0252518
-0.02419
-0.0230621
-0.02187
-0.0206166
-0.0193053
-0.0179407
-0.0165286
-0.0150761
-0.0135917
-0.012086
-0.0105718
-0.00906417
-0.0075813
-0.00614453
-0.00477888
-0.00351331
-0.00238101
-0.00141953
-0.000670785
-0.00018093
0
0
-7.77417e-05
-0.000293281
-0.000628425
-0.00106518
-0.00158638
-0.00217618
-0.00282042
-0.0035068
-0.00422499
-0.00496648
-0.0057245
-0.00649377
-0.00727026
-0.00805094
-0.00883359
-0.00961657
-0.0103987
-0.011179
-0.0119568
-0.0127316
-0.0135028
-0.01427
-0.0150327
-0.0157905
-0.0165431
-0.0172898
-0.0180303
-0.0187641
-0.0194908
-0.0202097
-0.0209203
-0.0216222
-0.0223147
-0.0229973
-0.0236694
-0.0243302
-0.0249792
-0.0256157
-0.026239
-0.0268484
-0.0274431
-0.0280223
-0.0285853
-0.0291311
-0.0296589
-0.0301677
-0.0306566
-0.0311245
-0.0315704
-0.0319931
-0.0323914
-0.032764
-0.0331096
-0.0334268
-0.0337141
-0.0339698
-0.0341923
-0.0343799
-0.0345306
-0.0346425
-0.0347137
-0.0347419
-0.034725
-0.0346607
-0.0345466
-0.0343805
-0.0341599
-0.0338824
-0.0335457
-0.0331475
-0.0326855
-0.0321576
-0.031562
-0.0308968
-0.0301606
-0.0293523
-0.0284711
-0.0275167
-0.026489
-0.0253889
-0.0242176
-0.0229772
-0.0216703
-0.0203009
-0.0188737
-0.0173949
-0.0158718
-0.0143139
-0.0127322
-0.0111403
-0.00955432
-0.00799346
-0.00648036
-0.00504148
-0.00370745
-0.00251338
-0.00149898
-0.000708629
-0.00019125
0
0
-7.95962e-05
-0.000300319
-0.00064357
-0.00109095
-0.00162488
-0.00222915
-0.00288927
-0.00359267
-0.00432874
-0.0050888
-0.00586593
-0.00665472
-0.00745106
-0.00825188
-0.0090549
-0.00985846
-0.0106613
-0.0114626
-0.0122616
-0.0130577
-0.0138504
-0.0146392
-0.0154238
-0.0162037
-0.0169784
-0.0177475
-0.0185106
-0.0192671
-0.0200166
-0.0207585
-0.0214923
-0.0222175
-0.0229335
-0.0236397
-0.0243354
-0.0250202
-0.0256932
-0.0263538
-0.0270014
-0.0276351
-0.0282543
-0.0288581
-0.0294458
-0.0300164
-0.0305691
-0.031103
-0.031617
-0.03211
-0.0325811
-0.0330291
-0.0334527
-0.0338506
-0.0342214
-0.0345637
-0.0348759
-0.0351564
-0.0354034
-0.035615
-0.0357893
-0.0359243
-0.0360177
-0.0360672
-0.0360706
-0.0360252
-0.0359287
-0.0357783
-0.0355714
-0.0353053
-0.0349775
-0.0345852
-0.034126
-0.0335973
-0.032997
-0.032323
-0.0315736
-0.0307473
-0.0298431
-0.0288603
-0.0277991
-0.0266598
-0.0254438
-0.0241531
-0.0227907
-0.0213604
-0.0198673
-0.0183181
-0.0167206
-0.0150847
-0.0134224
-0.0117479
-0.0100785
-0.00843455
-0.00684
-0.0053229
-0.00391567
-0.00265546
-0.00158434
-0.000749329
-0.000202366
0
0
-8.14617e-05
-0.0003074
-0.000658812
-0.00111688
-0.00166364
-0.0022825
-0.00295863
-0.00367917
-0.00443328
-0.00521209
-0.00600852
-0.00681704
-0.00763346
-0.00845464
-0.00927829
-0.0101027
-0.0109266
-0.0117492
-0.0125696
-0.0133874
-0.0142019
-0.0150129
-0.0158197
-0.016622
-0.0174194
-0.0182113
-0.0189974
-0.0197771
-0.0205499
-0.0213154
-0.022073
-0.022822
-0.0235621
-0.0242925
-0.0250126
-0.0257218
-0.0264195
-0.027105
-0.0277775
-0.0284364
-0.0290809
-0.0297101
-0.0303234
-0.0309197
-0.0314983
-0.0320581
-0.0325982
-0.0331176
-0.0336151
-0.0340895
-0.0345396
-0.0349642
-0.0353617
-0.0357307
-0.0360695
-0.0363765
-0.0366498
-0.0368875
-0.0370875
-0.0372476
-0.0373655
-0.0374388
-0.0374648
-0.037441
-0.0373645
-0.0372324
-0.0370419
-0.0367899
-0.0364734
-0.0360896
-0.0356355
-0.0351083
-0.0345053
-0.0338242
-0.033063
-0.0322197
-0.031293
-0.0302823
-0.0291871
-0.0280079
-0.0267459
-0.0254032
-0.0239827
-0.0224886
-0.0209264
-0.0193029
-0.0176267
-0.0159082
-0.0141602
-0.012398
-0.0106397
-0.00890715
-0.00722563
-0.0056249
-0.0041393
-0.00280821
-0.0016762
-0.000793185
-0.000214365
0
0
-8.33368e-05
-0.00031452
-0.000674139
-0.00114296
-0.00170263
-0.00233617
-0.00302842
-0.00376624
-0.00453854
-0.00533626
-0.00615215
-0.00698058
-0.00781729
-0.00865907
-0.00950358
-0.0103491
-0.0111944
-0.0120385
-0.0128807
-0.0137205
-0.0145573
-0.0153906
-0.0162201
-0.0170453
-0.0178657
-0.018681
-0.0194905
-0.0202939
-0.0210907
-0.0218802
-0.0226621
-0.0234356
-0.0242003
-0.0249555
-0.0257007
-0.0264351
-0.0271581
-0.0278691
-0.0285674
-0.0292521
-0.0299227
-0.0305782
-0.0312178
-0.0318408
-0.0324461
-0.033033
-0.0336003
-0.034147
-0.034672
-0.0351742
-0.0356523
-0.0361049
-0.0365306
-0.0369278
-0.037295
-0.0376303
-0.0379319
-0.0381977
-0.0384256
-0.0386132
-0.038758
-0.0388575
-0.0389089
-0.0389093
-0.0388557
-0.0387448
-0.0385735
-0.0383385
-0.0380364
-0.0376638
-0.0372175
-0.0366942
-0.0360909
-0.0354048
-0.0346333
-0.0337743
-0.0328262
-0.0317877
-0.0306585
-0.0294387
-0.0281294
-0.0267328
-0.0252518
-0.023691
-0.022056
-0.0203542
-0.0185947
-0.0167887
-0.0149497
-0.013094
-0.0112411
-0.00941397
-0.00763954
-0.00594934
-0.0043798
-0.00297265
-0.00177522
-0.000840528
-0.000227345
0
0
-8.522e-05
-0.000321671
-0.000689536
-0.00116917
-0.00174181
-0.00239011
-0.00309859
-0.00385379
-0.00464441
-0.00546116
-0.00629668
-0.00714522
-0.0080024
-0.00886499
-0.0097306
-0.0105975
-0.0114644
-0.0123304
-0.0131947
-0.0140568
-0.0149162
-0.0157724
-0.0166249
-0.0174734
-0.0183174
-0.0191563
-0.0199899
-0.0208175
-0.0216386
-0.0224528
-0.0232595
-0.0240581
-0.024848
-0.0256286
-0.0263994
-0.0271597
-0.0279088
-0.028646
-0.0293707
-0.0300821
-0.0307795
-0.031462
-0.032129
-0.0327794
-0.0334125
-0.0340274
-0.0346229
-0.0351981
-0.0357519
-0.0362831
-0.0367904
-0.0372725
-0.0377279
-0.0381551
-0.0385524
-0.0389179
-0.0392498
-0.0395459
-0.0398039
-0.0400214
-0.0401958
-0.0403243
-0.0404039
-0.0404315
-0.0404037
-0.0403173
-0.0401685
-0.0399536
-0.039669
-0.0393109
-0.0388754
-0.0383589
-0.0377579
-0.0370691
-0.0362894
-0.0354163
-0.0344477
-0.0333822
-0.0322188
-0.0309578
-0.0296
-0.0281475
-0.0266035
-0.0249728
-0.0232612
-0.0214768
-0.0196291
-0.0177302
-0.0157946
-0.0138396
-0.0118859
-0.0099578
-0.00808411
-0.00629818
-0.00463868
-0.0031499
-0.0018821
-0.000891718
-0.000241414
0
0
-8.71095e-05
-0.000328847
-0.000704987
-0.00119547
-0.00178114
-0.00244427
-0.00316904
-0.00394173
-0.00475076
-0.00558669
-0.00644198
-0.00731076
-0.00818861
-0.00907221
-0.00995914
-0.0108477
-0.0117364
-0.0126246
-0.0135114
-0.0143961
-0.0152785
-0.0161578
-0.0170338
-0.017906
-0.018774
-0.0196372
-0.0204952
-0.0213475
-0.0221935
-0.0230329
-0.023865
-0.0246892
-0.0255049
-0.0263117
-0.0271087
-0.0278955
-0.0286713
-0.0294355
-0.0301873
-0.0309261
-0.0316511
-0.0323615
-0.0330566
-0.0337355
-0.0343973
-0.035041
-0.0356658
-0.0362706
-0.0368543
-0.0374158
-0.0379537
-0.0384667
-0.0389534
-0.0394122
-0.0398414
-0.0402392
-0.0406034
-0.040932
-0.0412226
-0.0414726
-0.0416793
-0.0418396
-0.0419505
-0.0420085
-0.0420101
-0.0419514
-0.0418286
-0.0416375
-0.041374
-0.0410338
-0.0406125
-0.0401061
-0.0395104
-0.0388215
-0.0380359
-0.0371505
-0.0361628
-0.0350708
-0.0338735
-0.0325706
-0.031163
-0.0296527
-0.0280431
-0.026339
-0.0245469
-0.0226752
-0.0207343
-0.018737
-0.0166988
-0.0146381
-0.012577
-0.0105414
-0.00856167
-0.00667338
-0.0049175
-0.00334108
-0.00199759
-0.00094714
-0.00025669
0
0
-8.90037e-05
-0.000336041
-0.000720478
-0.00122184
-0.00182057
-0.00249858
-0.00323971
-0.00402995
-0.00485749
-0.00571269
-0.00658786
-0.00747705
-0.00837572
-0.00928051
-0.010189
-0.0110993
-0.0120103
-0.0129209
-0.0138303
-0.0147382
-0.0156438
-0.0165467
-0.0174466
-0.0183429
-0.0192353
-0.0201232
-0.0210061
-0.0218836
-0.0227552
-0.0236203
-0.0244783
-0.0253287
-0.0261709
-0.0270043
-0.0278283
-0.0286422
-0.0294454
-0.0302372
-0.0310169
-0.0317839
-0.0325373
-0.0332764
-0.0340004
-0.0347086
-0.0353999
-0.0360736
-0.0367288
-0.0373642
-0.037979
-0.038572
-0.0391418
-0.0396872
-0.0402068
-0.0406989
-0.0411618
-0.0415937
-0.0419925
-0.042356
-0.0426816
-0.0429668
-0.0432086
-0.0434039
-0.0435493
-0.0436412
-0.0436756
-0.0436485
-0.0435555
-0.0433921
-0.0431536
-0.0428351
-0.0424319
-0.0419391
-0.0413519
-0.040666
-0.0398771
-0.0389815
-0.0379761
-0.0368586
-0.0356274
-0.0342821
-0.0328234
-0.0312532
-0.0295751
-0.0277941
-0.0259173
-0.0239535
-0.021914
-0.0198125
-0.0176654
-0.0154925
-0.0133172
-0.011167
-0.00907436
-0.00707673
-0.00521771
-0.0035473
-0.00212241
-0.00100719
-0.000273298
0
0
-9.09009e-05
-0.000343245
-0.00073599
-0.00124825
-0.00186006
-0.00255298
-0.0033105
-0.00411833
-0.00496445
-0.005839
-0.00673416
-0.00764386
-0.0085635
-0.00948966
-0.0104199
-0.0113523
-0.0122856
-0.0132189
-0.0141514
-0.0150826
-0.0160119
-0.0169388
-0.0178629
-0.0187839
-0.0197011
-0.0206141
-0.0215225
-0.0224257
-0.0233233
-0.0242146
-0.0250992
-0.0259764
-0.0268456
-0.0277063
-0.0285579
-0.0293996
-0.0302308
-0.031051
-0.0318593
-0.0326551
-0.0334376
-0.0342062
-0.03496
-0.0356983
-0.0364202
-0.0371248
-0.0378112
-0.0384784
-0.0391254
-0.0397511
-0.0403542
-0.0409335
-0.0414874
-0.0420145
-0.042513
-0.0429811
-0.0434166
-0.0438172
-0.0441805
-0.0445037
-0.0447837
-0.0450172
-0.0452006
-0.0453299
-0.045401
-0.0454094
-0.0453503
-0.0452187
-0.0450094
-0.044717
-0.0443358
-0.0438605
-0.0432857
-0.0426059
-0.0418165
-0.040913
-0.0398916
-0.0387495
-0.0374847
-0.0360964
-0.0345851
-0.0329528
-0.0312031
-0.0293416
-0.0273756
-0.0253147
-0.023171
-0.0209591
-0.0186967
-0.0164049
-0.0141085
-0.0118367
-0.00962385
-0.00750974
-0.0055406
-0.00376956
-0.00225726
-0.00107225
-0.000291365
0
0
-9.27996e-05
-0.000350453
-0.000751506
-0.00127466
-0.00189956
-0.00260738
-0.00338131
-0.00420676
-0.00507148
-0.00596544
-0.00688066
-0.00781098
-0.00875171
-0.00969938
-0.0106515
-0.0116062
-0.0125622
-0.0135184
-0.0144743
-0.0154291
-0.0163824
-0.0173337
-0.0182825
-0.0192284
-0.020171
-0.0211097
-0.022044
-0.0229735
-0.0238976
-0.0248157
-0.0257274
-0.026632
-0.0275289
-0.0284175
-0.0292972
-0.0301673
-0.0310273
-0.0318764
-0.032714
-0.0335394
-0.0343519
-0.0351507
-0.0359351
-0.0367043
-0.0374575
-0.0381939
-0.0389126
-0.0396126
-0.0402929
-0.0409525
-0.0415901
-0.0422046
-0.0427945
-0.0433582
-0.0438941
-0.0444003
-0.0448747
-0.045315
-0.0457186
-0.0460826
-0.0464038
-0.0466788
-0.0469037
-0.0470743
-0.0471862
-0.0472343
-0.0472134
-0.0471181
-0.0469425
-0.0466804
-0.0463258
-0.0458722
-0.0453134
-0.0446434
-0.0438564
-0.0429473
-0.0419116
-0.0407459
-0.0394475
-0.0380155
-0.0364501
-0.0347532
-0.0329288
-0.0309827
-0.0289229
-0.0267596
-0.024506
-0.0221777
-0.0197936
-0.0173761
-0.0149517
-0.0125513
-0.0102111
-0.00797332
-0.00588701
-0.0040086
-0.0024027
-0.00114265
-0.000311009
0
0
-9.46982e-05
-0.000357656
-0.000767007
-0.00130104
-0.001939
-0.00266171
-0.00345202
-0.00429509
-0.00517841
-0.0060918
-0.00702713
-0.00797813
-0.00894005
-0.00990937
-0.0108835
-0.0118607
-0.0128395
-0.0138191
-0.0147986
-0.0157774
-0.016755
-0.0177311
-0.018705
-0.0196763
-0.0206447
-0.0216095
-0.0225703
-0.0235265
-0.0244777
-0.0254232
-0.0263625
-0.0272951
-0.0282202
-0.0291373
-0.0300458
-0.0309451
-0.0318344
-0.0327132
-0.0335808
-0.0344364
-0.0352795
-0.0361092
-0.0369249
-0.0377259
-0.0385113
-0.0392803
-0.0400322
-0.0407659
-0.0414806
-0.0421752
-0.0428486
-0.0434996
-0.0441268
-0.0447288
-0.0453039
-0.0458502
-0.0463656
-0.0468479
-0.0472943
-0.047702
-0.0480676
-0.0483875
-0.0486576
-0.0488734
-0.04903
-0.0491221
-0.0491441
-0.0490896
-0.0489523
-0.0487253
-0.0484016
-0.047974
-0.0474353
-0.0467785
-0.045997
-0.0450846
-0.0440363
-0.0428477
-0.0415157
-0.040039
-0.0384176
-0.0366536
-0.0347509
-0.032716
-0.0305575
-0.0282866
-0.0259173
-0.0234665
-0.0209544
-0.0184048
-0.0158457
-0.0133099
-0.0108356
-0.00846743
-0.00625716
-0.00426475
-0.00255907
-0.00121864
-0.000332331
0
0
-9.65953e-05
-0.000364847
-0.000782474
-0.00132735
-0.00197833
-0.00271587
-0.00352252
-0.00438315
-0.00528505
-0.00621785
-0.00717331
-0.00814503
-0.00912821
-0.0101193
-0.0111157
-0.0121155
-0.0131174
-0.0141204
-0.0151238
-0.016127
-0.0171293
-0.0181305
-0.0191299
-0.0201271
-0.0211217
-0.0221131
-0.0231009
-0.0240844
-0.0250632
-0.0260367
-0.0270042
-0.0279653
-0.0289192
-0.0298655
-0.0308034
-0.0317324
-0.0326517
-0.0335608
-0.0344589
-0.0353455
-0.0362199
-0.0370813
-0.037929
-0.0387624
-0.0395808
-0.0403832
-0.0411691
-0.0419374
-0.0426874
-0.0434181
-0.0441283
-0.0448171
-0.045483
-0.0461247
-0.0467406
-0.0473288
-0.0478873
-0.0484138
-0.0489057
-0.0493598
-0.0497728
-0.0501409
-0.0504597
-0.0507246
-0.0509302
-0.0510707
-0.0511399
-0.0511309
-0.0510365
-0.0508492
-0.050561
-0.0501636
-0.0496488
-0.0490087
-0.0482354
-0.047322
-0.0462622
-0.0450512
-0.0436853
-0.0421625
-0.040483
-0.0386487
-0.0366641
-0.034536
-0.0322739
-0.02989
-0.0273994
-0.0248203
-0.0221743
-0.0194868
-0.0167871
-0.01411
-0.0114955
-0.00899072
-0.00665028
-0.0045377
-0.00272634
-0.00130031
-0.000355391
0
0
-9.849e-05
-0.000372019
-0.000797885
-0.00135355
-0.00201747
-0.00276976
-0.00359265
-0.00447076
-0.00539116
-0.00634332
-0.00731886
-0.00831131
-0.00931579
-0.0103287
-0.0113474
-0.01237
-0.0133952
-0.014422
-0.0154496
-0.0164774
-0.0175048
-0.0185315
-0.0195568
-0.0205803
-0.0216016
-0.0226201
-0.0236353
-0.0246467
-0.0256536
-0.0266556
-0.0276519
-0.0286421
-0.0296255
-0.0306014
-0.0315694
-0.0325286
-0.0334785
-0.0344185
-0.0353479
-0.036266
-0.0371723
-0.038066
-0.0389464
-0.0398129
-0.0406649
-0.0415015
-0.0423221
-0.0431258
-0.0439119
-0.0446795
-0.0454276
-0.0461551
-0.0468609
-0.0475436
-0.0482018
-0.0488335
-0.049437
-0.0500098
-0.0505493
-0.0510525
-0.0515157
-0.0519352
-0.0523063
-0.0526239
-0.0528824
-0.0530755
-0.0531962
-0.0532371
-0.0531902
-0.0530469
-0.0527983
-0.0524351
-0.0519479
-0.0513273
-0.0505646
-0.0496517
-0.0485814
-0.0473478
-0.0459469
-0.0443764
-0.042636
-0.040728
-0.0386574
-0.0364315
-0.034061
-0.031559
-0.028942
-0.0262295
-0.0234445
-0.020614
-0.017769
-0.0149457
-0.0121863
-0.00954002
-0.00706428
-0.00482626
-0.00290397
-0.00138749
-0.000380194
0
0
-0.000100382
-0.000379166
-0.000813219
-0.00137959
-0.00205634
-0.00282325
-0.00366224
-0.00455768
-0.00549646
-0.00646787
-0.00746343
-0.00847656
-0.00950234
-0.0105371
-0.0115782
-0.0126238
-0.0136725
-0.0147232
-0.0157752
-0.016828
-0.0178808
-0.0189333
-0.019985
-0.0210353
-0.0220838
-0.0231299
-0.024173
-0.0252127
-0.0262483
-0.0272793
-0.028305
-0.0293248
-0.0303382
-0.0313444
-0.0323429
-0.033333
-0.0343141
-0.0352856
-0.0362467
-0.037197
-0.0381357
-0.0390622
-0.0399759
-0.0408761
-0.0417622
-0.0426335
-0.0434894
-0.0443291
-0.045152
-0.0459572
-0.0467439
-0.047511
-0.0482576
-0.0489824
-0.049684
-0.0503607
-0.0510106
-0.0516314
-0.0522206
-0.052775
-0.0532911
-0.0537646
-0.054191
-0.0545647
-0.0548797
-0.0551291
-0.0553053
-0.0554001
-0.0554046
-0.0553092
-0.0551039
-0.0547781
-0.0543212
-0.0537225
-0.052972
-0.0520603
-0.0509793
-0.0497225
-0.0482848
-0.0466639
-0.0448595
-0.042874
-0.0407131
-0.038385
-0.0359013
-0.0332766
-0.0305287
-0.0276786
-0.024751
-0.021774
-0.0187805
-0.0158081
-0.0129008
-0.0101098
-0.00749534
-0.00512805
-0.00309071
-0.00147972
-0.000406654
0
0
-0.00010227
-0.000386278
-0.00082845
-0.00140541
-0.00209485
-0.00287619
-0.00373108
-0.00464366
-0.00560062
-0.00659111
-0.00760653
-0.00864026
-0.00968728
-0.0107439
-0.0118075
-0.0128761
-0.0139484
-0.0150233
-0.0161001
-0.017178
-0.0182566
-0.0193354
-0.0204138
-0.0214913
-0.0225673
-0.0236415
-0.0247131
-0.0257816
-0.0268464
-0.0279069
-0.0289625
-0.0300125
-0.0310564
-0.0320934
-0.033123
-0.0341445
-0.0351573
-0.0361607
-0.0371541
-0.038137
-0.0391086
-0.0400684
-0.0410157
-0.04195
-0.0428707
-0.0437771
-0.0446688
-0.0455449
-0.046405
-0.0472482
-0.0480739
-0.0488812
-0.0496692
-0.0504367
-0.0511825
-0.051905
-0.0526024
-0.0532725
-0.0539128
-0.0545201
-0.0550909
-0.0556208
-0.0561048
-0.0565373
-0.0569116
-0.0572203
-0.0574552
-0.0576071
-0.0576661
-0.0576215
-0.0574621
-0.057176
-0.0567511
-0.0561754
-0.0554374
-0.0545266
-0.0534339
-0.0521517
-0.0506747
-0.0490001
-0.0471278
-0.0450608
-0.0428052
-0.0403705
-0.0377695
-0.0350183
-0.0321362
-0.0291459
-0.0260735
-0.0229488
-0.0198059
-0.0166838
-0.0136281
-0.0106918
-0.00793751
-0.00543921
-0.00328441
-0.00157607
-0.000434572
0
0
-0.000104154
-0.000393348
-0.000843545
-0.00143095
-0.00213286
-0.00292838
-0.0037989
-0.00472833
-0.00570319
-0.00671251
-0.00774759
-0.00880173
-0.00986989
-0.0109483
-0.0120344
-0.0131261
-0.0142221
-0.0153214
-0.0164231
-0.0175265
-0.0186312
-0.0197365
-0.020842
-0.0219471
-0.0230512
-0.0241538
-0.0252543
-0.0263521
-0.0274466
-0.0285371
-0.0296231
-0.0307038
-0.0317786
-0.0328469
-0.0339081
-0.0349614
-0.0360063
-0.0370421
-0.0380682
-0.0390839
-0.0400888
-0.0410822
-0.0420635
-0.0430321
-0.0439876
-0.0449293
-0.0458568
-0.0467695
-0.0476668
-0.0485482
-0.049413
-0.0502606
-0.05109
-0.0519004
-0.0526906
-0.0534592
-0.0542045
-0.0549245
-0.0556166
-0.0562777
-0.0569042
-0.0574916
-0.0580348
-0.0585277
-0.0589631
-0.0593331
-0.0596287
-0.0598396
-0.0599549
-0.0599627
-0.0598503
-0.0596047
-0.0592119
-0.0586587
-0.0579321
-0.0570203
-0.0559131
-0.0546024
-0.0530823
-0.0513499
-0.0494054
-0.0472523
-0.0448979
-0.0423528
-0.0396314
-0.0367512
-0.0337333
-0.0306022
-0.0273855
-0.0241143
-0.020824
-0.0175549
-0.0143536
-0.0112746
-0.0083824
-0.00575414
-0.00348185
-0.0016751
-0.000463594
0
0
-0.000106036
-0.000400364
-0.000858463
-0.0014561
-0.00217021
-0.00297958
-0.00386534
-0.00481123
-0.00580361
-0.0068314
-0.00788582
-0.00896012
-0.0100492
-0.0111494
-0.0122578
-0.0133727
-0.0144924
-0.0156161
-0.0167429
-0.0178721
-0.0190031
-0.0201353
-0.0212682
-0.0224013
-0.0235338
-0.0246653
-0.0257951
-0.0269227
-0.0280472
-0.0291682
-0.0302849
-0.0313967
-0.0325029
-0.0336028
-0.0346959
-0.0357813
-0.0368586
-0.037927
-0.038986
-0.0400349
-0.0410732
-0.0421002
-0.0431155
-0.0441185
-0.0451087
-0.0460856
-0.0470488
-0.0479977
-0.048932
-0.0498512
-0.0507547
-0.051642
-0.0525124
-0.0533651
-0.0541992
-0.0550133
-0.0558061
-0.0565754
-0.0573189
-0.0580336
-0.0587156
-0.0593606
-0.059963
-0.0605165
-0.0610134
-0.061445
-0.0618014
-0.0620716
-0.0622433
-0.0623032
-0.0622372
-0.0620306
-0.0616681
-0.0611348
-0.0604163
-0.0594997
-0.0583739
-0.05703
-0.0554619
-0.0536668
-0.0516454
-0.0494021
-0.0469452
-0.0442869
-0.0414431
-0.0384334
-0.0352806
-0.0320107
-0.0286531
-0.0252401
-0.0218082
-0.0183985
-0.0150583
-0.0118431
-0.00881891
-0.00606531
-0.00367855
-0.00177474
-0.000493184
0
0
-0.000107914
-0.000407307
-0.000873143
-0.00148074
-0.00220666
-0.00302942
-0.00392993
-0.00489174
-0.00590111
-0.00694687
-0.00802019
-0.00911426
-0.010224
-0.0113456
-0.0124763
-0.0136141
-0.0147577
-0.0159059
-0.0170579
-0.0182129
-0.0193704
-0.0205298
-0.0216904
-0.0228517
-0.0240129
-0.0251736
-0.0263331
-0.0274906
-0.0286456
-0.0297973
-0.0309451
-0.0320882
-0.033226
-0.0343578
-0.0354829
-0.0366007
-0.0377105
-0.0388116
-0.0399035
-0.0409855
-0.042057
-0.0431176
-0.0441666
-0.0452035
-0.046228
-0.0472395
-0.0482377
-0.0492222
-0.0501926
-0.0511486
-0.0520897
-0.0530155
-0.0539255
-0.0548191
-0.0556955
-0.0565537
-0.0573921
-0.0582091
-0.0590023
-0.0597687
-0.0605046
-0.0612054
-0.0618654
-0.0624777
-0.0630343
-0.0635257
-0.0639412
-0.0642686
-0.0644943
-0.0646036
-0.0645808
-0.0644095
-0.0640729
-0.0635544
-0.0628386
-0.0619113
-0.0607606
-0.0593774
-0.0577554
-0.0558922
-0.0537891
-0.0514517
-0.0488898
-0.046117
-0.0431513
-0.0400141
-0.0367301
-0.033327
-0.0298356
-0.0262896
-0.0227261
-0.0191868
-0.0157191
-0.012379
-0.00923316
-0.00636312
-0.0038687
-0.00187221
-0.000522597
0
0
-0.000109786
-0.000414149
-0.00088749
-0.00150467
-0.0022419
-0.00307743
-0.00399199
-0.004969
-0.00599465
-0.00705769
-0.00814927
-0.00926256
-0.0103924
-0.011535
-0.0126877
-0.0138483
-0.0150155
-0.0161882
-0.0173653
-0.0185463
-0.0197304
-0.020917
-0.0221055
-0.0232951
-0.0244853
-0.0256754
-0.0268646
-0.0280523
-0.0292379
-0.0304204
-0.0315994
-0.0327739
-0.0339433
-0.035107
-0.0362642
-0.0374141
-0.0385563
-0.0396899
-0.0408143
-0.041929
-0.0430333
-0.0441268
-0.0452088
-0.046279
-0.0473368
-0.0483819
-0.0494139
-0.0504325
-0.0514374
-0.0524283
-0.0534051
-0.0543673
-0.0553146
-0.0562465
-0.0571625
-0.0580616
-0.0589427
-0.059804
-0.0606434
-0.0614579
-0.0622439
-0.0629966
-0.0637101
-0.0643772
-0.0649892
-0.0655361
-0.0660061
-0.0663858
-0.0666603
-0.0668134
-0.0668276
-0.0666848
-0.0663666
-0.0658552
-0.0651338
-0.0641877
-0.0630044
-0.0615744
-0.0598919
-0.0579549
-0.0557659
-0.0533318
-0.0506638
-0.0477777
-0.0446932
-0.0414338
-0.038026
-0.0344994
-0.030886
-0.0272204
-0.0235403
-0.0198874
-0.0163089
-0.0128603
-0.00960852
-0.00663591
-0.00404512
-0.00196402
-0.000550851
0
0
-0.000111647
-0.00042084
-0.000901364
-0.00152761
-0.00227545
-0.00312291
-0.00405058
-0.00504181
-0.00608275
-0.00716214
-0.00827111
-0.00940282
-0.0105521
-0.0117152
-0.0128893
-0.0140723
-0.0152628
-0.0164596
-0.0176618
-0.0188685
-0.0200791
-0.0212929
-0.0225091
-0.0237271
-0.0249461
-0.0261655
-0.0273845
-0.0286024
-0.0298183
-0.0310316
-0.0322415
-0.0334472
-0.0346481
-0.0358432
-0.037032
-0.0382137
-0.0393876
-0.040553
-0.0417092
-0.0428558
-0.0439919
-0.0451172
-0.046231
-0.0473329
-0.0484224
-0.0494992
-0.050563
-0.0516135
-0.0526505
-0.0536737
-0.0546831
-0.0556783
-0.0566593
-0.0576256
-0.0585768
-0.0595123
-0.060431
-0.0613313
-0.0622113
-0.0630681
-0.063898
-0.0646962
-0.0654565
-0.0661714
-0.0668317
-0.0674265
-0.0679431
-0.0683669
-0.0686816
-0.0688693
-0.0689109
-0.0687865
-0.0684761
-0.0679609
-0.0672233
-0.0662481
-0.0650225
-0.0635375
-0.0617875
-0.0597717
-0.0574936
-0.0549618
-0.0521894
-0.0491942
-0.0459978
-0.0426256
-0.0391062
-0.0354704
-0.0317517
-0.0279852
-0.024209
-0.0204641
-0.0167971
-0.0132624
-0.00992594
-0.00687013
-0.00419932
-0.00204591
-0.000576722
0
0
-0.000113486
-0.000427299
-0.000914541
-0.00154912
-0.0023066
-0.00316484
-0.00410435
-0.00510848
-0.00616338
-0.00725782
-0.00838296
-0.00953197
-0.0106997
-0.0118823
-0.013077
-0.0142818
-0.0154949
-0.0167153
-0.017942
-0.0191741
-0.0204108
-0.0216514
-0.022895
-0.024141
-0.0253885
-0.0266369
-0.0278852
-0.0291327
-0.0303786
-0.0316221
-0.0328624
-0.0340986
-0.03533
-0.0365559
-0.0377753
-0.0389877
-0.0401922
-0.0413882
-0.0425749
-0.0437517
-0.044918
-0.0460732
-0.0472167
-0.0483481
-0.0494669
-0.0505728
-0.0516654
-0.0527445
-0.0538099
-0.0548614
-0.055899
-0.0569226
-0.057932
-0.0589271
-0.0599076
-0.0608728
-0.0618221
-0.0627539
-0.0636665
-0.064557
-0.0654218
-0.066256
-0.0670532
-0.0678056
-0.0685035
-0.0691352
-0.0696869
-0.0701429
-0.0704854
-0.0706949
-0.0707505
-0.0706305
-0.0703139
-0.0697811
-0.0690141
-0.0679977
-0.0667193
-0.0651705
-0.0633466
-0.0612479
-0.0588797
-0.0562523
-0.0533806
-0.0502844
-0.0469874
-0.0435169
-0.039903
-0.0361781
-0.0323763
-0.0285335
-0.0246873
-0.020878
-0.0171508
-0.0135583
-0.0101645
-0.00705067
-0.00432163
-0.00211296
-0.000598743
0
0
-0.000115278
-0.000433391
-0.000926681
-0.00156857
-0.00233436
-0.0032018
-0.00415143
-0.00516665
-0.00623369
-0.00734141
-0.00848103
-0.00964576
-0.0108305
-0.0120313
-0.0132454
-0.0144707
-0.0157055
-0.0169486
-0.0181989
-0.0194555
-0.0207174
-0.021984
-0.0232542
-0.0245273
-0.0258025
-0.0270789
-0.0283556
-0.0296318
-0.0309066
-0.0321791
-0.0334485
-0.034714
-0.0359746
-0.0372296
-0.0384781
-0.0397194
-0.0409526
-0.042177
-0.043392
-0.0445966
-0.0457904
-0.0469727
-0.0481429
-0.0493005
-0.050445
-0.051576
-0.0526932
-0.0537963
-0.0548851
-0.0559595
-0.0570195
-0.058065
-0.0590959
-0.0601122
-0.0611137
-0.0621
-0.0630704
-0.0640237
-0.064958
-0.0658708
-0.0667585
-0.067616
-0.0684369
-0.069213
-0.069934
-0.0705876
-0.071159
-0.0716313
-0.0719852
-0.0721996
-0.0722516
-0.0721184
-0.0717783
-0.0712113
-0.0703999
-0.069329
-0.067987
-0.0663662
-0.0644634
-0.0622803
-0.0598239
-0.0571065
-0.054145
-0.0509611
-0.0475804
-0.0440317
-0.0403465
-0.0365583
-0.0327018
-0.028813
-0.024929
-0.0210889
-0.0173358
-0.0137196
-0.0103019
-0.00716133
-0.00440157
-0.0021597
-0.000615216
0
0
-0.000116983
-0.000438905
-0.000937267
-0.00158501
-0.00235726
-0.00323176
-0.00418914
-0.00521299
-0.00628971
-0.00740829
-0.00856006
-0.00973829
-0.0109379
-0.0121549
-0.0133866
-0.0146307
-0.0158855
-0.0171497
-0.0184221
-0.0197017
-0.0209874
-0.0222784
-0.0235738
-0.0248726
-0.0261738
-0.0274766
-0.02878
-0.0300831
-0.0313848
-0.0326844
-0.0339809
-0.0352733
-0.0365608
-0.0378424
-0.0391173
-0.0403847
-0.0416436
-0.0428933
-0.0441331
-0.045362
-0.0465794
-0.0477847
-0.0489772
-0.0501562
-0.0513213
-0.0524721
-0.0536081
-0.054729
-0.0558345
-0.0569247
-0.0579993
-0.0590583
-0.0601018
-0.0611297
-0.0621418
-0.063138
-0.0641175
-0.0650794
-0.0660219
-0.0669425
-0.0678377
-0.0687025
-0.0695302
-0.0703124
-0.0710383
-0.0716949
-0.0722665
-0.072735
-0.0730798
-0.073278
-0.0733051
-0.0731374
-0.0727535
-0.072134
-0.0712619
-0.0701233
-0.0687076
-0.0670086
-0.0650244
-0.0627588
-0.0602206
-0.057424
-0.0543878
-0.0511354
-0.0476938
-0.0440933
-0.0403663
-0.036547
-0.0326705
-0.0287723
-0.0248886
-0.0210569
-0.0173178
-0.0137182
-0.0103157
-0.00718545
-0.00442815
-0.00218026
-0.00062427
0
0
-0.000118529
-0.000443508
-0.000945529
-0.0015971
-0.00237324
-0.00325184
-0.00421379
-0.00524295
-0.00632598
-0.0074521
-0.0086128
-0.00980143
-0.0110129
-0.0122434
-0.0134899
-0.0147502
-0.0160225
-0.0173053
-0.0185973
-0.0198975
-0.0212046
-0.0225176
-0.0238356
-0.0251575
-0.0264821
-0.0278086
-0.0291359
-0.0304629
-0.0317887
-0.0331122
-0.0344324
-0.0357483
-0.0370589
-0.0383634
-0.0396607
-0.0409499
-0.0422301
-0.0435004
-0.0447599
-0.0460079
-0.0472435
-0.048466
-0.0496746
-0.0508687
-0.0520476
-0.0532109
-0.054358
-0.0554885
-0.0566022
-0.0576988
-0.0587781
-0.0598402
-0.060885
-0.0619124
-0.0629224
-0.0639146
-0.0648887
-0.0658435
-0.0667777
-0.0676886
-0.0685729
-0.0694254
-0.0702396
-0.0710067
-0.0717155
-0.0723524
-0.0729008
-0.0733414
-0.0736523
-0.0738091
-0.0737861
-0.0735601
-0.0731107
-0.0724197
-0.0714714
-0.0702531
-0.068756
-0.0669757
-0.0649121
-0.0625711
-0.0599633
-0.0571045
-0.0540152
-0.05072
-0.0472474
-0.0436282
-0.0398956
-0.036084
-0.0322281
-0.0283629
-0.0245232
-0.0207445
-0.0170647
-0.0135269
-0.0101841
-0.00710655
-0.00439035
-0.00216877
-0.000623999
0
0
-0.0001198
-0.000446701
-0.000950339
-0.00160287
-0.00237938
-0.00325808
-0.00422027
-0.00525024
-0.00633504
-0.0074642
-0.00862939
-0.00982411
-0.0110433
-0.0122831
-0.0135405
-0.0148132
-0.0160991
-0.0173968
-0.0187047
-0.0200216
-0.0213463
-0.0226776
-0.0240142
-0.0253552
-0.0266992
-0.0280452
-0.029392
-0.0307385
-0.0320835
-0.0334261
-0.034765
-0.0360992
-0.0374276
-0.0387492
-0.040063
-0.0413679
-0.042663
-0.0439473
-0.0452197
-0.0464795
-0.0477257
-0.0489575
-0.050174
-0.0513744
-0.0525581
-0.0537243
-0.0548725
-0.0560022
-0.057113
-0.0582044
-0.0592763
-0.0603284
-0.0613608
-0.0623732
-0.0633656
-0.0643377
-0.0652889
-0.0662185
-0.0671249
-0.0680057
-0.0688575
-0.0696754
-0.0704525
-0.0711799
-0.0718463
-0.0724371
-0.0729353
-0.0733205
-0.0735691
-0.0736556
-0.0735548
-0.0732457
-0.0727094
-0.0719295
-0.0708918
-0.0695857
-0.0680043
-0.0661452
-0.0640104
-0.0616076
-0.058949
-0.0560519
-0.0529381
-0.0496333
-0.0461663
-0.0425686
-0.0388733
-0.0351144
-0.0313261
-0.027542
-0.0237953
-0.0201193
-0.0165485
-0.013122
-0.0098877
-0.0069097
-0.0042778
-0.00211935
-0.000612456
0
0
-0.000120618
-0.00044774
-0.000950067
-0.00159958
-0.00237164
-0.00324501
-0.00420162
-0.00522637
-0.00630683
-0.0074329
-0.00859654
-0.00979138
-0.0110124
-0.0122558
-0.0135184
-0.0147977
-0.0160917
-0.0173986
-0.0187168
-0.0200449
-0.0213814
-0.022725
-0.0240745
-0.0254285
-0.0267856
-0.0281448
-0.0295046
-0.0308639
-0.0322214
-0.0335759
-0.0349262
-0.0362711
-0.0376096
-0.0389403
-0.0402622
-0.0415743
-0.0428753
-0.0441643
-0.0454401
-0.0467019
-0.0479484
-0.0491788
-0.0503922
-0.0515876
-0.0527642
-0.0539212
-0.0550578
-0.0561734
-0.0572674
-0.0583393
-0.0593888
-0.0604154
-0.0614189
-0.0623992
-0.063356
-0.0642889
-0.0651976
-0.066081
-0.0669378
-0.0677656
-0.068561
-0.069319
-0.0700328
-0.0706935
-0.0712891
-0.0718049
-0.072223
-0.072522
-0.0726777
-0.0726637
-0.0724582
-0.0720432
-0.0714019
-0.0705198
-0.0693849
-0.0679887
-0.0663266
-0.0643981
-0.0622076
-0.0597639
-0.0570812
-0.0541777
-0.0510759
-0.0478021
-0.0443851
-0.0408563
-0.0372482
-0.0335937
-0.0299257
-0.0262763
-0.0226766
-0.019157
-0.0157487
-0.0124863
-0.00941215
-0.00658349
-0.00408218
-0.00202706
-0.000587828
0
0
-0.000120707
-0.000445573
-0.000942455
-0.00158343
-0.00234448
-0.00320523
-0.0041485
-0.00515998
-0.00622788
-0.00734261
-0.00849644
-0.00968318
-0.0108979
-0.0121367
-0.0133963
-0.0146742
-0.0159681
-0.0172761
-0.0185963
-0.0199271
-0.021267
-0.0226145
-0.023968
-0.0253261
-0.0266873
-0.0280504
-0.0294137
-0.0307761
-0.0321361
-0.0334924
-0.0348437
-0.0361887
-0.0375261
-0.0388547
-0.0401733
-0.0414806
-0.0427754
-0.0440566
-0.0453229
-0.0465733
-0.0478067
-0.0490219
-0.0502178
-0.0513934
-0.0525478
-0.0536799
-0.054789
-0.055874
-0.0569343
-0.0579693
-0.0589782
-0.0599607
-0.0609162
-0.0618445
-0.0627452
-0.0636178
-0.0644617
-0.0652761
-0.0660595
-0.0668094
-0.0675226
-0.068194
-0.0688168
-0.0693819
-0.0698771
-0.0702874
-0.0705942
-0.0707755
-0.070806
-0.0706637
-0.0703313
-0.0697932
-0.069035
-0.0680445
-0.0668123
-0.065332
-0.0636014
-0.061622
-0.0594
-0.056946
-0.0542748
-0.0514057
-0.0483613
-0.0451676
-0.0418532
-0.0384483
-0.034984
-0.0314919
-0.0280027
-0.0245464
-0.0211514
-0.0178452
-0.0146553
-0.0116115
-0.00875049
-0.00612203
-0.00379883
-0.00188877
-0.000548834
0
0
-0.000119666
-0.000438659
-0.000924305
-0.00154923
-0.00229049
-0.00312892
-0.00404853
-0.00503603
-0.00608041
-0.00717267
-0.00830545
-0.00947277
-0.0106698
-0.0118925
-0.0131377
-0.0144026
-0.0156847
-0.0169818
-0.0182921
-0.0196136
-0.0209446
-0.0222834
-0.0236283
-0.0249777
-0.0263299
-0.0276835
-0.0290369
-0.0303885
-0.031737
-0.0330807
-0.0344184
-0.0357486
-0.0370698
-0.0383808
-0.0396802
-0.0409666
-0.0422388
-0.0434954
-0.0447353
-0.045957
-0.0471594
-0.0483412
-0.0495013
-0.0506385
-0.0517515
-0.0528394
-0.0539011
-0.0549354
-0.0559416
-0.0569188
-0.057866
-0.0587828
-0.0596684
-0.0605223
-0.061344
-0.0621329
-0.0628884
-0.0636093
-0.0642942
-0.0649406
-0.0655452
-0.0661028
-0.0666067
-0.0670474
-0.0674128
-0.0676872
-0.0678519
-0.0678839
-0.0677629
-0.0674729
-0.067
-0.0663308
-0.0654538
-0.0643592
-0.0630401
-0.0614929
-0.0597173
-0.0577168
-0.0554992
-0.0530762
-0.0504632
-0.0476795
-0.0447476
-0.0416925
-0.0385414
-0.0353228
-0.0320659
-0.0287996
-0.0255524
-0.0223512
-0.0192214
-0.0161871
-0.013272
-0.0105013
-0.00790554
-0.00552697
-0.00342826
-0.00170423
-0.000495101
0
0
-0.000116897
-0.000424869
-0.000891323
-0.0014901
-0.0021999
-0.00300323
-0.00388559
-0.00483491
-0.00584114
-0.00689592
-0.00799235
-0.00912471
-0.0102882
-0.0114789
-0.0126934
-0.0139288
-0.0151824
-0.0164518
-0.017735
-0.0190298
-0.0203343
-0.0216465
-0.0229646
-0.0242868
-0.0256114
-0.0269367
-0.0282608
-0.0295823
-0.0308995
-0.0322107
-0.0335145
-0.0348094
-0.0360937
-0.037366
-0.0386249
-0.039869
-0.0410967
-0.0423067
-0.0434977
-0.0446681
-0.0458168
-0.0469423
-0.0480433
-0.0491185
-0.0501667
-0.0511865
-0.0521769
-0.0531365
-0.0540644
-0.0549594
-0.0558206
-0.0566472
-0.0574383
-0.0581933
-0.0589114
-0.059592
-0.0602342
-0.0608369
-0.0613984
-0.0619162
-0.0623868
-0.0628049
-0.0631636
-0.0634532
-0.0636615
-0.0637725
-0.063767
-0.0636283
-0.0633432
-0.0628996
-0.0622859
-0.0614916
-0.0605078
-0.0593278
-0.0579472
-0.0563646
-0.0545819
-0.0526042
-0.0504404
-0.0481027
-0.0456067
-0.0429711
-0.0402171
-0.0373682
-0.0344494
-0.0314867
-0.0285063
-0.025534
-0.022595
-0.0197128
-0.0169094
-0.0142052
-0.0116199
-0.00917398
-0.00689235
-0.00480949
-0.00297757
-0.00147692
-0.000427535
0
0
-0.000111547
-0.00040133
-0.000837863
-0.00139714
-0.00206019
-0.00281169
-0.00363895
-0.00453131
-0.00547981
-0.00647687
-0.00751608
-0.00859203
-0.0097001
-0.0108363
-0.0119972
-0.0131797
-0.0143811
-0.0155987
-0.0168303
-0.0180735
-0.0193262
-0.0205863
-0.0218518
-0.0231208
-0.0243913
-0.0256615
-0.0269296
-0.0281937
-0.0294522
-0.0307034
-0.0319455
-0.0331769
-0.0343962
-0.0356015
-0.0367915
-0.0379645
-0.0391191
-0.0402537
-0.0413669
-0.0424573
-0.0435233
-0.0445635
-0.0455766
-0.0465611
-0.0475157
-0.048439
-0.0493297
-0.0501865
-0.0510083
-0.0517937
-0.0525418
-0.0532516
-0.053922
-0.0545524
-0.0551419
-0.0556896
-0.0561946
-0.0566557
-0.0570709
-0.0574378
-0.0577523
-0.058009
-0.0582009
-0.0583179
-0.0583467
-0.058274
-0.0580883
-0.0577794
-0.0573374
-0.0567527
-0.0560169
-0.0551224
-0.0540633
-0.0528355
-0.0514372
-0.0498692
-0.0481348
-0.0462406
-0.0441957
-0.0420124
-0.0397056
-0.0372925
-0.0347924
-0.0322263
-0.029616
-0.0269842
-0.0243534
-0.0217457
-0.019182
-0.0166822
-0.0142644
-0.0119451
-0.00974003
-0.00766533
-0.00574028
-0.0039919
-0.00246182
-0.00121493
-0.000348672
0
0
-0.000102446
-0.000364324
-0.000756816
-0.00125925
-0.00185578
-0.0025337
-0.00328241
-0.00409289
-0.00495737
-0.00586918
-0.0068225
-0.00781232
-0.00883422
-0.00988435
-0.0109592
-0.0120558
-0.013171
-0.0143024
-0.0154473
-0.0166034
-0.0177684
-0.0189401
-0.0201163
-0.021295
-0.0224741
-0.0236517
-0.0248259
-0.0259949
-0.0271567
-0.0283097
-0.0294521
-0.0305821
-0.0316982
-0.0327987
-0.0338819
-0.0349463
-0.0359903
-0.0370124
-0.0380111
-0.0389848
-0.0399321
-0.0408516
-0.0417417
-0.042601
-0.0434282
-0.0442218
-0.0449806
-0.0457032
-0.0463883
-0.0470348
-0.0476414
-0.0482072
-0.0487313
-0.0492126
-0.0496505
-0.0500439
-0.0503917
-0.0506927
-0.0509447
-0.0511447
-0.0512887
-0.0513705
-0.0513819
-0.0513148
-0.0511619
-0.0509164
-0.0505706
-0.0501174
-0.0495499
-0.0488617
-0.0480475
-0.0471025
-0.0460237
-0.0448096
-0.0434603
-0.0419783
-0.0403682
-0.0386368
-0.0367932
-0.0348486
-0.0328164
-0.0307116
-0.0285505
-0.0263507
-0.0241301
-0.0219073
-0.0197002
-0.0175264
-0.0154027
-0.0133444
-0.0113656
-0.00947908
-0.00769673
-0.00603049
-0.00449452
-0.00310887
-0.00190477
-0.000931529
-0.000262962
0
0
-8.8097e-05
-0.000309373
-0.000639796
-0.00106335
-0.00156804
-0.00214417
-0.00278346
-0.00347871
-0.00422352
-0.00501225
-0.00583986
-0.00670188
-0.0075943
-0.00851349
-0.00945616
-0.0104193
-0.0113999
-0.0123956
-0.0134036
-0.0144216
-0.0154473
-0.0164785
-0.017513
-0.0185486
-0.0195835
-0.0206156
-0.0216431
-0.0226639
-0.0236765
-0.0246789
-0.0256695
-0.0266465
-0.0276084
-0.0285534
-0.0294801
-0.0303868
-0.0312721
-0.0321344
-0.0329723
-0.0337844
-0.0345691
-0.0353251
-0.0360511
-0.0367456
-0.0374074
-0.0380351
-0.0386276
-0.0391834
-0.0397016
-0.040181
-0.0406204
-0.041019
-0.0413759
-0.0416903
-0.0419613
-0.0421878
-0.0423686
-0.0425025
-0.0425868
-0.0426174
-0.0425899
-0.0425006
-0.0423465
-0.042124
-0.0418288
-0.0414565
-0.0410026
-0.0404631
-0.039834
-0.039112
-0.0382944
-0.0373792
-0.0363657
-0.0352542
-0.0340466
-0.0327462
-0.0313578
-0.0298878
-0.0283442
-0.0267366
-0.0250756
-0.023373
-0.0216415
-0.0198944
-0.018145
-0.016407
-0.0146935
-0.0130171
-0.0113899
-0.00982285
-0.00832607
-0.0069086
-0.00557878
-0.00434489
-0.00321658
-0.00220747
-0.00133899
-0.000645224
-0.000176893
0
0
-6.67959e-05
-0.000231747
-0.000478
-0.000795332
-0.00117606
-0.00161373
-0.00210257
-0.00263737
-0.00321336
-0.0038262
-0.0044719
-0.00514685
-0.0058477
-0.00657138
-0.00731502
-0.00807596
-0.00885165
-0.00963971
-0.0104378
-0.0112439
-0.0120556
-0.0128712
-0.0136885
-0.0145057
-0.0153209
-0.0161323
-0.0169383
-0.0177371
-0.0185271
-0.0193068
-0.0200744
-0.0208287
-0.021568
-0.022291
-0.0229962
-0.0236823
-0.0243479
-0.0249918
-0.0256127
-0.0262094
-0.0267806
-0.0273251
-0.0278419
-0.0283298
-0.0287877
-0.0292145
-0.0296093
-0.0299711
-0.0302989
-0.0305919
-0.0308493
-0.0310703
-0.0312543
-0.0314009
-0.0315089
-0.0315768
-0.0316026
-0.0315848
-0.0315228
-0.031415
-0.0312605
-0.0310581
-0.030806
-0.0305027
-0.0301463
-0.0297348
-0.0292666
-0.0287398
-0.0281532
-0.0275057
-0.0267968
-0.0260266
-0.0251957
-0.0243057
-0.0233589
-0.0223586
-0.0213089
-0.0202149
-0.0190825
-0.0179183
-0.0167298
-0.0155247
-0.0143114
-0.0130982
-0.0118937
-0.0107061
-0.00954369
-0.0084142
-0.00732499
-0.00628287
-0.00529412
-0.00436445
-0.00349914
-0.00270333
-0.00198286
-0.00134575
-0.000804494
-0.000378989
-9.88351e-05
0
0
-3.71499e-05
-0.000127888
-0.000264391
-0.000442469
-0.000658656
-0.000909726
-0.00119262
-0.00150444
-0.00184244
-0.00220406
-0.00258687
-0.00298862
-0.00340717
-0.00384051
-0.00428675
-0.00474407
-0.00521074
-0.00568512
-0.00616561
-0.00665068
-0.00713886
-0.00762872
-0.0081189
-0.00860806
-0.00909491
-0.00957821
-0.0100568
-0.0105294
-0.0109949
-0.0114523
-0.0119005
-0.0123385
-0.0127652
-0.0131798
-0.0135812
-0.0139685
-0.014341
-0.0146977
-0.0150378
-0.0153606
-0.0156652
-0.0159511
-0.0162174
-0.0164635
-0.0166889
-0.0168928
-0.0170747
-0.0172341
-0.0173705
-0.0174834
-0.0175723
-0.017637
-0.0176769
-0.0176921
-0.0176814
-0.0176425
-0.0175768
-0.0174846
-0.0173661
-0.0172209
-0.017049
-0.0168502
-0.0166242
-0.0163707
-0.0160895
-0.0157804
-0.0154432
-0.015078
-0.0146847
-0.0142638
-0.0138157
-0.0133414
-0.0128418
-0.0123184
-0.011773
-0.0112075
-0.0106245
-0.0100266
-0.00941686
-0.00879859
-0.00817519
-0.00755025
-0.00692743
-0.00631043
-0.00570292
-0.0051085
-0.00453067
-0.00397281
-0.00343816
-0.00292981
-0.0024507
-0.00200361
-0.00159115
-0.00121589
-0.000880576
-0.000588633
-0.000345079
-0.000157701
-3.81698e-05
0
0
0
0
0
0
0
0
0
0
0
0
0
0
0
0
0
0
0
0
0
0
0
0
0
0
0
0
0
0
0
0
0
0
0
0
0
0
0
0
0
0
0
0
0
0
0
0
0
0
0
0
0
0
0
0
0
0
0
0
0
0
0
0
0
0
0
0
0
0
0
0
0
0
0
0
0
0
0
0
0
0
0
0
0
0
0
0
0
0
0
0
0
0
0
0
0
0
0
0
0
0
)
;

boundaryField
{
    movingWall
    {
        type            calculated;
    }
    fixedWalls
    {
        type            calculated;
    }
    frontAndBack
    {
        type            empty;
    }
}


// ************************************************************************* //
