/*--------------------------------*- C++ -*----------------------------------*\
  =========                 |
  \\      /  F ield         | OpenFOAM: The Open Source CFD Toolbox
   \\    /   O peration     | Website:  https://openfoam.org
    \\  /    A nd           | Version:  11
     \\/     M anipulation  |
\*---------------------------------------------------------------------------*/
FoamFile
{
    format      ascii;
    class       volVectorField;
    location    "86";
    object      U;
}
// * * * * * * * * * * * * * * * * * * * * * * * * * * * * * * * * * * * * * //

dimensions      [0 1 -1 0 0 0 0];

internalField   nonuniform List<vector> 
10000
(
(1.66248e-06 -1.62596e-06 0)
(2.11721e-05 -1.01298e-05 0)
(6.02464e-05 -1.43623e-05 0)
(0.000101748 -1.47102e-05 0)
(0.000138561 -1.27994e-05 0)
(0.00016609 -9.75597e-06 0)
(0.000181595 -6.252e-06 0)
(0.000183835 -2.70539e-06 0)
(0.00017249 7.44393e-07 0)
(0.000147744 3.99817e-06 0)
(0.000110092 7.01469e-06 0)
(6.01706e-05 9.79467e-06 0)
(-1.3576e-06 1.23573e-05 0)
(-7.38645e-05 1.47366e-05 0)
(-0.000156791 1.69689e-05 0)
(-0.000249679 1.9091e-05 0)
(-0.00035217 2.11373e-05 0)
(-0.000463995 2.31384e-05 0)
(-0.00058497 2.51193e-05 0)
(-0.000714977 2.70995e-05 0)
(-0.000853941 2.90924e-05 0)
(-0.00100182 3.1106e-05 0)
(-0.00115857 3.31424e-05 0)
(-0.00132414 3.51994e-05 0)
(-0.00149846 3.72699e-05 0)
(-0.0016814 3.93431e-05 0)
(-0.00187278 4.14047e-05 0)
(-0.00207234 4.34374e-05 0)
(-0.00227976 4.54212e-05 0)
(-0.0024946 4.73339e-05 0)
(-0.00271635 4.91513e-05 0)
(-0.00294438 5.08476e-05 0)
(-0.00317795 5.23952e-05 0)
(-0.00341621 5.37656e-05 0)
(-0.0036582 5.49292e-05 0)
(-0.00390284 5.58556e-05 0)
(-0.00414893 5.65142e-05 0)
(-0.00439516 5.68739e-05 0)
(-0.00464011 5.6904e-05 0)
(-0.00488226 5.65744e-05 0)
(-0.00511996 5.58559e-05 0)
(-0.0053515 5.47205e-05 0)
(-0.00557508 5.31423e-05 0)
(-0.0057888 5.10973e-05 0)
(-0.00599075 4.85644e-05 0)
(-0.00617891 4.55253e-05 0)
(-0.0063513 4.1965e-05 0)
(-0.00650586 3.78719e-05 0)
(-0.00664059 3.32379e-05 0)
(-0.00675348 2.80575e-05 0)
(-0.00684259 2.23254e-05 0)
(-0.00690602 1.60352e-05 0)
(-0.00694198 9.22439e-06 0)
(-0.00694915 2.07935e-06 0)
(-0.00692655 -5.2622e-06 0)
(-0.00687324 -1.2816e-05 0)
(-0.00678858 -2.05692e-05 0)
(-0.00667213 -2.84586e-05 0)
(-0.00652374 -3.63962e-05 0)
(-0.00634364 -4.42814e-05 0)
(-0.00613245 -5.20056e-05 0)
(-0.00589121 -5.94547e-05 0)
(-0.00562137 -6.65117e-05 0)
(-0.00532481 -7.30591e-05 0)
(-0.00500384 -7.89812e-05 0)
(-0.00466117 -8.41672e-05 0)
(-0.00429989 -8.8514e-05 0)
(-0.00392343 -9.19292e-05 0)
(-0.00353555 -9.43343e-05 0)
(-0.00314024 -9.56674e-05 0)
(-0.00274169 -9.58858e-05 0)
(-0.0023442 -9.49684e-05 0)
(-0.00195212 -9.29174e-05 0)
(-0.00156973 -8.97585e-05 0)
(-0.00120123 -8.55417e-05 0)
(-0.000850568 -8.03388e-05 0)
(-0.000521424 -7.42406e-05 0)
(-0.000217103 -6.73537e-05 0)
(5.94571e-05 -5.98063e-05 0)
(0.000305736 -5.17032e-05 0)
(0.000519847 -4.3271e-05 0)
(0.000700541 -3.46809e-05 0)
(0.000847188 -2.60565e-05 0)
(0.000959691 -1.75263e-05 0)
(0.00103847 -9.22008e-06 0)
(0.00108448 -1.25652e-06 0)
(0.00109912 6.2553e-06 0)
(0.0010843 1.31955e-05 0)
(0.00104222 1.95374e-05 0)
(0.000975544 2.51952e-05 0)
(0.000887298 3.00735e-05 0)
(0.000780983 3.4048e-05 0)
(0.000660682 3.69369e-05 0)
(0.000531244 3.84634e-05 0)
(0.000398531 3.81971e-05 0)
(0.000269778 3.54834e-05 0)
(0.000153934 2.94453e-05 0)
(6.13326e-05 1.91794e-05 0)
(1.90904e-06 4.39024e-06 0)
(-9.18711e-06 -9.17087e-06 0)
(1.02995e-05 -2.12255e-05 0)
(5.65601e-05 -5.62365e-05 0)
(0.000132841 -7.11034e-05 0)
(0.00020934 -6.91892e-05 0)
(0.00027196 -5.6056e-05 0)
(0.000311035 -3.61478e-05 0)
(0.000319999 -1.25926e-05 0)
(0.000295285 1.26063e-05 0)
(0.000235372 3.80358e-05 0)
(0.000139955 6.29332e-05 0)
(9.68385e-06 8.68652e-05 0)
(-0.000154309 0.000109653 0)
(-0.000350667 0.000131275 0)
(-0.000578033 0.000151818 0)
(-0.000835133 0.000171426 0)
(-0.00112085 0.000190269 0)
(-0.00143425 0.000208517 0)
(-0.00177457 0.000226327 0)
(-0.00214124 0.000243831 0)
(-0.00253377 0.00026113 0)
(-0.00295181 0.000278289 0)
(-0.00339501 0.000295336 0)
(-0.00386302 0.000312264 0)
(-0.00435546 0.000329032 0)
(-0.00487183 0.00034557 0)
(-0.0054115 0.000361777 0)
(-0.00597368 0.00037753 0)
(-0.00655737 0.000392682 0)
(-0.00716133 0.000407069 0)
(-0.0077841 0.000420511 0)
(-0.00842392 0.000432817 0)
(-0.00907876 0.000443783 0)
(-0.00974632 0.000453199 0)
(-0.010424 0.00046085 0)
(-0.0111088 0.000466517 0)
(-0.0117976 0.000469983 0)
(-0.0124868 0.000471031 0)
(-0.0131728 0.000469449 0)
(-0.0138513 0.000465037 0)
(-0.0145182 0.0004576 0)
(-0.0151688 0.000446961 0)
(-0.0157985 0.000432958 0)
(-0.0164023 0.00041545 0)
(-0.0169752 0.000394318 0)
(-0.017512 0.00036947 0)
(-0.0180075 0.000340843 0)
(-0.0184566 0.000308406 0)
(-0.0188539 0.000272164 0)
(-0.0191944 0.00023216 0)
(-0.0194732 0.000188482 0)
(-0.0196857 0.000141266 0)
(-0.0198273 9.07209e-05 0)
(-0.0198942 3.72354e-05 0)
(-0.0198836 -1.84941e-05 0)
(-0.0197926 -7.58698e-05 0)
(-0.019619 -0.000134686 0)
(-0.0193614 -0.00019456 0)
(-0.019019 -0.000254936 0)
(-0.018592 -0.000315165 0)
(-0.0180814 -0.000374537 0)
(-0.0174891 -0.000432299 0)
(-0.0168182 -0.000487672 0)
(-0.0160727 -0.000539863 0)
(-0.0152577 -0.000588083 0)
(-0.0143794 -0.000631562 0)
(-0.0134448 -0.000669565 0)
(-0.012462 -0.000701412 0)
(-0.0114398 -0.000726496 0)
(-0.0103878 -0.000744299 0)
(-0.00931617 -0.000754413 0)
(-0.00823565 -0.000756551 0)
(-0.00715716 -0.000750566 0)
(-0.00609176 -0.000736459 0)
(-0.00505045 -0.000714381 0)
(-0.00404394 -0.000684643 0)
(-0.00308247 -0.000647703 0)
(-0.00217559 -0.000604159 0)
(-0.00133201 -0.000554728 0)
(-0.000559472 -0.000500222 0)
(0.000135608 -0.000441456 0)
(0.000747512 -0.0003796 0)
(0.00127239 -0.000315939 0)
(0.00170816 -0.000251544 0)
(0.00205412 -0.000187401 0)
(0.00231096 -0.000124489 0)
(0.00248073 -6.37565e-05 0)
(0.0025668 -6.096e-06 0)
(0.00257385 4.76777e-05 0)
(0.00250777 9.68218e-05 0)
(0.00237544 0.000140588 0)
(0.00218503 0.00017814 0)
(0.00194598 0.000208476 0)
(0.00166922 0.000230346 0)
(0.00136746 0.000242153 0)
(0.00105546 0.000241844 0)
(0.00075039 0.000226875 0)
(0.000471749 0.000194516 0)
(0.000239606 0.000142855 0)
(7.31275e-05 7.32157e-05 0)
(4.32469e-06 1.88866e-06 0)
(1.47899e-05 -6.07999e-05 0)
(7.19999e-05 -0.000132783 0)
(0.000158546 -0.000157868 0)
(0.000237888 -0.000146112 0)
(0.000292356 -0.00010831 0)
(0.000309622 -5.35731e-05 0)
(0.000281091 1.11589e-05 0)
(0.0002015 8.10014e-05 0)
(6.82764e-05 0.000152409 0)
(-0.000119242 0.000223212 0)
(-0.00036049 0.000292092 0)
(-0.000654198 0.000358397 0)
(-0.000998714 0.000421916 0)
(-0.00139226 0.000482739 0)
(-0.00183311 0.000541133 0)
(-0.00231967 0.000597453 0)
(-0.00285057 0.000652081 0)
(-0.00342463 0.000705372 0)
(-0.00404084 0.000757627 0)
(-0.00469835 0.000809067 0)
(-0.00539638 0.000859825 0)
(-0.00613416 0.000909938 0)
(-0.00691088 0.000959349 0)
(-0.00772563 0.00100791 0)
(-0.00857729 0.00105539 0)
(-0.00946453 0.00110149 0)
(-0.0103857 0.00114582 0)
(-0.011339 0.00118797 0)
(-0.012322 0.00122745 0)
(-0.013332 0.00126373 0)
(-0.0143659 0.00129627 0)
(-0.0154203 0.00132449 0)
(-0.0164911 0.0013478 0)
(-0.0175739 0.00136559 0)
(-0.0186638 0.00137727 0)
(-0.0197556 0.00138224 0)
(-0.0208436 0.00137992 0)
(-0.0219216 0.00136974 0)
(-0.0229832 0.00135119 0)
(-0.0240216 0.00132378 0)
(-0.0250298 0.00128705 0)
(-0.0260004 0.00124064 0)
(-0.0269258 0.0011842 0)
(-0.0277984 0.0011175 0)
(-0.0286105 0.00104037 0)
(-0.0293543 0.000952714 0)
(-0.0300221 0.000854561 0)
(-0.0306063 0.000746031 0)
(-0.0310998 0.00062737 0)
(-0.0314954 0.000498956 0)
(-0.0317868 0.000361335 0)
(-0.0319678 0.000215292 0)
(-0.0320331 6.19978e-05 0)
(-0.0319797 -9.71442e-05 0)
(-0.0318025 -0.000260902 0)
(-0.0314992 -0.000428347 0)
(-0.0310679 -0.000598157 0)
(-0.0305082 -0.000768716 0)
(-0.0298206 -0.000938228 0)
(-0.0290073 -0.00110477 0)
(-0.0280715 -0.00126631 0)
(-0.0270181 -0.00142076 0)
(-0.0258535 -0.00156604 0)
(-0.0245854 -0.00170004 0)
(-0.0232231 -0.00182073 0)
(-0.0217771 -0.00192619 0)
(-0.0202592 -0.00201462 0)
(-0.0186826 -0.00208443 0)
(-0.0170611 -0.00213426 0)
(-0.0154098 -0.00216301 0)
(-0.0137442 -0.00216993 0)
(-0.0120802 -0.0021546 0)
(-0.0104342 -0.00211699 0)
(-0.00882227 -0.00205746 0)
(-0.00726013 -0.00197678 0)
(-0.00576299 -0.00187614 0)
(-0.0043451 -0.00175706 0)
(-0.0030196 -0.00162144 0)
(-0.00179822 -0.00147145 0)
(-0.000691042 -0.00130939 0)
(0.000293987 -0.00113786 0)
(0.00114936 -0.000960258 0)
(0.00187118 -0.000779896 0)
(0.00245788 -0.000599633 0)
(0.00290992 -0.000422215 0)
(0.00322985 -0.000250335 0)
(0.00342224 -8.65869e-05 0)
(0.00349364 6.65934e-05 0)
(0.00345259 0.000206848 0)
(0.00330945 0.000331925 0)
(0.0030764 0.000439375 0)
(0.00276754 0.000526396 0)
(0.00239911 0.000589696 0)
(0.00198966 0.000625375 0)
(0.0015603 0.000628867 0)
(0.00113482 0.000595142 0)
(0.000739394 0.000519538 0)
(0.000400023 0.000399734 0)
(0.000142795 0.000239664 0)
(1.90572e-05 6.11825e-05 0)
(1.53645e-05 -0.000103135 0)
(6.99895e-05 -0.000209423 0)
(0.000145117 -0.000237009 0)
(0.000201865 -0.000204756 0)
(0.000220917 -0.000129669 0)
(0.000188757 -2.59463e-05 0)
(9.58513e-05 9.53402e-05 0)
(-6.3753e-05 0.000225942 0)
(-0.000293078 0.000360065 0)
(-0.000593053 0.000493799 0)
(-0.000963265 0.000624732 0)
(-0.0014024 0.00075155 0)
(-0.00190864 0.000873732 0)
(-0.00247998 0.000991291 0)
(-0.00311439 0.00110457 0)
(-0.00380996 0.0012141 0)
(-0.00456495 0.00132046 0)
(-0.00537781 0.00142419 0)
(-0.00624713 0.00152574 0)
(-0.00717162 0.00162545 0)
(-0.00815003 0.00172347 0)
(-0.00918106 0.00181979 0)
(-0.0102633 0.00191427 0)
(-0.0113952 0.00200655 0)
(-0.0125748 0.00209616 0)
(-0.0137999 0.00218248 0)
(-0.0150681 0.00226478 0)
(-0.0163761 0.00234223 0)
(-0.0177206 0.00241389 0)
(-0.0190975 0.00247878 0)
(-0.0205022 0.00253585 0)
(-0.0219297 0.00258403 0)
(-0.0233742 0.00262222 0)
(-0.0248296 0.0026493 0)
(-0.026289 0.0026642 0)
(-0.0277454 0.00266583 0)
(-0.0291908 0.00265316 0)
(-0.0306171 0.00262523 0)
(-0.0320156 0.00258111 0)
(-0.0333775 0.00251999 0)
(-0.0346934 0.00244114 0)
(-0.0359538 0.00234395 0)
(-0.037149 0.00222794 0)
(-0.0382694 0.00209278 0)
(-0.0393051 0.00193829 0)
(-0.0402466 0.00176445 0)
(-0.0410842 0.00157146 0)
(-0.0418089 0.00135969 0)
(-0.0424117 0.00112975 0)
(-0.0428845 0.000882513 0)
(-0.0432196 0.000619129 0)
(-0.0434099 0.000341197 0)
(-0.0434495 5.09341e-05 0)
(-0.043335 -0.000249403 0)
(-0.0430603 -0.000558051 0)
(-0.042623 -0.000872834 0)
(-0.0420216 -0.00119108 0)
(-0.041256 -0.00150979 0)
(-0.0403276 -0.00182567 0)
(-0.0392394 -0.00213524 0)
(-0.0379963 -0.00243489 0)
(-0.0366047 -0.0027209 0)
(-0.0350727 -0.00298953 0)
(-0.0334104 -0.00323709 0)
(-0.0316293 -0.00346 0)
(-0.0297427 -0.00365482 0)
(-0.0277653 -0.00381842 0)
(-0.0257131 -0.00394797 0)
(-0.0236036 -0.00404103 0)
(-0.021455 -0.00409568 0)
(-0.0192867 -0.00411052 0)
(-0.0171183 -0.00408476 0)
(-0.0149699 -0.00401829 0)
(-0.0128615 -0.00391166 0)
(-0.0108127 -0.00376617 0)
(-0.00884268 -0.00358379 0)
(-0.0069694 -0.0033672 0)
(-0.00520961 -0.0031197 0)
(-0.00357843 -0.00284514 0)
(-0.00208908 -0.0025478 0)
(-0.000752533 -0.00223226 0)
(0.000423023 -0.00190361 0)
(0.00142951 -0.00156834 0)
(0.00226413 -0.00123223 0)
(0.00292677 -0.000900473 0)
(0.0034199 -0.000578097 0)
(0.00374863 -0.000270029 0)
(0.00392067 1.89497e-05 0)
(0.0039463 0.000284245 0)
(0.0038384 0.000521454 0)
(0.00361221 0.000725972 0)
(0.0032853 0.000892704 0)
(0.00287782 0.0010159 0)
(0.00241253 0.00108903 0)
(0.00191494 0.00110486 0)
(0.00141341 0.00105583 0)
(0.000938764 0.000935203 0)
(0.000521706 0.000739447 0)
(0.000194944 0.000472264 0)
(2.92976e-05 0.000153713 0)
(1.34738e-05 -0.00014053 0)
(5.51434e-05 -0.000270296 0)
(0.000100991 -0.000287995 0)
(0.000114077 -0.000221864 0)
(7.48879e-05 -9.55797e-05 0)
(-3.02377e-05 7.14238e-05 0)
(-0.000210764 0.000263831 0)
(-0.000472552 0.000470107 0)
(-0.000818637 0.000682015 0)
(-0.00124998 0.000893864 0)
(-0.00176614 0.00110204 0)
(-0.00236571 0.00130451 0)
(-0.00304677 0.00150034 0)
(-0.00380713 0.00168944 0)
(-0.00464457 0.00187216 0)
(-0.00555692 0.00204917 0)
(-0.00654214 0.00222118 0)
(-0.00759834 0.0023889 0)
(-0.0087237 0.00255289 0)
(-0.00991647 0.00271351 0)
(-0.0111749 0.00287091 0)
(-0.012497 0.00302496 0)
(-0.0138807 0.0031753 0)
(-0.0153237 0.00332133 0)
(-0.0168231 0.00346221 0)
(-0.0183758 0.00359692 0)
(-0.0199781 0.00372425 0)
(-0.0216258 0.00384284 0)
(-0.0233141 0.00395123 0)
(-0.0250375 0.00404783 0)
(-0.0267899 0.00413101 0)
(-0.0285647 0.00419909 0)
(-0.0303545 0.00425038 0)
(-0.0321514 0.00428319 0)
(-0.0339469 0.00429585 0)
(-0.0357317 0.00428678 0)
(-0.0374964 0.00425444 0)
(-0.0392308 0.00419742 0)
(-0.0409244 0.00411442 0)
(-0.0425664 0.0040043 0)
(-0.0441457 0.00386608 0)
(-0.0456512 0.00369899 0)
(-0.0470713 0.00350244 0)
(-0.0483949 0.0032761 0)
(-0.0496107 0.0030199 0)
(-0.0507075 0.00273401 0)
(-0.0516749 0.00241892 0)
(-0.0525024 0.00207545 0)
(-0.0531804 0.00170472 0)
(-0.0536999 0.00130828 0)
(-0.0540526 0.000888062 0)
(-0.0542309 0.000446646 0)
(-0.054229 -1.26303e-05 0)
(-0.0540421 -0.000486686 0)
(-0.053665 -0.000972781 0)
(-0.0530954 -0.0014672 0)
(-0.0523322 -0.0019657 0)
(-0.0513758 -0.00246364 0)
(-0.0502286 -0.00295602 0)
(-0.0488945 -0.00343761 0)
(-0.0473795 -0.00390298 0)
(-0.0456915 -0.00434657 0)
(-0.0438401 -0.00476283 0)
(-0.0418368 -0.00514628 0)
(-0.0396951 -0.00549157 0)
(-0.0374301 -0.00579366 0)
(-0.0350585 -0.00604785 0)
(-0.0325988 -0.00624992 0)
(-0.0300705 -0.00639626 0)
(-0.0274945 -0.00648391 0)
(-0.0248926 -0.00651075 0)
(-0.0222872 -0.00647551 0)
(-0.0197011 -0.00637789 0)
(-0.0171574 -0.00621859 0)
(-0.0146787 -0.00599937 0)
(-0.0122871 -0.00572306 0)
(-0.0100036 -0.0053935 0)
(-0.00784796 -0.00501551 0)
(-0.00583826 -0.0045948 0)
(-0.00399048 -0.00413784 0)
(-0.00231823 -0.00365168 0)
(-0.000832332 -0.00314387 0)
(0.000459546 -0.00262259 0)
(0.00154991 -0.00209796 0)
(0.00243764 -0.00157859 0)
(0.00312472 -0.00107245 0)
(0.00361623 -0.000587288 0)
(0.00392039 -0.000130753 0)
(0.00404848 0.000289696 0)
(0.00401493 0.00066686 0)
(0.0038372 0.00099356 0)
(0.00353539 0.00126207 0)
(0.00313242 0.00146392 0)
(0.00265405 0.00158978 0)
(0.00212894 0.00162963 0)
(0.00158878 0.0015732 0)
(0.00106805 0.00141123 0)
(0.000601691 0.00113763 0)
(0.000228576 0.000752855 0)
(3.53794e-05 0.000269854 0)
(1.01023e-05 -0.000167307 0)
(3.10819e-05 -0.000302883 0)
(3.32483e-05 -0.000294115 0)
(-1.47687e-05 -0.000178169 0)
(-0.000131453 1.47224e-05 0)
(-0.000329567 0.00025983 0)
(-0.000617754 0.000537763 0)
(-0.00100122 0.000833869 0)
(-0.00148253 0.0011375 0)
(-0.00206233 0.00144126 0)
(-0.00273994 0.00174036 0)
(-0.00351377 0.00203203 0)
(-0.00438174 0.00231495 0)
(-0.0053415 0.00258883 0)
(-0.00639062 0.00285404 0)
(-0.00752674 0.00311131 0)
(-0.00874752 0.00336146 0)
(-0.0100507 0.00360528 0)
(-0.0114342 0.00384337 0)
(-0.0128956 0.00407607 0)
(-0.0144326 0.00430339 0)
(-0.0160426 0.00452501 0)
(-0.0177227 0.00474029 0)
(-0.0194698 0.00494824 0)
(-0.02128 0.00514758 0)
(-0.023149 0.00533677 0)
(-0.0250722 0.00551402 0)
(-0.0270438 0.00567736 0)
(-0.0290578 0.00582468 0)
(-0.0311073 0.00595373 0)
(-0.0331847 0.0060622 0)
(-0.0352818 0.00614775 0)
(-0.0373896 0.00620802 0)
(-0.0394985 0.0062407 0)
(-0.0415983 0.00624355 0)
(-0.0436783 0.0062144 0)
(-0.0457271 0.00615127 0)
(-0.0477332 0.0060523 0)
(-0.0496844 0.00591585 0)
(-0.0515683 0.0057405 0)
(-0.0533725 0.0055251 0)
(-0.0550845 0.00526877 0)
(-0.0566914 0.00497096 0)
(-0.058181 0.00463143 0)
(-0.059541 0.00425033 0)
(-0.0607595 0.00382818 0)
(-0.061825 0.00336591 0)
(-0.0627267 0.0028649 0)
(-0.0634545 0.00232699 0)
(-0.0639989 0.0017545 0)
(-0.0643516 0.00115034 0)
(-0.0645046 0.000518104 0)
(-0.0644529 -0.000137811 0)
(-0.0641902 -0.000813337 0)
(-0.0637126 -0.00150418 0)
(-0.0630181 -0.00220505 0)
(-0.0621061 -0.00291001 0)
(-0.0609777 -0.00361264 0)
(-0.059636 -0.00430612 0)
(-0.0580858 -0.00498329 0)
(-0.056334 -0.00563682 0)
(-0.0543894 -0.00625922 0)
(-0.0522628 -0.006843 0)
(-0.0499669 -0.00738077 0)
(-0.0475163 -0.00786538 0)
(-0.0449273 -0.00829 0)
(-0.0422182 -0.0086483 0)
(-0.0394087 -0.00893458 0)
(-0.03652 -0.00914388 0)
(-0.0335747 -0.00927217 0)
(-0.0305962 -0.00931641 0)
(-0.0276091 -0.00927476 0)
(-0.0246382 -0.00914661 0)
(-0.0217086 -0.00893271 0)
(-0.0188452 -0.00863521 0)
(-0.0160726 -0.00825769 0)
(-0.0134144 -0.00780513 0)
(-0.0108928 -0.00728389 0)
(-0.00852843 -0.00670158 0)
(-0.00633987 -0.00606694 0)
(-0.00434315 -0.00538968 0)
(-0.00255153 -0.00468026 0)
(-0.000975039 -0.0039498 0)
(0.000379731 -0.00321008 0)
(0.00150691 -0.00247497 0)
(0.00240728 -0.00175643 0)
(0.00308543 -0.00106556 0)
(0.0035495 -0.000413292 0)
(0.00381125 0.000189606 0)
(0.00388572 0.000732503 0)
(0.00379189 0.00120522 0)
(0.00355165 0.00159714 0)
(0.00318985 0.00189684 0)
(0.00273441 0.00209206 0)
(0.00221633 0.00216976 0)
(0.00166989 0.00211669 0)
(0.00113264 0.00192035 0)
(0.000643282 0.00157078 0)
(0.000245948 0.00106288 0)
(3.82498e-05 0.000399761 0)
(5.82691e-06 -0.000179288 0)
(3.27438e-07 -0.000296974 0)
(-5.27285e-05 -0.000241147 0)
(-0.000176213 -5.69691e-05 0)
(-0.00038648 0.000219259 0)
(-0.000694621 0.000557823 0)
(-0.00110774 0.000935571 0)
(-0.00162981 0.00133497 0)
(-0.00226252 0.00174322 0)
(-0.00300586 0.00215135 0)
(-0.00385867 0.00255355 0)
(-0.00481905 0.00294636 0)
(-0.00588465 0.00332811 0)
(-0.00705292 0.00369835 0)
(-0.00832122 0.00405742 0)
(-0.00968695 0.00440607 0)
(-0.0111475 0.00474517 0)
(-0.0127003 0.00507553 0)
(-0.0143427 0.00539769 0)
(-0.016072 0.00571188 0)
(-0.017885 0.00601788 0)
(-0.0197786 0.00631509 0)
(-0.021749 0.00660245 0)
(-0.0237921 0.00687851 0)
(-0.025903 0.00714143 0)
(-0.0280764 0.00738906 0)
(-0.0303062 0.00761895 0)
(-0.0325856 0.00782843 0)
(-0.0349071 0.00801466 0)
(-0.0372623 0.00817468 0)
(-0.0396423 0.00830545 0)
(-0.0420374 0.00840391 0)
(-0.044437 0.00846704 0)
(-0.0468301 0.00849189 0)
(-0.0492049 0.00847563 0)
(-0.0515494 0.0084156 0)
(-0.0538507 0.00830933 0)
(-0.0560959 0.00815462 0)
(-0.0582716 0.00794955 0)
(-0.0603644 0.0076925 0)
(-0.0623606 0.00738225 0)
(-0.0642466 0.00701792 0)
(-0.0660091 0.00659909 0)
(-0.0676348 0.00612577 0)
(-0.0691108 0.00559845 0)
(-0.0704249 0.00501812 0)
(-0.0715653 0.0043863 0)
(-0.0725207 0.00370507 0)
(-0.0732811 0.00297708 0)
(-0.073837 0.00220557 0)
(-0.0741798 0.00139445 0)
(-0.0743021 0.000548409 0)
(-0.074199 -0.000327137 0)
(-0.0738639 -0.00122675 0)
(-0.0732938 -0.00214451 0)
(-0.072487 -0.00307346 0)
(-0.0714434 -0.00400591 0)
(-0.0701649 -0.00493359 0)
(-0.0686549 -0.00584778 0)
(-0.0669191 -0.00673941 0)
(-0.064965 -0.00759916 0)
(-0.0628018 -0.00841758 0)
(-0.0604412 -0.00918522 0)
(-0.0578964 -0.00989276 0)
(-0.0551827 -0.0105311 0)
(-0.0523173 -0.0110917 0)
(-0.0493191 -0.0115665 0)
(-0.0462088 -0.0119482 0)
(-0.0430086 -0.0122303 0)
(-0.0397419 -0.0124077 0)
(-0.0364336 -0.0124764 0)
(-0.0331094 -0.0124336 0)
(-0.0297956 -0.0122785 0)
(-0.026519 -0.0120116 0)
(-0.0233064 -0.0116353 0)
(-0.0201841 -0.0111539 0)
(-0.017178 -0.0105733 0)
(-0.0143126 -0.00990141 0)
(-0.0116107 -0.00914764 0)
(-0.00909328 -0.00832303 0)
(-0.00677884 -0.00743996 0)
(-0.00468296 -0.00651195 0)
(-0.00281799 -0.00555344 0)
(-0.00119272 -0.00457961 0)
(0.000187757 -0.00360623 0)
(0.0013201 -0.00265085 0)
(0.00220707 -0.00172937 0)
(0.00285627 -0.000856407 0)
(0.00327931 -4.64265e-05 0)
(0.00349156 0.000686203 0)
(0.00351243 0.00132765 0)
(0.00336515 0.00186413 0)
(0.00307597 0.00228113 0)
(0.00267437 0.0025632 0)
(0.00219315 0.00269412 0)
(0.00166866 0.00265721 0)
(0.00114103 0.00243611 0)
(0.00065214 0.00201596 0)
(0.000250163 0.00138483 0)
(3.88405e-05 0.00053516 0)
(9.93398e-07 -0.000173434 0)
(-3.53699e-05 -0.000244618 0)
(-0.000152882 -0.000117617 0)
(-0.000363654 0.000155631 0)
(-0.000680894 0.00053323 0)
(-0.00111344 0.000981198 0)
(-0.00166616 0.00147305 0)
(-0.00234132 0.00198876 0)
(-0.0031393 0.00251366 0)
(-0.00405914 0.00303753 0)
(-0.00509898 0.00355367 0)
(-0.00625641 0.00405813 0)
(-0.00752873 0.00454893 0)
(-0.00891309 0.00502551 0)
(-0.0104066 0.00548819 0)
(-0.0120064 0.00593771 0)
(-0.0137097 0.00637493 0)
(-0.0155133 0.0068006 0)
(-0.0174143 0.00721512 0)
(-0.0194093 0.00761847 0)
(-0.0214946 0.00801016 0)
(-0.0236663 0.00838915 0)
(-0.0259197 0.00875388 0)
(-0.0282496 0.00910233 0)
(-0.0306503 0.00943202 0)
(-0.0331151 0.00974008 0)
(-0.0356369 0.0100233 0)
(-0.0382075 0.0102784 0)
(-0.040818 0.0105015 0)
(-0.0434589 0.0106892 0)
(-0.0461198 0.0108374 0)
(-0.0487894 0.0109425 0)
(-0.0514561 0.0110009 0)
(-0.0541074 0.0110088 0)
(-0.0567303 0.010963 0)
(-0.0593114 0.0108604 0)
(-0.0618369 0.010698 0)
(-0.0642927 0.0104734 0)
(-0.0666646 0.0101845 0)
(-0.0689381 0.00982964 0)
(-0.0710989 0.00940754 0)
(-0.0731328 0.0089175 0)
(-0.075026 0.00835933 0)
(-0.0767647 0.00773342 0)
(-0.0783359 0.00704073 0)
(-0.0797271 0.00628284 0)
(-0.0809263 0.00546196 0)
(-0.0819227 0.00458096 0)
(-0.082706 0.00364341 0)
(-0.0832671 0.00265353 0)
(-0.0835976 0.00161632 0)
(-0.0836901 0.000537524 0)
(-0.0835406 -0.000576333 0)
(-0.0831421 -0.00171833 0)
(-0.0824924 -0.00288085 0)
(-0.0815901 -0.00405523 0)
(-0.0804357 -0.005232 0)
(-0.0790313 -0.00640106 0)
(-0.0773808 -0.00755182 0)
(-0.0754902 -0.00867328 0)
(-0.0733671 -0.00975416 0)
(-0.0710214 -0.0107831 0)
(-0.0684647 -0.0117486 0)
(-0.0657106 -0.0126395 0)
(-0.0627746 -0.0134447 0)
(-0.0596742 -0.0141539 0)
(-0.0564286 -0.0147571 0)
(-0.0530588 -0.0152455 0)
(-0.0495876 -0.0156112 0)
(-0.046039 -0.0158475 0)
(-0.0424385 -0.0159494 0)
(-0.0388127 -0.0159132 0)
(-0.0351892 -0.0157374 0)
(-0.0315957 -0.0154223 0)
(-0.0280607 -0.0149704 0)
(-0.0246121 -0.0143864 0)
(-0.0212775 -0.013677 0)
(-0.0180836 -0.0128515 0)
(-0.0150553 -0.011921 0)
(-0.012216 -0.0108989 0)
(-0.0095864 -0.00980007 0)
(-0.00718456 -0.00864117 0)
(-0.00502521 -0.00744007 0)
(-0.00311944 -0.00621565 0)
(-0.00147442 -0.00498756 0)
(-9.33567e-05 -0.00377586 0)
(0.00102368 -0.00260156 0)
(0.00188148 -0.0014853 0)
(0.00249105 -0.000445551 0)
(0.00286783 0.000499496 0)
(0.00303077 0.00133168 0)
(0.00300405 0.0020337 0)
(0.00281493 0.00258769 0)
(0.00249407 0.00297486 0)
(0.00207565 0.00317552 0)
(0.00159774 0.00316923 0)
(0.00110248 0.00293526 0)
(0.000634303 0.00245326 0)
(0.000244168 0.00170404 0)
(3.78737e-05 0.000669704 0)
(-4.29918e-06 -0.000147456 0)
(-7.497e-05 -0.000139525 0)
(-0.000264225 8.58627e-05 0)
(-0.00057181 0.000470955 0)
(-0.00100715 0.000969271 0)
(-0.00157606 0.00154322 0)
(-0.00228064 0.00216356 0)
(-0.003121 0.00280822 0)
(-0.00409585 0.00346115 0)
(-0.00520298 0.00411114 0)
(-0.00643961 0.00475093 0)
(-0.00780268 0.00537621 0)
(-0.00928899 0.00598489 0)
(-0.0108953 0.00657634 0)
(-0.0126185 0.00715086 0)
(-0.0144553 0.00770918 0)
(-0.0164026 0.00825211 0)
(-0.0184569 0.00878023 0)
(-0.0206146 0.00929374 0)
(-0.022872 0.0097923 0)
(-0.0252246 0.010275 0)
(-0.0276675 0.0107402 0)
(-0.0301954 0.0111858 0)
(-0.0328021 0.0116092 0)
(-0.0354807 0.012007 0)
(-0.0382235 0.0123757 0)
(-0.0410221 0.0127114 0)
(-0.0438671 0.0130096 0)
(-0.0467484 0.0132662 0)
(-0.0496552 0.0134765 0)
(-0.0525759 0.013636 0)
(-0.055498 0.0137403 0)
(-0.0584086 0.013785 0)
(-0.0612941 0.0137661 0)
(-0.0641407 0.0136797 0)
(-0.0669338 0.0135223 0)
(-0.0696587 0.0132907 0)
(-0.0723007 0.0129824 0)
(-0.0748447 0.012595 0)
(-0.0772759 0.0121269 0)
(-0.0795794 0.0115771 0)
(-0.0817408 0.0109451 0)
(-0.0837459 0.0102311 0)
(-0.085581 0.00943583 0)
(-0.087233 0.00856097 0)
(-0.0886894 0.00760874 0)
(-0.0899386 0.00658213 0)
(-0.0909696 0.0054849 0)
(-0.0917728 0.00432155 0)
(-0.0923392 0.00309736 0)
(-0.0926607 0.00181839 0)
(-0.0927303 0.000491512 0)
(-0.0925445 -0.000875648 0)
(-0.0920961 -0.00227467 0)
(-0.0913837 -0.00369621 0)
(-0.0904062 -0.00512993 0)
(-0.089164 -0.00656461 0)
(-0.0876595 -0.00798838 0)
(-0.0858967 -0.00938881 0)
(-0.0838817 -0.010753 0)
(-0.0816221 -0.0120679 0)
(-0.0791277 -0.01332 0)
(-0.0764098 -0.0144961 0)
(-0.0734821 -0.015583 0)
(-0.0703599 -0.0165677 0)
(-0.0670605 -0.0174379 0)
(-0.0636032 -0.0181821 0)
(-0.0600089 -0.0187894 0)
(-0.0563004 -0.0192504 0)
(-0.0525021 -0.0195571 0)
(-0.0486398 -0.0197029 0)
(-0.0447407 -0.0196833 0)
(-0.040833 -0.0194958 0)
(-0.0369456 -0.0191404 0)
(-0.0331081 -0.0186192 0)
(-0.0293498 -0.0179372 0)
(-0.0257001 -0.017102 0)
(-0.0221874 -0.0161238 0)
(-0.018839 -0.0150153 0)
(-0.0156802 -0.013792 0)
(-0.0127345 -0.0124714 0)
(-0.0100221 -0.0110731 0)
(-0.0075604 -0.00961848 0)
(-0.00536291 -0.00813028 0)
(-0.00343916 -0.00663221 0)
(-0.00179436 -0.00514869 0)
(-0.000429424 -0.00370436 0)
(0.000659405 -0.00232353 0)
(0.0014791 -0.00103248 0)
(0.00204479 0.000146751 0)
(0.00237482 0.00119142 0)
(0.00249337 0.00208002 0)
(0.00242862 0.00279113 0)
(0.00221214 0.00330241 0)
(0.00187919 0.00359044 0)
(0.00146916 0.00363077 0)
(0.00102577 0.00339801 0)
(0.000595298 0.0028661 0)
(0.000230428 0.00200873 0)
(3.58563e-05 0.000798643 0)
(-9.94692e-06 -9.96351e-05 0)
(-0.000117611 2.3324e-05 0)
(-0.000384435 0.000376755 0)
(-0.000796603 0.000898268 0)
(-0.00135904 0.00153778 0)
(-0.00207404 0.00225483 0)
(-0.00294047 0.00301809 0)
(-0.00395585 0.00380407 0)
(-0.00511691 0.00459575 0)
(-0.00641993 0.0053814 0)
(-0.00786103 0.00615348 0)
(-0.0094363 0.00690759 0)
(-0.011142 0.00764166 0)
(-0.0129743 0.00835511 0)
(-0.0149298 0.00904827 0)
(-0.0170049 0.00972185 0)
(-0.019196 0.0103765 0)
(-0.0214992 0.0110127 0)
(-0.0239106 0.0116303 0)
(-0.0264255 0.0122285 0)
(-0.029039 0.0128058 0)
(-0.0317453 0.0133601 0)
(-0.0345383 0.0138885 0)
(-0.0374107 0.0143876 0)
(-0.0403546 0.0148534 0)
(-0.0433613 0.0152815 0)
(-0.0464212 0.0156669 0)
(-0.0495238 0.0160047 0)
(-0.052658 0.0162897 0)
(-0.0558116 0.0165166 0)
(-0.058972 0.0166801 0)
(-0.0621258 0.0167753 0)
(-0.065259 0.016797 0)
(-0.0683572 0.0167409 0)
(-0.0714056 0.0166026 0)
(-0.0743891 0.0163784 0)
(-0.0772923 0.0160649 0)
(-0.0800999 0.0156594 0)
(-0.0827966 0.0151598 0)
(-0.0853672 0.0145644 0)
(-0.0877967 0.0138725 0)
(-0.0900704 0.0130841 0)
(-0.0921744 0.0121996 0)
(-0.094095 0.0112206 0)
(-0.0958192 0.0101492 0)
(-0.0973349 0.00898854 0)
(-0.0986307 0.00774236 0)
(-0.099696 0.00641536 0)
(-0.100521 0.00501302 0)
(-0.101099 0.00354166 0)
(-0.101419 0.00200842 0)
(-0.101477 0.000421267 0)
(-0.101269 -0.00121105 0)
(-0.100788 -0.00287867 0)
(-0.100033 -0.00457061 0)
(-0.099002 -0.00627486 0)
(-0.0976964 -0.00797858 0)
(-0.0961183 -0.00966817 0)
(-0.0942716 -0.0113295 0)
(-0.0921618 -0.0129478 0)
(-0.0897965 -0.0145082 0)
(-0.0871848 -0.0159954 0)
(-0.0843379 -0.0173942 0)
(-0.0812688 -0.0186894 0)
(-0.0779924 -0.0198664 0)
(-0.0745257 -0.0209107 0)
(-0.0708874 -0.0218089 0)
(-0.0670982 -0.0225485 0)
(-0.0631807 -0.0231182 0)
(-0.0591592 -0.0235083 0)
(-0.0550597 -0.023711 0)
(-0.0509096 -0.0237202 0)
(-0.0467376 -0.0235327 0)
(-0.0425736 -0.0231475 0)
(-0.0384479 -0.0225664 0)
(-0.0343915 -0.0217945 0)
(-0.0304351 -0.0208395 0)
(-0.026609 -0.0197127 0)
(-0.0229425 -0.0184282 0)
(-0.0194635 -0.0170034 0)
(-0.0161975 -0.0154581 0)
(-0.0131676 -0.0138151 0)
(-0.0103938 -0.0120991 0)
(-0.00789217 -0.0103367 0)
(-0.00567487 -0.00855587 0)
(-0.00374951 -0.00678554 0)
(-0.002119 -0.00505509 0)
(-0.000781266 -0.00339386 0)
(0.000270683 -0.00183069 0)
(0.00104779 -0.000395939 0)
(0.00156836 0.00088316 0)
(0.00185487 0.00197987 0)
(0.00193638 0.00286892 0)
(0.00184523 0.00352423 0)
(0.00161755 0.00391849 0)
(0.00129375 0.00402303 0)
(0.000918679 0.00380772 0)
(0.000539879 0.0032409 0)
(0.000210929 0.00228961 0)
(3.31435e-05 0.000918473 0)
(-1.58638e-05 -2.86e-05 0)
(-0.000162682 0.000247844 0)
(-0.000511715 0.000760985 0)
(-0.00103459 0.00144501 0)
(-0.00173127 0.0022471 0)
(-0.00260004 0.0031248 0)
(-0.00363616 0.00404545 0)
(-0.00483418 0.00498476 0)
(-0.00618859 0.00592534 0)
(-0.00769394 0.00685536 0)
(-0.00934505 0.00776739 0)
(-0.0111371 0.00865723 0)
(-0.0130655 0.00952299 0)
(-0.015126 0.0103643 0)
(-0.0173148 0.0111815 0)
(-0.0196277 0.0119754 0)
(-0.0220608 0.0127465 0)
(-0.0246098 0.0134949 0)
(-0.02727 0.01422 0)
(-0.0300364 0.0149207 0)
(-0.0329032 0.0155948 0)
(-0.035864 0.0162395 0)
(-0.0389115 0.0168512 0)
(-0.0420378 0.0174255 0)
(-0.045234 0.0179577 0)
(-0.0484902 0.0184423 0)
(-0.0517958 0.0188739 0)
(-0.0551395 0.0192464 0)
(-0.0585089 0.0195539 0)
(-0.0618911 0.0197905 0)
(-0.0652725 0.0199501 0)
(-0.0686387 0.0200273 0)
(-0.0719752 0.0200165 0)
(-0.0752667 0.0199127 0)
(-0.0784979 0.0197116 0)
(-0.0816533 0.019409 0)
(-0.0847171 0.0190016 0)
(-0.0876737 0.0184867 0)
(-0.0905077 0.0178622 0)
(-0.0932037 0.017127 0)
(-0.0957469 0.0162804 0)
(-0.0981229 0.0153229 0)
(-0.100318 0.0142556 0)
(-0.102318 0.0130807 0)
(-0.104111 0.011801 0)
(-0.105685 0.0104203 0)
(-0.107029 0.00894342 0)
(-0.108132 0.00737585 0)
(-0.108987 0.00572409 0)
(-0.109584 0.00399547 0)
(-0.109916 0.00219819 0)
(-0.109977 0.000341288 0)
(-0.109763 -0.00156542 0)
(-0.109269 -0.00351076 0)
(-0.108492 -0.00548216 0)
(-0.107431 -0.0074661 0)
(-0.106087 -0.00944815 0)
(-0.104462 -0.0114131 0)
(-0.102558 -0.0133452 0)
(-0.100382 -0.0152281 0)
(-0.0979401 -0.0170449 0)
(-0.0952405 -0.0187786 0)
(-0.0922939 -0.0204121 0)
(-0.0891126 -0.0219285 0)
(-0.0857107 -0.0233109 0)
(-0.0821044 -0.0245431 0)
(-0.0783119 -0.0256097 0)
(-0.0743533 -0.0264962 0)
(-0.0702507 -0.0271896 0)
(-0.0660283 -0.0276783 0)
(-0.0617117 -0.0279527 0)
(-0.0573287 -0.0280055 0)
(-0.0529082 -0.027832 0)
(-0.0484806 -0.0274302 0)
(-0.0440774 -0.0268014 0)
(-0.0397305 -0.0259502 0)
(-0.0354724 -0.0248846 0)
(-0.031335 -0.0236164 0)
(-0.0273497 -0.0221608 0)
(-0.0235467 -0.020537 0)
(-0.0199543 -0.0187671 0)
(-0.0165981 -0.0168766 0)
(-0.0135009 -0.0148938 0)
(-0.0106818 -0.012849 0)
(-0.00815556 -0.0107746 0)
(-0.0059326 -0.00870429 0)
(-0.00401825 -0.00667232 0)
(-0.00241259 -0.00471327 0)
(-0.00111034 -0.00286153 0)
(-0.000101057 -0.00115095 0)
(0.000631379 0.000384962 0)
(0.00110698 0.00171206 0)
(0.00135475 0.00280079 0)
(0.0014077 0.00362121 0)
(0.00130267 0.00414194 0)
(0.00108083 0.00433003 0)
(0.000787817 0.00415064 0)
(0.000471998 0.0035668 0)
(0.000187252 0.00253954 0)
(2.99913e-05 0.00102666 0)
(-2.19776e-05 6.68457e-05 0)
(-0.000209644 0.000537142 0)
(-0.000644517 0.00124329 0)
(-0.00128283 0.002117 0)
(-0.00211917 0.00310372 0)
(-0.00314752 0.00415989 0)
(-0.0043591 0.0052523 0)
(-0.00574528 0.00635659 0)
(-0.00729805 0.00745561 0)
(-0.00901005 0.00853796 0)
(-0.0108746 0.00959668 0)
(-0.0128859 0.0106281 0)
(-0.0150385 0.0116307 0)
(-0.0173276 0.0126045 0)
(-0.0197487 0.01355 0)
(-0.0222973 0.0144679 0)
(-0.024969 0.0153587 0)
(-0.027759 0.016222 0)
(-0.0306621 0.017057 0)
(-0.0336726 0.0178617 0)
(-0.036784 0.0186334 0)
(-0.0399892 0.0193684 0)
(-0.0432801 0.0200624 0)
(-0.0466479 0.0207101 0)
(-0.0500827 0.0213058 0)
(-0.0535739 0.0218433 0)
(-0.0571099 0.0223163 0)
(-0.0606783 0.0227178 0)
(-0.0642662 0.0230413 0)
(-0.0678597 0.0232801 0)
(-0.0714444 0.0234277 0)
(-0.0750056 0.0234779 0)
(-0.0785279 0.023425 0)
(-0.0819958 0.0232637 0)
(-0.0853935 0.0229892 0)
(-0.0887052 0.0225976 0)
(-0.0919152 0.0220854 0)
(-0.0950077 0.02145 0)
(-0.0979673 0.0206898 0)
(-0.100779 0.0198037 0)
(-0.103428 0.0187917 0)
(-0.1059 0.0176547 0)
(-0.108181 0.0163945 0)
(-0.110259 0.0150138 0)
(-0.112121 0.0135163 0)
(-0.113756 0.0119066 0)
(-0.115154 0.0101902 0)
(-0.116304 0.0083738 0)
(-0.117197 0.00646465 0)
(-0.117827 0.0044711 0)
(-0.118184 0.00240236 0)
(-0.118265 0.000268453 0)
(-0.118064 -0.00191978 0)
(-0.117576 -0.00414998 0)
(-0.116799 -0.00640817 0)
(-0.115732 -0.0086794 0)
(-0.114374 -0.0109478 0)
(-0.112727 -0.0131968 0)
(-0.110794 -0.0154088 0)
(-0.108578 -0.017566 0)
(-0.106086 -0.0196498 0)
(-0.103326 -0.0216415 0)
(-0.100306 -0.0235221 0)
(-0.097039 -0.0252727 0)
(-0.0935373 -0.0268746 0)
(-0.0898163 -0.0283096 0)
(-0.0858934 -0.0295601 0)
(-0.0817878 -0.0306097 0)
(-0.0775211 -0.0314434 0)
(-0.0731168 -0.0320475 0)
(-0.0686005 -0.0324107 0)
(-0.0639997 -0.0325239 0)
(-0.0593436 -0.0323809 0)
(-0.054663 -0.0319784 0)
(-0.0499902 -0.0313166 0)
(-0.0453583 -0.0303996 0)
(-0.0408011 -0.0292351 0)
(-0.0363524 -0.0278354 0)
(-0.0320457 -0.0262164 0)
(-0.0279136 -0.0243987 0)
(-0.0239869 -0.0224067 0)
(-0.0202943 -0.0202683 0)
(-0.0168616 -0.0180152 0)
(-0.0137108 -0.0156818 0)
(-0.0108599 -0.0133048 0)
(-0.00832225 -0.0109226 0)
(-0.00610589 -0.00857478 0)
(-0.00421348 -0.00630136 0)
(-0.00264192 -0.00414234 0)
(-0.00138242 -0.0021373 0)
(-0.000420362 -0.00032496 0)
(0.000264636 0.00125655 0)
(0.000697304 0.00256823 0)
(0.000911475 0.00357631 0)
(0.000944491 0.00424539 0)
(0.000838155 0.00453825 0)
(0.00063863 0.00441549 0)
(0.000394845 0.00383522 0)
(0.000160632 0.00275314 0)
(2.65861e-05 0.00112142 0)
(-2.8317e-05 0.000187578 0)
(-0.00025814 0.00089363 0)
(-0.000781494 0.00182722 0)
(-0.00153865 0.00291858 0)
(-0.00251853 0.00411239 0)
(-0.00371044 0.00536491 0)
(-0.00510135 0.00664327 0)
(-0.00667918 0.00792379 0)
(-0.00843326 0.00919018 0)
(-0.0103541 0.010432 0)
(-0.0124337 0.0116433 0)
(-0.0146647 0.0128211 0)
(-0.017041 0.0139648 0)
(-0.0195571 0.0150745 0)
(-0.0222079 0.0161513 0)
(-0.0249885 0.0171958 0)
(-0.0278938 0.0182082 0)
(-0.0309187 0.019188 0)
(-0.0340573 0.0201337 0)
(-0.0373034 0.0210427 0)
(-0.0406498 0.0219115 0)
(-0.0440886 0.0227357 0)
(-0.047611 0.0235099 0)
(-0.0512073 0.0242281 0)
(-0.054867 0.0248836 0)
(-0.0585786 0.0254695 0)
(-0.0623296 0.0259783 0)
(-0.0661072 0.0264027 0)
(-0.0698975 0.0267353 0)
(-0.0736861 0.0269687 0)
(-0.0774581 0.027096 0)
(-0.0811983 0.0271107 0)
(-0.084891 0.0270066 0)
(-0.0885205 0.0267783 0)
(-0.0920709 0.026421 0)
(-0.0955262 0.0259306 0)
(-0.0988708 0.025304 0)
(-0.102089 0.0245387 0)
(-0.105166 0.0236334 0)
(-0.108086 0.0225874 0)
(-0.110836 0.0214012 0)
(-0.113401 0.0200763 0)
(-0.115769 0.0186151 0)
(-0.117926 0.017021 0)
(-0.119861 0.0152985 0)
(-0.121563 0.0134529 0)
(-0.123022 0.0114908 0)
(-0.124228 0.00941936 0)
(-0.125172 0.00724699 0)
(-0.125848 0.00498289 0)
(-0.126247 0.0026372 0)
(-0.126364 0.000220863 0)
(-0.126196 -0.00225434 0)
(-0.125735 -0.00477506 0)
(-0.12498 -0.00732606 0)
(-0.123929 -0.00989109 0)
(-0.122581 -0.012453 0)
(-0.120936 -0.0149938 0)
(-0.118997 -0.0174945 0)
(-0.116767 -0.0199356 0)
(-0.11425 -0.0222971 0)
(-0.111454 -0.0245584 0)
(-0.108386 -0.0266988 0)
(-0.105057 -0.0286974 0)
(-0.101479 -0.0305336 0)
(-0.0976663 -0.0321871 0)
(-0.0936346 -0.0336383 0)
(-0.0894025 -0.0348686 0)
(-0.0849906 -0.0358607 0)
(-0.0804219 -0.036599 0)
(-0.0757213 -0.03707 0)
(-0.0709163 -0.0372626 0)
(-0.066036 -0.0371688 0)
(-0.0611116 -0.0367837 0)
(-0.0561759 -0.0361062 0)
(-0.0512633 -0.0351394 0)
(-0.0464087 -0.0338906 0)
(-0.0416478 -0.0323717 0)
(-0.0370162 -0.0305996 0)
(-0.032549 -0.0285957 0)
(-0.0282797 -0.0263862 0)
(-0.0242401 -0.0240018 0)
(-0.0204592 -0.0214771 0)
(-0.0169622 -0.0188504 0)
(-0.0137707 -0.0161629 0)
(-0.0109012 -0.0134581 0)
(-0.00836482 -0.0107808 0)
(-0.00616714 -0.00817692 0)
(-0.0043076 -0.0056923 0)
(-0.00277951 -0.0033725 0)
(-0.00157001 -0.00126222 0)
(-0.000659502 0.000594827 0)
(-2.49157e-05 0.00215385 0)
(0.000366103 0.00337415 0)
(0.000550979 0.00421536 0)
(0.000571908 0.00463624 0)
(0.000475439 0.00459307 0)
(0.000310918 0.00403943 0)
(0.000132018 0.00292641 0)
(2.30629e-05 0.00120156 0)
(-3.48052e-05 0.000334208 0)
(-0.000307703 0.00131903 0)
(-0.000921348 0.00251527 0)
(-0.00179958 0.0038527 0)
(-0.00292536 0.00527621 0)
(-0.00428313 0.00674288 0)
(-0.00585539 0.00822107 0)
(-0.00762644 0.00968856 0)
(-0.00958279 0.0111306 0)
(-0.0117129 0.0125384 0)
(-0.0140068 0.0139073 0)
(-0.0164562 0.0152355 0)
(-0.0190539 0.0165232 0)
(-0.0217938 0.0177715 0)
(-0.0246701 0.0189814 0)
(-0.0276773 0.0201539 0)
(-0.0308099 0.0212889 0)
(-0.0340622 0.0223855 0)
(-0.0374278 0.0234417 0)
(-0.0408998 0.0244541 0)
(-0.0444706 0.0254186 0)
(-0.0481314 0.0263296 0)
(-0.0518729 0.0271811 0)
(-0.0556846 0.0279661 0)
(-0.0595552 0.028677 0)
(-0.0634727 0.0293059 0)
(-0.067424 0.0298448 0)
(-0.0713955 0.0302856 0)
(-0.075373 0.0306201 0)
(-0.0793417 0.0308407 0)
(-0.0832863 0.0309399 0)
(-0.0871912 0.0309108 0)
(-0.0910409 0.0307472 0)
(-0.0948193 0.0304435 0)
(-0.0985107 0.0299949 0)
(-0.102099 0.0293975 0)
(-0.10557 0.0286482 0)
(-0.108906 0.0277451 0)
(-0.112094 0.0266869 0)
(-0.11512 0.0254738 0)
(-0.117968 0.0241066 0)
(-0.120627 0.0225874 0)
(-0.123082 0.0209192 0)
(-0.125322 0.0191062 0)
(-0.127336 0.0171536 0)
(-0.129112 0.0150674 0)
(-0.130642 0.0128549 0)
(-0.131915 0.0105243 0)
(-0.132923 0.00808469 0)
(-0.13366 0.00554611 0)
(-0.134116 0.00291956 0)
(-0.134288 0.000216804 0)
(-0.134169 -0.00254953 0)
(-0.133756 -0.00536528 0)
(-0.133043 -0.0082141 0)
(-0.13203 -0.0110786 0)
(-0.130713 -0.0139405 0)
(-0.129093 -0.0167805 0)
(-0.127172 -0.0195783 0)
(-0.12495 -0.0223129 0)
(-0.122432 -0.0249626 0)
(-0.119622 -0.0275054 0)
(-0.116529 -0.0299186 0)
(-0.113161 -0.0321796 0)
(-0.109529 -0.0342656 0)
(-0.105645 -0.0361543 0)
(-0.101525 -0.037824 0)
(-0.0971855 -0.0392538 0)
(-0.0926465 -0.040424 0)
(-0.0879298 -0.0413168 0)
(-0.0830601 -0.0419164 0)
(-0.0780639 -0.0422094 0)
(-0.0729706 -0.0421857 0)
(-0.0678114 -0.0418385 0)
(-0.0626197 -0.041165 0)
(-0.0574305 -0.0401669 0)
(-0.0522804 -0.0388506 0)
(-0.0472065 -0.0372278 0)
(-0.0422468 -0.0353152 0)
(-0.0374386 -0.0331351 0)
(-0.0328185 -0.0307153 0)
(-0.0284214 -0.0280887 0)
(-0.0242796 -0.0252929 0)
(-0.0204222 -0.02237 0)
(-0.0168742 -0.0193656 0)
(-0.0136558 -0.0163282 0)
(-0.0107816 -0.0133085 0)
(-0.00826051 -0.0103583 0)
(-0.0060948 -0.00752969 0)
(-0.0042803 -0.00487467 0)
(-0.00280622 -0.00244432 0)
(-0.00165487 -0.000288626 0)
(-0.000802889 0.00154243 0)
(-0.000221064 0.00300028 0)
(0.000128206 0.00403973 0)
(0.000286806 0.00461413 0)
(0.000301521 0.0046758 0)
(0.000222097 0.00417422 0)
(0.000102106 0.00305646 0)
(1.95154e-05 0.0012663 0)
(-4.139e-05 0.000507226 0)
(-0.000357906 0.00181446 0)
(-0.00106282 0.00330895 0)
(-0.00206319 0.00492099 0)
(-0.00333584 0.00659675 0)
(-0.00486016 0.00829511 0)
(-0.00661402 0.00998657 0)
(-0.00857802 0.0116512 0)
(-0.0107358 0.0132766 0)
(-0.0130734 0.014856 0)
(-0.0155794 0.0163867 0)
(-0.018244 0.0178684 0)
(-0.0210592 0.0193024 0)
(-0.0240179 0.0206907 0)
(-0.0271137 0.0220348 0)
(-0.0303408 0.0233356 0)
(-0.0336929 0.0245931 0)
(-0.037164 0.0258059 0)
(-0.040747 0.0269713 0)
(-0.0444345 0.0280854 0)
(-0.0482182 0.0291431 0)
(-0.052089 0.030138 0)
(-0.0560366 0.031063 0)
(-0.0600503 0.0319104 0)
(-0.064118 0.0326716 0)
(-0.0682271 0.0333382 0)
(-0.0723642 0.0339011 0)
(-0.0765153 0.0343517 0)
(-0.0806657 0.0346813 0)
(-0.0848005 0.0348818 0)
(-0.0889041 0.0349455 0)
(-0.0929611 0.0348652 0)
(-0.0969557 0.0346345 0)
(-0.100872 0.034248 0)
(-0.104695 0.0337009 0)
(-0.108408 0.0329894 0)
(-0.111997 0.0321109 0)
(-0.115447 0.0310636 0)
(-0.118743 0.0298469 0)
(-0.121871 0.0284611 0)
(-0.124818 0.0269079 0)
(-0.127571 0.0251898 0)
(-0.130117 0.0233106 0)
(-0.132446 0.021275 0)
(-0.134545 0.0190888 0)
(-0.136404 0.016759 0)
(-0.138015 0.0142935 0)
(-0.139366 0.011701 0)
(-0.140452 0.0089916 0)
(-0.141263 0.00617598 0)
(-0.141792 0.00326591 0)
(-0.142034 0.00027387 0)
(-0.141984 -0.00278677 0)
(-0.141635 -0.00590115 0)
(-0.140984 -0.00905205 0)
(-0.140027 -0.0122211 0)
(-0.138763 -0.015389 0)
(-0.137189 -0.0185352 0)
(-0.135305 -0.0216382 0)
(-0.133113 -0.0246756 0)
(-0.130615 -0.0276243 0)
(-0.127814 -0.0304605 0)
(-0.124717 -0.0331598 0)
(-0.121331 -0.0356978 0)
(-0.117665 -0.0380498 0)
(-0.113731 -0.0401912 0)
(-0.109542 -0.0420981 0)
(-0.105114 -0.0437471 0)
(-0.100465 -0.0451164 0)
(-0.0956176 -0.0461855 0)
(-0.0905938 -0.046936 0)
(-0.0854203 -0.0473522 0)
(-0.0801258 -0.0474214 0)
(-0.0747417 -0.0471347 0)
(-0.0693017 -0.0464871 0)
(-0.0638415 -0.0454787 0)
(-0.0583987 -0.0441145 0)
(-0.0530123 -0.0424052 0)
(-0.0477221 -0.0403674 0)
(-0.0425682 -0.0380238 0)
(-0.0375899 -0.0354032 0)
(-0.0328256 -0.0325405 0)
(-0.0283111 -0.029476 0)
(-0.0240794 -0.0262555 0)
(-0.0201595 -0.022929 0)
(-0.0165756 -0.0195503 0)
(-0.0133462 -0.0161758 0)
(-0.0104838 -0.0128635 0)
(-0.00799409 -0.00967226 0)
(-0.00587575 -0.00666094 0)
(-0.00412039 -0.00388744 0)
(-0.00271248 -0.00140847 0)
(-0.00162921 0.000720546 0)
(-0.00084375 0.00244292 0)
(-0.000319226 0.00370755 0)
(-1.37345e-05 0.00446321 0)
(0.000119222 0.00465731 0)
(0.000129714 0.00423542 0)
(7.13814e-05 0.00314115 0)
(1.60046e-05 0.00131519 0)
(-4.8023e-05 0.000706874 0)
(-0.000408323 0.00238042 0)
(-0.00120467 0.00420878 0)
(-0.00232712 0.00612384 0)
(-0.00374624 0.00807408 0)
(-0.00543624 0.0100212 0)
(-0.00737031 0.0119389 0)
(-0.00952525 0.0138103 0)
(-0.0118817 0.015626 0)
(-0.0144235 0.017382 0)
(-0.0171375 0.0190779 0)
(-0.0200125 0.0207153 0)
(-0.0230394 0.0222971 0)
(-0.0262105 0.023826 0)
(-0.0295187 0.0253043 0)
(-0.0329574 0.0267331 0)
(-0.0365202 0.0281121 0)
(-0.0402002 0.0294395 0)
(-0.04399 0.0307122 0)
(-0.0478817 0.0319253 0)
(-0.0518664 0.033073 0)
(-0.0559345 0.034148 0)
(-0.0600752 0.0351424 0)
(-0.0642772 0.0360473 0)
(-0.0685282 0.0368537 0)
(-0.072815 0.0375521 0)
(-0.077124 0.038133 0)
(-0.0814408 0.038587 0)
(-0.0857507 0.0389052 0)
(-0.0900386 0.039079 0)
(-0.094289 0.0391004 0)
(-0.0984866 0.0389623 0)
(-0.102616 0.0386581 0)
(-0.106661 0.0381825 0)
(-0.110607 0.0375309 0)
(-0.114438 0.0366998 0)
(-0.11814 0.0356869 0)
(-0.121699 0.0344906 0)
(-0.1251 0.033111 0)
(-0.128331 0.0315489 0)
(-0.131377 0.0298064 0)
(-0.134227 0.0278866 0)
(-0.136868 0.0257939 0)
(-0.13929 0.0235336 0)
(-0.141482 0.0211121 0)
(-0.143432 0.0185371 0)
(-0.145133 0.0158171 0)
(-0.146574 0.0129615 0)
(-0.147749 0.00998092 0)
(-0.148647 0.00688681 0)
(-0.149264 0.00369155 0)
(-0.149591 0.000408261 0)
(-0.149624 -0.00294904 0)
(-0.149357 -0.00636493 0)
(-0.148785 -0.00982152 0)
(-0.147903 -0.0132997 0)
(-0.146708 -0.016779 0)
(-0.145199 -0.0202381 0)
(-0.143372 -0.0236541 0)
(-0.141229 -0.0270034 0)
(-0.138771 -0.0302615 0)
(-0.135999 -0.0334029 0)
(-0.132918 -0.0364018 0)
(-0.129534 -0.0392317 0)
(-0.125854 -0.041866 0)
(-0.121889 -0.0442779 0)
(-0.117651 -0.0464412 0)
(-0.113154 -0.0483302 0)
(-0.108414 -0.0499204 0)
(-0.103453 -0.0511886 0)
(-0.0982916 -0.0521138 0)
(-0.0929557 -0.0526775 0)
(-0.0874736 -0.0528643 0)
(-0.0818763 -0.0526627 0)
(-0.0761975 -0.0520653 0)
(-0.0704736 -0.0510699 0)
(-0.0647431 -0.0496798 0)
(-0.0590465 -0.0479043 0)
(-0.0534256 -0.0457592 0)
(-0.0479229 -0.0432672 0)
(-0.0425808 -0.0404578 0)
(-0.0374409 -0.0373673 0)
(-0.0325432 -0.0340388 0)
(-0.0279245 -0.0305212 0)
(-0.0236182 -0.0268691 0)
(-0.0196529 -0.0231412 0)
(-0.0160514 -0.0194 0)
(-0.0128303 -0.0157101 0)
(-0.00999905 -0.0121375 0)
(-0.00755976 -0.00874814 0)
(-0.00550688 -0.00560744 0)
(-0.00382722 -0.00277934 0)
(-0.00249993 -0.000326134 0)
(-0.00149799 0.00169025 0)
(-0.000787838 0.0032096 0)
(-0.000327295 0.00417589 0)
(-6.99077e-05 0.00453211 0)
(3.46283e-05 0.00421968 0)
(4.0149e-05 0.00317889 0)
(1.25701e-05 0.00134796 0)
(-5.46506e-05 0.000933163 0)
(-0.000458518 0.00301675 0)
(-0.00134564 0.00521433 0)
(-0.00258902 0.00746041 0)
(-0.00415288 0.00970687 0)
(-0.00600623 0.0119193 0)
(-0.00811751 0.0140755 0)
(-0.0104597 0.0161626 0)
(-0.0130106 0.0181749 0)
(-0.0157516 0.0201118 0)
(-0.0186677 0.0219756 0)
(-0.0217467 0.0237703 0)
(-0.0249782 0.0255004 0)
(-0.0283538 0.0271699 0)
(-0.0318657 0.0287817 0)
(-0.0355069 0.0303371 0)
(-0.0392702 0.0318358 0)
(-0.0431484 0.0332757 0)
(-0.0471337 0.0346528 0)
(-0.0512176 0.0359618 0)
(-0.0553907 0.0371957 0)
(-0.0596431 0.0383467 0)
(-0.0639635 0.0394057 0)
(-0.0683403 0.0403632 0)
(-0.0727608 0.0412093 0)
(-0.0772117 0.0419339 0)
(-0.081679 0.0425268 0)
(-0.0861484 0.0429783 0)
(-0.0906051 0.043279 0)
(-0.095034 0.04342 0)
(-0.0994199 0.0433933 0)
(-0.103747 0.0431916 0)
(-0.108001 0.0428086 0)
(-0.112167 0.0422388 0)
(-0.116229 0.0414781 0)
(-0.120172 0.0405231 0)
(-0.123984 0.039372 0)
(-0.127648 0.0380236 0)
(-0.131153 0.0364784 0)
(-0.134486 0.0347376 0)
(-0.137632 0.032804 0)
(-0.140582 0.0306811 0)
(-0.143322 0.0283738 0)
(-0.145843 0.0258881 0)
(-0.148133 0.0232309 0)
(-0.150182 0.0204104 0)
(-0.151982 0.0174356 0)
(-0.153523 0.0143166 0)
(-0.154796 0.0110645 0)
(-0.155794 0.00769137 0)
(-0.15651 0.00421006 0)
(-0.156936 0.000634291 0)
(-0.157065 -0.00302137 0)
(-0.156894 -0.00674099 0)
(-0.156415 -0.0105063 0)
(-0.155623 -0.0142974 0)
(-0.154515 -0.0180932 0)
(-0.153086 -0.0218712 0)
(-0.151335 -0.0256075 0)
(-0.149258 -0.0292775 0)
(-0.146858 -0.032855 0)
(-0.144133 -0.0363133 0)
(-0.141088 -0.0396249 0)
(-0.137725 -0.0427614 0)
(-0.134052 -0.0456942 0)
(-0.130077 -0.0483946 0)
(-0.12581 -0.0508338 0)
(-0.121263 -0.0529839 0)
(-0.116452 -0.0548174 0)
(-0.111396 -0.0563085 0)
(-0.106115 -0.0574333 0)
(-0.100634 -0.0581702 0)
(-0.0949797 -0.058501 0)
(-0.0891831 -0.0584109 0)
(-0.0832778 -0.0578899 0)
(-0.0773002 -0.0569332 0)
(-0.0712897 -0.0555416 0)
(-0.065288 -0.0537227 0)
(-0.0593388 -0.051491 0)
(-0.0534868 -0.0488686 0)
(-0.0477776 -0.045885 0)
(-0.0422562 -0.0425779 0)
(-0.0369664 -0.0389922 0)
(-0.0319496 -0.0351802 0)
(-0.0272438 -0.0312004 0)
(-0.0228821 -0.0271168 0)
(-0.0188924 -0.022998 0)
(-0.0152957 -0.0189155 0)
(-0.0121058 -0.0149425 0)
(-0.0093288 -0.0111528 0)
(-0.00696233 -0.00761983 0)
(-0.00499599 -0.00441524 0)
(-0.0034112 -0.0016089 0)
(-0.00218146 0.000731477 0)
(-0.00127562 0.00253689 0)
(-0.000652296 0.00374542 0)
(-0.000264887 0.00429533 0)
(-6.27091e-05 0.00412406 0)
(8.56157e-06 0.0031685 0)
(9.2452e-06 0.00136449 0)
(-6.12146e-05 0.00118587 0)
(-0.000508044 0.00372272 0)
(-0.00148447 0.00632424 0)
(-0.00284654 0.00892866 0)
(-0.00455215 0.0114924 0)
(-0.00656509 0.013986 0)
(-0.00884909 0.0163923 0)
(-0.0113734 0.0187033 0)
(-0.0141127 0.0209179 0)
(-0.0170463 0.0230392 0)
(-0.0201575 0.0250729 0)
(-0.0234325 0.0270258 0)
(-0.0268602 0.0289042 0)
(-0.0304311 0.0307135 0)
(-0.034137 0.0324574 0)
(-0.0379701 0.0341375 0)
(-0.041923 0.0357535 0)
(-0.0459879 0.0373029 0)
(-0.0501565 0.0387812 0)
(-0.0544199 0.0401823 0)
(-0.0587685 0.0414984 0)
(-0.0631918 0.0427207 0)
(-0.0676785 0.0438395 0)
(-0.0722165 0.0448445 0)
(-0.076793 0.0457249 0)
(-0.0813945 0.0464702 0)
(-0.0860071 0.0470696 0)
(-0.0906164 0.0475129 0)
(-0.0952077 0.0477906 0)
(-0.0997662 0.0478936 0)
(-0.104277 0.0478137 0)
(-0.108725 0.0475437 0)
(-0.113095 0.0470774 0)
(-0.117373 0.0464096 0)
(-0.121545 0.0455363 0)
(-0.125595 0.0444546 0)
(-0.129511 0.0431628 0)
(-0.133279 0.0416604 0)
(-0.136886 0.0399481 0)
(-0.14032 0.0380278 0)
(-0.143568 0.0359024 0)
(-0.146619 0.0335763 0)
(-0.149462 0.0310547 0)
(-0.152085 0.028344 0)
(-0.154479 0.0254517 0)
(-0.156633 0.0223863 0)
(-0.158539 0.0191575 0)
(-0.160187 0.0157757 0)
(-0.161568 0.0122525 0)
(-0.162675 0.00860041 0)
(-0.163499 0.00483287 0)
(-0.164034 0.000964049 0)
(-0.164272 -0.00299101 0)
(-0.164208 -0.00701595 0)
(-0.163835 -0.0110923 0)
(-0.163147 -0.0151996 0)
(-0.162138 -0.0193161 0)
(-0.160805 -0.0234185 0)
(-0.159144 -0.0274819 0)
(-0.157151 -0.0314804 0)
(-0.154825 -0.0353868 0)
(-0.152166 -0.039173 0)
(-0.149175 -0.0428098 0)
(-0.145854 -0.0462671 0)
(-0.142207 -0.0495145 0)
(-0.138242 -0.052521 0)
(-0.133966 -0.0552557 0)
(-0.12939 -0.0576879 0)
(-0.124529 -0.0597875 0)
(-0.119399 -0.0615259 0)
(-0.114019 -0.0628759 0)
(-0.108412 -0.0638129 0)
(-0.102604 -0.0643151 0)
(-0.0966253 -0.0643647 0)
(-0.0905087 -0.0639484 0)
(-0.0842907 -0.0630581 0)
(-0.0780112 -0.061692 0)
(-0.0717128 -0.0598553 0)
(-0.0654408 -0.0575604 0)
(-0.0592424 -0.0548283 0)
(-0.0531657 -0.0516883 0)
(-0.0472595 -0.0481784 0)
(-0.0415715 -0.0443452 0)
(-0.0361476 -0.0402436 0)
(-0.0310307 -0.0359363 0)
(-0.0262594 -0.0314923 0)
(-0.0218663 -0.0269861 0)
(-0.017878 -0.0224963 0)
(-0.0143129 -0.0181041 0)
(-0.0111816 -0.0138914 0)
(-0.00848566 -0.00994002 0)
(-0.00621785 -0.0063303 0)
(-0.00436217 -0.00314026 0)
(-0.00289411 -0.000445365 0)
(-0.00178222 0.00168045 0)
(-0.000988319 0.00316516 0)
(-0.000465393 0.00394253 0)
(-0.000162082 0.0039459 0)
(-2.33129e-05 0.00310889 0)
(6.00673e-06 0.00136469 0)
(-6.76536e-05 0.00146454 0)
(-0.000556446 0.00449692 0)
(-0.0016199 0.00753618 0)
(-0.00309738 0.0105254 0)
(-0.0049405 0.0134266 0)
(-0.00710791 0.0162164 0)
(-0.00955872 0.0188837 0)
(-0.0122584 0.0214261 0)
(-0.0151789 0.0238478 0)
(-0.0182971 0.0261565 0)
(-0.0215947 0.0283617 0)
(-0.0250566 0.0304729 0)
(-0.0286707 0.032499 0)
(-0.0324266 0.0344467 0)
(-0.0363156 0.0363207 0)
(-0.0403294 0.0381231 0)
(-0.04446 0.0398535 0)
(-0.0486991 0.041509 0)
(-0.0530383 0.0430848 0)
(-0.0574682 0.0445738 0)
(-0.061979 0.0459676 0)
(-0.0665598 0.0472566 0)
(-0.0711991 0.0484303 0)
(-0.0758847 0.0494775 0)
(-0.0806037 0.0503872 0)
(-0.0853426 0.0511478 0)
(-0.0900877 0.0517485 0)
(-0.0948245 0.0521788 0)
(-0.0995388 0.0524286 0)
(-0.104216 0.052489 0)
(-0.108841 0.0523517 0)
(-0.1134 0.0520097 0)
(-0.117878 0.0514568 0)
(-0.122262 0.0506881 0)
(-0.126536 0.0496999 0)
(-0.130689 0.0484896 0)
(-0.134705 0.0470559 0)
(-0.138574 0.0453987 0)
(-0.142281 0.0435191 0)
(-0.145815 0.0414193 0)
(-0.149165 0.0391029 0)
(-0.152318 0.0365744 0)
(-0.155265 0.0338396 0)
(-0.157994 0.0309052 0)
(-0.160495 0.0277792 0)
(-0.162758 0.0244705 0)
(-0.164775 0.020989 0)
(-0.166535 0.0173457 0)
(-0.168031 0.0135525 0)
(-0.169253 0.00962233 0)
(-0.170194 0.00556903 0)
(-0.170846 0.00140721 0)
(-0.1712 -0.00284766 0)
(-0.171253 -0.00717881 0)
(-0.170996 -0.0115678 0)
(-0.170422 -0.0159938 0)
(-0.169526 -0.0204345 0)
(-0.168302 -0.0248658 0)
(-0.166744 -0.029262 0)
(-0.16485 -0.0335961 0)
(-0.162615 -0.03784 0)
(-0.160039 -0.0419641 0)
(-0.157119 -0.0459377 0)
(-0.153859 -0.0497293 0)
(-0.150259 -0.0533064 0)
(-0.146324 -0.0566362 0)
(-0.142061 -0.0596853 0)
(-0.13748 -0.0624205 0)
(-0.132591 -0.0648091 0)
(-0.127409 -0.0668192 0)
(-0.121952 -0.0684206 0)
(-0.116242 -0.0695851 0)
(-0.110302 -0.0702876 0)
(-0.104161 -0.0705064 0)
(-0.0978517 -0.0702247 0)
(-0.0914103 -0.0694308 0)
(-0.0848765 -0.0681196 0)
(-0.0782937 -0.0662931 0)
(-0.0717085 -0.0639615 0)
(-0.0651699 -0.0611437 0)
(-0.0587291 -0.0578679 0)
(-0.052438 -0.054172 0)
(-0.0463486 -0.0501039 0)
(-0.0405113 -0.0457207 0)
(-0.0349744 -0.0410884 0)
(-0.0297816 -0.036281 0)
(-0.0249718 -0.0313791 0)
(-0.0205767 -0.0264686 0)
(-0.0166206 -0.0216386 0)
(-0.0131188 -0.0169799 0)
(-0.0100776 -0.0125834 0)
(-0.00749345 -0.00853856 0)
(-0.0053534 -0.00493245 0)
(-0.00363523 -0.00184885 0)
(-0.00230807 0.000631837 0)
(-0.00133565 0.00242863 0)
(-0.000671607 0.00346928 0)
(-0.000263614 0.00368269 0)
(-5.55444e-05 0.00299891 0)
(2.83665e-06 0.00134845 0)
(-7.39041e-05 0.00176846 0)
(-0.000603262 0.00533734 0)
(-0.00175067 0.00884695 0)
(-0.00333923 0.0122463 0)
(-0.00531444 0.0155042 0)
(-0.00762994 0.0186044 0)
(-0.0102403 0.0215426 0)
(-0.0131074 0.0243233 0)
(-0.0162003 0.0269565 0)
(-0.0194939 0.0294549 0)
(-0.0229681 0.0318323 0)
(-0.0266065 0.0341016 0)
(-0.0303961 0.0362741 0)
(-0.0343258 0.0383584 0)
(-0.0383861 0.0403601 0)
(-0.0425683 0.0422818 0)
(-0.0468639 0.0441232 0)
(-0.0512645 0.0458812 0)
(-0.0557609 0.0475502 0)
(-0.0603439 0.0491228 0)
(-0.0650031 0.0505898 0)
(-0.0697276 0.0519407 0)
(-0.0745058 0.0531643 0)
(-0.0793254 0.0542489 0)
(-0.0841736 0.0551827 0)
(-0.089037 0.055954 0)
(-0.0939018 0.0565513 0)
(-0.0987542 0.0569639 0)
(-0.10358 0.0571818 0)
(-0.108365 0.0571958 0)
(-0.113095 0.0569978 0)
(-0.117756 0.0565808 0)
(-0.122334 0.055939 0)
(-0.126815 0.0550675 0)
(-0.131187 0.0539631 0)
(-0.135435 0.0526234 0)
(-0.139548 0.0510476 0)
(-0.143512 0.0492358 0)
(-0.147317 0.0471895 0)
(-0.15095 0.0449114 0)
(-0.154399 0.0424053 0)
(-0.157655 0.0396761 0)
(-0.160705 0.0367299 0)
(-0.16354 0.0335739 0)
(-0.16615 0.0302163 0)
(-0.168525 0.0266663 0)
(-0.170655 0.0229342 0)
(-0.172531 0.0190313 0)
(-0.174144 0.0149698 0)
(-0.175486 0.010763 0)
(-0.176548 0.00642504 0)
(-0.177323 0.00197095 0)
(-0.1778 -0.00258342 0)
(-0.177977 -0.00722088 0)
(-0.177844 -0.0119232 0)
(-0.177394 -0.0166695 0)
(-0.17662 -0.0214369 0)
(-0.175515 -0.0262005 0)
(-0.174074 -0.0309341 0)
(-0.172292 -0.0356098 0)
(-0.170163 -0.0401983 0)
(-0.167685 -0.0446691 0)
(-0.164856 -0.0489901 0)
(-0.161675 -0.0531282 0)
(-0.158142 -0.0570493 0)
(-0.15426 -0.0607184 0)
(-0.150033 -0.0641001 0)
(-0.145469 -0.0671587 0)
(-0.140577 -0.0698585 0)
(-0.135368 -0.0721647 0)
(-0.12986 -0.0740437 0)
(-0.12407 -0.0754638 0)
(-0.118022 -0.076396 0)
(-0.111743 -0.0768148 0)
(-0.105264 -0.0766992 0)
(-0.09862 -0.0760335 0)
(-0.0918507 -0.0748088 0)
(-0.0849999 -0.0730234 0)
(-0.0781151 -0.0706843 0)
(-0.0712471 -0.0678077 0)
(-0.0644495 -0.0644202 0)
(-0.0577774 -0.0605589 0)
(-0.0512868 -0.0562717 0)
(-0.0450331 -0.0516177 0)
(-0.0390697 -0.0466658 0)
(-0.0334463 -0.0414946 0)
(-0.0282078 -0.0361907 0)
(-0.0233924 -0.0308472 0)
(-0.0190302 -0.0255616 0)
(-0.0151424 -0.0204341 0)
(-0.0117404 -0.0155651 0)
(-0.00882501 -0.0110543 0)
(-0.00638695 -0.00699826 0)
(-0.00440666 -0.00349026 0)
(-0.00285513 -0.000619427 0)
(-0.00169561 0.00152868 0)
(-0.000884339 0.00287083 0)
(-0.000367745 0.00333163 0)
(-8.83095e-05 0.00283737 0)
(-2.8937e-07 0.00131561 0)
(-7.9901e-05 0.00209669 0)
(-0.000648037 0.00624134 0)
(-0.00187553 0.0102524 0)
(-0.00356986 0.014086 0)
(-0.00567062 0.0177187 0)
(-0.00812658 0.0211424 0)
(-0.010888 0.0243609 0)
(-0.0139132 0.027386 0)
(-0.0171687 0.0302343 0)
(-0.0206273 0.0329242 0)
(-0.0242671 0.0354741 0)
(-0.0280706 0.0379008 0)
(-0.0320239 0.0402181 0)
(-0.0361151 0.0424366 0)
(-0.0403341 0.0445631 0)
(-0.0446717 0.0466008 0)
(-0.0491192 0.0485495 0)
(-0.0536676 0.0504059 0)
(-0.0583076 0.0521641 0)
(-0.0630297 0.0538157 0)
(-0.0678234 0.0553511 0)
(-0.0726778 0.0567592 0)
(-0.0775811 0.0580279 0)
(-0.0825211 0.0591452 0)
(-0.0874851 0.0600985 0)
(-0.0924599 0.0608759 0)
(-0.0974321 0.0614656 0)
(-0.102388 0.0618567 0)
(-0.107314 0.0620391 0)
(-0.112196 0.0620036 0)
(-0.11702 0.0617424 0)
(-0.121774 0.0612483 0)
(-0.126443 0.060516 0)
(-0.131015 0.0595408 0)
(-0.135476 0.0583196 0)
(-0.139814 0.0568506 0)
(-0.144018 0.0551331 0)
(-0.148074 0.0531677 0)
(-0.151971 0.0509561 0)
(-0.155699 0.0485014 0)
(-0.159246 0.0458077 0)
(-0.162601 0.0428801 0)
(-0.165753 0.0397251 0)
(-0.168693 0.0363501 0)
(-0.171411 0.0327635 0)
(-0.173896 0.0289749 0)
(-0.17614 0.0249948 0)
(-0.178132 0.0208347 0)
(-0.179864 0.0165072 0)
(-0.181327 0.0120257 0)
(-0.182513 0.00740487 0)
(-0.183413 0.00265996 0)
(-0.184018 -0.00219277 0)
(-0.184324 -0.00713578 0)
(-0.18432 -0.0121513 0)
(-0.184001 -0.0172183 0)
(-0.183357 -0.0223135 0)
(-0.182381 -0.0274117 0)
(-0.181068 -0.0324858 0)
(-0.17941 -0.0375075 0)
(-0.177401 -0.0424465 0)
(-0.175038 -0.0472712 0)
(-0.172317 -0.0519485 0)
(-0.169234 -0.056444 0)
(-0.165788 -0.0607218 0)
(-0.161981 -0.0647452 0)
(-0.157814 -0.0684765 0)
(-0.153292 -0.0718776 0)
(-0.148422 -0.0749102 0)
(-0.143214 -0.0775363 0)
(-0.137681 -0.079719 0)
(-0.13184 -0.0814228 0)
(-0.125712 -0.0826147 0)
(-0.119322 -0.083265 0)
(-0.112698 -0.0833483 0)
(-0.105877 -0.0828444 0)
(-0.0988949 -0.0817399 0)
(-0.0917969 -0.0800289 0)
(-0.0846307 -0.0777144 0)
(-0.0774484 -0.0748094 0)
(-0.0703057 -0.0713377 0)
(-0.0632607 -0.0673347 0)
(-0.0563734 -0.0628481 0)
(-0.0497038 -0.0579377 0)
(-0.0433108 -0.052675 0)
(-0.0372503 -0.0471426 0)
(-0.0315738 -0.0414328 0)
(-0.026326 -0.035646 0)
(-0.021544 -0.0298882 0)
(-0.0172554 -0.0242694 0)
(-0.0134772 -0.0189005 0)
(-0.0102158 -0.0138918 0)
(-0.00746569 -0.00935064 0)
(-0.00521076 -0.00538046 0)
(-0.00342418 -0.00207973 0)
(-0.00206978 0.000458321 0)
(-0.00110465 0.00214207 0)
(-0.000475078 0.00288958 0)
(-0.00012184 0.00262279 0)
(-3.40635e-06 0.00126589 0)
(-8.55797e-05 0.00244803 0)
(-0.000690318 0.00720569 0)
(-0.00199328 0.0117476 0)
(-0.00378712 0.0160379 0)
(-0.0060058 0.0200623 0)
(-0.00859348 0.0238218 0)
(-0.0114962 0.027329 0)
(-0.0146693 0.0306039 0)
(-0.0180763 0.0336704 0)
(-0.0216883 0.0365531 0)
(-0.0254818 0.0392755 0)
(-0.0294381 0.0418583 0)
(-0.0335423 0.0443184 0)
(-0.037782 0.0466685 0)
(-0.0421464 0.0489166 0)
(-0.046626 0.0510667 0)
(-0.0512114 0.0531189 0)
(-0.0558937 0.0550695 0)
(-0.0606632 0.0569123 0)
(-0.0655103 0.0586385 0)
(-0.0704243 0.0602377 0)
(-0.0753944 0.0616981 0)
(-0.0804089 0.0630074 0)
(-0.0854556 0.0641528 0)
(-0.090522 0.0651214 0)
(-0.0955953 0.0659008 0)
(-0.100662 0.0664792 0)
(-0.10571 0.0668454 0)
(-0.110724 0.0669894 0)
(-0.115692 0.0669022 0)
(-0.120601 0.0665756 0)
(-0.125438 0.0660032 0)
(-0.130189 0.0651794 0)
(-0.134842 0.0641002 0)
(-0.139386 0.0627625 0)
(-0.143807 0.0611649 0)
(-0.148094 0.0593068 0)
(-0.152235 0.0571894 0)
(-0.15622 0.0548145 0)
(-0.160037 0.0521854 0)
(-0.163676 0.0493065 0)
(-0.167126 0.0461833 0)
(-0.170377 0.0428224 0)
(-0.173418 0.0392314 0)
(-0.17624 0.035419 0)
(-0.178833 0.0313949 0)
(-0.181187 0.0271698 0)
(-0.183294 0.0227555 0)
(-0.185144 0.0181647 0)
(-0.186727 0.0134113 0)
(-0.188036 0.00850999 0)
(-0.189063 0.00347654 0)
(-0.189797 -0.0016725 0)
(-0.190234 -0.00691929 0)
(-0.190364 -0.0122467 0)
(-0.19018 -0.0176336 0)
(-0.189672 -0.0230565 0)
(-0.188834 -0.0284898 0)
(-0.187657 -0.0339061 0)
(-0.186135 -0.0392765 0)
(-0.18426 -0.04457 0)
(-0.182027 -0.0497542 0)
(-0.179429 -0.054795 0)
(-0.176464 -0.0596568 0)
(-0.173127 -0.0643023 0)
(-0.169417 -0.0686931 0)
(-0.165334 -0.0727896 0)
(-0.16088 -0.0765512 0)
(-0.15606 -0.079937 0)
(-0.15088 -0.082906 0)
(-0.145353 -0.0854178 0)
(-0.139491 -0.0874331 0)
(-0.133313 -0.0889148 0)
(-0.126841 -0.0898287 0)
(-0.120104 -0.0901446 0)
(-0.113133 -0.0898375 0)
(-0.105966 -0.0888888 0)
(-0.0986464 -0.0872879 0)
(-0.0912216 -0.085033 0)
(-0.0837448 -0.0821329 0)
(-0.0762734 -0.078608 0)
(-0.0688684 -0.0744912 0)
(-0.0615931 -0.0698287 0)
(-0.0545123 -0.0646802 0)
(-0.0476904 -0.0591191 0)
(-0.0411896 -0.0532315 0)
(-0.0350681 -0.0471149 0)
(-0.0293783 -0.0408768 0)
(-0.0241643 -0.034632 0)
(-0.019461 -0.0285005 0)
(-0.0152921 -0.0226045 0)
(-0.0116697 -0.0170656 0)
(-0.00859344 -0.012003 0)
(-0.00605095 -0.00753148 0)
(-0.00401813 -0.00375996 0)
(-0.00246033 -0.000791395 0)
(-0.00133409 0.0012771 0)
(-0.000586473 0.00235286 0)
(-0.000156454 0.00235334 0)
(-6.5643e-06 0.00119885 0)
(-9.08764e-05 0.00282105 0)
(-0.000729672 0.00822655 0)
(-0.00210276 0.0133267 0)
(-0.00398894 0.0180948 0)
(-0.00631691 0.0225265 0)
(-0.0090265 0.0266329 0)
(-0.0120599 0.0304363 0)
(-0.0153693 0.0339659 0)
(-0.0189159 0.0372531 0)
(-0.0226688 0.0403294 0)
(-0.0266031 0.0432238 0)
(-0.0306991 0.0459612 0)
(-0.0349409 0.0485618 0)
(-0.0393153 0.0510405 0)
(-0.0438112 0.0534069 0)
(-0.0484186 0.0556656 0)
(-0.0531278 0.057817 0)
(-0.0579295 0.0598576 0)
(-0.0628141 0.0617805 0)
(-0.0677717 0.0635767 0)
(-0.0727917 0.0652351 0)
(-0.0778633 0.0667435 0)
(-0.0829748 0.0680889 0)
(-0.0881145 0.0692581 0)
(-0.0932699 0.070238 0)
(-0.0984285 0.0710159 0)
(-0.103577 0.0715797 0)
(-0.108704 0.0719183 0)
(-0.113795 0.0720216 0)
(-0.118839 0.0718805 0)
(-0.123821 0.0714874 0)
(-0.12873 0.0708358 0)
(-0.133554 0.0699203 0)
(-0.13828 0.0687372 0)
(-0.142896 0.0672837 0)
(-0.147391 0.0655585 0)
(-0.151754 0.0635616 0)
(-0.155973 0.061294 0)
(-0.160038 0.058758 0)
(-0.163938 0.0559572 0)
(-0.167662 0.0528961 0)
(-0.1712 0.0495803 0)
(-0.174542 0.0460167 0)
(-0.177679 0.0422131 0)
(-0.180599 0.0381783 0)
(-0.183295 0.0339221 0)
(-0.185755 0.0294556 0)
(-0.187972 0.0247906 0)
(-0.189935 0.0199401 0)
(-0.191636 0.0149181 0)
(-0.193067 0.00973954 0)
(-0.194218 0.00442066 0)
(-0.19508 -0.00102161 0)
(-0.195649 -0.00656934 0)
(-0.195914 -0.0122061 0)
(-0.195868 -0.0179107 0)
(-0.195502 -0.0236595 0)
(-0.194807 -0.0294269 0)
(-0.193776 -0.0351852 0)
(-0.192399 -0.0409051 0)
(-0.19067 -0.0465552 0)
(-0.18858 -0.0521024 0)
(-0.186124 -0.0575119 0)
(-0.183294 -0.0627469 0)
(-0.180086 -0.0677692 0)
(-0.176496 -0.0725387 0)
(-0.172522 -0.0770139 0)
(-0.168162 -0.0811522 0)
(-0.16342 -0.0849102 0)
(-0.1583 -0.0882437 0)
(-0.152809 -0.0911091 0)
(-0.146958 -0.0934631 0)
(-0.140764 -0.0952644 0)
(-0.134245 -0.0964741 0)
(-0.127427 -0.0970569 0)
(-0.120339 -0.0969826 0)
(-0.113019 -0.096227 0)
(-0.105506 -0.094774 0)
(-0.0978504 -0.0926163 0)
(-0.0901037 -0.0897578 0)
(-0.082325 -0.0862144 0)
(-0.0745773 -0.0820153 0)
(-0.0669276 -0.0772043 0)
(-0.0594448 -0.0718404 0)
(-0.0521987 -0.0659976 0)
(-0.0452581 -0.0597647 0)
(-0.0386882 -0.0532439 0)
(-0.032549 -0.0465496 0)
(-0.0268929 -0.0398053 0)
(-0.0217624 -0.0331413 0)
(-0.0171888 -0.0266915 0)
(-0.013191 -0.0205902 0)
(-0.00977429 -0.0149691 0)
(-0.00693086 -0.00995557 0)
(-0.00463988 -0.00567021 0)
(-0.00286874 -0.00222651 0)
(-0.00157422 0.000269631 0)
(-0.000702827 0.00171726 0)
(-0.000192492 0.00202676 0)
(-9.81493e-06 0.00111389 0)
(-9.573e-05 0.00321411 0)
(-0.000765682 0.00929953 0)
(-0.00220286 0.0149831 0)
(-0.00417337 0.0202482 0)
(-0.00660107 0.0251014 0)
(-0.00942181 0.0295648 0)
(-0.0125742 0.0336714 0)
(-0.0160076 0.0374596 0)
(-0.0196809 0.0409697 0)
(-0.0235615 0.0442401 0)
(-0.027623 0.0473056 0)
(-0.0318448 0.0501959 0)
(-0.03621 0.0529345 0)
(-0.0407049 0.0555386 0)
(-0.0453179 0.0580196 0)
(-0.0500384 0.0603831 0)
(-0.0548567 0.0626296 0)
(-0.0597631 0.0647556 0)
(-0.0647481 0.0667543 0)
(-0.0698015 0.0686159 0)
(-0.074913 0.0703291 0)
(-0.0800716 0.071881 0)
(-0.085266 0.0732584 0)
(-0.0904846 0.0744476 0)
(-0.0957153 0.0754351 0)
(-0.100946 0.0762082 0)
(-0.106164 0.0767545 0)
(-0.111357 0.0770631 0)
(-0.116513 0.0771237 0)
(-0.12162 0.0769276 0)
(-0.126664 0.076467 0)
(-0.131635 0.0757357 0)
(-0.136521 0.0747286 0)
(-0.141309 0.0734421 0)
(-0.145988 0.0718738 0)
(-0.150548 0.0700226 0)
(-0.154977 0.0678886 0)
(-0.159264 0.0654731 0)
(-0.1634 0.0627786 0)
(-0.167373 0.0598089 0)
(-0.171173 0.0565685 0)
(-0.174791 0.0530635 0)
(-0.178217 0.0493007 0)
(-0.18144 0.0452881 0)
(-0.184451 0.0410347 0)
(-0.187241 0.0365505 0)
(-0.1898 0.0318465 0)
(-0.19212 0.0269349 0)
(-0.194191 0.0218288 0)
(-0.196004 0.0165423 0)
(-0.197551 0.0110906 0)
(-0.198824 0.00549037 0)
(-0.199813 -0.000241096 0)
(-0.200511 -0.00608603 0)
(-0.200912 -0.0120281 0)
(-0.201005 -0.0180466 0)
(-0.200783 -0.0241179 0)
(-0.200236 -0.0302165 0)
(-0.199357 -0.0363147 0)
(-0.198135 -0.0423828 0)
(-0.196562 -0.0483894 0)
(-0.194629 -0.0543009 0)
(-0.192329 -0.0600819 0)
(-0.189653 -0.065695 0)
(-0.186594 -0.0711007 0)
(-0.183147 -0.0762579 0)
(-0.179306 -0.0811234 0)
(-0.175069 -0.0856527 0)
(-0.170435 -0.0897999 0)
(-0.165404 -0.093518 0)
(-0.159983 -0.09676 0)
(-0.154178 -0.0994789 0)
(-0.148002 -0.101629 0)
(-0.141471 -0.103166 0)
(-0.134608 -0.104051 0)
(-0.127441 -0.104246 0)
(-0.120001 -0.103722 0)
(-0.112331 -0.102456 0)
(-0.104476 -0.100436 0)
(-0.0964885 -0.0976587 0)
(-0.0884287 -0.0941347 0)
(-0.080361 -0.0898889 0)
(-0.0723552 -0.0849614 0)
(-0.0644844 -0.0794092 0)
(-0.0568235 -0.0733059 0)
(-0.0494475 -0.066742 0)
(-0.0424292 -0.0598238 0)
(-0.0358366 -0.0526719 0)
(-0.0297305 -0.0454185 0)
(-0.0241621 -0.0382044 0)
(-0.0191711 -0.0311756 0)
(-0.0147838 -0.0244799 0)
(-0.0110124 -0.0182629 0)
(-0.00785434 -0.0126656 0)
(-0.00529277 -0.00782188 0)
(-0.0032976 -0.00385711 0)
(-0.00182666 -0.000887896 0)
(-0.000825183 0.000977813 0)
(-0.000230355 0.00164029 0)
(-1.32188e-05 0.00101019 0)
(-0.000100082 0.00362531 0)
(-0.000797959 0.0104197 0)
(-0.00229256 0.0167095 0)
(-0.00433862 0.022489 0)
(-0.00685565 0.0277765 0)
(-0.00977589 0.032606 0)
(-0.0130348 0.0370217 0)
(-0.0165789 0.0410722 0)
(-0.0203653 0.0448067 0)
(-0.0243595 0.0482712 0)
(-0.028534 0.0515069 0)
(-0.0328671 0.054548 0)
(-0.0373411 0.0574218 0)
(-0.0419418 0.0601482 0)
(-0.0466569 0.0627401 0)
(-0.0514756 0.0652042 0)
(-0.056388 0.0675416 0)
(-0.0613843 0.0697488 0)
(-0.0664546 0.0718187 0)
(-0.071589 0.0737414 0)
(-0.0767771 0.0755049 0)
(-0.0820082 0.0770963 0)
(-0.0872711 0.0785017 0)
(-0.0925544 0.0797072 0)
(-0.0978466 0.0806991 0)
(-0.103136 0.0814644 0)
(-0.10841 0.0819908 0)
(-0.113657 0.0822673 0)
(-0.118865 0.0822837 0)
(-0.124022 0.0820313 0)
(-0.129117 0.0815027 0)
(-0.134138 0.0806916 0)
(-0.139073 0.0795933 0)
(-0.143912 0.0782044 0)
(-0.148643 0.0765225 0)
(-0.153256 0.0745468 0)
(-0.15774 0.0722777 0)
(-0.162085 0.0697166 0)
(-0.16628 0.0668663 0)
(-0.170316 0.0637305 0)
(-0.174182 0.0603141 0)
(-0.177869 0.0566233 0)
(-0.181367 0.0526649 0)
(-0.184666 0.0484472 0)
(-0.187758 0.0439793 0)
(-0.190633 0.0392713 0)
(-0.193282 0.0343344 0)
(-0.195696 0.0291809 0)
(-0.197866 0.023824 0)
(-0.199784 0.0182781 0)
(-0.201442 0.0125585 0)
(-0.20283 0.006682 0)
(-0.203942 0.00066626 0)
(-0.204766 -0.00547145 0)
(-0.205299 -0.0117134 0)
(-0.205531 -0.0180401 0)
(-0.205455 -0.0244286 0)
(-0.20506 -0.0308536 0)
(-0.204337 -0.0372874 0)
(-0.203277 -0.0437005 0)
(-0.201871 -0.0500612 0)
(-0.200107 -0.0563359 0)
(-0.197977 -0.0624888 0)
(-0.195472 -0.0684821 0)
(-0.192582 -0.0742756 0)
(-0.1893 -0.0798271 0)
(-0.185618 -0.0850921 0)
(-0.18153 -0.0900242 0)
(-0.177033 -0.0945754 0)
(-0.172125 -0.0986962 0)
(-0.166806 -0.102336 0)
(-0.161083 -0.105445 0)
(-0.154963 -0.107972 0)
(-0.148459 -0.109868 0)
(-0.14159 -0.111088 0)
(-0.134381 -0.11159 0)
(-0.126862 -0.111337 0)
(-0.119071 -0.1103 0)
(-0.111053 -0.108459 0)
(-0.102859 -0.105805 0)
(-0.0945491 -0.102342 0)
(-0.086189 -0.098089 0)
(-0.0778507 -0.0930813 0)
(-0.0696107 -0.0873724 0)
(-0.061549 -0.0810346 0)
(-0.0537468 -0.074159 0)
(-0.0462841 -0.0668549 0)
(-0.0392373 -0.0592483 0)
(-0.0326762 -0.0514797 0)
(-0.0266613 -0.0437006 0)
(-0.0212415 -0.0360696 0)
(-0.0164517 -0.0287486 0)
(-0.0123117 -0.0218984 0)
(-0.00882513 -0.0156749 0)
(-0.00597999 -0.0102268 0)
(-0.00374939 -0.0056929 0)
(-0.00209271 -0.00220167 0)
(-0.000954492 0.000128973 0)
(-0.000270417 0.00119071 0)
(-1.68323e-05 0.000886733 0)
(-0.00010388 0.00405259 0)
(-0.000826146 0.0115817 0)
(-0.00237093 0.0184978 0)
(-0.00448305 0.0248071 0)
(-0.00707823 0.0305403 0)
(-0.0100856 0.0357439 0)
(-0.0134376 0.0404739 0)
(-0.0170786 0.0447898 0)
(-0.0209637 0.04875 0)
(-0.0250569 0.0524085 0)
(-0.0293296 0.0558129 0)
(-0.033759 0.0590027 0)
(-0.0383268 0.0620089 0)
(-0.043018 0.0648542 0)
(-0.04782 0.0675533 0)
(-0.0527218 0.070114 0)
(-0.057713 0.072538 0)
(-0.0627838 0.074822 0)
(-0.0679243 0.0769588 0)
(-0.0731246 0.0789382 0)
(-0.0783745 0.080748 0)
(-0.0836632 0.0823748 0)
(-0.0889801 0.0838045 0)
(-0.0943139 0.0850228 0)
(-0.0996533 0.086016 0)
(-0.104987 0.0867709 0)
(-0.110303 0.0872753 0)
(-0.11559 0.0875179 0)
(-0.120837 0.0874888 0)
(-0.126033 0.0871794 0)
(-0.131165 0.0865823 0)
(-0.136223 0.0856915 0)
(-0.141196 0.0845025 0)
(-0.146073 0.0830119 0)
(-0.150844 0.0812178 0)
(-0.155497 0.0791194 0)
(-0.160024 0.0767171 0)
(-0.164414 0.0740128 0)
(-0.168656 0.0710092 0)
(-0.172742 0.0677103 0)
(-0.176661 0.0641211 0)
(-0.180404 0.0602479 0)
(-0.183962 0.0560978 0)
(-0.187326 0.0516791 0)
(-0.190486 0.047001 0)
(-0.193434 0.0420738 0)
(-0.196161 0.036909 0)
(-0.198658 0.0315189 0)
(-0.200918 0.0259169 0)
(-0.202931 0.0201174 0)
(-0.20469 0.014136 0)
(-0.206187 0.00798931 0)
(-0.207415 0.00169508 0)
(-0.20836 -0.00472871 0)
(-0.209024 -0.0112634 0)
(-0.209394 -0.0178912 0)
(-0.209462 -0.02459 0)
(-0.209221 -0.0313345 0)
(-0.208659 -0.0380977 0)
(-0.207767 -0.04485 0)
(-0.206535 -0.0515602 0)
(-0.204951 -0.0581945 0)
(-0.203006 -0.0647173 0)
(-0.200687 -0.0710905 0)
(-0.197985 -0.0772734 0)
(-0.194889 -0.083223 0)
(-0.191389 -0.0888939 0)
(-0.187478 -0.0942383 0)
(-0.183147 -0.099206 0)
(-0.178393 -0.103745 0)
(-0.173213 -0.107802 0)
(-0.167607 -0.111323 0)
(-0.161581 -0.114254 0)
(-0.155144 -0.116539 0)
(-0.148311 -0.118129 0)
(-0.141102 -0.118975 0)
(-0.133545 -0.119033 0)
(-0.125675 -0.118267 0)
(-0.117534 -0.116649 0)
(-0.109171 -0.114163 0)
(-0.100647 -0.110805 0)
(-0.0920272 -0.106588 0)
(-0.0833848 -0.10154 0)
(-0.0747997 -0.0957112 0)
(-0.0663563 -0.0891701 0)
(-0.0581415 -0.0820071 0)
(-0.0502428 -0.0743334 0)
(-0.0427449 -0.0662799 0)
(-0.0357271 -0.0579944 0)
(-0.0292598 -0.0496389 0)
(-0.0234017 -0.041385 0)
(-0.0181975 -0.0334095 0)
(-0.0136754 -0.0258893 0)
(-0.0098466 -0.018997 0)
(-0.00670463 -0.0128975 0)
(-0.00422661 -0.00774472 0)
(-0.00237413 -0.00368084 0)
(-0.00109161 -0.000835544 0)
(-0.000313071 0.000674281 0)
(-2.07187e-05 0.000742284 0)
(-0.000107074 0.00449368 0)
(-0.000849923 0.0127796 0)
(-0.00243712 0.0203395 0)
(-0.00460519 0.0271919 0)
(-0.00726669 0.0333806 0)
(-0.010348 0.0389653 0)
(-0.0137792 0.0440142 0)
(-0.0175026 0.0485979 0)
(-0.0214715 0.0527847 0)
(-0.0256486 0.0566369 0)
(-0.0300042 0.0602087 0)
(-0.0345145 0.0635448 0)
(-0.0391605 0.0666805 0)
(-0.0439268 0.0696412 0)
(-0.0488003 0.0724437 0)
(-0.0537696 0.075097 0)
(-0.0588242 0.0776034 0)
(-0.0639542 0.0799599 0)
(-0.0691496 0.0821593 0)
(-0.0744006 0.0841912 0)
(-0.079697 0.0860433 0)
(-0.0850285 0.0877017 0)
(-0.0903845 0.0891521 0)
(-0.0957542 0.0903801 0)
(-0.101127 0.0913718 0)
(-0.106491 0.0921139 0)
(-0.111835 0.0925941 0)
(-0.117149 0.0928013 0)
(-0.122421 0.0927256 0)
(-0.127641 0.0923584 0)
(-0.132797 0.0916926 0)
(-0.137878 0.0907223 0)
(-0.142875 0.0894431 0)
(-0.147777 0.0878518 0)
(-0.152574 0.0859467 0)
(-0.157255 0.0837271 0)
(-0.16181 0.0811937 0)
(-0.166231 0.0783483 0)
(-0.170507 0.075194 0)
(-0.174628 0.0717349 0)
(-0.178586 0.0679761 0)
(-0.182372 0.0639241 0)
(-0.185976 0.0595861 0)
(-0.189389 0.0549706 0)
(-0.192604 0.050087 0)
(-0.195612 0.0449458 0)
(-0.198404 0.0395585 0)
(-0.200972 0.0339376 0)
(-0.203309 0.0280966 0)
(-0.205407 0.0220502 0)
(-0.207258 0.015814 0)
(-0.208854 0.00940455 0)
(-0.210189 0.00283971 0)
(-0.211252 -0.00386202 0)
(-0.212039 -0.0106813 0)
(-0.212544 -0.0176017 0)
(-0.212757 -0.0246019 0)
(-0.212668 -0.0316574 0)
(-0.21227 -0.0387414 0)
(-0.21155 -0.0458252 0)
(-0.210499 -0.0528776 0)
(-0.209105 -0.0598656 0)
(-0.207355 -0.0667535 0)
(-0.205238 -0.0735033 0)
(-0.20274 -0.0800744 0)
(-0.199851 -0.0864233 0)
(-0.196557 -0.0925038 0)
(-0.192848 -0.0982669 0)
(-0.188713 -0.103661 0)
(-0.184144 -0.108632 0)
(-0.179136 -0.113123 0)
(-0.173686 -0.117077 0)
(-0.167793 -0.120435 0)
(-0.161464 -0.123139 0)
(-0.154709 -0.125131 0)
(-0.147544 -0.126356 0)
(-0.139994 -0.126765 0)
(-0.132088 -0.126313 0)
(-0.123868 -0.124963 0)
(-0.11538 -0.122692 0)
(-0.106681 -0.119487 0)
(-0.097838 -0.115352 0)
(-0.0889249 -0.110309 0)
(-0.0800237 -0.104401 0)
(-0.0712226 -0.0976933 0)
(-0.0626139 -0.0902728 0)
(-0.0542922 -0.0822517 0)
(-0.0463506 -0.0737641 0)
(-0.0388779 -0.0649649 0)
(-0.0319551 -0.0560258 0)
(-0.0256517 -0.0471317 0)
(-0.0200227 -0.0384747 0)
(-0.0151061 -0.030249 0)
(-0.0109216 -0.0226454 0)
(-0.00746937 -0.0158467 0)
(-0.00473152 -0.0100239 0)
(-0.00267252 -0.00533452 0)
(-0.00123732 -0.00192165 0)
(-0.000358635 8.68677e-05 0)
(-2.49258e-05 0.000575427 0)
(-0.000109623 0.00494617 0)
(-0.00086901 0.0140073 0)
(-0.00249042 0.0222255 0)
(-0.00470378 0.0296322 0)
(-0.00741918 0.0362847 0)
(-0.0105608 0.0422564 0)
(-0.0140567 0.0476279 0)
(-0.0178473 0.0524816 0)
(-0.0218847 0.0568957 0)
(-0.0261302 0.0609409 0)
(-0.0305529 0.0646785 0)
(-0.0351285 0.0681588 0)
(-0.0398371 0.071421 0)
(-0.0446627 0.0744937 0)
(-0.049592 0.0773958 0)
(-0.0546131 0.0801377 0)
(-0.0597155 0.0827223 0)
(-0.064889 0.0851471 0)
(-0.0701239 0.0874049 0)
(-0.0754102 0.0894853 0)
(-0.0807381 0.0913757 0)
(-0.0860973 0.0930621 0)
(-0.0914775 0.0945299 0)
(-0.0968683 0.0957646 0)
(-0.102259 0.0967521 0)
(-0.107639 0.0974791 0)
(-0.112997 0.0979333 0)
(-0.118323 0.0981036 0)
(-0.123606 0.0979802 0)
(-0.128836 0.0975546 0)
(-0.134002 0.0968198 0)
(-0.139093 0.0957701 0)
(-0.1441 0.0944011 0)
(-0.149012 0.09271 0)
(-0.15382 0.090695 0)
(-0.158513 0.0883557 0)
(-0.163083 0.0856929 0)
(-0.167519 0.0827086 0)
(-0.171813 0.0794061 0)
(-0.175955 0.0757895 0)
(-0.179937 0.0718643 0)
(-0.183749 0.067637 0)
(-0.187384 0.0631151 0)
(-0.190832 0.0583072 0)
(-0.194087 0.053223 0)
(-0.197139 0.0478732 0)
(-0.199982 0.0422693 0)
(-0.202608 0.0364241 0)
(-0.20501 0.0303513 0)
(-0.20718 0.0240655 0)
(-0.209111 0.0175824 0)
(-0.210796 0.0109188 0)
(-0.212229 0.00409251 0)
(-0.213401 -0.00287771 0)
(-0.214307 -0.00997182 0)
(-0.214941 -0.0171747 0)
(-0.215294 -0.0244658 0)
(-0.215358 -0.0318217 0)
(-0.215124 -0.0392162 0)
(-0.214579 -0.0466212 0)
(-0.213714 -0.0540064 0)
(-0.212516 -0.0613393 0)
(-0.210973 -0.0685849 0)
(-0.20907 -0.0757055 0)
(-0.206793 -0.0826607 0)
(-0.204129 -0.089407 0)
(-0.201062 -0.0958977 0)
(-0.19758 -0.102083 0)
(-0.193669 -0.10791 0)
(-0.189317 -0.113322 0)
(-0.184515 -0.118262 0)
(-0.179256 -0.122667 0)
(-0.173536 -0.126476 0)
(-0.167356 -0.129624 0)
(-0.160723 -0.13205 0)
(-0.153648 -0.13369 0)
(-0.14615 -0.134489 0)
(-0.138256 -0.134393 0)
(-0.130003 -0.133358 0)
(-0.121434 -0.13135 0)
(-0.112605 -0.128347 0)
(-0.103581 -0.124345 0)
(-0.094435 -0.119355 0)
(-0.0852516 -0.113414 0)
(-0.0761218 -0.10658 0)
(-0.0671429 -0.0989379 0)
(-0.0584159 -0.0905971 0)
(-0.0500424 -0.0816944 0)
(-0.0421208 -0.0723899 0)
(-0.0347428 -0.0628651 0)
(-0.0279895 -0.0533173 0)
(-0.0219273 -0.0439548 0)
(-0.0166051 -0.0349901 0)
(-0.0120521 -0.0266334 0)
(-0.0082764 -0.0190873 0)
(-0.00526608 -0.0125421 0)
(-0.00298941 -0.0071726 0)
(-0.0013925 -0.00313708 0)
(-0.000407379 -0.000576189 0)
(-2.95145e-05 0.000384556 0)
(-0.000111492 0.0054075 0)
(-0.000883172 0.0152582 0)
(-0.00253021 0.0241461 0)
(-0.00477777 0.0321161 0)
(-0.00753417 0.0392393 0)
(-0.010722 0.0456027 0)
(-0.0142676 0.0513001 0)
(-0.01811 0.0564254 0)
(-0.0222001 0.0610672 0)
(-0.026498 0.0653048 0)
(-0.030972 0.0692066 0)
(-0.0355968 0.0728287 0)
(-0.040352 0.0762145 0)
(-0.0452212 0.0793959 0)
(-0.0501903 0.0823939 0)
(-0.0552475 0.0852203 0)
(-0.060382 0.0878791 0)
(-0.0655835 0.0903681 0)
(-0.0708423 0.0926802 0)
(-0.0761485 0.0948052 0)
(-0.0814925 0.0967301 0)
(-0.0868643 0.0984409 0)
(-0.0922537 0.0999229 0)
(-0.0976507 0.101161 0)
(-0.103045 0.102142 0)
(-0.108426 0.102852 0)
(-0.113783 0.103278 0)
(-0.119107 0.10341 0)
(-0.124386 0.103238 0)
(-0.129611 0.102753 0)
(-0.134772 0.101949 0)
(-0.139858 0.10082 0)
(-0.14486 0.0993618 0)
(-0.149767 0.0975715 0)
(-0.154571 0.0954476 0)
(-0.159261 0.0929899 0)
(-0.163829 0.0901993 0)
(-0.168265 0.0870781 0)
(-0.172561 0.0836296 0)
(-0.176708 0.0798582 0)
(-0.180696 0.0757697 0)
(-0.184519 0.0713707 0)
(-0.188168 0.066669 0)
(-0.191636 0.0616733 0)
(-0.194914 0.0563937 0)
(-0.197996 0.050841 0)
(-0.200874 0.0450269 0)
(-0.203543 0.0389645 0)
(-0.205994 0.0326675 0)
(-0.208223 0.0261508 0)
(-0.210222 0.01943 0)
(-0.211985 0.0125219 0)
(-0.213507 0.00544448 0)
(-0.214779 -0.00178359 0)
(-0.215796 -0.00914157 0)
(-0.216553 -0.0166151 0)
(-0.217042 -0.024185 0)
(-0.217255 -0.0318287 0)
(-0.217183 -0.039521 0)
(-0.216814 -0.0472349 0)
(-0.216139 -0.054941 0)
(-0.215143 -0.0626078 0)
(-0.213814 -0.0702009 0)
(-0.212136 -0.0776836 0)
(-0.210093 -0.0850159 0)
(-0.207671 -0.0921546 0)
(-0.204852 -0.0990531 0)
(-0.20162 -0.105661 0)
(-0.197958 -0.111924 0)
(-0.193853 -0.117786 0)
(-0.18929 -0.123185 0)
(-0.184258 -0.128056 0)
(-0.17875 -0.132335 0)
(-0.172761 -0.135953 0)
(-0.166294 -0.13884 0)
(-0.159354 -0.14093 0)
(-0.151956 -0.142157 0)
(-0.144123 -0.142461 0)
(-0.135886 -0.141786 0)
(-0.127285 -0.140091 0)
(-0.118373 -0.137341 0)
(-0.109212 -0.133523 0)
(-0.0998761 -0.128639 0)
(-0.0904491 -0.122715 0)
(-0.0810245 -0.115803 0)
(-0.071704 -0.107979 0)
(-0.0625945 -0.0993527 0)
(-0.0538054 -0.0900596 0)
(-0.045445 -0.0802646 0)
(-0.037616 -0.0701571 0)
(-0.0304115 -0.0599471 0)
(-0.0239101 -0.0498589 0)
(-0.0181727 -0.040124 0)
(-0.0132392 -0.0309737 0)
(-0.00912728 -0.0226324 0)
(-0.00583182 -0.0153114 0)
(-0.00332603 -0.00920535 0)
(-0.00155795 -0.00448966 0)
(-0.000459597 -0.00131947 0)
(-3.4532e-05 0.000167966 0)
(-0.000112651 0.00587499 0)
(-0.000892223 0.0165254 0)
(-0.002556 0.0260915 0)
(-0.00482631 0.0346315 0)
(-0.00761043 0.0422306 0)
(-0.0108299 0.0489896 0)
(-0.0144099 0.0550154 0)
(-0.0182883 0.0604136 0)
(-0.022415 0.0652832 0)
(-0.0267493 0.0697125 0)
(-0.0312584 0.073777 0)
(-0.0359164 0.0775385 0)
(-0.0407022 0.0810451 0)
(-0.0455988 0.0843317 0)
(-0.0505919 0.087422 0)
(-0.0556694 0.0903291 0)
(-0.0608202 0.093058 0)
(-0.066034 0.0956071 0)
(-0.0713011 0.0979697 0)
(-0.0766119 0.100135 0)
(-0.0819567 0.102091 0)
(-0.0873257 0.103823 0)
(-0.0927092 0.105316 0)
(-0.0980972 0.106555 0)
(-0.10348 0.107527 0)
(-0.108847 0.108217 0)
(-0.114189 0.108614 0)
(-0.119495 0.108706 0)
(-0.124756 0.108484 0)
(-0.129961 0.10794 0)
(-0.135101 0.107066 0)
(-0.140167 0.105857 0)
(-0.145148 0.10431 0)
(-0.150034 0.102421 0)
(-0.154818 0.100189 0)
(-0.159489 0.0976137 0)
(-0.164039 0.0946967 0)
(-0.168459 0.0914403 0)
(-0.17274 0.087848 0)
(-0.176874 0.0839245 0)
(-0.180853 0.0796757 0)
(-0.184669 0.0751085 0)
(-0.188316 0.070231 0)
(-0.191785 0.0650524 0)
(-0.19507 0.0595828 0)
(-0.198165 0.0538332 0)
(-0.201063 0.047816 0)
(-0.203759 0.041544 0)
(-0.206246 0.0350313 0)
(-0.208519 0.0282928 0)
(-0.210573 0.0213444 0)
(-0.212402 0.0142027 0)
(-0.214001 0.00688553 0)
(-0.215363 -0.000588431 0)
(-0.216481 -0.00819829 0)
(-0.217353 -0.0159293 0)
(-0.217972 -0.023764 0)
(-0.21833 -0.0316812 0)
(-0.218418 -0.0396569 0)
(-0.218225 -0.0476653 0)
(-0.21774 -0.0556781 0)
(-0.21695 -0.063665 0)
(-0.215841 -0.0715931 0)
(-0.214396 -0.0794263 0)
(-0.2126 -0.0871258 0)
(-0.210435 -0.0946489 0)
(-0.207881 -0.101949 0)
(-0.20492 -0.108977 0)
(-0.201532 -0.115677 0)
(-0.197701 -0.121992 0)
(-0.193408 -0.127857 0)
(-0.188638 -0.133208 0)
(-0.183379 -0.137973 0)
(-0.177623 -0.142081 0)
(-0.171364 -0.145458 0)
(-0.164606 -0.148029 0)
(-0.157357 -0.149721 0)
(-0.149633 -0.150465 0)
(-0.141463 -0.150197 0)
(-0.132881 -0.148864 0)
(-0.123936 -0.146421 0)
(-0.114687 -0.142842 0)
(-0.105207 -0.138119 0)
(-0.0955792 -0.132267 0)
(-0.0858985 -0.125326 0)
(-0.0762697 -0.117369 0)
(-0.0668052 -0.108496 0)
(-0.0576218 -0.0988444 0)
(-0.0488372 -0.0885796 0)
(-0.0405653 -0.0778988 0)
(-0.0329115 -0.0670233 0)
(-0.0259677 -0.0561935 0)
(-0.0198075 -0.0456606 0)
(-0.0144833 -0.0356783 0)
(-0.0100229 -0.0264945 0)
(-0.00642982 -0.018344 0)
(-0.00368335 -0.0114434 0)
(-0.00173436 -0.00598766 0)
(-0.000515586 -0.00214846 0)
(-4.00011e-05 -7.63099e-05 0)
(-0.00011308 0.00634588 0)
(-0.000896025 0.0178019 0)
(-0.00256744 0.0280513 0)
(-0.00484878 0.0371658 0)
(-0.00764707 0.0452445 0)
(-0.0108833 0.052402 0)
(-0.0144821 0.058758 0)
(-0.0183806 0.0644301 0)
(-0.0225278 0.0695277 0)
(-0.026882 0.0741478 0)
(-0.03141 0.0783734 0)
(-0.0360849 0.0822721 0)
(-0.0408851 0.0858966 0)
(-0.0457932 0.0892854 0)
(-0.0507944 0.0924642 0)
(-0.0558763 0.0954482 0)
(-0.0610277 0.0982434 0)
(-0.0662383 0.100849 0)
(-0.0714983 0.103258 0)
(-0.0767981 0.10546 0)
(-0.0821283 0.107444 0)
(-0.0874794 0.109193 0)
(-0.0928417 0.110694 0)
(-0.0982058 0.111932 0)
(-0.103562 0.112892 0)
(-0.1089 0.11356 0)
(-0.114211 0.113926 0)
(-0.119485 0.113977 0)
(-0.124711 0.113704 0)
(-0.129882 0.113099 0)
(-0.134986 0.112154 0)
(-0.140015 0.110866 0)
(-0.144959 0.109229 0)
(-0.14981 0.107242 0)
(-0.154557 0.104902 0)
(-0.159192 0.102211 0)
(-0.163707 0.0991685 0)
(-0.168094 0.0957785 0)
(-0.172343 0.0920444 0)
(-0.176447 0.0879712 0)
(-0.1804 0.083565 0)
(-0.184193 0.0788333 0)
(-0.187819 0.0737843 0)
(-0.191273 0.0684276 0)
(-0.194549 0.0627735 0)
(-0.19764 0.0568337 0)
(-0.200542 0.0506204 0)
(-0.203248 0.044147 0)
(-0.205756 0.0374277 0)
(-0.208059 0.0304775 0)
(-0.210153 0.0233122 0)
(-0.212034 0.0159486 0)
(-0.213697 0.00840445 0)
(-0.215139 0.000698399 0)
(-0.21635 -0.00715071 0)
(-0.217328 -0.0151247 0)
(-0.218069 -0.0232089 0)
(-0.218565 -0.0313836 0)
(-0.218808 -0.0396265 0)
(-0.218788 -0.0479129 0)
(-0.218494 -0.0562161 0)
(-0.217911 -0.0645073 0)
(-0.217026 -0.0727549 0)
(-0.215822 -0.0809245 0)
(-0.214281 -0.0889783 0)
(-0.212384 -0.0968748 0)
(-0.21011 -0.104569 0)
(-0.207439 -0.11201 0)
(-0.204348 -0.119143 0)
(-0.200816 -0.125911 0)
(-0.196822 -0.132248 0)
(-0.192347 -0.138085 0)
(-0.187373 -0.143351 0)
(-0.181888 -0.147968 0)
(-0.175882 -0.151858 0)
(-0.16935 -0.154939 0)
(-0.162297 -0.157131 0)
(-0.154734 -0.158356 0)
(-0.146681 -0.15854 0)
(-0.13817 -0.157618 0)
(-0.129244 -0.155536 0)
(-0.11996 -0.152253 0)
(-0.110385 -0.147748 0)
(-0.100603 -0.142025 0)
(-0.0907089 -0.135113 0)
(-0.0808099 -0.127073 0)
(-0.0710227 -0.118001 0)
(-0.0614709 -0.108028 0)
(-0.0522814 -0.0973216 0)
(-0.0435789 -0.0860831 0)
(-0.0354817 -0.0745449 0)
(-0.0280951 -0.0629628 0)
(-0.0215071 -0.0516081 0)
(-0.0157832 -0.0407579 0)
(-0.0109632 -0.0306856 0)
(-0.00706065 -0.0216517 0)
(-0.00406201 -0.0138973 0)
(-0.00192221 -0.00763961 0)
(-0.00057556 -0.00306873 0)
(-4.59537e-05 -0.000350247 0)
(-0.000112768 0.00681735 0)
(-0.000894494 0.0190806 0)
(-0.0025643 0.0300153 0)
(-0.00484479 0.0397064 0)
(-0.00764353 0.0482668 0)
(-0.0108816 0.0558245 0)
(-0.0144835 0.0625121 0)
(-0.0183859 0.0684588 0)
(-0.0225371 0.0737842 0)
(-0.026895 0.0785943 0)
(-0.0314255 0.0829795 0)
(-0.0361011 0.0870133 0)
(-0.0408997 0.0907531 0)
(-0.0458032 0.0942408 0)
(-0.0507967 0.0975048 0)
(-0.0558673 0.100562 0)
(-0.0610037 0.10342 0)
(-0.0661954 0.106077 0)
(-0.0714328 0.108529 0)
(-0.0767064 0.110765 0)
(-0.0820068 0.112772 0)
(-0.0873246 0.114536 0)
(-0.0926507 0.116042 0)
(-0.0979756 0.117275 0)
(-0.10329 0.118221 0)
(-0.108584 0.118866 0)
(-0.113849 0.119198 0)
(-0.119075 0.119207 0)
(-0.124252 0.118881 0)
(-0.129372 0.118214 0)
(-0.134425 0.117199 0)
(-0.139402 0.11583 0)
(-0.144294 0.114104 0)
(-0.149091 0.112018 0)
(-0.153786 0.109571 0)
(-0.158369 0.106764 0)
(-0.162833 0.103598 0)
(-0.167169 0.100076 0)
(-0.171369 0.0962015 0)
(-0.175427 0.091981 0)
(-0.179335 0.0874205 0)
(-0.183087 0.0825277 0)
(-0.186677 0.0773115 0)
(-0.190099 0.0717817 0)
(-0.193348 0.0659492 0)
(-0.196419 0.0598257 0)
(-0.199307 0.0534241 0)
(-0.20201 0.0467579 0)
(-0.204521 0.0398415 0)
(-0.20684 0.0326901 0)
(-0.20896 0.0253196 0)
(-0.21088 0.0177465 0)
(-0.212595 0.00998838 0)
(-0.214102 0.00206364 0)
(-0.215395 -0.00600864 0)
(-0.21647 -0.0142098 0)
(-0.217325 -0.0225269 0)
(-0.217952 -0.030942 0)
(-0.218345 -0.0394341 0)
(-0.218493 -0.0479803 0)
(-0.218386 -0.0565556 0)
(-0.21801 -0.0651329 0)
(-0.217351 -0.0736825 0)
(-0.216391 -0.0821716 0)
(-0.215112 -0.0905641 0)
(-0.213493 -0.09882 0)
(-0.211512 -0.106895 0)
(-0.209146 -0.11474 0)
(-0.20637 -0.122301 0)
(-0.20316 -0.129518 0)
(-0.199492 -0.136327 0)
(-0.195341 -0.142657 0)
(-0.190687 -0.148432 0)
(-0.18551 -0.153574 0)
(-0.179796 -0.157996 0)
(-0.173536 -0.161614 0)
(-0.166727 -0.164338 0)
(-0.159373 -0.166082 0)
(-0.15149 -0.166762 0)
(-0.143104 -0.166301 0)
(-0.134251 -0.164633 0)
(-0.124983 -0.161703 0)
(-0.115366 -0.157477 0)
(-0.10548 -0.151944 0)
(-0.0954194 -0.145121 0)
(-0.0852922 -0.137056 0)
(-0.0752192 -0.127836 0)
(-0.0653298 -0.117587 0)
(-0.0557591 -0.106472 0)
(-0.0466428 -0.094699 0)
(-0.0381117 -0.0825074 0)
(-0.0302857 -0.0701681 0)
(-0.0232674 -0.0579724 0)
(-0.017137 -0.0462218 0)
(-0.0119477 -0.0352167 0)
(-0.00772434 -0.025246 0)
(-0.00446234 -0.0165779 0)
(-0.00212182 -0.00945416 0)
(-0.000639698 -0.00408607 0)
(-5.24361e-05 -0.000656011 0)
(-0.000111709 0.00728655 0)
(-0.000887595 0.0203541 0)
(-0.00254649 0.0319728 0)
(-0.00481418 0.0422404 0)
(-0.00759955 0.051283 0)
(-0.0108244 0.0592417 0)
(-0.0144136 0.0662616 0)
(-0.0183036 0.0724832 0)
(-0.0224425 0.0780363 0)
(-0.0267877 0.0830358 0)
(-0.0313044 0.0875791 0)
(-0.0359646 0.091746 0)
(-0.0407455 0.0955985 0)
(-0.0456287 0.0991821 0)
(-0.0505987 0.102528 0)
(-0.0556423 0.105655 0)
(-0.0607482 0.108571 0)
(-0.0659057 0.111278 0)
(-0.0711053 0.113769 0)
(-0.0763373 0.116034 0)
(-0.0815927 0.118062 0)
(-0.0868624 0.119837 0)
(-0.0921372 0.121345 0)
(-0.0974079 0.122571 0)
(-0.102665 0.1235 0)
(-0.107901 0.124119 0)
(-0.113104 0.124416 0)
(-0.118267 0.12438 0)
(-0.12338 0.124001 0)
(-0.128434 0.123271 0)
(-0.13342 0.122184 0)
(-0.138329 0.120734 0)
(-0.143153 0.118918 0)
(-0.147881 0.116734 0)
(-0.152507 0.11418 0)
(-0.157022 0.111257 0)
(-0.161417 0.107968 0)
(-0.165686 0.104315 0)
(-0.169822 0.100303 0)
(-0.173816 0.095937 0)
(-0.177663 0.0912251 0)
(-0.181358 0.0861749 0)
(-0.184894 0.0807958 0)
(-0.188267 0.0750981 0)
(-0.191473 0.0690931 0)
(-0.194507 0.062793 0)
(-0.197367 0.056211 0)
(-0.200049 0.049361 0)
(-0.20255 0.0422575 0)
(-0.204868 0.034916 0)
(-0.207001 0.0273524 0)
(-0.208945 0.0195831 0)
(-0.210699 0.0116253 0)
(-0.212259 0.00349717 0)
(-0.213623 -0.00478248 0)
(-0.214784 -0.0131943 0)
(-0.215742 -0.0217268 0)
(-0.216492 -0.0303637 0)
(-0.217027 -0.0390857 0)
(-0.217337 -0.0478719 0)
(-0.217413 -0.0566993 0)
(-0.217241 -0.0655427 0)
(-0.216807 -0.0743744 0)
(-0.216092 -0.0831637 0)
(-0.215079 -0.0918766 0)
(-0.213744 -0.100475 0)
(-0.212066 -0.108916 0)
(-0.210017 -0.117152 0)
(-0.207573 -0.12513 0)
(-0.204705 -0.13279 0)
(-0.201384 -0.140067 0)
(-0.197585 -0.146891 0)
(-0.193281 -0.153183 0)
(-0.188448 -0.158859 0)
(-0.183066 -0.163832 0)
(-0.177119 -0.168009 0)
(-0.170599 -0.171294 0)
(-0.163504 -0.173593 0)
(-0.155842 -0.174811 0)
(-0.147633 -0.174859 0)
(-0.138908 -0.173657 0)
(-0.129712 -0.171138 0)
(-0.120107 -0.167253 0)
(-0.11017 -0.161973 0)
(-0.099992 -0.155302 0)
(-0.0896829 -0.147275 0)
(-0.0793651 -0.137965 0)
(-0.0691731 -0.127489 0)
(-0.0592496 -0.116009 0)
(-0.0497406 -0.103731 0)
(-0.0407896 -0.0909023 0)
(-0.032531 -0.0778072 0)
(-0.025083 -0.0647567 0)
(-0.0185415 -0.0520772 0)
(-0.0129747 -0.0400979 0)
(-0.00842038 -0.0291379 0)
(-0.00488434 -0.0194954 0)
(-0.00233335 -0.01144 0)
(-0.000708113 -0.00520636 0)
(-5.94793e-05 -0.000995835 0)
(-0.000109907 0.00775062 0)
(-0.000875347 0.0216152 0)
(-0.00251405 0.0339133 0)
(-0.00475701 0.0447549 0)
(-0.00751522 0.0542787 0)
(-0.0107119 0.0626382 0)
(-0.0142725 0.0699906 0)
(-0.018134 0.0764872 0)
(-0.0222444 0.0822678 0)
(-0.0265606 0.0874558 0)
(-0.0310473 0.092156 0)
(-0.035676 0.0964541 0)
(-0.0404234 0.100417 0)
(-0.0452704 0.104094 0)
(-0.0502013 0.107518 0)
(-0.0552026 0.110711 0)
(-0.0602626 0.113683 0)
(-0.0653708 0.116434 0)
(-0.0705174 0.118961 0)
(-0.075693 0.121252 0)
(-0.0808885 0.123297 0)
(-0.0860951 0.12508 0)
(-0.0913037 0.126587 0)
(-0.0965055 0.127803 0)
(-0.101691 0.128714 0)
(-0.106853 0.129305 0)
(-0.11198 0.129565 0)
(-0.117065 0.129482 0)
(-0.122099 0.129048 0)
(-0.127072 0.128254 0)
(-0.131976 0.127094 0)
(-0.136801 0.125562 0)
(-0.141541 0.123656 0)
(-0.146185 0.121372 0)
(-0.150726 0.118711 0)
(-0.155157 0.115674 0)
(-0.159468 0.112262 0)
(-0.163654 0.108479 0)
(-0.167708 0.104331 0)
(-0.171623 0.0998227 0)
(-0.175394 0.0949623 0)
(-0.179015 0.0897584 0)
(-0.182481 0.0842208 0)
(-0.18579 0.0783604 0)
(-0.188937 0.0721891 0)
(-0.191919 0.0657195 0)
(-0.194734 0.0589653 0)
(-0.19738 0.0519408 0)
(-0.199855 0.0446607 0)
(-0.202159 0.0371406 0)
(-0.204289 0.0293965 0)
(-0.206244 0.0214447 0)
(-0.208023 0.0133021 0)
(-0.209625 0.00498636 0)
(-0.211047 -0.0034841 0)
(-0.212282 -0.0120892 0)
(-0.213333 -0.0208185 0)
(-0.214196 -0.0296575 0)
(-0.214863 -0.0385891 0)
(-0.215328 -0.0475942 0)
(-0.21558 -0.0566519 0)
(-0.215607 -0.0657395 0)
(-0.215395 -0.0748314 0)
(-0.214924 -0.0838996 0)
(-0.214177 -0.0929121 0)
(-0.213131 -0.101833 0)
(-0.211761 -0.110622 0)
(-0.21004 -0.119233 0)
(-0.207939 -0.127614 0)
(-0.205428 -0.135707 0)
(-0.202476 -0.143446 0)
(-0.199052 -0.15076 0)
(-0.195126 -0.15757 0)
(-0.190668 -0.163789 0)
(-0.185653 -0.169325 0)
(-0.18006 -0.174081 0)
(-0.173873 -0.177954 0)
(-0.167083 -0.180839 0)
(-0.159693 -0.182634 0)
(-0.151714 -0.183237 0)
(-0.14317 -0.182554 0)
(-0.134102 -0.180504 0)
(-0.124565 -0.177021 0)
(-0.11463 -0.172061 0)
(-0.104389 -0.165609 0)
(-0.0939469 -0.157684 0)
(-0.0834292 -0.148348 0)
(-0.0729739 -0.137703 0)
(-0.0627304 -0.125906 0)
(-0.0528543 -0.11316 0)
(-0.0435014 -0.0997175 0)
(-0.0348208 -0.085875 0)
(-0.0269469 -0.0719618 0)
(-0.0199925 -0.0583296 0)
(-0.014042 -0.0453375 0)
(-0.00914773 -0.0333373 0)
(-0.00532768 -0.02266 0)
(-0.00255678 -0.0136057 0)
(-0.00078086 -0.00643553 0)
(-6.71031e-05 -0.001372 0)
(-0.000107374 0.00820673 0)
(-0.00085782 0.0228567 0)
(-0.00246716 0.0358263 0)
(-0.00467357 0.0472371 0)
(-0.00739094 0.0572394 0)
(-0.0105444 0.0659987 0)
(-0.0140609 0.0736831 0)
(-0.0178779 0.0804546 0)
(-0.0219435 0.0864624 0)
(-0.0262145 0.0918383 0)
(-0.0306553 0.0966942 0)
(-0.0352366 0.101122 0)
(-0.0399348 0.105193 0)
(-0.0447302 0.10896 0)
(-0.0496066 0.11246 0)
(-0.0545504 0.115716 0)
(-0.0595496 0.118739 0)
(-0.0645935 0.121532 0)
(-0.0696723 0.12409 0)
(-0.0747767 0.126405 0)
(-0.0798978 0.128463 0)
(-0.0850266 0.130252 0)
(-0.0901545 0.131755 0)
(-0.0952728 0.132958 0)
(-0.100373 0.133847 0)
(-0.105446 0.134408 0)
(-0.110483 0.134629 0)
(-0.115475 0.134498 0)
(-0.120414 0.134007 0)
(-0.125291 0.133148 0)
(-0.130098 0.131913 0)
(-0.134826 0.130299 0)
(-0.139466 0.128301 0)
(-0.144011 0.125919 0)
(-0.148453 0.123151 0)
(-0.152783 0.119999 0)
(-0.156996 0.116465 0)
(-0.161084 0.112554 0)
(-0.165041 0.108271 0)
(-0.168862 0.103622 0)
(-0.17254 0.0986164 0)
(-0.176072 0.0932625 0)
(-0.179455 0.0875709 0)
(-0.182684 0.0815532 0)
(-0.185757 0.0752219 0)
(-0.188672 0.0685902 0)
(-0.191428 0.0616722 0)
(-0.194024 0.0544825 0)
(-0.196459 0.0470364 0)
(-0.198734 0.0393496 0)
(-0.200848 0.0314379 0)
(-0.202801 0.0233178 0)
(-0.204592 0.0150058 0)
(-0.206221 0.00651876 0)
(-0.20769 -0.00212563 0)
(-0.208987 -0.0109062 0)
(-0.210119 -0.019813 0)
(-0.211084 -0.0288336 0)
(-0.211874 -0.0379533 0)
(-0.212484 -0.047155 0)
(-0.212904 -0.0564202 0)
(-0.213123 -0.0657286 0)
(-0.213126 -0.0750573 0)
(-0.212897 -0.0843808 0)
(-0.212414 -0.09367 0)
(-0.211656 -0.102892 0)
(-0.210597 -0.112007 0)
(-0.209208 -0.120974 0)
(-0.20746 -0.129741 0)
(-0.205319 -0.138253 0)
(-0.202751 -0.146443 0)
(-0.199723 -0.154242 0)
(-0.196198 -0.161567 0)
(-0.192143 -0.168332 0)
(-0.187528 -0.17444 0)
(-0.182325 -0.17979 0)
(-0.176511 -0.184271 0)
(-0.170072 -0.187773 0)
(-0.163001 -0.190181 0)
(-0.155303 -0.191382 0)
(-0.146996 -0.191269 0)
(-0.138111 -0.189745 0)
(-0.128698 -0.186726 0)
(-0.118822 -0.182151 0)
(-0.108571 -0.175988 0)
(-0.0980488 -0.168236 0)
(-0.0873795 -0.15894 0)
(-0.0767041 -0.14819 0)
(-0.0661775 -0.13613 0)
(-0.0559642 -0.122961 0)
(-0.0462317 -0.108937 0)
(-0.0371437 -0.0943622 0)
(-0.0288513 -0.0795851 0)
(-0.0214848 -0.0649818 0)
(-0.0151464 -0.0509424 0)
(-0.00990483 -0.0378532 0)
(-0.00579175 -0.026081 0)
(-0.00279197 -0.0159595 0)
(-0.000857945 -0.00777943 0)
(-7.53217e-05 -0.0017868 0)
(-0.000104129 0.0086521 0)
(-0.000835133 0.0240715 0)
(-0.00240611 0.0377015 0)
(-0.00456436 0.0496743 0)
(-0.00722745 0.060151 0)
(-0.0103231 0.0693078 0)
(-0.0137799 0.0773234 0)
(-0.0175365 0.0843694 0)
(-0.0215415 0.0906041 0)
(-0.0257514 0.0961672 0)
(-0.0301304 0.101178 0)
(-0.0346487 0.105733 0)
(-0.0392822 0.10991 0)
(-0.0440108 0.113765 0)
(-0.0488178 0.117338 0)
(-0.0536892 0.120654 0)
(-0.0586129 0.123726 0)
(-0.0635779 0.126557 0)
(-0.0685745 0.129144 0)
(-0.0735933 0.131477 0)
(-0.0786255 0.133547 0)
(-0.0836624 0.135337 0)
(-0.0886955 0.136833 0)
(-0.0937161 0.138021 0)
(-0.0987158 0.138886 0)
(-0.103686 0.139414 0)
(-0.108618 0.139594 0)
(-0.113504 0.139414 0)
(-0.118335 0.138864 0)
(-0.123102 0.137938 0)
(-0.127798 0.136628 0)
(-0.132413 0.13493 0)
(-0.13694 0.132841 0)
(-0.141371 0.130359 0)
(-0.145699 0.127484 0)
(-0.149916 0.124217 0)
(-0.154016 0.120563 0)
(-0.157991 0.116524 0)
(-0.161838 0.112108 0)
(-0.16555 0.107322 0)
(-0.169122 0.102173 0)
(-0.172552 0.0966728 0)
(-0.175836 0.0908318 0)
(-0.178972 0.0846623 0)
(-0.181957 0.0781774 0)
(-0.184792 0.0713909 0)
(-0.187476 0.0643175 0)
(-0.190008 0.0569723 0)
(-0.19239 0.0493709 0)
(-0.194623 0.0415291 0)
(-0.196707 0.0334632 0)
(-0.198644 0.0251892 0)
(-0.200434 0.0167234 0)
(-0.202079 0.0080821 0)
(-0.203581 -0.000718463 0)
(-0.204928 -0.00965704 0)
(-0.206131 -0.0187215 0)
(-0.207185 -0.0279029 0)
(-0.208087 -0.0371885 0)
(-0.208832 -0.0465639 0)
(-0.20941 -0.0560128 0)
(-0.209812 -0.0655175 0)
(-0.210023 -0.075058 0)
(-0.210027 -0.0846117 0)
(-0.209804 -0.0941525 0)
(-0.209332 -0.10365 0)
(-0.208583 -0.11307 0)
(-0.20753 -0.12237 0)
(-0.206139 -0.131503 0)
(-0.204376 -0.140415 0)
(-0.202204 -0.149043 0)
(-0.199586 -0.157314 0)
(-0.196482 -0.16515 0)
(-0.192856 -0.172459 0)
(-0.188669 -0.179144 0)
(-0.183888 -0.185098 0)
(-0.178486 -0.190207 0)
(-0.172439 -0.19435 0)
(-0.165733 -0.197403 0)
(-0.158366 -0.199243 0)
(-0.150346 -0.199748 0)
(-0.141699 -0.198804 0)
(-0.132466 -0.196311 0)
(-0.122707 -0.192189 0)
(-0.112502 -0.186384 0)
(-0.101954 -0.178878 0)
(-0.0911838 -0.169694 0)
(-0.0803348 -0.158907 0)
(-0.069566 -0.146647 0)
(-0.0590493 -0.133107 0)
(-0.0489637 -0.118539 0)
(-0.0394868 -0.103256 0)
(-0.0307867 -0.0876208 0)
(-0.0230122 -0.0720341 0)
(-0.0162843 -0.0569173 0)
(-0.0106896 -0.0426932 0)
(-0.0062756 -0.0297669 0)
(-0.00303861 -0.0185094 0)
(-0.000939327 -0.00924383 0)
(-8.41453e-05 -0.00224254 0)
(-0.0001002 0.00908403 0)
(-0.000807455 0.0252527 0)
(-0.00233134 0.0395288 0)
(-0.00443011 0.0520542 0)
(-0.00702576 0.0629996 0)
(-0.0100491 0.0725508 0)
(-0.0134311 0.0808959 0)
(-0.0171119 0.0882158 0)
(-0.0210404 0.0946769 0)
(-0.0251736 0.100427 0)
(-0.0294753 0.105591 0)
(-0.0339154 0.110273 0)
(-0.0384691 0.114554 0)
(-0.043116 0.118495 0)
(-0.0478389 0.122138 0)
(-0.0526234 0.125511 0)
(-0.0574572 0.128628 0)
(-0.0623291 0.131494 0)
(-0.0672294 0.134106 0)
(-0.0721487 0.136456 0)
(-0.0770783 0.138532 0)
(-0.0820095 0.140321 0)
(-0.0869339 0.141808 0)
(-0.0918432 0.142978 0)
(-0.0967291 0.143817 0)
(-0.101583 0.14431 0)
(-0.106397 0.144446 0)
(-0.111163 0.144215 0)
(-0.115872 0.143605 0)
(-0.120515 0.14261 0)
(-0.125086 0.141224 0)
(-0.129576 0.139441 0)
(-0.133977 0.13726 0)
(-0.138281 0.134678 0)
(-0.142481 0.131696 0)
(-0.146572 0.128315 0)
(-0.150545 0.124541 0)
(-0.154396 0.120376 0)
(-0.158119 0.115829 0)
(-0.161709 0.110907 0)
(-0.165163 0.105619 0)
(-0.168478 0.0999762 0)
(-0.171652 0.0939905 0)
(-0.174682 0.0876747 0)
(-0.177568 0.0810426 0)
(-0.180311 0.0741087 0)
(-0.18291 0.0668884 0)
(-0.185367 0.0593972 0)
(-0.187683 0.0516512 0)
(-0.189861 0.0436664 0)
(-0.191904 0.0354591 0)
(-0.193812 0.0270454 0)
(-0.195588 0.0184413 0)
(-0.197234 0.00966266 0)
(-0.198753 0.000725374 0)
(-0.200146 -0.00835292 0)
(-0.201405 -0.0175556 0)
(-0.202538 -0.0268768 0)
(-0.20354 -0.0363063 0)
(-0.204408 -0.0458318 0)
(-0.205133 -0.0554399 0)
(-0.205707 -0.0651156 0)
(-0.206116 -0.0748418 0)
(-0.206345 -0.0845993 0)
(-0.206374 -0.0943651 0)
(-0.206181 -0.104113 0)
(-0.205739 -0.11381 0)
(-0.205018 -0.123419 0)
(-0.203986 -0.132895 0)
(-0.202605 -0.142187 0)
(-0.200837 -0.151233 0)
(-0.198641 -0.159963 0)
(-0.195974 -0.168297 0)
(-0.192795 -0.176146 0)
(-0.18906 -0.183408 0)
(-0.184732 -0.189973 0)
(-0.179774 -0.195722 0)
(-0.174156 -0.200526 0)
(-0.167859 -0.204254 0)
(-0.160869 -0.206769 0)
(-0.153188 -0.207937 0)
(-0.144832 -0.207626 0)
(-0.135834 -0.20572 0)
(-0.126248 -0.202117 0)
(-0.116146 -0.196742 0)
(-0.105627 -0.189556 0)
(-0.0948101 -0.18056 0)
(-0.0838369 -0.169809 0)
(-0.07287 -0.157418 0)
(-0.0620878 -0.143565 0)
(-0.0516794 -0.1285 0)
(-0.0418361 -0.11254 0)
(-0.0327429 -0.09606 0)
(-0.0245677 -0.0794839 0)
(-0.0174512 -0.0632648 0)
(-0.0114996 -0.0478633 0)
(-0.00677803 -0.0337255 0)
(-0.00329624 -0.0212627 0)
(-0.00102492 -0.0108342 0)
(-9.35796e-05 -0.00274149 0)
(-9.56204e-05 0.00949991 0)
(-0.000774999 0.0263936 0)
(-0.00224337 0.0412984 0)
(-0.00427173 0.0543646 0)
(-0.00678718 0.0657714 0)
(-0.00972421 0.0757129 0)
(-0.0130167 0.0843855 0)
(-0.0166063 0.0919782 0)
(-0.0204432 0.0986654 0)
(-0.0244843 0.104602 0)
(-0.0286935 0.109919 0)
(-0.0330404 0.114727 0)
(-0.0374996 0.11911 0)
(-0.0420503 0.123135 0)
(-0.0466748 0.126845 0)
(-0.0513584 0.130272 0)
(-0.0560883 0.133431 0)
(-0.0608535 0.136329 0)
(-0.0656439 0.138963 0)
(-0.0704503 0.141326 0)
(-0.0752638 0.143407 0)
(-0.080076 0.145192 0)
(-0.0848786 0.146667 0)
(-0.0896635 0.147816 0)
(-0.0944225 0.148626 0)
(-0.0991475 0.149082 0)
(-0.10383 0.149173 0)
(-0.108463 0.148888 0)
(-0.113037 0.148217 0)
(-0.117545 0.147152 0)
(-0.121978 0.145688 0)
(-0.12633 0.14382 0)
(-0.130592 0.141545 0)
(-0.134757 0.138863 0)
(-0.138818 0.135774 0)
(-0.14277 0.132281 0)
(-0.146605 0.128387 0)
(-0.15032 0.124098 0)
(-0.153908 0.119422 0)
(-0.157366 0.114366 0)
(-0.160691 0.108942 0)
(-0.16388 0.103161 0)
(-0.166933 0.0970356 0)
(-0.169847 0.090579 0)
(-0.172623 0.0838062 0)
(-0.175263 0.0767325 0)
(-0.177767 0.0693737 0)
(-0.180138 0.061746 0)
(-0.182379 0.0538659 0)
(-0.184492 0.0457497 0)
(-0.186481 0.0374139 0)
(-0.18835 0.0288744 0)
(-0.190102 0.0201471 0)
(-0.191739 0.0112473 0)
(-0.193265 0.00219056 0)
(-0.194685 -0.0070061 0)
(-0.19599 -0.0163272 0)
(-0.197189 -0.0257675 0)
(-0.198278 -0.0353187 0)
(-0.199256 -0.044971 0)
(-0.200115 -0.0547135 0)
(-0.200848 -0.0645342 0)
(-0.201444 -0.0744194 0)
(-0.201887 -0.0843531 0)
(-0.202158 -0.094316 0)
(-0.202235 -0.104285 0)
(-0.202092 -0.114232 0)
(-0.2017 -0.124123 0)
(-0.201023 -0.133916 0)
(-0.200024 -0.143564 0)
(-0.198663 -0.153007 0)
(-0.196896 -0.162177 0)
(-0.194677 -0.170996 0)
(-0.191959 -0.179373 0)
(-0.188697 -0.187207 0)
(-0.184844 -0.194385 0)
(-0.18036 -0.200782 0)
(-0.175206 -0.206265 0)
(-0.169355 -0.210691 0)
(-0.162786 -0.213914 0)
(-0.155491 -0.215785 0)
(-0.147477 -0.216158 0)
(-0.138769 -0.214896 0)
(-0.129411 -0.211878 0)
(-0.11947 -0.207006 0)
(-0.109037 -0.200216 0)
(-0.098227 -0.191486 0)
(-0.0871814 -0.180849 0)
(-0.0760636 -0.168398 0)
(-0.0650572 -0.154299 0)
(-0.0543602 -0.138792 0)
(-0.044177 -0.122194 0)
(-0.0347089 -0.10489 0)
(-0.0261433 -0.0873257 0)
(-0.0186419 -0.0699852 0)
(-0.0123318 -0.0533679 0)
(-0.00729752 -0.0379633 0)
(-0.00356429 -0.0242263 0)
(-0.0011146 -0.012556 0)
(-0.000103626 -0.00328587 0)
(-9.04311e-05 0.00989728 0)
(-0.000738023 0.0274877 0)
(-0.00214286 0.0430008 0)
(-0.00409034 0.0565941 0)
(-0.0065133 0.0684534 0)
(-0.00935049 0.07878 0)
(-0.012539 0.0877774 0)
(-0.0160228 0.0956418 0)
(-0.0197531 0.102554 0)
(-0.0236873 0.108677 0)
(-0.0277893 0.114147 0)
(-0.0320283 0.119079 0)
(-0.0363788 0.123564 0)
(-0.0408191 0.12767 0)
(-0.0453314 0.131446 0)
(-0.0499004 0.134924 0)
(-0.0545132 0.138123 0)
(-0.0591584 0.141049 0)
(-0.0638258 0.143702 0)
(-0.0685062 0.146075 0)
(-0.0731909 0.148158 0)
(-0.0778714 0.149936 0)
(-0.0825397 0.151396 0)
(-0.0871878 0.152522 0)
(-0.0918075 0.1533 0)
(-0.0963911 0.153718 0)
(-0.100931 0.153762 0)
(-0.105418 0.153421 0)
(-0.109846 0.152687 0)
(-0.114206 0.151551 0)
(-0.11849 0.150009 0)
(-0.122692 0.148054 0)
(-0.126804 0.145687 0)
(-0.130819 0.142904 0)
(-0.134731 0.139708 0)
(-0.138534 0.136102 0)
(-0.142221 0.13209 0)
(-0.145789 0.127679 0)
(-0.149232 0.122875 0)
(-0.152549 0.11769 0)
(-0.155735 0.112133 0)
(-0.15879 0.106218 0)
(-0.161712 0.0999573 0)
(-0.164502 0.0933657 0)
(-0.16716 0.0864588 0)
(-0.169688 0.0792526 0)
(-0.172089 0.0717637 0)
(-0.174365 0.0640089 0)
(-0.176521 0.0560052 0)
(-0.17856 0.0477692 0)
(-0.180487 0.0393176 0)
(-0.182307 0.0306663 0)
(-0.184024 0.021831 0)
(-0.185642 0.0128266 0)
(-0.187165 0.00366824 0)
(-0.1886 -0.00562899 0)
(-0.189938 -0.0150493 0)
(-0.191189 -0.0245882 0)
(-0.192353 -0.034239 0)
(-0.193427 -0.0439945 0)
(-0.194408 -0.0538466 0)
(-0.195287 -0.0637864 0)
(-0.196055 -0.0738034 0)
(-0.196698 -0.0838851 0)
(-0.197198 -0.0940162 0)
(-0.197534 -0.104177 0)
(-0.197681 -0.114345 0)
(-0.197607 -0.124488 0)
(-0.197279 -0.13457 0)
(-0.196658 -0.144546 0)
(-0.195703 -0.154361 0)
(-0.194366 -0.163949 0)
(-0.192601 -0.173234 0)
(-0.190355 -0.182126 0)
(-0.18758 -0.190523 0)
(-0.184222 -0.19831 0)
(-0.180236 -0.205359 0)
(-0.175576 -0.211531 0)
(-0.170206 -0.216675 0)
(-0.164097 -0.220634 0)
(-0.157231 -0.223246 0)
(-0.149608 -0.224349 0)
(-0.141241 -0.223787 0)
(-0.132166 -0.221417 0)
(-0.122441 -0.217118 0)
(-0.112151 -0.210801 0)
(-0.101405 -0.202418 0)
(-0.0903402 -0.191975 0)
(-0.0791212 -0.179544 0)
(-0.0679349 -0.165271 0)
(-0.056987 -0.149383 0)
(-0.0464937 -0.132193 0)
(-0.0366728 -0.114094 0)
(-0.0277307 -0.0955509 0)
(-0.0198509 -0.0770762 0)
(-0.0131829 -0.0592094 0)
(-0.00783235 -0.0424854 0)
(-0.00384202 -0.0274062 0)
(-0.00120818 -0.014414 0)
(-0.000114283 -0.00387784 0)
(-8.46786e-05 0.0102738 0)
(-0.000696822 0.0285291 0)
(-0.00203058 0.0446272 0)
(-0.00388723 0.0587314 0)
(-0.00620598 0.0710329 0)
(-0.00893034 0.0817383 0)
(-0.0120011 0.0910573 0)
(-0.0153648 0.0991918 0)
(-0.018974 0.106329 0)
(-0.0227868 0.112637 0)
(-0.0267673 0.11826 0)
(-0.0308845 0.123316 0)
(-0.0351123 0.127901 0)
(-0.0394287 0.132087 0)
(-0.0438154 0.135926 0)
(-0.0482568 0.139454 0)
(-0.0527395 0.142689 0)
(-0.057252 0.145641 0)
(-0.061784 0.148311 0)
(-0.0663261 0.150691 0)
(-0.0708698 0.152772 0)
(-0.0754066 0.154541 0)
(-0.0799287 0.155983 0)
(-0.0844281 0.157084 0)
(-0.088897 0.157829 0)
(-0.0933278 0.158205 0)
(-0.0977127 0.1582 0)
(-0.102044 0.157803 0)
(-0.106314 0.157004 0)
(-0.110516 0.155797 0)
(-0.114641 0.154174 0)
(-0.118683 0.152134 0)
(-0.122635 0.149672 0)
(-0.126491 0.14679 0)
(-0.130243 0.143488 0)
(-0.133887 0.13977 0)
(-0.137418 0.135642 0)
(-0.140831 0.131109 0)
(-0.144122 0.126182 0)
(-0.147289 0.120869 0)
(-0.15033 0.115184 0)
(-0.153243 0.109139 0)
(-0.156028 0.102748 0)
(-0.158686 0.096027 0)
(-0.161219 0.0889926 0)
(-0.163629 0.0816614 0)
(-0.165919 0.0740507 0)
(-0.168094 0.0661781 0)
(-0.170157 0.058061 0)
(-0.172115 0.0497165 0)
(-0.173972 0.0411614 0)
(-0.175735 0.0324118 0)
(-0.177408 0.0234831 0)
(-0.178997 0.0143898 0)
(-0.180507 0.00514623 0)
(-0.181947 -0.00423386 0)
(-0.183305 -0.0137346 0)
(-0.184597 -0.0233516 0)
(-0.185822 -0.0330804 0)
(-0.18698 -0.0429162 0)
(-0.188066 -0.0528534 0)
(-0.189077 -0.0628864 0)
(-0.190003 -0.073008 0)
(-0.190831 -0.0832093 0)
(-0.191546 -0.0934791 0)
(-0.192127 -0.103802 0)
(-0.192548 -0.114159 0)
(-0.192781 -0.124524 0)
(-0.192792 -0.134865 0)
(-0.192541 -0.14514 0)
(-0.191985 -0.155298 0)
(-0.191078 -0.165278 0)
(-0.189767 -0.175006 0)
(-0.187999 -0.184394 0)
(-0.185719 -0.19334 0)
(-0.182872 -0.201728 0)
(-0.179403 -0.209428 0)
(-0.175261 -0.216295 0)
(-0.170401 -0.222171 0)
(-0.164787 -0.226889 0)
(-0.158392 -0.230275 0)
(-0.151203 -0.23215 0)
(-0.143226 -0.232339 0)
(-0.134487 -0.230679 0)
(-0.125034 -0.227023 0)
(-0.114942 -0.221255 0)
(-0.104315 -0.213299 0)
(-0.0932864 -0.203135 0)
(-0.0820177 -0.190806 0)
(-0.0706984 -0.176436 0)
(-0.0595403 -0.160236 0)
(-0.0487706 -0.14251 0)
(-0.0386221 -0.123654 0)
(-0.0293207 -0.104148 0)
(-0.021072 -0.0845331 0)
(-0.014049 -0.0653884 0)
(-0.0083805 -0.0472959 0)
(-0.0041286 -0.0308075 0)
(-0.00130547 -0.0164127 0)
(-0.000125543 -0.00451946 0)
(-7.84147e-05 0.0106274 0)
(-0.000651729 0.0295121 0)
(-0.00190737 0.0461692 0)
(-0.00366386 0.060766 0)
(-0.00586732 0.0734977 0)
(-0.00846646 0.0845749 0)
(-0.0114063 0.0942113 0)
(-0.0146362 0.102614 0)
(-0.0181103 0.109976 0)
(-0.0217879 0.11647 0)
(-0.025633 0.122244 0)
(-0.0296147 0.127424 0)
(-0.0337065 0.132108 0)
(-0.0378861 0.136373 0)
(-0.0421344 0.140274 0)
(-0.0464355 0.143848 0)
(-0.0507758 0.147118 0)
(-0.0551435 0.150093 0)
(-0.0595282 0.152776 0)
(-0.0639204 0.155161 0)
(-0.0683115 0.157238 0)
(-0.0726933 0.158995 0)
(-0.077058 0.160417 0)
(-0.0813977 0.16149 0)
(-0.085705 0.1622 0)
(-0.0899724 0.162533 0)
(-0.0941922 0.162478 0)
(-0.0983572 0.162022 0)
(-0.10246 0.161158 0)
(-0.106493 0.159878 0)
(-0.11045 0.158176 0)
(-0.114324 0.156049 0)
(-0.118107 0.153494 0)
(-0.121794 0.150512 0)
(-0.12538 0.147105 0)
(-0.128858 0.143277 0)
(-0.132225 0.139034 0)
(-0.135476 0.134383 0)
(-0.138609 0.129334 0)
(-0.14162 0.123898 0)
(-0.144509 0.118087 0)
(-0.147275 0.111917 0)
(-0.149918 0.105401 0)
(-0.15244 0.098557 0)
(-0.154842 0.0914018 0)
(-0.157129 0.083953 0)
(-0.159304 0.0762288 0)
(-0.161372 0.0682474 0)
(-0.163338 0.0600268 0)
(-0.165208 0.0515847 0)
(-0.166989 0.042938 0)
(-0.168688 0.0341029 0)
(-0.170311 0.0250948 0)
(-0.171863 0.0159276 0)
(-0.17335 0.0066146 0)
(-0.174784 -0.00283161 0)
(-0.176153 -0.0123948 0)
(-0.177474 -0.0220705 0)
(-0.178748 -0.0318564 0)
(-0.179974 -0.04175 0)
(-0.181153 -0.0517487 0)
(-0.18228 -0.0618495 0)
(-0.183348 -0.0720488 0)
(-0.184345 -0.0823415 0)
(-0.185257 -0.0927203 0)
(-0.186066 -0.103175 0)
(-0.186747 -0.113689 0)
(-0.187272 -0.124244 0)
(-0.187607 -0.13481 0)
(-0.187714 -0.145352 0)
(-0.187549 -0.155824 0)
(-0.187062 -0.166167 0)
(-0.186202 -0.176312 0)
(-0.184912 -0.186173 0)
(-0.183133 -0.195649 0)
(-0.180804 -0.204626 0)
(-0.177867 -0.212969 0)
(-0.174262 -0.220532 0)
(-0.169939 -0.227149 0)
(-0.164849 -0.232644 0)
(-0.158959 -0.236831 0)
(-0.152247 -0.239515 0)
(-0.144705 -0.240504 0)
(-0.136351 -0.239611 0)
(-0.127222 -0.236665 0)
(-0.117384 -0.231521 0)
(-0.106932 -0.224076 0)
(-0.0959944 -0.214275 0)
(-0.084729 -0.202135 0)
(-0.0733257 -0.187751 0)
(-0.0620009 -0.171313 0)
(-0.0509914 -0.153113 0)
(-0.040544 -0.133546 0)
(-0.0309038 -0.113101 0)
(-0.0222986 -0.0923482 0)
(-0.0149262 -0.0719031 0)
(-0.00893978 -0.052397 0)
(-0.00442307 -0.0344347 0)
(-0.0014062 -0.0185564 0)
(-0.000137394 -0.00521268 0)
(-7.16957e-05 0.010956 0)
(-0.000603109 0.0304314 0)
(-0.00177416 0.0476188 0)
(-0.00342185 0.0626881 0)
(-0.00549961 0.0758366 0)
(-0.00796187 0.0872771 0)
(-0.0107583 0.0972264 0)
(-0.0138412 0.105895 0)
(-0.017167 0.113481 0)
(-0.0206959 0.12016 0)
(-0.0243925 0.126086 0)
(-0.0282256 0.131389 0)
(-0.0321686 0.136172 0)
(-0.0361987 0.140515 0)
(-0.0402964 0.144476 0)
(-0.0444454 0.148095 0)
(-0.0486316 0.151397 0)
(-0.0528431 0.154393 0)
(-0.0570692 0.157087 0)
(-0.0613004 0.159474 0)
(-0.0655282 0.161545 0)
(-0.0697444 0.163287 0)
(-0.0739412 0.164687 0)
(-0.0781112 0.165731 0)
(-0.0822468 0.166403 0)
(-0.086341 0.166692 0)
(-0.0903864 0.166585 0)
(-0.0943759 0.16607 0)
(-0.0983024 0.16514 0)
(-0.102159 0.163787 0)
(-0.105939 0.162005 0)
(-0.109636 0.159791 0)
(-0.113243 0.157143 0)
(-0.116756 0.154063 0)
(-0.120167 0.150552 0)
(-0.123474 0.146616 0)
(-0.126671 0.14226 0)
(-0.129756 0.137493 0)
(-0.132724 0.132326 0)
(-0.135576 0.12677 0)
(-0.138309 0.120839 0)
(-0.140924 0.114548 0)
(-0.143422 0.107913 0)
(-0.145804 0.100952 0)
(-0.148073 0.0936824 0)
(-0.150234 0.0861235 0)
(-0.152291 0.0782938 0)
(-0.154249 0.0702125 0)
(-0.156114 0.061898 0)
(-0.157893 0.0533686 0)
(-0.159594 0.0446416 0)
(-0.161223 0.0357332 0)
(-0.162788 0.0266588 0)
(-0.164296 0.0174319 0)
(-0.165753 0.00806474 0)
(-0.167174 -0.0014319 0)
(-0.168544 -0.0110409 0)
(-0.169883 -0.0207567 0)
(-0.171193 -0.0305797 0)
(-0.172476 -0.04051 0)
(-0.173733 -0.0505473 0)
(-0.17496 -0.0606915 0)
(-0.176153 -0.0709425 0)
(-0.177302 -0.0812988 0)
(-0.178395 -0.0917573 0)
(-0.179413 -0.102312 0)
(-0.180335 -0.112952 0)
(-0.181134 -0.123663 0)
(-0.181777 -0.134422 0)
(-0.182226 -0.145198 0)
(-0.182437 -0.155949 0)
(-0.182361 -0.166624 0)
(-0.181943 -0.177156 0)
(-0.181126 -0.187463 0)
(-0.179846 -0.197447 0)
(-0.17804 -0.206994 0)
(-0.175643 -0.215969 0)
(-0.17259 -0.224222 0)
(-0.168821 -0.231584 0)
(-0.164282 -0.237868 0)
(-0.158929 -0.242878 0)
(-0.152728 -0.246404 0)
(-0.145664 -0.248235 0)
(-0.137741 -0.248163 0)
(-0.128986 -0.245991 0)
(-0.119454 -0.241546 0)
(-0.109233 -0.234691 0)
(-0.0984408 -0.225341 0)
(-0.0872323 -0.213478 0)
(-0.0757956 -0.199167 0)
(-0.06435 -0.182573 0)
(-0.05314 -0.163969 0)
(-0.0424258 -0.143743 0)
(-0.0324702 -0.122394 0)
(-0.023524 -0.100511 0)
(-0.0158101 -0.0787498 0)
(-0.00950777 -0.0577896 0)
(-0.00472436 -0.0382909 0)
(-0.00151009 -0.0208485 0)
(-0.000149822 -0.00595931 0)
(-6.45819e-05 0.0112578 0)
(-0.000551355 0.0312825 0)
(-0.00163198 0.048969 0)
(-0.00316293 0.0644886 0)
(-0.0051054 0.0780388 0)
(-0.00741987 0.0898332 0)
(-0.010061 0.10009 0)
(-0.0129846 0.109023 0)
(-0.0161494 0.11683 0)
(-0.0195169 0.123695 0)
(-0.0230522 0.129774 0)
(-0.0267243 0.1352 0)
(-0.0305063 0.140081 0)
(-0.0343749 0.144501 0)
(-0.0383104 0.14852 0)
(-0.0422959 0.152183 0)
(-0.046317 0.155515 0)
(-0.0503614 0.158531 0)
(-0.0544184 0.161233 0)
(-0.0584784 0.16362 0)
(-0.0625327 0.165682 0)
(-0.0665734 0.167407 0)
(-0.0705928 0.168783 0)
(-0.0745836 0.169795 0)
(-0.0785385 0.17043 0)
(-0.0824507 0.170673 0)
(-0.0863131 0.170512 0)
(-0.0901188 0.169938 0)
(-0.0938612 0.168941 0)
(-0.0975337 0.167514 0)
(-0.10113 0.165653 0)
(-0.104643 0.163353 0)
(-0.108069 0.160614 0)
(-0.1114 0.157436 0)
(-0.114633 0.153824 0)
(-0.117763 0.149781 0)
(-0.120787 0.145315 0)
(-0.123701 0.140436 0)
(-0.126503 0.135154 0)
(-0.129191 0.129483 0)
(-0.131767 0.123436 0)
(-0.134229 0.117029 0)
(-0.136579 0.110281 0)
(-0.138821 0.103209 0)
(-0.140956 0.0958326 0)
(-0.14299 0.0881708 0)
(-0.144927 0.0802437 0)
(-0.146773 0.0720709 0)
(-0.148536 0.0636718 0)
(-0.150222 0.0550649 0)
(-0.151839 0.0462681 0)
(-0.153395 0.0372977 0)
(-0.154898 0.0281691 0)
(-0.156357 0.0188957 0)
(-0.157777 0.00948869 0)
(-0.159172 -4.22182e-05 0)
(-0.160541 -0.00968143 0)
(-0.161888 -0.0194204 0)
(-0.163224 -0.0292623 0)
(-0.164552 -0.0392095 0)
(-0.165873 -0.049264 0)
(-0.167185 -0.0594287 0)
(-0.168486 -0.0697064 0)
(-0.169769 -0.0800994 0)
(-0.171023 -0.0906089 0)
(-0.172231 -0.101233 0)
(-0.173374 -0.111967 0)
(-0.174427 -0.122801 0)
(-0.175358 -0.133718 0)
(-0.17613 -0.144692 0)
(-0.1767 -0.155688 0)
(-0.177019 -0.16666 0)
(-0.177031 -0.177546 0)
(-0.176677 -0.188269 0)
(-0.175892 -0.198734 0)
(-0.174607 -0.208828 0)
(-0.172752 -0.218419 0)
(-0.170259 -0.227353 0)
(-0.16706 -0.235456 0)
(-0.163091 -0.242536 0)
(-0.1583 -0.248385 0)
(-0.152643 -0.25278 0)
(-0.146093 -0.255492 0)
(-0.138643 -0.25629 0)
(-0.130309 -0.254952 0)
(-0.121135 -0.251276 0)
(-0.111197 -0.245091 0)
(-0.100605 -0.236278 0)
(-0.0895068 -0.224783 0)
(-0.0780882 -0.210636 0)
(-0.0665694 -0.193972 0)
(-0.0552008 -0.17504 0)
(-0.0442543 -0.154218 0)
(-0.0340101 -0.132004 0)
(-0.0247411 -0.109009 0)
(-0.016696 -0.0859223 0)
(-0.0100819 -0.0634727 0)
(-0.00503131 -0.0423783 0)
(-0.00161681 -0.023292 0)
(-0.000162806 -0.00676101 0)
(-5.71369e-05 0.0115315 0)
(-0.000496886 0.032061 0)
(-0.00148192 0.0502132 0)
(-0.00288899 0.0661589 0)
(-0.00468739 0.0800944 0)
(-0.00684398 0.0922324 0)
(-0.00931874 0.102791 0)
(-0.0120715 0.111983 0)
(-0.0150633 0.120013 0)
(-0.0182572 0.127062 0)
(-0.0216192 0.133294 0)
(-0.0251184 0.138843 0)
(-0.0287277 0.143823 0)
(-0.0324236 0.148319 0)
(-0.0361858 0.152396 0)
(-0.039997 0.156101 0)
(-0.0438426 0.159462 0)
(-0.0477098 0.162495 0)
(-0.0515878 0.165204 0)
(-0.055467 0.167588 0)
(-0.0593386 0.16964 0)
(-0.0631948 0.171347 0)
(-0.067028 0.172697 0)
(-0.070831 0.173676 0)
(-0.0745971 0.17427 0)
(-0.0783193 0.174466 0)
(-0.0819911 0.174253 0)
(-0.0856059 0.173618 0)
(-0.0891574 0.172555 0)
(-0.0926392 0.171055 0)
(-0.0960454 0.169114 0)
(-0.0993703 0.166729 0)
(-0.102608 0.1639 0)
(-0.105755 0.160628 0)
(-0.108805 0.156915 0)
(-0.111755 0.152769 0)
(-0.114602 0.148197 0)
(-0.117343 0.143209 0)
(-0.119977 0.137817 0)
(-0.122502 0.132034 0)
(-0.124918 0.125876 0)
(-0.127227 0.119361 0)
(-0.129431 0.112505 0)
(-0.131531 0.105329 0)
(-0.133533 0.0978518 0)
(-0.13544 0.0900947 0)
(-0.137258 0.082078 0)
(-0.138994 0.0738222 0)
(-0.140654 0.0653471 0)
(-0.142247 0.0566721 0)
(-0.143779 0.0478153 0)
(-0.145261 0.0387933 0)
(-0.1467 0.0296215 0)
(-0.148106 0.0203133 0)
(-0.149485 0.0108795 0)
(-0.150848 0.00132997 0)
(-0.152208 -0.00832354 0)
(-0.153556 -0.0180705 0)
(-0.154908 -0.0279152 0)
(-0.156269 -0.0378614 0)
(-0.15764 -0.0479135 0)
(-0.159023 -0.058077 0)
(-0.160416 -0.0683579 0)
(-0.161814 -0.0787621 0)
(-0.163209 -0.0892949 0)
(-0.164587 -0.0999593 0)
(-0.16593 -0.110755 0)
(-0.167215 -0.121679 0)
(-0.168412 -0.132718 0)
(-0.169486 -0.143855 0)
(-0.170394 -0.15506 0)
(-0.171089 -0.166292 0)
(-0.171514 -0.177497 0)
(-0.171609 -0.188601 0)
(-0.171307 -0.199517 0)
(-0.170536 -0.210132 0)
(-0.169223 -0.220316 0)
(-0.167293 -0.229914 0)
(-0.164671 -0.238751 0)
(-0.161287 -0.246628 0)
(-0.157078 -0.253326 0)
(-0.151991 -0.258611 0)
(-0.145988 -0.262235 0)
(-0.139049 -0.263948 0)
(-0.13118 -0.2635 0)
(-0.12241 -0.26066 0)
(-0.112806 -0.255224 0)
(-0.102467 -0.247033 0)
(-0.0915331 -0.235997 0)
(-0.0801848 -0.222108 0)
(-0.0686416 -0.205464 0)
(-0.0571583 -0.186287 0)
(-0.0460168 -0.164937 0)
(-0.0355133 -0.141909 0)
(-0.0259425 -0.117826 0)
(-0.0175793 -0.0934122 0)
(-0.0106595 -0.0694438 0)
(-0.00534266 -0.046698 0)
(-0.00172601 -0.0258893 0)
(-0.000176322 -0.00761929 0)
(-4.94269e-05 0.0117756 0)
(-0.000440142 0.0327633 0)
(-0.00132511 0.0513457 0)
(-0.00260201 0.0676917 0)
(-0.00424845 0.0819946 0)
(-0.00623797 0.0944643 0)
(-0.00853622 0.105317 0)
(-0.0111072 0.114767 0)
(-0.0139147 0.123016 0)
(-0.0169237 0.13025 0)
(-0.0201009 0.136635 0)
(-0.0234159 0.142308 0)
(-0.0268416 0.147386 0)
(-0.030354 0.151958 0)
(-0.0339326 0.156094 0)
(-0.0375595 0.15984 0)
(-0.0412198 0.163228 0)
(-0.0449004 0.166276 0)
(-0.0485904 0.16899 0)
(-0.0522798 0.17137 0)
(-0.0559602 0.173409 0)
(-0.0596235 0.175097 0)
(-0.0632625 0.17642 0)
(-0.0668702 0.177364 0)
(-0.07044 0.177918 0)
(-0.0739653 0.178066 0)
(-0.0774398 0.177799 0)
(-0.0808574 0.177104 0)
(-0.0842121 0.175974 0)
(-0.0874979 0.174402 0)
(-0.0907094 0.172384 0)
(-0.0938412 0.169916 0)
(-0.0968883 0.166998 0)
(-0.0998463 0.163633 0)
(-0.102711 0.159824 0)
(-0.105479 0.155578 0)
(-0.108148 0.150903 0)
(-0.110715 0.145811 0)
(-0.11318 0.140313 0)
(-0.115541 0.134424 0)
(-0.1178 0.128162 0)
(-0.119957 0.121542 0)
(-0.122014 0.114586 0)
(-0.123976 0.107312 0)
(-0.125846 0.0997417 0)
(-0.127629 0.0918967 0)
(-0.12933 0.0837982 0)
(-0.130957 0.0754674 0)
(-0.132517 0.0669251 0)
(-0.134018 0.0581908 0)
(-0.135468 0.0492832 0)
(-0.136875 0.0402193 0)
(-0.13825 0.0310145 0)
(-0.139602 0.0216822 0)
(-0.140938 0.0122334 0)
(-0.142268 0.00267786 0)
(-0.143609 -0.00697531 0)
(-0.14495 -0.0167164 0)
(-0.14631 -0.0265489 0)
(-0.147692 -0.0364778 0)
(-0.149101 -0.0465095 0)
(-0.15054 -0.0566519 0)
(-0.152009 -0.0669142 0)
(-0.153506 -0.0773057 0)
(-0.155022 -0.0878356 0)
(-0.156549 -0.0985116 0)
(-0.158069 -0.109339 0)
(-0.159563 -0.120319 0)
(-0.161002 -0.131446 0)
(-0.162354 -0.142709 0)
(-0.163578 -0.154084 0)
(-0.164626 -0.165539 0)
(-0.165444 -0.177025 0)
(-0.16597 -0.188475 0)
(-0.166135 -0.199806 0)
(-0.165868 -0.210911 0)
(-0.165089 -0.221662 0)
(-0.163718 -0.231904 0)
(-0.161677 -0.241461 0)
(-0.158886 -0.250128 0)
(-0.155274 -0.25768 0)
(-0.150778 -0.263869 0)
(-0.145349 -0.268433 0)
(-0.138956 -0.271098 0)
(-0.131589 -0.271592 0)
(-0.123269 -0.269651 0)
(-0.114047 -0.265037 0)
(-0.104012 -0.257554 0)
(-0.0932946 -0.247068 0)
(-0.0820685 -0.233531 0)
(-0.0705506 -0.217002 0)
(-0.058998 -0.197669 0)
(-0.0477008 -0.175866 0)
(-0.0369699 -0.15208 0)
(-0.027121 -0.126945 0)
(-0.0184552 -0.101209 0)
(-0.0112377 -0.0756983 0)
(-0.00565711 -0.0512497 0)
(-0.00183731 -0.0286422 0)
(-0.000190342 -0.00853543 0)
(-4.15209e-05 0.0119891 0)
(-0.000381582 0.0333864 0)
(-0.00116276 0.0523615 0)
(-0.00230407 0.0690802 0)
(-0.00379161 0.0837311 0)
(-0.0056058 0.0965199 0)
(-0.00771825 0.107659 0)
(-0.0100974 0.117362 0)
(-0.0127102 0.125829 0)
(-0.0155235 0.133248 0)
(-0.0185053 0.139786 0)
(-0.0216255 0.145584 0)
(-0.0248572 0.15076 0)
(-0.028176 0.15541 0)
(-0.0315612 0.159602 0)
(-0.0349944 0.163388 0)
(-0.0384603 0.166803 0)
(-0.0419456 0.169865 0)
(-0.0454391 0.172583 0)
(-0.0489308 0.174958 0)
(-0.0524121 0.176983 0)
(-0.0558751 0.178649 0)
(-0.0593128 0.179944 0)
(-0.0627182 0.180853 0)
(-0.0660852 0.181365 0)
(-0.0694074 0.181466 0)
(-0.072679 0.181145 0)
(-0.075894 0.18039 0)
(-0.079047 0.179195 0)
(-0.0821325 0.177552 0)
(-0.0851453 0.175457 0)
(-0.0880807 0.172908 0)
(-0.090934 0.169905 0)
(-0.0937012 0.16645 0)
(-0.0963789 0.162548 0)
(-0.098964 0.158206 0)
(-0.101454 0.153433 0)
(-0.103848 0.148241 0)
(-0.106144 0.142643 0)
(-0.108343 0.136654 0)
(-0.110445 0.130292 0)
(-0.112453 0.123576 0)
(-0.114368 0.116525 0)
(-0.116194 0.109161 0)
(-0.117935 0.101505 0)
(-0.119597 0.0935796 0)
(-0.121186 0.0854072 0)
(-0.122707 0.0770096 0)
(-0.12417 0.0684081 0)
(-0.125582 0.059623 0)
(-0.126951 0.0506735 0)
(-0.128288 0.0415768 0)
(-0.1296 0.0323486 0)
(-0.130898 0.0230022 0)
(-0.13219 0.0135489 0)
(-0.133486 0.00399783 0)
(-0.134803 -0.00564351 0)
(-0.136131 -0.0153661 0)
(-0.13749 -0.0251728 0)
(-0.138885 -0.0350696 0)
(-0.140321 -0.0450647 0)
(-0.141803 -0.0551682 0)
(-0.143333 -0.065392 0)
(-0.14491 -0.0757486 0)
(-0.14653 -0.0862512 0)
(-0.148184 -0.0969118 0)
(-0.149859 -0.107741 0)
(-0.151538 -0.118745 0)
(-0.153195 -0.129926 0)
(-0.154799 -0.141278 0)
(-0.156313 -0.152787 0)
(-0.15769 -0.164425 0)
(-0.158876 -0.176152 0)
(-0.159811 -0.187909 0)
(-0.160426 -0.199617 0)
(-0.160645 -0.211177 0)
(-0.160387 -0.222464 0)
(-0.15957 -0.233325 0)
(-0.158106 -0.243582 0)
(-0.155912 -0.253029 0)
(-0.152906 -0.261433 0)
(-0.149017 -0.268535 0)
(-0.144184 -0.274057 0)
(-0.138364 -0.277708 0)
(-0.131535 -0.279188 0)
(-0.123704 -0.278204 0)
(-0.114909 -0.274483 0)
(-0.105226 -0.267788 0)
(-0.0947764 -0.257944 0)
(-0.0837239 -0.244855 0)
(-0.0722813 -0.228538 0)
(-0.060706 -0.209141 0)
(-0.0492943 -0.186968 0)
(-0.0383703 -0.162491 0)
(-0.0282693 -0.136343 0)
(-0.0193186 -0.1093 0)
(-0.0118136 -0.0822303 0)
(-0.00597327 -0.0560322 0)
(-0.0019503 -0.0315517 0)
(-0.000204834 -0.00951057 0)
(-3.34902e-05 0.0121711 0)
(-0.000321683 0.0339277 0)
(-0.000996106 0.0532566 0)
(-0.00199735 0.0703188 0)
(-0.00332002 0.0852969 0)
(-0.00495161 0.0983907 0)
(-0.00686992 0.109808 0)
(-0.00904811 0.119758 0)
(-0.0114565 0.128442 0)
(-0.0140642 0.136045 0)
(-0.0168405 0.142736 0)
(-0.0197561 0.14866 0)
(-0.0227839 0.153936 0)
(-0.0258998 0.158662 0)
(-0.0290824 0.162912 0)
(-0.0323133 0.166739 0)
(-0.0355764 0.170179 0)
(-0.0388584 0.173254 0)
(-0.0421477 0.175975 0)
(-0.0454343 0.178343 0)
(-0.0487094 0.180354 0)
(-0.0519655 0.181997 0)
(-0.0551954 0.183262 0)
(-0.0583926 0.184137 0)
(-0.0615511 0.184607 0)
(-0.0646649 0.18466 0)
(-0.0677286 0.184285 0)
(-0.0707367 0.183472 0)
(-0.073684 0.182213 0)
(-0.0765656 0.180501 0)
(-0.0793768 0.178332 0)
(-0.0821132 0.175704 0)
(-0.0847708 0.172619 0)
(-0.087346 0.169078 0)
(-0.0898359 0.165087 0)
(-0.0922378 0.160654 0)
(-0.09455 0.155788 0)
(-0.0967713 0.150501 0)
(-0.0989011 0.144808 0)
(-0.10094 0.138726 0)
(-0.102889 0.132271 0)
(-0.10475 0.125465 0)
(-0.106526 0.118327 0)
(-0.10822 0.11088 0)
(-0.109837 0.103145 0)
(-0.111383 0.0951477 0)
(-0.112863 0.0869092 0)
(-0.114285 0.0784527 0)
(-0.115655 0.0698002 0)
(-0.116983 0.0609726 0)
(-0.118276 0.0519894 0)
(-0.119544 0.0428683 0)
(-0.120796 0.0336253 0)
(-0.122042 0.0242738 0)
(-0.123291 0.014825 0)
(-0.124552 0.00528747 0)
(-0.125843 -0.00433224 0)
(-0.127154 -0.0140253 0)
(-0.128507 -0.0237944 0)
(-0.129907 -0.0336463 0)
(-0.13136 -0.0435905 0)
(-0.132874 -0.0536393 0)
(-0.134451 -0.0638067 0)
(-0.136093 -0.0741086 0)
(-0.137797 -0.0845614 0)
(-0.139559 -0.0951816 0)
(-0.141367 -0.105984 0)
(-0.143206 -0.116982 0)
(-0.145055 -0.128184 0)
(-0.146886 -0.13959 0)
(-0.148662 -0.151193 0)
(-0.150341 -0.162975 0)
(-0.15187 -0.174902 0)
(-0.153189 -0.186925 0)
(-0.154229 -0.198971 0)
(-0.154915 -0.210948 0)
(-0.155162 -0.222735 0)
(-0.154885 -0.234184 0)
(-0.153992 -0.245118 0)
(-0.152391 -0.255327 0)
(-0.149996 -0.264574 0)
(-0.146724 -0.272591 0)
(-0.142503 -0.279086 0)
(-0.137279 -0.283747 0)
(-0.131018 -0.286253 0)
(-0.123712 -0.286279 0)
(-0.115385 -0.283516 0)
(-0.1061 -0.277688 0)
(-0.0959665 -0.268574 0)
(-0.0851378 -0.25603 0)
(-0.0738203 -0.240024 0)
(-0.0622695 -0.22066 0)
(-0.050786 -0.198205 0)
(-0.039705 -0.173108 0)
(-0.0293803 -0.145999 0)
(-0.0201647 -0.11767 0)
(-0.0123842 -0.0890318 0)
(-0.00628973 -0.0610427 0)
(-0.00206455 -0.0346182 0)
(-0.000219765 -0.0105456 0)
(-2.54089e-05 0.0123212 0)
(-0.000260939 0.0343855 0)
(-0.00082645 0.0540276 0)
(-0.00168408 0.0714027 0)
(-0.00283694 0.0866859 0)
(-0.00427968 0.10007 0)
(-0.0059965 0.111756 0)
(-0.00796551 0.121948 0)
(-0.0101607 0.130845 0)
(-0.0125536 0.138632 0)
(-0.0151151 0.145477 0)
(-0.0178168 0.151527 0)
(-0.0206319 0.156904 0)
(-0.023536 0.161708 0)
(-0.0265077 0.166015 0)
(-0.0295279 0.169882 0)
(-0.0325806 0.173348 0)
(-0.0356519 0.176436 0)
(-0.03873 0.179159 0)
(-0.0418048 0.18152 0)
(-0.0448676 0.183514 0)
(-0.0479107 0.185135 0)
(-0.0509273 0.186371 0)
(-0.053911 0.187209 0)
(-0.0568561 0.187637 0)
(-0.0597571 0.187644 0)
(-0.0626088 0.187216 0)
(-0.0654062 0.186346 0)
(-0.0681447 0.185024 0)
(-0.0708197 0.183245 0)
(-0.0734271 0.181005 0)
(-0.0759629 0.178302 0)
(-0.0784237 0.175138 0)
(-0.0808065 0.171515 0)
(-0.0831087 0.16744 0)
(-0.0853282 0.162921 0)
(-0.0874637 0.157967 0)
(-0.0895144 0.152592 0)
(-0.0914803 0.146812 0)
(-0.093362 0.140642 0)
(-0.0951611 0.134102 0)
(-0.0968797 0.127213 0)
(-0.0985209 0.119996 0)
(-0.100089 0.112473 0)
(-0.101587 0.104669 0)
(-0.103022 0.0966061 0)
(-0.1044 0.0883095 0)
(-0.105727 0.0798021 0)
(-0.10701 0.0711064 0)
(-0.108259 0.0622441 0)
(-0.10948 0.053235 0)
(-0.110684 0.0440975 0)
(-0.11188 0.0348475 0)
(-0.113078 0.0254987 0)
(-0.114285 0.0160623 0)
(-0.115512 0.00654626 0)
(-0.116776 -0.00304355 0)
(-0.118069 -0.0126982 0)
(-0.119411 -0.0224196 0)
(-0.120811 -0.0322154 0)
(-0.122274 -0.0420966 0)
(-0.12381 -0.0520769 0)
(-0.125422 -0.0621726 0)
(-0.127114 -0.072402 0)
(-0.128887 -0.082785 0)
(-0.130736 -0.0933419 0)
(-0.132655 -0.104093 0)
(-0.134632 -0.115056 0)
(-0.136648 -0.126245 0)
(-0.138678 -0.13767 0)
(-0.140689 -0.149331 0)
(-0.142642 -0.161216 0)
(-0.144485 -0.173303 0)
(-0.14616 -0.185548 0)
(-0.1476 -0.197891 0)
(-0.148728 -0.210243 0)
(-0.14946 -0.222492 0)
(-0.149705 -0.234494 0)
(-0.14937 -0.246074 0)
(-0.148356 -0.257024 0)
(-0.146569 -0.267099 0)
(-0.143918 -0.276026 0)
(-0.140321 -0.283501 0)
(-0.135712 -0.289192 0)
(-0.130042 -0.292756 0)
(-0.123292 -0.293838 0)
(-0.11547 -0.292095 0)
(-0.106627 -0.287209 0)
(-0.096855 -0.278909 0)
(-0.0862988 -0.267005 0)
(-0.0751555 -0.251411 0)
(-0.0636767 -0.23218 0)
(-0.0521651 -0.209537 0)
(-0.0409649 -0.1839 0)
(-0.030447 -0.155886 0)
(-0.0209886 -0.126301 0)
(-0.0129467 -0.096093 0)
(-0.00660505 -0.0662774 0)
(-0.00217963 -0.0378412 0)
(-0.000235096 -0.0116412 0)
(-1.73555e-05 0.012439 0)
(-0.00019986 0.0347584 0)
(-0.000655111 0.0546722 0)
(-0.00136657 0.0723282 0)
(-0.00234573 0.0878929 0)
(-0.00359442 0.10155 0)
(-0.0051034 0.113494 0)
(-0.00685598 0.123922 0)
(-0.00883002 0.13303 0)
(-0.0109998 0.140999 0)
(-0.013338 0.147999 0)
(-0.0158172 0.154176 0)
(-0.0184111 0.159655 0)
(-0.0210954 0.164538 0)
(-0.0238483 0.168904 0)
(-0.0266506 0.172812 0)
(-0.0294858 0.176303 0)
(-0.0323397 0.179404 0)
(-0.0352003 0.182128 0)
(-0.0380574 0.184481 0)
(-0.0409023 0.186459 0)
(-0.0437272 0.188057 0)
(-0.0465255 0.189263 0)
(-0.0492912 0.190065 0)
(-0.0520188 0.190453 0)
(-0.0547032 0.190413 0)
(-0.0573396 0.189934 0)
(-0.0599235 0.189008 0)
(-0.0624506 0.187626 0)
(-0.0649171 0.185783 0)
(-0.0673192 0.183475 0)
(-0.0696535 0.180701 0)
(-0.0719172 0.177462 0)
(-0.0741077 0.173763 0)
(-0.0762229 0.169609 0)
(-0.0782613 0.165009 0)
(-0.0802221 0.159974 0)
(-0.0821047 0.154518 0)
(-0.0839097 0.148656 0)
(-0.0856381 0.142407 0)
(-0.0872915 0.13579 0)
(-0.0888724 0.128825 0)
(-0.0903841 0.121536 0)
(-0.0918305 0.113946 0)
(-0.0932163 0.10608 0)
(-0.0945467 0.0979608 0)
(-0.0958277 0.0896141 0)
(-0.0970662 0.0810637 0)
(-0.0982692 0.0723327 0)
(-0.0994446 0.0634432 0)
(-0.100601 0.0544157 0)
(-0.101746 0.0452688 0)
(-0.102891 0.036019 0)
(-0.104043 0.02668 0)
(-0.105212 0.0172629 0)
(-0.106407 0.00777539 0)
(-0.107646 -0.00177782 0)
(-0.10892 -0.0113868 0)
(-0.11025 -0.0210522 0)
(-0.111645 -0.0307828 0)
(-0.113113 -0.0405907 0)
(-0.114663 -0.0504911 0)
(-0.1163 -0.0605019 0)
(-0.11803 -0.0706436 0)
(-0.119855 -0.080939 0)
(-0.121775 -0.0914123 0)
(-0.123786 -0.102088 0)
(-0.125877 -0.112989 0)
(-0.128035 -0.124137 0)
(-0.130238 -0.135547 0)
(-0.132456 -0.147229 0)
(-0.134652 -0.159179 0)
(-0.13678 -0.171383 0)
(-0.138782 -0.183808 0)
(-0.140593 -0.196402 0)
(-0.142136 -0.209087 0)
(-0.143328 -0.221756 0)
(-0.144075 -0.234273 0)
(-0.14428 -0.246465 0)
(-0.143841 -0.258126 0)
(-0.142655 -0.269011 0)
(-0.140624 -0.278837 0)
(-0.137656 -0.28729 0)
(-0.133674 -0.294025 0)
(-0.128617 -0.298672 0)
(-0.122449 -0.300851 0)
(-0.115165 -0.300182 0)
(-0.106801 -0.296306 0)
(-0.0974349 -0.288905 0)
(-0.0871978 -0.277733 0)
(-0.0762767 -0.26265 0)
(-0.0649172 -0.243655 0)
(-0.0534218 -0.220922 0)
(-0.0421416 -0.19483 0)
(-0.0314626 -0.165978 0)
(-0.0217856 -0.135176 0)
(-0.0134981 -0.103403 0)
(-0.00691778 -0.0717311 0)
(-0.00229509 -0.0412198 0)
(-0.00025079 -0.0127978 0)
(-9.4127e-06 0.0125245 0)
(-0.000138967 0.0350461 0)
(-0.000483435 0.0551888 0)
(-0.00104716 0.0730925 0)
(-0.00184979 0.088914 0)
(-0.00290032 0.102827 0)
(-0.00419617 0.115017 0)
(-0.00572603 0.125674 0)
(-0.0074719 0.134988 0)
(-0.00941108 0.14314 0)
(-0.0115182 0.150295 0)
(-0.0137671 0.1566 0)
(-0.0161321 0.162182 0)
(-0.0185891 0.167145 0)
(-0.0211161 0.17157 0)
(-0.0236936 0.17552 0)
(-0.0263049 0.179037 0)
(-0.0289354 0.182151 0)
(-0.031573 0.184877 0)
(-0.0342071 0.187221 0)
(-0.0368291 0.189184 0)
(-0.0394313 0.190758 0)
(-0.0420072 0.191934 0)
(-0.0445511 0.192702 0)
(-0.0470578 0.193049 0)
(-0.0495225 0.192964 0)
(-0.0519409 0.192437 0)
(-0.054309 0.191457 0)
(-0.056623 0.190018 0)
(-0.0588796 0.188113 0)
(-0.0610755 0.185741 0)
(-0.0632081 0.1829 0)
(-0.0652748 0.179592 0)
(-0.0672737 0.175821 0)
(-0.0692032 0.171594 0)
(-0.0710624 0.16692 0)
(-0.0728507 0.161811 0)
(-0.0745683 0.15628 0)
(-0.0762158 0.150345 0)
(-0.0777947 0.144024 0)
(-0.0793069 0.137337 0)
(-0.0807552 0.130306 0)
(-0.0821428 0.122954 0)
(-0.0834737 0.115305 0)
(-0.0847526 0.107385 0)
(-0.0859846 0.0992181 0)
(-0.0871758 0.0908295 0)
(-0.0883324 0.082244 0)
(-0.0894616 0.0734854 0)
(-0.0905706 0.0645762 0)
(-0.0916675 0.0555373 0)
(-0.0927606 0.0463878 0)
(-0.0938586 0.0371444 0)
(-0.0949707 0.0278214 0)
(-0.0961055 0.0184299 0)
(-0.0972714 0.00897701 0)
(-0.0984862 -0.000533701 0)
(-0.099744 -0.0100912 0)
(-0.101062 -0.0196937 0)
(-0.102451 -0.0293517 0)
(-0.10392 -0.0390785 0)
(-0.105478 -0.0488898 0)
(-0.107132 -0.0588049 0)
(-0.10889 -0.0688462 0)
(-0.110755 -0.0790391 0)
(-0.11273 -0.0894109 0)
(-0.114813 -0.0999904 0)
(-0.116999 -0.110806 0)
(-0.119275 -0.121884 0)
(-0.121625 -0.133249 0)
(-0.124022 -0.144915 0)
(-0.126433 -0.156892 0)
(-0.128814 -0.169172 0)
(-0.131113 -0.181734 0)
(-0.133264 -0.194535 0)
(-0.135194 -0.207506 0)
(-0.136817 -0.220552 0)
(-0.138042 -0.233541 0)
(-0.138766 -0.246307 0)
(-0.138883 -0.258647 0)
(-0.138287 -0.270314 0)
(-0.13687 -0.281023 0)
(-0.134533 -0.290449 0)
(-0.131185 -0.298231 0)
(-0.126753 -0.303981 0)
(-0.121189 -0.30729 0)
(-0.114472 -0.307744 0)
(-0.106622 -0.304941 0)
(-0.0977012 -0.298515 0)
(-0.0878273 -0.288167 0)
(-0.0771749 -0.273696 0)
(-0.0659816 -0.25504 0)
(-0.054547 -0.232318 0)
(-0.043227 -0.205863 0)
(-0.0324207 -0.176246 0)
(-0.0225509 -0.144273 0)
(-0.0140355 -0.110948 0)
(-0.00722647 -0.0773975 0)
(-0.00241048 -0.044752 0)
(-0.000266804 -0.0140157 0)
(-1.65814e-06 0.012578 0)
(-7.87709e-05 0.0352486 0)
(-0.000312756 0.0555769 0)
(-0.000728176 0.0736941 0)
(-0.00135253 0.0897462 0)
(-0.00220191 0.103896 0)
(-0.00328043 0.116319 0)
(-0.00458231 0.127198 0)
(-0.00609391 0.136714 0)
(-0.00779581 0.145046 0)
(-0.00966492 0.152355 0)
(-0.0116765 0.15879 0)
(-0.0138056 0.164477 0)
(-0.0160284 0.169522 0)
(-0.0183229 0.174008 0)
(-0.0206696 0.178 0)
(-0.0230512 0.181545 0)
(-0.0254529 0.184672 0)
(-0.0278624 0.1874 0)
(-0.0302689 0.189737 0)
(-0.0326638 0.191683 0)
(-0.0350394 0.193235 0)
(-0.0373895 0.194382 0)
(-0.0397084 0.195116 0)
(-0.0419913 0.195424 0)
(-0.0442339 0.195296 0)
(-0.0464323 0.194721 0)
(-0.048583 0.19369 0)
(-0.0506827 0.192197 0)
(-0.0527285 0.190235 0)
(-0.054718 0.187803 0)
(-0.0566488 0.1849 0)
(-0.0585192 0.181528 0)
(-0.0603276 0.177691 0)
(-0.062073 0.173398 0)
(-0.0637551 0.168656 0)
(-0.0653736 0.16348 0)
(-0.0669292 0.157883 0)
(-0.068423 0.151883 0)
(-0.0698566 0.145498 0)
(-0.0712323 0.13875 0)
(-0.0725528 0.131661 0)
(-0.0738217 0.124255 0)
(-0.0750429 0.116557 0)
(-0.0762211 0.108591 0)
(-0.0773613 0.100384 0)
(-0.0784691 0.0919624 0)
(-0.0795507 0.0833499 0)
(-0.0806128 0.0745713 0)
(-0.0816622 0.0656496 0)
(-0.0827066 0.0566062 0)
(-0.0837536 0.0474604 0)
(-0.0848115 0.0382293 0)
(-0.0858887 0.0289274 0)
(-0.0869936 0.0195663 0)
(-0.0881343 0.0101534 0)
(-0.0893215 0.000692732 0)
(-0.0905733 -0.00880799 0)
(-0.0918811 -0.018343 0)
(-0.0932651 -0.0279238 0)
(-0.0947335 -0.0375635 0)
(-0.0962957 -0.0472788 0)
(-0.097961 -0.0570898 0)
(-0.0997377 -0.0670205 0)
(-0.101632 -0.0770984 0)
(-0.103649 -0.0873537 0)
(-0.105788 -0.0978188 0)
(-0.108049 -0.108527 0)
(-0.110422 -0.119511 0)
(-0.112894 -0.1308 0)
(-0.115443 -0.14242 0)
(-0.11804 -0.154386 0)
(-0.120645 -0.166702 0)
(-0.123208 -0.179358 0)
(-0.125668 -0.19232 0)
(-0.127953 -0.205532 0)
(-0.129979 -0.218907 0)
(-0.131652 -0.232323 0)
(-0.13287 -0.245622 0)
(-0.133524 -0.258603 0)
(-0.133501 -0.271022 0)
(-0.132688 -0.28259 0)
(-0.130975 -0.292975 0)
(-0.128263 -0.301803 0)
(-0.124466 -0.308667 0)
(-0.119522 -0.313132 0)
(-0.113396 -0.31475 0)
(-0.106089 -0.313078 0)
(-0.0976513 -0.307701 0)
(-0.088182 -0.298263 0)
(-0.077843 -0.284501 0)
(-0.0668616 -0.266288 0)
(-0.0555325 -0.243682 0)
(-0.0442138 -0.216961 0)
(-0.0333153 -0.186659 0)
(-0.0232802 -0.153569 0)
(-0.0145561 -0.118714 0)
(-0.0075297 -0.0832691 0)
(-0.00252534 -0.0484354 0)
(-0.0002831 -0.0152948 0)
(5.89368e-06 0.0126 0)
(-1.96288e-05 0.0353666 0)
(-0.000144285 0.0558368 0)
(-0.000411894 0.0741323 0)
(-0.000857321 0.0903878 0)
(-0.00150367 0.104755 0)
(-0.00236178 0.117397 0)
(-0.00343148 0.128487 0)
(-0.00470373 0.138202 0)
(-0.00616258 0.146711 0)
(-0.00778749 0.154175 0)
(-0.00955535 0.160741 0)
(-0.0114422 0.166534 0)
(-0.0134247 0.171662 0)
(-0.015481 0.176211 0)
(-0.0175912 0.180248 0)
(-0.0197379 0.18382 0)
(-0.0219061 0.186962 0)
(-0.0240831 0.189693 0)
(-0.0262581 0.192023 0)
(-0.0284222 0.193954 0)
(-0.030568 0.195484 0)
(-0.0326893 0.196603 0)
(-0.0347806 0.197304 0)
(-0.0368376 0.197575 0)
(-0.0388562 0.197405 0)
(-0.0408331 0.196785 0)
(-0.0427652 0.195707 0)
(-0.0446498 0.194163 0)
(-0.0464847 0.192149 0)
(-0.0482677 0.189662 0)
(-0.0499973 0.186702 0)
(-0.0516722 0.183271 0)
(-0.0532915 0.179375 0)
(-0.0548547 0.175022 0)
(-0.0563619 0.170221 0)
(-0.0578134 0.164985 0)
(-0.0592103 0.15933 0)
(-0.0605539 0.153273 0)
(-0.0618463 0.146834 0)
(-0.0630899 0.140034 0)
(-0.0642877 0.132896 0)
(-0.0654432 0.125445 0)
(-0.0665604 0.117705 0)
(-0.0676437 0.109704 0)
(-0.0686982 0.101467 0)
(-0.0697292 0.0930194 0)
(-0.0707424 0.0843881 0)
(-0.0717441 0.0755974 0)
(-0.0727408 0.0666705 0)
(-0.0737395 0.0576292 0)
(-0.0747473 0.0484932 0)
(-0.0757718 0.0392799 0)
(-0.0768209 0.0300041 0)
(-0.0779028 0.0206776 0)
(-0.079025 0.0113086 0)
(-0.0801962 0.00190274 0)
(-0.0814374 -0.00753496 0)
(-0.0827368 -0.0169992 0)
(-0.084116 -0.0264992 0)
(-0.085583 -0.0360478 0)
(-0.0871477 -0.045662 0)
(-0.0888201 -0.0553627 0)
(-0.0906098 -0.065175 0)
(-0.0925249 -0.075128 0)
(-0.0945719 -0.0852544 0)
(-0.0967545 -0.0955899 0)
(-0.0990731 -0.106172 0)
(-0.101523 -0.117039 0)
(-0.104095 -0.128227 0)
(-0.106772 -0.139769 0)
(-0.109527 -0.151689 0)
(-0.112326 -0.164003 0)
(-0.115123 -0.17671 0)
(-0.117859 -0.189789 0)
(-0.120467 -0.203195 0)
(-0.122863 -0.216851 0)
(-0.124955 -0.230647 0)
(-0.126639 -0.244433 0)
(-0.127805 -0.258014 0)
(-0.128334 -0.271149 0)
(-0.128109 -0.283547 0)
(-0.127011 -0.294872 0)
(-0.124932 -0.304739 0)
(-0.121774 -0.312721 0)
(-0.117461 -0.31836 0)
(-0.111944 -0.321177 0)
(-0.105208 -0.320686 0)
(-0.0972849 -0.316425 0)
(-0.0882585 -0.307979 0)
(-0.0782753 -0.295021 0)
(-0.0675503 -0.277356 0)
(-0.0563709 -0.254971 0)
(-0.0450949 -0.228085 0)
(-0.0341404 -0.197185 0)
(-0.0239691 -0.163041 0)
(-0.015057 -0.126686 0)
(-0.00782607 -0.0893371 0)
(-0.00263924 -0.0522666 0)
(-0.000299635 -0.016635 0)
(1.33766e-05 0.0125912 0)
(3.85664e-05 0.0354012 0)
(2.13271e-05 0.0559691 0)
(-0.000100176 0.0744077 0)
(-0.000367345 0.0908384 0)
(-0.000810093 0.105401 0)
(-0.00144583 0.118247 0)
(-0.00228021 0.129539 0)
(-0.00330903 0.139445 0)
(-0.00452001 0.148129 0)
(-0.00589539 0.155748 0)
(-0.00741401 0.162445 0)
(-0.00905304 0.168347 0)
(-0.0107897 0.173561 0)
(-0.0126024 0.178175 0)
(-0.0144712 0.182257 0)
(-0.0163785 0.185859 0)
(-0.0183089 0.189017 0)
(-0.0202496 0.191752 0)
(-0.0221897 0.194076 0)
(-0.02412 0.195993 0)
(-0.0260333 0.197502 0)
(-0.0279234 0.198595 0)
(-0.0297852 0.199264 0)
(-0.0316145 0.1995 0)
(-0.0334079 0.199291 0)
(-0.0351622 0.19863 0)
(-0.036875 0.197507 0)
(-0.0385442 0.195916 0)
(-0.040168 0.193853 0)
(-0.041745 0.191316 0)
(-0.0432741 0.188305 0)
(-0.0447547 0.184822 0)
(-0.0461864 0.180874 0)
(-0.0475693 0.176468 0)
(-0.0489039 0.171615 0)
(-0.0501912 0.166329 0)
(-0.0514324 0.160624 0)
(-0.0526294 0.154519 0)
(-0.0537844 0.148035 0)
(-0.0549002 0.141192 0)
(-0.0559798 0.134015 0)
(-0.0570269 0.126528 0)
(-0.0580453 0.118757 0)
(-0.0590394 0.110729 0)
(-0.060014 0.10247 0)
(-0.0609741 0.094007 0)
(-0.0619252 0.0853653 0)
(-0.0628729 0.0765702 0)
(-0.0638235 0.0676455 0)
(-0.0647831 0.0586131 0)
(-0.0657585 0.0494932 0)
(-0.0667565 0.0403033 0)
(-0.0677845 0.0310585 0)
(-0.0688499 0.0217712 0)
(-0.0699598 0.0124502 0)
(-0.0711213 0.00310171 0)
(-0.0723552 -0.00627035 0)
(-0.0736495 -0.0156608 0)
(-0.0750259 -0.0250772 0)
(-0.0764926 -0.0345319 0)
(-0.0780593 -0.0440416 0)
(-0.079737 -0.0536275 0)
(-0.081536 -0.0633156 0)
(-0.0834658 -0.0731362 0)
(-0.0855347 -0.083124 0)
(-0.087749 -0.0933174 0)
(-0.0901118 -0.103758 0)
(-0.0926222 -0.114488 0)
(-0.095274 -0.125552 0)
(-0.0980543 -0.136988 0)
(-0.100942 -0.148831 0)
(-0.103906 -0.161106 0)
(-0.106906 -0.173824 0)
(-0.109887 -0.186975 0)
(-0.112784 -0.200527 0)
(-0.115518 -0.214417 0)
(-0.117997 -0.228545 0)
(-0.120117 -0.24277 0)
(-0.121767 -0.256905 0)
(-0.122825 -0.270715 0)
(-0.123168 -0.283911 0)
(-0.122671 -0.29615 0)
(-0.121217 -0.307039 0)
(-0.118697 -0.316137 0)
(-0.115021 -0.322962 0)
(-0.110127 -0.327003 0)
(-0.103983 -0.327738 0)
(-0.0966032 -0.324653 0)
(-0.0880549 -0.317276 0)
(-0.0784673 -0.305213 0)
(-0.0680417 -0.288198 0)
(-0.0570557 -0.266143 0)
(-0.045864 -0.239197 0)
(-0.0348906 -0.20779 0)
(-0.0246135 -0.172662 0)
(-0.0155357 -0.134845 0)
(-0.00811418 -0.0955917 0)
(-0.00275173 -0.0562418 0)
(-0.000316372 -0.0180358 0)
(2.08379e-05 0.012552 0)
(9.59493e-05 0.0353549 0)
(0.000184442 0.0559772 0)
(0.000206673 0.0745207 0)
(0.000114969 0.0910964 0)
(-0.000125462 0.105834 0)
(-0.000538093 0.118868 0)
(-0.00113527 0.130351 0)
(-0.00191767 0.140442 0)
(-0.00287684 0.149297 0)
(-0.00399818 0.157069 0)
(-0.0052628 0.163898 0)
(-0.00664906 0.16991 0)
(-0.00813503 0.175212 0)
(-0.00969949 0.179893 0)
(-0.0113225 0.184024 0)
(-0.0129863 0.187658 0)
(-0.0146753 0.190833 0)
(-0.0163765 0.193573 0)
(-0.0180787 0.195893 0)
(-0.0197728 0.197798 0)
(-0.0214514 0.199287 0)
(-0.0231085 0.200355 0)
(-0.0247392 0.200995 0)
(-0.0263397 0.201197 0)
(-0.0279068 0.200953 0)
(-0.029438 0.200253 0)
(-0.0309312 0.199089 0)
(-0.0323849 0.197456 0)
(-0.033798 0.195349 0)
(-0.0351695 0.192768 0)
(-0.0364991 0.189711 0)
(-0.0377866 0.186183 0)
(-0.0390323 0.18219 0)
(-0.0402368 0.177739 0)
(-0.0414011 0.172843 0)
(-0.0425266 0.167514 0)
(-0.043615 0.161768 0)
(-0.0446686 0.155625 0)
(-0.0456898 0.149105 0)
(-0.0466816 0.142229 0)
(-0.0476472 0.135023 0)
(-0.0485902 0.12751 0)
(-0.0495146 0.119718 0)
(-0.0504245 0.111673 0)
(-0.0513244 0.103402 0)
(-0.052219 0.094931 0)
(-0.0531136 0.0862874 0)
(-0.0540132 0.0774961 0)
(-0.0549236 0.0685811 0)
(-0.0558504 0.0595646 0)
(-0.0567997 0.050467 0)
(-0.0577776 0.0413062 0)
(-0.0587908 0.0320975 0)
(-0.0598462 0.0228535 0)
(-0.0609497 0.0135838 0)
(-0.0621074 0.00429484 0)
(-0.0633393 -0.00500995 0)
(-0.0646329 -0.0143247 0)
(-0.0660101 -0.0236557 0)
(-0.067479 -0.0330145 0)
(-0.0690494 -0.0424175 0)
(-0.0707323 -0.051886 0)
(-0.0725389 -0.0614461 0)
(-0.0744799 -0.0711291 0)
(-0.076565 -0.0809711 0)
(-0.0788024 -0.0910128 0)
(-0.0811981 -0.101299 0)
(-0.0837544 -0.111876 0)
(-0.0864686 -0.122795 0)
(-0.0893322 -0.1341 0)
(-0.0923286 -0.145837 0)
(-0.0954319 -0.158039 0)
(-0.0986055 -0.170728 0)
(-0.1018 -0.18391 0)
(-0.104955 -0.197563 0)
(-0.107992 -0.211637 0)
(-0.110825 -0.226047 0)
(-0.113349 -0.240661 0)
(-0.115452 -0.255304 0)
(-0.117012 -0.269746 0)
(-0.1179 -0.283699 0)
(-0.117986 -0.296821 0)
(-0.117143 -0.308711 0)
(-0.115255 -0.318915 0)
(-0.112219 -0.326929 0)
(-0.107956 -0.332215 0)
(-0.102421 -0.33421 0)
(-0.0956095 -0.332355 0)
(-0.0875706 -0.326118 0)
(-0.078416 -0.315038 0)
(-0.0683308 -0.298773 0)
(-0.0575809 -0.277155 0)
(-0.0465153 -0.250256 0)
(-0.0355608 -0.218441 0)
(-0.0252094 -0.182406 0)
(-0.0159895 -0.143172 0)
(-0.0083927 -0.102022 0)
(-0.00286239 -0.0603563 0)
(-0.000333271 -0.0194964 0)
(2.8021e-05 0.0124826 0)
(0.000152051 0.035228 0)
(0.000344532 0.055863 0)
(0.000508108 0.0744772 0)
(0.000589339 0.0911691 0)
(0.000548631 0.106053 0)
(0.000356935 0.119255 0)
(-3.3811e-06 0.130919 0)
(-0.000537771 0.141188 0)
(-0.00124208 0.15021 0)
(-0.00210576 0.158134 0)
(-0.00311232 0.165096 0)
(-0.00424146 0.171219 0)
(-0.00547243 0.176611 0)
(-0.00678459 0.181362 0)
(-0.00815803 0.185544 0)
(-0.00957478 0.189212 0)
(-0.0110193 0.192407 0)
(-0.0124781 0.195155 0)
(-0.0139401 0.197472 0)
(-0.0153959 0.199366 0)
(-0.0168381 0.200837 0)
(-0.0182608 0.201883 0)
(-0.0196594 0.202495 0)
(-0.0210303 0.202667 0)
(-0.0223706 0.202389 0)
(-0.0236784 0.201654 0)
(-0.024952 0.200454 0)
(-0.0261905 0.198783 0)
(-0.0273933 0.196638 0)
(-0.0285602 0.194017 0)
(-0.0296912 0.190922 0)
(-0.0307869 0.187356 0)
(-0.031848 0.183324 0)
(-0.0328759 0.178837 0)
(-0.0338719 0.173905 0)
(-0.034838 0.168543 0)
(-0.0357762 0.162766 0)
(-0.0366892 0.156594 0)
(-0.0375797 0.150048 0)
(-0.0384508 0.14315 0)
(-0.0393059 0.135924 0)
(-0.0401487 0.128396 0)
(-0.040983 0.120592 0)
(-0.0418129 0.11254 0)
(-0.0426426 0.104265 0)
(-0.0434765 0.0957966 0)
(-0.0443193 0.0871598 0)
(-0.0451759 0.0783806 0)
(-0.0460513 0.069483 0)
(-0.0469507 0.0604896 0)
(-0.0478795 0.0514208 0)
(-0.0488432 0.0422947 0)
(-0.0498475 0.0331271 0)
(-0.0508987 0.0239307 0)
(-0.0520018 0.0147155 0)
(-0.0531616 0.00548795 0)
(-0.0543973 -0.00374831 0)
(-0.0556955 -0.0129863 0)
(-0.0570781 -0.0222309 0)
(-0.058553 -0.0314928 0)
(-0.0601301 -0.0407882 0)
(-0.0618202 -0.0501379 0)
(-0.063635 -0.059568 0)
(-0.0655857 -0.0691102 0)
(-0.0676836 -0.0788015 0)
(-0.0699386 -0.0886843 0)
(-0.0723588 -0.0988059 0)
(-0.0749495 -0.109218 0)
(-0.0777118 -0.119974 0)
(-0.0806409 -0.131127 0)
(-0.0837249 -0.142731 0)
(-0.0869429 -0.154829 0)
(-0.0902631 -0.167454 0)
(-0.0936417 -0.180625 0)
(-0.0970214 -0.194334 0)
(-0.10033 -0.208546 0)
(-0.103482 -0.223186 0)
(-0.106377 -0.23814 0)
(-0.108902 -0.253241 0)
(-0.110933 -0.268266 0)
(-0.11234 -0.282935 0)
(-0.112986 -0.296904 0)
(-0.112739 -0.309767 0)
(-0.111472 -0.321059 0)
(-0.109071 -0.330259 0)
(-0.105445 -0.3368 0)
(-0.100531 -0.340084 0)
(-0.0943081 -0.339505 0)
(-0.0868065 -0.334472 0)
(-0.0781191 -0.324457 0)
(-0.0684135 -0.309039 0)
(-0.0579413 -0.287965 0)
(-0.0470431 -0.261224 0)
(-0.036146 -0.229103 0)
(-0.0257529 -0.192245 0)
(-0.0164159 -0.151649 0)
(-0.00866029 -0.108616 0)
(-0.00297079 -0.0646048 0)
(-0.000350297 -0.0210161 0)
(3.47931e-05 0.0123842 0)
(0.000206158 0.0350223 0)
(0.000500108 0.0556277 0)
(0.000802506 0.0742773 0)
(0.00105433 0.0910565 0)
(0.0012106 0.106066 0)
(0.0012369 0.119419 0)
(0.00111146 0.131244 0)
(0.000824526 0.141679 0)
(0.000375549 0.150863 0)
(-0.000228565 0.15894 0)
(-0.000973599 0.166035 0)
(-0.00184179 0.172271 0)
(-0.00281404 0.177755 0)
(-0.00387035 0.182579 0)
(-0.00499081 0.186814 0)
(-0.00615743 0.190519 0)
(-0.00735461 0.193736 0)
(-0.00856887 0.196494 0)
(-0.00978867 0.198811 0)
(-0.0110046 0.200696 0)
(-0.0122091 0.202152 0)
(-0.0133965 0.203176 0)
(-0.0145623 0.203764 0)
(-0.0157031 0.203908 0)
(-0.0168165 0.203601 0)
(-0.0179009 0.202834 0)
(-0.0189552 0.201601 0)
(-0.019979 0.199897 0)
(-0.0209721 0.197719 0)
(-0.0219351 0.195066 0)
(-0.0228686 0.191938 0)
(-0.0237736 0.18834 0)
(-0.0246517 0.184279 0)
(-0.0255045 0.179763 0)
(-0.026334 0.174805 0)
(-0.0271426 0.169418 0)
(-0.0279327 0.16362 0)
(-0.0287074 0.157429 0)
(-0.0294696 0.150867 0)
(-0.0302227 0.143956 0)
(-0.0309703 0.136721 0)
(-0.0317159 0.129188 0)
(-0.0324634 0.121383 0)
(-0.0332167 0.113333 0)
(-0.0339799 0.105066 0)
(-0.0347569 0.0966081 0)
(-0.0355519 0.0879872 0)
(-0.0363696 0.0792284 0)
(-0.0372144 0.0703562 0)
(-0.0380909 0.0613931 0)
(-0.039004 0.0523598 0)
(-0.0399583 0.0432744 0)
(-0.0409589 0.034153 0)
(-0.0420111 0.0250084 0)
(-0.0431192 0.0158509 0)
(-0.0442869 0.00668712 0)
(-0.0455323 -0.00247963 0)
(-0.046841 -0.0116405 0)
(-0.0482343 -0.0207979 0)
(-0.0497203 -0.0299627 0)
(-0.0513084 -0.0391503 0)
(-0.0530092 -0.0483811 0)
(-0.0548343 -0.0576806 0)
(-0.0567957 -0.0670805 0)
(-0.0589054 -0.0766183 0)
(-0.0611748 -0.0863376 0)
(-0.063614 -0.0962879 0)
(-0.0662308 -0.106524 0)
(-0.0690296 -0.117103 0)
(-0.0720095 -0.128087 0)
(-0.075163 -0.139535 0)
(-0.078474 -0.1515 0)
(-0.0819161 -0.164029 0)
(-0.0854506 -0.177151 0)
(-0.0890252 -0.190873 0)
(-0.0925729 -0.205175 0)
(-0.0960112 -0.219998 0)
(-0.0992426 -0.23524 0)
(-0.102156 -0.250746 0)
(-0.104627 -0.266306 0)
(-0.106523 -0.281643 0)
(-0.107704 -0.296419 0)
(-0.108032 -0.310223 0)
(-0.107372 -0.32258 0)
(-0.105598 -0.332955 0)
(-0.102608 -0.340754 0)
(-0.0983225 -0.345347 0)
(-0.0927044 -0.34608 0)
(-0.0857642 -0.342309 0)
(-0.0775753 -0.333435 0)
(-0.0682862 -0.318956 0)
(-0.058132 -0.298532 0)
(-0.0474423 -0.272059 0)
(-0.0366414 -0.239739 0)
(-0.0262403 -0.202148 0)
(-0.0168123 -0.160253 0)
(-0.00891563 -0.115361 0)
(-0.00307651 -0.0689813 0)
(-0.000367414 -0.0225937 0)
(4.11312e-05 0.012258 0)
(0.000257881 0.0347405 0)
(0.000650012 0.0552746 0)
(0.00108775 0.0739243 0)
(0.0015068 0.090761 0)
(0.00185706 0.105871 0)
(0.00209897 0.119356 0)
(0.0022062 0.131331 0)
(0.00216449 0.141923 0)
(0.00196941 0.151262 0)
(0.00162543 0.159482 0)
(0.00114349 0.166708 0)
(0.000538307 0.173058 0)
(-0.000172697 0.17864 0)
(-0.000969898 0.18354 0)
(-0.00183419 0.187832 0)
(-0.00274791 0.191577 0)
(-0.00369547 0.194819 0)
(-0.00466322 0.197589 0)
(-0.00563928 0.199908 0)
(-0.00661406 0.201786 0)
(-0.00758003 0.203229 0)
(-0.00853145 0.204236 0)
(-0.00946402 0.204802 0)
(-0.0103746 0.204921 0)
(-0.0112612 0.204587 0)
(-0.0121225 0.203793 0)
(-0.0129579 0.202532 0)
(-0.0137675 0.2008 0)
(-0.0145518 0.198594 0)
(-0.0153117 0.195914 0)
(-0.0160487 0.19276 0)
(-0.0167642 0.189139 0)
(-0.0174604 0.185055 0)
(-0.0181395 0.180519 0)
(-0.018804 0.175543 0)
(-0.0194566 0.170142 0)
(-0.0201004 0.164331 0)
(-0.0207385 0.158131 0)
(-0.0213744 0.151564 0)
(-0.0220115 0.144651 0)
(-0.0226535 0.137417 0)
(-0.0233042 0.129889 0)
(-0.0239674 0.122093 0)
(-0.0246468 0.114056 0)
(-0.0253461 0.105806 0)
(-0.026069 0.097369 0)
(-0.0268192 0.0887729 0)
(-0.0276011 0.0800434 0)
(-0.0284186 0.0712047 0)
(-0.0292759 0.0622795 0)
(-0.0301769 0.0532884 0)
(-0.0311259 0.0442499 0)
(-0.032127 0.0351799 0)
(-0.0331846 0.0260916 0)
(-0.0343023 0.0169954 0)
(-0.0354831 0.00789799 0)
(-0.0367431 -0.00119803 0)
(-0.0380692 -0.0102814 0)
(-0.039479 -0.0193512 0)
(-0.0409821 -0.0284189 0)
(-0.0425866 -0.0374994 0)
(-0.0443027 -0.046612 0)
(-0.0461421 -0.0557815 0)
(-0.0481168 -0.0650392 0)
(-0.0502395 -0.0744226 0)
(-0.0525226 -0.0839759 0)
(-0.0549778 -0.09375 0)
(-0.0576153 -0.103802 0)
(-0.0604422 -0.114195 0)
(-0.0634613 -0.124994 0)
(-0.0666692 -0.136266 0)
(-0.0700546 -0.148075 0)
(-0.0735964 -0.160478 0)
(-0.0772613 -0.173515 0)
(-0.0810023 -0.187211 0)
(-0.0847577 -0.201559 0)
(-0.0884493 -0.216515 0)
(-0.0919834 -0.231994 0)
(-0.0952507 -0.247854 0)
(-0.0981283 -0.263897 0)
(-0.100482 -0.279854 0)
(-0.102171 -0.295391 0)
(-0.10305 -0.310097 0)
(-0.102977 -0.323491 0)
(-0.101819 -0.335021 0)
(-0.0994593 -0.344074 0)
(-0.0958064 -0.349987 0)
(-0.0908047 -0.352064 0)
(-0.0844462 -0.349603 0)
(-0.0767838 -0.341939 0)
(-0.0679456 -0.328487 0)
(-0.0581484 -0.308816 0)
(-0.0477079 -0.282721 0)
(-0.0370422 -0.250313 0)
(-0.0266677 -0.212087 0)
(-0.0171762 -0.168962 0)
(-0.00915737 -0.122242 0)
(-0.00317913 -0.0734792 0)
(-0.00038459 -0.0242279 0)
(4.70311e-05 0.0121054 0)
(0.000306985 0.0343855 0)
(0.00079342 0.0548075 0)
(0.00136215 0.0734221 0)
(0.00194407 0.0902866 0)
(0.00248436 0.105473 0)
(0.00293853 0.11907 0)
(0.00327562 0.131179 0)
(0.00347705 0.141917 0)
(0.0035347 0.151404 0)
(0.00344977 0.159765 0)
(0.00323013 0.167121 0)
(0.00288818 0.173585 0)
(0.00244031 0.179262 0)
(0.00190459 0.184239 0)
(0.00129872 0.188592 0)
(0.000639876 0.19238 0)
(-5.63786e-05 0.195652 0)
(-0.000775904 0.198439 0)
(-0.00150672 0.200762 0)
(-0.00223929 0.202637 0)
(-0.00296602 0.204069 0)
(-0.00368113 0.20506 0)
(-0.00438043 0.205608 0)
(-0.00506097 0.205706 0)
(-0.00572105 0.205349 0)
(-0.00635973 0.204531 0)
(-0.00697682 0.203246 0)
(-0.00757291 0.201491 0)
(-0.0081491 0.199263 0)
(-0.00870689 0.196562 0)
(-0.0092482 0.19339 0)
(-0.00977527 0.189752 0)
(-0.0102906 0.185654 0)
(-0.010797 0.181107 0)
(-0.0112976 0.176122 0)
(-0.0117954 0.170715 0)
(-0.012294 0.164902 0)
(-0.0127969 0.158703 0)
(-0.0133077 0.15214 0)
(-0.0138301 0.145235 0)
(-0.0143681 0.138014 0)
(-0.0149252 0.130502 0)
(-0.0155055 0.122726 0)
(-0.0161126 0.114712 0)
(-0.0167499 0.106488 0)
(-0.0174206 0.0980816 0)
(-0.018128 0.0895197 0)
(-0.0188762 0.0808283 0)
(-0.0196688 0.0720315 0)
(-0.0205093 0.063152 0)
(-0.0214012 0.0542103 0)
(-0.0223478 0.0452249 0)
(-0.0233527 0.0362119 0)
(-0.0244193 0.0271843 0)
(-0.0255504 0.018153 0)
(-0.0267481 0.00912478 0)
(-0.0280221 0.00010319 0)
(-0.0293767 -0.00890158 0)
(-0.0308099 -0.0178838 0)
(-0.0323365 -0.0268551 0)
(-0.0339636 -0.0358298 0)
(-0.0357006 -0.0448257 0)
(-0.037559 -0.0538667 0)
(-0.0395512 -0.0629833 0)
(-0.0416898 -0.0722128 0)
(-0.0439881 -0.0815995 0)
(-0.046459 -0.0911953 0)
(-0.0491144 -0.101059 0)
(-0.051964 -0.111257 0)
(-0.0550136 -0.12186 0)
(-0.058264 -0.132941 0)
(-0.0617084 -0.144573 0)
(-0.0653306 -0.156822 0)
(-0.069103 -0.169745 0)
(-0.0729843 -0.183376 0)
(-0.076918 -0.197727 0)
(-0.0808313 -0.212771 0)
(-0.0846346 -0.228437 0)
(-0.0882217 -0.244599 0)
(-0.0914717 -0.261072 0)
(-0.0942507 -0.277598 0)
(-0.0964157 -0.293848 0)
(-0.0978185 -0.309414 0)
(-0.0983112 -0.323808 0)
(-0.0977525 -0.33647 0)
(-0.0960147 -0.346765 0)
(-0.092993 -0.354 0)
(-0.0886154 -0.357441 0)
(-0.082855 -0.356332 0)
(-0.075744 -0.349939 0)
(-0.0673889 -0.337597 0)
(-0.057986 -0.318777 0)
(-0.0478346 -0.293172 0)
(-0.0373436 -0.260788 0)
(-0.0270312 -0.222029 0)
(-0.0175049 -0.177752 0)
(-0.00938413 -0.129245 0)
(-0.00327821 -0.0780912 0)
(-0.000401793 -0.0259171 0)
(5.24846e-05 0.0119279 0)
(0.000353274 0.0339607 0)
(0.000929662 0.0542308 0)
(0.00162435 0.0727755 0)
(0.00236394 0.089638 0)
(0.00308932 0.104876 0)
(0.00375133 0.118564 0)
(0.00431453 0.130792 0)
(0.00475618 0.141663 0)
(0.00506446 0.15129 0)
(0.00523705 0.159787 0)
(0.00527888 0.167271 0)
(0.00520021 0.173849 0)
(0.00501559 0.179623 0)
(0.00474153 0.184681 0)
(0.00439477 0.189096 0)
(0.00399191 0.192931 0)
(0.00354864 0.196234 0)
(0.00307894 0.199039 0)
(0.00259447 0.201371 0)
(0.00210483 0.203246 0)
(0.00161774 0.204671 0)
(0.00113903 0.20565 0)
(0.00067288 0.206182 0)
(0.000222213 0.206262 0)
(-0.00021189 0.205886 0)
(-0.000628603 0.205049 0)
(-0.00102805 0.203745 0)
(-0.00141142 0.201972 0)
(-0.00178032 0.199728 0)
(-0.00213682 0.197013 0)
(-0.00248338 0.193829 0)
(-0.0028228 0.190182 0)
(-0.00315816 0.186077 0)
(-0.00349279 0.181527 0)
(-0.00383021 0.176542 0)
(-0.0041741 0.171138 0)
(-0.00452826 0.165333 0)
(-0.00489658 0.159145 0)
(-0.00528298 0.152597 0)
(-0.00569144 0.145711 0)
(-0.00612587 0.138512 0)
(-0.00659018 0.131026 0)
(-0.00708816 0.12328 0)
(-0.00762353 0.1153 0)
(-0.00819961 0.107113 0)
(-0.00881892 0.0987469 0)
(-0.0094845 0.0902287 0)
(-0.0102002 0.0815845 0)
(-0.0109693 0.0728381 0)
(-0.0117947 0.0640121 0)
(-0.0126791 0.0551271 0)
(-0.0136255 0.0462016 0)
(-0.0146366 0.0372513 0)
(-0.0157152 0.0282895 0)
(-0.0168635 0.0193267 0)
(-0.0180823 0.0103709 0)
(-0.0193757 0.00142813 0)
(-0.0207624 -0.00749454 0)
(-0.0222242 -0.0163888 0)
(-0.0237802 -0.0252647 0)
(-0.0254358 -0.0341354 0)
(-0.0271993 -0.0430166 0)
(-0.0290824 -0.051931 0)
(-0.0310972 -0.0609084 0)
(-0.0332563 -0.0699859 0)
(-0.0355729 -0.079207 0)
(-0.0380611 -0.0886239 0)
(-0.0407343 -0.0982976 0)
(-0.0436038 -0.108296 0)
(-0.0466785 -0.118694 0)
(-0.0499626 -0.129572 0)
(-0.0534535 -0.141009 0)
(-0.05714 -0.153083 0)
(-0.0609999 -0.165861 0)
(-0.0649977 -0.179396 0)
(-0.0690827 -0.193711 0)
(-0.0731875 -0.208798 0)
(-0.0772275 -0.224602 0)
(-0.0811005 -0.241015 0)
(-0.0846883 -0.257865 0)
(-0.0878583 -0.274908 0)
(-0.0904671 -0.29182 0)
(-0.0923641 -0.308199 0)
(-0.0933971 -0.323554 0)
(-0.0934176 -0.337315 0)
(-0.0922887 -0.348832 0)
(-0.0898929 -0.357385 0)
(-0.086143 -0.362201 0)
(-0.0809934 -0.362476 0)
(-0.0744554 -0.357408 0)
(-0.0666129 -0.34625 0)
(-0.0576401 -0.328377 0)
(-0.0478172 -0.303371 0)
(-0.0375406 -0.271125 0)
(-0.0273266 -0.231941 0)
(-0.0177957 -0.186598 0)
(-0.00959443 -0.136352 0)
(-0.00337329 -0.0828093 0)
(-0.000418991 -0.0276598 0)
(5.74825e-05 0.0117269 0)
(0.00039658 0.0334698 0)
(0.00105816 0.0535493 0)
(0.00187315 0.0719899 0)
(0.00276447 0.0888208 0)
(0.00366912 0.104086 0)
(0.0045336 0.117844 0)
(0.0053182 0.130174 0)
(0.00599613 0.141166 0)
(0.0065519 0.150923 0)
(0.00697971 0.159551 0)
(0.00728154 0.167158 0)
(0.00746533 0.173849 0)
(0.00754352 0.179721 0)
(0.00753104 0.184861 0)
(0.00744369 0.189342 0)
(0.00729744 0.193227 0)
(0.0071076 0.196565 0)
(0.00688792 0.199392 0)
(0.00665001 0.201736 0)
(0.00640347 0.203613 0)
(0.00615609 0.205035 0)
(0.00591371 0.206005 0)
(0.00568049 0.206524 0)
(0.00545913 0.20659 0)
(0.00525072 0.206199 0)
(0.00505548 0.205347 0)
(0.00487287 0.204029 0)
(0.00470135 0.202244 0)
(0.00453884 0.199989 0)
(0.00438276 0.197266 0)
(0.0042301 0.194077 0)
(0.00407752 0.190428 0)
(0.00392138 0.186325 0)
(0.00375785 0.18178 0)
(0.00358292 0.176804 0)
(0.00339246 0.171414 0)
(0.00318228 0.165626 0)
(0.00294815 0.159459 0)
(0.00268586 0.152936 0)
(0.00239125 0.14608 0)
(0.00206026 0.138915 0)
(0.00168896 0.131466 0)
(0.00127359 0.123761 0)
(0.000810587 0.115825 0)
(0.000296852 0.107686 0)
(-0.000271068 0.0993658 0)
(-0.000895578 0.0909002 0)
(-0.00157949 0.0823119 0)
(-0.00232557 0.0736243 0)
(-0.00313628 0.0648597 0)
(-0.00401397 0.0560387 0)
(-0.00496091 0.0471797 0)
(-0.00597944 0.0382985 0)
(-0.0070719 0.0294082 0)
(-0.00823999 0.020519 0)
(-0.0094837 0.0116398 0)
(-0.0108046 0.00277947 0)
(-0.0122232 -0.00605764 0)
(-0.0137179 -0.0148628 0)
(-0.0153082 -0.0236434 0)
(-0.0169976 -0.0324111 0)
(-0.0187933 -0.0411791 0)
(-0.0207069 -0.0499685 0)
(-0.0227504 -0.0588091 0)
(-0.0249354 -0.0677372 0)
(-0.027275 -0.0767948 0)
(-0.0297841 -0.0860341 0)
(-0.0324767 -0.095517 0)
(-0.0353659 -0.105313 0)
(-0.0384629 -0.115502 0)
(-0.0417748 -0.126167 0)
(-0.0453029 -0.137396 0)
(-0.0490406 -0.149276 0)
(-0.0529711 -0.161887 0)
(-0.0570645 -0.175293 0)
(-0.061276 -0.189537 0)
(-0.0655443 -0.204625 0)
(-0.0697899 -0.220522 0)
(-0.0739155 -0.237137 0)
(-0.0778065 -0.254312 0)
(-0.0813326 -0.271817 0)
(-0.0843512 -0.289339 0)
(-0.0867108 -0.306481 0)
(-0.0882557 -0.322752 0)
(-0.0888322 -0.337575 0)
(-0.0882952 -0.350287 0)
(-0.0865163 -0.360144 0)
(-0.0833935 -0.36634 0)
(-0.0788636 -0.36802 0)
(-0.0729169 -0.364322 0)
(-0.0656141 -0.354417 0)
(-0.0571056 -0.33758 0)
(-0.0476498 -0.31328 0)
(-0.0376276 -0.281288 0)
(-0.0275497 -0.24179 0)
(-0.0180454 -0.195474 0)
(-0.00978668 -0.143548 0)
(-0.00346388 -0.0876246 0)
(-0.000436149 -0.0294538 0)
(6.20165e-05 0.0115043 0)
(0.000436755 0.0329167 0)
(0.00117841 0.0527686 0)
(0.00210751 0.0710715 0)
(0.0031439 0.0878411 0)
(0.00422118 0.103107 0)
(0.00528186 0.116915 0)
(0.00628219 0.12933 0)
(0.00719154 0.140429 0)
(0.00799071 0.150306 0)
(0.00867053 0.159057 0)
(0.00922999 0.166785 0)
(0.00967455 0.173587 0)
(0.0100145 0.179558 0)
(0.010263 0.18478 0)
(0.0104349 0.18933 0)
(0.0105452 0.193267 0)
(0.0106089 0.196643 0)
(0.0106392 0.199497 0)
(0.0106477 0.201856 0)
(0.0106441 0.203739 0)
(0.0106362 0.205161 0)
(0.0106297 0.206125 0)
(0.0106288 0.206636 0)
(0.010636 0.206692 0)
(0.0106524 0.206289 0)
(0.0106777 0.205426 0)
(0.010711 0.204099 0)
(0.0107504 0.202306 0)
(0.0107934 0.200046 0)
(0.0108368 0.197321 0)
(0.0108772 0.194134 0)
(0.0109106 0.19049 0)
(0.010933 0.186397 0)
(0.01094 0.181865 0)
(0.0109271 0.176908 0)
(0.0108897 0.171539 0)
(0.0108232 0.165778 0)
(0.0107231 0.159642 0)
(0.010585 0.153154 0)
(0.0104043 0.146337 0)
(0.0101771 0.139216 0)
(0.0098992 0.131814 0)
(0.00956702 0.12416 0)
(0.00917718 0.116279 0)
(0.00872655 0.108197 0)
(0.00821133 0.0999409 0)
(0.00762882 0.0915391 0)
(0.00697741 0.0830168 0)
(0.006255 0.0743974 0)
(0.00545954 0.0657033 0)
(0.00458922 0.0569547 0)
(0.0036423 0.0481701 0)
(0.00261711 0.0393652 0)
(0.00151187 0.030553 0)
(0.000324334 0.0217407 0)
(-0.000946946 0.0129359 0)
(-0.00229993 0.00415973 0)
(-0.00375374 -0.00459014 0)
(-0.00528501 -0.0133045 0)
(-0.00691323 -0.0219887 0)
(-0.00864115 -0.0306535 0)
(-0.0104746 -0.0393087 0)
(-0.0124251 -0.0479744 0)
(-0.014504 -0.0566802 0)
(-0.0167212 -0.0654617 0)
(-0.0190893 -0.0743584 0)
(-0.0216241 -0.083422 0)
(-0.02434 -0.0927158 0)
(-0.0272507 -0.10231 0)
(-0.0303695 -0.112286 0)
(-0.033706 -0.122732 0)
(-0.0372648 -0.133743 0)
(-0.0410438 -0.145415 0)
(-0.0450308 -0.157838 0)
(-0.0492017 -0.17109 0)
(-0.0535177 -0.18523 0)
(-0.0579234 -0.200283 0)
(-0.0623453 -0.21623 0)
(-0.0666913 -0.232997 0)
(-0.0708513 -0.250446 0)
(-0.0746984 -0.26836 0)
(-0.0780918 -0.286439 0)
(-0.0808802 -0.304291 0)
(-0.0829064 -0.321429 0)
(-0.0840127 -0.337272 0)
(-0.0840473 -0.351145 0)
(-0.0828721 -0.362285 0)
(-0.0803721 -0.369853 0)
(-0.0764673 -0.372953 0)
(-0.0711271 -0.37066 0)
(-0.0643885 -0.362066 0)
(-0.0563767 -0.346348 0)
(-0.0473262 -0.322857 0)
(-0.0375986 -0.291235 0)
(-0.0276953 -0.25154 0)
(-0.0182508 -0.204351 0)
(-0.00995907 -0.150812 0)
(-0.00354941 -0.0925276 0)
(-0.000453231 -0.0312969 0)
(6.60803e-05 0.0112616 0)
(0.000473678 0.0323057 0)
(0.00128997 0.0518942 0)
(0.00232651 0.0700269 0)
(0.00350066 0.0867061 0)
(0.00474315 0.101947 0)
(0.00599287 0.115783 0)
(0.00720236 0.128264 0)
(0.00833727 0.139458 0)
(0.00937486 0.149443 0)
(0.0103026 0.158311 0)
(0.0111164 0.166154 0)
(0.0118192 0.173065 0)
(0.012419 0.179133 0)
(0.0129274 0.18444 0)
(0.0133576 0.18906 0)
(0.0137241 0.193053 0)
(0.0140408 0.196471 0)
(0.0143207 0.199353 0)
(0.0145754 0.201731 0)
(0.0148143 0.203625 0)
(0.0150453 0.205049 0)
(0.0152741 0.206012 0)
(0.0155048 0.206518 0)
(0.0157397 0.206567 0)
(0.0159797 0.206157 0)
(0.0162245 0.205288 0)
(0.0164727 0.203956 0)
(0.016722 0.202161 0)
(0.0169694 0.199902 0)
(0.0172114 0.197182 0)
(0.017444 0.194003 0)
(0.0176628 0.190371 0)
(0.0178631 0.186295 0)
(0.0180401 0.181785 0)
(0.0181889 0.176854 0)
(0.0183045 0.171517 0)
(0.0183818 0.165791 0)
(0.018416 0.159697 0)
(0.0184024 0.153254 0)
(0.0183363 0.146487 0)
(0.0182135 0.139419 0)
(0.0180299 0.132075 0)
(0.0177818 0.124482 0)
(0.0174659 0.116665 0)
(0.0170788 0.108651 0)
(0.0166171 0.100465 0)
(0.0160784 0.0921358 0)
(0.0154611 0.0836879 0)
(0.0147636 0.0751448 0)
(0.0139845 0.0665285 0)
(0.0131223 0.0578593 0)
(0.0121759 0.0491554 0)
(0.0111444 0.0404328 0)
(0.0100267 0.0317047 0)
(0.00882051 0.0229814 0)
(0.00752381 0.0142723 0)
(0.00613832 0.00558694 0)
(0.00464872 -0.00307278 0)
(0.00308 -0.0116949 0)
(0.00141358 -0.020282 0)
(-0.000357103 -0.0288519 0)
(-0.00223518 -0.0374 0)
(-0.00422912 -0.0459443 0)
(-0.00634917 -0.0545173 0)
(-0.00860493 -0.0631553 0)
(-0.011008 -0.0718935 0)
(-0.0135747 -0.0807839 0)
(-0.0163191 -0.0898911 0)
(-0.0192548 -0.0992841 0)
(-0.0223972 -0.109046 0)
(-0.0257575 -0.119272 0)
(-0.0293434 -0.130058 0)
(-0.0331563 -0.14151 0)
(-0.0371887 -0.153729 0)
(-0.0414219 -0.166806 0)
(-0.0458229 -0.180815 0)
(-0.0503423 -0.195797 0)
(-0.054913 -0.211753 0)
(-0.0594486 -0.228629 0)
(-0.0638442 -0.246303 0)
(-0.0679772 -0.264574 0)
(-0.0717097 -0.283155 0)
(-0.074892 -0.301663 0)
(-0.0773667 -0.319616 0)
(-0.0789736 -0.336431 0)
(-0.0795561 -0.351424 0)
(-0.0789682 -0.363817 0)
(-0.0770831 -0.372743 0)
(-0.0738049 -0.377266 0)
(-0.0690832 -0.376403 0)
(-0.0629309 -0.369171 0)
(-0.0554468 -0.354648 0)
(-0.0468391 -0.332066 0)
(-0.0374468 -0.300929 0)
(-0.0277578 -0.261155 0)
(-0.0184079 -0.213201 0)
(-0.0101095 -0.158124 0)
(-0.00362924 -0.0975076 0)
(-0.00047019 -0.0331866 0)
(6.96699e-05 0.0110007 0)
(0.000507248 0.031641 0)
(0.00139248 0.0509326 0)
(0.00252934 0.0688635 0)
(0.00383335 0.0854234 0)
(0.00523287 0.100615 0)
(0.00666365 0.114456 0)
(0.00807481 0.126985 0)
(0.0094285 0.138257 0)
(0.0106985 0.14834 0)
(0.0118691 0.157316 0)
(0.0129332 0.165268 0)
(0.0138909 0.172284 0)
(0.0147481 0.178449 0)
(0.0155143 0.183842 0)
(0.0162015 0.188533 0)
(0.016823 0.192584 0)
(0.0173919 0.196047 0)
(0.0179209 0.198962 0)
(0.018421 0.201362 0)
(0.0189018 0.20327 0)
(0.0193709 0.204701 0)
(0.0198341 0.205666 0)
(0.0202954 0.20617 0)
(0.020757 0.206217 0)
(0.0212196 0.205804 0)
(0.0216828 0.204933 0)
(0.0221447 0.203601 0)
(0.0226028 0.201809 0)
(0.0230537 0.199557 0)
(0.0234934 0.196847 0)
(0.0239174 0.193683 0)
(0.0243208 0.190071 0)
(0.0246986 0.18602 0)
(0.0250453 0.181539 0)
(0.0253557 0.176643 0)
(0.0256243 0.171346 0)
(0.0258458 0.165666 0)
(0.0260149 0.159622 0)
(0.0261267 0.153234 0)
(0.0261762 0.146526 0)
(0.0261591 0.139522 0)
(0.0260712 0.132246 0)
(0.0259087 0.124724 0)
(0.0256681 0.116982 0)
(0.0253462 0.109045 0)
(0.02494 0.100941 0)
(0.0244472 0.0926937 0)
(0.0238663 0.0843298 0)
(0.0231959 0.0758721 0)
(0.0224349 0.0673424 0)
(0.0215824 0.0587608 0)
(0.0206378 0.0501454 0)
(0.0196003 0.041512 0)
(0.0184692 0.0328742 0)
(0.0172429 0.0242428 0)
(0.0159201 0.0156275 0)
(0.0145025 0.00703585 0)
(0.0129772 -0.00153163 0)
(0.0113679 -0.0100604 0)
(0.00966072 -0.0185469 0)
(0.00784797 -0.0270014 0)
(0.00592461 -0.0354319 0)
(0.00388566 -0.043855 0)
(0.0017234 -0.052298 0)
(-0.00057674 -0.0608058 0)
(-0.00302234 -0.0693941 0)
(-0.00562742 -0.0781154 0)
(-0.00840617 -0.0870397 0)
(-0.0113719 -0.0962339 0)
(-0.0145415 -0.105784 0)
(-0.0179273 -0.115787 0)
(-0.0215386 -0.126344 0)
(-0.0253808 -0.13757 0)
(-0.0294502 -0.149572 0)
(-0.0337332 -0.162456 0)
(-0.0382022 -0.17631 0)
(-0.0428142 -0.191192 0)
(-0.0475083 -0.207122 0)
(-0.0522042 -0.224065 0)
(-0.056803 -0.241916 0)
(-0.061187 -0.260492 0)
(-0.0652226 -0.279521 0)
(-0.0687628 -0.298631 0)
(-0.0716513 -0.317344 0)
(-0.0737274 -0.335079 0)
(-0.0748313 -0.351147 0)
(-0.0748106 -0.364755 0)
(-0.0735289 -0.375015 0)
(-0.0708757 -0.380953 0)
(-0.0667813 -0.381536 0)
(-0.061235 -0.375707 0)
(-0.054308 -0.362446 0)
(-0.0461799 -0.340865 0)
(-0.0371642 -0.310327 0)
(-0.0277309 -0.270598 0)
(-0.0185122 -0.221992 0)
(-0.0102357 -0.165463 0)
(-0.00370259 -0.102553 0)
(-0.000486969 -0.0351201 0)
(7.2784e-05 0.0107233 0)
(0.000537385 0.0309273 0)
(0.00148563 0.0498901 0)
(0.0027153 0.0675889 0)
(0.00414073 0.0840014 0)
(0.00568844 0.0991168 0)
(0.00729148 0.112941 0)
(0.00889591 0.125499 0)
(0.0104607 0.136834 0)
(0.0119563 0.147003 0)
(0.0133637 0.156076 0)
(0.0146729 0.164132 0)
(0.0158815 0.17125 0)
(0.0169926 0.177509 0)
(0.0180141 0.182987 0)
(0.0189563 0.187751 0)
(0.0198311 0.191862 0)
(0.020651 0.195373 0)
(0.0214278 0.198324 0)
(0.0221725 0.20075 0)
(0.0228942 0.202675 0)
(0.0236005 0.204117 0)
(0.0242971 0.205088 0)
(0.0249879 0.205595 0)
(0.0256751 0.205642 0)
(0.0263592 0.205231 0)
(0.0270395 0.204363 0)
(0.027714 0.203036 0)
(0.0283798 0.201252 0)
(0.0290332 0.199012 0)
(0.0296696 0.196318 0)
(0.0302843 0.193175 0)
(0.0308718 0.18959 0)
(0.0314267 0.185571 0)
(0.0319431 0.181128 0)
(0.0324152 0.176275 0)
(0.0328373 0.171027 0)
(0.0332035 0.165401 0)
(0.0335085 0.159416 0)
(0.0337468 0.153093 0)
(0.0339134 0.146455 0)
(0.0340037 0.139524 0)
(0.0340134 0.132326 0)
(0.0339385 0.124885 0)
(0.0337757 0.117228 0)
(0.0335216 0.109379 0)
(0.0331736 0.101364 0)
(0.0327294 0.0932097 0)
(0.0321876 0.0849393 0)
(0.0315471 0.0765762 0)
(0.030807 0.0681419 0)
(0.0299667 0.0596564 0)
(0.0290258 0.0511375 0)
(0.0279841 0.0426012 0)
(0.0268409 0.0340612 0)
(0.0255956 0.0255287 0)
(0.0242476 0.0170135 0)
(0.0227986 0.00852171 0)
(0.0212425 5.36099e-05 0)
(0.0195831 -0.0083788 0)
(0.0178284 -0.0167647 0)
(0.0159662 -0.0251128 0)
(0.013993 -0.0334321 0)
(0.0119053 -0.041737 0)
(0.00969678 -0.050051 0)
(0.00735495 -0.0584065 0)
(0.00486808 -0.066837 0)
(0.00222552 -0.0753923 0)
(-0.000591988 -0.0841492 0)
(-0.00359374 -0.0931545 0)
(-0.00679483 -0.102495 0)
(-0.0102093 -0.112278 0)
(-0.0138469 -0.122605 0)
(-0.0177165 -0.133599 0)
(-0.0218167 -0.145376 0)
(-0.0261395 -0.158054 0)
(-0.0306622 -0.171734 0)
(-0.0353479 -0.186491 0)
(-0.040142 -0.202363 0)
(-0.0449707 -0.219333 0)
(-0.0497413 -0.237318 0)
(-0.0543422 -0.256152 0)
(-0.0586446 -0.275576 0)
(-0.0625058 -0.295231 0)
(-0.0657721 -0.314648 0)
(-0.0682838 -0.333247 0)
(-0.0698797 -0.350338 0)
(-0.0704034 -0.365116 0)
(-0.0697101 -0.376676 0)
(-0.0676769 -0.384013 0)
(-0.0642159 -0.386045 0)
(-0.0592928 -0.381648 0)
(-0.0529508 -0.36971 0)
(-0.045339 -0.349217 0)
(-0.0367418 -0.319389 0)
(-0.0276071 -0.279827 0)
(-0.0185587 -0.230689 0)
(-0.0103347 -0.172805 0)
(-0.00376855 -0.10765 0)
(-0.000503496 -0.0370939 0)
(7.54237e-05 0.0104314 0)
(0.000564033 0.0301693 0)
(0.00156918 0.0487736 0)
(0.00288382 0.0662114 0)
(0.00442173 0.082449 0)
(0.00610813 0.0974635 0)
(0.00787387 0.111248 0)
(0.00966235 0.123816 0)
(0.0114295 0.135196 0)
(0.0131429 0.145437 0)
(0.0147803 0.154599 0)
(0.0163287 0.16275 0)
(0.017783 0.169965 0)
(0.019144 0.176317 0)
(0.0204173 0.181878 0)
(0.0216117 0.186716 0)
(0.0227378 0.190889 0)
(0.0238069 0.19445 0)
(0.0248302 0.197441 0)
(0.0258181 0.199896 0)
(0.0267796 0.201841 0)
(0.027722 0.203298 0)
(0.0286509 0.204278 0)
(0.02957 0.204792 0)
(0.0304816 0.204845 0)
(0.0313859 0.20444 0)
(0.0322822 0.203578 0)
(0.0331681 0.202261 0)
(0.0340406 0.20049 0)
(0.0348954 0.198267 0)
(0.0357277 0.195596 0)
(0.0365324 0.192481 0)
(0.0373036 0.188929 0)
(0.0380353 0.184948 0)
(0.0387214 0.180551 0)
(0.0393556 0.175749 0)
(0.0399317 0.170558 0)
(0.0404437 0.164995 0)
(0.0408857 0.159079 0)
(0.0412521 0.152829 0)
(0.0415376 0.14627 0)
(0.0417374 0.139422 0)
(0.0418471 0.132312 0)
(0.0418626 0.124962 0)
(0.0417804 0.117399 0)
(0.0415973 0.109648 0)
(0.0413107 0.101733 0)
(0.0409186 0.0936802 0)
(0.0404195 0.0855126 0)
(0.0398123 0.0772533 0)
(0.0390965 0.0689233 0)
(0.0382717 0.0605425 0)
(0.0373377 0.0521286 0)
(0.0362944 0.0436974 0)
(0.0351418 0.0352628 0)
(0.0338795 0.0268363 0)
(0.0325076 0.0184272 0)
(0.0310275 0.0100414 0)
(0.0294398 0.00168081 0)
(0.0277301 -0.00664783 0)
(0.0259255 -0.0149292 0)
(0.02401 -0.023169 0)
(0.0219821 -0.0313758 0)
(0.0198387 -0.0395634 0)
(0.0175743 -0.0477529 0)
(0.0151796 -0.0559731 0)
(0.0126449 -0.0642574 0)
(0.00996076 -0.0726518 0)
(0.00711095 -0.081218 0)
(0.00407962 -0.0900236 0)
(0.000850354 -0.0991622 0)
(-0.0025961 -0.108742 0)
(-0.00626122 -0.118841 0)
(-0.0101582 -0.129604 0)
(-0.0142858 -0.14115 0)
(-0.0186413 -0.153611 0)
(-0.0232056 -0.167101 0)
(-0.0279482 -0.181712 0)
(-0.0328209 -0.197499 0)
(-0.0377564 -0.214464 0)
(-0.0426687 -0.232542 0)
(-0.047453 -0.251587 0)
(-0.0519863 -0.271355 0)
(-0.0561309 -0.2915 0)
(-0.0597377 -0.311562 0)
(-0.0626495 -0.330967 0)
(-0.0647059 -0.349023 0)
(-0.065748 -0.364921 0)
(-0.0656253 -0.377739 0)
(-0.0642039 -0.386446 0)
(-0.0613793 -0.389921 0)
(-0.0570945 -0.386975 0)
(-0.0513641 -0.376406 0)
(-0.0443049 -0.357082 0)
(-0.0361689 -0.32807 0)
(-0.0273776 -0.288801 0)
(-0.0185411 -0.239258 0)
(-0.0104032 -0.180123 0)
(-0.00382599 -0.112785 0)
(-0.000519674 -0.0391044 0)
(7.75933e-05 0.0101267 0)
(0.000587154 0.0293717 0)
(0.00164293 0.0475902 0)
(0.00303442 0.0647396 0)
(0.00467542 0.0807758 0)
(0.00649043 0.0956645 0)
(0.0084086 0.109387 0)
(0.0103711 0.121943 0)
(0.0123311 0.133353 0)
(0.0142535 0.143652 0)
(0.0161129 0.15289 0)
(0.0178937 0.161129 0)
(0.0195877 0.168434 0)
(0.0211937 0.174875 0)
(0.0227148 0.180519 0)
(0.024158 0.18543 0)
(0.0255326 0.189667 0)
(0.0268487 0.19328 0)
(0.0281167 0.196313 0)
(0.0293463 0.1988 0)
(0.0305461 0.200771 0)
(0.0317232 0.202245 0)
(0.0328831 0.20324 0)
(0.0340294 0.203764 0)
(0.0351641 0.203826 0)
(0.0362875 0.203431 0)
(0.0373985 0.20258 0)
(0.0384948 0.201277 0)
(0.0395727 0.199525 0)
(0.0406281 0.197324 0)
(0.0416556 0.194681 0)
(0.0426497 0.191599 0)
(0.0436042 0.188087 0)
(0.0445127 0.184153 0)
(0.0453687 0.179808 0)
(0.0461654 0.175065 0)
(0.0468964 0.169939 0)
(0.0475553 0.164447 0)
(0.0481358 0.158608 0)
(0.0486321 0.152441 0)
(0.0490388 0.145969 0)
(0.0493506 0.139215 0)
(0.0495631 0.132201 0)
(0.049672 0.124952 0)
(0.0496739 0.117493 0)
(0.0495654 0.109849 0)
(0.0493441 0.102043 0)
(0.049008 0.0941014 0)
(0.0485555 0.086046 0)
(0.0479859 0.0778995 0)
(0.0472985 0.0696829 0)
(0.0464932 0.0614156 0)
(0.0455699 0.0531152 0)
(0.0445288 0.0447975 0)
(0.0433701 0.0364763 0)
(0.0420938 0.0281631 0)
(0.0406999 0.0198672 0)
(0.0391897 0.0115945 0)
(0.0375658 0.00334794 0)
(0.0358118 -0.00486916 0)
(0.0339579 -0.013041 0)
(0.0319885 -0.0211692 0)
(0.029903 -0.0292612 0)
(0.0276994 -0.0373297 0)
(0.0253731 -0.0453942 0)
(0.0229174 -0.0534809 0)
(0.0203246 -0.061623 0)
(0.0175861 -0.069865 0)
(0.0146894 -0.0782639 0)
(0.0116211 -0.0868867 0)
(0.00836659 -0.0958181 0)
(0.00490612 -0.105161 0)
(0.00122349 -0.115034 0)
(-0.00269953 -0.125583 0)
(-0.00685124 -0.136898 0)
(-0.0112342 -0.149138 0)
(-0.0158306 -0.162428 0)
(-0.0206158 -0.176875 0)
(-0.0255479 -0.192554 0)
(-0.0305657 -0.209485 0)
(-0.0355909 -0.22762 0)
(-0.0405257 -0.246832 0)
(-0.0452539 -0.266895 0)
(-0.0496443 -0.287476 0)
(-0.0535533 -0.308125 0)
(-0.0568282 -0.328275 0)
(-0.059311 -0.347235 0)
(-0.0608431 -0.364193 0)
(-0.0612702 -0.378217 0)
(-0.0604495 -0.388257 0)
(-0.0582619 -0.393155 0)
(-0.0546283 -0.391667 0)
(-0.0495347 -0.382505 0)
(-0.0430641 -0.364421 0)
(-0.0354333 -0.336327 0)
(-0.0270324 -0.297475 0)
(-0.0184524 -0.247659 0)
(-0.0104371 -0.187388 0)
(-0.00387357 -0.117942 0)
(-0.000535374 -0.041147 0)
(7.92992e-05 0.00981111 0)
(0.00060673 0.0285395 0)
(0.00170675 0.0463469 0)
(0.0031667 0.0631822 0)
(0.00490103 0.0789917 0)
(0.00683403 0.0937301 0)
(0.00889367 0.107368 0)
(0.0110193 0.119893 0)
(0.0131619 0.131314 0)
(0.0152834 0.141655 0)
(0.0173561 0.150959 0)
(0.0193614 0.159275 0)
(0.0212885 0.166664 0)
(0.0231335 0.17319 0)
(0.0248975 0.178914 0)
(0.0265856 0.183898 0)
(0.0282053 0.188199 0)
(0.0297657 0.191866 0)
(0.031276 0.194943 0)
(0.0327454 0.197466 0)
(0.0341819 0.199464 0)
(0.0355923 0.200961 0)
(0.0369818 0.201972 0)
(0.038354 0.202511 0)
(0.0397106 0.202587 0)
(0.0410518 0.202205 0)
(0.0423764 0.201371 0)
(0.0436819 0.200087 0)
(0.0449645 0.198357 0)
(0.0462195 0.196184 0)
(0.0474416 0.193574 0)
(0.0486246 0.190532 0)
(0.0497622 0.187065 0)
(0.0508476 0.183184 0)
(0.0518737 0.178898 0)
(0.0528337 0.174221 0)
(0.0537206 0.169168 0)
(0.0545277 0.163756 0)
(0.0552485 0.158002 0)
(0.0558769 0.151927 0)
(0.056407 0.145551 0)
(0.0568337 0.138898 0)
(0.0571521 0.13199 0)
(0.057358 0.124852 0)
(0.0574477 0.117506 0)
(0.0574179 0.109978 0)
(0.0572661 0.102291 0)
(0.0569904 0.0944691 0)
(0.0565892 0.086535 0)
(0.0560618 0.0785106 0)
(0.0554075 0.0704163 0)
(0.0546264 0.0622714 0)
(0.0537184 0.0540932 0)
(0.0526839 0.0458976 0)
(0.0515233 0.0376981 0)
(0.0502368 0.0295064 0)
(0.0488244 0.0213317 0)
(0.0472875 0.0131803 0)
(0.045629 0.00505486 0)
(0.0438334 -0.00304459 0)
(0.0419312 -0.0111016 0)
(0.0399084 -0.0191135 0)
(0.0377644 -0.0270867 0)
(0.0354983 -0.0350333 0)
(0.0331067 -0.0429712 0)
(0.0305848 -0.0509248 0)
(0.0279264 -0.0589265 0)
(0.0251244 -0.0670191 0)
(0.022169 -0.0752571 0)
(0.0190494 -0.083707 0)
(0.0157533 -0.0924514 0)
(0.0122657 -0.101589 0)
(0.00857132 -0.111234 0)
(0.00465141 -0.121523 0)
(0.000490672 -0.132609 0)
(-0.00391141 -0.144639 0)
(-0.00853133 -0.157725 0)
(-0.0133468 -0.171996 0)
(-0.0183213 -0.187549 0)
(-0.0233988 -0.20442 0)
(-0.0285089 -0.222581 0)
(-0.0335623 -0.241921 0)
(-0.0384498 -0.262233 0)
(-0.0430477 -0.283197 0)
(-0.0472198 -0.304374 0)
(-0.0508193 -0.325205 0)
(-0.0536929 -0.345004 0)
(-0.0556842 -0.362958 0)
(-0.0566375 -0.378129 0)
(-0.0564039 -0.389453 0)
(-0.0548511 -0.395742 0)
(-0.0518796 -0.395705 0)
(-0.0474471 -0.387976 0)
(-0.0416013 -0.371192 0)
(-0.0345207 -0.344113 0)
(-0.0265597 -0.305803 0)
(-0.018284 -0.255849 0)
(-0.0104318 -0.194569 0)
(-0.00390961 -0.123101 0)
(-0.000550431 -0.0432165 0)
(8.05503e-05 0.00948654 0)
(0.000622763 0.0276777 0)
(0.00176055 0.0450514 0)
(0.00328038 0.0615487 0)
(0.00509791 0.0771071 0)
(0.00713779 0.0916716 0)
(0.00932733 0.105202 0)
(0.0116045 0.117675 0)
(0.0139183 0.129089 0)
(0.0162286 0.139457 0)
(0.0185048 0.148812 0)
(0.0207258 0.157196 0)
(0.0228782 0.164662 0)
(0.0249556 0.171266 0)
(0.0269568 0.177067 0)
(0.028885 0.182123 0)
(0.030746 0.186487 0)
(0.0325474 0.190209 0)
(0.0342974 0.193333 0)
(0.0360043 0.195894 0)
(0.0376756 0.197924 0)
(0.0393177 0.199445 0)
(0.0409354 0.200478 0)
(0.042532 0.201035 0)
(0.0441092 0.201128 0)
(0.0456671 0.200765 0)
(0.0472042 0.19995 0)
(0.0487179 0.198689 0)
(0.0502042 0.196987 0)
(0.0516582 0.194847 0)
(0.0530742 0.192276 0)
(0.0544459 0.189279 0)
(0.0557665 0.185864 0)
(0.0570289 0.182041 0)
(0.0582257 0.177822 0)
(0.0593498 0.173218 0)
(0.0603938 0.168245 0)
(0.0613507 0.162919 0)
(0.0622136 0.157259 0)
(0.0629763 0.151283 0)
(0.0636327 0.145013 0)
(0.0641772 0.13847 0)
(0.064605 0.131677 0)
(0.0649116 0.124657 0)
(0.0650932 0.117434 0)
(0.0651464 0.110031 0)
(0.0650688 0.102471 0)
(0.0648582 0.0947786 0)
(0.0645133 0.0869749 0)
(0.0640331 0.0790815 0)
(0.0634172 0.0711186 0)
(0.0626654 0.063105 0)
(0.0617779 0.0550579 0)
(0.0607552 0.0469929 0)
(0.0595978 0.0389237 0)
(0.058306 0.0308619 0)
(0.0568801 0.0228167 0)
(0.0553213 0.0147948 0)
(0.0536323 0.00679829 0)
(0.0517996 -0.00117644 0)
(0.04985 -0.00911252 0)
(0.0477752 -0.0170019 0)
(0.045573 -0.0248512 0)
(0.0432435 -0.032672 0)
(0.040785 -0.0404807 0)
(0.0381939 -0.0483005 0)
(0.0354655 -0.0561624 0)
(0.0325941 -0.0641078 0)
(0.0295722 -0.0721892 0)
(0.026391 -0.0804724 0)
(0.0230407 -0.0890385 0)
(0.0195097 -0.097985 0)
(0.015786 -0.107426 0)
(0.0118557 -0.117493 0)
(0.00770475 -0.128332 0)
(0.00332253 -0.140104 0)
(-0.00130325 -0.152996 0)
(-0.0061335 -0.167091 0)
(-0.0111345 -0.182505 0)
(-0.0162508 -0.199297 0)
(-0.0214196 -0.217454 0)
(-0.0265604 -0.236889 0)
(-0.0315717 -0.257407 0)
(-0.0363388 -0.278702 0)
(-0.0407342 -0.300349 0)
(-0.0446187 -0.321797 0)
(-0.0478456 -0.342365 0)
(-0.0502632 -0.361245 0)
(-0.0517169 -0.377494 0)
(-0.052054 -0.390042 0)
(-0.0511316 -0.397679 0)
(-0.0488315 -0.399073 0)
(-0.0450831 -0.392788 0)
(-0.0398985 -0.377355 0)
(-0.0334148 -0.35138 0)
(-0.0259459 -0.313734 0)
(-0.0180263 -0.263783 0)
(-0.0103815 -0.201629 0)
(-0.00393212 -0.128241 0)
(-0.000564623 -0.0453069 0)
(8.13573e-05 0.00915483 0)
(0.000635264 0.0267912 0)
(0.00180428 0.043711 0)
(0.00337523 0.0598484 0)
(0.00526555 0.0751329 0)
(0.00740075 0.0895005 0)
(0.00970801 0.102901 0)
(0.0121244 0.115302 0)
(0.0145975 0.126689 0)
(0.0170849 0.137069 0)
(0.019554 0.146461 0)
(0.021981 0.154902 0)
(0.0243501 0.162435 0)
(0.0266524 0.169111 0)
(0.0288844 0.174984 0)
(0.0310472 0.180109 0)
(0.0331449 0.184536 0)
(0.0351835 0.188314 0)
(0.0371701 0.191486 0)
(0.039112 0.194088 0)
(0.041016 0.196151 0)
(0.0428878 0.197701 0)
(0.0447321 0.198758 0)
(0.0465518 0.199337 0)
(0.0483483 0.199452 0)
(0.0501217 0.19911 0)
(0.0518704 0.19832 0)
(0.0535914 0.197087 0)
(0.0552806 0.195416 0)
(0.0569329 0.193314 0)
(0.0585424 0.190786 0)
(0.0601025 0.18784 0)
(0.0616062 0.184482 0)
(0.0630459 0.180725 0)
(0.0644141 0.176577 0)
(0.0657032 0.172053 0)
(0.0669056 0.167168 0)
(0.068014 0.161936 0)
(0.0690212 0.156376 0)
(0.0699207 0.150508 0)
(0.0707061 0.144351 0)
(0.0713718 0.137926 0)
(0.0719126 0.131256 0)
(0.0723238 0.124364 0)
(0.0726016 0.117271 0)
(0.0727425 0.110002 0)
(0.0727439 0.102579 0)
(0.0726036 0.0950249 0)
(0.0723202 0.0873604 0)
(0.0718926 0.079607 0)
(0.0713205 0.0717844 0)
(0.0706037 0.0639109 0)
(0.0697424 0.0560037 0)
(0.0687371 0.048078 0)
(0.0675884 0.0401476 0)
(0.066297 0.032224 0)
(0.0648634 0.0243165 0)
(0.0632885 0.0164318 0)
(0.0615749 0.00857219 0)
(0.0597202 0.000734628 0)
(0.0577173 -0.00707335 0)
(0.0555917 -0.0148343 0)
(0.0533324 -0.0225547 0)
(0.0509404 -0.0302453 0)
(0.048415 -0.0379215 0)
(0.0457538 -0.0456053 0)
(0.0429535 -0.0533269 0)
(0.0400096 -0.061126 0)
(0.0369165 -0.069054 0)
(0.0336675 -0.0771756 0)
(0.0302548 -0.0855706 0)
(0.0266697 -0.0943356 0)
(0.0229029 -0.103585 0)
(0.0189447 -0.11345 0)
(0.0147858 -0.124077 0)
(0.0104184 -0.135625 0)
(0.00583162 -0.148263 0)
(0.00102593 -0.162154 0)
(-0.00397795 -0.17744 0)
(-0.00911196 -0.19414 0)
(-0.0143143 -0.212271 0)
(-0.0195126 -0.231767 0)
(-0.0246128 -0.252452 0)
(-0.0295102 -0.27403 0)
(-0.0340885 -0.29609 0)
(-0.0382174 -0.31809 0)
(-0.0417587 -0.339355 0)
(-0.0445679 -0.359083 0)
(-0.0464942 -0.376335 0)
(-0.0473835 -0.390036 0)
(-0.0470852 -0.398964 0)
(-0.0454638 -0.401755 0)
(-0.0424221 -0.396914 0)
(-0.0379352 -0.382868 0)
(-0.0320967 -0.358077 0)
(-0.0251754 -0.321214 0)
(-0.0176678 -0.271411 0)
(-0.0102795 -0.20853 0)
(-0.00393865 -0.133338 0)
(-0.000577666 -0.0474108 0)
(8.17324e-05 0.00881783 0)
(0.000644261 0.0258851 0)
(0.00183792 0.0423335 0)
(0.00345111 0.058091 0)
(0.00540352 0.0730802 0)
(0.00762207 0.0872289 0)
(0.0100344 0.100478 0)
(0.012577 0.112785 0)
(0.0151965 0.124128 0)
(0.0178488 0.134501 0)
(0.0204993 0.143916 0)
(0.0231217 0.1524 0)
(0.025698 0.159991 0)
(0.0282167 0.166732 0)
(0.0306722 0.172672 0)
(0.0330635 0.177862 0)
(0.0353926 0.182351 0)
(0.0376641 0.186184 0)
(0.0398837 0.189404 0)
(0.0420576 0.192049 0)
(0.0441918 0.194148 0)
(0.0462915 0.195729 0)
(0.0483606 0.196814 0)
(0.0504019 0.197419 0)
(0.0524166 0.197558 0)
(0.0544044 0.197243 0)
(0.0563636 0.19648 0)
(0.0582911 0.195279 0)
(0.0601825 0.193645 0)
(0.0620327 0.191585 0)
(0.0638355 0.189106 0)
(0.0655839 0.186215 0)
(0.0672707 0.182921 0)
(0.0688883 0.179233 0)
(0.0704286 0.175164 0)
(0.0718838 0.170726 0)
(0.0732461 0.165934 0)
(0.0745078 0.160804 0)
(0.0756615 0.155352 0)
(0.0767004 0.149598 0)
(0.0776179 0.143562 0)
(0.078408 0.137264 0)
(0.0790655 0.130725 0)
(0.0795855 0.123968 0)
(0.079964 0.117015 0)
(0.0801973 0.109889 0)
(0.0802827 0.10261 0)
(0.080218 0.0952026 0)
(0.0800016 0.0876861 0)
(0.0796325 0.0800815 0)
(0.07911 0.0724078 0)
(0.0784341 0.0646834 0)
(0.0776049 0.0569247 0)
(0.076623 0.0491472 0)
(0.0754891 0.0413641 0)
(0.0742038 0.0335872 0)
(0.0727679 0.0258255 0)
(0.071182 0.0180858 0)
(0.069448 0.0103708 0)
(0.0675676 0.00267899 0)
(0.0655252 -0.00498858 0)
(0.0633541 -0.012614 0)
(0.0610422 -0.0201997 0)
(0.0585909 -0.0277548 0)
(0.0560009 -0.0352942 0)
(0.053271 -0.042839 0)
(0.0503989 -0.0504184 0)
(0.0473819 -0.0580711 0)
(0.0442159 -0.0658474 0)
(0.040896 -0.0738111 0)
(0.0374167 -0.0820411 0)
(0.0337716 -0.0906333 0)
(0.0299541 -0.0997017 0)
(0.0259574 -0.109378 0)
(0.0217761 -0.119811 0)
(0.017406 -0.131161 0)
(0.012843 -0.143596 0)
(0.00808726 -0.157276 0)
(0.00314493 -0.17235 0)
(-0.00197327 -0.188968 0)
(-0.0071795 -0.20706 0)
(-0.012405 -0.226591 0)
(-0.0175602 -0.247407 0)
(-0.0225496 -0.269222 0)
(-0.0272701 -0.291637 0)
(-0.0316018 -0.314122 0)
(-0.0354174 -0.33601 0)
(-0.0385822 -0.356504 0)
(-0.0409513 -0.374675 0)
(-0.0423726 -0.389448 0)
(-0.04269 -0.399598 0)
(-0.0417535 -0.403738 0)
(-0.0394402 -0.400322 0)
(-0.0356882 -0.387688 0)
(-0.0305453 -0.364152 0)
(-0.0242303 -0.328186 0)
(-0.0171954 -0.278678 0)
(-0.0101182 -0.215225 0)
(-0.0039263 -0.138364 0)
(-0.000589196 -0.0495195 0)
(8.16885e-05 0.00847737 0)
(0.000649785 0.0249643 0)
(0.00186149 0.0409265 0)
(0.0035079 0.0562865 0)
(0.00551148 0.0709605 0)
(0.00780105 0.0848694 0)
(0.0103051 0.097946 0)
(0.0129605 0.110139 0)
(0.0157128 0.121417 0)
(0.018517 0.131766 0)
(0.0213363 0.141188 0)
(0.0241427 0.149703 0)
(0.0269157 0.157339 0)
(0.0296417 0.164136 0)
(0.0323126 0.170137 0)
(0.0349253 0.175388 0)
(0.03748 0.179935 0)
(0.0399795 0.183823 0)
(0.042428 0.187092 0)
(0.0448307 0.18978 0)
(0.0471924 0.191917 0)
(0.0495176 0.193532 0)
(0.0518098 0.194647 0)
(0.0540713 0.195281 0)
(0.0563028 0.195449 0)
(0.058504 0.195163 0)
(0.0606729 0.194433 0)
(0.0628061 0.193267 0)
(0.0648993 0.191674 0)
(0.066947 0.189661 0)
(0.0689428 0.187235 0)
(0.0708796 0.184404 0)
(0.07275 0.181178 0)
(0.0745459 0.177567 0)
(0.0762592 0.173582 0)
(0.0778818 0.169236 0)
(0.0794055 0.164544 0)
(0.0808224 0.159521 0)
(0.0821249 0.154184 0)
(0.0833059 0.148552 0)
(0.0843585 0.142643 0)
(0.0852767 0.136479 0)
(0.0860547 0.130079 0)
(0.0866877 0.123466 0)
(0.0871713 0.11666 0)
(0.087502 0.109684 0)
(0.0876766 0.102559 0)
(0.0876929 0.0953062 0)
(0.0875491 0.0879463 0)
(0.0872442 0.080499 0)
(0.0867773 0.072983 0)
(0.0861485 0.0654162 0)
(0.0853577 0.057815 0)
(0.0844055 0.0501942 0)
(0.0832926 0.0425672 0)
(0.0820196 0.0349455 0)
(0.0805875 0.0273383 0)
(0.0789966 0.0197524 0)
(0.0772483 0.0121911 0)
(0.0753453 0.00465344 0)
(0.0732718 -0.002865 0)
(0.0710607 -0.0103474 0)
(0.0687017 -0.0177911 0)
(0.066196 -0.0252044 0)
(0.0635453 -0.0326017 0)
(0.0607497 -0.0400034 0)
(0.0578083 -0.0474379 0)
(0.0547197 -0.0549431 0)
(0.0514815 -0.0625685 0)
(0.0480908 -0.0703769 0)
(0.044544 -0.0784467 0)
(0.040837 -0.0868735 0)
(0.0369658 -0.0957712 0)
(0.0329264 -0.105272 0)
(0.028716 -0.115526 0)
(0.0243335 -0.126696 0)
(0.0197798 -0.138953 0)
(0.0150594 -0.152461 0)
(0.0101809 -0.167371 0)
(0.00515068 -0.183803 0)
(-6.24101e-06 -0.201832 0)
(-0.00521901 -0.221394 0)
(-0.010394 -0.242312 0)
(-0.0154379 -0.264317 0)
(-0.0202604 -0.287032 0)
(-0.0247531 -0.309937 0)
(-0.0288019 -0.332369 0)
(-0.0322849 -0.353544 0)
(-0.0350659 -0.37254 0)
(-0.0369974 -0.388294 0)
(-0.0379208 -0.399582 0)
(-0.0376742 -0.405006 0)
(-0.0361107 -0.402983 0)
(-0.0331315 -0.39177 0)
(-0.0287365 -0.369547 0)
(-0.0230905 -0.334588 0)
(-0.016594 -0.285523 0)
(-0.00988823 -0.221666 0)
(-0.00389157 -0.143287 0)
(-0.000598748 -0.0516228 0)
(8.12386e-05 0.00813524 0)
(0.00065187 0.024034 0)
(0.001875 0.0394979 0)
(0.00354552 0.0544447 0)
(0.00558911 0.0687856 0)
(0.00793702 0.082435 0)
(0.0105192 0.0953186 0)
(0.0132731 0.107378 0)
(0.0161441 0.118571 0)
(0.0190861 0.128877 0)
(0.0220611 0.13829 0)
(0.0250392 0.146821 0)
(0.0279976 0.154491 0)
(0.0309207 0.161334 0)
(0.0337982 0.167388 0)
(0.0366246 0.172694 0)
(0.0393983 0.177296 0)
(0.0421203 0.181236 0)
(0.0447933 0.184553 0)
(0.0474209 0.187284 0)
(0.0500071 0.189461 0)
(0.0525555 0.191112 0)
(0.0550688 0.19226 0)
(0.0575488 0.192926 0)
(0.059996 0.193125 0)
(0.0624096 0.192872 0)
(0.0647874 0.192178 0)
(0.0671258 0.191052 0)
(0.0694204 0.189504 0)
(0.0716653 0.187542 0)
(0.0738541 0.185173 0)
(0.0759796 0.182407 0)
(0.0780339 0.179254 0)
(0.0800089 0.175724 0)
(0.0818963 0.171828 0)
(0.0836875 0.16758 0)
(0.0853743 0.162994 0)
(0.0869485 0.158084 0)
(0.0884021 0.152869 0)
(0.0897279 0.147365 0)
(0.0909188 0.141591 0)
(0.0919684 0.135568 0)
(0.0928709 0.129314 0)
(0.0936211 0.122852 0)
(0.0942146 0.116201 0)
(0.0946474 0.109384 0)
(0.0949164 0.10242 0)
(0.0950192 0.0953303 0)
(0.0949538 0.0881352 0)
(0.094719 0.0808535 0)
(0.094314 0.0735038 0)
(0.0937384 0.0661033 0)
(0.0929925 0.0586679 0)
(0.0920765 0.0512126 0)
(0.0909912 0.0437503 0)
(0.0897373 0.0362925 0)
(0.0883157 0.0288485 0)
(0.0867268 0.0214252 0)
(0.0849718 0.0140265 0)
(0.0830531 0.00665123 0)
(0.0809589 -0.000708747 0)
(0.0787108 -0.00804022 0)
(0.0763105 -0.015334 0)
(0.0737558 -0.0225986 0)
(0.0710494 -0.029848 0)
(0.0681928 -0.037102 0)
(0.0651863 -0.0443884 0)
(0.0620298 -0.0517444 0)
(0.0587227 -0.0592188 0)
(0.0552639 -0.066874 0)
(0.0516518 -0.0747878 0)
(0.0478848 -0.0830557 0)
(0.0439611 -0.0917918 0)
(0.0398795 -0.101129 0)
(0.0356399 -0.111219 0)
(0.0312438 -0.122226 0)
(0.0266952 -0.134324 0)
(0.0220015 -0.147683 0)
(0.0171744 -0.162457 0)
(0.0122262 -0.178769 0)
(0.0071746 -0.196678 0)
(0.00205328 -0.21618 0)
(-0.00309337 -0.237201 0)
(-0.00814998 -0.25936 0)
(-0.0130335 -0.28232 0)
(-0.017646 -0.305577 0)
(-0.0218868 -0.328471 0)
(-0.0256505 -0.350235 0)
(-0.0288113 -0.369957 0)
(-0.0312301 -0.38659 0)
(-0.0327485 -0.39892 0)
(-0.0331961 -0.405549 0)
(-0.0324035 -0.404869 0)
(-0.0302361 -0.395069 0)
(-0.0266439 -0.374205 0)
(-0.0217335 -0.340352 0)
(-0.0158467 -0.291881 0)
(-0.00957925 -0.227797 0)
(-0.00383033 -0.14807 0)
(-0.000605735 -0.0537081 0)
(8.03944e-05 0.00779324 0)
(0.000650543 0.023099 0)
(0.00187845 0.0380554 0)
(0.00356384 0.0525761 0)
(0.00563611 0.0665675 0)
(0.00802937 0.0799391 0)
(0.0106756 0.09261 0)
(0.0135132 0.104514 0)
(0.016488 0.115604 0)
(0.0195533 0.125848 0)
(0.02267 0.135235 0)
(0.0258065 0.143766 0)
(0.0289384 0.151458 0)
(0.0320476 0.158336 0)
(0.0351219 0.164433 0)
(0.0381537 0.169788 0)
(0.0411392 0.17444 0)
(0.0440775 0.178428 0)
(0.0469699 0.181792 0)
(0.0498183 0.184566 0)
(0.0526257 0.186782 0)
(0.0553946 0.18847 0)
(0.0581269 0.189654 0)
(0.0608239 0.190354 0)
(0.0634855 0.190588 0)
(0.0661105 0.190372 0)
(0.0686965 0.189717 0)
(0.0712397 0.188634 0)
(0.0737353 0.187135 0)
(0.0761774 0.185227 0)
(0.0785595 0.18292 0)
(0.0808739 0.180224 0)
(0.0831128 0.177149 0)
(0.0852677 0.173704 0)
(0.0873302 0.169903 0)
(0.0892915 0.165758 0)
(0.0911431 0.161283 0)
(0.0928766 0.156493 0)
(0.0944839 0.151404 0)
(0.0959573 0.146035 0)
(0.0972896 0.140403 0)
(0.0984742 0.134527 0)
(0.099505 0.128426 0)
(0.100377 0.122122 0)
(0.101084 0.115634 0)
(0.101624 0.108982 0)
(0.101993 0.102187 0)
(0.102188 0.0952691 0)
(0.102207 0.0882468 0)
(0.102048 0.0811391 0)
(0.101711 0.0739639 0)
(0.101195 0.066738 0)
(0.100501 0.0594771 0)
(0.0996276 0.0521957 0)
(0.0985768 0.0449066 0)
(0.0973489 0.0376212 0)
(0.0959449 0.0303489 0)
(0.0943655 0.0230965 0)
(0.0926117 0.0158681 0)
(0.0906855 0.00866324 0)
(0.0885864 0.00147501 0)
(0.0863019 -0.00569652 0)
(0.0838659 -0.0128334 0)
(0.0812685 -0.0199429 0)
(0.0785129 -0.0270387 0)
(0.0756017 -0.0341403 0)
(0.0725363 -0.041275 0)
(0.069318 -0.0484797 0)
(0.0659477 -0.0558028 0)
(0.0624263 -0.0633064 0)
(0.0587543 -0.0710681 0)
(0.0549323 -0.0791834 0)
(0.0509613 -0.0877667 0)
(0.0468427 -0.0969521 0)
(0.042579 -0.106892 0)
(0.0381744 -0.117753 0)
(0.0336353 -0.129711 0)
(0.0289708 -0.142941 0)
(0.0241941 -0.157601 0)
(0.0193206 -0.173816 0)
(0.0143704 -0.191657 0)
(0.00936975 -0.211113 0)
(0.00434391 -0.232086 0)
(-0.000663007 -0.254374 0)
(-0.00555662 -0.277541 0)
(-0.0102466 -0.301088 0)
(-0.0146399 -0.324358 0)
(-0.0186473 -0.346614 0)
(-0.0221559 -0.366954 0)
(-0.0250385 -0.384353 0)
(-0.0271406 -0.397614 0)
(-0.0282858 -0.405352 0)
(-0.0282855 -0.405947 0)
(-0.0269699 -0.397537 0)
(-0.0242381 -0.378062 0)
(-0.0201341 -0.345409 0)
(-0.0149343 -0.29768 0)
(-0.00917923 -0.233555 0)
(-0.00373774 -0.152671 0)
(-0.000609422 -0.0557607 0)
(7.91651e-05 0.00745312 0)
(0.000645816 0.0221645 0)
(0.00187181 0.036607 0)
(0.00356273 0.0506908 0)
(0.00565211 0.0643187 0)
(0.00807741 0.0773954 0)
(0.0107731 0.0898348 0)
(0.0136793 0.101565 0)
(0.0167424 0.112531 0)
(0.0199157 0.122695 0)
(0.0231593 0.132037 0)
(0.0264403 0.140552 0)
(0.0297327 0.14825 0)
(0.0330164 0.155151 0)
(0.0362771 0.161282 0)
(0.0395051 0.166677 0)
(0.0426945 0.171372 0)
(0.0458426 0.175405 0)
(0.0489487 0.178812 0)
(0.0520135 0.181628 0)
(0.0550383 0.183885 0)
(0.0580248 0.18561 0)
(0.0609739 0.186831 0)
(0.0638861 0.187567 0)
(0.0667608 0.187839 0)
(0.0695963 0.187661 0)
(0.0723898 0.187049 0)
(0.0751374 0.186014 0)
(0.077834 0.184566 0)
(0.0804735 0.182717 0)
(0.083049 0.180477 0)
(0.0855529 0.177854 0)
(0.087977 0.17486 0)
(0.0903129 0.171507 0)
(0.0925518 0.167805 0)
(0.0946847 0.163767 0)
(0.0967029 0.159409 0)
(0.0985979 0.154744 0)
(0.100361 0.149788 0)
(0.101985 0.144559 0)
(0.103462 0.139074 0)
(0.104785 0.133352 0)
(0.105948 0.127412 0)
(0.106945 0.121272 0)
(0.107772 0.114954 0)
(0.108424 0.108475 0)
(0.108897 0.101857 0)
(0.10919 0.095117 0)
(0.109298 0.0882753 0)
(0.109222 0.0813495 0)
(0.108959 0.0743569 0)
(0.10851 0.0673139 0)
(0.107873 0.0602358 0)
(0.10705 0.0531367 0)
(0.106041 0.0460292 0)
(0.104846 0.0389247 0)
(0.103467 0.0318321 0)
(0.101904 0.0247587 0)
(0.100159 0.0177085 0)
(0.0982316 0.0106817 0)
(0.0961254 0.00367273 0)
(0.0938233 -0.00332565 0)
(0.0913612 -0.0102977 0)
(0.0887307 -0.0172454 0)
(0.0859348 -0.0241815 0)
(0.0829775 -0.0311256 0)
(0.0798615 -0.0381049 0)
(0.0765896 -0.0451561 0)
(0.0731645 -0.0523274 0)
(0.0695887 -0.059681 0)
(0.0658652 -0.0672944 0)
(0.0619971 -0.0752635 0)
(0.0579878 -0.0837031 0)
(0.0538416 -0.0927481 0)
(0.0495639 -0.102552 0)
(0.0451613 -0.113284 0)
(0.0406426 -0.125122 0)
(0.0360187 -0.138242 0)
(0.031303 -0.152808 0)
(0.0265117 -0.168948 0)
(0.0216641 -0.186736 0)
(0.0167829 -0.206169 0)
(0.0118904 -0.227146 0)
(0.00701152 -0.249442 0)
(0.0021921 -0.272704 0)
(-0.00252087 -0.296508 0)
(-0.00702246 -0.320071 0)
(-0.0112364 -0.34272 0)
(-0.0150619 -0.363561 0)
(-0.018386 -0.381601 0)
(-0.0210602 -0.395669 0)
(-0.022907 -0.404404 0)
(-0.0237206 -0.406188 0)
(-0.0232981 -0.399124 0)
(-0.0214871 -0.381053 0)
(-0.018265 -0.349681 0)
(-0.0138356 -0.30284 0)
(-0.0086746 -0.23887 0)
(-0.00360811 -0.15704 0)
(-0.000608894 -0.057763 0)
(7.75554e-05 0.00711666 0)
(0.000637674 0.0212355 0)
(0.00185497 0.0351607 0)
(0.00354193 0.0487995 0)
(0.00563663 0.0620515 0)
(0.00808035 0.0748179 0)
(0.0108107 0.0870082 0)
(0.0137697 0.0985451 0)
(0.0169051 0.109367 0)
(0.0201705 0.119431 0)
(0.0235256 0.12871 0)
(0.0269366 0.137192 0)
(0.0303758 0.144881 0)
(0.0338216 0.151791 0)
(0.0372576 0.157944 0)
(0.0406719 0.16337 0)
(0.0440567 0.168102 0)
(0.0474072 0.172174 0)
(0.050721 0.175621 0)
(0.0539971 0.178476 0)
(0.0572355 0.180771 0)
(0.0604363 0.182535 0)
(0.0635997 0.183792 0)
(0.0667253 0.184567 0)
(0.0698117 0.184878 0)
(0.0728569 0.184742 0)
(0.0758574 0.184175 0)
(0.0788091 0.18319 0)
(0.0817066 0.181799 0)
(0.0845437 0.180012 0)
(0.0873131 0.177841 0)
(0.0900071 0.175296 0)
(0.0926175 0.172389 0)
(0.0951354 0.16913 0)
(0.0975519 0.165531 0)
(0.0998581 0.161607 0)
(0.102045 0.15737 0)
(0.104103 0.152835 0)
(0.106025 0.148017 0)
(0.107802 0.142934 0)
(0.109427 0.137603 0)
(0.110892 0.132041 0)
(0.112191 0.126266 0)
(0.113318 0.120298 0)
(0.114268 0.114155 0)
(0.115037 0.107857 0)
(0.11562 0.101422 0)
(0.116015 0.0948685 0)
(0.11622 0.0882148 0)
(0.116232 0.0814786 0)
(0.116049 0.0746764 0)
(0.115673 0.0678243 0)
(0.115101 0.060937 0)
(0.114335 0.0540284 0)
(0.113374 0.0471109 0)
(0.11222 0.0401953 0)
(0.110873 0.0332909 0)
(0.109335 0.0264046 0)
(0.107606 0.0195409 0)
(0.105688 0.0127005 0)
(0.103582 0.00587853 0)
(0.101276 -0.000937749 0)
(0.0987952 -0.00773736 0)
(0.0961414 -0.0145158 0)
(0.0933153 -0.0212858 0)
(0.090322 -0.0280672 0)
(0.0871658 -0.0348873 0)
(0.0838508 -0.0417829 0)
(0.0803816 -0.0488023 0)
(0.0767628 -0.0560076 0)
(0.0729995 -0.0634771 0)
(0.0690974 -0.0713068 0)
(0.0650629 -0.0796123 0)
(0.0609031 -0.0885293 0)
(0.0566262 -0.0982128 0)
(0.0522417 -0.108833 0)
(0.0477604 -0.12057 0)
(0.0431949 -0.133603 0)
(0.0385591 -0.148095 0)
(0.0338682 -0.164178 0)
(0.0291386 -0.181928 0)
(0.024388 -0.201345 0)
(0.0196333 -0.22233 0)
(0.014892 -0.244663 0)
(0.0101889 -0.267992 0)
(0.00554349 -0.291849 0)
(0.000999891 -0.315621 0)
(-0.00337528 -0.338584 0)
(-0.00748558 -0.359806 0)
(-0.0112296 -0.378355 0)
(-0.0144662 -0.393091 0)
(-0.0170193 -0.402692 0)
(-0.0186695 -0.40556 0)
(-0.0191832 -0.399778 0)
(-0.0183563 -0.383108 0)
(-0.0160965 -0.353086 0)
(-0.0125275 -0.307275 0)
(-0.00805018 -0.243664 0)
(-0.00343491 -0.161121 0)
(-0.000603011 -0.0596941 0)
(7.55634e-05 0.00678563 0)
(0.00062606 0.0203171 0)
(0.00182775 0.0337246 0)
(0.00350105 0.0469128 0)
(0.005589 0.0597789 0)
(0.00803721 0.0722212 0)
(0.0107868 0.0841457 0)
(0.0137825 0.0954706 0)
(0.0169737 0.10613 0)
(0.0203148 0.116074 0)
(0.0237654 0.12527 0)
(0.0272912 0.133702 0)
(0.0308631 0.141365 0)
(0.0344578 0.148269 0)
(0.0380572 0.154432 0)
(0.0416474 0.159878 0)
(0.0452185 0.164637 0)
(0.0487637 0.168741 0)
(0.0522786 0.172222 0)
(0.0557606 0.175113 0)
(0.0592081 0.177445 0)
(0.0626198 0.179246 0)
(0.0659949 0.180541 0)
(0.0693318 0.181355 0)
(0.0726286 0.181707 0)
(0.0758825 0.181615 0)
(0.0790896 0.181096 0)
(0.0822452 0.180164 0)
(0.0853437 0.178832 0)
(0.0883786 0.177111 0)
(0.0913426 0.175013 0)
(0.0942275 0.17255 0)
(0.097025 0.169732 0)
(0.0997262 0.166572 0)
(0.102322 0.163082 0)
(0.104803 0.159274 0)
(0.10716 0.155163 0)
(0.109385 0.150763 0)
(0.111467 0.146089 0)
(0.113401 0.141158 0)
(0.115176 0.135985 0)
(0.116786 0.130588 0)
(0.118225 0.124986 0)
(0.119486 0.119195 0)
(0.120564 0.113235 0)
(0.121454 0.107123 0)
(0.122153 0.100878 0)
(0.122656 0.0945178 0)
(0.122962 0.0880595 0)
(0.123068 0.0815202 0)
(0.122973 0.0749161 0)
(0.122675 0.0682625 0)
(0.122175 0.061574 0)
(0.121473 0.0548638 0)
(0.120569 0.0481441 0)
(0.119463 0.0414255 0)
(0.118157 0.034717 0)
(0.116652 0.0280257 0)
(0.114949 0.0213559 0)
(0.113049 0.0147089 0)
(0.110955 0.0080806 0)
(0.108665 0.00145958 0)
(0.106169 -0.00515995 0)
(0.103501 -0.0117631 0)
(0.100656 -0.0183618 0)
(0.0976382 -0.0249762 0)
(0.0944543 -0.0316339 0)
(0.0911095 -0.0383722 0)
(0.0876099 -0.0452398 0)
(0.0839625 -0.0522994 0)
(0.0801747 -0.0596298 0)
(0.0762549 -0.0673278 0)
(0.0722124 -0.0755098 0)
(0.0680575 -0.0843126 0)
(0.0638013 -0.093892 0)
(0.0594561 -0.10442 0)
(0.0550352 -0.116077 0)
(0.0505523 -0.129043 0)
(0.0460215 -0.143483 0)
(0.0414566 -0.159528 0)
(0.0368703 -0.177256 0)
(0.0322738 -0.196663 0)
(0.0276758 -0.217652 0)
(0.0230837 -0.240004 0)
(0.0185053 -0.263373 0)
(0.0139461 -0.287287 0)
(0.00942141 -0.311137 0)
(0.0049596 -0.334211 0)
(0.000613728 -0.355694 0)
(-0.0035234 -0.374628 0)
(-0.00731244 -0.389882 0)
(-0.0105783 -0.400203 0)
(-0.0130898 -0.404028 0)
(-0.0145851 -0.399445 0)
(-0.014809 -0.384153 0)
(-0.0135966 -0.355536 0)
(-0.0109848 -0.310893 0)
(-0.00728925 -0.24785 0)
(-0.00321061 -0.164852 0)
(-0.000590358 -0.0615289 0)
(7.31768e-05 0.00646184 0)
(0.000610863 0.0194145 0)
(0.00178981 0.0323071 0)
(0.00343946 0.0450418 0)
(0.0055083 0.0575141 0)
(0.0079467 0.0696201 0)
(0.0106999 0.0812631 0)
(0.0137158 0.0923582 0)
(0.0169459 0.102835 0)
(0.0203458 0.112639 0)
(0.0238755 0.121733 0)
(0.0275001 0.130095 0)
(0.0311899 0.137714 0)
(0.03492 0.144597 0)
(0.0386704 0.150755 0)
(0.0424255 0.156209 0)
(0.0461732 0.160985 0)
(0.0499047 0.165113 0)
(0.0536138 0.168623 0)
(0.0572958 0.171546 0)
(0.0609476 0.173912 0)
(0.0645666 0.175748 0)
(0.0681504 0.17708 0)
(0.0716966 0.177933 0)
(0.0752023 0.178327 0)
(0.0786638 0.178281 0)
(0.0820769 0.177812 0)
(0.0854364 0.176936 0)
(0.0887361 0.175665 0)
(0.0919693 0.174013 0)
(0.0951284 0.171992 0)
(0.0982053 0.169614 0)
(0.101191 0.16689 0)
(0.104077 0.163833 0)
(0.106853 0.160455 0)
(0.109511 0.156768 0)
(0.112041 0.152788 0)
(0.114433 0.148527 0)
(0.11668 0.144001 0)
(0.118772 0.139226 0)
(0.120701 0.134217 0)
(0.12246 0.128992 0)
(0.124042 0.123566 0)
(0.125441 0.117959 0)
(0.126652 0.112187 0)
(0.127668 0.106269 0)
(0.128487 0.10022 0)
(0.129104 0.0940596 0)
(0.129517 0.0878035 0)
(0.129723 0.0814682 0)
(0.129721 0.0750693 0)
(0.129509 0.0686218 0)
(0.129088 0.0621395 0)
(0.128458 0.0556353 0)
(0.127617 0.0491211 0)
(0.126568 0.0426071 0)
(0.125312 0.0361021 0)
(0.123849 0.0296129 0)
(0.122181 0.023144 0)
(0.120309 0.0166967 0)
(0.118235 0.0102676 0)
(0.115962 0.00384702 0)
(0.113474 -0.00257947 0)
(0.110807 -0.00900078 0)
(0.107958 -0.0154231 0)
(0.104931 -0.0218662 0)
(0.101735 -0.0283589 0)
(0.0983766 -0.0349388 0)
(0.0948638 -0.0416557 0)
(0.0912058 -0.048573 0)
(0.0874127 -0.0557703 0)
(0.0834957 -0.0633455 0)
(0.0794673 -0.071416 0)
(0.0753408 -0.0801196 0)
(0.0711307 -0.089613 0)
(0.0668519 -0.100069 0)
(0.06252 -0.111668 0)
(0.0581499 -0.124591 0)
(0.0537554 -0.139001 0)
(0.0493482 -0.155028 0)
(0.0449365 -0.172746 0)
(0.0405242 -0.19215 0)
(0.0361104 -0.213138 0)
(0.0316892 -0.235489 0)
(0.0272521 -0.258857 0)
(0.0227884 -0.282772 0)
(0.0182921 -0.306637 0)
(0.0137678 -0.329751 0)
(0.00923941 -0.351309 0)
(0.00476317 -0.370411 0)
(0.000445111 -0.386031 0)
(-0.0035367 -0.396921 0)
(-0.00693571 -0.401557 0)
(-0.00946124 -0.398066 0)
(-0.0108068 -0.384109 0)
(-0.010732 -0.356937 0)
(-0.00918083 -0.313592 0)
(-0.00637363 -0.251333 0)
(-0.0029267 -0.168159 0)
(-0.00056918 -0.0632382 0)
(7.03702e-05 0.0061472 0)
(0.000591893 0.0185333 0)
(0.00174066 0.0309169 0)
(0.00335631 0.0431979 0)
(0.00539326 0.0552705 0)
(0.0078072 0.0670296 0)
(0.010548 0.0783768 0)
(0.0135672 0.0892247 0)
(0.0168189 0.0994999 0)
(0.0202603 0.109144 0)
(0.0238522 0.118116 0)
(0.0275596 0.126387 0)
(0.031352 0.133945 0)
(0.0352034 0.140788 0)
(0.0390921 0.146926 0)
(0.0430004 0.152375 0)
(0.0469146 0.157157 0)
(0.0508237 0.1613 0)
(0.0547194 0.164831 0)
(0.0585952 0.167779 0)
(0.0624463 0.170174 0)
(0.0662684 0.172043 0)
(0.0700578 0.173411 0)
(0.073811 0.174303 0)
(0.0775239 0.17474 0)
(0.0811921 0.174741 0)
(0.0848107 0.174324 0)
(0.0883739 0.173505 0)
(0.0918751 0.172298 0)
(0.0953072 0.170718 0)
(0.0986623 0.168777 0)
(0.101932 0.166487 0)
(0.105107 0.16386 0)
(0.108179 0.16091 0)
(0.111138 0.157648 0)
(0.113974 0.154087 0)
(0.116678 0.150241 0)
(0.119241 0.146124 0)
(0.121654 0.141751 0)
(0.123908 0.137136 0)
(0.125994 0.132296 0)
(0.127905 0.127247 0)
(0.129635 0.122005 0)
(0.131176 0.116586 0)
(0.132523 0.111008 0)
(0.13367 0.105288 0)
(0.134614 0.0994428 0)
(0.13535 0.0934882 0)
(0.135875 0.0874408 0)
(0.136188 0.0813162 0)
(0.136286 0.0751295 0)
(0.136168 0.068895 0)
(0.135833 0.0626261 0)
(0.135281 0.0563352 0)
(0.134513 0.0500336 0)
(0.13353 0.0437314 0)
(0.132331 0.0374369 0)
(0.13092 0.0311568 0)
(0.129298 0.0248954 0)
(0.127466 0.0186541 0)
(0.125426 0.0124303 0)
(0.123182 0.00621513 0)
(0.120725 -8.80634e-06 0)
(0.118068 -0.00624312 0)
(0.11523 -0.0124847 0)
(0.112212 -0.0187537 0)
(0.109021 -0.0250795 0)
(0.105669 -0.0315012 0)
(0.102163 -0.0380695 0)
(0.098517 -0.044849 0)
(0.0947423 -0.0519207 0)
(0.0908536 -0.0593835 0)
(0.0868664 -0.0673562 0)
(0.0827977 -0.0759775 0)
(0.0786648 -0.0854049 0)
(0.0744857 -0.095811 0)
(0.0702778 -0.107377 0)
(0.0660569 -0.12028 0)
(0.061836 -0.134683 0)
(0.0576238 -0.150711 0)
(0.053423 -0.168432 0)
(0.0492293 -0.187837 0)
(0.0450304 -0.208815 0)
(0.0408064 -0.231142 0)
(0.0365316 -0.254468 0)
(0.0321769 -0.278322 0)
(0.0277161 -0.302117 0)
(0.0231317 -0.325164 0)
(0.0184247 -0.346685 0)
(0.0136268 -0.365815 0)
(0.00881722 -0.381575 0)
(0.00414384 -0.392817 0)
(-0.000161075 -0.398107 0)
(-0.00376698 -0.39558 0)
(-0.00631046 -0.382892 0)
(-0.00746926 -0.357186 0)
(-0.00708877 -0.315264 0)
(-0.00528428 -0.25401 0)
(-0.0025736 -0.170962 0)
(-0.000537254 -0.0647874 0)
(6.71e-05 0.00584371 0)
(0.000568871 0.0176792 0)
(0.00167957 0.0295629 0)
(0.0032504 0.0413927 0)
(0.00524227 0.0530621 0)
(0.00761665 0.0644653 0)
(0.0103287 0.0755033 0)
(0.013334 0.0860874 0)
(0.0165897 0.096142 0)
(0.0200552 0.105606 0)
(0.0236922 0.114434 0)
(0.027466 0.122595 0)
(0.0313455 0.130071 0)
(0.0353036 0.136856 0)
(0.0393173 0.142957 0)
(0.0433672 0.148386 0)
(0.0474372 0.153162 0)
(0.0515147 0.157308 0)
(0.0555891 0.160852 0)
(0.0596522 0.163819 0)
(0.063697 0.166238 0)
(0.0677179 0.168136 0)
(0.0717097 0.169537 0)
(0.0756672 0.170467 0)
(0.0795856 0.170946 0)
(0.0834594 0.170994 0)
(0.0872829 0.170631 0)
(0.0910496 0.169871 0)
(0.0947526 0.168732 0)
(0.0983842 0.167226 0)
(0.101936 0.165367 0)
(0.1054 0.163168 0)
(0.108766 0.160643 0)
(0.112025 0.157802 0)
(0.115168 0.154659 0)
(0.118185 0.151228 0)
(0.121066 0.147521 0)
(0.123802 0.143552 0)
(0.126383 0.139335 0)
(0.128801 0.134886 0)
(0.131048 0.130219 0)
(0.133115 0.125351 0)
(0.134995 0.120296 0)
(0.136682 0.115072 0)
(0.13817 0.109693 0)
(0.139453 0.104178 0)
(0.140527 0.0985406 0)
(0.141388 0.0927981 0)
(0.142032 0.0869655 0)
(0.142457 0.081058 0)
(0.142662 0.0750899 0)
(0.142644 0.0690749 0)
(0.142403 0.063026 0)
(0.14194 0.0569551 0)
(0.141253 0.0508729 0)
(0.140344 0.0447891 0)
(0.139215 0.0387116 0)
(0.137866 0.0326467 0)
(0.136301 0.0265986 0)
(0.134521 0.0205685 0)
(0.132529 0.0145542 0)
(0.130328 0.00854763 0)
(0.12792 0.00253274 0)
(0.125292 -0.003507 0)
(0.122484 -0.00956474 0)
(0.119495 -0.0156578 0)
(0.116333 -0.0218165 0)
(0.113009 -0.0280813 0)
(0.109537 -0.0345047 0)
(0.105929 -0.0411527 0)
(0.102202 -0.0481079 0)
(0.0983724 -0.0554709 0)
(0.0944599 -0.0633616 0)
(0.0904845 -0.0719197 0)
(0.0864669 -0.0813031 0)
(0.0824275 -0.0916839 0)
(0.0783853 -0.103241 0)
(0.0743565 -0.116151 0)
(0.0703525 -0.13057 0)
(0.0663778 -0.146616 0)
(0.0624285 -0.164352 0)
(0.0584906 -0.183757 0)
(0.0545391 -0.204713 0)
(0.0505388 -0.226986 0)
(0.046446 -0.250223 0)
(0.0422127 -0.27395 0)
(0.0377919 -0.297585 0)
(0.0331452 -0.320454 0)
(0.0282525 -0.341803 0)
(0.0231243 -0.360806 0)
(0.0178179 -0.376541 0)
(0.0124579 -0.387934 0)
(0.00725942 -0.39365 0)
(0.00254372 -0.391932 0)
(-0.00127804 -0.380415 0)
(-0.00377532 -0.356176 0)
(-0.00468427 -0.315787 0)
(-0.00400347 -0.255766 0)
(-0.00214121 -0.173171 0)
(-0.000491662 -0.0661358 0)
(6.32997e-05 0.00555359 0)
(0.000541405 0.0168584 0)
(0.00160562 0.0282547 0)
(0.00312023 0.0396386 0)
(0.00505326 0.0509032 0)
(0.00737261 0.0619432 0)
(0.0100392 0.0726597 0)
(0.0130132 0.0829638 0)
(0.0162553 0.0927787 0)
(0.0197272 0.102042 0)
(0.0233921 0.110705 0)
(0.0272157 0.118734 0)
(0.0311666 0.126107 0)
(0.035217 0.132816 0)
(0.0393422 0.138862 0)
(0.0435213 0.144254 0)
(0.0477365 0.149009 0)
(0.0519727 0.153148 0)
(0.0562177 0.156693 0)
(0.060461 0.159671 0)
(0.064694 0.162108 0)
(0.068909 0.16403 0)
(0.0730994 0.165462 0)
(0.0772586 0.166427 0)
(0.0813805 0.166947 0)
(0.0854587 0.167043 0)
(0.0894864 0.166733 0)
(0.0934566 0.166035 0)
(0.0973615 0.164964 0)
(0.101193 0.163535 0)
(0.104943 0.161761 0)
(0.108602 0.159657 0)
(0.11216 0.157235 0)
(0.115609 0.154507 0)
(0.118938 0.151488 0)
(0.122137 0.148189 0)
(0.125197 0.144624 0)
(0.128108 0.140807 0)
(0.130861 0.136751 0)
(0.133447 0.132472 0)
(0.135857 0.127983 0)
(0.138083 0.1233 0)
(0.140118 0.118437 0)
(0.141955 0.113411 0)
(0.143588 0.108238 0)
(0.145012 0.102932 0)
(0.146221 0.0975084 0)
(0.147213 0.0919833 0)
(0.147982 0.0863713 0)
(0.148527 0.0806866 0)
(0.148845 0.074943 0)
(0.148936 0.0691537 0)
(0.148798 0.0633309 0)
(0.148431 0.0574859 0)
(0.147835 0.0516292 0)
(0.147013 0.0457696 0)
(0.145964 0.0399148 0)
(0.144691 0.0340705 0)
(0.143196 0.0282405 0)
(0.141483 0.022426 0)
(0.139555 0.0166244 0)
(0.137414 0.0108286 0)
(0.135065 0.00502372 0)
(0.132499 -0.000813568 0)
(0.129742 -0.0066854 0)
(0.126807 -0.0126021 0)
(0.1237 -0.0185947 0)
(0.120434 -0.0247059 0)
(0.117024 -0.0309899 0)
(0.113488 -0.0375148 0)
(0.109843 -0.0443652 0)
(0.106111 -0.0516431 0)
(0.102313 -0.0594701 0)
(0.0984741 -0.0679865 0)
(0.0946171 -0.0773501 0)
(0.0907648 -0.0877319 0)
(0.0869374 -0.0993082 0)
(0.0831503 -0.11225 0)
(0.0794122 -0.126707 0)
(0.0757222 -0.142789 0)
(0.0720683 -0.160546 0)
(0.068425 -0.179947 0)
(0.0647532 -0.200861 0)
(0.0610009 -0.223045 0)
(0.057106 -0.246136 0)
(0.0530005 -0.269661 0)
(0.0486173 -0.293041 0)
(0.0438979 -0.315616 0)
(0.0388026 -0.336657 0)
(0.0333227 -0.355375 0)
(0.0274968 -0.370907 0)
(0.0214308 -0.382257 0)
(0.0153218 -0.388188 0)
(0.00948015 -0.387054 0)
(0.00433778 -0.376597 0)
(0.00038937 -0.353813 0)
(-0.00194478 -0.31504 0)
(-0.00251848 -0.256478 0)
(-0.0016213 -0.174686 0)
(-0.000429016 -0.0672366 0)
(5.8876e-05 0.00527926 0)
(0.000508986 0.0160775 0)
(0.00151761 0.0270024 0)
(0.00296394 0.0379483 0)
(0.00482387 0.0488088 0)
(0.00707232 0.0594796 0)
(0.00967647 0.0698631 0)
(0.0126017 0.0798714 0)
(0.0158126 0.0894279 0)
(0.0192734 0.0984693 0)
(0.022949 0.106945 0)
(0.0268059 0.11482 0)
(0.0308126 0.122069 0)
(0.0349405 0.128681 0)
(0.0391637 0.134653 0)
(0.0434598 0.139992 0)
(0.0478089 0.14471 0)
(0.0521942 0.148827 0)
(0.0566013 0.152363 0)
(0.0610176 0.155342 0)
(0.0654326 0.15779 0)
(0.0698369 0.15973 0)
(0.0742219 0.161188 0)
(0.0785799 0.162185 0)
(0.0829032 0.162745 0)
(0.0871843 0.162888 0)
(0.0914155 0.162632 0)
(0.0955889 0.161996 0)
(0.0996961 0.160995 0)
(0.103729 0.159644 0)
(0.107677 0.157958 0)
(0.111532 0.155951 0)
(0.115285 0.153635 0)
(0.118925 0.151024 0)
(0.122441 0.148131 0)
(0.125826 0.144968 0)
(0.129067 0.14155 0)
(0.132156 0.137888 0)
(0.135083 0.133997 0)
(0.137839 0.129891 0)
(0.140416 0.125583 0)
(0.142805 0.12109 0)
(0.144999 0.116424 0)
(0.146991 0.111601 0)
(0.148774 0.106637 0)
(0.150344 0.101545 0)
(0.151695 0.0963403 0)
(0.152822 0.0910378 0)
(0.153723 0.0856514 0)
(0.154395 0.0801947 0)
(0.154836 0.074681 0)
(0.155044 0.0691226 0)
(0.155018 0.0635312 0)
(0.154759 0.0579175 0)
(0.154266 0.0522913 0)
(0.153542 0.046661 0)
(0.152587 0.0410334 0)
(0.151404 0.0354141 0)
(0.149997 0.029806 0)
(0.148368 0.02421 0)
(0.146522 0.0186233 0)
(0.144463 0.0130391 0)
(0.142196 0.00744357 0)
(0.139725 0.00181419 0)
(0.137041 -0.00387095 0)
(0.134188 -0.00961341 0)
(0.131167 -0.0154438 0)
(0.127992 -0.0214069 0)
(0.124682 -0.0275595 0)
(0.121256 -0.0339724 0)
(0.117736 -0.0407321 0)
(0.114146 -0.0479428 0)
(0.110512 -0.0557271 0)
(0.106861 -0.0642259 0)
(0.103218 -0.0735964 0)
(0.0996084 -0.084007 0)
(0.0960522 -0.0956298 0)
(0.0925631 -0.108629 0)
(0.0891453 -0.123144 0)
(0.0857911 -0.139274 0)
(0.0824781 -0.157056 0)
(0.0791678 -0.176441 0)
(0.0758053 -0.197287 0)
(0.0723205 -0.219335 0)
(0.0686319 -0.242217 0)
(0.0646518 -0.265454 0)
(0.0602933 -0.288474 0)
(0.0554789 -0.310631 0)
(0.0501511 -0.33122 0)
(0.0442846 -0.349494 0)
(0.0379016 -0.364644 0)
(0.0310922 -0.375757 0)
(0.0240392 -0.381699 0)
(0.017043 -0.380942 0)
(0.010538 -0.371339 0)
(0.00506509 -0.349931 0)
(0.00116905 -0.312926 0)
(-0.000817264 -0.256026 0)
(-0.00101084 -0.175401 0)
(-0.000348039 -0.0680377 0)
(5.37041e-05 0.0050235 0)
(0.000470991 0.0153439 0)
(0.00141417 0.0258169 0)
(0.00277949 0.0363354 0)
(0.00455155 0.0467941 0)
(0.00671294 0.0570908 0)
(0.00923773 0.0671307 0)
(0.0120968 0.0768279 0)
(0.015259 0.0861071 0)
(0.0186915 0.0949055 0)
(0.022361 0.103172 0)
(0.0262349 0.11087 0)
(0.030282 0.117972 0)
(0.0344728 0.124465 0)
(0.0387806 0.130342 0)
(0.0431812 0.135609 0)
(0.0476532 0.140275 0)
(0.0521776 0.144355 0)
(0.056738 0.147869 0)
(0.0613199 0.15084 0)
(0.0659106 0.153289 0)
(0.0704989 0.155241 0)
(0.0750746 0.156718 0)
(0.0796281 0.157745 0)
(0.0841505 0.158342 0)
(0.0886329 0.158531 0)
(0.0930667 0.158329 0)
(0.097443 0.157754 0)
(0.101753 0.156824 0)
(0.105987 0.155553 0)
(0.110135 0.153957 0)
(0.114188 0.152049 0)
(0.118136 0.149842 0)
(0.121969 0.147351 0)
(0.125676 0.144587 0)
(0.129247 0.141564 0)
(0.132672 0.138294 0)
(0.135942 0.134791 0)
(0.139047 0.131068 0)
(0.141977 0.127139 0)
(0.144725 0.123017 0)
(0.147281 0.118717 0)
(0.149638 0.114252 0)
(0.151789 0.109636 0)
(0.153728 0.104885 0)
(0.15545 0.100011 0)
(0.156948 0.09503 0)
(0.15822 0.0899545 0)
(0.159261 0.0847981 0)
(0.160068 0.079574 0)
(0.160641 0.0742946 0)
(0.160976 0.0689716 0)
(0.161074 0.063616 0)
(0.160935 0.0582379 0)
(0.160559 0.0528463 0)
(0.159948 0.047449 0)
(0.159104 0.0420522 0)
(0.158029 0.0366606 0)
(0.156728 0.0312767 0)
(0.155205 0.0259007 0)
(0.153464 0.0205293 0)
(0.151511 0.0151555 0)
(0.149353 0.00976604 0)
(0.146995 0.00433947 0)
(0.144429 -0.00115489 0)
(0.141693 -0.00672629 0)
(0.138797 -0.0124 0)
(0.135756 -0.0182229 0)
(0.13259 -0.0242551 0)
(0.129321 -0.03057 0)
(0.125977 -0.0372566 0)
(0.122583 -0.044421 0)
(0.11917 -0.0521868 0)
(0.115767 -0.060695 0)
(0.112401 -0.0701009 0)
(0.109098 -0.0805694 0)
(0.105877 -0.0922661 0)
(0.102748 -0.105346 0)
(0.0997097 -0.119937 0)
(0.0967441 -0.136123 0)
(0.0938171 -0.153923 0)
(0.090875 -0.173273 0)
(0.0878454 -0.194011 0)
(0.0846392 -0.215867 0)
(0.0811548 -0.238462 0)
(0.0772848 -0.261315 0)
(0.0729237 -0.28386 0)
(0.0679767 -0.305465 0)
(0.0623707 -0.325454 0)
(0.0560664 -0.343118 0)
(0.0490728 -0.357709 0)
(0.0414671 -0.368391 0)
(0.0334197 -0.374139 0)
(0.0252224 -0.373555 0)
(0.017311 -0.36462 0)
(0.0102567 -0.344453 0)
(0.00469209 -0.309201 0)
(0.00113544 -0.2543 0)
(-0.000306564 -0.175224 0)
(-0.000253569 -0.0684864 0)
(4.76275e-05 0.00478947 0)
(0.000426708 0.0146656 0)
(0.00129384 0.0247098 0)
(0.00256482 0.0348139 0)
(0.00423393 0.0448747 0)
(0.00629211 0.0547937 0)
(0.00872079 0.0644797 0)
(0.0114968 0.0738504 0)
(0.0145933 0.0828335 0)
(0.0179807 0.0913673 0)
(0.0216279 0.0994019 0)
(0.0255032 0.106899 0)
(0.0295755 0.113831 0)
(0.0338151 0.120182 0)
(0.0381942 0.125944 0)
(0.0426872 0.131119 0)
(0.0472708 0.135714 0)
(0.0519244 0.139742 0)
(0.0566292 0.143221 0)
(0.061369 0.14617 0)
(0.0661289 0.148611 0)
(0.0708958 0.150566 0)
(0.0756576 0.152058 0)
(0.0804032 0.153109 0)
(0.0851222 0.15374 0)
(0.0898043 0.153972 0)
(0.0944396 0.153822 0)
(0.0990184 0.15331 0)
(0.103531 0.152451 0)
(0.107967 0.151262 0)
(0.112316 0.149756 0)
(0.116569 0.14795 0)
(0.120714 0.145855 0)
(0.124742 0.143485 0)
(0.128641 0.140853 0)
(0.132402 0.137972 0)
(0.136015 0.134854 0)
(0.139469 0.131513 0)
(0.142755 0.127962 0)
(0.145863 0.124213 0)
(0.148785 0.12028 0)
(0.151513 0.116176 0)
(0.154039 0.111915 0)
(0.156356 0.107511 0)
(0.158457 0.102976 0)
(0.160337 0.098325 0)
(0.161992 0.0935703 0)
(0.163416 0.0887253 0)
(0.164606 0.0838027 0)
(0.16556 0.0788147 0)
(0.166275 0.0737731 0)
(0.166751 0.0686889 0)
(0.166987 0.0635723 0)
(0.166984 0.0584327 0)
(0.166741 0.0532784 0)
(0.166262 0.0481163 0)
(0.165549 0.0429521 0)
(0.164605 0.0377895 0)
(0.163434 0.0326303 0)
(0.162042 0.0274739 0)
(0.160435 0.0223164 0)
(0.158619 0.01715 0)
(0.156602 0.011962 0)
(0.154393 0.00673162 0)
(0.151997 0.00142817 0)
(0.149412 -0.00397889 0)
(0.146686 -0.00950547 0)
(0.143826 -0.0152 0)
(0.140856 -0.0211262 0)
(0.137802 -0.027361 0)
(0.134693 -0.0339958 0)
(0.131561 -0.0411385 0)
(0.128436 -0.0489132 0)
(0.125352 -0.0574601 0)
(0.122335 -0.0669315 0)
(0.119412 -0.0774869 0)
(0.116597 -0.0892835 0)
(0.113895 -0.102464 0)
(0.111296 -0.117143 0)
(0.108771 -0.133384 0)
(0.106271 -0.151187 0)
(0.103725 -0.170469 0)
(0.101041 -0.191048 0)
(0.0981115 -0.212639 0)
(0.0948135 -0.234855 0)
(0.0910212 -0.257214 0)
(0.0866115 -0.279157 0)
(0.081475 -0.300069 0)
(0.0755259 -0.319301 0)
(0.0687139 -0.336188 0)
(0.0610385 -0.350039 0)
(0.0525676 -0.360101 0)
(0.0434616 -0.365454 0)
(0.0340043 -0.364837 0)
(0.0246311 -0.356383 0)
(0.0159372 -0.337325 0)
(0.00862906 -0.30381 0)
(0.00337111 -0.251053 0)
(0.00050907 -0.174034 0)
(-0.000146893 -0.0685324 0)
(4.04603e-05 0.00458072 0)
(0.000375406 0.0140512 0)
(0.00115527 0.0236931 0)
(0.0023183 0.0333982 0)
(0.00386947 0.0430664 0)
(0.0058087 0.0526044 0)
(0.00812524 0.0619266 0)
(0.010802 0.0709557 0)
(0.0138169 0.0796235 0)
(0.0171436 0.087871 0)
(0.0207531 0.0956499 0)
(0.0246148 0.102922 0)
(0.028698 0.10966 0)
(0.0329727 0.115846 0)
(0.0374102 0.12147 0)
(0.0419835 0.126532 0)
(0.0466679 0.131037 0)
(0.0514405 0.134996 0)
(0.056281 0.138425 0)
(0.0611709 0.14134 0)
(0.0660933 0.143762 0)
(0.0710332 0.145712 0)
(0.0759766 0.147211 0)
(0.0809107 0.14828 0)
(0.0858235 0.148941 0)
(0.0907033 0.149213 0)
(0.0955392 0.149114 0)
(0.10032 0.148663 0)
(0.105035 0.147875 0)
(0.109674 0.146768 0)
(0.114226 0.145355 0)
(0.118679 0.143651 0)
(0.123024 0.141669 0)
(0.127249 0.139423 0)
(0.131345 0.136926 0)
(0.135299 0.13419 0)
(0.139102 0.131227 0)
(0.142745 0.128051 0)
(0.146216 0.124674 0)
(0.149508 0.121108 0)
(0.15261 0.117367 0)
(0.155516 0.113463 0)
(0.158217 0.109409 0)
(0.160707 0.105218 0)
(0.162978 0.100903 0)
(0.165026 0.0964771 0)
(0.166846 0.0919519 0)
(0.168433 0.0873402 0)
(0.169785 0.0826539 0)
(0.170898 0.0779045 0)
(0.171772 0.073103 0)
(0.172404 0.0682595 0)
(0.172796 0.0633837 0)
(0.172947 0.058484 0)
(0.17286 0.0535678 0)
(0.172536 0.0486415 0)
(0.171979 0.0437096 0)
(0.171193 0.0387751 0)
(0.170183 0.0338389 0)
(0.168956 0.0288994 0)
(0.167517 0.0239519 0)
(0.165876 0.0189877 0)
(0.164041 0.0139935 0)
(0.162022 0.00894875 0)
(0.15983 0.00382336 0)
(0.157461 -0.00142257 0)
(0.154961 -0.00681324 0)
(0.152343 -0.0123941 0)
(0.149632 -0.0182326 0)
(0.14686 -0.0244092 0)
(0.144059 -0.0310177 0)
(0.141264 -0.0381669 0)
(0.138507 -0.0459809 0)
(0.135822 -0.0545976 0)
(0.133237 -0.064165 0)
(0.130772 -0.0748347 0)
(0.128438 -0.0867532 0)
(0.126232 -0.100049 0)
(0.124132 -0.114816 0)
(0.122094 -0.1311 0)
(0.120053 -0.148878 0)
(0.117918 -0.168042 0)
(0.115578 -0.188394 0)
(0.112902 -0.209633 0)
(0.109752 -0.231364 0)
(0.105981 -0.253104 0)
(0.101454 -0.274304 0)
(0.0960471 -0.29437 0)
(0.0896667 -0.312684 0)
(0.0822556 -0.328623 0)
(0.0738078 -0.341557 0)
(0.0643856 -0.350811 0)
(0.0541433 -0.355575 0)
(0.0433578 -0.354728 0)
(0.0324623 -0.346564 0)
(0.0220687 -0.328471 0)
(0.0129453 -0.296658 0)
(0.00588468 -0.2462 0)
(0.00146189 -0.171646 0)
(-1.26785e-05 -0.0681116 0)
(3.19985e-05 0.0044013 0)
(0.000316451 0.0135102 0)
(0.000997622 0.0227795 0)
(0.00203937 0.0321024 0)
(0.00345841 0.0413841 0)
(0.00526418 0.0505384 0)
(0.00745404 0.0594869 0)
(0.0100172 0.0681592 0)
(0.0129361 0.0764923 0)
(0.0161879 0.0844315 0)
(0.0197455 0.0919309 0)
(0.0235799 0.0989539 0)
(0.0276608 0.105473 0)
(0.0319578 0.111469 0)
(0.0364414 0.116933 0)
(0.0410835 0.121861 0)
(0.0458578 0.126256 0)
(0.0507398 0.130128 0)
(0.0557071 0.13349 0)
(0.0607392 0.136357 0)
(0.0658174 0.138748 0)
(0.0709246 0.140682 0)
(0.0760449 0.14218 0)
(0.0811638 0.143262 0)
(0.0862677 0.143947 0)
(0.0913435 0.144256 0)
(0.0963788 0.144205 0)
(0.101362 0.143813 0)
(0.10628 0.143097 0)
(0.111123 0.142071 0)
(0.115878 0.140751 0)
(0.120535 0.139151 0)
(0.125083 0.137284 0)
(0.129509 0.135164 0)
(0.133803 0.132803 0)
(0.137955 0.130214 0)
(0.141954 0.127408 0)
(0.14579 0.124399 0)
(0.149453 0.121199 0)
(0.152934 0.117819 0)
(0.156225 0.114272 0)
(0.159316 0.11057 0)
(0.162201 0.106725 0)
(0.164873 0.10275 0)
(0.167325 0.0986567 0)
(0.169553 0.0944572 0)
(0.171551 0.0901632 0)
(0.173316 0.0857863 0)
(0.174845 0.0813376 0)
(0.176135 0.0768277 0)
(0.177186 0.0722669 0)
(0.177996 0.0676645 0)
(0.178567 0.0630292 0)
(0.178898 0.0583686 0)
(0.178994 0.0536895 0)
(0.178855 0.0489969 0)
(0.178487 0.0442948 0)
(0.177895 0.039585 0)
(0.177084 0.0348675 0)
(0.176061 0.0301395 0)
(0.174836 0.0253953 0)
(0.173416 0.0206253 0)
(0.171814 0.015815 0)
(0.17004 0.0109437 0)
(0.168108 0.00598139 0)
(0.166028 0.00088621 0)
(0.16381 -0.00438417 0)
(0.161503 -0.00987075 0)
(0.159127 -0.015645 0)
(0.156716 -0.0217904 0)
(0.154308 -0.0284022 0)
(0.151938 -0.0355896 0)
(0.14964 -0.0434754 0)
(0.147445 -0.0521936 0)
(0.145379 -0.0618856 0)
(0.143458 -0.0726929 0)
(0.141682 -0.0847481 0)
(0.140037 -0.0981616 0)
(0.138487 -0.113007 0)
(0.136971 -0.129306 0)
(0.135404 -0.147011 0)
(0.133674 -0.165991 0)
(0.13165 -0.186028 0)
(0.129182 -0.206807 0)
(0.12611 -0.227926 0)
(0.122277 -0.248906 0)
(0.117532 -0.269212 0)
(0.111747 -0.288271 0)
(0.10482 -0.3055 0)
(0.0966942 -0.320321 0)
(0.0873617 -0.332163 0)
(0.0768847 -0.340433 0)
(0.065415 -0.344425 0)
(0.053225 -0.34316 0)
(0.0407446 -0.335104 0)
(0.0285959 -0.317826 0)
(0.0175953 -0.287658 0)
(0.00864752 -0.239628 0)
(0.0025462 -0.167951 0)
(0.000152346 -0.0671418 0)
(2.20408e-05 0.00425556 0)
(0.000249505 0.0130518 0)
(0.000821076 0.0219809 0)
(0.00172953 0.0309398 0)
(0.00300426 0.0398416 0)
(0.0046645 0.0486093 0)
(0.00671579 0.0571743 0)
(0.00915351 0.0654742 0)
(0.0119647 0.0734532 0)
(0.0151296 0.0810619 0)
(0.0186236 0.088258 0)
(0.0224188 0.0950071 0)
(0.0264853 0.101282 0)
(0.0307929 0.107065 0)
(0.0353113 0.112344 0)
(0.0400115 0.117116 0)
(0.0448656 0.121381 0)
(0.0498476 0.125147 0)
(0.0549332 0.128425 0)
(0.0601001 0.131229 0)
(0.0653274 0.133576 0)
(0.0705963 0.135484 0)
(0.075889 0.136971 0)
(0.0811892 0.138057 0)
(0.0864816 0.138761 0)
(0.0917517 0.139101 0)
(0.0969858 0.139096 0)
(0.102171 0.138761 0)
(0.107294 0.138114 0)
(0.112342 0.137169 0)
(0.117304 0.135942 0)
(0.122167 0.134447 0)
(0.126921 0.132696 0)
(0.131552 0.130703 0)
(0.136051 0.128479 0)
(0.140407 0.126039 0)
(0.144608 0.123392 0)
(0.148645 0.120552 0)
(0.152508 0.117529 0)
(0.156188 0.114337 0)
(0.159676 0.110985 0)
(0.162964 0.107486 0)
(0.166046 0.103852 0)
(0.168913 0.100094 0)
(0.171561 0.0962233 0)
(0.173985 0.0922511 0)
(0.176179 0.0881886 0)
(0.178141 0.0840463 0)
(0.179869 0.0798346 0)
(0.181359 0.0755634 0)
(0.182613 0.0712419 0)
(0.183628 0.0668786 0)
(0.184408 0.0624813 0)
(0.184953 0.0580568 0)
(0.185267 0.0536108 0)
(0.185353 0.0491474 0)
(0.185216 0.0446696 0)
(0.184862 0.0401781 0)
(0.184298 0.0356718 0)
(0.183533 0.0311467 0)
(0.182575 0.026596 0)
(0.181436 0.0220088 0)
(0.180128 0.0173693 0)
(0.178663 0.0126556 0)
(0.177058 0.00783702 0)
(0.17533 0.00287117 0)
(0.173482 -0.00229407 0)
(0.171571 -0.00770989 0)
(0.16962 -0.0134483 0)
(0.167666 -0.0195939 0)
(0.165749 -0.0262425 0)
(0.163905 -0.0335023 0)
(0.162166 -0.0414927 0)
(0.160561 -0.0503419 0)
(0.159108 -0.0601822 0)
(0.157813 -0.0711422 0)
(0.156667 -0.0833374 0)
(0.155638 -0.0968576 0)
(0.154674 -0.111753 0)
(0.153693 -0.128018 0)
(0.152589 -0.14558 0)
(0.151229 -0.164285 0)
(0.14946 -0.183896 0)
(0.147115 -0.204085 0)
(0.144018 -0.224449 0)
(0.140001 -0.244514 0)
(0.134905 -0.263762 0)
(0.128597 -0.281646 0)
(0.120979 -0.297621 0)
(0.111995 -0.311156 0)
(0.101643 -0.321741 0)
(0.08999 -0.32886 0)
(0.0771895 -0.331915 0)
(0.0635127 -0.330061 0)
(0.0493862 -0.321946 0)
(0.035436 -0.305338 0)
(0.0225136 -0.276747 0)
(0.0116169 -0.231246 0)
(0.00374453 -0.162842 0)
(0.00034605 -0.0655503 0)
(1.04252e-05 0.00414805 0)
(0.000174824 0.012685 0)
(0.000627691 0.021308 0)
(0.00139381 0.0299213 0)
(0.00251585 0.0384494 0)
(0.00402279 0.0468275 0)
(0.00592803 0.0549987 0)
(0.0082328 0.0629109 0)
(0.0109284 0.0705167 0)
(0.0139982 0.077773 0)
(0.0174197 0.0846421 0)
(0.0211663 0.0910925 0)
(0.0252089 0.097099 0)
(0.0295173 0.102643 0)
(0.0340608 0.107714 0)
(0.0388095 0.112306 0)
(0.0437344 0.11642 0)
(0.0488078 0.120061 0)
(0.054004 0.123237 0)
(0.0592987 0.125963 0)
(0.0646692 0.128252 0)
(0.0700948 0.130121 0)
(0.0755559 0.131587 0)
(0.0810344 0.132669 0)
(0.0865135 0.133385 0)
(0.0919771 0.133751 0)
(0.0974101 0.133786 0)
(0.102798 0.133505 0)
(0.108128 0.132925 0)
(0.113385 0.13206 0)
(0.118557 0.130926 0)
(0.123632 0.129534 0)
(0.128598 0.127899 0)
(0.133442 0.126033 0)
(0.138153 0.123949 0)
(0.142721 0.121657 0)
(0.147134 0.11917 0)
(0.151383 0.116499 0)
(0.155458 0.113656 0)
(0.15935 0.110651 0)
(0.16305 0.107495 0)
(0.166551 0.1042 0)
(0.169846 0.100776 0)
(0.172928 0.0972342 0)
(0.175792 0.0935851 0)
(0.178434 0.0898391 0)
(0.18085 0.0860064 0)
(0.183036 0.0820966 0)
(0.184991 0.0781194 0)
(0.186714 0.0740835 0)
(0.188204 0.0699973 0)
(0.189463 0.0658686 0)
(0.190492 0.061704 0)
(0.191295 0.0575094 0)
(0.191874 0.0532894 0)
(0.192234 0.0490474 0)
(0.192382 0.0447849 0)
(0.192325 0.0405019 0)
(0.192069 0.0361958 0)
(0.191626 0.0318616 0)
(0.191005 0.027491 0)
(0.190218 0.0230718 0)
(0.189279 0.0185867 0)
(0.188203 0.0140121 0)
(0.187009 0.00931615 0)
(0.185715 0.00445498 0)
(0.184331 -0.000631205 0)
(0.182916 -0.00600648 0)
(0.181494 -0.0117425 0)
(0.180107 -0.0179237 0)
(0.178792 -0.0246449 0)
(0.177585 -0.0320111 0)
(0.176514 -0.0401363 0)
(0.175598 -0.0491401 0)
(0.174847 -0.0591427 0)
(0.174255 -0.0702569 0)
(0.173794 -0.0825781 0)
(0.173415 -0.0961726 0)
(0.173044 -0.111064 0)
(0.172578 -0.127221 0)
(0.171888 -0.144544 0)
(0.170819 -0.162857 0)
(0.1692 -0.181906 0)
(0.166848 -0.201355 0)
(0.163577 -0.2208 0)
(0.159209 -0.23978 0)
(0.153586 -0.257796 0)
(0.146576 -0.274333 0)
(0.138088 -0.288886 0)
(0.128074 -0.300975 0)
(0.116545 -0.310151 0)
(0.103577 -0.315975 0)
(0.089332 -0.317947 0)
(0.0740837 -0.315361 0)
(0.0582553 -0.307039 0)
(0.0424722 -0.290969 0)
(0.0276082 -0.263883 0)
(0.0147332 -0.220993 0)
(0.00503193 -0.156236 0)
(0.000564535 -0.0632755 0)
(-2.90533e-06 0.00408306 0)
(9.36842e-05 0.012417 0)
(0.000422513 0.020768 0)
(0.00104269 0.0290533 0)
(0.00201013 0.037213 0)
(0.00336292 0.0451979 0)
(0.00512156 0.0529651 0)
(0.00729245 0.0604746 0)
(0.00987066 0.0676885 0)
(0.0128424 0.0745712 0)
(0.0161872 0.0810905 0)
(0.01988 0.0872182 0)
(0.0238927 0.0929316 0)
(0.0281951 0.0982134 0)
(0.0327566 0.103052 0)
(0.0375466 0.107442 0)
(0.0425351 0.111382 0)
(0.0476934 0.114877 0)
(0.052994 0.117934 0)
(0.058411 0.120564 0)
(0.0639202 0.12278 0)
(0.0694989 0.124597 0)
(0.0751259 0.126031 0)
(0.0807814 0.1271 0)
(0.0864469 0.127818 0)
(0.0921049 0.128205 0)
(0.097739 0.128274 0)
(0.103334 0.128043 0)
(0.108874 0.127527 0)
(0.114346 0.12674 0)
(0.119736 0.125695 0)
(0.125031 0.124406 0)
(0.130217 0.122886 0)
(0.135285 0.121147 0)
(0.14022 0.1192 0)
(0.145014 0.117058 0)
(0.149654 0.11473 0)
(0.154131 0.112228 0)
(0.158435 0.109563 0)
(0.162558 0.106744 0)
(0.166492 0.103783 0)
(0.170229 0.10069 0)
(0.173762 0.0974748 0)
(0.177086 0.0941471 0)
(0.180197 0.0907168 0)
(0.183089 0.0871936 0)
(0.18576 0.0835865 0)
(0.188208 0.0799046 0)
(0.190431 0.0761563 0)
(0.192429 0.0723497 0)
(0.194204 0.0684919 0)
(0.195756 0.0645899 0)
(0.197088 0.0606492 0)
(0.198205 0.0566748 0)
(0.19911 0.0526703 0)
(0.19981 0.048638 0)
(0.200312 0.0445783 0)
(0.200623 0.04049 0)
(0.200753 0.0363695 0)
(0.200711 0.0322103 0)
(0.200511 0.0280027 0)
(0.200164 0.0237329 0)
(0.199686 0.0193821 0)
(0.199094 0.0149244 0)
(0.198408 0.0103257 0)
(0.197651 0.00553922 0)
(0.196847 0.000499951 0)
(0.196034 -0.00486913 0)
(0.195261 -0.010641 0)
(0.194561 -0.0168964 0)
(0.19397 -0.023726 0)
(0.193517 -0.0312289 0)
(0.193219 -0.0395112 0)
(0.193087 -0.0486812 0)
(0.193114 -0.058844 0)
(0.193275 -0.0700933 0)
(0.193525 -0.0825021 0)
(0.193792 -0.096111 0)
(0.193978 -0.110917 0)
(0.193957 -0.12686 0)
(0.193577 -0.143816 0)
(0.192666 -0.161591 0)
(0.191035 -0.179915 0)
(0.188489 -0.19845 0)
(0.184838 -0.216796 0)
(0.179903 -0.234508 0)
(0.173528 -0.251114 0)
(0.165594 -0.266134 0)
(0.15602 -0.279106 0)
(0.144777 -0.289603 0)
(0.131891 -0.297237 0)
(0.117457 -0.301644 0)
(0.101649 -0.302421 0)
(0.0847466 -0.29899 0)
(0.0671725 -0.290347 0)
(0.0495473 -0.274706 0)
(0.0327546 -0.249059 0)
(0.0179145 -0.208846 0)
(0.00637348 -0.148085 0)
(0.000802074 -0.060272 0)
(-1.77587e-05 0.004064 0)
(8.99452e-06 0.0122514 0)
(0.000215038 0.0203624 0)
(0.00069461 0.0283349 0)
(0.00151572 0.0361298 0)
(0.0027241 0.0437169 0)
(0.00434601 0.05107 0)
(0.00639189 0.0581627 0)
(0.00885991 0.0649676 0)
(0.0117388 0.0714572 0)
(0.0150101 0.0776051 0)
(0.0186504 0.0833876 0)
(0.0226327 0.0887844 0)
(0.0269276 0.0937799 0)
(0.0315046 0.0983631 0)
(0.0363328 0.102528 0)
(0.0413817 0.106273 0)
(0.0466216 0.109602 0)
(0.0520238 0.11252 0)
(0.057561 0.115036 0)
(0.0632075 0.117164 0)
(0.0689389 0.118915 0)
(0.0747324 0.120305 0)
(0.0805667 0.121348 0)
(0.0864218 0.122061 0)
(0.0922787 0.122459 0)
(0.0981199 0.122557 0)
(0.103929 0.12237 0)
(0.109689 0.121913 0)
(0.115386 0.121199 0)
(0.121005 0.120241 0)
(0.126533 0.119052 0)
(0.131957 0.117645 0)
(0.137264 0.11603 0)
(0.142443 0.114219 0)
(0.147483 0.112223 0)
(0.152372 0.110053 0)
(0.157102 0.107718 0)
(0.161663 0.105228 0)
(0.166046 0.102594 0)
(0.170244 0.0998242 0)
(0.174251 0.0969292 0)
(0.178059 0.0939178 0)
(0.181665 0.0907992 0)
(0.185063 0.0875822 0)
(0.188251 0.0842754 0)
(0.191226 0.0808871 0)
(0.193987 0.0774252 0)
(0.196533 0.0738972 0)
(0.198866 0.07031 0)
(0.200987 0.0666702 0)
(0.202899 0.0629832 0)
(0.204605 0.0592539 0)
(0.20611 0.0554862 0)
(0.207421 0.0516826 0)
(0.208543 0.0478443 0)
(0.209484 0.0439709 0)
(0.210254 0.0400598 0)
(0.210863 0.0361063 0)
(0.211321 0.0321024 0)
(0.211641 0.0280372 0)
(0.211838 0.0238949 0)
(0.211927 0.0196547 0)
(0.211929 0.0152883 0)
(0.211864 0.010758 0)
(0.21176 0.00601211 0)
(0.211648 0.000979204 0)
(0.211579 -0.00442437 0)
(0.211589 -0.010273 0)
(0.211709 -0.0166394 0)
(0.211965 -0.0236067 0)
(0.212375 -0.0312662 0)
(0.212944 -0.0397126 0)
(0.213664 -0.0490402 0)
(0.214509 -0.0593361 0)
(0.215435 -0.0706727 0)
(0.216371 -0.0830983 0)
(0.217221 -0.096627 0)
(0.217863 -0.111228 0)
(0.218148 -0.126816 0)
(0.217904 -0.143246 0)
(0.216944 -0.160305 0)
(0.215067 -0.177717 0)
(0.212074 -0.195144 0)
(0.207775 -0.212197 0)
(0.201996 -0.228453 0)
(0.194597 -0.243471 0)
(0.185472 -0.25681 0)
(0.174563 -0.268056 0)
(0.161863 -0.276836 0)
(0.147424 -0.282824 0)
(0.131364 -0.285729 0)
(0.113874 -0.285238 0)
(0.0952465 -0.280891 0)
(0.0759031 -0.271854 0)
(0.0564575 -0.256568 0)
(0.0377918 -0.23231 0)
(0.0210537 -0.194832 0)
(0.00772156 -0.138386 0)
(0.00105013 -0.056517 0)
(-3.34897e-05 0.00409234 0)
(-7.38009e-05 0.0121854 0)
(2.1118e-05 0.0200831 0)
(0.000379051 0.0277535 0)
(0.00107716 0.0351843 0)
(0.00216636 0.0423685 0)
(0.00367655 0.0492982 0)
(0.0056207 0.0559616 0)
(0.00799912 0.0623426 0)
(0.0108026 0.068422 0)
(0.014015 0.0741797 0)
(0.0176144 0.0795964 0)
(0.0215754 0.0846552 0)
(0.0258699 0.0893421 0)
(0.0304679 0.0936474 0)
(0.0353389 0.0975652 0)
(0.0404521 0.101094 0)
(0.0457773 0.104235 0)
(0.0512848 0.106995 0)
(0.0569464 0.10938 0)
(0.0627349 0.111402 0)
(0.0686248 0.113072 0)
(0.0745919 0.114404 0)
(0.0806133 0.11541 0)
(0.0866677 0.116106 0)
(0.0927349 0.116506 0)
(0.0987962 0.116624 0)
(0.104834 0.116474 0)
(0.110831 0.11607 0)
(0.116771 0.115423 0)
(0.122641 0.114547 0)
(0.128425 0.113454 0)
(0.134111 0.112155 0)
(0.139686 0.110661 0)
(0.145138 0.108982 0)
(0.150456 0.107128 0)
(0.155629 0.10511 0)
(0.160649 0.102937 0)
(0.165507 0.100618 0)
(0.170194 0.0981622 0)
(0.174703 0.0955783 0)
(0.179028 0.0928748 0)
(0.183164 0.0900603 0)
(0.187107 0.0871428 0)
(0.190853 0.0841302 0)
(0.194399 0.0810302 0)
(0.197745 0.0778499 0)
(0.200889 0.0745964 0)
(0.203834 0.0712762 0)
(0.20658 0.067895 0)
(0.20913 0.0644584 0)
(0.211488 0.0609709 0)
(0.213658 0.0574364 0)
(0.215647 0.0538577 0)
(0.217461 0.0502363 0)
(0.219108 0.0465726 0)
(0.220595 0.0428651 0)
(0.221933 0.03911 0)
(0.223132 0.0353015 0)
(0.224205 0.0314303 0)
(0.225163 0.0274836 0)
(0.226023 0.0234441 0)
(0.226803 0.0192882 0)
(0.227522 0.0149847 0)
(0.228206 0.0104913 0)
(0.228885 0.00574984 0)
(0.229601 0.000677598 0)
(0.230423 -0.00481174 0)
(0.231353 -0.0107759 0)
(0.232417 -0.0172799 0)
(0.233628 -0.024399 0)
(0.234983 -0.0322139 0)
(0.236471 -0.0408058 0)
(0.238062 -0.050252 0)
(0.239708 -0.0606195 0)
(0.241337 -0.0719575 0)
(0.242856 -0.0842891 0)
(0.244142 -0.0976018 0)
(0.245051 -0.111839 0)
(0.245414 -0.126894 0)
(0.245043 -0.142602 0)
(0.243739 -0.158741 0)
(0.2413 -0.17503 0)
(0.237528 -0.19114 0)
(0.232241 -0.206699 0)
(0.225283 -0.221311 0)
(0.216532 -0.234571 0)
(0.205908 -0.246083 0)
(0.193382 -0.255484 0)
(0.178979 -0.262454 0)
(0.162781 -0.266731 0)
(0.144935 -0.268091 0)
(0.125657 -0.266307 0)
(0.105254 -0.261028 0)
(0.0841496 -0.251575 0)
(0.0629478 -0.236613 0)
(0.0425188 -0.213725 0)
(0.0240158 -0.17904 0)
(0.00901406 -0.127194 0)
(0.00129659 -0.0520182 0)
(-4.91497e-05 0.00416563 0)
(-0.000145382 0.0122069 0)
(-0.00013421 0.0199073 0)
(0.000139827 0.0272797 0)
(0.000759746 0.0343434 0)
(0.00177684 0.0411183 0)
(0.00322177 0.0476167 0)
(0.00510805 0.0538413 0)
(0.00743707 0.0597868 0)
(0.0102014 0.0654425 0)
(0.0133866 0.0707945 0)
(0.0169734 0.0758282 0)
(0.0209381 0.08053 0)
(0.0252542 0.0848884 0)
(0.029893 0.088895 0)
(0.0348249 0.0925446 0)
(0.0400193 0.0958357 0)
(0.0454459 0.0987696 0)
(0.0510748 0.101351 0)
(0.0568769 0.103587 0)
(0.0628244 0.105485 0)
(0.0688905 0.107058 0)
(0.0750499 0.108316 0)
(0.0812787 0.109273 0)
(0.0875543 0.10994 0)
(0.0938556 0.110331 0)
(0.100163 0.110458 0)
(0.106457 0.110336 0)
(0.112721 0.109975 0)
(0.118938 0.109388 0)
(0.125094 0.108587 0)
(0.131172 0.107582 0)
(0.137161 0.106384 0)
(0.143047 0.105003 0)
(0.148819 0.103449 0)
(0.154465 0.101731 0)
(0.159976 0.0998588 0)
(0.165343 0.0978399 0)
(0.170557 0.0956833 0)
(0.175611 0.0933971 0)
(0.180498 0.0909891 0)
(0.185213 0.0884671 0)
(0.189751 0.0858384 0)
(0.19411 0.0831101 0)
(0.198286 0.0802893 0)
(0.202277 0.0773823 0)
(0.206084 0.0743956 0)
(0.209708 0.0713349 0)
(0.213149 0.0682057 0)
(0.21641 0.0650128 0)
(0.219496 0.0617607 0)
(0.222411 0.0584531 0)
(0.22516 0.0550927 0)
(0.22775 0.0516815 0)
(0.230187 0.0482203 0)
(0.232481 0.0447084 0)
(0.23464 0.0411433 0)
(0.236674 0.0375205 0)
(0.238593 0.0338327 0)
(0.240409 0.0300693 0)
(0.242137 0.0262158 0)
(0.243792 0.0222524 0)
(0.245393 0.0181528 0)
(0.246964 0.0138813 0)
(0.248534 0.00938817 0)
(0.250137 0.00460383 0)
(0.251857 -0.000560901 0)
(0.25369 -0.00617327 0)
(0.255655 -0.0122744 0)
(0.257753 -0.0189209 0)
(0.259974 -0.0261786 0)
(0.262295 -0.0341152 0)
(0.26468 -0.0427964 0)
(0.267075 -0.0522807 0)
(0.269405 -0.0626137 0)
(0.271575 -0.0738211 0)
(0.273464 -0.0859012 0)
(0.274927 -0.0988172 0)
(0.2758 -0.112491 0)
(0.275899 -0.126796 0)
(0.275029 -0.141557 0)
(0.272987 -0.156545 0)
(0.269575 -0.171486 0)
(0.264609 -0.186063 0)
(0.257923 -0.19993 0)
(0.249387 -0.212722 0)
(0.238908 -0.224075 0)
(0.226442 -0.233643 0)
(0.211995 -0.241113 0)
(0.195632 -0.246225 0)
(0.177472 -0.248775 0)
(0.157697 -0.248605 0)
(0.136551 -0.245562 0)
(0.114358 -0.239396 0)
(0.0915471 -0.229569 0)
(0.0687094 -0.214957 0)
(0.0466937 -0.193459 0)
(0.0266375 -0.161634 0)
(0.0101741 -0.114638 0)
(0.0015255 -0.046823 0)
(-6.29134e-05 0.00427597 0)
(-0.000192752 0.0122882 0)
(-0.000215087 0.0197932 0)
(3.97606e-05 0.0268597 0)
(0.000654607 0.0335485 0)
(0.00167634 0.0399071 0)
(0.003132 0.045968 0)
(0.00503329 0.0517476 0)
(0.00738147 0.0572507 0)
(0.0101703 0.0624739 0)
(0.0133876 0.0674092 0)
(0.0170163 0.0720465 0)
(0.0210352 0.0763759 0)
(0.0254199 0.0803886 0)
(0.0301437 0.084078 0)
(0.0351782 0.0874402 0)
(0.0404939 0.090474 0)
(0.0460609 0.0931807 0)
(0.0518494 0.0955645 0)
(0.0578302 0.0976314 0)
(0.063975 0.0993892 0)
(0.0702565 0.100847 0)
(0.0766485 0.102016 0)
(0.0831264 0.102906 0)
(0.0896668 0.10353 0)
(0.0962479 0.103898 0)
(0.102849 0.104023 0)
(0.10945 0.103916 0)
(0.116035 0.103589 0)
(0.122585 0.103051 0)
(0.129085 0.102314 0)
(0.13552 0.101387 0)
(0.141878 0.10028 0)
(0.148145 0.0990027 0)
(0.154309 0.0975633 0)
(0.16036 0.0959705 0)
(0.166289 0.0942322 0)
(0.172087 0.0923562 0)
(0.177746 0.0903499 0)
(0.183259 0.0882206 0)
(0.18862 0.0859753 0)
(0.193825 0.0836204 0)
(0.19887 0.0811625 0)
(0.203752 0.0786076 0)
(0.20847 0.0759617 0)
(0.213023 0.0732301 0)
(0.217411 0.0704181 0)
(0.221637 0.0675306 0)
(0.225701 0.0645719 0)
(0.229608 0.0615459 0)
(0.233363 0.0584561 0)
(0.236969 0.0553052 0)
(0.240435 0.0520953 0)
(0.243765 0.0488276 0)
(0.246967 0.045502 0)
(0.250049 0.0421172 0)
(0.253021 0.03867 0)
(0.25589 0.0351548 0)
(0.258668 0.0315633 0)
(0.261366 0.0278831 0)
(0.263998 0.0240976 0)
(0.266581 0.0201842 0)
(0.269136 0.0161129 0)
(0.27169 0.0118414 0)
(0.274277 0.00730731 0)
(0.276945 0.00242494 0)
(0.279803 -0.0028792 0)
(0.282752 -0.00862452 0)
(0.28581 -0.0148499 0)
(0.288952 -0.0216055 0)
(0.292144 -0.0289458 0)
(0.295339 -0.0369239 0)
(0.298477 -0.0455885 0)
(0.301476 -0.0549785 0)
(0.304238 -0.0651184 0)
(0.30664 -0.0760114 0)
(0.30854 -0.0876335 0)
(0.309778 -0.0999273 0)
(0.310174 -0.112797 0)
(0.309537 -0.126105 0)
(0.307673 -0.139669 0)
(0.304387 -0.153264 0)
(0.299495 -0.166626 0)
(0.292834 -0.179461 0)
(0.284269 -0.191451 0)
(0.273703 -0.202272 0)
(0.261085 -0.211604 0)
(0.246412 -0.219153 0)
(0.229736 -0.224661 0)
(0.211165 -0.227923 0)
(0.190863 -0.228792 0)
(0.16905 -0.227172 0)
(0.146002 -0.222976 0)
(0.122062 -0.216041 0)
(0.0976633 -0.205952 0)
(0.0733823 -0.191784 0)
(0.0500377 -0.171746 0)
(0.0287309 -0.142866 0)
(0.0111116 -0.100929 0)
(0.00171729 -0.0410266 0)
(-7.17927e-05 0.00440696 0)
(-0.000196983 0.0123808 0)
(-0.000173179 0.0196685 0)
(0.000162841 0.0264096 0)
(0.000883842 0.0327078 0)
(0.00202565 0.0386416 0)
(0.00360751 0.0442608 0)
(0.00563673 0.0495933 0)
(0.00811322 0.0546515 0)
(0.0110314 0.0594383 0)
(0.0143811 0.0639506 0)
(0.0181475 0.0681827 0)
(0.0223124 0.0721284 0)
(0.0268539 0.0757818 0)
(0.0317475 0.0791385 0)
(0.0369666 0.0821963 0)
(0.0424833 0.0849547 0)
(0.0482687 0.0874158 0)
(0.0542938 0.0895831 0)
(0.0605297 0.0914624 0)
(0.0669482 0.0930606 0)
(0.0735217 0.094386 0)
(0.0802241 0.0954476 0)
(0.0870302 0.0962553 0)
(0.0939162 0.0968192 0)
(0.10086 0.0971494 0)
(0.10784 0.0972565 0)
(0.114837 0.0971505 0)
(0.121832 0.0968413 0)
(0.128809 0.0963386 0)
(0.135751 0.0956516 0)
(0.142644 0.0947893 0)
(0.149475 0.0937601 0)
(0.15623 0.0925722 0)
(0.162899 0.0912333 0)
(0.169472 0.0897508 0)
(0.175938 0.0881319 0)
(0.18229 0.0863832 0)
(0.188521 0.0845112 0)
(0.194624 0.0825221 0)
(0.200594 0.0804218 0)
(0.206427 0.0782159 0)
(0.212121 0.0759098 0)
(0.217672 0.0735086 0)
(0.22308 0.071017 0)
(0.228344 0.0684395 0)
(0.233466 0.0657803 0)
(0.238448 0.0630433 0)
(0.243292 0.0602318 0)
(0.248002 0.0573489 0)
(0.252583 0.0543972 0)
(0.257039 0.0513787 0)
(0.261377 0.0482949 0)
(0.265602 0.0451462 0)
(0.269721 0.0419323 0)
(0.273741 0.0386511 0)
(0.27767 0.0352989 0)
(0.281515 0.0318697 0)
(0.285286 0.0283532 0)
(0.288993 0.0247351 0)
(0.292652 0.0209961 0)
(0.29628 0.0171094 0)
(0.299904 0.0130394 0)
(0.303553 0.00873098 0)
(0.307276 0.0041025 0)
(0.311184 -0.000924658 0)
(0.315176 -0.00635585 0)
(0.319218 -0.0121949 0)
(0.323285 -0.018481 0)
(0.327328 -0.025258 0)
(0.331288 -0.0325679 0)
(0.335093 -0.0404486 0)
(0.338658 -0.0489316 0)
(0.341878 -0.0580371 0)
(0.34463 -0.0677696 0)
(0.346773 -0.0781128 0)
(0.348151 -0.0890244 0)
(0.34859 -0.100432 0)
(0.34791 -0.112228 0)
(0.345922 -0.12427 0)
(0.342441 -0.136377 0)
(0.337293 -0.148336 0)
(0.33032 -0.159902 0)
(0.321392 -0.170807 0)
(0.310414 -0.18077 0)
(0.297334 -0.189512 0)
(0.282149 -0.196761 0)
(0.264908 -0.202276 0)
(0.245714 -0.205855 0)
(0.224727 -0.207348 0)
(0.202156 -0.206661 0)
(0.178261 -0.20375 0)
(0.153351 -0.198588 0)
(0.127788 -0.191079 0)
(0.102007 -0.18092 0)
(0.0765654 -0.167361 0)
(0.0522444 -0.148912 0)
(0.0300913 -0.123086 0)
(0.0117279 -0.0863738 0)
(0.00184982 -0.0347793 0)
(-7.15121e-05 0.00453024 0)
(-0.000132688 0.0124087 0)
(5.58712e-05 0.0194272 0)
(0.000617516 0.0258023 0)
(0.00160231 0.0316865 0)
(0.00302925 0.0371842 0)
(0.00490483 0.0423584 0)
(0.00722966 0.047244 0)
(0.010001 0.0518585 0)
(0.0132133 0.0562088 0)
(0.0168576 0.060296 0)
(0.0209215 0.0641182 0)
(0.025389 0.0676726 0)
(0.0302409 0.0709566 0)
(0.035455 0.0739683 0)
(0.0410068 0.0767073 0)
(0.0468702 0.0791747 0)
(0.0530178 0.081373 0)
(0.0594216 0.0833062 0)
(0.0660537 0.0849796 0)
(0.0728863 0.0863997 0)
(0.0798925 0.0875737 0)
(0.0870461 0.0885098 0)
(0.0943221 0.0892164 0)
(0.101697 0.0897023 0)
(0.109147 0.0899766 0)
(0.116653 0.0900481 0)
(0.124194 0.0899256 0)
(0.131752 0.0896177 0)
(0.13931 0.0891329 0)
(0.146851 0.088479 0)
(0.154362 0.0876638 0)
(0.161828 0.0866947 0)
(0.169238 0.0855786 0)
(0.176581 0.0843222 0)
(0.183846 0.0829318 0)
(0.191024 0.0814135 0)
(0.198108 0.0797729 0)
(0.20509 0.0780155 0)
(0.211965 0.0761464 0)
(0.218728 0.0741706 0)
(0.225375 0.0720925 0)
(0.231902 0.0699166 0)
(0.238309 0.0676469 0)
(0.244594 0.0652873 0)
(0.250757 0.0628412 0)
(0.256798 0.0603118 0)
(0.26272 0.0577022 0)
(0.268524 0.0550149 0)
(0.274214 0.0522523 0)
(0.279793 0.0494162 0)
(0.285266 0.0465082 0)
(0.290637 0.0435294 0)
(0.29591 0.04048 0)
(0.30109 0.037359 0)
(0.306182 0.0341643 0)
(0.311192 0.0308918 0)
(0.316124 0.0275346 0)
(0.320987 0.0240807 0)
(0.32579 0.0205127 0)
(0.33055 0.0168072 0)
(0.33529 0.0129294 0)
(0.34004 0.00882938 0)
(0.344846 0.00443479 0)
(0.349815 -0.000331034 0)
(0.354842 -0.00545825 0)
(0.359819 -0.0109228 0)
(0.364722 -0.0167454 0)
(0.369493 -0.0229622 0)
(0.374061 -0.0296066 0)
(0.378346 -0.0367074 0)
(0.382255 -0.0442879 0)
(0.38568 -0.0523634 0)
(0.388499 -0.0609372 0)
(0.390574 -0.0699972 0)
(0.391751 -0.0795119 0)
(0.391869 -0.0894261 0)
(0.390754 -0.0996579 0)
(0.388234 -0.110097 0)
(0.384135 -0.120602 0)
(0.378296 -0.131004 0)
(0.370573 -0.141105 0)
(0.360846 -0.150688 0)
(0.349032 -0.15952 0)
(0.335084 -0.167362 0)
(0.319006 -0.17398 0)
(0.300851 -0.179157 0)
(0.280726 -0.182704 0)
(0.258791 -0.184472 0)
(0.235257 -0.184364 0)
(0.210383 -0.182333 0)
(0.184467 -0.178381 0)
(0.157846 -0.172524 0)
(0.130896 -0.164725 0)
(0.104048 -0.154767 0)
(0.0778386 -0.142056 0)
(0.0530006 -0.125386 0)
(0.0305124 -0.102748 0)
(0.0119235 -0.0713755 0)
(0.00190017 -0.0282898 0)
(-5.60079e-05 0.00460056 0)
(3.44207e-05 0.012263 0)
(0.000551719 0.0189153 0)
(0.00153421 0.0248614 0)
(0.00299703 0.0302961 0)
(0.00493539 0.0353403 0)
(0.00733974 0.0400627 0)
(0.0102021 0.0445002 0)
(0.0135157 0.0486715 0)
(0.0172736 0.0525857 0)
(0.0214668 0.0562467 0)
(0.0260841 0.0596559 0)
(0.0311107 0.0628137 0)
(0.0365291 0.0657205 0)
(0.0423188 0.0683774 0)
(0.048457 0.0707859 0)
(0.054919 0.0729486 0)
(0.061679 0.0748692 0)
(0.0687102 0.076552 0)
(0.0759856 0.0780024 0)
(0.0834784 0.0792264 0)
(0.0911623 0.0802307 0)
(0.0990117 0.0810224 0)
(0.107002 0.0816089 0)
(0.115109 0.0819978 0)
(0.123312 0.0821966 0)
(0.131589 0.0822132 0)
(0.13992 0.0820548 0)
(0.148286 0.0817288 0)
(0.156672 0.0812423 0)
(0.165061 0.0806019 0)
(0.173438 0.0798142 0)
(0.181789 0.0788853 0)
(0.190104 0.077821 0)
(0.19837 0.0766269 0)
(0.206577 0.0753083 0)
(0.214716 0.0738701 0)
(0.22278 0.0723169 0)
(0.230761 0.0706533 0)
(0.238652 0.0688833 0)
(0.246449 0.0670109 0)
(0.254147 0.0650397 0)
(0.261743 0.0629732 0)
(0.269234 0.0608145 0)
(0.276618 0.0585666 0)
(0.283894 0.0562322 0)
(0.291062 0.0538137 0)
(0.298121 0.0513134 0)
(0.305072 0.0487332 0)
(0.311917 0.0460749 0)
(0.318657 0.04334 0)
(0.325293 0.04053 0)
(0.331828 0.0376457 0)
(0.338261 0.0346877 0)
(0.344596 0.0316547 0)
(0.350833 0.0285442 0)
(0.356975 0.0253523 0)
(0.363024 0.0220711 0)
(0.368985 0.0186845 0)
(0.374873 0.0151696 0)
(0.380705 0.0114944 0)
(0.386515 0.00760947 0)
(0.392333 0.00344194 0)
(0.398309 -0.00106379 0)
(0.404199 -0.00586253 0)
(0.409905 -0.0109208 0)
(0.415391 -0.0162467 0)
(0.420594 -0.0218686 0)
(0.425436 -0.0278132 0)
(0.429831 -0.0341015 0)
(0.433684 -0.0407497 0)
(0.436884 -0.0477675 0)
(0.439312 -0.0551564 0)
(0.440834 -0.0629065 0)
(0.441306 -0.0709934 0)
(0.440577 -0.0793756 0)
(0.43849 -0.0879916 0)
(0.434886 -0.0967577 0)
(0.429611 -0.105567 0)
(0.422522 -0.114289 0)
(0.413493 -0.122772 0)
(0.402425 -0.130844 0)
(0.389247 -0.138321 0)
(0.373931 -0.145008 0)
(0.35649 -0.150714 0)
(0.336991 -0.155254 0)
(0.315548 -0.158464 0)
(0.292331 -0.160207 0)
(0.267556 -0.160386 0)
(0.241487 -0.158947 0)
(0.214426 -0.155885 0)
(0.186703 -0.151234 0)
(0.158675 -0.145044 0)
(0.130722 -0.137318 0)
(0.103263 -0.127907 0)
(0.0768032 -0.116353 0)
(0.0520198 -0.101706 0)
(0.0298104 -0.0824125 0)
(0.0116098 -0.0564337 0)
(0.00184714 -0.0218226 0)
(-1.50334e-05 0.00455102 0)
(0.000346153 0.0117894 0)
(0.00140407 0.0179282 0)
(0.00305864 0.023353 0)
(0.00527734 0.0282827 0)
(0.00802821 0.032841 0)
(0.011284 0.0370922 0)
(0.0150266 0.0410691 0)
(0.0192434 0.0447885 0)
(0.0239234 0.0482595 0)
(0.0290551 0.0514875 0)
(0.0346255 0.0544766 0)
(0.0406186 0.05723 0)
(0.0470164 0.0597511 0)
(0.053798 0.0620432 0)
(0.0609409 0.0641101 0)
(0.0684206 0.0659559 0)
(0.0762118 0.0675852 0)
(0.0842882 0.0690031 0)
(0.0926234 0.070215 0)
(0.101191 0.0712267 0)
(0.109965 0.0720443 0)
(0.118921 0.0726741 0)
(0.128033 0.0731225 0)
(0.137278 0.073396 0)
(0.146635 0.0735011 0)
(0.156082 0.0734442 0)
(0.165599 0.0732313 0)
(0.175167 0.0728686 0)
(0.18477 0.0723618 0)
(0.19439 0.0717164 0)
(0.204012 0.0709378 0)
(0.213624 0.0700308 0)
(0.223211 0.0690004 0)
(0.232761 0.067851 0)
(0.242265 0.0665867 0)
(0.251711 0.0652117 0)
(0.26109 0.0637296 0)
(0.270395 0.0621439 0)
(0.279617 0.060458 0)
(0.288749 0.0586749 0)
(0.297787 0.0567974 0)
(0.306723 0.0548283 0)
(0.315554 0.0527699 0)
(0.324275 0.0506247 0)
(0.332882 0.0483945 0)
(0.341372 0.0460815 0)
(0.349742 0.0436872 0)
(0.357989 0.0412134 0)
(0.36611 0.0386614 0)
(0.374103 0.0360327 0)
(0.381965 0.0333286 0)
(0.389694 0.0305504 0)
(0.397284 0.0276989 0)
(0.404733 0.0247725 0)
(0.412039 0.0217689 0)
(0.4192 0.0186862 0)
(0.426218 0.0155161 0)
(0.433096 0.0122263 0)
(0.439859 0.00878113 0)
(0.44653 0.00512709 0)
(0.453204 0.00121431 0)
(0.459845 -0.00296023 0)
(0.466154 -0.00734703 0)
(0.472115 -0.0119115 0)
(0.477665 -0.0166578 0)
(0.482736 -0.0216063 0)
(0.48725 -0.0267762 0)
(0.491121 -0.0321818 0)
(0.494254 -0.0378329 0)
(0.496544 -0.0437347 0)
(0.497875 -0.0498863 0)
(0.498125 -0.0562789 0)
(0.497163 -0.0628935 0)
(0.494854 -0.0696992 0)
(0.491058 -0.0766507 0)
(0.485639 -0.083687 0)
(0.478466 -0.0907299 0)
(0.469421 -0.097684 0)
(0.458402 -0.104437 0)
(0.445332 -0.110861 0)
(0.430165 -0.116817 0)
(0.412895 -0.122158 0)
(0.393553 -0.126734 0)
(0.372223 -0.130401 0)
(0.349033 -0.133025 0)
(0.324164 -0.134493 0)
(0.297845 -0.134717 0)
(0.270347 -0.133643 0)
(0.241975 -0.131255 0)
(0.213065 -0.127577 0)
(0.183967 -0.122665 0)
(0.155041 -0.116584 0)
(0.126656 -0.109361 0)
(0.0992043 -0.100901 0)
(0.0731457 -0.0908584 0)
(0.0490951 -0.0785141 0)
(0.0278607 -0.0627302 0)
(0.0107264 -0.0421238 0)
(0.00167456 -0.015688 0)
(6.35122e-05 0.00428824 0)
(0.000846246 0.0107924 0)
(0.0026985 0.0162131 0)
(0.00532877 0.0209859 0)
(0.00865083 0.025324 0)
(0.012607 0.0293339 0)
(0.0171525 0.0330655 0)
(0.0222572 0.0365422 0)
(0.027899 0.0397762 0)
(0.0340585 0.0427754 0)
(0.0407165 0.0455459 0)
(0.047853 0.0480936 0)
(0.0554462 0.0504238 0)
(0.063473 0.052542 0)
(0.0719087 0.0544536 0)
(0.0807272 0.0561639 0)
(0.0899016 0.0576782 0)
(0.0994043 0.059002 0)
(0.109207 0.0601406 0)
(0.119283 0.0610997 0)
(0.129604 0.0618846 0)
(0.140143 0.0625011 0)
(0.150874 0.0629546 0)
(0.16177 0.0632507 0)
(0.172808 0.063395 0)
(0.183965 0.0633926 0)
(0.195217 0.063249 0)
(0.206544 0.062969 0)
(0.217925 0.0625575 0)
(0.229341 0.0620192 0)
(0.240774 0.0613586 0)
(0.252208 0.0605797 0)
(0.263625 0.0596867 0)
(0.275012 0.0586832 0)
(0.286354 0.0575729 0)
(0.297637 0.0563591 0)
(0.308848 0.0550449 0)
(0.319976 0.0536334 0)
(0.33101 0.0521275 0)
(0.341937 0.0505297 0)
(0.352749 0.0488426 0)
(0.363434 0.0470683 0)
(0.373984 0.0452091 0)
(0.38439 0.0432669 0)
(0.394642 0.0412437 0)
(0.404733 0.0391412 0)
(0.414652 0.036961 0)
(0.424393 0.0347049 0)
(0.433946 0.0323744 0)
(0.443303 0.029971 0)
(0.452454 0.0274964 0)
(0.461391 0.0249524 0)
(0.470104 0.0223411 0)
(0.478581 0.0196631 0)
(0.486816 0.0169102 0)
(0.494804 0.0140758 0)
(0.502546 0.0111608 0)
(0.510043 0.00816146 0)
(0.517287 0.00500766 0)
(0.524376 0.00165859 0)
(0.531287 -0.00188427 0)
(0.537773 -0.00558711 0)
(0.543711 -0.00940791 0)
(0.54906 -0.0133273 0)
(0.553765 -0.0173564 0)
(0.557757 -0.0215065 0)
(0.560963 -0.025787 0)
(0.563305 -0.0302053 0)
(0.564696 -0.0347656 0)
(0.565043 -0.0394693 0)
(0.564244 -0.0443134 0)
(0.562193 -0.04929 0)
(0.558778 -0.0543842 0)
(0.553886 -0.0595734 0)
(0.547403 -0.064826 0)
(0.539222 -0.0700993 0)
(0.529239 -0.0753398 0)
(0.517367 -0.0804818 0)
(0.503536 -0.085448 0)
(0.487699 -0.0901507 0)
(0.469839 -0.0944932 0)
(0.449976 -0.0983724 0)
(0.428167 -0.101683 0)
(0.404514 -0.10432 0)
(0.379165 -0.106188 0)
(0.352315 -0.107201 0)
(0.324201 -0.107292 0)
(0.295101 -0.106415 0)
(0.265326 -0.10455 0)
(0.235211 -0.101706 0)
(0.205101 -0.0979222 0)
(0.175347 -0.0932595 0)
(0.146288 -0.0877854 0)
(0.118261 -0.0815359 0)
(0.0916081 -0.0744518 0)
(0.0667323 -0.0662879 0)
(0.0441748 -0.0565304 0)
(0.0246497 -0.0444007 0)
(0.0092648 -0.0290562 0)
(0.00137552 -0.0102208 0)
(0.000191379 0.00369411 0)
(0.00156562 0.00904874 0)
(0.00448317 0.0134871 0)
(0.00843169 0.0174291 0)
(0.0132789 0.0210393 0)
(0.0189488 0.024386 0)
(0.0253802 0.027497 0)
(0.0325262 0.0303839 0)
(0.0403479 0.0330539 0)
(0.0488089 0.0355132 0)
(0.0578737 0.0377679 0)
(0.0675069 0.0398246 0)
(0.0776729 0.0416898 0)
(0.0883362 0.0433699 0)
(0.099461 0.0448711 0)
(0.111012 0.0461993 0)
(0.122953 0.0473604 0)
(0.13525 0.0483599 0)
(0.147868 0.0492031 0)
(0.160773 0.0498953 0)
(0.173933 0.0504415 0)
(0.187314 0.0508467 0)
(0.200887 0.0511155 0)
(0.214619 0.0512528 0)
(0.228484 0.0512629 0)
(0.242451 0.0511502 0)
(0.256496 0.0509189 0)
(0.27059 0.050573 0)
(0.284711 0.0501164 0)
(0.298833 0.0495527 0)
(0.312935 0.0488854 0)
(0.326994 0.0481178 0)
(0.340989 0.0472531 0)
(0.354899 0.0462943 0)
(0.368706 0.0452441 0)
(0.382389 0.0441053 0)
(0.395932 0.0428805 0)
(0.409315 0.0415721 0)
(0.422521 0.0401827 0)
(0.435534 0.0387146 0)
(0.448336 0.0371699 0)
(0.46091 0.0355507 0)
(0.473241 0.0338591 0)
(0.485312 0.0320971 0)
(0.497107 0.0302666 0)
(0.508609 0.0283694 0)
(0.519802 0.0264075 0)
(0.530671 0.0243829 0)
(0.541197 0.0222978 0)
(0.551365 0.0201548 0)
(0.561157 0.0179572 0)
(0.570555 0.0157096 0)
(0.57954 0.0134193 0)
(0.58809 0.0110913 0)
(0.596198 0.00869708 0)
(0.603871 0.00620468 0)
(0.61112 0.0035876 0)
(0.618026 0.000804487 0)
(0.624437 -0.00208807 0)
(0.630173 -0.0050582 0)
(0.635126 -0.00808007 0)
(0.639276 -0.0111376 0)
(0.642569 -0.0142327 0)
(0.644954 -0.0173712 0)
(0.646376 -0.020561 0)
(0.646774 -0.0238053 0)
(0.646085 -0.0271052 0)
(0.644239 -0.0304606 0)
(0.641164 -0.03387 0)
(0.63678 -0.0373293 0)
(0.631008 -0.0408313 0)
(0.623765 -0.0443653 0)
(0.614969 -0.047916 0)
(0.604542 -0.0514624 0)
(0.592409 -0.054978 0)
(0.578507 -0.0584292 0)
(0.562787 -0.0617759 0)
(0.545214 -0.0649709 0)
(0.52578 -0.0679609 0)
(0.504502 -0.0706874 0)
(0.48143 -0.0730884 0)
(0.45665 -0.0750993 0)
(0.430286 -0.0766565 0)
(0.402502 -0.0776999 0)
(0.373503 -0.0781765 0)
(0.343533 -0.0780428 0)
(0.312869 -0.0772687 0)
(0.281814 -0.0758387 0)
(0.250694 -0.0737549 0)
(0.219839 -0.0710369 0)
(0.189581 -0.0677221 0)
(0.160234 -0.0638607 0)
(0.132095 -0.0595057 0)
(0.105439 -0.0546884 0)
(0.0805421 -0.0493762 0)
(0.0577296 -0.0434144 0)
(0.0374578 -0.0364768 0)
(0.0203413 -0.028087 0)
(0.0072998 -0.0177949 0)
(0.00095806 -0.00574254 0)
(0.000368663 0.00263232 0)
(0.00248612 0.00631233 0)
(0.00669907 0.00940979 0)
(0.0123206 0.0122321 0)
(0.0191993 0.0148559 0)
(0.0272505 0.0173008 0)
(0.0363921 0.019572 0)
(0.0465497 0.0216719 0)
(0.0576535 0.0236038 0)
(0.0696358 0.025372 0)
(0.0824308 0.0269818 0)
(0.0959742 0.0284388 0)
(0.110204 0.0297485 0)
(0.12506 0.0309165 0)
(0.140484 0.0319481 0)
(0.156419 0.0328481 0)
(0.172812 0.0336215 0)
(0.189608 0.0342727 0)
(0.206758 0.0348058 0)
(0.224212 0.0352251 0)
(0.241922 0.0355344 0)
(0.259841 0.0357374 0)
(0.277926 0.0358378 0)
(0.296133 0.0358389 0)
(0.314421 0.0357441 0)
(0.332749 0.0355566 0)
(0.351078 0.0352795 0)
(0.369371 0.0349157 0)
(0.387591 0.0344681 0)
(0.405704 0.0339394 0)
(0.423674 0.0333323 0)
(0.44147 0.0326493 0)
(0.459058 0.031893 0)
(0.476408 0.0310657 0)
(0.493488 0.0301699 0)
(0.51027 0.0292076 0)
(0.526723 0.028181 0)
(0.54282 0.0270915 0)
(0.558532 0.0259406 0)
(0.573832 0.02473 0)
(0.588693 0.0234615 0)
(0.603087 0.0221371 0)
(0.616988 0.0207587 0)
(0.63037 0.0193279 0)
(0.643206 0.0178467 0)
(0.655472 0.0163167 0)
(0.667141 0.0147395 0)
(0.678188 0.0131168 0)
(0.688587 0.0114497 0)
(0.698316 0.00973913 0)
(0.707348 0.0079851 0)
(0.715665 0.00618597 0)
(0.723241 0.00433768 0)
(0.730028 0.00244166 0)
(0.736059 0.000538216 0)
(0.741335 -0.00136202 0)
(0.745752 -0.00330263 0)
(0.749116 -0.00530979 0)
(0.751469 -0.00733511 0)
(0.752756 -0.00935352 0)
(0.752929 -0.0113681 0)
(0.751959 -0.0133836 0)
(0.749817 -0.0154012 0)
(0.74647 -0.0174207 0)
(0.741884 -0.0194409 0)
(0.736022 -0.0214599 0)
(0.728844 -0.0234751 0)
(0.72031 -0.0254836 0)
(0.710379 -0.0274815 0)
(0.699009 -0.0294636 0)
(0.68616 -0.031423 0)
(0.671794 -0.0333513 0)
(0.655879 -0.0352376 0)
(0.638388 -0.0370687 0)
(0.619308 -0.0388285 0)
(0.598635 -0.0404981 0)
(0.576382 -0.0420558 0)
(0.552583 -0.0434771 0)
(0.527293 -0.0447348 0)
(0.500595 -0.0457992 0)
(0.4726 -0.0466393 0)
(0.44345 -0.047226 0)
(0.41332 -0.0475325 0)
(0.382413 -0.0475359 0)
(0.350962 -0.0472175 0)
(0.319224 -0.0465647 0)
(0.287475 -0.0455711 0)
(0.256005 -0.0442376 0)
(0.225106 -0.0425721 0)
(0.195067 -0.0405897 0)
(0.166162 -0.0383119 0)
(0.138645 -0.0357654 0)
(0.112741 -0.032977 0)
(0.0886508 -0.0299637 0)
(0.0665702 -0.026713 0)
(0.0467376 -0.0231528 0)
(0.0295055 -0.0191271 0)
(0.01537 -0.0144084 0)
(0.00505337 -0.00879795 0)
(0.000463626 -0.0025091 0)
(0.000516918 0.000985385 0)
(0.00339595 0.00234042 0)
(0.00895827 0.00351095 0)
(0.0165793 0.00460863 0)
(0.0261189 0.00564564 0)
(0.037469 0.00661863 0)
(0.0505055 0.00752467 0)
(0.0651029 0.00836274 0)
(0.0811376 0.00913325 0)
(0.0984891 0.00983754 0)
(0.11704 0.0104775 0)
(0.136677 0.0110551 0)
(0.157292 0.0115725 0)
(0.178778 0.0120318 0)
(0.201035 0.0124349 0)
(0.223966 0.0127837 0)
(0.247476 0.01308 0)
(0.271474 0.0133256 0)
(0.295874 0.0135221 0)
(0.320591 0.0136711 0)
(0.345543 0.013774 0)
(0.370652 0.0138325 0)
(0.395841 0.0138479 0)
(0.421037 0.0138216 0)
(0.44617 0.013755 0)
(0.471169 0.0136493 0)
(0.49597 0.013506 0)
(0.520508 0.0133261 0)
(0.54472 0.0131111 0)
(0.568548 0.012862 0)
(0.591933 0.0125802 0)
(0.614819 0.0122667 0)
(0.637153 0.0119228 0)
(0.658881 0.0115497 0)
(0.679955 0.0111485 0)
(0.700324 0.0107205 0)
(0.719942 0.0102665 0)
(0.738763 0.00978706 0)
(0.756744 0.00928259 0)
(0.773843 0.00875378 0)
(0.79002 0.00820149 0)
(0.805236 0.00762663 0)
(0.819454 0.00703011 0)
(0.832638 0.00641284 0)
(0.844755 0.0057757 0)
(0.855772 0.00511948 0)
(0.865658 0.00444486 0)
(0.874385 0.00375232 0)
(0.881925 0.00304198 0)
(0.888251 0.00231325 0)
(0.89334 0.00156422 0)
(0.897166 0.000790267 0)
(0.899711 -1.78121e-05 0)
(0.900976 -0.000864119 0)
(0.900891 -0.0016924 0)
(0.899375 -0.00246893 0)
(0.896435 -0.00321115 0)
(0.892095 -0.00391878 0)
(0.886374 -0.00462381 0)
(0.879268 -0.00533373 0)
(0.870775 -0.00604658 0)
(0.860897 -0.00675965 0)
(0.849641 -0.00746972 0)
(0.837012 -0.00817378 0)
(0.823018 -0.00886938 0)
(0.807668 -0.00955435 0)
(0.790972 -0.0102266 0)
(0.772947 -0.0108839 0)
(0.753607 -0.0115239 0)
(0.732976 -0.012144 0)
(0.711078 -0.0127409 0)
(0.687944 -0.0133113 0)
(0.663613 -0.0138513 0)
(0.638131 -0.0143562 0)
(0.611554 -0.0148212 0)
(0.583951 -0.0152408 0)
(0.5554 -0.0156089 0)
(0.525998 -0.0159192 0)
(0.495853 -0.0161645 0)
(0.465094 -0.0163362 0)
(0.433861 -0.0164256 0)
(0.402311 -0.0164259 0)
(0.370617 -0.0163325 0)
(0.338966 -0.016142 0)
(0.307555 -0.0158529 0)
(0.276589 -0.0154652 0)
(0.246276 -0.0149805 0)
(0.216827 -0.0144016 0)
(0.188448 -0.0137323 0)
(0.161337 -0.0129777 0)
(0.135683 -0.0121432 0)
(0.111662 -0.0112353 0)
(0.089431 -0.0102604 0)
(0.0691362 -0.0092229 0)
(0.0509173 -0.00812119 0)
(0.0349368 -0.00693936 0)
(0.0214238 -0.00563972 0)
(0.0106965 -0.00416479 0)
(0.00319696 -0.00246247 0)
(9.88975e-05 -0.000615678 0)
)
;

boundaryField
{
    movingWall
    {
        type            codedFixedValue;
        value           nonuniform List<vector> 
100
(
(0.00039601 0 0)
(0.00349281 0 0)
(0.00950625 0 0)
(0.018252 0 0)
(0.0295496 0 0)
(0.0432224 0 0)
(0.0590976 0 0)
(0.0770063 0 0)
(0.0967832 0 0)
(0.118267 0 0)
(0.141301 0 0)
(0.16573 0 0)
(0.191406 0 0)
(0.218182 0 0)
(0.245917 0 0)
(0.274471 0 0)
(0.303711 0 0)
(0.333506 0 0)
(0.36373 0 0)
(0.394258 0 0)
(0.424974 0 0)
(0.45576 0 0)
(0.486506 0 0)
(0.517105 0 0)
(0.547452 0 0)
(0.577448 0 0)
(0.606997 0 0)
(0.636006 0 0)
(0.664388 0 0)
(0.692058 0 0)
(0.718934 0 0)
(0.744942 0 0)
(0.770006 0 0)
(0.794059 0 0)
(0.817035 0 0)
(0.838873 0 0)
(0.859514 0 0)
(0.878906 0 0)
(0.896998 0 0)
(0.913745 0 0)
(0.929103 0 0)
(0.943035 0 0)
(0.955506 0 0)
(0.966486 0 0)
(0.975946 0 0)
(0.983866 0 0)
(0.990224 0 0)
(0.995006 0 0)
(0.998201 0 0)
(0.9998 0 0)
(0.9998 0 0)
(0.998201 0 0)
(0.995006 0 0)
(0.990224 0 0)
(0.983866 0 0)
(0.975946 0 0)
(0.966486 0 0)
(0.955506 0 0)
(0.943035 0 0)
(0.929103 0 0)
(0.913745 0 0)
(0.896998 0 0)
(0.878906 0 0)
(0.859514 0 0)
(0.838873 0 0)
(0.817035 0 0)
(0.794059 0 0)
(0.770006 0 0)
(0.744942 0 0)
(0.718934 0 0)
(0.692058 0 0)
(0.664388 0 0)
(0.636006 0 0)
(0.606997 0 0)
(0.577448 0 0)
(0.547452 0 0)
(0.517105 0 0)
(0.486506 0 0)
(0.45576 0 0)
(0.424974 0 0)
(0.394258 0 0)
(0.36373 0 0)
(0.333506 0 0)
(0.303711 0 0)
(0.274471 0 0)
(0.245917 0 0)
(0.218182 0 0)
(0.191406 0 0)
(0.16573 0 0)
(0.141301 0 0)
(0.118267 0 0)
(0.0967832 0 0)
(0.0770063 0 0)
(0.0590976 0 0)
(0.0432224 0 0)
(0.0295496 0 0)
(0.018252 0 0)
(0.00950625 0 0)
(0.00349281 0 0)
(0.00039601 0 0)
)
;
        name            regularized;
        code            #{
		const vectorField& Cf = patch().Cf();
		vectorField& field = *this;
		forAll(Cf, faceI)
		{
			const scalar x = Cf[faceI][0];
			field[faceI] = vector((1-x)*(1-x)*(1+x)*(1+x),0,0);
		}
	#};
    }
    fixedWalls
    {
        type            noSlip;
    }
    frontAndBack
    {
        type            empty;
    }
}


// ************************************************************************* //
