/*--------------------------------*- C++ -*----------------------------------*\
  =========                 |
  \\      /  F ield         | OpenFOAM: The Open Source CFD Toolbox
   \\    /   O peration     | Website:  https://openfoam.org
    \\  /    A nd           | Version:  11
     \\/     M anipulation  |
\*---------------------------------------------------------------------------*/
FoamFile
{
    format      ascii;
    class       surfaceScalarField;
    location    "53";
    object      phi;
}
// * * * * * * * * * * * * * * * * * * * * * * * * * * * * * * * * * * * * * //

dimensions      [0 3 -1 0 0 0 0];

internalField   nonuniform List<scalar> 
19800
(
1.86521e-08
-1.86702e-08
9.66315e-08
-7.79794e-08
2.0993e-07
-1.13299e-07
3.34124e-07
-1.24194e-07
4.51825e-07
-1.17701e-07
5.51882e-07
-1.00057e-07
6.27721e-07
-7.58383e-08
6.75853e-07
-4.81319e-08
6.94754e-07
-1.89017e-08
6.84123e-07
1.06312e-08
6.4429e-07
3.98328e-08
5.75926e-07
6.83642e-08
4.79768e-07
9.61586e-08
3.56488e-07
1.23279e-07
2.06534e-07
1.49954e-07
3.02286e-08
1.76305e-07
-1.72372e-07
2.026e-07
-4.01431e-07
2.2906e-07
-6.573e-07
2.55869e-07
-9.4047e-07
2.8317e-07
-1.25153e-06
3.11055e-07
-1.59109e-06
3.39563e-07
-1.95977e-06
3.68684e-07
-2.35813e-06
3.98357e-07
-2.7866e-06
4.28474e-07
-3.24548e-06
4.5888e-07
-3.73487e-06
4.89381e-07
-4.25461e-06
5.19742e-07
-4.8043e-06
5.49693e-07
-5.38323e-06
5.78932e-07
-5.99036e-06
6.07124e-07
-6.62427e-06
6.3391e-07
-7.28317e-06
6.58904e-07
-7.96487e-06
6.81703e-07
-8.66676e-06
7.01885e-07
-9.38577e-06
7.19015e-07
-1.01184e-05
7.32652e-07
-1.08608e-05
7.42351e-07
-1.16084e-05
7.47669e-07
-1.23566e-05
7.48171e-07
-1.31001e-05
7.43436e-07
-1.38331e-05
7.33065e-07
-1.45498e-05
7.16682e-07
-1.52437e-05
6.93946e-07
-1.59083e-05
6.64555e-07
-1.65365e-05
6.2825e-07
-1.71214e-05
5.84822e-07
-1.76555e-05
5.34117e-07
-1.81315e-05
4.76039e-07
-1.85421e-05
4.10559e-07
-1.88798e-05
3.37713e-07
-1.91374e-05
2.57623e-07
-1.93081e-05
1.70635e-07
-1.93858e-05
7.77557e-08
-1.93665e-05
-1.93331e-08
-1.92472e-05
-1.19297e-07
-1.90243e-05
-2.22873e-07
-1.8695e-05
-3.29289e-07
-1.82577e-05
-4.37301e-07
-1.77123e-05
-5.45446e-07
-1.70601e-05
-6.52142e-07
-1.63044e-05
-7.5572e-07
-1.545e-05
-8.5445e-07
-1.45034e-05
-9.46571e-07
-1.34731e-05
-1.03033e-06
-1.23691e-05
-1.104e-06
-1.12031e-05
-1.16597e-06
-9.98835e-06
-1.21475e-06
-8.73931e-06
-1.24903e-06
-7.47153e-06
-1.26778e-06
-6.20129e-06
-1.27025e-06
-4.94527e-06
-1.25601e-06
-3.72021e-06
-1.22506e-06
-2.54245e-06
-1.17776e-06
-1.4276e-06
-1.11485e-06
-3.90181e-07
-1.03742e-06
5.56582e-07
-9.46763e-07
1.401e-06
-8.44415e-07
2.13462e-06
-7.33623e-07
2.7526e-06
-6.17982e-07
3.25263e-06
-5.0003e-07
3.6347e-06
-3.82066e-07
3.90115e-06
-2.66452e-07
4.0566e-06
-1.55448e-07
4.10765e-06
-5.10539e-08
4.06246e-06
4.51894e-08
3.9301e-06
1.32366e-07
3.7203e-06
2.09794e-07
3.44325e-06
2.77053e-07
3.10949e-06
3.33763e-07
2.73009e-06
3.794e-07
2.31696e-06
4.13129e-07
1.88336e-06
4.33598e-07
1.44467e-06
4.38684e-07
1.01947e-06
4.25201e-07
6.3077e-07
3.88703e-07
3.06743e-07
3.24027e-07
7.91931e-08
2.2755e-07
-2.23916e-08
1.01585e-07
-2.23916e-08
7.85491e-08
-9.72194e-08
2.61386e-07
-2.60816e-07
4.98814e-07
-3.50726e-07
7.48609e-07
-3.73989e-07
9.77538e-07
-3.4663e-07
1.1616e-06
-2.84119e-07
1.28469e-06
-1.98928e-07
1.3368e-06
-1.00241e-07
1.31208e-06
5.81287e-09
1.20848e-06
1.14237e-07
1.02481e-06
2.23495e-07
7.61569e-07
3.31609e-07
4.19547e-07
4.38181e-07
-3.67951e-10
5.43195e-07
-4.97301e-07
6.46888e-07
-1.07096e-06
7.4996e-07
-1.72135e-06
8.52993e-07
-2.44889e-06
9.56604e-07
-3.25433e-06
1.0613e-06
-4.13862e-06
1.16746e-06
-5.10284e-06
1.27528e-06
-6.14805e-06
1.38477e-06
-7.27516e-06
1.4958e-06
-8.48482e-06
1.60802e-06
-9.77728e-06
1.72093e-06
-1.11523e-05
1.83387e-06
-1.26089e-05
1.94603e-06
-1.41456e-05
2.05646e-06
-1.576e-05
2.16409e-06
-1.74489e-05
2.26774e-06
-1.92079e-05
2.36613e-06
-2.10319e-05
2.4579e-06
-2.29146e-05
2.54162e-06
-2.48487e-05
2.61579e-06
-2.68257e-05
2.6789e-06
-2.88361e-05
2.72942e-06
-3.08692e-05
2.76579e-06
-3.29134e-05
2.7865e-06
-3.49558e-05
2.79006e-06
-3.69826e-05
2.77505e-06
-3.89793e-05
2.74012e-06
-4.09303e-05
2.68405e-06
-4.28193e-05
2.60572e-06
-4.46295e-05
2.50415e-06
-4.63435e-05
2.37855e-06
-4.79436e-05
2.2283e-06
-4.94118e-05
2.05299e-06
-5.07301e-05
1.85243e-06
-5.18807e-05
1.62669e-06
-5.28463e-05
1.37609e-06
-5.36099e-05
1.10132e-06
-5.41557e-05
8.03485e-07
-5.44698e-05
4.84672e-07
-5.45402e-05
1.48222e-07
-5.4358e-05
-2.01591e-07
-5.39135e-05
-5.63756e-07
-5.31997e-05
-9.36664e-07
-5.22119e-05
-1.31712e-06
-5.09485e-05
-1.70071e-06
-4.94114e-05
-2.08249e-06
-4.76064e-05
-2.4572e-06
-4.55428e-05
-2.81929e-06
-4.32342e-05
-3.16311e-06
-4.06978e-05
-3.48289e-06
-3.79552e-05
-3.77293e-06
-3.50315e-05
-4.02769e-06
-3.19556e-05
-4.24193e-06
-2.87595e-05
-4.41085e-06
-2.54783e-05
-4.53026e-06
-2.21493e-05
-4.59674e-06
-1.88118e-05
-4.60779e-06
-1.55058e-05
-4.56199e-06
-1.22718e-05
-4.45908e-06
-9.14941e-06
-4.30011e-06
-6.17691e-06
-4.08736e-06
-3.38999e-06
-3.82434e-06
-8.21331e-07
-3.51542e-06
1.49962e-06
-3.16536e-06
3.54777e-06
-2.78178e-06
5.30695e-06
-2.37716e-06
6.76848e-06
-1.96156e-06
7.92969e-06
-1.54328e-06
8.79364e-06
-1.1304e-06
9.3689e-06
-7.3071e-07
9.669e-06
-3.51156e-07
9.71322e-06
9.75554e-10
9.52147e-06
3.2411e-07
9.11857e-06
6.12698e-07
8.53028e-06
8.65346e-07
7.78426e-06
1.07978e-06
6.91026e-06
1.25341e-06
5.94056e-06
1.38283e-06
4.91088e-06
1.46328e-06
3.86142e-06
1.48814e-06
2.83804e-06
1.44858e-06
1.89293e-06
1.33381e-06
1.08385e-06
1.13311e-06
4.7008e-07
8.41325e-07
1.02208e-07
4.69456e-07
7.98166e-08
1.14986e-07
-2.12205e-07
3.53036e-07
-4.98866e-07
6.45041e-07
-6.42731e-07
9.3723e-07
-6.66178e-07
1.18781e-06
-5.97207e-07
1.36577e-06
-4.62078e-07
1.44927e-06
-2.82431e-07
1.4238e-06
-7.47705e-08
1.28062e-06
1.48991e-07
1.01441e-06
3.80445e-07
6.23324e-07
6.14585e-07
1.06651e-07
8.48282e-07
-5.35263e-07
1.08009e-06
-1.30176e-06
1.30969e-06
-2.19243e-06
1.53756e-06
-3.20709e-06
1.76461e-06
-4.34598e-06
1.99188e-06
-5.60971e-06
2.22034e-06
-6.99918e-06
2.45077e-06
-8.51542e-06
2.6837e-06
-1.01594e-05
2.91929e-06
-1.19321e-05
3.15739e-06
-1.38337e-05
3.39744e-06
-1.58642e-05
3.63854e-06
-1.80227e-05
3.87945e-06
-2.03075e-05
4.11859e-06
-2.27155e-05
4.35409e-06
-2.52429e-05
4.5838e-06
-2.78841e-05
4.80535e-06
-3.06325e-05
5.01612e-06
-3.34797e-05
5.21337e-06
-3.6416e-05
5.39417e-06
-3.94299e-05
5.55551e-06
-4.25084e-05
5.69429e-06
-4.56369e-05
5.8074e-06
-4.87992e-05
5.89172e-06
-5.19776e-05
5.94418e-06
-5.51529e-05
5.96181e-06
-5.83046e-05
5.94177e-06
-6.14109e-05
5.88139e-06
-6.4449e-05
5.77823e-06
-6.73951e-05
5.63011e-06
-7.02245e-05
5.43515e-06
-7.29122e-05
5.19179e-06
-7.54325e-05
4.89889e-06
-7.77599e-05
4.55569e-06
-7.98688e-05
4.16189e-06
-8.1734e-05
3.71769e-06
-8.33312e-05
3.22383e-06
-8.46367e-05
2.68164e-06
-8.56286e-05
2.09313e-06
-8.62863e-05
1.46121e-06
-8.65922e-05
7.90611e-07
-8.6534e-05
9.00001e-08
-8.60956e-05
-6.40035e-07
-8.52663e-05
-1.39301e-06
-8.40382e-05
-2.16476e-06
-8.24076e-05
-2.94776e-06
-8.03751e-05
-3.73318e-06
-7.79462e-05
-4.51139e-06
-7.51312e-05
-5.27218e-06
-7.19456e-05
-6.00492e-06
-6.84099e-05
-6.69877e-06
-6.455e-05
-7.34278e-06
-6.03968e-05
-7.92614e-06
-5.59862e-05
-8.43835e-06
-5.13586e-05
-8.8695e-06
-4.6559e-05
-9.21048e-06
-4.16359e-05
-9.45331e-06
-3.66413e-05
-9.59139e-06
-3.16293e-05
-9.6198e-06
-2.66557e-05
-9.53557e-06
-2.17769e-05
-9.33789e-06
-1.70487e-05
-9.02831e-06
-1.25252e-05
-8.61082e-06
-8.25775e-06
-8.09181e-06
-4.29333e-06
-7.47984e-06
-6.73674e-07
-6.78502e-06
2.56298e-06
-6.01843e-06
5.38448e-06
-5.19866e-06
7.77387e-06
-4.35095e-06
9.72359e-06
-3.493e-06
1.12344e-05
-2.64118e-06
1.23149e-05
-1.81126e-06
1.29817e-05
-1.01789e-06
1.32568e-05
-2.74162e-07
1.3171e-05
4.09919e-07
1.27577e-05
1.02602e-06
1.20545e-05
1.5685e-06
1.11024e-05
2.03189e-06
9.94568e-06
2.41014e-06
8.63262e-06
2.69589e-06
7.21619e-06
2.87971e-06
5.75491e-06
2.94941e-06
4.31364e-06
2.88985e-06
2.96367e-06
2.68378e-06
1.78154e-06
2.31524e-06
8.45632e-07
1.77723e-06
2.29688e-07
1.0854e-06
3.09504e-07
1.26318e-07
-3.38523e-07
3.74643e-07
-7.47191e-07
6.62572e-07
-9.30661e-07
9.28839e-07
-9.32444e-07
1.127e-06
-7.95371e-07
1.22261e-06
-5.57691e-07
1.19088e-06
-2.50693e-07
1.01476e-06
1.01349e-07
6.83234e-07
4.80513e-07
1.89628e-07
8.74051e-07
-4.69464e-07
1.27368e-06
-1.29554e-06
1.67436e-06
-2.28908e-06
2.07363e-06
-3.4502e-06
2.47081e-06
-4.77897e-06
2.86632e-06
-6.27559e-06
3.26124e-06
-7.94054e-06
3.65684e-06
-9.7745e-06
4.05429e-06
-1.17782e-05
4.4545e-06
-1.39524e-05
4.8579e-06
-1.62975e-05
5.26441e-06
-1.88135e-05
5.67336e-06
-2.14996e-05
6.08348e-06
-2.43539e-05
6.49293e-06
-2.73738e-05
6.89931e-06
-3.05549e-05
7.29971e-06
-3.38916e-05
7.69073e-06
-3.73763e-05
8.06856e-06
-4.1e-05
8.42905e-06
-4.47516e-05
8.76771e-06
-4.86181e-05
9.07985e-06
-5.25845e-05
9.36056e-06
-5.66338e-05
9.60485e-06
-6.07472e-05
9.80767e-06
-6.49038e-05
9.96399e-06
-6.9081e-05
1.00689e-05
-7.32543e-05
1.01175e-05
-7.7398e-05
1.01055e-05
-8.14846e-05
1.00283e-05
-8.54855e-05
9.88233e-06
-8.93712e-05
9.66396e-06
-9.31114e-05
9.37028e-06
-9.66751e-05
8.99885e-06
-0.000100031
8.54789e-06
-0.000103149
8.01623e-06
-0.000105996
7.40344e-06
-0.000108544
6.70985e-06
-0.000110763
5.93658e-06
-0.000112625
5.08567e-06
-0.000114103
4.16009e-06
-0.000115174
3.1639e-06
-0.000115815
2.10245e-06
-0.000116008
9.83564e-07
-0.000115737
-1.8146e-07
-0.000114987
-1.39003e-06
-0.000113747
-2.63299e-06
-0.000112011
-3.90095e-06
-0.000109777
-5.1813e-06
-0.00010705
-6.46012e-06
-0.000103839
-7.72247e-06
-0.000100159
-8.95264e-06
-9.60292e-05
-1.01344e-05
-9.14767e-05
-1.12513e-05
-8.6533e-05
-1.22866e-05
-8.12351e-05
-1.3224e-05
-7.56259e-05
-1.40475e-05
-6.97532e-05
-1.47422e-05
-6.36694e-05
-1.52942e-05
-5.74316e-05
-1.56912e-05
-5.11e-05
-1.59229e-05
-4.47384e-05
-1.59815e-05
-3.8412e-05
-1.5862e-05
-3.21874e-05
-1.55625e-05
-2.61311e-05
-1.50846e-05
-2.03081e-05
-1.44338e-05
-1.47808e-05
-1.36191e-05
-9.60751e-06
-1.26531e-05
-4.84062e-06
-1.15519e-05
-5.25155e-07
-1.03339e-05
3.2962e-06
-9.02002e-06
6.58819e-06
-7.64294e-06
9.33614e-06
-6.24094e-06
1.15361e-05
-4.84114e-06
1.31939e-05
-3.46908e-06
1.4325e-05
-2.14895e-06
1.49534e-05
-9.02636e-07
1.51125e-05
2.50912e-07
1.48423e-05
1.29612e-06
1.41892e-05
2.22164e-06
1.32037e-05
3.01741e-06
1.1941e-05
3.67278e-06
1.04615e-05
4.17545e-06
8.83066e-06
4.51053e-06
7.12026e-06
4.6598e-06
5.40846e-06
4.60165e-06
3.77995e-06
4.31229e-06
2.32548e-06
3.76971e-06
1.14098e-06
2.96173e-06
3.27636e-07
1.89875e-06
6.37141e-07
1.18265e-07
-4.56789e-07
3.37874e-07
-9.668e-07
5.70745e-07
-1.16353e-06
7.52228e-07
-1.11393e-06
8.34166e-07
-8.77309e-07
7.81125e-07
-5.04649e-07
5.67257e-07
-3.68247e-08
1.74804e-07
4.93803e-07
-4.08054e-07
1.06337e-06
-1.18871e-06
1.65471e-06
-2.1715e-06
2.25647e-06
-3.35892e-06
2.86177e-06
-4.75232e-06
3.46704e-06
-6.35251e-06
4.07101e-06
-8.16011e-06
4.67392e-06
-1.01757e-05
5.27681e-06
-1.23998e-05
5.88097e-06
-1.4833e-05
6.48753e-06
-1.74757e-05
7.09721e-06
-2.03279e-05
7.71004e-06
-2.33888e-05
8.32531e-06
-2.66569e-05
8.94149e-06
-3.01296e-05
9.55618e-06
-3.38029e-05
1.01662e-05
-3.76711e-05
1.07675e-05
-4.17268e-05
1.13555e-05
-4.59608e-05
1.19247e-05
-5.03616e-05
1.24693e-05
-5.49155e-05
1.2983e-05
-5.96069e-05
1.3459e-05
-6.44174e-05
1.38904e-05
-6.93268e-05
1.427e-05
-7.43126e-05
1.45906e-05
-7.93498e-05
1.4845e-05
-8.4412e-05
1.50261e-05
-8.94704e-05
1.51273e-05
-9.44949e-05
1.5142e-05
-9.94536e-05
1.50642e-05
-0.000104314
1.48885e-05
-0.000109041
1.46099e-05
-0.000113602
1.42243e-05
-0.00011796
1.37284e-05
-0.00012208
1.31195e-05
-0.000125929
1.23962e-05
-0.00012947
1.15577e-05
-0.000132671
1.06044e-05
-0.000135499
9.53789e-06
-0.000137923
8.36078e-06
-0.000139915
7.07694e-06
-0.000141446
5.69156e-06
-0.000142493
4.21121e-06
-0.000143035
2.64419e-06
-0.000143053
1.00127e-06
-0.000142528
-7.05881e-07
-0.00014145
-2.46832e-06
-0.000139809
-4.27413e-06
-0.000137602
-6.10831e-06
-0.00013483
-7.95305e-06
-0.000131501
-9.7891e-06
-0.000127627
-1.15961e-05
-0.000123227
-1.33527e-05
-0.000118325
-1.50371e-05
-0.000112949
-1.66271e-05
-0.000107135
-1.81004e-05
-0.000100924
-1.94349e-05
-9.4362e-05
-2.06094e-05
-8.75009e-05
-2.16034e-05
-8.03969e-05
-2.23982e-05
-7.31111e-05
-2.2977e-05
-6.57085e-05
-2.33254e-05
-5.82576e-05
-2.34324e-05
-5.08294e-05
-2.32902e-05
-4.34964e-05
-2.28955e-05
-3.63317e-05
-2.22493e-05
-2.94078e-05
-2.13577e-05
-2.2795e-05
-2.02319e-05
-1.65601e-05
-1.8888e-05
-1.07646e-05
-1.73474e-05
-5.46273e-06
-1.56357e-05
-7.00081e-07
-1.37827e-05
3.47889e-06
-1.18219e-05
7.03876e-06
-9.80081e-06
9.96765e-06
-7.77002e-06
1.22664e-05
-5.76782e-06
1.3947e-05
-3.82958e-06
1.50324e-05
-1.98802e-06
1.55555e-05
-2.72192e-07
1.55592e-05
1.29244e-06
1.50954e-05
2.68545e-06
1.42217e-05
3.89113e-06
1.30012e-05
4.8932e-06
1.1503e-05
5.67367e-06
9.80188e-06
6.21167e-06
7.97904e-06
6.48264e-06
6.12249e-06
6.4582e-06
4.32736e-06
6.10743e-06
2.69659e-06
5.40048e-06
1.34278e-06
4.31553e-06
3.92692e-07
2.84884e-06
1.02983e-06
9.57745e-08
-5.52563e-07
2.54146e-07
-1.12517e-06
3.8802e-07
-1.29741e-06
4.33483e-07
-1.15939e-06
3.43249e-07
-7.87074e-07
8.28844e-08
-2.44285e-07
-3.7221e-07
4.1827e-07
-1.03919e-06
1.16078e-06
-1.92948e-06
1.95367e-06
-3.05069e-06
2.77591e-06
-4.40766e-06
3.61345e-06
-6.00349e-06
4.4576e-06
-7.84017e-06
5.30372e-06
-9.91909e-06
6.14992e-06
-1.22413e-05
6.9961e-06
-1.48075e-05
7.84304e-06
-1.76183e-05
8.69178e-06
-2.06739e-05
9.54307e-06
-2.39737e-05
1.0397e-05
-2.75166e-05
1.1253e-05
-3.13004e-05
1.21091e-05
-3.53215e-05
1.29625e-05
-3.95746e-05
1.38094e-05
-4.4053e-05
1.46446e-05
-4.87476e-05
1.54621e-05
-5.36473e-05
1.62552e-05
-5.87386e-05
1.7016e-05
-6.40057e-05
1.77364e-05
-6.94301e-05
1.84074e-05
-7.49911e-05
1.902e-05
-8.06652e-05
1.95645e-05
-8.64268e-05
2.00316e-05
-9.22481e-05
2.04118e-05
-9.80988e-05
2.06957e-05
-0.000103947
2.08744e-05
-0.000109759
2.09394e-05
-0.0001155
2.08829e-05
-0.000121133
2.06976e-05
-0.000126622
2.03771e-05
-0.000131928
1.99161e-05
-0.000137014
1.93101e-05
-0.000141841
1.85557e-05
-0.000146373
1.76509e-05
-0.000150571
1.65948e-05
-0.000154402
1.53877e-05
-0.000157829
1.40315e-05
-0.00016082
1.25293e-05
-0.000163345
1.08857e-05
-0.000165375
9.1068e-06
-0.000166884
7.20043e-06
-0.000167848
5.17595e-06
-0.000168249
3.0448e-06
-0.000168068
8.20666e-07
-0.00016729
-1.48426e-06
-0.000165903
-3.85501e-06
-0.000163902
-6.27492e-06
-0.000161287
-8.72361e-06
-0.000158062
-1.11783e-05
-0.000154236
-1.36146e-05
-0.000149826
-1.60069e-05
-0.00014485
-1.83287e-05
-0.000139334
-2.05527e-05
-0.00013331
-2.26512e-05
-0.000126814
-2.45964e-05
-0.000119888
-2.6361e-05
-0.000112579
-2.7918e-05
-0.000104941
-2.92421e-05
-9.70298e-05
-3.03092e-05
-8.8909e-05
-3.10979e-05
-8.06449e-05
-3.15895e-05
-7.23081e-05
-3.17691e-05
-6.39723e-05
-3.16261e-05
-5.57132e-05
-3.11545e-05
-4.76081e-05
-3.03544e-05
-3.97344e-05
-2.92315e-05
-3.21681e-05
-2.77982e-05
-2.49826e-05
-2.60735e-05
-1.8247e-05
-2.4083e-05
-1.2024e-05
-2.18587e-05
-6.36824e-06
-1.94385e-05
-1.32452e-06
-1.68656e-05
3.06328e-06
-1.41886e-05
6.76151e-06
-1.14682e-05
9.7603e-06
-8.76661e-06
1.20664e-05
-6.13565e-06
1.36992e-05
-3.62088e-06
1.46897e-05
-1.26267e-06
1.50801e-05
9.02061e-07
1.49245e-05
2.84105e-06
1.42856e-05
4.52999e-06
1.32324e-05
5.94637e-06
1.18402e-05
7.06594e-06
1.01905e-05
7.86136e-06
8.37183e-06
8.30131e-06
6.47986e-06
8.35017e-06
4.6184e-06
7.96889e-06
2.90112e-06
7.11776e-06
1.45518e-06
5.76147e-06
4.27888e-07
3.87613e-06
1.45772e-06
6.23824e-08
-6.14945e-07
1.32603e-07
-1.19539e-06
1.29762e-07
-1.29456e-06
-5.76578e-09
-1.02386e-06
-3.17279e-07
-4.75561e-07
-8.36314e-07
2.74751e-07
-1.58459e-06
1.16655e-06
-2.57722e-06
2.15341e-06
-3.82457e-06
3.20102e-06
-5.33369e-06
4.28503e-06
-7.10933e-06
5.38909e-06
-9.15479e-06
6.50306e-06
-1.14724e-05
7.62133e-06
-1.40639e-05
8.74141e-06
-1.69305e-05
9.86269e-06
-2.00729e-05
1.09855e-05
-2.34914e-05
1.21102e-05
-2.71853e-05
1.3237e-05
-3.11531e-05
1.43648e-05
-3.53919e-05
1.54918e-05
-3.98975e-05
1.66147e-05
-4.46637e-05
1.77287e-05
-4.96824e-05
1.88281e-05
-5.49432e-05
1.99054e-05
-6.04335e-05
2.09524e-05
-6.61379e-05
2.19596e-05
-7.20385e-05
2.29167e-05
-7.81148e-05
2.38127e-05
-8.43436e-05
2.46362e-05
-9.0699e-05
2.53754e-05
-9.71528e-05
2.60184e-05
-0.000103674
2.65532e-05
-0.000110231
2.69684e-05
-0.000116788
2.72526e-05
-0.000123309
2.73954e-05
-0.000129756
2.73868e-05
-0.000136091
2.72178e-05
-0.000142274
2.68805e-05
-0.000148265
2.63682e-05
-0.000154024
2.56753e-05
-0.000159512
2.47976e-05
-0.000164689
2.37324e-05
-0.000169516
2.24785e-05
-0.000173958
2.10362e-05
-0.000177977
1.94075e-05
-0.000181542
1.75958e-05
-0.000184619
1.56065e-05
-0.000187179
1.34464e-05
-0.000189197
1.11242e-05
-0.000190647
8.65037e-06
-0.000191508
6.03709e-06
-0.000191762
3.29906e-06
-0.000191395
4.53614e-07
-0.000190392
-2.48735e-06
-0.000188744
-5.50287e-06
-0.000186448
-8.57075e-06
-0.000183506
-1.16656e-05
-0.000179925
-1.476e-05
-0.000175714
-1.78249e-05
-0.000170891
-2.083e-05
-0.000165476
-2.37438e-05
-0.000159495
-2.65341e-05
-0.000152978
-2.9168e-05
-0.000145962
-3.16126e-05
-0.000138488
-3.38352e-05
-0.000130602
-3.58037e-05
-0.000122357
-3.74874e-05
-0.000113808
-3.88572e-05
-0.000105019
-3.98868e-05
-9.60561e-05
-4.05529e-05
-8.6989e-05
-4.08363e-05
-7.78926e-05
-4.07225e-05
-6.88443e-05
-4.02028e-05
-5.99237e-05
-3.9275e-05
-5.12115e-05
-3.79437e-05
-4.2788e-05
-3.62217e-05
-3.47321e-05
-3.41294e-05
-2.71192e-05
-3.16959e-05
-2.00195e-05
-2.89584e-05
-1.34964e-05
-2.59616e-05
-7.60407e-06
-2.27579e-05
-2.3866e-06
-1.94061e-05
2.11555e-06
-1.59704e-05
5.872e-06
-1.25231e-05
8.87372e-06
-9.13737e-06
1.11357e-05
-5.88285e-06
1.2685e-05
-2.81196e-06
1.35613e-05
2.5751e-08
1.38168e-05
2.58552e-06
1.35186e-05
4.82825e-06
1.27394e-05
6.72551e-06
1.15593e-05
8.24604e-06
1.00652e-05
9.35552e-06
8.35109e-06
1.00154e-05
6.51914e-06
1.01821e-05
4.68048e-06
9.80755e-06
2.95785e-06
8.84039e-06
1.48998e-06
7.22934e-06
4.38567e-07
4.92754e-06
1.89629e-06
2.0439e-08
-6.35384e-07
-1.99245e-08
-1.15503e-06
-1.91799e-07
-1.12269e-06
-5.47099e-07
-6.68564e-07
-1.12322e-06
1.0056e-07
-1.94571e-06
1.09724e-06
-3.03227e-06
2.25311e-06
-4.39509e-06
3.51623e-06
-6.04251e-06
4.84844e-06
-7.98031e-06
6.22283e-06
-1.02126e-05
7.62139e-06
-1.27425e-05
9.03293e-06
-1.55722e-05
1.04511e-05
-1.87036e-05
1.18728e-05
-2.21377e-05
1.32968e-05
-2.5875e-05
1.47228e-05
-2.9915e-05
1.61502e-05
-3.42559e-05
1.75779e-05
-3.88947e-05
1.90036e-05
-4.38264e-05
2.04236e-05
-4.90444e-05
2.18326e-05
-5.45395e-05
2.32238e-05
-6.03003e-05
2.45888e-05
-6.63127e-05
2.59178e-05
-7.25598e-05
2.71996e-05
-7.90222e-05
2.84219e-05
-8.56774e-05
2.95718e-05
-9.25002e-05
3.06355e-05
-9.94629e-05
3.15988e-05
-0.000106535
3.24474e-05
-0.000113684
3.31671e-05
-0.000120874
3.37437e-05
-0.00012807
3.41639e-05
-0.000135232
3.44149e-05
-0.000142321
3.44847e-05
-0.000149297
3.43627e-05
-0.000156118
3.40391e-05
-0.000162744
3.35058e-05
-0.000169132
3.27562e-05
-0.000175242
3.17852e-05
-0.000181033
3.05893e-05
-0.000186468
2.91668e-05
-0.000191507
2.7518e-05
-0.000196116
2.56448e-05
-0.000200259
2.35511e-05
-0.000203906
2.12424e-05
-0.000207026
1.87264e-05
-0.000209592
1.60124e-05
-0.00021158
1.31118e-05
-0.000212967
1.00375e-05
-0.000213734
6.80463e-06
-0.000213866
3.43046e-06
-0.00021335
-6.23752e-08
-0.000212173
-3.66412e-06
-0.000210329
-7.34673e-06
-0.000207817
-1.10832e-05
-0.000204638
-1.48437e-05
-0.000200802
-1.85968e-05
-0.000196317
-2.23093e-05
-0.000191201
-2.59466e-05
-0.000185472
-2.94726e-05
-0.000179155
-3.28506e-05
-0.000172281
-3.60428e-05
-0.000164882
-3.90116e-05
-0.000156998
-4.17191e-05
-0.000148673
-4.41281e-05
-0.000139958
-4.62026e-05
-0.000130907
-4.79085e-05
-0.000121579
-4.92141e-05
-0.000112041
-5.00912e-05
-0.000102361
-5.05159e-05
-9.26146e-05
-5.04693e-05
-8.28783e-05
-4.99391e-05
-7.32335e-05
-4.89198e-05
-6.3763e-05
-4.74142e-05
-5.45507e-05
-4.5434e-05
-4.56798e-05
-4.30003e-05
-3.72316e-05
-4.01442e-05
-2.92832e-05
-3.69068e-05
-2.1906e-05
-3.33389e-05
-1.51634e-05
-2.95005e-05
-9.10934e-06
-2.54601e-05
-3.78676e-06
-2.1293e-05
7.69997e-07
-1.70798e-05
4.53472e-06
-1.29021e-05
7.50075e-06
-8.84888e-06
9.69112e-06
-5.00234e-06
1.11408e-05
-1.42395e-06
1.19005e-05
1.82589e-06
1.20358e-05
4.69293e-06
1.16233e-05
7.13802e-06
1.07468e-05
9.12247e-06
9.49771e-06
1.06046e-05
7.97483e-06
1.15383e-05
6.28563e-06
1.18713e-05
4.54747e-06
1.15457e-05
2.8903e-06
1.04976e-05
1.4611e-06
8.65854e-06
4.30111e-07
5.95853e-06
2.3264e-06
-2.8671e-08
-6.06713e-07
-1.98464e-07
-9.85236e-07
-5.6727e-07
-7.53883e-07
-1.1764e-06
-5.94346e-08
-2.05372e-06
9.77877e-07
-3.21804e-06
2.26156e-06
-4.68163e-06
3.7167e-06
-6.4526e-06
5.28719e-06
-8.53638e-06
6.93222e-06
-1.09368e-05
8.6233e-06
-1.3657e-05
1.03415e-05
-1.66991e-05
1.20751e-05
-2.00653e-05
1.38173e-05
-2.37569e-05
1.55644e-05
-2.77746e-05
1.73145e-05
-3.2118e-05
1.90663e-05
-3.67858e-05
2.08179e-05
-4.17746e-05
2.25667e-05
-4.70795e-05
2.43085e-05
-5.26932e-05
2.60373e-05
-5.86062e-05
2.77456e-05
-6.4806e-05
2.94237e-05
-7.12777e-05
3.10606e-05
-7.80034e-05
3.26434e-05
-8.4962e-05
3.41582e-05
-9.21297e-05
3.55897e-05
-9.94798e-05
3.6922e-05
-0.000106983
3.81386e-05
-0.000114607
3.92229e-05
-0.000122318
4.0158e-05
-0.000130078
4.09277e-05
-0.000137851
4.15161e-05
-0.000145595
4.19082e-05
-0.00015327
4.20902e-05
-0.000160835
4.20493e-05
-0.000168246
4.17743e-05
-0.000175463
4.12555e-05
-0.000182442
4.04851e-05
-0.000189143
3.94569e-05
-0.000195524
3.81667e-05
-0.000201547
3.66124e-05
-0.000207174
3.47939e-05
-0.000212369
3.27129e-05
-0.000217098
3.03735e-05
-0.000221328
2.77815e-05
-0.000225031
2.4945e-05
-0.000228179
2.1874e-05
-0.000230747
1.85803e-05
-0.000232713
1.50778e-05
-0.000234057
1.13823e-05
-0.000234764
7.51132e-06
-0.000234818
3.48477e-06
-0.000234205
-6.75748e-07
-0.000232918
-4.95114e-06
-0.000230952
-9.31247e-06
-0.000228307
-1.37287e-05
-0.000224984
-1.81664e-05
-0.00022099
-2.25904e-05
-0.000216336
-2.69639e-05
-0.000211034
-3.12482e-05
-0.000205103
-3.54034e-05
-0.000198566
-3.93883e-05
-0.000191448
-4.31609e-05
-0.000183781
-4.66785e-05
-0.000175601
-4.98987e-05
-0.00016695
-5.27791e-05
-0.000157874
-5.52785e-05
-0.000148425
-5.73573e-05
-0.000138661
-5.89786e-05
-0.000128644
-6.01086e-05
-0.000118441
-6.07182e-05
-0.000108127
-6.07837e-05
-9.77779e-05
-6.0288e-05
-8.74758e-05
-5.92219e-05
-7.73049e-05
-5.75851e-05
-6.73519e-05
-5.5387e-05
-5.77038e-05
-5.26483e-05
-4.84473e-05
-4.94008e-05
-3.96658e-05
-4.56882e-05
-3.14386e-05
-4.15661e-05
-2.3838e-05
-3.71012e-05
-1.69276e-05
-3.23705e-05
-1.07604e-05
-2.74601e-05
-5.37785e-06
-2.24624e-05
-8.06509e-07
-1.74734e-05
2.93306e-06
-1.25884e-05
5.84148e-06
-7.91076e-06
7.94606e-06
-3.52852e-06
9.29244e-06
4.79504e-07
9.94363e-06
4.04174e-06
9.97909e-06
7.10256e-06
9.48591e-06
9.61566e-06
8.5591e-06
1.15315e-05
7.30183e-06
1.27955e-05
5.82619e-06
1.3347e-05
4.25466e-06
1.31172e-05
2.72261e-06
1.20296e-05
1.38217e-06
9.99898e-06
4.07244e-07
6.93345e-06
2.73364e-06
-8.38547e-08
-5.22859e-07
-3.99576e-07
-6.69514e-07
-9.89191e-07
-1.64269e-07
-1.88023e-06
8.31608e-07
-3.09014e-06
2.18778e-06
-4.62883e-06
3.80026e-06
-6.50189e-06
5.58976e-06
-8.71234e-06
7.49764e-06
-1.1262e-05
9.48185e-06
-1.41522e-05
1.15135e-05
-1.73842e-05
1.35736e-05
-2.09595e-05
1.56504e-05
-2.48792e-05
1.77369e-05
-2.9144e-05
1.98292e-05
-3.37539e-05
2.19243e-05
-3.87074e-05
2.40198e-05
-4.40016e-05
2.61122e-05
-4.96317e-05
2.81968e-05
-5.55902e-05
3.0267e-05
-6.18674e-05
3.23145e-05
-6.84506e-05
3.43287e-05
-7.53239e-05
3.62971e-05
-8.24688e-05
3.82055e-05
-8.98634e-05
4.0038e-05
-9.74829e-05
4.17776e-05
-0.000105299
4.34061e-05
-0.000113282
4.49047e-05
-0.000121398
4.62545e-05
-0.000129611
4.74362e-05
-0.000137884
4.84312e-05
-0.000146178
4.92214e-05
-0.000154452
4.97895e-05
-0.000162663
5.01195e-05
-0.00017077
5.01969e-05
-0.000178729
5.00087e-05
-0.000186498
4.95436e-05
-0.000194035
4.87926e-05
-0.000201299
4.77483e-05
-0.000208248
4.64058e-05
-0.000214843
4.47622e-05
-0.000221047
4.28169e-05
-0.000226825
4.05716e-05
-0.000232142
3.803e-05
-0.000236967
3.51983e-05
-0.00024127
3.20847e-05
-0.000245025
2.86995e-05
-0.000248206
2.50551e-05
-0.000250791
2.11657e-05
-0.000252761
1.70478e-05
-0.000254098
1.27194e-05
-0.000254788
8.20039e-06
-0.000254815
3.51249e-06
-0.000254169
-1.32152e-06
-0.000252844
-6.27712e-06
-0.000250833
-1.13228e-05
-0.000248137
-1.64248e-05
-0.000244757
-2.15467e-05
-0.000240697
-2.66503e-05
-0.000235965
-3.16954e-05
-0.000230574
-3.66397e-05
-0.000224537
-4.14398e-05
-0.000217875
-4.60505e-05
-0.000210611
-5.04255e-05
-0.000202771
-5.45179e-05
-0.00019439
-5.82803e-05
-0.000185503
-6.16653e-05
-0.000176156
-6.46265e-05
-0.000166394
-6.71187e-05
-0.000156273
-6.90993e-05
-0.000145853
-7.05289e-05
-0.000135199
-7.13725e-05
-0.000124382
-7.16008e-05
-0.000113478
-7.11915e-05
-0.00010257
-7.01304e-05
-9.17418e-05
-6.8413e-05
-8.10832e-05
-6.60457e-05
-7.06845e-05
-6.3047e-05
-6.0637e-05
-5.94483e-05
-5.10306e-05
-5.52946e-05
-4.19518e-05
-5.06448e-05
-3.3482e-05
-4.5571e-05
-2.56943e-05
-4.01582e-05
-1.86522e-05
-3.45022e-05
-1.24072e-05
-2.87074e-05
-6.99682e-06
-2.28838e-05
-2.44143e-06
-1.71438e-05
1.24838e-06
-1.16006e-05
4.08225e-06
-6.3624e-06
6.09201e-06
-1.53025e-06
7.33633e-06
2.79742e-06
7.89333e-06
6.54556e-06
7.85364e-06
9.65535e-06
7.31621e-06
1.20689e-05
6.38821e-06
1.37235e-05
5.18588e-06
1.45493e-05
3.83592e-06
1.44672e-05
2.47756e-06
1.3388e-05
1.26559e-06
1.1211e-05
3.73999e-07
7.82505e-06
3.10764e-06
-1.44398e-07
-3.7846e-07
-6.19986e-07
-1.93926e-07
-1.45016e-06
6.65907e-07
-2.64724e-06
2.02868e-06
-4.21572e-06
3.75626e-06
-6.15548e-06
5.74002e-06
-8.46415e-06
7.89844e-06
-1.11388e-05
1.01723e-05
-1.41769e-05
1.252e-05
-1.75769e-05
1.49134e-05
-2.13379e-05
1.73346e-05
-2.546e-05
1.97724e-05
-2.9943e-05
2.222e-05
-3.47869e-05
2.4673e-05
-3.99902e-05
2.71276e-05
-4.55503e-05
2.95799e-05
-5.14625e-05
3.20244e-05
-5.77198e-05
3.44541e-05
-6.43125e-05
3.68597e-05
-7.12278e-05
3.92298e-05
-7.84498e-05
4.15507e-05
-8.59595e-05
4.38068e-05
-9.37346e-05
4.59806e-05
-0.00010175
4.8053e-05
-0.000109976
5.00039e-05
-0.000118382
5.18124e-05
-0.000126934
5.3457e-05
-0.000135596
5.49163e-05
-0.000144329
5.61692e-05
-0.000153093
5.71953e-05
-0.000161847
5.79753e-05
-0.000170548
5.84909e-05
-0.000179155
5.87256e-05
-0.000187622
5.86648e-05
-0.000195909
5.82955e-05
-0.000203973
5.76073e-05
-0.000211772
5.65916e-05
-0.000219266
5.52426e-05
-0.000226417
5.35566e-05
-0.000233187
5.15324e-05
-0.000239542
4.91712e-05
-0.000245447
4.64766e-05
-0.000250871
4.34545e-05
-0.000255786
4.01133e-05
-0.000260165
3.64633e-05
-0.000263982
3.25172e-05
-0.000267217
2.82894e-05
-0.000269848
2.37967e-05
-0.000271857
1.90574e-05
-0.00027323
1.40918e-05
-0.000273951
8.92171e-06
-0.000274009
3.5705e-06
-0.000273393
-1.93741e-06
-0.000272096
-7.57412e-06
-0.000270113
-1.33058e-05
-0.000267442
-1.90964e-05
-0.000264081
-2.49071e-05
-0.000260034
-3.0697e-05
-0.000255307
-3.64228e-05
-0.000249907
-4.20395e-05
-0.000243847
-4.75e-05
-0.000237142
-5.27556e-05
-0.000229811
-5.7756e-05
-0.000221879
-6.245e-05
-0.000213374
-6.67856e-05
-0.000204329
-7.07104e-05
-0.000194783
-7.41726e-05
-0.00018478
-7.71216e-05
-0.00017437
-7.95088e-05
-0.000163611
-8.12885e-05
-0.000152564
-8.24196e-05
-0.000141298
-8.28666e-05
-0.000129888
-8.26009e-05
-0.000118416
-8.16027e-05
-0.000106967
-7.98622e-05
-9.56313e-05
-7.73813e-05
-8.4503e-05
-7.41753e-05
-7.36776e-05
-7.02737e-05
-6.32509e-05
-6.57213e-05
-5.33169e-05
-6.05787e-05
-4.39655e-05
-5.49225e-05
-3.52798e-05
-4.88439e-05
-2.7334e-05
-4.2448e-05
-2.01905e-05
-3.58509e-05
-1.38977e-05
-2.91766e-05
-8.48753e-06
-2.2554e-05
-3.97503e-06
-1.61131e-05
-3.56561e-07
-9.98087e-06
2.38715e-06
-4.27396e-06
4.29633e-06
8.88237e-07
5.44185e-06
5.40004e-06
5.91862e-06
9.17858e-06
5.82932e-06
1.21582e-05
5.285e-06
1.42679e-05
4.40583e-06
1.54285e-05
3.32207e-06
1.5551e-05
2.17565e-06
1.45344e-05
1.1223e-06
1.22643e-05
3.33785e-07
8.61356e-06
3.44143e-06
-2.09621e-07
-1.6884e-07
-8.56632e-07
4.53085e-07
-1.94407e-06
1.75335e-06
-3.4667e-06
3.55131e-06
-5.4147e-06
5.70426e-06
-7.77645e-06
8.10177e-06
-1.05407e-05
1.06627e-05
-1.36977e-05
1.33293e-05
-1.72402e-05
1.60624e-05
-2.1163e-05
1.88363e-05
-2.5463e-05
2.16346e-05
-3.01383e-05
2.44477e-05
-3.51874e-05
2.72692e-05
-4.06089e-05
3.00944e-05
-4.63999e-05
3.29187e-05
-5.25562e-05
3.57361e-05
-5.9071e-05
3.85392e-05
-6.5935e-05
4.13182e-05
-7.31359e-05
4.40606e-05
-8.0658e-05
4.67519e-05
-8.84824e-05
4.93751e-05
-9.65866e-05
5.1911e-05
-0.000104945
5.4339e-05
-0.000113529
5.66368e-05
-0.000122306
5.87815e-05
-0.000131243
6.07492e-05
-0.000140303
6.25164e-05
-0.000149446
6.40595e-05
-0.000158633
6.5356e-05
-0.000167822
6.6384e-05
-0.00017697
6.71235e-05
-0.000186035
6.75558e-05
-0.000194973
6.76644e-05
-0.000203743
6.74348e-05
-0.000212303
6.68549e-05
-0.000220611
6.59151e-05
-0.000228627
6.46083e-05
-0.000236314
6.29298e-05
-0.000243636
6.08778e-05
-0.000250556
5.84529e-05
-0.000257043
5.56582e-05
-0.000263066
5.24995e-05
-0.000268596
4.89847e-05
-0.000273607
4.51242e-05
-0.000278074
4.09305e-05
-0.000281976
3.64183e-05
-0.00028529
3.16041e-05
-0.000288
2.65065e-05
-0.000290088
2.11458e-05
-0.000291541
1.5544e-05
-0.000292344
9.72469e-06
-0.000292486
3.71262e-06
-0.000291957
-2.46622e-06
-0.000290749
-8.78183e-06
-0.000288856
-1.51987e-05
-0.000286274
-2.16788e-05
-0.000283
-2.81814e-05
-0.000279034
-3.46631e-05
-0.000274378
-4.10783e-05
-0.000269039
-4.7379e-05
-0.000263023
-5.35152e-05
-0.000256344
-5.94347e-05
-0.000249016
-6.50837e-05
-0.00024106
-7.04068e-05
-0.000232498
-7.53474e-05
-0.00022336
-7.98484e-05
-0.00021368
-8.38527e-05
-0.000203498
-8.73037e-05
-0.000192859
-9.01469e-05
-0.000181818
-9.23302e-05
-0.000170432
-9.38058e-05
-0.000158767
-9.45312e-05
-0.000146897
-9.44712e-05
-0.0001349
-9.3599e-05
-0.000122864
-9.18986e-05
-0.000110879
-8.93664e-05
-9.90415e-05
-8.60128e-05
-8.74512e-05
-8.1864e-05
-7.62095e-05
-7.69629e-05
-6.54175e-05
-7.13707e-05
-5.51737e-05
-6.51663e-05
-4.55712e-05
-5.84464e-05
-3.66951e-05
-5.13241e-05
-2.86197e-05
-4.39263e-05
-2.14051e-05
-3.63912e-05
-1.50952e-05
-2.88639e-05
-9.71553e-06
-2.14927e-05
-5.27223e-06
-1.44242e-05
-1.7483e-06
-7.79788e-06
8.86934e-07
-1.747e-06
2.6868e-06
3.60017e-06
3.73865e-06
8.12673e-06
4.15013e-06
1.17467e-05
4.03641e-06
1.43816e-05
3.52178e-06
1.59431e-05
2.73982e-06
1.63329e-05
1.8345e-06
1.54397e-05
9.61527e-07
1.31373e-05
2.89421e-07
9.28566e-06
3.73085e-06
-2.78723e-07
1.09883e-07
-1.10685e-06
1.28122e-06
-2.4649e-06
3.11139e-06
-4.32842e-06
5.41483e-06
-6.67179e-06
8.04762e-06
-9.47075e-06
1.09007e-05
-1.27043e-05
1.38962e-05
-1.63554e-05
1.69804e-05
-2.04114e-05
2.01184e-05
-2.48633e-05
2.32883e-05
-2.97054e-05
2.64767e-05
-3.49336e-05
2.96759e-05
-4.05448e-05
3.28804e-05
-4.65357e-05
3.60854e-05
-5.29021e-05
3.9285e-05
-5.96375e-05
4.24716e-05
-6.67333e-05
4.5635e-05
-7.41777e-05
4.87625e-05
-8.19556e-05
5.18385e-05
-9.00484e-05
5.48448e-05
-9.84343e-05
5.7761e-05
-0.000107088
6.05646e-05
-0.00011598
6.32316e-05
-0.00012508
6.57368e-05
-0.000134353
6.80544e-05
-0.000143762
7.01584e-05
-0.000153269
7.20231e-05
-0.000162833
7.36235e-05
-0.000172413
7.49357e-05
-0.000181966
7.59373e-05
-0.00019145
7.66077e-05
-0.000200823
7.69284e-05
-0.000210042
7.68832e-05
-0.000219065
7.64584e-05
-0.000227853
7.5643e-05
-0.000236367
7.44286e-05
-0.000244568
7.28096e-05
-0.000252421
7.07831e-05
-0.000259893
6.83491e-05
-0.00026695
6.55101e-05
-0.000273563
6.22711e-05
-0.000279703
5.864e-05
-0.000285345
5.46266e-05
-0.000290464
5.02432e-05
-0.000295038
4.55043e-05
-0.000299046
4.04263e-05
-0.000302469
3.50275e-05
-0.000305291
2.93282e-05
-0.000307495
2.33501e-05
-0.000309068
1.71168e-05
-0.000309997
1.06532e-05
-0.000310269
3.98541e-06
-0.000309876
-2.85941e-06
-0.000308808
-9.84989e-06
-0.000307057
-1.69495e-05
-0.000304617
-2.41188e-05
-0.000301484
-3.13151e-05
-0.000297653
-3.84933e-05
-0.000293126
-4.56054e-05
-0.000287904
-5.26011e-05
-0.000281992
-5.94275e-05
-0.000275397
-6.60294e-05
-0.000268131
-7.23496e-05
-0.000260209
-7.83287e-05
-0.000251651
-8.39061e-05
-0.00024248
-8.90197e-05
-0.000232725
-9.36071e-05
-0.000222423
-9.76063e-05
-0.000211613
-0.000100956
-0.000200345
-0.000103598
-0.000188673
-0.000105478
-0.00017666
-0.000106545
-0.000164375
-0.000106756
-0.000151897
-0.000106077
-0.00013931
-0.000104486
-0.000126706
-0.00010197
-0.000114183
-9.85354e-05
-0.000101845
-9.42023e-05
-8.97973e-05
-8.90105e-05
-7.81484e-05
-8.30196e-05
-6.70052e-05
-7.63095e-05
-5.64709e-05
-6.89807e-05
-4.6642e-05
-6.1153e-05
-3.76049e-05
-5.29634e-05
-2.94328e-05
-4.45633e-05
-2.21823e-05
-3.61144e-05
-1.58912e-05
-2.77838e-05
-1.05764e-05
-1.9739e-05
-6.23137e-06
-1.21429e-05
-2.8279e-06
-5.15047e-06
-3.21258e-07
1.09352e-06
1.35995e-06
6.44552e-06
2.32046e-06
1.07862e-05
2.6786e-06
1.40234e-05
2.56319e-06
1.60585e-05
2.11118e-06
1.67849e-05
1.46854e-06
1.60823e-05
7.90785e-07
1.3815e-05
2.43152e-07
9.8333e-06
3.974e-06
-3.50977e-07
4.6086e-07
-1.36791e-06
2.29815e-06
-3.00671e-06
4.75019e-06
-5.22224e-06
7.63037e-06
-7.9718e-06
1.07972e-05
-1.12176e-05
1.41465e-05
-1.49281e-05
1.76067e-05
-1.90787e-05
2.1131e-05
-2.36509e-05
2.46907e-05
-2.86318e-05
2.82692e-05
-3.40125e-05
3.18574e-05
-3.97867e-05
3.54501e-05
-4.59494e-05
3.90431e-05
-5.24955e-05
4.26315e-05
-5.94187e-05
4.62082e-05
-6.67107e-05
4.97636e-05
-7.43605e-05
5.32848e-05
-8.23538e-05
5.67558e-05
-9.06729e-05
6.01576e-05
-9.92967e-05
6.34686e-05
-0.0001082
6.66647e-05
-0.000117356
6.97201e-05
-0.000126732
7.26078e-05
-0.000136295
7.52998e-05
-0.000146009
7.77678e-05
-0.000155834
7.99838e-05
-0.000165731
8.19205e-05
-0.00017566
8.35518e-05
-0.000185577
8.4853e-05
-0.000195441
8.58014e-05
-0.00020521
8.63766e-05
-0.000214842
8.65605e-05
-0.000224297
8.63378e-05
-0.000233534
8.56958e-05
-0.000242516
8.46248e-05
-0.000251205
8.31179e-05
-0.000259567
8.11714e-05
-0.000267568
7.87841e-05
-0.000275177
7.59578e-05
-0.000282363
7.26968e-05
-0.000289101
6.90084e-05
-0.000295363
6.49018e-05
-0.000301125
6.03891e-05
-0.000306366
5.5484e-05
-0.000311064
5.02027e-05
-0.000315201
4.45632e-05
-0.000318759
3.85852e-05
-0.000321721
3.22903e-05
-0.000324072
2.57015e-05
-0.000325799
1.88436e-05
-0.000326889
1.17427e-05
-0.000327329
4.42582e-06
-0.00032711
-3.07872e-06
-0.000326221
-1.07388e-05
-0.000324653
-1.85175e-05
-0.000322397
-2.63743e-05
-0.000319448
-3.4265e-05
-0.000315798
-4.21428e-05
-0.000311446
-4.99579e-05
-0.000306389
-5.76578e-05
-0.000300629
-6.51873e-05
-0.00029417
-7.24884e-05
-0.000287019
-7.95008e-05
-0.000279186
-8.61615e-05
-0.000270686
-9.24059e-05
-0.000261538
-9.81674e-05
-0.000251767
-0.000103379
-0.000241402
-0.000107972
-0.000230479
-0.000111879
-0.000219041
-0.000115036
-0.000207139
-0.00011738
-0.000194831
-0.000118853
-0.000182183
-0.000119404
-0.00016927
-0.00011899
-0.000156175
-0.000117581
-0.000142989
-0.000115156
-0.000129813
-0.000111712
-0.00011675
-0.000107265
-0.000103912
-0.000101848
-9.14144e-05
-9.55176e-05
-7.9371e-05
-8.83529e-05
-6.78956e-05
-8.04561e-05
-5.70963e-05
-7.19522e-05
-4.70726e-05
-6.29871e-05
-3.79113e-05
-5.37246e-05
-2.96831e-05
-4.43426e-05
-2.24395e-05
-3.50275e-05
-1.62097e-05
-2.59688e-05
-1.0999e-05
-1.73536e-05
-6.78836e-06
-9.36109e-06
-3.5362e-06
-2.15863e-06
-1.18163e-06
4.09095e-06
3.71064e-07
9.2335e-06
1.23899e-06
1.31555e-05
1.55263e-06
1.57449e-05
1.45312e-06
1.68845e-05
1.08889e-06
1.64466e-05
6.15798e-07
1.42881e-05
1.96667e-07
1.02524e-05
4.17067e-06
-4.25848e-07
8.86708e-07
-1.63704e-06
3.50934e-06
-3.56345e-06
6.6766e-06
-6.13784e-06
1.02048e-05
-9.29942e-06
1.39588e-05
-1.29961e-05
1.78432e-05
-1.71856e-05
2.17961e-05
-2.1835e-05
2.57804e-05
-2.692e-05
2.97757e-05
-3.24234e-05
3.37726e-05
-3.83332e-05
3.77671e-05
-4.46405e-05
4.17574e-05
-5.13383e-05
4.57409e-05
-5.84194e-05
4.97126e-05
-6.58757e-05
5.36645e-05
-7.36966e-05
5.75845e-05
-8.18687e-05
6.1457e-05
-9.03755e-05
6.52626e-05
-9.91968e-05
6.89789e-05
-0.000108309
7.25807e-05
-0.000117685
7.60405e-05
-0.000127294
7.93293e-05
-0.000137103
8.24172e-05
-0.000147077
8.52737e-05
-0.000157178
8.78684e-05
-0.000167366
9.01718e-05
-0.000177601
9.21554e-05
-0.000187841
9.37923e-05
-0.000198046
9.50575e-05
-0.000208173
9.59286e-05
-0.000218182
9.63856e-05
-0.000228033
9.64111e-05
-0.000237686
9.59911e-05
-0.000247104
9.51141e-05
-0.000256252
9.37721e-05
-0.000265094
9.19599e-05
-0.000273598
8.96753e-05
-0.000281733
8.69192e-05
-0.00028947
8.3695e-05
-0.000296782
8.00091e-05
-0.000303644
7.58702e-05
-0.000310032
7.12894e-05
-0.000315923
6.62802e-05
-0.000321297
6.08579e-05
-0.000326134
5.50401e-05
-0.000330417
4.88459e-05
-0.000334128
4.22963e-05
-0.000337252
3.54139e-05
-0.000339773
2.82229e-05
-0.000341678
2.07488e-05
-0.000342954
1.30187e-05
-0.000343589
5.06052e-06
-0.000343571
-3.09645e-06
-0.00034289
-1.14196e-05
-0.000341535
-1.98724e-05
-0.000339496
-2.84132e-05
-0.000336764
-3.69971e-05
-0.000333331
-4.55757e-05
-0.000329192
-5.40976e-05
-0.000324341
-6.25087e-05
-0.000318777
-7.07516e-05
-0.000312499
-7.8766e-05
-0.000305511
-8.64889e-05
-0.000297818
-9.38541e-05
-0.000289431
-0.000100793
-0.000280363
-0.000107236
-0.000270632
-0.000113109
-0.000260264
-0.00011834
-0.000249288
-0.000122855
-0.000237742
-0.000126582
-0.00022567
-0.000129451
-0.000213127
-0.000131396
-0.000200173
-0.000132358
-0.000186879
-0.000132284
-0.000173327
-0.000131133
-0.000159606
-0.000128877
-0.000145815
-0.000125504
-0.000132061
-0.000121019
-0.000118458
-0.00011545
-0.000105128
-0.000108848
-9.21917e-05
-0.000101289
-7.97736e-05
-9.28742e-05
-6.79934e-05
-8.37324e-05
-5.6964e-05
-7.40165e-05
-4.67868e-05
-6.39018e-05
-3.7548e-05
-5.35814e-05
-2.93141e-05
-4.32614e-05
-2.21289e-05
-3.3154e-05
-1.60109e-05
-2.34717e-05
-1.09517e-05
-1.44202e-05
-6.91611e-06
-6.19425e-06
-3.85051e-06
1.02535e-06
-1.67221e-06
7.0552e-06
-2.63311e-07
1.17466e-05
5.05844e-07
1.49757e-05
7.77606e-07
1.66127e-05
7.03371e-07
1.65208e-05
4.40561e-07
1.45509e-05
1.51112e-07
1.05419e-05
4.32178e-06
-5.02429e-07
1.38914e-06
-1.91121e-06
4.91811e-06
-4.12874e-06
8.89414e-06
-7.0646e-06
1.31406e-05
-1.06392e-05
1.75333e-05
-1.47856e-05
2.19896e-05
-1.94502e-05
2.64608e-05
-2.4592e-05
3.09222e-05
-3.01806e-05
3.53643e-05
-3.61944e-05
3.97863e-05
-4.26179e-05
4.41907e-05
-4.944e-05
4.85795e-05
-5.66513e-05
5.29521e-05
-6.42425e-05
5.73038e-05
-7.22033e-05
6.16253e-05
-8.05211e-05
6.59023e-05
-8.91803e-05
7.01162e-05
-9.8162e-05
7.42443e-05
-0.000107444
7.82608e-05
-0.000117
8.21368e-05
-0.000126801
8.58417e-05
-0.000136816
8.93436e-05
-0.000147008
9.26098e-05
-0.000157342
9.56078e-05
-0.000167779
9.83056e-05
-0.00017828
0.000100672
-0.000188803
0.000102679
-0.000199308
0.000104297
-0.000209755
0.000105504
-0.000220103
0.000106276
-0.000230312
0.000106595
-0.000240345
0.000106444
-0.000250165
0.000105811
-0.000259737
0.000104685
-0.000269026
0.000103061
-0.000278
0.000100935
-0.000286631
9.83057e-05
-0.000294888
9.51767e-05
-0.000302746
9.15529e-05
-0.00031018
8.74424e-05
-0.000317165
8.28553e-05
-0.000323679
7.78042e-05
-0.000329703
7.2304e-05
-0.000335217
6.63713e-05
-0.000340201
6.00246e-05
-0.000344639
5.32842e-05
-0.000348515
4.6172e-05
-0.000351813
3.87115e-05
-0.000354517
3.09275e-05
-0.000356615
2.28466e-05
-0.000358093
1.44966e-05
-0.000358939
5.90611e-06
-0.00035914
-2.89475e-06
-0.000358687
-1.1873e-05
-0.000357567
-2.09929e-05
-0.000355767
-3.02125e-05
-0.000353279
-3.94857e-05
-0.000350091
-4.87633e-05
-0.000346196
-5.79928e-05
-0.000341586
-6.71186e-05
-0.000336256
-7.60817e-05
-0.000330202
-8.482e-05
-0.000323423
-9.3268e-05
-0.00031592
-0.000101357
-0.000307697
-0.000109015
-0.000298765
-0.000116168
-0.000289134
-0.000122739
-0.000278825
-0.00012865
-0.00026786
-0.00013382
-0.000256271
-0.000138171
-0.000244097
-0.000141625
-0.000231384
-0.000144109
-0.00021819
-0.000145552
-0.00020458
-0.000145894
-0.000190631
-0.000145082
-0.00017643
-0.000143078
-0.000162074
-0.000139859
-0.000147673
-0.000135421
-0.000133342
-0.000129781
-0.000119206
-0.000122984
-0.000105395
-0.0001151
-9.2042e-05
-0.000106227
-7.92789e-05
-9.64955e-05
-6.72321e-05
-8.60633e-05
-5.60188e-05
-7.51151e-05
-4.57415e-05
-6.38588e-05
-3.64835e-05
-5.25193e-05
-2.83052e-05
-4.13324e-05
-2.124e-05
-3.05369e-05
-1.52927e-05
-2.03674e-05
-1.04393e-05
-1.10477e-05
-6.62796e-06
-2.78599e-06
-3.78978e-06
4.21702e-06
-1.81327e-06
9.77011e-06
-5.67103e-07
1.37295e-05
9.18604e-08
1.59537e-05
3.1676e-07
1.62959e-05
2.67465e-07
1.46002e-05
1.07146e-07
1.07022e-05
4.42893e-06
-5.79823e-07
1.96896e-06
-2.18722e-06
6.52551e-06
-4.69599e-06
1.14029e-05
-7.99172e-06
1.64363e-05
-1.19754e-05
2.1517e-05
-1.65652e-05
2.65794e-05
-2.1696e-05
3.15916e-05
-2.73184e-05
3.65446e-05
-3.33959e-05
4.14419e-05
-3.99026e-05
4.6293e-05
-4.68197e-05
5.11078e-05
-5.41333e-05
5.58931e-05
-6.18318e-05
6.06505e-05
-6.99037e-05
6.53758e-05
-7.83367e-05
7.00583e-05
-8.71161e-05
7.46816e-05
-9.62241e-05
7.92242e-05
-0.00010564
8.36601e-05
-0.000115339
8.79599e-05
-0.000125294
9.20916e-05
-0.000135473
9.60214e-05
-0.000145845
9.97148e-05
-0.000156372
0.000103137
-0.000167017
0.000106253
-0.000177743
0.000109031
-0.000188508
0.000111438
-0.000199274
0.000113444
-0.00021
0.000115024
-0.000220647
0.000116151
-0.000231177
0.000116806
-0.000241552
0.00011697
-0.000251735
0.000116628
-0.000261693
0.000115769
-0.000271393
0.000114385
-0.000280802
0.00011247
-0.000289891
0.000110024
-0.000298633
0.000107047
-0.000307
0.000103544
-0.000314969
9.95219e-05
-0.000322516
9.49894e-05
-0.00032962
8.99585e-05
-0.000336258
8.44429e-05
-0.000342413
7.84587e-05
-0.000348065
7.20235e-05
-0.000353197
6.51568e-05
-0.000357793
5.78796e-05
-0.000361835
5.02147e-05
-0.00036531
4.21861e-05
-0.000368202
3.38197e-05
-0.000370498
2.51423e-05
-0.000372184
1.61826e-05
-0.000373248
6.97013e-06
-0.000373678
-2.46446e-06
-0.000373463
-1.2088e-05
-0.00037259
-2.18658e-05
-0.000371047
-3.17559e-05
-0.000368821
-4.17116e-05
-0.000365901
-5.1683e-05
-0.000362277
-6.1617e-05
-0.000357939
-7.14569e-05
-0.000352878
-8.11428e-05
-0.000347087
-9.06111e-05
-0.00034056
-9.97945e-05
-0.000333295
-0.000108622
-0.000325291
-0.000117019
-0.000316551
-0.000124908
-0.000307082
-0.000132208
-0.000296896
-0.000138836
-0.00028601
-0.000144706
-0.000274449
-0.000149732
-0.000262244
-0.00015383
-0.000249436
-0.000156917
-0.000236075
-0.000158914
-0.000222221
-0.000159748
-0.000207945
-0.000159358
-0.000193331
-0.000157692
-0.000178473
-0.000154716
-0.00016348
-0.000150414
-0.000148468
-0.000144793
-0.000133567
-0.000137886
-0.000118911
-0.000129755
-0.000104643
-0.000120495
-9.09052e-05
-0.000110233
-7.78389e-05
-9.91297e-05
-6.55768e-05
-8.73771e-05
-5.42394e-05
-7.51962e-05
-4.39284e-05
-6.28302e-05
-3.47225e-05
-5.05383e-05
-2.66726e-05
-3.85868e-05
-1.9799e-05
-2.7241e-05
-1.40901e-05
-1.67565e-05
-9.50229e-06
-7.37384e-06
-5.97101e-06
6.85739e-07
-3.40154e-06
7.20063e-06
-1.65959e-06
1.19876e-05
-6.00344e-07
1.48945e-05
-6.87858e-08
1.57644e-05
9.74308e-08
1.4434e-05
6.50365e-08
1.07346e-05
4.49396e-06
-6.57094e-07
2.62605e-06
-2.46175e-06
8.33017e-06
-5.25844e-06
1.41996e-05
-8.90825e-06
2.00862e-05
-1.32926e-05
2.59014e-05
-1.83144e-05
3.16012e-05
-2.38974e-05
3.71746e-05
-2.99836e-05
4.26308e-05
-3.65307e-05
4.7989e-05
-4.35082e-05
5.32705e-05
-5.0894e-05
5.84937e-05
-5.86716e-05
6.36707e-05
-6.6827e-05
6.88059e-05
-7.53468e-05
7.38956e-05
-8.42165e-05
7.8928e-05
-9.34193e-05
8.38845e-05
-0.000102936
8.87407e-05
-0.000112743
9.34673e-05
-0.000122815
9.80319e-05
-0.000133123
0.000102399
-0.000143634
0.000106533
-0.000154315
0.000110396
-0.000165129
0.000113951
-0.00017604
0.000117164
-0.000187007
0.000119998
-0.000197993
0.000122424
-0.000208959
0.00012441
-0.000219865
0.00012593
-0.000230675
0.000126961
-0.000241351
0.000127482
-0.000251859
0.000127477
-0.000262163
0.000126933
-0.000272232
0.000125838
-0.000282035
0.000124188
-0.000291543
0.000121978
-0.000300728
0.000119209
-0.000309564
0.000115884
-0.000318027
0.000112007
-0.000326094
0.000107589
-0.000333743
0.000102639
-0.000340954
9.71693e-05
-0.000347707
9.1196e-05
-0.000353984
8.47355e-05
-0.000359767
7.78065e-05
-0.000365039
7.04291e-05
-0.000369785
6.26251e-05
-0.000373988
5.4418e-05
-0.000377635
4.58324e-05
-0.00038071
3.68947e-05
-0.0003832
2.76324e-05
-0.000385092
1.80748e-05
-0.000386374
8.25224e-06
-0.000387034
-1.80387e-06
-0.000387062
-1.20604e-05
-0.000386444
-2.24842e-05
-0.000385166
-3.30333e-05
-0.000383217
-4.36608e-05
-0.000380583
-5.43168e-05
-0.000377252
-6.49478e-05
-0.000373213
-7.54967e-05
-0.000368453
-8.5903e-05
-0.000362962
-9.61022e-05
-0.00035673
-0.000106026
-0.000349751
-0.000115601
-0.000342018
-0.000124752
-0.000333528
-0.000133398
-0.000324283
-0.000141453
-0.000314288
-0.000148831
-0.000303552
-0.000155441
-0.000292094
-0.000161191
-0.000279936
-0.000165988
-0.000267113
-0.00016974
-0.000253666
-0.000172361
-0.000239648
-0.000173765
-0.000225126
-0.00017388
-0.000210176
-0.000172642
-0.000194891
-0.000170002
-0.000179373
-0.000165931
-0.000163742
-0.000160424
-0.000148128
-0.000153501
-0.00013267
-0.000145213
-0.000117519
-0.000135647
-0.000102827
-0.000124925
-8.87501e-05
-0.000113207
-7.54365e-05
-0.000100691
-6.30254e-05
-8.76074e-05
-5.16385e-05
-7.42171e-05
-4.1375e-05
-6.08018e-05
-3.23055e-05
-4.76563e-05
-2.44686e-05
-3.50779e-05
-1.78682e-05
-2.3357e-05
-1.24734e-05
-1.27686e-05
-8.22061e-06
-3.56707e-06
-5.02881e-06
4.00883e-06
-2.77059e-06
9.72937e-06
-1.29826e-06
1.34221e-05
-4.53094e-07
1.49192e-05
-6.89545e-08
1.40499e-05
2.47632e-08
1.06409e-05
4.51873e-06
-7.33263e-07
3.35932e-06
-2.73141e-06
1.03283e-05
-5.80923e-06
1.72774e-05
-9.80327e-06
2.40802e-05
-1.45754e-05
3.06734e-05
-2.00134e-05
3.70392e-05
-2.60298e-05
4.3191e-05
-3.25586e-05
4.91596e-05
-3.95514e-05
5.49818e-05
-4.69734e-05
6.06924e-05
-5.47992e-05
6.63195e-05
-6.30097e-05
7.18812e-05
-7.15886e-05
7.73848e-05
-8.05204e-05
8.28274e-05
-8.97887e-05
8.81963e-05
-9.93749e-05
9.34707e-05
-0.000109258
9.86236e-05
-0.000119413
0.000103623
-0.000129813
0.000108432
-0.000140428
0.000113014
-0.000151226
0.00011733
-0.00016217
0.00012134
-0.000173226
0.000125007
-0.000184356
0.000128293
-0.000195522
0.000131164
-0.000206687
0.000133588
-0.000217812
0.000135535
-0.00022886
0.000136979
-0.000239797
0.000137898
-0.000250586
0.000138272
-0.000261195
0.000138086
-0.000271592
0.000137329
-0.000281745
0.000135992
-0.000291628
0.00013407
-0.000301211
0.000131562
-0.000310471
0.000128468
-0.000319382
0.000124795
-0.000327922
0.000120547
-0.000336069
0.000115736
-0.000343803
0.000110373
-0.000351105
0.000104471
-0.000357956
9.80473e-05
-0.00036434
9.11187e-05
-0.000370238
8.37047e-05
-0.000375635
7.58264e-05
-0.000380516
6.75061e-05
-0.000384866
5.8768e-05
-0.000388671
4.96372e-05
-0.000391917
4.01406e-05
-0.000394591
3.03063e-05
-0.00039668
2.01642e-05
-0.000398173
9.74552e-06
-0.00039906
-9.17513e-07
-0.000399328
-1.1792e-05
-0.000398966
-2.28467e-05
-0.000397959
-3.40395e-05
-0.000396296
-4.53242e-05
-0.000393962
-5.66509e-05
-0.000390943
-6.79665e-05
-0.000387226
-7.92141e-05
-0.000382796
-9.0333e-05
-0.000377639
-0.000101259
-0.000371743
-0.000111922
-0.000365096
-0.000122249
-0.000357686
-0.000132162
-0.000349505
-0.000141579
-0.000340547
-0.000150411
-0.000330811
-0.000158567
-0.0003203
-0.000165952
-0.000309023
-0.000172468
-0.000296995
-0.000178015
-0.000284242
-0.000182494
-0.000270797
-0.000185806
-0.000256705
-0.000187857
-0.000242025
-0.00018856
-0.000226828
-0.000187839
-0.000211199
-0.000185631
-0.000195238
-0.000181892
-0.000179062
-0.0001766
-0.000162801
-0.000169762
-0.000146599
-0.000161415
-0.00013061
-0.000151635
-0.000114999
-0.000140536
-9.99321e-05
-0.000128274
-8.55754e-05
-0.000115047
-7.20866e-05
-0.000101096
-5.96089e-05
-8.66948e-05
-4.82635e-05
-7.21473e-05
-3.81434e-05
-5.77764e-05
-2.9308e-05
-4.39132e-05
-2.17797e-05
-3.08853e-05
-1.55422e-05
-1.90061e-05
-1.05418e-05
-8.5675e-06
-6.69875e-06
1.65818e-07
-3.90383e-06
6.93445e-06
-2.00448e-06
1.15228e-05
-8.38147e-07
1.37529e-05
-2.33539e-07
1.34453e-05
-1.40527e-08
1.04214e-05
4.50467e-06
-8.07327e-07
4.16664e-06
-2.99274e-06
1.25137e-05
-6.34157e-06
2.06262e-05
-1.0666e-05
2.84047e-05
-1.58087e-05
3.58161e-05
-2.16429e-05
4.28733e-05
-2.80699e-05
4.96181e-05
-3.50159e-05
5.61056e-05
-4.24268e-05
6.23926e-05
-5.02633e-05
6.8529e-05
-5.84971e-05
7.45533e-05
-6.71063e-05
8.04903e-05
-7.60725e-05
8.6351e-05
-8.53782e-05
9.21331e-05
-9.50052e-05
9.78233e-05
-0.000104933
0.000103399
-0.00011514
0.00010883
-0.000125599
0.000114082
-0.000136283
0.000119116
-0.00014716
0.000123891
-0.000158198
0.000128368
-0.000169361
0.000132504
-0.000180615
0.000136261
-0.000191921
0.0001396
-0.000203244
0.000142488
-0.000214547
0.000144891
-0.000225793
0.000146781
-0.000236948
0.000148133
-0.000247977
0.000148926
-0.000258847
0.000149142
-0.000269526
0.000148766
-0.000279986
0.000147788
-0.000290197
0.000146203
-0.000300132
0.000144005
-0.000309767
0.000141196
-0.000319077
0.000137778
-0.000328039
0.000133757
-0.000336633
0.000129141
-0.000344838
0.000123941
-0.000352635
0.00011817
-0.000360005
0.000111842
-0.000366932
0.000104974
-0.000373399
9.75855e-05
-0.00037939
8.96957e-05
-0.00038489
8.13265e-05
-0.000389885
7.2501e-05
-0.000394361
6.32437e-05
-0.000398305
5.35807e-05
-0.000401703
4.35391e-05
-0.000404544
3.31476e-05
-0.000406817
2.24366e-05
-0.000408509
1.1438e-05
-0.000409612
1.84837e-07
-0.000410114
-1.12898e-05
-0.000410004
-2.29565e-05
-0.00040927
-3.47737e-05
-0.000407898
-4.66963e-05
-0.000405873
-5.86752e-05
-0.000403182
-7.0658e-05
-0.000399807
-8.25885e-05
-0.000395734
-9.44066e-05
-0.000390944
-0.000106048
-0.000385422
-0.000117444
-0.00037915
-0.000128521
-0.000372114
-0.000139199
-0.000364298
-0.000149394
-0.000355691
-0.000159018
-0.000346284
-0.000167974
-0.000336073
-0.000176164
-0.000325057
-0.000183484
-0.000313245
-0.000189828
-0.000300651
-0.000195088
-0.000287302
-0.000199155
-0.000273232
-0.000201926
-0.000258492
-0.0002033
-0.000243144
-0.000203187
-0.000227266
-0.000201508
-0.000210954
-0.000198204
-0.00019432
-0.000193234
-0.000177492
-0.00018659
-0.000160616
-0.000178292
-0.000143851
-0.0001684
-0.000127368
-0.000157018
-0.000111347
-0.000144295
-9.59686e-05
-0.000130426
-8.14098e-05
-0.000115655
-6.78358e-05
-0.000100269
-5.53917e-05
-8.45914e-05
-4.41951e-05
-6.8973e-05
-3.43293e-05
-5.37791e-05
-2.58381e-05
-3.93765e-05
-1.87236e-05
-2.61206e-05
-1.29464e-05
-1.43447e-05
-8.42738e-06
-4.35321e-06
-5.06906e-06
3.57612e-06
-2.7251e-06
9.17883e-06
-1.22758e-06
1.22553e-05
-3.98239e-07
1.26159e-05
-5.20591e-08
1.00752e-05
4.45261e-06
-8.78278e-07
5.04492e-06
-3.24235e-06
1.48778e-05
-6.84879e-06
2.42327e-05
-1.14862e-05
3.30421e-05
-1.69784e-05
4.13084e-05
-2.31846e-05
4.90795e-05
-2.99957e-05
5.64292e-05
-3.733e-05
6.34399e-05
-4.51279e-05
7.01905e-05
-5.3346e-05
7.67472e-05
-6.1953e-05
8.31602e-05
-7.09243e-05
8.94617e-05
-8.02395e-05
9.56662e-05
-8.98793e-05
0.000101773
-9.98238e-05
0.000107768
-0.000110051
0.000113627
-0.000120538
0.000119317
-0.000131257
0.000124801
-0.00014218
0.000130039
-0.000153275
0.000134987
-0.000164509
0.000139602
-0.000175848
0.000143843
-0.000187257
0.000147669
-0.000198698
0.000151042
-0.000210138
0.000153927
-0.000221541
0.000156293
-0.000232871
0.000158112
-0.000244096
0.000159358
-0.000255183
0.000160013
-0.000266101
0.00016006
-0.00027682
0.000159485
-0.000287313
0.000158281
-0.000297552
0.000156442
-0.000307513
0.000153966
-0.000317171
0.000150854
-0.000326504
0.000147111
-0.00033549
0.000142744
-0.000344111
0.000137762
-0.000352346
0.000132176
-0.000360177
0.000126001
-0.000367588
0.000119253
-0.000374563
0.000111949
-0.000381085
0.000104108
-0.000387141
9.57513e-05
-0.000392716
8.69016e-05
-0.000397797
7.75824e-05
-0.000402372
6.78189e-05
-0.000406429
5.76378e-05
-0.000409957
4.70668e-05
-0.000412945
3.61351e-05
-0.000415381
2.48735e-05
-0.000417257
1.3314e-05
-0.000418562
1.48969e-06
-0.000419286
-1.05659e-05
-0.000419422
-2.2821e-05
-0.000418957
-3.52388e-05
-0.000417878
-4.77754e-05
-0.00041617
-6.03832e-05
-0.000413817
-7.30106e-05
-0.000410803
-8.56029e-05
-0.000407108
-9.81011e-05
-0.000402714
-0.000110442
-0.000397601
-0.000122558
-0.000391747
-0.000134374
-0.000385132
-0.000145813
-0.000377737
-0.00015679
-0.000369543
-0.000167212
-0.000360534
-0.000176983
-0.000350697
-0.000186001
-0.000340024
-0.000194157
-0.000328514
-0.000201338
-0.000316173
-0.000207429
-0.000303016
-0.000212313
-0.000289069
-0.000215873
-0.000274371
-0.000217998
-0.000258976
-0.000218582
-0.000242955
-0.00021753
-0.000226394
-0.000214765
-0.0002094
-0.000210229
-0.000192098
-0.000203892
-0.000174633
-0.000195757
-0.000157166
-0.000185867
-0.000139875
-0.000174309
-0.00012295
-0.00016122
-0.000106585
-0.00014679
-9.09772e-05
-0.000131263
-7.63129e-05
-0.000114933
-6.27625e-05
-9.81417e-05
-5.04704e-05
-8.12651e-05
-3.95464e-05
-6.47031e-05
-3.00592e-05
-4.88637e-05
-2.20322e-05
-3.41476e-05
-1.54426e-05
-2.09343e-05
-1.02237e-05
-9.57219e-06
-6.27528e-06
-3.72263e-07
-3.46769e-06
6.37125e-06
-1.62619e-06
1.04138e-05
-5.65182e-07
1.15549e-05
-9.00312e-08
9.60005e-06
4.36258e-06
-9.45129e-07
5.99005e-06
-3.47696e-06
1.74096e-05
-7.3245e-06
2.80802e-05
-1.22538e-05
3.79713e-05
-1.8071e-05
4.71256e-05
-2.46217e-05
5.56302e-05
-3.17868e-05
6.35943e-05
-3.94774e-05
7.11305e-05
-4.76285e-05
7.83415e-05
-5.61928e-05
8.53115e-05
-6.51358e-05
9.21032e-05
-7.44307e-05
9.87566e-05
-8.40551e-05
0.000105291
-9.39879e-05
0.000111706
-0.000104208
0.000117988
-0.000114692
0.000124111
-0.000125415
0.00013004
-0.000136351
0.000135737
-0.000147469
0.000141157
-0.000158738
0.000146256
-0.000170126
0.000150989
-0.000181598
0.000155315
-0.000193119
0.000159191
-0.000204656
0.000162579
-0.000216174
0.000165445
-0.000227639
0.000167758
-0.000239017
0.00016949
-0.000250277
0.000170619
-0.000261389
0.000171125
-0.000272322
0.000170993
-0.000283049
0.000170212
-0.000293544
0.000168776
-0.00030378
0.000166679
-0.000313735
0.000163921
-0.000323386
0.000160505
-0.000332712
0.000156437
-0.000341692
0.000151724
-0.000350307
0.000146377
-0.00035854
0.000140409
-0.000366374
0.000133835
-0.000373793
0.000126672
-0.000380782
0.000118937
-0.000387326
0.000110652
-0.000393413
0.000101838
-0.000399031
9.2519e-05
-0.000404167
8.27184e-05
-0.000408811
7.24627e-05
-0.000412952
6.1779e-05
-0.000416581
5.06958e-05
-0.000419688
3.92427e-05
-0.000422266
2.74507e-05
-0.000424304
1.5352e-05
-0.000425794
2.97995e-06
-0.000426729
-9.63122e-06
-0.000427101
-2.2449e-05
-0.000426899
-3.54403e-05
-0.000426111
-4.85633e-05
-0.000424722
-6.17719e-05
-0.000422717
-7.50164e-05
-0.000420076
-8.82439e-05
-0.000416779
-0.000101397
-0.000412806
-0.000114415
-0.000408133
-0.000127231
-0.000402735
-0.000139772
-0.000396588
-0.000151961
-0.000389665
-0.000163712
-0.000381942
-0.000174935
-0.000373397
-0.000185529
-0.000364008
-0.00019539
-0.000353759
-0.000204406
-0.000342638
-0.000212458
-0.000330643
-0.000219424
-0.000317777
-0.000225178
-0.000304056
-0.000229594
-0.000289509
-0.000232545
-0.000274178
-0.000233912
-0.000258124
-0.000233584
-0.000241425
-0.000231464
-0.00022418
-0.000227474
-0.000206508
-0.000221563
-0.000188551
-0.000213714
-0.000170472
-0.000203946
-0.000152451
-0.00019233
-0.000134687
-0.000178985
-0.000117386
-0.000164091
-0.000100764
-0.000147886
-8.50275e-05
-0.000130669
-7.03743e-05
-0.000112795
-5.69763e-05
-9.4663e-05
-4.49726e-05
-7.67068e-05
-3.44598e-05
-5.93765e-05
-2.54867e-05
-4.31207e-05
-1.80511e-05
-2.83698e-05
-1.21015e-05
-1.55218e-05
-7.5393e-06
-4.93444e-06
-4.24259e-06
3.07454e-06
-2.04022e-06
8.21146e-06
-7.37589e-07
1.02523e-05
-1.28894e-07
8.99136e-06
4.23369e-06
-1.00693e-06
6.99698e-06
-3.69342e-06
2.00961e-05
-7.7627e-06
3.21495e-05
-1.29597e-05
4.31683e-05
-1.9074e-05
5.324e-05
-2.59386e-05
6.24947e-05
-3.34249e-05
7.10806e-05
-4.14372e-05
7.91428e-05
-4.99052e-05
8.68095e-05
-5.87781e-05
9.41845e-05
-6.80184e-05
0.000101344
-7.75971e-05
0.000108335
-8.74896e-05
0.000115183
-9.76736e-05
0.00012189
-0.000108126
0.00012844
-0.000118824
0.000134808
-0.000129741
0.000140957
-0.000140849
0.000146845
-0.000152119
0.000152427
-0.00016352
0.000157656
-0.000175019
0.000162488
-0.000186583
0.000166879
-0.000198178
0.000170786
-0.000209771
0.000174172
-0.000221329
0.000177003
-0.000232818
0.000179248
-0.000244209
0.000180881
-0.00025547
0.00018188
-0.000266572
0.000182227
-0.000277487
0.000181908
-0.000288189
0.000180914
-0.000298653
0.000179239
-0.000308854
0.00017688
-0.000318771
0.000173838
-0.000328381
0.000170116
-0.000337666
0.000165721
-0.000346605
0.000160663
-0.00035518
0.000154953
-0.000363376
0.000148605
-0.000371177
0.000141636
-0.000378567
0.000134062
-0.000385533
0.000125904
-0.000392064
0.000117183
-0.000398146
0.000107921
-0.00040377
9.81429e-05
-0.000408926
8.78741e-05
-0.000413604
7.71412e-05
-0.000417797
6.5972e-05
-0.000421497
5.43956e-05
-0.000424696
4.2442e-05
-0.000427388
3.01424e-05
-0.000429565
1.75293e-05
-0.000431222
4.63622e-06
-0.000432351
-8.50226e-06
-0.000432946
-2.18535e-05
-0.000432999
-3.53875e-05
-0.000432497
-4.9065e-05
-0.000431427
-6.2842e-05
-0.000429772
-7.66713e-05
-0.000427514
-9.05023e-05
-0.000424631
-0.000104281
-0.000421099
-0.000117947
-0.000416893
-0.000131437
-0.000411984
-0.000144681
-0.000406344
-0.000157601
-0.000399942
-0.000170115
-0.000392746
-0.00018213
-0.000384727
-0.000193548
-0.000375856
-0.000204261
-0.000366108
-0.000214153
-0.000355462
-0.000223103
-0.000343905
-0.000230982
-0.000331429
-0.000237654
-0.00031804
-0.000242984
-0.000303753
-0.000246832
-0.0002886
-0.000249065
-0.00027263
-0.000249554
-0.000255911
-0.000248183
-0.000238531
-0.000244853
-0.000220604
-0.00023949
-0.000202266
-0.000232052
-0.000183676
-0.000222536
-0.000165017
-0.000210989
-0.000146493
-0.000197509
-0.000128322
-0.000182261
-0.000110734
-0.000165474
-9.39587e-05
-0.000147444
-7.82183e-05
-0.000128535
-6.37143e-05
-0.000109167
-5.06169e-05
-8.98042e-05
-3.90541e-05
-7.09393e-05
-2.91033e-05
-5.30714e-05
-2.07868e-05
-3.66863e-05
-1.4071e-05
-2.22377e-05
-8.87032e-06
-1.01351e-05
-5.05834e-06
-7.37442e-07
-2.47581e-06
5.62893e-06
-9.18648e-07
8.69513e-06
-1.69598e-07
8.24231e-06
4.06409e-06
-1.0628e-06
8.05979e-06
-3.88885e-06
2.29222e-05
-8.15786e-06
3.64185e-05
-1.35955e-05
4.8606e-05
-1.99762e-05
5.96207e-05
-2.71213e-05
6.96398e-05
-3.48936e-05
7.88529e-05
-4.31907e-05
8.74399e-05
-5.19377e-05
9.55565e-05
-6.10801e-05
0.000103327
-7.05776e-05
0.000110841
-8.0399e-05
0.000118157
-9.05181e-05
0.000125302
-0.000100911
0.000132283
-0.000111554
0.000139083
-0.000122422
0.000145677
-0.00013349
0.000152025
-0.000144728
0.000158083
-0.000156108
0.000163807
-0.000167599
0.000169147
-0.000179168
0.000174058
-0.000190783
0.000178494
-0.000202413
0.000182415
-0.000214024
0.000185783
-0.000225584
0.000188563
-0.000237063
0.000190726
-0.00024843
0.000192248
-0.000259657
0.000193106
-0.000270715
0.000193285
-0.000281578
0.000192772
-0.000292221
0.000191558
-0.00030262
0.000189638
-0.000312752
0.000187012
-0.000322595
0.000183681
-0.00033213
0.00017965
-0.000341337
0.000174928
-0.000350198
0.000169524
-0.000358697
0.000163452
-0.000366818
0.000156726
-0.000374547
0.000149364
-0.00038187
0.000141385
-0.000388776
0.000132809
-0.000395253
0.00012366
-0.000401292
0.00011396
-0.000406885
0.000103736
-0.000412024
9.30127e-05
-0.000416701
8.18189e-05
-0.000420912
7.01827e-05
-0.000424651
5.81339e-05
-0.000427912
4.5703e-05
-0.00043069
3.29212e-05
-0.000432982
1.98211e-05
-0.000434782
6.43647e-06
-0.000436086
-7.19829e-06
-0.000436889
-2.10504e-05
-0.000437184
-3.50929e-05
-0.00043696
-4.92892e-05
-0.000436204
-6.35982e-05
-0.0004349
-7.79754e-05
-0.000433029
-9.23733e-05
-0.000430568
-0.000106741
-0.000427494
-0.000121021
-0.000423777
-0.000135154
-0.000419386
-0.000149071
-0.000414288
-0.000162699
-0.000408448
-0.000175955
-0.000401829
-0.00018875
-0.000394394
-0.000200983
-0.000386107
-0.000212548
-0.000376934
-0.000223326
-0.000366845
-0.000233192
-0.000355815
-0.000242011
-0.000343827
-0.000249642
-0.000330872
-0.000255938
-0.000316956
-0.000260749
-0.000302097
-0.000263924
-0.000286331
-0.00026532
-0.000269714
-0.0002648
-0.000252324
-0.000262243
-0.000234264
-0.00025755
-0.000215663
-0.000250654
-0.000196675
-0.000241524
-0.000177483
-0.000230181
-0.000158292
-0.0002167
-0.000139331
-0.000201222
-0.000120842
-0.000183963
-0.000103075
-0.000165212
-8.62764e-05
-0.000145334
-7.06779e-05
-0.000124766
-5.64824e-05
-0.000104
-4.38517e-05
-8.35699e-05
-3.28959e-05
-6.40273e-05
-2.36655e-05
-4.59167e-05
-1.61497e-05
-2.97535e-05
-1.02783e-05
-1.60066e-05
-5.92689e-06
-5.08881e-06
-2.93974e-06
2.64178e-06
-1.11176e-06
6.86715e-06
-2.13168e-07
7.34372e-06
3.85092e-06
-1.11193e-06
9.17172e-06
-4.0606e-06
2.58708e-05
-8.505e-06
4.08629e-05
-1.41537e-05
5.42548e-05
-2.07677e-05
6.62347e-05
-2.81577e-05
7.70297e-05
-3.61786e-05
8.68738e-05
-4.4722e-05
9.59833e-05
-5.37084e-05
0.000104543
-6.308e-05
0.000112698
-7.27938e-05
0.000120555
-8.28164e-05
0.000128179
-9.31201e-05
0.000135606
-0.00010368
0.000142842
-0.00011447
0.000149874
-0.000125467
0.000156673
-0.000136642
0.0001632
-0.000147969
0.00016941
-0.000159417
0.000175255
-0.000170957
0.000180687
-0.000182557
0.000185657
-0.000194185
0.000190123
-0.00020581
0.000194041
-0.000217402
0.000197374
-0.000228928
0.000200089
-0.00024036
0.000202158
-0.000251669
0.000203556
-0.000262826
0.000204264
-0.000273806
0.000204265
-0.000284582
0.000203548
-0.000295132
0.000202107
-0.000305431
0.000199937
-0.000315458
0.000197039
-0.000325192
0.000193415
-0.000334615
0.000189073
-0.000343707
0.000184021
-0.000352453
0.00017827
-0.000360836
0.000171835
-0.000368843
0.000164733
-0.00037646
0.000156982
-0.000383677
0.000148601
-0.000390482
0.000139615
-0.000396867
0.000130045
-0.000402824
0.000119918
-0.000408348
0.000109259
-0.000413432
9.8097e-05
-0.000418073
8.64596e-05
-0.000422267
7.43765e-05
-0.000426011
6.18779e-05
-0.000429302
4.89947e-05
-0.000432139
3.57583e-05
-0.000434519
2.22011e-05
-0.000436439
8.35665e-06
-0.000437897
-5.74081e-06
-0.000438889
-2.00583e-05
-0.00043941
-3.4572e-05
-0.000439451
-4.92481e-05
-0.000439
-6.40487e-05
-0.000438043
-7.8933e-05
-0.000436559
-9.38569e-05
-0.000434527
-0.000108773
-0.00043192
-0.000123628
-0.000428708
-0.000138366
-0.000424857
-0.000152922
-0.00042033
-0.000167226
-0.000415088
-0.000181198
-0.000409089
-0.000194749
-0.000402289
-0.000207783
-0.000394645
-0.000220192
-0.000386115
-0.000231856
-0.000376659
-0.000242648
-0.000366242
-0.000252429
-0.000354834
-0.00026105
-0.000342416
-0.000268356
-0.00032898
-0.000274185
-0.000314529
-0.000278375
-0.000299088
-0.000280761
-0.000282699
-0.00028119
-0.000265426
-0.000279515
-0.000247361
-0.000275615
-0.000228624
-0.000269391
-0.000209361
-0.000260787
-0.000189751
-0.000249791
-0.000170001
-0.00023645
-0.000150343
-0.00022088
-0.000131032
-0.000203274
-0.000112334
-0.000183909
-9.45205e-05
-0.000163148
-7.78516e-05
-0.000141435
-6.25641e-05
-0.000119287
-4.88561e-05
-9.7278e-05
-3.68731e-05
-7.60103e-05
-2.66986e-05
-5.60912e-05
-1.83483e-05
-3.81038e-05
-1.1771e-05
-2.25838e-05
-6.85424e-06
-1.00055e-05
-3.4369e-06
-7.75557e-07
-1.31978e-06
4.75002e-06
-2.60458e-07
6.2844e-06
3.59046e-06
-1.1536e-06
1.03253e-05
-4.20639e-06
2.89236e-05
-8.7998e-06
4.54563e-05
-1.46279e-05
6.00829e-05
-2.14399e-05
7.30466e-05
-2.90373e-05
8.46271e-05
-3.72679e-05
9.51043e-05
-4.60177e-05
0.000104733
-5.52031e-05
0.000113728
-6.47629e-05
0.000122258
-7.46514e-05
0.000130443
-8.48334e-05
0.000138361
-9.52797e-05
0.000146052
-0.000105964
0.000153526
-0.00011686
0.00016077
-0.000127943
0.000167756
-0.000139185
0.000174442
-0.000150559
0.000180784
-0.000162035
0.000186732
-0.000173584
0.000192236
-0.000185176
0.000197249
-0.000196778
0.000201725
-0.000208363
0.000205625
-0.000219898
0.000208909
-0.000231354
0.000211546
-0.000242704
0.000213508
-0.000253919
0.000214771
-0.000264972
0.000215317
-0.000275839
0.000215131
-0.000286494
0.000214203
-0.000296914
0.000212527
-0.000307078
0.000210101
-0.000316964
0.000206925
-0.000326553
0.000203004
-0.000335826
0.000198346
-0.000344767
0.000192961
-0.000353358
0.000186862
-0.000361588
0.000180064
-0.000369441
0.000172587
-0.000376908
0.000164448
-0.000383978
0.000155671
-0.000390643
0.00014628
-0.000396897
0.000136299
-0.000402734
0.000125755
-0.00040815
0.000114675
-0.000413143
0.00010309
-0.000417711
9.10277e-05
-0.000421854
7.8519e-05
-0.00042557
6.55947e-05
-0.000428862
5.22859e-05
-0.000431728
3.86242e-05
-0.000434168
2.46417e-05
-0.000436183
1.03714e-05
-0.000437771
-4.15307e-06
-0.000438931
-1.88983e-05
-0.00043966
-3.3843e-05
-0.000439951
-4.89569e-05
-0.000439794
-6.42058e-05
-0.000439174
-7.95527e-05
-0.000438073
-9.49576e-05
-0.000436469
-0.000110377
-0.000434333
-0.000125764
-0.000431636
-0.000141064
-0.00042834
-0.000156218
-0.000424406
-0.00017116
-0.000419791
-0.000185813
-0.000414447
-0.000200093
-0.000408326
-0.000213904
-0.000401378
-0.00022714
-0.000393551
-0.000239683
-0.000384798
-0.000251402
-0.000375071
-0.000262155
-0.000364332
-0.000271789
-0.000352548
-0.000280141
-0.000339695
-0.000287038
-0.000325767
-0.000292303
-0.00031077
-0.000295758
-0.000294733
-0.000297226
-0.000277707
-0.000296541
-0.00025977
-0.000293552
-0.000241028
-0.000288133
-0.00022162
-0.000280195
-0.000201718
-0.000269693
-0.000181525
-0.000256643
-0.000161277
-0.000241128
-0.000141236
-0.000223315
-0.000121683
-0.000203462
-0.000102912
-0.000181919
-8.52099e-05
-0.000159136
-6.88485e-05
-0.000135649
-5.4063e-05
-0.000112063
-4.1038e-05
-8.90353e-05
-2.98933e-05
-6.72359e-05
-2.06763e-05
-4.73208e-05
-1.33594e-05
-2.99007e-05
-7.84508e-06
-1.55199e-05
-3.97368e-06
-4.64696e-06
-1.54563e-06
2.32197e-06
-3.12379e-07
5.05115e-06
3.27809e-06
-1.18721e-06
1.15125e-05
-4.32424e-06
3.20607e-05
-9.0386e-06
5.01707e-05
-1.50126e-05
6.60569e-05
-2.19858e-05
8.00198e-05
-2.97517e-05
9.23931e-05
-3.81518e-05
0.000103504
-4.70673e-05
0.000113649
-5.64104e-05
0.000123071
-6.61167e-05
0.000131965
-7.61383e-05
0.000140465
-8.6438e-05
0.000148661
-9.6985e-05
0.000156599
-0.000107752
0.000164293
-0.000118712
0.000171731
-0.00012984
0.000178884
-0.000141109
0.000185711
-0.00015249
0.000192165
-0.000163955
0.000198197
-0.000175474
0.000203756
-0.000187019
0.000208794
-0.00019856
0.000213266
-0.000210066
0.000217131
-0.00022151
0.000220352
-0.000232861
0.000222898
-0.000244094
0.000224741
-0.000255181
0.000225858
-0.000266096
0.000226232
-0.000276815
0.00022585
-0.000287314
0.000224702
-0.00029757
0.000222784
-0.000307563
0.000220094
-0.000317273
0.000216634
-0.00032668
0.000212411
-0.000335767
0.000207433
-0.000344518
0.000201712
-0.000352919
0.000195263
-0.000360956
0.000188102
-0.000368618
0.000180249
-0.000375896
0.000171726
-0.000382782
0.000162557
-0.00038927
0.000152767
-0.000395355
0.000142384
-0.000401034
0.000131434
-0.000406307
0.000119948
-0.000411173
0.000107956
-0.000415634
9.54884e-05
-0.000419691
8.25766e-05
-0.000423348
6.92518e-05
-0.000426608
5.55456e-05
-0.000429474
4.14896e-05
-0.000431947
2.71153e-05
-0.000434031
1.24549e-05
-0.000435724
-2.45953e-06
-0.00043703
-1.7593e-05
-0.000437946
-3.29265e-05
-0.000438469
-4.84339e-05
-0.00043859
-6.40851e-05
-0.000438295
-7.98474e-05
-0.000437567
-9.56853e-05
-0.000436384
-0.00011156
-0.000434719
-0.000127429
-0.000432538
-0.000143244
-0.000429806
-0.000158951
-0.000426479
-0.000174487
-0.000422511
-0.000189781
-0.00041785
-0.000204753
-0.000412444
-0.000219311
-0.000406234
-0.00023335
-0.000399163
-0.000246753
-0.000391174
-0.000259391
-0.00038221
-0.000271119
-0.000372219
-0.00028178
-0.000361157
-0.000291202
-0.000348989
-0.000299206
-0.00033569
-0.000305602
-0.000321254
-0.000310194
-0.000305693
-0.000312787
-0.000289043
-0.000313191
-0.000271366
-0.000311229
-0.000252756
-0.000306743
-0.000233339
-0.000299612
-0.000213276
-0.000289756
-0.000192767
-0.000277152
-0.000172045
-0.00026185
-0.000151378
-0.000243982
-0.00013106
-0.00022378
-0.000111401
-0.000201578
-9.27176e-05
-0.00017782
-7.53126e-05
-0.000153054
-5.94606e-05
-0.000127915
-4.53869e-05
-0.000103109
-3.3252e-05
-7.93709e-05
-2.31389e-05
-5.74338e-05
-1.5049e-05
-3.79907e-05
-8.90337e-06
-2.16655e-05
-4.55248e-06
-8.99785e-06
-1.7908e-06
-4.39701e-07
-3.69417e-07
3.62976e-06
2.90867e-06
-1.21225e-06
1.27248e-05
-4.41259e-06
3.5261e-05
-9.21848e-06
5.49766e-05
-1.53035e-05
7.21419e-05
-2.23996e-05
8.71159e-05
-3.02941e-05
0.000100288
-3.88228e-05
0.000112033
-4.78625e-05
0.000122688
-5.73217e-05
0.000132531
-6.7133e-05
0.000141776
-7.72461e-05
0.000150578
-8.7622e-05
0.000159037
-9.82285e-05
0.000167206
-0.000109037
0.000175102
-0.000120021
0.000182715
-0.000131154
0.000190016
-0.000142409
0.000196965
-0.000153758
0.000203514
-0.000165174
0.000209612
-0.000176627
0.000215209
-0.000188089
0.000220256
-0.000199531
0.000224708
-0.000210924
0.000228524
-0.000222241
0.000231669
-0.000233453
0.00023411
-0.000244535
0.000235822
-0.00025546
0.000236783
-0.000266203
0.000236975
-0.00027674
0.000236387
-0.000287049
0.000235011
-0.000297108
0.000232843
-0.000306896
0.000229882
-0.000316394
0.000226133
-0.000325585
0.000221601
-0.00033445
0.000216299
-0.000342976
0.000210238
-0.00035115
0.000203436
-0.000358959
0.000195911
-0.000366394
0.000187684
-0.000373448
0.00017878
-0.000380114
0.000169223
-0.000386388
0.000159042
-0.000392269
0.000148265
-0.000397757
0.000136922
-0.000402852
0.000125043
-0.000407558
0.000112662
-0.000411879
9.98094e-05
-0.00041582
8.65175e-05
-0.000419387
7.28184e-05
-0.000422585
5.8744e-05
-0.000425421
4.43255e-05
-0.0004279
2.95942e-05
-0.000430026
1.4581e-05
-0.000431801
-6.8504e-07
-0.000433228
-1.61662e-05
-0.000434309
-3.18448e-05
-0.000435043
-4.76998e-05
-0.000435423
-6.37056e-05
-0.000435436
-7.9834e-05
-0.000435067
-9.60543e-05
-0.000434294
-0.000112333
-0.000433091
-0.000128633
-0.000431423
-0.000144911
-0.000429255
-0.00016112
-0.00042654
-0.000177201
-0.000423231
-0.00019309
-0.000419273
-0.000208711
-0.000414606
-0.000223977
-0.000409169
-0.000238787
-0.000402897
-0.000253026
-0.000395723
-0.000266565
-0.000387583
-0.00027926
-0.000378412
-0.00029095
-0.000368155
-0.00030146
-0.000356762
-0.0003106
-0.000344194
-0.000318169
-0.00033043
-0.000323958
-0.000315465
-0.000327753
-0.000299317
-0.000329339
-0.000282033
-0.000328512
-0.000263691
-0.000325086
-0.000244402
-0.000318902
-0.000224316
-0.000309842
-0.000203623
-0.000297845
-0.000182554
-0.000282919
-0.000161377
-0.000265159
-0.000140394
-0.000244763
-0.000119932
-0.00022204
-0.00010033
-0.000197422
-8.19253e-05
-0.000171459
-6.50289e-05
-0.000144812
-4.99095e-05
-0.000118228
-3.67712e-05
-9.25092e-05
-2.57376e-05
-6.84674e-05
-1.68435e-05
-4.68847e-05
-1.00344e-05
-2.84746e-05
-5.1742e-06
-1.38581e-05
-2.05753e-06
-3.55637e-06
-4.32275e-07
2.00451e-06
2.47639e-06
-1.22836e-06
1.39531e-05
-4.47024e-06
3.85029e-05
-9.33724e-06
5.98436e-05
-1.54974e-05
7.83021e-05
-2.26775e-05
9.4296e-05
-3.06597e-05
0.00010827
-3.92756e-05
0.000120649
-4.83977e-05
0.00013181
-5.79313e-05
0.000142064
-6.78062e-05
0.000151651
-7.79696e-05
0.000160742
-8.83807e-05
0.000169448
-9.90061e-05
0.000177831
-0.000109816
0.000185912
-0.000120784
0.000193683
-0.000131883
0.000201115
-0.000143086
0.000208168
-0.000154366
0.000214794
-0.000165695
0.000220941
-0.000177045
0.000226559
-0.000188389
0.000231599
-0.000199697
0.000236017
-0.000210944
0.000239771
-0.0002221
0.000242825
-0.00023314
0.00024515
-0.000244038
0.00024672
-0.000254768
0.000247513
-0.000265306
0.000247514
-0.00027563
0.000246711
-0.000285716
0.000245098
-0.000295545
0.000242671
-0.000305095
0.000239432
-0.000314349
0.000235386
-0.000323289
0.000230541
-0.0003319
0.00022491
-0.000340168
0.000218506
-0.000348081
0.000211349
-0.000355629
0.000203459
-0.000362804
0.000194859
-0.000369601
0.000185576
-0.000376014
0.000175637
-0.000382044
0.000165072
-0.00038769
0.000153911
-0.000392955
0.000142186
-0.000397842
0.000129931
-0.000402358
0.000117178
-0.00040651
0.000103961
-0.000410305
9.03128e-05
-0.000413753
7.62659e-05
-0.000416861
6.18526e-05
-0.00041964
4.7104e-05
-0.000422096
3.20506e-05
-0.000424237
1.67221e-05
-0.000426069
1.14678e-06
-0.000427594
-1.4641e-05
-0.000428818
-3.06208e-05
-0.000429741
-4.67772e-05
-0.000430357
-6.30891e-05
-0.000430658
-7.95331e-05
-0.000430629
-9.60837e-05
-0.000430249
-0.000112713
-0.000429493
-0.000129389
-0.000428328
-0.000146077
-0.000426715
-0.000162732
-0.000424611
-0.000179305
-0.000421963
-0.000195738
-0.000418716
-0.000211959
-0.000414805
-0.000227887
-0.000410165
-0.000243427
-0.000404723
-0.000258468
-0.000398406
-0.000272882
-0.00039114
-0.000286526
-0.000382851
-0.000299239
-0.000373471
-0.00031084
-0.000362935
-0.000321135
-0.000351192
-0.000329912
-0.000338203
-0.000336948
-0.000323946
-0.000342009
-0.000308423
-0.000344862
-0.000291662
-0.000345273
-0.000273722
-0.000343026
-0.000254699
-0.000337924
-0.00023473
-0.000329812
-0.000213992
-0.000318583
-0.000192708
-0.000304203
-0.000171145
-0.000286722
-0.000149609
-0.000266299
-0.000128439
-0.000243209
-0.000107997
-0.000217864
-8.86473e-05
-0.000190808
-7.07407e-05
-0.000162718
-5.4589e-05
-0.00013438
-4.04424e-05
-0.000106656
-2.84694e-05
-8.04405e-05
-1.87436e-05
-5.66106e-05
-1.12398e-05
-3.59784e-05
-5.83992e-06
-1.92579e-05
-2.34634e-06
-7.04995e-06
-5.01091e-07
1.59256e-07
1.9753e-06
-1.23529e-06
1.51884e-05
-4.4964e-06
4.1764e-05
-9.39343e-06
6.47406e-05
-1.55923e-05
8.4501e-05
-2.28166e-05
0.00010152
-3.08455e-05
0.000116299
-3.95069e-05
0.00012931
-4.86698e-05
0.000140973
-5.82364e-05
0.000151631
-6.81337e-05
0.000161548
-7.83067e-05
0.000170915
-8.87129e-05
0.000179854
-9.93175e-05
0.000188436
-0.00011009
0.000196685
-0.000121004
0.000204596
-0.000132031
0.000212142
-0.000143144
0.000219282
-0.000154318
0.000225968
-0.000165525
0.000232148
-0.000176738
0.000237772
-0.000187929
0.00024279
-0.000199071
0.000247159
-0.000210137
0.000250837
-0.000221101
0.000253789
-0.000231936
0.000255986
-0.000242618
0.000257402
-0.000253123
0.000258017
-0.000263426
0.000257817
-0.000273504
0.00025679
-0.000283337
0.000254931
-0.000292905
0.000252238
-0.000302186
0.000248714
-0.000311165
0.000244365
-0.000319825
0.000239201
-0.000328151
0.000233236
-0.000336131
0.000226486
-0.000343754
0.000218972
-0.000351011
0.000210717
-0.000357897
0.000201746
-0.000364408
0.000192087
-0.000370541
0.000181771
-0.000376299
0.000170829
-0.000381682
0.000159294
-0.000386697
0.000147201
-0.00039135
0.000134584
-0.00039565
0.000121478
-0.000399607
0.000107918
-0.000403231
9.39368e-05
-0.000406534
7.95689e-05
-0.000409527
6.48462e-05
-0.000412223
4.97997e-05
-0.000414632
3.44592e-05
-0.000416763
1.88532e-05
-0.000418626
3.00988e-06
-0.000420225
-1.30415e-05
-0.000421567
-2.9279e-05
-0.000422654
-4.56907e-05
-0.000423483
-6.22601e-05
-0.000424047
-7.89687e-05
-0.000424334
-9.57966e-05
-0.000424325
-0.000112722
-0.000423996
-0.000129719
-0.000423315
-0.000146758
-0.000422245
-0.000163803
-0.000420739
-0.000180811
-0.000418747
-0.00019773
-0.000416209
-0.000214497
-0.00041306
-0.000231036
-0.000409228
-0.000247259
-0.000404638
-0.000263058
-0.000399208
-0.000278312
-0.000392856
-0.000292878
-0.000385498
-0.000306596
-0.000377055
-0.000319284
-0.000367449
-0.000330741
-0.000356614
-0.000340747
-0.000344494
-0.000349068
-0.000331051
-0.000355453
-0.000316268
-0.000359645
-0.000300153
-0.000361388
-0.000282747
-0.000360431
-0.000264129
-0.000356543
-0.000244416
-0.000349525
-0.000223772
-0.000339226
-0.000202411
-0.000325564
-0.000180592
-0.000308541
-0.000158624
-0.000288267
-0.000136853
-0.00026498
-0.000115659
-0.000239058
-9.54328e-05
-0.000211034
-7.65622e-05
-0.000181589
-5.94024e-05
-0.00015154
-4.42519e-05
-0.000121806
-3.13275e-05
-9.33648e-05
-2.07468e-05
-6.71912e-05
-1.25198e-05
-4.42054e-05
-6.55186e-06
-2.52259e-05
-2.65689e-06
-1.09449e-05
-5.75997e-07
-1.92164e-06
1.39931e-06
-1.2329e-06
1.64213e-05
-4.49068e-06
4.50217e-05
-9.38633e-06
6.96363e-05
-1.5587e-05
9.07016e-05
-2.28159e-05
0.000108749
-3.08503e-05
0.000124333
-3.95156e-05
0.000137976
-4.86779e-05
0.000150136
-5.82365e-05
0.000161189
-6.81157e-05
0.000171427
-7.82584e-05
0.000181057
-8.86204e-05
0.000190216
-9.91656e-05
0.000198981
-0.000109863
0.000207382
-0.000120684
0.000215417
-0.000131603
0.00022306
-0.000142592
0.000230271
-0.000153625
0.000237001
-0.000164675
0.000243199
-0.000175717
0.000248813
-0.000186722
0.000253796
-0.000197666
0.000258102
-0.00020852
0.000261691
-0.000219261
0.00026453
-0.000229862
0.000266587
-0.000240299
0.000267839
-0.000250548
0.000268266
-0.000260586
0.000267855
-0.000270391
0.000266595
-0.000279943
0.000264482
-0.00028922
0.000261516
-0.000298206
0.0002577
-0.000306882
0.000253041
-0.000315234
0.000247553
-0.000323248
0.00024125
-0.000330914
0.000234151
-0.000338221
0.000226279
-0.000345163
0.000217659
-0.000351735
0.000208318
-0.000357936
0.000198288
-0.000363766
0.000187601
-0.000369228
0.00017629
-0.000374326
0.000164393
-0.00037907
0.000151945
-0.000383467
0.000138982
-0.00038753
0.000125541
-0.00039127
0.000111658
-0.000394701
9.73683e-05
-0.000397839
8.27059e-05
-0.000400695
6.77031e-05
-0.000403287
5.23907e-05
-0.000405625
3.67978e-05
-0.000407724
2.09519e-05
-0.000409593
4.87945e-06
-0.000411242
-1.13934e-05
-0.000412676
-2.7845e-05
-0.0004139
-4.44663e-05
-0.000414915
-6.12451e-05
-0.000415716
-7.81678e-05
-0.000416292
-9.52202e-05
-0.000416628
-0.000112386
-0.0004167
-0.000129647
-0.000416478
-0.000146979
-0.000415927
-0.000164354
-0.000415001
-0.000181737
-0.000413648
-0.000199083
-0.000411809
-0.000216336
-0.000409416
-0.00023343
-0.000406394
-0.00025028
-0.000402664
-0.000266789
-0.000398138
-0.000282838
-0.000392728
-0.000298289
-0.000386339
-0.000312984
-0.000378881
-0.000326742
-0.000370266
-0.000339356
-0.00036041
-0.000350603
-0.000349244
-0.000360234
-0.00033671
-0.000367986
-0.000322773
-0.000373583
-0.000307421
-0.00037674
-0.000290676
-0.000377177
-0.000272594
-0.000374625
-0.000253276
-0.000368843
-0.000232868
-0.000359634
-0.000211569
-0.000346863
-0.000189631
-0.000330479
-0.000167357
-0.000310541
-0.000145101
-0.000287236
-0.000123253
-0.000260906
-0.000102231
-0.000232056
-8.24543e-05
-0.000201366
-6.43217e-05
-0.000169672
-4.81813e-05
-0.000137947
-3.43014e-05
-0.000107245
-2.28484e-05
-7.86443e-05
-1.38729e-05
-5.31809e-05
-7.30976e-06
-3.1789e-05
-2.98916e-06
-1.52655e-05
-6.57146e-07
-4.25366e-06
7.42161e-07
-1.22121e-06
1.76425e-05
-4.45306e-06
4.82536e-05
-9.31594e-06
7.44991e-05
-1.54816e-05
9.68673e-05
-2.26755e-05
0.000115943
-3.06745e-05
0.000132332
-3.93024e-05
0.000146604
-4.84232e-05
0.000159256
-5.79334e-05
0.0001707
-6.77549e-05
0.000181249
-7.78285e-05
0.000191131
-8.81081e-05
0.000200496
-9.85564e-05
0.000209429
-0.000109142
0.000217967
-0.000119835
0.000226111
-0.00013061
0.000233835
-0.00014144
0.000241101
-0.000152298
0.00024786
-0.00016316
0.00025406
-0.000173998
0.000259652
-0.000184788
0.000264585
-0.000195502
0.000268816
-0.000206116
0.000272305
-0.000216604
0.000275018
-0.000226942
0.000276925
-0.000237106
0.000278003
-0.000247073
0.000278233
-0.000256819
0.000277601
-0.000266325
0.0002761
-0.000275568
0.000273726
-0.000284531
0.000270479
-0.000293195
0.000266364
-0.000301545
0.000261391
-0.000309566
0.000255574
-0.000317246
0.00024893
-0.000324575
0.00024148
-0.000331545
0.000233249
-0.000338151
0.000224265
-0.00034439
0.000214557
-0.000350263
0.00020416
-0.000355771
0.000193109
-0.000360919
0.000181439
-0.000365717
0.00016919
-0.000370172
0.0001564
-0.000374297
0.000143107
-0.000378106
0.00012935
-0.000381614
0.000115165
-0.000384836
0.000100591
-0.00038779
8.56599e-05
-0.000390493
7.04057e-05
-0.000392961
5.48586e-05
-0.00039521
3.90469e-05
-0.000397255
2.29968e-05
-0.000399108
6.73319e-06
-0.000400781
-9.72066e-06
-0.000402282
-2.63442e-05
-0.000403617
-4.31307e-05
-0.00040479
-6.0072e-05
-0.000405799
-7.71595e-05
-0.000406634
-9.43845e-05
-0.000407284
-0.000111737
-0.000407726
-0.000129204
-0.000407934
-0.000146771
-0.000407872
-0.000164416
-0.000407497
-0.000182111
-0.000406759
-0.000199821
-0.000405598
-0.000217498
-0.000403944
-0.000235083
-0.000401723
-0.000252501
-0.00039885
-0.000269662
-0.000395234
-0.000286454
-0.000390778
-0.000302745
-0.000385383
-0.00031838
-0.000378947
-0.000333178
-0.000371368
-0.000346935
-0.000362552
-0.000359419
-0.00035241
-0.000370375
-0.00034087
-0.000379527
-0.000327875
-0.000386577
-0.000313395
-0.00039122
-0.000297429
-0.000393143
-0.000280011
-0.000392042
-0.000261222
-0.000387632
-0.000241189
-0.000379667
-0.000220093
-0.000367959
-0.000198174
-0.000352399
-0.000175728
-0.000332987
-0.000153108
-0.000309856
-0.000130716
-0.000283298
-0.000108987
-0.000253785
-8.83732e-05
-0.000221979
-6.93144e-05
-0.000188731
-5.22082e-05
-0.000155053
-3.73771e-05
-0.000122076
-2.50406e-05
-9.09808e-05
-1.52958e-05
-6.29256e-05
-8.11282e-06
-3.8972e-05
-3.34394e-06
-2.00344e-05
-7.44581e-07
-6.85301e-06
-2.42053e-09
-1.20031e-06
1.88429e-05
-4.3839e-06
5.14372e-05
-9.18294e-06
7.92982e-05
-1.52773e-05
0.000102962
-2.23968e-05
0.000123063
-3.032e-05
0.000140255
-3.887e-05
0.000155154
-4.79092e-05
0.000168296
-5.73315e-05
0.000180122
-6.70566e-05
0.000190974
-7.70232e-05
0.000201097
-8.71833e-05
0.000210656
-9.74986e-05
0.000219744
-0.000107936
0.000228405
-0.000118468
0.000236642
-0.000129065
0.000244433
-0.000139703
0.000251739
-0.000150356
0.000258512
-0.000160997
0.000264702
-0.000171603
0.000270257
-0.000182146
0.000275129
-0.000192603
0.000279273
-0.000202948
0.000282651
-0.000213157
0.000285227
-0.000223206
0.000286974
-0.000233072
0.000287868
-0.000242731
0.000287892
-0.000252162
0.000287032
-0.000261344
0.000285282
-0.000270257
0.000282639
-0.000278883
0.000279105
-0.000287205
0.000274686
-0.000295208
0.000269394
-0.000302879
0.000263245
-0.000310206
0.000256257
-0.000317181
0.000248455
-0.000323798
0.000239866
-0.000330053
0.000230519
-0.000335944
0.000220449
-0.000341475
0.000209691
-0.000346648
0.000198282
-0.000351473
0.000186263
-0.000355957
0.000173674
-0.000360113
0.000160556
-0.000363955
0.000146949
-0.0003675
0.000132894
-0.000370764
0.000118429
-0.000373765
0.000103592
-0.000376524
8.84185e-05
-0.000379059
7.29404e-05
-0.000381389
5.71883e-05
-0.000383532
4.11898e-05
-0.000385504
2.49698e-05
-0.000387322
8.55108e-06
-0.000388998
-8.0455e-06
-0.000390541
-2.48009e-05
-0.000391961
-4.17102e-05
-0.000393264
-5.87693e-05
-0.000394449
-7.59743e-05
-0.000395512
-9.3322e-05
-0.00039644
-0.000110808
-0.000397218
-0.000128427
-0.000397819
-0.00014617
-0.000398211
-0.000164024
-0.000398353
-0.000181969
-0.000398196
-0.000199978
-0.000397682
-0.000218012
-0.000396742
-0.000236023
-0.0003953
-0.000253944
-0.000393269
-0.000271693
-0.000390554
-0.000289168
-0.000387055
-0.000306244
-0.000382664
-0.000322771
-0.00037727
-0.000338572
-0.000370762
-0.000353443
-0.000363031
-0.000367151
-0.000353973
-0.000379433
-0.000343498
-0.000390002
-0.000331531
-0.000398545
-0.00031802
-0.000404731
-0.000302941
-0.000408222
-0.000286308
-0.000408675
-0.000268177
-0.000405763
-0.000248653
-0.000399191
-0.000227899
-0.000388713
-0.000206138
-0.00037416
-0.000183655
-0.00035547
-0.0001608
-0.000332711
-0.000137979
-0.000306119
-0.000115644
-0.000276121
-9.42724e-05
-0.000243351
-7.43445e-05
-0.000208659
-5.63068e-05
-0.000173091
-4.05377e-05
-0.000137845
-2.73136e-05
-0.000104205
-1.67835e-05
-7.34557e-05
-8.95915e-06
-4.67963e-05
-3.72083e-06
-2.52727e-05
-8.38298e-07
-9.73554e-06
-8.40719e-07
-1.17044e-06
2.00133e-05
-4.28393e-06
5.45507e-05
-8.98866e-06
8.40029e-05
-1.4976e-05
0.000108949
-2.19826e-05
0.000130069
-2.97903e-05
0.000148063
-3.82227e-05
0.000163586
-4.71408e-05
0.000177214
-5.64369e-05
0.000189418
-6.60281e-05
0.000200565
-7.5851e-05
0.00021092
-8.58562e-05
0.000220661
-9.60037e-05
0.000229892
-0.00010626
0.000238662
-0.000116596
0.000246978
-0.000126985
0.000254821
-0.0001374
0.000262154
-0.000147816
0.000268928
-0.000158208
0.000275094
-0.000168552
0.000280601
-0.000178823
0.000285399
-0.000188996
0.000289446
-0.000199047
0.000292702
-0.000208952
0.000295132
-0.000218688
0.00029671
-0.000228231
0.000297412
-0.000237561
0.000297221
-0.000246655
0.000296126
-0.000255493
0.000294121
-0.000264057
0.000291202
-0.000272328
0.000287376
-0.00028029
0.000282649
-0.00028793
0.000277034
-0.000295236
0.00027055
-0.000302197
0.000263218
-0.000308806
0.000255064
-0.000315058
0.000246118
-0.000320951
0.000236412
-0.000326486
0.000225984
-0.000331667
0.000214871
-0.000336499
0.000203114
-0.000340992
0.000190756
-0.000345158
0.00017784
-0.000349009
0.000164408
-0.000352564
0.000150504
-0.000355839
0.000136169
-0.000358853
0.000121444
-0.000361628
0.000106367
-0.000364184
9.09743e-05
-0.000366542
7.52985e-05
-0.000368723
5.93696e-05
-0.000370748
4.32143e-05
-0.000372634
2.68562e-05
-0.000374399
1.0316e-05
-0.000376057
-6.38765e-06
-0.00037762
-2.32374e-05
-0.0003791
-4.02301e-05
-0.000380505
-5.73651e-05
-0.000381836
-7.46433e-05
-0.000383091
-9.20665e-05
-0.000384263
-0.000109636
-0.000385337
-0.000127354
-0.00038629
-0.000145216
-0.000387095
-0.000163219
-0.000387713
-0.000181351
-0.000388097
-0.000199594
-0.00038819
-0.000217918
-0.000387927
-0.000236285
-0.000387231
-0.00025464
-0.000386015
-0.000272909
-0.000384182
-0.000291001
-0.000381628
-0.000308799
-0.000378238
-0.00032616
-0.000373895
-0.000342915
-0.000368476
-0.000358861
-0.000361861
-0.000373766
-0.000353932
-0.000387362
-0.000344581
-0.000399353
-0.000333714
-0.000409412
-0.000321257
-0.000417188
-0.000307165
-0.000422314
-0.000291427
-0.000424413
-0.000274074
-0.000423116
-0.00025519
-0.000418075
-0.000234913
-0.00040899
-0.000213447
-0.000395626
-0.000191064
-0.000377852
-0.000168106
-0.00035567
-0.000144977
-0.000329247
-0.000122143
-0.000298955
-0.000100103
-0.00026539
-7.93734e-05
-0.000229388
-6.04488e-05
-0.000192015
-4.3764e-05
-0.00015453
-2.96555e-05
-0.000118313
-1.83296e-05
-8.47816e-05
-9.8459e-06
-5.52801e-05
-4.11884e-06
-3.09998e-05
-9.38056e-07
-1.29163e-05
-1.77877e-06
-1.13194e-06
2.11452e-05
-4.15419e-06
5.75729e-05
-8.73504e-06
8.85838e-05
-1.45805e-05
0.000114794
-2.14367e-05
0.000136925
-2.90902e-05
0.000155716
-3.73663e-05
0.000171862
-4.61253e-05
0.000185973
-5.52577e-05
0.00019855
-6.46787e-05
0.000209986
-7.43228e-05
0.000220564
-8.41387e-05
0.000230477
-9.40853e-05
0.000239839
-0.000104128
0.000248705
-0.000114238
0.000257088
-0.000124387
0.00026497
-0.00013455
0.000272317
-0.000144702
0.00027908
-0.000154818
0.00028521
-0.000164874
0.000290657
-0.000174846
0.000295372
-0.000184711
0.000299311
-0.000194444
0.000302435
-0.000204022
0.000304711
-0.000213423
0.000306111
-0.000222625
0.000306613
-0.000231605
0.000306202
-0.000240344
0.000304865
-0.000248821
0.000302598
-0.000257019
0.0002994
-0.00026492
0.000295277
-0.00027251
0.000290239
-0.000279775
0.0002843
-0.000286705
0.00027748
-0.00029329
0.000269804
-0.000299525
0.000261299
-0.000305407
0.000251999
-0.000310934
0.000241939
-0.000316109
0.000231159
-0.000320937
0.000219699
-0.000325426
0.000207604
-0.000329588
0.000194918
-0.000333435
0.000181687
-0.000336983
0.000167956
-0.00034025
0.000153771
-0.000343255
0.000139174
-0.00034602
0.000124209
-0.000348567
0.000108914
-0.000350918
9.3325e-05
-0.000353095
7.74761e-05
-0.000355122
6.13965e-05
-0.00035702
4.51122e-05
-0.000358809
2.86452e-05
-0.000360507
1.20145e-05
-0.000362131
-4.76388e-06
-0.000363695
-2.16739e-05
-0.000365211
-3.87138e-05
-0.00036669
-5.58865e-05
-0.000368136
-7.3197e-05
-0.00036955
-9.06522e-05
-0.000370927
-0.000108259
-0.000372257
-0.000126024
-0.00037352
-0.000143953
-0.000374691
-0.000162048
-0.000375737
-0.000180305
-0.000376614
-0.000198717
-0.000377268
-0.000217264
-0.000377637
-0.000235917
-0.000377645
-0.000254632
-0.000377206
-0.000273348
-0.000376222
-0.000291984
-0.000374587
-0.000310434
-0.000372182
-0.000328565
-0.000368882
-0.000346215
-0.000364558
-0.000363186
-0.000359076
-0.000379247
-0.000352306
-0.000394132
-0.000344123
-0.000407536
-0.000334414
-0.000419121
-0.000323084
-0.000428518
-0.000310065
-0.000435333
-0.000295322
-0.000439156
-0.00027886
-0.000439577
-0.000260737
-0.000436199
-0.000241067
-0.00042866
-0.000220032
-0.000416661
-0.000197885
-0.000399999
-0.000174956
-0.000378599
-0.000151647
-0.000352557
-0.000128426
-0.000322176
-0.000105815
-0.000288001
-8.4361e-05
-0.000250843
-6.46035e-05
-0.000211773
-4.70345e-05
-0.000172099
-3.20528e-05
-0.000133295
-1.99267e-05
-9.69077e-05
-1.07695e-05
-6.44372e-05
-4.53678e-06
-3.72325e-05
-1.04382e-06
-1.64093e-05
-2.8226e-06
-1.08524e-06
2.22305e-05
-3.99604e-06
6.04837e-05
-8.42457e-06
9.30123e-05
-1.40947e-05
0.000120465
-2.07641e-05
0.000143595
-2.82259e-05
0.000163178
-3.6308e-05
0.000179944
-4.48709e-05
0.000194536
-5.38037e-05
0.000207483
-6.30197e-05
0.000219202
-7.24511e-05
0.000229996
-8.20451e-05
0.000240071
-9.17592e-05
0.000249553
-0.000101558
0.000258504
-0.000111412
0.000266942
-0.000121293
0.000274852
-0.000131177
0.0002822
-0.000141037
0.000288941
-0.000150851
0.000295024
-0.000160595
0.000300401
-0.000170246
0.000305022
-0.00017978
0.000308844
-0.000189174
0.000311829
-0.000198406
0.000313943
-0.000207453
0.000315158
-0.000216295
0.000315455
-0.000224909
0.000314816
-0.000233277
0.000313233
-0.00024138
0.0003107
-0.000249199
0.00030722
-0.00025672
0.000302798
-0.000263928
0.000297446
-0.00027081
0.000291182
-0.000277358
0.000284028
-0.000283563
0.000276009
-0.000289421
0.000267157
-0.00029493
0.000257508
-0.000300091
0.0002471
-0.000304908
0.000235975
-0.000309386
0.000224178
-0.000313537
0.000211755
-0.000317372
0.000198753
-0.000320906
0.000185221
-0.000324156
0.000171206
-0.000327141
0.000156756
-0.000329883
0.000141916
-0.000332403
0.000126729
-0.000334726
0.000111236
-0.000336874
9.54732e-05
-0.000338872
7.94741e-05
-0.000340743
6.32679e-05
-0.000342511
4.68799e-05
-0.000344196
3.03306e-05
-0.000345819
1.36369e-05
-0.000347395
-3.18744e-06
-0.000348942
-2.01275e-05
-0.000350473
-3.71824e-05
-0.000352001
-5.43584e-05
-0.000353533
-7.16649e-05
-0.000355073
-8.91129e-05
-0.000356617
-0.000106714
-0.00035816
-0.000124482
-0.000359687
-0.000142427
-0.000361176
-0.000160559
-0.000362599
-0.000178883
-0.000363915
-0.0001974
-0.000365077
-0.000216102
-0.000366024
-0.00023497
-0.000366685
-0.000253972
-0.000366974
-0.000273059
-0.000366796
-0.000292162
-0.000366042
-0.000311188
-0.000364592
-0.000330015
-0.000362316
-0.000348491
-0.000359077
-0.000366425
-0.000354731
-0.000383593
-0.000349135
-0.000399728
-0.000342149
-0.000414522
-0.000333641
-0.000427628
-0.000323498
-0.000438661
-0.000311626
-0.000447204
-0.000297965
-0.000452817
-0.000282495
-0.000455047
-0.000265246
-0.000453448
-0.000246306
-0.0004476
-0.000225831
-0.000437135
-0.000204055
-0.000421775
-0.000181288
-0.000401365
-0.000157926
-0.000375919
-0.000134439
-0.000345663
-0.00011136
-0.00031108
-8.92662e-05
-0.000272937
-6.87393e-05
-0.0002323
-5.03264e-05
-0.000190512
-3.44906e-05
-0.000149131
-2.1566e-05
-0.000109832
-1.17259e-05
-7.42773e-05
-4.97314e-06
-4.39853e-05
-1.15534e-06
-2.02271e-05
-3.97794e-06
-1.03084e-06
2.32613e-05
-3.81109e-06
6.3264e-05
-8.06027e-06
9.72615e-05
-1.35229e-05
0.000125927
-1.99706e-05
0.000150042
-2.72046e-05
0.000170412
-3.50566e-05
0.000187797
-4.33879e-05
0.000202867
-5.20864e-05
0.000216182
-6.10638e-05
0.000228179
-7.02503e-05
0.000239182
-7.95913e-05
0.000249412
-8.9043e-05
0.000259004
-9.85693e-05
0.00026803
-0.00010814
0.000276512
-0.000117726
0.000284438
-0.000127304
0.000291778
-0.000136849
0.000298486
-0.000146338
0.000304513
-0.000155748
0.00030981
-0.000165055
0.00031433
-0.000174238
0.000318027
-0.000183274
0.000320865
-0.000192142
0.00032281
-0.000200819
0.000323836
-0.000209286
0.000323921
-0.000217521
0.000323052
-0.000225506
0.000321218
-0.000233223
0.000318417
-0.000240656
0.000314652
-0.000247788
0.00030993
-0.000254608
0.000304266
-0.000261104
0.000297678
-0.000267268
0.000290191
-0.000273093
0.000281834
-0.000278575
0.00027264
-0.000283715
0.000262648
-0.000288515
0.0002519
-0.000292979
0.00024044
-0.000297116
0.000228315
-0.000300937
0.000215575
-0.000304455
0.000202271
-0.000307686
0.000188452
-0.000310649
0.000174169
-0.000313364
0.000159471
-0.000315852
0.000144405
-0.000318138
0.000129015
-0.000320246
0.000113343
-0.000322199
9.74264e-05
-0.000324023
8.1298e-05
-0.000325742
6.49871e-05
-0.00032738
4.8518e-05
-0.00032896
3.19101e-05
-0.000330501
1.51779e-05
-0.00033202
-1.66755e-06
-0.000333536
-1.86116e-05
-0.000335065
-3.56533e-05
-0.000336621
-5.28032e-05
-0.000338212
-7.0074e-05
-0.000339844
-8.74805e-05
-0.000341519
-0.000105039
-0.000343234
-0.000122767
-0.000344977
-0.000140683
-0.000346734
-0.000158802
-0.000348479
-0.000177138
-0.000350178
-0.000195701
-0.000351789
-0.000214491
-0.000353254
-0.000233504
-0.000354508
-0.000252718
-0.000355469
-0.000272098
-0.000356043
-0.000291588
-0.000356122
-0.000311109
-0.000355585
-0.000330552
-0.000354298
-0.000349777
-0.000352119
-0.000368604
-0.000348896
-0.000386816
-0.000344475
-0.00040415
-0.0003387
-0.000420297
-0.000331424
-0.000434905
-0.00032251
-0.000447575
-0.000311845
-0.00045787
-0.000299342
-0.00046532
-0.000284954
-0.000469436
-0.000268681
-0.00046972
-0.000250585
-0.000465696
-0.000230795
-0.000456926
-0.000209517
-0.000443053
-0.000187045
-0.000423838
-0.000163759
-0.000399205
-0.000140126
-0.000369296
-0.00011669
-0.000334516
-9.40483e-05
-0.000295578
-7.28235e-05
-0.000253525
-5.36159e-05
-0.000209719
-3.6953e-05
-0.000165794
-2.32381e-05
-0.000123547
-1.27102e-05
-8.48053e-05
-5.4261e-06
-5.12693e-05
-1.27223e-06
-2.43809e-05
-5.25016e-06
-9.69338e-07
2.42307e-05
-3.60122e-06
6.58959e-05
-7.64559e-06
0.000101306
-1.28702e-05
0.000131152
-1.90629e-05
0.000156235
-2.60346e-05
0.000177384
-3.36218e-05
0.000195384
-4.16873e-05
0.000210932
-5.01185e-05
0.000224613
-5.88253e-05
0.000236886
-6.77363e-05
0.000248093
-7.67949e-05
0.000258471
-8.59559e-05
0.000268165
-9.51824e-05
0.000277257
-0.000104443
0.000285773
-0.00011371
0.000293706
-0.000122959
0.000301027
-0.000132166
0.000307693
-0.000141308
0.000313655
-0.000150363
0.000318865
-0.000159309
0.000323275
-0.000168123
0.000326842
-0.000176785
0.000329527
-0.000185273
0.000331298
-0.000193566
0.000332129
-0.000201645
0.000332
-0.00020949
0.000330897
-0.000217084
0.000328811
-0.000224408
0.000325742
-0.000231447
0.000321692
-0.000238188
0.000316671
-0.000244618
0.000310696
-0.000250727
0.000303788
-0.000256508
0.000295972
-0.000261956
0.000287282
-0.000267069
0.000277753
-0.000271848
0.000267427
-0.000276295
0.000256347
-0.000280418
0.000244562
-0.000284225
0.000232122
-0.000287729
0.000219079
-0.000290944
0.000205486
-0.000293887
0.000191395
-0.000296579
0.00017686
-0.000299038
0.000161931
-0.000301289
0.000146656
-0.000303355
0.000131081
-0.000305261
0.000115249
-0.000307031
9.91965e-05
-0.000308691
8.29578e-05
-0.000310265
6.65615e-05
-0.000311778
5.00312e-05
-0.000313253
3.33853e-05
-0.000314712
1.66364e-05
-0.00031617
-2.08941e-07
-0.000317646
-1.71354e-05
-0.000319159
-3.41403e-05
-0.000320723
-5.12394e-05
-0.000322349
-6.84482e-05
-0.000324045
-8.57845e-05
-0.000325816
-0.000103268
-0.000327661
-0.000120922
-0.000329576
-0.000138768
-0.000331549
-0.000156829
-0.000333561
-0.000175126
-0.000335584
-0.000193678
-0.00033758
-0.000212495
-0.0003395
-0.000231584
-0.000341282
-0.000250936
-0.000342849
-0.000270531
-0.000344112
-0.000290326
-0.000344964
-0.000310256
-0.000345287
-0.00033023
-0.000344944
-0.00035012
-0.000343788
-0.00036976
-0.000341662
-0.000388942
-0.000338401
-0.000407411
-0.000333837
-0.000424861
-0.000327805
-0.000440936
-0.000320152
-0.000455228
-0.000310738
-0.000467283
-0.000299454
-0.000476604
-0.000286224
-0.000482666
-0.00027102
-0.000484924
-0.000253872
-0.000482843
-0.000234881
-0.000475917
-0.000214226
-0.000463708
-0.000192175
-0.000445888
-0.000169093
-0.000422287
-0.000145439
-0.000392951
-0.000121758
-0.000358197
-9.86674e-05
-0.000318668
-7.68238e-05
-0.000275368
-5.68783e-05
-0.000229665
-3.94231e-05
-0.000183249
-2.4933e-05
-0.000138037
-1.37172e-05
-9.60211e-05
-5.89361e-06
-5.90929e-05
-1.39406e-06
-2.88805e-05
-6.64422e-06
-9.01398e-07
2.51321e-05
-3.36853e-06
6.8363e-05
-7.1844e-06
0.000105122
-1.21425e-05
0.00013611
-1.80487e-05
0.000162141
-2.47252e-05
0.00018406
-3.20145e-05
0.000202673
-3.97816e-05
0.000218699
-4.79139e-05
0.000232745
-5.63199e-05
0.000245292
-6.49262e-05
0.0002567
-7.36746e-05
0.000267219
-8.25185e-05
0.000277009
-9.14198e-05
0.000286158
-0.000100347
0.0002947
-0.000109272
0.000302631
-0.00011817
0.000309925
-0.000127019
0.000316541
-0.000135794
0.000322431
-0.000144476
0.000327547
-0.000153042
0.000331841
-0.000161472
0.000335272
-0.000169745
0.0003378
-0.000177841
0.000339394
-0.000185739
0.000340028
-0.000193421
0.000339682
-0.000200868
0.000338344
-0.000208063
0.000336006
-0.000214989
0.000332668
-0.000221633
0.000328335
-0.000227981
0.000323019
-0.000234022
0.000316737
-0.000239748
0.000309513
-0.000245152
0.000301376
-0.000250231
0.000292361
-0.000254983
0.000282505
-0.000259411
0.000271854
-0.000263518
0.000260455
-0.000267314
0.000248358
-0.000270807
0.000235616
-0.000274011
0.000222283
-0.000276942
0.000208416
-0.000279617
0.00019407
-0.000282055
0.000179299
-0.000284279
0.000164155
-0.000286311
0.000148688
-0.000288176
0.000132946
-0.000289897
0.00011697
-0.0002915
0.000100799
-0.000293009
8.44675e-05
-0.00029445
6.80025e-05
-0.000295847
5.14274e-05
-0.000297221
3.47597e-05
-0.000298596
1.80109e-05
-0.000299993
1.1881e-06
-0.000301428
-1.57001e-05
-0.000302917
-3.26516e-05
-0.000304474
-4.96817e-05
-0.000306114
-6.68081e-05
-0.000307848
-8.40512e-05
-0.000309682
-0.000101434
-0.000311621
-0.000118983
-0.000313664
-0.000136725
-0.000315804
-0.000154689
-0.000318028
-0.000172902
-0.000320314
-0.000191391
-0.000322632
-0.000210178
-0.000324938
-0.000229278
-0.000327177
-0.000248697
-0.00032928
-0.000268428
-0.000331162
-0.000288444
-0.000332721
-0.000308697
-0.000333839
-0.000329112
-0.000334382
-0.000349577
-0.000334201
-0.000369941
-0.000333132
-0.000390011
-0.000331002
-0.000409541
-0.000327633
-0.00042823
-0.000322846
-0.000445724
-0.000316466
-0.000461608
-0.000308335
-0.000475414
-0.000298316
-0.000486623
-0.000286308
-0.000494674
-0.000272251
-0.000498981
-0.000256146
-0.000498949
-0.00023806
-0.000494003
-0.000218143
-0.000483625
-0.000196637
-0.000467394
-0.000173885
-0.00044504
-0.000150331
-0.000416504
-0.000126521
-0.000382007
-0.000103085
-0.000342105
-8.07081e-05
-0.000297745
-6.00893e-05
-0.000250283
-4.18838e-05
-0.000201455
-2.66397e-05
-0.000153281
-1.47413e-05
-0.00010792
-6.37343e-06
-6.74608e-05
-1.52036e-06
-3.37336e-05
-8.16458e-06
-8.2773e-07
2.59598e-05
-3.11527e-06
7.06505e-05
-6.68093e-06
0.000108687
-1.1346e-05
0.000140775
-1.69361e-05
0.000167731
-2.32864e-05
0.000190411
-3.02465e-05
0.000209633
-3.76844e-05
0.000226137
-4.54878e-05
0.000240549
-5.35642e-05
0.000253368
-6.18384e-05
0.000264974
-7.02506e-05
0.000275631
-7.87525e-05
0.000285511
-8.73052e-05
0.000294711
-9.58764e-05
0.000303271
-0.000104438
0.000311193
-0.000112966
0.000318453
-0.000121437
0.000325012
-0.000129829
0.000330823
-0.000138121
0.000335839
-0.000146294
0.000340014
-0.000154326
0.000343304
-0.000162198
0.000345672
-0.00016989
0.000347086
-0.000177384
0.000347522
-0.000184661
0.000346959
-0.000191704
0.000345387
-0.000198497
0.000342799
-0.000205024
0.000339195
-0.000211272
0.000334583
-0.000217229
0.000328976
-0.000222886
0.000322394
-0.000228234
0.000314862
-0.00023327
0.000306412
-0.000237989
0.00029708
-0.000242393
0.000286909
-0.000246484
0.000275946
-0.000250268
0.000264239
-0.000253754
0.000251843
-0.000256952
0.000238814
-0.000259877
0.000225208
-0.000262544
0.000211083
-0.000264972
0.000196498
-0.00026718
0.000181507
-0.000269191
0.000166165
-0.000271026
0.000150524
-0.000272711
0.00013463
-0.000274269
0.000118528
-0.000275724
0.000102255
-0.000277101
8.58449e-05
-0.000278425
6.93261e-05
-0.000279718
5.27207e-05
-0.000281004
3.60453e-05
-0.000282304
1.9311e-05
-0.00028364
2.52433e-06
-0.000285029
-1.43112e-05
-0.000286486
-3.11952e-05
-0.000288025
-4.8142e-05
-0.000289663
-6.51703e-05
-0.000291412
-8.23027e-05
-0.000293281
-9.95647e-05
-0.000295279
-0.000116985
-0.000297409
-0.000134595
-0.000299669
-0.000152429
-0.000302052
-0.000170519
-0.000304543
-0.0001889
-0.000307118
-0.000207603
-0.000309743
-0.000226654
-0.000312368
-0.000246072
-0.000314932
-0.000265863
-0.000317358
-0.000286018
-0.000319548
-0.000306507
-0.000321391
-0.00032727
-0.000322753
-0.000348215
-0.000323484
-0.00036921
-0.00032342
-0.000390075
-0.000322381
-0.00041058
-0.000320178
-0.000430433
-0.000316619
-0.000449283
-0.000311513
-0.000466714
-0.00030468
-0.000482247
-0.00029596
-0.000495343
-0.000285222
-0.000505412
-0.000272378
-0.000511824
-0.000257396
-0.000513931
-0.000240311
-0.000511088
-0.00022124
-0.000502696
-0.000200396
-0.000488239
-0.000178094
-0.000467341
-0.000154763
-0.000439835
-0.000130941
-0.000405828
-0.000107266
-0.000365781
-8.44458e-05
-0.000320565
-6.32244e-05
-0.000271505
-4.43176e-05
-0.000220361
-2.83475e-05
-0.000169252
-1.57766e-05
-0.00012049
-6.86315e-06
-7.63743e-05
-1.65059e-06
-3.89461e-05
-9.81517e-06
-7.49092e-07
2.67089e-05
-2.84389e-06
7.27453e-05
-6.13971e-06
0.000111983
-1.04873e-05
0.000145123
-1.5734e-05
0.000172978
-2.1729e-05
0.000196406
-2.83304e-05
0.000216235
-3.54098e-05
0.000233217
-4.28561e-05
0.000247995
-5.05758e-05
0.000261088
-5.84922e-05
0.000272891
-6.65437e-05
0.000283683
-7.46807e-05
0.000293648
-8.28631e-05
0.000302893
-9.10579e-05
0.000311466
-9.92372e-05
0.000319372
-0.000107376
0.000326592
-0.000115453
0.000333088
-0.000123446
0.000338816
-0.000131335
0.000343728
-0.0001391
0.000347779
-0.000146723
0.000350926
-0.000154184
0.000353133
-0.000161464
0.000354367
-0.000168547
0.000354604
-0.000175415
0.000353827
-0.00018205
0.000352023
-0.000188439
0.000349188
-0.000194567
0.000345323
-0.000200422
0.000340438
-0.000205993
0.000334547
-0.000211272
0.000327673
-0.000216252
0.000319842
-0.000220929
0.000311089
-0.000225302
0.000301453
-0.000229372
0.000290979
-0.000233143
0.000279717
-0.000236622
0.000267718
-0.000239818
0.000255039
-0.000242742
0.000241738
-0.00024541
0.000227875
-0.000247836
0.00021351
-0.000250041
0.000198702
-0.000252044
0.00018351
-0.000253866
0.000167987
-0.00025553
0.000152188
-0.000257059
0.000136159
-0.000258476
0.000119945
-0.000259806
0.000103585
-0.000261072
8.71108e-05
-0.000262297
7.05511e-05
-0.000263504
5.39276e-05
-0.000264715
3.7256e-05
-0.000265951
2.05468e-05
-0.000267231
3.80516e-06
-0.000268574
-1.29682e-05
-0.000269995
-2.97745e-05
-0.000271509
-4.66278e-05
-0.000273132
-6.35474e-05
-0.000274878
-8.05567e-05
-0.00027676
-9.76832e-05
-0.000278787
-0.000114958
-0.000280968
-0.000132415
-0.000283305
-0.000150091
-0.000285799
-0.000168026
-0.000288439
-0.00018626
-0.000291209
-0.000204832
-0.000294084
-0.000223779
-0.000297023
-0.000243133
-0.000299972
-0.000262913
-0.000302863
-0.000283128
-0.000305606
-0.000303764
-0.000308094
-0.000324781
-0.000310199
-0.000346109
-0.000311774
-0.000367635
-0.000312652
-0.000389197
-0.00031265
-0.000410582
-0.000311571
-0.000431512
-0.000309211
-0.000451643
-0.000305364
-0.000470561
-0.00029983
-0.000487781
-0.000292426
-0.000502748
-0.000282994
-0.000514844
-0.000271416
-0.000523402
-0.000257627
-0.00052772
-0.000241627
-0.000527088
-0.0002235
-0.000520823
-0.000203425
-0.000508314
-0.00018169
-0.000489076
-0.0001587
-0.000462824
-0.000134983
-0.000429546
-0.000111176
-0.000389588
-8.80078e-05
-0.000343733
-6.62603e-05
-0.000293252
-4.67074e-05
-0.000239914
-3.00449e-05
-0.000185914
-1.68171e-05
-0.000133718
-7.36018e-06
-8.58311e-05
-1.78419e-06
-4.45221e-05
-1.15994e-05
-6.66279e-07
2.73752e-05
-2.55695e-06
7.4636e-05
-5.56553e-06
0.000114992
-9.5737e-06
0.000149131
-1.44517e-05
0.000177856
-2.00645e-05
0.000202019
-2.62795e-05
0.00022245
-3.29731e-05
0.00023991
-4.00357e-05
0.000255058
-4.73732e-05
0.000268426
-5.49078e-05
0.000280425
-6.25759e-05
0.000291351
-7.03266e-05
0.000301399
-7.81186e-05
0.000310685
-8.59184e-05
0.000319265
-9.36977e-05
0.000327151
-0.000101432
0.000334326
-0.000109099
0.000340755
-0.000116679
0.000346396
-0.000124152
0.000351201
-0.0001315
0.000355127
-0.000138703
0.00035813
-0.000145745
0.000360174
-0.000152608
0.000361229
-0.000159274
0.000361271
-0.000165729
0.000360281
-0.000171956
0.00035825
-0.000177942
0.000355174
-0.000183674
0.000351055
-0.00018914
0.000345904
-0.000194331
0.000339739
-0.000199241
0.000332582
-0.000203863
0.000324464
-0.000208194
0.000315421
-0.000212235
0.000305494
-0.000215988
0.000294732
-0.000219458
0.000283186
-0.000222651
0.000270911
-0.000225578
0.000257966
-0.000228251
0.000244411
-0.000230685
0.000230309
-0.000232897
0.000215722
-0.000234904
0.00020071
-0.000236727
0.000185333
-0.000238386
0.000169647
-0.000239904
0.000153706
-0.000241303
0.000137558
-0.000242605
0.000121247
-0.000243833
0.000104813
-0.00024501
8.82875e-05
-0.000246157
7.16982e-05
-0.000247296
5.50663e-05
-0.000248447
3.84071e-05
-0.00024963
2.17301e-05
-0.000250864
5.03952e-06
-0.000252167
-1.16658e-05
-0.000253553
-2.83885e-05
-0.000255038
-4.51424e-05
-0.000256639
-6.19469e-05
-0.000258369
-7.88261e-05
-0.000260244
-9.58081e-05
-0.000262277
-0.000112925
-0.000264478
-0.000130213
-0.000266856
-0.000147713
-0.000269415
-0.000165467
-0.000272153
-0.000183522
-0.000275061
-0.000201924
-0.000278121
-0.000220719
-0.000281303
-0.000239951
-0.000284562
-0.000259654
-0.000287838
-0.000279852
-0.000291052
-0.00030055
-0.000294103
-0.00032173
-0.000296871
-0.000343341
-0.000299212
-0.000365294
-0.00030096
-0.000387449
-0.00030193
-0.000409612
-0.00030192
-0.000431521
-0.000300718
-0.000452846
-0.000298101
-0.000473177
-0.000293854
-0.000492028
-0.00028777
-0.000508832
-0.000279665
-0.000522949
-0.000269392
-0.000533676
-0.000256851
-0.000540261
-0.000242009
-0.00054193
-0.000224913
-0.000537919
-0.000205707
-0.000527519
-0.000184648
-0.000510136
-0.000162115
-0.000485358
-0.000138615
-0.000453045
-0.000114786
-0.000413418
-9.13671e-05
-0.000367151
-6.91745e-05
-0.000315445
-4.90363e-05
-0.000260052
-3.1721e-05
-0.000203229
-1.78563e-05
-0.000147583
-7.86187e-06
-9.58256e-05
-1.92053e-06
-5.04635e-05
-1.35199e-05
-5.80115e-07
2.79553e-05
-2.25711e-06
7.6313e-05
-4.96341e-06
0.000117698
-8.61259e-06
0.00015278
-1.30991e-05
0.000182343
-1.83049e-05
0.000207224
-2.41079e-05
0.000228252
-3.03901e-05
0.000246193
-3.7044e-05
0.000261711
-4.39756e-05
0.000275357
-5.11058e-05
0.000287555
-5.83695e-05
0.000298614
-6.57143e-05
0.000308744
-7.30977e-05
0.000318069
-8.04855e-05
0.000326653
-8.7849e-05
0.000334515
-9.51641e-05
0.000341641
-0.000102409
0.000348
-0.000109564
0.000353551
-0.00011661
0.000358248
-0.000123531
0.000362047
-0.000130307
0.000364907
-0.000136924
0.000366791
-0.000143364
0.000367669
-0.000149611
0.000367518
-0.000155651
0.000366322
-0.00016147
0.000364069
-0.000167055
0.000360758
-0.000172394
0.000356394
-0.000177478
0.000350988
-0.000182298
0.000344559
-0.000186848
0.000337132
-0.000191124
0.00032874
-0.000195125
0.000319421
-0.00019885
0.00030922
-0.000202303
0.000298185
-0.00020549
0.000286373
-0.000208418
0.000273839
-0.000211099
0.000260647
-0.000213545
0.000246857
-0.00021577
0.000232535
-0.000217791
0.000217743
-0.000219627
0.000202545
-0.000221296
0.000187002
-0.00022282
0.00017117
-0.000224218
0.000155104
-0.000225512
0.000138852
-0.000226724
0.000122459
-0.000227875
0.000105964
-0.000228985
8.93978e-05
-0.000230075
7.27884e-05
-0.000231165
5.6156e-05
-0.000232273
3.95154e-05
-0.000233419
2.28754e-05
-0.000234618
6.23904e-06
-0.000235888
-1.03957e-05
-0.000237245
-2.70323e-05
-0.000238702
-4.36848e-05
-0.000240277
-6.03722e-05
-0.000241984
-7.71186e-05
-0.00024384
-9.39522e-05
-0.00024586
-0.000110906
-0.000248057
-0.000128016
-0.000250444
-0.000145326
-0.000253031
-0.000162881
-0.000255821
-0.000180731
-0.000258814
-0.000198931
-0.000262
-0.000217534
-0.000265358
-0.000236593
-0.000268854
-0.000256158
-0.000272437
-0.000276268
-0.000276039
-0.000296948
-0.00027957
-0.0003182
-0.000282915
-0.000339996
-0.000285938
-0.000362271
-0.000288477
-0.000384911
-0.000290347
-0.000407742
-0.000291343
-0.000430525
-0.000291244
-0.000452945
-0.000289818
-0.000474603
-0.000286831
-0.000495014
-0.000282057
-0.000513606
-0.000275286
-0.00052972
-0.000266342
-0.00054262
-0.000255092
-0.000551511
-0.000241468
-0.000555554
-0.00022548
-0.000553907
-0.000207234
-0.000545765
-0.000186952
-0.000530418
-0.000164983
-0.000507327
-0.000141814
-0.000476214
-0.000118069
-0.000437162
-9.44995e-05
-0.000390721
-7.19462e-05
-0.000337998
-5.12883e-05
-0.00028071
-3.33649e-05
-0.000221153
-1.88881e-05
-0.00016206
-8.36548e-06
-0.000106348
-2.05896e-06
-5.677e-05
-1.55789e-05
-4.91451e-07
2.84467e-05
-1.94714e-06
7.77687e-05
-4.33855e-06
0.000120089
-7.61177e-06
0.000156053
-1.16865e-05
0.000186417
-1.64627e-05
0.000212001
-2.183e-05
0.00023362
-2.76771e-05
0.00025204
-3.38992e-05
0.000267934
-4.04028e-05
0.000281861
-4.71077e-05
0.00029426
-5.39476e-05
0.000305454
-6.08683e-05
0.000315664
-6.78265e-05
0.000325027
-7.47869e-05
0.000333614
-8.17207e-05
0.000341449
-8.86037e-05
0.000348524
-9.54147e-05
0.000354811
-0.000102135
0.000360271
-0.000108746
0.000364859
-0.000115231
0.000368532
-0.000121575
0.00037125
-0.000127761
0.000372977
-0.000133774
0.000373683
-0.000139601
0.000373345
-0.000145227
0.000371948
-0.00015064
0.000369482
-0.000155827
0.000365946
-0.00016078
0.000361347
-0.000165488
0.000355697
-0.000169946
0.000349017
-0.000174148
0.000341334
-0.000178091
0.000332683
-0.000181775
0.000323105
-0.000185201
0.000312645
-0.000188372
0.000301357
-0.000191297
0.000289297
-0.000193982
0.000276525
-0.000196438
0.000263103
-0.00019868
0.000249098
-0.000200721
0.000234575
-0.000202577
0.0002196
-0.000204267
0.000204235
-0.000205808
0.000188543
-0.000207221
0.000172583
-0.000208526
0.000156408
-0.000209741
0.000140068
-0.000210888
0.000123606
-0.000211985
0.000107061
-0.000213051
9.04645e-05
-0.000214106
7.38431e-05
-0.000215167
5.72166e-05
-0.00021625
4.0599e-05
-0.000217373
2.39983e-05
-0.000218552
7.41733e-06
-0.000219801
-9.14678e-06
-0.000221135
-2.5698e-05
-0.000222569
-4.22502e-05
-0.000224119
-5.88222e-05
-0.000225801
-7.54371e-05
-0.00022763
-9.21228e-05
-0.000229624
-0.000108912
-0.0002318
-0.000125841
-0.000234172
-0.000142953
-0.000236755
-0.000160297
-0.00023956
-0.000177926
-0.000242593
-0.000195898
-0.000245851
-0.000214275
-0.000249324
-0.00023312
-0.000252988
-0.000252494
-0.000256804
-0.000272452
-0.000260714
-0.000293038
-0.000264639
-0.000314275
-0.000268476
-0.00033616
-0.000272095
-0.000358653
-0.00027534
-0.000381666
-0.000278029
-0.000405052
-0.000279958
-0.000428597
-0.000280899
-0.000452004
-0.000280611
-0.000474891
-0.000278847
-0.000496779
-0.00027536
-0.000517093
-0.000269917
-0.000535162
-0.000262314
-0.000550224
-0.000252385
-0.000561439
-0.000240027
-0.000567913
-0.000225211
-0.000568724
-0.000208005
-0.00056297
-0.000188593
-0.000549829
-0.000167291
-0.00052863
-0.000144558
-0.000498947
-0.000121005
-0.000460715
-9.73835e-05
-0.000414343
-7.45565e-05
-0.000360825
-5.34483e-05
-0.000301819
-3.49659e-05
-0.000239635
-1.99063e-05
-0.000177119
-8.86827e-06
-0.000117386
-2.19881e-06
-6.34394e-05
-1.77777e-05
-4.01167e-07
2.88479e-05
-1.62992e-06
7.89974e-05
-3.69636e-06
0.000122156
-6.57929e-06
0.000158936
-1.02245e-05
0.000190063
-1.45509e-05
0.000216327
-1.9461e-05
0.00023853
-2.4851e-05
0.00025743
-3.06198e-05
0.000273702
-3.66747e-05
0.000287916
-4.29351e-05
0.000300521
-4.93332e-05
0.000311852
-5.58136e-05
0.000322145
-6.23314e-05
0.000331545
-6.88507e-05
0.000340133
-7.53424e-05
0.00034794
-8.17822e-05
0.000354964
-8.81492e-05
0.000361178
-9.44252e-05
0.000366547
-0.000100593
0.000371027
-0.000106638
0.000374577
-0.000112543
0.000377156
-0.000118296
0.000378729
-0.000123881
0.000379268
-0.000129287
0.00037875
-0.0001345
0.000377161
-0.000139509
0.000374491
-0.000144304
0.000370741
-0.000148877
0.000365919
-0.000153218
0.000360038
-0.000157324
0.000353122
-0.000161189
0.000345199
-0.000164813
0.000336307
-0.000168195
0.000326487
-0.000171338
0.000315788
-0.000174247
0.000304266
-0.000176928
0.000291978
-0.00017939
0.000278987
-0.000181645
0.000265358
-0.000183705
0.000251159
-0.000185585
0.000236455
-0.0001873
0.000221315
-0.000188868
0.000205803
-0.000190307
0.000189982
-0.000191635
0.000173911
-0.000192869
0.000157643
-0.00019403
0.000141228
-0.000195134
0.00012471
-0.000196201
0.000108127
-0.000197246
9.15096e-05
-0.000198286
7.48834e-05
-0.000199337
5.82677e-05
-0.000200414
4.16759e-05
-0.000201532
2.51157e-05
-0.000202703
8.58925e-06
-0.000203944
-7.90635e-06
-0.000205267
-2.43752e-05
-0.000206686
-4.0831e-05
-0.000208216
-5.72919e-05
-0.000209873
-7.37801e-05
-0.000211674
-9.03221e-05
-0.000213636
-0.000106949
-0.000215778
-0.000123699
-0.000218119
-0.000140613
-0.000220676
-0.00015774
-0.000223465
-0.000175137
-0.000226499
-0.000192864
-0.000229784
-0.00021099
-0.000233319
-0.000229586
-0.000237089
-0.000248724
-0.000241069
-0.000268473
-0.000245211
-0.000288895
-0.000249449
-0.000310037
-0.000253691
-0.000331918
-0.000257817
-0.000354526
-0.000261681
-0.000377802
-0.000265106
-0.000401628
-0.000267888
-0.000425816
-0.000269797
-0.000450095
-0.000270586
-0.000474101
-0.000269995
-0.00049737
-0.00026776
-0.000519328
-0.000263627
-0.000539295
-0.000257362
-0.000556488
-0.000248771
-0.00057003
-0.000237714
-0.00057897
-0.000224123
-0.000582315
-0.000208026
-0.000579067
-0.000189568
-0.000568287
-0.000169027
-0.000549171
-0.000146833
-0.000521141
-0.000123575
-0.000483973
-0.000100001
-0.000437917
-7.69884e-05
-0.000383838
-5.55024e-05
-0.000323305
-3.65142e-05
-0.000258623
-2.0905e-05
-0.000192729
-9.36752e-06
-0.000128924
-2.33941e-06
-7.04675e-05
-2.01171e-05
-3.10181e-07
2.91581e-05
-1.3084e-06
7.99957e-05
-3.04238e-06
0.00012389
-5.52344e-06
0.000161417
-8.72384e-06
0.000193263
-1.25826e-05
0.000220186
-1.70161e-05
0.000242963
-2.1929e-05
0.000262343
-2.72247e-05
0.000278998
-3.28121e-05
0.000293503
-3.86102e-05
0.000306319
-4.45502e-05
0.000317792
-5.05751e-05
0.00032817
-5.66389e-05
0.000337609
-6.2705e-05
0.000346199
-6.87436e-05
0.000353979
-7.47304e-05
0.000360951
-8.06451e-05
0.000367093
-8.647e-05
0.000372372
-9.2189e-05
0.000376746
-9.77875e-05
0.000380175
-0.000103252
0.00038262
-0.000108568
0.000384046
-0.000113725
0.000384425
-0.00011871
0.000383736
-0.000123513
0.000381963
-0.000128122
0.000379101
-0.00013253
0.000375149
-0.000136729
0.000370118
-0.000140712
0.000364022
-0.000144476
0.000356886
-0.000148017
0.00034874
-0.000151334
0.000339624
-0.00015443
0.000329582
-0.000157306
0.000318665
-0.000159969
0.000306929
-0.000162426
0.000294434
-0.000164685
0.000281246
-0.000166759
0.000267432
-0.000168659
0.000253059
-0.0001704
0.000238196
-0.000171997
0.000222912
-0.000173467
0.000207273
-0.000174825
0.000191341
-0.00017609
0.000175175
-0.000177278
0.000158831
-0.000178406
0.000142356
-0.00017949
0.000125795
-0.000180547
0.000109184
-0.000181591
9.25535e-05
-0.000182636
7.59288e-05
-0.000183697
5.93281e-05
-0.000184785
4.27642e-05
-0.000185913
2.62442e-05
-0.000187094
9.77019e-06
-0.00018834
-6.66058e-06
-0.000189663
-2.30519e-05
-0.000191077
-3.94171e-05
-0.000192596
-5.57735e-05
-0.000194234
-7.21419e-05
-0.000196009
-8.85475e-05
-0.000197938
-0.00010502
-0.000200042
-0.000121595
-0.00020234
-0.000138314
-0.000204856
-0.000155225
-0.000207608
-0.000172385
-0.000210614
-0.000189858
-0.000213889
-0.000207715
-0.00021744
-0.000226035
-0.000221264
-0.0002449
-0.000225345
-0.000264392
-0.000229649
-0.000284591
-0.000234123
-0.000305563
-0.000238688
-0.000327353
-0.000243236
-0.000349978
-0.000247631
-0.000373407
-0.000251703
-0.000397555
-0.000255253
-0.000422266
-0.000258052
-0.000447296
-0.000259848
-0.000472305
-0.000260371
-0.000496847
-0.000259343
-0.000520356
-0.000256489
-0.00054215
-0.00025155
-0.000561427
-0.000244301
-0.000577279
-0.000234567
-0.000588705
-0.000222241
-0.00059464
-0.000207313
-0.000593995
-0.000189883
-0.000585717
-0.00017019
-0.000568863
-0.00014863
-0.000542702
-0.000125766
-0.000506836
-0.000102336
-0.000461348
-7.92274e-05
-0.000406946
-5.74384e-05
-0.000345094
-3.80007e-05
-0.000278061
-2.18786e-05
-0.000208851
-9.86061e-06
-0.000140942
-2.48009e-06
-7.78481e-05
-2.25972e-05
-2.19476e-07
2.93775e-05
-9.85665e-07
8.07618e-05
-2.38235e-06
0.000125287
-4.45273e-06
0.000163488
-7.19581e-06
0.000196006
-1.05715e-05
0.000223561
-1.4511e-05
0.000246903
-1.89287e-05
0.00026676
-2.37332e-05
0.000283802
-2.88356e-05
0.000298606
-3.41551e-05
0.000311638
-3.96219e-05
0.000323259
-4.51778e-05
0.000333725
-5.07757e-05
0.000343206
-5.63776e-05
0.000351801
-6.19536e-05
0.000359555
-6.74792e-05
0.000366476
-7.29344e-05
0.000372548
-7.83021e-05
0.000377739
-8.35672e-05
0.000382011
-8.87163e-05
0.000385324
-9.37366e-05
0.00038764
-9.86163e-05
0.000388926
-0.000103344
0.000389153
-0.00010791
0.000388302
-0.000112305
0.000386357
-0.000116519
0.000383315
-0.000120546
0.000379176
-0.000124378
0.00037395
-0.000128012
0.000367656
-0.000131444
0.000360317
-0.000134672
0.000351968
-0.000137696
0.000342649
-0.000140519
0.000332405
-0.000143145
0.00032129
-0.000145578
0.000309362
-0.000147828
0.000296684
-0.000149903
0.000283321
-0.000151815
0.000269343
-0.000153575
0.000254819
-0.000155197
0.000239819
-0.000156696
0.000224412
-0.000158088
0.000208664
-0.000159387
0.00019264
-0.000160609
0.000176397
-0.00016177
0.000159992
-0.000162885
0.000143471
-0.000163969
0.000126878
-0.000165035
0.00011025
-0.000166096
9.36146e-05
-0.000167164
7.69972e-05
-0.000168251
6.04151e-05
-0.000169368
4.38804e-05
-0.000170523
2.73999e-05
-0.000171729
1.09755e-05
-0.000172994
-5.3952e-06
-0.000174331
-2.17149e-05
-0.000175751
-3.79966e-05
-0.000177269
-5.42564e-05
-0.000178897
-7.05139e-05
-0.000180652
-8.67924e-05
-0.000182552
-0.00010312
-0.000184618
-0.000119529
-0.000186873
-0.00013606
-0.000189338
-0.00015276
-0.000192039
-0.000169684
-0.000194998
-0.000186899
-0.000198236
-0.000204477
-0.000201768
-0.000222503
-0.0002056
-0.000241067
-0.000209729
-0.000260264
-0.000214133
-0.000280187
-0.000218773
-0.000300923
-0.000223583
-0.000322543
-0.00022847
-0.000345091
-0.000233308
-0.000368568
-0.00023794
-0.000392924
-0.000242171
-0.000418034
-0.000245778
-0.000443689
-0.000248505
-0.000469579
-0.000250075
-0.000495276
-0.000250199
-0.000520232
-0.000248583
-0.000543766
-0.000244945
-0.000565065
-0.00023903
-0.000583194
-0.000230629
-0.000597106
-0.000219599
-0.00060567
-0.000205886
-0.000607709
-0.000189547
-0.000602055
-0.000170781
-0.00058763
-0.000149943
-0.000563539
-0.000127569
-0.00052921
-0.000104378
-0.000484539
-8.12613e-05
-0.000430063
-5.92454e-05
-0.00036711
-3.94172e-05
-0.000297889
-2.28218e-05
-0.000225446
-1.03451e-05
-0.000153418
-2.62018e-06
-8.5573e-05
-2.52173e-05
-1.30121e-07
2.95077e-05
-6.64915e-07
8.12966e-05
-1.72216e-06
0.000126344
-3.37578e-06
0.000165141
-5.6517e-06
0.000198282
-8.53125e-06
0.000226441
-1.19616e-05
0.000250333
-1.58678e-05
0.000270667
-2.01646e-05
0.000288099
-2.47662e-05
0.000303207
-2.95922e-05
0.000316464
-3.45723e-05
0.000328239
-3.9647e-05
0.0003388
-4.47679e-05
0.000348327
-4.98963e-05
0.000356929
-5.50014e-05
0.00036466
-6.00587e-05
0.000371534
-6.50485e-05
0.000377538
-6.99542e-05
0.000382645
-7.47619e-05
0.000386819
-7.94588e-05
0.000390021
-8.40337e-05
0.000392215
-8.84761e-05
0.000393368
-9.27762e-05
0.000393453
-9.69253e-05
0.000392451
-0.000100915
0.000390347
-0.000104739
0.000387138
-0.000108389
0.000382827
-0.000111863
0.000377424
-0.000115156
0.000370948
-0.000118265
0.000363427
-0.000121191
0.000354894
-0.000123934
0.000345392
-0.000126498
0.000334969
-0.000128887
0.000323679
-0.000131107
0.000311582
-0.000133165
0.000298743
-0.000135072
0.000285229
-0.000136839
0.000271109
-0.000138476
0.000256456
-0.000139998
0.00024134
-0.000141417
0.000225831
-0.000142748
0.000209995
-0.000144005
0.000193897
-0.000145202
0.000177595
-0.000146354
0.000161144
-0.000147474
0.000144591
-0.000148573
0.000127978
-0.000149664
0.000111341
-0.000150759
9.47089e-05
-0.000151866
7.81043e-05
-0.000152995
6.15442e-05
-0.000154154
4.50399e-05
-0.000155352
2.8598e-05
-0.000156597
1.22199e-05
-0.000157896
-4.09604e-06
-0.00015926
-2.03509e-05
-0.0001607
-3.65566e-05
-0.000162228
-5.27285e-05
-0.000163857
-6.88848e-05
-0.000165603
-8.50466e-05
-0.000167483
-0.000101239
-0.000169518
-0.000117494
-0.00017173
-0.000133847
-0.000174145
-0.000150345
-0.000176789
-0.00016704
-0.00017969
-0.000183998
-0.000182872
-0.000201295
-0.000186358
-0.000219017
-0.000190165
-0.00023726
-0.000194298
-0.00025613
-0.00019875
-0.000275735
-0.000203493
-0.00029618
-0.000208478
-0.000317558
-0.000213626
-0.000339943
-0.000218825
-0.000363369
-0.00022393
-0.000387819
-0.000228756
-0.000413208
-0.000233084
-0.000439361
-0.000236661
-0.000466002
-0.000239206
-0.000492731
-0.000240418
-0.00051902
-0.00023999
-0.000544194
-0.000237618
-0.000567438
-0.000233019
-0.000587793
-0.000225951
-0.000604174
-0.000216234
-0.000615387
-0.000203771
-0.000620171
-0.000188579
-0.000617248
-0.000170808
-0.000605401
-0.000150774
-0.000583573
-0.000128979
-0.000551006
-0.000106118
-0.0005074
-8.30805e-05
-0.0004531
-6.09143e-05
-0.000389276
-4.07565e-05
-0.000318047
-2.373e-05
-0.000242473
-1.08186e-05
-0.00016633
-2.75909e-06
-9.36325e-05
-2.79764e-05
-4.31582e-08
2.95508e-05
-3.49383e-07
8.16029e-05
-1.06774e-06
0.000127062
-2.30126e-06
0.000166375
-4.1029e-06
0.000200084
-6.47572e-06
0.000228814
-9.38393e-06
0.000253241
-1.27642e-05
0.000274047
-1.65386e-05
0.000291874
-2.06248e-05
0.000307293
-2.49438e-05
0.000320783
-2.94248e-05
0.00033272
-3.40074e-05
0.000343383
-3.86418e-05
0.000352962
-4.32883e-05
0.000361576
-4.79156e-05
0.000369287
-5.24988e-05
0.000376117
-5.70184e-05
0.000382058
-6.14585e-05
0.000387085
-6.58058e-05
0.000391166
-7.00488e-05
0.000394264
-7.41776e-05
0.000396344
-7.81829e-05
0.000397373
-8.20565e-05
0.000397327
-8.57909e-05
0.000396185
-8.93795e-05
0.000393936
-9.28167e-05
0.000390575
-9.60977e-05
0.000386108
-9.92189e-05
0.000380545
-0.000102178
0.000373907
-0.000104974
0.000366223
-0.000107608
0.000357528
-0.000110081
0.000347866
-0.000112398
0.000337285
-0.000114562
0.000325843
-0.000116581
0.000313601
-0.000118463
0.000300624
-0.000120216
0.000286982
-0.000121852
0.000272745
-0.000123382
0.000257986
-0.000124818
0.000242776
-0.000126172
0.000227185
-0.000127457
0.000211281
-0.000128688
0.000195127
-0.000129875
0.000178782
-0.000131031
0.0001623
-0.000132169
0.000145728
-0.000133298
0.000129107
-0.000134428
0.000112471
-0.000135569
9.58494e-05
-0.000136727
7.9263e-05
-0.000137911
6.27282e-05
-0.000139127
4.62558e-05
-0.000140381
2.98517e-05
-0.000141678
1.35172e-05
-0.000143025
-2.7495e-06
-0.000144429
-1.89464e-05
-0.000145902
-3.50837e-05
-0.000147454
-5.11763e-05
-0.000149098
-6.72413e-05
-0.000150847
-8.32976e-05
-0.000152718
-9.9368e-05
-0.000154732
-0.00011548
-0.000156911
-0.000131668
-0.000159281
-0.000147975
-0.00016187
-0.000164451
-0.000164709
-0.00018116
-0.000167826
-0.000198177
-0.000171251
-0.000215592
-0.000175008
-0.000233504
-0.000179113
-0.000252026
-0.000183569
-0.000271279
-0.000188363
-0.000291385
-0.000193461
-0.000312461
-0.000198799
-0.000334605
-0.000204282
-0.000357886
-0.000209776
-0.000382325
-0.000215111
-0.000407873
-0.000220075
-0.000434397
-0.000224419
-0.000461658
-0.00022786
-0.00048929
-0.000230093
-0.000516787
-0.000230795
-0.000543492
-0.000229644
-0.000568589
-0.000226331
-0.000591105
-0.000220585
-0.00060992
-0.000212188
-0.000623784
-0.000201002
-0.000631357
-0.000186998
-0.000631252
-0.000170283
-0.000622116
-0.000151127
-0.000602729
-0.000129993
-0.00057214
-0.00010755
-0.000529843
-8.46776e-05
-0.000475972
-6.24377e-05
-0.000411516
-4.20124e-05
-0.000338472
-2.45991e-05
-0.000259886
-1.12792e-05
-0.00017965
-2.89624e-06
-0.000102015
-3.08727e-05
4.20322e-08
2.95088e-05
-4.09317e-08
8.16858e-05
-4.24219e-07
0.000127445
-1.2378e-06
0.000167188
-2.56089e-06
0.000201407
-4.41873e-06
0.000230672
-6.7941e-06
0.000255617
-9.6359e-06
0.000276889
-1.28748e-05
0.000295113
-1.64326e-05
0.000310851
-2.02324e-05
0.000324583
-2.42032e-05
0.000336691
-2.82838e-05
0.000347463
-3.24233e-05
0.000357101
-3.65809e-05
0.000365733
-4.07244e-05
0.000373431
-4.48287e-05
0.000380221
-4.88743e-05
0.000386103
-5.28459e-05
0.000391057
-5.6731e-05
0.000395051
-6.05192e-05
0.000398052
-6.42017e-05
0.000400026
-6.77706e-05
0.000400942
-7.12193e-05
0.000400776
-7.45416e-05
0.000399507
-7.77325e-05
0.000397127
-8.07878e-05
0.000393631
-8.37041e-05
0.000389024
-8.64793e-05
0.00038332
-8.91122e-05
0.00037654
-9.16032e-05
0.000368714
-9.39535e-05
0.000359879
-9.61661e-05
0.000350078
-9.82452e-05
0.000339364
-0.000100196
0.000327794
-0.000102026
0.000315431
-0.000103742
0.000302341
-0.000105354
0.000288594
-0.000106871
0.000274263
-0.000108305
0.00025942
-0.000109667
0.000244138
-0.000110969
0.000228486
-0.000112221
0.000212533
-0.000113436
0.000196342
-0.000114624
0.000179971
-0.000115796
0.000163473
-0.000116963
0.000146894
-0.000118132
0.000130276
-0.000119311
0.000113651
-0.000120508
9.70464e-05
-0.000121729
8.04835e-05
-0.000122978
6.39775e-05
-0.000124261
4.75386e-05
-0.000125581
3.11724e-05
-0.000126943
1.48794e-05
-0.00012835
-1.34282e-06
-0.000129808
-1.74887e-05
-0.000131327
-3.35643e-05
-0.000132918
-4.95858e-05
-0.00013459
-6.55691e-05
-0.000136357
-8.15308e-05
-0.000138234
-9.74909e-05
-0.00014024
-0.000113474
-0.000142398
-0.00012951
-0.000144734
-0.000145639
-0.000147277
-0.000161908
-0.000150057
-0.000178379
-0.00015311
-0.000195125
-0.000156467
-0.000212234
-0.00016016
-0.000229811
-0.000164213
-0.000247973
-0.000168641
-0.000266851
-0.000173445
-0.000286581
-0.000178604
-0.000307302
-0.00018407
-0.000329138
-0.000189766
-0.000352191
-0.000195573
-0.000376518
-0.000201334
-0.000402112
-0.000206849
-0.000428882
-0.000211876
-0.000456631
-0.000216134
-0.000485032
-0.000219313
-0.000513608
-0.00022108
-0.000541724
-0.000221098
-0.000568572
-0.000219035
-0.000593168
-0.000214589
-0.000614366
-0.000207507
-0.000630866
-0.000197613
-0.000641251
-0.000184832
-0.000644033
-0.000169223
-0.000637724
-0.000151011
-0.000620941
-0.000130615
-0.000592536
-0.000108673
-0.000551785
-8.60478e-05
-0.000498598
-6.38099e-05
-0.000433754
-4.31799e-05
-0.000359102
-2.54256e-05
-0.00027764
-1.17249e-05
-0.00019335
-3.03111e-06
-0.000110709
-3.39038e-05
1.25942e-07
2.93828e-05
2.60715e-07
8.15511e-05
2.06134e-07
0.0001275
-1.92818e-07
0.000167587
-1.037e-06
0.000202251
-2.37454e-06
0.000232009
-4.20858e-06
0.000257451
-6.5009e-06
0.000279181
-9.19281e-06
0.000297805
-1.22107e-05
0.000313869
-1.54802e-05
0.000327853
-1.8931e-05
0.000340142
-2.25009e-05
0.000351033
-2.61381e-05
0.000360738
-2.98006e-05
0.000369396
-3.34554e-05
0.000377086
-3.7077e-05
0.000383843
-4.06458e-05
0.000389672
-4.4147e-05
0.000394558
-4.75687e-05
0.000398473
-5.09017e-05
0.000401385
-5.41382e-05
0.000403263
-5.72719e-05
0.000404076
-6.02974e-05
0.000403801
-6.32102e-05
0.00040242
-6.60066e-05
0.000399923
-6.8684e-05
0.000396308
-7.12403e-05
0.00039158
-7.36748e-05
0.000385755
-7.59876e-05
0.000378853
-7.81799e-05
0.000370906
-8.02542e-05
0.000361953
-8.22139e-05
0.000352038
-8.4064e-05
0.000341214
-8.581e-05
0.00032954
-8.74591e-05
0.00031708
-8.9019e-05
0.000303901
-9.04986e-05
0.000290074
-9.19074e-05
0.000275672
-9.32552e-05
0.000260768
-9.45526e-05
0.000245435
-9.58099e-05
0.000229743
-9.70374e-05
0.000213761
-9.82452e-05
0.000197549
-9.94429e-05
0.000181168
-0.000100639
0.000164669
-0.000101842
0.000148097
-0.000103058
0.000131492
-0.000104294
0.000114887
-0.000105555
9.8307e-05
-0.000106844
8.1773e-05
-0.000108166
6.52995e-05
-0.000109524
4.8896e-05
-0.000110919
3.25681e-05
-0.000112356
1.63161e-05
-0.000113835
1.35641e-07
-0.000115358
-1.5965e-05
-0.000116938
-3.19847e-05
-0.000118581
-4.79428e-05
-0.000120296
-6.38535e-05
-0.000122096
-7.97309e-05
-0.000123995
-9.55922e-05
-0.00012601
-0.000111458
-0.000128164
-0.000127357
-0.00013048
-0.000143322
-0.000132989
-0.000159399
-0.000135723
-0.000175645
-0.000138718
-0.000192131
-0.000142009
-0.000208943
-0.000145633
-0.000226187
-0.000149622
-0.000243984
-0.000154001
-0.000262471
-0.000158783
-0.000281799
-0.000163961
-0.000302124
-0.000169504
-0.000323595
-0.00017535
-0.000346345
-0.000181399
-0.000370468
-0.00018751
-0.000396001
-0.000193495
-0.000422897
-0.000199122
-0.000451005
-0.000204116
-0.000480038
-0.000208164
-0.00050956
-0.000210928
-0.00053896
-0.000212056
-0.000567444
-0.000211196
-0.000594028
-0.00020802
-0.000617542
-0.000202241
-0.000636645
-0.000193644
-0.000649848
-0.000182109
-0.000655568
-0.000167648
-0.000652185
-0.000150437
-0.000638151
-0.00013085
-0.000612123
-0.000109487
-0.000573149
-8.71885e-05
-0.000520896
-6.50271e-05
-0.000455915
-4.42552e-05
-0.000379874
-2.62066e-05
-0.000295689
-1.21544e-05
-0.000207403
-3.16329e-06
-0.0001197
-3.70671e-05
2.08426e-07
2.91744e-05
5.58431e-07
8.1201e-05
8.23642e-07
0.000127235
8.30462e-07
0.00016758
4.60037e-07
0.000202621
-3.58522e-07
0.000232828
-1.64475e-06
0.000258737
-3.37823e-06
0.000280914
-5.51329e-06
0.00029994
-7.98035e-06
0.000316336
-1.07097e-05
0.000330582
-1.36316e-05
0.000343064
-1.6683e-05
0.000354085
-1.98115e-05
0.000363867
-2.29738e-05
0.000372558
-2.6136e-05
0.000380248
-2.92718e-05
0.000386979
-3.23618e-05
0.000392762
-3.53912e-05
0.000397587
-3.83491e-05
0.000401431
-4.12269e-05
0.000404263
-4.40183e-05
0.000406054
-4.6718e-05
0.000406776
-4.93222e-05
0.000406405
-5.18279e-05
0.000404926
-5.42328e-05
0.000402328
-5.65356e-05
0.000398611
-5.8736e-05
0.000393781
-6.08342e-05
0.000387853
-6.28317e-05
0.000380851
-6.47308e-05
0.000372805
-6.65347e-05
0.000363757
-6.82477e-05
0.000353751
-6.98751e-05
0.000342842
-7.14229e-05
0.000331088
-7.28981e-05
0.000318555
-7.43084e-05
0.000305311
-7.56624e-05
0.000291428
-7.69688e-05
0.000276978
-7.82368e-05
0.000262036
-7.94759e-05
0.000246674
-8.06951e-05
0.000230963
-8.19036e-05
0.000214969
-8.31098e-05
0.000198756
-8.43218e-05
0.00018238
-8.55465e-05
0.000165894
-8.67904e-05
0.000149341
-8.80586e-05
0.00013276
-8.93553e-05
0.000116184
-9.06841e-05
9.96358e-05
-9.20474e-05
8.31364e-05
-9.34473e-05
6.66993e-05
-9.48847e-05
5.03335e-05
-9.63604e-05
3.40438e-05
-9.78755e-05
1.78312e-05
-9.94349e-05
1.69508e-06
-0.00010104
-1.43599e-05
-0.000102694
-3.03312e-05
-0.000104403
-4.62336e-05
-0.000106176
-6.20798e-05
-0.000108025
-7.78822e-05
-0.000109962
-9.36551e-05
-0.000112004
-0.000109417
-0.000114171
-0.00012519
-0.000116487
-0.000141006
-0.00011898
-0.000156906
-0.000121683
-0.000172942
-0.000124632
-0.000189182
-0.000127867
-0.000205709
-0.000131426
-0.000222628
-0.000135348
-0.000240061
-0.000139668
-0.000258152
-0.000144407
-0.00027706
-0.000149573
-0.000296958
-0.000155151
-0.000318017
-0.000161095
-0.0003404
-0.000167325
-0.000364238
-0.000173715
-0.000389611
-0.000180094
-0.000416519
-0.000186241
-0.000444858
-0.000191889
-0.00047439
-0.000196728
-0.000504721
-0.000200417
-0.000535272
-0.000202591
-0.00056527
-0.000202882
-0.000593736
-0.000200938
-0.000619487
-0.00019644
-0.000641142
-0.000189135
-0.000657154
-0.000178861
-0.000665842
-0.000165581
-0.000665465
-0.000149421
-0.000654311
-0.000130706
-0.000630838
-0.000109994
-0.000593861
-8.80989e-05
-0.000542792
-6.60866e-05
-0.000477927
-4.52355e-05
-0.000400725
-2.69399e-05
-0.000313984
-1.25663e-05
-0.000221776
-3.2924e-06
-0.000128974
-4.03595e-05
2.87925e-07
2.88865e-05
8.4815e-07
8.06408e-05
1.42932e-06
0.000126654
1.8358e-06
0.000167174
1.92857e-06
0.000202529
1.62252e-06
0.000233134
8.82649e-07
0.000259477
-2.89736e-07
0.000282087
-1.85821e-06
0.000301508
-3.7641e-06
0.000318242
-5.94433e-06
0.000332762
-8.32899e-06
0.000345448
-1.08546e-05
0.00035661
-1.34685e-05
0.000366481
-1.61265e-05
0.000375216
-1.87928e-05
0.000382914
-2.14406e-05
0.000389626
-2.40503e-05
0.000395372
-2.66074e-05
0.000400144
-2.91014e-05
0.000403925
-3.15247e-05
0.000406687
-3.38719e-05
0.000408401
-3.61391e-05
0.000409043
-3.83238e-05
0.00040859
-4.04245e-05
0.000407026
-4.24404e-05
0.000404344
-4.43716e-05
0.000400542
-4.62191e-05
0.000395628
-4.79845e-05
0.000389618
-4.96704e-05
0.000382537
-5.128e-05
0.000374415
-5.28177e-05
0.000365294
-5.42882e-05
0.000355221
-5.56972e-05
0.000344251
-5.7051e-05
0.000332442
-5.83565e-05
0.000319861
-5.96215e-05
0.000306576
-6.08537e-05
0.00029266
-6.20615e-05
0.000278186
-6.32533e-05
0.000263228
-6.44373e-05
0.000247858
-6.56214e-05
0.000232147
-6.68135e-05
0.000216161
-6.80205e-05
0.000199963
-6.92488e-05
0.000183609
-7.0504e-05
0.000167149
-7.17908e-05
0.000150628
-7.31125e-05
0.000134082
-7.44719e-05
0.000117543
-7.58708e-05
0.000101035
-7.73105e-05
8.45761e-05
-7.87916e-05
6.81804e-05
-8.03141e-05
5.18559e-05
-8.18774e-05
3.56071e-05
-8.34818e-05
1.94356e-05
-8.5129e-05
3.34232e-06
-8.68193e-05
-1.26696e-05
-8.8555e-05
-2.85955e-05
-9.03415e-05
-4.44471e-05
-9.21864e-05
-6.02349e-05
-9.40991e-05
-7.59695e-05
-9.60913e-05
-9.16629e-05
-9.81781e-05
-0.00010733
-0.000100378
-0.00012299
-0.000102713
-0.000138671
-0.000105212
-0.000154408
-0.000107904
-0.00017025
-0.000110827
-0.000186259
-0.00011402
-0.000202516
-0.000117526
-0.000219122
-0.000121388
-0.000236199
-0.000125645
-0.000253895
-0.000130331
-0.000272375
-0.000135465
-0.000291824
-0.000141047
-0.000312436
-0.000147048
-0.000334399
-0.000153405
-0.000357881
-0.000160011
-0.000383004
-0.000166714
-0.000409816
-0.000173305
-0.000438266
-0.00017953
-0.000468166
-0.000185083
-0.000499168
-0.000189621
-0.000530733
-0.000192774
-0.000562117
-0.000194159
-0.000592351
-0.000193401
-0.000620245
-0.000190155
-0.000644389
-0.000184129
-0.000663179
-0.000175121
-0.00067485
-0.000163046
-0.00067754
-0.000147979
-0.000669378
-0.000130193
-0.000648624
-0.0001102
-0.000613854
-8.87801e-05
-0.000564212
-6.69875e-05
-0.00049972
-4.6119e-05
-0.000421594
-2.76241e-05
-0.000332479
-1.29599e-05
-0.00023644
-3.41817e-06
-0.000138516
-4.37776e-05
3.63546e-07
2.8523e-05
1.12706e-06
7.98773e-05
2.01685e-06
0.000125764
2.81629e-06
0.000166374
3.36715e-06
0.000201978
3.5675e-06
0.000232933
3.3659e-06
0.000259678
2.75229e-06
0.0002827
1.75361e-06
0.000302507
4.12943e-07
0.000319583
-1.20966e-06
0.000334385
-3.04838e-06
0.000347287
-5.04099e-06
0.000358603
-7.13503e-06
0.000368575
-9.28473e-06
0.000377366
-1.14524e-05
0.000385082
-1.36105e-05
0.000391785
-1.5739e-05
0.0003975
-1.78236e-05
0.000402229
-1.98543e-05
0.000405956
-2.1824e-05
0.000408656
-2.37282e-05
0.000410306
-2.55643e-05
0.000410879
-2.73312e-05
0.000410357
-2.90287e-05
0.000408724
-3.06576e-05
0.000405973
-3.22193e-05
0.000402104
-3.37161e-05
0.000397125
-3.5151e-05
0.000391053
-3.65276e-05
0.000383913
-3.78503e-05
0.000375738
-3.9124e-05
0.000366568
-4.03543e-05
0.000356452
-4.15471e-05
0.000345444
-4.27091e-05
0.000333604
-4.38469e-05
0.000320998
-4.49679e-05
0.000307697
-4.60798e-05
0.000293772
-4.71902e-05
0.000279296
-4.83064e-05
0.000264344
-4.94357e-05
0.000248987
-5.05849e-05
0.000233296
-5.17603e-05
0.000217336
-5.29676e-05
0.00020117
-5.42116e-05
0.000184853
-5.54965e-05
0.000168434
-5.68252e-05
0.000151956
-5.81998e-05
0.000135457
-5.96211e-05
0.000118964
-6.10897e-05
0.000102503
-6.26059e-05
8.60922e-05
-6.41694e-05
6.97439e-05
-6.57793e-05
5.34657e-05
-6.7434e-05
3.72618e-05
-6.91322e-05
2.11338e-05
-7.0873e-05
5.08311e-06
-7.26552e-05
-1.08874e-05
-7.44808e-05
-2.67698e-05
-7.63546e-05
-4.25733e-05
-7.82828e-05
-5.83066e-05
-8.02738e-05
-7.39786e-05
-8.23376e-05
-8.9599e-05
-8.44876e-05
-0.00010518
-8.67405e-05
-0.000120737
-8.91172e-05
-0.000136294
-9.1643e-05
-0.000151882
-9.43478e-05
-0.000167545
-9.72667e-05
-0.00018334
-0.00010044
-0.000199343
-0.00010391
-0.000215651
-0.000107724
-0.000232385
-0.000111927
-0.000249692
-0.000116559
-0.000267743
-0.00012165
-0.000286732
-0.000127215
-0.000306871
-0.00013324
-0.000328374
-0.000139682
-0.00035144
-0.000146452
-0.000376234
-0.000153414
-0.000402854
-0.000160381
-0.000431299
-0.000167107
-0.00046144
-0.000173297
-0.000492977
-0.000178611
-0.00052542
-0.000182673
-0.000558055
-0.00018509
-0.000589934
-0.000185468
-0.000619867
-0.000183436
-0.000646421
-0.00017867
-0.000667945
-0.000170925
-0.000682595
-0.000160071
-0.000688394
-0.00014613
-0.000683319
-0.000129323
-0.000665432
-0.000110111
-0.000633066
-8.92344e-05
-0.000585088
-6.77298e-05
-0.000521225
-4.69047e-05
-0.000442419
-2.82581e-05
-0.000351126
-1.33344e-05
-0.000251364
-3.54044e-06
-0.00014831
-4.73181e-05
4.34876e-07
2.80881e-05
1.39315e-06
7.8919e-05
2.58176e-06
0.000124575
3.7649e-06
0.000165191
4.76618e-06
0.000200976
5.46662e-06
0.000232233
5.79931e-06
0.000259346
5.74173e-06
0.000282758
5.30775e-06
0.000302941
4.53271e-06
0.000320358
3.47278e-06
0.000335445
2.18595e-06
0.000348574
7.3074e-07
0.000360058
-8.38748e-07
0.000370144
-2.47554e-06
0.000379003
-4.14162e-06
0.000386748
-5.80842e-06
0.000393451
-7.45512e-06
0.000399147
-9.06747e-06
0.000403841
-1.06357e-05
0.000407524
-1.21528e-05
0.000410173
-1.36153e-05
0.000411768
-1.50218e-05
0.000412286
-1.63724e-05
0.000411707
-1.76683e-05
0.00041002
-1.89116e-05
0.000407216
-2.01052e-05
0.000403297
-2.12527e-05
0.000398273
-2.23582e-05
0.000392159
-2.34266e-05
0.000384982
-2.4463e-05
0.000376774
-2.54734e-05
0.000367578
-2.64639e-05
0.000357442
-2.74409e-05
0.000346421
-2.84109e-05
0.000334574
-2.93805e-05
0.000321968
-3.03568e-05
0.000308673
-3.13472e-05
0.000294762
-3.23586e-05
0.000280308
-3.33974e-05
0.000265383
-3.44699e-05
0.00025006
-3.55816e-05
0.000234408
-3.67375e-05
0.000218492
-3.7942e-05
0.000202374
-3.91984e-05
0.000186109
-4.05095e-05
0.000169745
-4.18769e-05
0.000153324
-4.33012e-05
0.000136881
-4.47817e-05
0.000120445
-4.63171e-05
0.000104039
-4.79074e-05
8.76826e-05
-4.95519e-05
7.13884e-05
-5.1249e-05
5.51628e-05
-5.29961e-05
3.9009e-05
-5.47905e-05
2.29283e-05
-5.66291e-05
6.92165e-06
-5.85088e-05
-9.00773e-06
-6.04313e-05
-2.48473e-05
-6.2401e-05
-4.06036e-05
-6.44237e-05
-5.62839e-05
-6.65063e-05
-7.1896e-05
-6.86574e-05
-8.74479e-05
-7.08883e-05
-0.000102949
-7.32143e-05
-0.000118411
-7.56543e-05
-0.000133854
-7.82312e-05
-0.000149305
-8.0973e-05
-0.000164803
-8.39129e-05
-0.0001804
-8.70897e-05
-0.000196166
-9.05472e-05
-0.000212194
-9.43327e-05
-0.0002286
-9.84949e-05
-0.00024553
-0.000103081
-0.000263157
-0.000108129
-0.000281684
-0.000113666
-0.000301335
-0.000119694
-0.000322345
-0.000126187
-0.000344947
-0.000133076
-0.000369345
-0.000140245
-0.000395685
-0.000147522
-0.000424022
-0.00015468
-0.000454281
-0.000161435
-0.000486223
-0.00016745
-0.000519404
-0.00017235
-0.000553154
-0.000175734
-0.00058655
-0.000177193
-0.000618408
-0.000176332
-0.000647283
-0.000172797
-0.00067148
-0.000166306
-0.000689086
-0.00015668
-0.000698019
-0.000143893
-0.000696107
-0.000128107
-0.000681217
-0.000109733
-0.00065144
-8.94652e-05
-0.000605355
-6.83144e-05
-0.000542375
-4.75924e-05
-0.000463141
-2.88414e-05
-0.000369877
-1.36897e-05
-0.000266516
-3.6591e-06
-0.00015834
-5.09772e-05
5.01645e-07
2.75864e-05
1.64504e-06
7.77756e-05
3.12079e-06
0.0001231
4.67603e-06
0.000163636
6.11736e-06
0.000199535
7.30955e-06
0.000231041
8.17066e-06
0.000258485
8.66477e-06
0.000282264
8.79342e-06
0.000302812
8.58437e-06
0.000320567
8.08555e-06
0.000335944
7.35067e-06
0.000349309
6.43556e-06
0.000360973
5.39499e-06
0.000371185
4.27513e-06
0.000380123
3.11306e-06
0.00038791
1.93857e-06
0.000394626
7.73393e-07
0.000400312
-3.67402e-07
0.000404982
-1.47358e-06
0.00040863
-2.53904e-06
0.000411239
-3.56104e-06
0.00041279
-4.53918e-06
0.000413264
-5.4747e-06
0.000412643
-6.37008e-06
0.000410915
-7.22878e-06
0.000408075
-8.05499e-06
0.000404124
-8.85354e-06
0.000399071
-9.62981e-06
0.000392935
-1.03896e-05
0.000385741
-1.11393e-05
0.000377524
-1.18854e-05
0.000368324
-1.26346e-05
0.000358191
-1.3394e-05
0.00034718
-1.41697e-05
0.00033535
-1.49686e-05
0.000322767
-1.57972e-05
0.000309502
-1.66627e-05
0.000295628
-1.75712e-05
0.000281216
-1.85285e-05
0.00026634
-1.95395e-05
0.000251071
-2.06088e-05
0.000235477
-2.17399e-05
0.000219624
-2.2936e-05
0.00020357
-2.41991e-05
0.000187372
-2.55307e-05
0.000171076
-2.69313e-05
0.000154724
-2.84001e-05
0.00013835
-2.99348e-05
0.00012198
-3.15317e-05
0.000105635
-3.31916e-05
8.93425e-05
-3.49136e-05
7.31104e-05
-3.66953e-05
5.69445e-05
-3.85338e-05
4.08474e-05
-4.04251e-05
2.48196e-05
-4.23641e-05
8.86068e-06
-4.43455e-05
-7.02638e-06
-4.63702e-05
-2.28225e-05
-4.84434e-05
-3.85304e-05
-5.05704e-05
-5.41569e-05
-5.2757e-05
-6.97094e-05
-5.50099e-05
-8.5195e-05
-5.73386e-05
-0.00010062
-5.97567e-05
-0.000115993
-6.22815e-05
-0.000131329
-6.49333e-05
-0.000146653
-6.77373e-05
-0.000161999
-7.07246e-05
-0.000177413
-7.39322e-05
-0.000192959
-7.74028e-05
-0.000208723
-8.11836e-05
-0.000224819
-8.53255e-05
-0.000241388
-8.98797e-05
-0.000258603
-9.48926e-05
-0.000276671
-0.0001004
-0.000295827
-0.00010642
-0.000316326
-0.000112941
-0.000338427
-0.000119913
-0.000362373
-0.000127242
-0.000388357
-0.000134775
-0.000416489
-0.000142301
-0.000446755
-0.00014955
-0.000478974
-0.000156195
-0.000512759
-0.000161863
-0.000547486
-0.000166148
-0.000582265
-0.000168628
-0.000615927
-0.000168891
-0.00064702
-0.000166553
-0.000673817
-0.000161297
-0.000694342
-0.000152902
-0.000706415
-0.000141286
-0.000707722
-0.00012656
-0.000695943
-0.000109075
-0.000668925
-8.94765e-05
-0.000624954
-6.87429e-05
-0.000563109
-4.81825e-05
-0.000483701
-2.9374e-05
-0.000388685
-1.40256e-05
-0.000281864
-3.77414e-06
-0.000168592
-5.47513e-05
5.63631e-07
2.70228e-05
1.8816e-06
7.64577e-05
3.6313e-06
0.00012135
5.54501e-06
0.000161722
7.41381e-06
0.000197666
9.08707e-06
0.000229368
1.04682e-05
0.000257104
1.15079e-05
0.000281224
1.21959e-05
0.000302124
1.25509e-05
0.000320212
1.26124e-05
0.000335882
1.24299e-05
0.000349491
1.20566e-05
0.000361347
1.15453e-05
0.000371696
1.0942e-05
0.000380726
1.02843e-05
0.000388568
9.60235e-06
0.000395308
8.91884e-06
0.000400995
8.2498e-06
0.000405651
7.60532e-06
0.000409275
6.99053e-06
0.000411854
6.40775e-06
0.000413373
5.85667e-06
0.000413815
5.33506e-06
0.000413165
4.83926e-06
0.000411411
4.36461e-06
0.00040855
3.90564e-06
0.000404583
3.45629e-06
0.00039952
3.01004e-06
0.000393381
2.55999e-06
0.000386191
2.09898e-06
0.000377985
1.61968e-06
0.000368804
1.11473e-06
0.000358696
5.76641e-07
0.000347718
-2.2911e-09
0.000335929
-6.24104e-07
0.000323389
-1.29987e-06
0.000310178
-2.03504e-06
0.000296363
-2.83489e-06
0.000282016
-3.70421e-06
0.000267209
-4.64704e-06
0.000252014
-5.66667e-06
0.000236497
-6.76558e-06
0.000220722
-7.94545e-06
0.00020475
-9.2072e-06
0.000188634
-1.0551e-05
0.00017242
-1.19764e-05
0.00015615
-1.34818e-05
0.000139855
-1.50641e-05
0.000123562
-1.67152e-05
0.000107287
-1.84389e-05
9.10662e-05
-2.02331e-05
7.49047e-05
-2.20952e-05
5.88066e-05
-2.40217e-05
4.2774e-05
-2.60087e-05
2.68065e-05
-2.80496e-05
1.09017e-05
-3.01351e-05
-4.94089e-06
-3.22659e-05
-2.06918e-05
-3.44486e-05
-3.63477e-05
-3.66887e-05
-5.19169e-05
-3.89904e-05
-6.74076e-05
-4.13588e-05
-8.28266e-05
-4.38004e-05
-9.81788e-05
-4.63286e-05
-0.000113465
-4.89587e-05
-0.000128699
-5.17085e-05
-0.000143904
-5.45998e-05
-0.000159108
-5.76612e-05
-0.000174351
-6.09276e-05
-0.000189692
-6.44394e-05
-0.000205212
-6.82427e-05
-0.000221016
-7.23891e-05
-0.000237241
-7.69323e-05
-0.00025406
-8.19242e-05
-0.000271679
-8.74093e-05
-0.000290342
-9.3417e-05
-0.000310318
-9.99517e-05
-0.000331892
-0.000106983
-0.000355341
-0.000114434
-0.000380906
-0.000122174
-0.000408749
-0.000130011
-0.000438918
-0.00013769
-0.000471294
-0.000144897
-0.000505553
-0.000151262
-0.000541121
-0.00015638
-0.000577147
-0.000159821
-0.000612486
-0.000161155
-0.000645686
-0.000159976
-0.000674996
-0.000155932
-0.000698386
-0.00014876
-0.000713586
-0.00013833
-0.000718153
-0.000124694
-0.00070958
-0.000108144
-0.000685475
-8.92721e-05
-0.000643825
-6.90169e-05
-0.000583364
-4.86756e-05
-0.000504043
-2.9856e-05
-0.000407505
-1.43422e-05
-0.000297378
-3.88564e-06
-0.000179048
-5.8637e-05
6.2065e-07
2.64021e-05
2.10191e-06
7.49764e-05
4.11102e-06
0.000119341
6.36779e-06
0.000159466
8.64943e-06
0.000195385
1.07909e-05
0.000227226
1.26814e-05
0.000255213
1.42586e-05
0.000279647
1.55003e-05
0.000300882
1.64156e-05
0.000319296
1.7036e-05
0.000335262
1.74055e-05
0.000349122
1.75741e-05
0.000361178
1.75923e-05
0.000371678
1.75054e-05
0.000380813
1.73517e-05
0.000388721
1.71618e-05
0.000395498
1.69593e-05
0.000401198
1.67604e-05
0.00040585
1.65756e-05
0.000409459
1.64098e-05
0.000412019
1.62648e-05
0.000413518
1.61394e-05
0.00041394
1.60307e-05
0.000413273
1.59338e-05
0.000411508
1.5843e-05
0.00040864
1.57515e-05
0.000404674
1.56521e-05
0.00039962
1.55373e-05
0.000393496
1.53991e-05
0.00038633
1.52295e-05
0.000378155
1.50205e-05
0.000369013
1.47643e-05
0.000358953
1.44535e-05
0.000348029
1.40815e-05
0.000336301
1.36382e-05
0.000323832
1.31205e-05
0.000310695
1.25223e-05
0.000296961
1.18386e-05
0.0002827
1.10653e-05
0.000267983
1.01994e-05
0.00025288
9.23856e-06
0.000237457
8.18151e-06
0.000221779
7.02782e-06
0.000205904
5.77787e-06
0.000189884
4.43279e-06
0.000173765
2.99437e-06
0.000157588
1.46498e-06
0.000141385
-1.52409e-07
0.000125179
-1.85359e-06
0.000108988
-3.63554e-06
9.28481e-05
-5.49577e-06
7.67649e-05
-7.43159e-06
6.07424e-05
-9.44012e-06
4.47825e-05
-1.15181e-05
2.88845e-05
-1.36601e-05
1.30436e-05
-1.5851e-05
-2.75001e-06
-1.80908e-05
-1.8452e-05
-2.03889e-05
-3.40496e-05
-2.27498e-05
-4.9556e-05
-2.51769e-05
-6.49805e-05
-2.76731e-05
-8.03304e-05
-3.0241e-05
-9.56109e-05
-3.28955e-05
-0.000110811
-3.56502e-05
-0.000125944
-3.852e-05
-0.000141034
-4.15225e-05
-0.000156105
-4.46841e-05
-0.00017119
-4.80373e-05
-0.000186339
-5.16194e-05
-0.000201629
-5.54743e-05
-0.000217161
-5.9653e-05
-0.000233063
-6.42102e-05
-0.000249503
-6.92012e-05
-0.000266688
-7.46774e-05
-0.000284865
-8.0678e-05
-0.000304317
-8.72214e-05
-0.000325349
-9.42941e-05
-0.000348269
-0.000101839
-0.00037336
-0.000109746
-0.000400842
-0.000117844
-0.00043082
-0.000125895
-0.000463243
-0.000133598
-0.00049785
-0.000140594
-0.000534125
-0.000146478
-0.000571263
-0.000150816
-0.000608148
-0.000153166
-0.000643336
-0.000153101
-0.000675061
-0.00015024
-0.000701248
-0.00014428
-0.000719547
-0.000135041
-0.000727391
-0.00012252
-0.000722101
-0.000106947
-0.000701048
-8.88558e-05
-0.000661917
-6.91379e-05
-0.000603082
-4.9072e-05
-0.000524109
-3.02878e-05
-0.000426289
-1.46398e-05
-0.000313026
-3.99374e-06
-0.000189695
-6.26307e-05
6.72553e-07
2.57296e-05
2.30519e-06
7.33438e-05
4.558e-06
0.000117088
7.14081e-06
0.000156883
9.81868e-06
0.000192707
1.24133e-05
0.000224631
1.48006e-05
0.000252826
1.69051e-05
0.000277543
1.8693e-05
0.000299094
2.01633e-05
0.000317826
2.13393e-05
0.000334086
2.2259e-05
0.000348202
2.29685e-05
0.000360468
2.35157e-05
0.000371131
2.39449e-05
0.000380384
2.42946e-05
0.000388372
2.4596e-05
0.000395196
2.4873e-05
0.000400921
2.51427e-05
0.00040558
2.54155e-05
0.000409187
2.56966e-05
0.000411738
2.59875e-05
0.000413227
2.62863e-05
0.000413641
2.65892e-05
0.00041297
2.68905e-05
0.000411207
2.71831e-05
0.000408348
2.74595e-05
0.000404398
2.77111e-05
0.000399368
2.79294e-05
0.000393278
2.81054e-05
0.000386154
2.82304e-05
0.00037803
2.82955e-05
0.000368948
2.82926e-05
0.000358956
2.82136e-05
0.000348108
2.80509e-05
0.000336463
2.77965e-05
0.000324086
2.74455e-05
0.000311046
2.69929e-05
0.000297414
2.64343e-05
0.000283258
2.57666e-05
0.00026865
2.49874e-05
0.000253659
2.40956e-05
0.000238349
2.3091e-05
0.000222784
2.19742e-05
0.000207021
2.0747e-05
0.000191111
1.94118e-05
0.000175101
1.79717e-05
0.000159028
1.64302e-05
0.000142926
1.47905e-05
0.000126819
1.30507e-05
0.000110727
1.12205e-05
9.46784e-05
9.3037e-06
7.86817e-05
7.3035e-06
6.27426e-05
5.22288e-06
4.68631e-05
3.06439e-06
3.1043e-05
8.30684e-07
1.52773e-05
-1.46841e-06
-4.50924e-07
-3.82393e-06
-1.60965e-05
-6.24403e-06
-3.16295e-05
-8.73199e-06
-4.70681e-05
-1.12913e-05
-6.24212e-05
-1.39258e-05
-7.76959e-05
-1.66316e-05
-9.2905e-05
-1.94279e-05
-0.000108014
-2.23252e-05
-0.000123047
-2.53354e-05
-0.000138024
-2.84713e-05
-0.000152969
-3.17576e-05
-0.000167903
-3.52251e-05
-0.000182871
-3.89068e-05
-0.000197948
-4.28428e-05
-0.000213225
-4.70835e-05
-0.000228822
-5.16825e-05
-0.000244903
-5.66972e-05
-0.000261673
-6.21834e-05
-0.000279379
-6.81886e-05
-0.000298312
-7.47432e-05
-0.000318794
-8.1849e-05
-0.000341163
-8.9468e-05
-0.000365742
-9.75103e-05
-0.000392799
-0.000105825
-0.000422505
-0.000114195
-0.000454874
-0.000122334
-0.000489711
-0.000129895
-0.000526564
-0.000136479
-0.000564679
-0.000141651
-0.000602976
-0.000144959
-0.000640027
-0.000145961
-0.00067406
-0.000144247
-0.000702961
-0.000139481
-0.000724313
-0.000131435
-0.000735437
-0.000120049
-0.000733487
-0.000105491
-0.000715606
-8.82302e-05
-0.000679177
-6.9107e-05
-0.000622205
-4.93723e-05
-0.000543843
-3.06696e-05
-0.000444992
-1.49188e-05
-0.000328777
-4.09861e-06
-0.000200515
-6.67293e-05
7.19228e-07
2.50104e-05
2.49081e-06
7.15722e-05
4.97061e-06
0.000114608
7.86093e-06
0.000153992
1.09166e-05
0.000189651
1.39474e-05
0.000221601
1.68165e-05
0.000249957
1.94361e-05
0.000274923
2.17606e-05
0.00029677
2.37789e-05
0.000315808
2.55056e-05
0.000332359
2.69724e-05
0.000346735
2.82207e-05
0.00035922
2.92955e-05
0.000370056
3.02399e-05
0.000379439
3.1092e-05
0.00038752
3.18833e-05
0.000394405
3.26383e-05
0.000400166
3.33746e-05
0.000404844
3.4103e-05
0.000408458
3.48289e-05
0.000411012
3.55536e-05
0.000412502
3.62749e-05
0.00041292
3.69882e-05
0.000412257
3.76867e-05
0.000410508
3.83628e-05
0.000407672
3.90074e-05
0.000403753
3.96113e-05
0.000398764
4.01647e-05
0.000392724
4.06579e-05
0.00038566
4.1081e-05
0.000377607
4.14249e-05
0.000368604
4.16804e-05
0.0003587
4.18393e-05
0.000347949
4.18935e-05
0.000336409
4.18357e-05
0.000324144
4.16604e-05
0.000311222
4.1363e-05
0.000297711
4.094e-05
0.000283681
4.03886e-05
0.000269202
3.97075e-05
0.00025434
3.88963e-05
0.00023916
3.79559e-05
0.000223725
3.6888e-05
0.000208089
3.56953e-05
0.000192304
3.43811e-05
0.000176415
3.29494e-05
0.00016046
3.14041e-05
0.000144471
2.97481e-05
0.000128475
2.79829e-05
0.000112493
2.61157e-05
9.65456e-05
2.41519e-05
8.06455e-05
2.20957e-05
6.47988e-05
1.9951e-05
4.90078e-05
1.77218e-05
3.32722e-05
1.54117e-05
1.75875e-05
1.30131e-05
1.94766e-06
1.05378e-05
-1.36211e-05
7.99282e-06
-2.90845e-05
5.37622e-06
-4.44515e-05
2.68363e-06
-5.97286e-05
-9.06346e-08
-7.49216e-05
-2.95194e-06
-9.00437e-05
-5.90451e-06
-0.000105062
-8.95846e-06
-0.000119993
-1.21261e-05
-0.000134856
-1.54151e-05
-0.00014968
-1.88495e-05
-0.000164469
-2.24579e-05
-0.000179263
-2.62678e-05
-0.000194138
-3.0314e-05
-0.000209179
-3.46469e-05
-0.000224489
-3.93177e-05
-0.000240233
-4.43832e-05
-0.000256608
-4.99029e-05
-0.00027386
-5.59297e-05
-0.000292285
-6.25043e-05
-0.00031222
-6.96422e-05
-0.000334025
-7.73226e-05
-0.000358061
-8.54757e-05
-0.000384646
-9.39718e-05
-0.000414009
-0.000102613
-0.000446232
-0.000111134
-0.000481191
-0.000119198
-0.000518499
-0.000126418
-0.00055746
-0.000132359
-0.000597035
-0.000136566
-0.00063582
-0.000138582
-0.000672043
-0.000137978
-0.000703566
-0.000134382
-0.000727909
-0.000127525
-0.000742294
-0.000117289
-0.000743723
-0.000103779
-0.000729117
-8.73967e-05
-0.000695559
-6.89239e-05
-0.000640678
-4.95758e-05
-0.000563191
-3.10013e-05
-0.000463566
-1.51793e-05
-0.000344599
-4.20046e-06
-0.000211494
-7.09298e-05
7.60599e-07
2.42498e-05
2.65827e-06
6.96745e-05
5.34749e-06
0.000111919
8.52547e-06
0.000150814
1.19388e-05
0.000186238
1.53868e-05
0.000218153
1.87208e-05
0.000246623
2.18411e-05
0.000271803
2.46907e-05
0.00029392
2.7248e-05
0.00031325
2.95189e-05
0.000330088
3.15281e-05
0.000344726
3.33121e-05
0.000357436
3.49123e-05
0.000368456
3.63701e-05
0.000377981
3.7723e-05
0.000386167
3.90025e-05
0.000393125
4.02336e-05
0.000398935
4.14344e-05
0.000403643
4.26162e-05
0.000407276
4.37847e-05
0.000409844
4.49412e-05
0.000411346
4.60831e-05
0.000411778
4.72052e-05
0.000411135
4.83003e-05
0.000409413
4.93595e-05
0.000406612
5.03731e-05
0.00040274
5.13307e-05
0.000397807
5.22216e-05
0.000391834
5.30351e-05
0.000384847
5.37608e-05
0.000376881
5.43885e-05
0.000367976
5.49087e-05
0.00035818
5.53125e-05
0.000347545
5.55919e-05
0.00033613
5.57395e-05
0.000323996
5.57498e-05
0.000311211
5.56185e-05
0.000297842
5.53423e-05
0.000283957
5.49192e-05
0.000269625
5.43485e-05
0.000254911
5.36307e-05
0.000239878
5.27673e-05
0.000224588
5.1761e-05
0.000209095
5.06153e-05
0.00019345
4.93342e-05
0.000177696
4.79222e-05
0.000161872
4.63836e-05
0.00014601
4.47223e-05
0.000130136
4.29417e-05
0.000114273
4.10477e-05
9.84395e-05
3.90458e-05
8.26474e-05
3.69406e-05
6.6904e-05
3.47359e-05
5.12125e-05
3.24351e-05
3.5573e-05
3.00394e-05
1.99831e-05
2.75451e-05
4.44197e-06
2.49609e-05
-1.10369e-05
2.22958e-05
-2.64194e-05
1.9551e-05
-4.17066e-05
1.6724e-05
-5.69017e-05
1.38103e-05
-7.20079e-05
1.07949e-05
-8.70283e-05
7.68227e-06
-0.000101949
4.46571e-06
-0.000116777
1.13348e-06
-0.000131524
-2.32825e-06
-0.000146219
-5.93429e-06
-0.000160863
-9.70641e-06
-0.000175491
-1.36701e-05
-0.000190174
-1.78544e-05
-0.000204995
-2.23111e-05
-0.000220032
-2.70841e-05
-0.00023546
-3.22295e-05
-0.000251462
-3.78089e-05
-0.00026828
-4.38786e-05
-0.000286216
-5.04874e-05
-0.000305611
-5.76627e-05
-0.00032685
-6.53988e-05
-0.000350325
-7.36455e-05
-0.000376399
-8.22937e-05
-0.000405361
-9.1167e-05
-0.000437359
-0.000100018
-0.00047234
-0.000108528
-0.000509988
-0.00011632
-0.000549668
-0.000122967
-0.000590388
-0.000128012
-0.000630776
-0.000130989
-0.000669066
-0.000131451
-0.000703103
-0.000128999
-0.000730361
-0.00012332
-0.000747973
-0.000114245
-0.000752798
-0.000101812
-0.000741549
-8.63544e-05
-0.000711017
-6.85869e-05
-0.000658446
-4.96813e-05
-0.000582097
-3.12823e-05
-0.000481965
-1.54214e-05
-0.00036046
-4.29949e-06
-0.000222615
-7.52293e-05
7.96629e-07
2.34531e-05
2.80721e-06
6.76639e-05
5.68754e-06
0.000109039
9.13215e-06
0.00014737
1.28814e-05
0.000182488
1.67257e-05
0.000214308
2.05057e-05
0.000242843
2.41102e-05
0.000268198
2.74712e-05
0.000290559
3.05566e-05
0.000310165
3.33634e-05
0.000327281
3.59089e-05
0.000342181
3.82241e-05
0.000355121
4.03465e-05
0.000366333
4.23153e-05
0.000376013
4.41667e-05
0.000384315
4.59324e-05
0.00039136
4.76375e-05
0.00039723
4.93005e-05
0.00040198
5.09333e-05
0.000405643
5.25421e-05
0.000408235
5.41281e-05
0.00040976
5.56888e-05
0.000410218
5.72184e-05
0.000409605
5.87092e-05
0.000407922
6.01515e-05
0.00040517
6.15347e-05
0.000401356
6.28476e-05
0.000396494
6.40786e-05
0.000390603
6.52161e-05
0.000383709
6.62488e-05
0.000375848
6.71661e-05
0.000367059
6.79577e-05
0.000357388
6.86143e-05
0.000346888
6.91276e-05
0.000335616
6.94904e-05
0.000323634
6.96971e-05
0.000311005
6.97433e-05
0.000297796
6.96262e-05
0.000284075
6.93442e-05
0.000269907
6.88972e-05
0.000255358
6.82863e-05
0.000240489
6.75136e-05
0.000225361
6.65825e-05
0.000210026
6.54972e-05
0.000194535
6.42622e-05
0.000178931
6.28825e-05
0.000163252
6.13629e-05
0.00014753
5.97081e-05
0.000131791
5.79225e-05
0.000116059
5.60116e-05
0.00010035
5.39804e-05
8.46786e-05
5.18333e-05
6.90511e-05
4.95737e-05
5.34721e-05
4.72041e-05
3.79427e-05
4.47252e-05
2.2462e-05
4.21375e-05
7.02967e-06
3.94487e-05
-8.34808e-06
3.66663e-05
-2.36371e-05
3.37921e-05
-3.88324e-05
3.08242e-05
-5.39338e-05
2.77584e-05
-6.89421e-05
2.45866e-05
-8.38565e-05
2.13093e-05
-9.8672e-05
1.79232e-05
-0.000113391
1.44207e-05
-0.000128021
1.07825e-05
-0.00014258
6.99774e-06
-0.000157078
3.05136e-06
-0.000171545
-1.08324e-06
-0.000186039
-5.43673e-06
-0.000200641
-1.00456e-05
-0.000215423
-1.49496e-05
-0.000230556
-2.02052e-05
-0.000246207
-2.58736e-05
-0.000262612
-3.20102e-05
-0.000280079
-3.86717e-05
-0.000298949
-4.58948e-05
-0.000319627
-5.36872e-05
-0.000342533
-6.20166e-05
-0.00036807
-7.07942e-05
-0.000396583
-7.98647e-05
-0.000428288
-8.90008e-05
-0.000463204
-9.79033e-05
-0.000501086
-0.000106208
-0.000541363
-0.000113497
-0.000583099
-0.000119318
-0.000624955
-0.0001232
-0.000665184
-0.000124682
-0.000701621
-0.00012334
-0.000731703
-0.000118827
-0.000752487
-0.000110919
-0.000760706
-9.95901e-05
-0.000752878
-8.51001e-05
-0.000725507
-6.80925e-05
-0.000675453
-4.96857e-05
-0.000600504
-3.15112e-05
-0.00050014
-1.56448e-05
-0.000376326
-4.39586e-06
-0.000233864
-7.96251e-05
8.27314e-07
2.26258e-05
2.93741e-06
6.55538e-05
5.98993e-06
0.000105986
9.67913e-06
0.000143681
1.37412e-05
0.000178426
1.7959e-05
0.000210091
2.21639e-05
0.000238638
2.62342e-05
0.000264128
3.00907e-05
0.000286703
3.36915e-05
0.000306564
3.70239e-05
0.000323949
4.0098e-05
0.000339107
4.29386e-05
0.00035228
4.55789e-05
0.000363693
4.80553e-05
0.000373536
5.04026e-05
0.000381968
5.26519e-05
0.00038911
5.48285e-05
0.000395053
5.69513e-05
0.000399858
5.90327e-05
0.000403562
6.10794e-05
0.000406188
6.30927e-05
0.000407746
6.50702e-05
0.00040824
6.70059e-05
0.00040767
6.88915e-05
0.000406037
7.07168e-05
0.000403345
7.24705e-05
0.000399603
7.41404e-05
0.000394824
7.57142e-05
0.000389029
7.71796e-05
0.000382244
7.85244e-05
0.000374503
7.97372e-05
0.000365846
8.08074e-05
0.000356318
8.17251e-05
0.000345971
8.24818e-05
0.00033486
8.30702e-05
0.000323045
8.34844e-05
0.000310591
8.37203e-05
0.00029756
8.37751e-05
0.00028402
8.36478e-05
0.000270034
8.33384e-05
0.000255667
8.28485e-05
0.000240979
8.21809e-05
0.000226028
8.13393e-05
0.000210868
8.03284e-05
0.000195546
7.91533e-05
0.000180106
7.78193e-05
0.000164586
7.63317e-05
0.000149017
7.46958e-05
0.000133427
7.29164e-05
0.000117838
7.09989e-05
0.000102268
6.89479e-05
8.67295e-05
6.67676e-05
7.12315e-05
6.44606e-05
5.57791e-05
6.20289e-05
4.03744e-05
5.94734e-05
2.50175e-05
5.67961e-05
9.70697e-06
5.40052e-05
-5.55716e-06
5.1108e-05
-2.07398e-05
4.8105e-05
-3.58294e-05
4.49946e-05
-5.08234e-05
4.1774e-05
-6.57215e-05
3.84394e-05
-8.05219e-05
3.49892e-05
-9.52218e-05
3.14206e-05
-0.000109822
2.77272e-05
-0.000124328
2.38971e-05
-0.00013875
1.99214e-05
-0.000153103
1.57887e-05
-0.000167412
1.14759e-05
-0.000181727
6.94699e-06
-0.000196112
2.17509e-06
-0.000210652
-2.8846e-06
-0.000225496
-8.2818e-06
-0.00024081
-1.4067e-05
-0.000256827
-2.02972e-05
-0.000273849
-2.70338e-05
-0.000292213
-3.43197e-05
-0.000312341
-4.21736e-05
-0.000334679
-5.05804e-05
-0.000359663
-5.94705e-05
-0.000387693
-6.87093e-05
-0.00041905
-7.80904e-05
-0.000453823
-8.73346e-05
-0.000491842
-9.60942e-05
-0.000532604
-0.000103964
-0.000575229
-0.000110498
-0.000618422
-0.000115226
-0.000660456
-0.000117679
-0.000699168
-0.000117413
-0.000731969
-0.000114046
-0.000755853
-0.000107308
-0.000767445
-9.71072e-05
-0.000763079
-8.36271e-05
-0.000738987
-6.74341e-05
-0.000691646
-4.95844e-05
-0.000618353
-3.16853e-05
-0.000518039
-1.58489e-05
-0.000392162
-4.48965e-06
-0.000245224
-8.41148e-05
8.52687e-07
2.17731e-05
3.04876e-06
6.33578e-05
6.2541e-06
0.000102781
1.01649e-05
0.00013977
1.45152e-05
0.000174076
1.90823e-05
0.000205524
2.36892e-05
0.000234031
2.82045e-05
0.000259613
3.25388e-05
0.000282369
3.66398e-05
0.000302463
4.0486e-05
0.000320103
4.40792e-05
0.000335513
4.74379e-05
0.000348922
5.05906e-05
0.00036054
5.35703e-05
0.000370557
5.64101e-05
0.000379128
5.91401e-05
0.00038638
6.17855e-05
0.000392408
6.43655e-05
0.000397278
6.68929e-05
0.000401035
6.93749e-05
0.000403706
7.18134e-05
0.000405308
7.42058e-05
0.000405848
7.65462e-05
0.000405329
7.88258e-05
0.000403757
8.10341e-05
0.000401137
8.3159e-05
0.000397478
8.51878e-05
0.000392795
8.71073e-05
0.000387109
8.89044e-05
0.000380447
9.05664e-05
0.000372841
9.20811e-05
0.000364331
9.34373e-05
0.000354962
9.46248e-05
0.000344783
9.56346e-05
0.00033385
9.64592e-05
0.000322221
9.70927e-05
0.000309957
9.75309e-05
0.000297122
9.77711e-05
0.00028378
9.78122e-05
0.000269993
9.76548e-05
0.000255824
9.73006e-05
0.000241333
9.67529e-05
0.000226576
9.60156e-05
0.000211605
9.50938e-05
0.000196468
9.39928e-05
0.000181207
9.27185e-05
0.00016586
9.12764e-05
0.000150459
8.96721e-05
0.000135031
8.79108e-05
0.000119599
8.59978e-05
0.000104181
8.39375e-05
8.87898e-05
8.17336e-05
7.34354e-05
7.93886e-05
5.8124e-05
7.6904e-05
4.2859e-05
7.42803e-05
2.76412e-05
7.15193e-05
1.24679e-05
6.86301e-05
-2.66791e-06
6.56217e-05
-1.77315e-05
6.24921e-05
-3.26998e-05
5.924e-05
-4.75713e-05
5.58641e-05
-6.23456e-05
5.23625e-05
-7.70203e-05
4.87334e-05
-9.15927e-05
4.49744e-05
-0.000106063
4.10805e-05
-0.000120434
3.70447e-05
-0.000134714
3.28591e-05
-0.000148917
2.85138e-05
-0.000163067
2.39914e-05
-0.000177204
1.92676e-05
-0.000191388
1.43194e-05
-0.000205703
9.09949e-06
-0.000220276
3.55734e-06
-0.000235267
-2.35995e-06
-0.000250909
-8.71316e-06
-0.000267496
-1.55471e-05
-0.000285379
-2.29152e-05
-0.000304973
-3.084e-05
-0.000326754
-3.93239e-05
-0.000351179
-4.83147e-05
-0.000378702
-5.76978e-05
-0.000409667
-6.72881e-05
-0.000444233
-7.68273e-05
-0.000482302
-8.59867e-05
-0.000523444
-9.43767e-05
-0.000566839
-0.000101561
-0.000611237
-0.000107076
-0.000654941
-0.000110447
-0.000695797
-0.000111217
-0.000731199
-0.000108975
-0.000758095
-0.000103406
-0.000773015
-9.4354e-05
-0.00077213
-8.19253e-05
-0.000751416
-6.66025e-05
-0.000706969
-4.93703e-05
-0.000635586
-3.18007e-05
-0.000535609
-1.60322e-05
-0.000407931
-4.5808e-06
-0.000256675
-8.86956e-05
8.72815e-07
2.09003e-05
3.14129e-06
6.10893e-05
6.47975e-06
9.94422e-05
1.05886e-05
0.000135661
1.52015e-05
0.000169463
2.00919e-05
0.000200633
2.5076e-05
0.000229047
3.00135e-05
0.000254675
3.48055e-05
0.000277577
3.93898e-05
0.000297879
4.37356e-05
0.000315757
4.78367e-05
0.000331412
5.17048e-05
0.000345054
5.5363e-05
0.000356882
5.88408e-05
0.000367079
6.21688e-05
0.0003758
6.53761e-05
0.000383173
6.84872e-05
0.000389297
7.15215e-05
0.000394243
7.44923e-05
0.000398064
7.74073e-05
0.000400791
8.02686e-05
0.000402447
8.3074e-05
0.000403042
8.58176e-05
0.000402586
8.84905e-05
0.000401084
9.10817e-05
0.000398545
9.35788e-05
0.000394981
9.59683e-05
0.000390406
9.82364e-05
0.000384841
0.000100369
0.000378314
0.000102354
0.000370857
0.000104177
0.000362508
0.000105827
0.000353312
0.000107293
0.000343317
0.000108565
0.000332577
0.000109637
0.000321149
0.000110502
0.000309092
0.000111155
0.000296469
0.000111594
0.00028334
0.000111818
0.000269769
0.000111827
0.000255815
0.000111624
0.000241537
0.000111211
0.000226989
0.000110593
0.000212223
0.000109775
0.000197285
0.000108763
0.000182219
0.000107563
0.00016706
0.00010618
0.000151842
0.000104621
0.000136591
0.00010289
0.00012133
0.000100993
0.000106078
9.89348e-05
9.08484e-05
9.6718e-05
7.56522e-05
9.43455e-05
6.04965e-05
9.18186e-05
4.53858e-05
8.91376e-05
3.03222e-05
8.63027e-05
1.53029e-05
8.33207e-05
3.14085e-07
8.02047e-05
-1.46156e-05
7.69503e-05
-2.94454e-05
7.35579e-05
-4.41789e-05
7.00273e-05
-5.88151e-05
6.63575e-05
-7.33504e-05
6.2547e-05
-8.77822e-05
5.85935e-05
-0.000102109
5.44937e-05
-0.000116334
5.02425e-05
-0.000130463
4.58339e-05
-0.000144508
4.12595e-05
-0.000158492
3.65066e-05
-0.000172451
3.15581e-05
-0.00018644
2.63927e-05
-0.000200538
2.09769e-05
-0.00021486
1.52726e-05
-0.000229563
9.22356e-06
-0.00024486
2.75673e-06
-0.000261029
-4.18521e-06
-0.000278437
-1.16562e-05
-0.000297502
-1.96647e-05
-0.000318745
-2.82303e-05
-0.000342614
-3.73142e-05
-0.000369618
-4.68217e-05
-0.000400159
-5.65893e-05
-0.000434465
-6.63803e-05
-0.000472511
-7.58866e-05
-0.000513938
-8.47369e-05
-0.000557988
-9.25097e-05
-0.000603464
-9.87493e-05
-0.000648702
-0.000102984
-0.000691563
-0.000104747
-0.000729436
-0.000103605
-0.000759237
-9.91996e-05
-0.00077742
-9.13163e-05
-0.000780014
-7.99799e-05
-0.000762752
-6.55844e-05
-0.000721365
-4.90334e-05
-0.000652137
-3.18513e-05
-0.000552791
-1.61925e-05
-0.00042359
-4.66905e-06
-0.000268199
-9.33646e-05
8.87798e-07
2.00125e-05
3.21514e-06
5.8762e-05
6.66679e-06
9.59906e-05
1.09493e-05
0.000131378
1.57982e-05
0.000164614
2.09846e-05
0.000195447
2.63193e-05
0.000223712
3.16544e-05
0.00024934
3.68819e-05
0.000272349
4.19303e-05
0.00029283
4.67596e-05
0.000310928
5.13554e-05
0.000326816
5.57223e-05
0.000340687
5.98779e-05
0.000352726
6.38473e-05
0.000363109
6.76586e-05
0.000371989
7.1339e-05
0.000379493
7.49124e-05
0.000385723
7.8398e-05
0.000390758
8.18095e-05
0.000394652
8.51549e-05
0.000397446
8.84368e-05
0.000399165
9.16535e-05
0.000399826
9.47989e-05
0.00039944
9.78644e-05
0.000398019
0.000100839
0.000395571
0.000103709
0.000392111
0.000106461
0.000387654
0.00010908
0.000382221
0.000111553
0.000375841
0.000113865
0.000368545
0.000116003
0.00036037
0.000117954
0.000351361
0.000119707
0.000341564
0.000121253
0.000331031
0.000122583
0.000319819
0.000123691
0.000307984
0.000124572
0.000295588
0.000125224
0.000282689
0.000125644
0.000269348
0.000125835
0.000255625
0.000125797
0.000241574
0.000125535
0.000227251
0.000125052
0.000212706
0.000124353
0.000197984
0.000123445
0.000183127
0.000122333
0.000168172
0.000121024
0.000153151
0.000119523
0.000138092
0.000117836
0.000123017
0.000115967
0.000107946
0.000113922
9.28935e-05
0.000111704
7.78707e-05
0.000109314
6.28858e-05
0.000106756
4.79441e-05
0.000104031
3.30478e-05
0.000101139
1.81948e-05
9.80738e-05
3.37889e-06
9.48476e-05
-1.13893e-05
9.14691e-05
-2.60669e-05
8.79391e-05
-4.06489e-05
8.42563e-05
-5.51323e-05
8.04196e-05
-6.95138e-05
7.64277e-05
-8.37902e-05
7.22786e-05
-9.79603e-05
6.797e-05
-0.000112026
6.34982e-05
-0.000125991
5.88586e-05
-0.000139869
5.40448e-05
-0.000153678
4.90472e-05
-0.000167454
4.3853e-05
-0.000181246
3.84449e-05
-0.00019513
3.27984e-05
-0.000209214
2.68827e-05
-0.000223647
2.06552e-05
-0.000238633
1.40631e-05
-0.000254437
7.0298e-06
-0.000271404
-5.18786e-07
-0.000289953
-8.62703e-06
-0.000310637
-1.72786e-05
-0.000333962
-2.64517e-05
-0.000360445
-3.60676e-05
-0.000390543
-4.59838e-05
-0.000424549
-5.59861e-05
-0.000462509
-6.57885e-05
-0.000504136
-7.50405e-05
-0.000548736
-8.33384e-05
-0.000595166
-9.02401e-05
-0.0006418
-9.52807e-05
-0.000686522
-9.79907e-05
-0.000726726
-9.79192e-05
-0.000759309
-9.46717e-05
-0.000780667
-8.79741e-05
-0.000786711
-7.77711e-05
-0.000772955
-6.43623e-05
-0.000734773
-4.85602e-05
-0.000667939
-3.18292e-05
-0.000569522
-1.63264e-05
-0.000439093
-4.75387e-06
-0.000279771
-9.81185e-05
8.97763e-07
1.91148e-05
3.27057e-06
5.63892e-05
6.81542e-06
9.24457e-05
1.12469e-05
0.000126947
1.63043e-05
0.000159557
2.17581e-05
0.000189993
2.74152e-05
0.000218055
3.31212e-05
0.000243634
3.87599e-05
0.00026671
4.4251e-05
0.000287339
4.95456e-05
0.000305633
5.46209e-05
0.000321741
5.94743e-05
0.000335833
6.41175e-05
0.000348083
6.8571e-05
0.000358656
7.28595e-05
0.0003677
7.70082e-05
0.000375344
8.104e-05
0.000381691
8.49736e-05
0.000386824
8.8823e-05
0.000390803
9.25963e-05
0.000393673
9.62967e-05
0.000395464
9.99227e-05
0.0003962
0.000103469
0.000395894
0.000106926
0.000394561
0.000110283
0.000392214
0.000113527
0.000388867
0.000116644
0.000384537
0.000119618
0.000379247
0.000122434
0.000373024
0.000125079
0.0003659
0.000127538
0.000357912
0.000129798
0.000349101
0.000131847
0.000339514
0.000133676
0.000329203
0.000135275
0.00031822
0.000136638
0.000306622
0.00013776
0.000294466
0.000138637
0.000281812
0.000139269
0.000268717
0.000139655
0.000255238
0.000139799
0.000241431
0.000139701
0.000227349
0.000139368
0.000213039
0.000138804
0.000198548
0.000138015
0.000183916
0.000137007
0.000169181
0.000135785
0.000154373
0.000134356
0.000139521
0.000132726
0.000124648
0.000130898
0.000109774
0.000128878
9.49134e-05
0.000126669
8.00797e-05
0.000124274
6.52815e-05
0.000121693
5.0525e-05
0.000118927
3.58132e-05
0.000115977
2.11455e-05
0.000112838
6.51787e-06
0.000109518
-8.06988e-06
0.000106028
-2.25763e-05
0.000102368
-3.69893e-05
9.85389e-05
-5.13031e-05
9.45392e-05
-6.55141e-05
9.03683e-05
-7.96192e-05
8.60248e-05
-9.36168e-05
8.1507e-05
-0.000107508
7.68124e-05
-0.000121297
7.19378e-05
-0.000134994
6.68783e-05
-0.000148619
6.1627e-05
-0.000162202
5.61741e-05
-0.000175793
5.05063e-05
-0.000189462
4.4605e-05
-0.000203313
3.8446e-05
-0.000217488
3.19971e-05
-0.000232184
2.52175e-05
-0.000247657
1.80527e-05
-0.000264239
1.04423e-05
-0.000282343
2.283e-06
-0.000302478
-6.44498e-06
-0.000325234
-1.57054e-05
-0.000351185
-2.54169e-05
-0.000380832
-3.5456e-05
-0.00041451
-4.56313e-05
-0.000452334
-5.56804e-05
-0.000494087
-6.5276e-05
-0.000539141
-7.40356e-05
-0.000586406
-8.15352e-05
-0.0006343
-8.73221e-05
-0.000680735
-9.09301e-05
-0.000723118
-9.18971e-05
-0.000758342
-8.97975e-05
-0.000782767
-8.43015e-05
-0.000792207
-7.52735e-05
-0.000781983
-6.29136e-05
-0.000747133
-4.79335e-05
-0.000682919
-3.17234e-05
-0.000585732
-1.6429e-05
-0.000454387
-4.83436e-06
-0.000291366
-0.000102953
9.02866e-07
1.82119e-05
3.30794e-06
5.39841e-05
6.92601e-06
8.88277e-05
1.14815e-05
0.000122391
1.67191e-05
0.000154319
2.24105e-05
0.000184302
2.83602e-05
0.000212105
3.44086e-05
0.000237586
4.04322e-05
0.000260687
4.63424e-05
0.000281429
5.20819e-05
0.000299894
5.76195e-05
0.000316203
6.29453e-05
0.000330508
6.80647e-05
0.000342964
7.29932e-05
0.000353727
7.77519e-05
0.000362942
8.23633e-05
0.000370733
8.6849e-05
0.000377206
9.12271e-05
0.000382446
9.55112e-05
0.000386519
9.97099e-05
0.000389474
0.000103827
0.000391348
0.00010786
0.000392166
0.000111806
0.000391949
0.000115654
0.000390713
0.000119394
0.000388474
0.000123013
0.000385248
0.000126496
0.000381055
0.000129827
0.000375916
0.000132991
0.00036986
0.000135974
0.000362918
0.00013876
0.000355126
0.000141336
0.000346525
0.00014369
0.000337161
0.000145811
0.000327082
0.00014769
0.000316341
0.000149319
0.000304992
0.000150694
0.000293091
0.000151811
0.000280695
0.000152668
0.00026786
0.000153265
0.000254641
0.000153603
0.000241093
0.000153687
0.000227265
0.000153519
0.000213207
0.000153104
0.000198962
0.000152449
0.000184571
0.000151559
0.000170071
0.00015044
0.000155492
0.000149097
0.000140863
0.000147537
0.000126208
0.000145763
0.000111547
0.000143781
9.68958e-05
0.000141593
8.22677e-05
0.000139201
6.76729e-05
0.000136607
5.31187e-05
0.000133811
3.86092e-05
0.000130811
2.41455e-05
0.000127606
9.72333e-06
0.000124202
-4.66598e-06
0.00012061
-1.89839e-05
0.000116829
-3.32089e-05
0.000112861
-4.73343e-05
0.000108703
-6.1357e-05
0.000104358
-7.52735e-05
9.98227e-05
-8.90819e-05
9.50976e-05
-0.000102783
9.01807e-05
-0.00011638
8.50698e-05
-0.000129883
7.97618e-05
-0.000143311
7.42517e-05
-0.000156692
6.85325e-05
-0.000170074
6.25942e-05
-0.000183524
5.64229e-05
-0.000197141
5e-05
-0.000211065
4.33011e-05
-0.000225485
3.62952e-05
-0.000240651
2.89435e-05
-0.000256887
2.1199e-05
-0.000274598
1.29973e-05
-0.000294276
4.25443e-06
-0.000316491
-5.05119e-06
-0.000341879
-1.48463e-05
-0.000371037
-2.49848e-05
-0.000404371
-3.52964e-05
-0.000442022
-4.55438e-05
-0.000483839
-5.5425e-05
-0.00052926
-6.45823e-05
-0.000577249
-7.26139e-05
-0.000626269
-7.90849e-05
-0.000674264
-8.35388e-05
-0.000718664
-8.55091e-05
-0.000756371
-8.45451e-05
-0.000783731
-8.02657e-05
-0.000796486
-7.24552e-05
-0.000789793
-6.12102e-05
-0.000758378
-4.71314e-05
-0.000696998
-3.15197e-05
-0.000601343
-1.64941e-05
-0.000469413
-4.90918e-06
-0.000302951
-0.000107862
9.03287e-07
1.73086e-05
3.3277e-06
5.15597e-05
6.99917e-06
8.51562e-05
1.16535e-05
0.000117737
1.70425e-05
0.00014893
2.29408e-05
0.000178403
2.9152e-05
0.000205894
3.55124e-05
0.000231225
4.18925e-05
0.000254307
4.81962e-05
0.000275125
5.43579e-05
0.000293732
6.03385e-05
0.000310223
6.61205e-05
0.000324725
7.1703e-05
0.000337381
7.7096e-05
0.000348334
8.23165e-05
0.000357721
8.73842e-05
0.000365665
9.23187e-05
0.000372271
9.71372e-05
0.000377627
0.000101853
0.000381803
0.000106474
0.000384853
0.000111005
0.000386817
0.000115445
0.000387726
0.000119789
0.000387605
0.000124028
0.000386474
0.000128151
0.00038435
0.000132145
0.000381254
0.000135996
0.000377204
0.000139687
0.000372225
0.000143203
0.000366344
0.000146528
0.000359592
0.000149647
0.000352006
0.000152547
0.000343626
0.000155213
0.000334494
0.000157636
0.000324659
0.000159804
0.000314172
0.000161712
0.000303085
0.000163352
0.000291451
0.000164721
0.000279326
0.000165816
0.000266764
0.000166638
0.00025382
0.000167187
0.000240544
0.000167465
0.000226987
0.000167477
0.000213195
0.000167228
0.000199212
0.000166721
0.000185078
0.000165964
0.000170828
0.000164961
0.000156495
0.000163719
0.000142106
0.000162242
0.000127685
0.000160536
0.000113254
0.000158603
9.88281e-05
0.000156449
8.44226e-05
0.000154073
7.00483e-05
0.000151478
5.57136e-05
0.000148663
4.14241e-05
0.000145626
2.71825e-05
0.000142365
1.29849e-05
0.000138885
-1.18601e-06
0.0001352
-1.52991e-05
0.000131306
-2.93153e-05
0.000127205
-4.32328e-05
0.000122896
-5.70485e-05
0.000118381
-7.07585e-05
0.00011366
-8.43603e-05
0.000108731
-9.78539e-05
0.000103595
-0.000111243
9.8249e-05
-0.000124538
9.26925e-05
-0.000137754
8.69221e-05
-0.000150922
8.0933e-05
-0.000164085
7.47183e-05
-0.000177309
6.82681e-05
-0.000190691
6.15687e-05
-0.000204366
5.4602e-05
-0.000218518
4.73452e-05
-0.000233394
3.97699e-05
-0.000249312
3.18427e-05
-0.000266671
2.35219e-05
-0.000285955
1.47559e-05
-0.000307725
5.47727e-06
-0.0003326
-4.32983e-06
-0.000361229
-1.45436e-05
-0.000394158
-2.49558e-05
-0.00043161
-3.53531e-05
-0.000473442
-4.54615e-05
-0.000519151
-5.49513e-05
-0.000567759
-6.34474e-05
-0.000617773
-7.05379e-05
-0.000667174
-7.57828e-05
-0.000713419
-7.87183e-05
-0.000753436
-7.88752e-05
-0.000783574
-7.58264e-05
-0.000799535
-6.92776e-05
-0.000796342
-5.92178e-05
-0.000768438
-4.61267e-05
-0.000710089
-3.12006e-05
-0.00061627
-1.65129e-05
-0.0004841
-4.9764e-06
-0.000314487
-0.000112838
8.99224e-07
1.64094e-05
3.33039e-06
4.91285e-05
7.03568e-06
8.14509e-05
1.17637e-05
0.000113009
1.72748e-05
0.000143419
2.33484e-05
0.00017233
2.97886e-05
0.000199454
3.64291e-05
0.000224585
4.31354e-05
0.0002476
4.98047e-05
0.000268456
5.63637e-05
0.000287173
6.27658e-05
0.000303821
6.89859e-05
0.000318505
7.50164e-05
0.000331351
8.08617e-05
0.000342489
8.65344e-05
0.000352049
9.20509e-05
0.000360148
9.74285e-05
0.000366894
0.000102683
0.000372373
0.000107826
0.00037666
0.000112868
0.000379811
0.000117811
0.000381874
0.000122655
0.000382882
0.000127396
0.000382864
0.000132025
0.000381845
0.000136532
0.000379844
0.000140903
0.000376883
0.000145123
0.000372984
0.000149177
0.000368171
0.000153048
0.000362473
0.00015672
0.00035592
0.000160178
0.000348548
0.000163407
0.000340396
0.000166394
0.000331507
0.000169127
0.000321927
0.000171596
0.000311703
0.000173792
0.000300889
0.000175709
0.000289534
0.000177342
0.000277693
0.000178689
0.000265417
0.000179749
0.00025276
0.000180521
0.000239771
0.00018101
0.000226498
0.000181217
0.000212988
0.000181146
0.000199282
0.000180804
0.000185421
0.000180194
0.000171438
0.000179322
0.000157366
0.000178194
0.000143234
0.000176815
0.000129065
0.000175189
0.00011488
0.00017332
0.000100697
0.00017121
8.65318e-05
0.000168863
7.23954e-05
0.000166279
5.82975e-05
0.000163459
4.42448e-05
0.0001604
3.0241e-05
0.000157102
1.62831e-05
0.000153558
2.35764e-06
0.000149783
-1.15234e-05
0.00014578
-2.5313e-05
0.000141553
-3.90053e-05
0.0001371
-5.2596e-05
0.000132423
-6.60811e-05
0.000127521
-7.94582e-05
0.000122394
-9.27272e-05
0.000117043
-0.000105892
0.000111466
-0.000118961
0.000105664
-0.000131952
9.96347e-05
-0.000144893
9.33757e-05
-0.000157826
8.6883e-05
-0.000170816
8.01501e-05
-0.000183958
7.31678e-05
-0.000197384
6.59237e-05
-0.000211274
5.84017e-05
-0.000225872
5.05822e-05
-0.000241492
4.24424e-05
-0.000258531
3.39563e-05
-0.000277469
2.50948e-05
-0.000298864
1.58229e-05
-0.000323329
6.09016e-06
-0.000351497
-4.10117e-06
-0.000383966
-1.45765e-05
-0.000421135
-2.50753e-05
-0.000462943
-3.53515e-05
-0.000508875
-4.51072e-05
-0.000558004
-5.39982e-05
-0.000608882
-6.1641e-05
-0.000659531
-6.76193e-05
-0.000707441
-7.1479e-05
-0.000749576
-7.27402e-05
-0.000782313
-7.09353e-05
-0.00080134
-6.56941e-05
-0.000801584
-5.6895e-05
-0.000777237
-4.48866e-05
-0.000722097
-3.07438e-05
-0.000630412
-1.64748e-05
-0.000498369
-5.03336e-06
-0.000325929
-0.000117872
8.9089e-07
1.55185e-05
3.31661e-06
4.67028e-05
7.03646e-06
7.77311e-05
1.1813e-05
0.000108233
1.74169e-05
0.000137815
2.36334e-05
0.000166113
3.02689e-05
0.000192818
3.71561e-05
0.000217697
4.41564e-05
0.0002406
5.11613e-05
0.000261451
5.80907e-05
0.000280243
6.48904e-05
0.000297021
7.15283e-05
0.000311867
7.79898e-05
0.000324889
8.42737e-05
0.000336205
9.03875e-05
0.000345935
9.63441e-05
0.000354192
0.000102158
0.00036108
0.000107843
0.000366688
0.00011341
0.000371092
0.000118869
0.000374353
0.000124222
0.000376521
0.000129469
0.000377635
0.000134606
0.000377727
0.000139625
0.000376825
0.000144516
0.000374953
0.000149264
0.000372134
0.000153856
0.000368392
0.000158274
0.000363752
0.000162504
0.000358243
0.000166528
0.000351896
0.00017033
0.000344746
0.000173895
0.000336831
0.00017721
0.000328192
0.000180262
0.000318875
0.000183039
0.000308926
0.000185534
0.000298394
0.000187739
0.000287329
0.000189649
0.000275783
0.00019126
0.000263806
0.00019257
0.000251449
0.000193581
0.00023876
0.000194293
0.000225786
0.000194709
0.000212572
0.000194832
0.000199159
0.000194667
0.000185585
0.000194219
0.000171886
0.000193493
0.000158093
0.000192494
0.000144233
0.000191225
0.000130333
0.000189693
0.000116412
0.0001879
0.00010249
0.000185849
8.85825e-05
0.000183543
7.47018e-05
0.000180982
6.08584e-05
0.000178167
4.70602e-05
0.000175096
3.33116e-05
0.000171767
1.96117e-05
0.000168173
5.95237e-06
0.00016432
-7.67123e-06
0.000160222
-2.12144e-05
0.000155879
-3.46626e-05
0.000151292
-4.80091e-05
0.000146462
-6.12504e-05
0.000141387
-7.4384e-05
0.00013607
-8.741e-05
0.000130511
-0.000100332
0.00012471
-0.00011316
0.000118667
-0.00012591
0.000112383
-0.000138609
0.000105858
-0.0001513
9.90892e-05
-0.000164048
9.20743e-05
-0.000176943
8.48082e-05
-0.000190118
7.72836e-05
-0.00020375
6.94907e-05
-0.000218079
6.14175e-05
-0.000233419
5.30504e-05
-0.000250164
4.4375e-05
-0.000268794
3.53778e-05
-0.000289867
2.60459e-05
-0.000313997
1.63632e-05
-0.000341814
6.2983e-06
-0.000373901
-4.11949e-06
-0.000410717
-1.46683e-05
-0.000452394
-2.50518e-05
-0.000498492
-3.5005e-05
-0.00054805
-4.42192e-05
-0.000599668
-5.23448e-05
-0.000651405
-5.8996e-05
-0.000700789
-6.37368e-05
-0.000744835
-6.60835e-05
-0.000779966
-6.55355e-05
-0.000801888
-6.16502e-05
-0.000805469
-5.4193e-05
-0.000784694
-4.33718e-05
-0.000732918
-3.01227e-05
-0.000643661
-1.6366e-05
-0.000512126
-5.07653e-06
-0.000337218
-0.000122948
8.78508e-07
1.464e-05
3.28699e-06
4.42943e-05
7.00255e-06
7.40155e-05
1.18028e-05
0.000103432
1.74697e-05
0.000132149
2.37962e-05
0.000159787
3.05925e-05
0.000186022
3.76913e-05
0.000210599
4.49518e-05
0.00023334
5.22604e-05
0.000254143
5.95309e-05
0.000272973
6.67024e-05
0.00028985
7.37354e-05
0.000304834
8.0609e-05
0.000318016
8.73157e-05
0.000329498
9.38581e-05
0.000339392
0.000100245
0.000347805
0.000106487
0.000354838
0.000112597
0.000360578
0.000118584
0.000365105
0.000124456
0.000368481
0.000130217
0.00037076
0.000135865
0.000371986
0.000141398
0.000372195
0.000146806
0.000371417
0.000152081
0.000369679
0.000157208
0.000367007
0.000162172
0.000363428
0.000166959
0.000358966
0.00017155
0.000353652
0.00017593
0.000347517
0.000180081
0.000340595
0.000183989
0.000332923
0.000187638
0.000324543
0.000191016
0.000315497
0.000194112
0.00030583
0.000196915
0.00029559
0.000199418
0.000284826
0.000201615
0.000273586
0.000203502
0.00026192
0.000205076
0.000249875
0.000206338
0.000237499
0.000207286
0.000224838
0.000207925
0.000211934
0.000208256
0.000198828
0.000208283
0.000185558
0.000208011
0.000172158
0.000207444
0.00015866
0.000206586
0.000145091
0.000205443
0.000131476
0.000204018
0.000117837
0.000202314
0.000104194
0.000200335
9.05619e-05
0.000198082
7.69549e-05
0.000195556
6.33843e-05
0.000192757
4.98589e-05
0.000189684
3.63847e-05
0.000186333
2.2963e-05
0.000182698
9.58755e-06
0.000178784
-3.75762e-06
0.000174605
-1.70351e-05
0.00017016
-3.02181e-05
0.000165451
-4.32996e-05
0.000160477
-5.62768e-05
0.000155241
-6.91475e-05
0.000149742
-8.19118e-05
0.000143984
-9.45737e-05
0.000137966
-0.000107142
0.000131691
-0.000119634
0.00012516
-0.000132078
0.000118374
-0.000144515
0.000111336
-0.000157009
0.000104044
-0.000169651
9.64978e-05
-0.000182572
8.86957e-05
-0.000195947
8.06335e-05
-0.000210017
7.23064e-05
-0.000225092
6.37091e-05
-0.000241567
5.48369e-05
-0.000259922
4.5688e-05
-0.000280718
3.62642e-05
-0.000304573
2.65708e-05
-0.000332121
1.66116e-05
-0.000363942
6.37474e-06
-0.00040048
-4.08258e-06
-0.000441937
-1.45085e-05
-0.000488066
-2.45891e-05
-0.00053797
-3.40532e-05
-0.000590203
-4.25893e-05
-0.000642869
-4.98508e-05
-0.000693528
-5.5427e-05
-0.000739259
-5.8839e-05
-0.000776554
-5.95609e-05
-0.000801166
-5.70825e-05
-0.000807947
-5.1055e-05
-0.000790722
-4.1536e-05
-0.000742437
-2.9305e-05
-0.000655892
-1.61696e-05
-0.000525261
-5.1013e-06
-0.000348287
-0.00012805
8.62303e-07
1.37777e-05
3.2422e-06
4.19144e-05
6.93505e-06
7.03227e-05
1.17343e-05
9.86332e-05
1.74346e-05
0.000126448
2.38378e-05
0.000153384
3.07593e-05
0.0001791
3.80337e-05
0.000203324
4.55186e-05
0.000225855
5.3097e-05
0.000246564
6.06774e-05
0.000265392
6.81924e-05
0.000282335
7.5596e-05
0.000297431
8.28605e-05
0.000310751
8.99725e-05
0.000322386
9.6929e-05
0.000332436
0.000103734
0.000341
0.000110396
0.000348176
0.000116924
0.000354051
0.000123326
0.000358703
0.000129608
0.000362199
0.000135774
0.000364595
0.000141822
0.000365938
0.00014775
0.000366268
0.000153548
0.000365618
0.000159207
0.00036402
0.000164713
0.000361501
0.000170053
0.000358088
0.000175209
0.00035381
0.000180165
0.000348696
0.000184904
0.000342778
0.00018941
0.000336089
0.000193665
0.000328668
0.000197656
0.000320552
0.000201368
0.000311785
0.000204789
0.000302409
0.00020791
0.00029247
0.000210721
0.000282015
0.000213216
0.000271091
0.000215389
0.000259746
0.000217239
0.000248025
0.000218763
0.000235975
0.000219961
0.000223639
0.000220835
0.00021106
0.000221387
0.000198276
0.00022162
0.000185325
0.000221537
0.000172241
0.000221143
0.000159054
0.000220441
0.000145792
0.000219437
0.000132481
0.000218132
0.000119142
0.000216531
0.000105795
0.000214637
9.24567e-05
0.00021245
7.91418e-05
0.000209972
6.58623e-05
0.000207202
5.26282e-05
0.00020414
3.94469e-05
0.000200781
2.63221e-05
0.000197119
1.32496e-05
0.000193156
2.05833e-07
0.000188909
-1.2788e-05
0.000184374
-2.56831e-05
0.000179553
-3.84786e-05
0.000174448
-5.11718e-05
0.00016906
-6.37601e-05
0.000163392
-7.62436e-05
0.000157445
-8.86265e-05
0.000151221
-0.000100919
0.000144723
-0.000113137
0.000137955
-0.000125309
0.000130919
-0.000137479
0.00012362
-0.000149709
0.00011606
-0.000162092
0.000108243
-0.000174755
0.000100172
-0.000187876
9.18492e-05
-0.000201694
8.32762e-05
-0.000216519
7.44559e-05
-0.000232746
6.53927e-05
-0.000250859
5.60944e-05
-0.000271419
4.65735e-05
-0.000295052
3.68483e-05
-0.000322395
2.69411e-05
-0.000354035
1.68727e-05
-0.000390412
6.64765e-06
-0.000431712
-3.65842e-06
-0.00047776
-1.37908e-05
-0.000527837
-2.34301e-05
-0.000580564
-3.23026e-05
-0.000633997
-4.01103e-05
-0.00068572
-4.64748e-05
-0.000732895
-5.09307e-05
-0.000772098
-5.29358e-05
-0.000799161
-5.19184e-05
-0.000808965
-4.74154e-05
-0.000795225
-3.93254e-05
-0.000750527
-2.82526e-05
-0.000666965
-1.58651e-05
-0.000537649
-5.10179e-06
-0.00035905
-0.000133151
8.42493e-07
1.29352e-05
3.18288e-06
3.9574e-05
6.83506e-06
6.66705e-05
1.1609e-05
9.38593e-05
1.73129e-05
0.000120744
2.37592e-05
0.000146937
3.07697e-05
0.00017209
3.81822e-05
0.000195912
4.58545e-05
0.000218182
5.36671e-05
0.000238752
6.1524e-05
0.000257535
6.93522e-05
0.000274506
7.70996e-05
0.000289683
8.47318e-05
0.000303119
9.22295e-05
0.000314889
9.95842e-05
0.000325081
0.000106795
0.000333789
0.000113867
0.000341104
0.000120805
0.000347112
0.000127616
0.000351892
0.000134305
0.00035551
0.000140873
0.000358026
0.000147319
0.000359491
0.00015364
0.000359947
0.000159828
0.000359431
0.000165872
0.000357976
0.000171759
0.000355613
0.000177475
0.000352372
0.000183004
0.000348281
0.000188328
0.000343372
0.000193431
0.000337675
0.000198294
0.000331226
0.000202903
0.000324059
0.00020724
0.000316215
0.000211293
0.000307732
0.000215048
0.000298654
0.000218494
0.000289024
0.000221622
0.000278887
0.000224425
0.000268289
0.000226896
0.000257275
0.000229031
0.000245889
0.00023083
0.000234177
0.000232289
0.00022218
0.000233411
0.000209938
0.000234196
0.000197491
0.000234647
0.000184874
0.000234767
0.000172121
0.00023456
0.000159262
0.000234027
0.000146324
0.000233175
0.000133334
0.000232004
0.000120312
0.000230519
0.00010728
0.000228722
9.42537e-05
0.000226615
8.12492e-05
0.000224198
6.82792e-05
0.000221472
5.53546e-05
0.000218435
4.24835e-05
0.000215086
2.96709e-05
0.000211422
1.69142e-05
0.000207427
4.2007e-06
0.000203114
-8.47489e-06
0.000198495
-2.10649e-05
0.000193574
-3.35574e-05
0.00018835
-4.59477e-05
0.000182824
-5.82343e-05
0.000176999
-7.04181e-05
0.000170876
-8.25038e-05
0.000164459
-9.45017e-05
0.000157752
-0.00010643
0.00015076
-0.000118317
0.000143487
-0.000130206
0.00013594
-0.000142162
0.000128126
-0.000154278
0.000120052
-0.000166681
0.000111726
-0.000179551
0.000103157
-0.000193125
9.43537e-05
-0.000207716
8.53272e-05
-0.00022372
7.60903e-05
-0.000241622
6.66599e-05
-0.000261989
5.70571e-05
-0.000285449
4.73086e-05
-0.000312647
3.74456e-05
-0.000344172
2.75009e-05
-0.000380467
1.75035e-05
-0.000421714
7.4682e-06
-0.000467724
-2.53155e-06
-0.000517838
-1.22662e-05
-0.000570829
-2.13996e-05
-0.000624863
-2.96892e-05
-0.000677431
-3.67942e-05
-0.00072579
-4.22719e-05
-0.00076662
-4.55742e-05
-0.000795859
-4.60755e-05
-0.000808464
-4.31996e-05
-0.000798101
-3.66781e-05
-0.000757049
-2.69209e-05
-0.000676722
-1.54276e-05
-0.000549142
-5.07056e-06
-0.000369407
-0.000138222
8.19277e-07
1.21159e-05
3.10963e-06
3.72837e-05
6.7036e-06
6.30765e-05
1.14281e-05
8.91347e-05
1.71062e-05
0.000115066
2.35616e-05
0.000140482
3.06243e-05
0.000165027
3.81366e-05
0.000188399
4.59579e-05
0.000210361
5.39672e-05
0.000230742
6.20654e-05
0.000249437
7.01746e-05
0.000266397
7.82367e-05
0.000281621
8.62115e-05
0.000295144
9.40733e-05
0.000307027
0.000101808
0.000317346
0.000109411
0.000326186
0.000116881
0.000333634
0.00012422
0.000339773
0.000131434
0.000344678
0.000138524
0.00034842
0.000145492
0.000351059
0.000152335
0.000352648
0.000159049
0.000353233
0.000165626
0.000352854
0.000172055
0.000351546
0.000178325
0.000349344
0.000184419
0.000346277
0.000190323
0.000342378
0.000196018
0.000337677
0.000201487
0.000332206
0.000206714
0.000325999
0.00021168
0.000319093
0.00021637
0.000311524
0.00022077
0.000303332
0.000224865
0.000294558
0.000228645
0.000285244
0.000232098
0.000275434
0.000235217
0.00026517
0.000237995
0.000254497
0.000240427
0.000243457
0.00024251
0.000232094
0.000244242
0.000220447
0.000245623
0.000208557
0.000246654
0.00019646
0.000247336
0.000184192
0.000247671
0.000171786
0.000247662
0.00015927
0.000247312
0.000146674
0.000246625
0.000134021
0.000245602
0.000121335
0.000244246
0.000108635
0.00024256
9.59396e-05
0.000240546
8.32639e-05
0.000238203
7.06219e-05
0.000235533
5.8025e-05
0.000232533
4.54827e-05
0.000229203
3.3001e-05
0.000225537
2.05808e-05
0.000221524
8.2133e-06
0.00021717
-4.12122e-06
0.000212491
-1.63852e-05
0.000207487
-2.85535e-05
0.00020216
-4.06205e-05
0.000196511
-5.25857e-05
0.000190544
-6.44507e-05
0.000184261
-7.62209e-05
0.000177666
-8.79073e-05
0.000170765
-9.9529e-05
0.000163565
-0.000111116
0.000156071
-0.000122713
0.000148294
-0.000134385
0.000140244
-0.000146227
0.000131932
-0.000158369
0.000123372
-0.000170991
0.000114578
-0.000184332
0.000105569
-0.000198706
9.63619e-05
-0.000214513
8.69796e-05
-0.000232239
7.74475e-05
-0.000252457
6.77946e-05
-0.000275796
5.80537e-05
-0.000302906
4.82594e-05
-0.000334378
3.84459e-05
-0.000370654
2.86435e-05
-0.000411912
1.88753e-05
-0.000457956
9.15749e-06
-0.00050812
-4.65571e-07
-0.000561206
-9.78572e-06
-0.000615543
-1.84869e-05
-0.000668729
-2.62859e-05
-0.000717991
-3.2764e-05
-0.000760142
-3.73793e-05
-0.000791243
-3.94614e-05
-0.000806382
-3.83236e-05
-0.000799238
-3.35238e-05
-0.000761849
-2.52587e-05
-0.000684987
-1.48279e-05
-0.000559573
-4.99834e-06
-0.000379236
-0.00014322
7.92817e-07
1.13231e-05
3.02293e-06
3.50536e-05
6.54149e-06
5.9558e-05
1.11929e-05
8.44833e-05
1.68156e-05
0.000109443
2.32459e-05
0.000134052
3.03234e-05
0.00015795
3.78964e-05
0.000180826
4.58269e-05
0.000202431
5.39943e-05
0.000222575
6.22968e-05
0.000241135
7.06527e-05
0.000258042
7.89986e-05
0.000273275
8.72887e-05
0.000286854
9.54913e-05
0.000298824
0.000103587
0.000309251
0.000111565
0.000318209
0.00011942
0.000325779
0.000127152
0.000332041
0.000134761
0.000337069
0.000142247
0.000340933
0.00014961
0.000343696
0.000156848
0.000345411
0.000163954
0.000346127
0.00017092
0.000345887
0.000177736
0.00034473
0.000184389
0.000342691
0.000190864
0.000339803
0.000197144
0.000336097
0.000203214
0.000331608
0.000209053
0.000326366
0.000214646
0.000320406
0.000219975
0.000313764
0.000225024
0.000306476
0.000229776
0.00029858
0.000234218
0.000290116
0.000238338
0.000281125
0.000242124
0.000271648
0.000245567
0.000261727
0.000248661
0.000251403
0.000251398
0.00024072
0.000253776
0.000229716
0.000255791
0.000218432
0.000257443
0.000206906
0.00025873
0.000195173
0.000259655
0.000183268
0.000260217
0.000171223
0.00026042
0.000159068
0.000260265
0.000146829
0.000259755
0.000134531
0.000258893
0.000122198
0.00025768
0.000109848
0.000256118
9.75011e-05
0.00025421
8.51725e-05
0.000251955
7.28767e-05
0.000249354
6.06261e-05
0.000246406
4.84308e-05
0.000243108
3.62984e-05
0.000239456
2.42328e-05
0.000235441
1.22285e-05
0.000231061
2.58242e-07
0.000226338
-1.16617e-05
0.000221268
-2.34833e-05
0.000215854
-3.52065e-05
0.000210099
-4.6831e-05
0.000204007
-5.83586e-05
0.000197581
-6.97954e-05
0.000190828
-8.11536e-05
0.000183752
-9.24534e-05
0.000176363
-0.000103726
0.000168669
-0.000115019
0.000160684
-0.0001264
0.000152421
-0.000137964
0.000143896
-0.000149844
0.000135128
-0.000162223
0.00012614
-0.000175344
0.000116957
-0.000189522
0.000107605
-0.000205161
9.81165e-05
-0.000222751
8.85257e-05
-0.000242866
7.88693e-05
-0.00026614
6.91847e-05
-0.000293221
5.95071e-05
-0.0003247
4.98663e-05
-0.000361013
4.02824e-05
-0.000402328
3.07646e-05
-0.000448438
2.13133e-05
-0.000498668
1.19369e-05
-0.00055183
2.62938e-06
-0.000606236
-6.38934e-06
-0.000659711
-1.48353e-05
-0.000709545
-2.22954e-05
-0.000752682
-2.82433e-05
-0.000785296
-3.19731e-05
-0.000802652
-3.26939e-05
-0.000798518
-2.97839e-05
-0.000764759
-2.32073e-05
-0.000691564
-1.40315e-05
-0.000568749
-4.87373e-06
-0.000388394
-0.000148094
7.63223e-07
1.05599e-05
2.92307e-06
3.28937e-05
6.34922e-06
5.61318e-05
1.09039e-05
7.99286e-05
1.64417e-05
0.000103906
2.28128e-05
0.000127681
2.98672e-05
0.000150895
3.7461e-05
0.000173233
4.54602e-05
0.000194431
5.37454e-05
0.00021429
6.22139e-05
0.000232666
7.07804e-05
0.000249475
7.93775e-05
0.000264678
8.79537e-05
0.000278278
9.64719e-05
0.000290306
0.000104907
0.000300816
0.000113242
0.000309873
0.000121468
0.000317553
0.000129581
0.000323928
0.000137577
0.000329073
0.000145454
0.000333056
0.000153209
0.00033594
0.000160838
0.000337781
0.000168335
0.00033863
0.000175691
0.000338532
0.000182894
0.000337527
0.000189932
0.000335653
0.000196789
0.000332945
0.000203449
0.000329437
0.000209895
0.000325162
0.000216109
0.000320152
0.000222073
0.000314443
0.000227768
0.000308068
0.000233179
0.000301065
0.000238289
0.00029347
0.000243084
0.000285321
0.00024755
0.000276659
0.000251676
0.000267522
0.000255452
0.000257951
0.000258869
0.000247986
0.000261921
0.000237668
0.000264602
0.000227034
0.00026691
0.000216124
0.000268842
0.000204974
0.000270397
0.000193618
0.000271575
0.000182091
0.000272376
0.000170422
0.000272802
0.000158642
0.000272854
0.000146777
0.000272534
0.000134851
0.000271845
0.000122887
0.000270788
0.000110905
0.000269364
9.89248e-05
0.000267575
8.69614e-05
0.000265422
7.50301e-05
0.000262904
6.31436e-05
0.000260022
5.1313e-05
0.000256773
3.95469e-05
0.000253156
2.78501e-05
0.000249165
1.62199e-05
0.000244782
4.64119e-06
0.00024002
-6.89984e-06
0.000234896
-1.83589e-05
0.000229411
-2.97222e-05
0.000223569
-4.09884e-05
0.000217371
-5.2161e-05
0.000210823
-6.32477e-05
0.000203932
-7.42619e-05
0.000196704
-8.52257e-05
0.00018915
-9.61725e-05
0.000181282
-0.000107152
0.000173115
-0.000118233
0.000164668
-0.000129517
0.000155962
-0.000141138
0.000147022
-0.000153283
0.000137877
-0.000166199
0.000128561
-0.000180206
0.000119111
-0.000195711
0.000109567
-0.000213208
9.99742e-05
-0.000233273
9.03751e-05
-0.000256541
8.08113e-05
-0.000283658
7.13165e-05
-0.000315206
6.19121e-05
-0.000351608
5.26019e-05
-0.000393018
4.33707e-05
-0.000439207
3.41882e-05
-0.000489486
2.50195e-05
-0.000542661
1.58368e-05
-0.000597053
6.66157e-06
-0.000650535
-2.30846e-06
-0.000700575
-1.07436e-05
-0.000744247
-1.80464e-05
-0.000777993
-2.34975e-05
-0.000797201
-2.62066e-05
-0.000795809
-2.53706e-05
-0.000765595
-2.07011e-05
-0.000696234
-1.29988e-05
-0.000576451
-4.6828e-06
-0.00039671
-0.000152777
7.30516e-07
9.82936e-06
2.81008e-06
3.08142e-05
6.12681e-06
5.28151e-05
1.05611e-05
7.54943e-05
1.59845e-05
9.84822e-05
2.22617e-05
0.000121403
2.92551e-05
0.000143902
3.68291e-05
0.000165659
4.48556e-05
0.000186405
5.32176e-05
0.000205928
6.18122e-05
0.000224072
7.05522e-05
0.000240735
7.9366e-05
0.000255864
8.81975e-05
0.000269446
9.70042e-05
0.000281499
0.000105755
0.000292065
0.000114429
0.0003012
0.000123011
0.00030897
0.000131492
0.000315447
0.000139865
0.0003207
0.000148126
0.000324796
0.000156269
0.000327798
0.000164287
0.000329763
0.000172173
0.000330744
0.000179918
0.000330787
0.000187509
0.000329936
0.000194933
0.000328229
0.000202175
0.000325704
0.000209217
0.000322395
0.000216043
0.000318336
0.000222634
0.000313561
0.000228972
0.000308105
0.000235038
0.000302002
0.000240816
0.000295287
0.000246289
0.000287997
0.000251442
0.000280169
0.000256261
0.00027184
0.000260733
0.00026305
0.000264847
0.000253836
0.000268595
0.000244238
0.000271969
0.000234294
0.000274963
0.00022404
0.000277572
0.000213515
0.000279794
0.000202752
0.000281626
0.000191786
0.000283067
0.000180649
0.000284118
0.000169372
0.000284778
0.000157982
0.000285049
0.000146506
0.000284932
0.000134968
0.000284428
0.000123391
0.000283539
0.000111794
0.000282266
0.000100198
0.000280611
8.86171e-05
0.000278573
7.70679e-05
0.000276153
6.55634e-05
0.000273351
5.41151e-05
0.000270165
4.27324e-05
0.000266594
3.14217e-05
0.00026263
2.0184e-05
0.000258261
9.00972e-06
0.000253491
-2.12949e-06
0.000248339
-1.32073e-05
0.000242808
-2.41906e-05
0.0002369
-3.50802e-05
0.00023062
-4.58811e-05
0.000223974
-5.66018e-05
0.00021697
-6.72576e-05
0.000209616
-7.78726e-05
0.000201927
-8.84827e-05
0.000193915
-9.91402e-05
0.000185601
-0.000109919
0.000177006
-0.000120922
0.000168158
-0.00013229
0.000159088
-0.000144214
0.000149834
-0.000156945
0.000140439
-0.000170811
0.000130949
-0.000186221
0.000121415
-0.000203674
0.00011189
-0.000223747
0.000102424
-0.000247075
9.30604e-05
-0.000274294
8.383e-05
-0.000305975
7.47417e-05
-0.00034252
6.57783e-05
-0.000384054
5.68938e-05
-0.000430323
4.80182e-05
-0.00048061
3.90694e-05
-0.000533712
2.99728e-05
-0.000587956
2.06952e-05
-0.000641258
1.13062e-05
-0.000691186
2.02416e-06
-0.000734965
-6.65426e-06
-0.000769314
-1.39127e-05
-0.000789942
-1.87499e-05
-0.000790971
-2.01885e-05
-0.000764156
-1.76673e-05
-0.000698755
-1.16846e-05
-0.000582434
-4.40869e-06
-0.000403986
-0.000157186
6.946e-07
9.13476e-06
2.6836e-06
2.88252e-05
5.87359e-06
4.96251e-05
1.01635e-05
7.12044e-05
1.54426e-05
9.32032e-05
2.15913e-05
0.000115255
2.84852e-05
0.000137008
3.59987e-05
0.000158145
4.40105e-05
0.000178393
5.24074e-05
0.000197531
6.10876e-05
0.000215392
6.99623e-05
0.00023186
7.89573e-05
0.000246869
8.80119e-05
0.000260392
9.70786e-05
0.000272433
0.000106121
0.000283022
0.000115112
0.000292208
0.000124033
0.00030005
0.000132869
0.000306611
0.00014161
0.000311959
0.000150246
0.000316159
0.000158771
0.000319273
0.000167175
0.000321359
0.000175449
0.00032247
0.000183582
0.000322654
0.000191562
0.000321956
0.000199373
0.000320417
0.000207001
0.000318076
0.000214428
0.000314967
0.000221637
0.000311127
0.000228608
0.00030659
0.000235324
0.000301389
0.000241766
0.00029556
0.000247915
0.000289137
0.000253756
0.000282156
0.000259271
0.000274653
0.000264448
0.000266664
0.000269272
0.000258226
0.000273731
0.000249377
0.000277817
0.000240153
0.00028152
0.000230591
0.000284833
0.000220727
0.000287752
0.000210596
0.000290272
0.000200232
0.00029239
0.000189668
0.000294105
0.000178935
0.000295415
0.000168062
0.00029632
0.000157076
0.000296821
0.000146005
0.000296918
0.000134871
0.000296612
0.000123696
0.000295904
0.000112502
0.000294796
0.000101306
0.000293287
9.01259e-05
0.000291379
7.89762e-05
0.000289071
6.78708e-05
0.000286364
5.68219e-05
0.000283258
4.58393e-05
0.000279749
3.49306e-05
0.000275833
2.40991e-05
0.000271504
1.33391e-05
0.000266749
2.62581e-06
0.000261587
-8.04511e-06
0.000256028
-1.86321e-05
0.000250078
-2.91304e-05
0.000243742
-3.95446e-05
0.000237026
-4.98856e-05
0.000229939
-6.01706e-05
0.000222492
-7.04262e-05
0.000214701
-8.06915e-05
0.000206584
-9.10225e-05
0.000198162
-0.000101497
0.000189464
-0.000112224
0.000180523
-0.000123349
0.000171378
-0.000135069
0.000162075
-0.000147642
0.000152666
-0.000161402
0.000143209
-0.000176764
0.000133764
-0.000194229
0.000124393
-0.000214376
0.000115152
-0.000237834
0.000106085
-0.000265227
9.72157e-05
-0.000297106
8.85366e-05
-0.000333841
8.00048e-05
-0.000375523
7.15381e-05
-0.000421856
6.3022e-05
-0.000472094
5.43229e-05
-0.000525013
4.53123e-05
-0.000578946
3.59009e-05
-0.000631847
2.60843e-05
-0.000681369
1.60033e-05
-0.000724884
6.03187e-06
-0.000759343
-3.07257e-06
-0.000780838
-1.02099e-05
-0.000783834
-1.41358e-05
-0.00076023
-1.40273e-05
-0.000698863
-1.0039e-05
-0.000586422
-4.03134e-06
-0.000409994
-0.000161217
6.55218e-07
8.47954e-06
2.54278e-06
2.69376e-05
5.58797e-06
4.65799e-05
9.70892e-06
6.70834e-05
1.48133e-05
8.80988e-05
2.07985e-05
0.000109269
2.75542e-05
0.000130252
3.49661e-05
0.000150733
4.2921e-05
0.000170438
5.13106e-05
0.000189141
6.0035e-05
0.000206667
6.90054e-05
0.00022289
7.81449e-05
0.00023773
8.73892e-05
0.000251147
9.66862e-05
0.000263136
0.000105994
0.000273714
0.000115281
0.000282922
0.000124522
0.000290809
0.000133698
0.000297435
0.000142794
0.000302863
0.000151798
0.000307155
0.000160699
0.000310373
0.000169485
0.000312573
0.000178144
0.00031381
0.000186665
0.000314133
0.000195034
0.000313588
0.000203234
0.000312217
0.000211251
0.000310059
0.000219065
0.000307153
0.000226659
0.000303533
0.000234014
0.000299235
0.000241111
0.000294292
0.000247932
0.00028874
0.000254457
0.000282612
0.000260669
0.000275944
0.000266552
0.00026877
0.000272091
0.000261125
0.000277272
0.000253045
0.000282082
0.000244566
0.000286511
0.000235724
0.00029055
0.000226552
0.00029419
0.000217087
0.000297425
0.00020736
0.000300251
0.000197406
0.000302664
0.000187255
0.000304661
0.000176938
0.00030624
0.000166483
0.0003074
0.000155916
0.000308142
0.000145263
0.000308464
0.000134548
0.000308368
0.000123792
0.000307854
0.000113016
0.000306923
0.000102238
0.000305575
9.14738e-05
0.000303811
8.07402e-05
0.000301631
7.00506e-05
0.000299036
5.94173e-05
0.000296025
4.88506e-05
0.000292596
3.83588e-05
0.000288749
2.79465e-05
0.000284476
1.76118e-05
0.000279762
7.33988e-06
0.000274615
-2.89789e-06
0.000269058
-1.30751e-05
0.000263095
-2.31677e-05
0.000256733
-3.31824e-05
0.00024998
-4.31321e-05
0.000242845
-5.30365e-05
0.000235344
-6.29251e-05
0.000227494
-7.28409e-05
0.000219315
-8.28441e-05
0.000210836
-9.30184e-05
0.00020209
-0.000103478
0.000193117
-0.000114375
0.000183963
-0.000125916
0.000174685
-0.000138364
0.000165345
-0.000152061
0.00015601
-0.000167428
0.000146751
-0.000184971
0.000137639
-0.000205264
0.000128733
-0.000228928
0.000120075
-0.000256569
0.000111677
-0.000288708
0.000103512
-0.000325676
9.55046e-05
-0.000367515
8.75316e-05
-0.000413883
7.94287e-05
-0.000463991
7.10088e-05
-0.000516593
6.2087e-05
-0.000570024
5.25166e-05
-0.000622276
4.22329e-05
-0.000671085
3.13109e-05
-0.000713962
2.00474e-05
-0.000748079
9.096e-06
-0.000769886
-4.21453e-07
-0.000774316
-7.10808e-06
-0.000753544
-9.70386e-06
-0.000696267
-8.0107e-06
-0.000588115
-3.52813e-06
-0.000414476
-0.000164745
6.11899e-07
7.86764e-06
2.38611e-06
2.51634e-05
5.26727e-06
4.36987e-05
9.19355e-06
6.31571e-05
1.40921e-05
8.32002e-05
1.98782e-05
0.000103483
2.64568e-05
0.000123674
3.37261e-05
0.000143464
4.1582e-05
0.000162582
4.99219e-05
0.000180801
5.86493e-05
0.00019794
6.76756e-05
0.000213864
7.69225e-05
0.000228483
8.63225e-05
0.000241747
9.58191e-05
0.000253639
0.000105366
0.000264168
0.000114925
0.000273362
0.000124467
0.000281267
0.000133967
0.000287935
0.000143407
0.000293424
0.000152768
0.000297794
0.000162038
0.000301103
0.000171201
0.00030341
0.000180243
0.000304767
0.000189151
0.000305225
0.000197908
0.000304831
0.000206499
0.000303626
0.000214905
0.000301653
0.000223109
0.000298949
0.000231092
0.00029555
0.000238834
0.000291493
0.000246316
0.000286811
0.000253518
0.000281538
0.000260422
0.000275708
0.000267011
0.000269356
0.000273266
0.000262515
0.000279172
0.000255219
0.000284714
0.000247503
0.00028988
0.0002394
0.000294658
0.000230946
0.000299038
0.000222173
0.000303011
0.000213114
0.00030657
0.000203801
0.000309709
0.000194267
0.000312424
0.00018454
0.000314712
0.000174651
0.000316569
0.000164625
0.000317994
0.000154491
0.000318987
0.000144271
0.000319546
0.000133989
0.000319671
0.000123667
0.000319364
0.000113324
0.000318623
0.000102978
0.00031745
9.26466e-05
0.000315846
8.23448e-05
0.00031381
7.20865e-05
0.000311343
6.18841e-05
0.000308446
5.17481e-05
0.000305117
4.16872e-05
0.000301357
3.1707e-05
0.00029716
2.18084e-05
0.000292518
1.19821e-05
0.000287422
2.19817e-06
0.000281896
-7.54906e-06
0.000275953
-1.72244e-05
0.000269601
-2.68302e-05
0.000262849
-3.63804e-05
0.00025571
-4.58979e-05
0.000248201
-5.54159e-05
0.000240342
-6.49816e-05
0.000232158
-7.46608e-05
0.000223683
-8.45434e-05
0.000214956
-9.47506e-05
0.000206025
-0.000105444
0.000196945
-0.000116836
0.000187783
-0.000129202
0.000178611
-0.000142889
0.000169507
-0.000158325
0.000160553
-0.000176017
0.000151825
-0.000196535
0.000143383
-0.000220486
0.000135263
-0.00024845
0.000127463
-0.000280907
0.000119926
-0.000318139
0.00011254
-0.00036013
0.000105135
-0.000406478
9.74935e-05
-0.00045635
8.9371e-05
-0.000508471
8.05266e-05
-0.00056118
7.07587e-05
-0.000612508
5.99477e-05
-0.000660274
4.81121e-05
-0.000702126
3.54884e-05
-0.000735456
2.26472e-05
-0.000757045
1.06216e-05
-0.000762291
1.00129e-06
-0.000743923
-4.62577e-06
-0.00069064
-5.5519e-06
-0.000587189
-2.87724e-06
-0.000417151
-0.000167622
5.63912e-07
7.30373e-06
2.21134e-06
2.35159e-05
4.90749e-06
4.10026e-05
8.61191e-06
5.94527e-05
1.32725e-05
7.85397e-05
1.88234e-05
9.79325e-05
2.51859e-05
0.000117311
3.22717e-05
0.000136378
3.99866e-05
0.000154867
4.82351e-05
0.000172553
5.69243e-05
0.000189251
6.59671e-05
0.000204821
7.52842e-05
0.000219166
8.48055e-05
0.000232226
9.44706e-05
0.000243974
0.000104228
0.00025441
0.000114036
0.000263555
0.000123858
0.000271445
0.000133666
0.000278127
0.000143435
0.000283655
0.000153144
0.000288085
0.000162774
0.000291473
0.000172309
0.000293875
0.000181731
0.000295345
0.000191024
0.000295933
0.00020017
0.000295685
0.000209151
0.000294645
0.000217949
0.000292855
0.000226545
0.000290353
0.000234919
0.000287177
0.000243051
0.000283361
0.000250921
0.000278941
0.000258509
0.00027395
0.000265796
0.000268421
0.000272764
0.000262388
0.000279394
0.000255884
0.000285672
0.000248942
0.00029158
0.000241594
0.000297107
0.000233874
0.000302239
0.000225814
0.000306965
0.000217446
0.000311277
0.000208802
0.000315165
0.000199912
0.000318625
0.000190807
0.00032165
0.000181515
0.000324236
0.000172065
0.00032638
0.000162481
0.000328079
0.000152791
0.000329333
0.000143017
0.000330139
0.000133182
0.000330499
0.000123308
0.000330411
0.000113412
0.000329875
0.000103513
0.000328893
9.3629e-05
0.000327464
8.37735e-05
0.00032559
7.39609e-05
0.00032327
6.42033e-05
0.000320507
5.45113e-05
0.000317301
4.48936e-05
0.000313652
3.53563e-05
0.000309558
2.59015e-05
0.000305017
1.65239e-05
0.00030001
7.205e-06
0.00029455
-2.0891e-06
0.000288667
-1.13412e-05
0.000282368
-2.05315e-05
0.000275666
-2.96781e-05
0.000268575
-3.88069e-05
0.000261114
-4.79552e-05
0.000253308
-5.71758e-05
0.000245188
-6.65408e-05
0.000236792
-7.61477e-05
0.000228168
-8.6126e-05
0.00021937
-9.66467e-05
0.000210467
-0.000107932
0.000201532
-0.000120267
0.00019265
-0.000134007
0.000183911
-0.000149586
0.000175403
-0.000167508
0.000167205
-0.000188338
0.000159378
-0.000212658
0.000151943
-0.000241016
0.000144876
-0.00027384
0.000138087
-0.00031135
0.00013142
-0.000353462
0.00012465
-0.000399708
0.000117502
-0.000449202
0.000109676
-0.000500644
0.000100874
-0.000552378
9.08428e-05
-0.000602478
7.94158e-05
-0.000648847
6.65633e-05
-0.000689274
5.24704e-05
-0.000721363
3.76479e-05
-0.000742223
2.30743e-05
-0.000747717
1.0301e-05
-0.00073115
1.28722e-06
-0.000681627
-2.63106e-06
-0.000583271
-2.06499e-06
-0.000417717
-0.000169687
5.10223e-07
6.79351e-06
2.01538e-06
2.20108e-05
4.50332e-06
3.85146e-05
7.95679e-06
5.59993e-05
1.23459e-05
7.41506e-05
1.76248e-05
9.26535e-05
2.37324e-05
0.000111204
3.05943e-05
0.000129516
3.81271e-05
0.000147335
4.62432e-05
0.000164437
5.4854e-05
0.00018064
6.38745e-05
0.0001958
7.32249e-05
0.000209816
8.28333e-05
0.000222618
9.26356e-05
0.000234172
0.000102576
0.000244469
0.000112608
0.000253523
0.000122689
0.000261363
0.000132787
0.00026803
0.000142871
0.000273571
0.000152916
0.00027804
0.000162899
0.00028149
0.000172799
0.000283975
0.000182597
0.000285548
0.000192272
0.000286257
0.000201806
0.000286151
0.000211178
0.000285272
0.000220369
0.000283664
0.000229359
0.000281363
0.000238126
0.000278409
0.000246651
0.000274836
0.000254912
0.00027068
0.000262889
0.000265972
0.000270563
0.000260747
0.000277914
0.000255037
0.000284924
0.000248874
0.000291576
0.000242289
0.000297855
0.000235315
0.000303746
0.000227983
0.000309236
0.000220324
0.000314314
0.000212368
0.00031897
0.000204147
0.000323194
0.000195688
0.00032698
0.000187021
0.000330322
0.000178174
0.000333215
0.000169172
0.000335654
0.000160042
0.000337637
0.000150808
0.000339163
0.000141492
0.000340229
0.000132116
0.000340835
0.000122702
0.00034098
0.000113267
0.000340665
0.000103829
0.00033989
9.44041e-05
0.000338655
8.50079e-05
0.000336963
7.56535e-05
0.000334813
6.63528e-05
0.000332208
5.71161e-05
0.00032915
4.7952e-05
0.00032564
3.88664e-05
0.000321679
2.98621e-05
0.000317267
2.09363e-05
0.000312396
1.20759e-05
0.000307058
3.24905e-06
0.00030128
-5.5637e-06
0.000295087
-1.4338e-05
0.000288492
-2.30833e-05
0.000281512
-3.18273e-05
0.000274171
-4.06133e-05
0.000266495
-4.95004e-05
0.000258523
-5.85687e-05
0.0002503
-6.79243e-05
0.00024188
-7.77065e-05
0.000233331
-8.8097e-05
0.000224727
-9.9329e-05
0.000216157
-0.000111697
0.000207715
-0.000125565
0.0001995
-0.00014137
0.000191604
-0.000159613
0.000184109
-0.000180843
0.000177065
-0.000205614
0.000170477
-0.000234427
0.000164287
-0.00026765
0.000158365
-0.000305429
0.000152502
-0.000347599
0.000146415
-0.000393622
0.000139771
-0.000442557
0.000132209
-0.000493082
0.00012338
-0.000543549
0.000112985
-0.000592083
0.000100816
-0.000636678
8.68047e-05
-0.000675263
7.10959e-05
-0.000705654
5.41514e-05
-0.000725278
3.69014e-05
-0.000730467
2.0885e-05
-0.000715134
8.18672e-06
-0.000668928
7.84471e-07
-0.000575868
-1.09024e-06
-0.000415842
-0.000170777
4.49477e-07
6.34403e-06
1.79436e-06
2.06659e-05
4.04827e-06
3.62607e-05
7.21962e-06
5.28279e-05
1.13025e-05
7.00677e-05
1.62724e-05
8.76836e-05
2.20863e-05
0.00010539
2.86847e-05
0.000122918
3.59957e-05
0.000140024
4.39396e-05
0.000156493
5.24331e-05
0.000172146
6.13936e-05
0.00018684
7.07416e-05
0.000200467
8.04034e-05
0.000212956
9.03119e-05
0.000224263
0.000100408
0.000234374
0.000110638
0.000243293
0.000120957
0.000251044
0.000131326
0.000257661
0.00014171
0.000263187
0.000152079
0.000267671
0.000162405
0.000271164
0.000172663
0.000273716
0.000182831
0.00027538
0.000192886
0.000276202
0.000202806
0.000276231
0.00021257
0.000275509
0.000222155
0.000274079
0.00023154
0.000271978
0.000240703
0.000269246
0.000249623
0.000265917
0.000258278
0.000262025
0.000266647
0.000257603
0.000274711
0.000252684
0.000282448
0.000247299
0.000289842
0.00024148
0.000296873
0.000235258
0.000303526
0.000228662
0.000309786
0.000221723
0.00031564
0.00021447
0.000321074
0.000206934
0.000326079
0.000199142
0.000330645
0.000191122
0.000334765
0.000182902
0.000338431
0.000174508
0.000341638
0.000165965
0.000344382
0.000157298
0.00034666
0.00014853
0.000348468
0.000139683
0.000349807
0.000130778
0.000350673
0.000121835
0.000351068
0.000112872
0.000350991
0.000103906
0.000350443
9.49522e-05
0.000349425
8.6026e-05
0.000347938
7.71401e-05
0.000345985
6.83058e-05
0.000343568
5.95331e-05
0.00034069
5.083e-05
0.000337355
4.22019e-05
0.000333565
3.36516e-05
0.000329325
2.51771e-05
0.000324631
1.67693e-05
0.000319474
8.40631e-06
0.000313866
4.41992e-08
0.000307848
-8.3198e-06
0.000301434
-1.66697e-05
0.000294646
-2.50391e-05
0.00028751
-3.34771e-05
0.00028006
-4.20509e-05
0.000272341
-5.08494e-05
0.000264406
-5.9989e-05
0.000256319
-6.962e-05
0.000248158
-7.99356e-05
0.000240009
-9.11803e-05
0.000231971
-0.000103659
0.000224148
-0.000117742
0.000216644
-0.000133867
0.000209557
-0.000152526
0.000202959
-0.000174245
0.000196884
-0.00019954
0.000191311
-0.000228853
0.000186141
-0.00026248
0.000181193
-0.000300481
0.000176199
-0.000342604
0.000170814
-0.000388237
0.000164642
-0.000436386
0.000157269
-0.000485709
0.000148298
-0.000534577
0.00013739
-0.000581175
0.000124306
-0.000623594
0.000108951
-0.000659908
9.14388e-05
-0.000688142
7.21938e-05
-0.000706033
5.21023e-05
-0.000710376
3.26873e-05
-0.000695719
1.61428e-05
-0.000652384
4.86153e-06
-0.000564587
4.64015e-08
-0.000411027
-0.000170731
3.80038e-07
5.96399e-06
1.54388e-06
1.95021e-05
3.53529e-06
3.42693e-05
6.39151e-06
4.99717e-05
1.01325e-05
6.63267e-05
1.47565e-05
8.30596e-05
2.0239e-05
9.99071e-05
2.65359e-05
0.000116621
3.35869e-05
0.000132973
4.13207e-05
0.000148759
4.96598e-05
0.000163807
5.85241e-05
0.000177976
6.78351e-05
0.000191156
7.75177e-05
0.000203273
8.75021e-05
0.000214279
9.7725e-05
0.000224151
0.000108129
0.000232889
0.000118664
0.000240509
0.000129286
0.000247039
0.000139954
0.000252519
0.000150633
0.000256992
0.000161292
0.000260505
0.000171901
0.000263107
0.000182434
0.000264847
0.000192865
0.000265772
0.000203169
0.000265927
0.000213322
0.000265356
0.000223301
0.000264099
0.000233083
0.000262197
0.000242644
0.000259685
0.000251961
0.000256599
0.000261013
0.000252972
0.000269778
0.000248838
0.000278235
0.000244228
0.000286362
0.000239172
0.000294143
0.0002337
0.000301557
0.000227843
0.000308589
0.00022163
0.000315222
0.000215089
0.000321444
0.000208249
0.00032724
0.000201137
0.0003326
0.000193781
0.000337515
0.000186207
0.000341975
0.000178442
0.000345974
0.000170509
0.000349506
0.000162433
0.000352565
0.000154238
0.00035515
0.000145946
0.000357256
0.000137577
0.000358882
0.000129152
0.000360027
0.00012069
0.000360691
0.000112208
0.000360875
0.000103722
0.000360578
9.52484e-05
0.000359804
8.68002e-05
0.000358555
7.83899e-05
0.000356832
7.00283e-05
0.000354641
6.17246e-05
0.000351985
5.34859e-05
0.00034887
4.5317e-05
0.000345301
3.72198e-05
0.000341286
2.91922e-05
0.000336829
2.12261e-05
0.000331932
1.33035e-05
0.000326584
5.3922e-06
0.000320816
-2.55122e-06
0.00031467
-1.05244e-05
0.000308171
-1.854e-05
0.000301349
-2.66548e-05
0.000294244
-3.4946e-05
0.000286908
-4.35137e-05
0.000279405
-5.24858e-05
0.00027181
-6.20248e-05
0.00026421
-7.23357e-05
0.000256704
-8.36746e-05
0.0002494
-9.6355e-05
0.00024241
-0.000110751
0.000235839
-0.000127296
0.00022978
-0.000146467
0.000224292
-0.000168757
0.000219383
-0.000194631
0.000214991
-0.000224462
0.000210969
-0.000258458
0.000207074
-0.000296586
0.000202974
-0.000338503
0.000198259
-0.000383522
0.000192475
-0.000430602
0.000185156
-0.00047839
0.000175866
-0.000525287
0.000164236
-0.000569545
0.000150008
-0.000609366
0.000133073
-0.000642972
0.000113526
-0.000668596
9.17667e-05
-0.000684274
6.8643e-05
-0.000687252
4.5653e-05
-0.000672729
2.5069e-05
-0.0006318
9.65098e-06
-0.000549169
1.48559e-06
-0.000402862
-0.000169245
3.00114e-07
5.66388e-06
1.25955e-06
1.85426e-05
2.95801e-06
3.25709e-05
5.46522e-06
4.74645e-05
8.82916e-06
6.29628e-05
1.30713e-05
7.88174e-05
1.81867e-05
9.47918e-05
2.41462e-05
0.000110661
3.09015e-05
0.000126217
3.839e-05
0.000141271
4.65397e-05
0.000155657
5.52739e-05
0.000169241
6.45149e-05
0.000181915
7.41868e-05
0.000193601
8.42177e-05
0.000204248
9.45404e-05
0.000213828
0.000105094
0.000222335
0.000115823
0.00022978
0.000126677
0.000236185
0.000137613
0.000241584
0.000148589
0.000246016
0.000159569
0.000249525
0.00017052
0.000252156
0.000181411
0.000253956
0.000192213
0.00025497
0.000202899
0.000255242
0.000213441
0.000254814
0.000223814
0.000253726
0.000233993
0.000252018
0.000243953
0.000249725
0.00025367
0.000246881
0.000263122
0.000243521
0.000272286
0.000239675
0.000281139
0.000235374
0.000289661
0.000230649
0.000297832
0.000225529
0.000305634
0.000220041
0.000313049
0.000214215
0.000320062
0.000208077
0.000326658
0.000201654
0.000332823
0.000194972
0.000338547
0.000188058
0.000343818
0.000180936
0.000348629
0.000173631
0.000352972
0.000166166
0.00035684
0.000158565
0.00036023
0.000150849
0.000363137
0.000143039
0.000365558
0.000135156
0.000367493
0.000127217
0.00036894
0.000119243
0.0003699
0.000111248
0.000370373
0.000103249
0.000370362
9.52597e-05
0.000369868
8.72935e-05
0.000368896
7.93619e-05
0.00036745
7.14747e-05
0.000365534
6.36401e-05
0.000363156
5.58643e-05
0.000360322
4.81509e-05
0.000357041
4.05006e-05
0.000353323
3.29105e-05
0.000349177
2.53722e-05
0.00034461
1.78701e-05
0.000339626
1.03767e-05
0.000334231
2.84322e-06
0.000328472
-4.76489e-06
0.000322388
-1.24559e-05
0.000316016
-2.02834e-05
0.000309406
-2.83354e-05
0.000302618
-3.67255e-05
0.000295726
-4.55946e-05
0.000288819
-5.51173e-05
0.000281994
-6.55107e-05
0.00027536
-7.70406e-05
0.000269031
-9.00264e-05
0.000263122
-0.000104842
0.000257734
-0.000121909
0.000252946
-0.000141679
0.00024879
-0.000164601
0.000245237
-0.000191077
0.000242173
-0.000221398
0.000239389
-0.000255674
0.000236576
-0.000293773
0.000233332
-0.00033526
0.000229186
-0.000379375
0.000223627
-0.000425043
0.000216147
-0.000470911
0.000206283
-0.000515422
0.00019365
-0.000556912
0.000177983
-0.000593699
0.000159172
-0.000624161
0.000137313
-0.000646737
0.000112791
-0.000659752
8.64255e-05
-0.000660887
5.96828e-05
-0.000645986
3.4879e-05
-0.000606996
1.50792e-05
-0.000529369
3.17557e-06
-0.000390958
-0.00016607
2.08025e-07
5.45585e-06
9.38092e-07
1.78126e-05
2.3129e-06
3.1196e-05
4.43855e-06
4.53388e-05
7.39271e-06
6.00086e-05
1.12208e-05
7.49894e-05
1.59368e-05
9.00758e-05
2.1527e-05
0.000105071
2.79546e-05
0.00011979
3.51655e-05
0.00013406
4.30938e-05
0.000147729
5.16661e-05
0.000160669
6.08061e-05
0.000172776
7.04374e-05
0.00018397
8.04861e-05
0.000194199
9.08821e-05
0.000203432
0.00010156
0.000211657
0.000112461
0.000218879
0.000123529
0.000225117
0.000134714
0.000230398
0.000145973
0.000234757
0.000157262
0.000238235
0.000168546
0.000240873
0.000179788
0.000242714
0.000190956
0.000243802
0.000202019
0.000244178
0.000212948
0.000243885
0.000223714
0.00024296
0.000234291
0.000241441
0.000244652
0.000239363
0.000254773
0.000236761
0.000264627
0.000233666
0.000274193
0.000230109
0.000283448
0.00022612
0.000292369
0.000221728
0.000300937
0.000216961
0.000309133
0.000211845
0.000316939
0.000206409
0.000324339
0.000200677
0.000331318
0.000194675
0.000337862
0.000188428
0.00034396
0.00018196
0.000349601
0.000175295
0.000354777
0.000168455
0.000359479
0.000161463
0.000363703
0.000154341
0.000367443
0.000147109
0.000370695
0.000139786
0.000373458
0.000132392
0.000375731
0.000124945
0.000377512
0.000117461
0.000378804
0.000109956
0.000379609
0.000102445
0.000379928
9.49403e-05
0.000379767
8.74551e-05
0.000379129
7.99995e-05
0.000378021
7.25825e-05
0.00037645
6.52109e-05
0.000374425
5.78897e-05
0.000371955
5.0621e-05
0.000369051
4.34043e-05
0.000365727
3.62348e-05
0.000361996
2.91032e-05
0.000357872
2.19937e-05
0.000353368
1.48809e-05
0.000348487
7.72392e-06
0.000343264
4.58709e-07
0.000337756
-6.94801e-06
0.000332008
-1.45354e-05
0.000326079
-2.24066e-05
0.000320043
-3.06899e-05
0.000313988
-3.9539e-05
0.00030801
-4.91401e-05
0.00030222
-5.97199e-05
0.00029673
-7.1551e-05
0.000291658
-8.49541e-05
0.000287111
-0.000100295
0.000283178
-0.000117976
0.000279909
-0.000138409
0.000277297
-0.00016199
0.00027526
-0.00018904
0.000273622
-0.000219759
0.000272102
-0.000254154
0.000270318
-0.000291989
0.0002678
-0.000332742
0.000264019
-0.000375594
0.00025842
-0.000419444
0.000250467
-0.000462957
0.000239678
-0.000504634
0.000225673
-0.000542906
0.000208194
-0.000576221
0.00018715
-0.000603117
0.000162653
-0.000622239
0.000135089
-0.000632189
0.00010526
-0.000631058
7.45985e-05
-0.000615324
4.54309e-05
-0.000577829
2.10606e-05
-0.000504999
5.14622e-06
-0.000375044
-0.000160924
1.0272e-07
5.35313e-06
5.79039e-07
1.73363e-05
1.60269e-06
3.01724e-05
3.31955e-06
4.3622e-05
5.83783e-06
5.74903e-05
9.22635e-06
7.16008e-05
1.35177e-05
8.57845e-05
1.87126e-05
9.98763e-05
2.47857e-05
0.000113716
3.16916e-05
0.000127154
3.93701e-05
0.000140051
4.77517e-05
0.000152287
5.67619e-05
0.000163765
6.63244e-05
0.000174408
7.63636e-05
0.00018416
8.6807e-05
0.000192989
9.75857e-05
0.000200878
0.000108635
0.00020783
0.000119897
0.000213856
0.000131315
0.000218979
0.000142841
0.000223232
0.000154428
0.000226648
0.000166033
0.000229267
0.000177618
0.000231129
0.000189147
0.000232274
0.000200584
0.000232741
0.000211897
0.000232571
0.000223057
0.000231801
0.000234033
0.000230465
0.000244798
0.000228599
0.000255324
0.000226234
0.000265587
0.000223403
0.000275561
0.000220135
0.000285224
0.000216457
0.000294553
0.000212399
0.000303527
0.000207987
0.000312127
0.000203245
0.000320335
0.000198201
0.000328134
0.000192877
0.00033551
0.000187299
0.000342449
0.000181489
0.000348939
0.00017547
0.000354969
0.000169264
0.000360532
0.000162892
0.000365619
0.000156376
0.000370226
0.000149735
0.000374347
0.000142988
0.00037798
0.000136153
0.000381124
0.000129249
0.000383777
0.000122291
0.000385942
0.000115296
0.000387621
0.000108278
0.000388815
0.00010125
0.000389532
9.42242e-05
0.000389774
8.72122e-05
0.000389551
8.02231e-05
0.000388869
7.32643e-05
0.000387738
6.63416e-05
0.00038617
5.94584e-05
0.000384175
5.26152e-05
0.00038177
4.58095e-05
0.00037897
3.90349e-05
0.000375793
3.22801e-05
0.000372259
2.55276e-05
0.000368389
1.8751e-05
0.000364202
1.19109e-05
0.000359712
4.9493e-06
0.000354973
-2.20897e-06
0.00035006
-9.62304e-06
0.000345047
-1.7393e-05
0.000340019
-2.5662e-05
0.000335075
-3.45953e-05
0.000330323
-4.43878e-05
0.000325875
-5.5272e-05
0.000321846
-6.7522e-05
0.000318344
-8.14523e-05
0.00031546
-9.74116e-05
0.000313253
-0.000115769
0.000311731
-0.000136887
0.000310832
-0.000161091
0.000310406
-0.000188615
0.000310203
-0.000219556
0.000309864
-0.000253816
0.000308936
-0.000291061
0.000306887
-0.000330692
0.000303137
-0.000371845
0.000297104
-0.000413411
0.000288237
-0.00045409
0.000276062
-0.000492459
0.000260214
-0.000527059
0.000240469
-0.000556476
0.000216769
-0.000579418
0.00018926
-0.00059473
0.000158352
-0.00060128
0.000124839
-0.000597545
9.01178e-05
-0.000580603
5.65002e-05
-0.000544211
2.74562e-05
-0.000475955
7.33409e-06
-0.000354922
-0.00015359
-1.52544e-08
5.36839e-06
1.87079e-07
1.71339e-05
8.41342e-07
2.95181e-05
2.13407e-06
4.23292e-05
4.20337e-06
5.5421e-05
7.13956e-06
6.86647e-05
1.09923e-05
8.19317e-05
1.57762e-05
9.50924e-05
2.14767e-05
0.000108016
2.80568e-05
0.000120574
3.54627e-05
0.000132645
4.36293e-05
0.000144121
5.24843e-05
0.00015491
6.19521e-05
0.00016494
7.19564e-05
0.000174156
8.24224e-05
0.000182523
9.32782e-05
0.000190023
0.000104456
0.000196652
0.000115891
0.00020242
0.000127525
0.000207345
0.000139303
0.000211454
0.000151174
0.000214777
0.000163092
0.000217349
0.000175012
0.000219208
0.000186896
0.00022039
0.000198704
0.000220933
0.000210402
0.000220874
0.000221955
0.000220247
0.000233334
0.000219086
0.000244507
0.000217425
0.000255447
0.000215295
0.000266126
0.000212724
0.000276519
0.000209742
0.000286602
0.000206375
0.000296351
0.00020265
0.000305747
0.000198591
0.000314768
0.000194224
0.000323397
0.000189572
0.000331618
0.000184657
0.000339415
0.000179502
0.000346774
0.000174129
0.000353686
0.000168559
0.000360138
0.000162811
0.000366124
0.000156907
0.000371636
0.000150864
0.00037667
0.000144701
0.000381222
0.000138436
0.000385291
0.000132085
0.000388875
0.000125665
0.000391976
0.00011919
0.000394597
0.000112675
0.000396741
0.000106133
0.000398414
9.95767e-05
0.000399622
9.30161e-05
0.000400373
8.64611e-05
0.000400677
7.99197e-05
0.000400543
7.33981e-05
0.000399984
6.69005e-05
0.000399014
6.04287e-05
0.000397648
5.39814e-05
0.000395903
4.75541e-05
0.0003938
4.11383e-05
0.00039136
3.47202e-05
0.000388607
2.82799e-05
0.00038557
2.17886e-05
0.000382275
1.52057e-05
0.000378752
8.47224e-06
0.000375047
1.49585e-06
0.000371244
-5.82e-06
0.000367439
-1.35884e-05
0.000363736
-2.19588e-05
0.000360241
-3.11001e-05
0.000357063
-4.12101e-05
0.000354312
-5.25211e-05
0.000352091
-6.53005e-05
0.000350485
-7.98466e-05
0.000349553
-9.64791e-05
0.000349306
-0.000115521
0.000349692
-0.000137274
0.00035058
-0.000161978
0.00035174
-0.000189775
0.000352839
-0.000220655
0.000353443
-0.00025442
0.00035303
-0.000290649
0.000351019
-0.000328681
0.000346801
-0.000367626
0.00033978
-0.00040639
0.000329416
-0.000443726
0.000315262
-0.000478305
0.000296994
-0.000508791
0.000274439
-0.000533921
0.000247598
-0.000552576
0.000216669
-0.000563801
0.000182101
-0.000566713
0.000144699
-0.000560142
0.000105829
-0.000541733
6.77602e-05
-0.000506143
3.40602e-05
-0.000442255
9.66443e-06
-0.000330526
-0.000143925
-1.42067e-07
5.51046e-06
-2.20285e-07
1.72121e-05
6.14558e-08
2.92364e-05
9.35775e-07
4.14549e-05
2.56558e-06
5.37912e-05
5.05805e-06
6.61722e-05
8.4778e-06
7.85119e-05
1.28517e-05
9.07185e-05
1.81755e-05
0.000102692
2.44208e-05
0.000114328
3.15408e-05
0.000125525
3.94754e-05
0.000136186
4.81558e-05
0.00014623
5.7508e-05
0.000155588
6.74557e-05
0.000164208
7.79227e-05
0.000172056
8.88348e-05
0.000179111
0.000100121
0.000185366
0.000111712
0.000190828
0.000123546
0.000195511
0.000135564
0.000199437
0.000147709
0.000202632
0.000159931
0.000205128
0.000172182
0.000206957
0.000184418
0.000208154
0.000196597
0.000208754
0.000208682
0.000208789
0.000220637
0.000208292
0.000232426
0.000207297
0.000244019
0.000205832
0.000255386
0.000203928
0.000266498
0.000201612
0.000277328
0.000198911
0.000287853
0.00019585
0.000298047
0.000192455
0.000307891
0.000188747
0.000317365
0.000184751
0.000326449
0.000180487
0.000335128
0.000175978
0.000343387
0.000171243
0.000351213
0.000166303
0.000358595
0.000161177
0.000365524
0.000155882
0.000371993
0.000150438
0.000377996
0.000144861
0.000383529
0.000139168
0.000388589
0.000133375
0.000393178
0.000127496
0.000397295
0.000121547
0.000400945
0.000115541
0.000404131
0.000109489
0.000406859
0.000103405
0.000409138
9.72981e-05
0.000410976
9.11783e-05
0.000412383
8.50537e-05
0.000413372
7.89308e-05
0.000413955
7.28145e-05
0.000414149
6.67071e-05
0.000413968
6.0609e-05
0.000413433
5.4517e-05
0.000412562
4.84245e-05
0.00041138
4.23203e-05
0.000409913
3.61881e-05
0.000408188
3.00045e-05
0.00040624
2.37369e-05
0.000404106
1.73393e-05
0.000401832
1.07461e-05
0.000399469
3.85886e-06
0.000397111
-3.46222e-06
0.000394879
-1.13566e-05
0.000392885
-1.99648e-05
0.000391233
-2.94477e-05
0.000390022
-3.99991e-05
0.000389344
-5.18426e-05
0.000389272
-6.52288e-05
0.000389854
-8.04283e-05
0.000391093
-9.77188e-05
0.000392938
-0.000117366
0.000395259
-0.000139596
0.000397842
-0.000164561
0.00040037
-0.000192303
0.00040243
-0.000222715
0.000403519
-0.000255508
0.000403062
-0.000290192
0.000400447
-0.000326066
0.000395057
-0.000362236
0.000386311
-0.000397644
0.000373704
-0.000431119
0.000356841
-0.000461442
0.000335464
-0.000487414
0.000309475
-0.000507933
0.000278955
-0.000522055
0.000244176
-0.000529022
0.000205646
-0.000528183
0.000164195
-0.000518691
0.000121164
-0.000498701
7.87629e-05
-0.000463742
4.05858e-05
-0.000404078
1.20289e-05
-0.000301969
-0.000131896
-2.70484e-07
5.78094e-06
-6.15542e-07
1.75572e-05
-6.75503e-07
2.92964e-05
-1.80785e-07
4.09602e-05
1.05432e-06
5.25561e-05
3.14618e-06
6.40803e-05
6.16978e-06
7.54883e-05
1.01625e-05
8.67258e-05
1.51298e-05
9.77248e-05
2.1052e-05
0.000108406
2.78902e-05
0.000118687
3.55909e-05
0.000128486
4.40899e-05
0.000137731
5.33162e-05
0.000146361
6.31948e-05
0.000154329
7.36496e-05
0.000161601
8.46046e-05
0.000168156
9.5986e-05
0.000173985
0.000107723
0.000179092
0.000119748
0.000183486
0.000131997
0.000187187
0.000144413
0.000190217
0.000156938
0.000192602
0.000169522
0.000194373
0.000182117
0.00019556
0.000194677
0.000196193
0.000207163
0.000196303
0.000219534
0.000195921
0.000231755
0.000195076
0.000243792
0.000193795
0.000255614
0.000192107
0.00026719
0.000190036
0.000278494
0.000187607
0.000289501
0.000184844
0.000300186
0.00018177
0.000310527
0.000178405
0.000320506
0.000174772
0.000330105
0.000170889
0.000339307
0.000166776
0.000348098
0.000162452
0.000356467
0.000157934
0.000364404
0.00015324
0.0003719
0.000148386
0.000378949
0.000143389
0.000385547
0.000138263
0.000391692
0.000133023
0.000397383
0.000127683
0.000402623
0.000122257
0.000407415
0.000116756
0.000411763
0.000111192
0.000415675
0.000105577
0.00041916
9.992e-05
0.000422228
9.42304e-05
0.00042489
8.85161e-05
0.00042716
8.27837e-05
0.000429052
7.70385e-05
0.000430583
7.12837e-05
0.00043177
6.55204e-05
0.000432632
5.97471e-05
0.00043319
5.39589e-05
0.000433468
4.81467e-05
0.000433491
4.22968e-05
0.00043329
3.63894e-05
0.000432897
3.0397e-05
0.000432353
2.4281e-05
0.000431706
1.79864e-05
0.000431018
1.14348e-05
0.00043037
4.50695e-06
0.000429877
-2.96923e-06
0.000429658
-1.11382e-05
0.000429814
-2.01212e-05
0.00043043
-3.00634e-05
0.000431577
-4.11462e-05
0.00043331
-5.35751e-05
0.000435653
-6.75726e-05
0.000438595
-8.33696e-05
0.000442067
-0.000101191
0.000445935
-0.000121234
0.000449984
-0.000143644
0.000453908
-0.000168485
0.000457311
-0.000195706
0.000459708
-0.000225112
0.000460543
-0.000256343
0.000459212
-0.000288861
0.000455098
-0.000321952
0.000447604
-0.000354742
0.000436195
-0.000386234
0.000420428
-0.000415352
0.000399988
-0.000441003
0.000374712
-0.000462137
0.000344601
-0.000477822
0.000309836
-0.00048729
0.000270787
-0.000489973
0.000228039
-0.000485435
0.000182461
-0.000473113
0.000135377
-0.000451617
8.89228e-05
-0.000417288
4.66534e-05
-0.000361808
1.42775e-05
-0.000269593
-0.000117619
-3.8772e-07
6.16866e-06
-9.49708e-07
1.81192e-05
-1.27144e-06
2.96181e-05
-1.06293e-06
4.07517e-05
-1.26473e-07
5.16197e-05
1.65994e-06
6.22939e-05
4.37373e-06
7.27746e-05
8.05967e-06
8.30399e-05
1.27316e-05
9.30529e-05
1.83793e-05
0.000102758
2.49731e-05
0.000112093
3.24674e-05
0.000120991
4.08048e-05
0.000129394
4.9919e-05
0.000137247
5.97383e-05
0.00014451
7.01876e-05
0.000151152
8.11909e-05
0.000157152
9.26732e-05
0.000162503
0.000104561
0.000167204
0.000116785
0.000171263
0.000129278
0.000174694
0.000141976
0.000177518
0.000154822
0.000179757
0.000167759
0.000181436
0.000180738
0.000182581
0.000193709
0.000183221
0.00020663
0.000183383
0.000219457
0.000183093
0.000232155
0.000182378
0.000244686
0.000181264
0.000257019
0.000179774
0.000269122
0.000177932
0.000280968
0.000175761
0.00029253
0.000173281
0.000303786
0.000170514
0.000314714
0.000167478
0.000325294
0.000164192
0.000335509
0.000160674
0.000345344
0.000156941
0.000354786
0.00015301
0.000363824
0.000148896
0.000372451
0.000144614
0.000380658
0.000140179
0.000388442
0.000135605
0.0003958
0.000130905
0.000402732
0.000126091
0.000409241
0.000121175
0.000415329
0.000116168
0.000421003
0.000111082
0.00042627
0.000105925
0.000431141
0.000100706
0.000435626
9.54349e-05
0.000439739
9.01179e-05
0.000443493
8.47618e-05
0.000446904
7.93721e-05
0.000449991
7.39525e-05
0.000452769
6.85049e-05
0.000455261
6.30291e-05
0.000457485
5.75223e-05
0.000459466
5.19778e-05
0.000461229
4.63837e-05
0.000462803
4.07229e-05
0.000464221
3.49713e-05
0.000465523
2.90958e-05
0.000466755
2.30483e-05
0.000467983
1.67585e-05
0.000469294
1.01241e-05
0.000470818
2.98279e-06
0.000472674
-4.82535e-06
0.000474946
-1.34095e-05
0.000477688
-2.28639e-05
0.000480945
-3.33204e-05
0.000484741
-4.49415e-05
0.00048907
-5.79045e-05
0.000493891
-7.2394e-05
0.000499114
-8.85918e-05
0.000504584
-0.000106661
0.000510079
-0.000126729
0.000515295
-0.00014886
0.000519844
-0.000173035
0.000523261
-0.000199123
0.000525012
-0.000226862
0.000524514
-0.000255846
0.000521167
-0.000285514
0.000514378
-0.000315164
0.000503606
-0.000343971
0.000488391
-0.000371019
0.000468387
-0.000395347
0.000443387
-0.000416003
0.000413348
-0.000432099
0.000378397
-0.000442871
0.000338839
-0.000447732
0.000295157
-0.000446292
0.000248031
-0.000438309
0.000198382
-0.000423465
0.000147525
-0.00040076
9.75094e-05
-0.000367272
5.17886e-05
-0.000316088
1.6217e-05
-0.000234022
-0.000101402
-4.72387e-07
6.64105e-06
-1.15029e-06
1.87971e-05
-1.58562e-06
3.00534e-05
-1.48984e-06
4.06559e-05
-6.76754e-07
5.08066e-05
9.75054e-07
6.06421e-05
3.54114e-06
7.02085e-05
7.06708e-06
7.95139e-05
1.15738e-05
8.85462e-05
1.70607e-05
9.72714e-05
2.35086e-05
0.000105645
3.08819e-05
0.000113618
3.91317e-05
0.000121144
4.81987e-05
0.00012818
5.80161e-05
0.000134693
6.85123e-05
0.000140655
7.96129e-05
0.000146052
9.12433e-05
0.000150872
0.000103329
0.000155117
0.0001158
0.000158792
0.000128585
0.000161909
0.00014162
0.000164483
0.000154843
0.000166534
0.000168196
0.000168083
0.000181625
0.000169152
0.00019508
0.000169766
0.000208514
0.000169949
0.000221885
0.000169723
0.000235151
0.000169112
0.000248278
0.000168138
0.00026123
0.000166822
0.000273976
0.000165186
0.000286489
0.000163249
0.000298741
0.000161029
0.000310711
0.000158544
0.000322377
0.000155812
0.000333719
0.000152849
0.000344723
0.00014967
0.000355374
0.00014629
0.00036566
0.000142724
0.000375572
0.000138983
0.000385103
0.000135083
0.000394248
0.000131034
0.000403005
0.000126848
0.000411374
0.000122536
0.000419355
0.000118109
0.000426954
0.000113576
0.000434176
0.000108946
0.00044103
0.000104228
0.000447526
9.94291e-05
0.000453675
9.4557e-05
0.000459492
8.96182e-05
0.000464991
8.46187e-05
0.000470189
7.9564e-05
0.000475103
7.44583e-05
0.000479751
6.93044e-05
0.000484153
6.4103e-05
0.000488329
5.88528e-05
0.000492301
5.35501e-05
0.000496093
4.81862e-05
0.000499731
4.27456e-05
0.000503248
3.7206e-05
0.000506682
3.1537e-05
0.000510081
2.56967e-05
0.000513508
1.96212e-05
0.000517056
1.32108e-05
0.000520856
6.32384e-06
0.000525077
-1.23834e-06
0.000529766
-9.51391e-06
0.000534919
-1.85629e-05
0.000540529
-2.84734e-05
0.00054658
-3.93719e-05
0.000553032
-5.13932e-05
0.000559806
-6.4678e-05
0.000566778
-7.93664e-05
0.000573772
-9.55859e-05
0.000580548
-0.000113437
0.000586797
-0.000132978
0.000592139
-0.000154202
0.000596124
-0.00017702
0.000598245
-0.000201243
0.000597948
-0.000226566
0.000594662
-0.000252559
0.000587822
-0.000278673
0.0005769
-0.000304243
0.000561445
-0.000328516
0.000541106
-0.00035068
0.000515664
-0.000369906
0.000485054
-0.000385392
0.000449375
-0.00039642
0.000408905
-0.0004024
0.000364089
-0.000402916
0.000315542
-0.000397745
0.000264048
-0.000386815
0.00021059
-0.000370007
0.000156476
-0.000346646
0.000103658
-0.000314454
5.54332e-05
-0.000267863
1.76172e-05
-0.000196206
-8.37845e-05
-4.91621e-07
7.13267e-06
-1.11237e-06
1.94178e-05
-1.42078e-06
3.03618e-05
-1.16245e-06
4.03976e-05
-1.84564e-07
4.98287e-05
1.61657e-06
5.8841e-05
4.30855e-06
6.75165e-05
7.93361e-06
7.58889e-05
1.25176e-05
8.39621e-05
1.80692e-05
9.17199e-05
2.45798e-05
9.91344e-05
3.20247e-05
0.000106173
4.03653e-05
0.000112803
4.9551e-05
0.000118995
5.9522e-05
0.000124722
7.0212e-05
0.000129965
8.15508e-05
0.000134713
9.34658e-05
0.000138957
0.000105884
0.000142699
0.000118735
0.000145942
0.000131948
0.000148696
0.000145456
0.000150974
0.000159198
0.000152792
0.000173112
0.000154168
0.000187144
0.00015512
0.000201241
0.000155669
0.000215356
0.000155834
0.000229444
0.000155635
0.000243464
0.000155092
0.000257379
0.000154223
0.000271153
0.000153048
0.000284757
0.000151583
0.00029816
0.000149845
0.000311338
0.000147851
0.000324268
0.000145614
0.00033693
0.000143151
0.000349305
0.000140474
0.000361379
0.000137596
0.000373138
0.000134531
0.000384574
0.000131288
0.000395677
0.00012788
0.000406442
0.000124317
0.000416867
0.000120609
0.00042695
0.000116765
0.000436692
0.000112794
0.000446098
0.000108704
0.000455172
0.000104502
0.000463923
0.000100195
0.000472361
9.57903e-05
0.000480496
9.12935e-05
0.000488343
8.671e-05
0.000495916
8.20452e-05
0.000503231
7.73038e-05
0.000510305
7.24906e-05
0.000517154
6.76093e-05
0.000523796
6.2662e-05
0.000530251
5.76481e-05
0.000536538
5.25656e-05
0.000542678
4.74106e-05
0.000548692
4.21719e-05
0.000554611
3.68271e-05
0.000560471
3.13452e-05
0.000566324
2.56846e-05
0.000572232
1.97881e-05
0.000578292
1.35617e-05
0.000584643
6.85957e-06
0.000591511
-5.43924e-07
0.00059884
-8.56767e-06
0.000606567
-1.72405e-05
0.00061462
-2.66165e-05
0.000622943
-3.67957e-05
0.000631448
-4.78774e-05
0.000640018
-5.99635e-05
0.000648496
-7.31555e-05
0.000656676
-8.75467e-05
0.000664302
-0.000103211
0.000671057
-0.000120193
0.000676569
-0.000138489
0.000680405
-0.000158038
0.000682088
-0.000178703
0.000681102
-0.000200257
0.000676916
-0.00022238
0.000669006
-0.00024465
0.000656884
-0.000266551
0.000640128
-0.000287486
0.000618409
-0.000306796
0.000591521
-0.000323792
0.000559403
-0.000337788
0.000522156
-0.000348145
0.000480049
-0.000354314
0.000433523
-0.000355874
0.000383182
-0.000352574
0.000329775
-0.000344339
0.000274195
-0.000331234
0.000217485
-0.000313297
0.000160943
-0.000290104
0.000106414
-0.000259926
5.69817e-05
-0.00021843
1.82288e-05
-0.000157453
-6.55557e-05
-3.98866e-07
7.53153e-06
-6.95142e-07
1.97141e-05
-5.17831e-07
3.01845e-05
3.10545e-07
3.95692e-05
1.88617e-06
4.82531e-05
4.27757e-06
5.64496e-05
7.53228e-06
6.42618e-05
1.16876e-05
7.17335e-05
1.67714e-05
7.88784e-05
2.27985e-05
8.56927e-05
2.97694e-05
9.21635e-05
3.76693e-05
9.82732e-05
4.64695e-05
0.000104003
5.61286e-05
0.000109335
6.65952e-05
0.000114255
7.78101e-05
0.00011875
8.97086e-05
0.000122814
0.000102223
0.000126443
0.000115283
0.000129639
0.00012882
0.000132405
0.000142765
0.000134751
0.000157054
0.000136686
0.000171622
0.000138224
0.000186411
0.00013938
0.000201363
0.000140168
0.000216428
0.000140604
0.000231555
0.000140706
0.000246701
0.000140489
0.000261824
0.000139969
0.000276886
0.000139161
0.000291853
0.000138081
0.000306693
0.000136743
0.000321378
0.00013516
0.000335883
0.000133345
0.000350187
0.000131311
0.000364268
0.00012907
0.00037811
0.000126631
0.0003917
0.000124007
0.000405024
0.000121206
0.000418074
0.000118238
0.000430843
0.000115112
0.000443325
0.000111835
0.000455519
0.000108415
0.000467425
0.00010486
0.000479044
0.000101175
0.00049038
9.73674e-05
0.000501439
9.34422e-05
0.000512229
8.94047e-05
0.00052276
8.52595e-05
0.000533043
8.10109e-05
0.000543089
7.66633e-05
0.000552914
7.22207e-05
0.00056253
6.76874e-05
0.000571953
6.30679e-05
0.000581196
5.83667e-05
0.000590272
5.35852e-05
0.0005992
4.87205e-05
0.000607996
4.37695e-05
0.000616678
3.87289e-05
0.000625266
3.35833e-05
0.000633797
2.82968e-05
0.000642322
2.28195e-05
0.000650923
1.70845e-05
0.000659694
1.10166e-05
0.00066883
4.4256e-06
0.000678472
-2.78277e-06
0.00068846
-1.05316e-05
0.000698638
-1.8746e-05
0.000708896
-2.74976e-05
0.000719134
-3.68553e-05
0.000729228
-4.68897e-05
0.000739023
-5.76716e-05
0.000748329
-6.92698e-05
0.00075692
-8.17471e-05
0.000764527
-9.5153e-05
0.000770831
-0.000109516
0.000775471
-0.000124833
0.000778039
-0.000141058
0.000778093
-0.000158092
0.000775162
-0.000175772
0.000768769
-0.000193864
0.000758446
-0.000212057
0.000743762
-0.000229965
0.000724345
-0.000247135
0.000699914
-0.000263055
0.000670299
-0.000277182
0.000635471
-0.000288964
0.000595552
-0.000297869
0.00055083
-0.000303423
0.00050176
-0.000305243
0.000448956
-0.000303071
0.000393179
-0.000296797
0.00033531
-0.00028647
0.000276334
-0.000272258
0.00021734
-0.000254303
0.0001596
-0.000232364
0.000104833
-0.000205159
5.58559e-05
-0.000169453
1.78188e-05
-0.000119416
-4.77369e-05
-1.37634e-07
7.66917e-06
2.74772e-07
1.93017e-05
1.44053e-06
2.90188e-05
3.41048e-06
3.75993e-05
6.20094e-06
4.54626e-05
9.82888e-06
5.28216e-05
1.43178e-05
5.97729e-05
1.96939e-05
6.63574e-05
2.59807e-05
7.25916e-05
3.31933e-05
7.84801e-05
4.13353e-05
8.40216e-05
5.0397e-05
8.92115e-05
6.0356e-05
9.4044e-05
7.11782e-05
9.85133e-05
8.28191e-05
0.000102614
9.52263e-05
0.000106343
0.000108342
0.000109699
0.000122102
0.000112683
0.000136444
0.000115297
0.000151301
0.000117548
0.000166608
0.000119443
0.000182302
0.000120992
0.000198322
0.000122204
0.00021461
0.000123092
0.00023111
0.000123668
0.000247771
0.000123943
0.000264544
0.000123933
0.000281386
0.000123648
0.000298254
0.000123101
0.000315111
0.000122304
0.000331923
0.000121269
0.000348658
0.000120007
0.000365289
0.000118529
0.000381789
0.000116844
0.000398138
0.000114963
0.000414315
0.000112893
0.000430302
0.000110644
0.000446087
0.000108223
0.000461655
0.000105638
0.000476997
0.000102896
0.000492106
0.000100003
0.000506976
9.69652e-05
0.000521602
9.37884e-05
0.000535984
9.04776e-05
0.000550122
8.70377e-05
0.000564016
8.34729e-05
0.000577671
7.97872e-05
0.000591092
7.59844e-05
0.000604283
7.20677e-05
0.000617254
6.80406e-05
0.000630011
6.39061e-05
0.000642564
5.96678e-05
0.000654921
5.53299e-05
0.000667092
5.08978e-05
0.000679081
4.63778e-05
0.000690894
4.17714e-05
0.000702546
3.70692e-05
0.000714051
3.22645e-05
0.000725425
2.7355e-05
0.000736695
2.23132e-05
0.000747918
1.70732e-05
0.000759173
1.15645e-05
0.00077062
5.63719e-06
0.000782468
-8.31307e-07
0.000794596
-7.70177e-06
0.000806734
-1.49211e-05
0.000818646
-2.24436e-05
0.000830235
-3.03352e-05
0.000841373
-3.86358e-05
0.000851909
-4.7391e-05
0.000861665
-5.66459e-05
0.000870437
-6.6443e-05
0.000877987
-7.68198e-05
0.000884044
-8.78048e-05
0.000888304
-9.94125e-05
0.000890424
-0.000111637
0.000890034
-0.000124442
0.000886736
-0.000137759
0.000880118
-0.000151474
0.000869767
-0.000165421
0.000855287
-0.000179384
0.000836318
-0.000193088
0.000812561
-0.000206208
0.000783801
-0.000218375
0.000749931
-0.000229185
0.000710972
-0.000238223
0.000667093
-0.000245084
0.000618619
-0.000249394
0.000566035
-0.00025084
0.000509984
-0.000249192
0.000451246
-0.000244333
0.00039072
-0.00023627
0.000329389
-0.000225139
0.000268293
-0.000211163
0.000208525
-0.000194535
0.000151294
-0.000175132
9.81638e-05
-0.000152029
5.16368e-05
-0.000122926
1.62291e-05
-8.40079e-05
-3.15077e-05
3.8082e-07
7.28835e-06
1.99795e-06
1.76846e-05
4.80163e-06
2.62151e-05
8.66872e-06
3.37322e-05
1.35175e-05
4.06138e-05
1.93118e-05
4.70273e-05
2.60439e-05
5.30408e-05
3.3719e-05
5.86823e-05
4.23447e-05
6.39659e-05
5.19239e-05
6.89009e-05
6.24514e-05
7.3494e-05
7.39124e-05
7.77505e-05
8.62817e-05
8.16747e-05
9.95248e-05
8.52701e-05
0.000113599
8.85399e-05
0.000128455
9.14875e-05
0.000144037
9.41168e-05
0.000160287
9.64325e-05
0.000177144
9.84403e-05
0.000194546
0.000100147
0.00021243
0.000101559
0.000230737
0.000102685
0.000249406
0.000103535
0.000268382
0.000104116
0.000287609
0.00010444
0.000307038
0.000104515
0.00032662
0.000104351
0.00034631
0.000103957
0.000366067
0.000103344
0.000385852
0.000102519
0.00040563
0.000101491
0.000425369
0.000100269
0.000445039
9.88594e-05
0.000464613
9.72707e-05
0.000484066
9.55095e-05
0.000503376
9.35823e-05
0.000522525
9.14953e-05
0.000541493
8.92543e-05
0.000560266
8.68649e-05
0.00057883
8.4332e-05
0.000597173
8.16604e-05
0.000615283
7.88543e-05
0.000633154
7.59177e-05
0.000650777
7.28545e-05
0.000668147
6.96681e-05
0.000685258
6.63619e-05
0.000702106
6.29388e-05
0.000718689
5.94016e-05
0.000735004
5.57531e-05
0.000751048
5.19958e-05
0.000766822
4.81328e-05
0.000782322
4.41675e-05
0.000797547
4.01044e-05
0.000812495
3.59497e-05
0.000827162
3.17113e-05
0.000841546
2.73875e-05
0.00085566
2.29553e-05
0.000869528
1.83961e-05
0.000883174
1.37088e-05
0.000896615
8.87235e-06
0.000910054
3.63485e-06
0.000923631
-2.01306e-06
0.000937217
-7.94891e-06
0.00095043
-1.4044e-05
0.000963012
-2.02838e-05
0.000974823
-2.67317e-05
0.000985765
-3.3386e-05
0.000995695
-4.02653e-05
0.00100445
-4.73951e-05
0.00101186
-5.48006e-05
0.00101772
-6.25037e-05
0.0010218
-7.05227e-05
0.00102385
-7.88696e-05
0.00102359
-8.75476e-05
0.00102073
-9.65476e-05
0.00101494
-0.000105843
0.00100588
-0.000115386
0.000993221
-0.0001251
0.000976626
-0.000134879
0.000955786
-0.000144581
0.00093043
-0.000154028
0.000900349
-0.000163007
0.000865414
-0.000171274
0.000825599
-0.000178559
0.000780998
-0.000184583
0.00073184
-0.000189066
0.000678505
-0.000191749
0.00062152
-0.000192409
0.000561559
-0.000190878
0.000499426
-0.000187059
0.000436034
-0.000180941
0.000372366
-0.000172603
0.000309445
-0.000162218
0.000248294
-0.000150011
0.000189929
-0.00013617
0.00013543
-0.000120634
8.61624e-05
-0.000102761
4.42651e-05
-8.10288e-05
1.34565e-05
-5.31993e-05
-1.80512e-05
1.2151e-06
6.07325e-06
4.6358e-06
1.42639e-05
9.85718e-06
2.09937e-05
1.65767e-05
2.70127e-05
2.46248e-05
3.25657e-05
3.39134e-05
3.77387e-05
4.43936e-05
4.25606e-05
5.60318e-05
4.7044e-05
6.8799e-05
5.11988e-05
8.26645e-05
5.50354e-05
9.7594e-05
5.85645e-05
0.000113548
6.17964e-05
0.000130482
6.47407e-05
0.000148346
6.74058e-05
0.000167087
6.97997e-05
0.000186644
7.19295e-05
0.000206959
7.38022e-05
0.000227967
7.54245e-05
0.000249604
7.68031e-05
0.000271806
7.79449e-05
0.000294508
7.88568e-05
0.000317647
7.95458e-05
0.000341163
8.00193e-05
0.000364995
8.02842e-05
0.000389087
8.03477e-05
0.000413385
8.02168e-05
0.000437838
7.98985e-05
0.000462396
7.93995e-05
0.000487013
7.87262e-05
0.000511647
7.78849e-05
0.000536256
7.68816e-05
0.000560803
7.57218e-05
0.000585251
7.44112e-05
0.000609567
7.29546e-05
0.000633719
7.13571e-05
0.000657679
6.96231e-05
0.000681417
6.77569e-05
0.000704908
6.57632e-05
0.000728127
6.36461e-05
0.00075105
6.14091e-05
0.000773654
5.90557e-05
0.00079592
5.65888e-05
0.000817826
5.40118e-05
0.000839353
5.13275e-05
0.000860482
4.85391e-05
0.000881194
4.56491e-05
0.000901473
4.26604e-05
0.000921299
3.95756e-05
0.000940655
3.63972e-05
0.000959522
3.31283e-05
0.000977883
2.97718e-05
0.000995719
2.63317e-05
0.00101301
2.28131e-05
0.00102974
1.9224e-05
0.00104587
1.55727e-05
0.00106144
1.18268e-05
0.00107647
7.91828e-06
0.00109106
3.80512e-06
0.0011054
-6.23042e-07
0.00111923
-4.9586e-06
0.00113241
-9.55283e-06
0.00114459
-1.41938e-05
0.00115554
-1.88935e-05
0.00116517
-2.36698e-05
0.00117339
-2.85103e-05
0.00118009
-3.34264e-05
0.00118513
-3.8425e-05
0.00118837
-4.35117e-05
0.00118967
-4.86948e-05
0.00118885
-5.39818e-05
0.00118573
-5.93772e-05
0.00118009
-6.48826e-05
0.00117171
-7.04943e-05
0.00116036
-7.6201e-05
0.0011458
-8.1984e-05
0.00112777
-8.78128e-05
0.00110603
-9.36428e-05
0.00108034
-9.94126e-05
0.0010505
-0.000105042
0.00101635
-0.000110431
0.000977787
-0.000115463
0.000934784
-0.000120004
0.000887413
-0.000123902
0.000835852
-0.000126999
0.000780406
-0.000129137
0.00072151
-0.00013017
0.000659733
-0.000129972
0.000595771
-0.000128447
0.000530434
-0.000125541
0.000464621
-0.000121247
0.000399289
-0.000115608
0.000335408
-0.000108723
0.000273925
-0.000100735
0.000215727
-9.18128e-05
0.000161646
-8.20878e-05
0.000112538
-7.15258e-05
6.95082e-05
-5.97313e-05
3.42961e-05
-4.58167e-05
9.74362e-06
-2.86469e-05
-8.30757e-06
2.39927e-06
3.67398e-06
8.20674e-06
8.45639e-06
1.66865e-05
1.2514e-05
2.74365e-05
1.62627e-05
4.02361e-05
1.97661e-05
5.49422e-05
2.30326e-05
7.14398e-05
2.6063e-05
8.96239e-05
2.88599e-05
0.000109393
3.14293e-05
0.00013065
3.37791e-05
0.000153296
3.59179e-05
0.000177238
3.78545e-05
0.000202382
3.9597e-05
0.000228635
4.1153e-05
0.000255905
4.25292e-05
0.000284103
4.37322e-05
0.000313137
4.47677e-05
0.00034292
4.56413e-05
0.000373365
4.63584e-05
0.000404386
4.69242e-05
0.000435899
4.73435e-05
0.000467824
4.76212e-05
0.000500081
4.7762e-05
0.000532595
4.77704e-05
0.000565291
4.7651e-05
0.0005981
4.74081e-05
0.000630953
4.70458e-05
0.000663784
4.65682e-05
0.000696531
4.59791e-05
0.000729134
4.52824e-05
0.000761534
4.44816e-05
0.000793675
4.35803e-05
0.000825505
4.25818e-05
0.00085697
4.14892e-05
0.000888021
4.03057e-05
0.000918611
3.90337e-05
0.000948692
3.76755e-05
0.00097822
3.62359e-05
0.00100715
3.47176e-05
0.00103543
3.31229e-05
0.00106304
3.14542e-05
0.00108991
2.97139e-05
0.00111602
2.79046e-05
0.00114132
2.60287e-05
0.00116577
2.40887e-05
0.00118933
2.20872e-05
0.00121196
2.00265e-05
0.00123363
1.7909e-05
0.00125429
1.57372e-05
0.0012739
1.35132e-05
0.00129244
1.12392e-05
0.00130985
8.91627e-06
0.00132612
6.54442e-06
0.00134122
4.12295e-06
0.00135512
1.67815e-06
0.00136782
-8.7936e-07
0.00137949
-3.74697e-06
0.00138975
-6.45931e-06
0.00139827
-9.13696e-06
0.00140509
-1.17846e-05
0.00140999
-1.44544e-05
0.00141293
-1.71266e-05
0.00141382
-1.97911e-05
0.00141261
-2.24518e-05
0.0014092
-2.51068e-05
0.00140353
-2.77564e-05
0.00139551
-3.03996e-05
0.00138503
-3.30344e-05
0.00137199
-3.56591e-05
0.00135628
-3.82716e-05
0.00133778
-4.08682e-05
0.00131634
-4.34437e-05
0.00129183
-4.59902e-05
0.00126413
-4.84969e-05
0.00123309
-5.09488e-05
0.00119861
-5.33267e-05
0.00116057
-5.5605e-05
0.00111891
-5.77517e-05
0.00107359
-5.97273e-05
0.00102464
-6.14813e-05
0.000972151
-6.29705e-05
0.000916294
-6.41466e-05
0.00085734
-6.4948e-05
0.000795658
-6.53176e-05
0.000731725
-6.52036e-05
0.000666118
-6.45638e-05
0.000599515
-6.33685e-05
0.000532672
-6.16042e-05
0.000466405
-5.92748e-05
0.000401561
-5.64021e-05
0.000338977
-5.3025e-05
0.000279452
-4.91974e-05
0.000223701
-4.49842e-05
0.000172342
-4.04539e-05
0.000125911
-3.56564e-05
8.49595e-05
-3.05742e-05
5.02719e-05
-2.50437e-05
2.3166e-05
-1.87109e-05
5.67707e-06
-1.11579e-05
-2.6305e-06
3.67398e-06
1.21304e-05
2.46444e-05
4.0907e-05
6.06731e-05
8.37057e-05
0.000109769
0.000138629
0.000170058
0.000203837
0.000239755
0.000277609
0.000317206
0.000358359
0.000400889
0.000444621
0.000489388
0.00053503
0.000581388
0.000628312
0.000675656
0.000723277
0.000771039
0.000818809
0.00086646
0.000913869
0.000960914
0.00100748
0.00105346
0.00109874
0.00114323
0.00118681
0.00122939
0.00127088
0.00131118
0.00135022
0.00138789
0.00142413
0.00145885
0.00149197
0.00152342
0.00155314
0.00158104
0.00160707
0.00163116
0.00165325
0.00167327
0.00169118
0.00170692
0.00172043
0.00173167
0.00174059
0.00174713
0.00175125
0.00175293
0.00175205
0.00174831
0.00174185
0.00173271
0.00172093
0.00170647
0.00168934
0.00166955
0.0016471
0.00162199
0.00159424
0.00156384
0.0015308
0.00149514
0.00145687
0.00141601
0.00137256
0.00132657
0.00127807
0.00122713
0.0011738
0.00111819
0.00106044
0.00100071
0.000939234
0.000876263
0.000812117
0.000747169
0.000681851
0.000616647
0.000552084
0.000488715
0.000427111
0.000367836
0.000311434
0.000258409
0.000209212
0.000164227
0.000123774
8.81172e-05
5.7543e-05
3.24993e-05
1.37884e-05
2.6305e-06
)
;

boundaryField
{
    movingWall
    {
        type            calculated;
        value           uniform 0;
    }
    fixedWalls
    {
        type            calculated;
        value           uniform 0;
    }
    frontAndBack
    {
        type            empty;
    }
}


// ************************************************************************* //
