/*--------------------------------*- C++ -*----------------------------------*\
  =========                 |
  \\      /  F ield         | OpenFOAM: The Open Source CFD Toolbox
   \\    /   O peration     | Website:  https://openfoam.org
    \\  /    A nd           | Version:  11
     \\/     M anipulation  |
\*---------------------------------------------------------------------------*/
FoamFile
{
    format      ascii;
    class       pointScalarField;
    location    "38";
    object      streamFunction;
}
// * * * * * * * * * * * * * * * * * * * * * * * * * * * * * * * * * * * * * //

dimensions      [0 3 -1 0 0 0 0];

internalField   nonuniform List<scalar> 
20402
(
0
2.63631e-10
2.4201e-10
2.44782e-10
2.48057e-10
2.61149e-10
2.61909e-10
2.55862e-10
2.44449e-10
2.36701e-10
2.34019e-10
2.41193e-10
2.54817e-10
2.61513e-10
2.68775e-10
2.70743e-10
2.69547e-10
2.66231e-10
2.54043e-10
2.3776e-10
2.22991e-10
2.14091e-10
2.07586e-10
2.07189e-10
2.08551e-10
2.1274e-10
2.19776e-10
2.2697e-10
2.3602e-10
2.36419e-10
2.30323e-10
2.14997e-10
1.98024e-10
1.81415e-10
1.62253e-10
1.53506e-10
1.49211e-10
1.47431e-10
1.4616e-10
1.47052e-10
1.44959e-10
1.39105e-10
1.36463e-10
1.37732e-10
1.41641e-10
1.46169e-10
1.57077e-10
1.62932e-10
1.62375e-10
1.63459e-10
1.62148e-10
1.63495e-10
1.65293e-10
1.66349e-10
1.65876e-10
1.61477e-10
1.53592e-10
1.45948e-10
1.40798e-10
1.35694e-10
1.28972e-10
1.22336e-10
1.17751e-10
1.17281e-10
1.19596e-10
1.20409e-10
1.18938e-10
1.15849e-10
1.13508e-10
1.09509e-10
9.99535e-11
8.74187e-11
7.6009e-11
7.01328e-11
7.03389e-11
6.67713e-11
6.91065e-11
7.90784e-11
8.23035e-11
7.66816e-11
6.68432e-11
5.91097e-11
4.65782e-11
3.56784e-11
3.78901e-11
3.70645e-11
4.05819e-11
4.13676e-11
3.3137e-11
2.82251e-11
2.18265e-11
1.51439e-11
1.16856e-11
1.45291e-11
2.07076e-11
2.19226e-11
1.54111e-11
3.24513e-12
-2.8972e-12
-5.73263e-12
0
0
1.93117e-07
7.06929e-07
1.32641e-06
1.88709e-06
2.28984e-06
2.48159e-06
2.43881e-06
2.15612e-06
1.63877e-06
8.974e-07
-5.42346e-08
-1.20186e-06
-2.53284e-06
-4.03563e-06
-5.70063e-06
-7.52032e-06
-9.48912e-06
-1.16032e-05
-1.38602e-05
-1.62589e-05
-1.87985e-05
-2.14789e-05
-2.42999e-05
-2.72608e-05
-3.03606e-05
-3.3597e-05
-3.6967e-05
-4.04659e-05
-4.40878e-05
-4.78251e-05
-5.16683e-05
-5.56063e-05
-5.96258e-05
-6.37117e-05
-6.78469e-05
-7.20123e-05
-7.61866e-05
-8.03469e-05
-8.44681e-05
-8.85234e-05
-9.24842e-05
-9.63204e-05
-0.000100001
-0.000103492
-0.000106762
-0.000109774
-0.000112496
-0.000114891
-0.000116926
-0.000118566
-0.000119779
-0.000120533
-0.000120802
-0.000120564
-0.000119805
-0.000118511
-0.000116674
-0.000114289
-0.000111359
-0.00010789
-0.000103898
-9.9406e-05
-9.44421e-05
-8.90434e-05
-8.32533e-05
-7.71221e-05
-7.07064e-05
-6.4068e-05
-5.72736e-05
-5.03934e-05
-4.35001e-05
-3.66678e-05
-2.99704e-05
-2.34803e-05
-1.72669e-05
-1.13955e-05
-5.92585e-06
-9.11251e-07
3.60287e-06
7.57759e-06
1.09857e-05
1.38109e-05
1.60462e-05
1.76937e-05
1.87641e-05
1.9277e-05
1.9259e-05
1.87465e-05
1.77801e-05
1.64089e-05
1.46896e-05
1.26887e-05
1.04845e-05
8.17119e-06
5.86354e-06
3.7031e-06
1.86172e-06
5.35289e-07
-8.68035e-08
0
0
7.11065e-07
2.22031e-06
3.92028e-06
5.35898e-06
6.23934e-06
6.38431e-06
5.70688e-06
4.17231e-06
1.78643e-06
-1.42279e-06
-5.41722e-06
-1.01538e-05
-1.55906e-05
-2.16892e-05
-2.84168e-05
-3.57463e-05
-4.36568e-05
-5.2133e-05
-6.11637e-05
-7.07414e-05
-8.08605e-05
-9.15163e-05
-0.000102704
-0.000114417
-0.000126646
-0.000139379
-0.0001526
-0.000166286
-0.000180409
-0.000194937
-0.00020983
-0.00022504
-0.000240514
-0.000256191
-0.000272002
-0.000287873
-0.000303719
-0.000319453
-0.000334979
-0.000350194
-0.000364991
-0.000379257
-0.000392876
-0.000405727
-0.000417688
-0.000428635
-0.000438442
-0.000446986
-0.000454147
-0.000459806
-0.000463853
-0.000466185
-0.000466714
-0.00046537
-0.000462096
-0.000456849
-0.000449604
-0.000440349
-0.0004291
-0.000415891
-0.000400782
-0.000383858
-0.000365227
-0.000345026
-0.000323412
-0.000300567
-0.000276693
-0.000252014
-0.000226766
-0.000201199
-0.000175573
-0.000150152
-0.000125199
-0.000100973
-7.77222e-05
-5.56827e-05
-3.50706e-05
-1.60798e-05
1.12142e-06
1.63915e-05
2.9621e-05
4.0742e-05
4.97219e-05
5.65613e-05
6.12931e-05
6.39819e-05
6.47221e-05
6.36402e-05
6.08859e-05
5.66393e-05
5.11101e-05
4.45433e-05
3.7225e-05
2.94913e-05
2.17377e-05
1.44273e-05
8.08846e-06
3.28552e-06
5.33325e-07
0
0
1.34118e-06
3.9331e-06
6.6747e-06
8.76339e-06
9.65556e-06
9.01629e-06
6.66347e-06
2.52277e-06
-3.40721e-06
-1.10825e-05
-2.0434e-05
-3.13821e-05
-4.38462e-05
-5.77512e-05
-7.3031e-05
-8.96302e-05
-0.000107505
-0.000126619
-0.000146948
-0.000168471
-0.000191171
-0.000215032
-0.000240038
-0.000266167
-0.000293393
-0.000321682
-0.000350989
-0.000381261
-0.00041243
-0.000444417
-0.000477127
-0.000510454
-0.000544273
-0.000578447
-0.000612823
-0.000647234
-0.000681499
-0.000715422
-0.000748794
-0.000781396
-0.000812997
-0.000843357
-0.000872228
-0.000899359
-0.000924491
-0.000947366
-0.000967729
-0.000985326
-0.00099991
-0.00101125
-0.00101912
-0.00102332
-0.00102368
-0.00102007
-0.00101236
-0.00100049
-0.00098439
-0.000964067
-0.000939555
-0.000910938
-0.00087835
-0.000841971
-0.000802037
-0.000758828
-0.000712678
-0.000663963
-0.000613103
-0.000560555
-0.000506808
-0.000452378
-0.000397798
-0.00034361
-0.000290358
-0.000238575
-0.000188778
-0.000141456
-9.7061e-05
-5.60007e-05
-1.86308e-05
1.47492e-05
4.39008e-05
6.86567e-05
8.89371e-05
0.000104731
0.000116096
0.000123157
0.000126104
0.00012519
0.00012073
0.000113099
0.000102736
9.01526e-05
7.59398e-05
6.07835e-05
4.54742e-05
3.09134e-05
1.8102e-05
8.09047e-06
1.85721e-06
0
0
1.91262e-06
5.36534e-06
8.72226e-06
1.08052e-05
1.08049e-05
8.21795e-06
2.75758e-06
-5.69825e-06
-1.71604e-05
-3.15682e-05
-4.88196e-05
-6.87935e-05
-9.13648e-05
-0.000116415
-0.000143839
-0.000173545
-0.000205458
-0.00023952
-0.00027568
-0.000313899
-0.000354141
-0.00039637
-0.000440549
-0.000486631
-0.00053456
-0.000584265
-0.00063566
-0.00068864
-0.000743077
-0.000798825
-0.000855711
-0.000913539
-0.000972088
-0.00103112
-0.00109035
-0.0011495
-0.00120825
-0.00126626
-0.00132317
-0.00137861
-0.00143219
-0.00148349
-0.00153212
-0.00157763
-0.00161962
-0.00165764
-0.00169129
-0.00172015
-0.00174382
-0.00176192
-0.00177412
-0.00178009
-0.00177956
-0.00177233
-0.0017582
-0.00173706
-0.00170885
-0.00167357
-0.00163129
-0.00158218
-0.00152646
-0.00146444
-0.00139652
-0.00132316
-0.00124492
-0.00116242
-0.00107634
-0.000987446
-0.000896529
-0.000804436
-0.000712039
-0.000620228
-0.000529894
-0.000441918
-0.000357153
-0.000276407
-0.000200434
-0.000129917
-6.5457e-05
-7.56106e-06
4.33628e-05
8.70148e-05
0.000123219
0.000151939
0.000173253
0.000187349
0.000194529
0.000195201
0.000189881
0.000179189
0.00016385
0.000144706
0.000122726
9.90226e-05
7.48591e-05
5.1657e-05
3.09765e-05
1.44585e-05
3.70107e-06
0
0
2.31085e-06
6.16338e-06
9.39882e-06
1.04699e-05
8.31313e-06
2.25337e-06
-8.09197e-06
-2.28907e-05
-4.21611e-05
-6.5823e-05
-9.37386e-05
-0.000125741
-0.000161658
-0.000201323
-0.000244584
-0.000291311
-0.000341392
-0.000394736
-0.000451265
-0.000510911
-0.000573611
-0.0006393
-0.000707907
-0.000779347
-0.000853522
-0.000930309
-0.00100956
-0.0010911
-0.00117472
-0.00126018
-0.00134721
-0.0014355
-0.00152469
-0.00161442
-0.00170426
-0.00179377
-0.00188245
-0.00196981
-0.00205529
-0.00213834
-0.00221837
-0.00229478
-0.00236697
-0.00243429
-0.00249615
-0.00255191
-0.00260098
-0.00264277
-0.0026767
-0.00270225
-0.00271893
-0.00272629
-0.00272399
-0.00271169
-0.00268917
-0.00265626
-0.0026129
-0.00255912
-0.00249505
-0.00242092
-0.00233708
-0.00224401
-0.00214227
-0.00203257
-0.0019157
-0.00179256
-0.00166416
-0.00153157
-0.00139597
-0.00125856
-0.00112061
-0.000983408
-0.000848246
-0.000716403
-0.000589123
-0.000467593
-0.00035292
-0.000246117
-0.000148077
-5.95643e-05
1.88018e-05
8.65584e-05
0.000143407
0.000189238
0.000224135
0.000248352
0.000262303
0.000266569
0.000261889
0.000249162
0.000229441
0.000203947
0.000174079
0.000141426
0.000107786
7.51615e-05
4.57441e-05
2.18625e-05
5.8786e-06
0
0
2.46031e-06
6.07073e-06
8.20335e-06
6.97416e-06
1.09001e-06
-1.02723e-05
-2.75781e-05
-5.10294e-05
-8.06434e-05
-0.000116315
-0.000157865
-0.000205078
-0.000257728
-0.000315598
-0.000378487
-0.00044622
-0.000518645
-0.00059563
-0.000677064
-0.000762841
-0.000852862
-0.000947021
-0.0010452
-0.00114727
-0.00125307
-0.00136241
-0.00147505
-0.00159074
-0.00170915
-0.00182995
-0.00195272
-0.00207702
-0.00220235
-0.00232816
-0.00245385
-0.00257881
-0.00270234
-0.00282373
-0.00294224
-0.00305709
-0.00316747
-0.00327256
-0.00337154
-0.00346355
-0.00354777
-0.00362338
-0.00368955
-0.00374552
-0.00379055
-0.00382393
-0.00384503
-0.0038533
-0.00384824
-0.00382947
-0.0037967
-0.00374972
-0.00368849
-0.00361305
-0.0035236
-0.00342049
-0.0033042
-0.00317537
-0.00303478
-0.00288337
-0.00272221
-0.00255251
-0.00237562
-0.00219297
-0.00200612
-0.00181669
-0.00162637
-0.00143689
-0.00124998
-0.00106736
-0.000890711
-0.00072164
-0.000561659
-0.000412152
-0.000274355
-0.000149333
-3.79567e-05
5.911e-05
0.000141424
0.000208773
0.000261202
0.000299014
0.000322737
0.000333125
0.000331156
0.000318025
0.000295146
0.00026415
0.0002269
0.00018551
0.000142349
0.000100055
6.1513e-05
2.98246e-05
8.23113e-06
0
0
2.30917e-06
4.90296e-06
4.75515e-06
-2.936e-07
-1.1726e-05
-3.04792e-05
-5.70762e-05
-9.17345e-05
-0.000134456
-0.0001851
-0.00024344
-0.000309204
-0.000382111
-0.000461887
-0.00054828
-0.000641065
-0.000740043
-0.000845041
-0.000955901
-0.00107248
-0.00119462
-0.00132217
-0.00145497
-0.00159279
-0.00173542
-0.00188257
-0.00203391
-0.00218907
-0.00234762
-0.00250905
-0.00267282
-0.0028383
-0.00300484
-0.00317168
-0.00333804
-0.00350307
-0.00366587
-0.00382551
-0.00398101
-0.00413135
-0.00427548
-0.00441236
-0.0045409
-0.00466005
-0.00476873
-0.0048659
-0.00495055
-0.00502171
-0.00507844
-0.00511989
-0.00514527
-0.0051539
-0.00514519
-0.00511866
-0.00507396
-0.00501089
-0.00492938
-0.00482954
-0.00471164
-0.00457613
-0.00442366
-0.00425503
-0.00407126
-0.00387353
-0.0036632
-0.00344182
-0.00321107
-0.00297278
-0.00272892
-0.00248154
-0.00223277
-0.00198482
-0.00173989
-0.00150017
-0.00126782
-0.0010449
-0.000833375
-0.000635037
-0.00045151
-0.000284199
-0.000134271
-2.63277e-06
0.000110093
0.000203577
0.000277796
0.000333054
0.000369978
0.000389492
0.000392811
0.000381443
0.000357174
0.000322072
0.000278494
0.000229102
0.000176881
0.00012514
7.75142e-05
3.79438e-05
1.06337e-05
0
0
1.82102e-06
2.51768e-06
-1.23624e-06
-1.18108e-05
-3.08182e-05
-5.92662e-05
-9.77009e-05
-0.000146329
-0.000205118
-0.000273877
-0.00035232
-0.000440115
-0.000536916
-0.000642392
-0.000756234
-0.000878161
-0.00100793
-0.00114531
-0.00129009
-0.00144208
-0.00160107
-0.00176685
-0.00193916
-0.00211773
-0.00230221
-0.00249224
-0.00268737
-0.00288707
-0.00309079
-0.00329785
-0.00350754
-0.00371904
-0.00393149
-0.00414393
-0.00435535
-0.00456468
-0.00477078
-0.00497245
-0.00516848
-0.0053576
-0.0055385
-0.00570989
-0.00587044
-0.00601883
-0.00615379
-0.00627403
-0.00637832
-0.0064655
-0.00653446
-0.00658417
-0.00661371
-0.00662225
-0.00660911
-0.00657373
-0.00651572
-0.00643484
-0.00633106
-0.00620452
-0.00605558
-0.00588481
-0.005693
-0.00548115
-0.00525051
-0.00500251
-0.00473882
-0.0044613
-0.00417201
-0.00387318
-0.00356719
-0.00325654
-0.00294384
-0.00263177
-0.00232304
-0.00202035
-0.00172634
-0.00144359
-0.00117452
-0.000921399
-0.00068627
-0.000470924
-0.000276865
-0.000105282
4.29806e-05
0.000167439
0.000267986
0.000344901
0.000398865
0.000430949
0.000442603
0.000435643
0.00041224
0.000374914
0.000326535
0.000270343
0.00020996
0.000149408
9.31102e-05
4.58974e-05
1.29915e-05
0
0
9.68852e-07
-1.18845e-06
-9.99705e-06
-2.79517e-05
-5.67285e-05
-9.73518e-05
-0.000150349
-0.000215883
-0.000293862
-0.000384026
-0.000486019
-0.000599436
-0.000723864
-0.000858905
-0.00100419
-0.00115938
-0.00132417
-0.00149828
-0.00168145
-0.00187341
-0.0020739
-0.00228261
-0.00249922
-0.00272334
-0.00295454
-0.00319231
-0.00343607
-0.00368515
-0.00393881
-0.00419621
-0.00445643
-0.00471846
-0.00498119
-0.00524346
-0.005504
-0.00576149
-0.00601454
-0.0062617
-0.00650148
-0.00673234
-0.00695272
-0.00716107
-0.00735581
-0.00753537
-0.00769823
-0.00784289
-0.00796791
-0.00807192
-0.00815362
-0.00821185
-0.00824551
-0.00825368
-0.00823556
-0.00819051
-0.00811811
-0.0080181
-0.00789045
-0.00773538
-0.00755331
-0.00734493
-0.00711119
-0.00685329
-0.00657267
-0.00627105
-0.00595039
-0.00561288
-0.00526095
-0.00489722
-0.00452451
-0.00414578
-0.00376412
-0.00338271
-0.00300477
-0.00263353
-0.00227218
-0.0019238
-0.00159135
-0.00127758
-0.000985005
-0.000715836
-0.000471965
-0.000254907
-6.57712e-05
9.47624e-05
0.000226466
0.000329577
0.000404803
0.000453325
0.000476797
0.000477337
0.000457498
0.000420266
0.00036904
0.000307654
0.000240396
0.000172024
0.000107785
5.34318e-05
1.52335e-05
0
0
-2.67671e-07
-6.29708e-06
-2.1702e-05
-4.90092e-05
-8.98836e-05
-0.000145304
-0.000215731
-0.000301246
-0.000401667
-0.000516647
-0.000645739
-0.000788457
-0.00094431
-0.00111283
-0.00129358
-0.00148616
-0.0016902
-0.00190536
-0.00213132
-0.00236773
-0.00261425
-0.0028705
-0.00313604
-0.00341038
-0.00369297
-0.00398314
-0.00428016
-0.0045832
-0.00489133
-0.0052035
-0.00551859
-0.00583535
-0.00615245
-0.00646846
-0.00678187
-0.0070911
-0.00739447
-0.00769027
-0.00797674
-0.00825207
-0.00851444
-0.00876202
-0.00899297
-0.00920549
-0.0093978
-0.0095682
-0.00971501
-0.00983669
-0.00993177
-0.00999889
-0.0100369
-0.0100446
-0.0100212
-0.009966
-0.00987849
-0.00975842
-0.00960576
-0.00942077
-0.00920397
-0.00895616
-0.00867842
-0.00837213
-0.00803898
-0.00768092
-0.00730021
-0.00689936
-0.00648118
-0.00604867
-0.00560509
-0.00515387
-0.00469858
-0.00424291
-0.00379063
-0.00334551
-0.0029113
-0.00249163
-0.00209002
-0.00170974
-0.00135381
-0.00102493
-0.000725415
-0.000457152
-0.000221563
-1.95675e-05
0.000148442
0.000282621
0.00038368
0.000452893
0.000492082
0.000503634
0.000490476
0.000456057
0.00040432
0.000339712
0.000267203
0.000192311
0.000121128
6.03507e-05
1.73072e-05
0
0
-1.90387e-06
-1.2871e-05
-3.64861e-05
-7.52102e-05
-0.000130614
-0.000203564
-0.000294399
-0.000403075
-0.000529291
-0.000672581
-0.000832396
-0.00100815
-0.00119927
-0.00140521
-0.00162545
-0.00185953
-0.00210702
-0.0023675
-0.00264057
-0.00292583
-0.00322282
-0.00353107
-0.00385003
-0.00417909
-0.00451753
-0.00486456
-0.00521926
-0.00558061
-0.00594748
-0.00631861
-0.00669264
-0.00706809
-0.00744336
-0.00781678
-0.00818655
-0.00855083
-0.00890766
-0.00925506
-0.00959098
-0.00991334
-0.01022
-0.010509
-0.0107781
-0.0110253
-0.0112486
-0.0114461
-0.0116159
-0.0117562
-0.0118654
-0.011942
-0.0119847
-0.0119922
-0.0119636
-0.0118981
-0.0117952
-0.0116545
-0.0114761
-0.0112603
-0.0110077
-0.0107191
-0.0103958
-0.0100393
-0.00965152
-0.00923468
-0.0087913
-0.00832422
-0.00783659
-0.00733183
-0.00681359
-0.00628579
-0.00575249
-0.00521791
-0.00468636
-0.00416217
-0.00364968
-0.00315311
-0.00267654
-0.00222384
-0.00179857
-0.00140394
-0.00104276
-0.000717328
-0.000429434
-0.000180287
2.9508e-05
0.000199982
0.000331811
0.000426326
0.000485507
0.00051198
0.000509012
0.000480499
0.00043094
0.000365408
0.00028957
0.000209721
0.000132815
6.65048e-05
1.91743e-05
0
0
-3.95312e-06
-2.09585e-05
-5.44523e-05
-0.000106725
-0.000179167
-0.00027246
-0.00038676
-0.000521854
-0.000677281
-0.000852437
-0.00104664
-0.00125921
-0.00148945
-0.00173674
-0.00200049
-0.00228016
-0.00257523
-0.00288523
-0.00320966
-0.00354804
-0.00389981
-0.00426439
-0.0046411
-0.00502919
-0.00542779
-0.00583593
-0.00625251
-0.00667631
-0.00710597
-0.00754001
-0.00797681
-0.00841466
-0.00885169
-0.00928594
-0.00971536
-0.0101378
-0.0105511
-0.0109529
-0.0113408
-0.0117127
-0.012066
-0.0123984
-0.0127076
-0.0129913
-0.0132472
-0.0134732
-0.0136672
-0.0138273
-0.0139517
-0.0140386
-0.0140867
-0.0140945
-0.0140611
-0.0139855
-0.0138672
-0.0137059
-0.0135015
-0.0132544
-0.0129652
-0.012635
-0.0122649
-0.0118569
-0.0114129
-0.0109354
-0.0104272
-0.00989135
-0.00933146
-0.00875129
-0.00815494
-0.00754675
-0.00693131
-0.00631335
-0.00569774
-0.00508941
-0.00449328
-0.00391419
-0.00335686
-0.00282573
-0.00232499
-0.00185841
-0.00142931
-0.00104049
-0.000694145
-0.000391838
-0.000134433
7.79225e-05
0.000245827
0.000370629
0.000454434
0.00050009
0.000511185
0.000492032
0.000447671
0.00038381
0.00030683
0.000223817
0.000142597
7.17815e-05
2.08078e-05
0
0
-6.42489e-06
-3.0595e-05
-7.56743e-05
-0.000143676
-0.000235717
-0.000352218
-0.000493092
-0.000657905
-0.000846001
-0.0010566
-0.00128889
-0.00154203
-0.00181524
-0.0021078
-0.00241903
-0.00274831
-0.00309504
-0.00345867
-0.00383861
-0.00423427
-0.004645
-0.00507008
-0.00550871
-0.00595997
-0.00642284
-0.00689615
-0.00737861
-0.00786877
-0.00836505
-0.00886573
-0.00936894
-0.00987269
-0.0103748
-0.0108732
-0.0113654
-0.011849
-0.0123215
-0.0127803
-0.0132229
-0.0136466
-0.0140487
-0.0144268
-0.014778
-0.0151
-0.0153903
-0.0156464
-0.0158661
-0.0160473
-0.016188
-0.0162864
-0.0163408
-0.0163498
-0.0163123
-0.0162273
-0.0160941
-0.0159124
-0.0156821
-0.0154037
-0.0150778
-0.0147054
-0.014288
-0.0138275
-0.0133261
-0.0127864
-0.0122115
-0.0116048
-0.0109702
-0.0103118
-0.00963412
-0.008942
-0.00824048
-0.00753485
-0.00683054
-0.00613306
-0.00544798
-0.00478076
-0.00413677
-0.00352112
-0.00293863
-0.00239368
-0.00189018
-0.00143148
-0.00102024
-0.000658429
-0.000347242
-8.70531e-05
0.000122603
0.000283051
0.000396479
0.000465929
0.000495291
0.000489279
0.000453444
0.000394127
0.000318432
0.000234246
0.000150276
7.60967e-05
2.21886e-05
0
0
-9.32558e-06
-4.18037e-05
-0.0001002
-0.000186139
-0.000300369
-0.000442971
-0.000613551
-0.000811403
-0.00103563
-0.00128526
-0.0015593
-0.00185677
-0.00217677
-0.00251847
-0.00288109
-0.00326392
-0.0036663
-0.00408756
-0.00452702
-0.004984
-0.00545772
-0.00594732
-0.00645187
-0.00697027
-0.00750132
-0.00804367
-0.00859579
-0.00915604
-0.00972257
-0.0102934
-0.0108665
-0.0114394
-0.0120099
-0.0125755
-0.0131334
-0.0136809
-0.0142154
-0.0147339
-0.0152336
-0.0157115
-0.0161648
-0.0165905
-0.0169859
-0.0173482
-0.0176746
-0.0179626
-0.0182097
-0.0184135
-0.0185721
-0.0186832
-0.0187453
-0.0187567
-0.0187162
-0.0186227
-0.0184754
-0.0182741
-0.0180185
-0.0177092
-0.0173466
-0.0169321
-0.0164671
-0.0159535
-0.0153938
-0.0147908
-0.0141479
-0.0134685
-0.0127571
-0.0120179
-0.011256
-0.0104766
-0.00968534
-0.00888791
-0.00809036
-0.00729883
-0.0065195
-0.00575853
-0.00502194
-0.00431556
-0.00364487
-0.00301494
-0.00243033
-0.00189497
-0.00141208
-0.000984097
-0.0006126
-0.00029826
-4.08013e-05
0.000161023
0.000309437
0.000407643
0.0004598
0.000471011
0.000447315
0.000395673
0.000323909
0.000240718
0.000155698
7.93877e-05
2.33037e-05
0
0
-1.26588e-05
-5.45965e-05
-0.000128051
-0.000234146
-0.000373164
-0.000544765
-0.000748181
-0.000982381
-0.0012462
-0.00153841
-0.00185783
-0.00220333
-0.00257388
-0.0029685
-0.00338635
-0.0038266
-0.00428849
-0.00477126
-0.00527415
-0.00579633
-0.0063369
-0.00689489
-0.00746917
-0.00805849
-0.00866146
-0.00927651
-0.00990191
-0.0105358
-0.011176
-0.0118204
-0.0124665
-0.0131119
-0.0137538
-0.0143894
-0.0150159
-0.0156302
-0.0162293
-0.0168101
-0.0173693
-0.0179038
-0.0184105
-0.0188862
-0.0193279
-0.0197324
-0.020097
-0.0204188
-0.0206951
-0.0209235
-0.0211016
-0.0212272
-0.0212986
-0.0213139
-0.0212717
-0.021171
-0.0210109
-0.020791
-0.020511
-0.0201714
-0.0197729
-0.0193165
-0.018804
-0.0182372
-0.0176189
-0.0169518
-0.0162396
-0.0154863
-0.0146961
-0.0138739
-0.0130252
-0.0121555
-0.0112709
-0.0103777
-0.00948255
-0.00859214
-0.00771333
-0.00685298
-0.00601782
-0.0052144
-0.00444894
-0.00372725
-0.00305457
-0.00243552
-0.00187392
-0.00137275
-0.000934062
-0.000558885
-0.000247201
2.10065e-06
0.000191229
0.000323498
0.000403305
0.000436118
0.000428444
0.000387842
0.000322856
0.000242991
0.000158739
8.16063e-05
2.41443e-05
0
0
-1.6425e-05
-6.89739e-05
-0.000159226
-0.000287687
-0.000454079
-0.000657557
-0.000896913
-0.00117074
-0.00147754
-0.00181584
-0.00218423
-0.00258139
-0.00300615
-0.00345741
-0.00393419
-0.0044356
-0.00496075
-0.00550879
-0.00607884
-0.00666995
-0.0072811
-0.00791115
-0.00855881
-0.00922265
-0.00990108
-0.0105923
-0.0112944
-0.0120052
-0.0127224
-0.0134435
-0.0141658
-0.0148866
-0.0156028
-0.0163115
-0.0170093
-0.017693
-0.0183593
-0.0190048
-0.0196261
-0.0202197
-0.0207821
-0.0213101
-0.0218002
-0.0222493
-0.0226543
-0.023012
-0.0233196
-0.0235745
-0.0237741
-0.0239161
-0.0239986
-0.0240196
-0.0239775
-0.0238713
-0.0236998
-0.0234626
-0.0231596
-0.0227909
-0.0223572
-0.0218598
-0.0213001
-0.0206804
-0.0200032
-0.0192718
-0.0184897
-0.0176611
-0.0167907
-0.0158837
-0.0149457
-0.0139829
-0.0130017
-0.012009
-0.011012
-0.0100181
-0.00903464
-0.00806932
-0.00712959
-0.00622277
-0.00535587
-0.00453546
-0.00376756
-0.00305753
-0.00240987
-0.0018282
-0.00131509
-0.000872033
-0.000499329
-0.000196078
3.9854e-05
0.000211839
0.000324474
0.000383557
0.000396052
0.000370084
0.000314911
0.000240852
0.000159292
8.2714e-05
2.4704e-05
0
0
-2.06219e-05
-8.49245e-05
-0.000193696
-0.000346712
-0.000543032
-0.000781224
-0.00105957
-0.00137624
-0.00172937
-0.00211718
-0.00253802
-0.00299039
-0.00347292
-0.0039844
-0.00452374
-0.00508991
-0.00568193
-0.00629884
-0.00693963
-0.00760324
-0.0082885
-0.0089941
-0.0097186
-0.0104604
-0.0112176
-0.0119883
-0.0127704
-0.0135613
-0.0143585
-0.0151594
-0.0159608
-0.0167599
-0.0175533
-0.0183376
-0.0191094
-0.0198652
-0.0206014
-0.0213142
-0.0219999
-0.022655
-0.0232756
-0.0238582
-0.0243992
-0.0248952
-0.0253427
-0.0257386
-0.0260798
-0.0263634
-0.0265868
-0.0267474
-0.026843
-0.0268717
-0.0268318
-0.0267219
-0.0265409
-0.0262882
-0.0259636
-0.0255672
-0.0250996
-0.0245621
-0.0239562
-0.023284
-0.0225483
-0.0217524
-0.0208999
-0.0199954
-0.0190436
-0.0180502
-0.0170209
-0.0159625
-0.0148818
-0.0137861
-0.0126833
-0.0115812
-0.0104882
-0.00941238
-0.00836214
-0.00734554
-0.00637044
-0.00544425
-0.00457382
-0.00376529
-0.00302398
-0.00235417
-0.0017591
-0.00124076
-0.000799878
-0.000435839
-0.000146653
7.10488e-05
0.000222012
0.000312326
0.000349391
0.000341881
0.00029974
0.000234104
0.000157262
8.26726e-05
2.49778e-05
0
0
-2.52439e-05
-0.000102425
-0.000231411
-0.000411128
-0.000639877
-0.000915559
-0.00123588
-0.00159852
-0.00200123
-0.00244188
-0.00291856
-0.00342954
-0.0039733
-0.00454847
-0.00515381
-0.0057882
-0.00645054
-0.00713975
-0.0078547
-0.00859419
-0.0093569
-0.0101414
-0.010946
-0.0117689
-0.0126081
-0.0134615
-0.0143264
-0.0152005
-0.0160807
-0.0169642
-0.0178476
-0.0187277
-0.0196009
-0.0204636
-0.0213121
-0.0221425
-0.022951
-0.0237336
-0.0244863
-0.0252053
-0.0258866
-0.0265263
-0.0271206
-0.0276658
-0.0281584
-0.028595
-0.0289721
-0.0292869
-0.0295363
-0.0297178
-0.0298289
-0.0298676
-0.029832
-0.0297205
-0.0295321
-0.0292659
-0.0289215
-0.0284991
-0.0279992
-0.0274229
-0.0267718
-0.0260482
-0.0252546
-0.0243944
-0.0234716
-0.0224907
-0.0214568
-0.0203756
-0.0192535
-0.0180972
-0.0169143
-0.0157124
-0.0145
-0.0132856
-0.0120781
-0.0108865
-0.00971992
-0.00858723
-0.00749718
-0.00645808
-0.00547767
-0.00456298
-0.00372018
-0.00295436
-0.00226945
-0.0016681
-0.00115153
-0.000719504
-0.000370257
-0.000100491
9.46263e-05
0.000221431
0.000287722
0.000302716
0.000277011
0.000222557
0.000152557
8.14603e-05
2.49615e-05
0
0
-3.02818e-05
-0.000121442
-0.000272292
-0.000480802
-0.000744411
-0.00106028
-0.00142547
-0.00183712
-0.00229252
-0.00278922
-0.003325
-0.00389789
-0.00450617
-0.00514832
-0.00582297
-0.00652887
-0.00726481
-0.00802958
-0.00882192
-0.00964049
-0.0104838
-0.0113503
-0.0122381
-0.0131452
-0.0140694
-0.0150082
-0.015959
-0.016919
-0.017885
-0.0188537
-0.0198218
-0.0207855
-0.0217412
-0.0226848
-0.0236125
-0.0245201
-0.0254034
-0.0262583
-0.0270805
-0.0278659
-0.0286103
-0.0293095
-0.0299597
-0.0305567
-0.0310969
-0.0315766
-0.0319922
-0.0323406
-0.0326187
-0.0328235
-0.0329526
-0.0330037
-0.0329748
-0.0328642
-0.0326705
-0.032393
-0.032031
-0.0315845
-0.0310541
-0.0304407
-0.0297459
-0.0289718
-0.0281213
-0.0271976
-0.0262048
-0.0251475
-0.024031
-0.0228613
-0.0216449
-0.0203891
-0.0191016
-0.0177907
-0.0164653
-0.0151346
-0.0138081
-0.0124956
-0.0112069
-0.00995196
-0.00874027
-0.00758113
-0.00648324
-0.00545461
-0.00450231
-0.00363235
-0.00284949
-0.00215709
-0.00155699
-0.00104942
-0.000632951
-0.000304427
-5.9002e-05
0.000109852
0.000210293
0.000252055
0.000246384
0.000206017
0.000145081
7.90345e-05
2.46495e-05
0
0
-3.57235e-05
-0.000141926
-0.000316239
-0.000555558
-0.000856372
-0.00121501
-0.00162784
-0.00209141
-0.00260253
-0.00315834
-0.00375631
-0.00439424
-0.00507018
-0.00578246
-0.00652955
-0.00731008
-0.00812271
-0.00896609
-0.00983886
-0.0107395
-0.0116664
-0.0126178
-0.0135916
-0.0145858
-0.0155977
-0.0166248
-0.0176641
-0.0187127
-0.019767
-0.0208236
-0.0218789
-0.0229288
-0.0239693
-0.0249964
-0.0260056
-0.0269928
-0.0279534
-0.028883
-0.0297772
-0.0306315
-0.0314414
-0.0322028
-0.0329113
-0.0335627
-0.034153
-0.0346784
-0.0351351
-0.0355198
-0.035829
-0.0360599
-0.0362095
-0.0362756
-0.0362559
-0.0361486
-0.0359522
-0.0356657
-0.0352883
-0.03482
-0.034261
-0.0336125
-0.0328757
-0.0320528
-0.0311466
-0.0301604
-0.0290983
-0.027965
-0.026766
-0.0255073
-0.0241958
-0.022839
-0.021445
-0.0200227
-0.0185813
-0.0171307
-0.015681
-0.0142427
-0.0128266
-0.0114434
-0.0101035
-0.00881726
-0.00759442
-0.00644399
-0.00537408
-0.0043917
-0.00350252
-0.00271075
-0.00201897
-0.00142798
-0.000936778
-0.00054246
-0.000240242
-2.34731e-05
0.000116316
0.00018934
0.00020749
0.000184267
0.000134727
7.53577e-05
2.40349e-05
0
0
-4.15531e-05
-0.00016382
-0.000363124
-0.000635181
-0.000975438
-0.00137932
-0.00184244
-0.00236069
-0.00293037
-0.00354821
-0.00421132
-0.00491723
-0.0056638
-0.00644916
-0.00727164
-0.00812971
-0.00902192
-0.00994679
-0.0109028
-0.0118883
-0.0129016
-0.0139406
-0.0150032
-0.0160869
-0.0171891
-0.018307
-0.0194374
-0.020577
-0.0217221
-0.022869
-0.0240137
-0.0251522
-0.02628
-0.0273928
-0.028486
-0.0295551
-0.0305953
-0.031602
-0.0325706
-0.0334962
-0.0343742
-0.0352002
-0.0359695
-0.0366778
-0.0373208
-0.0378945
-0.038395
-0.0388185
-0.0391616
-0.0394211
-0.039594
-0.0396777
-0.0396699
-0.0395685
-0.039372
-0.0390789
-0.0386887
-0.0382009
-0.0376158
-0.0369341
-0.0361574
-0.0352876
-0.0343273
-0.03328
-0.0321497
-0.0309412
-0.02966
-0.0283124
-0.0269054
-0.0254467
-0.023945
-0.0224092
-0.0208493
-0.0192756
-0.0176989
-0.0161304
-0.0145818
-0.0130645
-0.0115901
-0.01017
-0.00881477
-0.00753473
-0.00633905
-0.00523583
-0.0042318
-0.00333213
-0.00254022
-0.00185762
-0.00128385
-0.00081636
-0.000450533
-0.00017967
4.94637e-06
0.000113975
0.000159927
0.000157071
0.000121375
7.03833e-05
2.31087e-05
0
0
-4.77515e-05
-0.000187051
-0.000412795
-0.000719417
-0.00110123
-0.0015527
-0.00206859
-0.00264413
-0.00327506
-0.00395765
-0.00468866
-0.00546533
-0.00628529
-0.00714649
-0.00804709
-0.00898543
-0.0099599
-0.0109689
-0.0120108
-0.0130838
-0.0141859
-0.015315
-0.0164688
-0.0176445
-0.0188395
-0.0200505
-0.0212742
-0.022507
-0.0237452
-0.0249846
-0.0262211
-0.0274503
-0.0286675
-0.0298683
-0.0310477
-0.0322009
-0.0333231
-0.0344092
-0.0354544
-0.0364537
-0.0374022
-0.0382951
-0.0391277
-0.0398954
-0.0405937
-0.0412183
-0.0417651
-0.0422301
-0.0426098
-0.0429006
-0.0430994
-0.0432035
-0.0432102
-0.0431174
-0.0429233
-0.0426265
-0.0422259
-0.0417212
-0.0411124
-0.0404001
-0.0395857
-0.0386711
-0.0376587
-0.036552
-0.0353551
-0.0340725
-0.0327101
-0.0312741
-0.0297717
-0.0282109
-0.0266004
-0.0249499
-0.0232694
-0.0215699
-0.0198629
-0.0181603
-0.0164745
-0.0148179
-0.013203
-0.0116422
-0.0101475
-0.00873013
-0.00740055
-0.00616805
-0.00504052
-0.00402421
-0.00312352
-0.00234083
-0.00167633
-0.00112797
-0.000691394
-0.000359941
-0.000124724
2.53068e-05
0.000103254
0.000124155
0.000104883
6.40545e-05
2.1859e-05
0
0
-5.42959e-05
-0.000211536
-0.000465077
-0.000807972
-0.00123332
-0.00173455
-0.00230554
-0.0029408
-0.00363548
-0.00438536
-0.00518683
-0.00603683
-0.00693275
-0.00787232
-0.00885357
-0.00987466
-0.0109339
-0.0120295
-0.0131596
-0.0143224
-0.0155157
-0.0167372
-0.0179843
-0.0192543
-0.0205441
-0.0218504
-0.0231695
-0.0244978
-0.025831
-0.027165
-0.0284952
-0.0298171
-0.0311259
-0.0324166
-0.0336843
-0.0349238
-0.03613
-0.0372977
-0.0384217
-0.0394969
-0.0405182
-0.0414804
-0.0423787
-0.0432082
-0.0439642
-0.0446422
-0.0452378
-0.0457469
-0.0461657
-0.0464905
-0.0467179
-0.0468449
-0.0468689
-0.0467875
-0.0465986
-0.0463007
-0.0458926
-0.0453736
-0.0447438
-0.0440035
-0.043154
-0.0421969
-0.0411348
-0.0399709
-0.0387091
-0.0373543
-0.035912
-0.0343886
-0.0327915
-0.0311287
-0.0294093
-0.027643
-0.0258405
-0.0240133
-0.0221733
-0.0203331
-0.0185059
-0.0167051
-0.0149442
-0.0132365
-0.0115953
-0.0100331
-0.00856167
-0.00719148
-0.00593176
-0.00478996
-0.00377163
-0.00288013
-0.00211647
-0.00147923
-0.000964426
-0.000565571
-0.000273681
-7.73793e-05
3.69873e-05
8.52119e-05
8.50872e-05
5.63041e-05
2.02709e-05
0
0
-6.11604e-05
-0.00023718
-0.000519771
-0.000900516
-0.00137123
-0.00192422
-0.00255246
-0.00324968
-0.00401039
-0.0048299
-0.00570418
-0.00662986
-0.00760407
-0.00862435
-0.00968854
-0.0107947
-0.0119408
-0.0131252
-0.0143457
-0.0156004
-0.016887
-0.0182029
-0.0195455
-0.0209117
-0.0222983
-0.0237017
-0.0251181
-0.0265436
-0.0279737
-0.0294041
-0.03083
-0.0322465
-0.0336487
-0.0350313
-0.0363891
-0.0377168
-0.0390089
-0.0402602
-0.0414651
-0.0426183
-0.0437144
-0.0447481
-0.0457143
-0.0466078
-0.0474239
-0.0481576
-0.0488045
-0.0493602
-0.0498206
-0.0501819
-0.0504405
-0.0505932
-0.0506371
-0.0505696
-0.0503887
-0.0500925
-0.0496796
-0.0491493
-0.0485013
-0.0477358
-0.0468539
-0.0458572
-0.0447479
-0.0435293
-0.0422051
-0.0407801
-0.0392598
-0.0376506
-0.0359599
-0.034196
-0.0323679
-0.0304858
-0.0285606
-0.0266042
-0.0246291
-0.0226485
-0.0206765
-0.0187271
-0.016815
-0.0149547
-0.0131605
-0.0114463
-0.00982514
-0.00830898
-0.00690841
-0.00563224
-0.00448729
-0.00347806
-0.00260656
-0.00187212
-0.00127132
-0.000797928
-0.000442987
-0.000194866
-3.94099e-05
3.99026e-05
6.17984e-05
4.7051e-05
1.83255e-05
0
0
-6.83159e-05
-0.000263877
-0.000576657
-0.000996682
-0.00151441
-0.00212099
-0.00280842
-0.00356963
-0.00439847
-0.00528971
-0.00623893
-0.00724241
-0.00829702
-0.0094001
-0.0105493
-0.0117425
-0.0129776
-0.0142527
-0.0155656
-0.016914
-0.0182957
-0.0197078
-0.0211476
-0.0226117
-0.0240967
-0.025599
-0.0271144
-0.0286387
-0.0301674
-0.0316958
-0.0332189
-0.0347317
-0.0362288
-0.037705
-0.0391547
-0.0405723
-0.0419522
-0.0432888
-0.0445764
-0.0458095
-0.0469823
-0.0480895
-0.0491256
-0.0500853
-0.0509635
-0.0517551
-0.0524555
-0.0530601
-0.0535645
-0.0539647
-0.054257
-0.0544379
-0.0545044
-0.0544536
-0.0542834
-0.0539917
-0.053577
-0.0530382
-0.0523749
-0.0515873
-0.050676
-0.0496425
-0.0484891
-0.0472186
-0.0458347
-0.0443421
-0.0427462
-0.0410534
-0.039271
-0.0374073
-0.0354715
-0.0334741
-0.0314261
-0.0293398
-0.0272282
-0.0251052
-0.0229854
-0.0208839
-0.0188162
-0.016798
-0.0148447
-0.0129717
-0.0111933
-0.00952312
-0.00797316
-0.00655376
-0.00527314
-0.00413713
-0.00314889
-0.0023087
-0.00161382
-0.00105846
-0.00063378
-0.000328001
-0.000126529
-1.21455e-05
3.48024e-05
3.62031e-05
1.60004e-05
0
0
-7.573e-05
-0.00029151
-0.000635491
-0.00109607
-0.0016623
-0.00232409
-0.00307245
-0.00389944
-0.00479826
-0.00576312
-0.00678916
-0.00787233
-0.00900922
-0.0101969
-0.0114329
-0.012715
-0.0140408
-0.0154083
-0.0168152
-0.0182591
-0.0197374
-0.0212473
-0.0227857
-0.0243492
-0.0259342
-0.0275366
-0.0291524
-0.030777
-0.0324057
-0.0340334
-0.0356552
-0.0372656
-0.0388592
-0.0404303
-0.0419733
-0.0434823
-0.0449515
-0.046375
-0.047747
-0.0490615
-0.0503129
-0.0514952
-0.052603
-0.0536307
-0.0545729
-0.0554245
-0.0561804
-0.056836
-0.0573866
-0.057828
-0.0581563
-0.0583678
-0.0584594
-0.058428
-0.0582712
-0.0579868
-0.0575731
-0.0570288
-0.0563534
-0.0555466
-0.0546092
-0.0535423
-0.0523478
-0.0510286
-0.0495883
-0.0480311
-0.0463625
-0.0445886
-0.0427169
-0.0407555
-0.0387139
-0.0366022
-0.0344321
-0.032216
-0.0299674
-0.0277007
-0.025431
-0.0231745
-0.0209474
-0.0187665
-0.0166488
-0.0146106
-0.012668
-0.0108361
-0.00912841
-0.00755703
-0.00613172
-0.00485981
-0.00374578
-0.00279104
-0.00199374
-0.00134867
-0.000847269
-0.000477701
-0.000225018
-7.13494e-05
3.86602e-06
2.36541e-05
1.32694e-05
0
0
-8.33678e-05
-0.000319954
-0.000696013
-0.00119826
-0.00181426
-0.00253269
-0.00334347
-0.00423784
-0.00520825
-0.00624836
-0.00735287
-0.00851736
-0.00973814
-0.0110121
-0.0123365
-0.0137088
-0.0151269
-0.0165882
-0.0180905
-0.0196312
-0.0212075
-0.0228164
-0.0244547
-0.0261189
-0.027805
-0.0295088
-0.0312261
-0.0329521
-0.0346818
-0.0364102
-0.0381317
-0.0398409
-0.0415321
-0.0431994
-0.0448368
-0.0464385
-0.0479982
-0.0495099
-0.0509675
-0.0523649
-0.0536961
-0.0549552
-0.0561362
-0.0572335
-0.0582414
-0.0591546
-0.0599679
-0.0606763
-0.061275
-0.0617597
-0.0621262
-0.0623707
-0.0624897
-0.0624801
-0.0623393
-0.062065
-0.0616552
-0.0611085
-0.060424
-0.0596015
-0.0586412
-0.0575443
-0.0563124
-0.054948
-0.0534546
-0.0518364
-0.0500984
-0.0482468
-0.0462888
-0.0442325
-0.0420872
-0.0398634
-0.0375727
-0.0352276
-0.0328422
-0.0304312
-0.0280105
-0.0255967
-0.0232073
-0.02086
-0.0185729
-0.0163639
-0.0142506
-0.0122495
-0.0103762
-0.00864429
-0.00706538
-0.00564843
-0.00439947
-0.00332123
-0.00241293
-0.00167014
-0.00108472
-0.000644938
-0.000335571
-0.000138163
-3.12665e-05
9.28671e-06
1.01028e-05
0
0
-9.11916e-05
-0.000349073
-0.000757944
-0.00130278
-0.00196963
-0.00274589
-0.00362038
-0.00458345
-0.00562682
-0.00674358
-0.00792794
-0.00917513
-0.0104812
-0.0118427
-0.0132567
-0.0147207
-0.0162321
-0.0177885
-0.0193873
-0.0210259
-0.0227012
-0.0244102
-0.0261494
-0.0279151
-0.0297032
-0.0315094
-0.0333291
-0.0351574
-0.036989
-0.0388187
-0.0406409
-0.0424498
-0.0442394
-0.0460037
-0.0477366
-0.0494318
-0.051083
-0.052684
-0.0542282
-0.0557096
-0.0571218
-0.0584587
-0.0597141
-0.0608823
-0.0619573
-0.0629335
-0.0638057
-0.0645685
-0.0652172
-0.065747
-0.0661536
-0.0664331
-0.0665818
-0.0665965
-0.0664743
-0.0662127
-0.0658096
-0.0652635
-0.0645731
-0.0637381
-0.0627586
-0.0616352
-0.0603696
-0.058964
-0.0574215
-0.055746
-0.0539426
-0.052017
-0.0499762
-0.0478284
-0.0455826
-0.0432493
-0.0408401
-0.0383679
-0.0358468
-0.0332919
-0.0307198
-0.0281476
-0.0255937
-0.0230768
-0.0206164
-0.0182316
-0.0159416
-0.0137647
-0.0117181
-0.00981746
-0.00807621
-0.00650518
-0.00511211
-0.00390129
-0.00287322
-0.00202444
-0.00134745
-0.00083073
-0.000458929
-0.000213076
-7.08775e-05
-7.02592e-06
6.46788e-06
0
0
-9.91614e-05
-0.000378724
-0.000820989
-0.00140915
-0.00212773
-0.00296277
-0.00390201
-0.00493485
-0.0060523
-0.00724682
-0.00851216
-0.00984316
-0.0112355
-0.0126856
-0.0141904
-0.015747
-0.0173528
-0.0190051
-0.0207013
-0.0224385
-0.0242137
-0.0260235
-0.0278643
-0.0297322
-0.031623
-0.0335321
-0.0354548
-0.0373859
-0.0393201
-0.0412517
-0.0431751
-0.0450842
-0.0469728
-0.0488348
-0.0506637
-0.0524531
-0.0541965
-0.0558873
-0.0575189
-0.059085
-0.060579
-0.0619945
-0.0633253
-0.0645653
-0.0657084
-0.0667488
-0.0676811
-0.0684997
-0.0691997
-0.0697762
-0.0702247
-0.0705411
-0.0707215
-0.0707626
-0.0706613
-0.070415
-0.0700215
-0.0694789
-0.0687859
-0.0679419
-0.0669466
-0.0658007
-0.0645053
-0.0630625
-0.0614751
-0.0597467
-0.0578821
-0.0558868
-0.0537675
-0.0515321
-0.0491896
-0.0467503
-0.0442258
-0.041629
-0.0389741
-0.0362767
-0.0335536
-0.0308227
-0.0281031
-0.0254146
-0.0227776
-0.0202129
-0.017741
-0.015382
-0.0131552
-0.011078
-0.00916602
-0.00743202
-0.00588573
-0.00453319
-0.00337643
-0.00241319
-0.00163679
-0.00103613
-0.000595869
-0.000296609
-0.00011527
-2.54208e-05
2.32852e-06
0
0
-0.000107235
-0.000408757
-0.00088484
-0.00151688
-0.00228782
-0.00318237
-0.00418713
-0.00529058
-0.00648295
-0.00775609
-0.00910326
-0.0105189
-0.0119984
-0.013538
-0.0151342
-0.0167841
-0.0184849
-0.0202338
-0.0220279
-0.0238644
-0.0257398
-0.0276509
-0.0295937
-0.0315642
-0.033558
-0.0355704
-0.0375964
-0.0396306
-0.0416676
-0.0437014
-0.0457263
-0.0477358
-0.0497238
-0.0516837
-0.0536089
-0.0554928
-0.0573286
-0.0591095
-0.060829
-0.0624801
-0.0640563
-0.065551
-0.0669577
-0.0682701
-0.069482
-0.0705874
-0.0715806
-0.0724561
-0.0732086
-0.0738331
-0.0743249
-0.0746798
-0.0748938
-0.0749633
-0.0748852
-0.0746567
-0.0742754
-0.0737393
-0.0730468
-0.0721972
-0.0711899
-0.0700253
-0.0687043
-0.0672286
-0.0656008
-0.0638242
-0.0619031
-0.0598428
-0.0576498
-0.0553315
-0.0528967
-0.0503556
-0.0477196
-0.0450016
-0.0422159
-0.0393782
-0.0365057
-0.0336168
-0.0307313
-0.0278699
-0.0250541
-0.0223061
-0.0196479
-0.0171016
-0.014688
-0.012427
-0.0103362
-0.00843063
-0.00672213
-0.00521875
-0.0039243
-0.00283795
-0.00195408
-0.00126222
-0.000747192
-0.000389305
-0.000164764
-4.60473e-05
-2.35423e-06
0
0
-0.00011537
-0.000439018
-0.00094918
-0.00162544
-0.00244916
-0.00340369
-0.0044745
-0.00564911
-0.00691697
-0.00826931
-0.00969889
-0.0111997
-0.012767
-0.0143964
-0.0160846
-0.0178282
-0.0196244
-0.0214702
-0.0233626
-0.0252985
-0.0272745
-0.029287
-0.0313319
-0.0334051
-0.035502
-0.0376177
-0.0397469
-0.0418843
-0.044024
-0.04616
-0.0482862
-0.0503962
-0.0524834
-0.0545411
-0.0565626
-0.0585408
-0.060469
-0.0623402
-0.0641474
-0.0658836
-0.0675421
-0.0691161
-0.0705989
-0.071984
-0.073265
-0.0744359
-0.0754906
-0.0764236
-0.0772294
-0.0779029
-0.0784392
-0.078834
-0.0790832
-0.0791829
-0.07913
-0.0789216
-0.078555
-0.0780282
-0.0773395
-0.0764876
-0.075472
-0.0742928
-0.0729504
-0.0714464
-0.069783
-0.0679631
-0.0659906
-0.0638706
-0.061609
-0.059213
-0.0566911
-0.0540532
-0.0513104
-0.0484754
-0.0455626
-0.0425878
-0.0395684
-0.0365232
-0.0334726
-0.0304381
-0.0274423
-0.0245086
-0.0216608
-0.0189224
-0.0163165
-0.013865
-0.0115878
-0.00950234
-0.00762288
-0.00595964
-0.00451846
-0.00330023
-0.00230064
-0.00151008
-0.000913715
-0.000491726
-0.000219697
-6.90626e-05
-7.62193e-06
0
0
-0.00012352
-0.000469346
-0.00101368
-0.0017343
-0.00261098
-0.00362572
-0.00476283
-0.00600887
-0.00735253
-0.00878438
-0.0102967
-0.011883
-0.0135382
-0.0152578
-0.017038
-0.0188756
-0.0207673
-0.0227101
-0.0247007
-0.0267361
-0.0288125
-0.0309262
-0.0330731
-0.0352488
-0.0374485
-0.0396672
-0.0418994
-0.0441395
-0.0463816
-0.0486194
-0.0508466
-0.0530566
-0.0552426
-0.0573978
-0.059515
-0.0615873
-0.0636075
-0.0655685
-0.067463
-0.0692841
-0.0710246
-0.0726776
-0.0742363
-0.075694
-0.0770441
-0.0782805
-0.079397
-0.0803878
-0.0812474
-0.0819706
-0.0825523
-0.0829881
-0.0832737
-0.0834053
-0.0833795
-0.0831932
-0.0828439
-0.0823291
-0.0816471
-0.0807964
-0.0797762
-0.0785863
-0.077227
-0.0756994
-0.0740052
-0.0721472
-0.0701289
-0.0679547
-0.0656302
-0.0631624
-0.0605591
-0.0578299
-0.0549856
-0.0520388
-0.0490037
-0.0458959
-0.042733
-0.0395342
-0.0363203
-0.0331136
-0.0299377
-0.0268171
-0.023777
-0.0208428
-0.0180397
-0.0153917
-0.0129212
-0.0106481
-0.00858924
-0.0067573
-0.00516042
-0.00380147
-0.00267775
-0.00178077
-0.00109626
-0.000604443
-0.000280413
-9.46305e-05
-1.35185e-05
0
0
-0.000131641
-0.000499578
-0.00107801
-0.00184291
-0.00277249
-0.00384741
-0.00505081
-0.00636831
-0.00778778
-0.00929916
-0.0108942
-0.012566
-0.0143091
-0.0161188
-0.0179911
-0.0199224
-0.0219094
-0.0239489
-0.0260376
-0.028172
-0.0303484
-0.032563
-0.0348114
-0.037089
-0.039391
-0.041712
-0.0440466
-0.0463888
-0.0487326
-0.0510715
-0.053399
-0.0557083
-0.0579924
-0.0602442
-0.0624565
-0.064622
-0.0667334
-0.0687834
-0.0707646
-0.0726698
-0.0744916
-0.0762231
-0.0778571
-0.0793869
-0.0808058
-0.0821074
-0.0832855
-0.0843342
-0.0852478
-0.086021
-0.0866487
-0.0871263
-0.0874495
-0.0876142
-0.0876171
-0.0874549
-0.0871249
-0.0866248
-0.0859524
-0.0851062
-0.0840851
-0.0828886
-0.0815167
-0.0799702
-0.0782505
-0.0763599
-0.0743013
-0.0720789
-0.0696978
-0.0671642
-0.0644859
-0.0616716
-0.0587321
-0.0556793
-0.0525273
-0.0492916
-0.0459897
-0.0426411
-0.0392669
-0.0358899
-0.0325347
-0.0292269
-0.0259931
-0.0228605
-0.0198562
-0.0170065
-0.0143364
-0.0118684
-0.00962213
-0.00761291
-0.00585147
-0.00434298
-0.00308663
-0.00207531
-0.00129563
-0.000728027
-0.000347262
-0.000122919
-2.00897e-05
0
0
-0.000139685
-0.000529552
-0.00114182
-0.00195073
-0.00293292
-0.00406772
-0.00533713
-0.00672581
-0.00822083
-0.00981148
-0.0114889
-0.013246
-0.0150767
-0.0169762
-0.0189401
-0.0209647
-0.0230466
-0.0251823
-0.0273683
-0.0296012
-0.031877
-0.0341917
-0.0365407
-0.0389195
-0.0413229
-0.0437454
-0.0461814
-0.0486248
-0.0510693
-0.0535082
-0.055935
-0.0583424
-0.0607235
-0.0630708
-0.065377
-0.0676347
-0.0698362
-0.0719742
-0.0740409
-0.0760291
-0.0779312
-0.0797401
-0.0814486
-0.0830497
-0.0845366
-0.0859028
-0.0871421
-0.0882483
-0.0892157
-0.090039
-0.0907129
-0.0912328
-0.0915943
-0.0917933
-0.0918262
-0.0916898
-0.0913813
-0.0908981
-0.0902382
-0.0893996
-0.0883812
-0.0871821
-0.0858021
-0.0842415
-0.0825015
-0.0805838
-0.0784909
-0.0762266
-0.0737953
-0.0712027
-0.068456
-0.0655637
-0.0625356
-0.0593835
-0.0561209
-0.0527632
-0.0493278
-0.0458341
-0.0423035
-0.0387594
-0.0352268
-0.0317326
-0.0283048
-0.0249721
-0.0217636
-0.018708
-0.0158328
-0.0131634
-0.0107221
-0.00852735
-0.00659271
-0.00492592
-0.00352837
-0.0023947
-0.00151261
-0.000863044
-0.000420594
-0.000154099
-2.73826e-05
0
0
-0.000147608
-0.000559103
-0.0012048
-0.0020572
-0.00309147
-0.0042856
-0.00562048
-0.00707978
-0.00864982
-0.0103192
-0.0120786
-0.0139203
-0.015838
-0.0178266
-0.0198815
-0.0219987
-0.0241746
-0.0264057
-0.0286883
-0.0310187
-0.0333929
-0.0358066
-0.0382553
-0.0407341
-0.0432377
-0.0457605
-0.0482967
-0.0508399
-0.0533837
-0.0559214
-0.0584459
-0.0609502
-0.0634267
-0.0658682
-0.0682669
-0.0706152
-0.0729054
-0.0751297
-0.0772806
-0.0793504
-0.0813315
-0.0832165
-0.0849981
-0.0866693
-0.0882232
-0.0896531
-0.0909526
-0.0921157
-0.0931365
-0.0940096
-0.0947297
-0.0952921
-0.0956924
-0.0959264
-0.0959905
-0.0958814
-0.0955961
-0.0951322
-0.0944873
-0.0936594
-0.0926471
-0.0914493
-0.0900655
-0.0884957
-0.0867406
-0.0848015
-0.0826805
-0.0803806
-0.0779058
-0.0752614
-0.0724536
-0.0694904
-0.0663812
-0.063137
-0.059771
-0.0562982
-0.0527356
-0.0491025
-0.0454205
-0.0417133
-0.0380066
-0.034328
-0.0307069
-0.0271735
-0.0237589
-0.0204941
-0.0174091
-0.0145323
-0.0118892
-0.00950116
-0.00738497
-0.00555126
-0.00400399
-0.00273984
-0.00174795
-0.00101004
-0.000500758
-0.00018834
-3.54448e-05
0
0
-0.000155363
-0.000588068
-0.00126659
-0.00216179
-0.00324736
-0.00450001
-0.00589952
-0.00742864
-0.00907285
-0.0108201
-0.0126606
-0.0145861
-0.01659
-0.0186667
-0.0208116
-0.0230205
-0.0252895
-0.0276148
-0.0299928
-0.0324195
-0.0348908
-0.0374023
-0.0399492
-0.0425266
-0.045129
-0.0477505
-0.0503852
-0.0530267
-0.0556683
-0.0583029
-0.0609236
-0.0635229
-0.0660932
-0.0686269
-0.0711163
-0.0735534
-0.0759304
-0.0782395
-0.0804727
-0.0826223
-0.0846806
-0.0866401
-0.0884933
-0.0902331
-0.0918525
-0.0933447
-0.0947034
-0.0959224
-0.0969958
-0.0979181
-0.0986842
-0.0992891
-0.0997283
-0.0999979
-0.100094
-0.100013
-0.099753
-0.0993102
-0.0986827
-0.0978683
-0.0968654
-0.0956728
-0.0942895
-0.0927152
-0.0909502
-0.0889954
-0.0868524
-0.0845236
-0.0820124
-0.0793233
-0.0764621
-0.0734359
-0.0702534
-0.0669252
-0.0634636
-0.0598831
-0.0562005
-0.0524348
-0.0486074
-0.0447423
-0.0408657
-0.0370059
-0.0331933
-0.0294598
-0.0258382
-0.0223619
-0.0190635
-0.0159743
-0.013123
-0.0105345
-0.00822879
-0.00621978
-0.00451434
-0.00311155
-0.00200236
-0.00116955
-0.000588091
-0.000225811
-4.43241e-05
0
0
-0.000162906
-0.000616286
-0.00132687
-0.00226395
-0.00339981
-0.00470991
-0.00617297
-0.0077708
-0.00948809
-0.0113122
-0.0132325
-0.0152407
-0.0173296
-0.0194934
-0.0217271
-0.0240263
-0.026387
-0.0288052
-0.0312771
-0.0337986
-0.0363655
-0.0389731
-0.0416166
-0.0442908
-0.0469902
-0.0497087
-0.0524401
-0.0551779
-0.0579152
-0.0606449
-0.0633596
-0.0660519
-0.0687139
-0.0713378
-0.0739157
-0.0764396
-0.0789013
-0.0812929
-0.0836064
-0.0858337
-0.0879672
-0.0899992
-0.0919221
-0.0937286
-0.0954119
-0.0969649
-0.0983814
-0.099655
-0.10078
-0.101751
-0.102562
-0.103209
-0.103687
-0.103993
-0.104121
-0.10407
-0.103836
-0.103416
-0.102808
-0.10201
-0.10102
-0.0998356
-0.0984569
-0.0968828
-0.0951131
-0.0931483
-0.0909895
-0.0886384
-0.0860979
-0.0833718
-0.0804649
-0.0773839
-0.0741365
-0.0707326
-0.0671838
-0.063504
-0.0597094
-0.0558186
-0.0518529
-0.0478361
-0.0437949
-0.0397581
-0.0357571
-0.0318252
-0.027997
-0.0243079
-0.0207934
-0.0174877
-0.0144228
-0.0116271
-0.0091244
-0.00693202
-0.0050601
-0.00351054
-0.00227646
-0.00134206
-0.000682918
-0.000266679
-5.40681e-05
0
0
-0.000170194
-0.000643603
-0.00138532
-0.00236316
-0.00354805
-0.0049143
-0.00643955
-0.00810471
-0.00989371
-0.0117932
-0.0137921
-0.0158815
-0.018054
-0.0203033
-0.0226243
-0.0250123
-0.0274631
-0.0299725
-0.0325366
-0.0351512
-0.0378117
-0.0405136
-0.0432518
-0.0460208
-0.048815
-0.0516283
-0.0544543
-0.0572862
-0.060117
-0.0629395
-0.065746
-0.0685288
-0.0712802
-0.0739919
-0.0766559
-0.0792641
-0.0818081
-0.0842799
-0.0866711
-0.0889739
-0.0911803
-0.0932825
-0.0952729
-0.0971441
-0.0988892
-0.100501
-0.101974
-0.1033
-0.104476
-0.105493
-0.106349
-0.107038
-0.107555
-0.107896
-0.108057
-0.108036
-0.107829
-0.107434
-0.106848
-0.106068
-0.105093
-0.103921
-0.102551
-0.100982
-0.0992123
-0.0972432
-0.0950746
-0.092708
-0.0901453
-0.0873897
-0.0844454
-0.0813179
-0.0780144
-0.0745436
-0.0709167
-0.0671465
-0.0632486
-0.0592411
-0.0551449
-0.0509838
-0.0467843
-0.0425759
-0.0383907
-0.0342633
-0.0302298
-0.026328
-0.0225957
-0.0190702
-0.0157871
-0.0127784
-0.0100717
-0.00768825
-0.00564178
-0.00393741
-0.00257083
-0.00152803
-0.000785548
-0.000311103
-6.47238e-05
0
0
-0.000177183
-0.000669868
-0.00144163
-0.0024589
-0.00369137
-0.00511219
-0.00669801
-0.00842887
-0.0102879
-0.0122611
-0.014337
-0.0165059
-0.0187602
-0.0210934
-0.0234999
-0.0259748
-0.0285138
-0.0311126
-0.0337669
-0.0364724
-0.0392246
-0.0420185
-0.0448491
-0.0477106
-0.0505974
-0.0535031
-0.0564212
-0.0593448
-0.0622665
-0.0651791
-0.0680748
-0.0709456
-0.0737836
-0.0765805
-0.0793279
-0.0820177
-0.0846413
-0.0871905
-0.089657
-0.0920326
-0.0943093
-0.0964792
-0.0985347
-0.100468
-0.102273
-0.103942
-0.105468
-0.106847
-0.10807
-0.109134
-0.110033
-0.110762
-0.111317
-0.111694
-0.111889
-0.111898
-0.111719
-0.11135
-0.110787
-0.110028
-0.109071
-0.107914
-0.106556
-0.104996
-0.103232
-0.101263
-0.0990913
-0.0967157
-0.094138
-0.0913607
-0.088387
-0.0852217
-0.081871
-0.0783427
-0.0746469
-0.0707958
-0.066804
-0.062689
-0.0584711
-0.0541736
-0.0498233
-0.0454497
-0.0410857
-0.0367667
-0.0325307
-0.0284171
-0.0244665
-0.0207192
-0.0172141
-0.0139873
-0.0110702
-0.00848848
-0.0062597
-0.00439262
-0.00288593
-0.00172787
-0.000896266
-0.000359234
-7.63367e-05
0
0
-0.000183836
-0.000694938
-0.0014955
-0.00255069
-0.00382903
-0.00530262
-0.00694716
-0.00874181
-0.010669
-0.012714
-0.0148648
-0.0171114
-0.0194456
-0.0218605
-0.0243505
-0.0269103
-0.0295354
-0.0322213
-0.0349635
-0.0377577
-0.0405991
-0.0434827
-0.0464031
-0.0493546
-0.0523314
-0.0553268
-0.0583343
-0.0613467
-0.0643566
-0.0673565
-0.0703385
-0.0732944
-0.0762161
-0.0790952
-0.0819231
-0.0846915
-0.0873919
-0.0900156
-0.0925544
-0.095
-0.0973442
-0.0995791
-0.101697
-0.103691
-0.105552
-0.107276
-0.108854
-0.110282
-0.111552
-0.112661
-0.113601
-0.11437
-0.114962
-0.115374
-0.115602
-0.115642
-0.115492
-0.115149
-0.114611
-0.113874
-0.112938
-0.1118
-0.110457
-0.10891
-0.107155
-0.105194
-0.103024
-0.100645
-0.0980599
-0.0952685
-0.0922737
-0.0890792
-0.0856904
-0.0821142
-0.0783593
-0.0744372
-0.0703614
-0.0661486
-0.0618184
-0.0573937
-0.0529009
-0.0483696
-0.0438331
-0.0393278
-0.0348928
-0.0305697
-0.0264014
-0.0224311
-0.0187014
-0.0152521
-0.0121192
-0.00933242
-0.00691393
-0.00487646
-0.00322216
-0.00194193
-0.00101533
-0.000411216
-8.89509e-05
0
0
-0.000190113
-0.000718676
-0.00154665
-0.00263806
-0.00396037
-0.0054847
-0.00718583
-0.00904212
-0.0110352
-0.0131499
-0.0153735
-0.0176954
-0.0201073
-0.0226018
-0.0251729
-0.0278153
-0.030524
-0.0332946
-0.0361223
-0.0390026
-0.0419305
-0.044901
-0.0479085
-0.0509473
-0.0540111
-0.0570934
-0.0601872
-0.0632855
-0.0663806
-0.0694647
-0.0725298
-0.0755677
-0.07857
-0.081528
-0.0844334
-0.0872773
-0.0900511
-0.0927463
-0.0953544
-0.0978669
-0.100276
-0.102573
-0.10475
-0.106801
-0.108717
-0.110493
-0.112121
-0.113596
-0.114911
-0.116062
-0.117043
-0.11785
-0.118479
-0.118925
-0.119185
-0.119256
-0.119135
-0.11882
-0.118307
-0.117595
-0.116681
-0.115564
-0.11424
-0.11271
-0.110969
-0.109019
-0.106856
-0.104482
-0.101895
-0.0990975
-0.0960897
-0.0928748
-0.0894572
-0.0858425
-0.0820387
-0.0780558
-0.0739064
-0.0696062
-0.0651739
-0.0606317
-0.0560055
-0.0513249
-0.0466234
-0.041938
-0.037309
-0.0327798
-0.0283954
-0.0242022
-0.0202461
-0.016571
-0.0132173
-0.0102195
-0.00760436
-0.00538909
-0.00357979
-0.00217051
-0.00114298
-0.000467181
-0.000102608
0
0
-0.000195982
-0.000740957
-0.00159482
-0.00272058
-0.00408475
-0.00565755
-0.00741292
-0.00932845
-0.0113851
-0.013567
-0.0158608
-0.0182558
-0.0207428
-0.0233143
-0.025964
-0.0286863
-0.0314762
-0.0343287
-0.0372391
-0.0402027
-0.0432143
-0.0462688
-0.0493604
-0.0524833
-0.0556311
-0.058797
-0.0619741
-0.065155
-0.0683319
-0.0714969
-0.0746419
-0.0777584
-0.0808379
-0.0838716
-0.0868509
-0.089767
-0.0926111
-0.0953744
-0.0980485
-0.100625
-0.103095
-0.105451
-0.107685
-0.10979
-0.111759
-0.113584
-0.115259
-0.116779
-0.118137
-0.119329
-0.120348
-0.121192
-0.121856
-0.122336
-0.122628
-0.12273
-0.122638
-0.122351
-0.121865
-0.121178
-0.120289
-0.119194
-0.117893
-0.116382
-0.11466
-0.112725
-0.110576
-0.108211
-0.10563
-0.102833
-0.0998201
-0.0965935
-0.0931562
-0.0895129
-0.0856702
-0.081637
-0.0774248
-0.0730479
-0.0685242
-0.0638749
-0.0591253
-0.0543047
-0.0494466
-0.0445883
-0.0397714
-0.0350405
-0.030443
-0.026028
-0.0218448
-0.0179416
-0.0143631
-0.0111488
-0.0083306
-0.00593048
-0.00395899
-0.00241382
-0.00127939
-0.000527247
-0.000117348
0
0
-0.00020141
-0.000761666
-0.00163976
-0.00279783
-0.00420157
-0.00582037
-0.00762741
-0.00959954
-0.0117171
-0.0139635
-0.0163249
-0.0187901
-0.0213495
-0.0239954
-0.026721
-0.0295204
-0.0323884
-0.0353199
-0.0383101
-0.0413539
-0.0444461
-0.0475814
-0.050754
-0.0539577
-0.0571861
-0.0604324
-0.0636893
-0.0669493
-0.0702045
-0.073447
-0.0766683
-0.0798598
-0.0830129
-0.0861188
-0.0891686
-0.0921533
-0.0950642
-0.0978923
-0.100629
-0.103266
-0.105794
-0.108206
-0.110494
-0.11265
-0.114668
-0.11654
-0.11826
-0.119822
-0.121221
-0.122451
-0.123508
-0.124388
-0.125085
-0.125597
-0.125921
-0.126053
-0.12599
-0.125731
-0.125273
-0.124613
-0.12375
-0.12268
-0.121403
-0.119915
-0.118215
-0.1163
-0.114169
-0.11182
-0.109251
-0.106461
-0.103451
-0.100221
-0.0967731
-0.0931108
-0.0892394
-0.0851666
-0.0809024
-0.07646
-0.071856
-0.0671106
-0.0622483
-0.0572978
-0.0522923
-0.0472696
-0.0422718
-0.0373448
-0.0325382
-0.0279036
-0.0234938
-0.019361
-0.0155546
-0.0121192
-0.00909204
-0.00650044
-0.00435981
-0.00267204
-0.00142475
-0.000591519
-0.000133207
0
0
-0.000206369
-0.000780697
-0.00168124
-0.00286945
-0.00431027
-0.00597241
-0.00782833
-0.00985421
-0.0120297
-0.0143377
-0.0167638
-0.0192963
-0.0219253
-0.0246424
-0.0274408
-0.0303143
-0.0332574
-0.0362648
-0.0393315
-0.0424523
-0.0456218
-0.0488346
-0.0520846
-0.0553657
-0.0586712
-0.0619942
-0.0653273
-0.0686628
-0.0719928
-0.0753089
-0.0786028
-0.0818657
-0.0850888
-0.0882631
-0.0913797
-0.0944295
-0.0974035
-0.100293
-0.103089
-0.105782
-0.108366
-0.110831
-0.113169
-0.115374
-0.117437
-0.119354
-0.121116
-0.122718
-0.124156
-0.125423
-0.126515
-0.127428
-0.128158
-0.128702
-0.129056
-0.129217
-0.129184
-0.128953
-0.128522
-0.12789
-0.127054
-0.126011
-0.12476
-0.123299
-0.121624
-0.119733
-0.117624
-0.115296
-0.112744
-0.109969
-0.106969
-0.103744
-0.100294
-0.0966224
-0.0927325
-0.0886307
-0.0843256
-0.0798291
-0.0751563
-0.0703263
-0.0653625
-0.0602929
-0.0551502
-0.0499722
-0.0448014
-0.0396851
-0.0346745
-0.0298236
-0.0251887
-0.0208259
-0.0167894
-0.0131291
-0.00988783
-0.00709857
-0.00478217
-0.00294524
-0.00157916
-0.000660086
-0.000150217
0
0
-0.000210835
-0.00079796
-0.00171909
-0.0029351
-0.00441037
-0.00611299
-0.0080148
-0.0100914
-0.0123217
-0.0146882
-0.0171759
-0.0197725
-0.0224677
-0.025253
-0.028121
-0.0310654
-0.0340802
-0.0371602
-0.0403
-0.0434943
-0.0467376
-0.0500242
-0.0533481
-0.0567029
-0.0600818
-0.0634777
-0.0668832
-0.0702904
-0.0736912
-0.0770773
-0.0804399
-0.0837703
-0.0870596
-0.0902985
-0.0934781
-0.0965892
-0.0996227
-0.10257
-0.105421
-0.108168
-0.110803
-0.113318
-0.115704
-0.117954
-0.120061
-0.122018
-0.12382
-0.12546
-0.126934
-0.128236
-0.129361
-0.130306
-0.131067
-0.131641
-0.132025
-0.132216
-0.132211
-0.132008
-0.131606
-0.131002
-0.130193
-0.129179
-0.127957
-0.126523
-0.124876
-0.123013
-0.120931
-0.118628
-0.1161
-0.113346
-0.110363
-0.10715
-0.103707
-0.100035
-0.0961365
-0.0920162
-0.0876814
-0.0831421
-0.0784123
-0.0735095
-0.0684559
-0.0632785
-0.0580094
-0.0526861
-0.0473515
-0.0420535
-0.0368449
-0.0317824
-0.0269249
-0.0223328
-0.018065
-0.0141768
-0.0107169
-0.00772432
-0.00522587
-0.00323342
-0.0017427
-0.000733019
-0.000168409
0
0
-0.000214787
-0.000813375
-0.00175311
-0.00299448
-0.00450141
-0.00624149
-0.00818601
-0.01031
-0.0125919
-0.0150134
-0.0175593
-0.0202167
-0.0229749
-0.0258249
-0.0287591
-0.0317708
-0.034854
-0.0380029
-0.0412123
-0.0444764
-0.0477898
-0.0511466
-0.0545405
-0.0579651
-0.0614136
-0.0648785
-0.0683525
-0.0718274
-0.0752951
-0.078747
-0.0821744
-0.0855683
-0.0889198
-0.0922195
-0.0954582
-0.0986268
-0.101716
-0.104717
-0.10762
-0.110418
-0.113101
-0.115661
-0.118092
-0.120384
-0.122532
-0.124528
-0.126367
-0.128043
-0.12955
-0.130884
-0.132041
-0.133017
-0.133808
-0.134411
-0.134823
-0.135042
-0.135065
-0.134891
-0.134516
-0.133941
-0.133162
-0.132177
-0.130984
-0.129581
-0.127965
-0.126133
-0.124081
-0.121807
-0.119308
-0.11658
-0.113621
-0.110428
-0.107
-0.103337
-0.0994391
-0.0953107
-0.0909571
-0.0863866
-0.0816116
-0.0766481
-0.0715167
-0.0662434
-0.0608594
-0.0554015
-0.0499128
-0.0444418
-0.0390425
-0.0337737
-0.0286974
-0.0238777
-0.0193784
-0.0152601
-0.0115778
-0.00837694
-0.00569057
-0.00353649
-0.00191541
-0.000810371
-0.000187807
0
0
-0.000218208
-0.000826876
-0.00178317
-0.00304735
-0.00458302
-0.00635737
-0.00834126
-0.0105092
-0.0128391
-0.0153122
-0.0179127
-0.0206273
-0.0234449
-0.0263561
-0.0293528
-0.0324283
-0.035576
-0.0387903
-0.0420653
-0.0453955
-0.0487751
-0.0521981
-0.0556582
-0.0591486
-0.0626625
-0.0661925
-0.0697308
-0.0732693
-0.0767997
-0.0803134
-0.0838015
-0.087255
-0.0906646
-0.094021
-0.097315
-0.100537
-0.103678
-0.106729
-0.109681
-0.112526
-0.115253
-0.117857
-0.120328
-0.12266
-0.124846
-0.126878
-0.128751
-0.13046
-0.132
-0.133365
-0.134551
-0.135556
-0.136375
-0.137005
-0.137445
-0.137691
-0.137742
-0.137595
-0.13725
-0.136703
-0.135953
-0.134999
-0.133837
-0.132466
-0.130883
-0.129084
-0.127066
-0.124825
-0.122359
-0.119663
-0.116734
-0.113567
-0.110162
-0.106516
-0.102629
-0.0985027
-0.094141
-0.0895507
-0.0847423
-0.0797302
-0.0745334
-0.0691765
-0.0636894
-0.0581084
-0.0524761
-0.0468416
-0.0412597
-0.0357912
-0.0305008
-0.0254564
-0.0207263
-0.0163768
-0.0124691
-0.0090555
-0.00617581
-0.0038543
-0.00209728
-0.000892177
-0.000208431
0
0
-0.000221087
-0.000838414
-0.00180915
-0.00309349
-0.00465486
-0.00646017
-0.00847993
-0.0106882
-0.0130624
-0.0155834
-0.0182348
-0.0210029
-0.023876
-0.0268446
-0.0299001
-0.0330354
-0.0362439
-0.0395196
-0.0428565
-0.0462488
-0.0496906
-0.0531757
-0.0566977
-0.0602499
-0.0638251
-0.0674159
-0.0710143
-0.0746122
-0.0782012
-0.0817725
-0.0853171
-0.0888259
-0.0922895
-0.0956987
-0.0990439
-0.102316
-0.105505
-0.108603
-0.1116
-0.114487
-0.117256
-0.1199
-0.122409
-0.124778
-0.126998
-0.129064
-0.130969
-0.132709
-0.134278
-0.135672
-0.136887
-0.137918
-0.138764
-0.139422
-0.139888
-0.140161
-0.140238
-0.140119
-0.139801
-0.139283
-0.138564
-0.13764
-0.136511
-0.135173
-0.133624
-0.131861
-0.129879
-0.127676
-0.125247
-0.122587
-0.119693
-0.11656
-0.113185
-0.109564
-0.105696
-0.101582
-0.0972222
-0.0926233
-0.0877932
-0.0827447
-0.077495
-0.0720668
-0.066489
-0.0607968
-0.0550323
-0.0492444
-0.0434891
-0.0378283
-0.0323296
-0.0270642
-0.0221051
-0.0175241
-0.013389
-0.00975889
-0.00668101
-0.0041866
-0.00228824
-0.00097845
-0.000230299
0
0
-0.000223415
-0.000847952
-0.00183097
-0.00313275
-0.00471668
-0.00654952
-0.0086015
-0.0108463
-0.013261
-0.015826
-0.0185243
-0.0213419
-0.0242668
-0.0272887
-0.0303991
-0.0335903
-0.0368556
-0.0401886
-0.0435832
-0.0470335
-0.0505333
-0.0540764
-0.0576562
-0.0612659
-0.0648981
-0.0685453
-0.0721996
-0.0758526
-0.0794959
-0.0831205
-0.0867173
-0.0902773
-0.0937908
-0.0972486
-0.100641
-0.103959
-0.107193
-0.110333
-0.113371
-0.116298
-0.119106
-0.121786
-0.124331
-0.126733
-0.128985
-0.131082
-0.133018
-0.134786
-0.136383
-0.137804
-0.139045
-0.140102
-0.140974
-0.141656
-0.142148
-0.142447
-0.142551
-0.142458
-0.142168
-0.141679
-0.14099
-0.140098
-0.139001
-0.137698
-0.136185
-0.134459
-0.132517
-0.130353
-0.127965
-0.125346
-0.122492
-0.119398
-0.116059
-0.112471
-0.108631
-0.104538
-0.100191
-0.095594
-0.0907539
-0.085681
-0.0803907
-0.074904
-0.0692482
-0.0634571
-0.0575721
-0.0516419
-0.0457228
-0.0398782
-0.0341779
-0.0286964
-0.023511
-0.0186993
-0.0143354
-0.0104858
-0.00720543
-0.00453305
-0.0024882
-0.00106918
-0.000253422
0
0
-0.000225189
-0.000855471
-0.00184857
-0.003165
-0.00476828
-0.00662512
-0.00870556
-0.010983
-0.0134342
-0.0160391
-0.0187803
-0.0216433
-0.0246158
-0.027687
-0.0308482
-0.0340912
-0.0374091
-0.0407952
-0.0442434
-0.0477474
-0.051301
-0.0548978
-0.058531
-0.0621937
-0.0658786
-0.0695779
-0.0732836
-0.0769874
-0.0806805
-0.0843541
-0.0879989
-0.0916057
-0.0951651
-0.0986674
-0.102103
-0.105463
-0.108737
-0.111917
-0.114993
-0.117956
-0.120799
-0.123512
-0.126089
-0.128522
-0.130805
-0.13293
-0.134893
-0.136689
-0.138311
-0.139757
-0.141023
-0.142105
-0.143001
-0.143708
-0.144224
-0.144548
-0.144678
-0.144612
-0.14435
-0.143889
-0.14323
-0.14237
-0.141307
-0.140039
-0.138563
-0.136876
-0.134974
-0.132854
-0.130509
-0.127935
-0.125126
-0.122076
-0.118779
-0.115231
-0.111426
-0.107362
-0.103038
-0.0984535
-0.0936145
-0.0885291
-0.0832106
-0.0776781
-0.071957
-0.0660797
-0.0600864
-0.0540254
-0.0479532
-0.0419341
-0.0360397
-0.0303479
-0.0249401
-0.0198993
-0.0153062
-0.0112349
-0.00774826
-0.00489325
-0.002697
-0.00116435
-0.000277807
0
0
-0.000226411
-0.000860965
-0.00186192
-0.0031902
-0.00480954
-0.00668675
-0.00879179
-0.0110979
-0.0135814
-0.016222
-0.0190019
-0.0219062
-0.0249219
-0.0280383
-0.0312459
-0.0345365
-0.0379027
-0.0413378
-0.0448352
-0.0483885
-0.0519915
-0.0556375
-0.0593198
-0.0630311
-0.0667642
-0.0705111
-0.0742638
-0.0780138
-0.0817524
-0.0854705
-0.089159
-0.0928085
-0.0964094
-0.0999521
-0.103427
-0.106825
-0.110136
-0.113351
-0.116462
-0.119458
-0.122332
-0.125077
-0.127683
-0.130144
-0.132454
-0.134606
-0.136595
-0.138415
-0.140062
-0.141531
-0.14282
-0.143926
-0.144845
-0.145575
-0.146116
-0.146464
-0.146619
-0.146579
-0.146344
-0.145912
-0.145283
-0.144454
-0.143425
-0.142193
-0.140756
-0.139109
-0.13725
-0.135174
-0.132875
-0.130349
-0.127588
-0.124587
-0.121339
-0.117836
-0.114074
-0.110048
-0.105755
-0.101193
-0.0963662
-0.0912798
-0.0859454
-0.0803796
-0.0746061
-0.0686554
-0.0625665
-0.0563868
-0.0501725
-0.0439888
-0.037909
-0.0320135
-0.026388
-0.0211208
-0.016299
-0.0120045
-0.00830851
-0.00526669
-0.00291444
-0.00126391
-0.000303454
0
0
-0.000227085
-0.000864446
-0.00187103
-0.00320831
-0.0048404
-0.0067343
-0.00886
-0.0111906
-0.0137023
-0.0163742
-0.0191885
-0.0221296
-0.0251843
-0.0283414
-0.0315911
-0.0349249
-0.038335
-0.0418146
-0.0453568
-0.0489551
-0.052603
-0.0562938
-0.0600205
-0.063776
-0.0675526
-0.0713426
-0.0751378
-0.0789296
-0.0827092
-0.0864675
-0.0901953
-0.093883
-0.0975213
-0.1011
-0.104611
-0.108043
-0.111387
-0.114634
-0.117775
-0.120802
-0.123705
-0.126477
-0.12911
-0.131597
-0.133932
-0.136108
-0.13812
-0.139963
-0.141632
-0.143124
-0.144436
-0.145563
-0.146505
-0.147258
-0.147821
-0.148193
-0.148373
-0.148359
-0.148151
-0.147747
-0.147148
-0.146352
-0.145357
-0.144161
-0.142762
-0.141157
-0.139342
-0.137312
-0.135062
-0.132586
-0.129877
-0.126929
-0.123733
-0.120282
-0.11657
-0.112589
-0.108335
-0.103806
-0.0990011
-0.0939249
-0.0885863
-0.0829997
-0.0771865
-0.0711754
-0.0650037
-0.0587177
-0.0523732
-0.0460356
-0.0397796
-0.0336881
-0.0278505
-0.0223604
-0.0173113
-0.0127929
-0.00888513
-0.0056528
-0.00314028
-0.00136779
-0.000330361
0
0
-0.000227221
-0.000865939
-0.00187594
-0.00321938
-0.00486088
-0.00676774
-0.00891008
-0.011261
-0.0137964
-0.0164954
-0.0193395
-0.022313
-0.0254022
-0.0285955
-0.0318829
-0.0352553
-0.038705
-0.0422245
-0.045807
-0.0494457
-0.053134
-0.0568649
-0.0606316
-0.0644266
-0.0682423
-0.0720708
-0.0759039
-0.0797329
-0.083549
-0.087343
-0.0911057
-0.0948275
-0.098499
-0.10211
-0.105652
-0.109114
-0.112488
-0.115764
-0.118932
-0.121985
-0.124914
-0.127711
-0.130368
-0.132879
-0.135236
-0.137434
-0.139468
-0.141333
-0.143023
-0.144536
-0.145868
-0.147017
-0.14798
-0.148755
-0.149341
-0.149736
-0.14994
-0.149952
-0.149771
-0.149396
-0.148827
-0.148062
-0.147102
-0.145943
-0.144583
-0.14302
-0.141249
-0.139267
-0.137067
-0.134644
-0.13199
-0.129098
-0.125959
-0.122565
-0.118908
-0.11498
-0.110773
-0.106285
-0.101512
-0.0964567
-0.0911254
-0.0855302
-0.07969
-0.0736314
-0.0673898
-0.0610102
-0.0545476
-0.0480673
-0.0416451
-0.0353661
-0.0293231
-0.0236144
-0.0183403
-0.0135982
-0.00947692
-0.00605094
-0.00337423
-0.0014759
-0.00035852
0
0
-0.000226826
-0.000865473
-0.0018767
-0.00322348
-0.00487104
-0.00678711
-0.00894205
-0.011309
-0.0138638
-0.0165852
-0.0194547
-0.0224559
-0.0255751
-0.0288001
-0.0321205
-0.035527
-0.0390116
-0.0425665
-0.0461847
-0.0498592
-0.0535833
-0.0573498
-0.0611517
-0.0649816
-0.0688317
-0.0726942
-0.0765605
-0.0804222
-0.0842703
-0.0880956
-0.0918888
-0.0956405
-0.0993408
-0.10298
-0.106549
-0.110038
-0.113438
-0.116738
-0.119931
-0.123007
-0.125959
-0.128778
-0.131457
-0.133988
-0.136367
-0.138585
-0.140639
-0.142523
-0.144234
-0.145766
-0.147119
-0.148288
-0.149271
-0.150068
-0.150676
-0.151094
-0.151322
-0.151359
-0.151204
-0.150858
-0.150319
-0.149587
-0.148661
-0.147539
-0.146219
-0.144698
-0.142973
-0.141039
-0.138891
-0.136522
-0.133926
-0.131093
-0.128015
-0.124682
-0.121085
-0.117215
-0.113064
-0.108624
-0.103893
-0.0988686
-0.0935556
-0.0879635
-0.0821087
-0.0760154
-0.069717
-0.0632567
-0.0566884
-0.0500772
-0.0434995
-0.0370421
-0.030801
-0.0248792
-0.0193833
-0.0144184
-0.0100826
-0.00646038
-0.00361595
-0.00158814
-0.000387918
0
0
-0.000225906
-0.000863074
-0.00187338
-0.0032207
-0.004871
-0.00679257
-0.00895603
-0.0113347
-0.0139044
-0.0166437
-0.0195338
-0.0225582
-0.0257026
-0.0289546
-0.0323034
-0.0357395
-0.0392542
-0.0428399
-0.0464892
-0.0501949
-0.05395
-0.0577474
-0.06158
-0.0654401
-0.06932
-0.0732117
-0.0771067
-0.0809965
-0.0848721
-0.0887242
-0.0925436
-0.0963207
-0.100046
-0.10371
-0.107302
-0.110814
-0.114235
-0.117557
-0.120771
-0.123868
-0.126839
-0.129678
-0.132376
-0.134926
-0.137323
-0.13956
-0.141632
-0.143535
-0.145264
-0.146815
-0.148187
-0.149375
-0.150379
-0.151196
-0.151826
-0.152267
-0.152519
-0.152581
-0.152453
-0.152135
-0.151627
-0.150927
-0.150035
-0.148951
-0.147671
-0.146193
-0.144514
-0.14263
-0.140534
-0.138222
-0.135684
-0.132913
-0.129898
-0.126631
-0.123099
-0.119293
-0.115203
-0.11082
-0.106138
-0.101155
-0.0958705
-0.0902928
-0.0844355
-0.0783201
-0.0719777
-0.0654496
-0.0587884
-0.0520586
-0.0453365
-0.0387105
-0.0322796
-0.026151
-0.0204373
-0.0152514
-0.0107008
-0.00688032
-0.00386507
-0.00170437
-0.000418537
0
0
-0.000224472
-0.000858779
-0.00186604
-0.00321116
-0.00486096
-0.00678429
-0.00895224
-0.0113383
-0.0139184
-0.016671
-0.0195771
-0.0226199
-0.0257848
-0.0290591
-0.0324315
-0.0358923
-0.0394326
-0.0430444
-0.04672
-0.0504521
-0.0542336
-0.0580573
-0.0619157
-0.0658013
-0.0697064
-0.0736227
-0.0775418
-0.0814551
-0.0853536
-0.0892282
-0.0930694
-0.0968677
-0.100613
-0.104297
-0.107909
-0.11144
-0.11488
-0.11822
-0.121452
-0.124566
-0.127554
-0.13041
-0.133124
-0.135691
-0.138105
-0.140358
-0.142447
-0.144367
-0.146113
-0.147683
-0.149073
-0.15028
-0.151304
-0.152142
-0.152793
-0.153257
-0.153532
-0.15362
-0.153519
-0.153229
-0.152751
-0.152084
-0.151227
-0.15018
-0.14894
-0.147506
-0.145874
-0.14404
-0.141998
-0.139742
-0.137265
-0.134557
-0.131609
-0.12841
-0.124948
-0.121211
-0.117188
-0.112868
-0.108244
-0.10331
-0.0980644
-0.0925121
-0.0866638
-0.0805386
-0.074165
-0.0675821
-0.0608409
-0.0540047
-0.0471499
-0.040366
-0.0337541
-0.0274257
-0.0214991
-0.0160949
-0.01133
-0.00730989
-0.00412117
-0.00182446
-0.000450355
0
0
-0.000222545
-0.000852644
-0.00185478
-0.00319501
-0.00484107
-0.00676252
-0.00893095
-0.0113201
-0.0139061
-0.0166674
-0.0195847
-0.0226412
-0.0258217
-0.0291134
-0.0325047
-0.0359855
-0.0395466
-0.0431796
-0.0468768
-0.0506307
-0.0544339
-0.058279
-0.0621587
-0.0660651
-0.0699906
-0.0739268
-0.0778654
-0.0817977
-0.0857147
-0.0896072
-0.0934658
-0.0972811
-0.101043
-0.104743
-0.108371
-0.111917
-0.115372
-0.118727
-0.121973
-0.125102
-0.128104
-0.130974
-0.133703
-0.136285
-0.138713
-0.140981
-0.143086
-0.145021
-0.146784
-0.14837
-0.149778
-0.151004
-0.152047
-0.152905
-0.153578
-0.154064
-0.154364
-0.154477
-0.154403
-0.154142
-0.153694
-0.15306
-0.152239
-0.151229
-0.15003
-0.148639
-0.147054
-0.145271
-0.143283
-0.141085
-0.13867
-0.136028
-0.133148
-0.13002
-0.12663
-0.122967
-0.119016
-0.114766
-0.110207
-0.10533
-0.100133
-0.0946158
-0.0887877
-0.0826645
-0.0762722
-0.0696474
-0.062839
-0.0559091
-0.0489338
-0.0420029
-0.0352198
-0.0286994
-0.0225657
-0.0169467
-0.0119687
-0.00774817
-0.00438379
-0.00194823
-0.000483343
0
0
-0.000220146
-0.000844736
-0.00183972
-0.00317242
-0.00481158
-0.00672755
-0.00889249
-0.0112805
-0.013868
-0.0166333
-0.0195571
-0.0226223
-0.0258138
-0.029118
-0.0325234
-0.0360193
-0.0395963
-0.0432459
-0.0469599
-0.0507308
-0.0545509
-0.0584128
-0.0623089
-0.0662315
-0.0701727
-0.0741242
-0.0780777
-0.0820244
-0.0859553
-0.0898613
-0.093733
-0.097561
-0.101336
-0.105048
-0.108687
-0.112245
-0.115711
-0.119078
-0.122335
-0.125475
-0.12849
-0.131371
-0.134112
-0.136706
-0.139147
-0.141429
-0.143547
-0.145498
-0.147276
-0.148878
-0.150303
-0.151547
-0.152609
-0.153487
-0.154181
-0.15469
-0.155014
-0.155153
-0.155106
-0.154875
-0.154458
-0.153857
-0.153071
-0.1521
-0.150942
-0.149595
-0.148058
-0.146325
-0.144392
-0.142253
-0.139901
-0.137325
-0.134516
-0.131461
-0.128147
-0.12456
-0.120686
-0.116511
-0.112023
-0.107212
-0.102071
-0.0965992
-0.0908019
-0.0846922
-0.0782932
-0.0716391
-0.0647764
-0.0577657
-0.0506821
-0.0436158
-0.0366717
-0.029968
-0.0236337
-0.0178042
-0.0126151
-0.00819413
-0.00465241
-0.00207549
-0.000517471
0
0
-0.0002173
-0.000835135
-0.00182102
-0.00314362
-0.00477278
-0.00667973
-0.00883728
-0.01122
-0.0138044
-0.0165691
-0.0194948
-0.022564
-0.0257614
-0.0290734
-0.0324879
-0.0359941
-0.0395823
-0.0432435
-0.0469697
-0.0507527
-0.054585
-0.0584589
-0.0623667
-0.0663008
-0.070253
-0.0742152
-0.078179
-0.0821355
-0.0860759
-0.089991
-0.0938715
-0.0977081
-0.101491
-0.105211
-0.108859
-0.112424
-0.115899
-0.119273
-0.122539
-0.125688
-0.128711
-0.131602
-0.134353
-0.136957
-0.139409
-0.141703
-0.143833
-0.145797
-0.147589
-0.149207
-0.150648
-0.15191
-0.152991
-0.153889
-0.154605
-0.155137
-0.155486
-0.15565
-0.155632
-0.155429
-0.155045
-0.154477
-0.153727
-0.152794
-0.151678
-0.150376
-0.148886
-0.147205
-0.145328
-0.143248
-0.140959
-0.138451
-0.135713
-0.132733
-0.129498
-0.125991
-0.122198
-0.118103
-0.113692
-0.108952
-0.103876
-0.0984583
-0.0927016
-0.0866164
-0.0802224
-0.0735512
-0.066647
-0.0595682
-0.052389
-0.0451992
-0.0381049
-0.0312271
-0.0246997
-0.0186649
-0.0132675
-0.00864669
-0.00492648
-0.00220605
-0.000552701
0
0
-0.000214031
-0.000823927
-0.00179884
-0.00310886
-0.00472502
-0.0066195
-0.00876583
-0.0111391
-0.0137161
-0.0164757
-0.0193984
-0.0224669
-0.0256655
-0.0289803
-0.0323991
-0.0359107
-0.0395052
-0.0431733
-0.0469067
-0.0506971
-0.0545368
-0.0584179
-0.0623329
-0.0662737
-0.0702323
-0.0742006
-0.07817
-0.0821319
-0.0860773
-0.0899971
-0.0938822
-0.097723
-0.10151
-0.105234
-0.108886
-0.112456
-0.115935
-0.119315
-0.122586
-0.12574
-0.128769
-0.131667
-0.134425
-0.137038
-0.139499
-0.141803
-0.143945
-0.145921
-0.147727
-0.149359
-0.150816
-0.152095
-0.153194
-0.154113
-0.15485
-0.155406
-0.155779
-0.155971
-0.15598
-0.155808
-0.155455
-0.154922
-0.154209
-0.153315
-0.152241
-0.150984
-0.149542
-0.147913
-0.146092
-0.144072
-0.141847
-0.139408
-0.136743
-0.13384
-0.130684
-0.12726
-0.123551
-0.11954
-0.115211
-0.11055
-0.105545
-0.10019
-0.0944829
-0.0884322
-0.0820546
-0.0753783
-0.0684449
-0.0613109
-0.0540486
-0.0467475
-0.0395144
-0.0324727
-0.0257602
-0.0195261
-0.013924
-0.0091047
-0.0052054
-0.00233966
-0.00058899
0
0
-0.000210369
-0.000811204
-0.00177337
-0.00306844
-0.0046687
-0.00654736
-0.00867873
-0.0110385
-0.0136038
-0.0163537
-0.0192689
-0.0223318
-0.0255267
-0.0288396
-0.0322578
-0.03577
-0.0393659
-0.0430361
-0.0467719
-0.0505649
-0.0544073
-0.058291
-0.0622083
-0.0661511
-0.0701116
-0.0740813
-0.0780518
-0.0820145
-0.0859606
-0.0898808
-0.0937661
-0.0976071
-0.101395
-0.105119
-0.108771
-0.112342
-0.115822
-0.119203
-0.122476
-0.125633
-0.128666
-0.131568
-0.134332
-0.136951
-0.139419
-0.141732
-0.143883
-0.14587
-0.147689
-0.149335
-0.150807
-0.152103
-0.153221
-0.15416
-0.154919
-0.155498
-0.155896
-0.156115
-0.156153
-0.156012
-0.155692
-0.155194
-0.154518
-0.153665
-0.152633
-0.151421
-0.150029
-0.148452
-0.146687
-0.144728
-0.142568
-0.140198
-0.137607
-0.134781
-0.131707
-0.128368
-0.124745
-0.120822
-0.11658
-0.112002
-0.107076
-0.10179
-0.0961419
-0.0901356
-0.0837848
-0.0771148
-0.0701645
-0.0629878
-0.0556553
-0.0482555
-0.0408954
-0.0337001
-0.0268116
-0.0203849
-0.0145827
-0.0095669
-0.00548852
-0.00247608
-0.00062629
0
0
-0.000206341
-0.000797068
-0.0017448
-0.00302266
-0.00460424
-0.00646384
-0.00857663
-0.0109189
-0.0134684
-0.0162042
-0.0191072
-0.0221599
-0.0253464
-0.0286524
-0.0320652
-0.0355731
-0.0391656
-0.042833
-0.0465665
-0.0503574
-0.0541977
-0.0580792
-0.0619942
-0.0659345
-0.0698921
-0.0738587
-0.0778258
-0.0817849
-0.0857272
-0.0896435
-0.0935248
-0.0973619
-0.101145
-0.104866
-0.108515
-0.112083
-0.115561
-0.11894
-0.122212
-0.125369
-0.128403
-0.131307
-0.134073
-0.136697
-0.139171
-0.14149
-0.14365
-0.145647
-0.147477
-0.149137
-0.150624
-0.151936
-0.153072
-0.154031
-0.154812
-0.155414
-0.155839
-0.156085
-0.156153
-0.156043
-0.155757
-0.155295
-0.154657
-0.153844
-0.152856
-0.151691
-0.150348
-0.148825
-0.147117
-0.145219
-0.143124
-0.140824
-0.138307
-0.13556
-0.132569
-0.129316
-0.125783
-0.121951
-0.117799
-0.113309
-0.108466
-0.103257
-0.0976756
-0.0917225
-0.0854085
-0.078756
-0.0718005
-0.0645935
-0.0572035
-0.0497176
-0.0422426
-0.034905
-0.0278501
-0.0212385
-0.0152413
-0.0100319
-0.00577511
-0.00261502
-0.000664545
0
0
-0.000201978
-0.000781621
-0.00171335
-0.00297185
-0.00453211
-0.00636956
-0.00846027
-0.0107813
-0.0133107
-0.0160281
-0.0189144
-0.0219522
-0.0251256
-0.02842
-0.0318226
-0.0353214
-0.0389056
-0.0425655
-0.0462919
-0.0500759
-0.0539094
-0.0577841
-0.0616921
-0.0656252
-0.0695754
-0.0735344
-0.0774937
-0.0814447
-0.0853788
-0.0892869
-0.09316
-0.0969891
-0.100765
-0.104478
-0.10812
-0.111682
-0.115154
-0.118528
-0.121796
-0.12495
-0.127982
-0.130885
-0.133652
-0.136278
-0.138756
-0.14108
-0.143248
-0.145253
-0.147093
-0.148765
-0.150267
-0.151595
-0.152749
-0.153728
-0.154531
-0.155158
-0.155608
-0.155882
-0.155981
-0.155903
-0.155652
-0.155226
-0.154628
-0.153857
-0.152912
-0.151795
-0.150502
-0.149033
-0.147382
-0.145546
-0.143517
-0.141287
-0.138845
-0.136179
-0.133271
-0.130107
-0.126665
-0.122925
-0.118867
-0.11447
-0.109716
-0.104589
-0.0990812
-0.0931895
-0.0869218
-0.0802969
-0.0733477
-0.0661225
-0.0586875
-0.0511283
-0.0435509
-0.0360827
-0.0288717
-0.0220836
-0.0158977
-0.0104984
-0.00606438
-0.00275616
-0.000703692
0
0
-0.000197311
-0.000764974
-0.00167922
-0.00291637
-0.00445281
-0.00626514
-0.00833042
-0.0106264
-0.0131318
-0.0158266
-0.0186918
-0.0217102
-0.0248657
-0.0281439
-0.0315314
-0.0350163
-0.0385876
-0.0422352
-0.0459497
-0.0497222
-0.0535442
-0.0574074
-0.0613038
-0.0652252
-0.0691634
-0.0731103
-0.0770573
-0.0809959
-0.0849175
-0.0888131
-0.0926739
-0.0964909
-0.100255
-0.103957
-0.107588
-0.11114
-0.114603
-0.117969
-0.12123
-0.124378
-0.127405
-0.130305
-0.133071
-0.135697
-0.138176
-0.140505
-0.142677
-0.14469
-0.14654
-0.148224
-0.149739
-0.151083
-0.152255
-0.153254
-0.154079
-0.15473
-0.155207
-0.155509
-0.155639
-0.155595
-0.155378
-0.154991
-0.154432
-0.153703
-0.152804
-0.151735
-0.150494
-0.149079
-0.147487
-0.145713
-0.143751
-0.141592
-0.139226
-0.136639
-0.133817
-0.130741
-0.127392
-0.123748
-0.119786
-0.115485
-0.110823
-0.105784
-0.100356
-0.0945335
-0.0883206
-0.0817332
-0.0748009
-0.0675693
-0.0601018
-0.052482
-0.044815
-0.0372284
-0.0298722
-0.022917
-0.0165494
-0.0109646
-0.00635547
-0.00289914
-0.000743659
0
0
-0.000192371
-0.000747239
-0.00164266
-0.0028566
-0.00436686
-0.00615129
-0.00818794
-0.0104554
-0.012933
-0.0156009
-0.0184408
-0.0214353
-0.0245684
-0.0278256
-0.0311934
-0.0346597
-0.0382133
-0.0418439
-0.0455418
-0.049298
-0.0531039
-0.0569511
-0.0608313
-0.0647364
-0.0686582
-0.0725884
-0.0765187
-0.0804406
-0.0843454
-0.0882244
-0.0920688
-0.0958696
-0.099618
-0.103305
-0.106922
-0.11046
-0.11391
-0.117265
-0.120516
-0.123655
-0.126675
-0.12957
-0.132332
-0.134955
-0.137435
-0.139765
-0.141942
-0.143961
-0.145819
-0.147514
-0.149042
-0.150401
-0.151591
-0.152609
-0.153457
-0.154132
-0.154636
-0.154968
-0.155129
-0.155119
-0.154939
-0.15459
-0.154072
-0.153387
-0.152534
-0.151514
-0.150325
-0.148965
-0.147432
-0.145722
-0.143827
-0.141739
-0.13945
-0.136944
-0.134208
-0.131222
-0.127966
-0.124419
-0.120555
-0.116353
-0.111788
-0.106841
-0.101499
-0.0957516
-0.0896013
-0.0830604
-0.0761554
-0.0689285
-0.0614407
-0.0537731
-0.0460295
-0.0383371
-0.0308475
-0.0237352
-0.0171937
-0.0114288
-0.00664741
-0.00304357
-0.000784362
0
0
-0.000187192
-0.000728532
-0.00160391
-0.00279291
-0.00427482
-0.00602872
-0.00803373
-0.0102692
-0.0127153
-0.0153525
-0.0181628
-0.0211291
-0.0242353
-0.027467
-0.0308105
-0.0342536
-0.0377848
-0.0413936
-0.0450703
-0.0488057
-0.0525908
-0.0564173
-0.0602768
-0.0641612
-0.0680621
-0.0719713
-0.0758806
-0.0797814
-0.0836652
-0.0875234
-0.0913473
-0.095128
-0.0988568
-0.102525
-0.106124
-0.109645
-0.113079
-0.116419
-0.119657
-0.122784
-0.125795
-0.128681
-0.131437
-0.134056
-0.136534
-0.138865
-0.141044
-0.143068
-0.144934
-0.146637
-0.148178
-0.149552
-0.150759
-0.151797
-0.152667
-0.153367
-0.153898
-0.15426
-0.154453
-0.154478
-0.154335
-0.154025
-0.15355
-0.152909
-0.152104
-0.151134
-0.149998
-0.148695
-0.147222
-0.145575
-0.143748
-0.141733
-0.13952
-0.137096
-0.134445
-0.13155
-0.128389
-0.12494
-0.121176
-0.117074
-0.112609
-0.107759
-0.102507
-0.0968409
-0.0907604
-0.0842744
-0.0774061
-0.0701948
-0.0626985
-0.0549958
-0.0471886
-0.0394034
-0.0317928
-0.0245343
-0.0178279
-0.0118893
-0.00693913
-0.003189
-0.000825702
0
0
-0.000181805
-0.000708973
-0.0015632
-0.00272571
-0.00417726
-0.0058982
-0.00786873
-0.0100691
-0.0124801
-0.0150828
-0.0178595
-0.0207933
-0.0238684
-0.02707
-0.0303847
-0.0337999
-0.0373041
-0.0408866
-0.0445375
-0.0482474
-0.0520073
-0.0558086
-0.0596429
-0.063502
-0.0673776
-0.0712615
-0.0751454
-0.0790209
-0.0828796
-0.0867129
-0.0905122
-0.0942688
-0.0979742
-0.10162
-0.105197
-0.108697
-0.112112
-0.115435
-0.118656
-0.121769
-0.124767
-0.127643
-0.13039
-0.133003
-0.135476
-0.137806
-0.139986
-0.142013
-0.143885
-0.145598
-0.147149
-0.148537
-0.149761
-0.150819
-0.151711
-0.152436
-0.152994
-0.153386
-0.153612
-0.153673
-0.153568
-0.153299
-0.152867
-0.152273
-0.151516
-0.150598
-0.149516
-0.148271
-0.146858
-0.145276
-0.143517
-0.141574
-0.139438
-0.137096
-0.134532
-0.131729
-0.128663
-0.125312
-0.12165
-0.11765
-0.113287
-0.108536
-0.103378
-0.0977989
-0.0917944
-0.0853707
-0.0785481
-0.0713627
-0.0638694
-0.0561441
-0.0482865
-0.040422
-0.0327032
-0.0253103
-0.0184488
-0.0123437
-0.00722941
-0.00333489
-0.000867564
0
0
-0.000176244
-0.00068868
-0.00152078
-0.00265542
-0.00407479
-0.00576053
-0.00769394
-0.00985621
-0.0122287
-0.0147934
-0.0175327
-0.0204299
-0.0234695
-0.0266368
-0.0299182
-0.0333011
-0.0367738
-0.0403254
-0.043946
-0.0476258
-0.0513559
-0.0551276
-0.0589323
-0.0627618
-0.0666077
-0.070462
-0.0743162
-0.0781622
-0.0819916
-0.0857959
-0.0895666
-0.0932953
-0.0969735
-0.100593
-0.104145
-0.107621
-0.111013
-0.114315
-0.117517
-0.120612
-0.123595
-0.126457
-0.129193
-0.131798
-0.134265
-0.136591
-0.13877
-0.1408
-0.142676
-0.144397
-0.145959
-0.14736
-0.1486
-0.149677
-0.150591
-0.151341
-0.151927
-0.15235
-0.152609
-0.152706
-0.152641
-0.152414
-0.152026
-0.151479
-0.150772
-0.149906
-0.148881
-0.147694
-0.146344
-0.144827
-0.143137
-0.141267
-0.139209
-0.136948
-0.134471
-0.131758
-0.128789
-0.125537
-0.121977
-0.118081
-0.113821
-0.109172
-0.104111
-0.0986229
-0.0926997
-0.0863452
-0.0795765
-0.0724265
-0.0649472
-0.0572117
-0.049317
-0.0413868
-0.0335734
-0.0260588
-0.019053
-0.0127899
-0.00751689
-0.00348066
-0.000909812
0
0
-0.000170541
-0.000667776
-0.00147692
-0.00258245
-0.00396801
-0.00561652
-0.00751039
-0.00963175
-0.0119628
-0.0144859
-0.017184
-0.0200409
-0.0230409
-0.0261697
-0.0294134
-0.0327596
-0.0361963
-0.0397126
-0.0432983
-0.0469437
-0.0506396
-0.0543772
-0.0581479
-0.0619434
-0.0657554
-0.0695757
-0.0733962
-0.0772085
-0.0810044
-0.0847757
-0.0885139
-0.0922108
-0.095858
-0.0994472
-0.10297
-0.106419
-0.109786
-0.113062
-0.116242
-0.119317
-0.122281
-0.125128
-0.127851
-0.130444
-0.132904
-0.135224
-0.137401
-0.139431
-0.141311
-0.143037
-0.144609
-0.146023
-0.147278
-0.148374
-0.14931
-0.150085
-0.150699
-0.151152
-0.151446
-0.15158
-0.151554
-0.15137
-0.151028
-0.150529
-0.149874
-0.149062
-0.148093
-0.146967
-0.14568
-0.14423
-0.14261
-0.140815
-0.138834
-0.136655
-0.134264
-0.131642
-0.128768
-0.125615
-0.122158
-0.118366
-0.114211
-0.109665
-0.104704
-0.09931
-0.0934729
-0.0871934
-0.0804859
-0.0733804
-0.0659257
-0.058192
-0.0502735
-0.0422917
-0.0343979
-0.0267749
-0.0196369
-0.0132252
-0.00780004
-0.00362561
-0.000952287
0
0
-0.00016473
-0.000646383
-0.00143187
-0.00250724
-0.00385756
-0.00546702
-0.00731916
-0.00939705
-0.0116836
-0.014162
-0.0168155
-0.0196282
-0.0225849
-0.025671
-0.0288729
-0.032178
-0.0355745
-0.0390511
-0.0425976
-0.0462041
-0.0498614
-0.0535605
-0.0572929
-0.0610501
-0.0648239
-0.0686061
-0.0723886
-0.0761631
-0.0799216
-0.0836559
-0.0873577
-0.0910189
-0.0946313
-0.0981868
-0.101677
-0.105095
-0.108433
-0.111682
-0.114836
-0.117888
-0.120831
-0.123659
-0.126366
-0.128946
-0.131395
-0.133708
-0.135881
-0.137909
-0.139791
-0.141523
-0.143103
-0.144528
-0.145799
-0.146913
-0.14787
-0.148669
-0.149311
-0.149796
-0.150123
-0.150295
-0.15031
-0.150169
-0.149874
-0.149425
-0.148822
-0.148066
-0.147156
-0.146091
-0.144869
-0.143486
-0.141938
-0.140218
-0.138315
-0.136219
-0.133915
-0.131383
-0.128603
-0.125549
-0.122193
-0.118506
-0.114455
-0.110014
-0.105155
-0.0998573
-0.0941099
-0.0879106
-0.0812709
-0.0742181
-0.0667981
-0.059078
-0.0511489
-0.0431299
-0.0351705
-0.0274535
-0.0201962
-0.0136467
-0.00807709
-0.00376895
-0.000994795
0
0
-0.000158844
-0.000624624
-0.0013859
-0.00243022
-0.00374407
-0.0053129
-0.00712134
-0.00915345
-0.0113929
-0.0138236
-0.0164292
-0.0191943
-0.0221038
-0.0251433
-0.0282994
-0.0315594
-0.0349113
-0.0383439
-0.0418469
-0.0454102
-0.0490246
-0.052681
-0.0563707
-0.0600854
-0.0638168
-0.0675567
-0.0712971
-0.0750298
-0.0787468
-0.0824401
-0.0861016
-0.0897233
-0.0932972
-0.0968153
-0.10027
-0.103653
-0.106958
-0.110177
-0.113302
-0.116328
-0.119247
-0.122053
-0.124742
-0.127307
-0.129743
-0.132046
-0.134213
-0.136239
-0.13812
-0.139856
-0.141443
-0.142879
-0.144164
-0.145295
-0.146273
-0.147097
-0.147766
-0.148282
-0.148644
-0.148853
-0.14891
-0.148814
-0.148566
-0.148167
-0.147618
-0.146919
-0.146069
-0.145067
-0.143911
-0.142598
-0.141123
-0.139478
-0.137655
-0.135642
-0.133424
-0.130983
-0.128296
-0.125339
-0.122084
-0.1185
-0.114554
-0.110217
-0.10546
-0.100262
-0.0946067
-0.0884917
-0.0819257
-0.0749332
-0.0675574
-0.0598622
-0.0519358
-0.0438941
-0.0358844
-0.0280889
-0.0207263
-0.0140511
-0.00834607
-0.00390975
-0.00103711
0
0
-0.000152916
-0.000602624
-0.00133926
-0.00235185
-0.00362822
-0.00515506
-0.00691809
-0.00890233
-0.0110923
-0.0134725
-0.0160272
-0.0187413
-0.0216001
-0.0245894
-0.0276957
-0.0309065
-0.0342098
-0.0375943
-0.0410495
-0.0445654
-0.0481326
-0.051742
-0.0553849
-0.0590529
-0.0627377
-0.0664312
-0.0701254
-0.0738123
-0.0774839
-0.0811323
-0.0847496
-0.0883281
-0.0918597
-0.095337
-0.0987521
-0.102098
-0.105366
-0.108551
-0.111645
-0.114641
-0.117533
-0.120316
-0.122983
-0.12553
-0.127951
-0.130243
-0.132401
-0.134422
-0.136303
-0.13804
-0.139633
-0.141079
-0.142376
-0.143524
-0.144522
-0.14537
-0.146067
-0.146614
-0.147011
-0.147258
-0.147356
-0.147305
-0.147105
-0.146758
-0.146264
-0.145623
-0.144834
-0.143896
-0.142808
-0.141566
-0.140164
-0.138597
-0.136854
-0.134925
-0.132794
-0.130442
-0.127849
-0.124988
-0.121832
-0.118348
-0.114506
-0.110272
-0.105618
-0.100519
-0.0949585
-0.0889312
-0.0824438
-0.0755185
-0.0681958
-0.0605367
-0.0526261
-0.0445766
-0.0365326
-0.0286746
-0.0212224
-0.0144347
-0.0086047
-0.00404695
-0.00107896
0
0
-0.000146978
-0.000580508
-0.00129223
-0.00227257
-0.00351067
-0.0049944
-0.00671057
-0.00864514
-0.0107835
-0.0131107
-0.0156117
-0.0182718
-0.0210765
-0.024012
-0.0270649
-0.0302226
-0.0334732
-0.0368055
-0.0402089
-0.0436732
-0.0471891
-0.0507474
-0.0543393
-0.0579565
-0.0615906
-0.0652336
-0.0688776
-0.0725146
-0.0761369
-0.0797365
-0.0833059
-0.0868373
-0.0903232
-0.0937558
-0.0971279
-0.100432
-0.103661
-0.106809
-0.109868
-0.112831
-0.115694
-0.11845
-0.121094
-0.12362
-0.126024
-0.128302
-0.130449
-0.132463
-0.134341
-0.136079
-0.137676
-0.13913
-0.140439
-0.141603
-0.142621
-0.143491
-0.144216
-0.144793
-0.145225
-0.14551
-0.14565
-0.145645
-0.145494
-0.1452
-0.144761
-0.144179
-0.143452
-0.14258
-0.14156
-0.14039
-0.139063
-0.137574
-0.135912
-0.134067
-0.132023
-0.129762
-0.127261
-0.124496
-0.121436
-0.118052
-0.11431
-0.110178
-0.105625
-0.100625
-0.0951602
-0.089223
-0.0828182
-0.0759663
-0.0687051
-0.0610927
-0.053211
-0.0451688
-0.0371071
-0.0292039
-0.0216786
-0.0147936
-0.00885042
-0.0041793
-0.00112002
0
0
-0.000141064
-0.000558401
-0.00124508
-0.00219285
-0.0033921
-0.00483186
-0.00649998
-0.00838335
-0.0104681
-0.0127401
-0.0151849
-0.0177882
-0.0205358
-0.0234141
-0.02641
-0.029511
-0.0327051
-0.0359813
-0.0393288
-0.0427375
-0.046198
-0.049701
-0.0532379
-0.0568001
-0.0603795
-0.063968
-0.0675578
-0.0711411
-0.0747101
-0.0782572
-0.0817748
-0.0852555
-0.0886918
-0.0920763
-0.0954019
-0.0986614
-0.101848
-0.104955
-0.107976
-0.110904
-0.113734
-0.11646
-0.119077
-0.12158
-0.123965
-0.126226
-0.128361
-0.130367
-0.132239
-0.133976
-0.135576
-0.137036
-0.138356
-0.139535
-0.140571
-0.141464
-0.142215
-0.142823
-0.143289
-0.143612
-0.143794
-0.143835
-0.143734
-0.143492
-0.14311
-0.142588
-0.141924
-0.141119
-0.140169
-0.139071
-0.13782
-0.136409
-0.13483
-0.133069
-0.131112
-0.12894
-0.126532
-0.12386
-0.120897
-0.11761
-0.113966
-0.109932
-0.105477
-0.100575
-0.0952056
-0.0893601
-0.0830414
-0.0762683
-0.0690762
-0.061521
-0.0536811
-0.0456615
-0.0375993
-0.0296692
-0.022089
-0.015123
-0.0090803
-0.00430537
-0.0011599
0
0
-0.000135207
-0.000536433
-0.00119808
-0.00211316
-0.00327323
-0.00466841
-0.00628756
-0.00811847
-0.0101481
-0.012363
-0.0147493
-0.017293
-0.0199806
-0.0227987
-0.0257343
-0.028775
-0.031909
-0.0351252
-0.038413
-0.0417621
-0.0451632
-0.048607
-0.0520847
-0.055588
-0.0591087
-0.0626388
-0.0661705
-0.069696
-0.0732079
-0.0766986
-0.0801608
-0.0835871
-0.0869702
-0.090303
-0.0935785
-0.0967899
-0.0999305
-0.102994
-0.105973
-0.108863
-0.111658
-0.114351
-0.116939
-0.119416
-0.121778
-0.124021
-0.126142
-0.128136
-0.130001
-0.131735
-0.133336
-0.134802
-0.136131
-0.137323
-0.138377
-0.139292
-0.140068
-0.140706
-0.141205
-0.141567
-0.141791
-0.141877
-0.141826
-0.141638
-0.141313
-0.140851
-0.140252
-0.139513
-0.138633
-0.137609
-0.136435
-0.135103
-0.133606
-0.13193
-0.13006
-0.127977
-0.125659
-0.12308
-0.12021
-0.117018
-0.11347
-0.109531
-0.105172
-0.100364
-0.0950888
-0.089335
-0.0831047
-0.076415
-0.0692994
-0.0618114
-0.0540261
-0.0460448
-0.038
-0.0300623
-0.0224466
-0.0154179
-0.00929103
-0.0044235
-0.00119815
0
0
-0.000129442
-0.000514736
-0.00115152
-0.00203398
-0.00315477
-0.00450503
-0.00607457
-0.00785207
-0.00982531
-0.0119814
-0.0143071
-0.0167892
-0.0194141
-0.022169
-0.0250411
-0.0280182
-0.0310886
-0.0342412
-0.0374654
-0.0407512
-0.0440889
-0.0474695
-0.0508842
-0.0543247
-0.0577827
-0.0612504
-0.06472
-0.068184
-0.071635
-0.0750656
-0.0784685
-0.0818367
-0.085163
-0.0884406
-0.0916626
-0.0948224
-0.0979136
-0.10093
-0.103865
-0.106713
-0.109469
-0.112128
-0.114683
-0.117132
-0.119469
-0.121691
-0.123794
-0.125775
-0.127631
-0.129361
-0.130961
-0.13243
-0.133767
-0.134971
-0.136041
-0.136977
-0.137778
-0.138445
-0.138977
-0.139376
-0.139642
-0.139774
-0.139773
-0.139638
-0.139371
-0.13897
-0.138434
-0.137764
-0.136955
-0.136004
-0.134907
-0.133655
-0.132239
-0.130647
-0.128863
-0.126868
-0.12464
-0.122151
-0.119373
-0.116273
-0.112816
-0.108971
-0.104703
-0.0999877
-0.0948035
-0.0891402
-0.0829991
-0.0763964
-0.0693639
-0.0619528
-0.0542349
-0.0463077
-0.038299
-0.030374
-0.022744
-0.0156726
-0.0094789
-0.00453179
-0.00123423
0
0
-0.000123804
-0.000493448
-0.00110571
-0.00195583
-0.00303747
-0.00434274
-0.00586234
-0.00758577
-0.00950157
-0.0115975
-0.0138611
-0.0162793
-0.0188392
-0.0215283
-0.024334
-0.0272443
-0.0302478
-0.0333333
-0.0364903
-0.039709
-0.0429796
-0.0462931
-0.0496409
-0.0530145
-0.056406
-0.0598074
-0.0632111
-0.0666098
-0.0699961
-0.0733627
-0.0767027
-0.0800091
-0.0832751
-0.0864939
-0.0896589
-0.0927638
-0.0958022
-0.0987681
-0.101656
-0.104459
-0.107174
-0.109794
-0.112314
-0.114732
-0.117041
-0.11924
-0.121323
-0.123289
-0.125134
-0.126856
-0.128454
-0.129924
-0.131268
-0.132482
-0.133567
-0.134522
-0.135347
-0.136042
-0.136607
-0.137043
-0.13735
-0.137527
-0.137575
-0.137494
-0.137284
-0.136944
-0.136473
-0.135871
-0.135133
-0.134256
-0.133235
-0.132063
-0.130728
-0.129219
-0.12752
-0.125612
-0.12347
-0.12107
-0.11838
-0.115368
-0.112
-0.108242
-0.104064
-0.0994367
-0.0943413
-0.0887672
-0.0827157
-0.0762023
-0.0692584
-0.061933
-0.0542953
-0.0464386
-0.0384852
-0.0305946
-0.0229728
-0.0158808
-0.00963972
-0.00462807
-0.0012675
0
0
-0.000118332
-0.000472714
-0.00106094
-0.00187923
-0.00292212
-0.00418261
-0.00565222
-0.00732124
-0.00917891
-0.0112137
-0.0134136
-0.0157662
-0.0182591
-0.0208799
-0.0236165
-0.0264571
-0.0293904
-0.0324055
-0.0354919
-0.0386398
-0.0418396
-0.0450823
-0.0483593
-0.0516623
-0.0549834
-0.0583147
-0.0616487
-0.0649782
-0.068296
-0.071595
-0.0748684
-0.0781094
-0.0813114
-0.0844679
-0.0875724
-0.0906189
-0.0936012
-0.0965136
-0.0993504
-0.102106
-0.104776
-0.107354
-0.109838
-0.112221
-0.1145
-0.116672
-0.118734
-0.120681
-0.122513
-0.124226
-0.125819
-0.12729
-0.128637
-0.12986
-0.130959
-0.131932
-0.13278
-0.133502
-0.134098
-0.13457
-0.134917
-0.135138
-0.135236
-0.135208
-0.135055
-0.134775
-0.134369
-0.133834
-0.133166
-0.132363
-0.131418
-0.130324
-0.12907
-0.127643
-0.126027
-0.124202
-0.122145
-0.119829
-0.117223
-0.114295
-0.111011
-0.107338
-0.103243
-0.0987012
-0.0936918
-0.0882053
-0.0822435
-0.0758219
-0.0689715
-0.0617402
-0.0541948
-0.0464247
-0.0385467
-0.0307134
-0.0231243
-0.0160356
-0.00976885
-0.00470989
-0.00129721
0
0
-0.000113067
-0.00045269
-0.00101757
-0.00180473
-0.00280954
-0.00402575
-0.00544563
-0.00706019
-0.00885936
-0.0108322
-0.0129674
-0.0152529
-0.0176769
-0.0202273
-0.0228923
-0.0256605
-0.0285207
-0.0314621
-0.0344745
-0.0375481
-0.0406735
-0.0438417
-0.0470443
-0.0502729
-0.0535197
-0.0567771
-0.0600377
-0.0632942
-0.0665398
-0.0697675
-0.0729706
-0.0761426
-0.0792771
-0.0823677
-0.0854083
-0.088393
-0.0913159
-0.0941714
-0.0969541
-0.0996589
-0.102281
-0.104815
-0.107257
-0.109604
-0.11185
-0.113993
-0.11603
-0.117957
-0.119773
-0.121475
-0.123061
-0.124529
-0.125879
-0.127109
-0.12822
-0.129209
-0.130078
-0.130826
-0.131453
-0.131959
-0.132345
-0.13261
-0.132756
-0.13278
-0.132683
-0.132463
-0.13212
-0.131652
-0.131054
-0.130324
-0.129454
-0.128436
-0.12726
-0.125913
-0.124377
-0.122633
-0.120656
-0.11842
-0.115894
-0.113046
-0.10984
-0.106246
-0.10223
-0.0977689
-0.0928423
-0.0874417
-0.0815696
-0.0752423
-0.0684905
-0.0613616
-0.0539206
-0.0462531
-0.0384708
-0.0307188
-0.0231886
-0.0161296
-0.0098612
-0.00477447
-0.0013225
0
0
-0.000108054
-0.000433545
-0.000975925
-0.00173293
-0.00270058
-0.0038733
-0.00524403
-0.00680441
-0.00854502
-0.0104556
-0.0125251
-0.0147424
-0.0170959
-0.0195739
-0.0221652
-0.0248584
-0.0276426
-0.0305074
-0.0334426
-0.0364386
-0.039486
-0.0425762
-0.0457006
-0.0488511
-0.05202
-0.0551998
-0.0583831
-0.061563
-0.0647326
-0.0678853
-0.0710145
-0.0741139
-0.0771772
-0.0801984
-0.0831716
-0.0860911
-0.0889512
-0.0917465
-0.094472
-0.0971225
-0.0996935
-0.10218
-0.104579
-0.106885
-0.109096
-0.111208
-0.113217
-0.115121
-0.116919
-0.118607
-0.120183
-0.121647
-0.122998
-0.124233
-0.125353
-0.126357
-0.127245
-0.128017
-0.128673
-0.129212
-0.129636
-0.129944
-0.130136
-0.130211
-0.130169
-0.130008
-0.129727
-0.129324
-0.128795
-0.128135
-0.127338
-0.126395
-0.125295
-0.124024
-0.122564
-0.120896
-0.118996
-0.116834
-0.114382
-0.111607
-0.108474
-0.104952
-0.101011
-0.0966252
-0.091778
-0.0864615
-0.0806794
-0.074449
-0.0678014
-0.0607836
-0.0534592
-0.0459107
-0.0382446
-0.0305988
-0.0231553
-0.0161548
-0.00991132
-0.00481883
-0.00134237
0
0
-0.000103343
-0.000415463
-0.000936409
-0.00166445
-0.00259616
-0.0037265
-0.00504896
-0.00655576
-0.00823805
-0.0100861
-0.0120896
-0.0142377
-0.0165194
-0.0189235
-0.0214389
-0.0240548
-0.0267605
-0.0295457
-0.0324007
-0.0353158
-0.038282
-0.0412906
-0.0443332
-0.047402
-0.0504893
-0.0535877
-0.0566901
-0.0597896
-0.0628796
-0.0659536
-0.0690052
-0.0720284
-0.075017
-0.0779654
-0.0808677
-0.0837185
-0.0865124
-0.0892442
-0.0919091
-0.0945023
-0.0970192
-0.0994556
-0.101807
-0.104071
-0.106243
-0.10832
-0.110299
-0.112178
-0.113954
-0.115626
-0.117191
-0.118648
-0.119996
-0.121235
-0.122363
-0.123379
-0.124285
-0.125079
-0.125761
-0.126332
-0.126792
-0.12714
-0.127377
-0.127501
-0.127512
-0.127408
-0.127187
-0.126847
-0.126384
-0.125793
-0.125066
-0.124194
-0.123166
-0.121967
-0.120579
-0.118982
-0.117151
-0.115059
-0.112674
-0.109964
-0.106897
-0.103441
-0.0995678
-0.0952531
-0.0904817
-0.0852476
-0.0795562
-0.0734257
-0.0668885
-0.0599913
-0.0527965
-0.045384
-0.0378553
-0.030341
-0.0230133
-0.0161023
-0.00991362
-0.00483979
-0.00135577
0
0
-9.89934e-05
-0.00039865
-0.000899432
-0.00159998
-0.00249725
-0.00358659
-0.00486197
-0.0063161
-0.00794065
-0.00972644
-0.0116636
-0.0137419
-0.0159507
-0.0182794
-0.0207172
-0.0232537
-0.0258784
-0.0285815
-0.0313533
-0.0341844
-0.0370661
-0.0399897
-0.0429472
-0.0459307
-0.0489327
-0.0519461
-0.0549638
-0.0579793
-0.060986
-0.0639776
-0.0669481
-0.0698914
-0.0728018
-0.0756737
-0.0785017
-0.0812803
-0.0840046
-0.0866697
-0.0892707
-0.0918031
-0.0942628
-0.0966455
-0.0989475
-0.101165
-0.103295
-0.105335
-0.107281
-0.109132
-0.110884
-0.112537
-0.114087
-0.115535
-0.116879
-0.118118
-0.119251
-0.120278
-0.121198
-0.122012
-0.122719
-0.123319
-0.123813
-0.124199
-0.124478
-0.124649
-0.12471
-0.124661
-0.124497
-0.124218
-0.123817
-0.123291
-0.122629
-0.121825
-0.120864
-0.119731
-0.11841
-0.116877
-0.115109
-0.113077
-0.110751
-0.1081
-0.105091
-0.101694
-0.0978815
-0.0936327
-0.0889338
-0.0837808
-0.0781811
-0.0721548
-0.065735
-0.0589688
-0.0519177
-0.0446591
-0.0372899
-0.0299333
-0.0227515
-0.0159627
-0.00986129
-0.00483416
-0.00136167
0
0
-9.50684e-05
-0.000383329
-0.000865443
-0.00154022
-0.00240482
-0.00345488
-0.00468468
-0.00608735
-0.00765501
-0.00937898
-0.0112499
-0.013258
-0.0153933
-0.0176453
-0.020004
-0.022459
-0.0250006
-0.027619
-0.0303049
-0.0330491
-0.0358431
-0.0386784
-0.0415473
-0.044442
-0.0473552
-0.0502799
-0.0532094
-0.0561372
-0.059057
-0.0619626
-0.0648482
-0.0677081
-0.0705367
-0.0733287
-0.0760787
-0.0787818
-0.0814331
-0.0840279
-0.0865616
-0.0890301
-0.0914292
-0.0937551
-0.0960041
-0.0981728
-0.100258
-0.102257
-0.104167
-0.105986
-0.107712
-0.109343
-0.110876
-0.112312
-0.113649
-0.114885
-0.116021
-0.117055
-0.117988
-0.118819
-0.119548
-0.120174
-0.120698
-0.12112
-0.121438
-0.121652
-0.121761
-0.121762
-0.121652
-0.121429
-0.121087
-0.12062
-0.12002
-0.119276
-0.118376
-0.117304
-0.11604
-0.114564
-0.11285
-0.11087
-0.108594
-0.105992
-0.103032
-0.0996862
-0.0959289
-0.0917411
-0.0871118
-0.0820395
-0.0765338
-0.0706167
-0.0643227
-0.0576994
-0.0508075
-0.0437222
-0.0365357
-0.0293642
-0.0223595
-0.0157268
-0.00974721
-0.00479777
-0.00135878
0
0
-9.16406e-05
-0.00036974
-0.000834909
-0.00148591
-0.00231991
-0.00333266
-0.00451866
-0.00587136
-0.00738328
-0.00904617
-0.0108512
-0.012789
-0.0148501
-0.0170246
-0.0193027
-0.0216747
-0.0241311
-0.0266625
-0.0292598
-0.0319143
-0.0346175
-0.0373614
-0.0401383
-0.0429408
-0.0457617
-0.0485942
-0.0514319
-0.0542683
-0.0570975
-0.0599135
-0.0627107
-0.0654835
-0.0682267
-0.0709351
-0.0736037
-0.0762277
-0.0788025
-0.0813236
-0.0837867
-0.0861878
-0.088523
-0.0907887
-0.0929813
-0.0950977
-0.097135
-0.0990904
-0.100961
-0.102746
-0.104442
-0.106047
-0.10756
-0.108981
-0.110307
-0.111538
-0.112673
-0.113711
-0.114653
-0.115498
-0.116245
-0.116895
-0.117446
-0.117899
-0.118253
-0.118506
-0.118657
-0.118704
-0.118644
-0.118471
-0.118182
-0.117769
-0.117223
-0.116534
-0.115686
-0.114665
-0.113451
-0.112021
-0.110351
-0.108413
-0.106177
-0.103614
-0.100695
-0.097392
-0.0936833
-0.0895524
-0.0849908
-0.0799998
-0.0745918
-0.0687908
-0.0626329
-0.0561661
-0.0494507
-0.0425595
-0.0355805
-0.0286227
-0.0218275
-0.0153863
-0.00956474
-0.00472641
-0.00134588
0
0
-8.87886e-05
-0.000358135
-0.000808307
-0.00143776
-0.00224348
-0.00322116
-0.00436541
-0.00566988
-0.00712743
-0.00873022
-0.0104699
-0.0123375
-0.0143241
-0.0164203
-0.0186168
-0.0209042
-0.0232735
-0.0257157
-0.028222
-0.030784
-0.0333936
-0.036043
-0.0387247
-0.0414316
-0.0441567
-0.0468936
-0.0496358
-0.0523773
-0.0551122
-0.0578349
-0.06054
-0.0632221
-0.0658763
-0.0684975
-0.0710811
-0.0736225
-0.0761172
-0.0785611
-0.0809501
-0.0832803
-0.0855481
-0.08775
-0.0898829
-0.0919436
-0.0939293
-0.0958375
-0.0976658
-0.0994121
-0.101075
-0.102651
-0.104141
-0.105542
-0.106854
-0.108076
-0.109207
-0.110246
-0.111193
-0.112047
-0.112809
-0.113477
-0.114051
-0.114531
-0.114915
-0.115202
-0.11539
-0.115477
-0.115459
-0.115332
-0.115088
-0.114721
-0.114221
-0.113576
-0.112772
-0.111792
-0.110616
-0.109221
-0.107584
-0.105676
-0.103469
-0.100935
-0.098047
-0.0947801
-0.0911146
-0.0870373
-0.0825429
-0.077636
-0.0723315
-0.0666557
-0.0606463
-0.054352
-0.0478324
-0.0411582
-0.0344131
-0.027699
-0.0211469
-0.0149337
-0.00930795
-0.00461612
-0.00132131
0
0
-8.65949e-05
-0.000348763
-0.000786089
-0.00139645
-0.00217641
-0.00312146
-0.00422617
-0.00548435
-0.0068891
-0.00843296
-0.010108
-0.0119058
-0.0138177
-0.0158351
-0.0179489
-0.0201505
-0.022431
-0.024782
-0.0271949
-0.0296619
-0.0321751
-0.034727
-0.0373103
-0.0399183
-0.0425442
-0.0451819
-0.047825
-0.050468
-0.053105
-0.0557308
-0.0583401
-0.0609278
-0.0634893
-0.0660197
-0.0685146
-0.0709696
-0.0733806
-0.0757436
-0.0780548
-0.0803104
-0.0825072
-0.0846418
-0.0867111
-0.0887124
-0.0906428
-0.0925001
-0.0942819
-0.0959863
-0.0976114
-0.0991556
-0.100617
-0.101996
-0.103289
-0.104498
-0.105619
-0.106654
-0.107602
-0.108461
-0.109231
-0.109913
-0.110504
-0.111004
-0.111413
-0.111727
-0.111946
-0.112066
-0.112082
-0.111991
-0.111784
-0.111453
-0.110989
-0.110378
-0.109605
-0.108653
-0.107503
-0.106131
-0.104513
-0.102622
-0.100433
-0.0979181
-0.0950526
-0.0918149
-0.0881885
-0.0841636
-0.0797384
-0.0749206
-0.0697281
-0.0641896
-0.0583441
-0.052241
-0.0459392
-0.0395071
-0.0330241
-0.0265853
-0.0203108
-0.0143631
-0.00897198
-0.0044636
-0.00128368
0
0
-8.51397e-05
-0.000341846
-0.000768626
-0.00136247
-0.00211932
-0.00303429
-0.0041018
-0.00531572
-0.00666936
-0.00815558
-0.00976682
-0.0114952
-0.0133326
-0.0152707
-0.0173011
-0.0194156
-0.0216058
-0.0238636
-0.0261811
-0.0285505
-0.0309645
-0.0334159
-0.0358978
-0.0384037
-0.040927
-0.0434619
-0.0460025
-0.0485433
-0.0510787
-0.0536038
-0.0561136
-0.0586032
-0.0610681
-0.0635038
-0.0659062
-0.068271
-0.0705945
-0.0728727
-0.0751022
-0.0772794
-0.0794011
-0.0814644
-0.0834662
-0.0854039
-0.0872749
-0.0890771
-0.0908081
-0.0924662
-0.0940494
-0.0955564
-0.0969857
-0.098336
-0.0996063
-0.100796
-0.101903
-0.102928
-0.10387
-0.104728
-0.105501
-0.106189
-0.10679
-0.107304
-0.107729
-0.108063
-0.108303
-0.108446
-0.108488
-0.108422
-0.108241
-0.107935
-0.107493
-0.106902
-0.106147
-0.105209
-0.10407
-0.102706
-0.101094
-0.0992092
-0.0970258
-0.09452
-0.0916696
-0.0884565
-0.0848675
-0.0808966
-0.0765455
-0.0718255
-0.0667572
-0.0613715
-0.0557089
-0.049819
-0.0437599
-0.0375975
-0.031407
-0.0252763
-0.019315
-0.0136707
-0.00855351
-0.00426641
-0.0012319
0
0
-8.44908e-05
-0.000337538
-0.000756128
-0.00133606
-0.00207244
-0.00295983
-0.00399245
-0.00516412
-0.00646832
-0.0078982
-0.0094466
-0.0111061
-0.012869
-0.0147275
-0.0166738
-0.0187001
-0.0207984
-0.0229613
-0.0251811
-0.0274507
-0.0297629
-0.0321109
-0.0344883
-0.0368887
-0.0393061
-0.0417348
-0.0441692
-0.046604
-0.0490341
-0.0514546
-0.0538609
-0.0562484
-0.0586128
-0.0609499
-0.0632556
-0.0655262
-0.0677579
-0.0699472
-0.0720907
-0.0741851
-0.0762275
-0.078215
-0.0801447
-0.0820142
-0.0838212
-0.0855633
-0.0872385
-0.0888451
-0.0903813
-0.0918456
-0.0932366
-0.094553
-0.0957938
-0.0969579
-0.0980445
-0.0990527
-0.0999816
-0.10083
-0.101598
-0.102284
-0.102887
-0.103405
-0.103837
-0.10418
-0.104431
-0.104587
-0.104641
-0.104588
-0.104419
-0.104123
-0.103689
-0.103103
-0.102349
-0.101411
-0.100267
-0.0988959
-0.097276
-0.0953837
-0.093196
-0.0906915
-0.0878513
-0.084661
-0.0811112
-0.0771998
-0.0729322
-0.0683229
-0.0633954
-0.0581826
-0.0527259
-0.0470751
-0.0412869
-0.0354246
-0.0295588
-0.0237703
-0.0181583
-0.0128554
-0.00805127
-0.00402325
-0.00116525
0
0
-8.46866e-05
-0.000335868
-0.000748525
-0.00131698
-0.00203528
-0.00289738
-0.00389715
-0.00502836
-0.00628462
-0.00765933
-0.00914568
-0.0107367
-0.0124251
-0.0142038
-0.0160652
-0.0180021
-0.0200073
-0.0220734
-0.0241935
-0.0263607
-0.0285684
-0.0308102
-0.0330799
-0.0353715
-0.0376795
-0.0399982
-0.0423226
-0.0446476
-0.0469683
-0.0492803
-0.0515789
-0.0538601
-0.0561196
-0.0583536
-0.0605583
-0.0627301
-0.0648655
-0.0669611
-0.0690139
-0.0710207
-0.0729787
-0.0748852
-0.0767376
-0.0785336
-0.0802708
-0.0819471
-0.0835606
-0.0851095
-0.0865922
-0.0880071
-0.0893528
-0.0906281
-0.0918318
-0.0929629
-0.0940202
-0.0950029
-0.09591
-0.0967405
-0.0974932
-0.098167
-0.0987604
-0.0992717
-0.0996986
-0.100039
-0.100288
-0.100442
-0.100495
-0.10044
-0.100266
-0.0999631
-0.0995194
-0.0989207
-0.0981513
-0.0971937
-0.0960289
-0.0946366
-0.0929958
-0.0910855
-0.0888855
-0.0863775
-0.0835465
-0.0803816
-0.0768778
-0.0730366
-0.0688672
-0.0643872
-0.0596226
-0.0546078
-0.049385
-0.0440033
-0.0385179
-0.0329889
-0.027482
-0.0220708
-0.0168442
-0.0119198
-0.00746665
-0.00373445
-0.00108356
0
0
-8.57073e-05
-0.000336633
-0.000745293
-0.00130424
-0.00200636
-0.00284487
-0.00381332
-0.00490537
-0.00611473
-0.00743503
-0.00885982
-0.0103825
-0.0119963
-0.0136945
-0.0154702
-0.0173165
-0.0192268
-0.0211943
-0.0232123
-0.0252747
-0.027375
-0.0295074
-0.0316661
-0.0338454
-0.0360401
-0.0382451
-0.0404554
-0.0426663
-0.0448733
-0.0470721
-0.0492585
-0.0514286
-0.0535785
-0.0557045
-0.057803
-0.0598708
-0.0619045
-0.0639011
-0.0658575
-0.0677709
-0.0696386
-0.071458
-0.0732268
-0.0749426
-0.0766033
-0.0782068
-0.0797512
-0.0812349
-0.0826561
-0.0840133
-0.0853052
-0.0865303
-0.0876876
-0.0887757
-0.0897936
-0.0907402
-0.0916143
-0.0924147
-0.0931402
-0.0937893
-0.0943602
-0.094851
-0.0952589
-0.0955809
-0.0958129
-0.0959496
-0.095984
-0.0959076
-0.0957105
-0.0953818
-0.0949091
-0.0942786
-0.0934751
-0.0924818
-0.0912808
-0.0898536
-0.0881814
-0.0862458
-0.0840297
-0.0815186
-0.0787011
-0.0755705
-0.0721259
-0.0683724
-0.0643229
-0.0599974
-0.0554242
-0.0506385
-0.0456827
-0.0406049
-0.0354578
-0.0302979
-0.0251856
-0.0201873
-0.0153815
-0.0108712
-0.00680446
-0.00340229
-0.000987327
0
0
-8.74437e-05
-0.000339323
-0.000745229
-0.0012958
-0.00198266
-0.00279835
-0.00373604
-0.00478932
-0.00595199
-0.00721791
-0.00858091
-0.0100348
-0.0115732
-0.0131899
-0.0148784
-0.0166325
-0.0184459
-0.0203123
-0.0222257
-0.0241802
-0.0261699
-0.0281894
-0.0302332
-0.0322962
-0.0343734
-0.03646
-0.0385515
-0.0406435
-0.0427318
-0.0448122
-0.0468811
-0.0489345
-0.050969
-0.0529811
-0.0549675
-0.056925
-0.0588507
-0.0607415
-0.0625947
-0.0644076
-0.0661777
-0.0679026
-0.0695799
-0.0712074
-0.0727831
-0.074305
-0.0757713
-0.0771801
-0.07853
-0.0798192
-0.0810465
-0.0822103
-0.0833094
-0.0843425
-0.0853083
-0.0862056
-0.0870331
-0.0877894
-0.088473
-0.0890822
-0.089615
-0.0900689
-0.0904411
-0.0907278
-0.0909242
-0.0910243
-0.0910198
-0.0909017
-0.0906603
-0.0902847
-0.089763
-0.0890818
-0.0882268
-0.0871825
-0.0859328
-0.0844614
-0.082752
-0.0807893
-0.07856
-0.0760531
-0.0732614
-0.0701822
-0.0668182
-0.0631784
-0.0592784
-0.0551405
-0.0507942
-0.0462754
-0.0416255
-0.0368908
-0.032121
-0.0273684
-0.0226876
-0.0181373
-0.013786
-0.00972219
-0.00607354
-0.00303152
-0.000877955
0
0
-8.96521e-05
-0.000342929
-0.000746203
-0.00128812
-0.00195913
-0.00275117
-0.00365715
-0.0046706
-0.00578542
-0.00699565
-0.00829543
-0.00967887
-0.0111401
-0.0126732
-0.0142723
-0.0159314
-0.017645
-0.0194071
-0.0212122
-0.0230549
-0.0249299
-0.026832
-0.0287562
-0.0306978
-0.0326523
-0.0346151
-0.0365821
-0.0385492
-0.0405125
-0.0424682
-0.0444128
-0.0463427
-0.0482547
-0.0501456
-0.0520123
-0.0538518
-0.0556613
-0.057438
-0.0591794
-0.060883
-0.0625462
-0.0641669
-0.0657427
-0.0672716
-0.0687517
-0.0701809
-0.0715574
-0.0728795
-0.0741456
-0.075354
-0.0765032
-0.0775918
-0.0786184
-0.0795815
-0.0804799
-0.081312
-0.0820765
-0.0827718
-0.0833961
-0.0839476
-0.0844239
-0.0848223
-0.0851392
-0.0853705
-0.0855104
-0.0855516
-0.0854856
-0.0853035
-0.0849963
-0.0845535
-0.0839639
-0.0832154
-0.0822951
-0.0811892
-0.079884
-0.0783656
-0.0766209
-0.0746381
-0.0724075
-0.069922
-0.0671784
-0.0641777
-0.0609263
-0.0574358
-0.0537243
-0.0498158
-0.04574
-0.0415325
-0.037233
-0.032885
-0.0285345
-0.0242287
-0.020016
-0.0159475
-0.0120812
-0.00849196
-0.00528745
-0.00262971
-0.000757868
0
0
-9.18923e-05
-0.000345787
-0.000744768
-0.00127565
-0.00192797
-0.00269324
-0.00356424
-0.00453454
-0.00559813
-0.00674927
-0.00798234
-0.00929176
-0.010672
-0.0121176
-0.013623
-0.0151829
-0.0167919
-0.0184448
-0.0201364
-0.0218618
-0.0236161
-0.0253946
-0.0271929
-0.0290064
-0.0308311
-0.0326628
-0.0344977
-0.036332
-0.0381622
-0.0399847
-0.0417964
-0.0435938
-0.0453741
-0.0471342
-0.0488712
-0.0505825
-0.0522653
-0.0539172
-0.0555355
-0.057118
-0.0586625
-0.0601665
-0.0616282
-0.0630453
-0.064416
-0.0657384
-0.0670107
-0.068231
-0.0693978
-0.0705093
-0.0715641
-0.0725605
-0.0734971
-0.0743724
-0.0751849
-0.0759331
-0.0766154
-0.0772301
-0.0777753
-0.0782488
-0.0786479
-0.0789696
-0.0792098
-0.0793633
-0.0794234
-0.0793819
-0.0792314
-0.078964
-0.0785715
-0.0780445
-0.0773731
-0.0765468
-0.0755544
-0.0743847
-0.0730264
-0.0714687
-0.0697019
-0.0677177
-0.0655101
-0.0630757
-0.060415
-0.0575323
-0.0544368
-0.0511426
-0.0476691
-0.0440408
-0.0402871
-0.0364418
-0.0325422
-0.0286281
-0.0247405
-0.0209212
-0.0172118
-0.0136552
-0.0102997
-0.00720673
-0.00446489
-0.00220752
-0.000630641
0
0
-9.34633e-05
-0.000345346
-0.000735821
-0.00125032
-0.00187789
-0.00260996
-0.00343938
-0.00435984
-0.00536551
-0.00645083
-0.00761041
-0.00883896
-0.0101313
-0.0114822
-0.0128867
-0.0143397
-0.0158365
-0.0173721
-0.0189419
-0.0205415
-0.0221663
-0.0238121
-0.0254749
-0.0271506
-0.0288354
-0.0305256
-0.0322177
-0.0339082
-0.0355939
-0.0372716
-0.0389383
-0.040591
-0.0422269
-0.0438432
-0.0454373
-0.0470066
-0.0485487
-0.0500611
-0.0515416
-0.0529879
-0.0543978
-0.0557692
-0.0571002
-0.0583886
-0.0596327
-0.0608305
-0.0619802
-0.0630802
-0.0641286
-0.0651239
-0.0660643
-0.0669484
-0.0677745
-0.0685412
-0.0692468
-0.0698897
-0.0704683
-0.0709808
-0.0714251
-0.0717988
-0.0720989
-0.0723216
-0.0724622
-0.0725143
-0.0724707
-0.072325
-0.0720712
-0.0717029
-0.0712127
-0.0705929
-0.0698353
-0.0689313
-0.0678723
-0.0666494
-0.0652545
-0.0636799
-0.0619191
-0.0599675
-0.0578224
-0.055484
-0.0529556
-0.0502444
-0.0473615
-0.0443223
-0.0411466
-0.0378583
-0.0344854
-0.0310589
-0.0276123
-0.0241807
-0.0207997
-0.0175044
-0.0143295
-0.0113097
-0.00848361
-0.00590013
-0.00362981
-0.00177873
-0.000501008
0
0
-9.32326e-05
-0.000337972
-0.000712211
-0.00120095
-0.00179339
-0.00248129
-0.00325781
-0.00411691
-0.00505297
-0.00606066
-0.00713484
-0.00827046
-0.00946264
-0.0107066
-0.0119976
-0.013331
-0.0147025
-0.0161077
-0.0175423
-0.0190023
-0.0204836
-0.0219825
-0.0234952
-0.0250181
-0.0265478
-0.028081
-0.0296145
-0.0311451
-0.0326699
-0.034186
-0.0356906
-0.0371811
-0.0386548
-0.0401092
-0.0415419
-0.0429505
-0.0443326
-0.0456862
-0.047009
-0.0482989
-0.0495539
-0.0507719
-0.051951
-0.0530893
-0.054185
-0.0552363
-0.0562414
-0.0571985
-0.058106
-0.0589622
-0.0597655
-0.0605144
-0.0612072
-0.0618423
-0.0624184
-0.0629336
-0.0633863
-0.0637748
-0.0640966
-0.0643492
-0.0645289
-0.0646314
-0.0646504
-0.0645802
-0.0644163
-0.0641542
-0.0637893
-0.0633162
-0.0627293
-0.0620228
-0.0611905
-0.0602261
-0.0591234
-0.0578766
-0.0564803
-0.0549299
-0.0532224
-0.051356
-0.0493312
-0.0471507
-0.0448203
-0.0423488
-0.0397482
-0.0370343
-0.0342258
-0.0313451
-0.0284171
-0.0254689
-0.0225293
-0.0196278
-0.0167935
-0.0140548
-0.0114387
-0.00897222
-0.00668445
-0.0046127
-0.00281091
-0.00135991
-0.00037475
0
0
-8.97023e-05
-0.000318683
-0.000664492
-0.00111294
-0.00165421
-0.00228085
-0.0029866
-0.00376585
-0.00461332
-0.00552396
-0.00649292
-0.00751548
-0.00858708
-0.00970328
-0.0108598
-0.0120524
-0.0132772
-0.0145301
-0.0158075
-0.0171056
-0.0184209
-0.0197499
-0.0210895
-0.0224364
-0.0237875
-0.0251399
-0.0264907
-0.0278371
-0.0291764
-0.0305062
-0.0318238
-0.0331268
-0.034413
-0.0356799
-0.0369254
-0.0381474
-0.0393437
-0.0405122
-0.041651
-0.0427581
-0.0438317
-0.0448698
-0.0458707
-0.0468326
-0.0477537
-0.0486323
-0.0494668
-0.0502555
-0.0509968
-0.0516892
-0.052331
-0.0529208
-0.0534572
-0.0539386
-0.0543636
-0.0547307
-0.0550381
-0.0552839
-0.0554658
-0.0555804
-0.0556231
-0.0555891
-0.0554748
-0.0552775
-0.0549942
-0.0546218
-0.0541568
-0.0535958
-0.0529349
-0.0521701
-0.0512976
-0.0503135
-0.0492142
-0.0479963
-0.0466574
-0.0451958
-0.0436108
-0.0419034
-0.0400762
-0.0381339
-0.0360833
-0.0339337
-0.0316971
-0.0293879
-0.0270229
-0.0246212
-0.0222037
-0.0197925
-0.0174106
-0.0150809
-0.012826
-0.0106668
-0.00862324
-0.00671451
-0.00496132
-0.00339026
-0.00204029
-0.000969531
-0.000258381
0
0
-8.07808e-05
-0.000281264
-0.000581062
-0.000968363
-0.00143518
-0.00197533
-0.00258342
-0.00325446
-0.00398368
-0.00476652
-0.00559854
-0.00647547
-0.00739322
-0.00834781
-0.00933542
-0.0103524
-0.0113951
-0.0124603
-0.0135445
-0.0146446
-0.0157576
-0.0168804
-0.0180102
-0.0191442
-0.0202799
-0.0214145
-0.0225456
-0.0236709
-0.0247879
-0.0258945
-0.0269884
-0.0280674
-0.0291296
-0.030173
-0.0311955
-0.0321952
-0.0331704
-0.0341192
-0.0350398
-0.0359305
-0.0367896
-0.0376155
-0.0384066
-0.0391613
-0.039878
-0.0405553
-0.0411916
-0.0417856
-0.0423358
-0.0428408
-0.0432993
-0.04371
-0.0440717
-0.0443831
-0.044643
-0.0448496
-0.0450015
-0.0450969
-0.0451321
-0.0451036
-0.045009
-0.044847
-0.0446159
-0.0443143
-0.0439403
-0.0434922
-0.0429682
-0.0423662
-0.0416843
-0.0409206
-0.0400732
-0.0391403
-0.0381207
-0.0370134
-0.0358181
-0.0345351
-0.0331659
-0.0317129
-0.0301799
-0.0285723
-0.0268968
-0.0251621
-0.0233784
-0.0215578
-0.0197135
-0.0178603
-0.0160139
-0.0141907
-0.012407
-0.0106791
-0.00902225
-0.00745082
-0.00597782
-0.00461559
-0.00337741
-0.00228056
-0.00135075
-0.000626317
-0.000158583
0
0
-6.39902e-05
-0.000218748
-0.000449025
-0.000746905
-0.00110693
-0.00152454
-0.00199556
-0.00251592
-0.00308171
-0.00368914
-0.00433455
-0.0050144
-0.00572531
-0.00646404
-0.00722744
-0.00801254
-0.00881644
-0.00963637
-0.0104697
-0.0113137
-0.0121661
-0.0130244
-0.0138863
-0.0147496
-0.0156121
-0.0164717
-0.0173265
-0.0181744
-0.0190137
-0.0198424
-0.0206587
-0.0214611
-0.0222477
-0.023017
-0.0237673
-0.0244972
-0.0252052
-0.0258897
-0.0265494
-0.027183
-0.0277889
-0.0283661
-0.0289131
-0.0294287
-0.0299118
-0.0303612
-0.0307758
-0.0311544
-0.0314961
-0.0317997
-0.0320644
-0.0322892
-0.0324733
-0.0326158
-0.0327155
-0.0327705
-0.0327776
-0.0327378
-0.0326488
-0.0325102
-0.0323214
-0.0320819
-0.031791
-0.0314482
-0.0310531
-0.030605
-0.0301033
-0.0295477
-0.0289375
-0.0282726
-0.0275525
-0.0267774
-0.0259475
-0.0250633
-0.024126
-0.023137
-0.0220986
-0.0210137
-0.019886
-0.0187202
-0.0175218
-0.0162973
-0.015054
-0.0138002
-0.0125448
-0.0112974
-0.0100677
-0.00886577
-0.00770152
-0.00658445
-0.00552349
-0.00452677
-0.00360161
-0.00275482
-0.00199367
-0.00132774
-0.000771501
-0.000346585
-8.12912e-05
0
0
-3.69909e-05
-0.000124976
-0.000256574
-0.000428435
-0.000637877
-0.00088232
-0.00115921
-0.00146602
-0.00180026
-0.00215955
-0.00254155
-0.00294402
-0.00336481
-0.00380187
-0.0042532
-0.0047169
-0.00519113
-0.00567413
-0.00616419
-0.00665966
-0.00715897
-0.00766059
-0.00816304
-0.0086649
-0.00916479
-0.00966137
-0.0101534
-0.0106395
-0.0111186
-0.0115895
-0.0120511
-0.0125023
-0.0129419
-0.0133691
-0.0137828
-0.0141821
-0.014566
-0.0149336
-0.0152841
-0.0156167
-0.0159305
-0.0162249
-0.016499
-0.0167522
-0.0169839
-0.0171933
-0.0173798
-0.017543
-0.0176822
-0.017797
-0.0178868
-0.0179512
-0.0179898
-0.0180026
-0.0179877
-0.0179437
-0.0178716
-0.0177719
-0.0176444
-0.0174892
-0.0173063
-0.0170958
-0.0168578
-0.0165923
-0.0162996
-0.0159799
-0.0156334
-0.0152605
-0.0148615
-0.0144369
-0.0139872
-0.0135132
-0.0130156
-0.0124956
-0.0119543
-0.0113932
-0.010814
-0.0102188
-0.00961002
-0.00899028
-0.00836258
-0.00773022
-0.00709681
-0.00646618
-0.00584239
-0.00522957
-0.00463191
-0.00405359
-0.00349865
-0.00297098
-0.00247422
-0.00201171
-0.00158649
-0.0012014
-0.000859424
-0.000564336
-0.000321755
-0.00014003
-3.00409e-05
0
0
0
0
0
0
0
0
0
0
0
0
0
0
0
0
0
0
0
0
0
0
0
0
0
0
0
0
0
0
0
0
0
0
0
0
0
0
0
0
0
0
0
0
0
0
0
0
0
0
0
0
0
0
0
0
0
0
0
0
0
0
0
0
0
0
0
0
0
0
0
0
0
0
0
0
0
0
0
0
0
0
0
0
0
0
0
0
0
0
0
0
0
0
0
0
0
0
0
0
0
0
0
2.63631e-10
2.4201e-10
2.44782e-10
2.48057e-10
2.61149e-10
2.61909e-10
2.55862e-10
2.44449e-10
2.36701e-10
2.34019e-10
2.41193e-10
2.54817e-10
2.61513e-10
2.68775e-10
2.70743e-10
2.69547e-10
2.66231e-10
2.54043e-10
2.3776e-10
2.22991e-10
2.14091e-10
2.07586e-10
2.07189e-10
2.08551e-10
2.1274e-10
2.19776e-10
2.2697e-10
2.3602e-10
2.36419e-10
2.30323e-10
2.14997e-10
1.98024e-10
1.81415e-10
1.62253e-10
1.53506e-10
1.49211e-10
1.47431e-10
1.4616e-10
1.47052e-10
1.44959e-10
1.39105e-10
1.36463e-10
1.37732e-10
1.41641e-10
1.46169e-10
1.57077e-10
1.62932e-10
1.62375e-10
1.63459e-10
1.62148e-10
1.63495e-10
1.65293e-10
1.66349e-10
1.65876e-10
1.61477e-10
1.53592e-10
1.45948e-10
1.40798e-10
1.35694e-10
1.28972e-10
1.22336e-10
1.17751e-10
1.17281e-10
1.19596e-10
1.20409e-10
1.18938e-10
1.15849e-10
1.13508e-10
1.09509e-10
9.99535e-11
8.74187e-11
7.6009e-11
7.01328e-11
7.03389e-11
6.67713e-11
6.91065e-11
7.90784e-11
8.23035e-11
7.66816e-11
6.68432e-11
5.91097e-11
4.65782e-11
3.56784e-11
3.78901e-11
3.70645e-11
4.05819e-11
4.13676e-11
3.3137e-11
2.82251e-11
2.18265e-11
1.51439e-11
1.16856e-11
1.45291e-11
2.07076e-11
2.19226e-11
1.54111e-11
3.24513e-12
-2.8972e-12
-5.73263e-12
0
0
1.93117e-07
7.06929e-07
1.32641e-06
1.88709e-06
2.28984e-06
2.48159e-06
2.43881e-06
2.15612e-06
1.63877e-06
8.974e-07
-5.42346e-08
-1.20186e-06
-2.53284e-06
-4.03563e-06
-5.70063e-06
-7.52032e-06
-9.48912e-06
-1.16032e-05
-1.38602e-05
-1.62589e-05
-1.87985e-05
-2.14789e-05
-2.42999e-05
-2.72608e-05
-3.03606e-05
-3.3597e-05
-3.6967e-05
-4.04659e-05
-4.40878e-05
-4.78251e-05
-5.16683e-05
-5.56063e-05
-5.96258e-05
-6.37117e-05
-6.78469e-05
-7.20123e-05
-7.61866e-05
-8.03469e-05
-8.44681e-05
-8.85234e-05
-9.24842e-05
-9.63204e-05
-0.000100001
-0.000103492
-0.000106762
-0.000109774
-0.000112496
-0.000114891
-0.000116926
-0.000118566
-0.000119779
-0.000120533
-0.000120802
-0.000120564
-0.000119805
-0.000118511
-0.000116674
-0.000114289
-0.000111359
-0.00010789
-0.000103898
-9.9406e-05
-9.44421e-05
-8.90434e-05
-8.32533e-05
-7.71221e-05
-7.07064e-05
-6.4068e-05
-5.72736e-05
-5.03934e-05
-4.35001e-05
-3.66678e-05
-2.99704e-05
-2.34803e-05
-1.72669e-05
-1.13955e-05
-5.92585e-06
-9.11251e-07
3.60287e-06
7.57759e-06
1.09857e-05
1.38109e-05
1.60462e-05
1.76937e-05
1.87641e-05
1.9277e-05
1.9259e-05
1.87465e-05
1.77801e-05
1.64089e-05
1.46896e-05
1.26887e-05
1.04845e-05
8.17119e-06
5.86354e-06
3.7031e-06
1.86172e-06
5.35289e-07
-8.68035e-08
0
0
7.11065e-07
2.22031e-06
3.92028e-06
5.35898e-06
6.23934e-06
6.38431e-06
5.70688e-06
4.17231e-06
1.78643e-06
-1.42279e-06
-5.41722e-06
-1.01538e-05
-1.55906e-05
-2.16892e-05
-2.84168e-05
-3.57463e-05
-4.36568e-05
-5.2133e-05
-6.11637e-05
-7.07414e-05
-8.08605e-05
-9.15163e-05
-0.000102704
-0.000114417
-0.000126646
-0.000139379
-0.0001526
-0.000166286
-0.000180409
-0.000194937
-0.00020983
-0.00022504
-0.000240514
-0.000256191
-0.000272002
-0.000287873
-0.000303719
-0.000319453
-0.000334979
-0.000350194
-0.000364991
-0.000379257
-0.000392876
-0.000405727
-0.000417688
-0.000428635
-0.000438442
-0.000446986
-0.000454147
-0.000459806
-0.000463853
-0.000466185
-0.000466714
-0.00046537
-0.000462096
-0.000456849
-0.000449604
-0.000440349
-0.0004291
-0.000415891
-0.000400782
-0.000383858
-0.000365227
-0.000345026
-0.000323412
-0.000300567
-0.000276693
-0.000252014
-0.000226766
-0.000201199
-0.000175573
-0.000150152
-0.000125199
-0.000100973
-7.77222e-05
-5.56827e-05
-3.50706e-05
-1.60798e-05
1.12142e-06
1.63915e-05
2.9621e-05
4.0742e-05
4.97219e-05
5.65613e-05
6.12931e-05
6.39819e-05
6.47221e-05
6.36402e-05
6.08859e-05
5.66393e-05
5.11101e-05
4.45433e-05
3.7225e-05
2.94913e-05
2.17377e-05
1.44273e-05
8.08846e-06
3.28552e-06
5.33325e-07
0
0
1.34118e-06
3.9331e-06
6.6747e-06
8.76339e-06
9.65556e-06
9.01629e-06
6.66347e-06
2.52277e-06
-3.40721e-06
-1.10825e-05
-2.0434e-05
-3.13821e-05
-4.38462e-05
-5.77512e-05
-7.3031e-05
-8.96302e-05
-0.000107505
-0.000126619
-0.000146948
-0.000168471
-0.000191171
-0.000215032
-0.000240038
-0.000266167
-0.000293393
-0.000321682
-0.000350989
-0.000381261
-0.00041243
-0.000444417
-0.000477127
-0.000510454
-0.000544273
-0.000578447
-0.000612823
-0.000647234
-0.000681499
-0.000715422
-0.000748794
-0.000781396
-0.000812997
-0.000843357
-0.000872228
-0.000899359
-0.000924491
-0.000947366
-0.000967729
-0.000985326
-0.00099991
-0.00101125
-0.00101912
-0.00102332
-0.00102368
-0.00102007
-0.00101236
-0.00100049
-0.00098439
-0.000964067
-0.000939555
-0.000910938
-0.00087835
-0.000841971
-0.000802037
-0.000758828
-0.000712678
-0.000663963
-0.000613103
-0.000560555
-0.000506808
-0.000452378
-0.000397798
-0.00034361
-0.000290358
-0.000238575
-0.000188778
-0.000141456
-9.7061e-05
-5.60007e-05
-1.86308e-05
1.47492e-05
4.39008e-05
6.86567e-05
8.89371e-05
0.000104731
0.000116096
0.000123157
0.000126104
0.00012519
0.00012073
0.000113099
0.000102736
9.01526e-05
7.59398e-05
6.07835e-05
4.54742e-05
3.09134e-05
1.8102e-05
8.09047e-06
1.85721e-06
0
0
1.91262e-06
5.36534e-06
8.72226e-06
1.08052e-05
1.08049e-05
8.21795e-06
2.75758e-06
-5.69825e-06
-1.71604e-05
-3.15682e-05
-4.88196e-05
-6.87935e-05
-9.13648e-05
-0.000116415
-0.000143839
-0.000173545
-0.000205458
-0.00023952
-0.00027568
-0.000313899
-0.000354141
-0.00039637
-0.000440549
-0.000486631
-0.00053456
-0.000584265
-0.00063566
-0.00068864
-0.000743077
-0.000798825
-0.000855711
-0.000913539
-0.000972088
-0.00103112
-0.00109035
-0.0011495
-0.00120825
-0.00126626
-0.00132317
-0.00137861
-0.00143219
-0.00148349
-0.00153212
-0.00157763
-0.00161962
-0.00165764
-0.00169129
-0.00172015
-0.00174382
-0.00176192
-0.00177412
-0.00178009
-0.00177956
-0.00177233
-0.0017582
-0.00173706
-0.00170885
-0.00167357
-0.00163129
-0.00158218
-0.00152646
-0.00146444
-0.00139652
-0.00132316
-0.00124492
-0.00116242
-0.00107634
-0.000987446
-0.000896529
-0.000804436
-0.000712039
-0.000620228
-0.000529894
-0.000441918
-0.000357153
-0.000276407
-0.000200434
-0.000129917
-6.5457e-05
-7.56106e-06
4.33628e-05
8.70148e-05
0.000123219
0.000151939
0.000173253
0.000187349
0.000194529
0.000195201
0.000189881
0.000179189
0.00016385
0.000144706
0.000122726
9.90226e-05
7.48591e-05
5.1657e-05
3.09765e-05
1.44585e-05
3.70107e-06
0
0
2.31085e-06
6.16338e-06
9.39882e-06
1.04699e-05
8.31313e-06
2.25337e-06
-8.09197e-06
-2.28907e-05
-4.21611e-05
-6.5823e-05
-9.37386e-05
-0.000125741
-0.000161658
-0.000201323
-0.000244584
-0.000291311
-0.000341392
-0.000394736
-0.000451265
-0.000510911
-0.000573611
-0.0006393
-0.000707907
-0.000779347
-0.000853522
-0.000930309
-0.00100956
-0.0010911
-0.00117472
-0.00126018
-0.00134721
-0.0014355
-0.00152469
-0.00161442
-0.00170426
-0.00179377
-0.00188245
-0.00196981
-0.00205529
-0.00213834
-0.00221837
-0.00229478
-0.00236697
-0.00243429
-0.00249615
-0.00255191
-0.00260098
-0.00264277
-0.0026767
-0.00270225
-0.00271893
-0.00272629
-0.00272399
-0.00271169
-0.00268917
-0.00265626
-0.0026129
-0.00255912
-0.00249505
-0.00242092
-0.00233708
-0.00224401
-0.00214227
-0.00203257
-0.0019157
-0.00179256
-0.00166416
-0.00153157
-0.00139597
-0.00125856
-0.00112061
-0.000983408
-0.000848246
-0.000716403
-0.000589123
-0.000467593
-0.00035292
-0.000246117
-0.000148077
-5.95643e-05
1.88018e-05
8.65584e-05
0.000143407
0.000189238
0.000224135
0.000248352
0.000262303
0.000266569
0.000261889
0.000249162
0.000229441
0.000203947
0.000174079
0.000141426
0.000107786
7.51615e-05
4.57441e-05
2.18625e-05
5.8786e-06
0
0
2.46031e-06
6.07073e-06
8.20335e-06
6.97416e-06
1.09001e-06
-1.02723e-05
-2.75781e-05
-5.10294e-05
-8.06434e-05
-0.000116315
-0.000157865
-0.000205078
-0.000257728
-0.000315598
-0.000378487
-0.00044622
-0.000518645
-0.00059563
-0.000677064
-0.000762841
-0.000852862
-0.000947021
-0.0010452
-0.00114727
-0.00125307
-0.00136241
-0.00147505
-0.00159074
-0.00170915
-0.00182995
-0.00195272
-0.00207702
-0.00220235
-0.00232816
-0.00245385
-0.00257881
-0.00270234
-0.00282373
-0.00294224
-0.00305709
-0.00316747
-0.00327256
-0.00337154
-0.00346355
-0.00354777
-0.00362338
-0.00368955
-0.00374552
-0.00379055
-0.00382393
-0.00384503
-0.0038533
-0.00384824
-0.00382947
-0.0037967
-0.00374972
-0.00368849
-0.00361305
-0.0035236
-0.00342049
-0.0033042
-0.00317537
-0.00303478
-0.00288337
-0.00272221
-0.00255251
-0.00237562
-0.00219297
-0.00200612
-0.00181669
-0.00162637
-0.00143689
-0.00124998
-0.00106736
-0.000890711
-0.00072164
-0.000561659
-0.000412152
-0.000274355
-0.000149333
-3.79567e-05
5.911e-05
0.000141424
0.000208773
0.000261202
0.000299014
0.000322737
0.000333125
0.000331156
0.000318025
0.000295146
0.00026415
0.0002269
0.00018551
0.000142349
0.000100055
6.1513e-05
2.98246e-05
8.23113e-06
0
0
2.30917e-06
4.90296e-06
4.75515e-06
-2.936e-07
-1.1726e-05
-3.04792e-05
-5.70762e-05
-9.17345e-05
-0.000134456
-0.0001851
-0.00024344
-0.000309204
-0.000382111
-0.000461887
-0.00054828
-0.000641065
-0.000740043
-0.000845041
-0.000955901
-0.00107248
-0.00119462
-0.00132217
-0.00145497
-0.00159279
-0.00173542
-0.00188257
-0.00203391
-0.00218907
-0.00234762
-0.00250905
-0.00267282
-0.0028383
-0.00300484
-0.00317168
-0.00333804
-0.00350307
-0.00366587
-0.00382551
-0.00398101
-0.00413135
-0.00427548
-0.00441236
-0.0045409
-0.00466005
-0.00476873
-0.0048659
-0.00495055
-0.00502171
-0.00507844
-0.00511989
-0.00514527
-0.0051539
-0.00514519
-0.00511866
-0.00507396
-0.00501089
-0.00492938
-0.00482954
-0.00471164
-0.00457613
-0.00442366
-0.00425503
-0.00407126
-0.00387353
-0.0036632
-0.00344182
-0.00321107
-0.00297278
-0.00272892
-0.00248154
-0.00223277
-0.00198482
-0.00173989
-0.00150017
-0.00126782
-0.0010449
-0.000833375
-0.000635037
-0.00045151
-0.000284199
-0.000134271
-2.63277e-06
0.000110093
0.000203577
0.000277796
0.000333054
0.000369978
0.000389492
0.000392811
0.000381443
0.000357174
0.000322072
0.000278494
0.000229102
0.000176881
0.00012514
7.75142e-05
3.79438e-05
1.06337e-05
0
0
1.82102e-06
2.51768e-06
-1.23624e-06
-1.18108e-05
-3.08182e-05
-5.92662e-05
-9.77009e-05
-0.000146329
-0.000205118
-0.000273877
-0.00035232
-0.000440115
-0.000536916
-0.000642392
-0.000756234
-0.000878161
-0.00100793
-0.00114531
-0.00129009
-0.00144208
-0.00160107
-0.00176685
-0.00193916
-0.00211773
-0.00230221
-0.00249224
-0.00268737
-0.00288707
-0.00309079
-0.00329785
-0.00350754
-0.00371904
-0.00393149
-0.00414393
-0.00435535
-0.00456468
-0.00477078
-0.00497245
-0.00516848
-0.0053576
-0.0055385
-0.00570989
-0.00587044
-0.00601883
-0.00615379
-0.00627403
-0.00637832
-0.0064655
-0.00653446
-0.00658417
-0.00661371
-0.00662225
-0.00660911
-0.00657373
-0.00651572
-0.00643484
-0.00633106
-0.00620452
-0.00605558
-0.00588481
-0.005693
-0.00548115
-0.00525051
-0.00500251
-0.00473882
-0.0044613
-0.00417201
-0.00387318
-0.00356719
-0.00325654
-0.00294384
-0.00263177
-0.00232304
-0.00202035
-0.00172634
-0.00144359
-0.00117452
-0.000921399
-0.00068627
-0.000470924
-0.000276865
-0.000105282
4.29806e-05
0.000167439
0.000267986
0.000344901
0.000398865
0.000430949
0.000442603
0.000435643
0.00041224
0.000374914
0.000326535
0.000270343
0.00020996
0.000149408
9.31102e-05
4.58974e-05
1.29915e-05
0
0
9.68852e-07
-1.18845e-06
-9.99705e-06
-2.79517e-05
-5.67285e-05
-9.73518e-05
-0.000150349
-0.000215883
-0.000293862
-0.000384026
-0.000486019
-0.000599436
-0.000723864
-0.000858905
-0.00100419
-0.00115938
-0.00132417
-0.00149828
-0.00168145
-0.00187341
-0.0020739
-0.00228261
-0.00249922
-0.00272334
-0.00295454
-0.00319231
-0.00343607
-0.00368515
-0.00393881
-0.00419621
-0.00445643
-0.00471846
-0.00498119
-0.00524346
-0.005504
-0.00576149
-0.00601454
-0.0062617
-0.00650148
-0.00673234
-0.00695272
-0.00716107
-0.00735581
-0.00753537
-0.00769823
-0.00784289
-0.00796791
-0.00807192
-0.00815362
-0.00821185
-0.00824551
-0.00825368
-0.00823556
-0.00819051
-0.00811811
-0.0080181
-0.00789045
-0.00773538
-0.00755331
-0.00734493
-0.00711119
-0.00685329
-0.00657267
-0.00627105
-0.00595039
-0.00561288
-0.00526095
-0.00489722
-0.00452451
-0.00414578
-0.00376412
-0.00338271
-0.00300477
-0.00263353
-0.00227218
-0.0019238
-0.00159135
-0.00127758
-0.000985005
-0.000715836
-0.000471965
-0.000254907
-6.57712e-05
9.47624e-05
0.000226466
0.000329577
0.000404803
0.000453325
0.000476797
0.000477337
0.000457498
0.000420266
0.00036904
0.000307654
0.000240396
0.000172024
0.000107785
5.34318e-05
1.52335e-05
0
0
-2.67671e-07
-6.29708e-06
-2.1702e-05
-4.90092e-05
-8.98836e-05
-0.000145304
-0.000215731
-0.000301246
-0.000401667
-0.000516647
-0.000645739
-0.000788457
-0.00094431
-0.00111283
-0.00129358
-0.00148616
-0.0016902
-0.00190536
-0.00213132
-0.00236773
-0.00261425
-0.0028705
-0.00313604
-0.00341038
-0.00369297
-0.00398314
-0.00428016
-0.0045832
-0.00489133
-0.0052035
-0.00551859
-0.00583535
-0.00615245
-0.00646846
-0.00678187
-0.0070911
-0.00739447
-0.00769027
-0.00797674
-0.00825207
-0.00851444
-0.00876202
-0.00899297
-0.00920549
-0.0093978
-0.0095682
-0.00971501
-0.00983669
-0.00993177
-0.00999889
-0.0100369
-0.0100446
-0.0100212
-0.009966
-0.00987849
-0.00975842
-0.00960576
-0.00942077
-0.00920397
-0.00895616
-0.00867842
-0.00837213
-0.00803898
-0.00768092
-0.00730021
-0.00689936
-0.00648118
-0.00604867
-0.00560509
-0.00515387
-0.00469858
-0.00424291
-0.00379063
-0.00334551
-0.0029113
-0.00249163
-0.00209002
-0.00170974
-0.00135381
-0.00102493
-0.000725415
-0.000457152
-0.000221563
-1.95675e-05
0.000148442
0.000282621
0.00038368
0.000452893
0.000492082
0.000503634
0.000490476
0.000456057
0.00040432
0.000339712
0.000267203
0.000192311
0.000121128
6.03507e-05
1.73072e-05
0
0
-1.90387e-06
-1.2871e-05
-3.64861e-05
-7.52102e-05
-0.000130614
-0.000203564
-0.000294399
-0.000403075
-0.000529291
-0.000672581
-0.000832396
-0.00100815
-0.00119927
-0.00140521
-0.00162545
-0.00185953
-0.00210702
-0.0023675
-0.00264057
-0.00292583
-0.00322282
-0.00353107
-0.00385003
-0.00417909
-0.00451753
-0.00486456
-0.00521926
-0.00558061
-0.00594748
-0.00631861
-0.00669264
-0.00706809
-0.00744336
-0.00781678
-0.00818655
-0.00855083
-0.00890766
-0.00925506
-0.00959098
-0.00991334
-0.01022
-0.010509
-0.0107781
-0.0110253
-0.0112486
-0.0114461
-0.0116159
-0.0117562
-0.0118654
-0.011942
-0.0119847
-0.0119922
-0.0119636
-0.0118981
-0.0117952
-0.0116545
-0.0114761
-0.0112603
-0.0110077
-0.0107191
-0.0103958
-0.0100393
-0.00965152
-0.00923468
-0.0087913
-0.00832422
-0.00783659
-0.00733183
-0.00681359
-0.00628579
-0.00575249
-0.00521791
-0.00468636
-0.00416217
-0.00364968
-0.00315311
-0.00267654
-0.00222384
-0.00179857
-0.00140394
-0.00104276
-0.000717328
-0.000429434
-0.000180287
2.9508e-05
0.000199982
0.000331811
0.000426326
0.000485507
0.00051198
0.000509012
0.000480499
0.00043094
0.000365408
0.00028957
0.000209721
0.000132815
6.65048e-05
1.91743e-05
0
0
-3.95312e-06
-2.09585e-05
-5.44523e-05
-0.000106725
-0.000179167
-0.00027246
-0.00038676
-0.000521854
-0.000677281
-0.000852437
-0.00104664
-0.00125921
-0.00148945
-0.00173674
-0.00200049
-0.00228016
-0.00257523
-0.00288523
-0.00320966
-0.00354804
-0.00389981
-0.00426439
-0.0046411
-0.00502919
-0.00542779
-0.00583593
-0.00625251
-0.00667631
-0.00710597
-0.00754001
-0.00797681
-0.00841466
-0.00885169
-0.00928594
-0.00971536
-0.0101378
-0.0105511
-0.0109529
-0.0113408
-0.0117127
-0.012066
-0.0123984
-0.0127076
-0.0129913
-0.0132472
-0.0134732
-0.0136672
-0.0138273
-0.0139517
-0.0140386
-0.0140867
-0.0140945
-0.0140611
-0.0139855
-0.0138672
-0.0137059
-0.0135015
-0.0132544
-0.0129652
-0.012635
-0.0122649
-0.0118569
-0.0114129
-0.0109354
-0.0104272
-0.00989135
-0.00933146
-0.00875129
-0.00815494
-0.00754675
-0.00693131
-0.00631335
-0.00569774
-0.00508941
-0.00449328
-0.00391419
-0.00335686
-0.00282573
-0.00232499
-0.00185841
-0.00142931
-0.00104049
-0.000694145
-0.000391838
-0.000134433
7.79225e-05
0.000245827
0.000370629
0.000454434
0.00050009
0.000511185
0.000492032
0.000447671
0.00038381
0.00030683
0.000223817
0.000142597
7.17815e-05
2.08078e-05
0
0
-6.42489e-06
-3.0595e-05
-7.56743e-05
-0.000143676
-0.000235717
-0.000352218
-0.000493092
-0.000657905
-0.000846001
-0.0010566
-0.00128889
-0.00154203
-0.00181524
-0.0021078
-0.00241903
-0.00274831
-0.00309504
-0.00345867
-0.00383861
-0.00423427
-0.004645
-0.00507008
-0.00550871
-0.00595997
-0.00642284
-0.00689615
-0.00737861
-0.00786877
-0.00836505
-0.00886573
-0.00936894
-0.00987269
-0.0103748
-0.0108732
-0.0113654
-0.011849
-0.0123215
-0.0127803
-0.0132229
-0.0136466
-0.0140487
-0.0144268
-0.014778
-0.0151
-0.0153903
-0.0156464
-0.0158661
-0.0160473
-0.016188
-0.0162864
-0.0163408
-0.0163498
-0.0163123
-0.0162273
-0.0160941
-0.0159124
-0.0156821
-0.0154037
-0.0150778
-0.0147054
-0.014288
-0.0138275
-0.0133261
-0.0127864
-0.0122115
-0.0116048
-0.0109702
-0.0103118
-0.00963412
-0.008942
-0.00824048
-0.00753485
-0.00683054
-0.00613306
-0.00544798
-0.00478076
-0.00413677
-0.00352112
-0.00293863
-0.00239368
-0.00189018
-0.00143148
-0.00102024
-0.000658429
-0.000347242
-8.70531e-05
0.000122603
0.000283051
0.000396479
0.000465929
0.000495291
0.000489279
0.000453444
0.000394127
0.000318432
0.000234246
0.000150276
7.60967e-05
2.21886e-05
0
0
-9.32558e-06
-4.18037e-05
-0.0001002
-0.000186139
-0.000300369
-0.000442971
-0.000613551
-0.000811403
-0.00103563
-0.00128526
-0.0015593
-0.00185677
-0.00217677
-0.00251847
-0.00288109
-0.00326392
-0.0036663
-0.00408756
-0.00452702
-0.004984
-0.00545772
-0.00594732
-0.00645187
-0.00697027
-0.00750132
-0.00804367
-0.00859579
-0.00915604
-0.00972257
-0.0102934
-0.0108665
-0.0114394
-0.0120099
-0.0125755
-0.0131334
-0.0136809
-0.0142154
-0.0147339
-0.0152336
-0.0157115
-0.0161648
-0.0165905
-0.0169859
-0.0173482
-0.0176746
-0.0179626
-0.0182097
-0.0184135
-0.0185721
-0.0186832
-0.0187453
-0.0187567
-0.0187162
-0.0186227
-0.0184754
-0.0182741
-0.0180185
-0.0177092
-0.0173466
-0.0169321
-0.0164671
-0.0159535
-0.0153938
-0.0147908
-0.0141479
-0.0134685
-0.0127571
-0.0120179
-0.011256
-0.0104766
-0.00968534
-0.00888791
-0.00809036
-0.00729883
-0.0065195
-0.00575853
-0.00502194
-0.00431556
-0.00364487
-0.00301494
-0.00243033
-0.00189497
-0.00141208
-0.000984097
-0.0006126
-0.00029826
-4.08013e-05
0.000161023
0.000309437
0.000407643
0.0004598
0.000471011
0.000447315
0.000395673
0.000323909
0.000240718
0.000155698
7.93877e-05
2.33037e-05
0
0
-1.26588e-05
-5.45965e-05
-0.000128051
-0.000234146
-0.000373164
-0.000544765
-0.000748181
-0.000982381
-0.0012462
-0.00153841
-0.00185783
-0.00220333
-0.00257388
-0.0029685
-0.00338635
-0.0038266
-0.00428849
-0.00477126
-0.00527415
-0.00579633
-0.0063369
-0.00689489
-0.00746917
-0.00805849
-0.00866146
-0.00927651
-0.00990191
-0.0105358
-0.011176
-0.0118204
-0.0124665
-0.0131119
-0.0137538
-0.0143894
-0.0150159
-0.0156302
-0.0162293
-0.0168101
-0.0173693
-0.0179038
-0.0184105
-0.0188862
-0.0193279
-0.0197324
-0.020097
-0.0204188
-0.0206951
-0.0209235
-0.0211016
-0.0212272
-0.0212986
-0.0213139
-0.0212717
-0.021171
-0.0210109
-0.020791
-0.020511
-0.0201714
-0.0197729
-0.0193165
-0.018804
-0.0182372
-0.0176189
-0.0169518
-0.0162396
-0.0154863
-0.0146961
-0.0138739
-0.0130252
-0.0121555
-0.0112709
-0.0103777
-0.00948255
-0.00859214
-0.00771333
-0.00685298
-0.00601782
-0.0052144
-0.00444894
-0.00372725
-0.00305457
-0.00243552
-0.00187392
-0.00137275
-0.000934062
-0.000558885
-0.000247201
2.10065e-06
0.000191229
0.000323498
0.000403305
0.000436118
0.000428444
0.000387842
0.000322856
0.000242991
0.000158739
8.16063e-05
2.41443e-05
0
0
-1.6425e-05
-6.89739e-05
-0.000159226
-0.000287687
-0.000454079
-0.000657557
-0.000896913
-0.00117074
-0.00147754
-0.00181584
-0.00218423
-0.00258139
-0.00300615
-0.00345741
-0.00393419
-0.0044356
-0.00496075
-0.00550879
-0.00607884
-0.00666995
-0.0072811
-0.00791115
-0.00855881
-0.00922265
-0.00990108
-0.0105923
-0.0112944
-0.0120052
-0.0127224
-0.0134435
-0.0141658
-0.0148866
-0.0156028
-0.0163115
-0.0170093
-0.017693
-0.0183593
-0.0190048
-0.0196261
-0.0202197
-0.0207821
-0.0213101
-0.0218002
-0.0222493
-0.0226543
-0.023012
-0.0233196
-0.0235745
-0.0237741
-0.0239161
-0.0239986
-0.0240196
-0.0239775
-0.0238713
-0.0236998
-0.0234626
-0.0231596
-0.0227909
-0.0223572
-0.0218598
-0.0213001
-0.0206804
-0.0200032
-0.0192718
-0.0184897
-0.0176611
-0.0167907
-0.0158837
-0.0149457
-0.0139829
-0.0130017
-0.012009
-0.011012
-0.0100181
-0.00903464
-0.00806932
-0.00712959
-0.00622277
-0.00535587
-0.00453546
-0.00376756
-0.00305753
-0.00240987
-0.0018282
-0.00131509
-0.000872033
-0.000499329
-0.000196078
3.9854e-05
0.000211839
0.000324474
0.000383557
0.000396052
0.000370084
0.000314911
0.000240852
0.000159292
8.2714e-05
2.4704e-05
0
0
-2.06219e-05
-8.49245e-05
-0.000193696
-0.000346712
-0.000543032
-0.000781224
-0.00105957
-0.00137624
-0.00172937
-0.00211718
-0.00253802
-0.00299039
-0.00347292
-0.0039844
-0.00452374
-0.00508991
-0.00568193
-0.00629884
-0.00693963
-0.00760324
-0.0082885
-0.0089941
-0.0097186
-0.0104604
-0.0112176
-0.0119883
-0.0127704
-0.0135613
-0.0143585
-0.0151594
-0.0159608
-0.0167599
-0.0175533
-0.0183376
-0.0191094
-0.0198652
-0.0206014
-0.0213142
-0.0219999
-0.022655
-0.0232756
-0.0238582
-0.0243992
-0.0248952
-0.0253427
-0.0257386
-0.0260798
-0.0263634
-0.0265868
-0.0267474
-0.026843
-0.0268717
-0.0268318
-0.0267219
-0.0265409
-0.0262882
-0.0259636
-0.0255672
-0.0250996
-0.0245621
-0.0239562
-0.023284
-0.0225483
-0.0217524
-0.0208999
-0.0199954
-0.0190436
-0.0180502
-0.0170209
-0.0159625
-0.0148818
-0.0137861
-0.0126833
-0.0115812
-0.0104882
-0.00941238
-0.00836214
-0.00734554
-0.00637044
-0.00544425
-0.00457382
-0.00376529
-0.00302398
-0.00235417
-0.0017591
-0.00124076
-0.000799878
-0.000435839
-0.000146653
7.10488e-05
0.000222012
0.000312326
0.000349391
0.000341881
0.00029974
0.000234104
0.000157262
8.26726e-05
2.49778e-05
0
0
-2.52439e-05
-0.000102425
-0.000231411
-0.000411128
-0.000639877
-0.000915559
-0.00123588
-0.00159852
-0.00200123
-0.00244188
-0.00291856
-0.00342954
-0.0039733
-0.00454847
-0.00515381
-0.0057882
-0.00645054
-0.00713975
-0.0078547
-0.00859419
-0.0093569
-0.0101414
-0.010946
-0.0117689
-0.0126081
-0.0134615
-0.0143264
-0.0152005
-0.0160807
-0.0169642
-0.0178476
-0.0187277
-0.0196009
-0.0204636
-0.0213121
-0.0221425
-0.022951
-0.0237336
-0.0244863
-0.0252053
-0.0258866
-0.0265263
-0.0271206
-0.0276658
-0.0281584
-0.028595
-0.0289721
-0.0292869
-0.0295363
-0.0297178
-0.0298289
-0.0298676
-0.029832
-0.0297205
-0.0295321
-0.0292659
-0.0289215
-0.0284991
-0.0279992
-0.0274229
-0.0267718
-0.0260482
-0.0252546
-0.0243944
-0.0234716
-0.0224907
-0.0214568
-0.0203756
-0.0192535
-0.0180972
-0.0169143
-0.0157124
-0.0145
-0.0132856
-0.0120781
-0.0108865
-0.00971992
-0.00858723
-0.00749718
-0.00645808
-0.00547767
-0.00456298
-0.00372018
-0.00295436
-0.00226945
-0.0016681
-0.00115153
-0.000719504
-0.000370257
-0.000100491
9.46263e-05
0.000221431
0.000287722
0.000302716
0.000277011
0.000222557
0.000152557
8.14603e-05
2.49615e-05
0
0
-3.02818e-05
-0.000121442
-0.000272292
-0.000480802
-0.000744411
-0.00106028
-0.00142547
-0.00183712
-0.00229252
-0.00278922
-0.003325
-0.00389789
-0.00450617
-0.00514832
-0.00582297
-0.00652887
-0.00726481
-0.00802958
-0.00882192
-0.00964049
-0.0104838
-0.0113503
-0.0122381
-0.0131452
-0.0140694
-0.0150082
-0.015959
-0.016919
-0.017885
-0.0188537
-0.0198218
-0.0207855
-0.0217412
-0.0226848
-0.0236125
-0.0245201
-0.0254034
-0.0262583
-0.0270805
-0.0278659
-0.0286103
-0.0293095
-0.0299597
-0.0305567
-0.0310969
-0.0315766
-0.0319922
-0.0323406
-0.0326187
-0.0328235
-0.0329526
-0.0330037
-0.0329748
-0.0328642
-0.0326705
-0.032393
-0.032031
-0.0315845
-0.0310541
-0.0304407
-0.0297459
-0.0289718
-0.0281213
-0.0271976
-0.0262048
-0.0251475
-0.024031
-0.0228613
-0.0216449
-0.0203891
-0.0191016
-0.0177907
-0.0164653
-0.0151346
-0.0138081
-0.0124956
-0.0112069
-0.00995196
-0.00874027
-0.00758113
-0.00648324
-0.00545461
-0.00450231
-0.00363235
-0.00284949
-0.00215709
-0.00155699
-0.00104942
-0.000632951
-0.000304427
-5.9002e-05
0.000109852
0.000210293
0.000252055
0.000246384
0.000206017
0.000145081
7.90345e-05
2.46495e-05
0
0
-3.57235e-05
-0.000141926
-0.000316239
-0.000555558
-0.000856372
-0.00121501
-0.00162784
-0.00209141
-0.00260253
-0.00315834
-0.00375631
-0.00439424
-0.00507018
-0.00578246
-0.00652955
-0.00731008
-0.00812271
-0.00896609
-0.00983886
-0.0107395
-0.0116664
-0.0126178
-0.0135916
-0.0145858
-0.0155977
-0.0166248
-0.0176641
-0.0187127
-0.019767
-0.0208236
-0.0218789
-0.0229288
-0.0239693
-0.0249964
-0.0260056
-0.0269928
-0.0279534
-0.028883
-0.0297772
-0.0306315
-0.0314414
-0.0322028
-0.0329113
-0.0335627
-0.034153
-0.0346784
-0.0351351
-0.0355198
-0.035829
-0.0360599
-0.0362095
-0.0362756
-0.0362559
-0.0361486
-0.0359522
-0.0356657
-0.0352883
-0.03482
-0.034261
-0.0336125
-0.0328757
-0.0320528
-0.0311466
-0.0301604
-0.0290983
-0.027965
-0.026766
-0.0255073
-0.0241958
-0.022839
-0.021445
-0.0200227
-0.0185813
-0.0171307
-0.015681
-0.0142427
-0.0128266
-0.0114434
-0.0101035
-0.00881726
-0.00759442
-0.00644399
-0.00537408
-0.0043917
-0.00350252
-0.00271075
-0.00201897
-0.00142798
-0.000936778
-0.00054246
-0.000240242
-2.34731e-05
0.000116316
0.00018934
0.00020749
0.000184267
0.000134727
7.53577e-05
2.40349e-05
0
0
-4.15531e-05
-0.00016382
-0.000363124
-0.000635181
-0.000975438
-0.00137932
-0.00184244
-0.00236069
-0.00293037
-0.00354821
-0.00421132
-0.00491723
-0.0056638
-0.00644916
-0.00727164
-0.00812971
-0.00902192
-0.00994679
-0.0109028
-0.0118883
-0.0129016
-0.0139406
-0.0150032
-0.0160869
-0.0171891
-0.018307
-0.0194374
-0.020577
-0.0217221
-0.022869
-0.0240137
-0.0251522
-0.02628
-0.0273928
-0.028486
-0.0295551
-0.0305953
-0.031602
-0.0325706
-0.0334962
-0.0343742
-0.0352002
-0.0359695
-0.0366778
-0.0373208
-0.0378945
-0.038395
-0.0388185
-0.0391616
-0.0394211
-0.039594
-0.0396777
-0.0396699
-0.0395685
-0.039372
-0.0390789
-0.0386887
-0.0382009
-0.0376158
-0.0369341
-0.0361574
-0.0352876
-0.0343273
-0.03328
-0.0321497
-0.0309412
-0.02966
-0.0283124
-0.0269054
-0.0254467
-0.023945
-0.0224092
-0.0208493
-0.0192756
-0.0176989
-0.0161304
-0.0145818
-0.0130645
-0.0115901
-0.01017
-0.00881477
-0.00753473
-0.00633905
-0.00523583
-0.0042318
-0.00333213
-0.00254022
-0.00185762
-0.00128385
-0.00081636
-0.000450533
-0.00017967
4.94637e-06
0.000113975
0.000159927
0.000157071
0.000121375
7.03833e-05
2.31087e-05
0
0
-4.77515e-05
-0.000187051
-0.000412795
-0.000719417
-0.00110123
-0.0015527
-0.00206859
-0.00264413
-0.00327506
-0.00395765
-0.00468866
-0.00546533
-0.00628529
-0.00714649
-0.00804709
-0.00898543
-0.0099599
-0.0109689
-0.0120108
-0.0130838
-0.0141859
-0.015315
-0.0164688
-0.0176445
-0.0188395
-0.0200505
-0.0212742
-0.022507
-0.0237452
-0.0249846
-0.0262211
-0.0274503
-0.0286675
-0.0298683
-0.0310477
-0.0322009
-0.0333231
-0.0344092
-0.0354544
-0.0364537
-0.0374022
-0.0382951
-0.0391277
-0.0398954
-0.0405937
-0.0412183
-0.0417651
-0.0422301
-0.0426098
-0.0429006
-0.0430994
-0.0432035
-0.0432102
-0.0431174
-0.0429233
-0.0426265
-0.0422259
-0.0417212
-0.0411124
-0.0404001
-0.0395857
-0.0386711
-0.0376587
-0.036552
-0.0353551
-0.0340725
-0.0327101
-0.0312741
-0.0297717
-0.0282109
-0.0266004
-0.0249499
-0.0232694
-0.0215699
-0.0198629
-0.0181603
-0.0164745
-0.0148179
-0.013203
-0.0116422
-0.0101475
-0.00873013
-0.00740055
-0.00616805
-0.00504052
-0.00402421
-0.00312352
-0.00234083
-0.00167633
-0.00112797
-0.000691394
-0.000359941
-0.000124724
2.53068e-05
0.000103254
0.000124155
0.000104883
6.40545e-05
2.1859e-05
0
0
-5.42959e-05
-0.000211536
-0.000465077
-0.000807972
-0.00123332
-0.00173455
-0.00230554
-0.0029408
-0.00363548
-0.00438536
-0.00518683
-0.00603683
-0.00693275
-0.00787232
-0.00885357
-0.00987466
-0.0109339
-0.0120295
-0.0131596
-0.0143224
-0.0155157
-0.0167372
-0.0179843
-0.0192543
-0.0205441
-0.0218504
-0.0231695
-0.0244978
-0.025831
-0.027165
-0.0284952
-0.0298171
-0.0311259
-0.0324166
-0.0336843
-0.0349238
-0.03613
-0.0372977
-0.0384217
-0.0394969
-0.0405182
-0.0414804
-0.0423787
-0.0432082
-0.0439642
-0.0446422
-0.0452378
-0.0457469
-0.0461657
-0.0464905
-0.0467179
-0.0468449
-0.0468689
-0.0467875
-0.0465986
-0.0463007
-0.0458926
-0.0453736
-0.0447438
-0.0440035
-0.043154
-0.0421969
-0.0411348
-0.0399709
-0.0387091
-0.0373543
-0.035912
-0.0343886
-0.0327915
-0.0311287
-0.0294093
-0.027643
-0.0258405
-0.0240133
-0.0221733
-0.0203331
-0.0185059
-0.0167051
-0.0149442
-0.0132365
-0.0115953
-0.0100331
-0.00856167
-0.00719148
-0.00593176
-0.00478996
-0.00377163
-0.00288013
-0.00211647
-0.00147923
-0.000964426
-0.000565571
-0.000273681
-7.73793e-05
3.69873e-05
8.52119e-05
8.50872e-05
5.63041e-05
2.02709e-05
0
0
-6.11604e-05
-0.00023718
-0.000519771
-0.000900516
-0.00137123
-0.00192422
-0.00255246
-0.00324968
-0.00401039
-0.0048299
-0.00570418
-0.00662986
-0.00760407
-0.00862435
-0.00968854
-0.0107947
-0.0119408
-0.0131252
-0.0143457
-0.0156004
-0.016887
-0.0182029
-0.0195455
-0.0209117
-0.0222983
-0.0237017
-0.0251181
-0.0265436
-0.0279737
-0.0294041
-0.03083
-0.0322465
-0.0336487
-0.0350313
-0.0363891
-0.0377168
-0.0390089
-0.0402602
-0.0414651
-0.0426183
-0.0437144
-0.0447481
-0.0457143
-0.0466078
-0.0474239
-0.0481576
-0.0488045
-0.0493602
-0.0498206
-0.0501819
-0.0504405
-0.0505932
-0.0506371
-0.0505696
-0.0503887
-0.0500925
-0.0496796
-0.0491493
-0.0485013
-0.0477358
-0.0468539
-0.0458572
-0.0447479
-0.0435293
-0.0422051
-0.0407801
-0.0392598
-0.0376506
-0.0359599
-0.034196
-0.0323679
-0.0304858
-0.0285606
-0.0266042
-0.0246291
-0.0226485
-0.0206765
-0.0187271
-0.016815
-0.0149547
-0.0131605
-0.0114463
-0.00982514
-0.00830898
-0.00690841
-0.00563224
-0.00448729
-0.00347806
-0.00260656
-0.00187212
-0.00127132
-0.000797928
-0.000442987
-0.000194866
-3.94099e-05
3.99026e-05
6.17984e-05
4.7051e-05
1.83255e-05
0
0
-6.83159e-05
-0.000263877
-0.000576657
-0.000996682
-0.00151441
-0.00212099
-0.00280842
-0.00356963
-0.00439847
-0.00528971
-0.00623893
-0.00724241
-0.00829702
-0.0094001
-0.0105493
-0.0117425
-0.0129776
-0.0142527
-0.0155656
-0.016914
-0.0182957
-0.0197078
-0.0211476
-0.0226117
-0.0240967
-0.025599
-0.0271144
-0.0286387
-0.0301674
-0.0316958
-0.0332189
-0.0347317
-0.0362288
-0.037705
-0.0391547
-0.0405723
-0.0419522
-0.0432888
-0.0445764
-0.0458095
-0.0469823
-0.0480895
-0.0491256
-0.0500853
-0.0509635
-0.0517551
-0.0524555
-0.0530601
-0.0535645
-0.0539647
-0.054257
-0.0544379
-0.0545044
-0.0544536
-0.0542834
-0.0539917
-0.053577
-0.0530382
-0.0523749
-0.0515873
-0.050676
-0.0496425
-0.0484891
-0.0472186
-0.0458347
-0.0443421
-0.0427462
-0.0410534
-0.039271
-0.0374073
-0.0354715
-0.0334741
-0.0314261
-0.0293398
-0.0272282
-0.0251052
-0.0229854
-0.0208839
-0.0188162
-0.016798
-0.0148447
-0.0129717
-0.0111933
-0.00952312
-0.00797316
-0.00655376
-0.00527314
-0.00413713
-0.00314889
-0.0023087
-0.00161382
-0.00105846
-0.00063378
-0.000328001
-0.000126529
-1.21455e-05
3.48024e-05
3.62031e-05
1.60004e-05
0
0
-7.573e-05
-0.00029151
-0.000635491
-0.00109607
-0.0016623
-0.00232409
-0.00307245
-0.00389944
-0.00479826
-0.00576312
-0.00678916
-0.00787233
-0.00900922
-0.0101969
-0.0114329
-0.012715
-0.0140408
-0.0154083
-0.0168152
-0.0182591
-0.0197374
-0.0212473
-0.0227857
-0.0243492
-0.0259342
-0.0275366
-0.0291524
-0.030777
-0.0324057
-0.0340334
-0.0356552
-0.0372656
-0.0388592
-0.0404303
-0.0419733
-0.0434823
-0.0449515
-0.046375
-0.047747
-0.0490615
-0.0503129
-0.0514952
-0.052603
-0.0536307
-0.0545729
-0.0554245
-0.0561804
-0.056836
-0.0573866
-0.057828
-0.0581563
-0.0583678
-0.0584594
-0.058428
-0.0582712
-0.0579868
-0.0575731
-0.0570288
-0.0563534
-0.0555466
-0.0546092
-0.0535423
-0.0523478
-0.0510286
-0.0495883
-0.0480311
-0.0463625
-0.0445886
-0.0427169
-0.0407555
-0.0387139
-0.0366022
-0.0344321
-0.032216
-0.0299674
-0.0277007
-0.025431
-0.0231745
-0.0209474
-0.0187665
-0.0166488
-0.0146106
-0.012668
-0.0108361
-0.00912841
-0.00755703
-0.00613172
-0.00485981
-0.00374578
-0.00279104
-0.00199374
-0.00134867
-0.000847269
-0.000477701
-0.000225018
-7.13494e-05
3.86602e-06
2.36541e-05
1.32694e-05
0
0
-8.33678e-05
-0.000319954
-0.000696013
-0.00119826
-0.00181426
-0.00253269
-0.00334347
-0.00423784
-0.00520825
-0.00624836
-0.00735287
-0.00851736
-0.00973814
-0.0110121
-0.0123365
-0.0137088
-0.0151269
-0.0165882
-0.0180905
-0.0196312
-0.0212075
-0.0228164
-0.0244547
-0.0261189
-0.027805
-0.0295088
-0.0312261
-0.0329521
-0.0346818
-0.0364102
-0.0381317
-0.0398409
-0.0415321
-0.0431994
-0.0448368
-0.0464385
-0.0479982
-0.0495099
-0.0509675
-0.0523649
-0.0536961
-0.0549552
-0.0561362
-0.0572335
-0.0582414
-0.0591546
-0.0599679
-0.0606763
-0.061275
-0.0617597
-0.0621262
-0.0623707
-0.0624897
-0.0624801
-0.0623393
-0.062065
-0.0616552
-0.0611085
-0.060424
-0.0596015
-0.0586412
-0.0575443
-0.0563124
-0.054948
-0.0534546
-0.0518364
-0.0500984
-0.0482468
-0.0462888
-0.0442325
-0.0420872
-0.0398634
-0.0375727
-0.0352276
-0.0328422
-0.0304312
-0.0280105
-0.0255967
-0.0232073
-0.02086
-0.0185729
-0.0163639
-0.0142506
-0.0122495
-0.0103762
-0.00864429
-0.00706538
-0.00564843
-0.00439947
-0.00332123
-0.00241293
-0.00167014
-0.00108472
-0.000644938
-0.000335571
-0.000138163
-3.12665e-05
9.28671e-06
1.01028e-05
0
0
-9.11916e-05
-0.000349073
-0.000757944
-0.00130278
-0.00196963
-0.00274589
-0.00362038
-0.00458345
-0.00562682
-0.00674358
-0.00792794
-0.00917513
-0.0104812
-0.0118427
-0.0132567
-0.0147207
-0.0162321
-0.0177885
-0.0193873
-0.0210259
-0.0227012
-0.0244102
-0.0261494
-0.0279151
-0.0297032
-0.0315094
-0.0333291
-0.0351574
-0.036989
-0.0388187
-0.0406409
-0.0424498
-0.0442394
-0.0460037
-0.0477366
-0.0494318
-0.051083
-0.052684
-0.0542282
-0.0557096
-0.0571218
-0.0584587
-0.0597141
-0.0608823
-0.0619573
-0.0629335
-0.0638057
-0.0645685
-0.0652172
-0.065747
-0.0661536
-0.0664331
-0.0665818
-0.0665965
-0.0664743
-0.0662127
-0.0658096
-0.0652635
-0.0645731
-0.0637381
-0.0627586
-0.0616352
-0.0603696
-0.058964
-0.0574215
-0.055746
-0.0539426
-0.052017
-0.0499762
-0.0478284
-0.0455826
-0.0432493
-0.0408401
-0.0383679
-0.0358468
-0.0332919
-0.0307198
-0.0281476
-0.0255937
-0.0230768
-0.0206164
-0.0182316
-0.0159416
-0.0137647
-0.0117181
-0.00981746
-0.00807621
-0.00650518
-0.00511211
-0.00390129
-0.00287322
-0.00202444
-0.00134745
-0.00083073
-0.000458929
-0.000213076
-7.08775e-05
-7.02592e-06
6.46788e-06
0
0
-9.91614e-05
-0.000378724
-0.000820989
-0.00140915
-0.00212773
-0.00296277
-0.00390201
-0.00493485
-0.0060523
-0.00724682
-0.00851216
-0.00984316
-0.0112355
-0.0126856
-0.0141904
-0.015747
-0.0173528
-0.0190051
-0.0207013
-0.0224385
-0.0242137
-0.0260235
-0.0278643
-0.0297322
-0.031623
-0.0335321
-0.0354548
-0.0373859
-0.0393201
-0.0412517
-0.0431751
-0.0450842
-0.0469728
-0.0488348
-0.0506637
-0.0524531
-0.0541965
-0.0558873
-0.0575189
-0.059085
-0.060579
-0.0619945
-0.0633253
-0.0645653
-0.0657084
-0.0667488
-0.0676811
-0.0684997
-0.0691997
-0.0697762
-0.0702247
-0.0705411
-0.0707215
-0.0707626
-0.0706613
-0.070415
-0.0700215
-0.0694789
-0.0687859
-0.0679419
-0.0669466
-0.0658007
-0.0645053
-0.0630625
-0.0614751
-0.0597467
-0.0578821
-0.0558868
-0.0537675
-0.0515321
-0.0491896
-0.0467503
-0.0442258
-0.041629
-0.0389741
-0.0362767
-0.0335536
-0.0308227
-0.0281031
-0.0254146
-0.0227776
-0.0202129
-0.017741
-0.015382
-0.0131552
-0.011078
-0.00916602
-0.00743202
-0.00588573
-0.00453319
-0.00337643
-0.00241319
-0.00163679
-0.00103613
-0.000595869
-0.000296609
-0.00011527
-2.54208e-05
2.32852e-06
0
0
-0.000107235
-0.000408757
-0.00088484
-0.00151688
-0.00228782
-0.00318237
-0.00418713
-0.00529058
-0.00648295
-0.00775609
-0.00910326
-0.0105189
-0.0119984
-0.013538
-0.0151342
-0.0167841
-0.0184849
-0.0202338
-0.0220279
-0.0238644
-0.0257398
-0.0276509
-0.0295937
-0.0315642
-0.033558
-0.0355704
-0.0375964
-0.0396306
-0.0416676
-0.0437014
-0.0457263
-0.0477358
-0.0497238
-0.0516837
-0.0536089
-0.0554928
-0.0573286
-0.0591095
-0.060829
-0.0624801
-0.0640563
-0.065551
-0.0669577
-0.0682701
-0.069482
-0.0705874
-0.0715806
-0.0724561
-0.0732086
-0.0738331
-0.0743249
-0.0746798
-0.0748938
-0.0749633
-0.0748852
-0.0746567
-0.0742754
-0.0737393
-0.0730468
-0.0721972
-0.0711899
-0.0700253
-0.0687043
-0.0672286
-0.0656008
-0.0638242
-0.0619031
-0.0598428
-0.0576498
-0.0553315
-0.0528967
-0.0503556
-0.0477196
-0.0450016
-0.0422159
-0.0393782
-0.0365057
-0.0336168
-0.0307313
-0.0278699
-0.0250541
-0.0223061
-0.0196479
-0.0171016
-0.014688
-0.012427
-0.0103362
-0.00843063
-0.00672213
-0.00521875
-0.0039243
-0.00283795
-0.00195408
-0.00126222
-0.000747192
-0.000389305
-0.000164764
-4.60473e-05
-2.35423e-06
0
0
-0.00011537
-0.000439018
-0.00094918
-0.00162544
-0.00244916
-0.00340369
-0.0044745
-0.00564911
-0.00691697
-0.00826931
-0.00969889
-0.0111997
-0.012767
-0.0143964
-0.0160846
-0.0178282
-0.0196244
-0.0214702
-0.0233626
-0.0252985
-0.0272745
-0.029287
-0.0313319
-0.0334051
-0.035502
-0.0376177
-0.0397469
-0.0418843
-0.044024
-0.04616
-0.0482862
-0.0503962
-0.0524834
-0.0545411
-0.0565626
-0.0585408
-0.060469
-0.0623402
-0.0641474
-0.0658836
-0.0675421
-0.0691161
-0.0705989
-0.071984
-0.073265
-0.0744359
-0.0754906
-0.0764236
-0.0772294
-0.0779029
-0.0784392
-0.078834
-0.0790832
-0.0791829
-0.07913
-0.0789216
-0.078555
-0.0780282
-0.0773395
-0.0764876
-0.075472
-0.0742928
-0.0729504
-0.0714464
-0.069783
-0.0679631
-0.0659906
-0.0638706
-0.061609
-0.059213
-0.0566911
-0.0540532
-0.0513104
-0.0484754
-0.0455626
-0.0425878
-0.0395684
-0.0365232
-0.0334726
-0.0304381
-0.0274423
-0.0245086
-0.0216608
-0.0189224
-0.0163165
-0.013865
-0.0115878
-0.00950234
-0.00762288
-0.00595964
-0.00451846
-0.00330023
-0.00230064
-0.00151008
-0.000913715
-0.000491726
-0.000219697
-6.90626e-05
-7.62193e-06
0
0
-0.00012352
-0.000469346
-0.00101368
-0.0017343
-0.00261098
-0.00362572
-0.00476283
-0.00600887
-0.00735253
-0.00878438
-0.0102967
-0.011883
-0.0135382
-0.0152578
-0.017038
-0.0188756
-0.0207673
-0.0227101
-0.0247007
-0.0267361
-0.0288125
-0.0309262
-0.0330731
-0.0352488
-0.0374485
-0.0396672
-0.0418994
-0.0441395
-0.0463816
-0.0486194
-0.0508466
-0.0530566
-0.0552426
-0.0573978
-0.059515
-0.0615873
-0.0636075
-0.0655685
-0.067463
-0.0692841
-0.0710246
-0.0726776
-0.0742363
-0.075694
-0.0770441
-0.0782805
-0.079397
-0.0803878
-0.0812474
-0.0819706
-0.0825523
-0.0829881
-0.0832737
-0.0834053
-0.0833795
-0.0831932
-0.0828439
-0.0823291
-0.0816471
-0.0807964
-0.0797762
-0.0785863
-0.077227
-0.0756994
-0.0740052
-0.0721472
-0.0701289
-0.0679547
-0.0656302
-0.0631624
-0.0605591
-0.0578299
-0.0549856
-0.0520388
-0.0490037
-0.0458959
-0.042733
-0.0395342
-0.0363203
-0.0331136
-0.0299377
-0.0268171
-0.023777
-0.0208428
-0.0180397
-0.0153917
-0.0129212
-0.0106481
-0.00858924
-0.0067573
-0.00516042
-0.00380147
-0.00267775
-0.00178077
-0.00109626
-0.000604443
-0.000280413
-9.46305e-05
-1.35185e-05
0
0
-0.000131641
-0.000499578
-0.00107801
-0.00184291
-0.00277249
-0.00384741
-0.00505081
-0.00636831
-0.00778778
-0.00929916
-0.0108942
-0.012566
-0.0143091
-0.0161188
-0.0179911
-0.0199224
-0.0219094
-0.0239489
-0.0260376
-0.028172
-0.0303484
-0.032563
-0.0348114
-0.037089
-0.039391
-0.041712
-0.0440466
-0.0463888
-0.0487326
-0.0510715
-0.053399
-0.0557083
-0.0579924
-0.0602442
-0.0624565
-0.064622
-0.0667334
-0.0687834
-0.0707646
-0.0726698
-0.0744916
-0.0762231
-0.0778571
-0.0793869
-0.0808058
-0.0821074
-0.0832855
-0.0843342
-0.0852478
-0.086021
-0.0866487
-0.0871263
-0.0874495
-0.0876142
-0.0876171
-0.0874549
-0.0871249
-0.0866248
-0.0859524
-0.0851062
-0.0840851
-0.0828886
-0.0815167
-0.0799702
-0.0782505
-0.0763599
-0.0743013
-0.0720789
-0.0696978
-0.0671642
-0.0644859
-0.0616716
-0.0587321
-0.0556793
-0.0525273
-0.0492916
-0.0459897
-0.0426411
-0.0392669
-0.0358899
-0.0325347
-0.0292269
-0.0259931
-0.0228605
-0.0198562
-0.0170065
-0.0143364
-0.0118684
-0.00962213
-0.00761291
-0.00585147
-0.00434298
-0.00308663
-0.00207531
-0.00129563
-0.000728027
-0.000347262
-0.000122919
-2.00897e-05
0
0
-0.000139685
-0.000529552
-0.00114182
-0.00195073
-0.00293292
-0.00406772
-0.00533713
-0.00672581
-0.00822083
-0.00981148
-0.0114889
-0.013246
-0.0150767
-0.0169762
-0.0189401
-0.0209647
-0.0230466
-0.0251823
-0.0273683
-0.0296012
-0.031877
-0.0341917
-0.0365407
-0.0389195
-0.0413229
-0.0437454
-0.0461814
-0.0486248
-0.0510693
-0.0535082
-0.055935
-0.0583424
-0.0607235
-0.0630708
-0.065377
-0.0676347
-0.0698362
-0.0719742
-0.0740409
-0.0760291
-0.0779312
-0.0797401
-0.0814486
-0.0830497
-0.0845366
-0.0859028
-0.0871421
-0.0882483
-0.0892157
-0.090039
-0.0907129
-0.0912328
-0.0915943
-0.0917933
-0.0918262
-0.0916898
-0.0913813
-0.0908981
-0.0902382
-0.0893996
-0.0883812
-0.0871821
-0.0858021
-0.0842415
-0.0825015
-0.0805838
-0.0784909
-0.0762266
-0.0737953
-0.0712027
-0.068456
-0.0655637
-0.0625356
-0.0593835
-0.0561209
-0.0527632
-0.0493278
-0.0458341
-0.0423035
-0.0387594
-0.0352268
-0.0317326
-0.0283048
-0.0249721
-0.0217636
-0.018708
-0.0158328
-0.0131634
-0.0107221
-0.00852735
-0.00659271
-0.00492592
-0.00352837
-0.0023947
-0.00151261
-0.000863044
-0.000420594
-0.000154099
-2.73826e-05
0
0
-0.000147608
-0.000559103
-0.0012048
-0.0020572
-0.00309147
-0.0042856
-0.00562048
-0.00707978
-0.00864982
-0.0103192
-0.0120786
-0.0139203
-0.015838
-0.0178266
-0.0198815
-0.0219987
-0.0241746
-0.0264057
-0.0286883
-0.0310187
-0.0333929
-0.0358066
-0.0382553
-0.0407341
-0.0432377
-0.0457605
-0.0482967
-0.0508399
-0.0533837
-0.0559214
-0.0584459
-0.0609502
-0.0634267
-0.0658682
-0.0682669
-0.0706152
-0.0729054
-0.0751297
-0.0772806
-0.0793504
-0.0813315
-0.0832165
-0.0849981
-0.0866693
-0.0882232
-0.0896531
-0.0909526
-0.0921157
-0.0931365
-0.0940096
-0.0947297
-0.0952921
-0.0956924
-0.0959264
-0.0959905
-0.0958814
-0.0955961
-0.0951322
-0.0944873
-0.0936594
-0.0926471
-0.0914493
-0.0900655
-0.0884957
-0.0867406
-0.0848015
-0.0826805
-0.0803806
-0.0779058
-0.0752614
-0.0724536
-0.0694904
-0.0663812
-0.063137
-0.059771
-0.0562982
-0.0527356
-0.0491025
-0.0454205
-0.0417133
-0.0380066
-0.034328
-0.0307069
-0.0271735
-0.0237589
-0.0204941
-0.0174091
-0.0145323
-0.0118892
-0.00950116
-0.00738497
-0.00555126
-0.00400399
-0.00273984
-0.00174795
-0.00101004
-0.000500758
-0.00018834
-3.54448e-05
0
0
-0.000155363
-0.000588068
-0.00126659
-0.00216179
-0.00324736
-0.00450001
-0.00589952
-0.00742864
-0.00907285
-0.0108201
-0.0126606
-0.0145861
-0.01659
-0.0186667
-0.0208116
-0.0230205
-0.0252895
-0.0276148
-0.0299928
-0.0324195
-0.0348908
-0.0374023
-0.0399492
-0.0425266
-0.045129
-0.0477505
-0.0503852
-0.0530267
-0.0556683
-0.0583029
-0.0609236
-0.0635229
-0.0660932
-0.0686269
-0.0711163
-0.0735534
-0.0759304
-0.0782395
-0.0804727
-0.0826223
-0.0846806
-0.0866401
-0.0884933
-0.0902331
-0.0918525
-0.0933447
-0.0947034
-0.0959224
-0.0969958
-0.0979181
-0.0986842
-0.0992891
-0.0997283
-0.0999979
-0.100094
-0.100013
-0.099753
-0.0993102
-0.0986827
-0.0978683
-0.0968654
-0.0956728
-0.0942895
-0.0927152
-0.0909502
-0.0889954
-0.0868524
-0.0845236
-0.0820124
-0.0793233
-0.0764621
-0.0734359
-0.0702534
-0.0669252
-0.0634636
-0.0598831
-0.0562005
-0.0524348
-0.0486074
-0.0447423
-0.0408657
-0.0370059
-0.0331933
-0.0294598
-0.0258382
-0.0223619
-0.0190635
-0.0159743
-0.013123
-0.0105345
-0.00822879
-0.00621978
-0.00451434
-0.00311155
-0.00200236
-0.00116955
-0.000588091
-0.000225811
-4.43241e-05
0
0
-0.000162906
-0.000616286
-0.00132687
-0.00226395
-0.00339981
-0.00470991
-0.00617297
-0.0077708
-0.00948809
-0.0113122
-0.0132325
-0.0152407
-0.0173296
-0.0194934
-0.0217271
-0.0240263
-0.026387
-0.0288052
-0.0312771
-0.0337986
-0.0363655
-0.0389731
-0.0416166
-0.0442908
-0.0469902
-0.0497087
-0.0524401
-0.0551779
-0.0579152
-0.0606449
-0.0633596
-0.0660519
-0.0687139
-0.0713378
-0.0739157
-0.0764396
-0.0789013
-0.0812929
-0.0836064
-0.0858337
-0.0879672
-0.0899992
-0.0919221
-0.0937286
-0.0954119
-0.0969649
-0.0983814
-0.099655
-0.10078
-0.101751
-0.102562
-0.103209
-0.103687
-0.103993
-0.104121
-0.10407
-0.103836
-0.103416
-0.102808
-0.10201
-0.10102
-0.0998356
-0.0984569
-0.0968828
-0.0951131
-0.0931483
-0.0909895
-0.0886384
-0.0860979
-0.0833718
-0.0804649
-0.0773839
-0.0741365
-0.0707326
-0.0671838
-0.063504
-0.0597094
-0.0558186
-0.0518529
-0.0478361
-0.0437949
-0.0397581
-0.0357571
-0.0318252
-0.027997
-0.0243079
-0.0207934
-0.0174877
-0.0144228
-0.0116271
-0.0091244
-0.00693202
-0.0050601
-0.00351054
-0.00227646
-0.00134206
-0.000682918
-0.000266679
-5.40681e-05
0
0
-0.000170194
-0.000643603
-0.00138532
-0.00236316
-0.00354805
-0.0049143
-0.00643955
-0.00810471
-0.00989371
-0.0117932
-0.0137921
-0.0158815
-0.018054
-0.0203033
-0.0226243
-0.0250123
-0.0274631
-0.0299725
-0.0325366
-0.0351512
-0.0378117
-0.0405136
-0.0432518
-0.0460208
-0.048815
-0.0516283
-0.0544543
-0.0572862
-0.060117
-0.0629395
-0.065746
-0.0685288
-0.0712802
-0.0739919
-0.0766559
-0.0792641
-0.0818081
-0.0842799
-0.0866711
-0.0889739
-0.0911803
-0.0932825
-0.0952729
-0.0971441
-0.0988892
-0.100501
-0.101974
-0.1033
-0.104476
-0.105493
-0.106349
-0.107038
-0.107555
-0.107896
-0.108057
-0.108036
-0.107829
-0.107434
-0.106848
-0.106068
-0.105093
-0.103921
-0.102551
-0.100982
-0.0992123
-0.0972432
-0.0950746
-0.092708
-0.0901453
-0.0873897
-0.0844454
-0.0813179
-0.0780144
-0.0745436
-0.0709167
-0.0671465
-0.0632486
-0.0592411
-0.0551449
-0.0509838
-0.0467843
-0.0425759
-0.0383907
-0.0342633
-0.0302298
-0.026328
-0.0225957
-0.0190702
-0.0157871
-0.0127784
-0.0100717
-0.00768825
-0.00564178
-0.00393741
-0.00257083
-0.00152803
-0.000785548
-0.000311103
-6.47238e-05
0
0
-0.000177183
-0.000669868
-0.00144163
-0.0024589
-0.00369137
-0.00511219
-0.00669801
-0.00842887
-0.0102879
-0.0122611
-0.014337
-0.0165059
-0.0187602
-0.0210934
-0.0234999
-0.0259748
-0.0285138
-0.0311126
-0.0337669
-0.0364724
-0.0392246
-0.0420185
-0.0448491
-0.0477106
-0.0505974
-0.0535031
-0.0564212
-0.0593448
-0.0622665
-0.0651791
-0.0680748
-0.0709456
-0.0737836
-0.0765805
-0.0793279
-0.0820177
-0.0846413
-0.0871905
-0.089657
-0.0920326
-0.0943093
-0.0964792
-0.0985347
-0.100468
-0.102273
-0.103942
-0.105468
-0.106847
-0.10807
-0.109134
-0.110033
-0.110762
-0.111317
-0.111694
-0.111889
-0.111898
-0.111719
-0.11135
-0.110787
-0.110028
-0.109071
-0.107914
-0.106556
-0.104996
-0.103232
-0.101263
-0.0990913
-0.0967157
-0.094138
-0.0913607
-0.088387
-0.0852217
-0.081871
-0.0783427
-0.0746469
-0.0707958
-0.066804
-0.062689
-0.0584711
-0.0541736
-0.0498233
-0.0454497
-0.0410857
-0.0367667
-0.0325307
-0.0284171
-0.0244665
-0.0207192
-0.0172141
-0.0139873
-0.0110702
-0.00848848
-0.0062597
-0.00439262
-0.00288593
-0.00172787
-0.000896266
-0.000359234
-7.63367e-05
0
0
-0.000183836
-0.000694938
-0.0014955
-0.00255069
-0.00382903
-0.00530262
-0.00694716
-0.00874181
-0.010669
-0.012714
-0.0148648
-0.0171114
-0.0194456
-0.0218605
-0.0243505
-0.0269103
-0.0295354
-0.0322213
-0.0349635
-0.0377577
-0.0405991
-0.0434827
-0.0464031
-0.0493546
-0.0523314
-0.0553268
-0.0583343
-0.0613467
-0.0643566
-0.0673565
-0.0703385
-0.0732944
-0.0762161
-0.0790952
-0.0819231
-0.0846915
-0.0873919
-0.0900156
-0.0925544
-0.095
-0.0973442
-0.0995791
-0.101697
-0.103691
-0.105552
-0.107276
-0.108854
-0.110282
-0.111552
-0.112661
-0.113601
-0.11437
-0.114962
-0.115374
-0.115602
-0.115642
-0.115492
-0.115149
-0.114611
-0.113874
-0.112938
-0.1118
-0.110457
-0.10891
-0.107155
-0.105194
-0.103024
-0.100645
-0.0980599
-0.0952685
-0.0922737
-0.0890792
-0.0856904
-0.0821142
-0.0783593
-0.0744372
-0.0703614
-0.0661486
-0.0618184
-0.0573937
-0.0529009
-0.0483696
-0.0438331
-0.0393278
-0.0348928
-0.0305697
-0.0264014
-0.0224311
-0.0187014
-0.0152521
-0.0121192
-0.00933242
-0.00691393
-0.00487646
-0.00322216
-0.00194193
-0.00101533
-0.000411216
-8.89509e-05
0
0
-0.000190113
-0.000718676
-0.00154665
-0.00263806
-0.00396037
-0.0054847
-0.00718583
-0.00904212
-0.0110352
-0.0131499
-0.0153735
-0.0176954
-0.0201073
-0.0226018
-0.0251729
-0.0278153
-0.030524
-0.0332946
-0.0361223
-0.0390026
-0.0419305
-0.044901
-0.0479085
-0.0509473
-0.0540111
-0.0570934
-0.0601872
-0.0632855
-0.0663806
-0.0694647
-0.0725298
-0.0755677
-0.07857
-0.081528
-0.0844334
-0.0872773
-0.0900511
-0.0927463
-0.0953544
-0.0978669
-0.100276
-0.102573
-0.10475
-0.106801
-0.108717
-0.110493
-0.112121
-0.113596
-0.114911
-0.116062
-0.117043
-0.11785
-0.118479
-0.118925
-0.119185
-0.119256
-0.119135
-0.11882
-0.118307
-0.117595
-0.116681
-0.115564
-0.11424
-0.11271
-0.110969
-0.109019
-0.106856
-0.104482
-0.101895
-0.0990975
-0.0960897
-0.0928748
-0.0894572
-0.0858425
-0.0820387
-0.0780558
-0.0739064
-0.0696062
-0.0651739
-0.0606317
-0.0560055
-0.0513249
-0.0466234
-0.041938
-0.037309
-0.0327798
-0.0283954
-0.0242022
-0.0202461
-0.016571
-0.0132173
-0.0102195
-0.00760436
-0.00538909
-0.00357979
-0.00217051
-0.00114298
-0.000467181
-0.000102608
0
0
-0.000195982
-0.000740957
-0.00159482
-0.00272058
-0.00408475
-0.00565755
-0.00741292
-0.00932845
-0.0113851
-0.013567
-0.0158608
-0.0182558
-0.0207428
-0.0233143
-0.025964
-0.0286863
-0.0314762
-0.0343287
-0.0372391
-0.0402027
-0.0432143
-0.0462688
-0.0493604
-0.0524833
-0.0556311
-0.058797
-0.0619741
-0.065155
-0.0683319
-0.0714969
-0.0746419
-0.0777584
-0.0808379
-0.0838716
-0.0868509
-0.089767
-0.0926111
-0.0953744
-0.0980485
-0.100625
-0.103095
-0.105451
-0.107685
-0.10979
-0.111759
-0.113584
-0.115259
-0.116779
-0.118137
-0.119329
-0.120348
-0.121192
-0.121856
-0.122336
-0.122628
-0.12273
-0.122638
-0.122351
-0.121865
-0.121178
-0.120289
-0.119194
-0.117893
-0.116382
-0.11466
-0.112725
-0.110576
-0.108211
-0.10563
-0.102833
-0.0998201
-0.0965935
-0.0931562
-0.0895129
-0.0856702
-0.081637
-0.0774248
-0.0730479
-0.0685242
-0.0638749
-0.0591253
-0.0543047
-0.0494466
-0.0445883
-0.0397714
-0.0350405
-0.030443
-0.026028
-0.0218448
-0.0179416
-0.0143631
-0.0111488
-0.0083306
-0.00593048
-0.00395899
-0.00241382
-0.00127939
-0.000527247
-0.000117348
0
0
-0.00020141
-0.000761666
-0.00163976
-0.00279783
-0.00420157
-0.00582037
-0.00762741
-0.00959954
-0.0117171
-0.0139635
-0.0163249
-0.0187901
-0.0213495
-0.0239954
-0.026721
-0.0295204
-0.0323884
-0.0353199
-0.0383101
-0.0413539
-0.0444461
-0.0475814
-0.050754
-0.0539577
-0.0571861
-0.0604324
-0.0636893
-0.0669493
-0.0702045
-0.073447
-0.0766683
-0.0798598
-0.0830129
-0.0861188
-0.0891686
-0.0921533
-0.0950642
-0.0978923
-0.100629
-0.103266
-0.105794
-0.108206
-0.110494
-0.11265
-0.114668
-0.11654
-0.11826
-0.119822
-0.121221
-0.122451
-0.123508
-0.124388
-0.125085
-0.125597
-0.125921
-0.126053
-0.12599
-0.125731
-0.125273
-0.124613
-0.12375
-0.12268
-0.121403
-0.119915
-0.118215
-0.1163
-0.114169
-0.11182
-0.109251
-0.106461
-0.103451
-0.100221
-0.0967731
-0.0931108
-0.0892394
-0.0851666
-0.0809024
-0.07646
-0.071856
-0.0671106
-0.0622483
-0.0572978
-0.0522923
-0.0472696
-0.0422718
-0.0373448
-0.0325382
-0.0279036
-0.0234938
-0.019361
-0.0155546
-0.0121192
-0.00909204
-0.00650044
-0.00435981
-0.00267204
-0.00142475
-0.000591519
-0.000133207
0
0
-0.000206369
-0.000780697
-0.00168124
-0.00286945
-0.00431027
-0.00597241
-0.00782833
-0.00985421
-0.0120297
-0.0143377
-0.0167638
-0.0192963
-0.0219253
-0.0246424
-0.0274408
-0.0303143
-0.0332574
-0.0362648
-0.0393315
-0.0424523
-0.0456218
-0.0488346
-0.0520846
-0.0553657
-0.0586712
-0.0619942
-0.0653273
-0.0686628
-0.0719928
-0.0753089
-0.0786028
-0.0818657
-0.0850888
-0.0882631
-0.0913797
-0.0944295
-0.0974035
-0.100293
-0.103089
-0.105782
-0.108366
-0.110831
-0.113169
-0.115374
-0.117437
-0.119354
-0.121116
-0.122718
-0.124156
-0.125423
-0.126515
-0.127428
-0.128158
-0.128702
-0.129056
-0.129217
-0.129184
-0.128953
-0.128522
-0.12789
-0.127054
-0.126011
-0.12476
-0.123299
-0.121624
-0.119733
-0.117624
-0.115296
-0.112744
-0.109969
-0.106969
-0.103744
-0.100294
-0.0966224
-0.0927325
-0.0886307
-0.0843256
-0.0798291
-0.0751563
-0.0703263
-0.0653625
-0.0602929
-0.0551502
-0.0499722
-0.0448014
-0.0396851
-0.0346745
-0.0298236
-0.0251887
-0.0208259
-0.0167894
-0.0131291
-0.00988783
-0.00709857
-0.00478217
-0.00294524
-0.00157916
-0.000660086
-0.000150217
0
0
-0.000210835
-0.00079796
-0.00171909
-0.0029351
-0.00441037
-0.00611299
-0.0080148
-0.0100914
-0.0123217
-0.0146882
-0.0171759
-0.0197725
-0.0224677
-0.025253
-0.028121
-0.0310654
-0.0340802
-0.0371602
-0.0403
-0.0434943
-0.0467376
-0.0500242
-0.0533481
-0.0567029
-0.0600818
-0.0634777
-0.0668832
-0.0702904
-0.0736912
-0.0770773
-0.0804399
-0.0837703
-0.0870596
-0.0902985
-0.0934781
-0.0965892
-0.0996227
-0.10257
-0.105421
-0.108168
-0.110803
-0.113318
-0.115704
-0.117954
-0.120061
-0.122018
-0.12382
-0.12546
-0.126934
-0.128236
-0.129361
-0.130306
-0.131067
-0.131641
-0.132025
-0.132216
-0.132211
-0.132008
-0.131606
-0.131002
-0.130193
-0.129179
-0.127957
-0.126523
-0.124876
-0.123013
-0.120931
-0.118628
-0.1161
-0.113346
-0.110363
-0.10715
-0.103707
-0.100035
-0.0961365
-0.0920162
-0.0876814
-0.0831421
-0.0784123
-0.0735095
-0.0684559
-0.0632785
-0.0580094
-0.0526861
-0.0473515
-0.0420535
-0.0368449
-0.0317824
-0.0269249
-0.0223328
-0.018065
-0.0141768
-0.0107169
-0.00772432
-0.00522587
-0.00323342
-0.0017427
-0.000733019
-0.000168409
0
0
-0.000214787
-0.000813375
-0.00175311
-0.00299448
-0.00450141
-0.00624149
-0.00818601
-0.01031
-0.0125919
-0.0150134
-0.0175593
-0.0202167
-0.0229749
-0.0258249
-0.0287591
-0.0317708
-0.034854
-0.0380029
-0.0412123
-0.0444764
-0.0477898
-0.0511466
-0.0545405
-0.0579651
-0.0614136
-0.0648785
-0.0683525
-0.0718274
-0.0752951
-0.078747
-0.0821744
-0.0855683
-0.0889198
-0.0922195
-0.0954582
-0.0986268
-0.101716
-0.104717
-0.10762
-0.110418
-0.113101
-0.115661
-0.118092
-0.120384
-0.122532
-0.124528
-0.126367
-0.128043
-0.12955
-0.130884
-0.132041
-0.133017
-0.133808
-0.134411
-0.134823
-0.135042
-0.135065
-0.134891
-0.134516
-0.133941
-0.133162
-0.132177
-0.130984
-0.129581
-0.127965
-0.126133
-0.124081
-0.121807
-0.119308
-0.11658
-0.113621
-0.110428
-0.107
-0.103337
-0.0994391
-0.0953107
-0.0909571
-0.0863866
-0.0816116
-0.0766481
-0.0715167
-0.0662434
-0.0608594
-0.0554015
-0.0499128
-0.0444418
-0.0390425
-0.0337737
-0.0286974
-0.0238777
-0.0193784
-0.0152601
-0.0115778
-0.00837694
-0.00569057
-0.00353649
-0.00191541
-0.000810371
-0.000187807
0
0
-0.000218208
-0.000826876
-0.00178317
-0.00304735
-0.00458302
-0.00635737
-0.00834126
-0.0105092
-0.0128391
-0.0153122
-0.0179127
-0.0206273
-0.0234449
-0.0263561
-0.0293528
-0.0324283
-0.035576
-0.0387903
-0.0420653
-0.0453955
-0.0487751
-0.0521981
-0.0556582
-0.0591486
-0.0626625
-0.0661925
-0.0697308
-0.0732693
-0.0767997
-0.0803134
-0.0838015
-0.087255
-0.0906646
-0.094021
-0.097315
-0.100537
-0.103678
-0.106729
-0.109681
-0.112526
-0.115253
-0.117857
-0.120328
-0.12266
-0.124846
-0.126878
-0.128751
-0.13046
-0.132
-0.133365
-0.134551
-0.135556
-0.136375
-0.137005
-0.137445
-0.137691
-0.137742
-0.137595
-0.13725
-0.136703
-0.135953
-0.134999
-0.133837
-0.132466
-0.130883
-0.129084
-0.127066
-0.124825
-0.122359
-0.119663
-0.116734
-0.113567
-0.110162
-0.106516
-0.102629
-0.0985027
-0.094141
-0.0895507
-0.0847423
-0.0797302
-0.0745334
-0.0691765
-0.0636894
-0.0581084
-0.0524761
-0.0468416
-0.0412597
-0.0357912
-0.0305008
-0.0254564
-0.0207263
-0.0163768
-0.0124691
-0.0090555
-0.00617581
-0.0038543
-0.00209728
-0.000892177
-0.000208431
0
0
-0.000221087
-0.000838414
-0.00180915
-0.00309349
-0.00465486
-0.00646017
-0.00847993
-0.0106882
-0.0130624
-0.0155834
-0.0182348
-0.0210029
-0.023876
-0.0268446
-0.0299001
-0.0330354
-0.0362439
-0.0395196
-0.0428565
-0.0462488
-0.0496906
-0.0531757
-0.0566977
-0.0602499
-0.0638251
-0.0674159
-0.0710143
-0.0746122
-0.0782012
-0.0817725
-0.0853171
-0.0888259
-0.0922895
-0.0956987
-0.0990439
-0.102316
-0.105505
-0.108603
-0.1116
-0.114487
-0.117256
-0.1199
-0.122409
-0.124778
-0.126998
-0.129064
-0.130969
-0.132709
-0.134278
-0.135672
-0.136887
-0.137918
-0.138764
-0.139422
-0.139888
-0.140161
-0.140238
-0.140119
-0.139801
-0.139283
-0.138564
-0.13764
-0.136511
-0.135173
-0.133624
-0.131861
-0.129879
-0.127676
-0.125247
-0.122587
-0.119693
-0.11656
-0.113185
-0.109564
-0.105696
-0.101582
-0.0972222
-0.0926233
-0.0877932
-0.0827447
-0.077495
-0.0720668
-0.066489
-0.0607968
-0.0550323
-0.0492444
-0.0434891
-0.0378283
-0.0323296
-0.0270642
-0.0221051
-0.0175241
-0.013389
-0.00975889
-0.00668101
-0.0041866
-0.00228824
-0.00097845
-0.000230299
0
0
-0.000223415
-0.000847952
-0.00183097
-0.00313275
-0.00471668
-0.00654952
-0.0086015
-0.0108463
-0.013261
-0.015826
-0.0185243
-0.0213419
-0.0242668
-0.0272887
-0.0303991
-0.0335903
-0.0368556
-0.0401886
-0.0435832
-0.0470335
-0.0505333
-0.0540764
-0.0576562
-0.0612659
-0.0648981
-0.0685453
-0.0721996
-0.0758526
-0.0794959
-0.0831205
-0.0867173
-0.0902773
-0.0937908
-0.0972486
-0.100641
-0.103959
-0.107193
-0.110333
-0.113371
-0.116298
-0.119106
-0.121786
-0.124331
-0.126733
-0.128985
-0.131082
-0.133018
-0.134786
-0.136383
-0.137804
-0.139045
-0.140102
-0.140974
-0.141656
-0.142148
-0.142447
-0.142551
-0.142458
-0.142168
-0.141679
-0.14099
-0.140098
-0.139001
-0.137698
-0.136185
-0.134459
-0.132517
-0.130353
-0.127965
-0.125346
-0.122492
-0.119398
-0.116059
-0.112471
-0.108631
-0.104538
-0.100191
-0.095594
-0.0907539
-0.085681
-0.0803907
-0.074904
-0.0692482
-0.0634571
-0.0575721
-0.0516419
-0.0457228
-0.0398782
-0.0341779
-0.0286964
-0.023511
-0.0186993
-0.0143354
-0.0104858
-0.00720543
-0.00453305
-0.0024882
-0.00106918
-0.000253422
0
0
-0.000225189
-0.000855471
-0.00184857
-0.003165
-0.00476828
-0.00662512
-0.00870556
-0.010983
-0.0134342
-0.0160391
-0.0187803
-0.0216433
-0.0246158
-0.027687
-0.0308482
-0.0340912
-0.0374091
-0.0407952
-0.0442434
-0.0477474
-0.051301
-0.0548978
-0.058531
-0.0621937
-0.0658786
-0.0695779
-0.0732836
-0.0769874
-0.0806805
-0.0843541
-0.0879989
-0.0916057
-0.0951651
-0.0986674
-0.102103
-0.105463
-0.108737
-0.111917
-0.114993
-0.117956
-0.120799
-0.123512
-0.126089
-0.128522
-0.130805
-0.13293
-0.134893
-0.136689
-0.138311
-0.139757
-0.141023
-0.142105
-0.143001
-0.143708
-0.144224
-0.144548
-0.144678
-0.144612
-0.14435
-0.143889
-0.14323
-0.14237
-0.141307
-0.140039
-0.138563
-0.136876
-0.134974
-0.132854
-0.130509
-0.127935
-0.125126
-0.122076
-0.118779
-0.115231
-0.111426
-0.107362
-0.103038
-0.0984535
-0.0936145
-0.0885291
-0.0832106
-0.0776781
-0.071957
-0.0660797
-0.0600864
-0.0540254
-0.0479532
-0.0419341
-0.0360397
-0.0303479
-0.0249401
-0.0198993
-0.0153062
-0.0112349
-0.00774826
-0.00489325
-0.002697
-0.00116435
-0.000277807
0
0
-0.000226411
-0.000860965
-0.00186192
-0.0031902
-0.00480954
-0.00668675
-0.00879179
-0.0110979
-0.0135814
-0.016222
-0.0190019
-0.0219062
-0.0249219
-0.0280383
-0.0312459
-0.0345365
-0.0379027
-0.0413378
-0.0448352
-0.0483885
-0.0519915
-0.0556375
-0.0593198
-0.0630311
-0.0667642
-0.0705111
-0.0742638
-0.0780138
-0.0817524
-0.0854705
-0.089159
-0.0928085
-0.0964094
-0.0999521
-0.103427
-0.106825
-0.110136
-0.113351
-0.116462
-0.119458
-0.122332
-0.125077
-0.127683
-0.130144
-0.132454
-0.134606
-0.136595
-0.138415
-0.140062
-0.141531
-0.14282
-0.143926
-0.144845
-0.145575
-0.146116
-0.146464
-0.146619
-0.146579
-0.146344
-0.145912
-0.145283
-0.144454
-0.143425
-0.142193
-0.140756
-0.139109
-0.13725
-0.135174
-0.132875
-0.130349
-0.127588
-0.124587
-0.121339
-0.117836
-0.114074
-0.110048
-0.105755
-0.101193
-0.0963662
-0.0912798
-0.0859454
-0.0803796
-0.0746061
-0.0686554
-0.0625665
-0.0563868
-0.0501725
-0.0439888
-0.037909
-0.0320135
-0.026388
-0.0211208
-0.016299
-0.0120045
-0.00830851
-0.00526669
-0.00291444
-0.00126391
-0.000303454
0
0
-0.000227085
-0.000864446
-0.00187103
-0.00320831
-0.0048404
-0.0067343
-0.00886
-0.0111906
-0.0137023
-0.0163742
-0.0191885
-0.0221296
-0.0251843
-0.0283414
-0.0315911
-0.0349249
-0.038335
-0.0418146
-0.0453568
-0.0489551
-0.052603
-0.0562938
-0.0600205
-0.063776
-0.0675526
-0.0713426
-0.0751378
-0.0789296
-0.0827092
-0.0864675
-0.0901953
-0.093883
-0.0975213
-0.1011
-0.104611
-0.108043
-0.111387
-0.114634
-0.117775
-0.120802
-0.123705
-0.126477
-0.12911
-0.131597
-0.133932
-0.136108
-0.13812
-0.139963
-0.141632
-0.143124
-0.144436
-0.145563
-0.146505
-0.147258
-0.147821
-0.148193
-0.148373
-0.148359
-0.148151
-0.147747
-0.147148
-0.146352
-0.145357
-0.144161
-0.142762
-0.141157
-0.139342
-0.137312
-0.135062
-0.132586
-0.129877
-0.126929
-0.123733
-0.120282
-0.11657
-0.112589
-0.108335
-0.103806
-0.0990011
-0.0939249
-0.0885863
-0.0829997
-0.0771865
-0.0711754
-0.0650037
-0.0587177
-0.0523732
-0.0460356
-0.0397796
-0.0336881
-0.0278505
-0.0223604
-0.0173113
-0.0127929
-0.00888513
-0.0056528
-0.00314028
-0.00136779
-0.000330361
0
0
-0.000227221
-0.000865939
-0.00187594
-0.00321938
-0.00486088
-0.00676774
-0.00891008
-0.011261
-0.0137964
-0.0164954
-0.0193395
-0.022313
-0.0254022
-0.0285955
-0.0318829
-0.0352553
-0.038705
-0.0422245
-0.045807
-0.0494457
-0.053134
-0.0568649
-0.0606316
-0.0644266
-0.0682423
-0.0720708
-0.0759039
-0.0797329
-0.083549
-0.087343
-0.0911057
-0.0948275
-0.098499
-0.10211
-0.105652
-0.109114
-0.112488
-0.115764
-0.118932
-0.121985
-0.124914
-0.127711
-0.130368
-0.132879
-0.135236
-0.137434
-0.139468
-0.141333
-0.143023
-0.144536
-0.145868
-0.147017
-0.14798
-0.148755
-0.149341
-0.149736
-0.14994
-0.149952
-0.149771
-0.149396
-0.148827
-0.148062
-0.147102
-0.145943
-0.144583
-0.14302
-0.141249
-0.139267
-0.137067
-0.134644
-0.13199
-0.129098
-0.125959
-0.122565
-0.118908
-0.11498
-0.110773
-0.106285
-0.101512
-0.0964567
-0.0911254
-0.0855302
-0.07969
-0.0736314
-0.0673898
-0.0610102
-0.0545476
-0.0480673
-0.0416451
-0.0353661
-0.0293231
-0.0236144
-0.0183403
-0.0135982
-0.00947692
-0.00605094
-0.00337423
-0.0014759
-0.00035852
0
0
-0.000226826
-0.000865473
-0.0018767
-0.00322348
-0.00487104
-0.00678711
-0.00894205
-0.011309
-0.0138638
-0.0165852
-0.0194547
-0.0224559
-0.0255751
-0.0288001
-0.0321205
-0.035527
-0.0390116
-0.0425665
-0.0461847
-0.0498592
-0.0535833
-0.0573498
-0.0611517
-0.0649816
-0.0688317
-0.0726942
-0.0765605
-0.0804222
-0.0842703
-0.0880956
-0.0918888
-0.0956405
-0.0993408
-0.10298
-0.106549
-0.110038
-0.113438
-0.116738
-0.119931
-0.123007
-0.125959
-0.128778
-0.131457
-0.133988
-0.136367
-0.138585
-0.140639
-0.142523
-0.144234
-0.145766
-0.147119
-0.148288
-0.149271
-0.150068
-0.150676
-0.151094
-0.151322
-0.151359
-0.151204
-0.150858
-0.150319
-0.149587
-0.148661
-0.147539
-0.146219
-0.144698
-0.142973
-0.141039
-0.138891
-0.136522
-0.133926
-0.131093
-0.128015
-0.124682
-0.121085
-0.117215
-0.113064
-0.108624
-0.103893
-0.0988686
-0.0935556
-0.0879635
-0.0821087
-0.0760154
-0.069717
-0.0632567
-0.0566884
-0.0500772
-0.0434995
-0.0370421
-0.030801
-0.0248792
-0.0193833
-0.0144184
-0.0100826
-0.00646038
-0.00361595
-0.00158814
-0.000387918
0
0
-0.000225906
-0.000863074
-0.00187338
-0.0032207
-0.004871
-0.00679257
-0.00895603
-0.0113347
-0.0139044
-0.0166437
-0.0195338
-0.0225582
-0.0257026
-0.0289546
-0.0323034
-0.0357395
-0.0392542
-0.0428399
-0.0464892
-0.0501949
-0.05395
-0.0577474
-0.06158
-0.0654401
-0.06932
-0.0732117
-0.0771067
-0.0809965
-0.0848721
-0.0887242
-0.0925436
-0.0963207
-0.100046
-0.10371
-0.107302
-0.110814
-0.114235
-0.117557
-0.120771
-0.123868
-0.126839
-0.129678
-0.132376
-0.134926
-0.137323
-0.13956
-0.141632
-0.143535
-0.145264
-0.146815
-0.148187
-0.149375
-0.150379
-0.151196
-0.151826
-0.152267
-0.152519
-0.152581
-0.152453
-0.152135
-0.151627
-0.150927
-0.150035
-0.148951
-0.147671
-0.146193
-0.144514
-0.14263
-0.140534
-0.138222
-0.135684
-0.132913
-0.129898
-0.126631
-0.123099
-0.119293
-0.115203
-0.11082
-0.106138
-0.101155
-0.0958705
-0.0902928
-0.0844355
-0.0783201
-0.0719777
-0.0654496
-0.0587884
-0.0520586
-0.0453365
-0.0387105
-0.0322796
-0.026151
-0.0204373
-0.0152514
-0.0107008
-0.00688032
-0.00386507
-0.00170437
-0.000418537
0
0
-0.000224472
-0.000858779
-0.00186604
-0.00321116
-0.00486096
-0.00678429
-0.00895224
-0.0113383
-0.0139184
-0.016671
-0.0195771
-0.0226199
-0.0257848
-0.0290591
-0.0324315
-0.0358923
-0.0394326
-0.0430444
-0.04672
-0.0504521
-0.0542336
-0.0580573
-0.0619157
-0.0658013
-0.0697064
-0.0736227
-0.0775418
-0.0814551
-0.0853536
-0.0892282
-0.0930694
-0.0968677
-0.100613
-0.104297
-0.107909
-0.11144
-0.11488
-0.11822
-0.121452
-0.124566
-0.127554
-0.13041
-0.133124
-0.135691
-0.138105
-0.140358
-0.142447
-0.144367
-0.146113
-0.147683
-0.149073
-0.15028
-0.151304
-0.152142
-0.152793
-0.153257
-0.153532
-0.15362
-0.153519
-0.153229
-0.152751
-0.152084
-0.151227
-0.15018
-0.14894
-0.147506
-0.145874
-0.14404
-0.141998
-0.139742
-0.137265
-0.134557
-0.131609
-0.12841
-0.124948
-0.121211
-0.117188
-0.112868
-0.108244
-0.10331
-0.0980644
-0.0925121
-0.0866638
-0.0805386
-0.074165
-0.0675821
-0.0608409
-0.0540047
-0.0471499
-0.040366
-0.0337541
-0.0274257
-0.0214991
-0.0160949
-0.01133
-0.00730989
-0.00412117
-0.00182446
-0.000450355
0
0
-0.000222545
-0.000852644
-0.00185478
-0.00319501
-0.00484107
-0.00676252
-0.00893095
-0.0113201
-0.0139061
-0.0166674
-0.0195847
-0.0226412
-0.0258217
-0.0291134
-0.0325047
-0.0359855
-0.0395466
-0.0431796
-0.0468768
-0.0506307
-0.0544339
-0.058279
-0.0621587
-0.0660651
-0.0699906
-0.0739268
-0.0778654
-0.0817977
-0.0857147
-0.0896072
-0.0934658
-0.0972811
-0.101043
-0.104743
-0.108371
-0.111917
-0.115372
-0.118727
-0.121973
-0.125102
-0.128104
-0.130974
-0.133703
-0.136285
-0.138713
-0.140981
-0.143086
-0.145021
-0.146784
-0.14837
-0.149778
-0.151004
-0.152047
-0.152905
-0.153578
-0.154064
-0.154364
-0.154477
-0.154403
-0.154142
-0.153694
-0.15306
-0.152239
-0.151229
-0.15003
-0.148639
-0.147054
-0.145271
-0.143283
-0.141085
-0.13867
-0.136028
-0.133148
-0.13002
-0.12663
-0.122967
-0.119016
-0.114766
-0.110207
-0.10533
-0.100133
-0.0946158
-0.0887877
-0.0826645
-0.0762722
-0.0696474
-0.062839
-0.0559091
-0.0489338
-0.0420029
-0.0352198
-0.0286994
-0.0225657
-0.0169467
-0.0119687
-0.00774817
-0.00438379
-0.00194823
-0.000483343
0
0
-0.000220146
-0.000844736
-0.00183972
-0.00317242
-0.00481158
-0.00672755
-0.00889249
-0.0112805
-0.013868
-0.0166333
-0.0195571
-0.0226223
-0.0258138
-0.029118
-0.0325234
-0.0360193
-0.0395963
-0.0432459
-0.0469599
-0.0507308
-0.0545509
-0.0584128
-0.0623089
-0.0662315
-0.0701727
-0.0741242
-0.0780777
-0.0820244
-0.0859553
-0.0898613
-0.093733
-0.097561
-0.101336
-0.105048
-0.108687
-0.112245
-0.115711
-0.119078
-0.122335
-0.125475
-0.12849
-0.131371
-0.134112
-0.136706
-0.139147
-0.141429
-0.143547
-0.145498
-0.147276
-0.148878
-0.150303
-0.151547
-0.152609
-0.153487
-0.154181
-0.15469
-0.155014
-0.155153
-0.155106
-0.154875
-0.154458
-0.153857
-0.153071
-0.1521
-0.150942
-0.149595
-0.148058
-0.146325
-0.144392
-0.142253
-0.139901
-0.137325
-0.134516
-0.131461
-0.128147
-0.12456
-0.120686
-0.116511
-0.112023
-0.107212
-0.102071
-0.0965992
-0.0908019
-0.0846922
-0.0782932
-0.0716391
-0.0647764
-0.0577657
-0.0506821
-0.0436158
-0.0366717
-0.029968
-0.0236337
-0.0178042
-0.0126151
-0.00819413
-0.00465241
-0.00207549
-0.000517471
0
0
-0.0002173
-0.000835135
-0.00182102
-0.00314362
-0.00477278
-0.00667973
-0.00883728
-0.01122
-0.0138044
-0.0165691
-0.0194948
-0.022564
-0.0257614
-0.0290734
-0.0324879
-0.0359941
-0.0395823
-0.0432435
-0.0469697
-0.0507527
-0.054585
-0.0584589
-0.0623667
-0.0663008
-0.070253
-0.0742152
-0.078179
-0.0821355
-0.0860759
-0.089991
-0.0938715
-0.0977081
-0.101491
-0.105211
-0.108859
-0.112424
-0.115899
-0.119273
-0.122539
-0.125688
-0.128711
-0.131602
-0.134353
-0.136957
-0.139409
-0.141703
-0.143833
-0.145797
-0.147589
-0.149207
-0.150648
-0.15191
-0.152991
-0.153889
-0.154605
-0.155137
-0.155486
-0.15565
-0.155632
-0.155429
-0.155045
-0.154477
-0.153727
-0.152794
-0.151678
-0.150376
-0.148886
-0.147205
-0.145328
-0.143248
-0.140959
-0.138451
-0.135713
-0.132733
-0.129498
-0.125991
-0.122198
-0.118103
-0.113692
-0.108952
-0.103876
-0.0984583
-0.0927016
-0.0866164
-0.0802224
-0.0735512
-0.066647
-0.0595682
-0.052389
-0.0451992
-0.0381049
-0.0312271
-0.0246997
-0.0186649
-0.0132675
-0.00864669
-0.00492648
-0.00220605
-0.000552701
0
0
-0.000214031
-0.000823927
-0.00179884
-0.00310886
-0.00472502
-0.0066195
-0.00876583
-0.0111391
-0.0137161
-0.0164757
-0.0193984
-0.0224669
-0.0256655
-0.0289803
-0.0323991
-0.0359107
-0.0395052
-0.0431733
-0.0469067
-0.0506971
-0.0545368
-0.0584179
-0.0623329
-0.0662737
-0.0702323
-0.0742006
-0.07817
-0.0821319
-0.0860773
-0.0899971
-0.0938822
-0.097723
-0.10151
-0.105234
-0.108886
-0.112456
-0.115935
-0.119315
-0.122586
-0.12574
-0.128769
-0.131667
-0.134425
-0.137038
-0.139499
-0.141803
-0.143945
-0.145921
-0.147727
-0.149359
-0.150816
-0.152095
-0.153194
-0.154113
-0.15485
-0.155406
-0.155779
-0.155971
-0.15598
-0.155808
-0.155455
-0.154922
-0.154209
-0.153315
-0.152241
-0.150984
-0.149542
-0.147913
-0.146092
-0.144072
-0.141847
-0.139408
-0.136743
-0.13384
-0.130684
-0.12726
-0.123551
-0.11954
-0.115211
-0.11055
-0.105545
-0.10019
-0.0944829
-0.0884322
-0.0820546
-0.0753783
-0.0684449
-0.0613109
-0.0540486
-0.0467475
-0.0395144
-0.0324727
-0.0257602
-0.0195261
-0.013924
-0.0091047
-0.0052054
-0.00233966
-0.00058899
0
0
-0.000210369
-0.000811204
-0.00177337
-0.00306844
-0.0046687
-0.00654736
-0.00867873
-0.0110385
-0.0136038
-0.0163537
-0.0192689
-0.0223318
-0.0255267
-0.0288396
-0.0322578
-0.03577
-0.0393659
-0.0430361
-0.0467719
-0.0505649
-0.0544073
-0.058291
-0.0622083
-0.0661511
-0.0701116
-0.0740813
-0.0780518
-0.0820145
-0.0859606
-0.0898808
-0.0937661
-0.0976071
-0.101395
-0.105119
-0.108771
-0.112342
-0.115822
-0.119203
-0.122476
-0.125633
-0.128666
-0.131568
-0.134332
-0.136951
-0.139419
-0.141732
-0.143883
-0.14587
-0.147689
-0.149335
-0.150807
-0.152103
-0.153221
-0.15416
-0.154919
-0.155498
-0.155896
-0.156115
-0.156153
-0.156012
-0.155692
-0.155194
-0.154518
-0.153665
-0.152633
-0.151421
-0.150029
-0.148452
-0.146687
-0.144728
-0.142568
-0.140198
-0.137607
-0.134781
-0.131707
-0.128368
-0.124745
-0.120822
-0.11658
-0.112002
-0.107076
-0.10179
-0.0961419
-0.0901356
-0.0837848
-0.0771148
-0.0701645
-0.0629878
-0.0556553
-0.0482555
-0.0408954
-0.0337001
-0.0268116
-0.0203849
-0.0145827
-0.0095669
-0.00548852
-0.00247608
-0.00062629
0
0
-0.000206341
-0.000797068
-0.0017448
-0.00302266
-0.00460424
-0.00646384
-0.00857663
-0.0109189
-0.0134684
-0.0162042
-0.0191072
-0.0221599
-0.0253464
-0.0286524
-0.0320652
-0.0355731
-0.0391656
-0.042833
-0.0465665
-0.0503574
-0.0541977
-0.0580792
-0.0619942
-0.0659345
-0.0698921
-0.0738587
-0.0778258
-0.0817849
-0.0857272
-0.0896435
-0.0935248
-0.0973619
-0.101145
-0.104866
-0.108515
-0.112083
-0.115561
-0.11894
-0.122212
-0.125369
-0.128403
-0.131307
-0.134073
-0.136697
-0.139171
-0.14149
-0.14365
-0.145647
-0.147477
-0.149137
-0.150624
-0.151936
-0.153072
-0.154031
-0.154812
-0.155414
-0.155839
-0.156085
-0.156153
-0.156043
-0.155757
-0.155295
-0.154657
-0.153844
-0.152856
-0.151691
-0.150348
-0.148825
-0.147117
-0.145219
-0.143124
-0.140824
-0.138307
-0.13556
-0.132569
-0.129316
-0.125783
-0.121951
-0.117799
-0.113309
-0.108466
-0.103257
-0.0976756
-0.0917225
-0.0854085
-0.078756
-0.0718005
-0.0645935
-0.0572035
-0.0497176
-0.0422426
-0.034905
-0.0278501
-0.0212385
-0.0152413
-0.0100319
-0.00577511
-0.00261502
-0.000664545
0
0
-0.000201978
-0.000781621
-0.00171335
-0.00297185
-0.00453211
-0.00636956
-0.00846027
-0.0107813
-0.0133107
-0.0160281
-0.0189144
-0.0219522
-0.0251256
-0.02842
-0.0318226
-0.0353214
-0.0389056
-0.0425655
-0.0462919
-0.0500759
-0.0539094
-0.0577841
-0.0616921
-0.0656252
-0.0695754
-0.0735344
-0.0774937
-0.0814447
-0.0853788
-0.0892869
-0.09316
-0.0969891
-0.100765
-0.104478
-0.10812
-0.111682
-0.115154
-0.118528
-0.121796
-0.12495
-0.127982
-0.130885
-0.133652
-0.136278
-0.138756
-0.14108
-0.143248
-0.145253
-0.147093
-0.148765
-0.150267
-0.151595
-0.152749
-0.153728
-0.154531
-0.155158
-0.155608
-0.155882
-0.155981
-0.155903
-0.155652
-0.155226
-0.154628
-0.153857
-0.152912
-0.151795
-0.150502
-0.149033
-0.147382
-0.145546
-0.143517
-0.141287
-0.138845
-0.136179
-0.133271
-0.130107
-0.126665
-0.122925
-0.118867
-0.11447
-0.109716
-0.104589
-0.0990812
-0.0931895
-0.0869218
-0.0802969
-0.0733477
-0.0661225
-0.0586875
-0.0511283
-0.0435509
-0.0360827
-0.0288717
-0.0220836
-0.0158977
-0.0104984
-0.00606438
-0.00275616
-0.000703692
0
0
-0.000197311
-0.000764974
-0.00167922
-0.00291637
-0.00445281
-0.00626514
-0.00833042
-0.0106264
-0.0131318
-0.0158266
-0.0186918
-0.0217102
-0.0248657
-0.0281439
-0.0315314
-0.0350163
-0.0385876
-0.0422352
-0.0459497
-0.0497222
-0.0535442
-0.0574074
-0.0613038
-0.0652252
-0.0691634
-0.0731103
-0.0770573
-0.0809959
-0.0849175
-0.0888131
-0.0926739
-0.0964909
-0.100255
-0.103957
-0.107588
-0.11114
-0.114603
-0.117969
-0.12123
-0.124378
-0.127405
-0.130305
-0.133071
-0.135697
-0.138176
-0.140505
-0.142677
-0.14469
-0.14654
-0.148224
-0.149739
-0.151083
-0.152255
-0.153254
-0.154079
-0.15473
-0.155207
-0.155509
-0.155639
-0.155595
-0.155378
-0.154991
-0.154432
-0.153703
-0.152804
-0.151735
-0.150494
-0.149079
-0.147487
-0.145713
-0.143751
-0.141592
-0.139226
-0.136639
-0.133817
-0.130741
-0.127392
-0.123748
-0.119786
-0.115485
-0.110823
-0.105784
-0.100356
-0.0945335
-0.0883206
-0.0817332
-0.0748009
-0.0675693
-0.0601018
-0.052482
-0.044815
-0.0372284
-0.0298722
-0.022917
-0.0165494
-0.0109646
-0.00635547
-0.00289914
-0.000743659
0
0
-0.000192371
-0.000747239
-0.00164266
-0.0028566
-0.00436686
-0.00615129
-0.00818794
-0.0104554
-0.012933
-0.0156009
-0.0184408
-0.0214353
-0.0245684
-0.0278256
-0.0311934
-0.0346597
-0.0382133
-0.0418439
-0.0455418
-0.049298
-0.0531039
-0.0569511
-0.0608313
-0.0647364
-0.0686582
-0.0725884
-0.0765187
-0.0804406
-0.0843454
-0.0882244
-0.0920688
-0.0958696
-0.099618
-0.103305
-0.106922
-0.11046
-0.11391
-0.117265
-0.120516
-0.123655
-0.126675
-0.12957
-0.132332
-0.134955
-0.137435
-0.139765
-0.141942
-0.143961
-0.145819
-0.147514
-0.149042
-0.150401
-0.151591
-0.152609
-0.153457
-0.154132
-0.154636
-0.154968
-0.155129
-0.155119
-0.154939
-0.15459
-0.154072
-0.153387
-0.152534
-0.151514
-0.150325
-0.148965
-0.147432
-0.145722
-0.143827
-0.141739
-0.13945
-0.136944
-0.134208
-0.131222
-0.127966
-0.124419
-0.120555
-0.116353
-0.111788
-0.106841
-0.101499
-0.0957516
-0.0896013
-0.0830604
-0.0761554
-0.0689285
-0.0614407
-0.0537731
-0.0460295
-0.0383371
-0.0308475
-0.0237352
-0.0171937
-0.0114288
-0.00664741
-0.00304357
-0.000784362
0
0
-0.000187192
-0.000728532
-0.00160391
-0.00279291
-0.00427482
-0.00602872
-0.00803373
-0.0102692
-0.0127153
-0.0153525
-0.0181628
-0.0211291
-0.0242353
-0.027467
-0.0308105
-0.0342536
-0.0377848
-0.0413936
-0.0450703
-0.0488057
-0.0525908
-0.0564173
-0.0602768
-0.0641612
-0.0680621
-0.0719713
-0.0758806
-0.0797814
-0.0836652
-0.0875234
-0.0913473
-0.095128
-0.0988568
-0.102525
-0.106124
-0.109645
-0.113079
-0.116419
-0.119657
-0.122784
-0.125795
-0.128681
-0.131437
-0.134056
-0.136534
-0.138865
-0.141044
-0.143068
-0.144934
-0.146637
-0.148178
-0.149552
-0.150759
-0.151797
-0.152667
-0.153367
-0.153898
-0.15426
-0.154453
-0.154478
-0.154335
-0.154025
-0.15355
-0.152909
-0.152104
-0.151134
-0.149998
-0.148695
-0.147222
-0.145575
-0.143748
-0.141733
-0.13952
-0.137096
-0.134445
-0.13155
-0.128389
-0.12494
-0.121176
-0.117074
-0.112609
-0.107759
-0.102507
-0.0968409
-0.0907604
-0.0842744
-0.0774061
-0.0701948
-0.0626985
-0.0549958
-0.0471886
-0.0394034
-0.0317928
-0.0245343
-0.0178279
-0.0118893
-0.00693913
-0.003189
-0.000825702
0
0
-0.000181805
-0.000708973
-0.0015632
-0.00272571
-0.00417726
-0.0058982
-0.00786873
-0.0100691
-0.0124801
-0.0150828
-0.0178595
-0.0207933
-0.0238684
-0.02707
-0.0303847
-0.0337999
-0.0373041
-0.0408866
-0.0445375
-0.0482474
-0.0520073
-0.0558086
-0.0596429
-0.063502
-0.0673776
-0.0712615
-0.0751454
-0.0790209
-0.0828796
-0.0867129
-0.0905122
-0.0942688
-0.0979742
-0.10162
-0.105197
-0.108697
-0.112112
-0.115435
-0.118656
-0.121769
-0.124767
-0.127643
-0.13039
-0.133003
-0.135476
-0.137806
-0.139986
-0.142013
-0.143885
-0.145598
-0.147149
-0.148537
-0.149761
-0.150819
-0.151711
-0.152436
-0.152994
-0.153386
-0.153612
-0.153673
-0.153568
-0.153299
-0.152867
-0.152273
-0.151516
-0.150598
-0.149516
-0.148271
-0.146858
-0.145276
-0.143517
-0.141574
-0.139438
-0.137096
-0.134532
-0.131729
-0.128663
-0.125312
-0.12165
-0.11765
-0.113287
-0.108536
-0.103378
-0.0977989
-0.0917944
-0.0853707
-0.0785481
-0.0713627
-0.0638694
-0.0561441
-0.0482865
-0.040422
-0.0327032
-0.0253103
-0.0184488
-0.0123437
-0.00722941
-0.00333489
-0.000867564
0
0
-0.000176244
-0.00068868
-0.00152078
-0.00265542
-0.00407479
-0.00576053
-0.00769394
-0.00985621
-0.0122287
-0.0147934
-0.0175327
-0.0204299
-0.0234695
-0.0266368
-0.0299182
-0.0333011
-0.0367738
-0.0403254
-0.043946
-0.0476258
-0.0513559
-0.0551276
-0.0589323
-0.0627618
-0.0666077
-0.070462
-0.0743162
-0.0781622
-0.0819916
-0.0857959
-0.0895666
-0.0932953
-0.0969735
-0.100593
-0.104145
-0.107621
-0.111013
-0.114315
-0.117517
-0.120612
-0.123595
-0.126457
-0.129193
-0.131798
-0.134265
-0.136591
-0.13877
-0.1408
-0.142676
-0.144397
-0.145959
-0.14736
-0.1486
-0.149677
-0.150591
-0.151341
-0.151927
-0.15235
-0.152609
-0.152706
-0.152641
-0.152414
-0.152026
-0.151479
-0.150772
-0.149906
-0.148881
-0.147694
-0.146344
-0.144827
-0.143137
-0.141267
-0.139209
-0.136948
-0.134471
-0.131758
-0.128789
-0.125537
-0.121977
-0.118081
-0.113821
-0.109172
-0.104111
-0.0986229
-0.0926997
-0.0863452
-0.0795765
-0.0724265
-0.0649472
-0.0572117
-0.049317
-0.0413868
-0.0335734
-0.0260588
-0.019053
-0.0127899
-0.00751689
-0.00348066
-0.000909812
0
0
-0.000170541
-0.000667776
-0.00147692
-0.00258245
-0.00396801
-0.00561652
-0.00751039
-0.00963175
-0.0119628
-0.0144859
-0.017184
-0.0200409
-0.0230409
-0.0261697
-0.0294134
-0.0327596
-0.0361963
-0.0397126
-0.0432983
-0.0469437
-0.0506396
-0.0543772
-0.0581479
-0.0619434
-0.0657554
-0.0695757
-0.0733962
-0.0772085
-0.0810044
-0.0847757
-0.0885139
-0.0922108
-0.095858
-0.0994472
-0.10297
-0.106419
-0.109786
-0.113062
-0.116242
-0.119317
-0.122281
-0.125128
-0.127851
-0.130444
-0.132904
-0.135224
-0.137401
-0.139431
-0.141311
-0.143037
-0.144609
-0.146023
-0.147278
-0.148374
-0.14931
-0.150085
-0.150699
-0.151152
-0.151446
-0.15158
-0.151554
-0.15137
-0.151028
-0.150529
-0.149874
-0.149062
-0.148093
-0.146967
-0.14568
-0.14423
-0.14261
-0.140815
-0.138834
-0.136655
-0.134264
-0.131642
-0.128768
-0.125615
-0.122158
-0.118366
-0.114211
-0.109665
-0.104704
-0.09931
-0.0934729
-0.0871934
-0.0804859
-0.0733804
-0.0659257
-0.058192
-0.0502735
-0.0422917
-0.0343979
-0.0267749
-0.0196369
-0.0132252
-0.00780004
-0.00362561
-0.000952287
0
0
-0.00016473
-0.000646383
-0.00143187
-0.00250724
-0.00385756
-0.00546702
-0.00731916
-0.00939705
-0.0116836
-0.014162
-0.0168155
-0.0196282
-0.0225849
-0.025671
-0.0288729
-0.032178
-0.0355745
-0.0390511
-0.0425976
-0.0462041
-0.0498614
-0.0535605
-0.0572929
-0.0610501
-0.0648239
-0.0686061
-0.0723886
-0.0761631
-0.0799216
-0.0836559
-0.0873577
-0.0910189
-0.0946313
-0.0981868
-0.101677
-0.105095
-0.108433
-0.111682
-0.114836
-0.117888
-0.120831
-0.123659
-0.126366
-0.128946
-0.131395
-0.133708
-0.135881
-0.137909
-0.139791
-0.141523
-0.143103
-0.144528
-0.145799
-0.146913
-0.14787
-0.148669
-0.149311
-0.149796
-0.150123
-0.150295
-0.15031
-0.150169
-0.149874
-0.149425
-0.148822
-0.148066
-0.147156
-0.146091
-0.144869
-0.143486
-0.141938
-0.140218
-0.138315
-0.136219
-0.133915
-0.131383
-0.128603
-0.125549
-0.122193
-0.118506
-0.114455
-0.110014
-0.105155
-0.0998573
-0.0941099
-0.0879106
-0.0812709
-0.0742181
-0.0667981
-0.059078
-0.0511489
-0.0431299
-0.0351705
-0.0274535
-0.0201962
-0.0136467
-0.00807709
-0.00376895
-0.000994795
0
0
-0.000158844
-0.000624624
-0.0013859
-0.00243022
-0.00374407
-0.0053129
-0.00712134
-0.00915345
-0.0113929
-0.0138236
-0.0164292
-0.0191943
-0.0221038
-0.0251433
-0.0282994
-0.0315594
-0.0349113
-0.0383439
-0.0418469
-0.0454102
-0.0490246
-0.052681
-0.0563707
-0.0600854
-0.0638168
-0.0675567
-0.0712971
-0.0750298
-0.0787468
-0.0824401
-0.0861016
-0.0897233
-0.0932972
-0.0968153
-0.10027
-0.103653
-0.106958
-0.110177
-0.113302
-0.116328
-0.119247
-0.122053
-0.124742
-0.127307
-0.129743
-0.132046
-0.134213
-0.136239
-0.13812
-0.139856
-0.141443
-0.142879
-0.144164
-0.145295
-0.146273
-0.147097
-0.147766
-0.148282
-0.148644
-0.148853
-0.14891
-0.148814
-0.148566
-0.148167
-0.147618
-0.146919
-0.146069
-0.145067
-0.143911
-0.142598
-0.141123
-0.139478
-0.137655
-0.135642
-0.133424
-0.130983
-0.128296
-0.125339
-0.122084
-0.1185
-0.114554
-0.110217
-0.10546
-0.100262
-0.0946067
-0.0884917
-0.0819257
-0.0749332
-0.0675574
-0.0598622
-0.0519358
-0.0438941
-0.0358844
-0.0280889
-0.0207263
-0.0140511
-0.00834607
-0.00390975
-0.00103711
0
0
-0.000152916
-0.000602624
-0.00133926
-0.00235185
-0.00362822
-0.00515506
-0.00691809
-0.00890233
-0.0110923
-0.0134725
-0.0160272
-0.0187413
-0.0216001
-0.0245894
-0.0276957
-0.0309065
-0.0342098
-0.0375943
-0.0410495
-0.0445654
-0.0481326
-0.051742
-0.0553849
-0.0590529
-0.0627377
-0.0664312
-0.0701254
-0.0738123
-0.0774839
-0.0811323
-0.0847496
-0.0883281
-0.0918597
-0.095337
-0.0987521
-0.102098
-0.105366
-0.108551
-0.111645
-0.114641
-0.117533
-0.120316
-0.122983
-0.12553
-0.127951
-0.130243
-0.132401
-0.134422
-0.136303
-0.13804
-0.139633
-0.141079
-0.142376
-0.143524
-0.144522
-0.14537
-0.146067
-0.146614
-0.147011
-0.147258
-0.147356
-0.147305
-0.147105
-0.146758
-0.146264
-0.145623
-0.144834
-0.143896
-0.142808
-0.141566
-0.140164
-0.138597
-0.136854
-0.134925
-0.132794
-0.130442
-0.127849
-0.124988
-0.121832
-0.118348
-0.114506
-0.110272
-0.105618
-0.100519
-0.0949585
-0.0889312
-0.0824438
-0.0755185
-0.0681958
-0.0605367
-0.0526261
-0.0445766
-0.0365326
-0.0286746
-0.0212224
-0.0144347
-0.0086047
-0.00404695
-0.00107896
0
0
-0.000146978
-0.000580508
-0.00129223
-0.00227257
-0.00351067
-0.0049944
-0.00671057
-0.00864514
-0.0107835
-0.0131107
-0.0156117
-0.0182718
-0.0210765
-0.024012
-0.0270649
-0.0302226
-0.0334732
-0.0368055
-0.0402089
-0.0436732
-0.0471891
-0.0507474
-0.0543393
-0.0579565
-0.0615906
-0.0652336
-0.0688776
-0.0725146
-0.0761369
-0.0797365
-0.0833059
-0.0868373
-0.0903232
-0.0937558
-0.0971279
-0.100432
-0.103661
-0.106809
-0.109868
-0.112831
-0.115694
-0.11845
-0.121094
-0.12362
-0.126024
-0.128302
-0.130449
-0.132463
-0.134341
-0.136079
-0.137676
-0.13913
-0.140439
-0.141603
-0.142621
-0.143491
-0.144216
-0.144793
-0.145225
-0.14551
-0.14565
-0.145645
-0.145494
-0.1452
-0.144761
-0.144179
-0.143452
-0.14258
-0.14156
-0.14039
-0.139063
-0.137574
-0.135912
-0.134067
-0.132023
-0.129762
-0.127261
-0.124496
-0.121436
-0.118052
-0.11431
-0.110178
-0.105625
-0.100625
-0.0951602
-0.089223
-0.0828182
-0.0759663
-0.0687051
-0.0610927
-0.053211
-0.0451688
-0.0371071
-0.0292039
-0.0216786
-0.0147936
-0.00885042
-0.0041793
-0.00112002
0
0
-0.000141064
-0.000558401
-0.00124508
-0.00219285
-0.0033921
-0.00483186
-0.00649998
-0.00838335
-0.0104681
-0.0127401
-0.0151849
-0.0177882
-0.0205358
-0.0234141
-0.02641
-0.029511
-0.0327051
-0.0359813
-0.0393288
-0.0427375
-0.046198
-0.049701
-0.0532379
-0.0568001
-0.0603795
-0.063968
-0.0675578
-0.0711411
-0.0747101
-0.0782572
-0.0817748
-0.0852555
-0.0886918
-0.0920763
-0.0954019
-0.0986614
-0.101848
-0.104955
-0.107976
-0.110904
-0.113734
-0.11646
-0.119077
-0.12158
-0.123965
-0.126226
-0.128361
-0.130367
-0.132239
-0.133976
-0.135576
-0.137036
-0.138356
-0.139535
-0.140571
-0.141464
-0.142215
-0.142823
-0.143289
-0.143612
-0.143794
-0.143835
-0.143734
-0.143492
-0.14311
-0.142588
-0.141924
-0.141119
-0.140169
-0.139071
-0.13782
-0.136409
-0.13483
-0.133069
-0.131112
-0.12894
-0.126532
-0.12386
-0.120897
-0.11761
-0.113966
-0.109932
-0.105477
-0.100575
-0.0952056
-0.0893601
-0.0830414
-0.0762683
-0.0690762
-0.061521
-0.0536811
-0.0456615
-0.0375993
-0.0296692
-0.022089
-0.015123
-0.0090803
-0.00430537
-0.0011599
0
0
-0.000135207
-0.000536433
-0.00119808
-0.00211316
-0.00327323
-0.00466841
-0.00628756
-0.00811847
-0.0101481
-0.012363
-0.0147493
-0.017293
-0.0199806
-0.0227987
-0.0257343
-0.028775
-0.031909
-0.0351252
-0.038413
-0.0417621
-0.0451632
-0.048607
-0.0520847
-0.055588
-0.0591087
-0.0626388
-0.0661705
-0.069696
-0.0732079
-0.0766986
-0.0801608
-0.0835871
-0.0869702
-0.090303
-0.0935785
-0.0967899
-0.0999305
-0.102994
-0.105973
-0.108863
-0.111658
-0.114351
-0.116939
-0.119416
-0.121778
-0.124021
-0.126142
-0.128136
-0.130001
-0.131735
-0.133336
-0.134802
-0.136131
-0.137323
-0.138377
-0.139292
-0.140068
-0.140706
-0.141205
-0.141567
-0.141791
-0.141877
-0.141826
-0.141638
-0.141313
-0.140851
-0.140252
-0.139513
-0.138633
-0.137609
-0.136435
-0.135103
-0.133606
-0.13193
-0.13006
-0.127977
-0.125659
-0.12308
-0.12021
-0.117018
-0.11347
-0.109531
-0.105172
-0.100364
-0.0950888
-0.089335
-0.0831047
-0.076415
-0.0692994
-0.0618114
-0.0540261
-0.0460448
-0.038
-0.0300623
-0.0224466
-0.0154179
-0.00929103
-0.0044235
-0.00119815
0
0
-0.000129442
-0.000514736
-0.00115152
-0.00203398
-0.00315477
-0.00450503
-0.00607457
-0.00785207
-0.00982531
-0.0119814
-0.0143071
-0.0167892
-0.0194141
-0.022169
-0.0250411
-0.0280182
-0.0310886
-0.0342412
-0.0374654
-0.0407512
-0.0440889
-0.0474695
-0.0508842
-0.0543247
-0.0577827
-0.0612504
-0.06472
-0.068184
-0.071635
-0.0750656
-0.0784685
-0.0818367
-0.085163
-0.0884406
-0.0916626
-0.0948224
-0.0979136
-0.10093
-0.103865
-0.106713
-0.109469
-0.112128
-0.114683
-0.117132
-0.119469
-0.121691
-0.123794
-0.125775
-0.127631
-0.129361
-0.130961
-0.13243
-0.133767
-0.134971
-0.136041
-0.136977
-0.137778
-0.138445
-0.138977
-0.139376
-0.139642
-0.139774
-0.139773
-0.139638
-0.139371
-0.13897
-0.138434
-0.137764
-0.136955
-0.136004
-0.134907
-0.133655
-0.132239
-0.130647
-0.128863
-0.126868
-0.12464
-0.122151
-0.119373
-0.116273
-0.112816
-0.108971
-0.104703
-0.0999877
-0.0948035
-0.0891402
-0.0829991
-0.0763964
-0.0693639
-0.0619528
-0.0542349
-0.0463077
-0.038299
-0.030374
-0.022744
-0.0156726
-0.0094789
-0.00453179
-0.00123423
0
0
-0.000123804
-0.000493448
-0.00110571
-0.00195583
-0.00303747
-0.00434274
-0.00586234
-0.00758577
-0.00950157
-0.0115975
-0.0138611
-0.0162793
-0.0188392
-0.0215283
-0.024334
-0.0272443
-0.0302478
-0.0333333
-0.0364903
-0.039709
-0.0429796
-0.0462931
-0.0496409
-0.0530145
-0.056406
-0.0598074
-0.0632111
-0.0666098
-0.0699961
-0.0733627
-0.0767027
-0.0800091
-0.0832751
-0.0864939
-0.0896589
-0.0927638
-0.0958022
-0.0987681
-0.101656
-0.104459
-0.107174
-0.109794
-0.112314
-0.114732
-0.117041
-0.11924
-0.121323
-0.123289
-0.125134
-0.126856
-0.128454
-0.129924
-0.131268
-0.132482
-0.133567
-0.134522
-0.135347
-0.136042
-0.136607
-0.137043
-0.13735
-0.137527
-0.137575
-0.137494
-0.137284
-0.136944
-0.136473
-0.135871
-0.135133
-0.134256
-0.133235
-0.132063
-0.130728
-0.129219
-0.12752
-0.125612
-0.12347
-0.12107
-0.11838
-0.115368
-0.112
-0.108242
-0.104064
-0.0994367
-0.0943413
-0.0887672
-0.0827157
-0.0762023
-0.0692584
-0.061933
-0.0542953
-0.0464386
-0.0384852
-0.0305946
-0.0229728
-0.0158808
-0.00963972
-0.00462807
-0.0012675
0
0
-0.000118332
-0.000472714
-0.00106094
-0.00187923
-0.00292212
-0.00418261
-0.00565222
-0.00732124
-0.00917891
-0.0112137
-0.0134136
-0.0157662
-0.0182591
-0.0208799
-0.0236165
-0.0264571
-0.0293904
-0.0324055
-0.0354919
-0.0386398
-0.0418396
-0.0450823
-0.0483593
-0.0516623
-0.0549834
-0.0583147
-0.0616487
-0.0649782
-0.068296
-0.071595
-0.0748684
-0.0781094
-0.0813114
-0.0844679
-0.0875724
-0.0906189
-0.0936012
-0.0965136
-0.0993504
-0.102106
-0.104776
-0.107354
-0.109838
-0.112221
-0.1145
-0.116672
-0.118734
-0.120681
-0.122513
-0.124226
-0.125819
-0.12729
-0.128637
-0.12986
-0.130959
-0.131932
-0.13278
-0.133502
-0.134098
-0.13457
-0.134917
-0.135138
-0.135236
-0.135208
-0.135055
-0.134775
-0.134369
-0.133834
-0.133166
-0.132363
-0.131418
-0.130324
-0.12907
-0.127643
-0.126027
-0.124202
-0.122145
-0.119829
-0.117223
-0.114295
-0.111011
-0.107338
-0.103243
-0.0987012
-0.0936918
-0.0882053
-0.0822435
-0.0758219
-0.0689715
-0.0617402
-0.0541948
-0.0464247
-0.0385467
-0.0307134
-0.0231243
-0.0160356
-0.00976885
-0.00470989
-0.00129721
0
0
-0.000113067
-0.00045269
-0.00101757
-0.00180473
-0.00280954
-0.00402575
-0.00544563
-0.00706019
-0.00885936
-0.0108322
-0.0129674
-0.0152529
-0.0176769
-0.0202273
-0.0228923
-0.0256605
-0.0285207
-0.0314621
-0.0344745
-0.0375481
-0.0406735
-0.0438417
-0.0470443
-0.0502729
-0.0535197
-0.0567771
-0.0600377
-0.0632942
-0.0665398
-0.0697675
-0.0729706
-0.0761426
-0.0792771
-0.0823677
-0.0854083
-0.088393
-0.0913159
-0.0941714
-0.0969541
-0.0996589
-0.102281
-0.104815
-0.107257
-0.109604
-0.11185
-0.113993
-0.11603
-0.117957
-0.119773
-0.121475
-0.123061
-0.124529
-0.125879
-0.127109
-0.12822
-0.129209
-0.130078
-0.130826
-0.131453
-0.131959
-0.132345
-0.13261
-0.132756
-0.13278
-0.132683
-0.132463
-0.13212
-0.131652
-0.131054
-0.130324
-0.129454
-0.128436
-0.12726
-0.125913
-0.124377
-0.122633
-0.120656
-0.11842
-0.115894
-0.113046
-0.10984
-0.106246
-0.10223
-0.0977689
-0.0928423
-0.0874417
-0.0815696
-0.0752423
-0.0684905
-0.0613616
-0.0539206
-0.0462531
-0.0384708
-0.0307188
-0.0231886
-0.0161296
-0.0098612
-0.00477447
-0.0013225
0
0
-0.000108054
-0.000433545
-0.000975925
-0.00173293
-0.00270058
-0.0038733
-0.00524403
-0.00680441
-0.00854502
-0.0104556
-0.0125251
-0.0147424
-0.0170959
-0.0195739
-0.0221652
-0.0248584
-0.0276426
-0.0305074
-0.0334426
-0.0364386
-0.039486
-0.0425762
-0.0457006
-0.0488511
-0.05202
-0.0551998
-0.0583831
-0.061563
-0.0647326
-0.0678853
-0.0710145
-0.0741139
-0.0771772
-0.0801984
-0.0831716
-0.0860911
-0.0889512
-0.0917465
-0.094472
-0.0971225
-0.0996935
-0.10218
-0.104579
-0.106885
-0.109096
-0.111208
-0.113217
-0.115121
-0.116919
-0.118607
-0.120183
-0.121647
-0.122998
-0.124233
-0.125353
-0.126357
-0.127245
-0.128017
-0.128673
-0.129212
-0.129636
-0.129944
-0.130136
-0.130211
-0.130169
-0.130008
-0.129727
-0.129324
-0.128795
-0.128135
-0.127338
-0.126395
-0.125295
-0.124024
-0.122564
-0.120896
-0.118996
-0.116834
-0.114382
-0.111607
-0.108474
-0.104952
-0.101011
-0.0966252
-0.091778
-0.0864615
-0.0806794
-0.074449
-0.0678014
-0.0607836
-0.0534592
-0.0459107
-0.0382446
-0.0305988
-0.0231553
-0.0161548
-0.00991132
-0.00481883
-0.00134237
0
0
-0.000103343
-0.000415463
-0.000936409
-0.00166445
-0.00259616
-0.0037265
-0.00504896
-0.00655576
-0.00823805
-0.0100861
-0.0120896
-0.0142377
-0.0165194
-0.0189235
-0.0214389
-0.0240548
-0.0267605
-0.0295457
-0.0324007
-0.0353158
-0.038282
-0.0412906
-0.0443332
-0.047402
-0.0504893
-0.0535877
-0.0566901
-0.0597896
-0.0628796
-0.0659536
-0.0690052
-0.0720284
-0.075017
-0.0779654
-0.0808677
-0.0837185
-0.0865124
-0.0892442
-0.0919091
-0.0945023
-0.0970192
-0.0994556
-0.101807
-0.104071
-0.106243
-0.10832
-0.110299
-0.112178
-0.113954
-0.115626
-0.117191
-0.118648
-0.119996
-0.121235
-0.122363
-0.123379
-0.124285
-0.125079
-0.125761
-0.126332
-0.126792
-0.12714
-0.127377
-0.127501
-0.127512
-0.127408
-0.127187
-0.126847
-0.126384
-0.125793
-0.125066
-0.124194
-0.123166
-0.121967
-0.120579
-0.118982
-0.117151
-0.115059
-0.112674
-0.109964
-0.106897
-0.103441
-0.0995678
-0.0952531
-0.0904817
-0.0852476
-0.0795562
-0.0734257
-0.0668885
-0.0599913
-0.0527965
-0.045384
-0.0378553
-0.030341
-0.0230133
-0.0161023
-0.00991362
-0.00483979
-0.00135577
0
0
-9.89934e-05
-0.00039865
-0.000899432
-0.00159998
-0.00249725
-0.00358659
-0.00486197
-0.0063161
-0.00794065
-0.00972644
-0.0116636
-0.0137419
-0.0159507
-0.0182794
-0.0207172
-0.0232537
-0.0258784
-0.0285815
-0.0313533
-0.0341844
-0.0370661
-0.0399897
-0.0429472
-0.0459307
-0.0489327
-0.0519461
-0.0549638
-0.0579793
-0.060986
-0.0639776
-0.0669481
-0.0698914
-0.0728018
-0.0756737
-0.0785017
-0.0812803
-0.0840046
-0.0866697
-0.0892707
-0.0918031
-0.0942628
-0.0966455
-0.0989475
-0.101165
-0.103295
-0.105335
-0.107281
-0.109132
-0.110884
-0.112537
-0.114087
-0.115535
-0.116879
-0.118118
-0.119251
-0.120278
-0.121198
-0.122012
-0.122719
-0.123319
-0.123813
-0.124199
-0.124478
-0.124649
-0.12471
-0.124661
-0.124497
-0.124218
-0.123817
-0.123291
-0.122629
-0.121825
-0.120864
-0.119731
-0.11841
-0.116877
-0.115109
-0.113077
-0.110751
-0.1081
-0.105091
-0.101694
-0.0978815
-0.0936327
-0.0889338
-0.0837808
-0.0781811
-0.0721548
-0.065735
-0.0589688
-0.0519177
-0.0446591
-0.0372899
-0.0299333
-0.0227515
-0.0159627
-0.00986129
-0.00483416
-0.00136167
0
0
-9.50684e-05
-0.000383329
-0.000865443
-0.00154022
-0.00240482
-0.00345488
-0.00468468
-0.00608735
-0.00765501
-0.00937898
-0.0112499
-0.013258
-0.0153933
-0.0176453
-0.020004
-0.022459
-0.0250006
-0.027619
-0.0303049
-0.0330491
-0.0358431
-0.0386784
-0.0415473
-0.044442
-0.0473552
-0.0502799
-0.0532094
-0.0561372
-0.059057
-0.0619626
-0.0648482
-0.0677081
-0.0705367
-0.0733287
-0.0760787
-0.0787818
-0.0814331
-0.0840279
-0.0865616
-0.0890301
-0.0914292
-0.0937551
-0.0960041
-0.0981728
-0.100258
-0.102257
-0.104167
-0.105986
-0.107712
-0.109343
-0.110876
-0.112312
-0.113649
-0.114885
-0.116021
-0.117055
-0.117988
-0.118819
-0.119548
-0.120174
-0.120698
-0.12112
-0.121438
-0.121652
-0.121761
-0.121762
-0.121652
-0.121429
-0.121087
-0.12062
-0.12002
-0.119276
-0.118376
-0.117304
-0.11604
-0.114564
-0.11285
-0.11087
-0.108594
-0.105992
-0.103032
-0.0996862
-0.0959289
-0.0917411
-0.0871118
-0.0820395
-0.0765338
-0.0706167
-0.0643227
-0.0576994
-0.0508075
-0.0437222
-0.0365357
-0.0293642
-0.0223595
-0.0157268
-0.00974721
-0.00479777
-0.00135878
0
0
-9.16406e-05
-0.00036974
-0.000834909
-0.00148591
-0.00231991
-0.00333266
-0.00451866
-0.00587136
-0.00738328
-0.00904617
-0.0108512
-0.012789
-0.0148501
-0.0170246
-0.0193027
-0.0216747
-0.0241311
-0.0266625
-0.0292598
-0.0319143
-0.0346175
-0.0373614
-0.0401383
-0.0429408
-0.0457617
-0.0485942
-0.0514319
-0.0542683
-0.0570975
-0.0599135
-0.0627107
-0.0654835
-0.0682267
-0.0709351
-0.0736037
-0.0762277
-0.0788025
-0.0813236
-0.0837867
-0.0861878
-0.088523
-0.0907887
-0.0929813
-0.0950977
-0.097135
-0.0990904
-0.100961
-0.102746
-0.104442
-0.106047
-0.10756
-0.108981
-0.110307
-0.111538
-0.112673
-0.113711
-0.114653
-0.115498
-0.116245
-0.116895
-0.117446
-0.117899
-0.118253
-0.118506
-0.118657
-0.118704
-0.118644
-0.118471
-0.118182
-0.117769
-0.117223
-0.116534
-0.115686
-0.114665
-0.113451
-0.112021
-0.110351
-0.108413
-0.106177
-0.103614
-0.100695
-0.097392
-0.0936833
-0.0895524
-0.0849908
-0.0799998
-0.0745918
-0.0687908
-0.0626329
-0.0561661
-0.0494507
-0.0425595
-0.0355805
-0.0286227
-0.0218275
-0.0153863
-0.00956474
-0.00472641
-0.00134588
0
0
-8.87886e-05
-0.000358135
-0.000808307
-0.00143776
-0.00224348
-0.00322116
-0.00436541
-0.00566988
-0.00712743
-0.00873022
-0.0104699
-0.0123375
-0.0143241
-0.0164203
-0.0186168
-0.0209042
-0.0232735
-0.0257157
-0.028222
-0.030784
-0.0333936
-0.036043
-0.0387247
-0.0414316
-0.0441567
-0.0468936
-0.0496358
-0.0523773
-0.0551122
-0.0578349
-0.06054
-0.0632221
-0.0658763
-0.0684975
-0.0710811
-0.0736225
-0.0761172
-0.0785611
-0.0809501
-0.0832803
-0.0855481
-0.08775
-0.0898829
-0.0919436
-0.0939293
-0.0958375
-0.0976658
-0.0994121
-0.101075
-0.102651
-0.104141
-0.105542
-0.106854
-0.108076
-0.109207
-0.110246
-0.111193
-0.112047
-0.112809
-0.113477
-0.114051
-0.114531
-0.114915
-0.115202
-0.11539
-0.115477
-0.115459
-0.115332
-0.115088
-0.114721
-0.114221
-0.113576
-0.112772
-0.111792
-0.110616
-0.109221
-0.107584
-0.105676
-0.103469
-0.100935
-0.098047
-0.0947801
-0.0911146
-0.0870373
-0.0825429
-0.077636
-0.0723315
-0.0666557
-0.0606463
-0.054352
-0.0478324
-0.0411582
-0.0344131
-0.027699
-0.0211469
-0.0149337
-0.00930795
-0.00461612
-0.00132131
0
0
-8.65949e-05
-0.000348763
-0.000786089
-0.00139645
-0.00217641
-0.00312146
-0.00422617
-0.00548435
-0.0068891
-0.00843296
-0.010108
-0.0119058
-0.0138177
-0.0158351
-0.0179489
-0.0201505
-0.022431
-0.024782
-0.0271949
-0.0296619
-0.0321751
-0.034727
-0.0373103
-0.0399183
-0.0425442
-0.0451819
-0.047825
-0.050468
-0.053105
-0.0557308
-0.0583401
-0.0609278
-0.0634893
-0.0660197
-0.0685146
-0.0709696
-0.0733806
-0.0757436
-0.0780548
-0.0803104
-0.0825072
-0.0846418
-0.0867111
-0.0887124
-0.0906428
-0.0925001
-0.0942819
-0.0959863
-0.0976114
-0.0991556
-0.100617
-0.101996
-0.103289
-0.104498
-0.105619
-0.106654
-0.107602
-0.108461
-0.109231
-0.109913
-0.110504
-0.111004
-0.111413
-0.111727
-0.111946
-0.112066
-0.112082
-0.111991
-0.111784
-0.111453
-0.110989
-0.110378
-0.109605
-0.108653
-0.107503
-0.106131
-0.104513
-0.102622
-0.100433
-0.0979181
-0.0950526
-0.0918149
-0.0881885
-0.0841636
-0.0797384
-0.0749206
-0.0697281
-0.0641896
-0.0583441
-0.052241
-0.0459392
-0.0395071
-0.0330241
-0.0265853
-0.0203108
-0.0143631
-0.00897198
-0.0044636
-0.00128368
0
0
-8.51397e-05
-0.000341846
-0.000768626
-0.00136247
-0.00211932
-0.00303429
-0.0041018
-0.00531572
-0.00666936
-0.00815558
-0.00976682
-0.0114952
-0.0133326
-0.0152707
-0.0173011
-0.0194156
-0.0216058
-0.0238636
-0.0261811
-0.0285505
-0.0309645
-0.0334159
-0.0358978
-0.0384037
-0.040927
-0.0434619
-0.0460025
-0.0485433
-0.0510787
-0.0536038
-0.0561136
-0.0586032
-0.0610681
-0.0635038
-0.0659062
-0.068271
-0.0705945
-0.0728727
-0.0751022
-0.0772794
-0.0794011
-0.0814644
-0.0834662
-0.0854039
-0.0872749
-0.0890771
-0.0908081
-0.0924662
-0.0940494
-0.0955564
-0.0969857
-0.098336
-0.0996063
-0.100796
-0.101903
-0.102928
-0.10387
-0.104728
-0.105501
-0.106189
-0.10679
-0.107304
-0.107729
-0.108063
-0.108303
-0.108446
-0.108488
-0.108422
-0.108241
-0.107935
-0.107493
-0.106902
-0.106147
-0.105209
-0.10407
-0.102706
-0.101094
-0.0992092
-0.0970258
-0.09452
-0.0916696
-0.0884565
-0.0848675
-0.0808966
-0.0765455
-0.0718255
-0.0667572
-0.0613715
-0.0557089
-0.049819
-0.0437599
-0.0375975
-0.031407
-0.0252763
-0.019315
-0.0136707
-0.00855351
-0.00426641
-0.0012319
0
0
-8.44908e-05
-0.000337538
-0.000756128
-0.00133606
-0.00207244
-0.00295983
-0.00399245
-0.00516412
-0.00646832
-0.0078982
-0.0094466
-0.0111061
-0.012869
-0.0147275
-0.0166738
-0.0187001
-0.0207984
-0.0229613
-0.0251811
-0.0274507
-0.0297629
-0.0321109
-0.0344883
-0.0368887
-0.0393061
-0.0417348
-0.0441692
-0.046604
-0.0490341
-0.0514546
-0.0538609
-0.0562484
-0.0586128
-0.0609499
-0.0632556
-0.0655262
-0.0677579
-0.0699472
-0.0720907
-0.0741851
-0.0762275
-0.078215
-0.0801447
-0.0820142
-0.0838212
-0.0855633
-0.0872385
-0.0888451
-0.0903813
-0.0918456
-0.0932366
-0.094553
-0.0957938
-0.0969579
-0.0980445
-0.0990527
-0.0999816
-0.10083
-0.101598
-0.102284
-0.102887
-0.103405
-0.103837
-0.10418
-0.104431
-0.104587
-0.104641
-0.104588
-0.104419
-0.104123
-0.103689
-0.103103
-0.102349
-0.101411
-0.100267
-0.0988959
-0.097276
-0.0953837
-0.093196
-0.0906915
-0.0878513
-0.084661
-0.0811112
-0.0771998
-0.0729322
-0.0683229
-0.0633954
-0.0581826
-0.0527259
-0.0470751
-0.0412869
-0.0354246
-0.0295588
-0.0237703
-0.0181583
-0.0128554
-0.00805127
-0.00402325
-0.00116525
0
0
-8.46866e-05
-0.000335868
-0.000748525
-0.00131698
-0.00203528
-0.00289738
-0.00389715
-0.00502836
-0.00628462
-0.00765933
-0.00914568
-0.0107367
-0.0124251
-0.0142038
-0.0160652
-0.0180021
-0.0200073
-0.0220734
-0.0241935
-0.0263607
-0.0285684
-0.0308102
-0.0330799
-0.0353715
-0.0376795
-0.0399982
-0.0423226
-0.0446476
-0.0469683
-0.0492803
-0.0515789
-0.0538601
-0.0561196
-0.0583536
-0.0605583
-0.0627301
-0.0648655
-0.0669611
-0.0690139
-0.0710207
-0.0729787
-0.0748852
-0.0767376
-0.0785336
-0.0802708
-0.0819471
-0.0835606
-0.0851095
-0.0865922
-0.0880071
-0.0893528
-0.0906281
-0.0918318
-0.0929629
-0.0940202
-0.0950029
-0.09591
-0.0967405
-0.0974932
-0.098167
-0.0987604
-0.0992717
-0.0996986
-0.100039
-0.100288
-0.100442
-0.100495
-0.10044
-0.100266
-0.0999631
-0.0995194
-0.0989207
-0.0981513
-0.0971937
-0.0960289
-0.0946366
-0.0929958
-0.0910855
-0.0888855
-0.0863775
-0.0835465
-0.0803816
-0.0768778
-0.0730366
-0.0688672
-0.0643872
-0.0596226
-0.0546078
-0.049385
-0.0440033
-0.0385179
-0.0329889
-0.027482
-0.0220708
-0.0168442
-0.0119198
-0.00746665
-0.00373445
-0.00108356
0
0
-8.57073e-05
-0.000336633
-0.000745293
-0.00130424
-0.00200636
-0.00284487
-0.00381332
-0.00490537
-0.00611473
-0.00743503
-0.00885982
-0.0103825
-0.0119963
-0.0136945
-0.0154702
-0.0173165
-0.0192268
-0.0211943
-0.0232123
-0.0252747
-0.027375
-0.0295074
-0.0316661
-0.0338454
-0.0360401
-0.0382451
-0.0404554
-0.0426663
-0.0448733
-0.0470721
-0.0492585
-0.0514286
-0.0535785
-0.0557045
-0.057803
-0.0598708
-0.0619045
-0.0639011
-0.0658575
-0.0677709
-0.0696386
-0.071458
-0.0732268
-0.0749426
-0.0766033
-0.0782068
-0.0797512
-0.0812349
-0.0826561
-0.0840133
-0.0853052
-0.0865303
-0.0876876
-0.0887757
-0.0897936
-0.0907402
-0.0916143
-0.0924147
-0.0931402
-0.0937893
-0.0943602
-0.094851
-0.0952589
-0.0955809
-0.0958129
-0.0959496
-0.095984
-0.0959076
-0.0957105
-0.0953818
-0.0949091
-0.0942786
-0.0934751
-0.0924818
-0.0912808
-0.0898536
-0.0881814
-0.0862458
-0.0840297
-0.0815186
-0.0787011
-0.0755705
-0.0721259
-0.0683724
-0.0643229
-0.0599974
-0.0554242
-0.0506385
-0.0456827
-0.0406049
-0.0354578
-0.0302979
-0.0251856
-0.0201873
-0.0153815
-0.0108712
-0.00680446
-0.00340229
-0.000987327
0
0
-8.74437e-05
-0.000339323
-0.000745229
-0.0012958
-0.00198266
-0.00279835
-0.00373604
-0.00478932
-0.00595199
-0.00721791
-0.00858091
-0.0100348
-0.0115732
-0.0131899
-0.0148784
-0.0166325
-0.0184459
-0.0203123
-0.0222257
-0.0241802
-0.0261699
-0.0281894
-0.0302332
-0.0322962
-0.0343734
-0.03646
-0.0385515
-0.0406435
-0.0427318
-0.0448122
-0.0468811
-0.0489345
-0.050969
-0.0529811
-0.0549675
-0.056925
-0.0588507
-0.0607415
-0.0625947
-0.0644076
-0.0661777
-0.0679026
-0.0695799
-0.0712074
-0.0727831
-0.074305
-0.0757713
-0.0771801
-0.07853
-0.0798192
-0.0810465
-0.0822103
-0.0833094
-0.0843425
-0.0853083
-0.0862056
-0.0870331
-0.0877894
-0.088473
-0.0890822
-0.089615
-0.0900689
-0.0904411
-0.0907278
-0.0909242
-0.0910243
-0.0910198
-0.0909017
-0.0906603
-0.0902847
-0.089763
-0.0890818
-0.0882268
-0.0871825
-0.0859328
-0.0844614
-0.082752
-0.0807893
-0.07856
-0.0760531
-0.0732614
-0.0701822
-0.0668182
-0.0631784
-0.0592784
-0.0551405
-0.0507942
-0.0462754
-0.0416255
-0.0368908
-0.032121
-0.0273684
-0.0226876
-0.0181373
-0.013786
-0.00972219
-0.00607354
-0.00303152
-0.000877955
0
0
-8.96521e-05
-0.000342929
-0.000746203
-0.00128812
-0.00195913
-0.00275117
-0.00365715
-0.0046706
-0.00578542
-0.00699565
-0.00829543
-0.00967887
-0.0111401
-0.0126732
-0.0142723
-0.0159314
-0.017645
-0.0194071
-0.0212122
-0.0230549
-0.0249299
-0.026832
-0.0287562
-0.0306978
-0.0326523
-0.0346151
-0.0365821
-0.0385492
-0.0405125
-0.0424682
-0.0444128
-0.0463427
-0.0482547
-0.0501456
-0.0520123
-0.0538518
-0.0556613
-0.057438
-0.0591794
-0.060883
-0.0625462
-0.0641669
-0.0657427
-0.0672716
-0.0687517
-0.0701809
-0.0715574
-0.0728795
-0.0741456
-0.075354
-0.0765032
-0.0775918
-0.0786184
-0.0795815
-0.0804799
-0.081312
-0.0820765
-0.0827718
-0.0833961
-0.0839476
-0.0844239
-0.0848223
-0.0851392
-0.0853705
-0.0855104
-0.0855516
-0.0854856
-0.0853035
-0.0849963
-0.0845535
-0.0839639
-0.0832154
-0.0822951
-0.0811892
-0.079884
-0.0783656
-0.0766209
-0.0746381
-0.0724075
-0.069922
-0.0671784
-0.0641777
-0.0609263
-0.0574358
-0.0537243
-0.0498158
-0.04574
-0.0415325
-0.037233
-0.032885
-0.0285345
-0.0242287
-0.020016
-0.0159475
-0.0120812
-0.00849196
-0.00528745
-0.00262971
-0.000757868
0
0
-9.18923e-05
-0.000345787
-0.000744768
-0.00127565
-0.00192797
-0.00269324
-0.00356424
-0.00453454
-0.00559813
-0.00674927
-0.00798234
-0.00929176
-0.010672
-0.0121176
-0.013623
-0.0151829
-0.0167919
-0.0184448
-0.0201364
-0.0218618
-0.0236161
-0.0253946
-0.0271929
-0.0290064
-0.0308311
-0.0326628
-0.0344977
-0.036332
-0.0381622
-0.0399847
-0.0417964
-0.0435938
-0.0453741
-0.0471342
-0.0488712
-0.0505825
-0.0522653
-0.0539172
-0.0555355
-0.057118
-0.0586625
-0.0601665
-0.0616282
-0.0630453
-0.064416
-0.0657384
-0.0670107
-0.068231
-0.0693978
-0.0705093
-0.0715641
-0.0725605
-0.0734971
-0.0743724
-0.0751849
-0.0759331
-0.0766154
-0.0772301
-0.0777753
-0.0782488
-0.0786479
-0.0789696
-0.0792098
-0.0793633
-0.0794234
-0.0793819
-0.0792314
-0.078964
-0.0785715
-0.0780445
-0.0773731
-0.0765468
-0.0755544
-0.0743847
-0.0730264
-0.0714687
-0.0697019
-0.0677177
-0.0655101
-0.0630757
-0.060415
-0.0575323
-0.0544368
-0.0511426
-0.0476691
-0.0440408
-0.0402871
-0.0364418
-0.0325422
-0.0286281
-0.0247405
-0.0209212
-0.0172118
-0.0136552
-0.0102997
-0.00720673
-0.00446489
-0.00220752
-0.000630641
0
0
-9.34633e-05
-0.000345346
-0.000735821
-0.00125032
-0.00187789
-0.00260996
-0.00343938
-0.00435984
-0.00536551
-0.00645083
-0.00761041
-0.00883896
-0.0101313
-0.0114822
-0.0128867
-0.0143397
-0.0158365
-0.0173721
-0.0189419
-0.0205415
-0.0221663
-0.0238121
-0.0254749
-0.0271506
-0.0288354
-0.0305256
-0.0322177
-0.0339082
-0.0355939
-0.0372716
-0.0389383
-0.040591
-0.0422269
-0.0438432
-0.0454373
-0.0470066
-0.0485487
-0.0500611
-0.0515416
-0.0529879
-0.0543978
-0.0557692
-0.0571002
-0.0583886
-0.0596327
-0.0608305
-0.0619802
-0.0630802
-0.0641286
-0.0651239
-0.0660643
-0.0669484
-0.0677745
-0.0685412
-0.0692468
-0.0698897
-0.0704683
-0.0709808
-0.0714251
-0.0717988
-0.0720989
-0.0723216
-0.0724622
-0.0725143
-0.0724707
-0.072325
-0.0720712
-0.0717029
-0.0712127
-0.0705929
-0.0698353
-0.0689313
-0.0678723
-0.0666494
-0.0652545
-0.0636799
-0.0619191
-0.0599675
-0.0578224
-0.055484
-0.0529556
-0.0502444
-0.0473615
-0.0443223
-0.0411466
-0.0378583
-0.0344854
-0.0310589
-0.0276123
-0.0241807
-0.0207997
-0.0175044
-0.0143295
-0.0113097
-0.00848361
-0.00590013
-0.00362981
-0.00177873
-0.000501008
0
0
-9.32326e-05
-0.000337972
-0.000712211
-0.00120095
-0.00179339
-0.00248129
-0.00325781
-0.00411691
-0.00505297
-0.00606066
-0.00713484
-0.00827046
-0.00946264
-0.0107066
-0.0119976
-0.013331
-0.0147025
-0.0161077
-0.0175423
-0.0190023
-0.0204836
-0.0219825
-0.0234952
-0.0250181
-0.0265478
-0.028081
-0.0296145
-0.0311451
-0.0326699
-0.034186
-0.0356906
-0.0371811
-0.0386548
-0.0401092
-0.0415419
-0.0429505
-0.0443326
-0.0456862
-0.047009
-0.0482989
-0.0495539
-0.0507719
-0.051951
-0.0530893
-0.054185
-0.0552363
-0.0562414
-0.0571985
-0.058106
-0.0589622
-0.0597655
-0.0605144
-0.0612072
-0.0618423
-0.0624184
-0.0629336
-0.0633863
-0.0637748
-0.0640966
-0.0643492
-0.0645289
-0.0646314
-0.0646504
-0.0645802
-0.0644163
-0.0641542
-0.0637893
-0.0633162
-0.0627293
-0.0620228
-0.0611905
-0.0602261
-0.0591234
-0.0578766
-0.0564803
-0.0549299
-0.0532224
-0.051356
-0.0493312
-0.0471507
-0.0448203
-0.0423488
-0.0397482
-0.0370343
-0.0342258
-0.0313451
-0.0284171
-0.0254689
-0.0225293
-0.0196278
-0.0167935
-0.0140548
-0.0114387
-0.00897222
-0.00668445
-0.0046127
-0.00281091
-0.00135991
-0.00037475
0
0
-8.97023e-05
-0.000318683
-0.000664492
-0.00111294
-0.00165421
-0.00228085
-0.0029866
-0.00376585
-0.00461332
-0.00552396
-0.00649292
-0.00751548
-0.00858708
-0.00970328
-0.0108598
-0.0120524
-0.0132772
-0.0145301
-0.0158075
-0.0171056
-0.0184209
-0.0197499
-0.0210895
-0.0224364
-0.0237875
-0.0251399
-0.0264907
-0.0278371
-0.0291764
-0.0305062
-0.0318238
-0.0331268
-0.034413
-0.0356799
-0.0369254
-0.0381474
-0.0393437
-0.0405122
-0.041651
-0.0427581
-0.0438317
-0.0448698
-0.0458707
-0.0468326
-0.0477537
-0.0486323
-0.0494668
-0.0502555
-0.0509968
-0.0516892
-0.052331
-0.0529208
-0.0534572
-0.0539386
-0.0543636
-0.0547307
-0.0550381
-0.0552839
-0.0554658
-0.0555804
-0.0556231
-0.0555891
-0.0554748
-0.0552775
-0.0549942
-0.0546218
-0.0541568
-0.0535958
-0.0529349
-0.0521701
-0.0512976
-0.0503135
-0.0492142
-0.0479963
-0.0466574
-0.0451958
-0.0436108
-0.0419034
-0.0400762
-0.0381339
-0.0360833
-0.0339337
-0.0316971
-0.0293879
-0.0270229
-0.0246212
-0.0222037
-0.0197925
-0.0174106
-0.0150809
-0.012826
-0.0106668
-0.00862324
-0.00671451
-0.00496132
-0.00339026
-0.00204029
-0.000969531
-0.000258381
0
0
-8.07808e-05
-0.000281264
-0.000581062
-0.000968363
-0.00143518
-0.00197533
-0.00258342
-0.00325446
-0.00398368
-0.00476652
-0.00559854
-0.00647547
-0.00739322
-0.00834781
-0.00933542
-0.0103524
-0.0113951
-0.0124603
-0.0135445
-0.0146446
-0.0157576
-0.0168804
-0.0180102
-0.0191442
-0.0202799
-0.0214145
-0.0225456
-0.0236709
-0.0247879
-0.0258945
-0.0269884
-0.0280674
-0.0291296
-0.030173
-0.0311955
-0.0321952
-0.0331704
-0.0341192
-0.0350398
-0.0359305
-0.0367896
-0.0376155
-0.0384066
-0.0391613
-0.039878
-0.0405553
-0.0411916
-0.0417856
-0.0423358
-0.0428408
-0.0432993
-0.04371
-0.0440717
-0.0443831
-0.044643
-0.0448496
-0.0450015
-0.0450969
-0.0451321
-0.0451036
-0.045009
-0.044847
-0.0446159
-0.0443143
-0.0439403
-0.0434922
-0.0429682
-0.0423662
-0.0416843
-0.0409206
-0.0400732
-0.0391403
-0.0381207
-0.0370134
-0.0358181
-0.0345351
-0.0331659
-0.0317129
-0.0301799
-0.0285723
-0.0268968
-0.0251621
-0.0233784
-0.0215578
-0.0197135
-0.0178603
-0.0160139
-0.0141907
-0.012407
-0.0106791
-0.00902225
-0.00745082
-0.00597782
-0.00461559
-0.00337741
-0.00228056
-0.00135075
-0.000626317
-0.000158583
0
0
-6.39902e-05
-0.000218748
-0.000449025
-0.000746905
-0.00110693
-0.00152454
-0.00199556
-0.00251592
-0.00308171
-0.00368914
-0.00433455
-0.0050144
-0.00572531
-0.00646404
-0.00722744
-0.00801254
-0.00881644
-0.00963637
-0.0104697
-0.0113137
-0.0121661
-0.0130244
-0.0138863
-0.0147496
-0.0156121
-0.0164717
-0.0173265
-0.0181744
-0.0190137
-0.0198424
-0.0206587
-0.0214611
-0.0222477
-0.023017
-0.0237673
-0.0244972
-0.0252052
-0.0258897
-0.0265494
-0.027183
-0.0277889
-0.0283661
-0.0289131
-0.0294287
-0.0299118
-0.0303612
-0.0307758
-0.0311544
-0.0314961
-0.0317997
-0.0320644
-0.0322892
-0.0324733
-0.0326158
-0.0327155
-0.0327705
-0.0327776
-0.0327378
-0.0326488
-0.0325102
-0.0323214
-0.0320819
-0.031791
-0.0314482
-0.0310531
-0.030605
-0.0301033
-0.0295477
-0.0289375
-0.0282726
-0.0275525
-0.0267774
-0.0259475
-0.0250633
-0.024126
-0.023137
-0.0220986
-0.0210137
-0.019886
-0.0187202
-0.0175218
-0.0162973
-0.015054
-0.0138002
-0.0125448
-0.0112974
-0.0100677
-0.00886577
-0.00770152
-0.00658445
-0.00552349
-0.00452677
-0.00360161
-0.00275482
-0.00199367
-0.00132774
-0.000771501
-0.000346585
-8.12912e-05
0
0
-3.69909e-05
-0.000124976
-0.000256574
-0.000428435
-0.000637877
-0.00088232
-0.00115921
-0.00146602
-0.00180026
-0.00215955
-0.00254155
-0.00294402
-0.00336481
-0.00380187
-0.0042532
-0.0047169
-0.00519113
-0.00567413
-0.00616419
-0.00665966
-0.00715897
-0.00766059
-0.00816304
-0.0086649
-0.00916479
-0.00966137
-0.0101534
-0.0106395
-0.0111186
-0.0115895
-0.0120511
-0.0125023
-0.0129419
-0.0133691
-0.0137828
-0.0141821
-0.014566
-0.0149336
-0.0152841
-0.0156167
-0.0159305
-0.0162249
-0.016499
-0.0167522
-0.0169839
-0.0171933
-0.0173798
-0.017543
-0.0176822
-0.017797
-0.0178868
-0.0179512
-0.0179898
-0.0180026
-0.0179877
-0.0179437
-0.0178716
-0.0177719
-0.0176444
-0.0174892
-0.0173063
-0.0170958
-0.0168578
-0.0165923
-0.0162996
-0.0159799
-0.0156334
-0.0152605
-0.0148615
-0.0144369
-0.0139872
-0.0135132
-0.0130156
-0.0124956
-0.0119543
-0.0113932
-0.010814
-0.0102188
-0.00961002
-0.00899028
-0.00836258
-0.00773022
-0.00709681
-0.00646618
-0.00584239
-0.00522957
-0.00463191
-0.00405359
-0.00349865
-0.00297098
-0.00247422
-0.00201171
-0.00158649
-0.0012014
-0.000859424
-0.000564336
-0.000321755
-0.00014003
-3.00409e-05
0
0
0
0
0
0
0
0
0
0
0
0
0
0
0
0
0
0
0
0
0
0
0
0
0
0
0
0
0
0
0
0
0
0
0
0
0
0
0
0
0
0
0
0
0
0
0
0
0
0
0
0
0
0
0
0
0
0
0
0
0
0
0
0
0
0
0
0
0
0
0
0
0
0
0
0
0
0
0
0
0
0
0
0
0
0
0
0
0
0
0
0
0
0
0
0
0
0
0
0
0
0
)
;

boundaryField
{
    movingWall
    {
        type            calculated;
    }
    fixedWalls
    {
        type            calculated;
    }
    frontAndBack
    {
        type            empty;
    }
}


// ************************************************************************* //
