/*--------------------------------*- C++ -*----------------------------------*\
  =========                 |
  \\      /  F ield         | OpenFOAM: The Open Source CFD Toolbox
   \\    /   O peration     | Website:  https://openfoam.org
    \\  /    A nd           | Version:  11
     \\/     M anipulation  |
\*---------------------------------------------------------------------------*/
FoamFile
{
    format      ascii;
    class       volVectorField;
    location    "8";
    object      U;
}
// * * * * * * * * * * * * * * * * * * * * * * * * * * * * * * * * * * * * * //

dimensions      [0 1 -1 0 0 0 0];

internalField   nonuniform List<vector> 
10000
(
(2.91885e-06 -2.91468e-06 0)
(8.29172e-06 -3.08131e-06 0)
(9.89951e-06 -1.24665e-06 0)
(4.34604e-06 1.07431e-06 0)
(-8.96906e-06 3.28275e-06 0)
(-2.9631e-05 5.26398e-06 0)
(-5.68109e-05 6.93038e-06 0)
(-8.97126e-05 8.30018e-06 0)
(-0.00012751 9.41569e-06 0)
(-0.000169432 1.03174e-05 0)
(-0.000214792 1.10405e-05 0)
(-0.000262985 1.16147e-05 0)
(-0.000313486 1.20652e-05 0)
(-0.000365842 1.24132e-05 0)
(-0.000419667 1.26766e-05 0)
(-0.000474631 1.28704e-05 0)
(-0.000530455 1.30072e-05 0)
(-0.000586906 1.30975e-05 0)
(-0.000643785 1.315e-05 0)
(-0.000700927 1.31718e-05 0)
(-0.000758194 1.31686e-05 0)
(-0.000815468 1.31448e-05 0)
(-0.000872649 1.31039e-05 0)
(-0.00092965 1.30484e-05 0)
(-0.000986396 1.29802e-05 0)
(-0.00104282 1.29001e-05 0)
(-0.00109885 1.28088e-05 0)
(-0.00115443 1.27063e-05 0)
(-0.0012095 1.25921e-05 0)
(-0.001264 1.24656e-05 0)
(-0.00131786 1.23258e-05 0)
(-0.00137101 1.21714e-05 0)
(-0.00142338 1.2001e-05 0)
(-0.0014749 1.18132e-05 0)
(-0.00152547 1.16062e-05 0)
(-0.00157502 1.13785e-05 0)
(-0.00162344 1.11281e-05 0)
(-0.00167063 1.08533e-05 0)
(-0.00171649 1.05524e-05 0)
(-0.0017609 1.02236e-05 0)
(-0.00180373 9.86513e-06 0)
(-0.00184487 9.47541e-06 0)
(-0.00188416 9.05282e-06 0)
(-0.00192148 8.5959e-06 0)
(-0.00195669 8.10328e-06 0)
(-0.00198962 7.57378e-06 0)
(-0.00202013 7.00636e-06 0)
(-0.00204806 6.4002e-06 0)
(-0.00207325 5.75466e-06 0)
(-0.00209554 5.06932e-06 0)
(-0.00211478 4.34396e-06 0)
(-0.0021308 3.57854e-06 0)
(-0.00214345 2.77307e-06 0)
(-0.00215257 1.92734e-06 0)
(-0.002158 1.04133e-06 0)
(-0.0021596 1.18085e-07 0)
(-0.00215724 -8.36379e-07 0)
(-0.0021508 -1.81825e-06 0)
(-0.00214018 -2.82629e-06 0)
(-0.00212526 -3.85822e-06 0)
(-0.00210598 -4.91039e-06 0)
(-0.00208226 -5.97824e-06 0)
(-0.00205406 -7.05656e-06 0)
(-0.00202136 -8.13958e-06 0)
(-0.00198415 -9.22104e-06 0)
(-0.00194247 -1.02942e-05 0)
(-0.00189637 -1.1352e-05 0)
(-0.00184593 -1.23869e-05 0)
(-0.00179127 -1.3391e-05 0)
(-0.00173254 -1.43564e-05 0)
(-0.0016699 -1.52748e-05 0)
(-0.00160358 -1.61377e-05 0)
(-0.00153382 -1.69369e-05 0)
(-0.0014609 -1.76638e-05 0)
(-0.00138513 -1.83102e-05 0)
(-0.00130686 -1.88679e-05 0)
(-0.00122647 -1.93292e-05 0)
(-0.00114436 -1.96864e-05 0)
(-0.00106098 -1.99324e-05 0)
(-0.000976789 -2.00603e-05 0)
(-0.000892293 -2.00638e-05 0)
(-0.000808011 -1.9937e-05 0)
(-0.000724489 -1.96743e-05 0)
(-0.000642295 -1.92704e-05 0)
(-0.000562017 -1.87206e-05 0)
(-0.000484264 -1.80198e-05 0)
(-0.000409659 -1.71633e-05 0)
(-0.000338844 -1.61457e-05 0)
(-0.000272472 -1.49612e-05 0)
(-0.000211212 -1.36028e-05 0)
(-0.000155741 -1.20622e-05 0)
(-0.000106743 -1.03291e-05 0)
(-6.48975e-05 -8.39142e-06 0)
(-3.08536e-05 -6.23904e-06 0)
(-5.16402e-06 -3.88352e-06 0)
(1.16494e-05 -1.39934e-06 0)
(1.9459e-05 1.17438e-06 0)
(1.87887e-05 3.44284e-06 0)
(1.13806e-05 4.6428e-06 0)
(3.16734e-06 3.18186e-06 0)
(3.10633e-06 -8.30394e-06 0)
(5.20103e-06 -5.16656e-06 0)
(-4.35552e-06 5.77966e-06 0)
(-3.01974e-05 1.93599e-05 0)
(-7.37632e-05 3.31067e-05 0)
(-0.000134776 4.59836e-05 0)
(-0.000211989 5.74746e-05 0)
(-0.000303777 6.74621e-05 0)
(-0.000408371 7.59959e-05 0)
(-0.000524021 8.31906e-05 0)
(-0.000649079 8.91844e-05 0)
(-0.000782038 9.41194e-05 0)
(-0.000921549 9.81319e-05 0)
(-0.00106642 0.000101348 0)
(-0.0012156 0.000103881 0)
(-0.00136819 0.000105833 0)
(-0.00152342 0.000107292 0)
(-0.0016806 0.000108334 0)
(-0.00183917 0.000109025 0)
(-0.00199865 0.000109421 0)
(-0.0021586 0.000109567 0)
(-0.00231869 0.0001095 0)
(-0.00247859 0.00010925 0)
(-0.00263804 0.00010884 0)
(-0.0027968 0.000108288 0)
(-0.00295464 0.000107604 0)
(-0.00311137 0.000106796 0)
(-0.00326679 0.000105867 0)
(-0.00342071 0.000104818 0)
(-0.00357294 0.000103645 0)
(-0.00372327 0.000102343 0)
(-0.00387152 0.000100905 0)
(-0.00401747 9.93226e-05 0)
(-0.00416089 9.75849e-05 0)
(-0.00430154 9.56814e-05 0)
(-0.00443918 9.36005e-05 0)
(-0.00457352 9.13301e-05 0)
(-0.00470429 8.88578e-05 0)
(-0.00483118 8.61713e-05 0)
(-0.00495387 8.32584e-05 0)
(-0.00507203 8.01072e-05 0)
(-0.0051853 7.67062e-05 0)
(-0.00529333 7.30446e-05 0)
(-0.00539572 6.91126e-05 0)
(-0.0054921 6.49012e-05 0)
(-0.00558206 6.04026e-05 0)
(-0.00566518 5.56106e-05 0)
(-0.00574104 5.05203e-05 0)
(-0.00580923 4.51284e-05 0)
(-0.00586932 3.94337e-05 0)
(-0.00592088 3.34366e-05 0)
(-0.0059635 2.71396e-05 0)
(-0.00599675 2.05468e-05 0)
(-0.00602024 1.36641e-05 0)
(-0.00603357 6.50086e-06 0)
(-0.00603637 -9.23855e-07 0)
(-0.00602832 -8.58521e-06 0)
(-0.00600908 -1.64618e-05 0)
(-0.00597836 -2.45336e-05 0)
(-0.00593592 -3.27751e-05 0)
(-0.00588156 -4.11555e-05 0)
(-0.0058151 -4.96388e-05 0)
(-0.00573644 -5.81849e-05 0)
(-0.00564554 -6.675e-05 0)
(-0.00554242 -7.52865e-05 0)
(-0.00542715 -8.37437e-05 0)
(-0.0052999 -9.20677e-05 0)
(-0.00516092 -0.000100202 0)
(-0.0050105 -0.000108088 0)
(-0.00484906 -0.000115665 0)
(-0.00467708 -0.000122871 0)
(-0.00449514 -0.000129642 0)
(-0.00430389 -0.000135915 0)
(-0.0041041 -0.000141625 0)
(-0.0038966 -0.000146711 0)
(-0.00368233 -0.000151109 0)
(-0.00346229 -0.000154759 0)
(-0.0032376 -0.000157603 0)
(-0.00300942 -0.000159584 0)
(-0.00277903 -0.000160648 0)
(-0.00254776 -0.000160745 0)
(-0.002317 -0.000159829 0)
(-0.00208823 -0.000157854 0)
(-0.00186296 -0.000154782 0)
(-0.00164279 -0.000150574 0)
(-0.00142933 -0.000145198 0)
(-0.00122426 -0.000138622 0)
(-0.00102928 -0.00013082 0)
(-0.000846099 -0.00012177 0)
(-0.000676468 -0.000111454 0)
(-0.000522107 -9.98656e-05 0)
(-0.000384705 -8.70135e-05 0)
(-0.000265866 -7.29384e-05 0)
(-0.000167024 -5.77418e-05 0)
(-8.93164e-05 -4.16576e-05 0)
(-3.34038e-05 -2.51828e-05 0)
(9.18081e-07 -9.09906e-06 0)
(1.52438e-05 4.83147e-06 0)
(1.3435e-05 1.35061e-05 0)
(4.58079e-06 1.13537e-05 0)
(1.28851e-06 -9.95865e-06 0)
(-5.76733e-06 4.38092e-06 0)
(-3.36506e-05 3.35411e-05 0)
(-8.51465e-05 6.85191e-05 0)
(-0.000161777 0.000104414 0)
(-0.000263303 0.000138581 0)
(-0.000388255 0.000169718 0)
(-0.000534571 0.000197319 0)
(-0.000699932 0.000221312 0)
(-0.000881964 0.000241849 0)
(-0.00107837 0.000259194 0)
(-0.00128699 0.000273658 0)
(-0.00150585 0.000285562 0)
(-0.00173319 0.000295218 0)
(-0.00196744 0.00030292 0)
(-0.00220719 0.000308934 0)
(-0.00245126 0.000313498 0)
(-0.00269858 0.000316823 0)
(-0.00294824 0.00031909 0)
(-0.00319947 0.000320454 0)
(-0.00345158 0.000321047 0)
(-0.00370398 0.000320977 0)
(-0.00395616 0.00032033 0)
(-0.00420767 0.000319175 0)
(-0.0044581 0.000317563 0)
(-0.00470707 0.000315532 0)
(-0.00495424 0.000313106 0)
(-0.00519929 0.000310296 0)
(-0.0054419 0.000307107 0)
(-0.00568173 0.000303533 0)
(-0.00591847 0.000299561 0)
(-0.00615178 0.000295173 0)
(-0.00638133 0.000290348 0)
(-0.00660673 0.000285059 0)
(-0.00682761 0.000279276 0)
(-0.00704357 0.000272969 0)
(-0.00725418 0.000266105 0)
(-0.00745898 0.00025865 0)
(-0.0076575 0.000250572 0)
(-0.00784924 0.000241836 0)
(-0.00803368 0.000232411 0)
(-0.00821028 0.000222266 0)
(-0.00837846 0.000211372 0)
(-0.00853765 0.000199703 0)
(-0.00868723 0.000187234 0)
(-0.0088266 0.000173947 0)
(-0.00895511 0.000159824 0)
(-0.00907213 0.000144854 0)
(-0.00917702 0.00012903 0)
(-0.00926913 0.00011235 0)
(-0.00934781 9.48187e-05 0)
(-0.00941243 7.64455e-05 0)
(-0.00946237 5.72469e-05 0)
(-0.00949702 3.72459e-05 0)
(-0.00951579 1.64758e-05 0)
(-0.00951815 -5.01401e-06 0)
(-0.0095036 -2.71672e-05 0)
(-0.00947164 -4.99278e-05 0)
(-0.00942184 -7.32307e-05 0)
(-0.00935385 -9.69976e-05 0)
(-0.00926736 -0.000121137 0)
(-0.00916214 -0.000145548 0)
(-0.00903806 -0.000170114 0)
(-0.00889505 -0.000194712 0)
(-0.00873317 -0.000219208 0)
(-0.00855257 -0.000243458 0)
(-0.0083535 -0.000267312 0)
(-0.00813634 -0.000290609 0)
(-0.0079016 -0.000313185 0)
(-0.00764989 -0.000334869 0)
(-0.00738198 -0.000355486 0)
(-0.00709875 -0.000374858 0)
(-0.00680123 -0.000392806 0)
(-0.00649056 -0.000409149 0)
(-0.00616805 -0.00042371 0)
(-0.00583513 -0.000436314 0)
(-0.00549333 -0.000446787 0)
(-0.00514436 -0.000454964 0)
(-0.00479001 -0.000460685 0)
(-0.00443221 -0.000463797 0)
(-0.004073 -0.000464158 0)
(-0.00371452 -0.000461633 0)
(-0.003359 -0.000456097 0)
(-0.00300877 -0.000447439 0)
(-0.00266624 -0.000435556 0)
(-0.00233387 -0.000420359 0)
(-0.00201418 -0.000401774 0)
(-0.00170974 -0.000379741 0)
(-0.00142312 -0.000354226 0)
(-0.00115689 -0.00032522 0)
(-0.000913555 -0.000292765 0)
(-0.00069554 -0.000256973 0)
(-0.000505069 -0.000218075 0)
(-0.000344061 -0.000176503 0)
(-0.000213945 -0.000133025 0)
(-0.000115402 -8.89814e-05 0)
(-4.79506e-05 -4.66279e-05 0)
(-9.39182e-06 -9.80523e-06 0)
(4.89324e-06 1.53083e-05 0)
(3.36103e-06 1.86573e-05 0)
(-1.04514e-06 -4.41378e-06 0)
(-1.95608e-05 3.03926e-05 0)
(-6.9288e-05 8.51593e-05 0)
(-0.000149333 0.000148169 0)
(-0.000260619 0.000212506 0)
(-0.00040265 0.00027408 0)
(-0.000573659 0.000330715 0)
(-0.000771263 0.00038143 0)
(-0.000992784 0.000425954 0)
(-0.00123544 0.000464423 0)
(-0.00149648 0.000497199 0)
(-0.00177331 0.00052476 0)
(-0.00206349 0.000547627 0)
(-0.00236483 0.000566326 0)
(-0.00267532 0.000581361 0)
(-0.00299319 0.0005932 0)
(-0.00331689 0.00060227 0)
(-0.00364502 0.00060895 0)
(-0.0039764 0.000613573 0)
(-0.00430997 0.000616426 0)
(-0.00464481 0.000617753 0)
(-0.00498012 0.000617758 0)
(-0.00531519 0.000616605 0)
(-0.0056494 0.000614426 0)
(-0.00598217 0.000611322 0)
(-0.00631299 0.000607367 0)
(-0.00664137 0.000602608 0)
(-0.00696685 0.000597074 0)
(-0.00728898 0.000590774 0)
(-0.00760732 0.000583702 0)
(-0.00792141 0.000575839 0)
(-0.00823079 0.000567153 0)
(-0.008535 0.000557607 0)
(-0.00883353 0.000547153 0)
(-0.00912588 0.00053574 0)
(-0.00941149 0.000523311 0)
(-0.00968979 0.000509807 0)
(-0.00996019 0.000495168 0)
(-0.0102221 0.000479334 0)
(-0.0104747 0.000462244 0)
(-0.0107175 0.000443841 0)
(-0.0109497 0.000424068 0)
(-0.0111706 0.000402874 0)
(-0.0113794 0.000380211 0)
(-0.0115752 0.000356038 0)
(-0.0117574 0.000330319 0)
(-0.0119251 0.000303027 0)
(-0.0120775 0.000274142 0)
(-0.0122137 0.000243654 0)
(-0.0123329 0.000211564 0)
(-0.0124343 0.000177882 0)
(-0.012517 0.000142631 0)
(-0.0125803 0.000105847 0)
(-0.0126235 6.75783e-05 0)
(-0.0126457 2.78922e-05 0)
(-0.0126462 -1.31226e-05 0)
(-0.0126246 -5.53685e-05 0)
(-0.01258 -9.87398e-05 0)
(-0.012512 -0.000143107 0)
(-0.0124202 -0.000188319 0)
(-0.0123042 -0.000234202 0)
(-0.0121636 -0.000280559 0)
(-0.0119984 -0.000327178 0)
(-0.0118085 -0.000373823 0)
(-0.011594 -0.000420244 0)
(-0.0113551 -0.000466172 0)
(-0.0110922 -0.000511324 0)
(-0.0108057 -0.000555403 0)
(-0.0104963 -0.0005981 0)
(-0.010165 -0.000639097 0)
(-0.00981252 -0.000678066 0)
(-0.0094402 -0.000714675 0)
(-0.00904932 -0.00074859 0)
(-0.0086414 -0.000779475 0)
(-0.00821812 -0.000806998 0)
(-0.00778131 -0.000830828 0)
(-0.007333 -0.000850646 0)
(-0.00687537 -0.00086614 0)
(-0.00641074 -0.000877011 0)
(-0.00594161 -0.000882974 0)
(-0.00547059 -0.00088376 0)
(-0.00500045 -0.000879121 0)
(-0.00453407 -0.000868827 0)
(-0.00407443 -0.000852671 0)
(-0.00362461 -0.00083047 0)
(-0.00318776 -0.000802071 0)
(-0.0027671 -0.000767351 0)
(-0.00236587 -0.000726229 0)
(-0.0019873 -0.000678675 0)
(-0.00163461 -0.000624733 0)
(-0.00131089 -0.000564547 0)
(-0.00101908 -0.000498418 0)
(-0.000761823 -0.000426882 0)
(-0.000541367 -0.000350843 0)
(-0.000359325 -0.000271782 0)
(-0.000216442 -0.000192076 0)
(-0.000112218 -0.000115506 0)
(-4.43544e-05 -4.80052e-05 0)
(-8.39275e-06 1.52648e-06 0)
(1.15336e-06 1.93887e-05 0)
(-3.30963e-06 9.06377e-06 0)
(-3.3799e-05 7.46307e-05 0)
(-0.000106586 0.000162634 0)
(-0.000216213 0.000259862 0)
(-0.000362546 0.00035803 0)
(-0.000544536 0.000451959 0)
(-0.000759971 0.000538723 0)
(-0.00100613 0.000616891 0)
(-0.00128003 0.000685974 0)
(-0.00157858 0.000746067 0)
(-0.00189874 0.000797609 0)
(-0.00223756 0.000841232 0)
(-0.00259229 0.000877658 0)
(-0.00296039 0.000907632 0)
(-0.00333955 0.000931886 0)
(-0.0037277 0.000951111 0)
(-0.00412298 0.000965942 0)
(-0.00452374 0.000976954 0)
(-0.00492854 0.000984653 0)
(-0.00533609 0.000989482 0)
(-0.00574526 0.000991818 0)
(-0.00615507 0.000991979 0)
(-0.00656463 0.000990226 0)
(-0.00697314 0.000986767 0)
(-0.00737989 0.000981764 0)
(-0.00778421 0.000975337 0)
(-0.00818549 0.000967566 0)
(-0.00858314 0.000958501 0)
(-0.00897658 0.00094816 0)
(-0.00936526 0.000936539 0)
(-0.0097486 0.000923611 0)
(-0.010126 0.000909334 0)
(-0.0104969 0.000893648 0)
(-0.0108607 0.000876486 0)
(-0.0112167 0.000857769 0)
(-0.0115643 0.000837412 0)
(-0.0119028 0.000815325 0)
(-0.0122314 0.000791418 0)
(-0.0125493 0.000765599 0)
(-0.0128558 0.000737775 0)
(-0.0131501 0.000707858 0)
(-0.0134312 0.000675765 0)
(-0.0136982 0.000641417 0)
(-0.0139504 0.000604742 0)
(-0.0141866 0.000565679 0)
(-0.014406 0.000524176 0)
(-0.0146075 0.000480193 0)
(-0.0147903 0.000433703 0)
(-0.0149533 0.000384694 0)
(-0.0150954 0.000333171 0)
(-0.0152158 0.000279156 0)
(-0.0153135 0.00022269 0)
(-0.0153875 0.000163834 0)
(-0.015437 0.000102671 0)
(-0.015461 3.93093e-05 0)
(-0.0154587 -2.61146e-05 0)
(-0.0154295 -9.34505e-05 0)
(-0.0153726 -0.000162527 0)
(-0.0152874 -0.000233134 0)
(-0.0151733 -0.000305027 0)
(-0.01503 -0.000377931 0)
(-0.0148572 -0.000451536 0)
(-0.0146547 -0.000525503 0)
(-0.0144224 -0.000599465 0)
(-0.0141606 -0.000673026 0)
(-0.0138694 -0.000745765 0)
(-0.0135494 -0.000817239 0)
(-0.0132011 -0.000886982 0)
(-0.0128255 -0.000954511 0)
(-0.0124234 -0.00101933 0)
(-0.0119961 -0.00108092 0)
(-0.0115451 -0.00113876 0)
(-0.0110718 -0.00119235 0)
(-0.0105782 -0.00124114 0)
(-0.0100662 -0.00128461 0)
(-0.00953803 -0.00132227 0)
(-0.00899613 -0.00135359 0)
(-0.00844308 -0.0013781 0)
(-0.00788167 -0.00139534 0)
(-0.00731485 -0.00140484 0)
(-0.00674574 -0.00140621 0)
(-0.00617762 -0.00139905 0)
(-0.00561389 -0.00138301 0)
(-0.00505808 -0.00135778 0)
(-0.00451383 -0.00132308 0)
(-0.00398485 -0.00127869 0)
(-0.00347488 -0.00122446 0)
(-0.00298772 -0.00116029 0)
(-0.00252712 -0.00108619 0)
(-0.00209677 -0.00100229 0)
(-0.00170019 -0.000908892 0)
(-0.0013407 -0.000806564 0)
(-0.00102128 -0.00069623 0)
(-0.000744393 -0.000579359 0)
(-0.000511852 -0.000458218 0)
(-0.000324576 -0.000336259 0)
(-0.000182305 -0.000218687 0)
(-8.30396e-05 -0.000113224 0)
(-2.31282e-05 -3.09021e-05 0)
(-1.23978e-06 1.21328e-05 0)
(-5.39991e-06 3.0231e-05 0)
(-4.74974e-05 0.000137224 0)
(-0.000143027 0.000266321 0)
(-0.000281913 0.000403855 0)
(-0.000462685 0.000540845 0)
(-0.000683505 0.000671445 0)
(-0.000941564 0.000792213 0)
(-0.00123372 0.000901377 0)
(-0.00155668 0.000998278 0)
(-0.0019071 0.00108298 0)
(-0.00228166 0.001156 0)
(-0.00267719 0.00121812 0)
(-0.00309068 0.00127025 0)
(-0.00351935 0.00131338 0)
(-0.00396064 0.00134845 0)
(-0.00441224 0.00137639 0)
(-0.00487207 0.00139807 0)
(-0.00533826 0.00141426 0)
(-0.00580916 0.00142567 0)
(-0.00628328 0.0014329 0)
(-0.00675933 0.00143649 0)
(-0.00723614 0.00143687 0)
(-0.00771267 0.00143442 0)
(-0.00818797 0.00142943 0)
(-0.0086612 0.00142214 0)
(-0.00913156 0.00141272 0)
(-0.00959831 0.00140129 0)
(-0.0100607 0.00138792 0)
(-0.0105182 0.00137265 0)
(-0.0109699 0.00135547 0)
(-0.0114153 0.00133636 0)
(-0.0118536 0.00131526 0)
(-0.0122842 0.00129208 0)
(-0.0127062 0.00126674 0)
(-0.0131191 0.00123913 0)
(-0.0135219 0.00120914 0)
(-0.0139139 0.00117663 0)
(-0.0142942 0.00114149 0)
(-0.0146618 0.00110359 0)
(-0.015016 0.00106279 0)
(-0.0153557 0.00101899 0)
(-0.01568 0.000972069 0)
(-0.0159877 0.000921911 0)
(-0.0162779 0.000868425 0)
(-0.0165494 0.000811525 0)
(-0.0168013 0.000751144 0)
(-0.0170323 0.000687228 0)
(-0.0172413 0.000619745 0)
(-0.0174272 0.000548683 0)
(-0.017589 0.000474053 0)
(-0.0177254 0.000395893 0)
(-0.0178354 0.000314267 0)
(-0.017918 0.000229267 0)
(-0.0179721 0.000141017 0)
(-0.0179967 4.9676e-05 0)
(-0.017991 -4.45656e-05 0)
(-0.0179541 -0.000141491 0)
(-0.0178852 -0.000240848 0)
(-0.0177836 -0.000342332 0)
(-0.0176489 -0.00044559 0)
(-0.0174805 -0.000550224 0)
(-0.0172781 -0.000655794 0)
(-0.0170416 -0.000761816 0)
(-0.0167709 -0.000867765 0)
(-0.0164663 -0.000973082 0)
(-0.0161282 -0.00107717 0)
(-0.0157569 -0.00117939 0)
(-0.0153534 -0.00127909 0)
(-0.0149185 -0.00137559 0)
(-0.0144534 -0.00146817 0)
(-0.0139595 -0.00155612 0)
(-0.0134385 -0.0016387 0)
(-0.0128921 -0.00171517 0)
(-0.0123225 -0.00178479 0)
(-0.011732 -0.00184683 0)
(-0.011123 -0.00190055 0)
(-0.0104984 -0.00194526 0)
(-0.00986109 -0.00198026 0)
(-0.00921425 -0.0020049 0)
(-0.00856123 -0.00201856 0)
(-0.00790557 -0.00202065 0)
(-0.00725098 -0.00201063 0)
(-0.0066013 -0.00198802 0)
(-0.00596052 -0.0019524 0)
(-0.00533272 -0.00190339 0)
(-0.00472205 -0.00184071 0)
(-0.00413271 -0.00176418 0)
(-0.0035689 -0.00167371 0)
(-0.00303478 -0.00156938 0)
(-0.0025344 -0.00145144 0)
(-0.00207163 -0.0013204 0)
(-0.00165007 -0.00117715 0)
(-0.00127296 -0.00102304 0)
(-0.000942991 -0.000860134 0)
(-0.00066221 -0.000691498 0)
(-0.000431833 -0.000521582 0)
(-0.00025205 -0.000356812 0)
(-0.000121453 -0.000206314 0)
(-3.75019e-05 -8.26165e-05 0)
(-3.42694e-06 -3.19598e-06 0)
(-7.22937e-06 5.84435e-05 0)
(-6.0154e-05 0.00021737 0)
(-0.000177349 0.000395394 0)
(-0.000344328 0.000579199 0)
(-0.000558208 0.000759711 0)
(-0.000816233 0.00093085 0)
(-0.00111487 0.00108893 0)
(-0.00145049 0.00123201 0)
(-0.00181944 0.00135936 0)
(-0.00221811 0.00147105 0)
(-0.00264296 0.00156769 0)
(-0.00309059 0.00165024 0)
(-0.00355782 0.0017198 0)
(-0.00404167 0.00177757 0)
(-0.00453939 0.00182476 0)
(-0.00504848 0.00186251 0)
(-0.00556669 0.00189193 0)
(-0.00609196 0.001914 0)
(-0.00662249 0.00192964 0)
(-0.00715663 0.00193962 0)
(-0.00769293 0.00194464 0)
(-0.00823007 0.00194528 0)
(-0.00876688 0.00194202 0)
(-0.00930228 0.00193526 0)
(-0.00983531 0.00192531 0)
(-0.010365 0.0019124 0)
(-0.0108906 0.0018967 0)
(-0.0114113 0.00187831 0)
(-0.0119261 0.00185728 0)
(-0.0124345 0.00183361 0)
(-0.0129355 0.00180727 0)
(-0.0134284 0.00177819 0)
(-0.0139124 0.00174626 0)
(-0.0143866 0.00171138 0)
(-0.0148503 0.0016734 0)
(-0.0153024 0.00163218 0)
(-0.0157422 0.00158755 0)
(-0.0161685 0.00153936 0)
(-0.0165805 0.00148744 0)
(-0.0169771 0.00143163 0)
(-0.0173571 0.00137177 0)
(-0.0177196 0.00130771 0)
(-0.0180633 0.00123932 0)
(-0.0183871 0.00116647 0)
(-0.0186897 0.00108906 0)
(-0.01897 0.00100699 0)
(-0.0192268 0.000920207 0)
(-0.0194587 0.000828671 0)
(-0.0196646 0.000732371 0)
(-0.0198432 0.000631328 0)
(-0.0199933 0.000525599 0)
(-0.0201137 0.000415275 0)
(-0.0202032 0.000300486 0)
(-0.0202607 0.000181403 0)
(-0.0202852 5.82396e-05 0)
(-0.0202756 -6.87476e-05 0)
(-0.0202311 -0.000199265 0)
(-0.0201508 -0.000332964 0)
(-0.020034 -0.000469432 0)
(-0.01988 -0.000608194 0)
(-0.0196885 -0.000748716 0)
(-0.0194591 -0.000890406 0)
(-0.0191916 -0.00103262 0)
(-0.0188861 -0.00117466 0)
(-0.0185429 -0.00131577 0)
(-0.0181622 -0.00145517 0)
(-0.0177448 -0.00159201 0)
(-0.0172915 -0.00172542 0)
(-0.0168034 -0.00185448 0)
(-0.0162818 -0.00197826 0)
(-0.0157283 -0.00209581 0)
(-0.0151447 -0.00220614 0)
(-0.014533 -0.00230828 0)
(-0.0138956 -0.00240125 0)
(-0.013235 -0.00248408 0)
(-0.0125541 -0.0025558 0)
(-0.0118558 -0.00261549 0)
(-0.0111436 -0.00266223 0)
(-0.0104208 -0.00269518 0)
(-0.00969111 -0.0027135 0)
(-0.00895853 -0.00271644 0)
(-0.00822709 -0.00270329 0)
(-0.007501 -0.00267344 0)
(-0.00678461 -0.00262634 0)
(-0.00608239 -0.00256153 0)
(-0.00539884 -0.00247868 0)
(-0.00473852 -0.00237759 0)
(-0.00410597 -0.0022582 0)
(-0.00350565 -0.00212067 0)
(-0.00294191 -0.00196542 0)
(-0.0024189 -0.0017932 0)
(-0.00194046 -0.00160521 0)
(-0.00151005 -0.00140328 0)
(-0.00113062 -0.00119007 0)
(-0.000804497 -0.000969345 0)
(-0.000533305 -0.000746442 0)
(-0.00031782 -0.000528757 0)
(-0.000157393 -0.000326417 0)
(-5.07145e-05 -0.000152852 0)
(-5.34258e-06 -2.60403e-05 0)
(-8.81252e-06 9.309e-05 0)
(-7.16377e-05 0.000313891 0)
(-0.000209022 0.000548445 0)
(-0.000402437 0.000784332 0)
(-0.000647625 0.00101287 0)
(-0.000940856 0.00122814 0)
(-0.00127782 0.00142648 0)
(-0.00165431 0.00160597 0)
(-0.00206631 0.00176593 0)
(-0.00250989 0.00190653 0)
(-0.0029813 0.00202852 0)
(-0.00347695 0.00213302 0)
(-0.00399347 0.00222136 0)
(-0.00452775 0.00229497 0)
(-0.00507688 0.00235529 0)
(-0.00563822 0.00240372 0)
(-0.00620936 0.00244158 0)
(-0.00678814 0.00247009 0)
(-0.00737258 0.00249036 0)
(-0.00796092 0.00250336 0)
(-0.00855159 0.00250994 0)
(-0.00914314 0.00251084 0)
(-0.00973428 0.00250665 0)
(-0.0103238 0.00249788 0)
(-0.0109107 0.00248492 0)
(-0.0114939 0.00246806 0)
(-0.0120725 0.00244752 0)
(-0.0126455 0.00242344 0)
(-0.013212 0.00239588 0)
(-0.0137712 0.00236485 0)
(-0.0143222 0.00233031 0)
(-0.0148642 0.00229218 0)
(-0.0153962 0.00225035 0)
(-0.0159172 0.00220466 0)
(-0.0164264 0.00215496 0)
(-0.0169228 0.00210105 0)
(-0.0174053 0.00204274 0)
(-0.017873 0.00197984 0)
(-0.0183245 0.00191213 0)
(-0.018759 0.00183943 0)
(-0.0191751 0.00176153 0)
(-0.0195716 0.00167824 0)
(-0.0199473 0.00158942 0)
(-0.020301 0.00149489 0)
(-0.0206313 0.00139453 0)
(-0.0209369 0.00128824 0)
(-0.0212165 0.00117594 0)
(-0.0214686 0.00105759 0)
(-0.0216921 0.000933178 0)
(-0.0218854 0.000802746 0)
(-0.0220474 0.000666369 0)
(-0.0221767 0.000524168 0)
(-0.022272 0.000376316 0)
(-0.0223322 0.000223038 0)
(-0.0223562 6.46088e-05 0)
(-0.0223427 -9.86406e-05 0)
(-0.022291 -0.000266327 0)
(-0.0222 -0.000437997 0)
(-0.022069 -0.000613114 0)
(-0.0218974 -0.000791069 0)
(-0.0216847 -0.000971177 0)
(-0.0214306 -0.00115268 0)
(-0.021135 -0.00133477 0)
(-0.0207978 -0.00151653 0)
(-0.0204194 -0.00169703 0)
(-0.0200003 -0.00187524 0)
(-0.0195411 -0.00205012 0)
(-0.0190429 -0.00222053 0)
(-0.0185067 -0.00238533 0)
(-0.0179341 -0.00254333 0)
(-0.0173268 -0.00269332 0)
(-0.0166868 -0.00283405 0)
(-0.0160163 -0.0029643 0)
(-0.0153179 -0.00308282 0)
(-0.0145944 -0.00318838 0)
(-0.0138488 -0.00327977 0)
(-0.0130844 -0.00335583 0)
(-0.0123049 -0.0034154 0)
(-0.0115139 -0.00345741 0)
(-0.0107155 -0.00348084 0)
(-0.00991399 -0.00348473 0)
(-0.00911363 -0.00346823 0)
(-0.00831902 -0.00343056 0)
(-0.0075348 -0.00337107 0)
(-0.00676575 -0.00328922 0)
(-0.00601668 -0.00318464 0)
(-0.00529245 -0.0030571 0)
(-0.00459786 -0.00290663 0)
(-0.00393765 -0.00273347 0)
(-0.0033164 -0.00253822 0)
(-0.00273848 -0.00232189 0)
(-0.00220796 -0.00208602 0)
(-0.00172855 -0.00183288 0)
(-0.00130344 -0.00156566 0)
(-0.000935313 -0.0012888 0)
(-0.000626244 -0.00100832 0)
(-0.000377672 -0.000732343 0)
(-0.000189755 -0.000471644 0)
(-6.23769e-05 -0.000240071 0)
(-6.94293e-06 -5.55131e-05 0)
(-1.01851e-05 0.000133515 0)
(-8.19672e-05 0.000425445 0)
(-0.000237901 0.000723777 0)
(-0.000455849 0.00101736 0)
(-0.00073027 0.00129827 0)
(-0.00105648 0.00156106 0)
(-0.00142935 0.00180237 0)
(-0.00184409 0.00202051 0)
(-0.00229625 0.00221495 0)
(-0.0027816 0.00238605 0)
(-0.00329613 0.00253476 0)
(-0.00383608 0.00266243 0)
(-0.00439792 0.00277062 0)
(-0.0049784 0.00286099 0)
(-0.00557449 0.00293524 0)
(-0.00618343 0.00299501 0)
(-0.0068027 0.00304185 0)
(-0.00743001 0.00307723 0)
(-0.00806331 0.00310243 0)
(-0.00870071 0.00311863 0)
(-0.00934053 0.00312686 0)
(-0.00998124 0.00312798 0)
(-0.0106215 0.00312272 0)
(-0.0112599 0.0031117 0)
(-0.0118954 0.00309539 0)
(-0.0125268 0.00307415 0)
(-0.0131531 0.00304825 0)
(-0.0137733 0.00301785 0)
(-0.0143864 0.00298305 0)
(-0.0149915 0.00294387 0)
(-0.0155876 0.00290025 0)
(-0.0161738 0.00285211 0)
(-0.016749 0.00279931 0)
(-0.0173122 0.00274167 0)
(-0.0178625 0.002679 0)
(-0.0183987 0.00261108 0)
(-0.0189197 0.00253768 0)
(-0.0194245 0.00245855 0)
(-0.0199117 0.00237346 0)
(-0.0203802 0.00228216 0)
(-0.0208288 0.00218442 0)
(-0.021256 0.00208002 0)
(-0.0216606 0.00196876 0)
(-0.0220411 0.00185045 0)
(-0.0223963 0.00172496 0)
(-0.0227246 0.00159215 0)
(-0.0230247 0.00145194 0)
(-0.023295 0.00130428 0)
(-0.0235342 0.00114917 0)
(-0.0237408 0.000986668 0)
(-0.0239135 0.000816863 0)
(-0.0240507 0.000639918 0)
(-0.0241512 0.000456051 0)
(-0.0242138 0.000265543 0)
(-0.0242371 6.8742e-05 0)
(-0.0242201 -0.000133942 0)
(-0.0241617 -0.000342025 0)
(-0.0240609 -0.000554935 0)
(-0.023917 -0.000772006 0)
(-0.0237294 -0.000992479 0)
(-0.0234974 -0.00121551 0)
(-0.0232209 -0.00144016 0)
(-0.0228996 -0.00166542 0)
(-0.0225337 -0.00189019 0)
(-0.0221234 -0.0021133 0)
(-0.0216693 -0.0023335 0)
(-0.0211721 -0.00254947 0)
(-0.020633 -0.00275987 0)
(-0.0200531 -0.00296326 0)
(-0.0194342 -0.00315818 0)
(-0.018778 -0.00334316 0)
(-0.0180868 -0.00351666 0)
(-0.0173629 -0.00367719 0)
(-0.0166091 -0.00382322 0)
(-0.0158284 -0.00395324 0)
(-0.0150241 -0.00406579 0)
(-0.0141998 -0.00415943 0)
(-0.0133592 -0.00423278 0)
(-0.0125065 -0.00428453 0)
(-0.0116459 -0.00431344 0)
(-0.0107818 -0.00431838 0)
(-0.00991902 -0.0042983 0)
(-0.00906232 -0.00425232 0)
(-0.00821664 -0.00417964 0)
(-0.00738702 -0.00407968 0)
(-0.00657855 -0.00395201 0)
(-0.00579631 -0.00379644 0)
(-0.00504536 -0.00361302 0)
(-0.00433065 -0.00340215 0)
(-0.00365699 -0.0031646 0)
(-0.00302895 -0.00290164 0)
(-0.00245082 -0.00261514 0)
(-0.00192653 -0.00230779 0)
(-0.00145958 -0.00198326 0)
(-0.001053 -0.00164652 0)
(-0.000709357 -0.00130416 0)
(-0.000430752 -0.000964799 0)
(-0.000218117 -0.000639567 0)
(-7.23899e-05 -0.00034239 0)
(-8.23995e-06 -9.07168e-05 0)
(-1.13798e-05 0.000179098 0)
(-9.12152e-05 0.00055066 0)
(-0.000264037 0.000919578 0)
(-0.000504527 0.0012762 0)
(-0.000805986 0.00161366 0)
(-0.00116281 0.00192722 0)
(-0.0015691 0.00221407 0)
(-0.00201945 0.00247287 0)
(-0.00250896 0.00270344 0)
(-0.00303306 0.00290641 0)
(-0.00358751 0.003083 0)
(-0.00416834 0.00323482 0)
(-0.00477189 0.00336369 0)
(-0.00539476 0.00347154 0)
(-0.00603382 0.00356032 0)
(-0.00668621 0.00363193 0)
(-0.00734933 0.00368817 0)
(-0.0080208 0.0037307 0)
(-0.00869845 0.00376106 0)
(-0.00938036 0.00378059 0)
(-0.0100647 0.00379048 0)
(-0.01075 0.00379176 0)
(-0.0114346 0.00378529 0)
(-0.0121172 0.00377179 0)
(-0.0127967 0.00375181 0)
(-0.0134717 0.00372579 0)
(-0.0141412 0.00369404 0)
(-0.0148041 0.00365678 0)
(-0.0154593 0.0036141 0)
(-0.0161059 0.00356604 0)
(-0.0167428 0.00351255 0)
(-0.0173689 0.00345352 0)
(-0.0179833 0.00338879 0)
(-0.0185847 0.00331818 0)
(-0.0191722 0.00324143 0)
(-0.0197445 0.00315831 0)
(-0.0203005 0.00306854 0)
(-0.0208389 0.00297183 0)
(-0.0213585 0.0028679 0)
(-0.021858 0.00275648 0)
(-0.022336 0.00263728 0)
(-0.0227912 0.00251006 0)
(-0.023222 0.00237458 0)
(-0.0236271 0.00223062 0)
(-0.024005 0.00207802 0)
(-0.0243541 0.00191662 0)
(-0.024673 0.00174635 0)
(-0.02496 0.00156713 0)
(-0.0252138 0.00137899 0)
(-0.0254326 0.00118199 0)
(-0.0256152 0.000976244 0)
(-0.0257599 0.00076196 0)
(-0.0258654 0.000539402 0)
(-0.0259303 0.000308916 0)
(-0.0259533 7.09228e-05 0)
(-0.0259333 -0.000174076 0)
(-0.0258691 -0.00042549 0)
(-0.0257597 -0.000682618 0)
(-0.0256042 -0.000944653 0)
(-0.0254021 -0.00121068 0)
(-0.0251528 -0.00147967 0)
(-0.024856 -0.00175052 0)
(-0.0245114 -0.00202199 0)
(-0.0241194 -0.00229276 0)
(-0.02368 -0.00256144 0)
(-0.023194 -0.00282651 0)
(-0.0226622 -0.00308642 0)
(-0.0220857 -0.00333952 0)
(-0.021466 -0.00358411 0)
(-0.0208046 -0.00381845 0)
(-0.0201037 -0.00404075 0)
(-0.0193655 -0.0042492 0)
(-0.0185926 -0.004442 0)
(-0.017788 -0.00461732 0)
(-0.0169548 -0.00477338 0)
(-0.0160967 -0.00490843 0)
(-0.0152173 -0.00502076 0)
(-0.0143207 -0.00510875 0)
(-0.0134113 -0.00517083 0)
(-0.0124935 -0.00520555 0)
(-0.0115721 -0.0052116 0)
(-0.0106521 -0.00518775 0)
(-0.00973848 -0.00513297 0)
(-0.00883648 -0.00504639 0)
(-0.00795137 -0.00492734 0)
(-0.00708849 -0.00477537 0)
(-0.00625313 -0.00459031 0)
(-0.00545058 -0.0043723 0)
(-0.00468598 -0.00412185 0)
(-0.00396435 -0.00383993 0)
(-0.00329045 -0.00352805 0)
(-0.0026688 -0.00318842 0)
(-0.00210357 -0.00282409 0)
(-0.00159854 -0.00243914 0)
(-0.0011571 -0.002039 0)
(-0.000782314 -0.00163066 0)
(-0.000476894 -0.00122309 0)
(-0.000242456 -0.00082754 0)
(-8.08067e-05 -0.000457819 0)
(-9.26836e-06 -0.000130754 0)
(-1.24235e-05 0.000229276 0)
(-9.94728e-05 0.000688213 0)
(-0.000287577 0.00113404 0)
(-0.000548632 0.00155876 0)
(-0.000874915 0.00195674 0)
(-0.00125999 0.00232419 0)
(-0.00169718 0.00265898 0)
(-0.00218051 0.00296035 0)
(-0.00270462 0.00322855 0)
(-0.0032646 0.0034646 0)
(-0.00385594 0.00367005 0)
(-0.0044745 0.00384682 0)
(-0.00511643 0.00399704 0)
(-0.00577824 0.00412292 0)
(-0.00645668 0.0042267 0)
(-0.00714882 0.00431052 0)
(-0.00785197 0.00437644 0)
(-0.00856367 0.00442635 0)
(-0.00928171 0.00446199 0)
(-0.0100041 0.00448491 0)
(-0.0107289 0.00449646 0)
(-0.0114546 0.00449782 0)
(-0.0121795 0.00448999 0)
(-0.0129022 0.00447377 0)
(-0.0136215 0.00444984 0)
(-0.0143361 0.00441867 0)
(-0.0150448 0.00438065 0)
(-0.0157465 0.00433602 0)
(-0.01644 0.0042849 0)
(-0.0171243 0.00422733 0)
(-0.0177982 0.00416326 0)
(-0.0184607 0.00409257 0)
(-0.0191107 0.00401508 0)
(-0.0197469 0.00393057 0)
(-0.0203683 0.00383877 0)
(-0.0209736 0.00373939 0)
(-0.0215615 0.00363211 0)
(-0.0221308 0.00351662 0)
(-0.0226802 0.00339258 0)
(-0.0232081 0.00325968 0)
(-0.0237133 0.00311759 0)
(-0.0241942 0.00296603 0)
(-0.0246494 0.00280472 0)
(-0.0250772 0.00263343 0)
(-0.0254762 0.00245195 0)
(-0.0258448 0.00226013 0)
(-0.0261813 0.00205785 0)
(-0.0264841 0.00184506 0)
(-0.0267516 0.00162178 0)
(-0.0269822 0.00138808 0)
(-0.0271744 0.00114413 0)
(-0.0273265 0.000890153 0)
(-0.0274372 0.000626472 0)
(-0.0275048 0.0003535 0)
(-0.0275282 7.17391e-05 0)
(-0.027506 -0.000218213 0)
(-0.027437 -0.00051565 0)
(-0.0273202 -0.000819735 0)
(-0.0271548 -0.00112951 0)
(-0.0269399 -0.00144389 0)
(-0.0266751 -0.00176168 0)
(-0.02636 -0.00208154 0)
(-0.0259945 -0.00240204 0)
(-0.0255787 -0.00272163 0)
(-0.0251129 -0.00303863 0)
(-0.0245978 -0.0033513 0)
(-0.0240342 -0.00365778 0)
(-0.0234234 -0.00395615 0)
(-0.0227668 -0.0042444 0)
(-0.0220663 -0.00452049 0)
(-0.021324 -0.00478231 0)
(-0.0205423 -0.00502776 0)
(-0.019724 -0.00525469 0)
(-0.0188722 -0.00546099 0)
(-0.0179904 -0.00564457 0)
(-0.0170821 -0.00580338 0)
(-0.0161515 -0.00593543 0)
(-0.0152029 -0.00603884 0)
(-0.0142407 -0.00611179 0)
(-0.0132698 -0.00615263 0)
(-0.0122951 -0.00615981 0)
(-0.0113219 -0.00613198 0)
(-0.0103554 -0.00606796 0)
(-0.00940114 -0.00596677 0)
(-0.00846459 -0.0058277 0)
(-0.00755131 -0.00565027 0)
(-0.00666682 -0.00543436 0)
(-0.0058166 -0.00518019 0)
(-0.005006 -0.00488839 0)
(-0.00424023 -0.00456013 0)
(-0.00352425 -0.00419718 0)
(-0.00286279 -0.00380201 0)
(-0.00226025 -0.00337802 0)
(-0.00172073 -0.00292968 0)
(-0.00124794 -0.00246272 0)
(-0.000845397 -0.00198449 0)
(-0.000516347 -0.00150412 0)
(-0.000262976 -0.00103291 0)
(-8.7751e-05 -0.000584413 0)
(-1.00655e-05 -0.000174783 0)
(-1.3338e-05 0.000283543 0)
(-0.000106834 0.000836866 0)
(-0.000308708 0.00136542 0)
(-0.000588428 0.00186296 0)
(-0.000937374 0.00232522 0)
(-0.00134835 0.00274951 0)
(-0.00181398 0.00313456 0)
(-0.00232773 0.0034803 0)
(-0.00288378 0.00378752 0)
(-0.00347688 0.00405773 0)
(-0.00410228 0.0042929 0)
(-0.0047556 0.00449531 0)
(-0.00543287 0.00466743 0)
(-0.00613046 0.00481179 0)
(-0.00684503 0.00493091 0)
(-0.00757358 0.00502721 0)
(-0.00831333 0.00510302 0)
(-0.00906179 0.00516045 0)
(-0.00981668 0.00520146 0)
(-0.0105759 0.00522779 0)
(-0.0113376 0.00524097 0)
(-0.0121001 0.00524232 0)
(-0.0128617 0.00523297 0)
(-0.013621 0.00521384 0)
(-0.0143765 0.00518568 0)
(-0.0151272 0.00514906 0)
(-0.0158716 0.00510439 0)
(-0.0166086 0.00505195 0)
(-0.017337 0.00499189 0)
(-0.0180557 0.00492426 0)
(-0.0187635 0.004849 0)
(-0.0194594 0.00476599 0)
(-0.020142 0.00467501 0)
(-0.0208102 0.00457581 0)
(-0.0214628 0.0044681 0)
(-0.0220985 0.00435154 0)
(-0.022716 0.00422578 0)
(-0.0233139 0.00409046 0)
(-0.0238908 0.00394519 0)
(-0.0244452 0.00378961 0)
(-0.0249758 0.00362338 0)
(-0.0254808 0.00344614 0)
(-0.0259589 0.0032576 0)
(-0.0264082 0.00305748 0)
(-0.0268273 0.00284556 0)
(-0.0272144 0.00262166 0)
(-0.0275678 0.00238564 0)
(-0.0278859 0.00213747 0)
(-0.028167 0.00187715 0)
(-0.0284093 0.00160479 0)
(-0.0286112 0.00132056 0)
(-0.0287711 0.00102475 0)
(-0.0288874 0.000717723 0)
(-0.0289586 0.000399965 0)
(-0.0289832 7.20644e-05 0)
(-0.0289599 -0.000265279 0)
(-0.0288874 -0.000611236 0)
(-0.0287647 -0.00096483 0)
(-0.0285909 -0.00132494 0)
(-0.028365 -0.00169032 0)
(-0.0280867 -0.00205955 0)
(-0.0277554 -0.00243111 0)
(-0.027371 -0.00280332 0)
(-0.0269337 -0.00317437 0)
(-0.0264439 -0.00354235 0)
(-0.0259021 -0.00390522 0)
(-0.0253092 -0.00426082 0)
(-0.0246667 -0.00460692 0)
(-0.023976 -0.00494121 0)
(-0.023239 -0.00526131 0)
(-0.022458 -0.00556478 0)
(-0.0216356 -0.0058492 0)
(-0.0207747 -0.00611208 0)
(-0.0198786 -0.00635099 0)
(-0.0189509 -0.00656351 0)
(-0.0179955 -0.00674729 0)
(-0.0170166 -0.00690006 0)
(-0.0160188 -0.00701963 0)
(-0.0150068 -0.00710397 0)
(-0.0139857 -0.00715118 0)
(-0.0129608 -0.00715953 0)
(-0.0119374 -0.00712748 0)
(-0.0109211 -0.00705373 0)
(-0.0099177 -0.00693723 0)
(-0.00893283 -0.00677719 0)
(-0.0079723 -0.00657316 0)
(-0.00704185 -0.00632504 0)
(-0.00614716 -0.00603313 0)
(-0.00529378 -0.00569823 0)
(-0.00448712 -0.00532168 0)
(-0.00373234 -0.00490548 0)
(-0.00303438 -0.0044524 0)
(-0.00239788 -0.00396611 0)
(-0.00182718 -0.0034514 0)
(-0.00132635 -0.00291432 0)
(-0.000899256 -0.0023624 0)
(-0.000549601 -0.00180494 0)
(-0.000279997 -0.00125317 0)
(-9.33755e-05 -0.000720357 0)
(-1.06662e-05 -0.000222049 0)
(-1.41412e-05 0.000341446 0)
(-0.000113389 0.000995473 0)
(-0.000327633 0.00161208 0)
(-0.000624226 0.00218681 0)
(-0.00099377 0.00271688 0)
(-0.00142839 0.00320082 0)
(-0.00192009 0.00363833 0)
(-0.00246177 0.00403013 0)
(-0.00304721 0.0043777 0)
(-0.00367083 0.00468309 0)
(-0.00432758 0.00494876 0)
(-0.00501292 0.00517741 0)
(-0.00572271 0.00537189 0)
(-0.00645319 0.00553508 0)
(-0.00720095 0.00566982 0)
(-0.00796288 0.00577882 0)
(-0.00873618 0.00586465 0)
(-0.00951829 0.0059297 0)
(-0.0103069 0.00597612 0)
(-0.0110998 0.00600585 0)
(-0.0118952 0.00602061 0)
(-0.0126913 0.00602186 0)
(-0.0134864 0.00601087 0)
(-0.014279 0.00598865 0)
(-0.0150678 0.00595604 0)
(-0.0158514 0.00591368 0)
(-0.0166285 0.00586205 0)
(-0.0173979 0.00580144 0)
(-0.0181584 0.00573204 0)
(-0.0189088 0.00565389 0)
(-0.0196478 0.00556693 0)
(-0.0203744 0.00547103 0)
(-0.0210873 0.00536594 0)
(-0.0217851 0.0052514 0)
(-0.0224667 0.00512705 0)
(-0.0231308 0.00499254 0)
(-0.0237758 0.00484746 0)
(-0.0244005 0.0046914 0)
(-0.0250033 0.00452395 0)
(-0.0255829 0.00434468 0)
(-0.0261375 0.0041532 0)
(-0.0266656 0.00394913 0)
(-0.0271655 0.00373212 0)
(-0.0276356 0.00350188 0)
(-0.0280742 0.00325813 0)
(-0.0284794 0.00300069 0)
(-0.0288496 0.0027294 0)
(-0.029183 0.00244422 0)
(-0.0294778 0.00214517 0)
(-0.0297321 0.00183235 0)
(-0.0299443 0.00150597 0)
(-0.0301127 0.00116636 0)
(-0.0302355 0.000813948 0)
(-0.0303112 0.000449281 0)
(-0.0303382 7.30392e-05 0)
(-0.0303152 -0.000313971 0)
(-0.0302407 -0.000710793 0)
(-0.0301137 -0.0011163 0)
(-0.0299331 -0.00152922 0)
(-0.0296981 -0.00194809 0)
(-0.0294081 -0.00237133 0)
(-0.0290626 -0.00279715 0)
(-0.0286616 -0.00322366 0)
(-0.0282049 -0.00364879 0)
(-0.0276931 -0.00407032 0)
(-0.0271268 -0.00448593 0)
(-0.026507 -0.00489315 0)
(-0.0258349 -0.00528943 0)
(-0.0251123 -0.0056721 0)
(-0.024341 -0.00603845 0)
(-0.0235236 -0.00638571 0)
(-0.0226626 -0.00671106 0)
(-0.0217613 -0.00701171 0)
(-0.020823 -0.00728485 0)
(-0.0198515 -0.00752774 0)
(-0.018851 -0.0077377 0)
(-0.0178259 -0.00791216 0)
(-0.016781 -0.00804865 0)
(-0.0157213 -0.00814487 0)
(-0.0146521 -0.00819869 0)
(-0.013579 -0.00820819 0)
(-0.0125076 -0.00817166 0)
(-0.0114437 -0.00808768 0)
(-0.0103933 -0.00795511 0)
(-0.00936243 -0.00777312 0)
(-0.008357 -0.00754128 0)
(-0.00738302 -0.00725952 0)
(-0.00644638 -0.00692826 0)
(-0.00555285 -0.00654843 0)
(-0.004708 -0.00612157 0)
(-0.00391722 -0.00564991 0)
(-0.00318564 -0.00513646 0)
(-0.00251813 -0.00458519 0)
(-0.00191929 -0.00400115 0)
(-0.00139343 -0.00339064 0)
(-0.000944742 -0.0027614 0)
(-0.000577262 -0.00212279 0)
(-0.000293894 -0.00148599 0)
(-9.78405e-05 -0.00086401 0)
(-1.1101e-05 -0.000271888 0)
(-1.48476e-05 0.00040258 0)
(-0.000119221 0.00116299 0)
(-0.000344553 0.00187248 0)
(-0.000656352 0.00252845 0)
(-0.00104455 0.00312963 0)
(-0.00150069 0.00367585 0)
(-0.00201618 0.0041679 0)
(-0.00258344 0.0046074 0)
(-0.00319585 0.00499657 0)
(-0.00384749 0.0053381 0)
(-0.00453309 0.00563499 0)
(-0.00524788 0.00589043 0)
(-0.00598758 0.00610769 0)
(-0.0067483 0.00629002 0)
(-0.00752655 0.0064406 0)
(-0.00831915 0.00656245 0)
(-0.00912324 0.00665842 0)
(-0.00993622 0.00673114 0)
(-0.0107557 0.006783 0)
(-0.0115796 0.00681613 0)
(-0.0124058 0.00683242 0)
(-0.0132327 0.0068335 0)
(-0.0140586 0.00682073 0)
(-0.0148819 0.00679528 0)
(-0.0157012 0.00675804 0)
(-0.0165151 0.00670974 0)
(-0.0173223 0.00665089 0)
(-0.0181216 0.00658183 0)
(-0.0189117 0.00650275 0)
(-0.0196914 0.00641371 0)
(-0.0204595 0.00631465 0)
(-0.0212147 0.00620541 0)
(-0.0219558 0.00608572 0)
(-0.0226814 0.00595529 0)
(-0.0233902 0.00581372 0)
(-0.024081 0.00566062 0)
(-0.0247522 0.00549553 0)
(-0.0254023 0.005318 0)
(-0.02603 0.00512755 0)
(-0.0266335 0.00492373 0)
(-0.0272114 0.00470609 0)
(-0.0277618 0.0044742 0)
(-0.0282832 0.00422767 0)
(-0.0287737 0.00396617 0)
(-0.0292316 0.0036894 0)
(-0.0296551 0.00339713 0)
(-0.0300422 0.00308922 0)
(-0.0303912 0.00276559 0)
(-0.0307002 0.00242626 0)
(-0.0309673 0.00207137 0)
(-0.0311907 0.00170114 0)
(-0.0313685 0.00131594 0)
(-0.0314991 0.000916255 0)
(-0.0315806 0.000502703 0)
(-0.0316115 7.60551e-05 0)
(-0.0315903 -0.00036277 0)
(-0.0315155 -0.000812685 0)
(-0.031386 -0.00127241 0)
(-0.0312005 -0.0017405 0)
(-0.0309583 -0.00221531 0)
(-0.0306586 -0.00269503 0)
(-0.0303009 -0.00317766 0)
(-0.0298851 -0.00366103 0)
(-0.0294112 -0.0041428 0)
(-0.0288794 -0.00462046 0)
(-0.0282906 -0.00509137 0)
(-0.0276457 -0.00555273 0)
(-0.026946 -0.00600164 0)
(-0.0261932 -0.00643509 0)
(-0.0253895 -0.00684999 0)
(-0.0245373 -0.00724318 0)
(-0.0236395 -0.0076115 0)
(-0.0226992 -0.00795176 0)
(-0.0217202 -0.00826081 0)
(-0.0207063 -0.00853554 0)
(-0.0196621 -0.00877293 0)
(-0.0185921 -0.00897008 0)
(-0.0175014 -0.00912424 0)
(-0.0163953 -0.00923284 0)
(-0.0152793 -0.0092935 0)
(-0.0141593 -0.00930411 0)
(-0.0130412 -0.00926279 0)
(-0.0119311 -0.00916801 0)
(-0.0108352 -0.00901855 0)
(-0.00975977 -0.00881355 0)
(-0.00871108 -0.00855259 0)
(-0.00769532 -0.00823567 0)
(-0.00671862 -0.00786332 0)
(-0.00578693 -0.00743662 0)
(-0.00490607 -0.00695731 0)
(-0.00408161 -0.00642783 0)
(-0.00331888 -0.00585146 0)
(-0.00262295 -0.00523244 0)
(-0.00199861 -0.00457606 0)
(-0.00145042 -0.00388885 0)
(-0.000982793 -0.00317874 0)
(-0.000599981 -0.00245518 0)
(-0.000305049 -0.00172929 0)
(-0.000101301 -0.00101392 0)
(-1.13969e-05 -0.000323725 0)
(-1.54696e-05 0.000466585 0)
(-0.000124407 0.00133847 0)
(-0.00035966 0.00214524 0)
(-0.000685131 0.00288613 0)
(-0.00109019 0.00356148 0)
(-0.00156584 0.00417247 0)
(-0.00210298 0.00472104 0)
(-0.00269359 0.00520978 0)
(-0.00333068 0.00564174 0)
(-0.00400803 0.00602033 0)
(-0.00472011 0.00634913 0)
(-0.00546197 0.00663188 0)
(-0.00622917 0.0068723 0)
(-0.00701771 0.00707405 0)
(-0.007824 0.00724067 0)
(-0.00864482 0.00737551 0)
(-0.00947722 0.00748171 0)
(-0.0103186 0.00756215 0)
(-0.0111665 0.00761947 0)
(-0.0120188 0.00765599 0)
(-0.0128735 0.00767378 0)
(-0.0137288 0.00767462 0)
(-0.014583 0.00766002 0)
(-0.0154346 0.00763122 0)
(-0.016282 0.00758923 0)
(-0.017124 0.00753483 0)
(-0.0179592 0.00746857 0)
(-0.0187863 0.00739085 0)
(-0.019604 0.00730186 0)
(-0.0204111 0.00720167 0)
(-0.0212064 0.0070902 0)
(-0.0219885 0.00696728 0)
(-0.0227561 0.00683262 0)
(-0.023508 0.00668588 0)
(-0.0242428 0.00652665 0)
(-0.0249591 0.00635446 0)
(-0.0256553 0.00616882 0)
(-0.0263301 0.00596922 0)
(-0.0269817 0.00575514 0)
(-0.0276087 0.00552607 0)
(-0.0282094 0.0052815 0)
(-0.0287819 0.00502097 0)
(-0.0293246 0.00474404 0)
(-0.0298357 0.00445033 0)
(-0.0303132 0.0041395 0)
(-0.0307552 0.00381131 0)
(-0.0311599 0.00346557 0)
(-0.0315253 0.00310222 0)
(-0.0318494 0.00272126 0)
(-0.0321303 0.00232283 0)
(-0.032366 0.0019072 0)
(-0.0325547 0.00147475 0)
(-0.0326944 0.00102604 0)
(-0.0327834 0.000561747 0)
(-0.0328199 8.27427e-05 0)
(-0.0328023 -0.000409945 0)
(-0.0327291 -0.000915096 0)
(-0.0325989 -0.00143128 0)
(-0.0324106 -0.00195686 0)
(-0.0321631 -0.00249001 0)
(-0.0318558 -0.00302868 0)
(-0.0314879 -0.00357064 0)
(-0.0310593 -0.00411344 0)
(-0.03057 -0.00465445 0)
(-0.0300202 -0.00519087 0)
(-0.0294107 -0.00571969 0)
(-0.0287424 -0.00623778 0)
(-0.0280167 -0.00674187 0)
(-0.0272354 -0.00722857 0)
(-0.0264006 -0.00769438 0)
(-0.0255149 -0.00813578 0)
(-0.0245812 -0.00854919 0)
(-0.0236031 -0.00893102 0)
(-0.0225843 -0.00927773 0)
(-0.0215289 -0.00958583 0)
(-0.0204417 -0.00985196 0)
(-0.0193274 -0.0100729 0)
(-0.0181915 -0.0102455 0)
(-0.0170395 -0.010367 0)
(-0.0158773 -0.0104347 0)
(-0.0147109 -0.0104464 0)
(-0.0135467 -0.0103999 0)
(-0.0123909 -0.0102937 0)
(-0.0112503 -0.0101264 0)
(-0.0101312 -0.00989726 0)
(-0.00904016 -0.00960574 0)
(-0.00798374 -0.00925199 0)
(-0.00696825 -0.00883665 0)
(-0.00599989 -0.00836097 0)
(-0.00508467 -0.00782689 0)
(-0.00422837 -0.00723709 0)
(-0.0034365 -0.0065951 0)
(-0.00271432 -0.00590543 0)
(-0.00206678 -0.00517362 0)
(-0.00149861 -0.00440645 0)
(-0.00101436 -0.00361203 0)
(-0.000618401 -0.00279991 0)
(-0.000313833 -0.00198125 0)
(-0.000103899 -0.00116882 0)
(-1.15763e-05 -0.000377067 0)
(-1.60176e-05 0.000533138 0)
(-0.000129015 0.00152106 0)
(-0.000373133 0.00242908 0)
(-0.000710876 0.00325827 0)
(-0.00113112 0.00401061 0)
(-0.00162443 0.00468867 0)
(-0.00218124 0.00529562 0)
(-0.00279313 0.00583508 0)
(-0.00345276 0.006311 0)
(-0.00415364 0.00672752 0)
(-0.00489001 0.00708891 0)
(-0.00565673 0.00739947 0)
(-0.0064492 0.00766341 0)
(-0.00726334 0.00788485 0)
(-0.00809546 0.0080677 0)
(-0.00894225 0.00821566 0)
(-0.00980076 0.00833218 0)
(-0.0106683 0.00842041 0)
(-0.0115424 0.00848321 0)
(-0.012421 0.00852313 0)
(-0.013302 0.00854241 0)
(-0.0141835 0.00854299 0)
(-0.015064 0.00852651 0)
(-0.0159418 0.00849431 0)
(-0.0168155 0.0084475 0)
(-0.0176836 0.0083869 0)
(-0.0185449 0.00831314 0)
(-0.019398 0.00822663 0)
(-0.0202417 0.00812758 0)
(-0.0210747 0.00801607 0)
(-0.0218956 0.007892 0)
(-0.0227033 0.00775518 0)
(-0.0234963 0.0076053 0)
(-0.0242734 0.00744198 0)
(-0.0250332 0.00726475 0)
(-0.0257741 0.00707312 0)
(-0.0264947 0.00686654 0)
(-0.0271935 0.00664443 0)
(-0.0278689 0.00640624 0)
(-0.0285191 0.00615137 0)
(-0.0291425 0.00587929 0)
(-0.0297373 0.00558947 0)
(-0.0303016 0.00528141 0)
(-0.0308335 0.0049547 0)
(-0.0313312 0.00460895 0)
(-0.0317926 0.00424389 0)
(-0.0322158 0.00385931 0)
(-0.0325986 0.0034551 0)
(-0.0329391 0.00303129 0)
(-0.0332352 0.00258802 0)
(-0.0334848 0.00212556 0)
(-0.0336859 0.00164434 0)
(-0.0338366 0.00114496 0)
(-0.0339348 0.000628186 0)
(-0.0339788 9.49614e-05 0)
(-0.0339668 -0.000453565 0)
(-0.0338972 -0.00101604 0)
(-0.0337686 -0.00159087 0)
(-0.0335795 -0.00217624 0)
(-0.0333289 -0.00277012 0)
(-0.033016 -0.00337023 0)
(-0.03264 -0.00397408 0)
(-0.0322006 -0.00457894 0)
(-0.0316978 -0.00518188 0)
(-0.0311318 -0.00577975 0)
(-0.0305032 -0.00636921 0)
(-0.0298131 -0.00694674 0)
(-0.0290628 -0.00750868 0)
(-0.0282541 -0.00805124 0)
(-0.0273892 -0.0085705 0)
(-0.0264709 -0.00906251 0)
(-0.0255023 -0.00952326 0)
(-0.0244868 -0.00994875 0)
(-0.0234286 -0.010335 0)
(-0.022332 -0.0106782 0)
(-0.0212019 -0.0109744 0)
(-0.0200434 -0.0112202 0)
(-0.0188623 -0.0114122 0)
(-0.0176642 -0.0115471 0)
(-0.0164556 -0.0116222 0)
(-0.0152427 -0.0116348 0)
(-0.0140322 -0.0115828 0)
(-0.0128308 -0.0114644 0)
(-0.0116454 -0.0112784 0)
(-0.0104828 -0.0110237 0)
(-0.00934979 -0.0107 0)
(-0.00825322 -0.0103076 0)
(-0.00719965 -0.00984717 0)
(-0.00619554 -0.00932019 0)
(-0.00524711 -0.00872882 0)
(-0.00436034 -0.00807599 0)
(-0.00354091 -0.0073655 0)
(-0.00279424 -0.00660212 0)
(-0.00212541 -0.00579171 0)
(-0.00153924 -0.00494128 0)
(-0.00104035 -0.00405915 0)
(-0.000633132 -0.00315507 0)
(-0.000320586 -0.00224029 0)
(-0.000105764 -0.00132762 0)
(-1.1658e-05 -0.000431493 0)
(-1.65006e-05 0.000601953 0)
(-0.000133107 0.00170998 0)
(-0.000385139 0.00272282 0)
(-0.000733882 0.0036434 0)
(-0.0011678 0.00447532 0)
(-0.00167705 0.00522261 0)
(-0.00225169 0.0058897 0)
(-0.00288292 0.00648128 0)
(-0.00356312 0.00700225 0)
(-0.00428552 0.00745757 0)
(-0.00504414 0.00785221 0)
(-0.00583367 0.00819106 0)
(-0.0066494 0.0084789 0)
(-0.0074871 0.00872029 0)
(-0.00834302 0.00891957 0)
(-0.00921379 0.0090808 0)
(-0.0100964 0.00920774 0)
(-0.0109881 0.00930382 0)
(-0.0118866 0.00937216 0)
(-0.0127895 0.00941552 0)
(-0.0136948 0.00943632 0)
(-0.0146008 0.00943666 0)
(-0.0155058 0.0094183 0)
(-0.0164081 0.00938271 0)
(-0.0173063 0.00933106 0)
(-0.018199 0.00926426 0)
(-0.0190849 0.00918297 0)
(-0.0199626 0.00908763 0)
(-0.0208309 0.00897847 0)
(-0.0216884 0.00885557 0)
(-0.022534 0.00871881 0)
(-0.0233662 0.00856799 0)
(-0.0241837 0.00840277 0)
(-0.0249852 0.00822271 0)
(-0.0257693 0.00802732 0)
(-0.0265344 0.00781604 0)
(-0.0272791 0.00758826 0)
(-0.0280018 0.00734337 0)
(-0.0287007 0.00708072 0)
(-0.0293743 0.00679969 0)
(-0.0300207 0.00649967 0)
(-0.0306381 0.00618006 0)
(-0.0312247 0.00584032 0)
(-0.0317783 0.00547998 0)
(-0.0322971 0.00509861 0)
(-0.032779 0.00469589 0)
(-0.0332219 0.00427158 0)
(-0.0336236 0.00382556 0)
(-0.0339819 0.00335783 0)
(-0.0342949 0.00286853 0)
(-0.0345601 0.00235794 0)
(-0.0347756 0.00182654 0)
(-0.0349392 0.00127496 0)
(-0.0350489 0.000704033 0)
(-0.0351025 0.000114795 0)
(-0.0350984 -0.000491494 0)
(-0.0350347 -0.00111334 0)
(-0.0349098 -0.001749 0)
(-0.0347222 -0.00239648 0)
(-0.0344707 -0.00305351 0)
(-0.0341544 -0.0037176 0)
(-0.0337723 -0.00438597 0)
(-0.0333242 -0.00505562 0)
(-0.0328098 -0.00572327 0)
(-0.0322292 -0.00638543 0)
(-0.0315832 -0.0070384 0)
(-0.0308726 -0.00767824 0)
(-0.0300989 -0.00830088 0)
(-0.0292639 -0.00890209 0)
(-0.0283698 -0.00947752 0)
(-0.0274195 -0.0100227 0)
(-0.0264162 -0.0105333 0)
(-0.0253636 -0.0110047 0)
(-0.0242659 -0.0114326 0)
(-0.0231278 -0.0118126 0)
(-0.0219544 -0.0121406 0)
(-0.0207512 -0.0124125 0)
(-0.0195241 -0.0126247 0)
(-0.0182794 -0.0127737 0)
(-0.0170235 -0.0128563 0)
(-0.0157633 -0.0128698 0)
(-0.0145058 -0.0128118 0)
(-0.013258 -0.0126805 0)
(-0.0120272 -0.0124745 0)
(-0.0108207 -0.0121929 0)
(-0.00964542 -0.0118353 0)
(-0.0085086 -0.0114021 0)
(-0.00741711 -0.0108943 0)
(-0.00637764 -0.0103135 0)
(-0.00539665 -0.00966209 0)
(-0.0044803 -0.00894327 0)
(-0.00363446 -0.00816118 0)
(-0.00286464 -0.0073209 0)
(-0.00217604 -0.00642857 0)
(-0.0015735 -0.00549151 0)
(-0.00106163 -0.00451834 0)
(-0.000644733 -0.00351903 0)
(-0.000325615 -0.00250505 0)
(-0.000107007 -0.00148939 0)
(-1.16576e-05 -0.000486648 0)
(-1.69263e-05 0.000672775 0)
(-0.000136741 0.00190455 0)
(-0.00039583 0.00302543 0)
(-0.000754422 0.00404019 0)
(-0.00120062 0.00495408 0)
(-0.00172426 0.0057726 0)
(-0.00231503 0.00650146 0)
(-0.00296384 0.00714649 0)
(-0.00366277 0.00771358 0)
(-0.00440483 0.00820853 0)
(-0.00518384 0.00863706 0)
(-0.00599432 0.00900472 0)
(-0.00683143 0.00931683 0)
(-0.00769084 0.00957846 0)
(-0.00856874 0.00979438 0)
(-0.00946168 0.00996904 0)
(-0.0103666 0.0101065 0)
(-0.0112808 0.0102106 0)
(-0.0122018 0.0102845 0)
(-0.0131274 0.0103314 0)
(-0.0140555 0.0103538 0)
(-0.0149844 0.0103539 0)
(-0.0159123 0.0103338 0)
(-0.0168376 0.0102948 0)
(-0.017759 0.0102384 0)
(-0.0186749 0.0101655 0)
(-0.0195841 0.0100767 0)
(-0.0204853 0.00997261 0)
(-0.0213771 0.00985339 0)
(-0.0222583 0.00971914 0)
(-0.0231276 0.00956973 0)
(-0.0239836 0.00940493 0)
(-0.024825 0.00922436 0)
(-0.0256505 0.00902755 0)
(-0.0264585 0.00881395 0)
(-0.0272477 0.00858295 0)
(-0.0280164 0.00833388 0)
(-0.028763 0.00806606 0)
(-0.0294859 0.0077788 0)
(-0.0301832 0.00747138 0)
(-0.0308532 0.00714314 0)
(-0.0314941 0.00679342 0)
(-0.0321037 0.00642161 0)
(-0.0326801 0.00602717 0)
(-0.0332213 0.00560964 0)
(-0.033725 0.00516864 0)
(-0.0341891 0.00470388 0)
(-0.0346113 0.00421521 0)
(-0.0349894 0.00370262 0)
(-0.0353212 0.00316623 0)
(-0.0356042 0.00260635 0)
(-0.0358362 0.00202345 0)
(-0.036015 0.00141821 0)
(-0.0361384 0.000791541 0)
(-0.0362041 0.00014455 0)
(-0.0362103 -0.000521391 0)
(-0.0361549 -0.00120466 0)
(-0.0360362 -0.00190334 0)
(-0.0358525 -0.00261525 0)
(-0.0356025 -0.00333792 0)
(-0.035285 -0.0040686 0)
(-0.0348991 -0.00480424 0)
(-0.0344443 -0.00554152 0)
(-0.0339201 -0.00627682 0)
(-0.0333268 -0.00700629 0)
(-0.0326648 -0.00772581 0)
(-0.0319351 -0.00843104 0)
(-0.0311391 -0.00911746 0)
(-0.0302785 -0.00978034 0)
(-0.0293558 -0.0104149 0)
(-0.0283738 -0.0110161 0)
(-0.0273358 -0.0115792 0)
(-0.0262459 -0.012099 0)
(-0.0251083 -0.0125708 0)
(-0.0239281 -0.0129897 0)
(-0.0227106 -0.0133511 0)
(-0.0214615 -0.0136506 0)
(-0.0201873 -0.0138841 0)
(-0.0188945 -0.0140478 0)
(-0.01759 -0.0141382 0)
(-0.0162811 -0.0141525 0)
(-0.0149752 -0.0140881 0)
(-0.0136797 -0.013943 0)
(-0.0124024 -0.0137157 0)
(-0.0111507 -0.0134055 0)
(-0.00993236 -0.0130121 0)
(-0.00875464 -0.0125359 0)
(-0.00762481 -0.0119781 0)
(-0.00654984 -0.0113407 0)
(-0.00553643 -0.0106262 0)
(-0.00459094 -0.00983816 0)
(-0.00371937 -0.00898114 0)
(-0.00292736 -0.00806051 0)
(-0.00222012 -0.0070828 0)
(-0.00160248 -0.00605569 0)
(-0.00107897 -0.00498813 0)
(-0.000653704 -0.00389043 0)
(-0.000329189 -0.0027744 0)
(-0.000107723 -0.00165335 0)
(-1.15872e-05 -0.000542229 0)
(-1.73015e-05 0.000745378 0)
(-0.000139965 0.00210415 0)
(-0.000405347 0.00333596 0)
(-0.000772749 0.00444744 0)
(-0.00122998 0.00544548 0)
(-0.00176659 0.00633707 0)
(-0.00237196 0.00712924 0)
(-0.00303671 0.007829 0)
(-0.0037527 0.00844322 0)
(-0.00451271 0.00897862 0)
(-0.00531038 0.00944168 0)
(-0.0061401 0.00983864 0)
(-0.0069969 0.0101754 0)
(-0.00787635 0.0104576 0)
(-0.00877456 0.0106904 0)
(-0.00968806 0.0108787 0)
(-0.0106137 0.0110269 0)
(-0.0115488 0.011139 0)
(-0.0124909 0.0112187 0)
(-0.0134377 0.0112692 0)
(-0.0143871 0.0112933 0)
(-0.0153375 0.0112934 0)
(-0.016287 0.0112716 0)
(-0.0172342 0.0112294 0)
(-0.0181775 0.0111684 0)
(-0.0191157 0.0110894 0)
(-0.0200472 0.0109933 0)
(-0.0209709 0.0108806 0)
(-0.0218855 0.0107515 0)
(-0.0227896 0.010606 0)
(-0.023682 0.0104441 0)
(-0.0245614 0.0102655 0)
(-0.0254264 0.0100697 0)
(-0.0262756 0.00985623 0)
(-0.0271076 0.00962452 0)
(-0.0279208 0.00937388 0)
(-0.0287137 0.00910357 0)
(-0.0294847 0.00881286 0)
(-0.030232 0.00850095 0)
(-0.0309538 0.00816709 0)
(-0.0316483 0.00781052 0)
(-0.0323136 0.00743052 0)
(-0.0329475 0.00702641 0)
(-0.033548 0.00659758 0)
(-0.034113 0.00614349 0)
(-0.0346403 0.00566372 0)
(-0.0351274 0.00515793 0)
(-0.0355721 0.00462594 0)
(-0.0359721 0.00406768 0)
(-0.0363248 0.00348327 0)
(-0.0366279 0.00287302 0)
(-0.0368789 0.0022374 0)
(-0.0370754 0.00157715 0)
(-0.0372151 0.0008932 0)
(-0.0372956 0.000186758 0)
(-0.0373147 -0.000540706 0)
(-0.0372703 -0.00128744 0)
(-0.0371604 -0.00205136 0)
(-0.0369833 -0.0028301 0)
(-0.0367373 -0.00362097 0)
(-0.0364211 -0.00442095 0)
(-0.0360336 -0.00522673 0)
(-0.0355741 -0.00603463 0)
(-0.0350422 -0.00684071 0)
(-0.0344379 -0.0076407 0)
(-0.0337615 -0.00843006 0)
(-0.0330139 -0.009204 0)
(-0.0321965 -0.00995751 0)
(-0.0313111 -0.0106854 0)
(-0.0303602 -0.0113823 0)
(-0.0293465 -0.0120427 0)
(-0.0282738 -0.0126612 0)
(-0.027146 -0.0132322 0)
(-0.0259678 -0.0137504 0)
(-0.0247443 -0.0142104 0)
(-0.0234813 -0.0146072 0)
(-0.0221849 -0.0149358 0)
(-0.0208619 -0.0151918 0)
(-0.0195191 -0.015371 0)
(-0.0181641 -0.0154697 0)
(-0.0168045 -0.0154847 0)
(-0.0154481 -0.0154133 0)
(-0.014103 -0.0152534 0)
(-0.0127772 -0.0150035 0)
(-0.0114789 -0.0146629 0)
(-0.0102158 -0.0142314 0)
(-0.00899599 -0.0137097 0)
(-0.00782685 -0.0130991 0)
(-0.00671571 -0.0124019 0)
(-0.00566952 -0.011621 0)
(-0.00469484 -0.0107603 0)
(-0.00379781 -0.00982475 0)
(-0.00298412 -0.00882012 0)
(-0.002259 -0.00775339 0)
(-0.0016272 -0.00663266 0)
(-0.00109308 -0.00546733 0)
(-0.000660492 -0.00426816 0)
(-0.000331544 -0.00304739 0)
(-0.000107993 -0.00181884 0)
(-1.14563e-05 -0.000597981 0)
(-1.76321e-05 0.000819559 0)
(-0.000142826 0.00230822 0)
(-0.000413814 0.00365357 0)
(-0.000789096 0.00486405 0)
(-0.00125623 0.00594824 0)
(-0.00180451 0.00691461 0)
(-0.00242308 0.00777154 0)
(-0.0031023 0.00852722 0)
(-0.00383381 0.00918956 0)
(-0.00461022 0.0097662 0)
(-0.005425 0.0102644 0)
(-0.0062724 0.0106912 0)
(-0.00714733 0.0110531 0)
(-0.00804531 0.0113561 0)
(-0.00896236 0.0116061 0)
(-0.00989494 0.0118082 0)
(-0.0108399 0.0119673 0)
(-0.0117946 0.0120877 0)
(-0.0127564 0.0121733 0)
(-0.0137231 0.0122276 0)
(-0.0146927 0.0122536 0)
(-0.0156634 0.0122538 0)
(-0.0166335 0.0122305 0)
(-0.0176014 0.0121854 0)
(-0.0185658 0.0121199 0)
(-0.0195252 0.0120352 0)
(-0.0204784 0.011932 0)
(-0.0214239 0.0118109 0)
(-0.0223607 0.0116721 0)
(-0.0232873 0.0115157 0)
(-0.0242025 0.0113415 0)
(-0.025105 0.0111493 0)
(-0.0259935 0.0109386 0)
(-0.0268664 0.0107087 0)
(-0.0277225 0.0104592 0)
(-0.0285601 0.0101891 0)
(-0.0293778 0.00989777 0)
(-0.0301737 0.00958432 0)
(-0.0309462 0.00924793 0)
(-0.0316934 0.00888772 0)
(-0.0324135 0.00850288 0)
(-0.0331044 0.00809259 0)
(-0.033764 0.00765611 0)
(-0.0343903 0.00719274 0)
(-0.0349809 0.00670187 0)
(-0.0355335 0.00618301 0)
(-0.0360458 0.00563577 0)
(-0.0365152 0.00505989 0)
(-0.0369393 0.0044553 0)
(-0.0373155 0.00382206 0)
(-0.0376412 0.00316046 0)
(-0.0379139 0.00247101 0)
(-0.0381309 0.00175444 0)
(-0.0382898 0.00101174 0)
(-0.0383878 0.000244185 0)
(-0.0384228 -0.000546662 0)
(-0.0383923 -0.00135891 0)
(-0.0382941 -0.00219033 0)
(-0.0381263 -0.00303836 0)
(-0.037887 -0.00390008 0)
(-0.0375747 -0.00477222 0)
(-0.0371882 -0.00565114 0)
(-0.0367264 -0.00653287 0)
(-0.0361888 -0.00741305 0)
(-0.0355752 -0.00828701 0)
(-0.034886 -0.00914976 0)
(-0.0341218 -0.00999601 0)
(-0.033284 -0.0108202 0)
(-0.0323745 -0.0116167 0)
(-0.0313955 -0.0123795 0)
(-0.0303503 -0.0131025 0)
(-0.0292423 -0.0137797 0)
(-0.0280759 -0.0144051 0)
(-0.0268559 -0.0149725 0)
(-0.0255877 -0.0154762 0)
(-0.0242776 -0.0159105 0)
(-0.0229319 -0.01627 0)
(-0.0215577 -0.0165499 0)
(-0.0201627 -0.0167455 0)
(-0.0187546 -0.0168529 0)
(-0.0173417 -0.0168686 0)
(-0.0159323 -0.0167896 0)
(-0.0145349 -0.0166139 0)
(-0.0131583 -0.0163399 0)
(-0.0118109 -0.0159669 0)
(-0.0105011 -0.015495 0)
(-0.00923729 -0.0149249 0)
(-0.00802729 -0.0142584 0)
(-0.00687877 -0.013498 0)
(-0.00579893 -0.012647 0)
(-0.00479452 -0.0117099 0)
(-0.00387182 -0.0106918 0)
(-0.00303657 -0.00959929 0)
(-0.00229395 -0.00843966 0)
(-0.00164859 -0.00722161 0)
(-0.00110461 -0.00595505 0)
(-0.000665494 -0.00465132 0)
(-0.00033288 -0.00332325 0)
(-0.000107884 -0.00198531 0)
(-1.12722e-05 -0.000653688 0)
(-1.79233e-05 0.000895139 0)
(-0.000145363 0.00251627 0)
(-0.000421344 0.00397749 0)
(-0.00080367 0.00528907 0)
(-0.00127969 0.00646122 0)
(-0.00183849 0.00750396 0)
(-0.00246898 0.00842699 0)
(-0.00316133 0.00923971 0)
(-0.00390698 0.00995112 0)
(-0.00469837 0.0105698 0)
(-0.00552883 0.0111038 0)
(-0.0063925 0.011561 0)
(-0.00728418 0.0119483 0)
(-0.0081993 0.0122726 0)
(-0.00913384 0.01254 0)
(-0.0100842 0.0127563 0)
(-0.0110473 0.0129265 0)
(-0.0120203 0.0130554 0)
(-0.0130006 0.0131472 0)
(-0.0139861 0.0132055 0)
(-0.0149748 0.0132336 0)
(-0.0159649 0.0132342 0)
(-0.0169546 0.0132096 0)
(-0.0179426 0.0131618 0)
(-0.0189272 0.0130922 0)
(-0.0199073 0.013002 0)
(-0.0208814 0.012892 0)
(-0.0218483 0.0127629 0)
(-0.0228069 0.0126148 0)
(-0.0237557 0.0124479 0)
(-0.0246936 0.0122618 0)
(-0.0256192 0.0120564 0)
(-0.0265311 0.0118311 0)
(-0.0274281 0.0115853 0)
(-0.0283087 0.0113182 0)
(-0.0291712 0.0110291 0)
(-0.0300142 0.0107171 0)
(-0.0308359 0.0103813 0)
(-0.0316346 0.0100207 0)
(-0.0324084 0.00963441 0)
(-0.0331554 0.00922151 0)
(-0.0338734 0.0087811 0)
(-0.0345605 0.00831234 0)
(-0.0352143 0.00781445 0)
(-0.0358324 0.00728674 0)
(-0.0364126 0.00672862 0)
(-0.0369523 0.00613964 0)
(-0.0374489 0.00551948 0)
(-0.0378997 0.004868 0)
(-0.0383021 0.00418524 0)
(-0.0386533 0.00347145 0)
(-0.0389506 0.00272713 0)
(-0.0391912 0.00195302 0)
(-0.0393722 0.00115014 0)
(-0.039491 0.00031984 0)
(-0.0395449 -0.000536241 0)
(-0.0395315 -0.00141608 0)
(-0.0394481 -0.00231731 0)
(-0.0392927 -0.00323716 0)
(-0.0390631 -0.00417249 0)
(-0.0387575 -0.00511977 0)
(-0.0383745 -0.00607505 0)
(-0.0379128 -0.00703398 0)
(-0.0373718 -0.00799183 0)
(-0.036751 -0.00894348 0)
(-0.0360506 -0.00988345 0)
(-0.0352712 -0.0108059 0)
(-0.034414 -0.0117049 0)
(-0.0334809 -0.0125739 0)
(-0.0324742 -0.0134065 0)
(-0.0313971 -0.0141959 0)
(-0.0302534 -0.0149356 0)
(-0.0290474 -0.0156186 0)
(-0.0277843 -0.0162385 0)
(-0.0264698 -0.0167887 0)
(-0.0251103 -0.0172631 0)
(-0.0237129 -0.0176556 0)
(-0.022285 -0.017961 0)
(-0.0208348 -0.0181742 0)
(-0.0193706 -0.0182908 0)
(-0.0179011 -0.0183071 0)
(-0.0164355 -0.01822 0)
(-0.0149828 -0.0180273 0)
(-0.0135522 -0.0177276 0)
(-0.0121528 -0.0173201 0)
(-0.0107935 -0.016805 0)
(-0.00948326 -0.0161835 0)
(-0.00823027 -0.0154576 0)
(-0.00704256 -0.0146302 0)
(-0.00592764 -0.0137052 0)
(-0.00489246 -0.0126874 0)
(-0.00394342 -0.0115827 0)
(-0.00308629 -0.010398 0)
(-0.00232618 -0.00914131 0)
(-0.00166752 -0.00782201 0)
(-0.00111413 -0.00645064 0)
(-0.000669062 -0.00503923 0)
(-0.000333377 -0.00360135 0)
(-0.000107451 -0.00215229 0)
(-1.10403e-05 -0.000709163 0)
(-1.81795e-05 0.000971959 0)
(-0.000147612 0.00272786 0)
(-0.000428039 0.00430705 0)
(-0.000816661 0.0057216 0)
(-0.00130065 0.0069834 0)
(-0.00186892 0.00810395 0)
(-0.0025102 0.00909435 0)
(-0.00321446 0.0099652 0)
(-0.00397299 0.0107266 0)
(-0.00477807 0.011388 0)
(-0.00562293 0.0119586 0)
(-0.00650158 0.0124465 0)
(-0.00740874 0.0128599 0)
(-0.00833979 0.0132058 0)
(-0.00929062 0.013491 0)
(-0.0102576 0.0137216 0)
(-0.0112377 0.0139033 0)
(-0.0122279 0.014041 0)
(-0.0132258 0.0141392 0)
(-0.0142292 0.0142019 0)
(-0.0152361 0.0142323 0)
(-0.0162447 0.0142336 0)
(-0.0172533 0.0142081 0)
(-0.0182605 0.0141579 0)
(-0.0192649 0.0140846 0)
(-0.020265 0.0139893 0)
(-0.0212597 0.0138731 0)
(-0.0222477 0.0137363 0)
(-0.0232278 0.0135794 0)
(-0.0241988 0.0134024 0)
(-0.0251593 0.013205 0)
(-0.0261081 0.0129869 0)
(-0.027044 0.0127476 0)
(-0.0279654 0.0124863 0)
(-0.0288709 0.0122023 0)
(-0.0297591 0.0118946 0)
(-0.0306283 0.0115625 0)
(-0.0314768 0.0112047 0)
(-0.0323029 0.0108204 0)
(-0.0331046 0.0104085 0)
(-0.0338799 0.00996792 0)
(-0.0346268 0.00949772 0)
(-0.0353431 0.00899695 0)
(-0.0360264 0.00846472 0)
(-0.0366744 0.00790026 0)
(-0.0372845 0.00730288 0)
(-0.0378541 0.00667204 0)
(-0.0383805 0.00600734 0)
(-0.0388609 0.00530857 0)
(-0.0392925 0.00457572 0)
(-0.0396723 0.00380899 0)
(-0.0399974 0.00300886 0)
(-0.0402647 0.00217606 0)
(-0.0404714 0.00131165 0)
(-0.0406143 0.000416997 0)
(-0.0406906 -0.000506166 0)
(-0.0406976 -0.0014557 0)
(-0.0406325 -0.00242908 0)
(-0.0404927 -0.00342338 0)
(-0.040276 -0.00443521 0)
(-0.0399803 -0.00546077 0)
(-0.0396037 -0.00649578 0)
(-0.0391449 -0.00753553 0)
(-0.0386028 -0.00857487 0)
(-0.0379769 -0.00960821 0)
(-0.0372672 -0.0106296 0)
(-0.036474 -0.0116326 0)
(-0.0355986 -0.0126105 0)
(-0.0346426 -0.0135565 0)
(-0.0336085 -0.0144632 0)
(-0.0324994 -0.0153233 0)
(-0.0313193 -0.0161295 0)
(-0.0300726 -0.0168742 0)
(-0.0287648 -0.0175501 0)
(-0.0274019 -0.0181501 0)
(-0.0259908 -0.0186674 0)
(-0.0245389 -0.0190953 0)
(-0.0230543 -0.019428 0)
(-0.0215454 -0.01966 0)
(-0.0200215 -0.0197866 0)
(-0.0184918 -0.0198037 0)
(-0.0169661 -0.019708 0)
(-0.0154541 -0.0194972 0)
(-0.0139657 -0.0191699 0)
(-0.0125107 -0.0187255 0)
(-0.0110987 -0.0181645 0)
(-0.0097388 -0.0174882 0)
(-0.00844003 -0.0166991 0)
(-0.00721072 -0.0158006 0)
(-0.00605871 -0.0147971 0)
(-0.00499119 -0.0136941 0)
(-0.00401465 -0.012498 0)
(-0.00313488 -0.0112165 0)
(-0.00235688 -0.00985838 0)
(-0.00168484 -0.00843366 0)
(-0.0011222 -0.00695372 0)
(-0.000671527 -0.00543141 0)
(-0.000333193 -0.00388122 0)
(-0.000106745 -0.00231942 0)
(-1.07643e-05 -0.000764245 0)
(-1.84046e-05 0.00104988 0)
(-0.000149604 0.00294261 0)
(-0.000433989 0.00464164 0)
(-0.000828235 0.00616087 0)
(-0.00131937 0.00751383 0)
(-0.00189618 0.00871355 0)
(-0.0025472 0.00977249 0)
(-0.00326228 0.0107025 0)
(-0.00403255 0.0115147 0)
(-0.00485018 0.0122197 0)
(-0.00570827 0.0128273 0)
(-0.00660074 0.0133468 0)
(-0.00752225 0.0137865 0)
(-0.00846809 0.0141545 0)
(-0.00943415 0.0144579 0)
(-0.0104168 0.0147033 0)
(-0.0114128 0.0148967 0)
(-0.0124193 0.0150436 0)
(-0.0134339 0.0151485 0)
(-0.0144544 0.0152158 0)
(-0.0154787 0.0152491 0)
(-0.0165051 0.0152514 0)
(-0.017532 0.0152254 0)
(-0.018558 0.0151733 0)
(-0.0195815 0.0150967 0)
(-0.0206014 0.0149969 0)
(-0.0216164 0.0148748 0)
(-0.0226253 0.014731 0)
(-0.0236269 0.0145659 0)
(-0.02462 0.0143793 0)
(-0.0256034 0.0141712 0)
(-0.0265757 0.0139411 0)
(-0.0275358 0.0136883 0)
(-0.0284822 0.0134123 0)
(-0.0294135 0.013112 0)
(-0.0303281 0.0127865 0)
(-0.0312245 0.0124348 0)
(-0.032101 0.0120559 0)
(-0.0329558 0.0116484 0)
(-0.0337869 0.0112115 0)
(-0.0345923 0.0107438 0)
(-0.0353699 0.0102443 0)
(-0.0361175 0.00971197 0)
(-0.0368326 0.00914577 0)
(-0.0375127 0.00854483 0)
(-0.0381553 0.00790835 0)
(-0.0387576 0.00723568 0)
(-0.0393167 0.00652634 0)
(-0.0398298 0.00578003 0)
(-0.0402938 0.00499664 0)
(-0.0407055 0.00417635 0)
(-0.0410618 0.00331957 0)
(-0.0413595 0.00242702 0)
(-0.0415953 0.00149977 0)
(-0.0417661 0.000539211 0)
(-0.0418686 -0.000452866 0)
(-0.0418998 -0.00147421 0)
(-0.0418566 -0.00252216 0)
(-0.0417361 -0.0035936 0)
(-0.0415358 -0.00468494 0)
(-0.0412532 -0.00579206 0)
(-0.0408863 -0.00691039 0)
(-0.0404334 -0.00803481 0)
(-0.0398931 -0.00915974 0)
(-0.0392645 -0.0102791 0)
(-0.0385475 -0.0113863 0)
(-0.0377424 -0.0124745 0)
(-0.03685 -0.0135363 0)
(-0.035872 -0.0145639 0)
(-0.0348108 -0.0155496 0)
(-0.0336696 -0.0164852 0)
(-0.0324524 -0.0173624 0)
(-0.0311639 -0.0181731 0)
(-0.0298098 -0.0189092 0)
(-0.0283964 -0.0195627 0)
(-0.026931 -0.0201261 0)
(-0.0254214 -0.0205922 0)
(-0.0238765 -0.0209545 0)
(-0.0223052 -0.021207 0)
(-0.0207174 -0.0213444 0)
(-0.0191231 -0.0213625 0)
(-0.0175328 -0.0212577 0)
(-0.0159571 -0.0210277 0)
(-0.0144065 -0.020671 0)
(-0.0128915 -0.0201872 0)
(-0.0114225 -0.019577 0)
(-0.0100092 -0.0188422 0)
(-0.00866113 -0.0179857 0)
(-0.00738715 -0.0170116 0)
(-0.00619541 -0.0159247 0)
(-0.00509336 -0.0147314 0)
(-0.00408762 -0.013439 0)
(-0.00318396 -0.0120557 0)
(-0.00238724 -0.0105913 0)
(-0.00170138 -0.00905668 0)
(-0.00112939 -0.00746415 0)
(-0.000673206 -0.00582758 0)
(-0.000332478 -0.00416251 0)
(-0.000105808 -0.00248639 0)
(-1.04471e-05 -0.000818799 0)
(-1.86019e-05 0.00112876 0)
(-0.000151365 0.00316015 0)
(-0.00043927 0.00498072 0)
(-0.00083854 0.00660617 0)
(-0.00133609 0.00805169 0)
(-0.00192058 0.00933183 0)
(-0.00258042 0.0104604 0)
(-0.00330533 0.0114505 0)
(-0.00408631 0.0123145 0)
(-0.00491543 0.0130637 0)
(-0.0057857 0.0137091 0)
(-0.00669095 0.0142605 0)
(-0.00762578 0.0147272 0)
(-0.00858543 0.0151177 0)
(-0.00956574 0.0154397 0)
(-0.010563 0.0157003 0)
(-0.0115741 0.0159058 0)
(-0.0125962 0.0160622 0)
(-0.0136267 0.0161743 0)
(-0.0146635 0.0162466 0)
(-0.0157046 0.0162831 0)
(-0.0167483 0.016287 0)
(-0.017793 0.016261 0)
(-0.0188372 0.0162074 0)
(-0.0198797 0.0161281 0)
(-0.0209191 0.0160243 0)
(-0.0219542 0.015897 0)
(-0.0229839 0.0157468 0)
(-0.0240071 0.0155741 0)
(-0.0250225 0.0153788 0)
(-0.0260289 0.0151607 0)
(-0.0270252 0.0149193 0)
(-0.0280101 0.014654 0)
(-0.0289821 0.0143639 0)
(-0.0299399 0.0140482 0)
(-0.0308821 0.0137057 0)
(-0.0318068 0.0133354 0)
(-0.0327126 0.012936 0)
(-0.0335975 0.0125063 0)
(-0.0344597 0.012045 0)
(-0.035297 0.011551 0)
(-0.0361074 0.0110229 0)
(-0.0368884 0.0104596 0)
(-0.0376377 0.00985999 0)
(-0.0383526 0.00922302 0)
(-0.0390304 0.00854778 0)
(-0.0396683 0.0078335 0)
(-0.0402633 0.00707958 0)
(-0.0408123 0.00628561 0)
(-0.0413121 0.00545141 0)
(-0.0417593 0.00457706 0)
(-0.0421506 0.00366291 0)
(-0.0424825 0.00270965 0)
(-0.0427515 0.00171832 0)
(-0.0429542 0.000690344 0)
(-0.0430868 -0.000372453 0)
(-0.0431463 -0.00146772 0)
(-0.043129 -0.00259269 0)
(-0.0430319 -0.00374407 0)
(-0.0428519 -0.00491803 0)
(-0.0425863 -0.00611018 0)
(-0.0422327 -0.00731559 0)
(-0.041789 -0.00852878 0)
(-0.0412535 -0.00974367 0)
(-0.0406251 -0.0109537 0)
(-0.0399033 -0.0121517 0)
(-0.0390882 -0.0133301 0)
(-0.0381804 -0.0144809 0)
(-0.0371815 -0.0155956 0)
(-0.0360939 -0.0166655 0)
(-0.0349206 -0.0176818 0)
(-0.0336658 -0.0186352 0)
(-0.0323343 -0.0195168 0)
(-0.0309321 -0.0203177 0)
(-0.0294659 -0.0210289 0)
(-0.0279433 -0.0216423 0)
(-0.0263728 -0.0221499 0)
(-0.0247635 -0.0225443 0)
(-0.0231255 -0.0228192 0)
(-0.0214691 -0.0229687 0)
(-0.0198053 -0.0229882 0)
(-0.0181453 -0.022874 0)
(-0.0165006 -0.0226236 0)
(-0.0148826 -0.0222355 0)
(-0.0133025 -0.0217096 0)
(-0.0117715 -0.0210468 0)
(-0.0103002 -0.0202495 0)
(-0.0088986 -0.0193211 0)
(-0.00757609 -0.0182663 0)
(-0.00634128 -0.0170909 0)
(-0.00520186 -0.0158018 0)
(-0.00416461 -0.0144074 0)
(-0.00323528 -0.0129168 0)
(-0.00241857 -0.0113409 0)
(-0.00171805 -0.00969151 0)
(-0.00113625 -0.0079821 0)
(-0.000674427 -0.00622766 0)
(-0.000331384 -0.00444502 0)
(-0.000104684 -0.002653 0)
(-1.0091e-05 -0.000872706 0)
(-1.87743e-05 0.00120851 0)
(-0.000152921 0.00338017 0)
(-0.00044395 0.0053238 0)
(-0.000847704 0.00705686 0)
(-0.001351 0.00859622 0)
(-0.00194241 0.00995793 0)
(-0.00261024 0.0111572 0)
(-0.00334408 0.0122084 0)
(-0.00413484 0.0131248 0)
(-0.0049745 0.0139191 0)
(-0.00585599 0.0146028 0)
(-0.00677309 0.0151868 0)
(-0.00772031 0.015681 0)
(-0.00869287 0.0160944 0)
(-0.00968657 0.0164355 0)
(-0.0106977 0.0167117 0)
(-0.0117231 0.0169299 0)
(-0.0127599 0.0170961 0)
(-0.0138057 0.0172158 0)
(-0.0148582 0.0172937 0)
(-0.0159156 0.0173339 0)
(-0.016976 0.0173398 0)
(-0.0180381 0.0173144 0)
(-0.0191003 0.01726 0)
(-0.0201614 0.0171785 0)
(-0.0212201 0.0170714 0)
(-0.0222753 0.0169397 0)
(-0.0233259 0.0167839 0)
(-0.0243708 0.0166044 0)
(-0.0254088 0.0164012 0)
(-0.0264387 0.0161739 0)
(-0.0274594 0.0159222 0)
(-0.0284697 0.0156452 0)
(-0.0294681 0.0153421 0)
(-0.0304535 0.0150119 0)
(-0.0314241 0.0146534 0)
(-0.0323785 0.0142654 0)
(-0.033315 0.0138466 0)
(-0.0342317 0.0133956 0)
(-0.0351267 0.012911 0)
(-0.0359979 0.0123915 0)
(-0.0368431 0.0118357 0)
(-0.03766 0.0112423 0)
(-0.0384459 0.01061 0)
(-0.0391983 0.00993759 0)
(-0.0399144 0.00922411 0)
(-0.040591 0.00846862 0)
(-0.0412252 0.00767037 0)
(-0.0418137 0.00682882 0)
(-0.0423529 0.00594368 0)
(-0.0428396 0.00501492 0)
(-0.0432698 0.00404281 0)
(-0.0436401 0.00302798 0)
(-0.0439466 0.00197144 0)
(-0.0441854 0.000874595 0)
(-0.0443526 -0.000260682 0)
(-0.0444448 -0.00143198 0)
(-0.044458 -0.00263646 0)
(-0.0443887 -0.00387064 0)
(-0.0442334 -0.00513044 0)
(-0.043989 -0.00641122 0)
(-0.0436527 -0.0077077 0)
(-0.043222 -0.00901397 0)
(-0.042695 -0.0103235 0)
(-0.04207 -0.0116292 0)
(-0.0413463 -0.0129232 0)
(-0.0405237 -0.0141974 0)
(-0.0396025 -0.0154429 0)
(-0.0385842 -0.0166504 0)
(-0.0374709 -0.0178105 0)
(-0.0362659 -0.0189133 0)
(-0.0349731 -0.0199487 0)
(-0.0335976 -0.0209068 0)
(-0.0321457 -0.0217776 0)
(-0.0306242 -0.0225515 0)
(-0.0290414 -0.0232192 0)
(-0.0274063 -0.023772 0)
(-0.0257286 -0.0242018 0)
(-0.0240191 -0.0245014 0)
(-0.0222889 -0.0246646 0)
(-0.02055 -0.0246863 0)
(-0.0188145 -0.0245625 0)
(-0.0170947 -0.0242905 0)
(-0.0154032 -0.0238691 0)
(-0.013752 -0.0232982 0)
(-0.0121533 -0.0225793 0)
(-0.0106184 -0.0217151 0)
(-0.0091581 -0.0207098 0)
(-0.00778239 -0.0195689 0)
(-0.00650033 -0.018299 0)
(-0.00531996 -0.0169081 0)
(-0.00424821 -0.0154055 0)
(-0.00329082 -0.0138017 0)
(-0.00245229 -0.0121085 0)
(-0.00173584 -0.010339 0)
(-0.00114342 -0.00850798 0)
(-0.000675549 -0.00663179 0)
(-0.000330077 -0.00472869 0)
(-0.000103419 -0.00281909 0)
(-9.69834e-06 -0.000925873 0)
(-1.89241e-05 0.00128901 0)
(-0.000154289 0.00360239 0)
(-0.000448088 0.00567043 0)
(-0.000855836 0.00751239 0)
(-0.00136428 0.00914676 0)
(-0.00196192 0.0105911 0)
(-0.00263697 0.011862 0)
(-0.00337893 0.0129751 0)
(-0.00417863 0.0139449 0)
(-0.00502798 0.0147849 0)
(-0.00591983 0.0155077 0)
(-0.0068479 0.0161248 0)
(-0.00780668 0.016647 0)
(-0.00879134 0.0170839 0)
(-0.00979764 0.0174445 0)
(-0.0108219 0.0177368 0)
(-0.0118609 0.0179681 0)
(-0.0129119 0.0181447 0)
(-0.0139723 0.0182725 0)
(-0.01504 0.0183565 0)
(-0.0161131 0.0184009 0)
(-0.01719 0.0184095 0)
(-0.018269 0.0183852 0)
(-0.019349 0.0183307 0)
(-0.0204285 0.0182479 0)
(-0.0215065 0.0181382 0)
(-0.0225818 0.0180028 0)
(-0.0236534 0.0178423 0)
(-0.0247201 0.0176569 0)
(-0.025781 0.0174467 0)
(-0.0268349 0.0172114 0)
(-0.0278806 0.0169503 0)
(-0.028917 0.0166627 0)
(-0.0299427 0.0163477 0)
(-0.0309565 0.0160042 0)
(-0.0319569 0.0156308 0)
(-0.0329422 0.0152263 0)
(-0.0339109 0.0147892 0)
(-0.0348611 0.014318 0)
(-0.0357908 0.0138113 0)
(-0.036698 0.0132674 0)
(-0.0375803 0.012685 0)
(-0.0384355 0.0120624 0)
(-0.0392609 0.0113984 0)
(-0.0400537 0.0106915 0)
(-0.040811 0.0099405 0)
(-0.0415298 0.00914439 0)
(-0.0422067 0.00830224 0)
(-0.0428383 0.00741338 0)
(-0.0434211 0.00647735 0)
(-0.0439512 0.005494 0)
(-0.0444248 0.00446351 0)
(-0.0448379 0.0033864 0)
(-0.0451864 0.0022636 0)
(-0.0454662 0.00109653 0)
(-0.0456729 -0.000112933 0)
(-0.0458027 -0.00136233 0)
(-0.0458513 -0.00264881 0)
(-0.0458146 -0.00396868 0)
(-0.0456888 -0.00531764 0)
(-0.0454704 -0.00669078 0)
(-0.045156 -0.00808249 0)
(-0.0447429 -0.00948643 0)
(-0.0442284 -0.0108956 0)
(-0.0436107 -0.0123023 0)
(-0.0428886 -0.013698 0)
(-0.0420614 -0.0150739 0)
(-0.0411293 -0.0164203 0)
(-0.0400935 -0.0177271 0)
(-0.038956 -0.0189838 0)
(-0.0377198 -0.0201796 0)
(-0.036389 -0.0213034 0)
(-0.0349688 -0.0223442 0)
(-0.0334655 -0.0232911 0)
(-0.0318866 -0.0241332 0)
(-0.0302405 -0.0248603 0)
(-0.0285369 -0.0254627 0)
(-0.0267862 -0.0259316 0)
(-0.025 -0.0262589 0)
(-0.0231904 -0.0264378 0)
(-0.0213701 -0.0264627 0)
(-0.0195524 -0.0263294 0)
(-0.0177508 -0.0260349 0)
(-0.0159788 -0.0255782 0)
(-0.0142497 -0.0249594 0)
(-0.0125764 -0.0241805 0)
(-0.0109713 -0.0232448 0)
(-0.00944619 -0.0221572 0)
(-0.00801161 -0.0209241 0)
(-0.00667722 -0.0195533 0)
(-0.00545145 -0.0180539 0)
(-0.00434141 -0.0164365 0)
(-0.00335286 -0.0147127 0)
(-0.00249009 -0.0128958 0)
(-0.00175591 -0.0110004 0)
(-0.00115164 -0.00904258 0)
(-0.000676991 -0.00704036 0)
(-0.000328751 -0.00501362 0)
(-0.000102069 -0.00298462 0)
(-9.27226e-06 -0.000978228 0)
(-1.90532e-05 0.00137017 0)
(-0.000155487 0.00382655 0)
(-0.000451731 0.00602023 0)
(-0.000863027 0.00797222 0)
(-0.00137608 0.00970267 0)
(-0.00197932 0.0112307 0)
(-0.00266089 0.0125742 0)
(-0.00341023 0.01375 0)
(-0.00421811 0.0147739 0)
(-0.00507636 0.0156603 0)
(-0.00597778 0.0164228 0)
(-0.00691605 0.0170737 0)
(-0.00788562 0.0176244 0)
(-0.00888163 0.0180854 0)
(-0.00989984 0.018466 0)
(-0.0109366 0.0187749 0)
(-0.0119886 0.0190198 0)
(-0.013053 0.0192074 0)
(-0.0141276 0.0193439 0)
(-0.01521 0.0194345 0)
(-0.0162985 0.0194838 0)
(-0.0173914 0.0194957 0)
(-0.0184872 0.0194734 0)
(-0.0195847 0.0194195 0)
(-0.0206825 0.019336 0)
(-0.0217797 0.0192247 0)
(-0.0228752 0.0190865 0)
(-0.0239679 0.0189222 0)
(-0.0250568 0.018732 0)
(-0.026141 0.0185159 0)
(-0.0272193 0.0182735 0)
(-0.0282906 0.0180043 0)
(-0.0293539 0.0177074 0)
(-0.0304079 0.0173817 0)
(-0.0314512 0.0170261 0)
(-0.0324825 0.0166391 0)
(-0.0335002 0.0162194 0)
(-0.0345027 0.0157654 0)
(-0.0354881 0.0152754 0)
(-0.0364545 0.0147479 0)
(-0.0373997 0.014181 0)
(-0.0383217 0.0135732 0)
(-0.0392177 0.0129228 0)
(-0.0400853 0.0122281 0)
(-0.0409216 0.0114878 0)
(-0.0417235 0.0107002 0)
(-0.0424879 0.00986434 0)
(-0.0432113 0.00897896 0)
(-0.0438901 0.00804325 0)
(-0.0445205 0.0070566 0)
(-0.0450986 0.0060187 0)
(-0.0456202 0.00492957 0)
(-0.046081 0.00378963 0)
(-0.0464765 0.00259973 0)
(-0.0468024 0.0013612 0)
(-0.047054 7.59483e-05 0)
(-0.0472266 -0.00125366 0)
(-0.047316 -0.00262459 0)
(-0.0473174 -0.00403305 0)
(-0.0472266 -0.00547454 0)
(-0.0470395 -0.0069439 0)
(-0.0467524 -0.00843515 0)
(-0.0463617 -0.00994156 0)
(-0.0458647 -0.0114556 0)
(-0.0452588 -0.0129689 0)
(-0.0445423 -0.0144725 0)
(-0.0437143 -0.0159566 0)
(-0.0427746 -0.0174107 0)
(-0.0417239 -0.0188237 0)
(-0.040564 -0.0201842 0)
(-0.0392979 -0.0214802 0)
(-0.0379295 -0.0226996 0)
(-0.0364642 -0.0238302 0)
(-0.0349083 -0.0248598 0)
(-0.0332697 -0.0257765 0)
(-0.0315573 -0.026569 0)
(-0.0297813 -0.0272263 0)
(-0.0279529 -0.0277387 0)
(-0.0260844 -0.0280973 0)
(-0.024189 -0.0282946 0)
(-0.0222805 -0.0283242 0)
(-0.0203733 -0.0281818 0)
(-0.0184821 -0.0278642 0)
(-0.0166217 -0.0273703 0)
(-0.0148065 -0.0267007 0)
(-0.0130507 -0.0258576 0)
(-0.0113679 -0.0248453 0)
(-0.00977056 -0.0236696 0)
(-0.00827032 -0.0223378 0)
(-0.00687743 -0.0208591 0)
(-0.00560079 -0.0192439 0)
(-0.00444776 -0.0175041 0)
(-0.00342411 -0.015653 0)
(-0.00253395 -0.0137053 0)
(-0.00177963 -0.0116774 0)
(-0.00116181 -0.00958708 0)
(-0.000679262 -0.00745404 0)
(-0.000327644 -0.00530013 0)
(-0.000100701 -0.00314965 0)
(-8.81716e-06 -0.00102973 0)
(-1.91631e-05 0.00145191 0)
(-0.000156527 0.00405242 0)
(-0.000454918 0.00637282 0)
(-0.000869354 0.00843589 0)
(-0.0013865 0.0102634 0)
(-0.00199477 0.011876 0)
(-0.00268223 0.0132929 0)
(-0.00343828 0.0145323 0)
(-0.00425363 0.015611 0)
(-0.00512006 0.0165445 0)
(-0.00603033 0.0173473 0)
(-0.00697808 0.0180326 0)
(-0.00795774 0.0186125 0)
(-0.00896443 0.0190981 0)
(-0.00999389 0.0194994 0)
(-0.0110424 0.0198255 0)
(-0.0121069 0.0200845 0)
(-0.0131843 0.0202837 0)
(-0.0142725 0.0204295 0)
(-0.0153692 0.0205274 0)
(-0.0164727 0.0205823 0)
(-0.0175813 0.0205982 0)
(-0.0186937 0.0205785 0)
(-0.0198085 0.0205261 0)
(-0.0209247 0.020443 0)
(-0.0220411 0.0203309 0)
(-0.0231568 0.020191 0)
(-0.0242708 0.0200239 0)
(-0.0253823 0.01983 0)
(-0.0264901 0.0196092 0)
(-0.0275933 0.019361 0)
(-0.028691 0.019085 0)
(-0.029782 0.01878 0)
(-0.0308651 0.018445 0)
(-0.0319391 0.0180788 0)
(-0.0330025 0.0176798 0)
(-0.034054 0.0172464 0)
(-0.0350919 0.016777 0)
(-0.0361143 0.0162698 0)
(-0.0371194 0.015723 0)
(-0.0381051 0.0151346 0)
(-0.039069 0.014503 0)
(-0.0400087 0.0138261 0)
(-0.0409214 0.0131022 0)
(-0.0418043 0.0123297 0)
(-0.0426543 0.0115068 0)
(-0.043468 0.0106322 0)
(-0.0442418 0.0097045 0)
(-0.044972 0.00872267 0)
(-0.0456546 0.0076859 0)
(-0.0462854 0.00659369 0)
(-0.0468598 0.0054459 0)
(-0.0473735 0.00424279 0)
(-0.0478215 0.00298509 0)
(-0.0481991 0.00167406 0)
(-0.0485012 0.000311482 0)
(-0.0487226 -0.00110029 0)
(-0.0488588 -0.00255806 0)
(-0.0489045 -0.00405798 0)
(-0.0488548 -0.00559541 0)
(-0.0487052 -0.0071649 0)
(-0.0484512 -0.00876017 0)
(-0.048089 -0.010374 0)
(-0.047615 -0.0119985 0)
(-0.0470263 -0.0136245 0)
(-0.0463205 -0.0152424 0)
(-0.0454962 -0.0168416 0)
(-0.0445527 -0.0184107 0)
(-0.0434905 -0.0199376 0)
(-0.042311 -0.0214097 0)
(-0.0410168 -0.022814 0)
(-0.039612 -0.0241371 0)
(-0.0381016 -0.0253654 0)
(-0.0364923 -0.0264855 0)
(-0.0347922 -0.0274842 0)
(-0.0330105 -0.0283487 0)
(-0.0311582 -0.0290672 0)
(-0.0292471 -0.0296285 0)
(-0.0272905 -0.0300228 0)
(-0.0253025 -0.0302417 0)
(-0.0232983 -0.0302784 0)
(-0.0212934 -0.0301278 0)
(-0.0193039 -0.0297867 0)
(-0.0173459 -0.0292539 0)
(-0.0154355 -0.0285304 0)
(-0.013588 -0.0276191 0)
(-0.0118184 -0.0265249 0)
(-0.0101403 -0.0252547 0)
(-0.00856632 -0.0238172 0)
(-0.00710751 -0.0222228 0)
(-0.00577334 -0.0204836 0)
(-0.0045715 -0.0186131 0)
(-0.00350785 -0.0166265 0)
(-0.00258628 -0.0145402 0)
(-0.00180869 -0.0123725 0)
(-0.001175 -0.0101431 0)
(-0.000682988 -0.00787388 0)
(-0.000327052 -0.00558874 0)
(-9.94045e-05 -0.00331434 0)
(-8.33963e-06 -0.00108038 0)
(-1.92548e-05 0.00153414 0)
(-0.00015742 0.00427977 0)
(-0.000457681 0.00672786 0)
(-0.000874876 0.00890296 0)
(-0.00139566 0.0108285 0)
(-0.00200842 0.0125264 0)
(-0.00270118 0.0140176 0)
(-0.00346331 0.0153214 0)
(-0.00428547 0.0164556 0)
(-0.00515941 0.017437 0)
(-0.00607786 0.0182808 0)
(-0.00703444 0.0190011 0)
(-0.00802353 0.0196107 0)
(-0.00904027 0.0201215 0)
(-0.0100804 0.020544 0)
(-0.0111402 0.0208879 0)
(-0.0122165 0.0211617 0)
(-0.0133065 0.0213731 0)
(-0.0144079 0.0215288 0)
(-0.0155185 0.0216347 0)
(-0.0166367 0.0216959 0)
(-0.0177607 0.0217167 0)
(-0.0188894 0.0217005 0)
(-0.0200215 0.0216504 0)
(-0.0211558 0.0215686 0)
(-0.0222915 0.0214568 0)
(-0.0234276 0.0213163 0)
(-0.0245631 0.0211476 0)
(-0.0256973 0.0209512 0)
(-0.0268293 0.020727 0)
(-0.027958 0.0204745 0)
(-0.0290827 0.020193 0)
(-0.0302021 0.0198815 0)
(-0.0313153 0.0195388 0)
(-0.0324211 0.0191635 0)
(-0.033518 0.0187541 0)
(-0.0346048 0.0183088 0)
(-0.0356797 0.0178257 0)
(-0.0367411 0.017303 0)
(-0.0377869 0.0167387 0)
(-0.0388152 0.0161306 0)
(-0.0398237 0.0154768 0)
(-0.0408097 0.0147752 0)
(-0.0417707 0.0140238 0)
(-0.0427036 0.0132207 0)
(-0.0436051 0.0123639 0)
(-0.044472 0.0114519 0)
(-0.0453005 0.0104831 0)
(-0.0460865 0.00945609 0)
(-0.046826 0.00836996 0)
(-0.0475144 0.00722396 0)
(-0.0481471 0.00601773 0)
(-0.0487191 0.00475135 0)
(-0.0492255 0.00342539 0)
(-0.0496608 0.00204096 0)
(-0.0500198 0.00059976 0)
(-0.0502965 -0.000895924 0)
(-0.0504863 -0.0024428 0)
(-0.050583 -0.004037 0)
(-0.0505813 -0.00567375 0)
(-0.0504761 -0.00734734 0)
(-0.0502622 -0.00905118 0)
(-0.0499352 -0.0107777 0)
(-0.0494908 -0.0125183 0)
(-0.0489256 -0.0142634 0)
(-0.0482364 -0.0160025 0)
(-0.0474214 -0.0177243 0)
(-0.0464792 -0.0194162 0)
(-0.0454099 -0.0210653 0)
(-0.0442143 -0.0226578 0)
(-0.0428949 -0.0241792 0)
(-0.0414553 -0.0256149 0)
(-0.0399007 -0.0269499 0)
(-0.0382378 -0.0281692 0)
(-0.0364747 -0.0292583 0)
(-0.0346212 -0.0302029 0)
(-0.0326887 -0.0309898 0)
(-0.0306899 -0.0316064 0)
(-0.028639 -0.0320419 0)
(-0.0265513 -0.0322868 0)
(-0.024443 -0.0323334 0)
(-0.0223313 -0.0321762 0)
(-0.0202338 -0.0318117 0)
(-0.0181681 -0.0312388 0)
(-0.0161519 -0.0304586 0)
(-0.0142021 -0.0294747 0)
(-0.0123352 -0.0282931 0)
(-0.0105662 -0.0269216 0)
(-0.00890889 -0.0253706 0)
(-0.00737527 -0.0236521 0)
(-0.00597552 -0.0217799 0)
(-0.00471778 -0.0197695 0)
(-0.00360804 -0.0176381 0)
(-0.00265002 -0.0154044 0)
(-0.00184515 -0.0130887 0)
(-0.00119256 -0.010713 0)
(-0.000688952 -0.00830135 0)
(-0.000327351 -0.00588031 0)
(-9.82943e-05 -0.00347908 0)
(-7.84924e-06 -0.00113022 0)
(-1.93293e-05 0.0016168 0)
(-0.000158174 0.0045084 0)
(-0.000460041 0.00708505 0)
(-0.000879638 0.00937302 0)
(-0.00140362 0.0113973 0)
(-0.00202036 0.0131815 0)
(-0.00271788 0.0147478 0)
(-0.0034855 0.0161166 0)
(-0.00431386 0.0173071 0)
(-0.00519469 0.0183369 0)
(-0.00612069 0.0192224 0)
(-0.00708546 0.0199783 0)
(-0.00808339 0.0206184 0)
(-0.00910957 0.0211549 0)
(-0.0101598 0.0215993 0)
(-0.0112303 0.0219616 0)
(-0.012318 0.0222508 0)
(-0.0134201 0.0224751 0)
(-0.0145342 0.0226415 0)
(-0.0156584 0.0227562 0)
(-0.0167909 0.0228245 0)
(-0.0179302 0.0228509 0)
(-0.019075 0.0228392 0)
(-0.0202241 0.0227925 0)
(-0.0213767 0.022713 0)
(-0.0225316 0.0226026 0)
(-0.0236881 0.0224626 0)
(-0.0248454 0.0222937 0)
(-0.0260027 0.0220961 0)
(-0.0271592 0.0218699 0)
(-0.028314 0.0216144 0)
(-0.0294662 0.0213291 0)
(-0.030615 0.0210127 0)
(-0.0317593 0.020664 0)
(-0.0328979 0.0202815 0)
(-0.0340296 0.0198635 0)
(-0.035153 0.0194081 0)
(-0.0362667 0.0189133 0)
(-0.0373688 0.0183771 0)
(-0.0384576 0.0177972 0)
(-0.0395309 0.0171714 0)
(-0.0405864 0.0164975 0)
(-0.0416217 0.0157731 0)
(-0.042634 0.0149961 0)
(-0.0436203 0.0141642 0)
(-0.0445772 0.0132753 0)
(-0.0455013 0.0123275 0)
(-0.0463887 0.011319 0)
(-0.0472353 0.0102482 0)
(-0.0480366 0.00911382 0)
(-0.0487881 0.00791485 0)
(-0.0494846 0.0066507 0)
(-0.0501211 0.00532123 0)
(-0.0506921 0.00392681 0)
(-0.0511918 0.00246837 0)
(-0.0516145 0.000947491 0)
(-0.0519537 -0.000633622 0)
(-0.0522045 -0.00227167 0)
(-0.0523598 -0.00396286 0)
(-0.0524139 -0.00570224 0)
(-0.0523608 -0.00748389 0)
(-0.0521949 -0.00930091 0)
(-0.0519109 -0.0111453 0)
(-0.0515038 -0.013008 0)
(-0.0509695 -0.0148788 0)
(-0.0503041 -0.0167465 0)
(-0.0495051 -0.0185987 0)
(-0.0485704 -0.0204221 0)
(-0.0474994 -0.0222024 0)
(-0.0462926 -0.0239246 0)
(-0.0449518 -0.025573 0)
(-0.0434804 -0.0271312 0)
(-0.0418833 -0.0285829 0)
(-0.0401671 -0.0299115 0)
(-0.0383403 -0.0311007 0)
(-0.0364128 -0.0321347 0)
(-0.0343966 -0.0329984 0)
(-0.0323052 -0.0336782 0)
(-0.0301536 -0.0341615 0)
(-0.0279584 -0.0344378 0)
(-0.0257373 -0.0344984 0)
(-0.0235089 -0.034337 0)
(-0.0212924 -0.0339499 0)
(-0.0191075 -0.0333359 0)
(-0.0169734 -0.0324964 0)
(-0.0149092 -0.0314358 0)
(-0.0129328 -0.0301608 0)
(-0.0110611 -0.028681 0)
(-0.00930907 -0.0270081 0)
(-0.00769003 -0.0251561 0)
(-0.00621503 -0.023141 0)
(-0.00489278 -0.0209805 0)
(-0.00372948 -0.0186942 0)
(-0.00272875 -0.016303 0)
(-0.00189153 -0.0138299 0)
(-0.00121614 -0.0112995 0)
(-0.000698129 -0.00873845 0)
(-0.000329016 -0.00617603 0)
(-9.75175e-05 -0.00364441 0)
(-7.35944e-06 -0.00117936 0)
(-1.93869e-05 0.00169981 0)
(-0.000158793 0.00473813 0)
(-0.000462016 0.00744408 0)
(-0.000883673 0.00984569 0)
(-0.00141044 0.0119696 0)
(-0.00203069 0.0138408 0)
(-0.00273244 0.0154827 0)
(-0.00350499 0.0169173 0)
(-0.00433897 0.0181648 0)
(-0.00522609 0.0192438 0)
(-0.00615905 0.0201715 0)
(-0.00713142 0.0209637 0)
(-0.00813758 0.0216348 0)
(-0.00917266 0.0221979 0)
(-0.0102324 0.0226647 0)
(-0.0113131 0.0230461 0)
(-0.0124117 0.0233515 0)
(-0.0135254 0.0235893 0)
(-0.014652 0.0237671 0)
(-0.0157893 0.0238914 0)
(-0.0169358 0.0239677 0)
(-0.0180901 0.0240007 0)
(-0.0192508 0.0239945 0)
(-0.0204169 0.0239521 0)
(-0.0215875 0.0238761 0)
(-0.0227618 0.0237683 0)
(-0.0239388 0.0236301 0)
(-0.0251181 0.0234622 0)
(-0.0262987 0.023265 0)
(-0.0274801 0.0230382 0)
(-0.0286614 0.0227815 0)
(-0.0298419 0.022494 0)
(-0.0310208 0.0221745 0)
(-0.032197 0.0218217 0)
(-0.0333696 0.0214339 0)
(-0.0345373 0.0210093 0)
(-0.0356989 0.0205459 0)
(-0.0368529 0.0200415 0)
(-0.0379977 0.0194939 0)
(-0.0391314 0.0189007 0)
(-0.0402521 0.0182595 0)
(-0.0413574 0.0175677 0)
(-0.0424448 0.0168228 0)
(-0.0435117 0.0160224 0)
(-0.0445548 0.0151639 0)
(-0.0455709 0.014245 0)
(-0.0465564 0.0132634 0)
(-0.0475073 0.0122171 0)
(-0.0484193 0.0111041 0)
(-0.0492879 0.00992281 0)
(-0.050108 0.00867204 0)
(-0.0508745 0.00735085 0)
(-0.0515819 0.00595883 0)
(-0.0522242 0.00449609 0)
(-0.0527956 0.00296334 0)
(-0.0532896 0.00136202 0)
(-0.0536992 -0.000305757 0)
(-0.054019 -0.00203681 0)
(-0.0542415 -0.00382749 0)
(-0.0543599 -0.00567266 0)
(-0.0543679 -0.00756622 0)
(-0.0542588 -0.00950099 0)
(-0.0540267 -0.0114686 0)
(-0.0536659 -0.0134595 0)
(-0.0531712 -0.015463 0)
(-0.0525382 -0.0174668 0)
(-0.0517632 -0.0194579 0)
(-0.0508436 -0.0214218 0)
(-0.0497779 -0.023343 0)
(-0.0485659 -0.0252053 0)
(-0.0472088 -0.0269913 0)
(-0.0457097 -0.0286833 0)
(-0.0440729 -0.030263 0)
(-0.0423051 -0.0317122 0)
(-0.0404145 -0.0330126 0)
(-0.0384115 -0.0341466 0)
(-0.0363084 -0.0350974 0)
(-0.0341195 -0.0358494 0)
(-0.0318609 -0.0363887 0)
(-0.0295502 -0.0367031 0)
(-0.0272067 -0.036783 0)
(-0.0248507 -0.0366211 0)
(-0.0225034 -0.0362131 0)
(-0.0201863 -0.0355578 0)
(-0.0179208 -0.0346569 0)
(-0.0157282 -0.0335153 0)
(-0.0136283 -0.0321412 0)
(-0.0116399 -0.0305454 0)
(-0.00977988 -0.0287416 0)
(-0.00806287 -0.0267461 0)
(-0.00650105 -0.0245771 0)
(-0.00510388 -0.022255 0)
(-0.00387793 -0.0198021 0)
(-0.00282677 -0.0172423 0)
(-0.0019509 -0.0146013 0)
(-0.00124778 -0.0119065 0)
(-0.00071172 -0.00918785 0)
(-0.000332638 -0.00647757 0)
(-9.72613e-05 -0.00381118 0)
(-6.88844e-06 -0.00122801 0)
(-1.94278e-05 0.0017831 0)
(-0.00015928 0.00496875 0)
(-0.000463614 0.00780467 0)
(-0.000887001 0.0103206 0)
(-0.00141615 0.0125447 0)
(-0.00203945 0.0145036 0)
(-0.00274492 0.016222 0)
(-0.00352186 0.0177231 0)
(-0.0043609 0.0190282 0)
(-0.00525375 0.020157 0)
(-0.00619308 0.0211277 0)
(-0.00717247 0.0219568 0)
(-0.00818632 0.0226596 0)
(-0.00922973 0.0232498 0)
(-0.0102985 0.0237398 0)
(-0.0113889 0.0241409 0)
(-0.0124979 0.0244631 0)
(-0.0136228 0.0247153 0)
(-0.0147613 0.0249054 0)
(-0.0159115 0.0250401 0)
(-0.0170717 0.0251252 0)
(-0.0182406 0.0251659 0)
(-0.019417 0.0251661 0)
(-0.0206 0.0251292 0)
(-0.0217886 0.0250578 0)
(-0.0229821 0.024954 0)
(-0.0241798 0.0248189 0)
(-0.0253811 0.0246535 0)
(-0.0265854 0.0244581 0)
(-0.027792 0.0242326 0)
(-0.0290003 0.0239763 0)
(-0.0302097 0.0236884 0)
(-0.0314193 0.0233677 0)
(-0.0326284 0.0230128 0)
(-0.0338359 0.0226218 0)
(-0.0350409 0.0221928 0)
(-0.036242 0.0217237 0)
(-0.037438 0.0212121 0)
(-0.0386273 0.0206556 0)
(-0.0398081 0.0200516 0)
(-0.0409784 0.0193974 0)
(-0.0421361 0.0186902 0)
(-0.0432786 0.0179274 0)
(-0.0444032 0.0171061 0)
(-0.0455069 0.0162235 0)
(-0.0465861 0.015277 0)
(-0.0476374 0.0142639 0)
(-0.0486565 0.013182 0)
(-0.0496391 0.0120288 0)
(-0.0505803 0.0108026 0)
(-0.0514752 0.00950158 0)
(-0.0523181 0.00812465 0)
(-0.0531033 0.00667103 0)
(-0.0538244 0.00514054 0)
(-0.0544751 0.00353362 0)
(-0.0550487 0.0018515 0)
(-0.0555378 9.62019e-05 0)
(-0.0559352 -0.00172956 0)
(-0.0562341 -0.00362191 0)
(-0.0564266 -0.00557576 0)
(-0.0565055 -0.00758488 0)
(-0.0564635 -0.00964188 0)
(-0.0562936 -0.0117381 0)
(-0.0559893 -0.0138634 0)
(-0.0555444 -0.0160064 0)
(-0.0549537 -0.0181544 0)
(-0.0542123 -0.0202932 0)
(-0.0533169 -0.0224073 0)
(-0.052265 -0.02448 0)
(-0.0510555 -0.0264935 0)
(-0.0496889 -0.028429 0)
(-0.0481675 -0.030267 0)
(-0.0464953 -0.0319874 0)
(-0.0446784 -0.0335699 0)
(-0.0427252 -0.0349942 0)
(-0.0406459 -0.0362407 0)
(-0.0384534 -0.0372904 0)
(-0.0361626 -0.0381257 0)
(-0.0337905 -0.0387308 0)
(-0.0313561 -0.0390919 0)
(-0.0288801 -0.0391979 0)
(-0.0263849 -0.0390404 0)
(-0.0238935 -0.0386144 0)
(-0.0214298 -0.0379185 0)
(-0.0190177 -0.0369546 0)
(-0.0166807 -0.0357283 0)
(-0.0144412 -0.0342491 0)
(-0.0123202 -0.0325294 0)
(-0.0103366 -0.0305852 0)
(-0.00850678 -0.028435 0)
(-0.00684439 -0.0261 0)
(-0.00535985 -0.0236036 0)
(-0.00406027 -0.0209712 0)
(-0.00294926 -0.01823 0)
(-0.00202695 -0.0154089 0)
(-0.00128992 -0.0125388 0)
(-0.000731191 -0.00965297 0)
(-0.000338942 -0.00678714 0)
(-9.77591e-05 -0.00398054 0)
(-6.46012e-06 -0.00127646 0)
(-1.94519e-05 0.0018666 0)
(-0.000159636 0.00520008 0)
(-0.000464841 0.00816653 0)
(-0.000889631 0.0107974 0)
(-0.00142076 0.0131224 0)
(-0.00204666 0.0151696 0)
(-0.00275536 0.0169651 0)
(-0.00353617 0.0185333 0)
(-0.00437972 0.0198967 0)
(-0.00527773 0.021076 0)
(-0.00622287 0.0220902 0)
(-0.00720873 0.022957 0)
(-0.00822969 0.0236921 0)
(-0.0092809 0.02431 0)
(-0.0103581 0.0248239 0)
(-0.0114578 0.0252455 0)
(-0.0125767 0.0255853 0)
(-0.0137123 0.0258527 0)
(-0.0148623 0.0260558 0)
(-0.016025 0.0262018 0)
(-0.0171986 0.0262968 0)
(-0.0183819 0.0263461 0)
(-0.0195737 0.0263538 0)
(-0.0207733 0.0263236 0)
(-0.0219798 0.0262582 0)
(-0.0231925 0.0261595 0)
(-0.0244108 0.0260291 0)
(-0.0256343 0.0258678 0)
(-0.0268623 0.0256759 0)
(-0.0280945 0.0254532 0)
(-0.0293302 0.0251992 0)
(-0.0305689 0.024913 0)
(-0.03181 0.0245932 0)
(-0.0330527 0.0242383 0)
(-0.0342962 0.0238464 0)
(-0.0355395 0.0234154 0)
(-0.0367816 0.022943 0)
(-0.0380211 0.0224268 0)
(-0.0392567 0.021864 0)
(-0.0404866 0.0212519 0)
(-0.0417089 0.0205875 0)
(-0.0429216 0.0198679 0)
(-0.0441221 0.0190899 0)
(-0.0453078 0.0182506 0)
(-0.0464755 0.0173468 0)
(-0.047622 0.0163755 0)
(-0.0487434 0.0153338 0)
(-0.0498357 0.0142188 0)
(-0.0508942 0.013028 0)
(-0.051914 0.011759 0)
(-0.0528899 0.0104099 0)
(-0.0538161 0.00897897 0)
(-0.0546863 0.0074652 0)
(-0.0554942 0.00586801 0)
(-0.0562326 0.00418755 0)
(-0.0568946 0.00242473 0)
(-0.0574724 0.000581306 0)
(-0.0579574 -0.00134033 0)
(-0.0583433 -0.00333609 0)
(-0.0586207 -0.00540115 0)
(-0.0587817 -0.00752922 0)
(-0.0588181 -0.00971272 0)
(-0.0587221 -0.0119427 0)
(-0.0584861 -0.0142085 0)
(-0.0581029 -0.0164984 0)
(-0.057566 -0.0187987 0)
(-0.0568697 -0.0210944 0)
(-0.0560093 -0.023369 0)
(-0.0549814 -0.0256043 0)
(-0.0537839 -0.0277812 0)
(-0.0524161 -0.0298792 0)
(-0.0508796 -0.0318768 0)
(-0.0491777 -0.033752 0)
(-0.0473159 -0.0354822 0)
(-0.0453023 -0.037045 0)
(-0.0431471 -0.0384183 0)
(-0.0408634 -0.0395807 0)
(-0.0384667 -0.0405124 0)
(-0.035975 -0.0411952 0)
(-0.0334085 -0.0416135 0)
(-0.0307896 -0.0417542 0)
(-0.0281426 -0.0416078 0)
(-0.0254929 -0.0411682 0)
(-0.0228668 -0.0404336 0)
(-0.020291 -0.039406 0)
(-0.0177917 -0.0380919 0)
(-0.0153942 -0.0365017 0)
(-0.0131221 -0.03465 0)
(-0.0109968 -0.032555 0)
(-0.00903688 -0.0302382 0)
(-0.00725771 -0.027724 0)
(-0.00567098 -0.0250391 0)
(-0.00428458 -0.0222127 0)
(-0.00310234 -0.0192756 0)
(-0.00212406 -0.0162606 0)
(-0.0013455 -0.0132025 0)
(-0.000758301 -0.0101382 0)
(-0.000348808 -0.00710764 0)
(-9.92966e-05 -0.00415406 0)
(-6.10481e-06 -0.00132516 0)
(-1.9459e-05 0.00195024 0)
(-0.000159861 0.00543194 0)
(-0.000465694 0.00852937 0)
(-0.000891563 0.0112757 0)
(-0.00142428 0.0137021 0)
(-0.00205233 0.0158382 0)
(-0.00276377 0.0177115 0)
(-0.00354793 0.0193474 0)
(-0.00439545 0.0207697 0)
(-0.00529806 0.0220001 0)
(-0.00624845 0.0230587 0)
(-0.00724021 0.0239636 0)
(-0.00826773 0.0247317 0)
(-0.00932618 0.0253782 0)
(-0.0104114 0.0259166 0)
(-0.0115197 0.0263594 0)
(-0.012648 0.0267176 0)
(-0.0137939 0.027001 0)
(-0.014955 0.027218 0)
(-0.0161297 0.0273763 0)
(-0.0173163 0.0274821 0)
(-0.0185136 0.027541 0)
(-0.0197207 0.0275575 0)
(-0.0209366 0.0275352 0)
(-0.0221608 0.027477 0)
(-0.0233925 0.027385 0)
(-0.0246315 0.0272607 0)
(-0.0258771 0.0271051 0)
(-0.0271291 0.0269184 0)
(-0.028387 0.0267004 0)
(-0.0296504 0.0264507 0)
(-0.0309189 0.0261682 0)
(-0.032192 0.0258515 0)
(-0.033469 0.025499 0)
(-0.0347494 0.0251086 0)
(-0.0360321 0.0246782 0)
(-0.0373163 0.0242053 0)
(-0.0386009 0.0236872 0)
(-0.0398844 0.023121 0)
(-0.0411654 0.0225038 0)
(-0.042442 0.0218324 0)
(-0.0437123 0.0211034 0)
(-0.0449737 0.0203136 0)
(-0.0462237 0.0194595 0)
(-0.0474593 0.0185377 0)
(-0.0486771 0.0175449 0)
(-0.0498732 0.0164776 0)
(-0.0510436 0.0153327 0)
(-0.0521836 0.0141072 0)
(-0.0532882 0.0127984 0)
(-0.0543517 0.0114037 0)
(-0.0553683 0.00992112 0)
(-0.0563315 0.00834918 0)
(-0.0572344 0.00668691 0)
(-0.0580696 0.00493404 0)
(-0.0588295 0.00309113 0)
(-0.0595061 0.0011596 0)
(-0.0600898 -0.000858385 0)
(-0.060574 -0.00295879 0)
(-0.0609484 -0.00513721 0)
(-0.0612039 -0.00738727 0)
(-0.0613317 -0.00970125 0)
(-0.0613227 -0.0120699 0)
(-0.0611683 -0.0144825 0)
(-0.0608602 -0.0169264 0)
(-0.0603906 -0.0193874 0)
(-0.0597525 -0.0218496 0)
(-0.05894 -0.0242953 0)
(-0.0579483 -0.0267053 0)
(-0.056774 -0.0290586 0)
(-0.0554155 -0.0313331 0)
(-0.0538729 -0.0335053 0)
(-0.0521487 -0.035551 0)
(-0.0502478 -0.0374452 0)
(-0.0481775 -0.0391629 0)
(-0.045948 -0.0406794 0)
(-0.0435724 -0.0419707 0)
(-0.0410667 -0.0430142 0)
(-0.0384495 -0.043789 0)
(-0.0357427 -0.0442773 0)
(-0.0329701 -0.0444637 0)
(-0.0301581 -0.0443371 0)
(-0.0273347 -0.0438902 0)
(-0.0245289 -0.0431204 0)
(-0.0217705 -0.0420297 0)
(-0.0190888 -0.0406252 0)
(-0.0165125 -0.0389187 0)
(-0.0140683 -0.0369268 0)
(-0.0117806 -0.0346703 0)
(-0.00967047 -0.032174 0)
(-0.00775553 -0.0294658 0)
(-0.00604914 -0.0265767 0)
(-0.00456024 -0.0235398 0)
(-0.00329312 -0.0203904 0)
(-0.00224737 -0.0171657 0)
(-0.00141795 -0.0139048 0)
(-0.000795131 -0.010649 0)
(-0.000363282 -0.00744273 0)
(-0.000102216 -0.00433377 0)
(-5.85992e-06 -0.0013747 0)
(-1.94486e-05 0.00203396 0)
(-0.000159952 0.00566414 0)
(-0.000466169 0.00889293 0)
(-0.000892788 0.0117551 0)
(-0.00142671 0.0142835 0)
(-0.00205645 0.0165091 0)
(-0.00277013 0.0184607 0)
(-0.00355712 0.020165 0)
(-0.00440807 0.0216468 0)
(-0.00531472 0.0229289 0)
(-0.00626979 0.0240324 0)
(-0.00726687 0.0249762 0)
(-0.0083004 0.025778 0)
(-0.00936553 0.0264536 0)
(-0.0104581 0.0270174 0)
(-0.0115745 0.0274822 0)
(-0.0127118 0.0278595 0)
(-0.0138675 0.0281597 0)
(-0.0150392 0.0283916 0)
(-0.0162254 0.028563 0)
(-0.0174246 0.0286808 0)
(-0.0186356 0.0287505 0)
(-0.0198575 0.0287768 0)
(-0.0210895 0.0287637 0)
(-0.0223311 0.0287141 0)
(-0.0235818 0.0286302 0)
(-0.0248411 0.0285137 0)
(-0.0261089 0.0283654 0)
(-0.0273848 0.0281857 0)
(-0.0286686 0.0279745 0)
(-0.0299599 0.0277311 0)
(-0.0312586 0.0274545 0)
(-0.0325641 0.0271433 0)
(-0.0338761 0.0267956 0)
(-0.035194 0.0264094 0)
(-0.0365171 0.0259824 0)
(-0.0378446 0.0255118 0)
(-0.0391755 0.0249949 0)
(-0.0405087 0.0244285 0)
(-0.0418426 0.0238095 0)
(-0.0431757 0.0231344 0)
(-0.044506 0.0223996 0)
(-0.0458313 0.0216014 0)
(-0.0471489 0.0207362 0)
(-0.048456 0.0198002 0)
(-0.0497492 0.0187894 0)
(-0.0510247 0.0177003 0)
(-0.0522784 0.0165292 0)
(-0.0535056 0.0152725 0)
(-0.0547011 0.0139271 0)
(-0.0558593 0.0124901 0)
(-0.0569739 0.0109588 0)
(-0.0580383 0.00933134 0)
(-0.0590452 0.00760623 0)
(-0.0599869 0.00578276 0)
(-0.0608552 0.00386102 0)
(-0.0616416 0.00184209 0)
(-0.062336 -0.000272044 0)
(-0.0629308 -0.00247779 0)
(-0.0634152 -0.00477115 0)
(-0.063779 -0.00714573 0)
(-0.0640123 -0.00959373 0)
(-0.0641051 -0.0121058 0)
(-0.0640474 -0.0146709 0)
(-0.0638296 -0.0172759 0)
(-0.0634425 -0.0199062 0)
(-0.0628778 -0.0225447 0)
(-0.062128 -0.0251729 0)
(-0.0611867 -0.0277701 0)
(-0.0600492 -0.0303138 0)
(-0.0587121 -0.0327801 0)
(-0.0571746 -0.0351433 0)
(-0.0554376 -0.0373769 0)
(-0.0535051 -0.0394533 0)
(-0.0513836 -0.0413446 0)
(-0.0490829 -0.0430232 0)
(-0.0466159 -0.044462 0)
(-0.0439988 -0.0456352 0)
(-0.0412513 -0.0465192 0)
(-0.038396 -0.0470929 0)
(-0.0354588 -0.0473387 0)
(-0.0324682 -0.0472432 0)
(-0.0294548 -0.0467974 0)
(-0.0264507 -0.0459978 0)
(-0.023489 -0.0448461 0)
(-0.0206029 -0.0433498 0)
(-0.0178245 -0.0415222 0)
(-0.0151844 -0.039382 0)
(-0.0127105 -0.0369529 0)
(-0.010427 -0.0342632 0)
(-0.00835432 -0.0313452 0)
(-0.00650786 -0.0282343 0)
(-0.00489801 -0.0249686 0)
(-0.0035298 -0.0215883 0)
(-0.0024028 -0.0181357 0)
(-0.00151128 -0.0146549 0)
(-0.000844099 -0.0111922 0)
(-0.000383584 -0.00779703 0)
(-0.000106921 -0.00452228 0)
(-5.77039e-06 -0.00142588 0)
(-1.94201e-05 0.00211768 0)
(-0.000159905 0.00589649 0)
(-0.000466255 0.00925691 0)
(-0.00089329 0.0122353 0)
(-0.001428 0.0148662 0)
(-0.00205899 0.0171817 0)
(-0.00277442 0.0192121 0)
(-0.00356369 0.0209854 0)
(-0.00441752 0.0225273 0)
(-0.00532765 0.0238618 0)
(-0.00628681 0.0250108 0)
(-0.00728864 0.0259942 0)
(-0.00832757 0.0268304 0)
(-0.0093988 0.0275359 0)
(-0.0104982 0.0281256 0)
(-0.0116222 0.0286132 0)
(-0.0127679 0.0290105 0)
(-0.0139327 0.0293283 0)
(-0.0151146 0.029576 0)
(-0.0163119 0.0297616 0)
(-0.0175232 0.0298923 0)
(-0.0187474 0.0299739 0)
(-0.0199837 0.0300114 0)
(-0.0212314 0.0300088 0)
(-0.0224901 0.0299692 0)
(-0.0237594 0.029895 0)
(-0.025039 0.0297879 0)
(-0.0263287 0.0296487 0)
(-0.0276285 0.029478 0)
(-0.0289381 0.0292756 0)
(-0.0302575 0.0290407 0)
(-0.0315865 0.0287723 0)
(-0.0329248 0.028469 0)
(-0.0342722 0.0281288 0)
(-0.0356283 0.0277496 0)
(-0.0369926 0.0273288 0)
(-0.0383644 0.0268637 0)
(-0.0397429 0.0263513 0)
(-0.0411271 0.0257881 0)
(-0.0425158 0.0251709 0)
(-0.0439074 0.0244958 0)
(-0.0453002 0.023759 0)
(-0.046692 0.0229565 0)
(-0.0480805 0.0220842 0)
(-0.0494627 0.021138 0)
(-0.0508355 0.0201136 0)
(-0.0521951 0.0190069 0)
(-0.0535374 0.0178136 0)
(-0.0548576 0.01653 0)
(-0.0561506 0.0151521 0)
(-0.0574105 0.0136765 0)
(-0.0586311 0.0121002 0)
(-0.0598054 0.0104205 0)
(-0.0609258 0.00863562 0)
(-0.0619843 0.00674413 0)
(-0.0629722 0.00474569 0)
(-0.0638804 0.00264094 0)
(-0.0646992 0.000431643 0)
(-0.0654169 -0.00187992 0)
(-0.0660257 -0.00428903 0)
(-0.0665128 -0.00678994 0)
(-0.0668674 -0.00937496 0)
(-0.0670781 -0.0120347 0)
(-0.0671337 -0.0147578 0)
(-0.0670232 -0.017531 0)
(-0.0667359 -0.0203389 0)
(-0.0662617 -0.0231638 0)
(-0.0655914 -0.0259861 0)
(-0.064717 -0.0287838 0)
(-0.0636317 -0.0315329 0)
(-0.0623307 -0.0342074 0)
(-0.0608113 -0.0367796 0)
(-0.059073 -0.0392202 0)
(-0.0571185 -0.041499 0)
(-0.0549531 -0.0435849 0)
(-0.052586 -0.045447 0)
(-0.0500296 -0.0470547 0)
(-0.0473002 -0.0483787 0)
(-0.0444181 -0.0493918 0)
(-0.041407 -0.0500696 0)
(-0.0382946 -0.0503915 0)
(-0.0351114 -0.0503412 0)
(-0.0318909 -0.0499078 0)
(-0.0286687 -0.0490862 0)
(-0.0254816 -0.0478775 0)
(-0.0223667 -0.0462897 0)
(-0.0193606 -0.0443371 0)
(-0.0164981 -0.0420408 0)
(-0.0138112 -0.0394277 0)
(-0.0113281 -0.0365301 0)
(-0.00907243 -0.0333849 0)
(-0.00706226 -0.0300329 0)
(-0.00530995 -0.0265178 0)
(-0.00382161 -0.0228856 0)
(-0.00259707 -0.0191842 0)
(-0.00163001 -0.0154637 0)
(-0.00090797 -0.011776 0)
(-0.000411115 -0.00817623 0)
(-0.000113875 -0.00472285 0)
(-5.8888e-06 -0.00147971 0)
(-1.93727e-05 0.00220133 0)
(-0.000159715 0.0061288 0)
(-0.000465942 0.00962102 0)
(-0.000893048 0.012716 0)
(-0.00142814 0.0154496 0)
(-0.0020599 0.0178556 0)
(-0.00277656 0.0199653 0)
(-0.00356759 0.021808 0)
(-0.00442371 0.0234107 0)
(-0.00533673 0.0247982 0)
(-0.00629939 0.0259933 0)
(-0.00730536 0.027017 0)
(-0.0083491 0.0278882 0)
(-0.00942583 0.0286242 0)
(-0.0105314 0.0292408 0)
(-0.0116624 0.0297519 0)
(-0.0128159 0.03017 0)
(-0.0139894 0.0305064 0)
(-0.0151808 0.0307707 0)
(-0.0163886 0.0309716 0)
(-0.0176115 0.0311163 0)
(-0.0188484 0.031211 0)
(-0.0200987 0.0312608 0)
(-0.0213617 0.0312701 0)
(-0.022637 0.031242 0)
(-0.0239245 0.0311791 0)
(-0.025224 0.031083 0)
(-0.0265355 0.0309549 0)
(-0.0278589 0.0307951 0)
(-0.0291943 0.0306035 0)
(-0.0305416 0.0303795 0)
(-0.031901 0.0301218 0)
(-0.0332723 0.029829 0)
(-0.0346554 0.0294991 0)
(-0.0360502 0.0291298 0)
(-0.0374563 0.0287184 0)
(-0.0388732 0.0282621 0)
(-0.0403004 0.0277576 0)
(-0.041737 0.0272014 0)
(-0.043182 0.0265898 0)
(-0.0446341 0.0259187 0)
(-0.0460916 0.0251842 0)
(-0.0475527 0.0243817 0)
(-0.049015 0.0235069 0)
(-0.050476 0.0225552 0)
(-0.0519324 0.0215218 0)
(-0.0533808 0.0204022 0)
(-0.0548169 0.0191917 0)
(-0.0562361 0.0178858 0)
(-0.0576332 0.0164801 0)
(-0.0590024 0.0149707 0)
(-0.0603372 0.0133537 0)
(-0.0616304 0.0116261 0)
(-0.0628743 0.00978521 0)
(-0.0640603 0.00782919 0)
(-0.0651795 0.00575701 0)
(-0.0662221 0.00356873 0)
(-0.0671779 0.00126551 0)
(-0.068034 -0.00115079 0)
(-0.0687827 -0.00367549 0)
(-0.0694095 -0.00630384 0)
(-0.0699024 -0.00902819 0)
(-0.0702489 -0.0118392 0)
(-0.0704362 -0.0147255 0)
(-0.0704518 -0.0176735 0)
(-0.0702832 -0.0206674 0)
(-0.0699186 -0.0236889 0)
(-0.0693467 -0.0267174 0)
(-0.0685574 -0.0297295 0)
(-0.0675422 -0.0326998 0)
(-0.0662939 -0.0356002 0)
(-0.064808 -0.0384007 0)
(-0.0630822 -0.0410694 0)
(-0.0611173 -0.0435729 0)
(-0.0589174 -0.0458769 0)
(-0.0564904 -0.0479466 0)
(-0.0538483 -0.0497475 0)
(-0.0510071 -0.0512465 0)
(-0.0479874 -0.0524122 0)
(-0.0448141 -0.0532163 0)
(-0.0415161 -0.0536343 0)
(-0.0381266 -0.0536468 0)
(-0.0346818 -0.0532401 0)
(-0.0312209 -0.0524071 0)
(-0.0277847 -0.0511481 0)
(-0.0244151 -0.0494707 0)
(-0.0211533 -0.0473908 0)
(-0.0180392 -0.0449314 0)
(-0.0151096 -0.0421228 0)
(-0.0123973 -0.039002 0)
(-0.00992988 -0.0356111 0)
(-0.00772899 -0.0319967 0)
(-0.00580941 -0.0282092 0)
(-0.00417882 -0.0243011 0)
(-0.00283766 -0.0203273 0)
(-0.00177924 -0.0163442 0)
(-0.000989843 -0.0124104 0)
(-0.000447451 -0.00858722 0)
(-0.000123604 -0.00493949 0)
(-6.27514e-06 -0.00153746 0)
(-1.93056e-05 0.00228483 0)
(-0.000159377 0.00636086 0)
(-0.000465213 0.00998495 0)
(-0.000892035 0.0131967 0)
(-0.00142708 0.0160334 0)
(-0.00205913 0.0185302 0)
(-0.00277649 0.0207198 0)
(-0.00356871 0.0226325 0)
(-0.00442654 0.0242964 0)
(-0.00534184 0.0257375 0)
(-0.00630739 0.0269794 0)
(-0.00731687 0.0280439 0)
(-0.00836477 0.0289508 0)
(-0.00944636 0.0297182 0)
(-0.0105576 0.0303622 0)
(-0.0116949 0.0308976 0)
(-0.0128555 0.0313374 0)
(-0.014037 0.0316932 0)
(-0.0152374 0.0319752 0)
(-0.0164551 0.0321923 0)
(-0.017689 0.0323521 0)
(-0.018938 0.0324611 0)
(-0.0202016 0.0325246 0)
(-0.0214794 0.0325471 0)
(-0.0227709 0.0325321 0)
(-0.0240762 0.032482 0)
(-0.0253951 0.0323988 0)
(-0.0267279 0.0322836 0)
(-0.0280746 0.0321368 0)
(-0.0294354 0.0319583 0)
(-0.0308106 0.0317474 0)
(-0.0322002 0.031503 0)
(-0.0336045 0.0312234 0)
(-0.0350235 0.0309067 0)
(-0.0364572 0.0305505 0)
(-0.0379056 0.0301519 0)
(-0.0393683 0.0297079 0)
(-0.0408451 0.0292151 0)
(-0.0423352 0.0286697 0)
(-0.0438379 0.0280679 0)
(-0.0453521 0.0274053 0)
(-0.0468765 0.0266776 0)
(-0.0484093 0.0258799 0)
(-0.0499485 0.0250076 0)
(-0.0514916 0.0240554 0)
(-0.0530357 0.0230184 0)
(-0.0545774 0.0218913 0)
(-0.0561126 0.020669 0)
(-0.0576367 0.0193464 0)
(-0.0591448 0.0179184 0)
(-0.0606307 0.0163805 0)
(-0.0620881 0.0147282 0)
(-0.0635096 0.0129577 0)
(-0.0648873 0.0110656 0)
(-0.0662123 0.00904946 0)
(-0.0674751 0.00690744 0)
(-0.0686654 0.0046389 0)
(-0.0697726 0.00224439 0)
(-0.0707833 -0.000274506 0)
(-0.0716876 -0.00291406 0)
(-0.0724717 -0.00567009 0)
(-0.0731212 -0.00853533 0)
(-0.0736226 -0.0115006 0)
(-0.0739614 -0.0145546 0)
(-0.0741234 -0.0176837 0)
(-0.0740943 -0.0208718 0)
(-0.07386 -0.0241001 0)
(-0.0734073 -0.0273469 0)
(-0.0727237 -0.030588 0)
(-0.0717982 -0.033796 0)
(-0.0706215 -0.0369412 0)
(-0.0691865 -0.039991 0)
(-0.0674889 -0.0429106 0)
(-0.0655274 -0.0456635 0)
(-0.0633044 -0.0482114 0)
(-0.0608263 -0.0505158 0)
(-0.058104 -0.0525377 0)
(-0.0551533 -0.0542393 0)
(-0.0519946 -0.0555846 0)
(-0.0486537 -0.0565408 0)
(-0.0451611 -0.0570789 0)
(-0.0415519 -0.0571754 0)
(-0.0378656 -0.0568134 0)
(-0.034145 -0.0559832 0)
(-0.0304353 -0.0546833 0)
(-0.0267834 -0.0529211 0)
(-0.023236 -0.050713 0)
(-0.0198385 -0.0480845 0)
(-0.0166335 -0.0450696 0)
(-0.0136592 -0.0417097 0)
(-0.0109481 -0.0380531 0)
(-0.00852598 -0.0341533 0)
(-0.00641085 -0.0300679 0)
(-0.00461261 -0.0258572 0)
(-0.00313276 -0.0215838 0)
(-0.00196454 -0.0173117 0)
(-0.00109314 -0.0131071 0)
(-0.000494333 -0.00903823 0)
(-0.000136688 -0.00517703 0)
(-6.99614e-06 -0.00160071 0)
(-1.92179e-05 0.0023681 0)
(-0.000158885 0.00659247 0)
(-0.000464052 0.0103484 0)
(-0.000890222 0.013677 0)
(-0.00142477 0.0166171 0)
(-0.00205661 0.019205 0)
(-0.00277414 0.0214749 0)
(-0.00356695 0.0234581 0)
(-0.00442589 0.0251838 0)
(-0.00534284 0.026679 0)
(-0.00631062 0.0279683 0)
(-0.00732295 0.0290743 0)
(-0.00837436 0.0300177 0)
(-0.00946013 0.030817 0)
(-0.0105762 0.0314893 0)
(-0.0117192 0.0320498 0)
(-0.0128863 0.0325121 0)
(-0.0140751 0.0328882 0)
(-0.0152838 0.0331888 0)
(-0.0165107 0.0334232 0)
(-0.0177549 0.0335992 0)
(-0.0190154 0.0337236 0)
(-0.0202918 0.0338022 0)
(-0.0215836 0.0338393 0)
(-0.0228907 0.0338388 0)
(-0.0242131 0.0338033 0)
(-0.0255509 0.0337348 0)
(-0.0269045 0.0336344 0)
(-0.028274 0.0335026 0)
(-0.0296599 0.0333395 0)
(-0.0310625 0.0331442 0)
(-0.0324821 0.0329157 0)
(-0.0339192 0.0326523 0)
(-0.035374 0.0323518 0)
(-0.0368468 0.0320119 0)
(-0.0383377 0.0316295 0)
(-0.0398466 0.0312016 0)
(-0.0413735 0.0307245 0)
(-0.0429181 0.0301942 0)
(-0.0444797 0.0296067 0)
(-0.0460575 0.0289573 0)
(-0.0476506 0.0282414 0)
(-0.0492574 0.0274538 0)
(-0.0508762 0.0265892 0)
(-0.0525047 0.0256424 0)
(-0.0541403 0.0246076 0)
(-0.0557797 0.023479 0)
(-0.0574191 0.0222511 0)
(-0.0590542 0.020918 0)
(-0.0606798 0.0194741 0)
(-0.0622902 0.0179141 0)
(-0.0638788 0.0162327 0)
(-0.0654382 0.0144253 0)
(-0.0669603 0.0124879 0)
(-0.0684359 0.0104171 0)
(-0.0698552 0.00821025 0)
(-0.0712074 0.00586594 0)
(-0.0724812 0.003384 0)
(-0.0736639 0.000765673 0)
(-0.0747396 -0.00198757 0)
(-0.0756993 -0.00487038 0)
(-0.0765249 -0.00787706 0)
(-0.0772013 -0.0109987 0)
(-0.0777127 -0.0142243 0)
(-0.0780429 -0.0175403 0)
(-0.0781753 -0.0209305 0)
(-0.0780938 -0.0243756 0)
(-0.0777826 -0.0278533 0)
(-0.0772268 -0.0313382 0)
(-0.0764127 -0.0348015 0)
(-0.0753282 -0.0382114 0)
(-0.0739636 -0.0415328 0)
(-0.072312 -0.0447281 0)
(-0.0703698 -0.047757 0)
(-0.0681371 -0.0505776 0)
(-0.0656186 -0.0531465 0)
(-0.0628239 -0.0554202 0)
(-0.0597678 -0.0573557 0)
(-0.0564706 -0.0589116 0)
(-0.0529586 -0.0600496 0)
(-0.0492634 -0.0607359 0)
(-0.0454225 -0.0609421 0)
(-0.0414781 -0.0606469 0)
(-0.037477 -0.0598373 0)
(-0.033469 -0.0585096 0)
(-0.0295065 -0.05667 0)
(-0.025642 -0.0543356 0)
(-0.0219274 -0.0515338 0)
(-0.0184118 -0.0483021 0)
(-0.0151397 -0.0446873 0)
(-0.0121495 -0.0407442 0)
(-0.0094721 -0.0365339 0)
(-0.00712964 -0.0321224 0)
(-0.00513495 -0.0275791 0)
(-0.00349118 -0.0229753 0)
(-0.00219194 -0.0183841 0)
(-0.00122155 -0.0138798 0)
(-0.000553649 -0.00953899 0)
(-0.000153757 -0.00544122 0)
(-8.12432e-06 -0.00167133 0)
(-1.91087e-05 0.00245106 0)
(-0.000158232 0.0068234 0)
(-0.000462442 0.010711 0)
(-0.000887575 0.0141565 0)
(-0.00142118 0.0172001 0)
(-0.00205228 0.0198796 0)
(-0.00276939 0.0222301 0)
(-0.0035622 0.0242842 0)
(-0.00442161 0.0260723 0)
(-0.00533955 0.0276222 0)
(-0.00630889 0.0289595 0)
(-0.00732338 0.0301076 0)
(-0.00837758 0.031088 0)
(-0.00946682 0.03192 0)
(-0.0105871 0.0326213 0)
(-0.011735 0.0332077 0)
(-0.0129079 0.0336933 0)
(-0.0141032 0.0340907 0)
(-0.0153194 0.0344108 0)
(-0.0165548 0.0346634 0)
(-0.0178086 0.0348568 0)
(-0.0190798 0.0349979 0)
(-0.0203681 0.0350927 0)
(-0.0216732 0.035146 0)
(-0.0229951 0.0351616 0)
(-0.024334 0.0351423 0)
(-0.02569 0.0350902 0)
(-0.0270637 0.0350067 0)
(-0.0284554 0.0348922 0)
(-0.0298657 0.0347467 0)
(-0.0312952 0.0345696 0)
(-0.0327444 0.0343597 0)
(-0.0342139 0.0341153 0)
(-0.0357043 0.0338343 0)
(-0.0372159 0.0335141 0)
(-0.0387493 0.0331517 0)
(-0.0403046 0.0327437 0)
(-0.0418821 0.0322865 0)
(-0.0434816 0.0317758 0)
(-0.045103 0.0312074 0)
(-0.0467458 0.0305763 0)
(-0.0484091 0.0298775 0)
(-0.0500919 0.0291055 0)
(-0.0517927 0.0282549 0)
(-0.0535096 0.0273195 0)
(-0.0552403 0.0262933 0)
(-0.0569817 0.0251701 0)
(-0.0587303 0.0239435 0)
(-0.060482 0.0226071 0)
(-0.0622319 0.0211544 0)
(-0.0639742 0.0195795 0)
(-0.0657025 0.0178763 0)
(-0.0674095 0.0160392 0)
(-0.0690867 0.0140634 0)
(-0.070725 0.0119445 0)
(-0.0723139 0.00967906 0)
(-0.0738423 0.0072646 0)
(-0.0752979 0.00469998 0)
(-0.0766678 0.00198546 0)
(-0.0779345 -0.000877983 0)
(-0.0790888 -0.00388538 0)
(-0.0801109 -0.00703304 0)
(-0.0809836 -0.0103124 0)
(-0.0816895 -0.0137127 0)
(-0.0822104 -0.0172208 0)
(-0.0825277 -0.0208205 0)
(-0.0826226 -0.0244923 0)
(-0.0824766 -0.0282135 0)
(-0.0820721 -0.0319575 0)
(-0.0813923 -0.0356942 0)
(-0.0804223 -0.0393898 0)
(-0.0791492 -0.0430066 0)
(-0.0775633 -0.046504 0)
(-0.0756581 -0.0498379 0)
(-0.0734312 -0.0529622 0)
(-0.0708853 -0.0558285 0)
(-0.0680279 -0.0583882 0)
(-0.0648729 -0.0605922 0)
(-0.0614398 -0.0623936 0)
(-0.0577551 -0.0637477 0)
(-0.0538516 -0.0646147 0)
(-0.0497685 -0.0649606 0)
(-0.0455509 -0.0647588 0)
(-0.0412494 -0.0639921 0)
(-0.0369188 -0.0626537 0)
(-0.032617 -0.060748 0)
(-0.0284033 -0.0582919 0)
(-0.0243365 -0.0553146 0)
(-0.020473 -0.0518572 0)
(-0.0168646 -0.0479719 0)
(-0.0135569 -0.0437206 0)
(-0.0105868 -0.0391731 0)
(-0.00798173 -0.0344049 0)
(-0.00575834 -0.0294955 0)
(-0.00392218 -0.0245268 0)
(-0.00246779 -0.0195817 0)
(-0.001379 -0.0147444 0)
(-0.000627404 -0.0101008 0)
(-0.000175484 -0.00573876 0)
(-9.73664e-06 -0.00175154 0)
(-1.8977e-05 0.00253361 0)
(-0.000157411 0.00705344 0)
(-0.000460365 0.0110725 0)
(-0.000884063 0.0146349 0)
(-0.00141624 0.0177821 0)
(-0.00204606 0.0205533 0)
(-0.00276217 0.0229847 0)
(-0.00355434 0.0251103 0)
(-0.00441356 0.0269612 0)
(-0.0053318 0.0285663 0)
(-0.00630198 0.0299521 0)
(-0.0073179 0.031143 0)
(-0.00837416 0.0321611 0)
(-0.00946611 0.0330265 0)
(-0.0105898 0.0337575 0)
(-0.0117419 0.0343706 0)
(-0.0129196 0.0348803 0)
(-0.0141208 0.0352997 0)
(-0.0153436 0.0356404 0)
(-0.0165867 0.0359123 0)
(-0.0178492 0.0361241 0)
(-0.0191303 0.0362832 0)
(-0.0204297 0.0363956 0)
(-0.0217473 0.0364664 0)
(-0.0230831 0.0364995 0)
(-0.0244376 0.0364982 0)
(-0.025811 0.0364644 0)
(-0.0272039 0.0363997 0)
(-0.0286169 0.0363047 0)
(-0.0300509 0.0361793 0)
(-0.0315065 0.0360229 0)
(-0.0329846 0.0358344 0)
(-0.0344859 0.0356121 0)
(-0.0360113 0.0353538 0)
(-0.0375614 0.0350569 0)
(-0.039137 0.0347182 0)
(-0.0407386 0.0343344 0)
(-0.0423667 0.0339014 0)
(-0.0440215 0.0334151 0)
(-0.0457033 0.0328708 0)
(-0.0474117 0.0322634 0)
(-0.0491466 0.0315875 0)
(-0.050907 0.0308374 0)
(-0.052692 0.030007 0)
(-0.0544999 0.0290899 0)
(-0.0563289 0.0280796 0)
(-0.0581762 0.0269691 0)
(-0.0600387 0.0257514 0)
(-0.0619125 0.0244196 0)
(-0.063793 0.0229664 0)
(-0.0656746 0.0213848 0)
(-0.0675511 0.019668 0)
(-0.0694151 0.0178096 0)
(-0.0712583 0.0158035 0)
(-0.073071 0.0136444 0)
(-0.0748429 0.0113277 0)
(-0.076562 0.00885001 0)
(-0.0782155 0.00620888 0)
(-0.0797898 0.00340365 0)
(-0.0812686 0.000435119 0)
(-0.0826337 -0.00269538 0)
(-0.0838727 -0.00598246 0)
(-0.0849631 -0.00941973 0)
(-0.085886 -0.0129971 0)
(-0.0866209 -0.0167017 0)
(-0.0871468 -0.0205179 0)
(-0.0874423 -0.0244262 0)
(-0.087486 -0.0284033 0)
(-0.0872571 -0.0324221 0)
(-0.0867357 -0.0364508 0)
(-0.0859034 -0.0404539 0)
(-0.0847444 -0.0443912 0)
(-0.0832452 -0.0482187 0)
(-0.0813964 -0.0518886 0)
(-0.0791928 -0.0553499 0)
(-0.0766343 -0.0585494 0)
(-0.0737264 -0.0614322 0)
(-0.0704812 -0.0639434 0)
(-0.0669175 -0.0660289 0)
(-0.0630613 -0.0676375 0)
(-0.058946 -0.0687223 0)
(-0.0546126 -0.0692426 0)
(-0.0501088 -0.0691658 0)
(-0.045489 -0.0684692 0)
(-0.0408128 -0.0671418 0)
(-0.036144 -0.0651854 0)
(-0.0315489 -0.0626161 0)
(-0.027094 -0.059464 0)
(-0.0228439 -0.0557738 0)
(-0.018859 -0.0516032 0)
(-0.0151927 -0.0470219 0)
(-0.0118895 -0.0421089 0)
(-0.00898326 -0.0369508 0)
(-0.00649557 -0.0316385 0)
(-0.00443532 -0.0262658 0)
(-0.00279872 -0.0209276 0)
(-0.00156957 -0.0157191 0)
(-0.000717694 -0.0107365 0)
(-0.000202566 -0.00607742 0)
(-1.1913e-05 -0.00184391 0)
(-1.88218e-05 0.00261568 0)
(-0.000156417 0.00728233 0)
(-0.000457802 0.0114325 0)
(-0.00087965 0.0151116 0)
(-0.0014099 0.0183625 0)
(-0.00203788 0.0212256 0)
(-0.00275237 0.0237383 0)
(-0.00354325 0.0259356 0)
(-0.00440158 0.0278497 0)
(-0.0053194 0.0295106 0)
(-0.00628969 0.0309456 0)
(-0.00730627 0.0321798 0)
(-0.0083638 0.0332362 0)
(-0.00945766 0.0341357 0)
(-0.0105839 0.0348971 0)
(-0.0117393 0.0355375 0)
(-0.0129212 0.0360722 0)
(-0.0141272 0.0365146 0)
(-0.0153558 0.0368767 0)
(-0.0166057 0.037169 0)
(-0.0178759 0.0374003 0)
(-0.0191659 0.0375784 0)
(-0.0204755 0.0377097 0)
(-0.0218045 0.0377995 0)
(-0.0231534 0.0378518 0)
(-0.0245223 0.0378701 0)
(-0.0259121 0.0378565 0)
(-0.0273232 0.0378126 0)
(-0.0287567 0.0377392 0)
(-0.0302133 0.0376363 0)
(-0.0316941 0.0375033 0)
(-0.0332002 0.0373391 0)
(-0.0347324 0.037142 0)
(-0.036292 0.0369098 0)
(-0.0378799 0.0366398 0)
(-0.0394971 0.0363288 0)
(-0.0411445 0.0359734 0)
(-0.0428229 0.0355694 0)
(-0.044533 0.0351124 0)
(-0.0462753 0.0345976 0)
(-0.04805 0.0340196 0)
(-0.0498571 0.0333727 0)
(-0.0516964 0.0326509 0)
(-0.0535672 0.0318478 0)
(-0.0554684 0.0309564 0)
(-0.0573985 0.0299696 0)
(-0.0593552 0.0288799 0)
(-0.0613358 0.0276798 0)
(-0.0633367 0.0263613 0)
(-0.0653538 0.0249166 0)
(-0.0673818 0.0233377 0)
(-0.0694145 0.0216168 0)
(-0.0714448 0.0197464 0)
(-0.0734642 0.0177194 0)
(-0.0754632 0.0155292 0)
(-0.0774309 0.0131701 0)
(-0.0793551 0.0106373 0)
(-0.0812221 0.00792722 0)
(-0.0830173 0.00503768 0)
(-0.0847246 0.00196836 0)
(-0.0863217 -0.00128086 0)
(-0.087798 -0.00470432 0)
(-0.0891281 -0.0082987 0)
(-0.0902902 -0.0120545 0)
(-0.0912623 -0.0159596 0)
(-0.0920206 -0.0199987 0)
(-0.0925409 -0.0241527 0)
(-0.0927988 -0.0283982 0)
(-0.0927701 -0.0327073 0)
(-0.0924315 -0.0370473 0)
(-0.0917611 -0.0413805 0)
(-0.0907391 -0.0456643 0)
(-0.0893489 -0.0498513 0)
(-0.0875773 -0.0538897 0)
(-0.085416 -0.0577237 0)
(-0.0828617 -0.0612944 0)
(-0.0799176 -0.0645407 0)
(-0.0765937 -0.0674007 0)
(-0.0729072 -0.0698131 0)
(-0.0688835 -0.0717188 0)
(-0.0645564 -0.073063 0)
(-0.0599678 -0.0737975 0)
(-0.0551679 -0.0738822 0)
(-0.0502144 -0.073288 0)
(-0.045172 -0.0719985 0)
(-0.0401103 -0.0700117 0)
(-0.035103 -0.0673418 0)
(-0.0302247 -0.0640194 0)
(-0.0255491 -0.060092 0)
(-0.021146 -0.055623 0)
(-0.0170782 -0.0506899 0)
(-0.013399 -0.0453823 0)
(-0.0101501 -0.0397987 0)
(-0.0073594 -0.0340433 0)
(-0.00504023 -0.0282235 0)
(-0.00319142 -0.0224478 0)
(-0.00179744 -0.0168243 0)
(-0.000826664 -0.0114609 0)
(-0.000235723 -0.00646598 0)
(-1.47347e-05 -0.00195139 0)
(-1.86425e-05 0.00269717 0)
(-0.000155242 0.00750984 0)
(-0.000454736 0.0117906 0)
(-0.000874305 0.0155861 0)
(-0.00140211 0.0189407 0)
(-0.00202768 0.0218958 0)
(-0.00273991 0.0244901 0)
(-0.0035288 0.0267595 0)
(-0.00438552 0.0287373 0)
(-0.00530217 0.0304544 0)
(-0.00627178 0.031939 0)
(-0.00728822 0.0332171 0)
(-0.00834619 0.0343125 0)
(-0.00944111 0.0352466 0)
(-0.0105691 0.0360392 0)
(-0.0117269 0.0367078 0)
(-0.0129119 0.0372682 0)
(-0.0141219 0.0377344 0)
(-0.0153553 0.0381189 0)
(-0.0166109 0.0384324 0)
(-0.0178879 0.0386844 0)
(-0.0191858 0.0388827 0)
(-0.0205044 0.0390342 0)
(-0.0218438 0.0391442 0)
(-0.0232045 0.0392173 0)
(-0.0245869 0.0392569 0)
(-0.0259917 0.0392653 0)
(-0.02742 0.0392443 0)
(-0.0288726 0.0391947 0)
(-0.0303507 0.0391167 0)
(-0.0318555 0.0390097 0)
(-0.0333883 0.0388727 0)
(-0.0349504 0.0387039 0)
(-0.0365431 0.0385012 0)
(-0.0381677 0.0382619 0)
(-0.0398256 0.0379828 0)
(-0.0415181 0.0376602 0)
(-0.0432462 0.0372899 0)
(-0.0450111 0.0368675 0)
(-0.0468136 0.0363877 0)
(-0.0486546 0.0358452 0)
(-0.0505344 0.0352339 0)
(-0.0524533 0.0345475 0)
(-0.0544111 0.0337789 0)
(-0.0564072 0.0329211 0)
(-0.0584405 0.0319663 0)
(-0.0605095 0.0309063 0)
(-0.0626119 0.029733 0)
(-0.0647445 0.0284376 0)
(-0.0669035 0.0270114 0)
(-0.0690842 0.0254455 0)
(-0.0712806 0.023731 0)
(-0.0734857 0.0218592 0)
(-0.0756912 0.0198219 0)
(-0.0778875 0.0176111 0)
(-0.0800635 0.0152197 0)
(-0.0822065 0.0126414 0)
(-0.0843023 0.00987107 0)
(-0.0863351 0.00690502 0)
(-0.0882878 0.00374147 0)
(-0.09014 0.000380165 0)
(-0.0918695 -0.00317799 0)
(-0.0934599 -0.00692767 0)
(-0.0948831 -0.0108624 0)
(-0.0961146 -0.014971 0)
(-0.0971283 -0.0192389 0)
(-0.097897 -0.0236476 0)
(-0.098393 -0.0281737 0)
(-0.0985886 -0.0327889 0)
(-0.0984569 -0.0374593 0)
(-0.0979721 -0.0421457 0)
(-0.0971107 -0.0468028 0)
(-0.095852 -0.0513799 0)
(-0.0941793 -0.0558209 0)
(-0.0920805 -0.0600649 0)
(-0.0895492 -0.0640471 0)
(-0.0865855 -0.0676997 0)
(-0.0831967 -0.0709533 0)
(-0.0793985 -0.0737386 0)
(-0.075215 -0.0759879 0)
(-0.0706795 -0.0776377 0)
(-0.0658347 -0.0786308 0)
(-0.0607327 -0.0789189 0)
(-0.0554343 -0.0784649 0)
(-0.0500086 -0.0772457 0)
(-0.0445313 -0.0752543 0)
(-0.0390833 -0.0725016 0)
(-0.0337479 -0.0690177 0)
(-0.0286087 -0.0648523 0)
(-0.0237458 -0.060074 0)
(-0.0192326 -0.0547686 0)
(-0.0151329 -0.0490367 0)
(-0.0114974 -0.0429902 0)
(-0.00836218 -0.0367482 0)
(-0.00574636 -0.0304337 0)
(-0.00365256 -0.0241709 0)
(-0.00206679 -0.0180825 0)
(-0.00095647 -0.0122902 0)
(-0.000275676 -0.00691435 0)
(-1.82829e-05 -0.00207731 0)
(-1.8438e-05 0.00277798 0)
(-0.000153882 0.00773571 0)
(-0.00045115 0.0121464 0)
(-0.000867997 0.0160581 0)
(-0.00139283 0.0195162 0)
(-0.00201537 0.0225634 0)
(-0.00272467 0.0252394 0)
(-0.00351088 0.0275812 0)
(-0.00436524 0.0296231 0)
(-0.00527993 0.0313968 0)
(-0.00624805 0.0329316 0)
(-0.00726351 0.0342542 0)
(-0.00832105 0.035389 0)
(-0.00941612 0.0363585 0)
(-0.0105449 0.0371829 0)
(-0.0117042 0.0378803 0)
(-0.0128913 0.0384672 0)
(-0.0141043 0.038958 0)
(-0.0153414 0.0393657 0)
(-0.0166017 0.0397015 0)
(-0.0178843 0.0399751 0)
(-0.0191889 0.0401949 0)
(-0.0205153 0.0403678 0)
(-0.0218639 0.0404995 0)
(-0.0232351 0.0405949 0)
(-0.0246296 0.0406573 0)
(-0.0260483 0.0406896 0)
(-0.0274922 0.0406935 0)
(-0.0289626 0.0406699 0)
(-0.0304608 0.0406192 0)
(-0.0319882 0.0405409 0)
(-0.0335463 0.0404339 0)
(-0.0351368 0.0402967 0)
(-0.0367612 0.0401271 0)
(-0.0384212 0.0399223 0)
(-0.0401186 0.0396791 0)
(-0.0418548 0.0393939 0)
(-0.0436315 0.0390624 0)
(-0.0454503 0.0386798 0)
(-0.0473124 0.038241 0)
(-0.0492191 0.0377403 0)
(-0.0511713 0.0371714 0)
(-0.0531699 0.0365276 0)
(-0.0552153 0.0358016 0)
(-0.0573073 0.0349858 0)
(-0.0594456 0.0340719 0)
(-0.0616291 0.0330512 0)
(-0.063856 0.0319147 0)
(-0.066124 0.030653 0)
(-0.0684296 0.0292563 0)
(-0.0707684 0.0277147 0)
(-0.073135 0.0260183 0)
(-0.0755227 0.024157 0)
(-0.0779233 0.0221212 0)
(-0.0803271 0.0199015 0)
(-0.0827228 0.0174892 0)
(-0.0850973 0.0148762 0)
(-0.0874358 0.0120558 0)
(-0.0897215 0.00902236 0)
(-0.0919359 0.00577225 0)
(-0.0940588 0.00230391 0)
(-0.0960619 -0.00138438 0)
(-0.097932 -0.00528618 0)
(-0.0996368 -0.00939948 0)
(-0.101149 -0.013714 0)
(-0.102439 -0.0182159 0)
(-0.103478 -0.0228876 0)
(-0.104235 -0.0277061 0)
(-0.104678 -0.0326429 0)
(-0.104776 -0.0376633 0)
(-0.1045 -0.0427261 0)
(-0.103822 -0.0477838 0)
(-0.102717 -0.0527821 0)
(-0.101166 -0.0576606 0)
(-0.0991506 -0.0623532 0)
(-0.0966623 -0.0667889 0)
(-0.0936974 -0.0708927 0)
(-0.0902606 -0.0745872 0)
(-0.086365 -0.0777943 0)
(-0.0820329 -0.0804373 0)
(-0.0772969 -0.0824429 0)
(-0.0721997 -0.0837439 0)
(-0.0667945 -0.0842823 0)
(-0.0611448 -0.0840119 0)
(-0.0553236 -0.0829013 0)
(-0.0494124 -0.0809369 0)
(-0.0434992 -0.078125 0)
(-0.0376764 -0.0744937 0)
(-0.0320376 -0.070094 0)
(-0.0266744 -0.0649989 0)
(-0.0216721 -0.0593026 0)
(-0.0171063 -0.0531172 0)
(-0.013039 -0.0465691 0)
(-0.00951548 -0.0397941 0)
(-0.00656276 -0.0329331 0)
(-0.0041886 -0.0261279 0)
(-0.0023817 -0.0195187 0)
(-0.00110925 -0.0132426 0)
(-0.000323142 -0.00743349 0)
(-2.26381e-05 -0.00222537 0)
(-1.82078e-05 0.002858 0)
(-0.000152329 0.00795969 0)
(-0.00044703 0.0124996 0)
(-0.000860698 0.016527 0)
(-0.00138201 0.0200885 0)
(-0.00200089 0.0232277 0)
(-0.00270659 0.0259855 0)
(-0.00348937 0.0284 0)
(-0.00434059 0.0305063 0)
(-0.00525251 0.0323372 0)
(-0.00621829 0.0339226 0)
(-0.00723189 0.0352901 0)
(-0.00828808 0.0364651 0)
(-0.00938237 0.0374705 0)
(-0.010511 0.0383272 0)
(-0.0116707 0.0390542 0)
(-0.0128589 0.0396682 0)
(-0.0140737 0.0401845 0)
(-0.0153135 0.0406163 0)
(-0.0165773 0.0409752 0)
(-0.0178643 0.0412715 0)
(-0.0191743 0.0415137 0)
(-0.0205073 0.0417092 0)
(-0.0218637 0.041864 0)
(-0.023244 0.041983 0)
(-0.0246491 0.04207 0)
(-0.0260801 0.0421279 0)
(-0.0275381 0.0421586 0)
(-0.0290247 0.0421633 0)
(-0.0305412 0.0421422 0)
(-0.0320895 0.0420952 0)
(-0.0336713 0.0420212 0)
(-0.0352884 0.0419188 0)
(-0.0369428 0.0417857 0)
(-0.0386365 0.0416193 0)
(-0.0403716 0.0414163 0)
(-0.04215 0.0411731 0)
(-0.0439738 0.0408854 0)
(-0.0458449 0.0405483 0)
(-0.0477653 0.0401565 0)
(-0.0497367 0.0397042 0)
(-0.0517606 0.0391848 0)
(-0.0538384 0.0385913 0)
(-0.055971 0.0379163 0)
(-0.0581593 0.0371514 0)
(-0.0604032 0.036288 0)
(-0.0627024 0.0353167 0)
(-0.065056 0.0342279 0)
(-0.0674619 0.0330111 0)
(-0.0699175 0.0316558 0)
(-0.072419 0.0301509 0)
(-0.0749613 0.0284852 0)
(-0.077538 0.0266474 0)
(-0.0801411 0.0246262 0)
(-0.0827611 0.0224106 0)
(-0.0853865 0.01999 0)
(-0.0880038 0.0173546 0)
(-0.0905974 0.0144954 0)
(-0.0931497 0.0114049 0)
(-0.0956408 0.00807721 0)
(-0.0980491 0.00450888 0)
(-0.100349 0.000698337 0)
(-0.10251 -0.00335557 0)
(-0.104515 -0.00764622 0)
(-0.106326 -0.0121682 0)
(-0.107912 -0.0169089 0)
(-0.109241 -0.0218516 0)
(-0.110279 -0.0269739 0)
(-0.110989 -0.0322475 0)
(-0.111338 -0.0376368 0)
(-0.111292 -0.0430992 0)
(-0.11082 -0.0485847 0)
(-0.109891 -0.0540356 0)
(-0.108482 -0.0593871 0)
(-0.106573 -0.0645676 0)
(-0.104149 -0.0694996 0)
(-0.101203 -0.0741008 0)
(-0.0977379 -0.0782853 0)
(-0.0937626 -0.0819658 0)
(-0.0892975 -0.0850555 0)
(-0.0843736 -0.0874705 0)
(-0.079033 -0.0891329 0)
(-0.0733294 -0.0899735 0)
(-0.0673279 -0.0899355 0)
(-0.0611052 -0.0889779 0)
(-0.0547475 -0.0870785 0)
(-0.0483501 -0.0842374 0)
(-0.042014 -0.0804791 0)
(-0.0358436 -0.0758541 0)
(-0.0299424 -0.0704392 0)
(-0.0244088 -0.0643364 0)
(-0.0193319 -0.0576696 0)
(-0.0147865 -0.0505807 0)
(-0.0108297 -0.043224 0)
(-0.00749778 -0.0357605 0)
(-0.00480566 -0.0283525 0)
(-0.00274612 -0.0211599 0)
(-0.00128707 -0.0143378 0)
(-0.000378824 -0.0080354 0)
(-2.78793e-05 -0.00239962 0)
(-1.79513e-05 0.00293715 0)
(-0.000150581 0.0081815 0)
(-0.000442363 0.0128497 0)
(-0.000852384 0.0169923 0)
(-0.00136962 0.0206568 0)
(-0.0019842 0.023888 0)
(-0.00268559 0.0267278 0)
(-0.00346419 0.0292152 0)
(-0.00431146 0.0313862 0)
(-0.00521977 0.0332745 0)
(-0.00618232 0.034911 0)
(-0.00719314 0.036324 0)
(-0.00824704 0.0375395 0)
(-0.00933956 0.0385814 0)
(-0.0104669 0.0394712 0)
(-0.011626 0.0402283 0)
(-0.0128143 0.0408702 0)
(-0.0140298 0.0414126 0)
(-0.015271 0.0418693 0)
(-0.016537 0.0422523 0)
(-0.0178271 0.0425721 0)
(-0.0191411 0.0428379 0)
(-0.0204792 0.0430571 0)
(-0.0218419 0.0432362 0)
(-0.0232298 0.0433803 0)
(-0.0246439 0.0434934 0)
(-0.0260854 0.0435786 0)
(-0.0275558 0.043638 0)
(-0.0290567 0.043673 0)
(-0.0305897 0.043684 0)
(-0.0321569 0.0436709 0)
(-0.0337603 0.0436328 0)
(-0.035402 0.0435682 0)
(-0.0370844 0.0434752 0)
(-0.0388096 0.043351 0)
(-0.0405803 0.0431926 0)
(-0.0423988 0.0429961 0)
(-0.0442676 0.0427573 0)
(-0.0461892 0.0424713 0)
(-0.048166 0.0421327 0)
(-0.0502003 0.0417355 0)
(-0.0522943 0.041273 0)
(-0.0544499 0.040738 0)
(-0.0566689 0.0401225 0)
(-0.0589526 0.0394179 0)
(-0.0613019 0.038615 0)
(-0.0637172 0.0377039 0)
(-0.0661981 0.0366742 0)
(-0.0687435 0.0355145 0)
(-0.0713514 0.0342133 0)
(-0.0740184 0.0327584 0)
(-0.0767402 0.0311372 0)
(-0.0795106 0.0293368 0)
(-0.0823222 0.0273443 0)
(-0.0851652 0.0251468 0)
(-0.0880281 0.0227318 0)
(-0.0908972 0.0200872 0)
(-0.0937561 0.0172018 0)
(-0.0965861 0.0140657 0)
(-0.099366 0.0106704 0)
(-0.102072 0.00701001 0)
(-0.104679 0.00308095 0)
(-0.107151 -0.00112022 0)
(-0.109469 -0.00558604 0)
(-0.111595 -0.0103163 0)
(-0.113494 -0.0152999 0)
(-0.115129 -0.0205209 0)
(-0.116464 -0.0259579 0)
(-0.117461 -0.0315828 0)
(-0.118079 -0.0373596 0)
(-0.118283 -0.0432443 0)
(-0.118035 -0.0491844 0)
(-0.117303 -0.055119 0)
(-0.116058 -0.0609786 0)
(-0.114276 -0.0666863 0)
(-0.111938 -0.0721577 0)
(-0.109035 -0.077303 0)
(-0.105563 -0.0820275 0)
(-0.101529 -0.0862343 0)
(-0.0969505 -0.0898259 0)
(-0.0918565 -0.092707 0)
(-0.0862875 -0.0947879 0)
(-0.0802967 -0.0959871 0)
(-0.0739502 -0.0962359 0)
(-0.0673269 -0.0954816 0)
(-0.0605176 -0.0936918 0)
(-0.0536238 -0.0908584 0)
(-0.046755 -0.0870001 0)
(-0.0400263 -0.0821654 0)
(-0.0335537 -0.0764334 0)
(-0.0274498 -0.0699127 0)
(-0.0218185 -0.0627392 0)
(-0.0167494 -0.055071 0)
(-0.0123135 -0.0470824 0)
(-0.00855882 -0.0389569 0)
(-0.00550934 -0.0308802 0)
(-0.00316375 -0.023035 0)
(-0.00149192 -0.015597 0)
(-0.000443402 -0.00873312 0)
(-3.40847e-05 -0.0026045 0)
(-1.7668e-05 0.0030153 0)
(-0.000148634 0.00840086 0)
(-0.000437138 0.0131964 0)
(-0.000843036 0.0174534 0)
(-0.00135561 0.0212206 0)
(-0.00196525 0.0245437 0)
(-0.0026616 0.0274655 0)
(-0.00343523 0.0300258 0)
(-0.00427774 0.0322619 0)
(-0.00518157 0.034208 0)
(-0.00613998 0.0358959 0)
(-0.00714708 0.0373548 0)
(-0.00819769 0.0386114 0)
(-0.00928739 0.0396903 0)
(-0.0104125 0.0406136 0)
(-0.0115698 0.0414015 0)
(-0.0127569 0.042072 0)
(-0.0139719 0.0426412 0)
(-0.0152132 0.0431235 0)
(-0.0164801 0.0435313 0)
(-0.0177718 0.0438756 0)
(-0.0190885 0.0441659 0)
(-0.0204301 0.04441 0)
(-0.0217974 0.0446145 0)
(-0.0231911 0.044785 0)
(-0.0246124 0.0449257 0)
(-0.0260627 0.0450399 0)
(-0.0275435 0.0451298 0)
(-0.0290566 0.0451972 0)
(-0.030604 0.0452425 0)
(-0.0321879 0.0452658 0)
(-0.0338106 0.0452663 0)
(-0.0354745 0.0452428 0)
(-0.0371823 0.0451933 0)
(-0.0389366 0.0451152 0)
(-0.0407403 0.0450055 0)
(-0.0425963 0.0448604 0)
(-0.0445076 0.0446758 0)
(-0.046477 0.0444466 0)
(-0.0485077 0.0441675 0)
(-0.0506024 0.0438324 0)
(-0.0527641 0.0434343 0)
(-0.0549954 0.0429659 0)
(-0.0572987 0.0424189 0)
(-0.0596762 0.0417843 0)
(-0.0621295 0.0410525 0)
(-0.0646598 0.0402128 0)
(-0.0672675 0.0392541 0)
(-0.0699524 0.0381643 0)
(-0.072713 0.0369306 0)
(-0.0755469 0.0355397 0)
(-0.07845 0.0339774 0)
(-0.081417 0.0322293 0)
(-0.0844405 0.0302807 0)
(-0.087511 0.0281165 0)
(-0.0906168 0.0257219 0)
(-0.0937438 0.0230824 0)
(-0.0968751 0.0201843 0)
(-0.099991 0.0170149 0)
(-0.103069 0.0135632 0)
(-0.106083 0.00981999 0)
(-0.109007 0.00577962 0)
(-0.111808 0.00143925 0)
(-0.114445 -0.00320562 0)
(-0.116897 -0.00814491 0)
(-0.119119 -0.0133748 0)
(-0.121074 -0.0188808 0)
(-0.12272 -0.0246426 0)
(-0.124015 -0.0306325 0)
(-0.124918 -0.0368144 0)
(-0.125387 -0.0431431 0)
(-0.125382 -0.0495637 0)
(-0.124866 -0.0560119 0)
(-0.123805 -0.0624139 0)
(-0.122171 -0.068687 0)
(-0.119943 -0.0747404 0)
(-0.117104 -0.0804762 0)
(-0.11365 -0.0857909 0)
(-0.109582 -0.0905775 0)
(-0.104915 -0.0947273 0)
(-0.0996744 -0.0981332 0)
(-0.0938983 -0.100693 0)
(-0.0876387 -0.102311 0)
(-0.0809616 -0.102905 0)
(-0.0739473 -0.10241 0)
(-0.0666896 -0.100782 0)
(-0.0592955 -0.098 0)
(-0.0518826 -0.0940765 0)
(-0.044576 -0.0890553 0)
(-0.0375047 -0.0830155 0)
(-0.0307961 -0.0760713 0)
(-0.0245703 -0.0683697 0)
(-0.0189339 -0.0600853 0)
(-0.0139736 -0.0514141 0)
(-0.00975205 -0.0425644 0)
(-0.00630459 -0.0337483 0)
(-0.00363799 -0.0251746 0)
(-0.00172568 -0.0170431 0)
(-0.000517536 -0.00954066 0)
(-4.13328e-05 -0.00284478 0)
(-1.73576e-05 0.00309236 0)
(-0.000146485 0.00861751 0)
(-0.000431351 0.0135392 0)
(-0.000832642 0.01791 0)
(-0.00133998 0.0217794 0)
(-0.001944 0.0251941 0)
(-0.00263458 0.0281978 0)
(-0.00340246 0.0308313 0)
(-0.00423935 0.0331325 0)
(-0.0051378 0.0351368 0)
(-0.00609114 0.0368765 0)
(-0.00709352 0.0383816 0)
(-0.00813982 0.0396798 0)
(-0.00922564 0.0407961 0)
(-0.0103473 0.0417535 0)
(-0.0115017 0.0425727 0)
(-0.0126864 0.0432723 0)
(-0.0138995 0.0438689 0)
(-0.0151397 0.0443775 0)
(-0.016406 0.0448109 0)
(-0.0176979 0.0451805 0)
(-0.0190155 0.0454961 0)
(-0.020359 0.045766 0)
(-0.0217292 0.0459972 0)
(-0.0231269 0.0461953 0)
(-0.0245534 0.0463649 0)
(-0.0260103 0.0465096 0)
(-0.0274993 0.0466319 0)
(-0.0290224 0.0467335 0)
(-0.0305818 0.0468153 0)
(-0.0321798 0.0468774 0)
(-0.0338192 0.0469193 0)
(-0.0355026 0.0469399 0)
(-0.037233 0.0469373 0)
(-0.0390134 0.0469091 0)
(-0.0408472 0.0468523 0)
(-0.0427376 0.0467633 0)
(-0.044688 0.0466379 0)
(-0.0467021 0.0464713 0)
(-0.0487834 0.0462581 0)
(-0.0509353 0.0459919 0)
(-0.0531615 0.045666 0)
(-0.0554653 0.0452725 0)
(-0.0578499 0.0448032 0)
(-0.0603183 0.0442486 0)
(-0.0628729 0.0435985 0)
(-0.0655157 0.0428419 0)
(-0.0682481 0.0419667 0)
(-0.0710707 0.0409599 0)
(-0.0739827 0.0398077 0)
(-0.0769825 0.0384953 0)
(-0.0800667 0.0370072 0)
(-0.0832305 0.0353271 0)
(-0.0864666 0.0334381 0)
(-0.089766 0.031323 0)
(-0.0931169 0.0289645 0)
(-0.0965046 0.0263453 0)
(-0.0999117 0.0234488 0)
(-0.103317 0.0202594 0)
(-0.106698 0.0167627 0)
(-0.110026 0.0129467 0)
(-0.113271 0.00880201 0)
(-0.116402 0.00432313 0)
(-0.119373 -0.000494464 0)
(-0.122157 -0.00564454 0)
(-0.124712 -0.0111236 0)
(-0.126993 -0.0169207 0)
(-0.128958 -0.0230164 0)
(-0.130563 -0.0293841 0)
(-0.131761 -0.0359875 0)
(-0.132508 -0.0427804 0)
(-0.132759 -0.0497057 0)
(-0.132475 -0.0566958 0)
(-0.131616 -0.0636727 0)
(-0.130152 -0.070548 0)
(-0.128055 -0.0772242 0)
(-0.125307 -0.0835955 0)
(-0.121897 -0.0895495 0)
(-0.117824 -0.0949687 0)
(-0.113097 -0.0997334 0)
(-0.107738 -0.103724 0)
(-0.101783 -0.106823 0)
(-0.0952807 -0.108924 0)
(-0.0882959 -0.109927 0)
(-0.0809089 -0.109754 0)
(-0.0732156 -0.108344 0)
(-0.0653271 -0.105665 0)
(-0.0573677 -0.10172 0)
(-0.0494725 -0.0965433 0)
(-0.041783 -0.0902132 0)
(-0.0344419 -0.0828469 0)
(-0.0275866 -0.0746012 0)
(-0.0213423 -0.0656673 0)
(-0.0158143 -0.0562637 0)
(-0.0110822 -0.0466257 0)
(-0.00719553 -0.0369952 0)
(-0.00417186 -0.0276107 0)
(-0.00199009 -0.0186998 0)
(-0.00060186 -0.0104729 0)
(-4.97041e-05 -0.00312558 0)
(-1.70201e-05 0.00316822 0)
(-0.000144133 0.00883116 0)
(-0.000424996 0.0138777 0)
(-0.000821193 0.0183613 0)
(-0.0013227 0.0223323 0)
(-0.00192043 0.0258384 0)
(-0.00260449 0.0289239 0)
(-0.00336581 0.0316306 0)
(-0.00419623 0.0339972 0)
(-0.00508838 0.0360598 0)
(-0.0060357 0.0378516 0)
(-0.00703235 0.0394035 0)
(-0.00807328 0.0407435 0)
(-0.00915411 0.0418978 0)
(-0.0102712 0.0428897 0)
(-0.0114214 0.0437406 0)
(-0.0126025 0.0444698 0)
(-0.0138124 0.0450945 0)
(-0.0150499 0.0456299 0)
(-0.0163141 0.0460895 0)
(-0.0176046 0.0464852 0)
(-0.0189215 0.046827 0)
(-0.0202651 0.0471236 0)
(-0.0216362 0.0473824 0)
(-0.0230359 0.0476092 0)
(-0.0244656 0.0478091 0)
(-0.0259268 0.0479857 0)
(-0.0274216 0.0481419 0)
(-0.0289522 0.0482796 0)
(-0.0305209 0.0483999 0)
(-0.0321303 0.0485032 0)
(-0.0337834 0.048589 0)
(-0.0354832 0.0486566 0)
(-0.037233 0.0487041 0)
(-0.0390362 0.0487294 0)
(-0.0408964 0.0487296 0)
(-0.0428175 0.0487012 0)
(-0.0448034 0.0486403 0)
(-0.0468582 0.0485419 0)
(-0.048986 0.0484007 0)
(-0.0511911 0.0482105 0)
(-0.0534776 0.0479642 0)
(-0.0558497 0.0476543 0)
(-0.0583113 0.0472718 0)
(-0.0608664 0.0468072 0)
(-0.0635181 0.0462498 0)
(-0.0662695 0.045588 0)
(-0.0691227 0.044809 0)
(-0.0720791 0.0438987 0)
(-0.075139 0.0428423 0)
(-0.0783014 0.0416236 0)
(-0.0815637 0.0402252 0)
(-0.0849214 0.0386291 0)
(-0.088368 0.0368161 0)
(-0.0918943 0.0347665 0)
(-0.0954885 0.0324602 0)
(-0.0991356 0.029877 0)
(-0.102818 0.026997 0)
(-0.106513 0.0238011 0)
(-0.110196 0.0202717 0)
(-0.113838 0.0163931 0)
(-0.117406 0.0121526 0)
(-0.120867 0.00754149 0)
(-0.12418 0.00255549 0)
(-0.127293 -0.00281024 0)
(-0.130182 -0.00854129 0)
(-0.132793 -0.0146348 0)
(-0.135081 -0.0210729 0)
(-0.137 -0.0278297 0)
(-0.1385 -0.0348693 0)
(-0.139533 -0.0421446 0)
(-0.140052 -0.0495967 0)
(-0.140012 -0.0571547 0)
(-0.139373 -0.0647363 0)
(-0.138097 -0.0722478 0)
(-0.136155 -0.079585 0)
(-0.133523 -0.0866344 0)
(-0.130186 -0.0932746 0)
(-0.126137 -0.0993778 0)
(-0.121384 -0.104813 0)
(-0.115942 -0.109447 0)
(-0.109842 -0.11315 0)
(-0.103131 -0.115798 0)
(-0.0958703 -0.117277 0)
(-0.0881388 -0.117491 0)
(-0.0800329 -0.116364 0)
(-0.0716664 -0.113848 0)
(-0.0631692 -0.109931 0)
(-0.0546849 -0.10464 0)
(-0.0463671 -0.0980462 0)
(-0.0383737 -0.0902676 0)
(-0.0308606 -0.081469 0)
(-0.023973 -0.0718573 0)
(-0.0178369 -0.0616738 0)
(-0.012552 -0.0511829 0)
(-0.00818532 -0.0406596 0)
(-0.00476791 -0.0303763 0)
(-0.00228672 -0.0205925 0)
(-0.000696983 -0.0115456 0)
(-5.92835e-05 -0.00345233 0)
(-1.66556e-05 0.00324277 0)
(-0.00014158 0.00904152 0)
(-0.000418075 0.0142115 0)
(-0.00080869 0.0188069 0)
(-0.00130378 0.0228789 0)
(-0.00189454 0.0264759 0)
(-0.00257133 0.0296431 0)
(-0.00332527 0.032423 0)
(-0.00414834 0.0348551 0)
(-0.00503328 0.0369762 0)
(-0.00597359 0.0388204 0)
(-0.00696349 0.0404192 0)
(-0.00799796 0.0418016 0)
(-0.00907266 0.042994 0)
(-0.0101839 0.0440208 0)
(-0.0113288 0.044904 0)
(-0.0125048 0.0456632 0)
(-0.0137101 0.0463163 0)
(-0.0149435 0.0468792 0)
(-0.016204 0.0473656 0)
(-0.0174914 0.0477879 0)
(-0.0188058 0.0481566 0)
(-0.0201476 0.0484808 0)
(-0.0215177 0.048768 0)
(-0.0229172 0.0490246 0)
(-0.0243477 0.0492558 0)
(-0.0258109 0.0494657 0)
(-0.027309 0.0496572 0)
(-0.0288442 0.0498327 0)
(-0.0304193 0.0499934 0)
(-0.0320371 0.0501399 0)
(-0.0337006 0.0502722 0)
(-0.0354134 0.0503894 0)
(-0.0371789 0.0504902 0)
(-0.0390009 0.0505724 0)
(-0.0408836 0.0506336 0)
(-0.0428312 0.0506702 0)
(-0.0448481 0.0506786 0)
(-0.046939 0.0506539 0)
(-0.0491085 0.0505909 0)
(-0.0513617 0.0504834 0)
(-0.0537033 0.0503245 0)
(-0.0561384 0.0501062 0)
(-0.0586716 0.0498198 0)
(-0.0613076 0.0494552 0)
(-0.0640508 0.0490015 0)
(-0.0669048 0.0484463 0)
(-0.0698728 0.0477761 0)
(-0.0729571 0.0469761 0)
(-0.0761589 0.0460299 0)
(-0.0794779 0.0449199 0)
(-0.0829123 0.0436271 0)
(-0.086458 0.0421312 0)
(-0.0901089 0.0404107 0)
(-0.0938561 0.0384432 0)
(-0.0976877 0.0362056 0)
(-0.101588 0.0336742 0)
(-0.105539 0.0308257 0)
(-0.109518 0.0276372 0)
(-0.113498 0.0240875 0)
(-0.117449 0.020157 0)
(-0.121336 0.0158293 0)
(-0.125121 0.0110919 0)
(-0.128765 0.00593758 0)
(-0.132217 0.00036275 0)
(-0.135432 -0.00562799 0)
(-0.138371 -0.0120228 0)
(-0.14098 -0.0188104 0)
(-0.143212 -0.0259662 0)
(-0.145015 -0.0334547 0)
(-0.146339 -0.0412282 0)
(-0.147132 -0.0492262 0)
(-0.147348 -0.0573749 0)
(-0.146942 -0.0655877 0)
(-0.145873 -0.0737658 0)
(-0.144107 -0.0817987 0)
(-0.141617 -0.0895652 0)
(-0.138383 -0.0969351 0)
(-0.134394 -0.103771 0)
(-0.12965 -0.109929 0)
(-0.124164 -0.115265 0)
(-0.117961 -0.119634 0)
(-0.111083 -0.122896 0)
(-0.103587 -0.12492 0)
(-0.0955492 -0.125591 0)
(-0.0870646 -0.124816 0)
(-0.078248 -0.12253 0)
(-0.0692331 -0.118702 0)
(-0.0601707 -0.113346 0)
(-0.0512254 -0.106525 0)
(-0.0425702 -0.0983534 0)
(-0.0343792 -0.0890019 0)
(-0.0268192 -0.0786908 0)
(-0.0200395 -0.0676841 0)
(-0.0141624 -0.056277 0)
(-0.00927594 -0.0447804 0)
(-0.00542817 -0.033505 0)
(-0.00261698 -0.0227469 0)
(-0.00080349 -0.0127751 0)
(-7.01621e-05 -0.00383081 0)
(-1.62645e-05 0.00331591 0)
(-0.000138827 0.00924833 0)
(-0.000410593 0.0145401 0)
(-0.000795142 0.0192462 0)
(-0.00128322 0.0234185 0)
(-0.00186634 0.0271059 0)
(-0.00253511 0.0303546 0)
(-0.00328086 0.0332076 0)
(-0.0040957 0.0357052 0)
(-0.00497249 0.037885 0)
(-0.00590479 0.0397818 0)
(-0.00688689 0.0414278 0)
(-0.0079138 0.0428527 0)
(-0.0089812 0.0440837 0)
(-0.0100855 0.0451458 0)
(-0.0112236 0.0460614 0)
(-0.0123932 0.0468511 0)
(-0.0135924 0.0475331 0)
(-0.0148201 0.0481238 0)
(-0.0160753 0.0486375 0)
(-0.0173579 0.049087 0)
(-0.0186679 0.0494831 0)
(-0.0200059 0.0498355 0)
(-0.0213727 0.0501519 0)
(-0.0227698 0.0504392 0)
(-0.0241987 0.0507028 0)
(-0.0256613 0.050947 0)
(-0.0271598 0.0511752 0)
(-0.0286968 0.0513899 0)
(-0.0302752 0.0515927 0)
(-0.0318979 0.0517845 0)
(-0.0335684 0.0519653 0)
(-0.0352902 0.0521348 0)
(-0.0370674 0.0522916 0)
(-0.0389041 0.0524341 0)
(-0.0408047 0.0525598 0)
(-0.0427739 0.0526657 0)
(-0.0448167 0.052748 0)
(-0.0469383 0.0528023 0)
(-0.0491439 0.0528233 0)
(-0.0514392 0.0528052 0)
(-0.0538297 0.0527408 0)
(-0.0563211 0.0526224 0)
(-0.058919 0.052441 0)
(-0.0616289 0.0521863 0)
(-0.064456 0.0518469 0)
(-0.0674049 0.0514099 0)
(-0.0704797 0.0508612 0)
(-0.0736835 0.0501847 0)
(-0.0770185 0.0493629 0)
(-0.080485 0.0483767 0)
(-0.084082 0.0472051 0)
(-0.087806 0.0458255 0)
(-0.0916513 0.0442139 0)
(-0.0956091 0.042345 0)
(-0.0996674 0.0401922 0)
(-0.103811 0.0377284 0)
(-0.10802 0.0349264 0)
(-0.112271 0.0317594 0)
(-0.116536 0.0282018 0)
(-0.120783 0.0242302 0)
(-0.124977 0.0198241 0)
(-0.129077 0.0149672 0)
(-0.13304 0.00964862 0)
(-0.136819 0.00386405 0)
(-0.140354 -0.00238951 0)
(-0.143614 -0.00908985 0)
(-0.146538 -0.0162329 0)
(-0.149077 -0.0237955 0)
(-0.15118 -0.0317432 0)
(-0.152793 -0.0400279 0)
(-0.153864 -0.0485875 0)
(-0.154342 -0.0573457 0)
(-0.15418 -0.066212 0)
(-0.153334 -0.0750827 0)
(-0.151766 -0.0838412 0)
(-0.149444 -0.0923592 0)
(-0.146344 -0.100498 0)
(-0.142451 -0.108111 0)
(-0.137758 -0.115043 0)
(-0.132272 -0.121136 0)
(-0.126014 -0.126231 0)
(-0.119017 -0.130173 0)
(-0.111335 -0.132812 0)
(-0.103039 -0.134014 0)
(-0.0942202 -0.133666 0)
(-0.0849931 -0.13168 0)
(-0.0754931 -0.128009 0)
(-0.0658762 -0.122649 0)
(-0.0563165 -0.115647 0)
(-0.0470009 -0.107114 0)
(-0.0381221 -0.0972201 0)
(-0.0298692 -0.0861968 0)
(-0.0224164 -0.0743301 0)
(-0.0159118 -0.0619463 0)
(-0.010468 -0.0493953 0)
(-0.00615401 -0.0370303 0)
(-0.00298204 -0.0251895 0)
(-0.000921931 -0.0141786 0)
(-8.24389e-05 -0.00426709 0)
(-1.58472e-05 0.00338753 0)
(-0.000135878 0.00945129 0)
(-0.000402561 0.0148632 0)
(-0.000780565 0.0196788 0)
(-0.00126105 0.0239504 0)
(-0.00183586 0.0277278 0)
(-0.00249587 0.0310576 0)
(-0.0032326 0.0339836 0)
(-0.00403833 0.0365467 0)
(-0.00490603 0.0387853 0)
(-0.00582933 0.0407348 0)
(-0.00680258 0.0424282 0)
(-0.0078208 0.0438958 0)
(-0.00887972 0.0451657 0)
(-0.0099757 0.0462632 0)
(-0.0111058 0.0472117 0)
(-0.0122675 0.048032 0)
(-0.0134592 0.0487432 0)
(-0.0146795 0.049362 0)
(-0.0159278 0.0499034 0)
(-0.0172036 0.0503805 0)
(-0.0185073 0.0508046 0)
(-0.0198393 0.0511856 0)
(-0.0212008 0.0515319 0)
(-0.022593 0.0518505 0)
(-0.0240177 0.0521473 0)
(-0.0254769 0.0524268 0)
(-0.026973 0.0526928 0)
(-0.0285086 0.052948 0)
(-0.0300868 0.0531944 0)
(-0.0317108 0.0534331 0)
(-0.0333843 0.0536645 0)
(-0.0351112 0.0538884 0)
(-0.0368956 0.054104 0)
(-0.0387421 0.0543097 0)
(-0.0406556 0.0545034 0)
(-0.0426411 0.0546823 0)
(-0.044704 0.0548429 0)
(-0.0468501 0.054981 0)
(-0.0490853 0.0550917 0)
(-0.0514158 0.0551691 0)
(-0.0538478 0.0552063 0)
(-0.0563878 0.0551955 0)
(-0.0590421 0.0551275 0)
(-0.0618171 0.0549921 0)
(-0.0647187 0.0547773 0)
(-0.0677527 0.0544699 0)
(-0.0709238 0.0540546 0)
(-0.0742362 0.0535147 0)
(-0.0776927 0.0528311 0)
(-0.0812946 0.0519832 0)
(-0.0850413 0.0509478 0)
(-0.0889301 0.0497002 0)
(-0.0929554 0.0482134 0)
(-0.0971087 0.0464589 0)
(-0.101378 0.0444067 0)
(-0.105747 0.0420258 0)
(-0.110197 0.0392849 0)
(-0.114703 0.0361529 0)
(-0.119235 0.0325998 0)
(-0.123762 0.0285978 0)
(-0.128244 0.0241222 0)
(-0.132641 0.0191528 0)
(-0.136906 0.0136751 0)
(-0.140992 0.0076819 0)
(-0.144845 0.00117313 0)
(-0.148403 -0.00584541 0)
(-0.15163 -0.0133494 0)
(-0.154466 -0.021325 0)
(-0.15686 -0.0297392 0)
(-0.158758 -0.0385445 0)
(-0.160105 -0.0476775 0)
(-0.160849 -0.0570595 0)
(-0.16094 -0.0665966 0)
(-0.160331 -0.0761805 0)
(-0.15898 -0.0856891 0)
(-0.156853 -0.0949875 0)
(-0.153919 -0.103929 0)
(-0.150159 -0.112358 0)
(-0.145561 -0.120108 0)
(-0.140124 -0.12701 0)
(-0.133862 -0.13289 0)
(-0.126803 -0.137575 0)
(-0.118992 -0.1409 0)
(-0.110495 -0.142707 0)
(-0.101397 -0.142863 0)
(-0.0918112 -0.141258 0)
(-0.0818711 -0.13782 0)
(-0.0717364 -0.132524 0)
(-0.0615885 -0.125401 0)
(-0.0516268 -0.116549 0)
(-0.0420618 -0.106134 0)
(-0.0331051 -0.0943966 0)
(-0.0249576 -0.0816411 0)
(-0.0177958 -0.0682252 0)
(-0.0117606 -0.0545398 0)
(-0.00694602 -0.0409852 0)
(-0.00338278 -0.0279471 0)
(-0.00105281 -0.0157737 0)
(-9.62211e-05 -0.00476753 0)
(-1.54047e-05 0.00345752 0)
(-0.000132738 0.00965015 0)
(-0.000393992 0.0151803 0)
(-0.000764987 0.020104 0)
(-0.00123732 0.0244741 0)
(-0.00180315 0.0283408 0)
(-0.00245365 0.0317513 0)
(-0.00318057 0.03475 0)
(-0.00397632 0.0373786 0)
(-0.00483399 0.039676 0)
(-0.0057473 0.0416783 0)
(-0.00671062 0.0434193 0)
(-0.00771903 0.0449298 0)
(-0.00876826 0.0462386 0)
(-0.00985468 0.0473718 0)
(-0.0109753 0.0483533 0)
(-0.0121278 0.0492045 0)
(-0.0133104 0.0499451 0)
(-0.0145217 0.0505923 0)
(-0.0157611 0.0511616 0)
(-0.0170284 0.0516665 0)
(-0.0183237 0.0521189 0)
(-0.0196477 0.052529 0)
(-0.0210014 0.0529056 0)
(-0.0223862 0.0532561 0)
(-0.023804 0.0535866 0)
(-0.0252569 0.0539022 0)
(-0.0267474 0.0542069 0)
(-0.0282783 0.0545037 0)
(-0.0298527 0.0547949 0)
(-0.0314742 0.055082 0)
(-0.0331465 0.0553656 0)
(-0.0348738 0.055646 0)
(-0.0366607 0.0559225 0)
(-0.0385119 0.056194 0)
(-0.0404326 0.0564587 0)
(-0.0424284 0.0567141 0)
(-0.044505 0.056957 0)
(-0.0466688 0.0571835 0)
(-0.0489262 0.0573889 0)
(-0.0512839 0.0575676 0)
(-0.0537489 0.0577127 0)
(-0.0563283 0.0578167 0)
(-0.0590293 0.0578702 0)
(-0.061859 0.0578628 0)
(-0.0648241 0.0577823 0)
(-0.0679311 0.0576149 0)
(-0.0711858 0.0573445 0)
(-0.0745931 0.0569534 0)
(-0.0781565 0.056421 0)
(-0.0818781 0.055725 0)
(-0.085758 0.0548402 0)
(-0.0897938 0.0537392 0)
(-0.0939804 0.0523922 0)
(-0.0983094 0.0507672 0)
(-0.102769 0.0488304 0)
(-0.107342 0.046547 0)
(-0.11201 0.043881 0)
(-0.116746 0.0407969 0)
(-0.121522 0.0372601 0)
(-0.126302 0.0332382 0)
(-0.131048 0.0287022 0)
(-0.135717 0.0236277 0)
(-0.14026 0.0179963 0)
(-0.144628 0.0117974 0)
(-0.148769 0.00502911 0)
(-0.152616 -0.00230609 0)
(-0.156129 -0.0101743 0)
(-0.159247 -0.0185665 0)
(-0.16192 -0.0274519 0)
(-0.164093 -0.0367833 0)
(-0.165712 -0.0464968 0)
(-0.166722 -0.0565119 0)
(-0.167071 -0.0667315 0)
(-0.16671 -0.0770432 0)
(-0.165596 -0.08732 0)
(-0.163688 -0.097421 0)
(-0.160953 -0.107193 0)
(-0.157365 -0.11647 0)
(-0.152906 -0.125079 0)
(-0.14757 -0.132835 0)
(-0.141362 -0.139553 0)
(-0.134302 -0.145044 0)
(-0.126427 -0.149122 0)
(-0.117794 -0.15161 0)
(-0.108484 -0.15235 0)
(-0.0986014 -0.151208 0)
(-0.0882789 -0.148086 0)
(-0.0776762 -0.142933 0)
(-0.0669799 -0.135758 0)
(-0.0564 -0.126642 0)
(-0.046163 -0.115743 0)
(-0.0365032 -0.103302 0)
(-0.0276486 -0.0896392 0)
(-0.0198069 -0.0751433 0)
(-0.0131507 -0.060247 0)
(-0.00780382 -0.0454015 0)
(-0.00381972 -0.0310462 0)
(-0.00119656 -0.0175783 0)
(-0.000111623 -0.00533878 0)
(-1.4938e-05 0.0035258 0)
(-0.000129416 0.00984464 0)
(-0.000384908 0.0154911 0)
(-0.000748442 0.0205214 0)
(-0.00121206 0.0249889 0)
(-0.00176828 0.0289442 0)
(-0.00240856 0.032435 0)
(-0.00312486 0.0355062 0)
(-0.00390978 0.0382001 0)
(-0.0047565 0.0405562 0)
(-0.00565881 0.0426114 0)
(-0.00661116 0.0443999 0)
(-0.00760862 0.0459535 0)
(-0.00864695 0.0473013 0)
(-0.00972253 0.0484703 0)
(-0.0108324 0.0494848 0)
(-0.0119741 0.0503671 0)
(-0.013146 0.0511371 0)
(-0.0143466 0.0518128 0)
(-0.0155755 0.0524101 0)
(-0.0168322 0.052943 0)
(-0.018117 0.0534238 0)
(-0.0194306 0.0538633 0)
(-0.0207741 0.0542705 0)
(-0.022149 0.0546532 0)
(-0.0235571 0.055018 0)
(-0.0250007 0.0553702 0)
(-0.0264823 0.0557141 0)
(-0.0280048 0.0560533 0)
(-0.0295717 0.0563903 0)
(-0.0311865 0.0567269 0)
(-0.0328532 0.0570642 0)
(-0.0345762 0.0574026 0)
(-0.0363603 0.057742 0)
(-0.0382105 0.0580816 0)
(-0.0401324 0.0584198 0)
(-0.0421319 0.0587547 0)
(-0.0442153 0.0590833 0)
(-0.0463891 0.0594021 0)
(-0.0486604 0.0597068 0)
(-0.0510364 0.0599918 0)
(-0.0535249 0.0602507 0)
(-0.0561334 0.0604758 0)
(-0.0588698 0.0606581 0)
(-0.061742 0.0607867 0)
(-0.0647575 0.0608494 0)
(-0.0679235 0.0608315 0)
(-0.0712466 0.0607164 0)
(-0.0747324 0.0604851 0)
(-0.0783851 0.0601159 0)
(-0.0822075 0.0595844 0)
(-0.0862002 0.0588632 0)
(-0.0903612 0.0579222 0)
(-0.0946859 0.0567286 0)
(-0.0991659 0.0552468 0)
(-0.103789 0.0534392 0)
(-0.108539 0.0512664 0)
(-0.113396 0.0486881 0)
(-0.118334 0.0456641 0)
(-0.123321 0.0421548 0)
(-0.128324 0.0381231 0)
(-0.133302 0.0335356 0)
(-0.138211 0.0283637 0)
(-0.143002 0.0225851 0)
(-0.147624 0.0161861 0)
(-0.152023 0.00916257 0)
(-0.156142 0.00152093 0)
(-0.159912 -0.0067246 0)
(-0.163292 -0.0155366 0)
(-0.166226 -0.0248944 0)
(-0.168661 -0.0347534 0)
(-0.170543 -0.0450499 0)
(-0.171815 -0.0557016 0)
(-0.172425 -0.0666091 0)
(-0.172323 -0.0776567 0)
(-0.17146 -0.0887128 0)
(-0.169796 -0.0996316 0)
(-0.167291 -0.110253 0)
(-0.163914 -0.120405 0)
(-0.159643 -0.129904 0)
(-0.154461 -0.138555 0)
(-0.148367 -0.14616 0)
(-0.141372 -0.152512 0)
(-0.133503 -0.157409 0)
(-0.124809 -0.160652 0)
(-0.11536 -0.162058 0)
(-0.105254 -0.161465 0)
(-0.0946186 -0.158747 0)
(-0.083611 -0.153825 0)
(-0.0724201 -0.146679 0)
(-0.0612637 -0.137367 0)
(-0.0503829 -0.126032 0)
(-0.040033 -0.112912 0)
(-0.0304699 -0.0983375 0)
(-0.0219341 -0.0827233 0)
(-0.0146334 -0.0665452 0)
(-0.00872589 -0.0503088 0)
(-0.00429291 -0.0345127 0)
(-0.00135352 -0.0196103 0)
(-0.000128762 -0.00598772 0)
(-1.44485e-05 0.00359226 0)
(-0.00012592 0.0100345 0)
(-0.000375334 0.0157951 0)
(-0.000730979 0.0209305 0)
(-0.00118536 0.0254943 0)
(-0.00173135 0.0295373 0)
(-0.00236071 0.0331078 0)
(-0.00306564 0.0362512 0)
(-0.00383888 0.0390103 0)
(-0.00467373 0.041425 0)
(-0.00556407 0.043533 0)
(-0.00650438 0.045369 0)
(-0.00748977 0.0469656 0)
(-0.00851599 0.0483525 0)
(-0.00957944 0.0495572 0)
(-0.0106771 0.0506048 0)
(-0.0118066 0.0515181 0)
(-0.0129661 0.0523176 0)
(-0.0141545 0.0530218 0)
(-0.0153708 0.0536471 0)
(-0.016615 0.054208 0)
(-0.0178872 0.0547173 0)
(-0.0191882 0.0551861 0)
(-0.020519 0.055624 0)
(-0.0218812 0.0560391 0)
(-0.0232767 0.0564383 0)
(-0.0247077 0.0568274 0)
(-0.026177 0.057211 0)
(-0.0276876 0.0575931 0)
(-0.0292428 0.0579765 0)
(-0.0308466 0.0583634 0)
(-0.032503 0.0587553 0)
(-0.0342166 0.0591531 0)
(-0.0359923 0.0595568 0)
(-0.0378356 0.0599662 0)
(-0.0397522 0.0603801 0)
(-0.0417483 0.0607969 0)
(-0.0438306 0.0612141 0)
(-0.0460062 0.0616286 0)
(-0.0482823 0.0620362 0)
(-0.0506669 0.062432 0)
(-0.053168 0.0628096 0)
(-0.055794 0.0631615 0)
(-0.0585532 0.0634787 0)
(-0.0614542 0.0637504 0)
(-0.0645052 0.0639638 0)
(-0.0677141 0.0641039 0)
(-0.071088 0.0641532 0)
(-0.0746332 0.0640916 0)
(-0.0783546 0.0638959 0)
(-0.0822555 0.0635398 0)
(-0.086337 0.0629936 0)
(-0.0905976 0.0622245 0)
(-0.0950326 0.0611963 0)
(-0.0996342 0.0598698 0)
(-0.10439 0.0582034 0)
(-0.109284 0.0561532 0)
(-0.114296 0.0536741 0)
(-0.119398 0.050721 0)
(-0.124561 0.0472496 0)
(-0.129749 0.0432179 0)
(-0.134921 0.0385878 0)
(-0.140033 0.0333264 0)
(-0.145035 0.0274079 0)
(-0.149874 0.0208151 0)
(-0.154497 0.0135408 0)
(-0.158847 0.00558986 0)
(-0.162856 -0.00302533 0)
(-0.166476 -0.0122559 0)
(-0.169651 -0.0220841 0)
(-0.172331 -0.032468 0)
(-0.174462 -0.0433444 0)
(-0.17599 -0.0546305 0)
(-0.176861 -0.066225 0)
(-0.177023 -0.0780092 0)
(-0.176427 -0.0898482 0)
(-0.175028 -0.101592 0)
(-0.172784 -0.113075 0)
(-0.169657 -0.124119 0)
(-0.165619 -0.134533 0)
(-0.160648 -0.144112 0)
(-0.154731 -0.152644 0)
(-0.14787 -0.15991 0)
(-0.140083 -0.165687 0)
(-0.131406 -0.169756 0)
(-0.121901 -0.171907 0)
(-0.111654 -0.171952 0)
(-0.100786 -0.169731 0)
(-0.0894485 -0.165134 0)
(-0.0778301 -0.158108 0)
(-0.0661534 -0.148682 0)
(-0.054671 -0.136975 0)
(-0.0436577 -0.123216 0)
(-0.0333968 -0.107739 0)
(-0.0241626 -0.0909803 0)
(-0.0162011 -0.0734579 0)
(-0.00970931 -0.0557337 0)
(-0.00480182 -0.0383713 0)
(-0.00152387 -0.0218877 0)
(-0.000147755 -0.00672141 0)
(-1.3938e-05 0.00365681 0)
(-0.000122264 0.0102195 0)
(-0.000365304 0.016092 0)
(-0.000712654 0.0213308 0)
(-0.0011573 0.0259896 0)
(-0.00169247 0.0301196 0)
(-0.00231025 0.0337692 0)
(-0.00300305 0.0369844 0)
(-0.00376381 0.0398082 0)
(-0.00458592 0.0422814 0)
(-0.00546333 0.044442 0)
(-0.00639057 0.0463256 0)
(-0.00736277 0.0479651 0)
(-0.00837569 0.049391 0)
(-0.00942571 0.0506314 0)
(-0.0105098 0.051712 0)
(-0.0116256 0.0526561 0)
(-0.0127712 0.0534849 0)
(-0.0139454 0.0542174 0)
(-0.0151474 0.0548706 0)
(-0.016377 0.0554594 0)
(-0.0176345 0.055997 0)
(-0.0189204 0.0564951 0)
(-0.020236 0.0569635 0)
(-0.0215827 0.0574108 0)
(-0.0229626 0.0578445 0)
(-0.0243779 0.0582705 0)
(-0.0258313 0.058694 0)
(-0.027326 0.0591191 0)
(-0.0288656 0.0595493 0)
(-0.0304537 0.059987 0)
(-0.0320948 0.0604341 0)
(-0.0337936 0.0608919 0)
(-0.0355552 0.061361 0)
(-0.0373852 0.0618414 0)
(-0.0392895 0.0623325 0)
(-0.0412747 0.0628331 0)
(-0.0433478 0.0633411 0)
(-0.045516 0.0638538 0)
(-0.0477871 0.0643674 0)
(-0.0501695 0.0648774 0)
(-0.0526716 0.0653777 0)
(-0.0553022 0.065861 0)
(-0.0580703 0.0663182 0)
(-0.0609849 0.0667386 0)
(-0.0640547 0.0671091 0)
(-0.0672882 0.0674141 0)
(-0.0706931 0.0676354 0)
(-0.0742761 0.0677516 0)
(-0.0780429 0.067738 0)
(-0.0819969 0.0675664 0)
(-0.0861397 0.0672048 0)
(-0.0904702 0.0666173 0)
(-0.094984 0.0657646 0)
(-0.0996733 0.0646037 0)
(-0.104526 0.0630886 0)
(-0.109526 0.0611709 0)
(-0.114653 0.058801 0)
(-0.119879 0.0559287 0)
(-0.125175 0.0525045 0)
(-0.130505 0.0484819 0)
(-0.135828 0.0438179 0)
(-0.141098 0.0384755 0)
(-0.146268 0.0324252 0)
(-0.151284 0.0256466 0)
(-0.156092 0.01813 0)
(-0.160636 0.00987859 0)
(-0.164855 0.000908262 0)
(-0.168683 -0.00874694 0)
(-0.172074 -0.0190415 0)
(-0.174979 -0.0299432 0)
(-0.177345 -0.0413916 0)
(-0.179119 -0.0533037 0)
(-0.180247 -0.0655772 0)
(-0.180678 -0.0780915 0)
(-0.18036 -0.0907092 0)
(-0.179246 -0.103277 0)
(-0.177291 -0.115625 0)
(-0.174452 -0.127571 0)
(-0.170694 -0.138914 0)
(-0.165987 -0.149445 0)
(-0.160311 -0.158939 0)
(-0.153656 -0.167162 0)
(-0.146028 -0.173875 0)
(-0.137453 -0.178837 0)
(-0.127979 -0.181812 0)
(-0.117682 -0.182582 0)
(-0.106671 -0.180956 0)
(-0.0950902 -0.176783 0)
(-0.0831242 -0.169977 0)
(-0.070997 -0.160529 0)
(-0.0589698 -0.148531 0)
(-0.0473341 -0.134188 0)
(-0.036399 -0.117834 0)
(-0.0264732 -0.09992 0)
(-0.0178434 -0.0810018 0)
(-0.0107496 -0.0616987 0)
(-0.00534517 -0.0426447 0)
(-0.00170762 -0.0244278 0)
(-0.000168711 -0.00754701 0)
(-1.34082e-05 0.00371938 0)
(-0.00011846 0.0103995 0)
(-0.000354855 0.0163815 0)
(-0.000693539 0.0217218 0)
(-0.00112798 0.0264744 0)
(-0.00165179 0.0306903 0)
(-0.00225736 0.0344184 0)
(-0.00293734 0.0377048 0)
(-0.00368482 0.0405931 0)
(-0.00449334 0.0431245 0)
(-0.00535689 0.0453376 0)
(-0.00627006 0.0472685 0)
(-0.00722799 0.0489507 0)
(-0.00822642 0.0504154 0)
(-0.00926173 0.0516913 0)
(-0.0103309 0.0528047 0)
(-0.0114314 0.0537795 0)
(-0.0125615 0.0546374 0)
(-0.0137199 0.055398 0)
(-0.0149057 0.0560787 0)
(-0.0161187 0.056695 0)
(-0.0173591 0.0572607 0)
(-0.0186276 0.0577876 0)
(-0.0199254 0.0582863 0)
(-0.0212538 0.0587656 0)
(-0.022615 0.0592334 0)
(-0.0240112 0.0596961 0)
(-0.0254452 0.0601592 0)
(-0.0269201 0.0606273 0)
(-0.0284396 0.0611042 0)
(-0.0300075 0.0615927 0)
(-0.0316282 0.0620952 0)
(-0.0333066 0.0626134 0)
(-0.0350479 0.0631483 0)
(-0.0368578 0.0637005 0)
(-0.0387426 0.0642696 0)
(-0.0407089 0.0648551 0)
(-0.0427639 0.0654553 0)
(-0.0449152 0.0660679 0)
(-0.0471709 0.0666897 0)
(-0.0495395 0.0673164 0)
(-0.0520299 0.0679422 0)
(-0.0546513 0.0685602 0)
(-0.057413 0.0691613 0)
(-0.0603244 0.0697346 0)
(-0.0633948 0.0702669 0)
(-0.0666329 0.0707421 0)
(-0.0700469 0.071141 0)
(-0.073644 0.0714412 0)
(-0.07743 0.0716164 0)
(-0.0814089 0.0716363 0)
(-0.0855826 0.0714665 0)
(-0.0899501 0.0710683 0)
(-0.0945073 0.0703988 0)
(-0.0992467 0.0694113 0)
(-0.104156 0.0680555 0)
(-0.10922 0.0662787 0)
(-0.114418 0.0640261 0)
(-0.119722 0.0612426 0)
(-0.125104 0.0578741 0)
(-0.130528 0.0538689 0)
(-0.135952 0.0491797 0)
(-0.141334 0.0437653 0)
(-0.146624 0.0375924 0)
(-0.151771 0.0306377 0)
(-0.15672 0.022889 0)
(-0.161416 0.0143475 0)
(-0.165802 0.00502906 0)
(-0.169812 -0.00503857 0)
(-0.173393 -0.0157908 0)
(-0.176498 -0.0271988 0)
(-0.17908 -0.0392055 0)
(-0.181087 -0.0517292 0)
(-0.182467 -0.064667 0)
(-0.183167 -0.0778973 0)
(-0.183137 -0.0912811 0)
(-0.182325 -0.104663 0)
(-0.180684 -0.117871 0)
(-0.178168 -0.130717 0)
(-0.174735 -0.142999 0)
(-0.170346 -0.154497 0)
(-0.164973 -0.164977 0)
(-0.158595 -0.174194 0)
(-0.151207 -0.181891 0)
(-0.142821 -0.187807 0)
(-0.13347 -0.191681 0)
(-0.123219 -0.193263 0)
(-0.112162 -0.192327 0)
(-0.100434 -0.188684 0)
(-0.0882116 -0.182205 0)
(-0.0757167 -0.17284 0)
(-0.0632153 -0.160642 0)
(-0.0510125 -0.145789 0)
(-0.039441 -0.128601 0)
(-0.0288428 -0.109538 0)
(-0.0195468 -0.0891856 0)
(-0.0118403 -0.0682216 0)
(-0.00592083 -0.0473531 0)
(-0.00190451 -0.0272471 0)
(-0.000191724 -0.00847169 0)
(-1.28617e-05 0.00377989 0)
(-0.000114526 0.0105741 0)
(-0.000344033 0.0166632 0)
(-0.000673713 0.0221033 0)
(-0.00109754 0.0269481 0)
(-0.00160948 0.031249 0)
(-0.00220225 0.0350547 0)
(-0.00286875 0.0384118 0)
(-0.00360223 0.0413642 0)
(-0.00439634 0.0439535 0)
(-0.00524515 0.0462187 0)
(-0.00614326 0.0481967 0)
(-0.00708585 0.0499214 0)
(-0.00806865 0.0514247 0)
(-0.009088 0.0527358 0)
(-0.0101408 0.0538816 0)
(-0.0112247 0.0548867 0)
(-0.0123377 0.0557734 0)
(-0.0134784 0.0565616 0)
(-0.0146462 0.0572694 0)
(-0.0158405 0.0579128 0)
(-0.0170617 0.058506 0)
(-0.0183104 0.0590613 0)
(-0.0195877 0.0595897 0)
(-0.020895 0.0601005 0)
(-0.0222344 0.0606018 0)
(-0.0236081 0.0611007 0)
(-0.0250189 0.0616029 0)
(-0.0264701 0.0621135 0)
(-0.027965 0.0626366 0)
(-0.0295078 0.0631756 0)
(-0.0311029 0.0637332 0)
(-0.0327551 0.0643116 0)
(-0.0344698 0.0649123 0)
(-0.0362528 0.0655361 0)
(-0.0381104 0.0661836 0)
(-0.0400494 0.0668543 0)
(-0.0420771 0.0675473 0)
(-0.0442014 0.0682607 0)
(-0.0464305 0.0689917 0)
(-0.0487731 0.0697364 0)
(-0.0512384 0.0704895 0)
(-0.0538357 0.071244 0)
(-0.0565748 0.0719913 0)
(-0.0594651 0.0727203 0)
(-0.0625163 0.0734174 0)
(-0.0657374 0.074066 0)
(-0.0691369 0.0746463 0)
(-0.0727222 0.0751344 0)
(-0.0764992 0.0755026 0)
(-0.0804724 0.0757186 0)
(-0.0846437 0.0757455 0)
(-0.0890124 0.0755416 0)
(-0.0935747 0.0750606 0)
(-0.0983232 0.074252 0)
(-0.103246 0.0730613 0)
(-0.108328 0.0714311 0)
(-0.113549 0.0693021 0)
(-0.118882 0.0666142 0)
(-0.124299 0.0633085 0)
(-0.129764 0.0593286 0)
(-0.135238 0.0546227 0)
(-0.140679 0.0491456 0)
(-0.146038 0.0428605 0)
(-0.151265 0.0357411 0)
(-0.156308 0.027773 0)
(-0.161111 0.0189552 0)
(-0.16562 0.00930209 0)
(-0.169778 -0.00115802 0)
(-0.173518 -0.0123584 0)
(-0.176798 -0.0242571 0)
(-0.179575 -0.0368034 0)
(-0.1818 -0.049918 0)
(-0.183422 -0.0634984 0)
(-0.184389 -0.0774231 0)
(-0.184651 -0.0915525 0)
(-0.184156 -0.10573 0)
(-0.182853 -0.119783 0)
(-0.180691 -0.133521 0)
(-0.177624 -0.146738 0)
(-0.173605 -0.159208 0)
(-0.168595 -0.170691 0)
(-0.162565 -0.18093 0)
(-0.155496 -0.189651 0)
(-0.147385 -0.196576 0)
(-0.138253 -0.201417 0)
(-0.128147 -0.203894 0)
(-0.117147 -0.203744 0)
(-0.105376 -0.200738 0)
(-0.092998 -0.194699 0)
(-0.08023 -0.18553 0)
(-0.0673385 -0.173239 0)
(-0.0546382 -0.157966 0)
(-0.0424819 -0.140006 0)
(-0.0312436 -0.119816 0)
(-0.0212949 -0.0980092 0)
(-0.0129731 -0.0753135 0)
(-0.00652565 -0.0525132 0)
(-0.00211399 -0.0303608 0)
(-0.000216861 -0.00950244 0)
(-1.2301e-05 0.00383827 0)
(-0.000110481 0.0107433 0)
(-0.000332889 0.0169369 0)
(-0.000653272 0.0224747 0)
(-0.0010661 0.0274104 0)
(-0.00156572 0.0317951 0)
(-0.00214517 0.0356776 0)
(-0.00279758 0.0391047 0)
(-0.00351638 0.0421207 0)
(-0.00429532 0.0447674 0)
(-0.00512854 0.0470845 0)
(-0.00601067 0.0491092 0)
(-0.0069369 0.0508761 0)
(-0.00790294 0.0524176 0)
(-0.00890512 0.0537635 0)
(-0.00994032 0.0549414 0)
(-0.011006 0.0559763 0)
(-0.0121003 0.0568911 0)
(-0.0132218 0.0577065 0)
(-0.0143695 0.0584408 0)
(-0.0155432 0.0591106 0)
(-0.016743 0.0597306 0)
(-0.0179695 0.0603136 0)
(-0.0192236 0.0608709 0)
(-0.020507 0.0614123 0)
(-0.0218214 0.0619465 0)
(-0.0231693 0.0624807 0)
(-0.0245532 0.0630212 0)
(-0.0259764 0.0635734 0)
(-0.0274424 0.0641419 0)
(-0.0289552 0.0647306 0)
(-0.0305192 0.0653425 0)
(-0.0321394 0.0659803 0)
(-0.033821 0.066646 0)
(-0.0355699 0.067341 0)
(-0.0373924 0.0680662 0)
(-0.0392955 0.0688218 0)
(-0.0412864 0.0696073 0)
(-0.0433731 0.0704212 0)
(-0.045564 0.0712614 0)
(-0.0478678 0.0721243 0)
(-0.0502939 0.0730048 0)
(-0.0528516 0.0738965 0)
(-0.0555508 0.0747906 0)
(-0.0584012 0.0756761 0)
(-0.0614124 0.0765391 0)
(-0.0645937 0.0773625 0)
(-0.0679535 0.0781255 0)
(-0.0714994 0.0788033 0)
(-0.0752376 0.0793663 0)
(-0.0791724 0.0797804 0)
(-0.0833061 0.0800061 0)
(-0.087638 0.0799988 0)
(-0.0921646 0.079709 0)
(-0.0968786 0.0790821 0)
(-0.101769 0.0780597 0)
(-0.106821 0.0765799 0)
(-0.112013 0.0745788 0)
(-0.117323 0.0719916 0)
(-0.122721 0.0687546 0)
(-0.128173 0.064807 0)
(-0.133642 0.0600928 0)
(-0.139086 0.0545629 0)
(-0.144459 0.0481771 0)
(-0.149714 0.0409063 0)
(-0.1548 0.0327338 0)
(-0.159663 0.0236574 0)
(-0.164252 0.0136905 0)
(-0.168511 0.00286449 0)
(-0.172382 -0.00877209 0)
(-0.175808 -0.0211424 0)
(-0.178756 -0.0342047 0)
(-0.18118 -0.0478836 0)
(-0.183032 -0.0620785 0)
(-0.184262 -0.0766686 0)
(-0.184819 -0.0915151 0)
(-0.18465 -0.106462 0)
(-0.183704 -0.121336 0)
(-0.181925 -0.135947 0)
(-0.179261 -0.150087 0)
(-0.175659 -0.163526 0)
(-0.171071 -0.176018 0)
(-0.165456 -0.187295 0)
(-0.158782 -0.197073 0)
(-0.151033 -0.205052 0)
(-0.142213 -0.210922 0)
(-0.132354 -0.214372 0)
(-0.121518 -0.215102 0)
(-0.109813 -0.212838 0)
(-0.0973883 -0.207356 0)
(-0.0844518 -0.198504 0)
(-0.0712662 -0.186239 0)
(-0.0581513 -0.170651 0)
(-0.0454762 -0.151999 0)
(-0.0336438 -0.130728 0)
(-0.0230676 -0.107462 0)
(-0.0141375 -0.0829787 0)
(-0.00715537 -0.0581372 0)
(-0.00233513 -0.033782 0)
(-0.000244159 -0.010646 0)
(-1.1729e-05 0.00389448 0)
(-0.000106346 0.010907 0)
(-0.000321484 0.0172023 0)
(-0.000632323 0.0228359 0)
(-0.00103383 0.0278608 0)
(-0.00152074 0.0323281 0)
(-0.00208641 0.0362866 0)
(-0.00272419 0.039783 0)
(-0.00342768 0.0428619 0)
(-0.00419074 0.0455656 0)
(-0.00500758 0.0479341 0)
(-0.00587285 0.050005 0)
(-0.00678174 0.0518137 0)
(-0.00772995 0.0533929 0)
(-0.00871377 0.0547732 0)
(-0.00973004 0.0559826 0)
(-0.0107762 0.0570467 0)
(-0.0118502 0.0579891 0)
(-0.0129507 0.0588308 0)
(-0.0140767 0.0595909 0)
(-0.0152277 0.0602863 0)
(-0.0164039 0.0609322 0)
(-0.0176057 0.0615419 0)
(-0.0188342 0.0621272 0)
(-0.0200907 0.0626983 0)
(-0.0213771 0.0632641 0)
(-0.0226956 0.0638325 0)
(-0.024049 0.0644101 0)
(-0.0254401 0.0650027 0)
(-0.0268727 0.0656154 0)
(-0.0283506 0.0662524 0)
(-0.0298781 0.0669174 0)
(-0.0314602 0.0676133 0)
(-0.0331021 0.0683427 0)
(-0.0348096 0.0691076 0)
(-0.0365891 0.0699092 0)
(-0.0384473 0.0707483 0)
(-0.0403917 0.071625 0)
(-0.0424301 0.0725383 0)
(-0.0445708 0.0734864 0)
(-0.0468227 0.0744663 0)
(-0.0491949 0.0754732 0)
(-0.0516969 0.0765009 0)
(-0.0543384 0.0775409 0)
(-0.0571292 0.0785818 0)
(-0.0600788 0.0796098 0)
(-0.0631963 0.080607 0)
(-0.0664903 0.0815519 0)
(-0.0699683 0.0824183 0)
(-0.0736364 0.0831754 0)
(-0.0774989 0.0837868 0)
(-0.0815582 0.0842106 0)
(-0.0858138 0.0843996 0)
(-0.0902622 0.0843006 0)
(-0.0948967 0.0838558 0)
(-0.0997068 0.0830024 0)
(-0.104678 0.0816744 0)
(-0.109791 0.0798035 0)
(-0.115022 0.0773203 0)
(-0.120345 0.0741569 0)
(-0.125728 0.070248 0)
(-0.131134 0.0655337 0)
(-0.136524 0.0599613 0)
(-0.141856 0.0534874 0)
(-0.147084 0.0460802 0)
(-0.15216 0.0377209 0)
(-0.157034 0.0284058 0)
(-0.161656 0.0181467 0)
(-0.165974 0.00697393 0)
(-0.169939 -0.00506528 0)
(-0.17348 -0.0178823 0)
(-0.176573 -0.0314317 0)
(-0.179176 -0.0456427 0)
(-0.181243 -0.0604174 0)
(-0.182727 -0.075637 0)
(-0.183577 -0.0911644 0)
(-0.183742 -0.106846 0)
(-0.183167 -0.122509 0)
(-0.181795 -0.137965 0)
(-0.179567 -0.153005 0)
(-0.176425 -0.167399 0)
(-0.172311 -0.180896 0)
(-0.167173 -0.19322 0)
(-0.160967 -0.204076 0)
(-0.153663 -0.213146 0)
(-0.145248 -0.220098 0)
(-0.135736 -0.224592 0)
(-0.125173 -0.226289 0)
(-0.113645 -0.224873 0)
(-0.101289 -0.220065 0)
(-0.0882962 -0.211658 0)
(-0.074923 -0.199545 0)
(-0.0614889 -0.183762 0)
(-0.0483743 -0.164518 0)
(-0.0360074 -0.142229 0)
(-0.0248418 -0.117523 0)
(-0.0153205 -0.0912128 0)
(-0.00780451 -0.0642324 0)
(-0.00256662 -0.0375214 0)
(-0.000273609 -0.0119085 0)
(-1.11491e-05 0.00394848 0)
(-0.000102145 0.0110649 0)
(-0.000309882 0.0174593 0)
(-0.000610987 0.0231865 0)
(-0.00100093 0.0282991 0)
(-0.0014748 0.0328477 0)
(-0.00202628 0.0368811 0)
(-0.00264896 0.040446 0)
(-0.00333659 0.0435872 0)
(-0.00408313 0.0463473 0)
(-0.00488285 0.0487666 0)
(-0.00573045 0.0508833 0)
(-0.00662108 0.0527332 0)
(-0.00755043 0.0543496 0)
(-0.00851475 0.0557636 0)
(-0.00951084 0.0570038 0)
(-0.0105361 0.0580965 0)
(-0.0115884 0.0590656 0)
(-0.0126662 0.0599329 0)
(-0.0137686 0.0607178 0)
(-0.014895 0.0614378 0)
(-0.0160454 0.0621086 0)
(-0.0172202 0.0627439 0)
(-0.0184205 0.0633559 0)
(-0.0196473 0.0639553 0)
(-0.0209026 0.0645514 0)
(-0.0221885 0.0651525 0)
(-0.0235075 0.0657657 0)
(-0.0248626 0.0663972 0)
(-0.0262572 0.0670524 0)
(-0.0276952 0.067736 0)
(-0.0291808 0.0684521 0)
(-0.0307188 0.0692043 0)
(-0.0323144 0.0699954 0)
(-0.0339733 0.0708281 0)
(-0.0357016 0.071704 0)
(-0.0375061 0.0726245 0)
(-0.0393941 0.0735901 0)
(-0.0413731 0.0746004 0)
(-0.0434516 0.075654 0)
(-0.045638 0.0767483 0)
(-0.0479414 0.077879 0)
(-0.0503713 0.0790401 0)
(-0.0529369 0.0802229 0)
(-0.055648 0.0814164 0)
(-0.0585137 0.0826062 0)
(-0.0615432 0.083774 0)
(-0.0647447 0.0848974 0)
(-0.0681255 0.0859492 0)
(-0.0716915 0.0868968 0)
(-0.0754472 0.0877019 0)
(-0.0793946 0.0883205 0)
(-0.0835335 0.0887024 0)
(-0.0878607 0.0887914 0)
(-0.0923699 0.0885259 0)
(-0.0970511 0.0878398 0)
(-0.10189 0.0866628 0)
(-0.10687 0.0849223 0)
(-0.111969 0.082545 0)
(-0.117161 0.0794587 0)
(-0.122417 0.0755942 0)
(-0.127703 0.0708879 0)
(-0.132982 0.0652836 0)
(-0.138215 0.0587353 0)
(-0.14336 0.0512084 0)
(-0.148373 0.0426825 0)
(-0.153206 0.033152 0)
(-0.157813 0.0226281 0)
(-0.162146 0.011139 0)
(-0.166163 -0.00126966 0)
(-0.16979 -0.0145063 0)
(-0.172999 -0.0285089 0)
(-0.175758 -0.0432141 0)
(-0.178023 -0.058528 0)
(-0.179749 -0.0743345 0)
(-0.180889 -0.0904995 0)
(-0.18139 -0.106872 0)
(-0.181196 -0.123284 0)
(-0.180249 -0.139548 0)
(-0.178485 -0.155457 0)
(-0.175839 -0.170783 0)
(-0.172246 -0.18527 0)
(-0.167642 -0.198639 0)
(-0.161972 -0.210584 0)
(-0.15519 -0.220773 0)
(-0.147268 -0.228851 0)
(-0.138201 -0.23445 0)
(-0.128016 -0.237197 0)
(-0.116779 -0.236727 0)
(-0.104608 -0.23271 0)
(-0.0916785 -0.224876 0)
(-0.0782325 -0.213053 0)
(-0.0645853 -0.197206 0)
(-0.0511235 -0.177486 0)
(-0.0382954 -0.154265 0)
(-0.0265913 -0.128157 0)
(-0.0165074 -0.100002 0)
(-0.00846633 -0.0707995 0)
(-0.0028067 -0.0415866 0)
(-0.000305153 -0.0132954 0)
(-1.05649e-05 0.00400022 0)
(-9.79056e-05 0.011217 0)
(-0.000298159 0.0177078 0)
(-0.0005894 0.0235264 0)
(-0.000967581 0.0287249 0)
(-0.00142817 0.0333535 0)
(-0.00196514 0.0374607 0)
(-0.00257232 0.0410933 0)
(-0.00324361 0.0442961 0)
(-0.00397307 0.0471119 0)
(-0.00475502 0.0495814 0)
(-0.00558417 0.0517432 0)
(-0.00645568 0.0536336 0)
(-0.00736521 0.0552866 0)
(-0.00830896 0.0567336 0)
(-0.00928368 0.0580039 0)
(-0.0102867 0.0591243 0)
(-0.0113158 0.0601192 0)
(-0.0123694 0.061011 0)
(-0.0134464 0.0618196 0)
(-0.0145463 0.0625631 0)
(-0.0156688 0.0632575 0)
(-0.0168144 0.063917 0)
(-0.0179839 0.0645543 0)
(-0.0191784 0.0651804 0)
(-0.0203996 0.0658053 0)
(-0.0216494 0.0664373 0)
(-0.0229304 0.0670842 0)
(-0.0242455 0.0677525 0)
(-0.0255978 0.0684481 0)
(-0.026991 0.069176 0)
(-0.0284293 0.069941 0)
(-0.0299173 0.0707469 0)
(-0.03146 0.0715972 0)
(-0.0330629 0.0724948 0)
(-0.034732 0.0734421 0)
(-0.0364739 0.0744408 0)
(-0.0382955 0.075492 0)
(-0.0402043 0.0765958 0)
(-0.0422082 0.0777513 0)
(-0.0443157 0.0789562 0)
(-0.0465355 0.0802065 0)
(-0.0488766 0.0814964 0)
(-0.0513481 0.0828176 0)
(-0.0539592 0.0841587 0)
(-0.0567189 0.085505 0)
(-0.0596358 0.0868379 0)
(-0.0627179 0.088134 0)
(-0.0659721 0.089365 0)
(-0.0694042 0.0904969 0)
(-0.0730182 0.0914896 0)
(-0.0768164 0.0922966 0)
(-0.0807984 0.0928653 0)
(-0.0849614 0.0931365 0)
(-0.0892996 0.0930454 0)
(-0.0938037 0.0925221 0)
(-0.0984611 0.0914929 0)
(-0.103256 0.0898812 0)
(-0.108167 0.08761 0)
(-0.113173 0.0846032 0)
(-0.118245 0.080788 0)
(-0.123353 0.0760975 0)
(-0.128464 0.0704726 0)
(-0.133542 0.0638643 0)
(-0.138549 0.056236 0)
(-0.143443 0.0475653 0)
(-0.148184 0.0378454 0)
(-0.152728 0.0270863 0)
(-0.157029 0.0153158 0)
(-0.161046 0.00258193 0)
(-0.164736 -0.0110426 0)
(-0.168031 -0.0254612 0)
(-0.170922 -0.0406186 0)
(-0.173365 -0.0564258 0)
(-0.17532 -0.0727707 0)
(-0.176741 -0.0895235 0)
(-0.177576 -0.106537 0)
(-0.17777 -0.123649 0)
(-0.177261 -0.140676 0)
(-0.175982 -0.157415 0)
(-0.173862 -0.173638 0)
(-0.170829 -0.189093 0)
(-0.16681 -0.203494 0)
(-0.161736 -0.216529 0)
(-0.155547 -0.227851 0)
(-0.148199 -0.237089 0)
(-0.139669 -0.243847 0)
(-0.129965 -0.247715 0)
(-0.119131 -0.248285 0)
(-0.107263 -0.245171 0)
(-0.0945173 -0.23804 0)
(-0.0811195 -0.226646 0)
(-0.0673745 -0.210878 0)
(-0.053669 -0.190814 0)
(-0.0404657 -0.166768 0)
(-0.0282872 -0.139321 0)
(-0.0176807 -0.109324 0)
(-0.0091328 -0.0778327 0)
(-0.00305312 -0.0459815 0)
(-0.000338676 -0.0148112 0)
(-9.98068e-06 0.00404971 0)
(-9.36575e-05 0.0113633 0)
(-0.000286398 0.0179476 0)
(-0.00056771 0.0238555 0)
(-0.000934025 0.0291381 0)
(-0.00138116 0.0338453 0)
(-0.00190339 0.0380252 0)
(-0.00249477 0.0417245 0)
(-0.00314932 0.044988 0)
(-0.0038612 0.0478587 0)
(-0.00462479 0.0503777 0)
(-0.00543481 0.052584 0)
(-0.00628642 0.0545142 0)
(-0.00717523 0.0562029 0)
(-0.00809739 0.0576821 0)
(-0.0090496 0.0589815 0)
(-0.0100291 0.0601286 0)
(-0.0110336 0.0611484 0)
(-0.0120615 0.0620635 0)
(-0.0131115 0.0628946 0)
(-0.014183 0.0636602 0)
(-0.0152757 0.0643767 0)
(-0.0163898 0.0650589 0)
(-0.0175261 0.0657198 0)
(-0.0186855 0.0663709 0)
(-0.0198696 0.0670225 0)
(-0.0210803 0.0676834 0)
(-0.0223198 0.0683618 0)
(-0.0235909 0.0690645 0)
(-0.0248965 0.0697979 0)
(-0.0262403 0.0705676 0)
(-0.027626 0.0713784 0)
(-0.0290582 0.072235 0)
(-0.0305415 0.0731411 0)
(-0.0320813 0.0741001 0)
(-0.0336833 0.075115 0)
(-0.0353537 0.0761879 0)
(-0.0370991 0.0773205 0)
(-0.0389268 0.0785132 0)
(-0.0408443 0.0797655 0)
(-0.0428595 0.0810756 0)
(-0.0449808 0.0824399 0)
(-0.0472168 0.0838527 0)
(-0.049576 0.0853056 0)
(-0.0520672 0.0867873 0)
(-0.0546989 0.0882828 0)
(-0.0574791 0.089773 0)
(-0.0604153 0.0912336 0)
(-0.063514 0.0926354 0)
(-0.0667807 0.0939427 0)
(-0.070219 0.0951139 0)
(-0.0738312 0.0961004 0)
(-0.077617 0.096847 0)
(-0.0815739 0.097292 0)
(-0.0856965 0.0973675 0)
(-0.0899766 0.0970005 0)
(-0.094403 0.0961138 0)
(-0.098961 0.0946275 0)
(-0.103633 0.0924609 0)
(-0.108397 0.0895348 0)
(-0.113231 0.0857732 0)
(-0.118106 0.0811061 0)
(-0.122993 0.0754717 0)
(-0.127861 0.0688187 0)
(-0.132675 0.0611086 0)
(-0.1374 0.052317 0)
(-0.141998 0.0424359 0)
(-0.14643 0.0314739 0)
(-0.150658 0.019458 0)
(-0.15464 0.00643512 0)
(-0.158346 -0.00752529 0)
(-0.161697 -0.022317 0)
(-0.164691 -0.0378798 0)
(-0.167291 -0.0541293 0)
(-0.169457 -0.0709586 0)
(-0.171146 -0.0882432 0)
(-0.172309 -0.105842 0)
(-0.172891 -0.123598 0)
(-0.172827 -0.141335 0)
(-0.172049 -0.158855 0)
(-0.170479 -0.175934 0)
(-0.168038 -0.192322 0)
(-0.164644 -0.207733 0)
(-0.160217 -0.221847 0)
(-0.154684 -0.23431 0)
(-0.147984 -0.24473 0)
(-0.140076 -0.252687 0)
(-0.130948 -0.257738 0)
(-0.120624 -0.259433 0)
(-0.109176 -0.257329 0)
(-0.0967363 -0.251026 0)
(-0.0835115 -0.240203 0)
(-0.0697908 -0.224665 0)
(-0.055955 -0.204403 0)
(-0.0424744 -0.179655 0)
(-0.0298984 -0.150954 0)
(-0.0188215 -0.119142 0)
(-0.00979466 -0.0853179 0)
(-0.00330319 -0.0507055 0)
(-0.000373998 -0.0164592 0)
(-9.40081e-06 0.00409695 0)
(-8.94338e-05 0.0115038 0)
(-0.000274688 0.0181788 0)
(-0.000546083 0.0241736 0)
(-0.00090051 0.0295386 0)
(-0.00133412 0.0343229 0)
(-0.00184147 0.0385743 0)
(-0.00241681 0.0423392 0)
(-0.00305432 0.0456625 0)
(-0.00374823 0.0485873 0)
(-0.00449296 0.051155 0)
(-0.00528325 0.0534049 0)
(-0.00611422 0.0553741 0)
(-0.00698148 0.0570975 0)
(-0.00788112 0.058608 0)
(-0.00880976 0.0599356 0)
(-0.00976456 0.0611083 0)
(-0.0107432 0.0621516 0)
(-0.0117439 0.0630889 0)
(-0.0127653 0.0639411 0)
(-0.0138066 0.0647273 0)
(-0.0148675 0.0654643 0)
(-0.0159481 0.0661674 0)
(-0.0170489 0.06685 0)
(-0.0181707 0.067524 0)
(-0.019315 0.0682001 0)
(-0.0204833 0.0688875 0)
(-0.0216779 0.0695947 0)
(-0.0229012 0.0703292 0)
(-0.0241561 0.0710975 0)
(-0.0254457 0.0719056 0)
(-0.0267739 0.072759 0)
(-0.0281445 0.0736624 0)
(-0.0295623 0.0746203 0)
(-0.031032 0.0756366 0)
(-0.0325592 0.0767145 0)
(-0.0341495 0.0778567 0)
(-0.0358093 0.0790652 0)
(-0.0375453 0.080341 0)
(-0.0393646 0.0816841 0)
(-0.0412746 0.0830928 0)
(-0.0432831 0.0845638 0)
(-0.0453979 0.0860917 0)
(-0.0476273 0.0876681 0)
(-0.0499792 0.0892816 0)
(-0.0524615 0.0909169 0)
(-0.0550815 0.0925543 0)
(-0.0578462 0.0941689 0)
(-0.0607616 0.0957304 0)
(-0.0638325 0.0972019 0)
(-0.0670625 0.09854 0)
(-0.0704535 0.0996943 0)
(-0.0740054 0.100608 0)
(-0.0777159 0.101215 0)
(-0.0815806 0.101448 0)
(-0.0855922 0.101228 0)
(-0.0897407 0.100476 0)
(-0.0940137 0.0991101 0)
(-0.0983955 0.0970454 0)
(-0.102868 0.0942001 0)
(-0.107411 0.0904955 0)
(-0.112 0.085859 0)
(-0.116611 0.0802266 0)
(-0.121215 0.0735449 0)
(-0.125784 0.0657736 0)
(-0.130288 0.0568869 0)
(-0.134693 0.0468753 0)
(-0.138968 0.0357467 0)
(-0.143076 0.0235268 0)
(-0.146983 0.0102598 0)
(-0.150668 -0.00398982 0)
(-0.154042 -0.019108 0)
(-0.157111 -0.0350238 0)
(-0.159843 -0.0516595 0)
(-0.1622 -0.0689143 0)
(-0.164143 -0.0866695 0)
(-0.165625 -0.104791 0)
(-0.166589 -0.12313 0)
(-0.166972 -0.141517 0)
(-0.166702 -0.159762 0)
(-0.165697 -0.177647 0)
(-0.163872 -0.194926 0)
(-0.161135 -0.211314 0)
(-0.157397 -0.226488 0)
(-0.152572 -0.240084 0)
(-0.146584 -0.251697 0)
(-0.139374 -0.260884 0)
(-0.130911 -0.26717 0)
(-0.121197 -0.270061 0)
(-0.110279 -0.269064 0)
(-0.0982664 -0.263711 0)
(-0.0853406 -0.2536 0)
(-0.0717709 -0.238444 0)
(-0.0579257 -0.21814 0)
(-0.0442765 -0.192833 0)
(-0.0313918 -0.162988 0)
(-0.019909 -0.129413 0)
(-0.0104414 -0.0932328 0)
(-0.00355368 -0.0557531 0)
(-0.000410869 -0.0182411 0)
(-8.83031e-06 0.00414195 0)
(-8.52711e-05 0.0116385 0)
(-0.000263132 0.0184013 0)
(-0.000524702 0.0244808 0)
(-0.000867308 0.0299263 0)
(-0.00128741 0.0347863 0)
(-0.00177985 0.0391079 0)
(-0.00233904 0.0429373 0)
(-0.0029593 0.0463194 0)
(-0.00363492 0.0492973 0)
(-0.00436037 0.0519127 0)
(-0.0051304 0.0542052 0)
(-0.00594011 0.0562124 0)
(-0.00678506 0.0579698 0)
(-0.0076613 0.0595103 0)
(-0.00856539 0.060865 0)
(-0.00949439 0.062062 0)
(-0.0104459 0.0631277 0)
(-0.011418 0.0640856 0)
(-0.0124093 0.0649574 0)
(-0.0134188 0.0657625 0)
(-0.0144461 0.0665182 0)
(-0.0154911 0.0672403 0)
(-0.0165542 0.0679424 0)
(-0.017636 0.0686371 0)
(-0.0187378 0.0693351 0)
(-0.0198609 0.0700464 0)
(-0.0210074 0.0707797 0)
(-0.0221793 0.0715427 0)
(-0.0233794 0.0723424 0)
(-0.0246106 0.0731854 0)
(-0.0258762 0.0740773 0)
(-0.0271801 0.0750234 0)
(-0.0285262 0.0760286 0)
(-0.0299193 0.077097 0)
(-0.0313642 0.0782325 0)
(-0.0328663 0.0794382 0)
(-0.0344314 0.0807164 0)
(-0.0360656 0.0820685 0)
(-0.0377754 0.0834949 0)
(-0.0395678 0.0849942 0)
(-0.0414496 0.0865634 0)
(-0.0434282 0.088197 0)
(-0.0455109 0.0898869 0)
(-0.047705 0.0916215 0)
(-0.0500175 0.0933852 0)
(-0.0524552 0.0951578 0)
(-0.0550241 0.0969137 0)
(-0.0577297 0.0986216 0)
(-0.0605763 0.100244 0)
(-0.0635672 0.101735 0)
(-0.0667039 0.103043 0)
(-0.0699866 0.104109 0)
(-0.0734134 0.104867 0)
(-0.0769806 0.105243 0)
(-0.080682 0.10516 0)
(-0.0845094 0.104535 0)
(-0.0884523 0.103281 0)
(-0.0924977 0.101314 0)
(-0.0966306 0.098549 0)
(-0.100834 0.094904 0)
(-0.105088 0.090305 0)
(-0.109372 0.0846859 0)
(-0.113664 0.0779917 0)
(-0.11794 0.0701805 0)
(-0.122173 0.0612253 0)
(-0.126339 0.0511155 0)
(-0.130409 0.0398579 0)
(-0.134353 0.0274771 0)
(-0.138142 0.014015 0)
(-0.141757 -0.000467887 0)
(-0.145135 -0.0158627 0)
(-0.14825 -0.0320761 0)
(-0.151088 -0.0490386 0)
(-0.153616 -0.0666562 0)
(-0.155795 -0.0848167 0)
(-0.15758 -0.103394 0)
(-0.158917 -0.122248 0)
(-0.159743 -0.14122 0)
(-0.159982 -0.160127 0)
(-0.15955 -0.178762 0)
(-0.158354 -0.196882 0)
(-0.156297 -0.214206 0)
(-0.15328 -0.23041 0)
(-0.149203 -0.245123 0)
(-0.143979 -0.257927 0)
(-0.137533 -0.26836 0)
(-0.129813 -0.275918 0)
(-0.120799 -0.280068 0)
(-0.110516 -0.280264 0)
(-0.0990466 -0.275972 0)
(-0.0865444 -0.266707 0)
(-0.0732546 -0.252089 0)
(-0.0595271 -0.231907 0)
(-0.0458265 -0.206199 0)
(-0.0327333 -0.175338 0)
(-0.0209207 -0.140078 0)
(-0.0110616 -0.101546 0)
(-0.00380093 -0.0611132 0)
(-0.000448966 -0.020157 0)
(-8.27467e-06 0.00418477 0)
(-8.12095e-05 0.0117676 0)
(-0.000251837 0.0186154 0)
(-0.000503765 0.0247773 0)
(-0.000834721 0.0303015 0)
(-0.00124146 0.0352355 0)
(-0.00171904 0.0396259 0)
(-0.00226207 0.0435187 0)
(-0.00286497 0.0469584 0)
(-0.00352209 0.0499884 0)
(-0.00422794 0.0526505 0)
(-0.00497726 0.0549846 0)
(-0.00576514 0.0570287 0)
(-0.00658712 0.0588187 0)
(-0.00743917 0.0603883 0)
(-0.00831778 0.0617687 0)
(-0.00921995 0.0629888 0)
(-0.0101432 0.0640752 0)
(-0.0110854 0.0650523 0)
(-0.0120452 0.065942 0)
(-0.0130214 0.0667641 0)
(-0.0140134 0.0675366 0)
(-0.0150209 0.0682755 0)
(-0.0160442 0.0689949 0)
(-0.0170838 0.0697076 0)
(-0.0181405 0.070425 0)
(-0.0192157 0.0711572 0)
(-0.020311 0.0719132 0)
(-0.0214283 0.0727013 0)
(-0.0225699 0.0735288 0)
(-0.0237385 0.0744024 0)
(-0.0249371 0.0753285 0)
(-0.026169 0.0763125 0)
(-0.027438 0.0773596 0)
(-0.0287481 0.0784746 0)
(-0.0301038 0.0796615 0)
(-0.03151 0.080924 0)
(-0.0329717 0.0822646 0)
(-0.0344946 0.0836852 0)
(-0.0360845 0.0851863 0)
(-0.0377474 0.086767 0)
(-0.0394896 0.0884244 0)
(-0.0413177 0.0901531 0)
(-0.043238 0.091945 0)
(-0.045257 0.0937883 0)
(-0.0473808 0.0956671 0)
(-0.0496154 0.0975609 0)
(-0.0519661 0.0994435 0)
(-0.0544375 0.101283 0)
(-0.0570335 0.103039 0)
(-0.0597569 0.104667 0)
(-0.0626091 0.106114 0)
(-0.0655904 0.107317 0)
(-0.0686994 0.108209 0)
(-0.0719331 0.108716 0)
(-0.0752867 0.108756 0)
(-0.0787537 0.108246 0)
(-0.0823257 0.107098 0)
(-0.0859927 0.105223 0)
(-0.0897428 0.102535 0)
(-0.0935626 0.0989521 0)
(-0.0974372 0.0943968 0)
(-0.10135 0.0888021 0)
(-0.105284 0.0821116 0)
(-0.109221 0.0742822 0)
(-0.11314 0.0652858 0)
(-0.117022 0.0551107 0)
(-0.120844 0.0437625 0)
(-0.124583 0.0312646 0)
(-0.128214 0.0176578 0)
(-0.131714 0.00300254 0)
(-0.135068 -0.0126094 0)
(-0.138199 -0.0290625 0)
(-0.141118 -0.0462908 0)
(-0.143792 -0.0642056 0)
(-0.146185 -0.0827028 0)
(-0.148256 -0.101666 0)
(-0.149953 -0.120964 0)
(-0.15121 -0.14045 0)
(-0.151952 -0.159952 0)
(-0.152091 -0.179272 0)
(-0.15153 -0.198176 0)
(-0.150165 -0.216386 0)
(-0.147888 -0.23358 0)
(-0.14459 -0.249383 0)
(-0.14017 -0.263367 0)
(-0.134539 -0.27505 0)
(-0.127627 -0.283905 0)
(-0.119395 -0.28936 0)
(-0.109843 -0.290821 0)
(-0.0990254 -0.28769 0)
(-0.0870679 -0.2794 0)
(-0.0741866 -0.265472 0)
(-0.0607072 -0.245579 0)
(-0.0470799 -0.219639 0)
(-0.0338883 -0.187912 0)
(-0.0218335 -0.15107 0)
(-0.0116426 -0.110217 0)
(-0.0040408 -0.0667687 0)
(-0.000487887 -0.0222049 0)
(-7.73996e-06 0.00422546 0)
(-7.72931e-05 0.0118911 0)
(-0.000240925 0.0188212 0)
(-0.000483489 0.0250633 0)
(-0.000803075 0.0306642 0)
(-0.00119669 0.0356706 0)
(-0.00165961 0.0401285 0)
(-0.00218657 0.0440833 0)
(-0.0027721 0.0475794 0)
(-0.00341061 0.0506603 0)
(-0.00409661 0.0533679 0)
(-0.00482487 0.0557424 0)
(-0.00559045 0.0578223 0)
(-0.00638884 0.0596438 0)
(-0.00721599 0.061241 0)
(-0.0080683 0.0626457 0)
(-0.00894269 0.0638874 0)
(-0.00983656 0.0649932 0)
(-0.0107478 0.0659876 0)
(-0.0116747 0.0668934 0)
(-0.0126161 0.0677307 0)
(-0.0135712 0.0685178 0)
(-0.0145396 0.0692711 0)
(-0.0155212 0.0700053 0)
(-0.0165164 0.0707334 0)
(-0.0175259 0.0714671 0)
(-0.0185506 0.0722169 0)
(-0.0195919 0.0729923 0)
(-0.0206515 0.0738016 0)
(-0.0217312 0.0746527 0)
(-0.0228335 0.0755526 0)
(-0.0239608 0.0765078 0)
(-0.0251161 0.0775244 0)
(-0.0263026 0.0786077 0)
(-0.027524 0.0797629 0)
(-0.0287841 0.0809945 0)
(-0.0300872 0.0823062 0)
(-0.0314377 0.0837011 0)
(-0.0328404 0.0851814 0)
(-0.0343005 0.0867478 0)
(-0.0358233 0.0883995 0)
(-0.037414 0.0901338 0)
(-0.0390784 0.0919455 0)
(-0.0408219 0.0938264 0)
(-0.04265 0.0957645 0)
(-0.0445679 0.0977438 0)
(-0.0465807 0.0997432 0)
(-0.0486928 0.101736 0)
(-0.0509081 0.103689 0)
(-0.0532298 0.105563 0)
(-0.0556604 0.10731 0)
(-0.0582012 0.108876 0)
(-0.0608525 0.110199 0)
(-0.0636134 0.111209 0)
(-0.0664819 0.11183 0)
(-0.0694545 0.11198 0)
(-0.0725265 0.111573 0)
(-0.075692 0.11052 0)
(-0.0789437 0.108731 0)
(-0.0822732 0.106118 0)
(-0.085671 0.102598 0)
(-0.0891266 0.098092 0)
(-0.0926285 0.0925325 0)
(-0.0961646 0.0858619 0)
(-0.0997219 0.0780362 0)
(-0.103287 0.0690263 0)
(-0.106845 0.0588197 0)
(-0.110381 0.0474208 0)
(-0.113878 0.0348516 0)
(-0.117317 0.0211513 0)
(-0.120677 0.006379 0)
(-0.123958 -0.00938222 0)
(-0.127073 -0.0260137 0)
(-0.130043 -0.0434432 0)
(-0.132836 -0.0615868 0)
(-0.13542 -0.0803491 0)
(-0.137755 -0.0996237 0)
(-0.139791 -0.119292 0)
(-0.141464 -0.139218 0)
(-0.142695 -0.159243 0)
(-0.143397 -0.17918 0)
(-0.143467 -0.198804 0)
(-0.142795 -0.217845 0)
(-0.141266 -0.235982 0)
(-0.138763 -0.252838 0)
(-0.135174 -0.267976 0)
(-0.130397 -0.280902 0)
(-0.124347 -0.291062 0)
(-0.116964 -0.297854 0)
(-0.108227 -0.300638 0)
(-0.0981613 -0.298753 0)
(-0.0868634 -0.291555 0)
(-0.0745169 -0.278461 0)
(-0.0614174 -0.259025 0)
(-0.0479933 -0.233031 0)
(-0.0348219 -0.200605 0)
(-0.0226232 -0.16231 0)
(-0.0121711 -0.119195 0)
(-0.00426872 -0.0726959 0)
(-0.000527149 -0.0243807 0)
(-7.23291e-06 0.00426412 0)
(-7.35704e-05 0.0120093 0)
(-0.000230528 0.0190191 0)
(-0.00046411 0.0253391 0)
(-0.000772722 0.0310149 0)
(-0.00115358 0.036092 0)
(-0.00160213 0.0406158 0)
(-0.00211325 0.0446312 0)
(-0.00268151 0.0481824 0)
(-0.00330138 0.0513129 0)
(-0.0039674 0.0540647 0)
(-0.00467432 0.0564784 0)
(-0.0054172 0.0585927 0)
(-0.00619148 0.0604443 0)
(-0.00699307 0.0620677 0)
(-0.00781832 0.0634954 0)
(-0.00866407 0.064757 0)
(-0.00952761 0.0658803 0)
(-0.0104067 0.0668905 0)
(-0.0112996 0.0678103 0)
(-0.0122049 0.0686606 0)
(-0.0131217 0.0694601 0)
(-0.0140493 0.0702255 0)
(-0.0149876 0.0709717 0)
(-0.0159365 0.0717123 0)
(-0.0168966 0.0724592 0)
(-0.0178686 0.0732232 0)
(-0.0188534 0.0740141 0)
(-0.0198524 0.0748406 0)
(-0.0208672 0.0757108 0)
(-0.0218996 0.076632 0)
(-0.0229519 0.0776111 0)
(-0.0240263 0.0786544 0)
(-0.0251258 0.0797676 0)
(-0.0262532 0.0809562 0)
(-0.0274119 0.0822248 0)
(-0.0286053 0.0835776 0)
(-0.0298374 0.085018 0)
(-0.031112 0.0865482 0)
(-0.0324336 0.0881693 0)
(-0.0338064 0.0898807 0)
(-0.035235 0.0916797 0)
(-0.0367239 0.0935612 0)
(-0.0382777 0.0955168 0)
(-0.0399009 0.0975345 0)
(-0.0415977 0.099598 0)
(-0.043372 0.101686 0)
(-0.0452276 0.103771 0)
(-0.0471676 0.10582 0)
(-0.0491946 0.107792 0)
(-0.0513105 0.109639 0)
(-0.0535167 0.111306 0)
(-0.0558134 0.112729 0)
(-0.0582005 0.113838 0)
(-0.0606768 0.114556 0)
(-0.0632403 0.1148 0)
(-0.0658881 0.114483 0)
(-0.0686168 0.113514 0)
(-0.071422 0.111804 0)
(-0.0742989 0.109262 0)
(-0.0772419 0.105805 0)
(-0.0802449 0.101354 0)
(-0.0833016 0.0958398 0)
(-0.0864051 0.0892048 0)
(-0.0895481 0.0814044 0)
(-0.092723 0.0724091 0)
(-0.0959219 0.0622053 0)
(-0.0991362 0.0507967 0)
(-0.102356 0.0382039 0)
(-0.105568 0.0244642 0)
(-0.108755 0.00963255 0)
(-0.111929 -0.00621653 0)
(-0.114998 -0.0229625 0)
(-0.117988 -0.040525 0)
(-0.120872 -0.0588262 0)
(-0.123621 -0.0777799 0)
(-0.126195 -0.0972907 0)
(-0.128547 -0.117252 0)
(-0.130613 -0.137542 0)
(-0.132315 -0.158015 0)
(-0.133561 -0.178497 0)
(-0.134248 -0.198774 0)
(-0.134259 -0.218583 0)
(-0.133475 -0.237608 0)
(-0.131771 -0.255472 0)
(-0.129026 -0.27173 0)
(-0.125127 -0.285876 0)
(-0.119977 -0.297337 0)
(-0.113498 -0.305481 0)
(-0.105646 -0.309627 0)
(-0.0964232 -0.309058 0)
(-0.0858919 -0.303053 0)
(-0.0742017 -0.290928 0)
(-0.0616132 -0.272114 0)
(-0.0485254 -0.246249 0)
(-0.0355001 -0.213304 0)
(-0.0232652 -0.173709 0)
(-0.0126332 -0.12842 0)
(-0.0044797 -0.0788645 0)
(-0.000566185 -0.0266776 0)
(-6.761e-06 0.00430086 0)
(-7.00948e-05 0.0121225 0)
(-0.000220791 0.0192093 0)
(-0.000445888 0.0256051 0)
(-0.000744046 0.0313539 0)
(-0.00111264 0.0365001 0)
(-0.00154726 0.0410882 0)
(-0.00204285 0.0451626 0)
(-0.00259405 0.0487675 0)
(-0.00319537 0.0519462 0)
(-0.00384134 0.0547408 0)
(-0.00452672 0.0571922 0)
(-0.00524656 0.0593395 0)
(-0.00599628 0.0612197 0)
(-0.00677174 0.0628678 0)
(-0.00756923 0.0643167 0)
(-0.00838554 0.0655967 0)
(-0.00921786 0.0667358 0)
(-0.0100639 0.0677597 0)
(-0.0109216 0.0686916 0)
(-0.0117897 0.0695528 0)
(-0.0126668 0.0703622 0)
(-0.0135522 0.071137 0)
(-0.0144456 0.0718925 0)
(-0.0153466 0.0726425 0)
(-0.0162555 0.0733992 0)
(-0.0171727 0.0741738 0)
(-0.0180988 0.0749762 0)
(-0.0190348 0.0758155 0)
(-0.0199819 0.0767 0)
(-0.0209415 0.0776373 0)
(-0.0219153 0.0786346 0)
(-0.0229052 0.0796984 0)
(-0.0239134 0.0808347 0)
(-0.0249422 0.0820491 0)
(-0.0259943 0.0833467 0)
(-0.0270724 0.0847318 0)
(-0.0281797 0.086208 0)
(-0.0293193 0.0877778 0)
(-0.0304946 0.0894423 0)
(-0.031709 0.0912011 0)
(-0.032966 0.0930515 0)
(-0.0342693 0.0949885 0)
(-0.0356223 0.0970035 0)
(-0.0370284 0.0990846 0)
(-0.0384909 0.101215 0)
(-0.0400127 0.103373 0)
(-0.0415968 0.105532 0)
(-0.0432453 0.107656 0)
(-0.0449603 0.109706 0)
(-0.0467434 0.111632 0)
(-0.0485957 0.113379 0)
(-0.0505178 0.114883 0)
(-0.0525101 0.116072 0)
(-0.0545722 0.11687 0)
(-0.0567038 0.117191 0)
(-0.058904 0.116949 0)
(-0.0611715 0.116053 0)
(-0.0635053 0.114412 0)
(-0.0659037 0.111937 0)
(-0.0683654 0.108543 0)
(-0.0708887 0.104151 0)
(-0.0734723 0.0986924 0)
(-0.0761145 0.0921083 0)
(-0.0788139 0.0843544 0)
(-0.0815689 0.0754008 0)
(-0.0843776 0.0652337 0)
(-0.0872381 0.0538558 0)
(-0.0901474 0.0412867 0)
(-0.0930983 0.0275615 0)
(-0.0960806 0.0127295 0)
(-0.0991136 -0.0031443 0)
(-0.102109 -0.0199392 0)
(-0.10509 -0.0375646 0)
(-0.108038 -0.055951 0)
(-0.110924 -0.0750219 0)
(-0.11371 -0.0946926 0)
(-0.116351 -0.11487 0)
(-0.118783 -0.135446 0)
(-0.120928 -0.15629 0)
(-0.122694 -0.177243 0)
(-0.123973 -0.198102 0)
(-0.124648 -0.218613 0)
(-0.124592 -0.238466 0)
(-0.123677 -0.257283 0)
(-0.121775 -0.274616 0)
(-0.118765 -0.289948 0)
(-0.114537 -0.30269 0)
(-0.109001 -0.312185 0)
(-0.102094 -0.317715 0)
(-0.0937901 -0.318512 0)
(-0.0841226 -0.313784 0)
(-0.0732036 -0.30275 0)
(-0.0612544 -0.284714 0)
(-0.0486375 -0.25916 0)
(-0.0358894 -0.22589 0)
(-0.023735 -0.185166 0)
(-0.0130143 -0.137822 0)
(-0.00466841 -0.0852369 0)
(-0.000604339 -0.0290863 0)
(-6.33262e-06 0.00433584 0)
(-6.69256e-05 0.0122311 0)
(-0.000211871 0.0193926 0)
(-0.0004291 0.025862 0)
(-0.000717457 0.0316819 0)
(-0.00107442 0.0368953 0)
(-0.00149565 0.041546 0)
(-0.00197617 0.045678 0)
(-0.00251062 0.049335 0)
(-0.00309354 0.0525602 0)
(-0.00371947 0.0553961 0)
(-0.00438318 0.0578836 0)
(-0.00507971 0.0600622 0)
(-0.00580446 0.0619695 0)
(-0.00655326 0.0636407 0)
(-0.00732238 0.0651092 0)
(-0.00810851 0.0664057 0)
(-0.00890879 0.0675587 0)
(-0.00972078 0.0685943 0)
(-0.0105424 0.0695361 0)
(-0.0113721 0.0704058 0)
(-0.0122085 0.0712227 0)
(-0.0130505 0.0720043 0)
(-0.0138976 0.0727661 0)
(-0.0147492 0.0735223 0)
(-0.0156053 0.0742853 0)
(-0.016466 0.0750666 0)
(-0.0173315 0.0758763 0)
(-0.0182024 0.0767238 0)
(-0.0190795 0.0776176 0)
(-0.0199636 0.0785655 0)
(-0.0208561 0.0795749 0)
(-0.0217583 0.0806526 0)
(-0.0226716 0.0818047 0)
(-0.0235979 0.0830372 0)
(-0.024539 0.0843551 0)
(-0.0254969 0.0857632 0)
(-0.0264741 0.087265 0)
(-0.0274726 0.0888632 0)
(-0.028495 0.0905591 0)
(-0.0295438 0.0923523 0)
(-0.0306215 0.0942402 0)
(-0.0317305 0.0962176 0)
(-0.0328734 0.0982761 0)
(-0.0340524 0.100403 0)
(-0.0352699 0.102583 0)
(-0.0365278 0.104792 0)
(-0.037828 0.107004 0)
(-0.0391721 0.109184 0)
(-0.0405616 0.11129 0)
(-0.0419975 0.113274 0)
(-0.0434811 0.11508 0)
(-0.0450131 0.116643 0)
(-0.0465944 0.117893 0)
(-0.0482259 0.11875 0)
(-0.0499085 0.119132 0)
(-0.0516432 0.11895 0)
(-0.0534316 0.118115 0)
(-0.0552751 0.116535 0)
(-0.0571758 0.114122 0)
(-0.0591363 0.110789 0)
(-0.0611594 0.10646 0)
(-0.0632485 0.101065 0)
(-0.0654073 0.0945466 0)
(-0.0676399 0.0868592 0)
(-0.0699507 0.0779736 0)
(-0.0723439 0.0678756 0)
(-0.0748236 0.0565674 0)
(-0.0773932 0.0440672 0)
(-0.0800526 0.0304085 0)
(-0.0827977 0.0156365 0)
(-0.0856427 -0.000191611 0)
(-0.0885526 -0.0169686 0)
(-0.0914989 -0.034588 0)
(-0.094483 -0.0529887 0)
(-0.0974765 -0.0721033 0)
(-0.100445 -0.0918586 0)
(-0.103343 -0.112175 0)
(-0.106109 -0.13296 0)
(-0.108664 -0.154099 0)
(-0.110916 -0.175447 0)
(-0.112755 -0.196815 0)
(-0.114061 -0.217959 0)
(-0.114707 -0.238574 0)
(-0.114558 -0.258283 0)
(-0.113484 -0.276637 0)
(-0.111357 -0.29311 0)
(-0.10806 -0.307098 0)
(-0.103491 -0.317924 0)
(-0.0975707 -0.32484 0)
(-0.0902507 -0.327033 0)
(-0.081533 -0.323646 0)
(-0.0714918 -0.313807 0)
(-0.0603056 -0.296693 0)
(-0.0482939 -0.27163 0)
(-0.0359581 -0.238234 0)
(-0.024008 -0.196574 0)
(-0.0132995 -0.147322 0)
(-0.00482914 -0.0917682 0)
(-0.000640863 -0.0315946 0)
(-5.95723e-06 0.00436922 0)
(-6.4128e-05 0.0123355 0)
(-0.000203943 0.0195693 0)
(-0.000414052 0.0261104 0)
(-0.000693399 0.0319994 0)
(-0.00103949 0.0372783 0)
(-0.00144802 0.0419899 0)
(-0.001914 0.0461776 0)
(-0.00243211 0.0498849 0)
(-0.00299687 0.0531551 0)
(-0.00360284 0.0560305 0)
(-0.00424479 0.0585525 0)
(-0.00491777 0.0607607 0)
(-0.00561719 0.0626932 0)
(-0.00633885 0.0643858 0)
(-0.007079 0.065872 0)
(-0.00783428 0.0671831 0)
(-0.00860177 0.0683481 0)
(-0.00937893 0.0693933 0)
(-0.0101636 0.0703429 0)
(-0.010954 0.0712188 0)
(-0.0117485 0.0720406 0)
(-0.0125461 0.0728261 0)
(-0.0133458 0.0735913 0)
(-0.0141468 0.0743503 0)
(-0.0149488 0.075116 0)
(-0.0157514 0.0759 0)
(-0.0165548 0.0767126 0)
(-0.0173588 0.0775635 0)
(-0.018164 0.0784613 0)
(-0.0189706 0.0794141 0)
(-0.0197794 0.0804293 0)
(-0.0205912 0.0815139 0)
(-0.0214068 0.0826744 0)
(-0.0222272 0.0839166 0)
(-0.0230538 0.0852459 0)
(-0.0238876 0.086667 0)
(-0.0247301 0.0881838 0)
(-0.0255828 0.0897989 0)
(-0.0264471 0.0915137 0)
(-0.0273245 0.0933277 0)
(-0.0282164 0.0952385 0)
(-0.0291244 0.0972406 0)
(-0.0300499 0.0993257 0)
(-0.0309941 0.101481 0)
(-0.0319582 0.103691 0)
(-0.0329434 0.105932 0)
(-0.0339506 0.108176 0)
(-0.0349807 0.11039 0)
(-0.0360346 0.112532 0)
(-0.0371131 0.114552 0)
(-0.0382174 0.116395 0)
(-0.0393484 0.117996 0)
(-0.0405078 0.119285 0)
(-0.0416974 0.120184 0)
(-0.0429195 0.120608 0)
(-0.0441772 0.120472 0)
(-0.0454743 0.119685 0)
(-0.0468153 0.118156 0)
(-0.0482056 0.115798 0)
(-0.0496517 0.112527 0)
(-0.0511607 0.108263 0)
(-0.0527407 0.10294 0)
(-0.0544006 0.0965 0)
(-0.0561499 0.0888984 0)
(-0.0579987 0.0801058 0)
(-0.0599572 0.070108 0)
(-0.0620357 0.0589067 0)
(-0.0642437 0.0465188 0)
(-0.0665884 0.0329758 0)
(-0.0690723 0.0183205 0)
(-0.0716992 0.00260772 0)
(-0.0744938 -0.0140776 0)
(-0.0773749 -0.0316229 0)
(-0.0803648 -0.0499689 0)
(-0.0834351 -0.0690554 0)
(-0.0865524 -0.0888214 0)
(-0.0896721 -0.109202 0)
(-0.0927338 -0.13012 0)
(-0.09566 -0.151478 0)
(-0.0983564 -0.173147 0)
(-0.100714 -0.19495 0)
(-0.102611 -0.216655 0)
(-0.103917 -0.237963 0)
(-0.1045 -0.2585 0)
(-0.104224 -0.277812 0)
(-0.10296 -0.295367 0)
(-0.100587 -0.310552 0)
(-0.096994 -0.322672 0)
(-0.0920883 -0.330956 0)
(-0.085802 -0.334553 0)
(-0.0781078 -0.332549 0)
(-0.0690417 -0.323987 0)
(-0.0587362 -0.307925 0)
(-0.0474617 -0.283525 0)
(-0.0356756 -0.250204 0)
(-0.0240603 -0.207816 0)
(-0.0134735 -0.156832 0)
(-0.00495586 -0.0984061 0)
(-0.000674912 -0.0341871 0)
(-5.6456e-06 0.00440123 0)
(-6.17746e-05 0.0124362 0)
(-0.000197196 0.0197404 0)
(-0.000401072 0.0263512 0)
(-0.000672342 0.0323075 0)
(-0.00100846 0.03765 0)
(-0.00140508 0.0424205 0)
(-0.00185719 0.0466621 0)
(-0.00235943 0.0504178 0)
(-0.00290632 0.053731 0)
(-0.00349245 0.056644 0)
(-0.00411259 0.0591986 0)
(-0.0047618 0.0614346 0)
(-0.00543553 0.0633905 0)
(-0.00612959 0.0651025 0)
(-0.0068402 0.0666046 0)
(-0.00756399 0.0679285 0)
(-0.00829797 0.0691033 0)
(-0.00903954 0.0701561 0)
(-0.00978641 0.0711112 0)
(-0.0105366 0.0719908 0)
(-0.0112886 0.0728149 0)
(-0.0120407 0.0736015 0)
(-0.012792 0.0743668 0)
(-0.0135415 0.0751253 0)
(-0.0142883 0.07589 0)
(-0.0150318 0.0766726 0)
(-0.0157717 0.0774837 0)
(-0.0165076 0.078333 0)
(-0.0172393 0.0792294 0)
(-0.0179668 0.0801811 0)
(-0.0186902 0.0811956 0)
(-0.0194095 0.08228 0)
(-0.0201251 0.0834409 0)
(-0.0208373 0.0846843 0)
(-0.0215465 0.0860156 0)
(-0.0222532 0.0874397 0)
(-0.0229578 0.0889604 0)
(-0.0236609 0.0905803 0)
(-0.024363 0.092301 0)
(-0.0250646 0.0941219 0)
(-0.0257662 0.0960405 0)
(-0.0264682 0.0980514 0)
(-0.0271709 0.100146 0)
(-0.0278747 0.102312 0)
(-0.0285797 0.104532 0)
(-0.0292861 0.106785 0)
(-0.0299941 0.109041 0)
(-0.0307039 0.111268 0)
(-0.0314159 0.113423 0)
(-0.0321308 0.115457 0)
(-0.0328495 0.117316 0)
(-0.0335735 0.118934 0)
(-0.0343048 0.120242 0)
(-0.0350465 0.121162 0)
(-0.0358023 0.121612 0)
(-0.0365772 0.121505 0)
(-0.0373773 0.120753 0)
(-0.0382098 0.119266 0)
(-0.0390835 0.116958 0)
(-0.0400085 0.113744 0)
(-0.0409962 0.109549 0)
(-0.0420592 0.104305 0)
(-0.0432113 0.0979561 0)
(-0.0444672 0.090458 0)
(-0.0458427 0.081782 0)
(-0.0473537 0.0719142 0)
(-0.0490165 0.0608557 0)
(-0.0508471 0.0486224 0)
(-0.0528597 0.0352437 0)
(-0.0550633 0.02076 0)
(-0.0574626 0.00522293 0)
(-0.0600963 -0.0112988 0)
(-0.0628818 -0.0287019 0)
(-0.0658452 -0.0469239 0)
(-0.0689586 -0.0659119 0)
(-0.0721885 -0.0856171 0)
(-0.0754909 -0.105989 0)
(-0.0788063 -0.126967 0)
(-0.0820574 -0.148471 0)
(-0.0851498 -0.170388 0)
(-0.0879741 -0.192554 0)
(-0.0904095 -0.214749 0)
(-0.0923265 -0.236678 0)
(-0.0935914 -0.25797 0)
(-0.0940712 -0.278171 0)
(-0.0936369 -0.296741 0)
(-0.0921656 -0.313059 0)
(-0.0895425 -0.32642 0)
(-0.0856649 -0.336031 0)
(-0.0804483 -0.341016 0)
(-0.0738386 -0.340412 0)
(-0.0658342 -0.333188 0)
(-0.0565198 -0.318286 0)
(-0.0461114 -0.294709 0)
(-0.0350134 -0.261665 0)
(-0.0238681 -0.218769 0)
(-0.013521 -0.166254 0)
(-0.00504224 -0.105091 0)
(-0.000705537 -0.0368451 0)
(-5.41004e-06 0.00443212 0)
(-5.99461e-05 0.0125339 0)
(-0.000191837 0.0199066 0)
(-0.000390513 0.0265853 0)
(-0.000654786 0.032607 0)
(-0.000981962 0.0380111 0)
(-0.00136759 0.0428387 0)
(-0.00180655 0.047132 0)
(-0.00229346 0.0509341 0)
(-0.00282282 0.0542881 0)
(-0.00338922 0.0572368 0)
(-0.00398747 0.0598218 0)
(-0.0046127 0.0620837 0)
(-0.00526036 0.064061 0)
(-0.00592633 0.0657904 0)
(-0.00660683 0.0673064 0)
(-0.00729849 0.0686409 0)
(-0.00799828 0.0698237 0)
(-0.00870354 0.0708818 0)
(-0.00941189 0.0718401 0)
(-0.0101212 0.072721 0)
(-0.0108297 0.0735447 0)
(-0.0115358 0.0743296 0)
(-0.012238 0.075092 0)
(-0.012935 0.0758465 0)
(-0.0136258 0.0766064 0)
(-0.0143094 0.0773834 0)
(-0.014985 0.0781884 0)
(-0.0156517 0.0790312 0)
(-0.016309 0.0799206 0)
(-0.0169562 0.080865 0)
(-0.0175928 0.0818721 0)
(-0.0182184 0.082949 0)
(-0.0188325 0.0841023 0)
(-0.0194347 0.0853381 0)
(-0.0200247 0.0866619 0)
(-0.0206021 0.0880785 0)
(-0.0211665 0.0895917 0)
(-0.0217175 0.0912043 0)
(-0.0222548 0.0929176 0)
(-0.0227778 0.0947312 0)
(-0.023286 0.0966423 0)
(-0.0237788 0.0986456 0)
(-0.0242555 0.100733 0)
(-0.0247155 0.10289 0)
(-0.025158 0.105102 0)
(-0.0255823 0.107346 0)
(-0.025988 0.109594 0)
(-0.0263745 0.111812 0)
(-0.026742 0.113959 0)
(-0.0270907 0.115986 0)
(-0.0274218 0.117838 0)
(-0.027737 0.119452 0)
(-0.0280391 0.120758 0)
(-0.0283321 0.121681 0)
(-0.0286211 0.122139 0)
(-0.028913 0.122047 0)
(-0.029216 0.121317 0)
(-0.0295401 0.119862 0)
(-0.0298972 0.117597 0)
(-0.0303009 0.114439 0)
(-0.0307666 0.110314 0)
(-0.0313112 0.105155 0)
(-0.0319531 0.0989083 0)
(-0.032712 0.0915303 0)
(-0.0336089 0.0829932 0)
(-0.0346655 0.0732833 0)
(-0.0359037 0.0624019 0)
(-0.0373456 0.0503637 0)
(-0.0390118 0.0371964 0)
(-0.0409171 0.0229372 0)
(-0.0430696 0.00763215 0)
(-0.0455148 -0.00866325 0)
(-0.0481771 -0.0258569 0)
(-0.0510827 -0.0438868 0)
(-0.0542048 -0.0627081 0)
(-0.0575095 -0.0822843 0)
(-0.0609521 -0.102579 0)
(-0.0644734 -0.123548 0)
(-0.0679973 -0.145129 0)
(-0.0714294 -0.167224 0)
(-0.0746609 -0.189684 0)
(-0.0775727 -0.212296 0)
(-0.0800382 -0.234774 0)
(-0.0819259 -0.256748 0)
(-0.0831062 -0.277759 0)
(-0.083454 -0.297266 0)
(-0.0828487 -0.314641 0)
(-0.0811749 -0.329169 0)
(-0.0783244 -0.340048 0)
(-0.0741995 -0.346381 0)
(-0.0687226 -0.347168 0)
(-0.0618556 -0.341315 0)
(-0.0536344 -0.32766 0)
(-0.0442164 -0.305049 0)
(-0.0339444 -0.272479 0)
(-0.0234085 -0.229304 0)
(-0.0134263 -0.175484 0)
(-0.00508166 -0.111754 0)
(-0.000731677 -0.0395465 0)
(-5.26476e-06 0.0044622 0)
(-5.87325e-05 0.0126293 0)
(-0.000188095 0.020069 0)
(-0.000382754 0.0268138 0)
(-0.000641254 0.0328991 0)
(-0.000960644 0.0383628 0)
(-0.00133627 0.0432452 0)
(-0.00176288 0.047588 0)
(-0.00223502 0.0514341 0)
(-0.00274715 0.0548267 0)
(-0.00329392 0.0578087 0)
(-0.00387018 0.0604221 0)
(-0.00447112 0.0627075 0)
(-0.0050923 0.0647042 0)
(-0.00572963 0.066449 0)
(-0.0063794 0.0679768 0)
(-0.00703825 0.0693199 0)
(-0.00770316 0.0705084 0)
(-0.00837141 0.0715697 0)
(-0.00904053 0.0725289 0)
(-0.00970832 0.0734086 0)
(-0.0103728 0.0742295 0)
(-0.0110321 0.0750098 0)
(-0.0116845 0.0757661 0)
(-0.0123286 0.0765132 0)
(-0.0129629 0.0772645 0)
(-0.013586 0.0780318 0)
(-0.0141967 0.0788261 0)
(-0.0147937 0.0796571 0)
(-0.0153759 0.080534 0)
(-0.0159422 0.081465 0)
(-0.0164914 0.0824579 0)
(-0.0170225 0.0835198 0)
(-0.0175342 0.0846573 0)
(-0.0180255 0.0858766 0)
(-0.0184953 0.0871832 0)
(-0.0189423 0.0885817 0)
(-0.0193653 0.090076 0)
(-0.019763 0.0916689 0)
(-0.0201341 0.0933615 0)
(-0.0204771 0.0951533 0)
(-0.0207905 0.0970417 0)
(-0.0210727 0.0990212 0)
(-0.0213221 0.101083 0)
(-0.0215372 0.103215 0)
(-0.0217162 0.105399 0)
(-0.0218578 0.107615 0)
(-0.0219608 0.109834 0)
(-0.0220242 0.112022 0)
(-0.0220477 0.114139 0)
(-0.0220315 0.116137 0)
(-0.0219768 0.117962 0)
(-0.0218858 0.119551 0)
(-0.0217618 0.120837 0)
(-0.0216099 0.121743 0)
(-0.0214367 0.122192 0)
(-0.0212505 0.1221 0)
(-0.0210619 0.12138 0)
(-0.0208834 0.119947 0)
(-0.0207296 0.117718 0)
(-0.0206177 0.114613 0)
(-0.0205668 0.110559 0)
(-0.0205979 0.105492 0)
(-0.0207335 0.0993568 0)
(-0.020998 0.092114 0)
(-0.0214174 0.0837361 0)
(-0.0220185 0.0742101 0)
(-0.0228288 0.0635371 0)
(-0.0238756 0.0517316 0)
(-0.0251855 0.0388189 0)
(-0.0267788 0.0248331 0)
(-0.0286673 0.00981325 0)
(-0.0309007 -0.00619637 0)
(-0.033414 -0.023117 0)
(-0.0362314 -0.04089 0)
(-0.0393276 -0.05948 0)
(-0.0426672 -0.0788643 0)
(-0.0462036 -0.0990201 0)
(-0.049878 -0.119916 0)
(-0.0536163 -0.14151 0)
(-0.0573242 -0.163718 0)
(-0.060894 -0.186405 0)
(-0.0642108 -0.209364 0)
(-0.0671523 -0.232317 0)
(-0.0695919 -0.254895 0)
(-0.0714059 -0.276635 0)
(-0.0724764 -0.296992 0)
(-0.072689 -0.315332 0)
(-0.0719313 -0.33094 0)
(-0.0700936 -0.343004 0)
(-0.0670695 -0.350618 0)
(-0.062761 -0.35276 0)
(-0.0570961 -0.348284 0)
(-0.0500614 -0.335937 0)
(-0.0417526 -0.314416 0)
(-0.0324434 -0.282505 0)
(-0.0226591 -0.239285 0)
(-0.013174 -0.184407 0)
(-0.00506716 -0.118322 0)
(-0.000752146 -0.0422655 0)
(-5.22627e-06 0.00449182 0)
(-5.82335e-05 0.0127232 0)
(-0.000186213 0.0202287 0)
(-0.000378194 0.0270382 0)
(-0.000632282 0.0331851 0)
(-0.000945143 0.0387062 0)
(-0.00131183 0.0436409 0)
(-0.00172691 0.0480307 0)
(-0.0021848 0.0519184 0)
(-0.00267998 0.055347 0)
(-0.00320711 0.0583598 0)
(-0.00376116 0.060999 0)
(-0.00433742 0.0633058 0)
(-0.00493156 0.0653195 0)
(-0.0055396 0.0670775 0)
(-0.00615792 0.068615 0)
(-0.00678322 0.0699647 0)
(-0.00741249 0.0711568 0)
(-0.00804298 0.0722192 0)
(-0.00867219 0.073177 0)
(-0.00929777 0.0740532 0)
(-0.00991758 0.0748685 0)
(-0.0105296 0.0756414 0)
(-0.0111319 0.0763886 0)
(-0.0117226 0.0771249 0)
(-0.0123 0.0778638 0)
(-0.0128623 0.0786173 0)
(-0.0134079 0.0793962 0)
(-0.0139351 0.0802105 0)
(-0.0144421 0.0810692 0)
(-0.0149273 0.0819806 0)
(-0.015389 0.0829524 0)
(-0.0158253 0.0839919 0)
(-0.0162346 0.0851055 0)
(-0.0166148 0.0862993 0)
(-0.0169642 0.0875788 0)
(-0.0172806 0.0889487 0)
(-0.0175621 0.0904126 0)
(-0.0178064 0.0919733 0)
(-0.0180112 0.0936319 0)
(-0.0181742 0.0953878 0)
(-0.018293 0.0972382 0)
(-0.018365 0.0991776 0)
(-0.0183878 0.101197 0)
(-0.0183588 0.103285 0)
(-0.0182757 0.105423 0)
(-0.0181364 0.107591 0)
(-0.0179391 0.109761 0)
(-0.0176824 0.111899 0)
(-0.0173657 0.113966 0)
(-0.0169891 0.115915 0)
(-0.016554 0.117692 0)
(-0.016063 0.119237 0)
(-0.0155202 0.120482 0)
(-0.0149314 0.121356 0)
(-0.0143047 0.121779 0)
(-0.0136502 0.121672 0)
(-0.0129802 0.120949 0)
(-0.0123096 0.119529 0)
(-0.011656 0.117331 0)
(-0.0110396 0.114276 0)
(-0.0104832 0.110294 0)
(-0.0100113 0.105323 0)
(-0.0096505 0.0993099 0)
(-0.00942965 0.0922162 0)
(-0.00937912 0.0840159 0)
(-0.00953045 0.0746969 0)
(-0.0099157 0.0642606 0)
(-0.010567 0.0527206 0)
(-0.0115158 0.0401007 0)
(-0.0127879 0.0264316 0)
(-0.0143988 0.0117461 0)
(-0.0163998 -0.00392322 0)
(-0.0187398 -0.020513 0)
(-0.0214384 -0.0379696 0)
(-0.0244726 -0.0562697 0)
(-0.0278048 -0.0754046 0)
(-0.0313843 -0.0953648 0)
(-0.035153 -0.11613 0)
(-0.0390407 -0.137676 0)
(-0.0429533 -0.15994 0)
(-0.0467842 -0.182791 0)
(-0.0504247 -0.20603 0)
(-0.0537604 -0.229384 0)
(-0.0566712 -0.252486 0)
(-0.0590417 -0.274867 0)
(-0.0607651 -0.295976 0)
(-0.0617368 -0.31518 0)
(-0.0618509 -0.33176 0)
(-0.0610001 -0.344908 0)
(-0.0590737 -0.353713 0)
(-0.0559578 -0.357144 0)
(-0.0515489 -0.354022 0)
(-0.0457855 -0.343015 0)
(-0.0386987 -0.322685 0)
(-0.0304866 -0.291605 0)
(-0.0215982 -0.248573 0)
(-0.0127481 -0.192903 0)
(-0.00499147 -0.124711 0)
(-0.00076562 -0.0449723 0)
(-5.31381e-06 0.00452139 0)
(-5.85595e-05 0.0128167 0)
(-0.000186455 0.020387 0)
(-0.000377244 0.0272597 0)
(-0.000628404 0.0334663 0)
(-0.00093607 0.0390424 0)
(-0.0012949 0.0440269 0)
(-0.00169921 0.048461 0)
(-0.00214331 0.0523872 0)
(-0.00262166 0.055849 0)
(-0.00312902 0.0588899 0)
(-0.00366046 0.0615524 0)
(-0.00421144 0.0638779 0)
(-0.00477781 0.0659063 0)
(-0.00535573 0.0676753 0)
(-0.00594172 0.0692204 0)
(-0.00653257 0.0705745 0)
(-0.00712533 0.0717682 0)
(-0.00771725 0.0728294 0)
(-0.00830579 0.0737837 0)
(-0.00888851 0.0746541 0)
(-0.00946311 0.0754613 0)
(-0.0100274 0.0762241 0)
(-0.0105791 0.0769591 0)
(-0.0111163 0.0776814 0)
(-0.0116367 0.0784043 0)
(-0.0121382 0.0791398 0)
(-0.0126188 0.0798989 0)
(-0.0130762 0.0806914 0)
(-0.0135082 0.0815263 0)
(-0.0139126 0.082412 0)
(-0.0142871 0.083356 0)
(-0.0146292 0.0843655 0)
(-0.0149365 0.0854469 0)
(-0.0152063 0.0866064 0)
(-0.0154359 0.0878491 0)
(-0.0156226 0.0891798 0)
(-0.0157634 0.090602 0)
(-0.0158553 0.0921182 0)
(-0.0158951 0.0937296 0)
(-0.0158795 0.0954354 0)
(-0.0158053 0.0972328 0)
(-0.0156691 0.0991162 0)
(-0.0154676 0.101077 0)
(-0.0151974 0.103103 0)
(-0.0148557 0.105177 0)
(-0.0144395 0.107279 0)
(-0.0139466 0.10938 0)
(-0.0133754 0.111449 0)
(-0.0127249 0.113446 0)
(-0.0119954 0.115326 0)
(-0.0111883 0.117036 0)
(-0.0103067 0.118517 0)
(-0.00935533 0.119705 0)
(-0.00834106 0.120528 0)
(-0.00727321 0.120911 0)
(-0.00616334 0.120775 0)
(-0.00502595 0.12004 0)
(-0.00387808 0.118624 0)
(-0.00274004 0.11645 0)
(-0.001635 0.113443 0)
(-0.000588683 0.109535 0)
(0.000370732 0.104663 0)
(0.00121157 0.0987783 0)
(0.00190125 0.0918463 0)
(0.00240605 0.0838415 0)
(0.00269063 0.0747524 0)
(0.00271929 0.0645806 0)
(0.00245669 0.0533392 0)
(0.00186841 0.0410499 0)
(0.000924286 0.0277373 0)
(-0.000399694 0.0134178 0)
(-0.0021508 -0.00186729 0)
(-0.00429612 -0.0180769 0)
(-0.00684316 -0.0351656 0)
(-0.00977355 -0.0531245 0)
(-0.0130493 -0.0719603 0)
(-0.0166164 -0.0916769 0)
(-0.0204156 -0.11226 0)
(-0.0243814 -0.133707 0)
(-0.0284202 -0.155971 0)
(-0.0324269 -0.178928 0)
(-0.0363013 -0.20238 0)
(-0.0399411 -0.226061 0)
(-0.0432338 -0.249604 0)
(-0.0460751 -0.272532 0)
(-0.0483731 -0.294288 0)
(-0.0500365 -0.314239 0)
(-0.0509691 -0.331671 0)
(-0.0510698 -0.345778 0)
(-0.0502282 -0.35566 0)
(-0.0483187 -0.360287 0)
(-0.0452097 -0.358463 0)
(-0.0407934 -0.348798 0)
(-0.0350353 -0.329733 0)
(-0.0280516 -0.299639 0)
(-0.0202045 -0.257025 0)
(-0.0121327 -0.200844 0)
(-0.00484698 -0.130831 0)
(-0.000770611 -0.047633 0)
(-5.54987e-06 0.0045514 0)
(-5.98314e-05 0.0129109 0)
(-0.000189095 0.0205455 0)
(-0.00038032 0.0274799 0)
(-0.000630123 0.0337441 0)
(-0.000933952 0.0393728 0)
(-0.00128596 0.0444041 0)
(-0.00168017 0.0488792 0)
(-0.00211076 0.0528408 0)
(-0.0025722 0.0563327 0)
(-0.00305937 0.0593986 0)
(-0.00356754 0.0620814 0)
(-0.00409239 0.0644231 0)
(-0.00462996 0.0664638 0)
(-0.00517667 0.0682414 0)
(-0.0057292 0.0697919 0)
(-0.00628449 0.0711483 0)
(-0.00683967 0.0723415 0)
(-0.00739205 0.0733996 0)
(-0.00793904 0.0743483 0)
(-0.00847815 0.0752106 0)
(-0.00900694 0.0760074 0)
(-0.009523 0.0767575 0)
(-0.0100239 0.0774775 0)
(-0.0105073 0.0781825 0)
(-0.0109707 0.0788858 0)
(-0.0114116 0.0795995 0)
(-0.0118274 0.0803343 0)
(-0.0122155 0.0811001 0)
(-0.0125731 0.0819058 0)
(-0.0128975 0.0827596 0)
(-0.0131856 0.0836691 0)
(-0.0134344 0.0846413 0)
(-0.0136408 0.0856826 0)
(-0.0138014 0.0867989 0)
(-0.0139128 0.0879953 0)
(-0.0139713 0.0892763 0)
(-0.0139733 0.0906455 0)
(-0.0139148 0.0921052 0)
(-0.0137919 0.0936564 0)
(-0.0136005 0.0952983 0)
(-0.0133364 0.097028 0)
(-0.0129954 0.0988401 0)
(-0.0125736 0.100726 0)
(-0.0120669 0.102673 0)
(-0.0114717 0.104666 0)
(-0.0107847 0.106683 0)
(-0.0100031 0.108697 0)
(-0.009125 0.110678 0)
(-0.00814943 0.112587 0)
(-0.00707657 0.114379 0)
(-0.0059081 0.116003 0)
(-0.00464739 0.117404 0)
(-0.00330015 0.118516 0)
(-0.00187395 0.119273 0)
(-0.000379062 0.119602 0)
(0.00117226 0.119424 0)
(0.00276073 0.118664 0)
(0.00436799 0.117243 0)
(0.00597121 0.115087 0)
(0.00754453 0.112124 0)
(0.00905916 0.108288 0)
(0.0104831 0.103522 0)
(0.0117815 0.0977774 0)
(0.012918 0.0910198 0)
(0.0138555 0.0832255 0)
(0.0145554 0.0743837 0)
(0.0149792 0.064496 0)
(0.015089 0.0535746 0)
(0.0148489 0.0416397 0)
(0.014226 0.0287155 0)
(0.0131933 0.0148237 0)
(0.011717 -2.22113e-05 0)
(0.00978154 -0.0157989 0)
(0.00742261 -0.0324701 0)
(0.00464808 -0.0500408 0)
(0.0014929 -0.0685409 0)
(-0.00200276 -0.0880123 0)
(-0.00576534 -0.108379 0)
(-0.00972824 -0.129685 0)
(-0.0138041 -0.151903 0)
(-0.0178942 -0.174914 0)
(-0.0219069 -0.198513 0)
(-0.0257539 -0.222445 0)
(-0.0293332 -0.246345 0)
(-0.0325534 -0.269718 0)
(-0.0353416 -0.292004 0)
(-0.0376237 -0.312574 0)
(-0.0393155 -0.33072 0)
(-0.0403252 -0.345644 0)
(-0.0405473 -0.356462 0)
(-0.0398492 -0.362164 0)
(-0.0380754 -0.361553 0)
(-0.035074 -0.353199 0)
(-0.0307447 -0.335444 0)
(-0.0251177 -0.306469 0)
(-0.0184575 -0.264496 0)
(-0.0113121 -0.208097 0)
(-0.00462567 -0.136584 0)
(-0.000765436 -0.0502093 0)
(-5.96072e-06 0.00458238 0)
(-6.21795e-05 0.013007 0)
(-0.000194412 0.0207056 0)
(-0.000387811 0.0277005 0)
(-0.000637872 0.0340202 0)
(-0.000939178 0.0396984 0)
(-0.00128527 0.0447732 0)
(-0.00166982 0.0492858 0)
(-0.00208689 0.0532792 0)
(-0.00253101 0.0567977 0)
(-0.00299722 0.0598852 0)
(-0.00348106 0.0625854 0)
(-0.0039785 0.0649403 0)
(-0.00448589 0.0669906 0)
(-0.00499991 0.0687746 0)
(-0.00551751 0.0703282 0)
(-0.00603579 0.071685 0)
(-0.00655205 0.0728757 0)
(-0.00706365 0.0739288 0)
(-0.00756801 0.0748698 0)
(-0.00806258 0.075722 0)
(-0.00854482 0.0765062 0)
(-0.00901213 0.0772411 0)
(-0.00946187 0.0779435 0)
(-0.00989134 0.0786282 0)
(-0.0102977 0.0793086 0)
(-0.0106782 0.0799966 0)
(-0.0110297 0.0807029 0)
(-0.0113491 0.0814372 0)
(-0.0116331 0.0822084 0)
(-0.0118784 0.0830246 0)
(-0.0120814 0.0838931 0)
(-0.0122385 0.0848208 0)
(-0.0123456 0.0858141 0)
(-0.0123989 0.0868785 0)
(-0.0123941 0.0880192 0)
(-0.0123269 0.0892404 0)
(-0.0121927 0.0905456 0)
(-0.0119869 0.091937 0)
(-0.0117046 0.0934154 0)
(-0.0113411 0.0949801 0)
(-0.0108914 0.096628 0)
(-0.0103505 0.0983537 0)
(-0.00971383 0.100149 0)
(-0.00897666 0.102001 0)
(-0.00813479 0.103895 0)
(-0.00718446 0.10581 0)
(-0.0061226 0.107721 0)
(-0.00494699 0.109595 0)
(-0.00365642 0.111397 0)
(-0.00225134 0.113084 0)
(-0.000733587 0.114606 0)
(0.00089508 0.115909 0)
(0.00262507 0.116931 0)
(0.00444819 0.117607 0)
(0.00635283 0.117865 0)
(0.00832426 0.117635 0)
(0.0103435 0.116842 0)
(0.0123889 0.115411 0)
(0.0144351 0.11327 0)
(0.0164535 0.110351 0)
(0.0184123 0.106591 0)
(0.0202765 0.101935 0)
(0.0220081 0.096339 0)
(0.0235678 0.0897679 0)
(0.0249149 0.0821997 0)
(0.0260081 0.0736241 0)
(0.0268062 0.0640418 0)
(0.0272696 0.0534637 0)
(0.0273604 0.041907 0)
(0.027044 0.0293923 0)
(0.0262928 0.0159365 0)
(0.0250876 0.00154663 0)
(0.0233846 -0.0137754 0)
(0.0212408 -0.0300118 0)
(0.0186616 -0.0471746 0)
(0.0156833 -0.0652929 0)
(0.0123447 -0.0843989 0)
(0.00870762 -0.104506 0)
(0.00484958 -0.125636 0)
(0.000842061 -0.147786 0)
(-0.00323544 -0.170839 0)
(-0.00728686 -0.194531 0)
(-0.0112354 -0.218641 0)
(-0.0149991 -0.242809 0)
(-0.0185044 -0.266522 0)
(-0.0216972 -0.289212 0)
(-0.0245221 -0.310258 0)
(-0.0269106 -0.328963 0)
(-0.028783 -0.344541 0)
(-0.0300425 -0.356132 0)
(-0.0305546 -0.362759 0)
(-0.0301435 -0.363243 0)
(-0.0286172 -0.356138 0)
(-0.025811 -0.339706 0)
(-0.0216653 -0.311959 0)
(-0.0163376 -0.270837 0)
(-0.0102701 -0.214522 0)
(-0.00431911 -0.141863 0)
(-0.000748176 -0.0526582 0)
(-6.57686e-06 0.00461496 0)
(-6.57402e-05 0.0131063 0)
(-0.000202672 0.0208691 0)
(-0.000400047 0.0279232 0)
(-0.000651943 0.0342958 0)
(-0.000951887 0.0400203 0)
(-0.00129271 0.0451348 0)
(-0.00166768 0.0496808 0)
(-0.00207078 0.053702 0)
(-0.00249666 0.0572431 0)
(-0.00294061 0.0603486 0)
(-0.00339852 0.0630627 0)
(-0.00386674 0.065428 0)
(-0.00434201 0.0674852 0)
(-0.00482136 0.0692731 0)
(-0.00530205 0.0708277 0)
(-0.00578146 0.0721829 0)
(-0.00625702 0.0733694 0)
(-0.00672623 0.0744156 0)
(-0.00718654 0.0753472 0)
(-0.00763537 0.0761874 0)
(-0.00807006 0.076957 0)
(-0.00848786 0.0776746 0)
(-0.0088859 0.0783568 0)
(-0.00926118 0.0790184 0)
(-0.00961058 0.0796727 0)
(-0.0099308 0.0803315 0)
(-0.0102184 0.0810052 0)
(-0.0104698 0.0817036 0)
(-0.0106812 0.0824352 0)
(-0.0108487 0.083208 0)
(-0.0109681 0.0840293 0)
(-0.011035 0.0849057 0)
(-0.011045 0.0858432 0)
(-0.0109933 0.0868475 0)
(-0.010875 0.0879234 0)
(-0.0106849 0.0890751 0)
(-0.010418 0.0903057 0)
(-0.0100686 0.0916173 0)
(-0.00963127 0.0930108 0)
(-0.00910039 0.0944853 0)
(-0.00847032 0.0960377 0)
(-0.00773547 0.0976628 0)
(-0.00689041 0.0993523 0)
(-0.00592998 0.101094 0)
(-0.00484942 0.102874 0)
(-0.00364458 0.10467 0)
(-0.00231187 0.106459 0)
(-0.000849236 0.108211 0)
(0.00074677 0.109891 0)
(0.00247287 0.111456 0)
(0.00432692 0.112858 0)
(0.00630532 0.114047 0)
(0.0084006 0.114964 0)
(0.0106024 0.115545 0)
(0.0128975 0.115724 0)
(0.0152693 0.115432 0)
(0.0176974 0.114597 0)
(0.020158 0.11315 0)
(0.0226233 0.111021 0)
(0.0250622 0.108146 0)
(0.02744 0.104465 0)
(0.0297191 0.0999254 0)
(0.0318589 0.0944854 0)
(0.0338173 0.0881123 0)
(0.0355508 0.0807846 0)
(0.0370158 0.072492 0)
(0.038169 0.0632343 0)
(0.0389692 0.0530201 0)
(0.0393777 0.0418638 0)
(0.0393598 0.0297808 0)
(0.0388888 0.016783 0)
(0.0379493 0.00286992 0)
(0.0365025 -0.0119755 0)
(0.0345978 -0.027758 0)
(0.0322448 -0.0444994 0)
(0.0294815 -0.0622382 0)
(0.0263538 -0.0810166 0)
(0.022923 -0.100863 0)
(0.0192609 -0.121798 0)
(0.0154314 -0.143797 0)
(0.0114944 -0.166756 0)
(0.0075258 -0.190478 0)
(0.00359852 -0.214696 0)
(-0.000241246 -0.239068 0)
(-0.00393952 -0.263029 0)
(-0.00745152 -0.285995 0)
(-0.010741 -0.307366 0)
(-0.0137622 -0.326462 0)
(-0.0164513 -0.342512 0)
(-0.0187207 -0.354689 0)
(-0.0204379 -0.362064 0)
(-0.0214119 -0.363495 0)
(-0.0214142 -0.35754 0)
(-0.0202197 -0.342413 0)
(-0.0176761 -0.315976 0)
(-0.0138257 -0.2759 0)
(-0.00899081 -0.219973 0)
(-0.00391839 -0.146556 0)
(-0.00071661 -0.0549317 0)
(-7.43338e-06 0.00464985 0)
(-7.06492e-05 0.0132105 0)
(-0.000214103 0.0210378 0)
(-0.000417241 0.0281496 0)
(-0.000672389 0.0345723 0)
(-0.000971825 0.0403393 0)
(-0.00130756 0.045489 0)
(-0.00167249 0.0500639 0)
(-0.00206054 0.0541082 0)
(-0.00246657 0.0576675 0)
(-0.00288623 0.0607871 0)
(-0.00331585 0.0635115 0)
(-0.0037523 0.0658838 0)
(-0.00419279 0.0679452 0)
(-0.00463481 0.0697346 0)
(-0.00507597 0.0712883 0)
(-0.00551398 0.0726399 0)
(-0.00594651 0.0738205 0)
(-0.00637118 0.0748583 0)
(-0.00678552 0.075779 0)
(-0.00718694 0.0766055 0)
(-0.00757269 0.0773587 0)
(-0.00793985 0.078057 0)
(-0.00828533 0.0787169 0)
(-0.00860586 0.0793529 0)
(-0.00889798 0.0799783 0)
(-0.009158 0.0806045 0)
(-0.00938207 0.081242 0)
(-0.0095661 0.0819001 0)
(-0.00970579 0.0825874 0)
(-0.00979663 0.0833115 0)
(-0.00983389 0.0840795 0)
(-0.00981261 0.0848979 0)
(-0.00972761 0.0857725 0)
(-0.0095735 0.0867087 0)
(-0.00934466 0.0877111 0)
(-0.00903528 0.0887836 0)
(-0.00863937 0.0899295 0)
(-0.00815078 0.0911505 0)
(-0.00756324 0.0924475 0)
(-0.00687044 0.0938194 0)
(-0.00606604 0.0952634 0)
(-0.00514381 0.0967741 0)
(-0.00409772 0.0983435 0)
(-0.00292207 0.0999603 0)
(-0.00161157 0.101609 0)
(-0.000161341 0.103272 0)
(0.00143338 0.104925 0)
(0.00317235 0.106538 0)
(0.00505828 0.108077 0)
(0.00709028 0.109504 0)
(0.00926508 0.110773 0)
(0.0115777 0.111835 0)
(0.0140201 0.112633 0)
(0.016581 0.113109 0)
(0.0192459 0.113198 0)
(0.0219964 0.112835 0)
(0.0248105 0.111953 0)
(0.0276625 0.110484 0)
(0.0305223 0.108365 0)
(0.0333566 0.105533 0)
(0.0361284 0.101933 0)
(0.0387975 0.0975159 0)
(0.0413212 0.0922403 0)
(0.0436549 0.0860756 0)
(0.0457533 0.079001 0)
(0.0475707 0.0710058 0)
(0.0490627 0.0620885 0)
(0.0501873 0.0522552 0)
(0.0509059 0.0415159 0)
(0.0511849 0.029881 0)
(0.0509993 0.0173548 0)
(0.0503361 0.00392791 0)
(0.0491664 -0.010432 0)
(0.0475309 -0.0257506 0)
(0.0454454 -0.042062 0)
(0.0429502 -0.0594142 0)
(0.0400951 -0.0778589 0)
(0.0369391 -0.0974368 0)
(0.0335455 -0.118168 0)
(0.0299714 -0.140027 0)
(0.0262697 -0.162907 0)
(0.0224968 -0.186609 0)
(0.018701 -0.21085 0)
(0.0149042 -0.235244 0)
(0.0111246 -0.259281 0)
(0.00738967 -0.282383 0)
(0.00371988 -0.303927 0)
(0.000130262 -0.323252 0)
(-0.00333223 -0.339593 0)
(-0.00658366 -0.352153 0)
(-0.00949819 -0.360075 0)
(-0.0118768 -0.362274 0)
(-0.0134566 -0.357337 0)
(-0.013958 -0.343461 0)
(-0.0131341 -0.318385 0)
(-0.0109042 -0.279535 0)
(-0.00745863 -0.224301 0)
(-0.00341401 -0.150542 0)
(-0.000668055 -0.0569762 0)
(-8.56986e-06 0.00468782 0)
(-7.70304e-05 0.013321 0)
(-0.000228847 0.0212134 0)
(-0.000439391 0.0283812 0)
(-0.000698872 0.0348507 0)
(-0.000998129 0.0406556 0)
(-0.00132829 0.0458355 0)
(-0.00168189 0.0504338 0)
(-0.00205289 0.0544961 0)
(-0.00243648 0.0580687 0)
(-0.00282881 0.0611979 0)
(-0.00322682 0.0639288 0)
(-0.00362796 0.0663049 0)
(-0.00403007 0.0683677 0)
(-0.00443114 0.0701562 0)
(-0.00482928 0.0717069 0)
(-0.00522254 0.0730534 0)
(-0.00560889 0.0742266 0)
(-0.00598612 0.0752546 0)
(-0.00635187 0.076163 0)
(-0.00670354 0.0769746 0)
(-0.0070383 0.0777099 0)
(-0.0073531 0.0783873 0)
(-0.00764463 0.0790229 0)
(-0.00790933 0.0796311 0)
(-0.00814341 0.0802249 0)
(-0.00834282 0.0808156 0)
(-0.00850326 0.0814134 0)
(-0.00862017 0.0820274 0)
(-0.00868874 0.0826659 0)
(-0.00870394 0.0833363 0)
(-0.00866043 0.0840454 0)
(-0.00855267 0.0847995 0)
(-0.00837485 0.0856043 0)
(-0.00812091 0.0864647 0)
(-0.00778458 0.0873854 0)
(-0.00735935 0.08837 0)
(-0.00683855 0.0894213 0)
(-0.00621532 0.0905414 0)
(-0.00548272 0.0917307 0)
(-0.00463374 0.0929883 0)
(-0.0036614 0.0943113 0)
(-0.00255887 0.0956945 0)
(-0.00131951 0.0971301 0)
(6.34541e-05 0.0986079 0)
(0.00159582 0.100113 0)
(0.00328073 0.101627 0)
(0.00512342 0.103127 0)
(0.00712571 0.104586 0)
(0.00928869 0.105972 0)
(0.0116114 0.107248 0)
(0.0140904 0.10837 0)
(0.0167198 0.109291 0)
(0.0194906 0.10996 0)
(0.0223906 0.110318 0)
(0.025404 0.110308 0)
(0.028511 0.109866 0)
(0.0316882 0.108931 0)
(0.0349077 0.107437 0)
(0.0381379 0.105326 0)
(0.0413433 0.102539 0)
(0.0444849 0.0990225 0)
(0.0475205 0.0947314 0)
(0.0504056 0.0896269 0)
(0.053094 0.0836792 0)
(0.0555386 0.076868 0)
(0.057693 0.0691817 0)
(0.0595121 0.060617 0)
(0.060954 0.0511764 0)
(0.0619811 0.0408652 0)
(0.0625617 0.0296872 0)
(0.0626734 0.0176385 0)
(0.0623061 0.00469909 0)
(0.0614417 -0.00917673 0)
(0.060115 -0.0240339 0)
(0.0583485 -0.0399194 0)
(0.0561839 -0.0568907 0)
(0.0536717 -0.0750072 0)
(0.0508669 -0.0943162 0)
(0.0478246 -0.114836 0)
(0.0445934 -0.136534 0)
(0.041214 -0.159299 0)
(0.0377202 -0.182927 0)
(0.0341332 -0.20712 0)
(0.0304541 -0.231476 0)
(0.0266776 -0.255485 0)
(0.0228017 -0.278564 0)
(0.0188221 -0.300088 0)
(0.0147336 -0.319394 0)
(0.0105577 -0.335782 0)
(0.0063631 -0.348516 0)
(0.00226766 -0.356777 0)
(-0.00153199 -0.359544 0)
(-0.00473506 -0.355463 0)
(-0.00701466 -0.342749 0)
(-0.0080268 -0.319055 0)
(-0.00755877 -0.281589 0)
(-0.00565957 -0.227353 0)
(-0.00279603 -0.153693 0)
(-0.000599047 -0.058732 0)
(-1.00297e-05 0.00472974 0)
(-8.49752e-05 0.0134396 0)
(-0.000246898 0.0213977 0)
(-0.000466148 0.0286194 0)
(-0.000730443 0.0351314 0)
(-0.00102901 0.0409688 0)
(-0.00135207 0.0461728 0)
(-0.00169187 0.0507885 0)
(-0.00204257 0.0548628 0)
(-0.00239982 0.0584434 0)
(-0.00276047 0.0615774 0)
(-0.00312219 0.0643106 0)
(-0.00348321 0.066687 0)
(-0.00384205 0.0687484 0)
(-0.00419737 0.0705338 0)
(-0.0045478 0.0720797 0)
(-0.00489184 0.0734195 0)
(-0.00522777 0.0745841 0)
(-0.00555362 0.0756013 0)
(-0.00586713 0.0764964 0)
(-0.00616573 0.077292 0)
(-0.00644654 0.0780083 0)
(-0.00670635 0.0786634 0)
(-0.00694165 0.0792732 0)
(-0.00714861 0.0798518 0)
(-0.0073231 0.0804118 0)
(-0.0074607 0.0809644 0)
(-0.00755668 0.0815194 0)
(-0.00760603 0.0820857 0)
(-0.00760345 0.0826713 0)
(-0.00754335 0.0832833 0)
(-0.00741985 0.0839284 0)
(-0.00722683 0.0846124 0)
(-0.00695786 0.0853409 0)
(-0.00660626 0.0861185 0)
(-0.0061651 0.0869497 0)
(-0.00562725 0.0878378 0)
(-0.00498532 0.0887856 0)
(-0.00423183 0.0897949 0)
(-0.00335915 0.0908661 0)
(-0.00235964 0.0919981 0)
(-0.0012257 0.0931881 0)
(5.05623e-05 0.0944319 0)
(0.00147638 0.0957218 0)
(0.00305698 0.0970465 0)
(0.00479938 0.0983935 0)
(0.00670808 0.0997449 0)
(0.00878733 0.10108 0)
(0.0110395 0.102372 0)
(0.0134652 0.103591 0)
(0.0160632 0.104702 0)
(0.0188296 0.105665 0)
(0.0217578 0.106434 0)
(0.0248381 0.106962 0)
(0.0280573 0.107195 0)
(0.0313983 0.107077 0)
(0.0348402 0.10655 0)
(0.0383579 0.105555 0)
(0.0419223 0.104033 0)
(0.0455 0.101928 0)
(0.0490539 0.0991852 0)
(0.0525434 0.0957549 0)
(0.0559248 0.0915938 0)
(0.0591522 0.0866654 0)
(0.0621783 0.0809413 0)
(0.0649553 0.0744007 0)
(0.0674363 0.0670312 0)
(0.0695766 0.0588265 0)
(0.0713352 0.0497852 0)
(0.0726762 0.0399069 0)
(0.0735709 0.0291876 0)
(0.074 0.0176143 0)
(0.0739571 0.00515574 0)
(0.0734364 -0.00824751 0)
(0.0724682 -0.0226574 0)
(0.0710819 -0.038133 0)
(0.0693196 -0.05474 0)
(0.0672295 -0.0725432 0)
(0.0648608 -0.0915905 0)
(0.0622589 -0.111896 0)
(0.0594594 -0.133416 0)
(0.0564858 -0.156031 0)
(0.053348 -0.179525 0)
(0.0500403 -0.203584 0)
(0.0465407 -0.227792 0)
(0.0428187 -0.251635 0)
(0.0388433 -0.274533 0)
(0.0345856 -0.295861 0)
(0.0300246 -0.314971 0)
(0.0251658 -0.331198 0)
(0.0200597 -0.343853 0)
(0.0148125 -0.352186 0)
(0.00961375 -0.355269 0)
(0.00475601 -0.351861 0)
(0.000622531 -0.340194 0)
(-0.00234277 -0.317856 0)
(-0.00378019 -0.28191 0)
(-0.00358593 -0.228968 0)
(-0.00205644 -0.155876 0)
(-0.00050549 -0.0601325 0)
(-1.18579e-05 0.00477652 0)
(-9.45105e-05 0.0135677 0)
(-0.000267989 0.0215919 0)
(-0.000496612 0.0288645 0)
(-0.000765225 0.0354139 0)
(-0.00106133 0.0412773 0)
(-0.00137427 0.0464984 0)
(-0.00169617 0.0511244 0)
(-0.00202156 0.0552041 0)
(-0.00234682 0.0587866 0)
(-0.00266966 0.0619202 0)
(-0.00298868 0.0646515 0)
(-0.00330302 0.0670247 0)
(-0.00361207 0.0690818 0)
(-0.00391521 0.070862 0)
(-0.00421169 0.0724014 0)
(-0.0045005 0.0737334 0)
(-0.00478031 0.0748884 0)
(-0.00504938 0.075894 0)
(-0.00530561 0.0767752 0)
(-0.00554645 0.077554 0)
(-0.00576897 0.0782506 0)
(-0.00596982 0.0788824 0)
(-0.0061453 0.0794652 0)
(-0.00629131 0.0800127 0)
(-0.00640338 0.0805371 0)
(-0.00647672 0.0810493 0)
(-0.0065062 0.0815588 0)
(-0.00648635 0.0820743 0)
(-0.00641139 0.0826033 0)
(-0.0062752 0.0831528 0)
(-0.00607139 0.083729 0)
(-0.00579324 0.0843377 0)
(-0.00543377 0.0849839 0)
(-0.00498569 0.0856722 0)
(-0.00444144 0.0864066 0)
(-0.00379325 0.0871904 0)
(-0.00303313 0.0880261 0)
(-0.00215292 0.0889153 0)
(-0.00114441 0.0898583 0)
(1.00539e-06 0.0908546 0)
(0.00129167 0.0919016 0)
(0.00273423 0.0929938 0)
(0.00433706 0.0941249 0)
(0.00610675 0.0952851 0)
(0.00804978 0.0964619 0)
(0.0101712 0.0976387 0)
(0.0124752 0.0987957 0)
(0.014964 0.0999085 0)
(0.0176383 0.100949 0)
(0.0204963 0.101883 0)
(0.0235338 0.102675 0)
(0.0267435 0.103283 0)
(0.030115 0.10366 0)
(0.0336342 0.103758 0)
(0.037283 0.103524 0)
(0.0410394 0.102906 0)
(0.0448772 0.101847 0)
(0.0487657 0.100294 0)
(0.0526706 0.0981932 0)
(0.0565534 0.0954939 0)
(0.0603723 0.0921502 0)
(0.0640828 0.0881211 0)
(0.067638 0.0833719 0)
(0.0709902 0.0778747 0)
(0.0740917 0.0716085 0)
(0.0768958 0.064559 0)
(0.0793588 0.0567169 0)
(0.0814415 0.0480755 0)
(0.0831105 0.0386279 0)
(0.0843409 0.0283618 0)
(0.0851175 0.0172535 0)
(0.0854382 0.00525946 0)
(0.0853111 -0.00769346 0)
(0.0847632 -0.0216817 0)
(0.0838294 -0.0367739 0)
(0.0825507 -0.0530419 0)
(0.0809701 -0.0705518 0)
(0.0791282 -0.0893484 0)
(0.0770571 -0.109436 0)
(0.0747752 -0.13076 0)
(0.0722846 -0.153183 0)
(0.0695695 -0.176476 0)
(0.0665967 -0.200307 0)
(0.0633177 -0.224246 0)
(0.0596762 -0.247778 0)
(0.0556154 -0.270322 0)
(0.0510851 -0.291264 0)
(0.0460495 -0.309972 0)
(0.0405014 -0.325817 0)
(0.0344776 -0.338163 0)
(0.0280748 -0.346326 0)
(0.021473 -0.349476 0)
(0.0149606 -0.346477 0)
(0.00894626 -0.335674 0)
(0.00394023 -0.314694 0)
(0.000441997 -0.280375 0)
(-0.00123751 -0.228994 0)
(-0.00119415 -0.15695 0)
(-0.000385794 -0.0611052 0)
(-1.40976e-05 0.0048291 0)
(-0.000105548 0.0137067 0)
(-0.000291443 0.0217968 0)
(-0.000529034 0.0291164 0)
(-0.000799959 0.0356965 0)
(-0.00108995 0.041578 0)
(-0.00138764 0.0468077 0)
(-0.00168526 0.0514358 0)
(-0.00197802 0.0555135 0)
(-0.00226326 0.0590915 0)
(-0.0025398 0.0622192 0)
(-0.00280741 0.0649439 0)
(-0.00306631 0.0673104 0)
(-0.00331684 0.0693606 0)
(-0.00355923 0.0711334 0)
(-0.00379342 0.072665 0)
(-0.00401896 0.0739882 0)
(-0.00423491 0.075133 0)
(-0.00443982 0.0761267 0)
(-0.00463174 0.0769935 0)
(-0.00480817 0.0777554 0)
(-0.00496612 0.0784318 0)
(-0.00510213 0.0790398 0)
(-0.00521226 0.0795947 0)
(-0.00529216 0.0801099 0)
(-0.00533706 0.0805973 0)
(-0.00534178 0.0810673 0)
(-0.0053008 0.0815291 0)
(-0.00520821 0.081991 0)
(-0.00505774 0.0824602 0)
(-0.00484281 0.0829434 0)
(-0.00455648 0.0834465 0)
(-0.00419151 0.083975 0)
(-0.00374036 0.0845335 0)
(-0.00319516 0.0851264 0)
(-0.0025478 0.0857574 0)
(-0.00178982 0.0864295 0)
(-0.00091275 0.0871451 0)
(9.257e-05 0.0879061 0)
(0.00123481 0.0887125 0)
(0.00252191 0.0895631 0)
(0.00396311 0.090456 0)
(0.00556641 0.0913867 0)
(0.00733993 0.0923489 0)
(0.00929088 0.0933336 0)
(0.0114258 0.0943289 0)
(0.0137501 0.0953196 0)
(0.0162678 0.0962871 0)
(0.0189812 0.097209 0)
(0.0218909 0.098059 0)
(0.0249949 0.0988067 0)
(0.0282884 0.0994174 0)
(0.0317637 0.0998528 0)
(0.0354098 0.100071 0)
(0.0392117 0.100026 0)
(0.0431507 0.0996705 0)
(0.0472037 0.0989545 0)
(0.0513436 0.0978275 0)
(0.0555391 0.0962387 0)
(0.0597546 0.0941392 0)
(0.063951 0.091482 0)
(0.0680859 0.0882239 0)
(0.0721142 0.0843265 0)
(0.075989 0.0797563 0)
(0.0796628 0.074486 0)
(0.0830883 0.0684936 0)
(0.0862202 0.0617624 0)
(0.0890165 0.0542793 0)
(0.0914404 0.0460319 0)
(0.093462 0.0370056 0)
(0.0950606 0.0271786 0)
(0.0962264 0.0165155 0)
(0.0969623 0.00495948 0)
(0.097293 -0.00757687 0)
(0.0972405 -0.0211799 0)
(0.096844 -0.0359247 0)
(0.0961398 -0.0518851 0)
(0.0951625 -0.0691249 0)
(0.0939398 -0.0876809 0)
(0.0924865 -0.107545 0)
(0.0907995 -0.128644 0)
(0.0888558 -0.150823 0)
(0.0866118 -0.173832 0)
(0.0840054 -0.197325 0)
(0.0809611 -0.220862 0)
(0.0773971 -0.243922 0)
(0.0732344 -0.265931 0)
(0.0684044 -0.286286 0)
(0.0628592 -0.30438 0)
(0.0565822 -0.319621 0)
(0.0496023 -0.331424 0)
(0.04201 -0.33918 0)
(0.0339802 -0.342154 0)
(0.0257989 -0.339329 0)
(0.0178855 -0.329172 0)
(0.0107898 -0.309387 0)
(0.00512379 -0.276769 0)
(0.00140463 -0.227322 0)
(-0.000212421 -0.156808 0)
(-0.000246233 -0.06158 0)
(-1.67818e-05 0.00488833 0)
(-0.000117808 0.0138574 0)
(-0.000315941 0.0220121 0)
(-0.000560397 0.0293728 0)
(-0.000829368 0.0359752 0)
(-0.00110693 0.0418651 0)
(-0.00138129 0.0470937 0)
(-0.00164517 0.0517147 0)
(-0.0018948 0.055782 0)
(-0.00212883 0.0593484 0)
(-0.00234752 0.0624644 0)
(-0.00255197 0.0651779 0)
(-0.00274367 0.0675341 0)
(-0.00292405 0.0695747 0)
(-0.00309428 0.0713385 0)
(-0.00325504 0.0728611 0)
(-0.00340648 0.0741749 0)
(-0.00354808 0.0753093 0)
(-0.00367871 0.0762909 0)
(-0.00379655 0.0771435 0)
(-0.00389915 0.0778885 0)
(-0.00398349 0.0785446 0)
(-0.00404595 0.0791286 0)
(-0.00408241 0.0796553 0)
(-0.00408825 0.0801375 0)
(-0.00405836 0.0805868 0)
(-0.00398724 0.0810131 0)
(-0.00386894 0.0814254 0)
(-0.00369715 0.0818313 0)
(-0.00346516 0.082238 0)
(-0.00316589 0.0826516 0)
(-0.0027919 0.0830778 0)
(-0.00233548 0.0835217 0)
(-0.00178851 0.0839876 0)
(-0.00114263 0.0844795 0)
(-0.000389285 0.0850011 0)
(0.000481263 0.0855554 0)
(0.00147709 0.0861441 0)
(0.00260749 0.0867686 0)
(0.00388197 0.0874298 0)
(0.00530948 0.0881265 0)
(0.00689924 0.0888569 0)
(0.0086599 0.0896168 0)
(0.0105998 0.0904004 0)
(0.0127265 0.0911994 0)
(0.0150467 0.0920028 0)
(0.0175661 0.0927969 0)
(0.0202888 0.0935646 0)
(0.0232172 0.0942853 0)
(0.0263515 0.094935 0)
(0.0296897 0.0954858 0)
(0.0332267 0.0959061 0)
(0.0369544 0.0961607 0)
(0.0408612 0.0962111 0)
(0.0449318 0.096016 0)
(0.0491467 0.0955314 0)
(0.0534824 0.0947118 0)
(0.0579111 0.0935108 0)
(0.0624009 0.0918819 0)
(0.0669159 0.0897797 0)
(0.0714166 0.087161 0)
(0.0758604 0.0839853 0)
(0.0802026 0.0802162 0)
(0.0843967 0.0758215 0)
(0.088396 0.0707736 0)
(0.0921546 0.0650493 0)
(0.0956291 0.058629 0)
(0.09878 0.0514948 0)
(0.101574 0.0436281 0)
(0.103985 0.0350056 0)
(0.105997 0.0255948 0)
(0.107607 0.0153473 0)
(0.108825 0.00419066 0)
(0.109694 -0.00797499 0)
(0.110226 -0.0212391 0)
(0.110463 -0.0356785 0)
(0.110432 -0.0513655 0)
(0.110153 -0.0683565 0)
(0.109638 -0.0866761 0)
(0.108879 -0.106298 0)
(0.107847 -0.12713 0)
(0.106491 -0.148993 0)
(0.104737 -0.17162 0)
(0.102496 -0.194648 0)
(0.0996644 -0.217628 0)
(0.0961376 -0.24004 0)
(0.0918178 -0.261319 0)
(0.0866228 -0.280879 0)
(0.0804961 -0.298142 0)
(0.0734166 -0.312554 0)
(0.065411 -0.323587 0)
(0.0565683 -0.330703 0)
(0.047062 -0.333267 0)
(0.0371773 -0.330387 0)
(0.0273396 -0.32067 0)
(0.0181276 -0.301938 0)
(0.0102384 -0.271002 0)
(0.00435365 -0.223684 0)
(0.000899826 -0.155302 0)
(-8.7412e-05 -0.0615034 0)
(-1.99208e-05 0.00495495 0)
(-0.000130699 0.0140197 0)
(-0.000339188 0.0222358 0)
(-0.00058582 0.0296295 0)
(-0.000845285 0.0362435 0)
(-0.00110033 0.04213 0)
(-0.00133921 0.047346 0)
(-0.00155567 0.0519493 0)
(-0.00174747 0.0559971 0)
(-0.00191497 0.0595442 0)
(-0.00206011 0.0626423 0)
(-0.00218564 0.0653401 0)
(-0.00229446 0.0676825 0)
(-0.0023892 0.0697112 0)
(-0.00247201 0.0714644 0)
(-0.0025444 0.0729772 0)
(-0.00260711 0.0742812 0)
(-0.00266009 0.0754053 0)
(-0.00270248 0.0763752 0)
(-0.00273262 0.077214 0)
(-0.0027481 0.0779424 0)
(-0.00274584 0.0785786 0)
(-0.00272208 0.0791388 0)
(-0.00267251 0.0796371 0)
(-0.00259221 0.080086 0)
(-0.0024758 0.0804964 0)
(-0.00231739 0.080878 0)
(-0.00211069 0.0812391 0)
(-0.00184895 0.0815873 0)
(-0.00152504 0.081929 0)
(-0.00113145 0.0822702 0)
(-0.000660282 0.0826161 0)
(-0.000103282 0.0829715 0)
(0.000548349 0.0833407 0)
(0.00130298 0.0837271 0)
(0.00216978 0.0841339 0)
(0.00315831 0.084564 0)
(0.00427798 0.0850194 0)
(0.0055383 0.0855013 0)
(0.00694905 0.0860103 0)
(0.00851979 0.0865457 0)
(0.01026 0.0871056 0)
(0.0121787 0.0876863 0)
(0.0142846 0.0882825 0)
(0.0165855 0.0888868 0)
(0.0190886 0.0894893 0)
(0.0217994 0.0900775 0)
(0.0247223 0.090636 0)
(0.0278597 0.0911462 0)
(0.0312119 0.0915864 0)
(0.0347766 0.0919313 0)
(0.0385488 0.0921523 0)
(0.04252 0.0922177 0)
(0.0466785 0.0920927 0)
(0.0510086 0.0917397 0)
(0.0554906 0.0911189 0)
(0.0601006 0.090189 0)
(0.0648108 0.0889076 0)
(0.069589 0.0872325 0)
(0.0743993 0.0851218 0)
(0.0792027 0.0825356 0)
(0.083957 0.079436 0)
(0.0886181 0.0757883 0)
(0.0931409 0.0715609 0)
(0.0974801 0.066726 0)
(0.101592 0.0612584 0)
(0.105436 0.0551349 0)
(0.108975 0.0483323 0)
(0.112181 0.0408249 0)
(0.115032 0.0325799 0)
(0.117518 0.0235531 0)
(0.119643 0.0136809 0)
(0.121425 0.00287184 0)
(0.122931 -0.00898124 0)
(0.124152 -0.0219589 0)
(0.125126 -0.0361366 0)
(0.125866 -0.0515807 0)
(0.126375 -0.0683361 0)
(0.126641 -0.0864101 0)
(0.12663 -0.105756 0)
(0.126284 -0.126255 0)
(0.12552 -0.14771 0)
(0.124237 -0.169831 0)
(0.122314 -0.192244 0)
(0.119626 -0.214493 0)
(0.11605 -0.236063 0)
(0.111471 -0.256404 0)
(0.105801 -0.274953 0)
(0.0989801 -0.291165 0)
(0.0909877 -0.304529 0)
(0.0818543 -0.314572 0)
(0.0716735 -0.32083 0)
(0.0606216 -0.322765 0)
(0.0489851 -0.319613 0)
(0.0371931 -0.310134 0)
(0.025844 -0.292304 0)
(0.0156995 -0.263017 0)
(0.00757728 -0.21801 0)
(0.0021581 -0.152251 0)
(0.000103619 -0.0607863 0)
(-2.34808e-05 0.00502928 0)
(-0.000143152 0.0141922 0)
(-0.000357454 0.0224633 0)
(-0.000597739 0.0298785 0)
(-0.000835452 0.0364902 0)
(-0.00105263 0.0423592 0)
(-0.00123836 0.0475491 0)
(-0.00138811 0.052123 0)
(-0.00150175 0.0561413 0)
(-0.00158181 0.059661 0)
(-0.00163228 0.062735 0)
(-0.00165777 0.0654123 0)
(-0.00166276 0.0677377 0)
(-0.00165113 0.0697523 0)
(-0.00162608 0.0714938 0)
(-0.00158995 0.0729962 0)
(-0.00154409 0.0742906 0)
(-0.00148888 0.0754047 0)
(-0.00142375 0.0763635 0)
(-0.00134715 0.0771892 0)
(-0.00125672 0.0779018 0)
(-0.00114928 0.0785187 0)
(-0.00102095 0.0790554 0)
(-0.000867191 0.0795255 0)
(-0.000682837 0.0799409 0)
(-0.000462181 0.0803121 0)
(-0.000199009 0.0806481 0)
(0.000113424 0.080957 0)
(0.000482193 0.0812458 0)
(0.000914785 0.0815206 0)
(0.00141913 0.081787 0)
(0.00200349 0.0820498 0)
(0.00267648 0.0823134 0)
(0.00344712 0.0825818 0)
(0.00432456 0.0828583 0)
(0.00531826 0.0831459 0)
(0.00643796 0.0834472 0)
(0.00769357 0.083764 0)
(0.00909504 0.0840975 0)
(0.0106524 0.0844483 0)
(0.0123757 0.0848157 0)
(0.0142746 0.0851981 0)
(0.0163585 0.0855923 0)
(0.0186365 0.0859936 0)
(0.0211166 0.0863955 0)
(0.0238061 0.086789 0)
(0.0267109 0.0871632 0)
(0.0298355 0.0875042 0)
(0.0331825 0.0877956 0)
(0.0367521 0.0880178 0)
(0.0405423 0.0881485 0)
(0.0445479 0.0881621 0)
(0.0487607 0.0880302 0)
(0.0531687 0.0877217 0)
(0.0577564 0.087203 0)
(0.0625041 0.0864382 0)
(0.0673881 0.0853903 0)
(0.0723806 0.084021 0)
(0.07745 0.0822916 0)
(0.0825611 0.0801641 0)
(0.0876754 0.0776013 0)
(0.0927519 0.0745678 0)
(0.097748 0.0710302 0)
(0.10262 0.0669572 0)
(0.107326 0.0623201 0)
(0.111824 0.0570912 0)
(0.116077 0.0512432 0)
(0.120053 0.044747 0)
(0.123727 0.0375686 0)
(0.127084 0.0296651 0)
(0.130122 0.0209791 0)
(0.132849 0.0114299 0)
(0.135307 0.000903734 0)
(0.137559 -0.010702 0)
(0.139578 -0.023446 0)
(0.14139 -0.0373998 0)
(0.142989 -0.0526204 0)
(0.144354 -0.0691364 0)
(0.145444 -0.0869339 0)
(0.146196 -0.105942 0)
(0.14652 -0.126018 0)
(0.146302 -0.146942 0)
(0.145411 -0.168407 0)
(0.143704 -0.190028 0)
(0.141033 -0.211351 0)
(0.137262 -0.231872 0)
(0.13227 -0.251057 0)
(0.125964 -0.268375 0)
(0.11829 -0.283318 0)
(0.109235 -0.295421 0)
(0.0988388 -0.304269 0)
(0.0872062 -0.309469 0)
(0.0745216 -0.310581 0)
(0.0610757 -0.306964 0)
(0.0472999 -0.297541 0)
(0.0338043 -0.280463 0)
(0.0213967 -0.25277 0)
(0.0110042 -0.210219 0)
(0.00353948 -0.147557 0)
(0.000327977 -0.0593478 0)
(-2.73485e-05 0.00511103 0)
(-0.000153369 0.0143708 0)
(-0.000364918 0.0226862 0)
(-0.000584794 0.030107 0)
(-0.000781931 0.0366988 0)
(-0.000938709 0.042533 0)
(-0.00104612 0.0476814 0)
(-0.00110231 0.0522127 0)
(-0.00111001 0.0561908 0)
(-0.00107436 0.0596746 0)
(-0.00100175 0.0627182 0)
(-0.00089888 0.0653704 0)
(-0.0007719 0.0676757 0)
(-0.000626031 0.0696744 0)
(-0.000465541 0.0714032 0)
(-0.000293563 0.0728952 0)
(-0.000112031 0.0741802 0)
(7.8314e-05 0.0752851 0)
(0.000277794 0.0762337 0)
(0.00048782 0.0770472 0)
(0.000710771 0.0777447 0)
(0.000949899 0.0783431 0)
(0.00120925 0.0788569 0)
(0.0014936 0.0792991 0)
(0.00180837 0.0796811 0)
(0.00215954 0.0800127 0)
(0.00255367 0.0803025 0)
(0.00299776 0.0805581 0)
(0.00349931 0.0807861 0)
(0.00406616 0.0809923 0)
(0.00470656 0.0811817 0)
(0.0054291 0.0813589 0)
(0.00624274 0.081528 0)
(0.00715676 0.0816926 0)
(0.00818071 0.0818559 0)
(0.00932436 0.0820205 0)
(0.0105977 0.0821887 0)
(0.012011 0.0823623 0)
(0.0135745 0.0825425 0)
(0.0152985 0.0827298 0)
(0.0171933 0.0829237 0)
(0.0192688 0.0831227 0)
(0.0215349 0.0833244 0)
(0.0240006 0.0835244 0)
(0.0266743 0.0837171 0)
(0.0295636 0.0838949 0)
(0.0326747 0.0840479 0)
(0.0360121 0.0841642 0)
(0.0395787 0.0842293 0)
(0.043375 0.0842261 0)
(0.0473991 0.0841349 0)
(0.0516462 0.0839332 0)
(0.0561083 0.0835961 0)
(0.0607737 0.083096 0)
(0.0656272 0.0824032 0)
(0.0706496 0.0814859 0)
(0.0758178 0.0803109 0)
(0.0811047 0.0788439 0)
(0.0864796 0.0770501 0)
(0.0919082 0.0748944 0)
(0.0973536 0.0723426 0)
(0.102777 0.069361 0)
(0.108136 0.0659173 0)
(0.113392 0.0619803 0)
(0.118505 0.0575195 0)
(0.123436 0.0525045 0)
(0.128152 0.046903 0)
(0.132626 0.0406792 0)
(0.136841 0.0337898 0)
(0.140787 0.0261803 0)
(0.14447 0.0177778 0)
(0.147909 0.00848086 0)
(0.151194 -0.00183883 0)
(0.154285 -0.0132494 0)
(0.157203 -0.0258018 0)
(0.159935 -0.0395545 0)
(0.16245 -0.0545496 0)
(0.164697 -0.0707955 0)
(0.166604 -0.0882547 0)
(0.168074 -0.106831 0)
(0.168986 -0.126358 0)
(0.169197 -0.146595 0)
(0.16855 -0.167223 0)
(0.166881 -0.187853 0)
(0.164031 -0.208036 0)
(0.159854 -0.227285 0)
(0.154231 -0.245092 0)
(0.147076 -0.260961 0)
(0.138342 -0.274424 0)
(0.128034 -0.28507 0)
(0.116209 -0.292539 0)
(0.102988 -0.296511 0)
(0.088569 -0.296636 0)
(0.0732517 -0.292397 0)
(0.0574696 -0.282876 0)
(0.041837 -0.266417 0)
(0.0271911 -0.240259 0)
(0.0145406 -0.200276 0)
(0.00500249 -0.141149 0)
(0.000578729 -0.0571258 0)
(-3.12749e-05 0.00519875 0)
(-0.000158473 0.0145481 0)
(-0.000352786 0.0228904 0)
(-0.000530348 0.0302951 0)
(-0.000659025 0.0368445 0)
(-0.000723156 0.0426234 0)
(-0.000717103 0.0477125 0)
(-0.000642828 0.0521866 0)
(-0.000506753 0.0561131 0)
(-0.000317252 0.0595524 0)
(-8.33912e-05 0.0625594 0)
(0.000186042 0.0651827 0)
(0.000483009 0.0674651 0)
(0.00080086 0.0694462 0)
(0.00113431 0.0711616 0)
(0.00147951 0.072643 0)
(0.00183402 0.073919 0)
(0.00219678 0.0750152 0)
(0.00256797 0.0759542 0)
(0.00294892 0.0767565 0)
(0.003342 0.0774399 0)
(0.00375059 0.0780204 0)
(0.00417891 0.0785119 0)
(0.00463193 0.0789266 0)
(0.00511533 0.0792752 0)
(0.00563537 0.0795669 0)
(0.00619888 0.07981 0)
(0.00681317 0.0800115 0)
(0.00748601 0.0801774 0)
(0.00822557 0.0803134 0)
(0.00904036 0.080424 0)
(0.00993928 0.0805136 0)
(0.0109315 0.0805857 0)
(0.0120266 0.0806438 0)
(0.0132343 0.0806907 0)
(0.0145647 0.0807289 0)
(0.0160279 0.0807605 0)
(0.0176344 0.0807872 0)
(0.0193946 0.08081 0)
(0.0213191 0.0808295 0)
(0.0234183 0.0808453 0)
(0.0257025 0.0808564 0)
(0.0281814 0.0808604 0)
(0.0308645 0.080854 0)
(0.0337604 0.0808321 0)
(0.0368768 0.0807884 0)
(0.0402201 0.0807144 0)
(0.0437952 0.0805997 0)
(0.0476053 0.0804321 0)
(0.0516513 0.0801967 0)
(0.0559317 0.0798764 0)
(0.060442 0.079452 0)
(0.0651749 0.0789017 0)
(0.0701193 0.0782015 0)
(0.0752606 0.0773256 0)
(0.0805806 0.076246 0)
(0.0860571 0.0749334 0)
(0.0916642 0.0733571 0)
(0.0973725 0.0714859 0)
(0.10315 0.0692876 0)
(0.10896 0.0667304 0)
(0.114768 0.0637822 0)
(0.120534 0.0604113 0)
(0.126222 0.056586 0)
(0.131795 0.0522738 0)
(0.137219 0.0474406 0)
(0.142466 0.0420487 0)
(0.147515 0.0360544 0)
(0.152355 0.0294043 0)
(0.156985 0.0220307 0)
(0.161418 0.0138414 0)
(0.165689 0.00471196 0)
(0.169914 -0.00547223 0)
(0.173966 -0.0167303 0)
(0.177861 -0.0291095 0)
(0.181556 -0.0426543 0)
(0.184988 -0.057387 0)
(0.188076 -0.0732937 0)
(0.190714 -0.090312 0)
(0.192773 -0.108321 0)
(0.194103 -0.127135 0)
(0.194534 -0.146496 0)
(0.193892 -0.166077 0)
(0.191999 -0.185493 0)
(0.188691 -0.204307 0)
(0.183825 -0.222055 0)
(0.177288 -0.238262 0)
(0.169009 -0.252471 0)
(0.158962 -0.264264 0)
(0.147173 -0.273279 0)
(0.133724 -0.279217 0)
(0.118761 -0.281828 0)
(0.1025 -0.280847 0)
(0.0852533 -0.275872 0)
(0.0674572 -0.26614 0)
(0.0497256 -0.2502 0)
(0.0329085 -0.225524 0)
(0.0180685 -0.188201 0)
(0.0064937 -0.133007 0)
(0.000845829 -0.0540826 0)
(-3.47841e-05 0.00528924 0)
(-0.000154017 0.0147114 0)
(-0.000308149 0.0230537 0)
(-0.000410659 0.0304126 0)
(-0.00043074 0.0368917 0)
(-0.000356958 0.0425907 0)
(-0.000189033 0.0476004 0)
(6.61037e-05 0.0520024 0)
(0.000397409 0.0558655 0)
(0.000792457 0.0592516 0)
(0.00123915 0.0622153 0)
(0.00172648 0.0648045 0)
(0.00224473 0.0670614 0)
(0.00278585 0.0690236 0)
(0.00334365 0.070725 0)
(0.00391363 0.0721959 0)
(0.00449296 0.0734633 0)
(0.00508032 0.0745515 0)
(0.00567576 0.0754818 0)
(0.00628059 0.0762734 0)
(0.00689726 0.0769433 0)
(0.00752924 0.0775064 0)
(0.0081809 0.0779758 0)
(0.00885744 0.0783629 0)
(0.00956473 0.0786779 0)
(0.0103093 0.0789293 0)
(0.0110982 0.0791249 0)
(0.011939 0.0792711 0)
(0.0128397 0.0793738 0)
(0.0138086 0.079438 0)
(0.0148546 0.079468 0)
(0.0159867 0.0794678 0)
(0.0172143 0.0794407 0)
(0.018547 0.0793898 0)
(0.0199949 0.0793177 0)
(0.0215679 0.0792268 0)
(0.0232765 0.0791188 0)
(0.0251312 0.0789954 0)
(0.0271424 0.0788575 0)
(0.0293209 0.0787058 0)
(0.031677 0.07854 0)
(0.0342212 0.0783593 0)
(0.0369635 0.0781619 0)
(0.0399132 0.077945 0)
(0.0430791 0.0777043 0)
(0.0464693 0.0774346 0)
(0.0500902 0.0771288 0)
(0.0539472 0.0767782 0)
(0.0580438 0.0763723 0)
(0.0623814 0.0758987 0)
(0.066959 0.0753429 0)
(0.0717728 0.0746886 0)
(0.0768162 0.0739173 0)
(0.0820791 0.0730085 0)
(0.087548 0.0719398 0)
(0.0932058 0.0706872 0)
(0.0990317 0.0692249 0)
(0.105001 0.0675259 0)
(0.111087 0.0655619 0)
(0.117259 0.0633036 0)
(0.123484 0.0607211 0)
(0.129729 0.0577836 0)
(0.135959 0.0544596 0)
(0.142139 0.0507163 0)
(0.148238 0.0465188 0)
(0.154228 0.0418286 0)
(0.160085 0.0366018 0)
(0.165796 0.0307857 0)
(0.171356 0.0243156 0)
(0.176776 0.0171065 0)
(0.182078 0.00904222 0)
(0.187362 -1.31829e-05 0)
(0.192587 -0.0101024 0)
(0.197651 -0.0212174 0)
(0.202529 -0.0334015 0)
(0.207141 -0.0466859 0)
(0.211396 -0.0610718 0)
(0.215177 -0.0765215 0)
(0.21835 -0.0929492 0)
(0.220756 -0.110213 0)
(0.222219 -0.128109 0)
(0.222553 -0.14637 0)
(0.221572 -0.16467 0)
(0.219095 -0.182633 0)
(0.214963 -0.199841 0)
(0.209042 -0.215861 0)
(0.201241 -0.230257 0)
(0.19151 -0.242618 0)
(0.179852 -0.252576 0)
(0.166323 -0.259823 0)
(0.151038 -0.264121 0)
(0.13417 -0.265286 0)
(0.115964 -0.263132 0)
(0.0967452 -0.257364 0)
(0.076955 -0.247365 0)
(0.0572019 -0.231886 0)
(0.0383348 -0.208663 0)
(0.0214428 -0.174081 0)
(0.00794601 -0.123173 0)
(0.00111614 -0.050214 0)
(-3.70451e-05 0.00537647 0)
(-0.000133379 0.01484 0)
(-0.000212625 0.0231427 0)
(-0.000192653 0.0304164 0)
(-4.75708e-05 0.0367905 0)
(0.000226988 0.0423817 0)
(0.000623353 0.0472896 0)
(0.00112754 0.0516007 0)
(0.00172306 0.0553873 0)
(0.0023931 0.0587113 0)
(0.00312229 0.0616259 0)
(0.00389732 0.0641774 0)
(0.00470691 0.066406 0)
(0.00554187 0.0683477 0)
(0.00639521 0.0700342 0)
(0.00726193 0.0714942 0)
(0.00813882 0.0727528 0)
(0.00902438 0.0738329 0)
(0.00991856 0.0747545 0)
(0.0108227 0.0755355 0)
(0.0117392 0.0761918 0)
(0.0126718 0.0767372 0)
(0.0136248 0.0771841 0)
(0.0146038 0.0775431 0)
(0.0156146 0.0778236 0)
(0.0166641 0.0780338 0)
(0.0177594 0.0781806 0)
(0.0189083 0.0782702 0)
(0.0201189 0.078308 0)
(0.0213997 0.0782985 0)
(0.0227597 0.078246 0)
(0.024208 0.0781539 0)
(0.0257541 0.0780253 0)
(0.0274076 0.0778631 0)
(0.0291785 0.0776697 0)
(0.0310769 0.077447 0)
(0.0331132 0.077197 0)
(0.0352978 0.0769209 0)
(0.0376411 0.0766199 0)
(0.0401539 0.0762943 0)
(0.0428463 0.0759444 0)
(0.0457289 0.0755693 0)
(0.0488114 0.0751677 0)
(0.0521034 0.0747374 0)
(0.0556138 0.0742751 0)
(0.0593504 0.0737762 0)
(0.0633202 0.0732352 0)
(0.0675288 0.0726448 0)
(0.0719799 0.0719964 0)
(0.0766755 0.0712799 0)
(0.0816153 0.0704832 0)
(0.0867963 0.0695927 0)
(0.0922129 0.0685931 0)
(0.0978559 0.0674672 0)
(0.103713 0.0661962 0)
(0.109769 0.0647594 0)
(0.116005 0.0631347 0)
(0.122397 0.0612981 0)
(0.128922 0.0592244 0)
(0.13555 0.0568866 0)
(0.142253 0.0542564 0)
(0.149 0.0513038 0)
(0.155759 0.0479971 0)
(0.162502 0.0443018 0)
(0.169202 0.04018 0)
(0.175835 0.0355883 0)
(0.182386 0.0304754 0)
(0.188849 0.0247786 0)
(0.195229 0.0184191 0)
(0.201545 0.011289 0)
(0.207848 0.00325055 0)
(0.214257 -0.0057921 0)
(0.220475 -0.0157656 0)
(0.226496 -0.0266909 0)
(0.232237 -0.0386053 0)
(0.237591 -0.0515225 0)
(0.242434 -0.0654221 0)
(0.246621 -0.0802441 0)
(0.24999 -0.0958823 0)
(0.252359 -0.112178 0)
(0.253538 -0.128916 0)
(0.253331 -0.145829 0)
(0.251551 -0.162597 0)
(0.248026 -0.17886 0)
(0.242611 -0.19423 0)
(0.235196 -0.20831 0)
(0.225716 -0.220708 0)
(0.214156 -0.231064 0)
(0.200554 -0.239064 0)
(0.185008 -0.244456 0)
(0.167667 -0.247061 0)
(0.148744 -0.246755 0)
(0.128508 -0.243428 0)
(0.107307 -0.236876 0)
(0.0855851 -0.226617 0)
(0.0639425 -0.2116 0)
(0.0432142 -0.189838 0)
(0.0244894 -0.158081 0)
(0.00927733 -0.111769 0)
(0.00137272 -0.0455587 0)
(-3.67695e-05 0.00545032 0)
(-8.70518e-05 0.0149024 0)
(-4.05286e-05 0.0231092 0)
(0.000169472 0.0302469 0)
(0.000558513 0.0364722 0)
(0.00111929 0.0419201 0)
(0.00183343 0.0467004 0)
(0.00267813 0.0509028 0)
(0.00363042 0.0546001 0)
(0.00466903 0.0578527 0)
(0.00577538 0.0607116 0)
(0.00693391 0.0632206 0)
(0.00813188 0.0654176 0)
(0.00935914 0.0673361 0)
(0.010608 0.0690058 0)
(0.011873 0.0704532 0)
(0.0131506 0.0717018 0)
(0.0144391 0.0727726 0)
(0.0157384 0.0736843 0)
(0.0170498 0.0744536 0)
(0.0183756 0.075095 0)
(0.0197196 0.0756215 0)
(0.0210864 0.0760444 0)
(0.0224812 0.0763737 0)
(0.0239103 0.0766181 0)
(0.0253805 0.076785 0)
(0.0268989 0.0768811 0)
(0.0284735 0.0769119 0)
(0.0301123 0.0768826 0)
(0.031824 0.0767973 0)
(0.0336174 0.0766598 0)
(0.0355016 0.0764734 0)
(0.037486 0.0762411 0)
(0.0395801 0.0759652 0)
(0.0417938 0.0756481 0)
(0.0441371 0.0752916 0)
(0.04662 0.0748974 0)
(0.0492528 0.0744668 0)
(0.0520457 0.0740007 0)
(0.055009 0.0734998 0)
(0.058153 0.072964 0)
(0.0614876 0.0723932 0)
(0.0650226 0.0717861 0)
(0.0687673 0.0711412 0)
(0.0727304 0.0704558 0)
(0.0769198 0.0697264 0)
(0.0813424 0.0689485 0)
(0.086004 0.0681164 0)
(0.0909087 0.0672232 0)
(0.0960589 0.0662607 0)
(0.101455 0.0652193 0)
(0.107094 0.064088 0)
(0.112973 0.0628544 0)
(0.119082 0.0615045 0)
(0.125412 0.0600227 0)
(0.131947 0.0583917 0)
(0.138671 0.0565924 0)
(0.145563 0.0546043 0)
(0.1526 0.0524042 0)
(0.159758 0.0499673 0)
(0.167009 0.0472665 0)
(0.174328 0.044272 0)
(0.181687 0.0409513 0)
(0.189062 0.0372679 0)
(0.196431 0.0331798 0)
(0.203781 0.0286382 0)
(0.211103 0.023583 0)
(0.218403 0.0179367 0)
(0.225696 0.0115983 0)
(0.23302 0.00443675 0)
(0.240527 -0.00366041 0)
(0.247822 -0.0125971 0)
(0.25489 -0.0223623 0)
(0.261638 -0.0329883 0)
(0.267948 -0.0444963 0)
(0.273688 -0.056879 0)
(0.278707 -0.0700954 0)
(0.282836 -0.0840671 0)
(0.285892 -0.0986719 0)
(0.287681 -0.113741 0)
(0.288008 -0.129057 0)
(0.286681 -0.144357 0)
(0.283524 -0.159337 0)
(0.278383 -0.173663 0)
(0.271141 -0.186982 0)
(0.261723 -0.198939 0)
(0.2501 -0.209194 0)
(0.236302 -0.217438 0)
(0.220412 -0.223414 0)
(0.202571 -0.226928 0)
(0.182974 -0.227855 0)
(0.161871 -0.22613 0)
(0.139567 -0.221705 0)
(0.116426 -0.214458 0)
(0.0928979 -0.204025 0)
(0.0695699 -0.189538 0)
(0.0472517 -0.169295 0)
(0.0270084 -0.140457 0)
(0.0103916 -0.099003 0)
(0.00159479 -0.0402061 0)
(-3.21781e-05 0.00549498 0)
(-1.43469e-06 0.014853 0)
(0.00024439 0.0228843 0)
(0.000737828 0.0298172 0)
(0.00147701 0.0358407 0)
(0.00243807 0.0411064 0)
(0.00358862 0.0457308 0)
(0.00489577 0.049804 0)
(0.00632958 0.0533971 0)
(0.00786416 0.0565673 0)
(0.00947785 0.0593621 0)
(0.011153 0.0618221 0)
(0.0128754 0.0639821 0)
(0.014634 0.0658729 0)
(0.0164204 0.0675218 0)
(0.0182286 0.0689529 0)
(0.0200548 0.070188 0)
(0.0218968 0.0712464 0)
(0.0237544 0.0721451 0)
(0.0256285 0.0728995 0)
(0.0275216 0.0735231 0)
(0.0294371 0.0740276 0)
(0.0313795 0.0744236 0)
(0.033354 0.0747201 0)
(0.0353667 0.0749253 0)
(0.0374243 0.0750459 0)
(0.0395338 0.0750882 0)
(0.041703 0.0750573 0)
(0.0439399 0.0749578 0)
(0.0462528 0.0747938 0)
(0.0486503 0.0745686 0)
(0.0511413 0.0742854 0)
(0.0537349 0.0739467 0)
(0.0564403 0.073555 0)
(0.0592669 0.0731123 0)
(0.0622243 0.0726203 0)
(0.0653221 0.0720805 0)
(0.0685702 0.0714943 0)
(0.0719782 0.0708625 0)
(0.0755559 0.0701857 0)
(0.079313 0.0694643 0)
(0.083259 0.068698 0)
(0.087403 0.0678862 0)
(0.091754 0.0670276 0)
(0.0963201 0.0661203 0)
(0.101109 0.0651616 0)
(0.106128 0.0641481 0)
(0.111381 0.0630754 0)
(0.116874 0.0619382 0)
(0.122608 0.0607301 0)
(0.128585 0.0594437 0)
(0.134803 0.0580705 0)
(0.141257 0.0566008 0)
(0.147941 0.0550236 0)
(0.154846 0.0533262 0)
(0.161957 0.0514946 0)
(0.16926 0.0495126 0)
(0.176735 0.0473624 0)
(0.184363 0.0450231 0)
(0.19212 0.042471 0)
(0.199985 0.0396798 0)
(0.207933 0.0366193 0)
(0.215945 0.0332558 0)
(0.224001 0.0295494 0)
(0.232089 0.0254536 0)
(0.240203 0.0209117 0)
(0.248346 0.0158483 0)
(0.256539 0.010164 0)
(0.264807 0.00373588 0)
(0.273279 -0.00352264 0)
(0.281508 -0.0115062 0)
(0.289437 -0.0201876 0)
(0.296974 -0.029594 0)
(0.303994 -0.0397477 0)
(0.310357 -0.0506487 0)
(0.315908 -0.0622699 0)
(0.320477 -0.0745541 0)
(0.323881 -0.0874089 0)
(0.325929 -0.100703 0)
(0.326426 -0.114266 0)
(0.325183 -0.127884 0)
(0.322025 -0.14131 0)
(0.3168 -0.154263 0)
(0.309387 -0.166443 0)
(0.299709 -0.177537 0)
(0.287732 -0.18724 0)
(0.27348 -0.195264 0)
(0.257032 -0.201357 0)
(0.238522 -0.20532 0)
(0.218143 -0.207013 0)
(0.196138 -0.206363 0)
(0.172798 -0.203356 0)
(0.148457 -0.197996 0)
(0.1235 -0.19023 0)
(0.0983789 -0.179793 0)
(0.0736616 -0.165982 0)
(0.0501224 -0.147374 0)
(0.028781 -0.121572 0)
(0.0111829 -0.085185 0)
(0.00175859 -0.0343047 0)
(-2.02866e-05 0.00548528 0)
(0.000142528 0.0146252 0)
(0.000689818 0.022371 0)
(0.0015922 0.0290132 0)
(0.0028214 0.0347712 0)
(0.00433241 0.0398085 0)
(0.00607625 0.0442435 0)
(0.00800895 0.0481632 0)
(0.0100934 0.0516334 0)
(0.0122992 0.0547064 0)
(0.0146015 0.057425 0)
(0.0169806 0.0598254 0)
(0.0194207 0.061939 0)
(0.0219095 0.0637936 0)
(0.0244377 0.0654138 0)
(0.0269984 0.0668214 0)
(0.029587 0.0680362 0)
(0.0322009 0.0690755 0)
(0.0348391 0.0699551 0)
(0.037502 0.0706887 0)
(0.0401916 0.0712887 0)
(0.0429109 0.0717658 0)
(0.0456637 0.0721296 0)
(0.048455 0.0723884 0)
(0.0512903 0.0725496 0)
(0.0541758 0.0726195 0)
(0.0571182 0.0726037 0)
(0.0601246 0.072507 0)
(0.0632026 0.0723338 0)
(0.0663599 0.0720877 0)
(0.0696045 0.0717719 0)
(0.0729447 0.0713892 0)
(0.0763889 0.0709422 0)
(0.0799456 0.0704331 0)
(0.0836236 0.0698637 0)
(0.0874315 0.0692357 0)
(0.0913782 0.0685506 0)
(0.0954725 0.0678095 0)
(0.0997233 0.0670135 0)
(0.104139 0.0661632 0)
(0.108729 0.0652589 0)
(0.113502 0.0643008 0)
(0.118465 0.0632884 0)
(0.123627 0.0622211 0)
(0.128995 0.0610973 0)
(0.134575 0.0599153 0)
(0.140374 0.0586726 0)
(0.146396 0.0573659 0)
(0.152646 0.0559914 0)
(0.159125 0.0545444 0)
(0.165833 0.0530194 0)
(0.17277 0.0514102 0)
(0.17993 0.0497098 0)
(0.187309 0.04791 0)
(0.194895 0.0460009 0)
(0.202677 0.043971 0)
(0.21064 0.041807 0)
(0.218768 0.0394934 0)
(0.227041 0.0370112 0)
(0.235439 0.0343371 0)
(0.243944 0.0314449 0)
(0.252539 0.0283028 0)
(0.261208 0.0248757 0)
(0.269942 0.0211182 0)
(0.278739 0.0169721 0)
(0.287605 0.0123683 0)
(0.296552 0.00720602 0)
(0.305663 0.00138416 0)
(0.314845 -0.0051117 0)
(0.323688 -0.0121948 0)
(0.332142 -0.0198425 0)
(0.340099 -0.0280739 0)
(0.347427 -0.0369107 0)
(0.353986 -0.0463562 0)
(0.359618 -0.0563922 0)
(0.364156 -0.0669769 0)
(0.36742 -0.0780417 0)
(0.369223 -0.089487 0)
(0.369378 -0.10118 0)
(0.367705 -0.112955 0)
(0.364037 -0.124615 0)
(0.358227 -0.135932 0)
(0.350161 -0.146658 0)
(0.339765 -0.156533 0)
(0.327009 -0.165292 0)
(0.311916 -0.172681 0)
(0.294567 -0.17847 0)
(0.275098 -0.182464 0)
(0.253702 -0.184517 0)
(0.230623 -0.184544 0)
(0.206153 -0.182516 0)
(0.180621 -0.178462 0)
(0.154389 -0.172428 0)
(0.127857 -0.16441 0)
(0.101469 -0.154224 0)
(0.0757717 -0.141316 0)
(0.0514918 -0.124524 0)
(0.0295854 -0.101896 0)
(0.0115434 -0.0707303 0)
(0.00183925 -0.0280658 0)
(4.99956e-06 0.0053832 0)
(0.000371664 0.0141251 0)
(0.00135502 0.0214407 0)
(0.00282904 0.0276847 0)
(0.00472864 0.0330995 0)
(0.00698401 0.0378523 0)
(0.00952813 0.0420561 0)
(0.0123057 0.0457894 0)
(0.0152725 0.04911 0)
(0.0183935 0.0520628 0)
(0.0216404 0.0546847 0)
(0.0249908 0.0570072 0)
(0.0284266 0.0590577 0)
(0.0319337 0.0608606 0)
(0.0355009 0.0624376 0)
(0.0391196 0.0638084 0)
(0.0427838 0.0649904 0)
(0.0464894 0.0659992 0)
(0.050234 0.0668488 0)
(0.0540168 0.0675517 0)
(0.0578385 0.0681189 0)
(0.0617009 0.06856 0)
(0.0656069 0.0688838 0)
(0.06956 0.0690977 0)
(0.0735649 0.0692084 0)
(0.0776265 0.0692217 0)
(0.0817505 0.0691427 0)
(0.0859427 0.0689759 0)
(0.0902096 0.0687253 0)
(0.0945578 0.0683942 0)
(0.098994 0.0679858 0)
(0.103525 0.0675026 0)
(0.108159 0.066947 0)
(0.112902 0.0663211 0)
(0.117761 0.0656268 0)
(0.122745 0.0648656 0)
(0.127859 0.064039 0)
(0.133112 0.0631481 0)
(0.138511 0.0621941 0)
(0.144063 0.0611776 0)
(0.149775 0.0600993 0)
(0.155653 0.0589593 0)
(0.161705 0.0577577 0)
(0.167936 0.056494 0)
(0.174351 0.0551675 0)
(0.180957 0.053777 0)
(0.187756 0.0523209 0)
(0.194753 0.0507971 0)
(0.20195 0.0492029 0)
(0.209347 0.0475353 0)
(0.216943 0.0457905 0)
(0.224737 0.0439646 0)
(0.232722 0.0420529 0)
(0.240892 0.0400501 0)
(0.249235 0.0379489 0)
(0.257741 0.03574 0)
(0.266394 0.0334125 0)
(0.275179 0.0309532 0)
(0.284079 0.0283433 0)
(0.293075 0.0255585 0)
(0.302156 0.0225733 0)
(0.311313 0.0193492 0)
(0.320537 0.0158452 0)
(0.329836 0.0120089 0)
(0.339208 0.00775771 0)
(0.348703 0.00300923 0)
(0.358326 -0.0022694 0)
(0.367716 -0.00803016 0)
(0.376676 -0.0142265 0)
(0.385113 -0.0208514 0)
(0.392914 -0.0279238 0)
(0.399948 -0.035459 0)
(0.406073 -0.0434597 0)
(0.411138 -0.0519128 0)
(0.414979 -0.0607881 0)
(0.417424 -0.070035 0)
(0.418298 -0.0795797 0)
(0.417427 -0.0893229 0)
(0.414644 -0.0991385 0)
(0.409794 -0.108875 0)
(0.402747 -0.118356 0)
(0.393401 -0.127386 0)
(0.381692 -0.135756 0)
(0.367601 -0.143249 0)
(0.35116 -0.149653 0)
(0.332455 -0.15477 0)
(0.31163 -0.158426 0)
(0.288882 -0.160482 0)
(0.264464 -0.160844 0)
(0.23867 -0.159471 0)
(0.211835 -0.156375 0)
(0.184319 -0.151614 0)
(0.156505 -0.145261 0)
(0.128791 -0.137348 0)
(0.10161 -0.127752 0)
(0.0754724 -0.116045 0)
(0.0510502 -0.101305 0)
(0.0292213 -0.0820138 0)
(0.011376 -0.0561561 0)
(0.00181341 -0.0217617 0)
(5.1038e-05 0.00513423 0)
(0.000717647 0.0132281 0)
(0.00230724 0.0199265 0)
(0.00455562 0.0256383 0)
(0.00735263 0.0306132 0)
(0.0106025 0.0350085 0)
(0.0142207 0.0389225 0)
(0.0181409 0.0424199 0)
(0.022312 0.0455472 0)
(0.0266932 0.0483405 0)
(0.0312517 0.05083 0)
(0.0359607 0.0530417 0)
(0.0407984 0.0549989 0)
(0.0457467 0.0567224 0)
(0.0507908 0.0582311 0)
(0.0559191 0.0595418 0)
(0.0611223 0.0606699 0)
(0.0663931 0.061629 0)
(0.0717266 0.0624314 0)
(0.0771191 0.063088 0)
(0.0825688 0.0636084 0)
(0.088075 0.0640013 0)
(0.0936379 0.0642743 0)
(0.099259 0.0644341 0)
(0.10494 0.0644867 0)
(0.110685 0.0644374 0)
(0.116495 0.0642908 0)
(0.122376 0.064051 0)
(0.12833 0.0637216 0)
(0.134362 0.0633059 0)
(0.140477 0.0628067 0)
(0.14668 0.0622265 0)
(0.152974 0.0615676 0)
(0.159365 0.0608321 0)
(0.165857 0.0600218 0)
(0.172455 0.0591382 0)
(0.179164 0.0581829 0)
(0.185988 0.0571571 0)
(0.192932 0.056062 0)
(0.199999 0.0548984 0)
(0.207195 0.0536671 0)
(0.214523 0.0523687 0)
(0.221986 0.0510034 0)
(0.229587 0.0495712 0)
(0.237329 0.048072 0)
(0.245214 0.0465053 0)
(0.253243 0.0448702 0)
(0.261416 0.0431656 0)
(0.269732 0.0413901 0)
(0.27819 0.0395419 0)
(0.286785 0.0376191 0)
(0.295512 0.0356193 0)
(0.304364 0.0335404 0)
(0.313331 0.0313796 0)
(0.322399 0.0291322 0)
(0.331557 0.0267903 0)
(0.340789 0.0243464 0)
(0.350082 0.0217915 0)
(0.359419 0.0191045 0)
(0.36879 0.0162487 0)
(0.378188 0.0131992 0)
(0.387624 0.00990759 0)
(0.397082 0.00630561 0)
(0.406649 0.00234087 0)
(0.416243 -0.00199193 0)
(0.425583 -0.00667337 0)
(0.434418 -0.0116621 0)
(0.442689 -0.0169439 0)
(0.450279 -0.0225275 0)
(0.457069 -0.0284262 0)
(0.462933 -0.0346501 0)
(0.467734 -0.0411993 0)
(0.471329 -0.048063 0)
(0.473564 -0.055219 0)
(0.474284 -0.0626309 0)
(0.473328 -0.0702454 0)
(0.470542 -0.077991 0)
(0.465778 -0.0857763 0)
(0.458904 -0.0934902 0)
(0.449809 -0.101003 0)
(0.438412 -0.108168 0)
(0.424668 -0.114828 0)
(0.408576 -0.120816 0)
(0.390181 -0.125966 0)
(0.369583 -0.13012 0)
(0.346937 -0.133135 0)
(0.322449 -0.134891 0)
(0.296378 -0.135302 0)
(0.269029 -0.13432 0)
(0.240741 -0.131938 0)
(0.211879 -0.128197 0)
(0.18282 -0.123169 0)
(0.153947 -0.116942 0)
(0.125645 -0.109565 0)
(0.0983153 -0.10096 0)
(0.0724205 -0.0908026 0)
(0.0485682 -0.0783924 0)
(0.0275486 -0.0626066 0)
(0.0106121 -0.042064 0)
(0.00166283 -0.0157155 0)
(0.000127019 0.00466341 0)
(0.00121259 0.0117789 0)
(0.00360778 0.0176266 0)
(0.00687049 0.0226403 0)
(0.0108434 0.02705 0)
(0.0154087 0.030985 0)
(0.0204666 0.0345197 0)
(0.0259406 0.0377003 0)
(0.0317711 0.0405601 0)
(0.0379094 0.0431255 0)
(0.0443149 0.0454195 0)
(0.0509531 0.0474627 0)
(0.0577945 0.0492739 0)
(0.064814 0.0508701 0)
(0.0719901 0.0522669 0)
(0.0793044 0.0534785 0)
(0.0867414 0.0545177 0)
(0.0942882 0.0553959 0)
(0.101934 0.0561236 0)
(0.10967 0.0567099 0)
(0.117488 0.0571632 0)
(0.125384 0.0574908 0)
(0.133353 0.0576993 0)
(0.141391 0.0577946 0)
(0.149495 0.0577819 0)
(0.157664 0.0576658 0)
(0.165897 0.0574506 0)
(0.174192 0.0571399 0)
(0.182549 0.0567371 0)
(0.190968 0.0562452 0)
(0.199448 0.0556668 0)
(0.207991 0.0550045 0)
(0.216596 0.0542605 0)
(0.225263 0.0534368 0)
(0.233992 0.0525352 0)
(0.242784 0.0515574 0)
(0.251638 0.0505049 0)
(0.260555 0.0493792 0)
(0.269534 0.0481817 0)
(0.278575 0.0469136 0)
(0.287676 0.0455759 0)
(0.296836 0.0441694 0)
(0.306054 0.0426949 0)
(0.315328 0.0411528 0)
(0.324655 0.0395436 0)
(0.334032 0.0378674 0)
(0.343454 0.0361244 0)
(0.352917 0.0343142 0)
(0.362415 0.0324368 0)
(0.371941 0.0304916 0)
(0.381485 0.0284784 0)
(0.391038 0.0263969 0)
(0.400587 0.0242472 0)
(0.410119 0.022029 0)
(0.419617 0.0197358 0)
(0.42907 0.017353 0)
(0.438467 0.0148784 0)
(0.447797 0.0123099 0)
(0.457046 0.00962701 0)
(0.466201 0.00676164 0)
(0.475291 0.00366853 0)
(0.484401 0.000334915 0)
(0.493316 -0.00322632 0)
(0.501774 -0.00700038 0)
(0.50963 -0.010957 0)
(0.516823 -0.0150816 0)
(0.52325 -0.0193834 0)
(0.528807 -0.0238744 0)
(0.533382 -0.028561 0)
(0.536859 -0.0334452 0)
(0.539115 -0.0385239 0)
(0.540024 -0.0437882 0)
(0.539451 -0.0492214 0)
(0.537262 -0.0547979 0)
(0.533322 -0.0604813 0)
(0.527502 -0.0662228 0)
(0.519683 -0.0719602 0)
(0.509762 -0.0776178 0)
(0.497657 -0.0831066 0)
(0.483315 -0.0883259 0)
(0.466717 -0.0931655 0)
(0.447885 -0.0975088 0)
(0.426887 -0.101237 0)
(0.403838 -0.104236 0)
(0.378907 -0.106401 0)
(0.352313 -0.107639 0)
(0.324322 -0.107883 0)
(0.295241 -0.107089 0)
(0.265414 -0.105243 0)
(0.235204 -0.102364 0)
(0.204985 -0.0985028 0)
(0.17513 -0.0937346 0)
(0.145997 -0.0881412 0)
(0.117933 -0.0817735 0)
(0.0912863 -0.0745853 0)
(0.0664565 -0.0663432 0)
(0.0439758 -0.0565435 0)
(0.0245415 -0.0444119 0)
(0.00923716 -0.0290965 0)
(0.00137914 -0.010279 0)
(0.000241625 0.00387736 0)
(0.00187607 0.00960332 0)
(0.00528197 0.0143199 0)
(0.00982324 0.0184298 0)
(0.0153061 0.0221049 0)
(0.0216007 0.025428 0)
(0.0285959 0.0284423 0)
(0.0362035 0.0311743 0)
(0.0443512 0.0336435 0)
(0.0529766 0.0358674 0)
(0.0620248 0.0378617 0)
(0.0714472 0.0396413 0)
(0.0812003 0.0412203 0)
(0.0912456 0.0426116 0)
(0.101549 0.0438271 0)
(0.112079 0.0448778 0)
(0.122809 0.0457737 0)
(0.133715 0.0465237 0)
(0.144774 0.047136 0)
(0.155968 0.0476179 0)
(0.167279 0.0479762 0)
(0.178692 0.0482167 0)
(0.190193 0.0483449 0)
(0.201768 0.0483657 0)
(0.213405 0.0482835 0)
(0.225095 0.0481022 0)
(0.236826 0.0478256 0)
(0.248589 0.0474569 0)
(0.260376 0.0469992 0)
(0.272177 0.0464552 0)
(0.283984 0.0458276 0)
(0.295788 0.0451186 0)
(0.307582 0.0443305 0)
(0.319358 0.0434653 0)
(0.331107 0.042525 0)
(0.342822 0.0415114 0)
(0.354495 0.040426 0)
(0.366116 0.0392706 0)
(0.377679 0.0380468 0)
(0.389174 0.0367562 0)
(0.400592 0.0354004 0)
(0.411924 0.0339808 0)
(0.42316 0.0324986 0)
(0.43429 0.0309551 0)
(0.445303 0.0293515 0)
(0.456189 0.0276888 0)
(0.466934 0.0259682 0)
(0.477527 0.0241908 0)
(0.487952 0.0223577 0)
(0.498197 0.0204705 0)
(0.508244 0.0185314 0)
(0.518077 0.0165437 0)
(0.527678 0.0145133 0)
(0.537023 0.0124473 0)
(0.546091 0.0103331 0)
(0.55489 0.00811906 0)
(0.563416 0.00579379 0)
(0.571685 0.00332626 0)
(0.579744 0.000696105 0)
(0.587417 -0.00204456 0)
(0.59457 -0.00489217 0)
(0.600973 -0.00782944 0)
(0.606624 -0.0108357 0)
(0.611451 -0.0139064 0)
(0.615373 -0.0170553 0)
(0.618309 -0.0202887 0)
(0.62017 -0.0236096 0)
(0.620867 -0.0270203 0)
(0.620304 -0.0305187 0)
(0.618383 -0.0340996 0)
(0.615005 -0.037755 0)
(0.610065 -0.0414732 0)
(0.603463 -0.0452376 0)
(0.595099 -0.0490252 0)
(0.584883 -0.0528058 0)
(0.572732 -0.0565417 0)
(0.558584 -0.0601868 0)
(0.542393 -0.0636871 0)
(0.524142 -0.0669817 0)
(0.503846 -0.0700039 0)
(0.481555 -0.0726833 0)
(0.457364 -0.0749474 0)
(0.431407 -0.0767254 0)
(0.403867 -0.0779514 0)
(0.374969 -0.0785683 0)
(0.34498 -0.0785309 0)
(0.314206 -0.0778097 0)
(0.282978 -0.0763925 0)
(0.251647 -0.0742865 0)
(0.220571 -0.0715187 0)
(0.190101 -0.0681345 0)
(0.16057 -0.0641934 0)
(0.132285 -0.0597567 0)
(0.105526 -0.0548638 0)
(0.0805681 -0.0494891 0)
(0.0577318 -0.0434834 0)
(0.037462 -0.0365243 0)
(0.020358 -0.0281348 0)
(0.00732309 -0.0178541 0)
(0.000969696 -0.00579319 0)
(0.000391785 0.00267273 0)
(0.00268131 0.00651711 0)
(0.00725454 0.00974648 0)
(0.0133363 0.0126501 0)
(0.0207263 0.0153093 0)
(0.0292964 0.0177514 0)
(0.0389254 0.0199896 0)
(0.0495068 0.0220329 0)
(0.0609457 0.0238899 0)
(0.0731549 0.0255696 0)
(0.086054 0.0270809 0)
(0.099569 0.0284328 0)
(0.113631 0.0296337 0)
(0.128179 0.0306916 0)
(0.143152 0.0316141 0)
(0.158499 0.0324081 0)
(0.174169 0.0330799 0)
(0.190118 0.0336354 0)
(0.206301 0.0340799 0)
(0.22268 0.0344184 0)
(0.239217 0.0346553 0)
(0.255877 0.0347948 0)
(0.272627 0.0348408 0)
(0.289436 0.0347967 0)
(0.306275 0.034666 0)
(0.323113 0.0344516 0)
(0.339925 0.0341564 0)
(0.356684 0.0337831 0)
(0.373363 0.0333342 0)
(0.389939 0.0328123 0)
(0.406388 0.0322195 0)
(0.422684 0.0315581 0)
(0.438806 0.0308303 0)
(0.454731 0.0300381 0)
(0.470436 0.0291835 0)
(0.485899 0.0282685 0)
(0.501098 0.027295 0)
(0.516011 0.0262647 0)
(0.530618 0.0251785 0)
(0.544897 0.0240375 0)
(0.558825 0.0228429 0)
(0.572383 0.0215962 0)
(0.585547 0.0202991 0)
(0.598297 0.018953 0)
(0.61061 0.0175595 0)
(0.622465 0.01612 0)
(0.63384 0.0146358 0)
(0.644713 0.0131081 0)
(0.65506 0.0115379 0)
(0.66486 0.00992583 0)
(0.674089 0.00827166 0)
(0.682729 0.00657377 0)
(0.690757 0.00482805 0)
(0.698138 0.00303114 0)
(0.704847 0.00120583 0)
(0.710963 -0.000594422 0)
(0.716389 -0.0024157 0)
(0.720991 -0.00429938 0)
(0.724608 -0.00624776 0)
(0.727282 -0.00821492 0)
(0.728952 -0.0101794 0)
(0.729554 -0.0121482 0)
(0.729049 -0.0141316 0)
(0.727387 -0.0161282 0)
(0.724518 -0.0181387 0)
(0.720389 -0.0201626 0)
(0.714945 -0.022197 0)
(0.70813 -0.0242387 0)
(0.699884 -0.026283 0)
(0.690151 -0.0283244 0)
(0.678875 -0.0303558 0)
(0.666003 -0.0323681 0)
(0.651487 -0.0343499 0)
(0.635287 -0.0362869 0)
(0.617376 -0.0381612 0)
(0.597738 -0.0399517 0)
(0.576379 -0.041634 0)
(0.553326 -0.0431802 0)
(0.528632 -0.0445597 0)
(0.502381 -0.0457392 0)
(0.474688 -0.0466836 0)
(0.445707 -0.0473601 0)
(0.415624 -0.0477394 0)
(0.384661 -0.0477967 0)
(0.35307 -0.0475128 0)
(0.321129 -0.0468754 0)
(0.289136 -0.0458799 0)
(0.257401 -0.0445295 0)
(0.226237 -0.0428354 0)
(0.195948 -0.0408165 0)
(0.166823 -0.0384983 0)
(0.139121 -0.0359109 0)
(0.113071 -0.0330846 0)
(0.0888755 -0.030039 0)
(0.0667245 -0.0267634 0)
(0.0468488 -0.0231874 0)
(0.0295905 -0.0191557 0)
(0.0154341 -0.0144394 0)
(0.00509249 -0.00883292 0)
(0.000475926 -0.00253424 0)
(0.000506589 0.000978349 0)
(0.00343379 0.00237009 0)
(0.00914897 0.00357191 0)
(0.0169813 0.00468836 0)
(0.0267646 0.00573386 0)
(0.0383676 0.00670764 0)
(0.0516471 0.00760885 0)
(0.0664629 0.00843789 0)
(0.0826801 0.00919625 0)
(0.100169 0.00988606 0)
(0.118807 0.0105098 0)
(0.138476 0.0110701 0)
(0.159063 0.0115696 0)
(0.180463 0.0120106 0)
(0.202574 0.0123957 0)
(0.2253 0.0127269 0)
(0.248549 0.0130065 0)
(0.272233 0.0132363 0)
(0.296269 0.0134182 0)
(0.320576 0.013554 0)
(0.345077 0.0136452 0)
(0.369697 0.0136935 0)
(0.394367 0.0137003 0)
(0.419018 0.013667 0)
(0.443583 0.0135949 0)
(0.467998 0.0134853 0)
(0.492204 0.0133396 0)
(0.516139 0.0131588 0)
(0.539748 0.0129442 0)
(0.562973 0.012697 0)
(0.585763 0.0124182 0)
(0.608064 0.0121091 0)
(0.629827 0.0117707 0)
(0.651003 0.0114041 0)
(0.671545 0.0110106 0)
(0.691409 0.0105912 0)
(0.710549 0.0101471 0)
(0.728923 0.00967919 0)
(0.746491 0.00918782 0)
(0.763212 0.0086731 0)
(0.77905 0.00813551 0)
(0.793968 0.00757579 0)
(0.807931 0.00699473 0)
(0.820907 0.00639313 0)
(0.832862 0.0057718 0)
(0.843766 0.00513145 0)
(0.853589 0.00447271 0)
(0.862306 0.00379601 0)
(0.869888 0.00310146 0)
(0.87631 0.00238853 0)
(0.88155 0.00165557 0)
(0.885582 0.000898569 0)
(0.888387 0.000109118 0)
(0.889955 -0.000722612 0)
(0.890269 -0.00156998 0)
(0.889206 -0.00234739 0)
(0.886749 -0.00308501 0)
(0.882934 -0.00379759 0)
(0.877777 -0.0044862 0)
(0.871278 -0.00517804 0)
(0.863428 -0.00587639 0)
(0.854221 -0.0065781 0)
(0.843654 -0.0072816 0)
(0.831728 -0.00798337 0)
(0.818441 -0.00868023 0)
(0.803794 -0.00936961 0)
(0.787791 -0.0100489 0)
(0.77044 -0.0107158 0)
(0.751748 -0.0113677 0)
(0.731731 -0.0120018 0)
(0.710406 -0.0126151 0)
(0.687799 -0.0132038 0)
(0.663942 -0.0137639 0)
(0.638875 -0.0142904 0)
(0.61265 -0.0147782 0)
(0.585331 -0.015221 0)
(0.556997 -0.0156122 0)
(0.527742 -0.0159448 0)
(0.497678 -0.0162108 0)
(0.466937 -0.0164012 0)
(0.435666 -0.0165056 0)
(0.404029 -0.0165167 0)
(0.372209 -0.0164292 0)
(0.340402 -0.0162401 0)
(0.308816 -0.0159481 0)
(0.277666 -0.015554 0)
(0.247172 -0.0150601 0)
(0.217552 -0.0144702 0)
(0.189017 -0.0137892 0)
(0.161772 -0.0130229 0)
(0.136007 -0.0121776 0)
(0.111898 -0.0112603 0)
(0.0896017 -0.0102776 0)
(0.0692607 -0.0092343 0)
(0.0510109 -0.00812878 0)
(0.0350099 -0.00694511 0)
(0.0214815 -0.00564556 0)
(0.0107385 -0.0041721 0)
(0.00321975 -0.00247084 0)
(0.000104936 -0.000620846 0)
)
;

boundaryField
{
    movingWall
    {
        type            codedFixedValue;
        value           nonuniform List<vector> 
100
(
(0.00039601 0 0)
(0.00349281 0 0)
(0.00950625 0 0)
(0.018252 0 0)
(0.0295496 0 0)
(0.0432224 0 0)
(0.0590976 0 0)
(0.0770063 0 0)
(0.0967832 0 0)
(0.118267 0 0)
(0.141301 0 0)
(0.16573 0 0)
(0.191406 0 0)
(0.218182 0 0)
(0.245917 0 0)
(0.274471 0 0)
(0.303711 0 0)
(0.333506 0 0)
(0.36373 0 0)
(0.394258 0 0)
(0.424974 0 0)
(0.45576 0 0)
(0.486506 0 0)
(0.517105 0 0)
(0.547452 0 0)
(0.577448 0 0)
(0.606997 0 0)
(0.636006 0 0)
(0.664388 0 0)
(0.692058 0 0)
(0.718934 0 0)
(0.744942 0 0)
(0.770006 0 0)
(0.794059 0 0)
(0.817035 0 0)
(0.838873 0 0)
(0.859514 0 0)
(0.878906 0 0)
(0.896998 0 0)
(0.913745 0 0)
(0.929103 0 0)
(0.943035 0 0)
(0.955506 0 0)
(0.966486 0 0)
(0.975946 0 0)
(0.983866 0 0)
(0.990224 0 0)
(0.995006 0 0)
(0.998201 0 0)
(0.9998 0 0)
(0.9998 0 0)
(0.998201 0 0)
(0.995006 0 0)
(0.990224 0 0)
(0.983866 0 0)
(0.975946 0 0)
(0.966486 0 0)
(0.955506 0 0)
(0.943035 0 0)
(0.929103 0 0)
(0.913745 0 0)
(0.896998 0 0)
(0.878906 0 0)
(0.859514 0 0)
(0.838873 0 0)
(0.817035 0 0)
(0.794059 0 0)
(0.770006 0 0)
(0.744942 0 0)
(0.718934 0 0)
(0.692058 0 0)
(0.664388 0 0)
(0.636006 0 0)
(0.606997 0 0)
(0.577448 0 0)
(0.547452 0 0)
(0.517105 0 0)
(0.486506 0 0)
(0.45576 0 0)
(0.424974 0 0)
(0.394258 0 0)
(0.36373 0 0)
(0.333506 0 0)
(0.303711 0 0)
(0.274471 0 0)
(0.245917 0 0)
(0.218182 0 0)
(0.191406 0 0)
(0.16573 0 0)
(0.141301 0 0)
(0.118267 0 0)
(0.0967832 0 0)
(0.0770063 0 0)
(0.0590976 0 0)
(0.0432224 0 0)
(0.0295496 0 0)
(0.018252 0 0)
(0.00950625 0 0)
(0.00349281 0 0)
(0.00039601 0 0)
)
;
        name            regularized;
        code            #{
		const vectorField& Cf = patch().Cf();
		vectorField& field = *this;
		forAll(Cf, faceI)
		{
			const scalar x = Cf[faceI][0];
			field[faceI] = vector((1-x)*(1-x)*(1+x)*(1+x),0,0);
		}
	#};
    }
    fixedWalls
    {
        type            noSlip;
    }
    frontAndBack
    {
        type            empty;
    }
}


// ************************************************************************* //
