/*--------------------------------*- C++ -*----------------------------------*\
  =========                 |
  \\      /  F ield         | OpenFOAM: The Open Source CFD Toolbox
   \\    /   O peration     | Website:  https://openfoam.org
    \\  /    A nd           | Version:  11
     \\/     M anipulation  |
\*---------------------------------------------------------------------------*/
FoamFile
{
    format      ascii;
    class       volVectorField;
    location    "45";
    object      U;
}
// * * * * * * * * * * * * * * * * * * * * * * * * * * * * * * * * * * * * * //

dimensions      [0 1 -1 0 0 0 0];

internalField   nonuniform List<vector> 
10000
(
(2.64858e-06 -2.64521e-06 0)
(1.36274e-05 -6.51086e-06 0)
(3.04347e-05 -7.26477e-06 0)
(4.48633e-05 -5.96688e-06 0)
(5.29828e-05 -3.65416e-06 0)
(5.28792e-05 -9.16049e-07 0)
(4.36354e-05 1.94508e-06 0)
(2.49733e-05 4.76232e-06 0)
(-2.99843e-06 7.44488e-06 0)
(-3.99297e-05 9.95699e-06 0)
(-8.53268e-05 1.22781e-05 0)
(-0.000138622 1.44003e-05 0)
(-0.000199206 1.63243e-05 0)
(-0.000266451 1.80554e-05 0)
(-0.000339731 1.96013e-05 0)
(-0.00041843 2.09712e-05 0)
(-0.000501952 2.21749e-05 0)
(-0.000589725 2.32224e-05 0)
(-0.000681201 2.41237e-05 0)
(-0.000775862 2.48881e-05 0)
(-0.000873214 2.55245e-05 0)
(-0.000972789 2.60413e-05 0)
(-0.00107414 2.64457e-05 0)
(-0.00117686 2.67443e-05 0)
(-0.00128053 2.69428e-05 0)
(-0.00138478 2.70462e-05 0)
(-0.00148923 2.70585e-05 0)
(-0.00159353 2.69829e-05 0)
(-0.00169733 2.68221e-05 0)
(-0.0018003 2.65778e-05 0)
(-0.00190211 2.62514e-05 0)
(-0.00200243 2.58436e-05 0)
(-0.00210094 2.53547e-05 0)
(-0.00219731 2.47845e-05 0)
(-0.00229122 2.41329e-05 0)
(-0.00238236 2.33991e-05 0)
(-0.0024704 2.25825e-05 0)
(-0.00255502 2.16825e-05 0)
(-0.00263589 2.06984e-05 0)
(-0.0027127 1.96298e-05 0)
(-0.00278512 1.84763e-05 0)
(-0.00285284 1.72382e-05 0)
(-0.00291552 1.59158e-05 0)
(-0.00297287 1.45099e-05 0)
(-0.00302458 1.30219e-05 0)
(-0.00307035 1.14537e-05 0)
(-0.00310988 9.80775e-06 0)
(-0.00314292 8.08704e-06 0)
(-0.00316919 6.29518e-06 0)
(-0.00318845 4.43622e-06 0)
(-0.00320048 2.51471e-06 0)
(-0.00320507 5.37211e-07 0)
(-0.00320208 -1.4843e-06 0)
(-0.00319134 -3.53798e-06 0)
(-0.00317279 -5.61585e-06 0)
(-0.00314634 -7.70928e-06 0)
(-0.00311199 -9.80813e-06 0)
(-0.00306974 -1.19011e-05 0)
(-0.00301966 -1.39761e-05 0)
(-0.00296186 -1.60201e-05 0)
(-0.00289648 -1.80198e-05 0)
(-0.00282374 -1.99611e-05 0)
(-0.00274388 -2.18298e-05 0)
(-0.00265723 -2.36114e-05 0)
(-0.00256413 -2.52913e-05 0)
(-0.00246501 -2.68552e-05 0)
(-0.00236031 -2.82889e-05 0)
(-0.00225057 -2.95788e-05 0)
(-0.00213634 -3.07116e-05 0)
(-0.00201822 -3.16752e-05 0)
(-0.00189687 -3.2458e-05 0)
(-0.00177296 -3.30498e-05 0)
(-0.00164723 -3.34415e-05 0)
(-0.00152041 -3.36253e-05 0)
(-0.00139329 -3.35949e-05 0)
(-0.00126665 -3.33458e-05 0)
(-0.00114131 -3.28749e-05 0)
(-0.00101807 -3.21809e-05 0)
(-0.00089774 -3.12643e-05 0)
(-0.00078113 -3.01275e-05 0)
(-0.000669027 -2.87746e-05 0)
(-0.000562201 -2.72115e-05 0)
(-0.000461392 -2.54459e-05 0)
(-0.000367307 -2.34875e-05 0)
(-0.000280608 -2.13477e-05 0)
(-0.000201906 -1.90396e-05 0)
(-0.000131753 -1.65783e-05 0)
(-7.06287e-05 -1.3981e-05 0)
(-1.89211e-05 -1.12699e-05 0)
(2.30439e-05 -8.482e-06 0)
(5.50781e-05 -5.62314e-06 0)
(7.71609e-05 -2.74557e-06 0)
(8.94175e-05 9.34046e-08 0)
(9.22193e-05 2.81209e-06 0)
(8.62833e-05 5.29435e-06 0)
(7.28117e-05 7.32694e-06 0)
(5.36975e-05 8.56407e-06 0)
(3.17914e-05 8.42945e-06 0)
(1.15979e-05 6.06421e-06 0)
(1.3155e-06 1.32397e-06 0)
(6.53014e-06 -1.36317e-05 0)
(2.69503e-05 -2.69034e-05 0)
(5.31377e-05 -2.71615e-05 0)
(7.11346e-05 -1.8637e-05 0)
(7.321e-05 -4.9543e-06 0)
(5.4978e-05 1.14795e-05 0)
(1.39077e-05 2.91195e-05 0)
(-5.11445e-05 4.69982e-05 0)
(-0.000140311 6.45071e-05 0)
(-0.000253048 8.12771e-05 0)
(-0.000388373 9.70788e-05 0)
(-0.000545014 0.000111779 0)
(-0.000721521 0.00012531 0)
(-0.000916344 0.000137648 0)
(-0.00112789 0.000148797 0)
(-0.00135455 0.000158782 0)
(-0.00159475 0.000167639 0)
(-0.00184694 0.000175412 0)
(-0.00210963 0.00018215 0)
(-0.00238138 0.000187901 0)
(-0.00266081 0.000192716 0)
(-0.00294661 0.000196641 0)
(-0.00323751 0.000199719 0)
(-0.0035323 0.000201991 0)
(-0.00382983 0.000203493 0)
(-0.00412897 0.000204256 0)
(-0.00442867 0.000204306 0)
(-0.00472787 0.000203668 0)
(-0.00502556 0.000202357 0)
(-0.00532076 0.00020039 0)
(-0.00561249 0.000197776 0)
(-0.00589979 0.000194523 0)
(-0.00618173 0.000190635 0)
(-0.00645736 0.000186117 0)
(-0.00672574 0.000180968 0)
(-0.00698595 0.000175188 0)
(-0.00723706 0.000168777 0)
(-0.00747813 0.000161736 0)
(-0.00770826 0.000154063 0)
(-0.00792651 0.00014576 0)
(-0.00813197 0.000136831 0)
(-0.00832374 0.000127281 0)
(-0.00850094 0.000117117 0)
(-0.00866269 0.000106352 0)
(-0.00880813 9.49998e-05 0)
(-0.00893644 8.30789e-05 0)
(-0.00904685 7.06124e-05 0)
(-0.00913858 5.76276e-05 0)
(-0.00921094 4.41565e-05 0)
(-0.00926329 3.02359e-05 0)
(-0.00929502 1.59085e-05 0)
(-0.00930562 1.22703e-06 0)
(-0.00929468 -1.37405e-05 0)
(-0.00926182 -2.89233e-05 0)
(-0.00920683 -4.42554e-05 0)
(-0.00912954 -5.96668e-05 0)
(-0.00902993 -7.50807e-05 0)
(-0.00890808 -9.04145e-05 0)
(-0.00876418 -0.000105581 0)
(-0.00859858 -0.000120488 0)
(-0.00841172 -0.000135039 0)
(-0.00820422 -0.000149138 0)
(-0.00797682 -0.000162683 0)
(-0.0077304 -0.000175575 0)
(-0.00746598 -0.000187711 0)
(-0.00718474 -0.000198992 0)
(-0.00688798 -0.000209321 0)
(-0.00657713 -0.000218604 0)
(-0.00625377 -0.00022675 0)
(-0.00591958 -0.000233676 0)
(-0.00557637 -0.000239304 0)
(-0.00522605 -0.000243565 0)
(-0.00487061 -0.000246396 0)
(-0.00451212 -0.000247747 0)
(-0.00415272 -0.000247577 0)
(-0.00379461 -0.000245856 0)
(-0.00343998 -0.000242565 0)
(-0.00309109 -0.0002377 0)
(-0.00275015 -0.000231269 0)
(-0.00241936 -0.000223292 0)
(-0.0021009 -0.000213803 0)
(-0.00179686 -0.000202852 0)
(-0.00150925 -0.000190501 0)
(-0.00123998 -0.000176828 0)
(-0.00099084 -0.000161926 0)
(-0.000763449 -0.000145905 0)
(-0.000559258 -0.000128894 0)
(-0.000379502 -0.000111043 0)
(-0.000225167 -9.25313e-05 0)
(-9.69599e-05 -7.35863e-05 0)
(4.7705e-06 -5.44333e-05 0)
(8.01036e-05 -3.54099e-05 0)
(0.000129631 -1.69329e-05 0)
(0.000154612 4.41116e-07 0)
(0.000157156 1.59589e-05 0)
(0.000140479 2.85367e-05 0)
(0.000109182 3.66424e-05 0)
(6.94434e-05 3.81269e-05 0)
(3.01954e-05 3.02445e-05 0)
(6.02566e-06 1.15791e-05 0)
(7.32996e-06 -3.05108e-05 0)
(2.73584e-05 -5.31445e-05 0)
(4.80247e-05 -4.77749e-05 0)
(5.33134e-05 -2.33072e-05 0)
(3.38556e-05 1.33542e-05 0)
(-1.60791e-05 5.71523e-05 0)
(-0.000100029 0.000104525 0)
(-0.000219753 0.00015304 0)
(-0.000375672 0.000201056 0)
(-0.000567229 0.000247472 0)
(-0.000793178 0.000291571 0)
(-0.0010518 0.000332897 0)
(-0.00134106 0.000371184 0)
(-0.00165872 0.000406295 0)
(-0.00200244 0.000438185 0)
(-0.00236983 0.000466873 0)
(-0.0027585 0.000492422 0)
(-0.00316608 0.000514923 0)
(-0.00359028 0.000534485 0)
(-0.00402884 0.000551226 0)
(-0.00447961 0.000565266 0)
(-0.0049405 0.000576724 0)
(-0.0054095 0.000585713 0)
(-0.00588467 0.000592336 0)
(-0.00636415 0.00059669 0)
(-0.00684615 0.000598859 0)
(-0.00732893 0.000598915 0)
(-0.00781078 0.000596922 0)
(-0.00829007 0.000592932 0)
(-0.00876518 0.000586984 0)
(-0.00923452 0.000579113 0)
(-0.00969655 0.000569341 0)
(-0.0101497 0.000557686 0)
(-0.0105925 0.000544159 0)
(-0.0110233 0.000528769 0)
(-0.0114408 0.00051152 0)
(-0.0118433 0.000492417 0)
(-0.0122295 0.000471464 0)
(-0.0125977 0.000448667 0)
(-0.0129466 0.000424038 0)
(-0.0132747 0.000397591 0)
(-0.0135805 0.000369348 0)
(-0.0138627 0.00033934 0)
(-0.0141198 0.000307605 0)
(-0.0143506 0.000274191 0)
(-0.0145537 0.00023916 0)
(-0.014728 0.000202584 0)
(-0.0148722 0.000164547 0)
(-0.0149852 0.00012515 0)
(-0.0150662 8.45066e-05 0)
(-0.0151141 4.27483e-05 0)
(-0.0151282 3.09115e-08 0)
(-0.015108 -4.34656e-05 0)
(-0.0150527 -8.75502e-05 0)
(-0.0149622 -0.000132027 0)
(-0.0148362 -0.000176687 0)
(-0.0146747 -0.000221308 0)
(-0.0144778 -0.00026565 0)
(-0.014246 -0.000309464 0)
(-0.0139797 -0.000352486 0)
(-0.0136798 -0.000394445 0)
(-0.0133472 -0.000435063 0)
(-0.0129832 -0.000474056 0)
(-0.012589 -0.00051114 0)
(-0.0121664 -0.000546029 0)
(-0.0117173 -0.000578444 0)
(-0.0112437 -0.000608111 0)
(-0.0107478 -0.000634764 0)
(-0.0102321 -0.000658154 0)
(-0.0096994 -0.000678043 0)
(-0.0091524 -0.000694217 0)
(-0.00859412 -0.000706481 0)
(-0.00802769 -0.000714664 0)
(-0.00745635 -0.000718625 0)
(-0.00688344 -0.000718251 0)
(-0.00631238 -0.000713462 0)
(-0.00574662 -0.000704212 0)
(-0.00518964 -0.00069049 0)
(-0.00464491 -0.000672322 0)
(-0.00411585 -0.000649774 0)
(-0.00360583 -0.000622952 0)
(-0.00311808 -0.000592002 0)
(-0.00265572 -0.000557112 0)
(-0.00222171 -0.000518516 0)
(-0.00181875 -0.000476495 0)
(-0.00144934 -0.000431381 0)
(-0.00111567 -0.000383563 0)
(-0.000819568 -0.000333496 0)
(-0.00056248 -0.000281718 0)
(-0.000345378 -0.00022887 0)
(-0.000168678 -0.000175706 0)
(-3.21298e-05 -0.00012317 0)
(6.5302e-05 -7.24381e-05 0)
(0.000125619 -2.50114e-05 0)
(0.000152014 1.71523e-05 0)
(0.000149121 5.14795e-05 0)
(0.000123251 7.46202e-05 0)
(8.24833e-05 8.22986e-05 0)
(3.81182e-05 6.94762e-05 0)
(8.3701e-06 3.16951e-05 0)
(6.09289e-06 -4.51209e-05 0)
(1.89927e-05 -7.13212e-05 0)
(2.37398e-05 -5.31193e-05 0)
(4.76856e-06 -4.42972e-06 0)
(-4.76598e-05 6.44163e-05 0)
(-0.000139808 0.000145561 0)
(-0.000275642 0.00023325 0)
(-0.000457231 0.000323347 0)
(-0.000685141 0.000412928 0)
(-0.000958799 0.000499954 0)
(-0.00127678 0.00058303 0)
(-0.00163705 0.000661235 0)
(-0.00203715 0.000733985 0)
(-0.00247432 0.000800951 0)
(-0.00294564 0.000861977 0)
(-0.00344807 0.000917042 0)
(-0.00397857 0.000966212 0)
(-0.00453408 0.00100962 0)
(-0.00511161 0.00104742 0)
(-0.00570822 0.00107983 0)
(-0.00632104 0.00110703 0)
(-0.00694731 0.00112924 0)
(-0.00758435 0.00114664 0)
(-0.00822955 0.00115943 0)
(-0.00888041 0.00116778 0)
(-0.00953448 0.00117184 0)
(-0.0101894 0.00117175 0)
(-0.0108429 0.00116762 0)
(-0.0114927 0.00115954 0)
(-0.0121366 0.00114761 0)
(-0.0127724 0.00113188 0)
(-0.0133981 0.00111239 0)
(-0.0140114 0.0010892 0)
(-0.0146104 0.00106233 0)
(-0.0151929 0.00103179 0)
(-0.0157569 0.000997603 0)
(-0.0163004 0.000959787 0)
(-0.0168214 0.000918358 0)
(-0.0173178 0.000873337 0)
(-0.0177877 0.000824752 0)
(-0.0182291 0.000772642 0)
(-0.0186402 0.000717059 0)
(-0.0190189 0.00065807 0)
(-0.0193636 0.000595759 0)
(-0.0196724 0.000530228 0)
(-0.0199436 0.000461605 0)
(-0.0201756 0.000390037 0)
(-0.020367 0.000315698 0)
(-0.0205162 0.00023879 0)
(-0.0206221 0.000159541 0)
(-0.0206834 7.82147e-05 0)
(-0.0206991 -4.8882e-06 0)
(-0.0206686 -8.94305e-05 0)
(-0.0205911 -0.000175052 0)
(-0.0204662 -0.00026137 0)
(-0.0202936 -0.00034798 0)
(-0.0200735 -0.000434447 0)
(-0.0198061 -0.000520313 0)
(-0.0194918 -0.000605094 0)
(-0.0191315 -0.00068829 0)
(-0.0187263 -0.00076938 0)
(-0.0182774 -0.000847834 0)
(-0.0177865 -0.000923113 0)
(-0.0172554 -0.000994674 0)
(-0.0166865 -0.00106198 0)
(-0.0160821 -0.00112449 0)
(-0.0154451 -0.0011817 0)
(-0.0147784 -0.0012331 0)
(-0.0140854 -0.00127821 0)
(-0.0133695 -0.0013166 0)
(-0.0126345 -0.00134786 0)
(-0.0118843 -0.00137161 0)
(-0.0111232 -0.00138754 0)
(-0.0103553 -0.00139538 0)
(-0.00958503 -0.00139494 0)
(-0.00881696 -0.00138604 0)
(-0.00805559 -0.00136862 0)
(-0.00730551 -0.00134267 0)
(-0.00657125 -0.00130823 0)
(-0.00585733 -0.00126544 0)
(-0.00516814 -0.00121451 0)
(-0.00450792 -0.00115574 0)
(-0.00388075 -0.00108949 0)
(-0.00329046 -0.00101623 0)
(-0.00274059 -0.000936518 0)
(-0.00223435 -0.000851002 0)
(-0.00177455 -0.000760455 0)
(-0.00136353 -0.000665775 0)
(-0.00100309 -0.000568016 0)
(-0.000694427 -0.000468416 0)
(-0.000437991 -0.00036845 0)
(-0.000233394 -0.000269897 0)
(-7.92602e-05 -0.000174938 0)
(2.69488e-05 -8.62704e-05 0)
(8.91355e-05 -7.28836e-06 0)
(0.000112832 5.77345e-05 0)
(0.000105361 0.000103445 0)
(7.58914e-05 0.000123268 0)
(3.69967e-05 0.000109497 0)
(8.53675e-06 5.35961e-05 0)
(3.83081e-06 -5.35116e-05 0)
(5.34324e-06 -7.358e-05 0)
(-1.31593e-05 -3.35868e-05 0)
(-6.48117e-05 4.80971e-05 0)
(-0.000158769 0.000157877 0)
(-0.000301252 0.000285236 0)
(-0.000496197 0.00042224 0)
(-0.000745659 0.000563015 0)
(-0.00105017 0.000703271 0)
(-0.00140905 0.00083992 0)
(-0.00182071 0.000970781 0)
(-0.00228284 0.00109436 0)
(-0.00279264 0.00120967 0)
(-0.00334693 0.00131611 0)
(-0.00394232 0.00141336 0)
(-0.00457527 0.00150132 0)
(-0.00524216 0.00158003 0)
(-0.00593937 0.00164963 0)
(-0.0066633 0.00171035 0)
(-0.00741042 0.00176243 0)
(-0.00817725 0.00180618 0)
(-0.00896041 0.00184188 0)
(-0.00975662 0.00186983 0)
(-0.0105627 0.0018903 0)
(-0.0113755 0.00190354 0)
(-0.012192 0.00190979 0)
(-0.0130093 0.00190925 0)
(-0.0138245 0.00190211 0)
(-0.0146347 0.00188851 0)
(-0.0154374 0.00186859 0)
(-0.0162296 0.00184245 0)
(-0.0170089 0.00181016 0)
(-0.0177724 0.00177179 0)
(-0.0185177 0.00172741 0)
(-0.0192422 0.00167703 0)
(-0.0199432 0.00162071 0)
(-0.0206183 0.00155848 0)
(-0.0212649 0.00149037 0)
(-0.0218806 0.00141644 0)
(-0.0224629 0.00133674 0)
(-0.0230095 0.00125134 0)
(-0.0235179 0.00116035 0)
(-0.0239859 0.00106387 0)
(-0.0244111 0.000962068 0)
(-0.0247916 0.000855114 0)
(-0.0251252 0.000743224 0)
(-0.0254099 0.000626649 0)
(-0.0256439 0.000505683 0)
(-0.0258255 0.000380658 0)
(-0.0259533 0.000251957 0)
(-0.0260258 0.000120008 0)
(-0.0260418 -1.47032e-05 0)
(-0.0260006 -0.000151641 0)
(-0.0259012 -0.000290229 0)
(-0.0257432 -0.000429853 0)
(-0.0255265 -0.000569857 0)
(-0.0252511 -0.000709541 0)
(-0.0249173 -0.00084817 0)
(-0.0245258 -0.00098497 0)
(-0.0240777 -0.00111914 0)
(-0.0235742 -0.00124985 0)
(-0.023017 -0.00137626 0)
(-0.0224082 -0.0014975 0)
(-0.0217501 -0.00161273 0)
(-0.0210454 -0.00172108 0)
(-0.0202971 -0.00182171 0)
(-0.0195087 -0.0019138 0)
(-0.0186838 -0.00199656 0)
(-0.0178264 -0.00206924 0)
(-0.0169408 -0.00213113 0)
(-0.0160317 -0.0021816 0)
(-0.0151037 -0.00222007 0)
(-0.014162 -0.00224604 0)
(-0.0132116 -0.00225909 0)
(-0.012258 -0.00225889 0)
(-0.0113066 -0.00224522 0)
(-0.0103629 -0.00221795 0)
(-0.00943246 -0.00217707 0)
(-0.00852076 -0.00212268 0)
(-0.00763325 -0.00205501 0)
(-0.00677525 -0.00197439 0)
(-0.00595188 -0.00188131 0)
(-0.00516805 -0.00177638 0)
(-0.00442837 -0.00166035 0)
(-0.00373708 -0.00153414 0)
(-0.00309802 -0.00139881 0)
(-0.00251455 -0.00125561 0)
(-0.00198943 -0.00110601 0)
(-0.00152481 -0.000951699 0)
(-0.00112206 -0.000794665 0)
(-0.000781698 -0.000637245 0)
(-0.00050328 -0.000482216 0)
(-0.000285222 -0.000332912 0)
(-0.000124666 -0.000193373 0)
(-1.7286e-05 -6.85262e-05 0)
(4.29219e-05 3.55892e-05 0)
(6.37885e-05 0.000111576 0)
(5.5052e-05 0.000150519 0)
(2.97269e-05 0.000141903 0)
(7.41626e-06 7.29929e-05 0)
(1.10931e-06 -5.36695e-05 0)
(-1.13222e-05 -5.52346e-05 0)
(-5.79717e-05 1.70604e-05 0)
(-0.000148213 0.000141244 0)
(-0.000289953 0.000300864 0)
(-0.0004889 0.00048299 0)
(-0.00074858 0.000677655 0)
(-0.00107075 0.00087731 0)
(-0.00145571 0.0010763 0)
(-0.00190257 0.00127046 0)
(-0.0024095 0.00145677 0)
(-0.00297394 0.0016331 0)
(-0.00359275 0.001798 0)
(-0.00426243 0.00195055 0)
(-0.00497916 0.00209021 0)
(-0.00573896 0.00221676 0)
(-0.00653776 0.00233018 0)
(-0.00737144 0.00243062 0)
(-0.00823588 0.00251832 0)
(-0.00912703 0.00259361 0)
(-0.0100409 0.00265686 0)
(-0.0109735 0.00270843 0)
(-0.0119211 0.00274872 0)
(-0.0128799 0.0027781 0)
(-0.0138462 0.00279691 0)
(-0.0148166 0.00280546 0)
(-0.0157874 0.00280405 0)
(-0.0167554 0.00279291 0)
(-0.0177173 0.00277228 0)
(-0.0186696 0.00274232 0)
(-0.0196093 0.00270319 0)
(-0.0205331 0.00265501 0)
(-0.0214379 0.00259788 0)
(-0.0223206 0.00253188 0)
(-0.0231782 0.00245708 0)
(-0.0240077 0.00237355 0)
(-0.0248059 0.00228136 0)
(-0.0255701 0.00218056 0)
(-0.0262972 0.00207124 0)
(-0.0269844 0.00195351 0)
(-0.0276289 0.00182749 0)
(-0.0282278 0.00169333 0)
(-0.0287786 0.00155123 0)
(-0.0292786 0.00140141 0)
(-0.0297253 0.00124416 0)
(-0.0301163 0.0010798 0)
(-0.0304493 0.000908714 0)
(-0.0307223 0.000731338 0)
(-0.0309334 0.000548172 0)
(-0.0310807 0.000359781 0)
(-0.0311628 0.000166797 0)
(-0.0311784 -3.00749e-05 0)
(-0.0311263 -0.000230062 0)
(-0.0310058 -0.000432331 0)
(-0.0308164 -0.000635989 0)
(-0.0305579 -0.000840082 0)
(-0.0302303 -0.0010436 0)
(-0.0298343 -0.00124547 0)
(-0.0293706 -0.00144458 0)
(-0.0288403 -0.00163978 0)
(-0.0282452 -0.00182988 0)
(-0.0275872 -0.00201366 0)
(-0.0268686 -0.00218988 0)
(-0.0260922 -0.00235733 0)
(-0.0252612 -0.00251477 0)
(-0.0243792 -0.00266101 0)
(-0.02345 -0.00279485 0)
(-0.022478 -0.00291519 0)
(-0.0214678 -0.00302094 0)
(-0.0204244 -0.0031111 0)
(-0.0193532 -0.00318477 0)
(-0.0182596 -0.00324111 0)
(-0.0171494 -0.00327943 0)
(-0.0160287 -0.00329912 0)
(-0.0149037 -0.00329973 0)
(-0.0137806 -0.00328093 0)
(-0.0126659 -0.00324256 0)
(-0.0115658 -0.00318461 0)
(-0.0104868 -0.00310723 0)
(-0.00943507 -0.00301076 0)
(-0.00841682 -0.0028957 0)
(-0.00743794 -0.00276277 0)
(-0.00650405 -0.00261285 0)
(-0.00562046 -0.00244707 0)
(-0.00479205 -0.00226673 0)
(-0.00402322 -0.00207342 0)
(-0.00331781 -0.00186894 0)
(-0.00267899 -0.00165543 0)
(-0.0021092 -0.00143532 0)
(-0.00161005 -0.00121147 0)
(-0.00118216 -0.000987178 0)
(-0.000825113 -0.000766335 0)
(-0.000537265 -0.000553522 0)
(-0.000315631 -0.000354189 0)
(-0.000155724 -0.00017485 0)
(-5.13839e-05 -2.332e-05 0)
(5.36553e-06 9.10039e-05 0)
(2.44129e-05 0.000156909 0)
(1.85368e-05 0.000161171 0)
(5.60175e-06 8.73163e-05 0)
(-1.7936e-06 -4.4507e-05 0)
(-2.95836e-05 -1.32838e-05 0)
(-0.000107458 0.000103111 0)
(-0.000240268 0.000279993 0)
(-0.000434181 0.000498582 0)
(-0.000694045 0.000743873 0)
(-0.00102268 0.00100409 0)
(-0.00142128 0.00127014 0)
(-0.00188974 0.00153508 0)
(-0.00242684 0.0017937 0)
(-0.00303043 0.00204212 0)
(-0.00369763 0.00227757 0)
(-0.00442502 0.00249811 0)
(-0.00520872 0.00270246 0)
(-0.00604458 0.00288983 0)
(-0.00692823 0.00305985 0)
(-0.00785519 0.00321243 0)
(-0.0088209 0.00334767 0)
(-0.00982081 0.00346585 0)
(-0.0108504 0.00356733 0)
(-0.0119052 0.00365255 0)
(-0.0129808 0.00372198 0)
(-0.0140728 0.00377607 0)
(-0.0151772 0.00381531 0)
(-0.0162896 0.00384011 0)
(-0.0174061 0.00385089 0)
(-0.0185228 0.00384802 0)
(-0.0196357 0.00383181 0)
(-0.0207409 0.00380255 0)
(-0.0218349 0.00376047 0)
(-0.0229139 0.00370579 0)
(-0.0239742 0.00363866 0)
(-0.0250122 0.00355924 0)
(-0.0260245 0.00346764 0)
(-0.0270075 0.00336397 0)
(-0.0279577 0.00324833 0)
(-0.0288718 0.00312083 0)
(-0.0297463 0.00298157 0)
(-0.0305779 0.00283068 0)
(-0.0313633 0.00266833 0)
(-0.0320994 0.00249469 0)
(-0.032783 0.00231001 0)
(-0.0334111 0.00211456 0)
(-0.0339807 0.00190867 0)
(-0.034489 0.00169275 0)
(-0.0349334 0.00146725 0)
(-0.0353113 0.00123271 0)
(-0.0356204 0.000989746 0)
(-0.0358585 0.000739048 0)
(-0.0360237 0.000481394 0)
(-0.0361144 0.000217651 0)
(-0.036129 -5.12225e-05 0)
(-0.0360665 -0.000324181 0)
(-0.035926 -0.000600095 0)
(-0.0357069 -0.000877753 0)
(-0.0354091 -0.00115586 0)
(-0.0350327 -0.00143305 0)
(-0.0345784 -0.00170788 0)
(-0.0340471 -0.00197884 0)
(-0.0334403 -0.00224439 0)
(-0.0327597 -0.00250291 0)
(-0.0320075 -0.00275279 0)
(-0.0311866 -0.00299236 0)
(-0.0302999 -0.00321998 0)
(-0.0293512 -0.003434 0)
(-0.0283444 -0.00363282 0)
(-0.0272839 -0.00381486 0)
(-0.0261746 -0.00397862 0)
(-0.0250217 -0.00412265 0)
(-0.0238309 -0.00424564 0)
(-0.022608 -0.00434635 0)
(-0.0213592 -0.0044237 0)
(-0.0200912 -0.00447672 0)
(-0.0188105 -0.00450465 0)
(-0.0175242 -0.00450686 0)
(-0.0162393 -0.00448294 0)
(-0.014963 -0.00443267 0)
(-0.0137022 -0.00435604 0)
(-0.0124643 -0.00425327 0)
(-0.0112561 -0.00412483 0)
(-0.0100846 -0.00397141 0)
(-0.00895641 -0.00379398 0)
(-0.00787773 -0.00359376 0)
(-0.00685454 -0.00337226 0)
(-0.00589231 -0.00313129 0)
(-0.00499594 -0.00287298 0)
(-0.00416974 -0.00259978 0)
(-0.00341726 -0.00231456 0)
(-0.00274128 -0.00202059 0)
(-0.00214364 -0.00172167 0)
(-0.00162516 -0.00142215 0)
(-0.00118552 -0.00112709 0)
(-0.000823163 -0.000842374 0)
(-0.000535153 -0.000574898 0)
(-0.000317054 -0.000332753 0)
(-0.000162802 -0.00012549 0)
(-6.45742e-05 3.55811e-05 0)
(-1.26604e-05 0.0001371 0)
(4.96881e-06 0.000163398 0)
(3.44143e-06 9.49746e-05 0)
(-4.72718e-06 -2.55144e-05 0)
(-4.8577e-05 5.40383e-05 0)
(-0.000159459 0.000227287 0)
(-0.000337339 0.000467691 0)
(-0.000586341 0.000754665 0)
(-0.0009102 0.00107151 0)
(-0.00131078 0.0014049 0)
(-0.00178854 0.0017444 0)
(-0.00234279 0.0020819 0)
(-0.00297183 0.00241118 0)
(-0.00367312 0.0027276 0)
(-0.00444343 0.00302773 0)
(-0.00527898 0.00330912 0)
(-0.00617557 0.00357015 0)
(-0.0071287 0.00380976 0)
(-0.00813364 0.00402741 0)
(-0.00918555 0.00422289 0)
(-0.0102795 0.00439629 0)
(-0.0114105 0.00454786 0)
(-0.0125736 0.00467802 0)
(-0.0137641 0.00478726 0)
(-0.0149769 0.00487612 0)
(-0.0162074 0.00494515 0)
(-0.0174509 0.0049949 0)
(-0.0187028 0.00502591 0)
(-0.0199587 0.00503865 0)
(-0.0212141 0.00503358 0)
(-0.0224647 0.0050111 0)
(-0.0237063 0.00497156 0)
(-0.0249347 0.00491526 0)
(-0.0261457 0.00484247 0)
(-0.0273353 0.0047534 0)
(-0.0284995 0.00464825 0)
(-0.0296343 0.00452717 0)
(-0.0307357 0.00439033 0)
(-0.0318 0.00423787 0)
(-0.0328233 0.00406994 0)
(-0.0338019 0.00388669 0)
(-0.0347319 0.00368833 0)
(-0.0356099 0.00347508 0)
(-0.0364322 0.0032472 0)
(-0.0371954 0.00300502 0)
(-0.0378961 0.00274893 0)
(-0.0385311 0.00247937 0)
(-0.0390973 0.00219689 0)
(-0.0395917 0.0019021 0)
(-0.0400117 0.00159573 0)
(-0.0403546 0.00127857 0)
(-0.0406181 0.000951555 0)
(-0.0408001 0.00061569 0)
(-0.0408988 0.00027211 0)
(-0.0409126 -7.79417e-05 0)
(-0.0408404 -0.000433115 0)
(-0.0406811 -0.000791948 0)
(-0.0404344 -0.00115288 0)
(-0.0400999 -0.00151423 0)
(-0.039678 -0.00187424 0)
(-0.0391694 -0.00223105 0)
(-0.0385751 -0.00258273 0)
(-0.0378967 -0.00292729 0)
(-0.0371363 -0.00326266 0)
(-0.0362963 -0.00358676 0)
(-0.0353798 -0.00389748 0)
(-0.0343901 -0.00419271 0)
(-0.0333314 -0.00447034 0)
(-0.0322078 -0.00472832 0)
(-0.0310245 -0.00496464 0)
(-0.0297866 -0.00517738 0)
(-0.0284998 -0.00536471 0)
(-0.0271705 -0.00552492 0)
(-0.025805 -0.00565647 0)
(-0.0244102 -0.00575794 0)
(-0.0229932 -0.00582815 0)
(-0.0215614 -0.00586608 0)
(-0.0201224 -0.00587097 0)
(-0.018684 -0.00584227 0)
(-0.0172538 -0.00577972 0)
(-0.0158399 -0.00568332 0)
(-0.0144499 -0.00555336 0)
(-0.0130916 -0.00539045 0)
(-0.0117725 -0.00519549 0)
(-0.0104998 -0.00496973 0)
(-0.00928044 -0.00471476 0)
(-0.00812095 -0.00443253 0)
(-0.00702733 -0.00412537 0)
(-0.00600499 -0.00379602 0)
(-0.00505867 -0.00344764 0)
(-0.00419234 -0.0030839 0)
(-0.00340911 -0.00270896 0)
(-0.00271112 -0.0023276 0)
(-0.00209943 -0.0019453 0)
(-0.00157396 -0.00156833 0)
(-0.00113334 -0.00120388 0)
(-0.000774831 -0.000860282 0)
(-0.000494229 -0.000547179 0)
(-0.000285772 -0.00027578 0)
(-0.00014203 -5.91773e-05 0)
(-5.37326e-05 8.73466e-05 0)
(-9.94522e-06 0.000146035 0)
(1.13828e-06 9.50669e-05 0)
(-7.61331e-06 3.48067e-06 0)
(-6.77745e-05 0.000147606 0)
(-0.00021255 0.000391152 0)
(-0.000436898 0.000706407 0)
(-0.000742754 0.00107148 0)
(-0.00113257 0.00146834 0)
(-0.00160707 0.00188244 0)
(-0.00216582 0.00230216 0)
(-0.00280739 0.00271839 0)
(-0.00352952 0.00312405 0)
(-0.00432917 0.00351375 0)
(-0.0052027 0.00388346 0)
(-0.00614595 0.00423028 0)
(-0.00715436 0.00455221 0)
(-0.00822309 0.00484794 0)
(-0.00934707 0.00511674 0)
(-0.0105211 0.0053583 0)
(-0.0117399 0.00557265 0)
(-0.0129982 0.00576004 0)
(-0.0142906 0.00592091 0)
(-0.0156119 0.00605581 0)
(-0.0169569 0.00616532 0)
(-0.0183205 0.0062501 0)
(-0.0196975 0.00631077 0)
(-0.0210831 0.00634795 0)
(-0.0224722 0.00636221 0)
(-0.0238602 0.00635408 0)
(-0.0252422 0.00632404 0)
(-0.0266137 0.00627252 0)
(-0.0279701 0.00619987 0)
(-0.0293067 0.00610643 0)
(-0.0306192 0.00599247 0)
(-0.0319032 0.00585823 0)
(-0.0331543 0.00570392 0)
(-0.0343682 0.00552976 0)
(-0.0355406 0.00533595 0)
(-0.0366675 0.00512268 0)
(-0.0377446 0.00489018 0)
(-0.0387679 0.00463873 0)
(-0.0397334 0.00436861 0)
(-0.0406373 0.0040802 0)
(-0.0414758 0.00377392 0)
(-0.0422453 0.00345029 0)
(-0.0429423 0.00310989 0)
(-0.0435633 0.00275341 0)
(-0.0441052 0.00238167 0)
(-0.0445651 0.00199558 0)
(-0.0449402 0.00159616 0)
(-0.045228 0.00118457 0)
(-0.0454262 0.000762113 0)
(-0.0455328 0.000330195 0)
(-0.0455464 -0.000109625 0)
(-0.0454655 -0.000555659 0)
(-0.0452892 -0.00100609 0)
(-0.045017 -0.00145895 0)
(-0.0446487 -0.00191217 0)
(-0.0441846 -0.00236356 0)
(-0.0436255 -0.0028108 0)
(-0.0429725 -0.00325151 0)
(-0.0422275 -0.0036832 0)
(-0.0413927 -0.00410333 0)
(-0.0404707 -0.00450931 0)
(-0.0394648 -0.00489854 0)
(-0.0383788 -0.00526841 0)
(-0.0372169 -0.00561632 0)
(-0.0359839 -0.00593974 0)
(-0.0346851 -0.00623618 0)
(-0.0333261 -0.00650327 0)
(-0.0319134 -0.00673876 0)
(-0.0304533 -0.00694054 0)
(-0.028953 -0.00710671 0)
(-0.0274199 -0.00723552 0)
(-0.0258616 -0.00732551 0)
(-0.0242862 -0.00737543 0)
(-0.0227017 -0.00738433 0)
(-0.0211166 -0.00735156 0)
(-0.0195392 -0.00727678 0)
(-0.0179781 -0.00716 0)
(-0.0164417 -0.00700159 0)
(-0.0149382 -0.0068023 0)
(-0.0134759 -0.00656327 0)
(-0.0120625 -0.00628605 0)
(-0.0107056 -0.00597262 0)
(-0.00941227 -0.0056254 0)
(-0.00818897 -0.00524728 0)
(-0.00704164 -0.00484166 0)
(-0.00597549 -0.00441245 0)
(-0.00499489 -0.00396413 0)
(-0.00410334 -0.00350183 0)
(-0.00330331 -0.00303135 0)
(-0.00259622 -0.0025593 0)
(-0.00198228 -0.00209317 0)
(-0.00146042 -0.00164149 0)
(-0.00102824 -0.00121399 0)
(-0.000681916 -0.000821795 0)
(-0.000416153 -0.000477678 0)
(-0.000224087 -0.000196359 0)
(-9.70852e-05 5.20449e-06 0)
(-2.5525e-05 0.000107549 0)
(-1.19831e-06 8.71438e-05 0)
(-1.04243e-05 4.2445e-05 0)
(-8.6864e-05 0.000267713 0)
(-0.000265791 0.00059543 0)
(-0.000537201 0.000997241 0)
(-0.000900786 0.00145038 0)
(-0.0013576 0.00193586 0)
(-0.00190715 0.00243815 0)
(-0.00254793 0.00294472 0)
(-0.00327771 0.0034456 0)
(-0.00409353 0.00393298 0)
(-0.0049918 0.0044008 0)
(-0.00596839 0.00484452 0)
(-0.00701872 0.00526081 0)
(-0.00813787 0.00564731 0)
(-0.00932062 0.0060025 0)
(-0.0105616 0.00632545 0)
(-0.0118552 0.00661576 0)
(-0.0131959 0.00687338 0)
(-0.014578 0.00709858 0)
(-0.0159959 0.00729179 0)
(-0.0174439 0.0074536 0)
(-0.0189166 0.00758468 0)
(-0.0204084 0.00768574 0)
(-0.0219139 0.00775748 0)
(-0.0234278 0.00780062 0)
(-0.0249448 0.00781579 0)
(-0.0264598 0.00780362 0)
(-0.0279677 0.00776466 0)
(-0.0294634 0.00769939 0)
(-0.030942 0.00760826 0)
(-0.0323986 0.00749165 0)
(-0.0338283 0.0073499 0)
(-0.0352265 0.00718331 0)
(-0.0365885 0.00699215 0)
(-0.0379094 0.00677668 0)
(-0.0391849 0.00653716 0)
(-0.0404103 0.00627387 0)
(-0.0415813 0.0059871 0)
(-0.0426934 0.0056772 0)
(-0.0437424 0.00534457 0)
(-0.044724 0.00498966 0)
(-0.0456344 0.00461304 0)
(-0.0464695 0.00421535 0)
(-0.0472256 0.00379733 0)
(-0.0478991 0.00335987 0)
(-0.0484866 0.00290395 0)
(-0.048985 0.00243072 0)
(-0.0493912 0.00194144 0)
(-0.0497027 0.00143754 0)
(-0.049917 0.000920608 0)
(-0.0500321 0.000392369 0)
(-0.0500463 -0.000145283 0)
(-0.0499582 -0.000690297 0)
(-0.0497668 -0.00124046 0)
(-0.0494715 -0.00179341 0)
(-0.0490722 -0.00234662 0)
(-0.0485693 -0.00289743 0)
(-0.0479635 -0.00344307 0)
(-0.0472563 -0.00398063 0)
(-0.0464493 -0.00450713 0)
(-0.0455451 -0.00501951 0)
(-0.0445466 -0.00551465 0)
(-0.0434571 -0.00598941 0)
(-0.0422807 -0.00644064 0)
(-0.041022 -0.00686525 0)
(-0.039686 -0.00726015 0)
(-0.0382784 -0.00762238 0)
(-0.0368052 -0.00794908 0)
(-0.0352732 -0.00823755 0)
(-0.0336892 -0.00848525 0)
(-0.0320609 -0.00868988 0)
(-0.0303961 -0.00884936 0)
(-0.028703 -0.00896191 0)
(-0.0269901 -0.00902604 0)
(-0.0252661 -0.00904059 0)
(-0.02354 -0.00900478 0)
(-0.0218207 -0.00891822 0)
(-0.0201173 -0.0087809 0)
(-0.0184388 -0.00859328 0)
(-0.0167941 -0.00835626 0)
(-0.0151919 -0.00807121 0)
(-0.0136408 -0.00774 0)
(-0.0121486 -0.00736503 0)
(-0.010723 -0.0069492 0)
(-0.00937112 -0.006496 0)
(-0.00809932 -0.00600951 0)
(-0.00691326 -0.00549441 0)
(-0.00581779 -0.00495606 0)
(-0.00481682 -0.00440054 0)
(-0.00391325 -0.00383472 0)
(-0.00310886 -0.00326634 0)
(-0.00240428 -0.00270412 0)
(-0.00179884 -0.0021579 0)
(-0.00129058 -0.00163876 0)
(-0.000876177 -0.00115926 0)
(-0.000550933 -0.000733606 0)
(-0.000308684 -0.000377992 0)
(-0.000141552 -0.000110813 0)
(-4.13378e-05 4.71078e-05 0)
(-3.50535e-06 7.10348e-05 0)
(-1.31444e-05 9.12248e-05 0)
(-0.000105652 0.000414275 0)
(-0.000318565 0.000840252 0)
(-0.000637049 0.00134057 0)
(-0.00105856 0.00189195 0)
(-0.00158273 0.00247476 0)
(-0.00220773 0.00307275 0)
(-0.00293093 0.00367271 0)
(-0.0037492 0.00426399 0)
(-0.00465881 0.00483815 0)
(-0.00565555 0.00538863 0)
(-0.00673475 0.0059104 0)
(-0.00789137 0.00639978 0)
(-0.00912006 0.00685412 0)
(-0.0104153 0.00727166 0)
(-0.0117712 0.00765133 0)
(-0.013182 0.00799262 0)
(-0.0146418 0.00829544 0)
(-0.0161446 0.00856004 0)
(-0.0176845 0.00878686 0)
(-0.0192555 0.00897654 0)
(-0.0208518 0.0091298 0)
(-0.0224676 0.00924743 0)
(-0.0240971 0.0093302 0)
(-0.0257346 0.00937889 0)
(-0.0273747 0.00939424 0)
(-0.0290118 0.00937694 0)
(-0.0306404 0.00932761 0)
(-0.0322553 0.00924682 0)
(-0.0338511 0.00913507 0)
(-0.0354226 0.00899282 0)
(-0.0369646 0.00882046 0)
(-0.0384722 0.00861835 0)
(-0.0399402 0.00838683 0)
(-0.0413636 0.00812622 0)
(-0.0427377 0.00783685 0)
(-0.0440575 0.00751906 0)
(-0.0453183 0.00717324 0)
(-0.0465155 0.00679982 0)
(-0.0476444 0.0063993 0)
(-0.0487007 0.00597227 0)
(-0.0496801 0.0055194 0)
(-0.0505784 0.0050415 0)
(-0.0513915 0.00453949 0)
(-0.0521158 0.00401443 0)
(-0.0527476 0.00346754 0)
(-0.0532835 0.00290019 0)
(-0.0537204 0.0023139 0)
(-0.0540556 0.00171041 0)
(-0.0542865 0.00109159 0)
(-0.0544109 0.000459515 0)
(-0.054427 -0.000183562 0)
(-0.0543334 -0.000835206 0)
(-0.054129 -0.00149279 0)
(-0.0538133 -0.00215351 0)
(-0.0533861 -0.00281437 0)
(-0.0528478 -0.00347223 0)
(-0.0521992 -0.00412381 0)
(-0.0514418 -0.00476568 0)
(-0.0505775 -0.00539431 0)
(-0.0496088 -0.0060061 0)
(-0.0485388 -0.00659736 0)
(-0.0473711 -0.0071644 0)
(-0.0461099 -0.00770352 0)
(-0.0447601 -0.00821104 0)
(-0.043327 -0.00868336 0)
(-0.0418165 -0.00911696 0)
(-0.0402351 -0.0095085 0)
(-0.0385897 -0.00985476 0)
(-0.0368878 -0.0101528 0)
(-0.0351373 -0.0103998 0)
(-0.0333464 -0.0105935 0)
(-0.0315239 -0.0107315 0)
(-0.0296788 -0.0108123 0)
(-0.0278202 -0.0108345 0)
(-0.0259577 -0.010797 0)
(-0.0241006 -0.0106995 0)
(-0.0222588 -0.0105419 0)
(-0.0204416 -0.0103248 0)
(-0.0186587 -0.0100492 0)
(-0.0169192 -0.00971664 0)
(-0.0152322 -0.00932945 0)
(-0.0136062 -0.00889038 0)
(-0.0120495 -0.00840286 0)
(-0.0105695 -0.00787099 0)
(-0.00917328 -0.00729953 0)
(-0.00786695 -0.00669398 0)
(-0.00665584 -0.00606057 0)
(-0.00554432 -0.00540637 0)
(-0.00453578 -0.0047393 0)
(-0.00363245 -0.00406827 0)
(-0.00283542 -0.00340319 0)
(-0.00214455 -0.00275517 0)
(-0.00155838 -0.00213663 0)
(-0.0010742 -0.00156144 0)
(-0.000688001 -0.00104518 0)
(-0.000394404 -0.000605331 0)
(-0.000186358 -0.000261521 0)
(-5.71151e-05 -3.56497e-05 0)
(-5.75228e-06 4.67367e-05 0)
(-1.57672e-05 0.000149605 0)
(-0.00012402 0.00058696 0)
(-0.00037047 0.00112534 0)
(-0.000735622 0.00173623 0)
(-0.00121476 0.00239614 0)
(-0.00180605 0.00308508 0)
(-0.00250633 0.00378634 0)
(-0.00331179 0.00448618 0)
(-0.00421832 0.00517349 0)
(-0.00522138 0.00583934 0)
(-0.00631606 0.00647675 0)
(-0.00749711 0.00708035 0)
(-0.00875899 0.00764613 0)
(-0.0100959 0.00817121 0)
(-0.0115019 0.00865364 0)
(-0.0129709 0.00909224 0)
(-0.0144967 0.00948641 0)
(-0.016073 0.00983601 0)
(-0.0176936 0.0101413 0)
(-0.0193523 0.0104027 0)
(-0.0210429 0.0106209 0)
(-0.0227591 0.0107967 0)
(-0.0244949 0.010931 0)
(-0.0262443 0.0110246 0)
(-0.0280014 0.0110783 0)
(-0.0297601 0.0110929 0)
(-0.0315149 0.0110693 0)
(-0.0332598 0.0110082 0)
(-0.0349894 0.01091 0)
(-0.0366979 0.0107756 0)
(-0.0383799 0.0106052 0)
(-0.0400299 0.0103995 0)
(-0.0416425 0.0101589 0)
(-0.0432124 0.00988361 0)
(-0.0447344 0.0095742 0)
(-0.0462033 0.00923102 0)
(-0.0476139 0.00885449 0)
(-0.0489612 0.00844509 0)
(-0.0502403 0.00800334 0)
(-0.0514465 0.00752986 0)
(-0.0525749 0.00702537 0)
(-0.0536212 0.0064907 0)
(-0.0545808 0.0059268 0)
(-0.0554495 0.00533478 0)
(-0.0562234 0.00471591 0)
(-0.0568987 0.00407164 0)
(-0.0574718 0.00340359 0)
(-0.0579395 0.00271357 0)
(-0.0582989 0.00200361 0)
(-0.0585471 0.00127591 0)
(-0.0586821 0.000532912 0)
(-0.0587018 -0.000222762 0)
(-0.0586048 -0.00098827 0)
(-0.0583899 -0.00176055 0)
(-0.0580566 -0.00253632 0)
(-0.0576046 -0.00331213 0)
(-0.0570345 -0.0040843 0)
(-0.0563469 -0.00484903 0)
(-0.0555435 -0.00560234 0)
(-0.0546263 -0.00634014 0)
(-0.0535977 -0.00705823 0)
(-0.0524611 -0.00775237 0)
(-0.0512202 -0.00841827 0)
(-0.0498795 -0.00905162 0)
(-0.0484438 -0.00964818 0)
(-0.0469189 -0.0102038 0)
(-0.0453109 -0.0107143 0)
(-0.0436265 -0.0111759 0)
(-0.0418731 -0.0115849 0)
(-0.0400583 -0.0119377 0)
(-0.0381906 -0.0122313 0)
(-0.0362785 -0.0124627 0)
(-0.0343312 -0.0126296 0)
(-0.0323581 -0.0127298 0)
(-0.030369 -0.0127618 0)
(-0.0283736 -0.0127244 0)
(-0.0263822 -0.0126171 0)
(-0.0244048 -0.0124399 0)
(-0.0224516 -0.0121934 0)
(-0.0205325 -0.0118787 0)
(-0.0186573 -0.0114977 0)
(-0.0168357 -0.011053 0)
(-0.0150768 -0.0105477 0)
(-0.0133893 -0.00998591 0)
(-0.0117814 -0.00937219 0)
(-0.0102604 -0.00871207 0)
(-0.00883315 -0.00801186 0)
(-0.00750544 -0.00727868 0)
(-0.00628219 -0.00652059 0)
(-0.0051673 -0.00574659 0)
(-0.00416354 -0.00496668 0)
(-0.00327254 -0.00419201 0)
(-0.00249472 -0.00343492 0)
(-0.00182925 -0.00270908 0)
(-0.00127407 -0.00202965 0)
(-0.000825946 -0.00141342 0)
(-0.000480332 -0.000879073 0)
(-0.000231026 -0.00044727 0)
(-7.26994e-05 -0.000140769 0)
(-7.92054e-06 1.43492e-05 0)
(-1.82923e-05 0.000217333 0)
(-0.000141903 0.000785271 0)
(-0.000421247 0.00145012 0)
(-0.000832362 0.00218367 0)
(-0.00136843 0.00296248 0)
(-0.0020262 0.0037664 0)
(-0.00280113 0.00457848 0)
(-0.00368822 0.00538469 0)
(-0.00468233 0.00617358 0)
(-0.00577808 0.0069359 0)
(-0.00696982 0.00766437 0)
(-0.00825167 0.00835334 0)
(-0.00961757 0.00899859 0)
(-0.0110612 0.00959705 0)
(-0.0125763 0.0101467 0)
(-0.0141564 0.0106461 0)
(-0.0157949 0.0110947 0)
(-0.0174853 0.0114924 0)
(-0.019221 0.0118394 0)
(-0.0209955 0.0121361 0)
(-0.0228024 0.0123833 0)
(-0.0246352 0.0125819 0)
(-0.0264876 0.0127327 0)
(-0.0283532 0.0128366 0)
(-0.0302259 0.0128947 0)
(-0.0320995 0.0129078 0)
(-0.0339679 0.0128766 0)
(-0.0358252 0.0128021 0)
(-0.0376655 0.0126849 0)
(-0.0394828 0.0125256 0)
(-0.0412713 0.0123248 0)
(-0.0430255 0.0120831 0)
(-0.0447395 0.0118009 0)
(-0.0464078 0.0114788 0)
(-0.048025 0.0111171 0)
(-0.0495854 0.0107163 0)
(-0.0510838 0.010277 0)
(-0.052515 0.00979974 0)
(-0.0538736 0.00928513 0)
(-0.0551548 0.00873392 0)
(-0.0563534 0.00814695 0)
(-0.0574649 0.00752523 0)
(-0.0584846 0.00686987 0)
(-0.059408 0.00618218 0)
(-0.060231 0.00546365 0)
(-0.0609496 0.00471597 0)
(-0.0615601 0.00394103 0)
(-0.0620591 0.00314093 0)
(-0.0624435 0.00231802 0)
(-0.0627104 0.00147484 0)
(-0.0628576 0.000614212 0)
(-0.0628829 -0.000260855 0)
(-0.0627849 -0.00114709 0)
(-0.0625622 -0.00204098 0)
(-0.0622143 -0.00293877 0)
(-0.061741 -0.00383648 0)
(-0.0611425 -0.00472992 0)
(-0.06042 -0.00561473 0)
(-0.0595747 -0.00648636 0)
(-0.0586088 -0.00734013 0)
(-0.0575249 -0.00817126 0)
(-0.0563264 -0.00897486 0)
(-0.0550171 -0.00974605 0)
(-0.0536015 -0.0104799 0)
(-0.052085 -0.0111716 0)
(-0.0504731 -0.0118163 0)
(-0.0487724 -0.0124094 0)
(-0.0469899 -0.0129463 0)
(-0.045133 -0.013423 0)
(-0.0432099 -0.0138353 0)
(-0.0412292 -0.0141797 0)
(-0.0392 -0.0144528 0)
(-0.0371317 -0.0146519 0)
(-0.0350342 -0.0147746 0)
(-0.0329176 -0.014819 0)
(-0.0307924 -0.0147838 0)
(-0.0286691 -0.0146684 0)
(-0.0265584 -0.0144726 0)
(-0.0244708 -0.0141972 0)
(-0.0224169 -0.0138434 0)
(-0.0204072 -0.0134134 0)
(-0.0184516 -0.01291 0)
(-0.0165601 -0.0123368 0)
(-0.0147417 -0.0116983 0)
(-0.0130054 -0.0109999 0)
(-0.011359 -0.0102478 0)
(-0.00980983 -0.00944896 0)
(-0.00836439 -0.00861152 0)
(-0.00702813 -0.00774451 0)
(-0.00580551 -0.00685795 0)
(-0.00469991 -0.00596301 0)
(-0.00371357 -0.00507199 0)
(-0.00284753 -0.00419843 0)
(-0.00210165 -0.00335724 0)
(-0.00147458 -0.00256476 0)
(-0.000963897 -0.00183896 0)
(-0.000565916 -0.00119954 0)
(-0.000275279 -0.00066811 0)
(-8.80096e-05 -0.000268106 0)
(-1.00074e-05 -2.59766e-05 0)
(-2.07219e-05 0.000294131 0)
(-0.000159262 0.00100861 0)
(-0.000470729 0.00181383 0)
(-0.000926892 0.00268207 0)
(-0.00151892 0.0035901 0)
(-0.00224217 0.00451786 0)
(-0.00309074 0.00544833 0)
(-0.00405845 0.00636738 0)
(-0.0051391 0.00726335 0)
(-0.00632642 0.00812683 0)
(-0.00761402 0.00895035 0)
(-0.00899535 0.0097281 0)
(-0.0104638 0.0104557 0)
(-0.0120126 0.01113 0)
(-0.0136349 0.0117488 0)
(-0.015324 0.0123108 0)
(-0.017073 0.0128153 0)
(-0.018875 0.0132621 0)
(-0.0207232 0.0136515 0)
(-0.0226107 0.0139841 0)
(-0.024531 0.0142606 0)
(-0.0264772 0.0144819 0)
(-0.0284429 0.014649 0)
(-0.0304214 0.0147629 0)
(-0.0324062 0.0148246 0)
(-0.0343912 0.014835 0)
(-0.0363698 0.0147951 0)
(-0.0383359 0.0147057 0)
(-0.0402833 0.0145676 0)
(-0.0422059 0.0143815 0)
(-0.0440976 0.014148 0)
(-0.0459526 0.0138677 0)
(-0.0477648 0.0135412 0)
(-0.0495286 0.0131691 0)
(-0.051238 0.0127518 0)
(-0.0528874 0.0122899 0)
(-0.0544712 0.011784 0)
(-0.0559839 0.0112349 0)
(-0.0574202 0.0106431 0)
(-0.0587746 0.0100097 0)
(-0.0600422 0.00933555 0)
(-0.0612179 0.00862185 0)
(-0.0622969 0.0078699 0)
(-0.0632746 0.00708123 0)
(-0.0641466 0.00625754 0)
(-0.0649089 0.00540077 0)
(-0.0655574 0.0045131 0)
(-0.0660887 0.00359694 0)
(-0.0664994 0.00265495 0)
(-0.0667867 0.00169005 0)
(-0.0669481 0.000705423 0)
(-0.0669814 -0.000295494 0)
(-0.0668849 -0.001309 0)
(-0.0666574 -0.0023311 0)
(-0.0662982 -0.00335756 0)
(-0.0658069 -0.00438386 0)
(-0.065184 -0.00540529 0)
(-0.0644303 -0.00641688 0)
(-0.0635473 -0.00741352 0)
(-0.0625371 -0.00838991 0)
(-0.0614023 -0.00934064 0)
(-0.0601464 -0.0102602 0)
(-0.0587732 -0.0111431 0)
(-0.0572875 -0.0119837 0)
(-0.0556946 -0.0127766 0)
(-0.0540004 -0.0135163 0)
(-0.0522114 -0.0141976 0)
(-0.050335 -0.0148154 0)
(-0.0483788 -0.0153648 0)
(-0.0463513 -0.0158415 0)
(-0.0442614 -0.0162412 0)
(-0.0421184 -0.0165602 0)
(-0.0399323 -0.0167954 0)
(-0.0377133 -0.0169438 0)
(-0.0354719 -0.0170035 0)
(-0.033219 -0.0169729 0)
(-0.0309657 -0.0168512 0)
(-0.028723 -0.0166383 0)
(-0.0265022 -0.0163349 0)
(-0.0243144 -0.0159423 0)
(-0.0221704 -0.015463 0)
(-0.020081 -0.0149001 0)
(-0.0180565 -0.0142577 0)
(-0.0161068 -0.0135406 0)
(-0.0142412 -0.012755 0)
(-0.0124683 -0.0119076 0)
(-0.0107961 -0.0110064 0)
(-0.00923165 -0.0100604 0)
(-0.00778096 -0.00907947 0)
(-0.00644919 -0.00807479 0)
(-0.00524037 -0.00705861 0)
(-0.00415738 -0.00604438 0)
(-0.00320199 -0.00504681 0)
(-0.00237474 -0.004082 0)
(-0.00167508 -0.00316743 0)
(-0.0011014 -0.00232214 0)
(-0.000650887 -0.00156684 0)
(-0.000318996 -0.000923924 0)
(-0.000103022 -0.000417429 0)
(-1.20179e-05 -7.40679e-05 0)
(-2.30588e-05 0.000379715 0)
(-0.000176076 0.0012563 0)
(-0.000518809 0.00221555 0)
(-0.00101895 0.00323036 0)
(-0.00166575 0.00427789 0)
(-0.00245323 0.00533831 0)
(-0.00337416 0.00639473 0)
(-0.00442114 0.00743303 0)
(-0.00558695 0.00844155 0)
(-0.00686443 0.00941082 0)
(-0.00824638 0.0103333 0)
(-0.00972561 0.0112031 0)
(-0.0112949 0.0120158 0)
(-0.012947 0.0127682 0)
(-0.0146746 0.0134581 0)
(-0.0164707 0.0140842 0)
(-0.0183278 0.0146457 0)
(-0.020239 0.0151426 0)
(-0.0221971 0.0155751 0)
(-0.024195 0.0159439 0)
(-0.0262258 0.0162498 0)
(-0.0282826 0.0164938 0)
(-0.0303584 0.0166768 0)
(-0.0324467 0.0168 0)
(-0.0345406 0.0168645 0)
(-0.0366336 0.0168713 0)
(-0.0387192 0.0168213 0)
(-0.0407909 0.0167156 0)
(-0.0428423 0.0165549 0)
(-0.0448671 0.01634 0)
(-0.0468591 0.0160716 0)
(-0.048812 0.0157503 0)
(-0.0507198 0.0153769 0)
(-0.0525763 0.0149519 0)
(-0.0543757 0.0144759 0)
(-0.0561119 0.0139496 0)
(-0.0577792 0.0133736 0)
(-0.0593718 0.0127487 0)
(-0.0608842 0.0120758 0)
(-0.0623109 0.011356 0)
(-0.0636465 0.0105902 0)
(-0.0648858 0.00977993 0)
(-0.0660239 0.0089266 0)
(-0.067056 0.00803194 0)
(-0.0679775 0.00709792 0)
(-0.0687841 0.00612673 0)
(-0.0694717 0.00512083 0)
(-0.0700366 0.00408295 0)
(-0.0704755 0.00301609 0)
(-0.0707852 0.00192355 0)
(-0.0709631 0.000808888 0)
(-0.071007 -0.00032403 0)
(-0.0709151 -0.00147105 0)
(-0.070686 -0.0026277 0)
(-0.0703188 -0.00378923 0)
(-0.0698134 -0.00495059 0)
(-0.0691699 -0.0061065 0)
(-0.0683891 -0.00725141 0)
(-0.0674726 -0.0083796 0)
(-0.0664223 -0.00948514 0)
(-0.065241 -0.010562 0)
(-0.063932 -0.011604 0)
(-0.0624994 -0.0126049 0)
(-0.060948 -0.0135585 0)
(-0.059283 -0.0144588 0)
(-0.0575106 -0.0152995 0)
(-0.0556375 -0.0160748 0)
(-0.0536711 -0.016779 0)
(-0.0516193 -0.0174067 0)
(-0.0494909 -0.0179527 0)
(-0.047295 -0.0184126 0)
(-0.0450413 -0.0187819 0)
(-0.04274 -0.0190571 0)
(-0.0404018 -0.019235 0)
(-0.0380375 -0.0193133 0)
(-0.0356586 -0.01929 0)
(-0.0332765 -0.0191644 0)
(-0.0309029 -0.0189361 0)
(-0.0285494 -0.0186059 0)
(-0.0262277 -0.0181753 0)
(-0.0239494 -0.0176468 0)
(-0.0217257 -0.0170239 0)
(-0.0195676 -0.016311 0)
(-0.0174856 -0.0155137 0)
(-0.0154896 -0.0146384 0)
(-0.013589 -0.0136928 0)
(-0.0117922 -0.0126857 0)
(-0.0101071 -0.0116267 0)
(-0.00854045 -0.010527 0)
(-0.007098 -0.00939854 0)
(-0.00578451 -0.00825481 0)
(-0.00460358 -0.00711036 0)
(-0.00355771 -0.00598105 0)
(-0.00264823 -0.00488411 0)
(-0.00187536 -0.00383814 0)
(-0.00123832 -0.00286322 0)
(-0.000735186 -0.00198096 0)
(-0.000362167 -0.00121452 0)
(-0.000117747 -0.000588472 0)
(-1.39579e-05 -0.000129752 0)
(-2.53061e-05 0.000473793 0)
(-0.000192335 0.00152763 0)
(-0.000565422 0.00265427 0)
(-0.00110837 0.00382735 0)
(-0.0018086 0.00502453 0)
(-0.00265884 0.00622636 0)
(-0.00365058 0.00741622 0)
(-0.00477525 0.00858016 0)
(-0.00602459 0.00970664 0)
(-0.00739053 0.0107863 0)
(-0.00886509 0.0118115 0)
(-0.0104404 0.0127766 0)
(-0.0121086 0.0136771 0)
(-0.013862 0.0145098 0)
(-0.0156928 0.0152725 0)
(-0.0175936 0.015964 0)
(-0.0195567 0.0165837 0)
(-0.0215746 0.0171314 0)
(-0.0236401 0.0176075 0)
(-0.0257457 0.0180128 0)
(-0.0278843 0.0183481 0)
(-0.0300488 0.0186145 0)
(-0.032232 0.0188131 0)
(-0.0344271 0.018945 0)
(-0.0366271 0.0190115 0)
(-0.0388253 0.0190136 0)
(-0.041015 0.0189524 0)
(-0.0431894 0.0188288 0)
(-0.0453421 0.0186438 0)
(-0.0474664 0.0183983 0)
(-0.049556 0.0180929 0)
(-0.0516044 0.0177284 0)
(-0.0536054 0.0173055 0)
(-0.0555526 0.016825 0)
(-0.0574399 0.0162873 0)
(-0.0592612 0.0156934 0)
(-0.0610105 0.015044 0)
(-0.0626818 0.0143399 0)
(-0.0642694 0.0135822 0)
(-0.0657675 0.012772 0)
(-0.0671707 0.0119105 0)
(-0.0684737 0.0109993 0)
(-0.0696711 0.0100401 0)
(-0.0707581 0.0090348 0)
(-0.0717298 0.0079856 0)
(-0.0725819 0.00689498 0)
(-0.0733101 0.00576567 0)
(-0.0739105 0.00460074 0)
(-0.0743795 0.00340353 0)
(-0.0747141 0.00217772 0)
(-0.0749112 0.00092727 0)
(-0.0749686 -0.000343525 0)
(-0.0748845 -0.00163005 0)
(-0.0746572 -0.00292734 0)
(-0.0742858 -0.00423012 0)
(-0.07377 -0.00553282 0)
(-0.0731098 -0.00682955 0)
(-0.0723062 -0.00811418 0)
(-0.0713603 -0.00938035 0)
(-0.0702743 -0.0106215 0)
(-0.0690508 -0.0118309 0)
(-0.0676932 -0.0130017 0)
(-0.0662056 -0.0141271 0)
(-0.0645926 -0.0152001 0)
(-0.0628597 -0.016214 0)
(-0.0610132 -0.0171618 0)
(-0.0590597 -0.0180371 0)
(-0.057007 -0.0188335 0)
(-0.0548631 -0.019545 0)
(-0.0526369 -0.0201659 0)
(-0.0503379 -0.0206908 0)
(-0.047976 -0.0211153 0)
(-0.0455617 -0.0214349 0)
(-0.0431061 -0.0216463 0)
(-0.0406205 -0.0217467 0)
(-0.0381167 -0.021734 0)
(-0.0356066 -0.021607 0)
(-0.0331024 -0.0213655 0)
(-0.0306164 -0.02101 0)
(-0.0281606 -0.0205423 0)
(-0.0257474 -0.0199651 0)
(-0.0233886 -0.0192819 0)
(-0.0210957 -0.0184978 0)
(-0.01888 -0.0176187 0)
(-0.0167521 -0.0166516 0)
(-0.014722 -0.015605 0)
(-0.012799 -0.0144883 0)
(-0.0109915 -0.0133122 0)
(-0.00930714 -0.0120886 0)
(-0.00775233 -0.0108307 0)
(-0.00633262 -0.00955302 0)
(-0.00505238 -0.00827116 0)
(-0.00391488 -0.00700214 0)
(-0.00292224 -0.00576432 0)
(-0.00207552 -0.00457738 0)
(-0.00137478 -0.0034624 0)
(-0.000818908 -0.00244188 0)
(-0.000404864 -0.00153971 0)
(-0.000132223 -0.000780984 0)
(-1.58376e-05 -0.000192875 0)
(-2.74668e-05 0.000576074 0)
(-0.000208035 0.00182185 0)
(-0.000610522 0.00312893 0)
(-0.00119502 0.00447173 0)
(-0.00194721 0.00582854 0)
(-0.0028586 0.00718041 0)
(-0.00391943 0.00851112 0)
(-0.00511997 0.00980702 0)
(-0.00645096 0.0110568 0)
(-0.00790342 0.0122513 0)
(-0.00946861 0.0133831 0)
(-0.0111379 0.0144466 0)
(-0.012903 0.0154374 0)
(-0.0147555 0.0163525 0)
(-0.0166873 0.0171897 0)
(-0.0186905 0.017948 0)
(-0.0207571 0.0186267 0)
(-0.0228794 0.019226 0)
(-0.0250496 0.0197462 0)
(-0.0272604 0.0201882 0)
(-0.0295041 0.0205529 0)
(-0.0317736 0.0208414 0)
(-0.0340614 0.0210551 0)
(-0.0363606 0.0211951 0)
(-0.0386641 0.0212628 0)
(-0.0409647 0.0212591 0)
(-0.0432558 0.0211854 0)
(-0.0455304 0.0210427 0)
(-0.0477818 0.0208319 0)
(-0.0500032 0.0205539 0)
(-0.0521881 0.0202096 0)
(-0.0543299 0.0197997 0)
(-0.0564221 0.0193251 0)
(-0.0584582 0.0187864 0)
(-0.060432 0.0181845 0)
(-0.062337 0.0175201 0)
(-0.0641672 0.0167942 0)
(-0.0659163 0.0160076 0)
(-0.0675785 0.0151616 0)
(-0.0691479 0.0142574 0)
(-0.0706188 0.0132964 0)
(-0.0719856 0.0122803 0)
(-0.0732429 0.011211 0)
(-0.0743857 0.0100907 0)
(-0.075409 0.00892178 0)
(-0.0763081 0.00770701 0)
(-0.0770787 0.00644943 0)
(-0.0777167 0.00515242 0)
(-0.0782184 0.00381968 0)
(-0.0785804 0.00245525 0)
(-0.0787998 0.00106353 0)
(-0.078874 -0.000350764 0)
(-0.078801 -0.00178254 0)
(-0.0785792 -0.00322636 0)
(-0.0782075 -0.0046764 0)
(-0.0776853 -0.00612653 0)
(-0.0770127 -0.00757029 0)
(-0.0761904 -0.00900093 0)
(-0.0752195 -0.0104114 0)
(-0.0741022 -0.0117946 0)
(-0.0728409 -0.013143 0)
(-0.071439 -0.0144492 0)
(-0.0699005 -0.0157055 0)
(-0.0682302 -0.0169044 0)
(-0.0664335 -0.0180382 0)
(-0.0645167 -0.0190995 0)
(-0.0624866 -0.0200809 0)
(-0.060351 -0.0209756 0)
(-0.0581181 -0.0217767 0)
(-0.055797 -0.022478 0)
(-0.0533974 -0.0230735 0)
(-0.0509295 -0.0235581 0)
(-0.0484041 -0.023927 0)
(-0.0458326 -0.0241762 0)
(-0.0432268 -0.0243027 0)
(-0.0405989 -0.024304 0)
(-0.0379612 -0.0241787 0)
(-0.0353265 -0.0239264 0)
(-0.0327075 -0.0235477 0)
(-0.0301171 -0.0230442 0)
(-0.0275679 -0.0224189 0)
(-0.0250727 -0.0216756 0)
(-0.0226436 -0.0208196 0)
(-0.0202925 -0.0198573 0)
(-0.0180309 -0.0187964 0)
(-0.0158694 -0.0176459 0)
(-0.0138181 -0.0164161 0)
(-0.0118863 -0.0151186 0)
(-0.0100822 -0.0137662 0)
(-0.00841315 -0.0123731 0)
(-0.00688551 -0.0109548 0)
(-0.00550445 -0.00952808 0)
(-0.00427404 -0.00811116 0)
(-0.00319726 -0.00672344 0)
(-0.00227595 -0.00538567 0)
(-0.00151106 -0.00411993 0)
(-0.000902265 -0.00294962 0)
(-0.000447218 -0.00189935 0)
(-0.000146507 -0.000994765 0)
(-1.76691e-05 -0.00026331 0)
(-2.95433e-05 0.000686266 0)
(-0.000223174 0.00213822 0)
(-0.000654082 0.0036384 0)
(-0.00127881 0.00516209 0)
(-0.00208141 0.00668831 0)
(-0.00305219 0.0081987 0)
(-0.00418021 0.00967756 0)
(-0.00545463 0.0111117 0)
(-0.0068652 0.0124901 0)
(-0.00840207 0.0138039 0)
(-0.0100557 0.015046 0)
(-0.0118168 0.016211 0)
(-0.0136764 0.0172946 0)
(-0.0156257 0.0182941 0)
(-0.0176561 0.0192075 0)
(-0.0197593 0.0200338 0)
(-0.0219269 0.0207725 0)
(-0.0241509 0.0214239 0)
(-0.0264235 0.0219885 0)
(-0.0287367 0.0224673 0)
(-0.031083 0.0228613 0)
(-0.0334549 0.0231718 0)
(-0.0358448 0.0234002 0)
(-0.0382455 0.0235477 0)
(-0.0406497 0.0236156 0)
(-0.0430503 0.0236053 0)
(-0.0454403 0.023518 0)
(-0.0478127 0.0233548 0)
(-0.0501605 0.0231167 0)
(-0.0524769 0.0228046 0)
(-0.0547552 0.0224196 0)
(-0.0569885 0.0219624 0)
(-0.0591703 0.0214339 0)
(-0.0612939 0.0208348 0)
(-0.0633528 0.0201661 0)
(-0.0653406 0.0194286 0)
(-0.0672509 0.0186233 0)
(-0.0690774 0.0177513 0)
(-0.070814 0.0168138 0)
(-0.0724547 0.0158122 0)
(-0.0739936 0.0147482 0)
(-0.0754249 0.0136235 0)
(-0.0767432 0.0124403 0)
(-0.077943 0.0112009 0)
(-0.0790194 0.00990802 0)
(-0.0799674 0.00856471 0)
(-0.0807826 0.00717429 0)
(-0.0814607 0.00574045 0)
(-0.0819978 0.00426726 0)
(-0.0823903 0.00275915 0)
(-0.0826352 0.00122092 0)
(-0.0827296 -0.00034227 0)
(-0.0826716 -0.00192485 0)
(-0.0824592 -0.00352088 0)
(-0.0820911 -0.00512402 0)
(-0.0815668 -0.00672757 0)
(-0.0808861 -0.00832446 0)
(-0.0800495 -0.00990732 0)
(-0.0790581 -0.0114685 0)
(-0.0779139 -0.0130001 0)
(-0.0766192 -0.0144941 0)
(-0.0751774 -0.0159421 0)
(-0.0735924 -0.0173359 0)
(-0.0718689 -0.0186671 0)
(-0.0700123 -0.0199275 0)
(-0.068029 -0.0211087 0)
(-0.0659258 -0.0222028 0)
(-0.0637106 -0.023202 0)
(-0.0613917 -0.024099 0)
(-0.0589784 -0.0248866 0)
(-0.0564805 -0.0255584 0)
(-0.0539086 -0.0261085 0)
(-0.0512737 -0.0265317 0)
(-0.0485877 -0.0268236 0)
(-0.0458625 -0.0269804 0)
(-0.0431108 -0.0269996 0)
(-0.0403456 -0.0268794 0)
(-0.03758 -0.0266192 0)
(-0.0348274 -0.0262195 0)
(-0.0321013 -0.0256819 0)
(-0.029415 -0.0250094 0)
(-0.0267818 -0.0242063 0)
(-0.0242146 -0.023278 0)
(-0.0217262 -0.0222314 0)
(-0.0193287 -0.0210748 0)
(-0.0170336 -0.0198178 0)
(-0.0148517 -0.0184714 0)
(-0.0127932 -0.0170481 0)
(-0.0108672 -0.0155617 0)
(-0.00908192 -0.0140274 0)
(-0.00744444 -0.0124617 0)
(-0.00596086 -0.0108826 0)
(-0.00463611 -0.00930931 0)
(-0.003474 -0.00776238 0)
(-0.00247724 -0.00626365 0)
(-0.00164759 -0.00483621 0)
(-0.000985557 -0.00350433 0)
(-0.000489404 -0.00229342 0)
(-0.000160671 -0.00122969 0)
(-1.94655e-05 -0.000340966 0)
(-3.15376e-05 0.000804078 0)
(-0.000237751 0.00247595 0)
(-0.000696078 0.00418151 0)
(-0.00135968 0.00589697 0)
(-0.00221104 0.00760213 0)
(-0.00323936 0.00927935 0)
(-0.00443255 0.0109135 0)
(-0.00577871 0.012492 0)
(-0.00726661 0.0140042 0)
(-0.00888555 0.0154418 0)
(-0.0106252 0.0167979 0)
(-0.0124757 0.0180673 0)
(-0.0144274 0.0192463 0)
(-0.016471 0.0203322 0)
(-0.0185975 0.0213233 0)
(-0.0207981 0.0222188 0)
(-0.0230642 0.0230184 0)
(-0.0253874 0.0237226 0)
(-0.0277596 0.024332 0)
(-0.0301728 0.0248477 0)
(-0.032619 0.025271 0)
(-0.0350906 0.0256032 0)
(-0.03758 0.0258457 0)
(-0.0400797 0.0260001 0)
(-0.0425822 0.0260676 0)
(-0.0450804 0.0260498 0)
(-0.0475671 0.0259478 0)
(-0.050035 0.0257629 0)
(-0.0524772 0.0254961 0)
(-0.0548867 0.0251486 0)
(-0.0572565 0.0247212 0)
(-0.0595798 0.0242148 0)
(-0.0618498 0.0236305 0)
(-0.0640597 0.022969 0)
(-0.0662029 0.0222312 0)
(-0.0682727 0.0214182 0)
(-0.0702627 0.020531 0)
(-0.0721664 0.0195708 0)
(-0.0739775 0.0185389 0)
(-0.0756899 0.0174369 0)
(-0.0772975 0.0162666 0)
(-0.0787943 0.0150299 0)
(-0.0801748 0.0137291 0)
(-0.0814333 0.0123669 0)
(-0.0825647 0.0109462 0)
(-0.0835638 0.00947026 0)
(-0.0844261 0.00794271 0)
(-0.085147 0.00636758 0)
(-0.0857225 0.00474929 0)
(-0.0861488 0.00309268 0)
(-0.0864227 0.00140294 0)
(-0.0865412 -0.000314317 0)
(-0.086502 -0.00205305 0)
(-0.086303 -0.00380682 0)
(-0.085943 -0.00556875 0)
(-0.0854209 -0.00733157 0)
(-0.0847365 -0.00908761 0)
(-0.0838902 -0.0108289 0)
(-0.0828829 -0.012547 0)
(-0.0817163 -0.0142335 0)
(-0.0803928 -0.0158795 0)
(-0.0789155 -0.017476 0)
(-0.0772883 -0.0190141 0)
(-0.0755157 -0.0204844 0)
(-0.0736033 -0.021878 0)
(-0.0715572 -0.023186 0)
(-0.0693845 -0.0243994 0)
(-0.0670928 -0.0255097 0)
(-0.0646909 -0.0265089 0)
(-0.0621879 -0.0273892 0)
(-0.059594 -0.0281433 0)
(-0.0569199 -0.0287649 0)
(-0.0541769 -0.0292479 0)
(-0.0513772 -0.0295875 0)
(-0.0485333 -0.0297795 0)
(-0.0456582 -0.0298208 0)
(-0.0427652 -0.0297095 0)
(-0.0398682 -0.0294446 0)
(-0.0369811 -0.0290264 0)
(-0.034118 -0.0284567 0)
(-0.0312929 -0.0277384 0)
(-0.0285198 -0.0268759 0)
(-0.0258125 -0.0258751 0)
(-0.0231845 -0.0247432 0)
(-0.0206486 -0.0234891 0)
(-0.0182173 -0.0221229 0)
(-0.0159024 -0.0206565 0)
(-0.0137147 -0.0191031 0)
(-0.0116644 -0.0174775 0)
(-0.00976044 -0.0157958 0)
(-0.00801098 -0.0140758 0)
(-0.00642296 -0.0123364 0)
(-0.0050022 -0.010598 0)
(-0.00375339 -0.00888228 0)
(-0.0026801 -0.00721216 0)
(-0.00178493 -0.00561175 0)
(-0.00106914 -0.0041063 0)
(-0.000531627 -0.002722 0)
(-0.000174794 -0.00148574 0)
(-2.12407e-05 -0.000425793 0)
(-3.34511e-05 0.00092922 0)
(-0.000251766 0.00283426 0)
(-0.000736491 0.00475707 0)
(-0.00143757 0.00667483 0)
(-0.00233599 0.00856821 0)
(-0.0034199 0.0104204 0)
(-0.00467612 0.0122169 0)
(-0.00609173 0.0139457 0)
(-0.00765457 0.0155969 0)
(-0.00935311 0.0171625 0)
(-0.0111763 0.0186362 0)
(-0.0131136 0.0200131 0)
(-0.0151547 0.0212899 0)
(-0.01729 0.0224642 0)
(-0.0195099 0.0235346 0)
(-0.0218052 0.0245004 0)
(-0.0241671 0.0253618 0)
(-0.0265868 0.0261194 0)
(-0.029056 0.0267739 0)
(-0.0315665 0.0273267 0)
(-0.03411 0.0277792 0)
(-0.0366788 0.0281328 0)
(-0.0392652 0.0283892 0)
(-0.0418614 0.0285499 0)
(-0.0444599 0.0286164 0)
(-0.0470534 0.0285902 0)
(-0.0496345 0.0284726 0)
(-0.052196 0.0282649 0)
(-0.0547306 0.0279683 0)
(-0.0572314 0.0275839 0)
(-0.0596912 0.0271127 0)
(-0.0621031 0.0265557 0)
(-0.0644601 0.0259138 0)
(-0.0667554 0.0251879 0)
(-0.0689821 0.0243791 0)
(-0.0711335 0.0234884 0)
(-0.073203 0.022517 0)
(-0.075184 0.0214662 0)
(-0.0770701 0.0203373 0)
(-0.0788548 0.0191321 0)
(-0.080532 0.0178526 0)
(-0.0820956 0.0165008 0)
(-0.0835398 0.0150792 0)
(-0.0848589 0.0135908 0)
(-0.0860474 0.0120386 0)
(-0.0871002 0.0104262 0)
(-0.0880123 0.00875746 0)
(-0.088779 0.00703684 0)
(-0.0893962 0.00526908 0)
(-0.0898599 0.00345937 0)
(-0.0901665 0.00161335 0)
(-0.090313 -0.000262941 0)
(-0.0902968 -0.002163 0)
(-0.0901157 -0.00407987 0)
(-0.0897681 -0.00600616 0)
(-0.0892528 -0.00793401 0)
(-0.0885695 -0.00985515 0)
(-0.0877181 -0.0117609 0)
(-0.0866996 -0.0136424 0)
(-0.0855153 -0.0154902 0)
(-0.0841676 -0.0172949 0)
(-0.0826594 -0.0190466 0)
(-0.0809943 -0.0207357 0)
(-0.079177 -0.0223521 0)
(-0.0772127 -0.023886 0)
(-0.0751077 -0.0253276 0)
(-0.0728689 -0.0266672 0)
(-0.070504 -0.0278957 0)
(-0.0680218 -0.0290039 0)
(-0.0654317 -0.0299835 0)
(-0.0627439 -0.0308264 0)
(-0.0599693 -0.0315256 0)
(-0.0571196 -0.0320744 0)
(-0.0542072 -0.0324672 0)
(-0.051245 -0.0326995 0)
(-0.0482464 -0.0327677 0)
(-0.0452254 -0.0326694 0)
(-0.0421962 -0.0324033 0)
(-0.0391734 -0.0319697 0)
(-0.0361718 -0.0313701 0)
(-0.0332061 -0.0306076 0)
(-0.0302911 -0.0296866 0)
(-0.0274413 -0.0286133 0)
(-0.024671 -0.0273953 0)
(-0.0219941 -0.0260419 0)
(-0.0194239 -0.024564 0)
(-0.016973 -0.022974 0)
(-0.0146534 -0.0212861 0)
(-0.0124759 -0.019516 0)
(-0.0104508 -0.0176808 0)
(-0.00858697 -0.0157992 0)
(-0.00689233 -0.0138914 0)
(-0.00537365 -0.0119789 0)
(-0.00403652 -0.0100845 0)
(-0.00288538 -0.00823221 0)
(-0.00192368 -0.00644731 0)
(-0.00115344 -0.00475599 0)
(-0.000574115 -0.00318534 0)
(-0.000188965 -0.00176298 0)
(-2.30092e-05 -0.000517786 0)
(-3.52847e-05 0.0010614 0)
(-0.000265214 0.00321237 0)
(-0.000775301 0.00536386 0)
(-0.00151241 0.00749411 0)
(-0.00245613 0.0095847 0)
(-0.00359361 0.0116196 0)
(-0.00491062 0.0135853 0)
(-0.00639327 0.0154704 0)
(-0.00802852 0.0172656 0)
(-0.00980403 0.0189635 0)
(-0.011708 0.0205583 0)
(-0.0137294 0.0220457 0)
(-0.0158572 0.0234227 0)
(-0.0180813 0.0246873 0)
(-0.0203918 0.0258385 0)
(-0.0227791 0.026876 0)
(-0.025234 0.0278 0)
(-0.0277475 0.0286115 0)
(-0.0303109 0.0293116 0)
(-0.0329159 0.0299017 0)
(-0.0355542 0.0303834 0)
(-0.0382176 0.0307583 0)
(-0.0408984 0.0310282 0)
(-0.0435886 0.0311948 0)
(-0.0462808 0.0312597 0)
(-0.0489674 0.0312244 0)
(-0.0516408 0.0310904 0)
(-0.0542939 0.030859 0)
(-0.0569193 0.0305316 0)
(-0.0595098 0.0301092 0)
(-0.0620582 0.0295929 0)
(-0.0645574 0.0289837 0)
(-0.0670004 0.0282828 0)
(-0.0693803 0.027491 0)
(-0.0716901 0.0266094 0)
(-0.0739229 0.0256391 0)
(-0.0760719 0.0245815 0)
(-0.0781305 0.0234378 0)
(-0.080092 0.0222097 0)
(-0.0819499 0.0208989 0)
(-0.083698 0.0195074 0)
(-0.0853299 0.0180377 0)
(-0.0868397 0.0164924 0)
(-0.0882214 0.0148746 0)
(-0.0894695 0.0131875 0)
(-0.0905786 0.0114351 0)
(-0.0915434 0.00962155 0)
(-0.0923593 0.00775152 0)
(-0.0930217 0.00583015 0)
(-0.0935265 0.003863 0)
(-0.0938699 0.00185613 0)
(-0.0940485 -0.000183964 0)
(-0.0940598 -0.00225033 0)
(-0.093901 -0.00433554 0)
(-0.0935705 -0.00643163 0)
(-0.0930668 -0.00853019 0)
(-0.0923893 -0.0106223 0)
(-0.0915378 -0.0126987 0)
(-0.0905129 -0.0147498 0)
(-0.0893158 -0.0167654 0)
(-0.0879487 -0.0187355 0)
(-0.0864141 -0.0206493 0)
(-0.0847158 -0.0224964 0)
(-0.082858 -0.024266 0)
(-0.080846 -0.0259473 0)
(-0.0786859 -0.0275298 0)
(-0.0763845 -0.029003 0)
(-0.0739497 -0.0303568 0)
(-0.0713902 -0.0315812 0)
(-0.0687155 -0.0326671 0)
(-0.0659359 -0.0336058 0)
(-0.0630625 -0.0343891 0)
(-0.0601074 -0.03501 0)
(-0.0570831 -0.0354622 0)
(-0.054003 -0.0357404 0)
(-0.0508809 -0.0358405 0)
(-0.0477313 -0.0357597 0)
(-0.044569 -0.0354965 0)
(-0.0414092 -0.0350508 0)
(-0.0382674 -0.034424 0)
(-0.0351591 -0.0336191 0)
(-0.0320998 -0.0326408 0)
(-0.029105 -0.0314952 0)
(-0.0261897 -0.0301904 0)
(-0.0233689 -0.0287362 0)
(-0.0206567 -0.027144 0)
(-0.0180668 -0.025427 0)
(-0.015612 -0.0236002 0)
(-0.0133046 -0.02168 0)
(-0.0111553 -0.0196848 0)
(-0.00917443 -0.0176343 0)
(-0.00737071 -0.0155497 0)
(-0.00575191 -0.0134538 0)
(-0.00432455 -0.0113705 0)
(-0.00309399 -0.0093251 0)
(-0.0020645 -0.00734386 0)
(-0.00123887 -0.00545409 0)
(-0.000617108 -0.00368385 0)
(-0.000203272 -0.00206161 0)
(-2.47854e-05 -0.000616984 0)
(-3.70387e-05 0.00120033 0)
(-0.000278092 0.00360945 0)
(-0.000812486 0.00600063 0)
(-0.00158416 0.00835318 0)
(-0.00257136 0.0106497 0)
(-0.0037603 0.012875 0)
(-0.00513578 0.0150165 0)
(-0.00668295 0.0170636 0)
(-0.00838794 0.0190077 0)
(-0.0102377 0.020842 0)
(-0.0122197 0.0225615 0)
(-0.0143221 0.0241623 0)
(-0.0165337 0.0256419 0)
(-0.0188438 0.0269988 0)
(-0.0212419 0.0282323 0)
(-0.0237182 0.0293426 0)
(-0.0262632 0.0303302 0)
(-0.0288676 0.0311963 0)
(-0.0315225 0.0319424 0)
(-0.0342193 0.0325699 0)
(-0.0369495 0.0330809 0)
(-0.0397049 0.033477 0)
(-0.0424776 0.0337602 0)
(-0.0452595 0.0339324 0)
(-0.048043 0.0339951 0)
(-0.0508205 0.0339502 0)
(-0.0535843 0.0337992 0)
(-0.0563271 0.0335434 0)
(-0.0590414 0.0331842 0)
(-0.0617201 0.0327228 0)
(-0.0643557 0.0321604 0)
(-0.0669413 0.031498 0)
(-0.0694695 0.0307367 0)
(-0.0719333 0.0298775 0)
(-0.0743258 0.0289217 0)
(-0.0766398 0.0278703 0)
(-0.0788686 0.0267246 0)
(-0.0810052 0.0254863 0)
(-0.083043 0.0241568 0)
(-0.0849753 0.0227382 0)
(-0.0867956 0.0212326 0)
(-0.0884975 0.0196425 0)
(-0.0900748 0.0179708 0)
(-0.0915215 0.0162206 0)
(-0.0928318 0.0143957 0)
(-0.094 0.0125001 0)
(-0.0950209 0.0105382 0)
(-0.0958893 0.00851512 0)
(-0.0966006 0.00643625 0)
(-0.0971505 0.00430755 0)
(-0.0975348 0.00213548 0)
(-0.09775 -7.30162e-05 0)
(-0.0977932 -0.00231051 0)
(-0.0976616 -0.00456913 0)
(-0.097353 -0.00684037 0)
(-0.0968658 -0.00911521 0)
(-0.0961991 -0.0113842 0)
(-0.0953525 -0.0136373 0)
(-0.0943263 -0.0158643 0)
(-0.0931215 -0.0180544 0)
(-0.0917398 -0.0201965 0)
(-0.0901838 -0.0222795 0)
(-0.0884568 -0.0242918 0)
(-0.086563 -0.0262219 0)
(-0.0845075 -0.0280581 0)
(-0.0822963 -0.029789 0)
(-0.0799361 -0.0314033 0)
(-0.0774348 -0.0328899 0)
(-0.0748009 -0.0342381 0)
(-0.0720442 -0.0354378 0)
(-0.0691749 -0.0364794 0)
(-0.0662046 -0.037354 0)
(-0.0631453 -0.0380538 0)
(-0.06001 -0.0385717 0)
(-0.0568123 -0.0389018 0)
(-0.0535666 -0.0390394 0)
(-0.0502879 -0.0389813 0)
(-0.0469916 -0.0387254 0)
(-0.0436934 -0.0382713 0)
(-0.0404097 -0.0376203 0)
(-0.0371566 -0.0367752 0)
(-0.0339505 -0.0357408 0)
(-0.0308078 -0.0345234 0)
(-0.0277446 -0.0331314 0)
(-0.0247766 -0.031575 0)
(-0.0219191 -0.0298661 0)
(-0.0191869 -0.0280186 0)
(-0.0165938 -0.0260483 0)
(-0.0141529 -0.0239727 0)
(-0.0118765 -0.0218109 0)
(-0.00977552 -0.0195838 0)
(-0.00785995 -0.0173139 0)
(-0.00613853 -0.015025 0)
(-0.00461876 -0.0127424 0)
(-0.0033069 -0.0104924 0)
(-0.0022081 -0.00830262 0)
(-0.0013259 -0.00620148 0)
(-0.000660856 -0.00421811 0)
(-0.000217809 -0.00238196 0)
(-2.65838e-05 -0.000723477 0)
(-3.87129e-05 0.00134571 0)
(-0.000290392 0.00402469 0)
(-0.000848018 0.00666612 0)
(-0.00165274 0.00925039 0)
(-0.00268156 0.0117611 0)
(-0.0039198 0.0141842 0)
(-0.00535132 0.0165079 0)
(-0.00696039 0.0187226 0)
(-0.00873236 0.0208203 0)
(-0.0106534 0.0227952 0)
(-0.0127104 0.0246428 0)
(-0.014891 0.0263598 0)
(-0.0171833 0.0279444 0)
(-0.0195762 0.0293955 0)
(-0.0220589 0.0307129 0)
(-0.0246212 0.0318972 0)
(-0.0272532 0.0329494 0)
(-0.0299455 0.0338708 0)
(-0.0326889 0.0346633 0)
(-0.0354746 0.0353287 0)
(-0.0382941 0.035869 0)
(-0.0411389 0.0362864 0)
(-0.0440008 0.0365828 0)
(-0.046872 0.0367602 0)
(-0.0497445 0.0368206 0)
(-0.0526106 0.0367656 0)
(-0.0554628 0.036597 0)
(-0.0582934 0.0363162 0)
(-0.0610951 0.0359246 0)
(-0.0638605 0.0354235 0)
(-0.0665822 0.0348141 0)
(-0.069253 0.0340975 0)
(-0.0718656 0.0332748 0)
(-0.074413 0.0323472 0)
(-0.0768878 0.0313159 0)
(-0.0792832 0.0301819 0)
(-0.081592 0.0289469 0)
(-0.0838073 0.0276122 0)
(-0.0859222 0.0261797 0)
(-0.0879301 0.0246514 0)
(-0.0898241 0.0230296 0)
(-0.0915979 0.021317 0)
(-0.0932449 0.0195165 0)
(-0.094759 0.0176315 0)
(-0.0961342 0.015666 0)
(-0.0973647 0.0136242 0)
(-0.0984449 0.0115109 0)
(-0.0993695 0.00933132 0)
(-0.100134 0.00709132 0)
(-0.100733 0.00479719 0)
(-0.101162 0.00245579 0)
(-0.101419 7.44982e-05 0)
(-0.101499 -0.00233881 0)
(-0.101399 -0.00477579 0)
(-0.101117 -0.00722738 0)
(-0.100652 -0.00968402 0)
(-0.100001 -0.0121356 0)
(-0.0991646 -0.0145716 0)
(-0.0981423 -0.0169808 0)
(-0.0969348 -0.019352 0)
(-0.0955437 -0.0216731 0)
(-0.0939712 -0.0239323 0)
(-0.0922204 -0.0261171 0)
(-0.0902954 -0.0282152 0)
(-0.0882008 -0.0302141 0)
(-0.0859426 -0.0321013 0)
(-0.0835274 -0.0338646 0)
(-0.080963 -0.0354919 0)
(-0.0782579 -0.0369718 0)
(-0.0754219 -0.0382931 0)
(-0.0724654 -0.0394453 0)
(-0.0693999 -0.0404188 0)
(-0.0662378 -0.0412047 0)
(-0.0629923 -0.0417952 0)
(-0.0596776 -0.0421837 0)
(-0.0563083 -0.0423649 0)
(-0.0528999 -0.0423348 0)
(-0.0494685 -0.042091 0)
(-0.0460306 -0.0416328 0)
(-0.042603 -0.0409609 0)
(-0.0392028 -0.0400783 0)
(-0.0358474 -0.0389895 0)
(-0.032554 -0.0377011 0)
(-0.0293397 -0.0362216 0)
(-0.0262212 -0.0345617 0)
(-0.0232149 -0.0327337 0)
(-0.0203368 -0.0307524 0)
(-0.0176017 -0.0286341 0)
(-0.0150239 -0.0263973 0)
(-0.0126168 -0.0240622 0)
(-0.0103925 -0.0216508 0)
(-0.00836197 -0.0191867 0)
(-0.00653514 -0.016695 0)
(-0.00492044 -0.0142021 0)
(-0.00352512 -0.0117359 0)
(-0.0023552 -0.00932506 0)
(-0.00141501 -0.0069993 0)
(-0.000705617 -0.00478892 0)
(-0.00023267 -0.00272446 0)
(-2.84187e-05 -0.000837404 0)
(-4.03066e-05 0.00149725 0)
(-0.000302107 0.00445727 0)
(-0.000881867 0.00735901 0)
(-0.0017181 0.010184 0)
(-0.00278662 0.012917 0)
(-0.00407191 0.015545 0)
(-0.00555696 0.0180571 0)
(-0.00722522 0.0204446 0)
(-0.00906127 0.0227007 0)
(-0.0110506 0.0248201 0)
(-0.0131795 0.0267991 0)
(-0.015435 0.0286352 0)
(-0.0178048 0.0303271 0)
(-0.0202773 0.0318743 0)
(-0.0228414 0.0332773 0)
(-0.0254865 0.0345369 0)
(-0.0282024 0.0356545 0)
(-0.0309795 0.036632 0)
(-0.0338084 0.0374715 0)
(-0.0366802 0.0381751 0)
(-0.039586 0.0387451 0)
(-0.0425173 0.0391838 0)
(-0.045466 0.0394934 0)
(-0.0484239 0.039676 0)
(-0.051383 0.0397338 0)
(-0.0543357 0.0396685 0)
(-0.0572742 0.0394819 0)
(-0.0601908 0.0391757 0)
(-0.0630782 0.0387512 0)
(-0.0659289 0.0382099 0)
(-0.0687354 0.0375529 0)
(-0.0714905 0.0367814 0)
(-0.0741869 0.0358966 0)
(-0.0768172 0.0348997 0)
(-0.0793743 0.0337919 0)
(-0.081851 0.0325744 0)
(-0.0842403 0.0312488 0)
(-0.086535 0.0298165 0)
(-0.0887281 0.0282796 0)
(-0.0908128 0.0266401 0)
(-0.0927823 0.0249004 0)
(-0.0946298 0.0230633 0)
(-0.0963488 0.0211319 0)
(-0.0979329 0.01911 0)
(-0.0993759 0.0170014 0)
(-0.100672 0.0148108 0)
(-0.101815 0.0125431 0)
(-0.102799 0.0102039 0)
(-0.10362 0.00779944 0)
(-0.104273 0.00533625 0)
(-0.104752 0.00282161 0)
(-0.105055 0.000263301 0)
(-0.105176 -0.00233035 0)
(-0.105113 -0.00495048 0)
(-0.104864 -0.00758753 0)
(-0.104425 -0.0102314 0)
(-0.103796 -0.0128713 0)
(-0.102975 -0.0154961 0)
(-0.101962 -0.0180941 0)
(-0.100757 -0.0206529 0)
(-0.0993621 -0.0231601 0)
(-0.0977783 -0.0256027 0)
(-0.0960088 -0.0279676 0)
(-0.0940572 -0.0302415 0)
(-0.0919282 -0.0324109 0)
(-0.0896274 -0.0344624 0)
(-0.0871612 -0.0363829 0)
(-0.0845374 -0.0381594 0)
(-0.0817645 -0.0397792 0)
(-0.0788521 -0.0412304 0)
(-0.0758107 -0.0425014 0)
(-0.0726521 -0.0435816 0)
(-0.0693888 -0.0444614 0)
(-0.0660343 -0.0451319 0)
(-0.0626029 -0.0455859 0)
(-0.0591101 -0.0458171 0)
(-0.0555716 -0.0458211 0)
(-0.0520042 -0.0455947 0)
(-0.048425 -0.0451369 0)
(-0.0448517 -0.044448 0)
(-0.0413022 -0.0435308 0)
(-0.0377948 -0.0423897 0)
(-0.0343477 -0.0410312 0)
(-0.0309789 -0.0394643 0)
(-0.0277064 -0.0376997 0)
(-0.0245477 -0.0357505 0)
(-0.0215198 -0.0336319 0)
(-0.0186388 -0.0313612 0)
(-0.0159204 -0.0289576 0)
(-0.0133788 -0.0264424 0)
(-0.0110275 -0.0238386 0)
(-0.00887874 -0.0211712 0)
(-0.00694335 -0.0184665 0)
(-0.00523093 -0.0157523 0)
(-0.00374967 -0.0130578 0)
(-0.00250654 -0.010413 0)
(-0.00150666 -0.0078489 0)
(-0.000751645 -0.00539722 0)
(-0.000247948 -0.00308969 0)
(-3.03043e-05 -0.00095895 0)
(-4.18187e-05 0.00165464 0)
(-0.000313224 0.00490633 0)
(-0.000913998 0.00807798 0)
(-0.00178016 0.0111523 0)
(-0.00288641 0.0141152 0)
(-0.00421644 0.0169548 0)
(-0.00575244 0.0196612 0)
(-0.00747707 0.0222268 0)
(-0.0093742 0.0246457 0)
(-0.0114287 0.0269134 0)
(-0.0136262 0.0290272 0)
(-0.0159534 0.0309851 0)
(-0.0183973 0.0327867 0)
(-0.0209461 0.034432 0)
(-0.0235882 0.0359221 0)
(-0.0263127 0.0372582 0)
(-0.0291093 0.0384424 0)
(-0.031968 0.0394769 0)
(-0.0348793 0.0403639 0)
(-0.0378339 0.0411062 0)
(-0.0408232 0.0417062 0)
(-0.0438383 0.0421664 0)
(-0.0468709 0.0424893 0)
(-0.049913 0.0426773 0)
(-0.0529564 0.0427324 0)
(-0.0559933 0.0426567 0)
(-0.059016 0.0424521 0)
(-0.0620169 0.0421202 0)
(-0.0649883 0.0416626 0)
(-0.0679228 0.0410807 0)
(-0.070813 0.0403757 0)
(-0.0736514 0.0395489 0)
(-0.0764307 0.0386015 0)
(-0.0791436 0.0375347 0)
(-0.0817828 0.0363497 0)
(-0.0843411 0.0350479 0)
(-0.0868112 0.0336308 0)
(-0.089186 0.0321001 0)
(-0.0914584 0.0304576 0)
(-0.0936214 0.0287056 0)
(-0.0956679 0.0268466 0)
(-0.0975912 0.0248835 0)
(-0.0993845 0.0228196 0)
(-0.101041 0.0206587 0)
(-0.102555 0.0184049 0)
(-0.10392 0.0160631 0)
(-0.105129 0.0136385 0)
(-0.106178 0.0111369 0)
(-0.10706 0.00856482 0)
(-0.10777 0.00592916 0)
(-0.108304 0.00323757 0)
(-0.108657 0.000498237 0)
(-0.108825 -0.00228007 0)
(-0.108804 -0.00508799 0)
(-0.108592 -0.00791548 0)
(-0.108186 -0.0107519 0)
(-0.107584 -0.0135859 0)
(-0.106784 -0.0164056 0)
(-0.105786 -0.0191985 0)
(-0.104589 -0.0219519 0)
(-0.103195 -0.0246521 0)
(-0.101606 -0.0272856 0)
(-0.0998226 -0.0298382 0)
(-0.0978496 -0.0322958 0)
(-0.095691 -0.0346439 0)
(-0.0933521 -0.0368682 0)
(-0.0908394 -0.0389545 0)
(-0.0881601 -0.0408887 0)
(-0.0853229 -0.0426572 0)
(-0.0823372 -0.0442469 0)
(-0.0792137 -0.0456453 0)
(-0.0759642 -0.0468407 0)
(-0.0726014 -0.0478225 0)
(-0.069139 -0.048581 0)
(-0.0655919 -0.0491079 0)
(-0.0619756 -0.0493962 0)
(-0.0583067 -0.0494407 0)
(-0.0546024 -0.0492377 0)
(-0.0508807 -0.0487853 0)
(-0.0471598 -0.0480837 0)
(-0.0434588 -0.0471352 0)
(-0.0397966 -0.0459441 0)
(-0.0361927 -0.0445171 0)
(-0.0326661 -0.0428629 0)
(-0.0292359 -0.0409928 0)
(-0.0259209 -0.0389204 0)
(-0.0227392 -0.0366612 0)
(-0.0197084 -0.0342335 0)
(-0.0168451 -0.0316574 0)
(-0.0141651 -0.0289551 0)
(-0.011683 -0.0261509 0)
(-0.00941222 -0.0232709 0)
(-0.00736484 -0.0203428 0)
(-0.00555154 -0.0173958 0)
(-0.00398157 -0.0144604 0)
(-0.00266285 -0.0115683 0)
(-0.00160133 -0.00875189 0)
(-0.000799198 -0.00604418 0)
(-0.000263737 -0.00347834 0)
(-3.22547e-05 -0.00108835 0)
(-4.32475e-05 0.00181757 0)
(-0.000323731 0.00537101 0)
(-0.00094437 0.00882166 0)
(-0.00183883 0.0121535 0)
(-0.00298078 0.0153536 0)
(-0.00435318 0.0184112 0)
(-0.00593745 0.0213177 0)
(-0.00771553 0.0240663 0)
(-0.00967064 0.0266523 0)
(-0.011787 0.0290721 0)
(-0.0140499 0.0313237 0)
(-0.0164452 0.0334063 0)
(-0.0189598 0.0353198 0)
(-0.0215813 0.0370652 0)
(-0.0242979 0.0386439 0)
(-0.0270984 0.040058 0)
(-0.0299723 0.0413098 0)
(-0.0329092 0.042402 0)
(-0.0358996 0.0433375 0)
(-0.038934 0.044119 0)
(-0.0420036 0.0447494 0)
(-0.0450995 0.0452315 0)
(-0.0482134 0.045568 0)
(-0.0513369 0.0457615 0)
(-0.0544621 0.0458141 0)
(-0.057581 0.0457281 0)
(-0.0606858 0.0455055 0)
(-0.0637689 0.045148 0)
(-0.0668226 0.0446572 0)
(-0.0698395 0.0440345 0)
(-0.072812 0.0432814 0)
(-0.0757328 0.0423991 0)
(-0.0785944 0.0413889 0)
(-0.0813894 0.0402518 0)
(-0.0841106 0.0389894 0)
(-0.0867505 0.0376028 0)
(-0.0893019 0.0360937 0)
(-0.0917576 0.0344637 0)
(-0.0941103 0.0327149 0)
(-0.0963529 0.0308496 0)
(-0.0984782 0.0288702 0)
(-0.100479 0.0267799 0)
(-0.102349 0.0245821 0)
(-0.104081 0.0222806 0)
(-0.105669 0.0198798 0)
(-0.107106 0.0173848 0)
(-0.108385 0.0148009 0)
(-0.109501 0.0121343 0)
(-0.110448 0.00939174 0)
(-0.111221 0.00658047 0)
(-0.111814 0.00370846 0)
(-0.112223 0.000784306 0)
(-0.112442 -0.0021828 0)
(-0.112469 -0.005183 0)
(-0.1123 -0.00820578 0)
(-0.111932 -0.0112399 0)
(-0.111362 -0.0142736 0)
(-0.110589 -0.0172942 0)
(-0.109612 -0.0202886 0)
(-0.108429 -0.0232431 0)
(-0.107043 -0.0261436 0)
(-0.105453 -0.0289754 0)
(-0.103662 -0.0317237 0)
(-0.101672 -0.0343731 0)
(-0.0994894 -0.0369083 0)
(-0.0971173 -0.0393141 0)
(-0.0945624 -0.0415749 0)
(-0.0918319 -0.0436759 0)
(-0.0889342 -0.0456022 0)
(-0.0858787 -0.0473395 0)
(-0.0826761 -0.0488744 0)
(-0.0793382 -0.050194 0)
(-0.0758779 -0.0512865 0)
(-0.0723092 -0.0521414 0)
(-0.0686472 -0.0527493 0)
(-0.064908 -0.0531023 0)
(-0.0611085 -0.0531943 0)
(-0.0572666 -0.0530208 0)
(-0.0534011 -0.0525795 0)
(-0.049531 -0.05187 0)
(-0.0456761 -0.050894 0)
(-0.0418566 -0.0496558 0)
(-0.0380927 -0.0481618 0)
(-0.0344048 -0.046421 0)
(-0.0308133 -0.0444449 0)
(-0.027338 -0.0422472 0)
(-0.0239984 -0.0398445 0)
(-0.0208134 -0.0372553 0)
(-0.017801 -0.0345009 0)
(-0.0149782 -0.0316045 0)
(-0.0123611 -0.0285915 0)
(-0.00996434 -0.0254894 0)
(-0.00780122 -0.0223272 0)
(-0.0058836 -0.0191356 0)
(-0.00422184 -0.0159466 0)
(-0.00282486 -0.0127935 0)
(-0.00169949 -0.0097101 0)
(-0.000848528 -0.00673115 0)
(-0.000280128 -0.00389125 0)
(-3.42833e-05 -0.00122589 0)
(-4.45913e-05 0.00198573 0)
(-0.000333613 0.00585042 0)
(-0.000972939 0.00958865 0)
(-0.00189404 0.0131857 0)
(-0.0030696 0.0166299 0)
(-0.00448192 0.0199117 0)
(-0.0061117 0.0230235 0)
(-0.00794022 0.02596 0)
(-0.00995009 0.0287172 0)
(-0.012125 0.0312926 0)
(-0.0144497 0.0336853 0)
(-0.0169096 0.0358951 0)
(-0.0194913 0.0379228 0)
(-0.0221819 0.0397701 0)
(-0.0249694 0.0414392 0)
(-0.0278423 0.0429325 0)
(-0.0307897 0.0442532 0)
(-0.0338014 0.0454042 0)
(-0.0368675 0.0463888 0)
(-0.0399784 0.0472102 0)
(-0.0431251 0.0478717 0)
(-0.0462988 0.0483762 0)
(-0.049491 0.0487267 0)
(-0.0526932 0.048926 0)
(-0.0558976 0.0489764 0)
(-0.059096 0.0488804 0)
(-0.0622807 0.04864 0)
(-0.065444 0.048257 0)
(-0.0685783 0.0477332 0)
(-0.071676 0.0470701 0)
(-0.0747296 0.046269 0)
(-0.0777316 0.0453312 0)
(-0.0806747 0.0442581 0)
(-0.0835514 0.0430509 0)
(-0.0863542 0.0417108 0)
(-0.0890759 0.0402393 0)
(-0.091709 0.0386379 0)
(-0.0942462 0.0369084 0)
(-0.0966802 0.0350529 0)
(-0.0990038 0.0330735 0)
(-0.10121 0.0309731 0)
(-0.103291 0.0287547 0)
(-0.10524 0.0264218 0)
(-0.10705 0.0239784 0)
(-0.108714 0.0214292 0)
(-0.110226 0.0187792 0)
(-0.111579 0.0160341 0)
(-0.112767 0.0132002 0)
(-0.113783 0.0102846 0)
(-0.114623 0.00729478 0)
(-0.11528 0.00423913 0)
(-0.115749 0.00112658 0)
(-0.116025 -0.00203325 0)
(-0.116106 -0.00523005 0)
(-0.115985 -0.00845282 0)
(-0.11566 -0.0116899 0)
(-0.115129 -0.0149287 0)
(-0.114389 -0.0181561 0)
(-0.113438 -0.0213583 0)
(-0.112276 -0.0245209 0)
(-0.110902 -0.0276288 0)
(-0.109317 -0.0306666 0)
(-0.107524 -0.0336184 0)
(-0.105524 -0.036468 0)
(-0.103322 -0.0391991 0)
(-0.100922 -0.0417952 0)
(-0.09833 -0.0442398 0)
(-0.0955528 -0.0465169 0)
(-0.0925987 -0.0486104 0)
(-0.0894772 -0.050505 0)
(-0.0861988 -0.0521858 0)
(-0.0827753 -0.053639 0)
(-0.0792198 -0.0548515 0)
(-0.0755466 -0.0558117 0)
(-0.0717709 -0.0565092 0)
(-0.0679094 -0.056935 0)
(-0.0639794 -0.057082 0)
(-0.0599996 -0.0569451 0)
(-0.0559891 -0.056521 0)
(-0.0519682 -0.0558087 0)
(-0.0479574 -0.0548096 0)
(-0.0439779 -0.0535275 0)
(-0.0400511 -0.0519688 0)
(-0.0361986 -0.0501423 0)
(-0.0324418 -0.0480597 0)
(-0.0288021 -0.0457353 0)
(-0.0253003 -0.0431859 0)
(-0.0219566 -0.040431 0)
(-0.0187906 -0.0374925 0)
(-0.0158206 -0.0343949 0)
(-0.0130641 -0.0311648 0)
(-0.010537 -0.0278308 0)
(-0.00825409 -0.0244235 0)
(-0.00622841 -0.0209751 0)
(-0.00447147 -0.0175194 0)
(-0.00299329 -0.0140909 0)
(-0.0018016 -0.0107256 0)
(-0.000899884 -0.00745965 0)
(-0.000297211 -0.00432936 0)
(-3.64036e-05 -0.0013719 0)
(-4.58477e-05 0.0021588 0)
(-0.000342853 0.00634364 0)
(-0.000999657 0.0103775 0)
(-0.00194567 0.0142471 0)
(-0.0031527 0.0179418 0)
(-0.00460241 0.0214535 0)
(-0.00627486 0.0247759 0)
(-0.00815072 0.0279047 0)
(-0.010212 0.030837 0)
(-0.012442 0.0335716 0)
(-0.0148248 0.0361083 0)
(-0.0173457 0.0384479 0)
(-0.0199906 0.0405921 0)
(-0.0227466 0.0425432 0)
(-0.0256012 0.0443042 0)
(-0.0285427 0.0458783 0)
(-0.0315601 0.0472689 0)
(-0.034643 0.0484798 0)
(-0.0377811 0.0495144 0)
(-0.0409651 0.0503766 0)
(-0.0441856 0.0510698 0)
(-0.0474339 0.0515973 0)
(-0.0507012 0.0519624 0)
(-0.0539793 0.052168 0)
(-0.0572601 0.0522168 0)
(-0.0605355 0.0521113 0)
(-0.0637978 0.0518535 0)
(-0.0670392 0.0514455 0)
(-0.0702521 0.0508891 0)
(-0.073429 0.0501858 0)
(-0.0765622 0.0493371 0)
(-0.0796444 0.0483443 0)
(-0.082668 0.0472086 0)
(-0.0856257 0.0459314 0)
(-0.08851 0.0445139 0)
(-0.0913134 0.0429576 0)
(-0.0940285 0.041264 0)
(-0.0966479 0.039435 0)
(-0.0991642 0.0374725 0)
(-0.10157 0.0353789 0)
(-0.103858 0.033157 0)
(-0.106021 0.0308099 0)
(-0.108051 0.0283413 0)
(-0.109942 0.0257551 0)
(-0.111686 0.0230562 0)
(-0.113277 0.0202498 0)
(-0.114707 0.0173417 0)
(-0.11597 0.0143386 0)
(-0.11706 0.0112477 0)
(-0.117971 0.00807674 0)
(-0.118696 0.00483447 0)
(-0.119231 0.00153019 0)
(-0.11957 -0.0018261 0)
(-0.119708 -0.00522361 0)
(-0.119642 -0.00865092 0)
(-0.119367 -0.0120958 0)
(-0.11888 -0.0155452 0)
(-0.118178 -0.0189854 0)
(-0.11726 -0.0224017 0)
(-0.116124 -0.0257791 0)
(-0.11477 -0.0291017 0)
(-0.113197 -0.0323531 0)
(-0.111407 -0.0355166 0)
(-0.109403 -0.0385749 0)
(-0.107187 -0.0415107 0)
(-0.104765 -0.0443063 0)
(-0.10214 -0.0469443 0)
(-0.0993213 -0.0494071 0)
(-0.0963154 -0.0516778 0)
(-0.0931319 -0.0537395 0)
(-0.0897814 -0.0555763 0)
(-0.0862755 -0.0571729 0)
(-0.0826276 -0.0585153 0)
(-0.0788519 -0.0595903 0)
(-0.0749642 -0.0603865 0)
(-0.0709813 -0.0608938 0)
(-0.0669213 -0.0611041 0)
(-0.0628033 -0.0610111 0)
(-0.0586472 -0.0606109 0)
(-0.0544741 -0.0599017 0)
(-0.0503054 -0.0588843 0)
(-0.0461635 -0.0575621 0)
(-0.0420708 -0.0559412 0)
(-0.0380502 -0.0540304 0)
(-0.0341244 -0.0518414 0)
(-0.0303162 -0.0493888 0)
(-0.0266478 -0.0466899 0)
(-0.0231409 -0.043765 0)
(-0.0198165 -0.0406369 0)
(-0.0166946 -0.037331 0)
(-0.0137939 -0.0338751 0)
(-0.011132 -0.0302994 0)
(-0.00872499 -0.0266358 0)
(-0.0065872 -0.0229182 0)
(-0.00473143 -0.0191819 0)
(-0.00316882 -0.0154636 0)
(-0.00190812 -0.0118007 0)
(-0.000953507 -0.00823141 0)
(-0.000315073 -0.00479375 0)
(-3.86285e-05 -0.00152676 0)
(-4.70143e-05 0.00233643 0)
(-0.000351433 0.00684973 0)
(-0.00102447 0.0111868 0)
(-0.00199364 0.0153356 0)
(-0.00322992 0.019287 0)
(-0.00471442 0.023034 0)
(-0.00642661 0.0265718 0)
(-0.0083466 0.0298971 0)
(-0.0104559 0.0330084 0)
(-0.0127373 0.0359054 0)
(-0.0151746 0.038589 0)
(-0.0177525 0.0410609 0)
(-0.0204568 0.0433237 0)
(-0.0232742 0.0453806 0)
(-0.026192 0.0472353 0)
(-0.0291982 0.0488915 0)
(-0.0322818 0.0503534 0)
(-0.0354319 0.0516251 0)
(-0.0386385 0.0527109 0)
(-0.0418919 0.0536147 0)
(-0.0451828 0.0543404 0)
(-0.0485022 0.0548918 0)
(-0.0518416 0.0552722 0)
(-0.0551926 0.0554848 0)
(-0.0585469 0.0555326 0)
(-0.0618967 0.0554181 0)
(-0.065234 0.0551437 0)
(-0.0685512 0.0547113 0)
(-0.0718407 0.054123 0)
(-0.0750949 0.0533801 0)
(-0.0783062 0.0524844 0)
(-0.0814672 0.0514371 0)
(-0.0845704 0.0502394 0)
(-0.0876084 0.0488928 0)
(-0.0905736 0.0473984 0)
(-0.0934586 0.0457578 0)
(-0.0962558 0.0439724 0)
(-0.0989579 0.0420441 0)
(-0.101557 0.0399749 0)
(-0.104046 0.0377672 0)
(-0.106418 0.0354238 0)
(-0.108664 0.0329478 0)
(-0.110778 0.0303429 0)
(-0.112752 0.0276134 0)
(-0.114579 0.024764 0)
(-0.116251 0.0218001 0)
(-0.117762 0.0187277 0)
(-0.119105 0.0155537 0)
(-0.120273 0.0122854 0)
(-0.12126 0.00893098 0)
(-0.122058 0.00549939 0)
(-0.122664 0.00200029 0)
(-0.12307 -0.00155595 0)
(-0.123273 -0.00515809 0)
(-0.123266 -0.0087943 0)
(-0.123046 -0.0124519 0)
(-0.12261 -0.0161172 0)
(-0.121953 -0.0197758 0)
(-0.121074 -0.0234126 0)
(-0.11997 -0.0270116 0)
(-0.118641 -0.0305561 0)
(-0.117086 -0.0340289 0)
(-0.115307 -0.0374122 0)
(-0.113304 -0.0406879 0)
(-0.111081 -0.0438374 0)
(-0.108641 -0.0468421 0)
(-0.10599 -0.0496831 0)
(-0.103135 -0.0523418 0)
(-0.100082 -0.0547997 0)
(-0.0968411 -0.057039 0)
(-0.0934225 -0.0590422 0)
(-0.0898379 -0.0607928 0)
(-0.0861006 -0.0622752 0)
(-0.082225 -0.0634751 0)
(-0.0782273 -0.0643798 0)
(-0.0741245 -0.0649779 0)
(-0.0699352 -0.0652601 0)
(-0.0656791 -0.0652192 0)
(-0.061377 -0.0648502 0)
(-0.0570505 -0.0641505 0)
(-0.0527224 -0.0631202 0)
(-0.0484157 -0.0617622 0)
(-0.0441544 -0.0600821 0)
(-0.0399623 -0.0580887 0)
(-0.0358638 -0.0557937 0)
(-0.031883 -0.0532119 0)
(-0.0280435 -0.0503612 0)
(-0.0243688 -0.0472622 0)
(-0.0208812 -0.0439389 0)
(-0.0176023 -0.0404175 0)
(-0.0145526 -0.0367273 0)
(-0.0117512 -0.0328997 0)
(-0.00921539 -0.0289683 0)
(-0.00696119 -0.0249687 0)
(-0.00500264 -0.0209379 0)
(-0.00335213 -0.0169146 0)
(-0.00201947 -0.012938 0)
(-0.00100963 -0.00904832 0)
(-0.000333799 -0.00528562 0)
(-4.09706e-05 -0.00169088 0)
(-4.80883e-05 0.00251828 0)
(-0.000359334 0.00736774 0)
(-0.00104732 0.0120149 0)
(-0.00203783 0.0164492 0)
(-0.00330109 0.0206629 0)
(-0.00481771 0.0246504 0)
(-0.00656661 0.0284081 0)
(-0.00852742 0.031934 0)
(-0.0106812 0.0352277 0)
(-0.0130103 0.0382903 0)
(-0.0154981 0.0411235 0)
(-0.0181292 0.0437301 0)
(-0.0208889 0.0461138 0)
(-0.0237635 0.0482783 0)
(-0.0267404 0.0502283 0)
(-0.0298074 0.0519681 0)
(-0.032953 0.0535026 0)
(-0.0361665 0.0548365 0)
(-0.0394377 0.0559744 0)
(-0.0427568 0.0569208 0)
(-0.0461143 0.0576801 0)
(-0.0495015 0.0582561 0)
(-0.0529095 0.0586527 0)
(-0.05633 0.0588733 0)
(-0.0597549 0.0589209 0)
(-0.0631762 0.0587984 0)
(-0.066586 0.0585081 0)
(-0.0699766 0.0580522 0)
(-0.0733404 0.0574327 0)
(-0.07667 0.0566513 0)
(-0.0799576 0.0557094 0)
(-0.083196 0.0546085 0)
(-0.0863776 0.0533497 0)
(-0.0894949 0.0519345 0)
(-0.0925404 0.0503641 0)
(-0.0955067 0.0486398 0)
(-0.0983861 0.0467634 0)
(-0.101171 0.0447364 0)
(-0.103854 0.0425611 0)
(-0.106428 0.0402396 0)
(-0.108884 0.0377749 0)
(-0.111216 0.0351702 0)
(-0.113415 0.032429 0)
(-0.115475 0.0295558 0)
(-0.117387 0.0265554 0)
(-0.119144 0.0234333 0)
(-0.12074 0.0201956 0)
(-0.122166 0.0168493 0)
(-0.123415 0.013402 0)
(-0.124482 0.00986209 0)
(-0.125359 0.00623877 0)
(-0.12604 0.00254202 0)
(-0.126519 -0.00121742 0)
(-0.126791 -0.00502787 0)
(-0.12685 -0.00887714 0)
(-0.126692 -0.012752 0)
(-0.126311 -0.0166384 0)
(-0.125706 -0.0205212 0)
(-0.124872 -0.0243846 0)
(-0.123807 -0.0282118 0)
(-0.12251 -0.0319855 0)
(-0.12098 -0.0356875 0)
(-0.119217 -0.039299 0)
(-0.117222 -0.0428008 0)
(-0.114998 -0.0461733 0)
(-0.112547 -0.0493966 0)
(-0.109876 -0.0524507 0)
(-0.106989 -0.0553155 0)
(-0.103895 -0.0579715 0)
(-0.100602 -0.060399 0)
(-0.0971194 -0.0625795 0)
(-0.0934601 -0.0644948 0)
(-0.089637 -0.0661281 0)
(-0.0856646 -0.0674636 0)
(-0.0815592 -0.0684871 0)
(-0.0773384 -0.0691859 0)
(-0.073021 -0.0695495 0)
(-0.0686274 -0.0695694 0)
(-0.0641791 -0.0692395 0)
(-0.0596987 -0.0685563 0)
(-0.0552096 -0.0675192 0)
(-0.0507363 -0.0661302 0)
(-0.0463037 -0.0643946 0)
(-0.0419371 -0.0623209 0)
(-0.0376622 -0.0599208 0)
(-0.0335047 -0.0572091 0)
(-0.0294897 -0.0542042 0)
(-0.0256423 -0.0509274 0)
(-0.0219866 -0.0474033 0)
(-0.0185459 -0.0436595 0)
(-0.0153421 -0.0397263 0)
(-0.012396 -0.0356366 0)
(-0.00972668 -0.0314257 0)
(-0.00735152 -0.0271309 0)
(-0.005286 -0.0227912 0)
(-0.00354386 -0.0184471 0)
(-0.00213607 -0.0141401 0)
(-0.00106848 -0.00991245 0)
(-0.000353472 -0.00580626 0)
(-4.34422e-05 -0.00186473 0)
(-4.90669e-05 0.00270401 0)
(-0.000366535 0.00789666 0)
(-0.00106816 0.0128604 0)
(-0.00207814 0.017586 0)
(-0.00336604 0.0220672 0)
(-0.00491201 0.0262998 0)
(-0.00669452 0.0302815 0)
(-0.00869274 0.0340117 0)
(-0.0108873 0.0374913 0)
(-0.0132603 0.0407223 0)
(-0.0157947 0.0437078 0)
(-0.0184747 0.0464516 0)
(-0.0212856 0.0489581 0)
(-0.0242134 0.0512322 0)
(-0.0272451 0.0532791 0)
(-0.0303685 0.0551041 0)
(-0.0335721 0.0567126 0)
(-0.0368449 0.0581098 0)
(-0.0401766 0.0593011 0)
(-0.0435574 0.0602913 0)
(-0.0469779 0.0610851 0)
(-0.050429 0.0616869 0)
(-0.0539021 0.0621007 0)
(-0.0573889 0.0623302 0)
(-0.0608811 0.0623787 0)
(-0.0643708 0.0622491 0)
(-0.0678502 0.0619441 0)
(-0.0713116 0.0614658 0)
(-0.0747474 0.0608163 0)
(-0.0781501 0.0599973 0)
(-0.0815122 0.0590104 0)
(-0.0848263 0.057857 0)
(-0.0880848 0.0565383 0)
(-0.0912803 0.0550556 0)
(-0.0944054 0.0534102 0)
(-0.0974524 0.0516035 0)
(-0.100414 0.0496369 0)
(-0.103282 0.0475123 0)
(-0.106049 0.0452316 0)
(-0.108708 0.0427972 0)
(-0.111251 0.0402119 0)
(-0.113669 0.0374789 0)
(-0.115956 0.0346018 0)
(-0.118103 0.031585 0)
(-0.120103 0.0284335 0)
(-0.121948 0.0251527 0)
(-0.123631 0.021749 0)
(-0.125144 0.0182294 0)
(-0.126479 0.0146017 0)
(-0.12763 0.0108746 0)
(-0.12859 0.00705741 0)
(-0.129352 0.00316047 0)
(-0.129909 -0.000805114 0)
(-0.130255 -0.00482731 0)
(-0.130386 -0.00889357 0)
(-0.130295 -0.0129902 0)
(-0.129977 -0.0171026 0)
(-0.129429 -0.0212151 0)
(-0.128647 -0.0253112 0)
(-0.127628 -0.0293734 0)
(-0.12637 -0.0333834 0)
(-0.124871 -0.0373223 0)
(-0.123131 -0.0411703 0)
(-0.12115 -0.0449071 0)
(-0.118931 -0.048512 0)
(-0.116477 -0.0519637 0)
(-0.113791 -0.0552411 0)
(-0.11088 -0.0583228 0)
(-0.107749 -0.0611875 0)
(-0.104409 -0.0638146 0)
(-0.100868 -0.0661836 0)
(-0.0971388 -0.0682752 0)
(-0.0932339 -0.0700707 0)
(-0.0891683 -0.0715529 0)
(-0.0849582 -0.072706 0)
(-0.0806216 -0.0735161 0)
(-0.0761779 -0.0739711 0)
(-0.0716478 -0.0740611 0)
(-0.0670537 -0.073779 0)
(-0.0624189 -0.0731201 0)
(-0.0577679 -0.0720826 0)
(-0.0531263 -0.0706682 0)
(-0.0485201 -0.0688813 0)
(-0.0439761 -0.0667302 0)
(-0.0395214 -0.0642262 0)
(-0.0351832 -0.0613845 0)
(-0.0309884 -0.0582235 0)
(-0.0269636 -0.0547654 0)
(-0.0231348 -0.0510354 0)
(-0.019527 -0.0470621 0)
(-0.0161639 -0.0428772 0)
(-0.013068 -0.0385151 0)
(-0.0102601 -0.0340128 0)
(-0.00775923 -0.0294093 0)
(-0.00558233 -0.0247458 0)
(-0.00374461 -0.0200648 0)
(-0.00225832 -0.0154101 0)
(-0.00113028 -0.010826 0)
(-0.00037417 -0.00635709 0)
(-4.60551e-05 -0.00204883 0)
(-4.99471e-05 0.00289325 0)
(-0.000373015 0.00843548 0)
(-0.00108692 0.0137215 0)
(-0.00211444 0.0187437 0)
(-0.00342457 0.0234972 0)
(-0.00499706 0.0279791 0)
(-0.00680998 0.0321888 0)
(-0.00884209 0.0361268 0)
(-0.0110737 0.0397953 0)
(-0.0134866 0.0431976 0)
(-0.0160634 0.0463379 0)
(-0.0187882 0.049221 0)
(-0.0216459 0.0518524 0)
(-0.0246225 0.0542379 0)
(-0.0277047 0.0563834 0)
(-0.0308802 0.0582951 0)
(-0.0341374 0.059979 0)
(-0.0374652 0.061441 0)
(-0.0408532 0.0626869 0)
(-0.0442916 0.0637221 0)
(-0.0477709 0.0645517 0)
(-0.0512822 0.0651804 0)
(-0.0548167 0.0656126 0)
(-0.0583661 0.0658522 0)
(-0.0619222 0.0659028 0)
(-0.0654771 0.0657674 0)
(-0.069023 0.0654488 0)
(-0.0725523 0.0649494 0)
(-0.0760575 0.0642713 0)
(-0.079531 0.0634161 0)
(-0.0829654 0.0623856 0)
(-0.0863532 0.061181 0)
(-0.0896871 0.0598038 0)
(-0.0929595 0.0582551 0)
(-0.096163 0.0565361 0)
(-0.09929 0.0546482 0)
(-0.102333 0.052593 0)
(-0.105284 0.0503719 0)
(-0.108136 0.0479871 0)
(-0.11088 0.0454409 0)
(-0.11351 0.0427359 0)
(-0.116016 0.0398754 0)
(-0.118392 0.036863 0)
(-0.120629 0.0337031 0)
(-0.122719 0.0304007 0)
(-0.124655 0.0269612 0)
(-0.126428 0.0233912 0)
(-0.128031 0.0196977 0)
(-0.129456 0.0158886 0)
(-0.130696 0.0119729 0)
(-0.131743 0.00796004 0)
(-0.13259 0.00386067 0)
(-0.13323 -0.000313747 0)
(-0.133657 -0.00455086 0)
(-0.133864 -0.0088378 0)
(-0.133846 -0.0131604 0)
(-0.133598 -0.0175036 0)
(-0.133114 -0.0218511 0)
(-0.13239 -0.0261857 0)
(-0.131423 -0.0304894 0)
(-0.13021 -0.034743 0)
(-0.128749 -0.0389266 0)
(-0.12704 -0.0430194 0)
(-0.125081 -0.047 0)
(-0.122874 -0.0508467 0)
(-0.120422 -0.0545369 0)
(-0.117729 -0.058048 0)
(-0.114799 -0.0613573 0)
(-0.111639 -0.0644422 0)
(-0.108257 -0.0672802 0)
(-0.104664 -0.0698496 0)
(-0.100869 -0.0721291 0)
(-0.0968871 -0.0740987 0)
(-0.0927322 -0.0757394 0)
(-0.088421 -0.0770338 0)
(-0.0839715 -0.0779663 0)
(-0.0794037 -0.0785233 0)
(-0.0747388 -0.0786936 0)
(-0.0699997 -0.0784685 0)
(-0.0652107 -0.0778421 0)
(-0.0603973 -0.0768118 0)
(-0.0555859 -0.0753781 0)
(-0.0508042 -0.0735448 0)
(-0.0460802 -0.0713196 0)
(-0.0414425 -0.0687137 0)
(-0.0369199 -0.0657422 0)
(-0.032541 -0.0624237 0)
(-0.0283342 -0.058781 0)
(-0.0243274 -0.05484 0)
(-0.0205473 -0.0506305 0)
(-0.0170196 -0.0461853 0)
(-0.0137686 -0.0415404 0)
(-0.0108169 -0.0367345 0)
(-0.00818532 -0.0318087 0)
(-0.00589241 -0.0268061 0)
(-0.00395495 -0.0217715 0)
(-0.0023866 -0.016751 0)
(-0.00119522 -0.0117914 0)
(-0.000395968 -0.00693964 0)
(-4.88208e-05 -0.0022437 0)
(-5.07257e-05 0.00308563 0)
(-0.000378753 0.00898314 0)
(-0.00110354 0.0145967 0)
(-0.00214663 0.0199202 0)
(-0.00347651 0.0249502 0)
(-0.00507261 0.0296854 0)
(-0.00691263 0.0341265 0)
(-0.00897504 0.0382754 0)
(-0.0112399 0.0421358 0)
(-0.0136885 0.045712 0)
(-0.0163036 0.0490094 0)
(-0.0190687 0.052034 0)
(-0.0219688 0.0547923 0)
(-0.0249896 0.0572909 0)
(-0.0281178 0.0595368 0)
(-0.0313408 0.0615367 0)
(-0.0346471 0.0632975 0)
(-0.0380254 0.0648256 0)
(-0.0414654 0.0661275 0)
(-0.0449571 0.067209 0)
(-0.0484911 0.0680757 0)
(-0.0520584 0.0687327 0)
(-0.0556503 0.0691846 0)
(-0.0592586 0.0694357 0)
(-0.0628749 0.0694897 0)
(-0.0664916 0.06935 0)
(-0.0701008 0.0690193 0)
(-0.0736949 0.0685002 0)
(-0.0772666 0.0677949 0)
(-0.0808082 0.0669052 0)
(-0.0843124 0.0658327 0)
(-0.0877719 0.0645787 0)
(-0.0911792 0.0631446 0)
(-0.0945269 0.0615315 0)
(-0.0978075 0.0597407 0)
(-0.101013 0.0577734 0)
(-0.104137 0.055631 0)
(-0.107171 0.0533152 0)
(-0.110107 0.0508278 0)
(-0.112937 0.0481711 0)
(-0.115654 0.0453478 0)
(-0.11825 0.042361 0)
(-0.120716 0.0392144 0)
(-0.123044 0.0359122 0)
(-0.125226 0.0324594 0)
(-0.127255 0.0288617 0)
(-0.129122 0.0251253 0)
(-0.130818 0.0212576 0)
(-0.132336 0.0172666 0)
(-0.133669 0.0131612 0)
(-0.134807 0.00895124 0)
(-0.135744 0.00464757 0)
(-0.136472 0.000261947 0)
(-0.136984 -0.00419307 0)
(-0.137274 -0.0087041 0)
(-0.137336 -0.0132566 0)
(-0.137162 -0.017835 0)
(-0.136748 -0.0224227 0)
(-0.13609 -0.0270016 0)
(-0.135182 -0.0315531 0)
(-0.134022 -0.0360572 0)
(-0.132606 -0.0404931 0)
(-0.130933 -0.044839 0)
(-0.129003 -0.0490725 0)
(-0.126817 -0.0531704 0)
(-0.124374 -0.0571091 0)
(-0.12168 -0.0608646 0)
(-0.118739 -0.0644126 0)
(-0.115556 -0.0677291 0)
(-0.112139 -0.07079 0)
(-0.108499 -0.0735718 0)
(-0.104645 -0.0760516 0)
(-0.100591 -0.0782076 0)
(-0.0963514 -0.080019 0)
(-0.0919431 -0.0814667 0)
(-0.0873844 -0.0825334 0)
(-0.0826952 -0.0832039 0)
(-0.0778976 -0.0834651 0)
(-0.073015 -0.0833071 0)
(-0.0680725 -0.0827225 0)
(-0.0630966 -0.0817074 0)
(-0.0581148 -0.0802612 0)
(-0.0531561 -0.0783871 0)
(-0.0482498 -0.0760919 0)
(-0.0434262 -0.0733866 0)
(-0.0387156 -0.070286 0)
(-0.0341486 -0.0668092 0)
(-0.0297553 -0.062979 0)
(-0.0255655 -0.0588224 0)
(-0.021608 -0.0543699 0)
(-0.0179103 -0.0496559 0)
(-0.0144989 -0.0447178 0)
(-0.0113981 -0.0395961 0)
(-0.00863065 -0.0343338 0)
(-0.00621695 -0.0289765 0)
(-0.00417542 -0.0235711 0)
(-0.00252125 -0.0181662 0)
(-0.0012635 -0.0128111 0)
(-0.000418938 -0.00755552 0)
(-5.17503e-05 -0.00244994 0)
(-5.13996e-05 0.00328075 0)
(-0.000383728 0.00953857 0)
(-0.00111796 0.0154842 0)
(-0.0021746 0.0211132 0)
(-0.00352168 0.0264235 0)
(-0.00513839 0.0314155 0)
(-0.00700214 0.0360911 0)
(-0.00909112 0.040454 0)
(-0.0113851 0.0445087 0)
(-0.0138654 0.0482613 0)
(-0.0165142 0.0517181 0)
(-0.0193153 0.0548862 0)
(-0.0222531 0.0577733 0)
(-0.0253135 0.0603868 0)
(-0.0284829 0.0627346 0)
(-0.0317488 0.0648243 0)
(-0.0350995 0.0666635 0)
(-0.0385237 0.0682593 0)
(-0.042011 0.0696186 0)
(-0.0455516 0.0707478 0)
(-0.0491359 0.071653 0)
(-0.0527549 0.0723396 0)
(-0.0564001 0.0728127 0)
(-0.0600631 0.0730768 0)
(-0.0637359 0.0731358 0)
(-0.0674106 0.0729932 0)
(-0.0710795 0.0726522 0)
(-0.0747352 0.0721152 0)
(-0.0783701 0.0713845 0)
(-0.081977 0.070462 0)
(-0.0855484 0.0693493 0)
(-0.0890771 0.0680478 0)
(-0.0925556 0.0665587 0)
(-0.0959766 0.0648833 0)
(-0.0993326 0.0630226 0)
(-0.102616 0.0609778 0)
(-0.105819 0.0587503 0)
(-0.108935 0.0563416 0)
(-0.111955 0.0537536 0)
(-0.114871 0.0509883 0)
(-0.117676 0.0480483 0)
(-0.120361 0.0449368 0)
(-0.122918 0.0416573 0)
(-0.125339 0.038214 0)
(-0.127616 0.0346119 0)
(-0.129739 0.0308565 0)
(-0.131702 0.0269542 0)
(-0.133495 0.0229124 0)
(-0.135109 0.0187392 0)
(-0.136538 0.0144435 0)
(-0.137772 0.0100354 0)
(-0.138803 0.00552586 0)
(-0.139624 0.000926906 0)
(-0.140227 -0.0037486 0)
(-0.140605 -0.00848676 0)
(-0.140751 -0.0132728 0)
(-0.140658 -0.0180907 0)
(-0.140321 -0.0229233 0)
(-0.139735 -0.0277521 0)
(-0.138893 -0.0325576 0)
(-0.137792 -0.037319 0)
(-0.136429 -0.0420147 0)
(-0.134801 -0.0466219 0)
(-0.132907 -0.051117 0)
(-0.130747 -0.0554757 0)
(-0.128322 -0.0596731 0)
(-0.125635 -0.0636837 0)
(-0.122689 -0.0674818 0)
(-0.119491 -0.0710416 0)
(-0.116046 -0.0743374 0)
(-0.112365 -0.0773441 0)
(-0.108458 -0.0800369 0)
(-0.104338 -0.082392 0)
(-0.100019 -0.084387 0)
(-0.0955189 -0.0860008 0)
(-0.0908549 -0.0872142 0)
(-0.086048 -0.0880101 0)
(-0.0811205 -0.0883738 0)
(-0.0760965 -0.0882936 0)
(-0.0710018 -0.0877606 0)
(-0.0658639 -0.0867695 0)
(-0.0607116 -0.0853186 0)
(-0.0555747 -0.0834099 0)
(-0.0504844 -0.0810495 0)
(-0.0454724 -0.0782479 0)
(-0.0405707 -0.0750198 0)
(-0.0358118 -0.0713841 0)
(-0.0312277 -0.0673641 0)
(-0.0268502 -0.0629874 0)
(-0.0227101 -0.0582857 0)
(-0.0188372 -0.0532944 0)
(-0.0152598 -0.0480526 0)
(-0.0120046 -0.0426027 0)
(-0.00909601 -0.0369898 0)
(-0.00655656 -0.0312616 0)
(-0.00440646 -0.0254676 0)
(-0.00266258 -0.019659 0)
(-0.00133529 -0.0138879 0)
(-0.000443145 -0.00820645 0)
(-5.4854e-05 -0.00266817 0)
(-5.19657e-05 0.00347822 0)
(-0.000387917 0.0101006 0)
(-0.00113012 0.0163823 0)
(-0.00219821 0.0223203 0)
(-0.0035599 0.0279144 0)
(-0.00519414 0.0331661 0)
(-0.00707814 0.0380792 0)
(-0.00918989 0.0426584 0)
(-0.011509 0.04691 0)
(-0.0140165 0.0508411 0)
(-0.0166947 0.0544593 0)
(-0.019527 0.0577729 0)
(-0.0224979 0.0607905 0)
(-0.025593 0.0635207 0)
(-0.0287988 0.0659721 0)
(-0.0321027 0.0681532 0)
(-0.0354928 0.0700723 0)
(-0.0389581 0.0717372 0)
(-0.0424881 0.0731554 0)
(-0.0460727 0.0743338 0)
(-0.0497027 0.075279 0)
(-0.053369 0.0759969 0)
(-0.0570631 0.0764928 0)
(-0.0607766 0.0767714 0)
(-0.0645017 0.0768371 0)
(-0.0682304 0.0766936 0)
(-0.0719553 0.0763439 0)
(-0.0756689 0.0757908 0)
(-0.0793637 0.0750367 0)
(-0.0830326 0.0740835 0)
(-0.0866682 0.0729327 0)
(-0.0902633 0.0715859 0)
(-0.0938105 0.0700441 0)
(-0.0973025 0.0683085 0)
(-0.100732 0.0663801 0)
(-0.104091 0.0642602 0)
(-0.107373 0.0619498 0)
(-0.110569 0.0594505 0)
(-0.113672 0.056764 0)
(-0.116674 0.0538922 0)
(-0.119566 0.0508376 0)
(-0.122341 0.0476033 0)
(-0.12499 0.0441926 0)
(-0.127505 0.0406098 0)
(-0.129877 0.0368597 0)
(-0.132097 0.0329478 0)
(-0.134157 0.0288805 0)
(-0.136049 0.0246651 0)
(-0.137763 0.0203097 0)
(-0.139291 0.0158235 0)
(-0.140624 0.0112165 0)
(-0.141754 0.00649997 0)
(-0.142673 0.00168602 0)
(-0.143371 -0.00321216 0)
(-0.143842 -0.00818019 0)
(-0.144079 -0.0132031 0)
(-0.144073 -0.0182644 0)
(-0.143819 -0.0233465 0)
(-0.143311 -0.0284303 0)
(-0.142542 -0.0334957 0)
(-0.141508 -0.0385212 0)
(-0.140205 -0.043484 0)
(-0.138629 -0.0483605 0)
(-0.136779 -0.0531261 0)
(-0.134654 -0.0577551 0)
(-0.132254 -0.0622213 0)
(-0.129582 -0.0664977 0)
(-0.126639 -0.0705572 0)
(-0.123432 -0.0743723 0)
(-0.119967 -0.0779155 0)
(-0.116253 -0.0811598 0)
(-0.1123 -0.0840786 0)
(-0.10812 -0.0866463 0)
(-0.103728 -0.0888381 0)
(-0.099141 -0.0906312 0)
(-0.0943768 -0.0920043 0)
(-0.0894563 -0.0929383 0)
(-0.0844024 -0.0934167 0)
(-0.0792398 -0.0934258 0)
(-0.073995 -0.0929551 0)
(-0.0686963 -0.0919977 0)
(-0.0633737 -0.0905505 0)
(-0.0580584 -0.0886142 0)
(-0.0527828 -0.0861943 0)
(-0.0475804 -0.0833004 0)
(-0.0424849 -0.0799467 0)
(-0.0375306 -0.0761523 0)
(-0.0327516 -0.0719406 0)
(-0.0281819 -0.06734 0)
(-0.0238543 -0.0623829 0)
(-0.0198009 -0.0571062 0)
(-0.0160522 -0.0515504 0)
(-0.012637 -0.0457599 0)
(-0.00958203 -0.0397818 0)
(-0.0069118 -0.0336663 0)
(-0.00464852 -0.0274655 0)
(-0.00281089 -0.0212332 0)
(-0.00141077 -0.0150244 0)
(-0.000468653 -0.00889421 0)
(-5.81422e-05 -0.00289905 0)
(-5.24211e-05 0.00367764 0)
(-0.000391301 0.0106682 0)
(-0.00113997 0.0172892 0)
(-0.00221738 0.0235393 0)
(-0.00359099 0.0294198 0)
(-0.00523961 0.034934 0)
(-0.00714031 0.0400869 0)
(-0.00927092 0.0448848 0)
(-0.011611 0.0493354 0)
(-0.0141413 0.0534469 0)
(-0.0168442 0.0572285 0)
(-0.0197029 0.0606894 0)
(-0.0227019 0.0638392 0)
(-0.0258268 0.0666877 0)
(-0.029064 0.0692443 0)
(-0.0324008 0.0715184 0)
(-0.0358255 0.0735189 0)
(-0.0393269 0.0752545 0)
(-0.0428944 0.0767331 0)
(-0.0465183 0.0779624 0)
(-0.0501891 0.0789492 0)
(-0.0538979 0.0797 0)
(-0.0576362 0.0802203 0)
(-0.0613958 0.0805154 0)
(-0.0651688 0.0805896 0)
(-0.0689474 0.0804469 0)
(-0.0727241 0.0800906 0)
(-0.0764917 0.0795236 0)
(-0.0802427 0.0787482 0)
(-0.08397 0.0777664 0)
(-0.0876665 0.0765799 0)
(-0.0913248 0.0751901 0)
(-0.0949379 0.073598 0)
(-0.0984983 0.0718047 0)
(-0.101999 0.0698113 0)
(-0.105432 0.0676187 0)
(-0.10879 0.0652281 0)
(-0.112065 0.0626407 0)
(-0.11525 0.0598582 0)
(-0.118336 0.0568823 0)
(-0.121316 0.0537156 0)
(-0.12418 0.0503607 0)
(-0.126921 0.046821 0)
(-0.12953 0.0431007 0)
(-0.131998 0.0392043 0)
(-0.134317 0.0351373 0)
(-0.136477 0.0309062 0)
(-0.13847 0.0265181 0)
(-0.140286 0.0219811 0)
(-0.141916 0.0173045 0)
(-0.143352 0.0124984 0)
(-0.144584 0.00757408 0)
(-0.145604 0.00254388 0)
(-0.146403 -0.00257874 0)
(-0.146973 -0.007779 0)
(-0.147305 -0.0130417 0)
(-0.147393 -0.01835 0)
(-0.147228 -0.0236858 0)
(-0.146804 -0.0290296 0)
(-0.146115 -0.0343606 0)
(-0.145155 -0.0396563 0)
(-0.143919 -0.0448935 0)
(-0.142403 -0.0500472 0)
(-0.140605 -0.0550919 0)
(-0.138523 -0.0600005 0)
(-0.136156 -0.0647456 0)
(-0.133506 -0.0692987 0)
(-0.130576 -0.073631 0)
(-0.127369 -0.0777134 0)
(-0.123891 -0.0815166 0)
(-0.120151 -0.0850116 0)
(-0.116159 -0.0881699 0)
(-0.111927 -0.0909636 0)
(-0.107469 -0.0933662 0)
(-0.102801 -0.0953524 0)
(-0.0979418 -0.0968989 0)
(-0.0929129 -0.0979844 0)
(-0.0877369 -0.0985904 0)
(-0.0824392 -0.0987011 0)
(-0.0770471 -0.0983041 0)
(-0.0715896 -0.0973909 0)
(-0.0660978 -0.0959566 0)
(-0.0606043 -0.0940008 0)
(-0.0551429 -0.0915276 0)
(-0.0497485 -0.088546 0)
(-0.044457 -0.0850696 0)
(-0.0393043 -0.0811173 0)
(-0.0343269 -0.0767128 0)
(-0.0295606 -0.0718848 0)
(-0.0250408 -0.0666667 0)
(-0.0208018 -0.0610966 0)
(-0.0168765 -0.0552166 0)
(-0.0132959 -0.0490729 0)
(-0.0100892 -0.042715 0)
(-0.0072831 -0.0361954 0)
(-0.00490194 -0.029569 0)
(-0.00296643 -0.0228924 0)
(-0.00149007 -0.0162236 0)
(-0.000495518 -0.00962069 0)
(-6.16242e-05 -0.00314325 0)
(-5.27628e-05 0.00387858 0)
(-0.000393859 0.0112401 0)
(-0.00114744 0.0182031 0)
(-0.00223199 0.0247677 0)
(-0.00361478 0.030937 0)
(-0.00527457 0.0367157 0)
(-0.00718833 0.0421104 0)
(-0.00933381 0.047129 0)
(-0.0116905 0.0517804 0)
(-0.0142391 0.0560743 0)
(-0.0169619 0.0600208 0)
(-0.0198422 0.0636306 0)
(-0.0228643 0.0669144 0)
(-0.0260139 0.0698827 0)
(-0.0292773 0.0725461 0)
(-0.0326419 0.0749147 0)
(-0.0360958 0.0769983 0)
(-0.039628 0.078806 0)
(-0.0432281 0.0803468 0)
(-0.046886 0.0816285 0)
(-0.0505926 0.0826586 0)
(-0.054339 0.083444 0)
(-0.0581167 0.0839906 0)
(-0.0619175 0.0843039 0)
(-0.0657337 0.0843887 0)
(-0.0695577 0.0842489 0)
(-0.0733819 0.0838882 0)
(-0.0771992 0.0833094 0)
(-0.0810024 0.0825151 0)
(-0.0847843 0.0815072 0)
(-0.0885379 0.0802875 0)
(-0.092256 0.0788572 0)
(-0.0959316 0.0772175 0)
(-0.0995574 0.0753694 0)
(-0.103126 0.0733136 0)
(-0.10663 0.0710513 0)
(-0.110063 0.0685832 0)
(-0.113415 0.0659106 0)
(-0.11668 0.0630349 0)
(-0.11985 0.0599579 0)
(-0.122915 0.0566816 0)
(-0.125869 0.0532088 0)
(-0.128701 0.0495426 0)
(-0.131405 0.045687 0)
(-0.13397 0.0416465 0)
(-0.136387 0.0374265 0)
(-0.138648 0.0330331 0)
(-0.140744 0.0284736 0)
(-0.142664 0.0237561 0)
(-0.144399 0.0188896 0)
(-0.145941 0.0138845 0)
(-0.147279 0.00875207 0)
(-0.148404 0.00350481 0)
(-0.149307 -0.0018436 0)
(-0.14998 -0.00727803 0)
(-0.150414 -0.012783 0)
(-0.1506 -0.0183415 0)
(-0.150531 -0.023935 0)
(-0.150198 -0.0295433 0)
(-0.149595 -0.0351451 0)
(-0.148716 -0.0407173 0)
(-0.147555 -0.0462355 0)
(-0.146107 -0.0516741 0)
(-0.144369 -0.0570062 0)
(-0.142338 -0.0622038 0)
(-0.140013 -0.0672378 0)
(-0.137394 -0.0720783 0)
(-0.134484 -0.076695 0)
(-0.131285 -0.0810568 0)
(-0.127804 -0.0851327 0)
(-0.124047 -0.0888917 0)
(-0.120024 -0.0923031 0)
(-0.115747 -0.095337 0)
(-0.111229 -0.0979645 0)
(-0.106488 -0.100158 0)
(-0.101541 -0.101892 0)
(-0.096409 -0.103143 0)
(-0.0911162 -0.10389 0)
(-0.0856879 -0.104116 0)
(-0.0801519 -0.103805 0)
(-0.0745384 -0.102947 0)
(-0.0688794 -0.101536 0)
(-0.0632087 -0.0995692 0)
(-0.0575615 -0.0970501 0)
(-0.0519745 -0.0939863 0)
(-0.0464852 -0.0903909 0)
(-0.0411318 -0.0862824 0)
(-0.0359526 -0.0816844 0)
(-0.030986 -0.0766261 0)
(-0.0262696 -0.0711418 0)
(-0.0218401 -0.0652706 0)
(-0.0177329 -0.0590564 0)
(-0.0139817 -0.0525471 0)
(-0.010618 -0.0457946 0)
(-0.00767082 -0.0388539 0)
(-0.00516701 -0.0317827 0)
(-0.0031294 -0.0246405 0)
(-0.00157331 -0.0174884 0)
(-0.00052379 -0.0103878 0)
(-6.53091e-05 -0.00340149 0)
(-5.2988e-05 0.00408061 0)
(-0.000395573 0.0118152 0)
(-0.0011525 0.019122 0)
(-0.00224194 0.026003 0)
(-0.00363113 0.0324628 0)
(-0.0052988 0.0385078 0)
(-0.00722189 0.044146 0)
(-0.00937816 0.0493869 0)
(-0.011747 0.0542407 0)
(-0.0143094 0.0587184 0)
(-0.0170472 0.0628315 0)
(-0.019944 0.0665917 0)
(-0.0229841 0.0700109 0)
(-0.0261531 0.0731006 0)
(-0.0294374 0.0758723 0)
(-0.0328243 0.0783369 0)
(-0.0363022 0.080505 0)
(-0.0398599 0.0823867 0)
(-0.043487 0.0839911 0)
(-0.0471738 0.0853269 0)
(-0.0509109 0.0864022 0)
(-0.0546896 0.087224 0)
(-0.0585015 0.0877988 0)
(-0.0623386 0.0881324 0)
(-0.0661931 0.0882297 0)
(-0.0700575 0.088095 0)
(-0.0739246 0.0877321 0)
(-0.0777871 0.087144 0)
(-0.081638 0.0863333 0)
(-0.0854703 0.0853019 0)
(-0.089277 0.0840517 0)
(-0.0930511 0.0825838 0)
(-0.0967856 0.0808994 0)
(-0.100473 0.0789993 0)
(-0.104107 0.0768843 0)
(-0.10768 0.0745552 0)
(-0.111183 0.0720128 0)
(-0.114611 0.0692582 0)
(-0.117954 0.0662925 0)
(-0.121204 0.0631173 0)
(-0.124355 0.0597346 0)
(-0.127396 0.0561469 0)
(-0.130319 0.0523571 0)
(-0.133117 0.048369 0)
(-0.135778 0.0441869 0)
(-0.138295 0.0398161 0)
(-0.140658 0.0352626 0)
(-0.142858 0.0305334 0)
(-0.144883 0.0256367 0)
(-0.146726 0.0205814 0)
(-0.148376 0.0153779 0)
(-0.149823 0.0100375 0)
(-0.151057 0.00457276 0)
(-0.152069 -0.00100235 0)
(-0.15285 -0.00667244 0)
(-0.153389 -0.0124219 0)
(-0.153679 -0.0182333 0)
(-0.153711 -0.0240878 0)
(-0.153476 -0.0299649 0)
(-0.152966 -0.0358423 0)
(-0.152175 -0.0416966 0)
(-0.151096 -0.0475025 0)
(-0.149724 -0.0532333 0)
(-0.148054 -0.0588611 0)
(-0.146082 -0.0643565 0)
(-0.143808 -0.0696892 0)
(-0.141229 -0.0748279 0)
(-0.138348 -0.0797402 0)
(-0.135166 -0.0843936 0)
(-0.13169 -0.088755 0)
(-0.127925 -0.0927914 0)
(-0.12388 -0.0964698 0)
(-0.119566 -0.0997582 0)
(-0.114998 -0.102625 0)
(-0.11019 -0.105041 0)
(-0.105162 -0.106978 0)
(-0.0999346 -0.108409 0)
(-0.0945309 -0.109312 0)
(-0.0889772 -0.109665 0)
(-0.0833021 -0.109454 0)
(-0.0775362 -0.108663 0)
(-0.0717128 -0.107286 0)
(-0.0658666 -0.105319 0)
(-0.0600346 -0.102762 0)
(-0.0542549 -0.0996223 0)
(-0.048567 -0.0959124 0)
(-0.0430109 -0.09165 0)
(-0.0376274 -0.0868587 0)
(-0.032457 -0.0815679 0)
(-0.0275399 -0.0758127 0)
(-0.0229154 -0.0696332 0)
(-0.0186215 -0.063075 0)
(-0.0146945 -0.0561878 0)
(-0.0111684 -0.0490259 0)
(-0.00807518 -0.0416468 0)
(-0.00544394 -0.034111 0)
(-0.00329998 -0.0264813 0)
(-0.00166062 -0.0188219 0)
(-0.000553515 -0.0111976 0)
(-6.9205e-05 -0.00367451 0)
(-5.30945e-05 0.00428331 0)
(-0.000396428 0.0123922 0)
(-0.00115509 0.020044 0)
(-0.00224716 0.0272427 0)
(-0.0036399 0.0339942 0)
(-0.00531209 0.0403067 0)
(-0.00724073 0.0461897 0)
(-0.00940362 0.0516541 0)
(-0.0117802 0.0567116 0)
(-0.0143515 0.0613744 0)
(-0.0170995 0.0656555 0)
(-0.0200076 0.0695675 0)
(-0.0230604 0.0731234 0)
(-0.0262434 0.0763359 0)
(-0.0295431 0.0792173 0)
(-0.0329469 0.0817795 0)
(-0.0364431 0.0840338 0)
(-0.0400207 0.0859908 0)
(-0.0436694 0.0876606 0)
(-0.0473794 0.0890523 0)
(-0.0511415 0.0901745 0)
(-0.0549471 0.0910346 0)
(-0.0587879 0.0916396 0)
(-0.0626559 0.0919955 0)
(-0.0665435 0.0921076 0)
(-0.0704434 0.0919804 0)
(-0.0743482 0.0916177 0)
(-0.0782511 0.0910228 0)
(-0.082145 0.0901983 0)
(-0.086023 0.0891462 0)
(-0.0898784 0.0878683 0)
(-0.0937042 0.0863658 0)
(-0.0974934 0.0846397 0)
(-0.101239 0.0826909 0)
(-0.104934 0.0805199 0)
(-0.108572 0.0781274 0)
(-0.112144 0.0755142 0)
(-0.115643 0.0726809 0)
(-0.119061 0.0696286 0)
(-0.122391 0.0663588 0)
(-0.125624 0.0628731 0)
(-0.128751 0.0591737 0)
(-0.131764 0.0552635 0)
(-0.134655 0.051146 0)
(-0.137412 0.0468253 0)
(-0.140029 0.0423064 0)
(-0.142494 0.0375952 0)
(-0.144797 0.0326986 0)
(-0.14693 0.0276246 0)
(-0.148882 0.022382 0)
(-0.150642 0.0169812 0)
(-0.1522 0.0114334 0)
(-0.153547 0.00575133 0)
(-0.154671 -5.08603e-05 0)
(-0.155563 -0.00595779 0)
(-0.156213 -0.0119534 0)
(-0.156612 -0.01802 0)
(-0.15675 -0.0241385 0)
(-0.156619 -0.0302879 0)
(-0.156209 -0.0364455 0)
(-0.155513 -0.0425872 0)
(-0.154524 -0.0486868 0)
(-0.153235 -0.0547167 0)
(-0.151641 -0.060648 0)
(-0.149737 -0.0664501 0)
(-0.147521 -0.0720911 0)
(-0.144992 -0.0775383 0)
(-0.142149 -0.0827576 0)
(-0.138994 -0.0877147 0)
(-0.135532 -0.0923744 0)
(-0.131768 -0.0967017 0)
(-0.127711 -0.100661 0)
(-0.12337 -0.104219 0)
(-0.11876 -0.10734 0)
(-0.113895 -0.109994 0)
(-0.108794 -0.112148 0)
(-0.103478 -0.113775 0)
(-0.0979702 -0.114848 0)
(-0.0922975 -0.115345 0)
(-0.0864885 -0.115246 0)
(-0.080575 -0.114536 0)
(-0.0745908 -0.113205 0)
(-0.0685721 -0.111247 0)
(-0.062557 -0.108662 0)
(-0.0565855 -0.105454 0)
(-0.0506987 -0.101635 0)
(-0.044939 -0.097222 0)
(-0.0393491 -0.0922384 0)
(-0.0339721 -0.0867137 0)
(-0.0288508 -0.0806835 0)
(-0.0240271 -0.0741891 0)
(-0.0195418 -0.0672773 0)
(-0.015434 -0.0600001 0)
(-0.0117407 -0.0524139 0)
(-0.00849627 -0.0445788 0)
(-0.00573286 -0.0365584 0)
(-0.00347828 -0.0284187 0)
(-0.00175206 -0.0202272 0)
(-0.00058473 -0.0120521 0)
(-7.33194e-05 -0.00396308 0)
(-5.30799e-05 0.00448621 0)
(-0.000396407 0.0129698 0)
(-0.00115516 0.0209673 0)
(-0.00224755 0.0284842 0)
(-0.00364095 0.0355281 0)
(-0.00531426 0.0421089 0)
(-0.00724461 0.0482375 0)
(-0.00940988 0.0539264 0)
(-0.0117897 0.0591885 0)
(-0.014365 0.0640376 0)
(-0.017118 0.0684876 0)
(-0.0200323 0.0725526 0)
(-0.0230924 0.0762466 0)
(-0.0262838 0.0795832 0)
(-0.0295933 0.0825758 0)
(-0.0330083 0.0852369 0)
(-0.0365171 0.0875788 0)
(-0.0401089 0.0896129 0)
(-0.0437733 0.0913497 0)
(-0.0475008 0.092799 0)
(-0.0512823 0.0939699 0)
(-0.0551091 0.0948703 0)
(-0.0589731 0.0955076 0)
(-0.0628665 0.095888 0)
(-0.0667817 0.0960171 0)
(-0.0707115 0.0958997 0)
(-0.0746488 0.0955398 0)
(-0.0785868 0.0949407 0)
(-0.0825185 0.0941052 0)
(-0.0864374 0.0930353 0)
(-0.0903366 0.0917328 0)
(-0.0942093 0.0901988 0)
(-0.0980489 0.0884344 0)
(-0.101848 0.0864402 0)
(-0.105601 0.0842167 0)
(-0.109299 0.0817645 0)
(-0.112936 0.0790839 0)
(-0.116503 0.0761757 0)
(-0.119994 0.0730406 0)
(-0.1234 0.0696798 0)
(-0.126712 0.0660948 0)
(-0.129924 0.0622875 0)
(-0.133024 0.0582605 0)
(-0.136006 0.054017 0)
(-0.138859 0.049561 0)
(-0.141574 0.0448972 0)
(-0.14414 0.0400313 0)
(-0.146549 0.0349699 0)
(-0.148789 0.0297209 0)
(-0.15085 0.024293 0)
(-0.152722 0.0186964 0)
(-0.154394 0.0129424 0)
(-0.155855 0.00704366 0)
(-0.157095 0.00101442 0)
(-0.158102 -0.00513001 0)
(-0.158868 -0.0113728 0)
(-0.15938 -0.0176964 0)
(-0.15963 -0.0240813 0)
(-0.159607 -0.0305062 0)
(-0.159304 -0.0369481 0)
(-0.15871 -0.0433818 0)
(-0.157817 -0.0497808 0)
(-0.156619 -0.0561165 0)
(-0.155109 -0.0623587 0)
(-0.153282 -0.0684757 0)
(-0.151135 -0.0744344 0)
(-0.148664 -0.0802002 0)
(-0.145869 -0.0857377 0)
(-0.142751 -0.0910104 0)
(-0.139313 -0.0959813 0)
(-0.13556 -0.100613 0)
(-0.1315 -0.104868 0)
(-0.127142 -0.108709 0)
(-0.122499 -0.112101 0)
(-0.117586 -0.115007 0)
(-0.112421 -0.117395 0)
(-0.107025 -0.119233 0)
(-0.101422 -0.120492 0)
(-0.0956371 -0.121147 0)
(-0.089701 -0.121176 0)
(-0.0836454 -0.120561 0)
(-0.0775053 -0.119289 0)
(-0.0713178 -0.117353 0)
(-0.0651225 -0.114749 0)
(-0.0589609 -0.111481 0)
(-0.052876 -0.107559 0)
(-0.0469123 -0.103 0)
(-0.0411148 -0.0978256 0)
(-0.0355291 -0.0920663 0)
(-0.0302005 -0.0857578 0)
(-0.025174 -0.0789423 0)
(-0.0204931 -0.0716681 0)
(-0.0161999 -0.0639889 0)
(-0.0123344 -0.0559636 0)
(-0.00893405 -0.0476549 0)
(-0.0060338 -0.0391295 0)
(-0.00366436 -0.0304566 0)
(-0.00184769 -0.0217074 0)
(-0.000617462 -0.0129533 0)
(-7.76591e-05 -0.00426797 0)
(-5.29424e-05 0.00468887 0)
(-0.000395498 0.0135469 0)
(-0.00115269 0.0218898 0)
(-0.00224306 0.0297248 0)
(-0.00363419 0.0370613 0)
(-0.00530517 0.0439106 0)
(-0.00723331 0.0502853 0)
(-0.00939668 0.0561992 0)
(-0.011775 0.0616667 0)
(-0.0143495 0.0667028 0)
(-0.0171024 0.0713228 0)
(-0.0200175 0.0755418 0)
(-0.0230793 0.0793749 0)
(-0.0262736 0.0828369 0)
(-0.0295871 0.0859418 0)
(-0.0330074 0.0887033 0)
(-0.036523 0.0911343 0)
(-0.040123 0.093247 0)
(-0.0437973 0.0950525 0)
(-0.0475363 0.0965612 0)
(-0.0513311 0.0977827 0)
(-0.0551732 0.0987254 0)
(-0.0590545 0.0993969 0)
(-0.0629674 0.0998041 0)
(-0.0669044 0.0999526 0)
(-0.0708584 0.0998475 0)
(-0.0748226 0.099493 0)
(-0.0787901 0.0988925 0)
(-0.0827542 0.0980488 0)
(-0.0867085 0.0969642 0)
(-0.0906463 0.0956402 0)
(-0.0945609 0.0940781 0)
(-0.0984458 0.0922788 0)
(-0.102294 0.0902428 0)
(-0.106099 0.0879705 0)
(-0.109854 0.0854622 0)
(-0.113551 0.0827182 0)
(-0.117183 0.079739 0)
(-0.120742 0.0765251 0)
(-0.12422 0.0730773 0)
(-0.12761 0.069397 0)
(-0.130902 0.0654858 0)
(-0.134088 0.0613459 0)
(-0.137159 0.0569804 0)
(-0.140105 0.0523928 0)
(-0.142916 0.0475876 0)
(-0.145584 0.0425703 0)
(-0.148096 0.0373473 0)
(-0.150444 0.0319261 0)
(-0.152616 0.0263154 0)
(-0.154601 0.0205251 0)
(-0.156388 0.0145665 0)
(-0.157965 0.00845225 0)
(-0.159323 0.00219645 0)
(-0.160449 -0.00418541 0)
(-0.161332 -0.010676 0)
(-0.161962 -0.0172577 0)
(-0.162329 -0.0239109 0)
(-0.162421 -0.0306141 0)
(-0.162229 -0.0373435 0)
(-0.161744 -0.0440737 0)
(-0.160955 -0.0507772 0)
(-0.159856 -0.0574246 0)
(-0.158438 -0.0639847 0)
(-0.156697 -0.0704246 0)
(-0.154626 -0.0767098 0)
(-0.152223 -0.0828042 0)
(-0.149486 -0.0886706 0)
(-0.146414 -0.0942707 0)
(-0.143011 -0.0995653 0)
(-0.13928 -0.104515 0)
(-0.135227 -0.109079 0)
(-0.130863 -0.113219 0)
(-0.126198 -0.116896 0)
(-0.121247 -0.120071 0)
(-0.116028 -0.122709 0)
(-0.110562 -0.124774 0)
(-0.104871 -0.126236 0)
(-0.0989833 -0.127065 0)
(-0.0929274 -0.127238 0)
(-0.0867366 -0.126732 0)
(-0.0804464 -0.125533 0)
(-0.074095 -0.12363 0)
(-0.0677234 -0.121019 0)
(-0.0613746 -0.117701 0)
(-0.0550934 -0.113684 0)
(-0.0489263 -0.108983 0)
(-0.0429208 -0.103622 0)
(-0.037125 -0.097628 0)
(-0.031587 -0.0910386 0)
(-0.0263545 -0.0838965 0)
(-0.0214743 -0.0762514 0)
(-0.0169915 -0.0681588 0)
(-0.0129493 -0.0596797 0)
(-0.0093883 -0.0508798 0)
(-0.00634669 -0.0418287 0)
(-0.00385823 -0.0325991 0)
(-0.00194755 -0.0232655 0)
(-0.000651733 -0.0139034 0)
(-8.22297e-05 -0.00458998 0)
(-5.26807e-05 0.00489084 0)
(-0.000393693 0.014122 0)
(-0.00114765 0.0228095 0)
(-0.00223363 0.030962 0)
(-0.00361953 0.0385907 0)
(-0.00528469 0.0457083 0)
(-0.00720667 0.052329 0)
(-0.00936379 0.058468 0)
(-0.011736 0.0641413 0)
(-0.0143046 0.069365 0)
(-0.0170522 0.0741556 0)
(-0.0199626 0.0785294 0)
(-0.0230205 0.0825027 0)
(-0.0262119 0.086091 0)
(-0.0295236 0.0893096 0)
(-0.0329433 0.0921728 0)
(-0.0364595 0.0946944 0)
(-0.0400616 0.0968871 0)
(-0.0437396 0.0987629 0)
(-0.047484 0.100333 0)
(-0.051286 0.101607 0)
(-0.0551372 0.102594 0)
(-0.0590297 0.103302 0)
(-0.0629559 0.103738 0)
(-0.0669086 0.103908 0)
(-0.0708809 0.103818 0)
(-0.0748659 0.103471 0)
(-0.078857 0.102872 0)
(-0.0828477 0.102024 0)
(-0.0868316 0.100927 0)
(-0.0908022 0.0995852 0)
(-0.0947532 0.0979984 0)
(-0.098678 0.0961677 0)
(-0.10257 0.0940936 0)
(-0.106423 0.0917763 0)
(-0.110229 0.089216 0)
(-0.113981 0.0864127 0)
(-0.117673 0.0833667 0)
(-0.121296 0.0800782 0)
(-0.124843 0.0765478 0)
(-0.128306 0.0727764 0)
(-0.131675 0.0687656 0)
(-0.134943 0.0645172 0)
(-0.1381 0.0600338 0)
(-0.141137 0.0553187 0)
(-0.144044 0.0503762 0)
(-0.14681 0.0452113 0)
(-0.149426 0.0398302 0)
(-0.15188 0.0342401 0)
(-0.154162 0.0284495 0)
(-0.15626 0.0224682 0)
(-0.158162 0.0163072 0)
(-0.159858 0.00997905 0)
(-0.161336 0.00349789 0)
(-0.162582 -0.00312076 0)
(-0.163588 -0.00985915 0)
(-0.164339 -0.0166997 0)
(-0.164827 -0.0236225 0)
(-0.165039 -0.0306059 0)
(-0.164964 -0.0376257 0)
(-0.164593 -0.044656 0)
(-0.163915 -0.0516686 0)
(-0.162922 -0.0586332 0)
(-0.161605 -0.0655177 0)
(-0.159957 -0.0722879 0)
(-0.157973 -0.0789081 0)
(-0.155647 -0.0853405 0)
(-0.152978 -0.0915463 0)
(-0.149963 -0.0974852 0)
(-0.146605 -0.103116 0)
(-0.142906 -0.108397 0)
(-0.138873 -0.113285 0)
(-0.134513 -0.117739 0)
(-0.129837 -0.121716 0)
(-0.12486 -0.125176 0)
(-0.119598 -0.12808 0)
(-0.114071 -0.13039 0)
(-0.108303 -0.132071 0)
(-0.102321 -0.133091 0)
(-0.0961544 -0.133423 0)
(-0.0898363 -0.133042 0)
(-0.083403 -0.131931 0)
(-0.0768939 -0.130076 0)
(-0.070351 -0.127469 0)
(-0.0638189 -0.124111 0)
(-0.0573442 -0.120007 0)
(-0.0509755 -0.115172 0)
(-0.0447626 -0.109627 0)
(-0.0387562 -0.1034 0)
(-0.0330073 -0.0965283 0)
(-0.0275665 -0.089055 0)
(-0.0224838 -0.0810311 0)
(-0.0178077 -0.072514 0)
(-0.0135846 -0.0635668 0)
(-0.00985863 -0.054258 0)
(-0.00667135 -0.0446603 0)
(-0.00405981 -0.0348498 0)
(-0.00205161 -0.0249048 0)
(-0.000687551 -0.0149044 0)
(-8.70359e-05 -0.0049299 0)
(-5.22937e-05 0.00509164 0)
(-0.000390984 0.0146941 0)
(-0.00114002 0.0237243 0)
(-0.00221923 0.032193 0)
(-0.00359691 0.0401128 0)
(-0.00525275 0.047498 0)
(-0.00716458 0.0543644 0)
(-0.00931104 0.0607284 0)
(-0.0116724 0.0666075 0)
(-0.0142301 0.072019 0)
(-0.0169671 0.0769807 0)
(-0.0198672 0.08151 0)
(-0.0229156 0.0856242 0)
(-0.0260982 0.0893399 0)
(-0.029402 0.0926731 0)
(-0.0328149 0.0956392 0)
(-0.0363257 0.0982527 0)
(-0.0399237 0.100527 0)
(-0.043599 0.102475 0)
(-0.0473424 0.104108 0)
(-0.0511452 0.105436 0)
(-0.0549991 0.106469 0)
(-0.0588964 0.107216 0)
(-0.0628296 0.107683 0)
(-0.0667916 0.107878 0)
(-0.0707757 0.107805 0)
(-0.0747752 0.107469 0)
(-0.0787836 0.106874 0)
(-0.0827946 0.106023 0)
(-0.086802 0.104919 0)
(-0.0907995 0.103562 0)
(-0.0947808 0.101954 0)
(-0.0987395 0.100096 0)
(-0.102669 0.0979872 0)
(-0.106564 0.095629 0)
(-0.110416 0.0930208 0)
(-0.114219 0.0901625 0)
(-0.117965 0.0870539 0)
(-0.121647 0.0836953 0)
(-0.125258 0.0800868 0)
(-0.128789 0.0762291 0)
(-0.132232 0.0721233 0)
(-0.135578 0.0677709 0)
(-0.138818 0.0631742 0)
(-0.141942 0.0583361 0)
(-0.144941 0.0532606 0)
(-0.147804 0.0479524 0)
(-0.150521 0.0424172 0)
(-0.15308 0.0366621 0)
(-0.155471 0.0306951 0)
(-0.157682 0.0245258 0)
(-0.159701 0.0181651 0)
(-0.161515 0.0116254 0)
(-0.163114 0.0049207 0)
(-0.164483 -0.00193348 0)
(-0.165613 -0.00891909 0)
(-0.166489 -0.0160184 0)
(-0.167102 -0.0232117 0)
(-0.167438 -0.0304766 0)
(-0.167486 -0.0377891 0)
(-0.167235 -0.0451225 0)
(-0.166675 -0.052448 0)
(-0.165795 -0.0597347 0)
(-0.164586 -0.0669494 0)
(-0.16304 -0.0740569 0)
(-0.161151 -0.0810199 0)
(-0.158913 -0.0877993 0)
(-0.156321 -0.0943545 0)
(-0.153374 -0.100643 0)
(-0.150072 -0.106622 0)
(-0.146417 -0.112247 0)
(-0.142414 -0.117473 0)
(-0.13807 -0.122255 0)
(-0.133395 -0.126549 0)
(-0.128403 -0.130311 0)
(-0.123109 -0.133497 0)
(-0.117534 -0.136069 0)
(-0.1117 -0.137986 0)
(-0.105635 -0.139214 0)
(-0.0993667 -0.139723 0)
(-0.0929304 -0.139484 0)
(-0.0863624 -0.138476 0)
(-0.0797029 -0.136682 0)
(-0.0729951 -0.134094 0)
(-0.0662849 -0.130707 0)
(-0.0596208 -0.126527 0)
(-0.0530534 -0.121565 0)
(-0.0466348 -0.115841 0)
(-0.0404184 -0.109383 0)
(-0.0344579 -0.102228 0)
(-0.0288073 -0.0944201 0)
(-0.0235197 -0.0860103 0)
(-0.0186471 -0.0770581 0)
(-0.0142394 -0.0676288 0)
(-0.0103445 -0.0577936 0)
(-0.00700745 -0.0476283 0)
(-0.00426897 -0.0372124 0)
(-0.00215984 -0.0266282 0)
(-0.000724913 -0.0159585 0)
(-9.20808e-05 -0.00528855 0)
(-5.17811e-05 0.00529081 0)
(-0.000387369 0.0152617 0)
(-0.0011298 0.0246324 0)
(-0.00219984 0.0334153 0)
(-0.00356632 0.0416246 0)
(-0.00520928 0.0492762 0)
(-0.00710697 0.0563872 0)
(-0.00923836 0.0629758 0)
(-0.011584 0.0690603 0)
(-0.0141258 0.0746597 0)
(-0.0168468 0.0797927 0)
(-0.0197311 0.0844779 0)
(-0.0227641 0.0887336 0)
(-0.0259319 0.0925774 0)
(-0.0292218 0.0960263 0)
(-0.0326218 0.0990964 0)
(-0.0361207 0.101803 0)
(-0.0397081 0.10416 0)
(-0.0433743 0.106182 0)
(-0.0471102 0.107879 0)
(-0.0509072 0.109263 0)
(-0.0547572 0.110345 0)
(-0.0586526 0.111132 0)
(-0.0625861 0.111633 0)
(-0.0665508 0.111854 0)
(-0.07054 0.111801 0)
(-0.0745473 0.111479 0)
(-0.0785664 0.110892 0)
(-0.0825911 0.110042 0)
(-0.0866154 0.108932 0)
(-0.0906332 0.107564 0)
(-0.0946383 0.105938 0)
(-0.0986247 0.104056 0)
(-0.102586 0.101918 0)
(-0.106516 0.0995227 0)
(-0.110408 0.0968708 0)
(-0.114255 0.0939619 0)
(-0.118051 0.0907955 0)
(-0.121787 0.0873714 0)
(-0.125456 0.0836896 0)
(-0.129051 0.0797504 0)
(-0.132562 0.0755544 0)
(-0.135981 0.071103 0)
(-0.1393 0.0663979 0)
(-0.142508 0.0614418 0)
(-0.145595 0.0562381 0)
(-0.148552 0.0507911 0)
(-0.151367 0.0451064 0)
(-0.154029 0.0391904 0)
(-0.156528 0.033051 0)
(-0.15885 0.0266975 0)
(-0.160984 0.0201404 0)
(-0.162917 0.0133921 0)
(-0.164638 0.00646618 0)
(-0.166132 -0.000621628 0)
(-0.167387 -0.00785327 0)
(-0.168391 -0.0152108 0)
(-0.169131 -0.0226744 0)
(-0.169595 -0.0302217 0)
(-0.169771 -0.0378283 0)
(-0.169646 -0.0454671 0)
(-0.169209 -0.0531089 0)
(-0.168449 -0.0607219 0)
(-0.167356 -0.0682719 0)
(-0.165921 -0.0757228 0)
(-0.164136 -0.0830359 0)
(-0.161994 -0.0901707 0)
(-0.15949 -0.0970848 0)
(-0.156622 -0.103734 0)
(-0.153387 -0.110073 0)
(-0.149788 -0.116055 0)
(-0.145827 -0.121632 0)
(-0.141512 -0.126758 0)
(-0.13685 -0.131383 0)
(-0.131855 -0.135462 0)
(-0.126543 -0.138949 0)
(-0.120931 -0.141799 0)
(-0.115043 -0.14397 0)
(-0.108905 -0.145425 0)
(-0.102548 -0.146127 0)
(-0.0960035 -0.146047 0)
(-0.0893104 -0.145159 0)
(-0.0825092 -0.143443 0)
(-0.075644 -0.140887 0)
(-0.0687623 -0.137485 0)
(-0.0619142 -0.133239 0)
(-0.0551522 -0.128158 0)
(-0.0485309 -0.122262 0)
(-0.0421061 -0.115577 0)
(-0.0359346 -0.108139 0)
(-0.0300735 -0.0999933 0)
(-0.0245794 -0.0911914 0)
(-0.0195078 -0.0817943 0)
(-0.0149125 -0.0718694 0)
(-0.010845 -0.0614905 0)
(-0.00735454 -0.0507365 0)
(-0.00448548 -0.0396906 0)
(-0.00227215 -0.0284387 0)
(-0.000763805 -0.0170677 0)
(-9.73665e-05 -0.00566673 0)
(-5.11427e-05 0.0054879 0)
(-0.000382847 0.0158235 0)
(-0.00111697 0.0255315 0)
(-0.00217547 0.034626 0)
(-0.00352774 0.0431226 0)
(-0.0051543 0.0510389 0)
(-0.00703382 0.0583934 0)
(-0.00914571 0.0652054 0)
(-0.0114709 0.0714949 0)
(-0.0139916 0.0772817 0)
(-0.0166912 0.082586 0)
(-0.0195541 0.0874273 0)
(-0.0225658 0.091825 0)
(-0.0257128 0.0957975 0)
(-0.0289826 0.0993629 0)
(-0.0323632 0.102538 0)
(-0.0358438 0.105339 0)
(-0.0394141 0.107781 0)
(-0.0430646 0.109877 0)
(-0.0467862 0.11164 0)
(-0.0505706 0.113083 0)
(-0.0544099 0.114214 0)
(-0.0582965 0.115044 0)
(-0.0622234 0.115581 0)
(-0.0661837 0.115831 0)
(-0.0701711 0.115801 0)
(-0.0741793 0.115495 0)
(-0.0782021 0.114918 0)
(-0.0822335 0.114072 0)
(-0.0862678 0.112961 0)
(-0.0902989 0.111585 0)
(-0.094321 0.109945 0)
(-0.0983282 0.108043 0)
(-0.102314 0.105879 0)
(-0.106273 0.103451 0)
(-0.110199 0.10076 0)
(-0.114084 0.0978049 0)
(-0.117922 0.0945854 0)
(-0.121705 0.0911007 0)
(-0.125427 0.0873506 0)
(-0.129079 0.0833349 0)
(-0.132653 0.079054 0)
(-0.136141 0.0745087 0)
(-0.139533 0.0697005 0)
(-0.14282 0.0646315 0)
(-0.145992 0.0593047 0)
(-0.149038 0.0537242 0)
(-0.151948 0.0478948 0)
(-0.154711 0.0418228 0)
(-0.157314 0.0355156 0)
(-0.159746 0.028982 0)
(-0.161994 0.0222325 0)
(-0.164045 0.015279 0)
(-0.165887 0.00813505 0)
(-0.167506 0.000816362 0)
(-0.168889 -0.00665981 0)
(-0.170022 -0.0142743 0)
(-0.170893 -0.0220075 0)
(-0.171488 -0.0298372 0)
(-0.171795 -0.0377386 0)
(-0.171801 -0.0456844 0)
(-0.171493 -0.0536449 0)
(-0.170859 -0.0615875 0)
(-0.169889 -0.0694774 0)
(-0.168573 -0.0772772 0)
(-0.1669 -0.084947 0)
(-0.164865 -0.0924448 0)
(-0.162459 -0.0997266 0)
(-0.15968 -0.106746 0)
(-0.156524 -0.113456 0)
(-0.152992 -0.119807 0)
(-0.149087 -0.125749 0)
(-0.144812 -0.131232 0)
(-0.140177 -0.136206 0)
(-0.135193 -0.140618 0)
(-0.129874 -0.144422 0)
(-0.12424 -0.147568 0)
(-0.118311 -0.150012 0)
(-0.112114 -0.15171 0)
(-0.105679 -0.152625 0)
(-0.0990384 -0.152721 0)
(-0.0922311 -0.15197 0)
(-0.0852983 -0.150349 0)
(-0.0782849 -0.147841 0)
(-0.0712397 -0.144437 0)
(-0.0642143 -0.140137 0)
(-0.0572633 -0.134949 0)
(-0.0504433 -0.128887 0)
(-0.0438131 -0.12198 0)
(-0.0374323 -0.114261 0)
(-0.0313612 -0.105775 0)
(-0.0256599 -0.0965761 0)
(-0.0203877 -0.086725 0)
(-0.0156023 -0.0762916 0)
(-0.0113593 -0.0653521 0)
(-0.007712 -0.0539886 0)
(-0.00470902 -0.0422877 0)
(-0.00238842 -0.0303392 0)
(-0.000804196 -0.018234 0)
(-0.000102893 -0.00606523 0)
(-5.03794e-05 0.00568242 0)
(-0.000377425 0.0163783 0)
(-0.00110157 0.0264198 0)
(-0.00214613 0.0358225 0)
(-0.00348123 0.0446038 0)
(-0.00508785 0.0527825 0)
(-0.0069452 0.0603786 0)
(-0.00903315 0.0674128 0)
(-0.0113331 0.0739062 0)
(-0.0138275 0.0798799 0)
(-0.0165003 0.0853551 0)
(-0.019336 0.0903525 0)
(-0.0223206 0.0948923 0)
(-0.0254408 0.0989941 0)
(-0.0286841 0.102677 0)
(-0.032039 0.105958 0)
(-0.0354947 0.108854 0)
(-0.0390412 0.111381 0)
(-0.0426691 0.113554 0)
(-0.0463696 0.115385 0)
(-0.0501345 0.116887 0)
(-0.0539559 0.118071 0)
(-0.0578266 0.118946 0)
(-0.0617397 0.11952 0)
(-0.0656885 0.119802 0)
(-0.0696668 0.119797 0)
(-0.0736685 0.11951 0)
(-0.0776877 0.118946 0)
(-0.0817185 0.118108 0)
(-0.0857554 0.116997 0)
(-0.0897925 0.115617 0)
(-0.0938243 0.113968 0)
(-0.0978449 0.11205 0)
(-0.101849 0.109863 0)
(-0.105829 0.107407 0)
(-0.109781 0.104681 0)
(-0.113697 0.101685 0)
(-0.11757 0.098417 0)
(-0.121395 0.0948768 0)
(-0.125162 0.0910635 0)
(-0.128866 0.0869767 0)
(-0.132496 0.0826163 0)
(-0.136046 0.0779826 0)
(-0.139506 0.0730768 0)
(-0.142867 0.0679005 0)
(-0.146118 0.0624562 0)
(-0.149249 0.0567475 0)
(-0.15225 0.0507789 0)
(-0.155109 0.0445561 0)
(-0.157814 0.0380861 0)
(-0.160352 0.0313773 0)
(-0.162712 0.0244399 0)
(-0.16488 0.0172853 0)
(-0.166842 0.009927 0)
(-0.168586 0.00238032 0)
(-0.170096 -0.00533756 0)
(-0.17136 -0.0132069 0)
(-0.172363 -0.0212083 0)
(-0.173093 -0.0293195 0)
(-0.173534 -0.0375157 0)
(-0.173675 -0.0457694 0)
(-0.173501 -0.0540502 0)
(-0.173 -0.0623251 0)
(-0.17216 -0.0705585 0)
(-0.170969 -0.0787118 0)
(-0.169418 -0.0867441 0)
(-0.167498 -0.0946119 0)
(-0.165201 -0.102269 0)
(-0.162521 -0.109669 0)
(-0.159456 -0.11676 0)
(-0.156004 -0.123492 0)
(-0.152165 -0.129812 0)
(-0.147945 -0.135667 0)
(-0.143351 -0.141002 0)
(-0.138391 -0.145765 0)
(-0.133081 -0.149902 0)
(-0.127437 -0.153362 0)
(-0.121481 -0.156096 0)
(-0.115239 -0.158057 0)
(-0.108739 -0.159203 0)
(-0.102016 -0.159494 0)
(-0.0951071 -0.158899 0)
(-0.0880541 -0.157389 0)
(-0.0809031 -0.154946 0)
(-0.0737039 -0.151556 0)
(-0.0665096 -0.147216 0)
(-0.0593765 -0.14193 0)
(-0.0523637 -0.135712 0)
(-0.0455323 -0.128588 0)
(-0.0389451 -0.120591 0)
(-0.0326656 -0.111766 0)
(-0.0267575 -0.102165 0)
(-0.0212839 -0.0918519 0)
(-0.0163068 -0.0808978 0)
(-0.0118859 -0.0693813 0)
(-0.00807904 -0.0573876 0)
(-0.00493916 -0.0450068 0)
(-0.00250845 -0.0323323 0)
(-0.000846039 -0.0194592 0)
(-0.000108659 -0.00648483 0)
(-4.94925e-05 0.00587392 0)
(-0.000371112 0.0169248 0)
(-0.00108361 0.0272951 0)
(-0.00211189 0.0370021 0)
(-0.00342683 0.0460647 0)
(-0.00501002 0.0545031 0)
(-0.00684121 0.0623387 0)
(-0.00890082 0.0695933 0)
(-0.0111707 0.0762892 0)
(-0.0136338 0.0824489 0)
(-0.0162743 0.0880945 0)
(-0.0190772 0.0932476 0)
(-0.0220287 0.0979296 0)
(-0.0251158 0.102161 0)
(-0.0283263 0.105961 0)
(-0.031649 0.109349 0)
(-0.0350732 0.112341 0)
(-0.0385891 0.114955 0)
(-0.0421875 0.117205 0)
(-0.0458598 0.119106 0)
(-0.0495979 0.120669 0)
(-0.0533943 0.121907 0)
(-0.0572418 0.122828 0)
(-0.0611336 0.123443 0)
(-0.0650635 0.123759 0)
(-0.0690252 0.123781 0)
(-0.0730128 0.123516 0)
(-0.0770206 0.122968 0)
(-0.0810432 0.12214 0)
(-0.0850749 0.121035 0)
(-0.0891103 0.119654 0)
(-0.0931439 0.117998 0)
(-0.0971702 0.116068 0)
(-0.101184 0.113863 0)
(-0.105178 0.111383 0)
(-0.109148 0.108627 0)
(-0.113087 0.105594 0)
(-0.116989 0.102283 0)
(-0.120847 0.0986926 0)
(-0.124653 0.0948215 0)
(-0.1284 0.090669 0)
(-0.132081 0.0862347 0)
(-0.135686 0.0815185 0)
(-0.139208 0.0765209 0)
(-0.142636 0.0712431 0)
(-0.14596 0.0656873 0)
(-0.149171 0.0598563 0)
(-0.152257 0.0537542 0)
(-0.155208 0.0473863 0)
(-0.15801 0.0407591 0)
(-0.160652 0.0338805 0)
(-0.16312 0.0267602 0)
(-0.165402 0.0194093 0)
(-0.167484 0.011841 0)
(-0.16935 0.00407024 0)
(-0.170988 -0.00388595 0)
(-0.172383 -0.0120074 0)
(-0.17352 -0.0202748 0)
(-0.174385 -0.028666 0)
(-0.174964 -0.0371562 0)
(-0.175243 -0.0457177 0)
(-0.175208 -0.0543196 0)
(-0.174845 -0.0629286 0)
(-0.174141 -0.0715081 0)
(-0.173083 -0.0800188 0)
(-0.171662 -0.0884186 0)
(-0.169866 -0.0966625 0)
(-0.167686 -0.104703 0)
(-0.165118 -0.112491 0)
(-0.162154 -0.119974 0)
(-0.158794 -0.127098 0)
(-0.155036 -0.133808 0)
(-0.150884 -0.140047 0)
(-0.146343 -0.14576 0)
(-0.141423 -0.150888 0)
(-0.136135 -0.155376 0)
(-0.130498 -0.159167 0)
(-0.12453 -0.16221 0)
(-0.118258 -0.164452 0)
(-0.111708 -0.165848 0)
(-0.104916 -0.166353 0)
(-0.0979192 -0.165932 0)
(-0.0907591 -0.164553 0)
(-0.0834826 -0.162191 0)
(-0.0761404 -0.158831 0)
(-0.0687871 -0.154465 0)
(-0.0614806 -0.149095 0)
(-0.0542822 -0.142732 0)
(-0.0472555 -0.135399 0)
(-0.0404662 -0.127128 0)
(-0.0339812 -0.117963 0)
(-0.0278679 -0.107958 0)
(-0.0221934 -0.0971757 0)
(-0.0170237 -0.0856896 0)
(-0.0124234 -0.0735804 0)
(-0.00845467 -0.0609362 0)
(-0.00517536 -0.0478505 0)
(-0.002632 -0.0344205 0)
(-0.000889267 -0.0207453 0)
(-0.00011466 -0.00692628 0)
(-4.84838e-05 0.00606195 0)
(-0.00036392 0.0174617 0)
(-0.00106313 0.0281555 0)
(-0.0020728 0.0381623 0)
(-0.00336468 0.0475023 0)
(-0.00492096 0.0561971 0)
(-0.00672205 0.0642694 0)
(-0.00874893 0.0717422 0)
(-0.0109839 0.0786391 0)
(-0.0134106 0.0849835 0)
(-0.0160134 0.0907985 0)
(-0.0187778 0.0961069 0)
(-0.0216903 0.100931 0)
(-0.0247381 0.105292 0)
(-0.0279095 0.10921 0)
(-0.0311933 0.112704 0)
(-0.0345793 0.115794 0)
(-0.0380577 0.118495 0)
(-0.0416195 0.120824 0)
(-0.0452565 0.122795 0)
(-0.0489605 0.124421 0)
(-0.0527244 0.125715 0)
(-0.0565412 0.126685 0)
(-0.0604042 0.127342 0)
(-0.0643073 0.127693 0)
(-0.0682445 0.127746 0)
(-0.0722102 0.127506 0)
(-0.0761988 0.126976 0)
(-0.0802049 0.126162 0)
(-0.0842234 0.125064 0)
(-0.0882489 0.123686 0)
(-0.0922762 0.122028 0)
(-0.0963 0.120089 0)
(-0.100315 0.117871 0)
(-0.104315 0.115372 0)
(-0.108296 0.11259 0)
(-0.11225 0.109526 0)
(-0.116172 0.106176 0)
(-0.120054 0.102541 0)
(-0.123891 0.0986171 0)
(-0.127675 0.0944046 0)
(-0.131398 0.0899022 0)
(-0.135051 0.0851093 0)
(-0.138626 0.080026 0)
(-0.142115 0.0746529 0)
(-0.145506 0.0689917 0)
(-0.14879 0.0630447 0)
(-0.151956 0.0568155 0)
(-0.154993 0.0503086 0)
(-0.157887 0.0435302 0)
(-0.160628 0.0364877 0)
(-0.163201 0.0291902 0)
(-0.165593 0.0216484 0)
(-0.167791 0.0138751 0)
(-0.169779 0.00588493 0)
(-0.171543 -0.00230541 0)
(-0.173068 -0.0106755 0)
(-0.174339 -0.0192059 0)
(-0.175341 -0.0278748 0)
(-0.17606 -0.0366573 0)
(-0.176481 -0.0455256 0)
(-0.176588 -0.0544486 0)
(-0.176367 -0.0633924 0)
(-0.175805 -0.0723199 0)
(-0.174887 -0.0811909 0)
(-0.173602 -0.089962 0)
(-0.171939 -0.0985872 0)
(-0.169887 -0.107017 0)
(-0.16744 -0.115201 0)
(-0.164589 -0.123084 0)
(-0.161333 -0.130611 0)
(-0.157669 -0.137722 0)
(-0.153598 -0.14436 0)
(-0.149126 -0.150464 0)
(-0.14426 -0.155973 0)
(-0.139011 -0.160827 0)
(-0.133395 -0.164968 0)
(-0.127432 -0.168337 0)
(-0.121145 -0.170879 0)
(-0.114562 -0.172544 0)
(-0.107717 -0.173284 0)
(-0.100647 -0.173056 0)
(-0.0933941 -0.171826 0)
(-0.0860058 -0.169565 0)
(-0.0785333 -0.166252 0)
(-0.0710325 -0.161876 0)
(-0.063563 -0.156435 0)
(-0.0561878 -0.149938 0)
(-0.0489733 -0.142404 0)
(-0.0419878 -0.133866 0)
(-0.0353017 -0.124364 0)
(-0.0289861 -0.113953 0)
(-0.0231122 -0.102696 0)
(-0.0177504 -0.0906677 0)
(-0.0129698 -0.077951 0)
(-0.00883771 -0.0646365 0)
(-0.00541695 -0.0508212 0)
(-0.00275878 -0.036606 0)
(-0.000933795 -0.0220939 0)
(-0.00012089 -0.0073903 0)
(-4.73563e-05 0.00624605 0)
(-0.00035587 0.0179877 0)
(-0.00104018 0.028999 0)
(-0.00202896 0.0393003 0)
(-0.0032949 0.0489133 0)
(-0.00482088 0.0578607 0)
(-0.00658798 0.0661666 0)
(-0.00857781 0.0738551 0)
(-0.0107733 0.0809509 0)
(-0.0131584 0.0874783 0)
(-0.0157181 0.0934616 0)
(-0.0184383 0.0989245 0)
(-0.0213058 0.10389 0)
(-0.0243083 0.10838 0)
(-0.0274341 0.112416 0)
(-0.0306724 0.116018 0)
(-0.0340133 0.119206 0)
(-0.0374472 0.121995 0)
(-0.0409654 0.124404 0)
(-0.0445596 0.126447 0)
(-0.0482223 0.128137 0)
(-0.0519461 0.129487 0)
(-0.0557243 0.130508 0)
(-0.0595507 0.131209 0)
(-0.063419 0.131599 0)
(-0.0673237 0.131684 0)
(-0.0712593 0.13147 0)
(-0.0752203 0.130963 0)
(-0.0792018 0.130165 0)
(-0.0831985 0.129079 0)
(-0.0872056 0.127706 0)
(-0.091218 0.126049 0)
(-0.0952307 0.124106 0)
(-0.0992384 0.121878 0)
(-0.103236 0.119364 0)
(-0.107218 0.116562 0)
(-0.111178 0.11347 0)
(-0.115111 0.110088 0)
(-0.119011 0.106412 0)
(-0.12287 0.102442 0)
(-0.126681 0.0981752 0)
(-0.130437 0.0936107 0)
(-0.134131 0.0887473 0)
(-0.137752 0.0835846 0)
(-0.141293 0.0781227 0)
(-0.144744 0.0723627 0)
(-0.148094 0.0663063 0)
(-0.151333 0.0599565 0)
(-0.154449 0.0533173 0)
(-0.15743 0.0463943 0)
(-0.160264 0.0391943 0)
(-0.162937 0.0317258 0)
(-0.165436 0.0239991 0)
(-0.167746 0.0160266 0)
(-0.169852 0.00782235 0)
(-0.17174 -0.00059715 0)
(-0.173394 -0.00921167 0)
(-0.174799 -0.0180014 0)
(-0.175938 -0.0269447 0)
(-0.176798 -0.0360169 0)
(-0.177362 -0.0451902 0)
(-0.177614 -0.0544332 0)
(-0.17754 -0.0637118 0)
(-0.177124 -0.0729881 0)
(-0.176352 -0.0822211 0)
(-0.175211 -0.0913667 0)
(-0.173689 -0.100377 0)
(-0.171774 -0.109203 0)
(-0.169457 -0.117789 0)
(-0.166731 -0.12608 0)
(-0.163591 -0.134018 0)
(-0.160033 -0.141542 0)
(-0.156059 -0.14859 0)
(-0.15167 -0.155098 0)
(-0.146873 -0.161003 0)
(-0.141679 -0.16624 0)
(-0.136101 -0.170747 0)
(-0.130159 -0.17446 0)
(-0.123874 -0.177322 0)
(-0.117275 -0.179276 0)
(-0.110394 -0.180269 0)
(-0.103267 -0.180255 0)
(-0.095938 -0.179194 0)
(-0.0884533 -0.177052 0)
(-0.0808651 -0.173805 0)
(-0.0732302 -0.169436 0)
(-0.0656096 -0.163939 0)
(-0.0580684 -0.157322 0)
(-0.0506752 -0.149599 0)
(-0.0435013 -0.1408 0)
(-0.0366201 -0.130965 0)
(-0.0301065 -0.120148 0)
(-0.024036 -0.108411 0)
(-0.0184834 -0.095832 0)
(-0.0135229 -0.0824937 0)
(-0.00922673 -0.06849 0)
(-0.00566312 -0.0539207 0)
(-0.0028884 -0.0388906 0)
(-0.000979511 -0.0235064 0)
(-0.000127339 -0.00787754 0)
(-4.61133e-05 0.0064258 0)
(-0.000346985 0.0185017 0)
(-0.00101484 0.0298237 0)
(-0.00198051 0.0404137 0)
(-0.00321771 0.0502946 0)
(-0.00471005 0.0594904 0)
(-0.00643934 0.0680262 0)
(-0.00838787 0.0759275 0)
(-0.0105391 0.0832197 0)
(-0.0128777 0.0899283 0)
(-0.015389 0.0960784 0)
(-0.0180594 0.101695 0)
(-0.020876 0.106801 0)
(-0.0238269 0.11142 0)
(-0.0269007 0.115574 0)
(-0.030087 0.119284 0)
(-0.0333759 0.122569 0)
(-0.0367582 0.125447 0)
(-0.0402255 0.127937 0)
(-0.0437697 0.130052 0)
(-0.0473833 0.131808 0)
(-0.0510593 0.133217 0)
(-0.0547912 0.134289 0)
(-0.0585728 0.135037 0)
(-0.0623983 0.135466 0)
(-0.0662622 0.135586 0)
(-0.0701591 0.135402 0)
(-0.0740841 0.134919 0)
(-0.0780322 0.13414 0)
(-0.0819985 0.133068 0)
(-0.0859783 0.131706 0)
(-0.0899668 0.130053 0)
(-0.0939592 0.12811 0)
(-0.0979507 0.125876 0)
(-0.101936 0.123351 0)
(-0.10591 0.120533 0)
(-0.109868 0.117419 0)
(-0.113803 0.114009 0)
(-0.11771 0.110299 0)
(-0.121582 0.106287 0)
(-0.125412 0.101972 0)
(-0.129193 0.0973517 0)
(-0.132917 0.0924241 0)
(-0.136576 0.0871885 0)
(-0.140161 0.0816445 0)
(-0.143663 0.0757925 0)
(-0.147071 0.0696336 0)
(-0.150375 0.0631702 0)
(-0.153563 0.0564058 0)
(-0.156624 0.0493451 0)
(-0.159545 0.0419945 0)
(-0.162312 0.0343619 0)
(-0.164911 0.0264571 0)
(-0.167329 0.0182917 0)
(-0.16955 0.00987951 0)
(-0.17156 0.00123689 0)
(-0.17334 -0.00761741 0)
(-0.174876 -0.0166619 0)
(-0.176152 -0.0258755 0)
(-0.177153 -0.035234 0)
(-0.177861 -0.0447094 0)
(-0.178261 -0.0542704 0)
(-0.178336 -0.0638825 0)
(-0.178071 -0.0735074 0)
(-0.177451 -0.0831034 0)
(-0.17646 -0.0926253 0)
(-0.175086 -0.102025 0)
(-0.173316 -0.111249 0)
(-0.171141 -0.120244 0)
(-0.16855 -0.128951 0)
(-0.165538 -0.137309 0)
(-0.162099 -0.145255 0)
(-0.158234 -0.152724 0)
(-0.153943 -0.159649 0)
(-0.149232 -0.165964 0)
(-0.144109 -0.171599 0)
(-0.138587 -0.176488 0)
(-0.132683 -0.180564 0)
(-0.126419 -0.183763 0)
(-0.119821 -0.186025 0)
(-0.112922 -0.187292 0)
(-0.105757 -0.187512 0)
(-0.0983686 -0.18664 0)
(-0.0908044 -0.184638 0)
(-0.0831166 -0.181475 0)
(-0.0753627 -0.177131 0)
(-0.0676051 -0.171597 0)
(-0.0599105 -0.164872 0)
(-0.0523497 -0.156972 0)
(-0.0449966 -0.147921 0)
(-0.037928 -0.137759 0)
(-0.0312226 -0.126537 0)
(-0.0249598 -0.114319 0)
(-0.0192193 -0.101181 0)
(-0.0140801 -0.0872084 0)
(-0.00962006 -0.0724973 0)
(-0.00591291 -0.0571504 0)
(-0.00302041 -0.0412759 0)
(-0.00102628 -0.0249842 0)
(-0.000133995 -0.00838862 0)
(-4.47592e-05 0.00660077 0)
(-0.000337294 0.0190025 0)
(-0.000987179 0.0306278 0)
(-0.00192759 0.0415 0)
(-0.00313333 0.0516431 0)
(-0.0045888 0.0610826 0)
(-0.00627656 0.0698444 0)
(-0.00817963 0.0779549 0)
(-0.0102822 0.0854407 0)
(-0.0125693 0.0923282 0)
(-0.0150269 0.0986433 0)
(-0.0176419 0.104411 0)
(-0.0204017 0.109657 0)
(-0.0232948 0.114405 0)
(-0.0263103 0.118676 0)
(-0.0294378 0.122494 0)
(-0.0326679 0.125877 0)
(-0.0359917 0.128845 0)
(-0.0394007 0.131415 0)
(-0.0428873 0.133604 0)
(-0.0464442 0.135427 0)
(-0.0500646 0.136895 0)
(-0.0537421 0.138021 0)
(-0.0574708 0.138816 0)
(-0.0612451 0.139288 0)
(-0.0650596 0.139445 0)
(-0.0689093 0.139292 0)
(-0.0727894 0.138836 0)
(-0.0766951 0.138079 0)
(-0.0806219 0.137025 0)
(-0.0845652 0.135675 0)
(-0.0885205 0.13403 0)
(-0.0924833 0.13209 0)
(-0.0964489 0.129855 0)
(-0.100413 0.127323 0)
(-0.10437 0.124493 0)
(-0.108314 0.121363 0)
(-0.112242 0.117929 0)
(-0.116146 0.114191 0)
(-0.120021 0.110144 0)
(-0.12386 0.105786 0)
(-0.127656 0.101116 0)
(-0.131401 0.0961306 0)
(-0.135088 0.0908288 0)
(-0.138708 0.0852095 0)
(-0.142252 0.0792725 0)
(-0.145709 0.0730184 0)
(-0.14907 0.0664488 0)
(-0.152323 0.0595665 0)
(-0.155455 0.0523757 0)
(-0.158455 0.044882 0)
(-0.16131 0.0370926 0)
(-0.164004 0.0290168 0)
(-0.166525 0.0206656 0)
(-0.168855 0.0120522 0)
(-0.170981 0.00319258 0)
(-0.172885 -0.00589515 0)
(-0.17455 -0.0151889 0)
(-0.175961 -0.0246679 0)
(-0.177102 -0.0343082 0)
(-0.177955 -0.044082 0)
(-0.178503 -0.053958 0)
(-0.178731 -0.0639015 0)
(-0.17862 -0.0738737 0)
(-0.178155 -0.0838323 0)
(-0.17732 -0.0937313 0)
(-0.176101 -0.103521 0)
(-0.174485 -0.113148 0)
(-0.172459 -0.122556 0)
(-0.170014 -0.131683 0)
(-0.167141 -0.140469 0)
(-0.163835 -0.148846 0)
(-0.160093 -0.156746 0)
(-0.155915 -0.164101 0)
(-0.151305 -0.170838 0)
(-0.146269 -0.176886 0)
(-0.14082 -0.182173 0)
(-0.134973 -0.186628 0)
(-0.128748 -0.190184 0)
(-0.122172 -0.192773 0)
(-0.115273 -0.194334 0)
(-0.10809 -0.194808 0)
(-0.100662 -0.194147 0)
(-0.0930365 -0.192304 0)
(-0.0852671 -0.189246 0)
(-0.0774114 -0.184947 0)
(-0.0695326 -0.179392 0)
(-0.0616992 -0.172577 0)
(-0.0539838 -0.164513 0)
(-0.046463 -0.155221 0)
(-0.0392166 -0.144739 0)
(-0.032327 -0.133116 0)
(-0.0258779 -0.120415 0)
(-0.0199536 -0.106712 0)
(-0.0146384 -0.0920937 0)
(-0.0100158 -0.0766582 0)
(-0.00616518 -0.0605109 0)
(-0.00315428 -0.0437629 0)
(-0.00107393 -0.0265283 0)
(-0.000140842 -0.00892406 0)
(-4.3299e-05 0.00677055 0)
(-0.000326833 0.0194888 0)
(-0.000957299 0.0314094 0)
(-0.00187038 0.0425568 0)
(-0.00304205 0.0529561 0)
(-0.00445751 0.0626338 0)
(-0.00610015 0.071617 0)
(-0.00795372 0.079933 0)
(-0.0100031 0.0876093 0)
(-0.0122339 0.094673 0)
(-0.0146327 0.101151 0)
(-0.0171867 0.107069 0)
(-0.019884 0.112454 0)
(-0.0227133 0.117328 0)
(-0.025664 0.121717 0)
(-0.0287262 0.125641 0)
(-0.0318906 0.129123 0)
(-0.0351487 0.13218 0)
(-0.0384922 0.134832 0)
(-0.0419137 0.137096 0)
(-0.0454061 0.138985 0)
(-0.0489629 0.140514 0)
(-0.0525779 0.141696 0)
(-0.0562453 0.14254 0)
(-0.0599598 0.143055 0)
(-0.0637163 0.143251 0)
(-0.06751 0.143132 0)
(-0.0713361 0.142705 0)
(-0.0751902 0.141972 0)
(-0.0790681 0.140938 0)
(-0.0829653 0.139604 0)
(-0.0868778 0.137971 0)
(-0.0908011 0.136038 0)
(-0.094731 0.133805 0)
(-0.098663 0.131271 0)
(-0.102592 0.128434 0)
(-0.106514 0.125291 0)
(-0.110424 0.12184 0)
(-0.114315 0.118078 0)
(-0.118183 0.114001 0)
(-0.12202 0.109607 0)
(-0.125821 0.104893 0)
(-0.129578 0.0998567 0)
(-0.133282 0.0944955 0)
(-0.136927 0.088808 0)
(-0.140503 0.0827934 0)
(-0.144 0.0764515 0)
(-0.147408 0.0697833 0)
(-0.150715 0.062791 0)
(-0.153911 0.0554779 0)
(-0.156983 0.047849 0)
(-0.159916 0.0399109 0)
(-0.162699 0.0316719 0)
(-0.165315 0.0231426 0)
(-0.167749 0.0143356 0)
(-0.169986 0.00526608 0)
(-0.172009 -0.00404826 0)
(-0.1738 -0.013585 0)
(-0.175343 -0.0233236 0)
(-0.176622 -0.0332404 0)
(-0.177619 -0.0433079 0)
(-0.178317 -0.0534948 0)
(-0.178697 -0.0637663 0)
(-0.178742 -0.0740834 0)
(-0.178436 -0.0844032 0)
(-0.177762 -0.0946789 0)
(-0.176704 -0.10486 0)
(-0.175248 -0.114891 0)
(-0.173381 -0.124715 0)
(-0.171091 -0.134269 0)
(-0.168369 -0.143487 0)
(-0.165207 -0.152303 0)
(-0.161602 -0.160644 0)
(-0.157552 -0.168438 0)
(-0.153059 -0.175609 0)
(-0.148128 -0.182083 0)
(-0.14277 -0.187784 0)
(-0.136999 -0.192635 0)
(-0.130833 -0.196565 0)
(-0.124297 -0.1995 0)
(-0.117421 -0.201374 0)
(-0.110238 -0.202124 0)
(-0.102791 -0.201694 0)
(-0.0951257 -0.200033 0)
(-0.0872945 -0.1971 0)
(-0.0793558 -0.192866 0)
(-0.0713739 -0.187309 0)
(-0.0634183 -0.180421 0)
(-0.0555634 -0.172208 0)
(-0.0478883 -0.162689 0)
(-0.0404757 -0.151895 0)
(-0.0334116 -0.139876 0)
(-0.0267839 -0.126693 0)
(-0.0206817 -0.11242 0)
(-0.0151945 -0.097147 0)
(-0.0104116 -0.0809716 0)
(-0.00641861 -0.0640019 0)
(-0.00328935 -0.0463521 0)
(-0.00112227 -0.0281395 0)
(-0.000147859 -0.00948432 0)
(-4.17386e-05 0.00693477 0)
(-0.000315643 0.0199598 0)
(-0.000925314 0.0321669 0)
(-0.0018091 0.0435817 0)
(-0.00294419 0.0542306 0)
(-0.00431664 0.0641409 0)
(-0.00591069 0.0733405 0)
(-0.00771087 0.0818578 0)
(-0.00970273 0.0897209 0)
(-0.0118726 0.0969578 0)
(-0.0142075 0.103596 0)
(-0.0166952 0.109663 0)
(-0.0193243 0.115184 0)
(-0.0220837 0.120185 0)
(-0.0249634 0.124689 0)
(-0.0279536 0.12872 0)
(-0.0310456 0.132299 0)
(-0.0342308 0.135446 0)
(-0.0375014 0.13818 0)
(-0.0408502 0.140518 0)
(-0.0442704 0.142476 0)
(-0.0477555 0.144067 0)
(-0.0512997 0.145304 0)
(-0.0548975 0.146198 0)
(-0.0585436 0.146759 0)
(-0.0622332 0.146995 0)
(-0.0659616 0.146912 0)
(-0.0697245 0.146516 0)
(-0.0735177 0.145811 0)
(-0.077337 0.1448 0)
(-0.0811784 0.143484 0)
(-0.085038 0.141866 0)
(-0.0889118 0.139943 0)
(-0.0927957 0.137717 0)
(-0.0966855 0.135185 0)
(-0.100577 0.132345 0)
(-0.104465 0.129194 0)
(-0.108346 0.12573 0)
(-0.112214 0.12195 0)
(-0.116063 0.117849 0)
(-0.119888 0.113424 0)
(-0.123683 0.108673 0)
(-0.127439 0.103592 0)
(-0.131151 0.0981784 0)
(-0.13481 0.0924299 0)
(-0.138407 0.086345 0)
(-0.141933 0.0799231 0)
(-0.145378 0.0731643 0)
(-0.148731 0.06607 0)
(-0.151981 0.0586429 0)
(-0.155114 0.0508872 0)
(-0.158119 0.0428086 0)
(-0.16098 0.034415 0)
(-0.163684 0.0257159 0)
(-0.166215 0.0167234 0)
(-0.168557 0.00745205 0)
(-0.170694 -0.00208128 0)
(-0.172606 -0.011854 0)
(-0.174278 -0.0218455 0)
(-0.175692 -0.0320325 0)
(-0.176831 -0.0423878 0)
(-0.177676 -0.0528806 0)
(-0.17821 -0.0634757 0)
(-0.178413 -0.0741341 0)
(-0.178269 -0.0848124 0)
(-0.177759 -0.0954632 0)
(-0.176867 -0.106035 0)
(-0.175578 -0.116471 0)
(-0.173877 -0.126713 0)
(-0.171751 -0.136696 0)
(-0.16919 -0.146353 0)
(-0.166185 -0.155612 0)
(-0.16273 -0.164402 0)
(-0.158822 -0.172644 0)
(-0.154462 -0.180262 0)
(-0.149653 -0.187174 0)
(-0.144404 -0.193302 0)
(-0.138728 -0.198565 0)
(-0.132641 -0.202885 0)
(-0.126167 -0.206185 0)
(-0.119334 -0.208392 0)
(-0.112175 -0.209438 0)
(-0.104731 -0.20926 0)
(-0.0970465 -0.207802 0)
(-0.0891749 -0.205017 0)
(-0.0811742 -0.200868 0)
(-0.0731091 -0.19533 0)
(-0.06505 -0.188388 0)
(-0.057073 -0.180043 0)
(-0.0492592 -0.170309 0)
(-0.0416942 -0.159216 0)
(-0.0344673 -0.146808 0)
(-0.0276707 -0.133145 0)
(-0.0213981 -0.118301 0)
(-0.0157444 -0.102365 0)
(-0.0108049 -0.0854353 0)
(-0.0066717 -0.0676226 0)
(-0.00342491 -0.0490435 0)
(-0.00117107 -0.0298181 0)
(-0.000155021 -0.0100697 0)
(-4.0085e-05 0.00709305 0)
(-0.00030377 0.0204143 0)
(-0.000891354 0.0328986 0)
(-0.00174398 0.0445727 0)
(-0.00284014 0.055464 0)
(-0.00416672 0.0656005 0)
(-0.00570887 0.0750112 0)
(-0.00745193 0.0837251 0)
(-0.00938215 0.091771 0)
(-0.0114865 0.0991777 0)
(-0.0137526 0.105974 0)
(-0.0161688 0.112186 0)
(-0.018724 0.117842 0)
(-0.0214077 0.122967 0)
(-0.0242101 0.127587 0)
(-0.0271219 0.131724 0)
(-0.0301345 0.1354 0)
(-0.0332398 0.138636 0)
(-0.0364303 0.141452 0)
(-0.0396988 0.143865 0)
(-0.0430388 0.14589 0)
(-0.0464442 0.147544 0)
(-0.0499093 0.148838 0)
(-0.0534288 0.149783 0)
(-0.0569977 0.150391 0)
(-0.0606114 0.150669 0)
(-0.0642655 0.150623 0)
(-0.0679558 0.150261 0)
(-0.0716783 0.149585 0)
(-0.0754292 0.148599 0)
(-0.0792048 0.147305 0)
(-0.0830014 0.145704 0)
(-0.0868151 0.143796 0)
(-0.0906424 0.141579 0)
(-0.0944792 0.139053 0)
(-0.0983217 0.136214 0)
(-0.102166 0.13306 0)
(-0.106006 0.129589 0)
(-0.109839 0.125795 0)
(-0.113659 0.121675 0)
(-0.11746 0.117227 0)
(-0.121237 0.112444 0)
(-0.124982 0.107325 0)
(-0.128689 0.101866 0)
(-0.132351 0.0960639 0)
(-0.135958 0.0899165 0)
(-0.139502 0.0834224 0)
(-0.142973 0.0765811 0)
(-0.146361 0.0693933 0)
(-0.149653 0.0618609 0)
(-0.152839 0.0539871 0)
(-0.155904 0.045777 0)
(-0.158836 0.0372375 0)
(-0.161619 0.0283776 0)
(-0.164239 0.0192085 0)
(-0.166678 0.00974405 0)
(-0.168922 5.75049e-07 0)
(-0.17095 -0.0100006 0)
(-0.172745 -0.0202373 0)
(-0.174291 -0.0306873 0)
(-0.175569 -0.0413238 0)
(-0.17656 -0.0521162 0)
(-0.177245 -0.0630295 0)
(-0.177607 -0.0740244 0)
(-0.177625 -0.0850574 0)
(-0.177283 -0.0960803 0)
(-0.176561 -0.107041 0)
(-0.175444 -0.117881 0)
(-0.173916 -0.128542 0)
(-0.171963 -0.138955 0)
(-0.169573 -0.149054 0)
(-0.166735 -0.158763 0)
(-0.163443 -0.168007 0)
(-0.159691 -0.176706 0)
(-0.155479 -0.184778 0)
(-0.150809 -0.192141 0)
(-0.145688 -0.198709 0)
(-0.140126 -0.204399 0)
(-0.134139 -0.209125 0)
(-0.127749 -0.212807 0)
(-0.120981 -0.215366 0)
(-0.113869 -0.216728 0)
(-0.106451 -0.216822 0)
(-0.0987717 -0.215589 0)
(-0.0908831 -0.212973 0)
(-0.0828433 -0.208932 0)
(-0.074717 -0.203433 0)
(-0.0665754 -0.196458 0)
(-0.0584958 -0.187999 0)
(-0.0505612 -0.178068 0)
(-0.0428598 -0.166687 0)
(-0.0354841 -0.1539 0)
(-0.0285303 -0.139762 0)
(-0.0220968 -0.124347 0)
(-0.0162838 -0.107741 0)
(-0.0111929 -0.0900456 0)
(-0.00692269 -0.0713711 0)
(-0.00356008 -0.0518364 0)
(-0.00122004 -0.0315642 0)
(-0.000162297 -0.0106805 0)
(-3.83458e-05 0.00724505 0)
(-0.000291267 0.0208513 0)
(-0.000855566 0.033603 0)
(-0.00167532 0.0455277 0)
(-0.00273031 0.0566537 0)
(-0.00400835 0.0670098 0)
(-0.00549546 0.0766257 0)
(-0.00717784 0.085531 0)
(-0.00904247 0.0937554 0)
(-0.011077 0.101328 0)
(-0.0132696 0.108278 0)
(-0.0156091 0.114634 0)
(-0.018085 0.120423 0)
(-0.0206872 0.125671 0)
(-0.0234062 0.130403 0)
(-0.0262331 0.134645 0)
(-0.0291597 0.138417 0)
(-0.0321781 0.141742 0)
(-0.035281 0.144639 0)
(-0.0384616 0.147127 0)
(-0.0417137 0.149221 0)
(-0.0450312 0.150937 0)
(-0.0484089 0.152288 0)
(-0.0518415 0.153287 0)
(-0.0553243 0.153942 0)
(-0.058853 0.154263 0)
(-0.0624233 0.154256 0)
(-0.0660314 0.153929 0)
(-0.0696735 0.153284 0)
(-0.0733461 0.152326 0)
(-0.0770455 0.151056 0)
(-0.0807685 0.149476 0)
(-0.0845116 0.147584 0)
(-0.0882714 0.145381 0)
(-0.0920442 0.142864 0)
(-0.0958265 0.140031 0)
(-0.0996143 0.136879 0)
(-0.103403 0.133404 0)
(-0.10719 0.129602 0)
(-0.110968 0.12547 0)
(-0.114733 0.121002 0)
(-0.11848 0.116195 0)
(-0.122202 0.111045 0)
(-0.125893 0.105547 0)
(-0.129545 0.0996985 0)
(-0.13315 0.0934962 0)
(-0.1367 0.086938 0)
(-0.140186 0.0800226 0)
(-0.143596 0.0727499 0)
(-0.14692 0.065121 0)
(-0.150147 0.0571382 0)
(-0.153263 0.0488059 0)
(-0.156254 0.0401301 0)
(-0.159107 0.0311188 0)
(-0.161806 0.0217826 0)
(-0.164335 0.0121344 0)
(-0.166677 0.00219019 0)
(-0.168814 -0.00803053 0)
(-0.170727 -0.0185041 0)
(-0.172399 -0.0292089 0)
(-0.173811 -0.0401189 0)
(-0.174945 -0.0512037 0)
(-0.175781 -0.0624285 0)
(-0.1763 -0.0737541 0)
(-0.176481 -0.0851365 0)
(-0.176307 -0.0965273 0)
(-0.175759 -0.107873 0)
(-0.174818 -0.119116 0)
(-0.173469 -0.130194 0)
(-0.171695 -0.141039 0)
(-0.169485 -0.15158 0)
(-0.166825 -0.161742 0)
(-0.163707 -0.171446 0)
(-0.160126 -0.180608 0)
(-0.156078 -0.189143 0)
(-0.151563 -0.196966 0)
(-0.146588 -0.203986 0)
(-0.14116 -0.210114 0)
(-0.135294 -0.215263 0)
(-0.12901 -0.219343 0)
(-0.122331 -0.222272 0)
(-0.115289 -0.223969 0)
(-0.107922 -0.224357 0)
(-0.100273 -0.22337 0)
(-0.0923924 -0.220945 0)
(-0.0843382 -0.217034 0)
(-0.0761749 -0.211598 0)
(-0.0679739 -0.20461 0)
(-0.0598137 -0.196058 0)
(-0.0517786 -0.185946 0)
(-0.0439592 -0.174293 0)
(-0.036451 -0.161138 0)
(-0.0293538 -0.146532 0)
(-0.0227709 -0.130548 0)
(-0.0168079 -0.113269 0)
(-0.0115722 -0.0947976 0)
(-0.00716964 -0.0752441 0)
(-0.00369391 -0.0547291 0)
(-0.00126888 -0.0333772 0)
(-0.000169651 -0.0113166 0)
(-3.65296e-05 0.00739048 0)
(-0.000278193 0.0212701 0)
(-0.000818114 0.0342787 0)
(-0.0016034 0.0464448 0)
(-0.00261518 0.0577973 0)
(-0.00384218 0.0683659 0)
(-0.00527134 0.0781807 0)
(-0.00688968 0.087272 0)
(-0.00868495 0.0956701 0)
(-0.0106455 0.103405 0)
(-0.01276 0.110506 0)
(-0.015018 0.117002 0)
(-0.0174093 0.12292 0)
(-0.0199242 0.128289 0)
(-0.0225539 0.133133 0)
(-0.0252897 0.137477 0)
(-0.0281235 0.141345 0)
(-0.0310481 0.144757 0)
(-0.0340562 0.147735 0)
(-0.0371414 0.150297 0)
(-0.0402976 0.15246 0)
(-0.0435192 0.154239 0)
(-0.046801 0.155648 0)
(-0.050138 0.156699 0)
(-0.0535259 0.157402 0)
(-0.0569604 0.157768 0)
(-0.0604375 0.157802 0)
(-0.0639537 0.157511 0)
(-0.0675054 0.156899 0)
(-0.0710894 0.155971 0)
(-0.0747023 0.154728 0)
(-0.0783411 0.15317 0)
(-0.0820027 0.151298 0)
(-0.0856838 0.149112 0)
(-0.0893813 0.146608 0)
(-0.0930918 0.143784 0)
(-0.0968118 0.140637 0)
(-0.100537 0.137164 0)
(-0.104265 0.133359 0)
(-0.10799 0.129219 0)
(-0.111707 0.124739 0)
(-0.115411 0.119913 0)
(-0.119097 0.114738 0)
(-0.122759 0.109209 0)
(-0.126389 0.103321 0)
(-0.129979 0.0970717 0)
(-0.133523 0.0904576 0)
(-0.13701 0.0834766 0)
(-0.140431 0.0761279 0)
(-0.143775 0.0684116 0)
(-0.14703 0.0603294 0)
(-0.150185 0.0518846 0)
(-0.153225 0.0430822 0)
(-0.156137 0.0339296 0)
(-0.158906 0.0244363 0)
(-0.161514 0.0146145 0)
(-0.163946 0.00447921 0)
(-0.166183 -0.00595096 0)
(-0.168206 -0.0166521 0)
(-0.169998 -0.0276028 0)
(-0.17154 -0.0387775 0)
(-0.172812 -0.0501464 0)
(-0.173795 -0.061675 0)
(-0.174468 -0.0733241 0)
(-0.174812 -0.0850497 0)
(-0.174807 -0.0968028 0)
(-0.174433 -0.10853 0)
(-0.173672 -0.120171 0)
(-0.172506 -0.131664 0)
(-0.170919 -0.14294 0)
(-0.168895 -0.153924 0)
(-0.166423 -0.16454 0)
(-0.163491 -0.174706 0)
(-0.160093 -0.184335 0)
(-0.156223 -0.193341 0)
(-0.151881 -0.201631 0)
(-0.147069 -0.209113 0)
(-0.141795 -0.215692 0)
(-0.136071 -0.221276 0)
(-0.129915 -0.225771 0)
(-0.123349 -0.229087 0)
(-0.116404 -0.231137 0)
(-0.109113 -0.231839 0)
(-0.10152 -0.231119 0)
(-0.0936745 -0.228908 0)
(-0.0856326 -0.22515 0)
(-0.0774585 -0.219798 0)
(-0.0692238 -0.212819 0)
(-0.0610072 -0.204195 0)
(-0.0528944 -0.193922 0)
(-0.0449779 -0.182015 0)
(-0.0373558 -0.168505 0)
(-0.0301317 -0.153442 0)
(-0.0234132 -0.136893 0)
(-0.0173111 -0.118941 0)
(-0.0119393 -0.0996851 0)
(-0.00741031 -0.0792376 0)
(-0.00382527 -0.0577193 0)
(-0.00131723 -0.0352563 0)
(-0.00017704 -0.0119781 0)
(-3.4646e-05 0.00752906 0)
(-0.000264614 0.0216698 0)
(-0.000779177 0.0349244 0)
(-0.00152856 0.0473223 0)
(-0.00249528 0.0588927 0)
(-0.00366894 0.0696662 0)
(-0.00503744 0.0796732 0)
(-0.00658863 0.0889446 0)
(-0.00831101 0.0975112 0)
(-0.0101936 0.105403 0)
(-0.0122257 0.112651 0)
(-0.0143974 0.119283 0)
(-0.016699 0.125329 0)
(-0.0191214 0.130815 0)
(-0.0216558 0.135769 0)
(-0.0242942 0.140214 0)
(-0.0270289 0.144176 0)
(-0.0298526 0.147675 0)
(-0.0327588 0.150733 0)
(-0.0357411 0.153368 0)
(-0.0387937 0.155599 0)
(-0.0419112 0.157441 0)
(-0.0450887 0.158907 0)
(-0.0483215 0.160011 0)
(-0.0516054 0.160764 0)
(-0.0549364 0.161174 0)
(-0.0583109 0.16125 0)
(-0.0617254 0.160997 0)
(-0.0651767 0.16042 0)
(-0.0686617 0.159523 0)
(-0.0721776 0.158308 0)
(-0.0757214 0.156776 0)
(-0.0792903 0.154927 0)
(-0.0828815 0.15276 0)
(-0.0864921 0.150272 0)
(-0.090119 0.147461 0)
(-0.0937592 0.144324 0)
(-0.0974092 0.140857 0)
(-0.101065 0.137054 0)
(-0.104724 0.132911 0)
(-0.10838 0.128424 0)
(-0.112029 0.123586 0)
(-0.115666 0.118392 0)
(-0.119285 0.112838 0)
(-0.12288 0.106919 0)
(-0.126443 0.10063 0)
(-0.129966 0.0939683 0)
(-0.133442 0.0869304 0)
(-0.13686 0.0795146 0)
(-0.140211 0.0717204 0)
(-0.143483 0.0635485 0)
(-0.146664 0.0550011 0)
(-0.149741 0.0460825 0)
(-0.1527 0.0367991 0)
(-0.155526 0.0271594 0)
(-0.158204 0.0171746 0)
(-0.160715 0.00685895 0)
(-0.163045 -0.00377019 0)
(-0.165169 -0.0146888 0)
(-0.167073 -0.0258754 0)
(-0.168737 -0.0373052 0)
(-0.170142 -0.0489489 0)
(-0.171267 -0.0607724 0)
(-0.172091 -0.0727367 0)
(-0.172595 -0.0847977 0)
(-0.172758 -0.0969063 0)
(-0.172559 -0.109008 0)
(-0.171979 -0.121043 0)
(-0.171 -0.132947 0)
(-0.169603 -0.14465 0)
(-0.167774 -0.156076 0)
(-0.165497 -0.167146 0)
(-0.162762 -0.177775 0)
(-0.159559 -0.187876 0)
(-0.155881 -0.197356 0)
(-0.151726 -0.20612 0)
(-0.147096 -0.214071 0)
(-0.141996 -0.221112 0)
(-0.136436 -0.227143 0)
(-0.130431 -0.232065 0)
(-0.124003 -0.235784 0)
(-0.117178 -0.238205 0)
(-0.109991 -0.239241 0)
(-0.102483 -0.238808 0)
(-0.0947001 -0.236833 0)
(-0.086699 -0.233251 0)
(-0.0785425 -0.228007 0)
(-0.0703017 -0.221061 0)
(-0.0620554 -0.212387 0)
(-0.0538903 -0.201975 0)
(-0.0459001 -0.189832 0)
(-0.0381856 -0.175984 0)
(-0.0308534 -0.160475 0)
(-0.0240153 -0.143368 0)
(-0.0177875 -0.124744 0)
(-0.01229 -0.1047 0)
(-0.00764222 -0.0833459 0)
(-0.00395293 -0.0608037 0)
(-0.00136466 -0.0371997 0)
(-0.000184414 -0.0126646 0)
(-3.27055e-05 0.00766053 0)
(-0.0002506 0.0220497 0)
(-0.000738955 0.0355391 0)
(-0.00145118 0.0481585 0)
(-0.00237117 0.059938 0)
(-0.00348945 0.0709082 0)
(-0.0047948 0.0811004 0)
(-0.00627596 0.0905456 0)
(-0.00792217 0.099275 0)
(-0.0097231 0.10732 0)
(-0.0116688 0.11471 0)
(-0.0137497 0.121475 0)
(-0.0159567 0.127644 0)
(-0.0182811 0.133245 0)
(-0.0207147 0.138306 0)
(-0.0232497 0.14285 0)
(-0.0258788 0.146903 0)
(-0.0285951 0.150487 0)
(-0.0313922 0.153624 0)
(-0.0342641 0.156332 0)
(-0.0372053 0.15863 0)
(-0.0402107 0.160534 0)
(-0.0432755 0.162058 0)
(-0.0463955 0.163216 0)
(-0.0495664 0.164017 0)
(-0.0527847 0.164473 0)
(-0.056047 0.164591 0)
(-0.0593499 0.164376 0)
(-0.0626907 0.163836 0)
(-0.0660664 0.162972 0)
(-0.0694745 0.161787 0)
(-0.0729123 0.160283 0)
(-0.0763773 0.158459 0)
(-0.0798671 0.156313 0)
(-0.083379 0.153845 0)
(-0.0869105 0.151051 0)
(-0.0904586 0.147927 0)
(-0.0940204 0.14447 0)
(-0.0975927 0.140674 0)
(-0.101172 0.136534 0)
(-0.104754 0.132044 0)
(-0.108335 0.1272 0)
(-0.111909 0.121994 0)
(-0.115472 0.116422 0)
(-0.119017 0.110479 0)
(-0.122539 0.104158 0)
(-0.126029 0.0974566 0)
(-0.129479 0.0903704 0)
(-0.132881 0.0828967 0)
(-0.136224 0.0750341 0)
(-0.139499 0.0667823 0)
(-0.142693 0.0581427 0)
(-0.145794 0.0491186 0)
(-0.148788 0.0397152 0)
(-0.15166 0.0299402 0)
(-0.154394 0.0198038 0)
(-0.156975 0.00931912 0)
(-0.159385 -0.00149777 0)
(-0.161601 -0.012623 0)
(-0.163608 -0.0240346 0)
(-0.165387 -0.0357089 0)
(-0.166917 -0.0476171 0)
(-0.168178 -0.0597256 0)
(-0.169149 -0.0719956 0)
(-0.169809 -0.0843831 0)
(-0.170137 -0.0968389 0)
(-0.170112 -0.109308 0)
(-0.169714 -0.12173 0)
(-0.168923 -0.13404 0)
(-0.167721 -0.146165 0)
(-0.166091 -0.15803 0)
(-0.164018 -0.169552 0)
(-0.161488 -0.180644 0)
(-0.15849 -0.191217 0)
(-0.155018 -0.201173 0)
(-0.151067 -0.210416 0)
(-0.146635 -0.218843 0)
(-0.141727 -0.226353 0)
(-0.136352 -0.232841 0)
(-0.130521 -0.238204 0)
(-0.124255 -0.242339 0)
(-0.117579 -0.245148 0)
(-0.110524 -0.246535 0)
(-0.103128 -0.24641 0)
(-0.0954385 -0.244692 0)
(-0.0875085 -0.241308 0)
(-0.0793999 -0.236196 0)
(-0.071183 -0.229307 0)
(-0.0629364 -0.220607 0)
(-0.0547468 -0.210078 0)
(-0.0467092 -0.19772 0)
(-0.0389262 -0.183553 0)
(-0.0315074 -0.167613 0)
(-0.0245685 -0.149959 0)
(-0.0182306 -0.130667 0)
(-0.0126198 -0.109832 0)
(-0.00786262 -0.087562 0)
(-0.00407547 -0.0639777 0)
(-0.00141071 -0.0392054 0)
(-0.000191716 -0.0133755 0)
(-3.07194e-05 0.00778471 0)
(-0.000236229 0.0224092 0)
(-0.000697662 0.0361216 0)
(-0.00137166 0.0489522 0)
(-0.00224348 0.0609313 0)
(-0.00330455 0.07209 0)
(-0.00454456 0.0824597 0)
(-0.00595308 0.092072 0)
(-0.0075201 0.100958 0)
(-0.00923597 0.10915 0)
(-0.0110913 0.116677 0)
(-0.0130772 0.123571 0)
(-0.015185 0.12986 0)
(-0.0174064 0.135573 0)
(-0.0197336 0.140737 0)
(-0.0221594 0.145378 0)
(-0.0246766 0.149521 0)
(-0.0272788 0.153188 0)
(-0.0299599 0.156402 0)
(-0.0327141 0.159181 0)
(-0.0355363 0.161545 0)
(-0.0384216 0.163511 0)
(-0.0413654 0.165092 0)
(-0.0443638 0.166302 0)
(-0.0474129 0.167153 0)
(-0.0505092 0.167655 0)
(-0.0536496 0.167815 0)
(-0.0568312 0.16764 0)
(-0.0600512 0.167136 0)
(-0.0633072 0.166307 0)
(-0.0665967 0.165154 0)
(-0.0699175 0.163679 0)
(-0.0732674 0.161882 0)
(-0.0766442 0.159761 0)
(-0.0800456 0.157315 0)
(-0.0834693 0.154541 0)
(-0.086913 0.151434 0)
(-0.0903739 0.147991 0)
(-0.0938493 0.144205 0)
(-0.097336 0.140073 0)
(-0.100831 0.135587 0)
(-0.104329 0.130741 0)
(-0.107827 0.12553 0)
(-0.11132 0.119947 0)
(-0.114802 0.113986 0)
(-0.118268 0.107641 0)
(-0.121709 0.100908 0)
(-0.12512 0.0937825 0)
(-0.128491 0.0862601 0)
(-0.131813 0.0783386 0)
(-0.135076 0.0700171 0)
(-0.138269 0.0612958 0)
(-0.14138 0.052177 0)
(-0.144394 0.0426649 0)
(-0.147299 0.0327661 0)
(-0.150077 0.0224898 0)
(-0.152714 0.0118482 0)
(-0.155192 0.000856474 0)
(-0.157491 -0.0104642 0)
(-0.159591 -0.0220894 0)
(-0.161475 -0.0339967 0)
(-0.163122 -0.0461581 0)
(-0.164512 -0.0585406 0)
(-0.165623 -0.0711057 0)
(-0.166434 -0.0838097 0)
(-0.166923 -0.0966031 0)
(-0.16707 -0.109431 0)
(-0.166852 -0.122232 0)
(-0.166251 -0.13494 0)
(-0.165246 -0.147482 0)
(-0.163819 -0.15978 0)
(-0.161954 -0.17175 0)
(-0.159637 -0.183303 0)
(-0.156856 -0.194346 0)
(-0.153601 -0.20478 0)
(-0.149867 -0.214503 0)
(-0.14565 -0.223411 0)
(-0.140954 -0.231396 0)
(-0.135784 -0.238349 0)
(-0.130151 -0.244162 0)
(-0.124072 -0.248727 0)
(-0.117571 -0.251937 0)
(-0.110676 -0.253692 0)
(-0.103423 -0.253894 0)
(-0.095858 -0.252453 0)
(-0.088031 -0.24929 0)
(-0.0800028 -0.244333 0)
(-0.071842 -0.237525 0)
(-0.0636266 -0.228824 0)
(-0.0554431 -0.218203 0)
(-0.0473871 -0.205653 0)
(-0.0395625 -0.191186 0)
(-0.0320814 -0.174833 0)
(-0.025063 -0.156645 0)
(-0.0186332 -0.136694 0)
(-0.0129238 -0.115069 0)
(-0.00806844 -0.0918772 0)
(-0.00419135 -0.0672357 0)
(-0.00145486 -0.0412703 0)
(-0.000198877 -0.0141101 0)
(-2.87003e-05 0.00790142 0)
(-0.000221585 0.0227479 0)
(-0.000655529 0.0366713 0)
(-0.00129042 0.0497022 0)
(-0.00211287 0.0618711 0)
(-0.00311517 0.0732095 0)
(-0.0042879 0.0837489 0)
(-0.00562146 0.0935211 0)
(-0.00710657 0.102558 0)
(-0.00873424 0.110891 0)
(-0.0104957 0.118551 0)
(-0.0123825 0.125568 0)
(-0.0143866 0.131973 0)
(-0.0165002 0.137794 0)
(-0.0187159 0.143059 0)
(-0.0210267 0.147793 0)
(-0.023426 0.152022 0)
(-0.0259076 0.15577 0)
(-0.0284658 0.159059 0)
(-0.0310952 0.161908 0)
(-0.0337908 0.164337 0)
(-0.036548 0.166363 0)
(-0.0393626 0.168 0)
(-0.0422308 0.169263 0)
(-0.0451491 0.170163 0)
(-0.0481142 0.17071 0)
(-0.0511233 0.170913 0)
(-0.0541736 0.170778 0)
(-0.0572628 0.170312 0)
(-0.0603885 0.169517 0)
(-0.0635487 0.168397 0)
(-0.0667415 0.166953 0)
(-0.0699648 0.165185 0)
(-0.0732169 0.163091 0)
(-0.0764958 0.16067 0)
(-0.0797995 0.157918 0)
(-0.0831261 0.154832 0)
(-0.0864733 0.151406 0)
(-0.0898387 0.147636 0)
(-0.0932196 0.143515 0)
(-0.0966129 0.139037 0)
(-0.100015 0.134196 0)
(-0.103423 0.128985 0)
(-0.106831 0.123397 0)
(-0.110236 0.117426 0)
(-0.11363 0.111065 0)
(-0.117009 0.104309 0)
(-0.120365 0.097152 0)
(-0.12369 0.0895899 0)
(-0.126976 0.0816194 0)
(-0.130213 0.0732383 0)
(-0.13339 0.0644459 0)
(-0.136495 0.0552435 0)
(-0.139516 0.0456342 0)
(-0.142439 0.0356235 0)
(-0.145248 0.0252195 0)
(-0.147927 0.0144332 0)
(-0.15046 0.00327907 0)
(-0.152829 -0.00822366 0)
(-0.155011 -0.02005 0)
(-0.156989 -0.0321781 0)
(-0.158744 -0.0445806 0)
(-0.160253 -0.057225 0)
(-0.161496 -0.0700736 0)
(-0.162451 -0.0830826 0)
(-0.163097 -0.0962028 0)
(-0.163411 -0.109379 0)
(-0.163372 -0.122549 0)
(-0.162958 -0.135646 0)
(-0.162151 -0.148597 0)
(-0.16093 -0.161321 0)
(-0.159278 -0.173733 0)
(-0.157181 -0.185743 0)
(-0.154624 -0.197253 0)
(-0.151597 -0.208162 0)
(-0.148093 -0.218367 0)
(-0.144108 -0.227756 0)
(-0.13964 -0.23622 0)
(-0.134696 -0.243644 0)
(-0.129283 -0.249915 0)
(-0.123417 -0.25492 0)
(-0.117118 -0.258545 0)
(-0.110412 -0.260682 0)
(-0.103335 -0.261228 0)
(-0.0959258 -0.260085 0)
(-0.0882355 -0.257163 0)
(-0.0803218 -0.252385 0)
(-0.0722517 -0.245683 0)
(-0.0641016 -0.237006 0)
(-0.0559574 -0.226318 0)
(-0.0479146 -0.213601 0)
(-0.0400782 -0.198859 0)
(-0.032562 -0.182112 0)
(-0.0254883 -0.163407 0)
(-0.0189873 -0.142807 0)
(-0.0131965 -0.120398 0)
(-0.00825632 -0.0962809 0)
(-0.00429882 -0.0705708 0)
(-0.00149651 -0.0433906 0)
(-0.000205822 -0.0148674 0)
(-2.66613e-05 0.00801056 0)
(-0.000206757 0.0230654 0)
(-0.000612803 0.0371875 0)
(-0.00120792 0.0504075 0)
(-0.00198004 0.0627563 0)
(-0.0029223 0.0742652 0)
(-0.00402612 0.084966 0)
(-0.0052827 0.0948906 0)
(-0.00668347 0.104071 0)
(-0.00822008 0.112539 0)
(-0.00988437 0.120326 0)
(-0.0116684 0.127462 0)
(-0.0135647 0.133978 0)
(-0.0155658 0.139903 0)
(-0.0176649 0.145264 0)
(-0.0198553 0.150088 0)
(-0.0221308 0.154402 0)
(-0.0244856 0.158228 0)
(-0.0269142 0.161589 0)
(-0.0294116 0.164506 0)
(-0.0319731 0.166998 0)
(-0.0345945 0.169083 0)
(-0.0372717 0.170775 0)
(-0.0400013 0.172089 0)
(-0.0427799 0.173037 0)
(-0.0456046 0.173629 0)
(-0.0484728 0.173874 0)
(-0.0513821 0.17378 0)
(-0.0543302 0.173351 0)
(-0.0573153 0.172593 0)
(-0.0603354 0.171507 0)
(-0.063389 0.170095 0)
(-0.0664744 0.168357 0)
(-0.06959 0.166292 0)
(-0.0727344 0.163898 0)
(-0.0759059 0.161171 0)
(-0.0791028 0.158108 0)
(-0.0823233 0.154703 0)
(-0.0855654 0.150952 0)
(-0.0888269 0.146847 0)
(-0.0921052 0.142382 0)
(-0.0953973 0.137551 0)
(-0.0987 0.132346 0)
(-0.102009 0.126759 0)
(-0.105321 0.120785 0)
(-0.10863 0.114415 0)
(-0.111931 0.107643 0)
(-0.115217 0.100464 0)
(-0.118481 0.092871 0)
(-0.121714 0.084861 0)
(-0.124909 0.0764305 0)
(-0.128054 0.0675778 0)
(-0.131138 0.0583032 0)
(-0.13415 0.0486084 0)
(-0.137076 0.038498 0)
(-0.139901 0.0279789 0)
(-0.142609 0.0170609 0)
(-0.145184 0.0057574 0)
(-0.147609 -0.00591397 0)
(-0.149859 -0.0179284 0)
(-0.15192 -0.0302641 0)
(-0.15377 -0.0428946 0)
(-0.155389 -0.0557881 0)
(-0.156755 -0.0689072 0)
(-0.157846 -0.0822088 0)
(-0.15864 -0.0956436 0)
(-0.159116 -0.109156 0)
(-0.159251 -0.122685 0)
(-0.159023 -0.136161 0)
(-0.158412 -0.14951 0)
(-0.157397 -0.162652 0)
(-0.155962 -0.175498 0)
(-0.154089 -0.187957 0)
(-0.151764 -0.199929 0)
(-0.148975 -0.21131 0)
(-0.145713 -0.221993 0)
(-0.141973 -0.231864 0)
(-0.137752 -0.240807 0)
(-0.133053 -0.248706 0)
(-0.127883 -0.255441 0)
(-0.122255 -0.260892 0)
(-0.116185 -0.264942 0)
(-0.109699 -0.267475 0)
(-0.102827 -0.268381 0)
(-0.0956084 -0.267553 0)
(-0.0880899 -0.264894 0)
(-0.0803268 -0.260317 0)
(-0.0723839 -0.253746 0)
(-0.0643356 -0.245119 0)
(-0.0562666 -0.23439 0)
(-0.0482717 -0.221533 0)
(-0.0404561 -0.206539 0)
(-0.032935 -0.189423 0)
(-0.0258332 -0.17022 0)
(-0.0192846 -0.148987 0)
(-0.013432 -0.125802 0)
(-0.00842256 -0.100761 0)
(-0.00439599 -0.0739744 0)
(-0.00153502 -0.0455616 0)
(-0.000212465 -0.0156459 0)
(-2.46169e-05 0.00811205 0)
(-0.000191841 0.0233615 0)
(-0.000569747 0.0376697 0)
(-0.00112465 0.0510675 0)
(-0.00184576 0.0635857 0)
(-0.00272698 0.0752557 0)
(-0.00376056 0.0861093 0)
(-0.00493845 0.0961785 0)
(-0.00625276 0.105495 0)
(-0.00769577 0.114092 0)
(-0.0092599 0.121999 0)
(-0.0109378 0.129249 0)
(-0.0127223 0.135871 0)
(-0.0146066 0.141894 0)
(-0.0165842 0.147348 0)
(-0.018649 0.152259 0)
(-0.020795 0.156653 0)
(-0.0230168 0.160554 0)
(-0.0253094 0.163985 0)
(-0.0276679 0.166967 0)
(-0.0300881 0.16952 0)
(-0.0325659 0.171662 0)
(-0.0350977 0.173407 0)
(-0.0376802 0.174771 0)
(-0.0403104 0.175766 0)
(-0.0429856 0.176403 0)
(-0.0457035 0.17669 0)
(-0.0484619 0.176635 0)
(-0.0512589 0.176245 0)
(-0.0540929 0.175522 0)
(-0.0569622 0.174471 0)
(-0.0598655 0.173092 0)
(-0.0628016 0.171386 0)
(-0.0657691 0.169351 0)
(-0.0687668 0.166986 0)
(-0.0717936 0.164287 0)
(-0.0748482 0.161249 0)
(-0.077929 0.157869 0)
(-0.0810346 0.154139 0)
(-0.084163 0.150055 0)
(-0.0873122 0.145608 0)
(-0.0904799 0.140791 0)
(-0.0936631 0.135597 0)
(-0.0968585 0.130018 0)
(-0.100062 0.124047 0)
(-0.10327 0.117675 0)
(-0.106477 0.110895 0)
(-0.109677 0.103702 0)
(-0.112864 0.0960874 0)
(-0.116029 0.0880475 0)
(-0.119165 0.0795778 0)
(-0.122262 0.0706756 0)
(-0.12531 0.06134 0)
(-0.128297 0.0515718 0)
(-0.131209 0.0413742 0)
(-0.134034 0.0307529 0)
(-0.136756 0.0197166 0)
(-0.139357 0.00827733 0)
(-0.141823 -0.00354899 0)
(-0.144128 -0.0157379 0)
(-0.146257 -0.0282673 0)
(-0.148191 -0.0411117 0)
(-0.149907 -0.0542403 0)
(-0.151385 -0.0676162 0)
(-0.152603 -0.0811967 0)
(-0.153538 -0.0949326 0)
(-0.154168 -0.108769 0)
(-0.15447 -0.122642 0)
(-0.154423 -0.136485 0)
(-0.154006 -0.150222 0)
(-0.153198 -0.16377 0)
(-0.15198 -0.177042 0)
(-0.150334 -0.189941 0)
(-0.148247 -0.202367 0)
(-0.145704 -0.214213 0)
(-0.142695 -0.225369 0)
(-0.139213 -0.235717 0)
(-0.135255 -0.24514 0)
(-0.13082 -0.253513 0)
(-0.125915 -0.260714 0)
(-0.120548 -0.266618 0)
(-0.114736 -0.271101 0)
(-0.108499 -0.274041 0)
(-0.101866 -0.275319 0)
(-0.0948719 -0.274822 0)
(-0.0875614 -0.272446 0)
(-0.0799867 -0.268092 0)
(-0.0722096 -0.261675 0)
(-0.064302 -0.253124 0)
(-0.0563467 -0.242382 0)
(-0.0484372 -0.229412 0)
(-0.0406781 -0.214196 0)
(-0.0331854 -0.196735 0)
(-0.0260857 -0.177057 0)
(-0.019516 -0.15521 0)
(-0.013624 -0.131262 0)
(-0.00856315 -0.105303 0)
(-0.00448074 -0.0774366 0)
(-0.00156965 -0.0477776 0)
(-0.000218708 -0.0164439 0)
(-2.25823e-05 0.00820588 0)
(-0.000176938 0.0236359 0)
(-0.000526636 0.0381177 0)
(-0.00104112 0.0516818 0)
(-0.00171079 0.0643588 0)
(-0.00253029 0.0761801 0)
(-0.00349262 0.0871774 0)
(-0.00459044 0.0973828 0)
(-0.00581651 0.106828 0)
(-0.00716369 0.115546 0)
(-0.00862497 0.123568 0)
(-0.0101935 0.130924 0)
(-0.0118627 0.137647 0)
(-0.0136261 0.143765 0)
(-0.0154777 0.149306 0)
(-0.0174117 0.154299 0)
(-0.0194228 0.15877 0)
(-0.0215057 0.162742 0)
(-0.0236558 0.16624 0)
(-0.0258687 0.169285 0)
(-0.0281403 0.171896 0)
(-0.030467 0.174092 0)
(-0.0328454 0.175889 0)
(-0.0352726 0.177301 0)
(-0.0377457 0.178342 0)
(-0.0402625 0.179022 0)
(-0.0428207 0.17935 0)
(-0.0454186 0.179335 0)
(-0.0480545 0.178982 0)
(-0.0507269 0.178296 0)
(-0.0534348 0.177279 0)
(-0.0561768 0.175934 0)
(-0.0589522 0.174261 0)
(-0.0617599 0.172257 0)
(-0.0645991 0.169922 0)
(-0.0674688 0.167253 0)
(-0.0703683 0.164243 0)
(-0.0732964 0.16089 0)
(-0.076252 0.157186 0)
(-0.0792337 0.153124 0)
(-0.0822398 0.148699 0)
(-0.0852685 0.143902 0)
(-0.0883175 0.138724 0)
(-0.091384 0.133159 0)
(-0.0944647 0.127196 0)
(-0.0975558 0.12083 0)
(-0.100653 0.11405 0)
(-0.103751 0.10685 0)
(-0.106844 0.099223 0)
(-0.109924 0.0911625 0)
(-0.112985 0.0826636 0)
(-0.116017 0.0737227 0)
(-0.119011 0.0643375 0)
(-0.121956 0.0545077 0)
(-0.124838 0.0442354 0)
(-0.127646 0.0335251 0)
(-0.130364 0.0223842 0)
(-0.132975 0.0108233 0)
(-0.135466 -0.00114364 0)
(-0.137811 -0.0134927 0)
(-0.139995 -0.0262011 0)
(-0.141998 -0.0392448 0)
(-0.143799 -0.0525936 0)
(-0.145376 -0.0662115 0)
(-0.146709 -0.0800562 0)
(-0.147774 -0.0940787 0)
(-0.148549 -0.108224 0)
(-0.149012 -0.122429 0)
(-0.14914 -0.136625 0)
(-0.148912 -0.150736 0)
(-0.148307 -0.164678 0)
(-0.147306 -0.178362 0)
(-0.14589 -0.19169 0)
(-0.144044 -0.20456 0)
(-0.141753 -0.216862 0)
(-0.139007 -0.228483 0)
(-0.135795 -0.239304 0)
(-0.132115 -0.2492 0)
(-0.127963 -0.258046 0)
(-0.123343 -0.265713 0)
(-0.118262 -0.272072 0)
(-0.112734 -0.276992 0)
(-0.106777 -0.280346 0)
(-0.100415 -0.282008 0)
(-0.0936816 -0.281857 0)
(-0.0866169 -0.27978 0)
(-0.0792698 -0.275669 0)
(-0.071699 -0.269431 0)
(-0.0639733 -0.260982 0)
(-0.0561727 -0.250256 0)
(-0.0483888 -0.237202 0)
(-0.0407251 -0.221792 0)
(-0.0332972 -0.204016 0)
(-0.0262329 -0.18389 0)
(-0.0196718 -0.16145 0)
(-0.0137656 -0.136756 0)
(-0.00867374 -0.10989 0)
(-0.00455082 -0.0809457 0)
(-0.0015996 -0.0500318 0)
(-0.000224441 -0.0172593 0)
(-2.05738e-05 0.00829208 0)
(-0.000162154 0.0238889 0)
(-0.00048376 0.0385315 0)
(-0.000957852 0.0522501 0)
(-0.00157596 0.0650751 0)
(-0.00233335 0.0770377 0)
(-0.00322374 0.0881694 0)
(-0.00424043 0.0985024 0)
(-0.00537679 0.108069 0)
(-0.00662624 0.1169 0)
(-0.00798229 0.125029 0)
(-0.00943861 0.132486 0)
(-0.0109891 0.139303 0)
(-0.0126277 0.145509 0)
(-0.014349 0.151134 0)
(-0.0161475 0.156204 0)
(-0.0180183 0.160747 0)
(-0.0199566 0.164787 0)
(-0.0219581 0.168348 0)
(-0.0240188 0.171452 0)
(-0.0261348 0.174119 0)
(-0.028303 0.176367 0)
(-0.0305202 0.178213 0)
(-0.0327838 0.179671 0)
(-0.0350913 0.180756 0)
(-0.0374407 0.181478 0)
(-0.0398301 0.181846 0)
(-0.0422578 0.181869 0)
(-0.0447226 0.181553 0)
(-0.0472234 0.180903 0)
(-0.0497591 0.179921 0)
(-0.052329 0.17861 0)
(-0.0549324 0.176969 0)
(-0.0575686 0.174998 0)
(-0.0602373 0.172695 0)
(-0.0629377 0.170056 0)
(-0.0656694 0.167077 0)
(-0.0684318 0.163753 0)
(-0.071224 0.160077 0)
(-0.0740452 0.156042 0)
(-0.0768942 0.151642 0)
(-0.0797696 0.146868 0)
(-0.0826695 0.141712 0)
(-0.0855918 0.136165 0)
(-0.0885339 0.130219 0)
(-0.0914924 0.123863 0)
(-0.0944636 0.11709 0)
(-0.0974429 0.109892 0)
(-0.100425 0.102261 0)
(-0.103404 0.094189 0)
(-0.106372 0.0856709 0)
(-0.109322 0.0767017 0)
(-0.112245 0.0672782 0)
(-0.115129 0.0573989 0)
(-0.117964 0.0470645 0)
(-0.120737 0.0362783 0)
(-0.123433 0.0250464 0)
(-0.126038 0.0133783 0)
(-0.128534 0.00128686 0)
(-0.130905 -0.0112078 0)
(-0.133127 -0.0240803 0)
(-0.135184 -0.0373079 0)
(-0.137055 -0.0508616 0)
(-0.138719 -0.0647059 0)
(-0.140153 -0.0787989 0)
(-0.141336 -0.0930922 0)
(-0.142246 -0.107531 0)
(-0.14286 -0.122051 0)
(-0.143155 -0.136585 0)
(-0.14311 -0.151055 0)
(-0.142704 -0.165376 0)
(-0.141918 -0.179458 0)
(-0.140731 -0.193202 0)
(-0.139129 -0.206504 0)
(-0.137095 -0.219251 0)
(-0.134618 -0.231327 0)
(-0.131688 -0.242609 0)
(-0.128299 -0.252972 0)
(-0.124447 -0.262285 0)
(-0.120133 -0.270415 0)
(-0.115362 -0.277227 0)
(-0.110145 -0.282587 0)
(-0.104497 -0.28636 0)
(-0.0984399 -0.288414 0)
(-0.092003 -0.288621 0)
(-0.0852226 -0.286858 0)
(-0.0781439 -0.28301 0)
(-0.0708216 -0.276972 0)
(-0.0633211 -0.268651 0)
(-0.0557189 -0.257967 0)
(-0.0481037 -0.244861 0)
(-0.040577 -0.229288 0)
(-0.0332536 -0.211228 0)
(-0.0262613 -0.190683 0)
(-0.0197415 -0.167678 0)
(-0.0138495 -0.142262 0)
(-0.00874966 -0.114503 0)
(-0.00460373 -0.0844881 0)
(-0.00162402 -0.0523161 0)
(-0.000229544 -0.0180896 0)
(-1.86084e-05 0.00837075 0)
(-0.0001476 0.0241206 0)
(-0.000441419 0.0389112 0)
(-0.000875402 0.0527725 0)
(-0.00144209 0.0657345 0)
(-0.00213732 0.077828 0)
(-0.0029554 0.0890845 0)
(-0.00389024 0.0995359 0)
(-0.00493575 0.109214 0)
(-0.00608587 0.118152 0)
(-0.00733462 0.12638 0)
(-0.00867615 0.133931 0)
(-0.0101048 0.140836 0)
(-0.0116151 0.147124 0)
(-0.013202 0.152826 0)
(-0.0148604 0.157968 0)
(-0.0165858 0.162579 0)
(-0.018374 0.166682 0)
(-0.0202208 0.170302 0)
(-0.0221228 0.173462 0)
(-0.0240764 0.17618 0)
(-0.0260788 0.178478 0)
(-0.0281272 0.18037 0)
(-0.0302192 0.181872 0)
(-0.0323527 0.182999 0)
(-0.0345259 0.183761 0)
(-0.0367372 0.184167 0)
(-0.0389854 0.184228 0)
(-0.0412694 0.183948 0)
(-0.0435882 0.183332 0)
(-0.0459413 0.182385 0)
(-0.0483282 0.181108 0)
(-0.0507484 0.1795 0)
(-0.0532017 0.177562 0)
(-0.0556879 0.175292 0)
(-0.0582068 0.172685 0)
(-0.0607582 0.169737 0)
(-0.0633418 0.166444 0)
(-0.0659574 0.162799 0)
(-0.0686044 0.158795 0)
(-0.0712821 0.154423 0)
(-0.0739897 0.149677 0)
(-0.0767257 0.144546 0)
(-0.0794886 0.139023 0)
(-0.0822764 0.133097 0)
(-0.0850863 0.126759 0)
(-0.0879152 0.12 0)
(-0.0907592 0.112812 0)
(-0.0936138 0.105184 0)
(-0.0964735 0.0971098 0)
(-0.0993319 0.0885821 0)
(-0.102182 0.0795951 0)
(-0.105015 0.0701443 0)
(-0.107821 0.0602272 0)
(-0.11059 0.0498432 0)
(-0.113309 0.0389943 0)
(-0.115966 0.0276853 0)
(-0.118545 0.0159243 0)
(-0.121031 0.00372317 0)
(-0.123408 -0.00890028 0)
(-0.125651 -0.0219211 0)
(-0.127745 -0.0353169 0)
(-0.12967 -0.0490592 0)
(-0.131404 -0.0631134 0)
(-0.132925 -0.0774382 0)
(-0.134214 -0.0919855 0)
(-0.135245 -0.1067 0)
(-0.135999 -0.12152 0)
(-0.136451 -0.136374 0)
(-0.136582 -0.151186 0)
(-0.136369 -0.16587 0)
(-0.135792 -0.180334 0)
(-0.134834 -0.194478 0)
(-0.133475 -0.208196 0)
(-0.131702 -0.221373 0)
(-0.129501 -0.23389 0)
(-0.126862 -0.245623 0)
(-0.123776 -0.256442 0)
(-0.120239 -0.266212 0)
(-0.11625 -0.274798 0)
(-0.111812 -0.28206 0)
(-0.106932 -0.287857 0)
(-0.101624 -0.292051 0)
(-0.0959052 -0.294502 0)
(-0.0898013 -0.295075 0)
(-0.0833447 -0.293639 0)
(-0.0765763 -0.290071 0)
(-0.0695467 -0.284254 0)
(-0.0623166 -0.276085 0)
(-0.0549588 -0.265474 0)
(-0.0475581 -0.252344 0)
(-0.0402133 -0.236642 0)
(-0.0330371 -0.218332 0)
(-0.0261568 -0.197402 0)
(-0.0197144 -0.173863 0)
(-0.0138678 -0.14775 0)
(-0.00878588 -0.11912 0)
(-0.00463681 -0.0880483 0)
(-0.00164195 -0.0546215 0)
(-0.000233881 -0.0189317 0)
(-1.67041e-05 0.00844205 0)
(-0.00013339 0.0243313 0)
(-0.000399919 0.0392573 0)
(-0.000794324 0.0532495 0)
(-0.00131003 0.0663372 0)
(-0.00194334 0.0785511 0)
(-0.00268907 0.0899224 0)
(-0.00354165 0.100483 0)
(-0.00449548 0.110264 0)
(-0.00554498 0.119299 0)
(-0.00668463 0.127619 0)
(-0.00790906 0.135257 0)
(-0.00921308 0.142242 0)
(-0.0105917 0.148606 0)
(-0.0120402 0.154379 0)
(-0.0135541 0.159588 0)
(-0.0151293 0.16426 0)
(-0.0167619 0.168422 0)
(-0.0184483 0.172097 0)
(-0.0201853 0.175307 0)
(-0.0219698 0.178075 0)
(-0.0237992 0.180417 0)
(-0.0256713 0.182353 0)
(-0.0275838 0.183897 0)
(-0.029535 0.185063 0)
(-0.0315234 0.185862 0)
(-0.0335477 0.186306 0)
(-0.0356069 0.186401 0)
(-0.0377003 0.186156 0)
(-0.0398272 0.185575 0)
(-0.0419874 0.184661 0)
(-0.0441805 0.183417 0)
(-0.0464065 0.181843 0)
(-0.0486654 0.179938 0)
(-0.0509574 0.1777 0)
(-0.0532826 0.175126 0)
(-0.0556411 0.172212 0)
(-0.0580332 0.168952 0)
(-0.0604588 0.165339 0)
(-0.0629179 0.161367 0)
(-0.0654104 0.157028 0)
(-0.0679356 0.152312 0)
(-0.0704929 0.147211 0)
(-0.0730811 0.141716 0)
(-0.0756989 0.135816 0)
(-0.0783441 0.129502 0)
(-0.0810142 0.122763 0)
(-0.083706 0.115591 0)
(-0.0864157 0.107975 0)
(-0.0891384 0.0999071 0)
(-0.0918687 0.0913791 0)
(-0.0946 0.0823844 0)
(-0.0973246 0.0729173 0)
(-0.100034 0.0629741 0)
(-0.102718 0.052553 0)
(-0.105365 0.0416547 0)
(-0.107963 0.0302826 0)
(-0.110498 0.0184434 0)
(-0.112954 0.00614777 0)
(-0.115318 -0.00658858 0)
(-0.117563 -0.0197416 0)
(-0.119676 -0.033289 0)
(-0.121637 -0.0472031 0)
(-0.123424 -0.0614499 0)
(-0.125017 -0.0759888 0)
(-0.126395 -0.0907722 0)
(-0.127535 -0.105745 0)
(-0.128415 -0.120845 0)
(-0.129014 -0.136002 0)
(-0.12931 -0.151137 0)
(-0.129281 -0.166166 0)
(-0.128909 -0.180993 0)
(-0.128174 -0.195519 0)
(-0.127059 -0.209635 0)
(-0.125548 -0.223225 0)
(-0.123628 -0.236167 0)
(-0.121286 -0.248335 0)
(-0.118515 -0.259595 0)
(-0.115308 -0.269811 0)
(-0.111662 -0.278842 0)
(-0.107579 -0.286545 0)
(-0.103062 -0.292775 0)
(-0.0981233 -0.297387 0)
(-0.0927761 -0.300237 0)
(-0.0870421 -0.301182 0)
(-0.0809495 -0.300083 0)
(-0.0745346 -0.296808 0)
(-0.067843 -0.291232 0)
(-0.0609308 -0.283239 0)
(-0.0538655 -0.272727 0)
(-0.0467279 -0.259607 0)
(-0.0396127 -0.243809 0)
(-0.0326298 -0.225285 0)
(-0.0259045 -0.204006 0)
(-0.019579 -0.179968 0)
(-0.0138123 -0.153192 0)
(-0.0087771 -0.123718 0)
(-0.00464721 -0.0916088 0)
(-0.00165235 -0.0569371 0)
(-0.000237304 -0.0197821 0)
(-1.48798e-05 0.00850617 0)
(-0.000119642 0.0245215 0)
(-0.000359572 0.0395704 0)
(-0.000715181 0.0536815 0)
(-0.00118063 0.0668837 0)
(-0.00175256 0.0792072 0)
(-0.00242621 0.0906829 0)
(-0.00319643 0.101342 0)
(-0.00405804 0.111218 0)
(-0.00500589 0.120341 0)
(-0.00603492 0.128744 0)
(-0.00714019 0.13646 0)
(-0.00831696 0.143519 0)
(-0.00956072 0.149952 0)
(-0.0108672 0.155788 0)
(-0.0122324 0.161058 0)
(-0.0136527 0.165786 0)
(-0.0151245 0.170001 0)
(-0.0166447 0.173726 0)
(-0.0182105 0.176983 0)
(-0.0198193 0.179794 0)
(-0.0214689 0.182179 0)
(-0.0231571 0.184154 0)
(-0.0248823 0.185736 0)
(-0.0266431 0.186938 0)
(-0.0284381 0.187773 0)
(-0.0302666 0.188251 0)
(-0.0321276 0.18838 0)
(-0.0340209 0.188168 0)
(-0.035946 0.187619 0)
(-0.0379029 0.186738 0)
(-0.0398917 0.185527 0)
(-0.0419125 0.183985 0)
(-0.0439658 0.182113 0)
(-0.0460519 0.179909 0)
(-0.0481713 0.177368 0)
(-0.0503246 0.174488 0)
(-0.0525123 0.171262 0)
(-0.0547348 0.167684 0)
(-0.0569924 0.163746 0)
(-0.0592855 0.159441 0)
(-0.061614 0.154759 0)
(-0.0639777 0.149692 0)
(-0.066376 0.144229 0)
(-0.068808 0.13836 0)
(-0.0712722 0.132075 0)
(-0.0737669 0.125362 0)
(-0.0762894 0.118213 0)
(-0.0788367 0.110616 0)
(-0.0814046 0.102563 0)
(-0.0839885 0.0940436 0)
(-0.0865825 0.0850509 0)
(-0.0891798 0.0755782 0)
(-0.0917726 0.0656203 0)
(-0.0943517 0.0551744 0)
(-0.0969069 0.0442398 0)
(-0.0994264 0.0328185 0)
(-0.101897 0.020916 0)
(-0.104303 0.00854117 0)
(-0.106634 -0.00429223 0)
(-0.108861 -0.0175611 0)
(-0.110974 -0.031243 0)
(-0.112951 -0.0453112 0)
(-0.114774 -0.0597327 0)
(-0.116421 -0.0744673 0)
(-0.117871 -0.0894679 0)
(-0.119103 -0.10468 0)
(-0.120096 -0.120041 0)
(-0.120827 -0.13548 0)
(-0.121277 -0.150918 0)
(-0.121424 -0.16627 0)
(-0.121248 -0.181441 0)
(-0.120732 -0.196328 0)
(-0.119857 -0.210821 0)
(-0.118608 -0.224804 0)
(-0.116971 -0.238152 0)
(-0.114934 -0.250736 0)
(-0.112486 -0.26242 0)
(-0.109622 -0.273065 0)
(-0.106337 -0.282527 0)
(-0.102629 -0.290659 0)
(-0.0985016 -0.297313 0)
(-0.0939609 -0.302338 0)
(-0.0890185 -0.305583 0)
(-0.0836916 -0.306902 0)
(-0.0780038 -0.306147 0)
(-0.0719864 -0.303178 0)
(-0.0656797 -0.297859 0)
(-0.0591342 -0.290063 0)
(-0.0524119 -0.279677 0)
(-0.0455884 -0.266598 0)
(-0.0387535 -0.250741 0)
(-0.0320129 -0.232041 0)
(-0.0254893 -0.210453 0)
(-0.0193233 -0.185956 0)
(-0.0136743 -0.158554 0)
(-0.00871766 -0.12827 0)
(-0.00463188 -0.0951496 0)
(-0.00165414 -0.0592508 0)
(-0.00023965 -0.0206368 0)
(-1.31548e-05 0.00856341 0)
(-0.000106475 0.0246918 0)
(-0.00032069 0.0398513 0)
(-0.000638526 0.0540695 0)
(-0.00105472 0.0673748 0)
(-0.00156609 0.0797968 0)
(-0.0021682 0.0913663 0)
(-0.00285622 0.102115 0)
(-0.00362535 0.112074 0)
(-0.00447079 0.121276 0)
(-0.00538788 0.129754 0)
(-0.00637212 0.137539 0)
(-0.00741923 0.144663 0)
(-0.00852515 0.151157 0)
(-0.00968608 0.157051 0)
(-0.0108985 0.162373 0)
(-0.0121592 0.167152 0)
(-0.0134651 0.171414 0)
(-0.0148137 0.175183 0)
(-0.0162023 0.178482 0)
(-0.0176289 0.181333 0)
(-0.0190917 0.183755 0)
(-0.0205888 0.185766 0)
(-0.0221191 0.187383 0)
(-0.0236813 0.188618 0)
(-0.0252747 0.189486 0)
(-0.0268984 0.189995 0)
(-0.0285523 0.190156 0)
(-0.0302359 0.189974 0)
(-0.0319494 0.189457 0)
(-0.033693 0.188607 0)
(-0.0354669 0.187426 0)
(-0.0372717 0.185917 0)
(-0.0391081 0.184077 0)
(-0.0409768 0.181906 0)
(-0.0428786 0.179399 0)
(-0.0448143 0.176553 0)
(-0.0467849 0.173362 0)
(-0.0487912 0.169819 0)
(-0.0508339 0.165918 0)
(-0.0529137 0.161649 0)
(-0.0550311 0.157004 0)
(-0.0571863 0.151973 0)
(-0.0593793 0.146546 0)
(-0.0616098 0.140712 0)
(-0.0638769 0.134461 0)
(-0.0661794 0.127781 0)
(-0.0685154 0.120661 0)
(-0.0708825 0.11309 0)
(-0.0732775 0.105059 0)
(-0.0756962 0.0965569 0)
(-0.0781338 0.0875757 0)
(-0.0805844 0.0781074 0)
(-0.0830408 0.068146 0)
(-0.0854949 0.0576873 0)
(-0.0879372 0.0467292 0)
(-0.090357 0.0352726 0)
(-0.0927417 0.0233213 0)
(-0.0950774 0.0108828 0)
(-0.0973531 -0.00203163 0)
(-0.0995428 -0.0153997 0)
(-0.101634 -0.0291986 0)
(-0.103609 -0.0434029 0)
(-0.105447 -0.0579804 0)
(-0.107128 -0.0728915 0)
(-0.108633 -0.0880896 0)
(-0.10994 -0.10352 0)
(-0.111029 -0.119121 0)
(-0.111878 -0.13482 0)
(-0.112469 -0.150541 0)
(-0.112779 -0.166194 0)
(-0.112791 -0.181685 0)
(-0.112486 -0.19691 0)
(-0.111846 -0.211758 0)
(-0.110858 -0.226111 0)
(-0.109505 -0.239841 0)
(-0.107777 -0.252819 0)
(-0.105662 -0.264906 0)
(-0.103153 -0.27596 0)
(-0.100244 -0.285835 0)
(-0.096932 -0.29438 0)
(-0.0932174 -0.301444 0)
(-0.0891039 -0.306871 0)
(-0.0845993 -0.310507 0)
(-0.0797166 -0.312197 0)
(-0.0744748 -0.311789 0)
(-0.0688997 -0.309133 0)
(-0.0630259 -0.304085 0)
(-0.0568977 -0.296507 0)
(-0.050571 -0.286273 0)
(-0.0441149 -0.273266 0)
(-0.0376136 -0.257385 0)
(-0.0311676 -0.23855 0)
(-0.0248954 -0.216696 0)
(-0.018935 -0.191785 0)
(-0.0134449 -0.163799 0)
(-0.00860167 -0.132745 0)
(-0.0045876 -0.0986487 0)
(-0.00164614 -0.0615491 0)
(-0.000240744 -0.021491 0)
(-1.15493e-05 0.0086141 0)
(-9.40062e-05 0.0248431 0)
(-0.000283577 0.0401011 0)
(-0.000564896 0.0544146 0)
(-0.000933065 0.0678115 0)
(-0.00138497 0.0803208 0)
(-0.00191633 0.091973 0)
(-0.00252258 0.1028 0)
(-0.00319915 0.112832 0)
(-0.0039416 0.122103 0)
(-0.00474562 0.130646 0)
(-0.00560714 0.138491 0)
(-0.00652229 0.145672 0)
(-0.00748751 0.152218 0)
(-0.00849947 0.158162 0)
(-0.00955515 0.163531 0)
(-0.0106518 0.168353 0)
(-0.0117869 0.172655 0)
(-0.0129582 0.176463 0)
(-0.0141637 0.179798 0)
(-0.0154018 0.182684 0)
(-0.0166709 0.185139 0)
(-0.0179698 0.187182 0)
(-0.0192975 0.188829 0)
(-0.0206533 0.190094 0)
(-0.0220366 0.19099 0)
(-0.0234471 0.191529 0)
(-0.0248846 0.191718 0)
(-0.0263493 0.191565 0)
(-0.0278415 0.191076 0)
(-0.0293617 0.190256 0)
(-0.0309104 0.189105 0)
(-0.0324885 0.187626 0)
(-0.034097 0.185818 0)
(-0.0357368 0.183679 0)
(-0.0374091 0.181206 0)
(-0.0391151 0.178394 0)
(-0.040856 0.175239 0)
(-0.042633 0.171733 0)
(-0.0444473 0.167869 0)
(-0.0463 0.163638 0)
(-0.0481919 0.159032 0)
(-0.0501238 0.15404 0)
(-0.0520963 0.148652 0)
(-0.0541094 0.142857 0)
(-0.0561631 0.136644 0)
(-0.0582566 0.130001 0)
(-0.0603888 0.122916 0)
(-0.0625579 0.115378 0)
(-0.0647614 0.107376 0)
(-0.0669962 0.0989 0)
(-0.069258 0.0899391 0)
(-0.0715419 0.0804851 0)
(-0.0738415 0.0705308 0)
(-0.0761497 0.0600708 0)
(-0.0784579 0.0491018 0)
(-0.0807563 0.0376232 0)
(-0.0830334 0.0256375 0)
(-0.0852761 0.0131506 0)
(-0.0874728 0.000172204 0)
(-0.0896048 -0.0132782 0)
(-0.0916535 -0.0271765 0)
(-0.0936037 -0.0414986 0)
(-0.0954363 -0.056213 0)
(-0.097132 -0.0712809 0)
(-0.0986714 -0.0866559 0)
(-0.100035 -0.102284 0)
(-0.101202 -0.118102 0)
(-0.102153 -0.13404 0)
(-0.102869 -0.150018 0)
(-0.10333 -0.165948 0)
(-0.103518 -0.181734 0)
(-0.103416 -0.197272 0)
(-0.103006 -0.212449 0)
(-0.102274 -0.227145 0)
(-0.101206 -0.241233 0)
(-0.0997895 -0.254579 0)
(-0.0980141 -0.267044 0)
(-0.095871 -0.278483 0)
(-0.0933534 -0.288748 0)
(-0.0904567 -0.297686 0)
(-0.0871788 -0.305141 0)
(-0.0835206 -0.310956 0)
(-0.0794865 -0.314971 0)
(-0.0750853 -0.317027 0)
(-0.0703309 -0.316965 0)
(-0.0652436 -0.314627 0)
(-0.0598517 -0.309861 0)
(-0.0541928 -0.302519 0)
(-0.0483158 -0.29246 0)
(-0.0422828 -0.279556 0)
(-0.0361709 -0.263689 0)
(-0.0300746 -0.244759 0)
(-0.0241069 -0.222686 0)
(-0.0184015 -0.197408 0)
(-0.0131148 -0.168889 0)
(-0.00842298 -0.137112 0)
(-0.004511 -0.102082 0)
(-0.00162709 -0.0638165 0)
(-0.000240392 -0.0223395 0)
(-1.00834e-05 0.00865863 0)
(-8.23521e-05 0.0249764 0)
(-0.000248524 0.040321 0)
(-0.000494788 0.0547182 0)
(-0.000816401 0.068195 0)
(-0.00121013 0.0807802 0)
(-0.00167175 0.0925039 0)
(-0.00219679 0.103397 0)
(-0.00278091 0.113493 0)
(-0.00341992 0.122822 0)
(-0.00410985 0.131419 0)
(-0.00484702 0.139315 0)
(-0.00562801 0.146543 0)
(-0.00644972 0.153134 0)
(-0.00730933 0.159118 0)
(-0.00820432 0.164526 0)
(-0.00913243 0.169384 0)
(-0.0100917 0.17372 0)
(-0.0110803 0.17756 0)
(-0.0120968 0.180926 0)
(-0.01314 0.18384 0)
(-0.0142088 0.186323 0)
(-0.0153023 0.188393 0)
(-0.0164199 0.190066 0)
(-0.0175614 0.191357 0)
(-0.0187264 0.192279 0)
(-0.0199149 0.192843 0)
(-0.0211273 0.193058 0)
(-0.0223638 0.192931 0)
(-0.0236251 0.192469 0)
(-0.0249119 0.191675 0)
(-0.0262251 0.190553 0)
(-0.0275659 0.189103 0)
(-0.0289354 0.187325 0)
(-0.030335 0.185218 0)
(-0.0317661 0.182777 0)
(-0.0332302 0.18 0)
(-0.0347289 0.17688 0)
(-0.0362637 0.173411 0)
(-0.0378362 0.169585 0)
(-0.0394478 0.165394 0)
(-0.0411 0.160828 0)
(-0.0427939 0.155878 0)
(-0.0445305 0.150532 0)
(-0.0463105 0.144779 0)
(-0.0481343 0.138608 0)
(-0.0500019 0.132006 0)
(-0.0519128 0.124962 0)
(-0.0538659 0.117463 0)
(-0.0558595 0.109497 0)
(-0.0578911 0.101053 0)
(-0.0599575 0.0921213 0)
(-0.0620543 0.0826909 0)
(-0.0641765 0.0727539 0)
(-0.0663175 0.0623037 0)
(-0.0684699 0.0513358 0)
(-0.0706248 0.0398482 0)
(-0.0727718 0.027842 0)
(-0.0748989 0.0153217 0)
(-0.0769937 0.00229608 0)
(-0.0790446 -0.0112187 0)
(-0.0810278 -0.0251986 0)
(-0.082931 -0.03962 0)
(-0.0847359 -0.054452 0)
(-0.086424 -0.0696563 0)
(-0.087977 -0.0851868 0)
(-0.0893762 -0.100989 0)
(-0.0906028 -0.117002 0)
(-0.0916379 -0.133153 0)
(-0.0924631 -0.149364 0)
(-0.0930604 -0.165545 0)
(-0.0934123 -0.181599 0)
(-0.0935023 -0.197422 0)
(-0.0933147 -0.2129 0)
(-0.092835 -0.22791 0)
(-0.09205 -0.242326 0)
(-0.0909477 -0.256011 0)
(-0.0895174 -0.268825 0)
(-0.0877499 -0.280621 0)
(-0.0856376 -0.291249 0)
(-0.0831744 -0.300555 0)
(-0.0803561 -0.30838 0)
(-0.077181 -0.314563 0)
(-0.0736498 -0.318942 0)
(-0.0697672 -0.321353 0)
(-0.0655418 -0.321631 0)
(-0.0609882 -0.319613 0)
(-0.0561279 -0.315136 0)
(-0.0509915 -0.308044 0)
(-0.04562 -0.298184 0)
(-0.0400677 -0.285411 0)
(-0.0344037 -0.269594 0)
(-0.0287149 -0.250614 0)
(-0.0231076 -0.228369 0)
(-0.0177099 -0.202778 0)
(-0.0126744 -0.173779 0)
(-0.00817524 -0.141334 0)
(-0.00439855 -0.105421 0)
(-0.00159568 -0.066036 0)
(-0.000238392 -0.0231762 0)
(-8.77749e-06 0.00869747 0)
(-7.16215e-05 0.0250926 0)
(-0.000215795 0.0405125 0)
(-0.000428646 0.0549818 0)
(-0.000705341 0.068527 0)
(-0.00104235 0.0811763 0)
(-0.00143535 0.0929598 0)
(-0.00187988 0.103909 0)
(-0.00237171 0.114055 0)
(-0.00290687 0.123432 0)
(-0.00348171 0.132073 0)
(-0.00409291 0.140009 0)
(-0.0047375 0.147274 0)
(-0.00541287 0.1539 0)
(-0.00611671 0.159916 0)
(-0.00684704 0.165354 0)
(-0.00760214 0.17024 0)
(-0.00838055 0.174603 0)
(-0.00918104 0.178468 0)
(-0.0100026 0.181858 0)
(-0.0108445 0.184796 0)
(-0.0117061 0.187301 0)
(-0.0125871 0.189393 0)
(-0.0134872 0.191088 0)
(-0.0144064 0.1924 0)
(-0.0153448 0.193344 0)
(-0.0163029 0.19393 0)
(-0.0172812 0.194167 0)
(-0.0182803 0.194063 0)
(-0.0193011 0.193625 0)
(-0.0203446 0.192856 0)
(-0.0214121 0.191759 0)
(-0.022505 0.190337 0)
(-0.0236246 0.188587 0)
(-0.0247726 0.18651 0)
(-0.0259508 0.184101 0)
(-0.027161 0.181357 0)
(-0.0284049 0.178272 0)
(-0.0296846 0.17484 0)
(-0.031002 0.171053 0)
(-0.0323587 0.166902 0)
(-0.0337568 0.162378 0)
(-0.0351978 0.157471 0)
(-0.0366832 0.152169 0)
(-0.0382142 0.146461 0)
(-0.0397918 0.140336 0)
(-0.0414165 0.133779 0)
(-0.0430885 0.12678 0)
(-0.0448074 0.119325 0)
(-0.0465723 0.111402 0)
(-0.0483813 0.102998 0)
(-0.0502322 0.0941022 0)
(-0.0521215 0.0847041 0)
(-0.054045 0.074794 0)
(-0.0559972 0.0643642 0)
(-0.0579716 0.053409 0)
(-0.0599604 0.0419251 0)
(-0.0619545 0.0299121 0)
(-0.0639429 0.0173733 0)
(-0.0659136 0.00431633 0)
(-0.0678577 -0.00924506 0)
(-0.0697512 -0.0232885 0)
(-0.0715835 -0.0377903 0)
(-0.0733371 -0.05272 0)
(-0.0749945 -0.0680396 0)
(-0.0765388 -0.0837035 0)
(-0.0779524 -0.0996577 0)
(-0.0792179 -0.11584 0)
(-0.0803177 -0.132179 0)
(-0.0812349 -0.148595 0)
(-0.0819525 -0.164998 0)
(-0.0824547 -0.181292 0)
(-0.082726 -0.19737 0)
(-0.0827519 -0.213116 0)
(-0.0825189 -0.22841 0)
(-0.0820145 -0.24312 0)
(-0.0812273 -0.257111 0)
(-0.0801469 -0.270241 0)
(-0.078764 -0.282363 0)
(-0.0770701 -0.293323 0)
(-0.075058 -0.302967 0)
(-0.0727217 -0.311135 0)
(-0.0700568 -0.317662 0)
(-0.0670606 -0.322385 0)
(-0.0637333 -0.325135 0)
(-0.0600786 -0.325744 0)
(-0.0561049 -0.324041 0)
(-0.0518268 -0.319858 0)
(-0.047267 -0.313027 0)
(-0.0424583 -0.303385 0)
(-0.037446 -0.290773 0)
(-0.0322904 -0.275042 0)
(-0.0270696 -0.256056 0)
(-0.0218816 -0.233691 0)
(-0.0168475 -0.207842 0)
(-0.012114 -0.178425 0)
(-0.00785196 -0.145373 0)
(-0.00424662 -0.108638 0)
(-0.00155054 -0.0681889 0)
(-0.000234522 -0.0239946 0)
(-7.65119e-06 0.00873114 0)
(-6.19135e-05 0.0251929 0)
(-0.000185618 0.0406771 0)
(-0.000366832 0.0552072 0)
(-0.000600359 0.0688089 0)
(-0.000882191 0.0815103 0)
(-0.00120773 0.0933415 0)
(-0.00157244 0.104334 0)
(-0.00197211 0.11452 0)
(-0.00240296 0.123932 0)
(-0.0028616 0.132605 0)
(-0.00334509 0.140571 0)
(-0.00385093 0.147863 0)
(-0.00437699 0.154513 0)
(-0.00492152 0.160552 0)
(-0.00548308 0.166011 0)
(-0.00606053 0.170917 0)
(-0.00665297 0.175299 0)
(-0.00725973 0.179182 0)
(-0.00788033 0.182589 0)
(-0.0085145 0.185544 0)
(-0.00916214 0.188066 0)
(-0.00982331 0.190174 0)
(-0.0104982 0.191885 0)
(-0.0111872 0.193215 0)
(-0.0118909 0.194176 0)
(-0.0126099 0.194779 0)
(-0.0133451 0.195035 0)
(-0.0140975 0.194951 0)
(-0.0148683 0.194533 0)
(-0.0156586 0.193787 0)
(-0.0164702 0.192713 0)
(-0.0173045 0.191316 0)
(-0.0181632 0.189593 0)
(-0.0190484 0.187544 0)
(-0.019962 0.185166 0)
(-0.0209061 0.182454 0)
(-0.0218828 0.179403 0)
(-0.0228944 0.176008 0)
(-0.0239431 0.172259 0)
(-0.0250312 0.168149 0)
(-0.0261608 0.163667 0)
(-0.027334 0.158804 0)
(-0.0285527 0.153548 0)
(-0.0298188 0.147888 0)
(-0.0311336 0.14181 0)
(-0.0324983 0.135303 0)
(-0.0339136 0.128353 0)
(-0.03538 0.120946 0)
(-0.0368971 0.113071 0)
(-0.0384639 0.104713 0)
(-0.040079 0.0958615 0)
(-0.0417399 0.0865036 0)
(-0.0434431 0.0766295 0)
(-0.0451844 0.0662303 0)
(-0.0469582 0.055299 0)
(-0.0487578 0.0438309 0)
(-0.0505753 0.0318246 0)
(-0.0524009 0.0192818 0)
(-0.0542235 0.00620906 0)
(-0.0560358 -0.00738205 0)
(-0.0578147 -0.0214709 0)
(-0.0595512 -0.0360339 0)
(-0.0612289 -0.0510409 0)
(-0.0628317 -0.0664543 0)
(-0.0643438 -0.0822286 0)
(-0.0657493 -0.0983101 0)
(-0.0670323 -0.114636 0)
(-0.0681767 -0.131136 0)
(-0.0691673 -0.147728 0)
(-0.0699887 -0.164324 0)
(-0.0706267 -0.180826 0)
(-0.0710671 -0.197125 0)
(-0.0712971 -0.213107 0)
(-0.0713043 -0.228647 0)
(-0.0710773 -0.243617 0)
(-0.0706056 -0.257878 0)
(-0.0698793 -0.271288 0)
(-0.0688891 -0.283698 0)
(-0.0676262 -0.294955 0)
(-0.0660824 -0.304903 0)
(-0.0642499 -0.313381 0)
(-0.0621218 -0.320224 0)
(-0.0596923 -0.325266 0)
(-0.0569572 -0.328335 0)
(-0.0539148 -0.32926 0)
(-0.0505675 -0.327865 0)
(-0.0469225 -0.323975 0)
(-0.0429942 -0.317413 0)
(-0.0388066 -0.308005 0)
(-0.0343952 -0.29558 0)
(-0.0298104 -0.279971 0)
(-0.0251202 -0.261023 0)
(-0.0204132 -0.238592 0)
(-0.0158014 -0.212547 0)
(-0.0114241 -0.182776 0)
(-0.00744656 -0.149186 0)
(-0.00405149 -0.1117 0)
(-0.00149024 -0.0702544 0)
(-0.000228551 -0.0247872 0)
(-6.72319e-06 0.0087602 0)
(-5.33111e-05 0.0252788 0)
(-0.000158168 0.0408166 0)
(-0.00030959 0.0553961 0)
(-0.000501732 0.0690425 0)
(-0.000729903 0.0817838 0)
(-0.000989088 0.0936501 0)
(-0.00127454 0.104673 0)
(-0.00158202 0.114886 0)
(-0.00190787 0.124322 0)
(-0.00224897 0.133015 0)
(-0.00260278 0.140999 0)
(-0.00296723 0.148306 0)
(-0.00334074 0.15497 0)
(-0.00372212 0.161022 0)
(-0.00411055 0.166493 0)
(-0.00450547 0.17141 0)
(-0.00490658 0.175802 0)
(-0.00531377 0.179695 0)
(-0.00572715 0.183113 0)
(-0.00614696 0.186077 0)
(-0.00657359 0.18861 0)
(-0.00700758 0.190729 0)
(-0.00744958 0.192452 0)
(-0.00790037 0.193793 0)
(-0.00836086 0.194767 0)
(-0.00883208 0.195384 0)
(-0.0093152 0.195654 0)
(-0.00981152 0.195586 0)
(-0.0103225 0.195186 0)
(-0.0108497 0.194458 0)
(-0.0113949 0.193405 0)
(-0.0119599 0.19203 0)
(-0.0125468 0.190331 0)
(-0.0131577 0.188308 0)
(-0.0137949 0.185959 0)
(-0.0144606 0.183278 0)
(-0.0151575 0.18026 0)
(-0.0158879 0.1769 0)
(-0.0166545 0.173189 0)
(-0.0174599 0.169119 0)
(-0.0183065 0.164681 0)
(-0.0191969 0.159863 0)
(-0.0201334 0.154654 0)
(-0.0211183 0.149042 0)
(-0.0221536 0.143015 0)
(-0.0232409 0.136559 0)
(-0.0243817 0.129662 0)
(-0.0255769 0.122308 0)
(-0.0268269 0.114486 0)
(-0.0281317 0.10618 0)
(-0.0294904 0.0973782 0)
(-0.0309015 0.0880682 0)
(-0.0323626 0.0782385 0)
(-0.0338704 0.0678793 0)
(-0.0354204 0.0569824 0)
(-0.0370072 0.0455421 0)
(-0.0386238 0.0335553 0)
(-0.0402619 0.0210227 0)
(-0.0419114 0.00794933 0)
(-0.0435664 -0.00565486 0)
(-0.0452052 -0.019771 0)
(-0.0468205 -0.0343759 0)
(-0.048397 -0.0494395 0)
(-0.0499203 -0.0649245 0)
(-0.0513761 -0.0807856 0)
(-0.0527502 -0.096969 0)
(-0.0540285 -0.113412 0)
(-0.0551968 -0.130044 0)
(-0.0562415 -0.146782 0)
(-0.0571495 -0.163539 0)
(-0.0579081 -0.180213 0)
(-0.0585053 -0.196699 0)
(-0.0589294 -0.212879 0)
(-0.0591699 -0.228629 0)
(-0.0592168 -0.243818 0)
(-0.0590606 -0.258309 0)
(-0.0586922 -0.271958 0)
(-0.0581027 -0.284616 0)
(-0.0572831 -0.29613 0)
(-0.0562243 -0.306344 0)
(-0.0549172 -0.315095 0)
(-0.0533524 -0.32222 0)
(-0.051521 -0.32755 0)
(-0.0494146 -0.330913 0)
(-0.0470262 -0.332134 0)
(-0.0443517 -0.331034 0)
(-0.041391 -0.327432 0)
(-0.0381498 -0.321144 0)
(-0.0346424 -0.311984 0)
(-0.030894 -0.29977 0)
(-0.0269441 -0.284318 0)
(-0.0228494 -0.265453 0)
(-0.0186872 -0.24301 0)
(-0.0145591 -0.216833 0)
(-0.010595 -0.186781 0)
(-0.00695249 -0.152731 0)
(-0.0038094 -0.114573 0)
(-0.00141332 -0.0722101 0)
(-0.000220235 -0.0255459 0)
(-6.01029e-06 0.00878527 0)
(-4.58754e-05 0.0253516 0)
(-0.000133543 0.0409328 0)
(-0.000257012 0.0555504 0)
(-0.000409478 0.0692294 0)
(-0.000585358 0.0819978 0)
(-0.000779067 0.0938862 0)
(-0.000985538 0.104927 0)
(-0.00120045 0.115153 0)
(-0.00142024 0.124599 0)
(-0.00164207 0.1333 0)
(-0.00186376 0.141289 0)
(-0.00208376 0.148601 0)
(-0.00230104 0.155268 0)
(-0.00251503 0.161322 0)
(-0.00272554 0.166794 0)
(-0.00293265 0.171713 0)
(-0.00313668 0.176107 0)
(-0.00333814 0.180002 0)
(-0.00353771 0.183422 0)
(-0.0037362 0.18639 0)
(-0.00393451 0.188926 0)
(-0.00413367 0.19105 0)
(-0.00433477 0.192778 0)
(-0.00453901 0.194126 0)
(-0.00474768 0.195108 0)
(-0.00496216 0.195734 0)
(-0.00518394 0.196015 0)
(-0.00541463 0.195958 0)
(-0.00565596 0.195572 0)
(-0.00590978 0.194859 0)
(-0.00617808 0.193824 0)
(-0.00646297 0.192468 0)
(-0.00676671 0.190791 0)
(-0.00709167 0.188792 0)
(-0.00744037 0.186468 0)
(-0.00781543 0.183816 0)
(-0.00821955 0.180831 0)
(-0.00865556 0.177505 0)
(-0.0091263 0.173831 0)
(-0.00963469 0.1698 0)
(-0.0101836 0.165404 0)
(-0.0107759 0.160631 0)
(-0.0114144 0.15547 0)
(-0.0121018 0.149908 0)
(-0.0128406 0.143933 0)
(-0.0136329 0.137531 0)
(-0.0144808 0.130689 0)
(-0.0153859 0.123392 0)
(-0.0163493 0.115626 0)
(-0.0173717 0.107377 0)
(-0.0184532 0.0986312 0)
(-0.0195929 0.0893758 0)
(-0.0207896 0.0795983 0)
(-0.0220409 0.069288 0)
(-0.0233435 0.0584356 0)
(-0.0246931 0.0470341 0)
(-0.0260842 0.0350794 0)
(-0.0275096 0.0225706 0)
(-0.0289603 0.00951155 0)
(-0.0304322 -0.00408921 0)
(-0.031905 -0.0182147 0)
(-0.0333729 -0.0328419 0)
(-0.0348225 -0.047941 0)
(-0.0362409 -0.0634749 0)
(-0.0376158 -0.0793983 0)
(-0.0389348 -0.0956574 0)
(-0.0401858 -0.112189 0)
(-0.0413568 -0.128922 0)
(-0.0424364 -0.145775 0)
(-0.0434135 -0.162657 0)
(-0.0442776 -0.179469 0)
(-0.0450188 -0.196103 0)
(-0.0456274 -0.212441 0)
(-0.0460945 -0.22836 0)
(-0.0464118 -0.243726 0)
(-0.0465712 -0.258402 0)
(-0.0465648 -0.272245 0)
(-0.046384 -0.285107 0)
(-0.04602 -0.296833 0)
(-0.045463 -0.307269 0)
(-0.0447027 -0.316253 0)
(-0.0437277 -0.323621 0)
(-0.0425257 -0.329204 0)
(-0.0410843 -0.33283 0)
(-0.0393914 -0.334323 0)
(-0.0374364 -0.333501 0)
(-0.0352112 -0.330177 0)
(-0.032713 -0.324162 0)
(-0.0299456 -0.315262 0)
(-0.0269233 -0.303279 0)
(-0.0236735 -0.288016 0)
(-0.0202406 -0.269281 0)
(-0.0166893 -0.246882 0)
(-0.0131088 -0.22064 0)
(-0.00961763 -0.190384 0)
(-0.00636328 -0.155959 0)
(-0.00351659 -0.117219 0)
(-0.00131829 -0.0740317 0)
(-0.000209316 -0.0262616 0)
(-5.52647e-06 0.00880699 0)
(-3.96365e-05 0.0254126 0)
(-0.000111743 0.0410272 0)
(-0.000208984 0.0556717 0)
(-0.00032327 0.069371 0)
(-0.000447919 0.0821535 0)
(-0.000576626 0.0940503 0)
(-0.000703919 0.105095 0)
(-0.000825332 0.115321 0)
(-0.000937405 0.124763 0)
(-0.00103758 0.133458 0)
(-0.00112411 0.14144 0)
(-0.00119594 0.148743 0)
(-0.00125268 0.155402 0)
(-0.00129439 0.161447 0)
(-0.00132159 0.16691 0)
(-0.00133504 0.171821 0)
(-0.00133569 0.176208 0)
(-0.00132472 0.180096 0)
(-0.00130341 0.183511 0)
(-0.00127315 0.186474 0)
(-0.00123539 0.189007 0)
(-0.00119164 0.191129 0)
(-0.00114346 0.192857 0)
(-0.00109246 0.194206 0)
(-0.00104031 0.19519 0)
(-0.000988747 0.19582 0)
(-0.000939589 0.196107 0)
(-0.000894737 0.196058 0)
(-0.000856193 0.195681 0)
(-0.000826068 0.19498 0)
(-0.000806589 0.193958 0)
(-0.000800109 0.192618 0)
(-0.000809107 0.19096 0)
(-0.000836191 0.188982 0)
(-0.000884097 0.186683 0)
(-0.00095568 0.184057 0)
(-0.00105391 0.181101 0)
(-0.00118184 0.177807 0)
(-0.00134263 0.174169 0)
(-0.00153946 0.170177 0)
(-0.00177558 0.165822 0)
(-0.0020542 0.161094 0)
(-0.0023785 0.15598 0)
(-0.00275159 0.150468 0)
(-0.00317644 0.144546 0)
(-0.00365582 0.1382 0)
(-0.00419228 0.131415 0)
(-0.00478802 0.124177 0)
(-0.00544491 0.116471 0)
(-0.00616432 0.108284 0)
(-0.00694711 0.0995991 0)
(-0.00779351 0.0904043 0)
(-0.00870306 0.0806861 0)
(-0.00967448 0.0704327 0)
(-0.0107056 0.0596341 0)
(-0.0117935 0.0482821 0)
(-0.0129338 0.0363713 0)
(-0.0141207 0.0238996 0)
(-0.0153469 0.0108697 0)
(-0.0166093 -0.00271134 0)
(-0.0178899 -0.0168283 0)
(-0.0191843 -0.0314582 0)
(-0.020481 -0.0465715 0)
(-0.021769 -0.0621311 0)
(-0.0230381 -0.0780915 0)
(-0.0242783 -0.0943989 0)
(-0.0254794 -0.11099 0)
(-0.0266322 -0.127793 0)
(-0.0277274 -0.144725 0)
(-0.0287565 -0.161697 0)
(-0.0297115 -0.178608 0)
(-0.0305846 -0.195349 0)
(-0.0313685 -0.211803 0)
(-0.0320561 -0.227844 0)
(-0.0326411 -0.243341 0)
(-0.0331171 -0.258155 0)
(-0.0334773 -0.272144 0)
(-0.0337139 -0.28516 0)
(-0.0338182 -0.297051 0)
(-0.0337803 -0.307661 0)
(-0.0335886 -0.31683 0)
(-0.0332297 -0.324397 0)
(-0.0326885 -0.330193 0)
(-0.0319486 -0.334047 0)
(-0.0309926 -0.335782 0)
(-0.0298034 -0.335215 0)
(-0.0283653 -0.332156 0)
(-0.0266659 -0.32641 0)
(-0.0246986 -0.317775 0)
(-0.022466 -0.306042 0)
(-0.0199826 -0.291001 0)
(-0.0172791 -0.272438 0)
(-0.0144063 -0.250142 0)
(-0.0114394 -0.223905 0)
(-0.0084831 -0.193528 0)
(-0.00567271 -0.158819 0)
(-0.00316937 -0.119598 0)
(-0.00120367 -0.0756928 0)
(-0.000195527 -0.0269247 0)
(-5.28164e-06 0.008826 0)
(-3.45834e-05 0.0254633 0)
(-9.26366e-05 0.0411017 0)
(-0.000165126 0.0557617 0)
(-0.000242344 0.0694685 0)
(-0.000316306 0.0822513 0)
(-0.000379856 0.0941423 0)
(-0.000427044 0.105176 0)
(-0.000453234 0.115387 0)
(-0.00045507 0.124812 0)
(-0.000430318 0.133487 0)
(-0.000377693 0.141448 0)
(-0.000296753 0.148729 0)
(-0.000187753 0.155366 0)
(-5.14845e-05 0.161391 0)
(0.000110859 0.166835 0)
(0.000297777 0.171728 0)
(0.000507569 0.176097 0)
(0.000738398 0.17997 0)
(0.000988338 0.183371 0)
(0.00125541 0.186322 0)
(0.00153762 0.188845 0)
(0.00183295 0.190958 0)
(0.00213938 0.192679 0)
(0.00245488 0.194023 0)
(0.00277738 0.195004 0)
(0.00310481 0.195633 0)
(0.00343503 0.195921 0)
(0.00376585 0.195875 0)
(0.004095 0.195503 0)
(0.00442013 0.194809 0)
(0.00473877 0.193798 0)
(0.00504836 0.19247 0)
(0.00534619 0.190827 0)
(0.00562946 0.188867 0)
(0.0058952 0.186588 0)
(0.00614036 0.183986 0)
(0.00636173 0.181057 0)
(0.006556 0.177793 0)
(0.00671979 0.174188 0)
(0.00684959 0.170233 0)
(0.00694189 0.165919 0)
(0.00699311 0.161234 0)
(0.0069997 0.156167 0)
(0.00695815 0.150706 0)
(0.00686503 0.144837 0)
(0.00671706 0.138547 0)
(0.00651115 0.131821 0)
(0.00624446 0.124645 0)
(0.00591449 0.117003 0)
(0.00551909 0.10888 0)
(0.0050566 0.100261 0)
(0.00452592 0.0911326 0)
(0.00392655 0.0814803 0)
(0.0032587 0.0712917 0)
(0.00252338 0.0605558 0)
(0.00172244 0.0492636 0)
(0.00085871 0.0374083 0)
(-6.37383e-05 0.0249856 0)
(-0.00103939 0.0119981 0)
(-0.0020662 -0.00154739 0)
(-0.00312837 -0.015638 0)
(-0.00422311 -0.0302511 0)
(-0.00534098 -0.045357 0)
(-0.00647336 -0.0609184 0)
(-0.00761231 -0.0768898 0)
(-0.00875019 -0.0932168 0)
(-0.00987966 -0.109836 0)
(-0.0109939 -0.126675 0)
(-0.0120864 -0.143652 0)
(-0.0131514 -0.160674 0)
(-0.0141834 -0.177642 0)
(-0.0151776 -0.194447 0)
(-0.0161289 -0.21097 0)
(-0.0170324 -0.227087 0)
(-0.0178839 -0.242665 0)
(-0.0186788 -0.257566 0)
(-0.0194115 -0.271648 0)
(-0.0200753 -0.284765 0)
(-0.0206619 -0.296767 0)
(-0.0211611 -0.307499 0)
(-0.0215603 -0.316803 0)
(-0.0218445 -0.324521 0)
(-0.0219958 -0.330485 0)
(-0.0219937 -0.334526 0)
(-0.021816 -0.336468 0)
(-0.0214389 -0.336128 0)
(-0.0208389 -0.333315 0)
(-0.0199942 -0.327829 0)
(-0.0188871 -0.319462 0)
(-0.0175079 -0.307995 0)
(-0.0158576 -0.293204 0)
(-0.0139522 -0.274857 0)
(-0.0118268 -0.252722 0)
(-0.0095408 -0.226564 0)
(-0.00718335 -0.196152 0)
(-0.0048749 -0.16126 0)
(-0.00276417 -0.12167 0)
(-0.00106795 -0.0771656 0)
(-0.00017859 -0.0275246 0)
(-5.28024e-06 0.00884295 0)
(-3.06511e-05 0.0255049 0)
(-7.59213e-05 0.0411575 0)
(-0.000124719 0.0558212 0)
(-0.000165384 0.0695223 0)
(-0.000188442 0.0822911 0)
(-0.000185774 0.0941611 0)
(-0.000150909 0.105168 0)
(-7.90504e-05 0.115349 0)
(3.30541e-05 0.124741 0)
(0.000187266 0.133381 0)
(0.00038428 0.141307 0)
(0.000623852 0.148554 0)
(0.000904985 0.155156 0)
(0.00122612 0.161148 0)
(0.00158531 0.166561 0)
(0.00198028 0.171425 0)
(0.00240856 0.175767 0)
(0.00286761 0.179615 0)
(0.00335483 0.182994 0)
(0.00386766 0.185925 0)
(0.00440353 0.18843 0)
(0.00495993 0.190527 0)
(0.00553435 0.192235 0)
(0.00612435 0.193568 0)
(0.0067275 0.19454 0)
(0.00734137 0.195162 0)
(0.00796352 0.195446 0)
(0.00859147 0.195398 0)
(0.00922271 0.195027 0)
(0.00985463 0.194336 0)
(0.0104846 0.19333 0)
(0.0111097 0.192011 0)
(0.0117273 0.190379 0)
(0.0123341 0.188433 0)
(0.0129271 0.186172 0)
(0.013503 0.18359 0)
(0.0140585 0.180685 0)
(0.0145899 0.177449 0)
(0.0150936 0.173875 0)
(0.0155659 0.169955 0)
(0.016003 0.165678 0)
(0.0164009 0.161035 0)
(0.0167558 0.156014 0)
(0.0170638 0.150603 0)
(0.0173209 0.144787 0)
(0.0175235 0.138553 0)
(0.0176678 0.131887 0)
(0.0177505 0.124773 0)
(0.0177683 0.117197 0)
(0.0177184 0.109141 0)
(0.0175983 0.100592 0)
(0.017406 0.0915346 0)
(0.0171401 0.0819537 0)
(0.0167996 0.0718364 0)
(0.0163845 0.0611709 0)
(0.0158953 0.0499474 0)
(0.0153336 0.0381584 0)
(0.0147015 0.0257997 0)
(0.0140024 0.0128714 0)
(0.0132376 -0.000621994 0)
(0.0124198 -0.0146681 0)
(0.0115506 -0.0292439 0)
(0.0106369 -0.0443197 0)
(0.00968484 -0.0598579 0)
(0.00869965 -0.0758128 0)
(0.00768627 -0.0921295 0)
(0.00664918 -0.108744 0)
(0.00559234 -0.125584 0)
(0.00451922 -0.142566 0)
(0.00343277 -0.159598 0)
(0.00233552 -0.17658 0)
(0.00122964 -0.193402 0)
(0.000117025 -0.209948 0)
(-0.00100024 -0.226091 0)
(-0.00211956 -0.241696 0)
(-0.00323795 -0.256629 0)
(-0.00435127 -0.270749 0)
(-0.00545384 -0.283911 0)
(-0.00653798 -0.295967 0)
(-0.00759344 -0.306764 0)
(-0.00860695 -0.316148 0)
(-0.0095618 -0.323963 0)
(-0.0104376 -0.330045 0)
(-0.0112101 -0.334228 0)
(-0.011852 -0.336337 0)
(-0.0123332 -0.336192 0)
(-0.0126223 -0.333601 0)
(-0.0126877 -0.328362 0)
(-0.0125006 -0.320261 0)
(-0.0120383 -0.309072 0)
(-0.0112879 -0.294557 0)
(-0.0102493 -0.276469 0)
(-0.00894087 -0.254554 0)
(-0.0074044 -0.22855 0)
(-0.00571124 -0.198195 0)
(-0.00396452 -0.163228 0)
(-0.00229766 -0.123389 0)
(-0.000909703 -0.0784204 0)
(-0.000158215 -0.02805 0)
(-5.51932e-06 0.00885844 0)
(-2.77048e-05 0.0255384 0)
(-6.108e-05 0.0411955 0)
(-8.66184e-05 0.055851 0)
(-9.0396e-05 0.0695323 0)
(-6.12779e-05 0.0822717 0)
(9.93496e-06 0.0941048 0)
(0.000130263 0.105069 0)
(0.000304585 0.115203 0)
(0.000535934 0.124545 0)
(0.000825701 0.133136 0)
(0.0011739 0.141011 0)
(0.00157949 0.148209 0)
(0.00204067 0.154764 0)
(0.00255501 0.160711 0)
(0.00311973 0.166081 0)
(0.00373174 0.170904 0)
(0.00438779 0.17521 0)
(0.00508462 0.179024 0)
(0.00581895 0.182371 0)
(0.00658761 0.185273 0)
(0.00738745 0.187753 0)
(0.00821545 0.189827 0)
(0.00906867 0.191515 0)
(0.00994423 0.19283 0)
(0.0108393 0.193787 0)
(0.0117512 0.194397 0)
(0.0126772 0.19467 0)
(0.0136144 0.194616 0)
(0.0145602 0.19424 0)
(0.0155118 0.193547 0)
(0.0164661 0.192543 0)
(0.0174204 0.191227 0)
(0.0183714 0.189602 0)
(0.0193161 0.187667 0)
(0.0202511 0.185419 0)
(0.0211728 0.182855 0)
(0.0220778 0.17997 0)
(0.0229623 0.176758 0)
(0.0238225 0.173212 0)
(0.0246542 0.169324 0)
(0.0254535 0.165084 0)
(0.026216 0.160481 0)
(0.0269377 0.155504 0)
(0.0276142 0.150141 0)
(0.0282411 0.144377 0)
(0.0288143 0.1382 0)
(0.0293295 0.131594 0)
(0.0297826 0.124544 0)
(0.03017 0.117034 0)
(0.0304878 0.109049 0)
(0.0307329 0.100573 0)
(0.0309022 0.0915898 0)
(0.0309934 0.0820856 0)
(0.0310044 0.0720461 0)
(0.0309338 0.0614588 0)
(0.030781 0.0503131 0)
(0.0305459 0.0386008 0)
(0.030229 0.0263169 0)
(0.029832 0.0134604 0)
(0.0293556 3.48081e-05 0)
(0.0288069 -0.0139488 0)
(0.028188 -0.0284672 0)
(0.0275026 -0.0434903 0)
(0.0267539 -0.0589799 0)
(0.0259442 -0.0748899 0)
(0.0250756 -0.0911649 0)
(0.0241492 -0.107741 0)
(0.023166 -0.124544 0)
(0.0221262 -0.14149 0)
(0.0210296 -0.158489 0)
(0.0198757 -0.175437 0)
(0.0186638 -0.192226 0)
(0.0173927 -0.208738 0)
(0.0160615 -0.224849 0)
(0.0146707 -0.240425 0)
(0.0132218 -0.255333 0)
(0.0117174 -0.269431 0)
(0.0101622 -0.282578 0)
(0.00856305 -0.294627 0)
(0.00693028 -0.305429 0)
(0.00527779 -0.314835 0)
(0.00362373 -0.322691 0)
(0.00199088 -0.328837 0)
(0.00040671 -0.333113 0)
(-0.00109653 -0.335347 0)
(-0.00248189 -0.335359 0)
(-0.00371021 -0.332962 0)
(-0.00474051 -0.327951 0)
(-0.00553265 -0.320111 0)
(-0.00605058 -0.309208 0)
(-0.00626635 -0.294993 0)
(-0.00616334 -0.277205 0)
(-0.00574146 -0.255567 0)
(-0.00502349 -0.229794 0)
(-0.00406094 -0.199593 0)
(-0.00293703 -0.164665 0)
(-0.00176683 -0.12471 0)
(-0.000727519 -0.0794258 0)
(-0.000134089 -0.0284887 0)
(-5.98556e-06 0.00887298 0)
(-2.55179e-05 0.0255646 0)
(-4.73206e-05 0.0412162 0)
(-4.91474e-05 0.0558504 0)
(-1.44978e-05 0.0694971 0)
(6.96027e-05 0.0821909 0)
(0.000213455 0.0939697 0)
(0.000424546 0.104873 0)
(0.000707727 0.114943 0)
(0.00106563 0.12422 0)
(0.00149902 0.132743 0)
(0.00200713 0.140553 0)
(0.00258804 0.147687 0)
(0.003239 0.154181 0)
(0.00395667 0.160069 0)
(0.00473734 0.165384 0)
(0.00557707 0.170157 0)
(0.00647181 0.174414 0)
(0.00741754 0.178184 0)
(0.00841033 0.181491 0)
(0.00944634 0.184356 0)
(0.0105219 0.186802 0)
(0.0116335 0.188846 0)
(0.0127777 0.190506 0)
(0.0139512 0.191797 0)
(0.0151509 0.192733 0)
(0.0163738 0.193325 0)
(0.0176167 0.193582 0)
(0.0188767 0.193515 0)
(0.0201509 0.193129 0)
(0.0214362 0.19243 0)
(0.0227294 0.191421 0)
(0.0240276 0.190106 0)
(0.0253274 0.188483 0)
(0.0266255 0.186553 0)
(0.0279184 0.184315 0)
(0.0292024 0.181764 0)
(0.0304739 0.178895 0)
(0.0317288 0.175704 0)
(0.032963 0.172183 0)
(0.0341724 0.168324 0)
(0.0353526 0.164116 0)
(0.0364991 0.159551 0)
(0.0376072 0.154616 0)
(0.0386724 0.149299 0)
(0.0396898 0.143587 0)
(0.0406548 0.137465 0)
(0.0415626 0.130919 0)
(0.0424085 0.123933 0)
(0.043188 0.116491 0)
(0.0438966 0.108578 0)
(0.0445303 0.100178 0)
(0.0450852 0.091274 0)
(0.0455576 0.0818514 0)
(0.0459444 0.0718958 0)
(0.046243 0.0613941 0)
(0.0464511 0.0503352 0)
(0.0465672 0.0387102 0)
(0.0465902 0.0265133 0)
(0.0465197 0.0137429 0)
(0.0463555 0.000401478 0)
(0.0461006 -0.0135008 0)
(0.0457554 -0.0279406 0)
(0.0453205 -0.0428869 0)
(0.0447961 -0.0583009 0)
(0.0441813 -0.0741358 0)
(0.0434746 -0.0903357 0)
(0.042674 -0.106836 0)
(0.041777 -0.123562 0)
(0.0407803 -0.14043 0)
(0.0396805 -0.157348 0)
(0.0384739 -0.174214 0)
(0.0371565 -0.190919 0)
(0.0357245 -0.207344 0)
(0.0341744 -0.223366 0)
(0.0325043 -0.238854 0)
(0.0307138 -0.253674 0)
(0.028804 -0.267687 0)
(0.0267784 -0.280754 0)
(0.0246434 -0.292732 0)
(0.0224094 -0.303476 0)
(0.0200909 -0.31284 0)
(0.0177075 -0.320675 0)
(0.0152843 -0.326827 0)
(0.0128521 -0.33114 0)
(0.0104476 -0.333449 0)
(0.00811351 -0.333579 0)
(0.00589696 -0.331344 0)
(0.0038482 -0.326541 0)
(0.0020186 -0.318953 0)
(0.000457784 -0.30834 0)
(-0.000790027 -0.294444 0)
(-0.00169025 -0.276993 0)
(-0.00222422 -0.255692 0)
(-0.00239389 -0.23023 0)
(-0.00222867 -0.200281 0)
(-0.00178918 -0.165514 0)
(-0.00116929 -0.125587 0)
(-0.000520121 -0.0801494 0)
(-0.000105874 -0.0288278 0)
(-6.64982e-06 0.00888696 0)
(-2.37398e-05 0.0255838 0)
(-3.34827e-05 0.041219 0)
(-9.88043e-06 0.055818 0)
(6.64422e-05 0.0694138 0)
(0.000210366 0.082044 0)
(0.000433184 0.0937499 0)
(0.00074268 0.104575 0)
(0.00114351 0.114562 0)
(0.00163774 0.123754 0)
(0.00222531 0.132194 0)
(0.00290452 0.139922 0)
(0.00367242 0.146977 0)
(0.00452524 0.153395 0)
(0.00545861 0.159212 0)
(0.00646783 0.16446 0)
(0.00754808 0.16917 0)
(0.00869446 0.173369 0)
(0.00990222 0.177085 0)
(0.0111667 0.180342 0)
(0.0124835 0.183162 0)
(0.0138484 0.185565 0)
(0.0152573 0.187572 0)
(0.0167064 0.189197 0)
(0.0181921 0.190457 0)
(0.0197108 0.191364 0)
(0.0212593 0.191931 0)
(0.0228342 0.192168 0)
(0.0244322 0.192082 0)
(0.0260503 0.19168 0)
(0.0276851 0.190969 0)
(0.0293335 0.189951 0)
(0.0309922 0.188629 0)
(0.0326576 0.187005 0)
(0.0343265 0.185076 0)
(0.035995 0.182842 0)
(0.0376594 0.180299 0)
(0.0393158 0.177444 0)
(0.0409601 0.174269 0)
(0.0425879 0.170769 0)
(0.0441948 0.166934 0)
(0.0457762 0.162757 0)
(0.0473273 0.158226 0)
(0.0488432 0.153331 0)
(0.0503187 0.148058 0)
(0.0517488 0.142395 0)
(0.0531281 0.136327 0)
(0.0544514 0.12984 0)
(0.0557134 0.122918 0)
(0.0569087 0.115546 0)
(0.0580322 0.107706 0)
(0.0590787 0.099384 0)
(0.0600435 0.0905625 0)
(0.0609217 0.0812263 0)
(0.061709 0.0713606 0)
(0.0624013 0.060952 0)
(0.0629949 0.0499888 0)
(0.0634865 0.0384617 0)
(0.0638733 0.0263645 0)
(0.0641526 0.0136946 0)
(0.0643225 0.000453735 0)
(0.0643847 -0.0133481 0)
(0.0643345 -0.027687 0)
(0.06417 -0.0425309 0)
(0.0638878 -0.0578405 0)
(0.0634836 -0.0735681 0)
(0.0629524 -0.0896574 0)
(0.0622884 -0.106043 0)
(0.0614855 -0.122649 0)
(0.0605369 -0.139393 0)
(0.0594357 -0.156182 0)
(0.0581748 -0.172912 0)
(0.0567473 -0.189476 0)
(0.0551463 -0.205756 0)
(0.0533662 -0.221629 0)
(0.0514027 -0.236965 0)
(0.0492533 -0.251633 0)
(0.0469178 -0.265496 0)
(0.0443987 -0.278417 0)
(0.0417021 -0.290257 0)
(0.0388385 -0.300876 0)
(0.0358231 -0.310133 0)
(0.0326771 -0.317883 0)
(0.0294279 -0.323981 0)
(0.0261095 -0.328275 0)
(0.0227631 -0.330607 0)
(0.0194369 -0.330808 0)
(0.0161852 -0.328696 0)
(0.0130674 -0.324074 0)
(0.0101458 -0.316722 0)
(0.00748354 -0.306401 0)
(0.00514116 -0.292847 0)
(0.00317111 -0.275772 0)
(0.00161232 -0.254865 0)
(0.000485585 -0.229791 0)
(-0.000213342 -0.200196 0)
(-0.000519629 -0.165717 0)
(-0.000503804 -0.125969 0)
(-0.000286719 -0.0805571 0)
(-7.33098e-05 -0.0290536 0)
(-7.46e-06 0.00890056 0)
(-2.18505e-05 0.0255953 0)
(-1.79004e-05 0.0412022 0)
(3.45938e-05 0.0557505 0)
(0.000158043 0.0692771 0)
(0.000369143 0.0818243 0)
(0.000680006 0.0934374 0)
(0.00109849 0.104163 0)
(0.00162882 0.114048 0)
(0.00227222 0.123138 0)
(0.00302761 0.131476 0)
(0.00389213 0.139106 0)
(0.00486167 0.146066 0)
(0.00593128 0.152395 0)
(0.0070955 0.158127 0)
(0.00834859 0.163295 0)
(0.00968477 0.16793 0)
(0.0110983 0.17206 0)
(0.0125837 0.175712 0)
(0.0141356 0.17891 0)
(0.015749 0.181675 0)
(0.0174191 0.184028 0)
(0.0191415 0.185988 0)
(0.0209118 0.187572 0)
(0.0227261 0.188793 0)
(0.0245805 0.189666 0)
(0.0264715 0.190201 0)
(0.0283955 0.19041 0)
(0.030349 0.190299 0)
(0.0323287 0.189876 0)
(0.0343312 0.189147 0)
(0.0363531 0.188114 0)
(0.038391 0.186781 0)
(0.0404412 0.185149 0)
(0.0425002 0.183216 0)
(0.0445643 0.180982 0)
(0.0466293 0.178443 0)
(0.0486913 0.175595 0)
(0.050746 0.172432 0)
(0.0527888 0.168948 0)
(0.0548151 0.165135 0)
(0.05682 0.160984 0)
(0.0587984 0.156484 0)
(0.060745 0.151625 0)
(0.0626543 0.146394 0)
(0.0645207 0.140777 0)
(0.0663384 0.134762 0)
(0.0681016 0.128333 0)
(0.0698041 0.121475 0)
(0.07144 0.114172 0)
(0.0730032 0.106408 0)
(0.0744876 0.0981664 0)
(0.0758871 0.0894309 0)
(0.077196 0.0801857 0)
(0.0784084 0.070416 0)
(0.0795188 0.0601081 0)
(0.0805218 0.0492499 0)
(0.0814125 0.0378317 0)
(0.0821858 0.0258471 0)
(0.0828369 0.0132928 0)
(0.0833626 0.000169682 0)
(0.0837613 -0.0135117 0)
(0.0840242 -0.0277258 0)
(0.0841464 -0.04244 0)
(0.0841205 -0.0576142 0)
(0.0839383 -0.0731999 0)
(0.0835909 -0.08914 0)
(0.0830689 -0.105368 0)
(0.0823623 -0.12181 0)
(0.0814605 -0.13838 0)
(0.0803532 -0.154986 0)
(0.0790298 -0.171525 0)
(0.0774803 -0.18789 0)
(0.0756954 -0.203962 0)
(0.0736668 -0.219622 0)
(0.0713882 -0.23474 0)
(0.0688554 -0.249188 0)
(0.0660669 -0.262832 0)
(0.0630246 -0.275538 0)
(0.0597345 -0.287172 0)
(0.0562073 -0.297597 0)
(0.0524594 -0.306679 0)
(0.0485134 -0.314279 0)
(0.0443993 -0.320259 0)
(0.0401543 -0.324476 0)
(0.0358239 -0.326776 0)
(0.0314617 -0.327001 0)
(0.027129 -0.324973 0)
(0.0228937 -0.320501 0)
(0.018829 -0.313368 0)
(0.015011 -0.303335 0)
(0.0115156 -0.290133 0)
(0.00841344 -0.273466 0)
(0.00576488 -0.253009 0)
(0.00361478 -0.228405 0)
(0.00198617 -0.199277 0)
(0.000872187 -0.16522 0)
(0.000229436 -0.125814 0)
(-2.7704e-05 -0.0806161 0)
(-3.65421e-05 -0.0291523 0)
(-8.33544e-06 0.00891364 0)
(-1.91158e-05 0.0255979 0)
(1.73527e-06 0.0411624 0)
(8.88317e-05 0.0556421 0)
(0.000267597 0.0690794 0)
(0.000556394 0.0815221 0)
(0.000967862 0.0930206 0)
(0.0015096 0.103626 0)
(0.00218503 0.113388 0)
(0.00299424 0.122355 0)
(0.00393483 0.130574 0)
(0.00500257 0.138088 0)
(0.006192 0.144938 0)
(0.00749686 0.151162 0)
(0.0089105 0.156795 0)
(0.0104261 0.161871 0)
(0.0120369 0.16642 0)
(0.0137363 0.17047 0)
(0.0155181 0.174048 0)
(0.0173762 0.177177 0)
(0.019305 0.179878 0)
(0.0212993 0.182173 0)
(0.0233541 0.184079 0)
(0.0254648 0.185612 0)
(0.0276271 0.186788 0)
(0.0298369 0.187619 0)
(0.0320902 0.188116 0)
(0.0343833 0.18829 0)
(0.0367126 0.188148 0)
(0.0390745 0.187698 0)
(0.0414655 0.186945 0)
(0.0438821 0.185891 0)
(0.0463207 0.184541 0)
(0.0487775 0.182895 0)
(0.0512489 0.180953 0)
(0.0537309 0.178713 0)
(0.0562195 0.176172 0)
(0.0587103 0.173327 0)
(0.061199 0.170171 0)
(0.0636807 0.166699 0)
(0.0661506 0.162903 0)
(0.0686035 0.158774 0)
(0.0710339 0.154301 0)
(0.0734363 0.149475 0)
(0.0758048 0.144282 0)
(0.0781331 0.13871 0)
(0.0804149 0.132746 0)
(0.0826437 0.126374 0)
(0.0848127 0.11958 0)
(0.086915 0.112346 0)
(0.0889436 0.104659 0)
(0.0908913 0.0964999 0)
(0.092751 0.0878539 0)
(0.0945153 0.0787048 0)
(0.0961772 0.0690376 0)
(0.0977293 0.0588384 0)
(0.0991648 0.048095 0)
(0.100477 0.0367976 0)
(0.101658 0.0249393 0)
(0.1027 0.0125167 0)
(0.103602 -0.000469925 0)
(0.104352 -0.0140086 0)
(0.104942 -0.0280722 0)
(0.105362 -0.042627 0)
(0.105601 -0.0576321 0)
(0.105647 -0.0730382 0)
(0.105486 -0.0887876 0)
(0.105104 -0.104814 0)
(0.104488 -0.12104 0)
(0.103624 -0.137384 0)
(0.102498 -0.15375 0)
(0.101095 -0.170039 0)
(0.0994035 -0.186141 0)
(0.0974107 -0.201942 0)
(0.0951063 -0.217321 0)
(0.0924823 -0.232153 0)
(0.089533 -0.24631 0)
(0.0862561 -0.259664 0)
(0.0826532 -0.272084 0)
(0.0787303 -0.283439 0)
(0.074499 -0.293601 0)
(0.069977 -0.302438 0)
(0.0651888 -0.309823 0)
(0.0601669 -0.315622 0)
(0.0549519 -0.3197 0)
(0.0495937 -0.321914 0)
(0.0441511 -0.322113 0)
(0.0386919 -0.320128 0)
(0.0332925 -0.315774 0)
(0.0280362 -0.30884 0)
(0.0230117 -0.299087 0)
(0.0183097 -0.286249 0)
(0.0140191 -0.27002 0)
(0.0102219 -0.250065 0)
(0.00698765 -0.226011 0)
(0.00436761 -0.197454 0)
(0.00238588 -0.16396 0)
(0.00103061 -0.125068 0)
(0.000256903 -0.0802938 0)
(4.29269e-06 -0.0291112 0)
(-9.15787e-06 0.00892565 0)
(-1.45088e-05 0.0255886 0)
(2.84576e-05 0.0410943 0)
(0.00015869 0.0554846 0)
(0.000404449 0.0688096 0)
(0.000785437 0.0811241 0)
(0.00131438 0.0924842 0)
(0.00199812 0.102946 0)
(0.00283884 0.112563 0)
(0.00383508 0.121388 0)
(0.0049828 0.129468 0)
(0.00627613 0.136849 0)
(0.00770806 0.143572 0)
(0.00927091 0.149676 0)
(0.0109567 0.155197 0)
(0.0127576 0.160169 0)
(0.0146657 0.16462 0)
(0.0166737 0.168579 0)
(0.0187744 0.172072 0)
(0.0209613 0.175123 0)
(0.0232283 0.177752 0)
(0.0255695 0.179979 0)
(0.0279796 0.181823 0)
(0.0304536 0.183299 0)
(0.032987 0.184421 0)
(0.0355752 0.185203 0)
(0.0382143 0.185655 0)
(0.0409002 0.185787 0)
(0.0436292 0.185608 0)
(0.0463975 0.185123 0)
(0.0492015 0.184339 0)
(0.0520374 0.183259 0)
(0.0549016 0.181886 0)
(0.0577903 0.180221 0)
(0.0606996 0.178263 0)
(0.0636254 0.176011 0)
(0.0665635 0.173463 0)
(0.0695095 0.170615 0)
(0.0724587 0.167462 0)
(0.0754061 0.163997 0)
(0.0783466 0.160212 0)
(0.0812747 0.1561 0)
(0.0841846 0.151651 0)
(0.0870703 0.146854 0)
(0.0899253 0.141697 0)
(0.092743 0.136167 0)
(0.0955164 0.130251 0)
(0.0982382 0.123935 0)
(0.100901 0.117204 0)
(0.103496 0.110041 0)
(0.106017 0.102432 0)
(0.108454 0.0943589 0)
(0.110799 0.0858066 0)
(0.113043 0.0767593 0)
(0.115178 0.0672018 0)
(0.117194 0.0571203 0)
(0.119083 0.0465026 0)
(0.120836 0.0353387 0)
(0.122442 0.023622 0)
(0.123893 0.0113487 0)
(0.125185 -0.00148067 0)
(0.126298 -0.014852 0)
(0.127225 -0.0287365 0)
(0.127949 -0.0430992 0)
(0.128455 -0.0578983 0)
(0.128726 -0.0730836 0)
(0.128745 -0.0885967 0)
(0.128493 -0.104371 0)
(0.127954 -0.120329 0)
(0.127109 -0.136389 0)
(0.125941 -0.152456 0)
(0.124432 -0.16843 0)
(0.122567 -0.184204 0)
(0.120332 -0.199664 0)
(0.117714 -0.214692 0)
(0.114704 -0.229166 0)
(0.111295 -0.242961 0)
(0.107485 -0.255951 0)
(0.103274 -0.268012 0)
(0.0986712 -0.279017 0)
(0.0936877 -0.288843 0)
(0.0883433 -0.297368 0)
(0.0826649 -0.304469 0)
(0.0766877 -0.310022 0)
(0.0704561 -0.313902 0)
(0.0640241 -0.315976 0)
(0.0574557 -0.316099 0)
(0.0508252 -0.314115 0)
(0.0442168 -0.309846 0)
(0.0377236 -0.303088 0)
(0.031446 -0.293609 0)
(0.0254894 -0.281141 0)
(0.0199601 -0.265379 0)
(0.0149616 -0.245977 0)
(0.0105886 -0.22255 0)
(0.0069214 -0.194674 0)
(0.0040173 -0.161884 0)
(0.00189903 -0.123686 0)
(0.000567592 -0.0795545 0)
(4.94494e-05 -0.028916 0)
(-9.7645e-06 0.00893545 0)
(-6.68125e-06 0.0255632 0)
(6.61858e-05 0.0409894 0)
(0.000251646 0.0552661 0)
(0.000580426 0.0684527 0)
(0.001073 0.0806122 0)
(0.00174152 0.091808 0)
(0.00259146 0.102101 0)
(0.00362316 0.111551 0)
(0.00483315 0.120211 0)
(0.00621537 0.128133 0)
(0.00776202 0.135363 0)
(0.00946433 0.141943 0)
(0.0113131 0.147913 0)
(0.0132989 0.153308 0)
(0.0154128 0.158162 0)
(0.0176459 0.162504 0)
(0.0199899 0.166362 0)
(0.0224372 0.16976 0)
(0.0249804 0.172723 0)
(0.0276129 0.17527 0)
(0.0303285 0.177422 0)
(0.0331214 0.179195 0)
(0.0359864 0.180605 0)
(0.0389186 0.181666 0)
(0.0419133 0.182392 0)
(0.0449662 0.182791 0)
(0.0480732 0.182875 0)
(0.0512303 0.182651 0)
(0.0544336 0.182126 0)
(0.0576793 0.181305 0)
(0.0609636 0.180191 0)
(0.0642828 0.178788 0)
(0.0676328 0.177097 0)
(0.0710096 0.175118 0)
(0.074409 0.172849 0)
(0.0778266 0.170288 0)
(0.0812578 0.167432 0)
(0.0846976 0.164275 0)
(0.088141 0.160811 0)
(0.0915824 0.157034 0)
(0.095016 0.152936 0)
(0.0984355 0.148505 0)
(0.101835 0.143734 0)
(0.105206 0.138609 0)
(0.108543 0.133119 0)
(0.111837 0.127251 0)
(0.11508 0.12099 0)
(0.118265 0.114321 0)
(0.121381 0.10723 0)
(0.12442 0.0997011 0)
(0.127372 0.0917178 0)
(0.130227 0.0832644 0)
(0.132974 0.0743255 0)
(0.135604 0.0648863 0)
(0.138105 0.0549329 0)
(0.140465 0.0444534 0)
(0.142675 0.0334379 0)
(0.144722 0.0218797 0)
(0.146591 0.00977553 0)
(0.148282 -0.00287338 0)
(0.149766 -0.0160498 0)
(0.151031 -0.0297231 0)
(0.152057 -0.043857 0)
(0.152823 -0.0584087 0)
(0.153308 -0.0733275 0)
(0.15349 -0.0885545 0)
(0.153348 -0.104022 0)
(0.152859 -0.119655 0)
(0.152002 -0.135369 0)
(0.150756 -0.151072 0)
(0.149102 -0.166664 0)
(0.147021 -0.18204 0)
(0.144496 -0.197088 0)
(0.141515 -0.211692 0)
(0.138066 -0.225733 0)
(0.134143 -0.23909 0)
(0.129743 -0.251643 0)
(0.124869 -0.26327 0)
(0.119528 -0.273852 0)
(0.113736 -0.283272 0)
(0.107513 -0.291415 0)
(0.10089 -0.298167 0)
(0.0939053 -0.303412 0)
(0.0866066 -0.307036 0)
(0.0790524 -0.308914 0)
(0.0713122 -0.308914 0)
(0.0634663 -0.30689 0)
(0.0556063 -0.302672 0)
(0.0478345 -0.296069 0)
(0.0402624 -0.286854 0)
(0.033009 -0.274763 0)
(0.0261978 -0.259493 0)
(0.0199529 -0.240694 0)
(0.0143941 -0.217971 0)
(0.00963154 -0.190882 0)
(0.00575705 -0.158942 0)
(0.00283044 -0.121624 0)
(0.000903428 -0.0783664 0)
(9.9052e-05 -0.0285531 0)
(-9.93707e-06 0.00894116 0)
(6.0605e-06 0.0255148 0)
(0.000119885 0.0408361 0)
(0.000377159 0.0549703 0)
(0.000810317 0.0679883 0)
(0.0014398 0.079963 0)
(0.00227631 0.0909658 0)
(0.00332314 0.101064 0)
(0.00457807 0.110322 0)
(0.00603509 0.118796 0)
(0.00768565 0.126539 0)
(0.00951974 0.1336 0)
(0.0115266 0.140021 0)
(0.0136954 0.145842 0)
(0.0160153 0.151098 0)
(0.0184761 0.155822 0)
(0.0210679 0.160043 0)
(0.0237817 0.163788 0)
(0.026609 0.167082 0)
(0.029542 0.169947 0)
(0.0325735 0.172404 0)
(0.0356969 0.174471 0)
(0.0389062 0.176165 0)
(0.0421958 0.177501 0)
(0.0455605 0.178494 0)
(0.0489954 0.179155 0)
(0.052496 0.179495 0)
(0.056058 0.179523 0)
(0.0596773 0.179248 0)
(0.0633499 0.178674 0)
(0.0670717 0.177809 0)
(0.0708389 0.176656 0)
(0.0746474 0.175217 0)
(0.0784933 0.173494 0)
(0.0823722 0.171487 0)
(0.0862798 0.169194 0)
(0.0902115 0.166615 0)
(0.0941624 0.163744 0)
(0.0981274 0.160578 0)
(0.102101 0.157112 0)
(0.106077 0.153337 0)
(0.11005 0.149247 0)
(0.114012 0.144832 0)
(0.117958 0.140083 0)
(0.121878 0.134988 0)
(0.125765 0.129536 0)
(0.129611 0.123714 0)
(0.133407 0.117507 0)
(0.137142 0.110903 0)
(0.140806 0.103886 0)
(0.14439 0.0964406 0)
(0.147882 0.0885518 0)
(0.15127 0.0802039 0)
(0.154542 0.0713819 0)
(0.157686 0.0620712 0)
(0.160688 0.0522585 0)
(0.163535 0.041932 0)
(0.166213 0.0310822 0)
(0.168707 0.0197025 0)
(0.171001 0.00778986 0)
(0.173094 -0.0046523 0)
(0.174944 -0.0176021 0)
(0.17654 -0.0310274 0)
(0.177854 -0.0448909 0)
(0.178862 -0.0591489 0)
(0.179537 -0.0737504 0)
(0.179854 -0.0886361 0)
(0.179785 -0.103739 0)
(0.179307 -0.118983 0)
(0.178393 -0.134285 0)
(0.177021 -0.149555 0)
(0.175166 -0.164693 0)
(0.172811 -0.179597 0)
(0.169936 -0.194157 0)
(0.166527 -0.208261 0)
(0.162573 -0.221793 0)
(0.158068 -0.234637 0)
(0.15301 -0.246676 0)
(0.147404 -0.257796 0)
(0.141258 -0.267883 0)
(0.13459 -0.276827 0)
(0.127426 -0.284522 0)
(0.119797 -0.29086 0)
(0.111747 -0.295738 0)
(0.103326 -0.299049 0)
(0.0945997 -0.300681 0)
(0.085641 -0.300513 0)
(0.0765366 -0.298409 0)
(0.0673852 -0.294214 0)
(0.0582973 -0.287744 0)
(0.0493951 -0.278784 0)
(0.0408102 -0.267077 0)
(0.0326822 -0.252323 0)
(0.0251549 -0.234174 0)
(0.0183726 -0.212229 0)
(0.0124756 -0.186035 0)
(0.00759094 -0.15509 0)
(0.00381756 -0.118842 0)
(0.00126205 -0.0767 0)
(0.00015286 -0.0280096 0)
(-9.42925e-06 0.00893986 0)
(2.58829e-05 0.0254339 0)
(0.000195851 0.0406186 0)
(0.000547012 0.0545757 0)
(0.00111237 0.06739 0)
(0.0019112 0.0791462 0)
(0.00295162 0.0899246 0)
(0.00423368 0.0997996 0)
(0.00575182 0.108839 0)
(0.00749682 0.117104 0)
(0.00945722 0.124648 0)
(0.0116205 0.131522 0)
(0.0139737 0.137767 0)
(0.0165042 0.143424 0)
(0.0191998 0.148528 0)
(0.0220488 0.15311 0)
(0.0250406 0.157199 0)
(0.0281653 0.160821 0)
(0.0314137 0.164 0)
(0.0347775 0.166758 0)
(0.038249 0.169115 0)
(0.0418213 0.171089 0)
(0.045488 0.172696 0)
(0.0492432 0.173951 0)
(0.0530814 0.174867 0)
(0.0569977 0.175456 0)
(0.0609872 0.175729 0)
(0.0650454 0.175694 0)
(0.0691681 0.175359 0)
(0.0733511 0.174732 0)
(0.0775902 0.173816 0)
(0.0818813 0.172616 0)
(0.0862202 0.171134 0)
(0.0906027 0.169373 0)
(0.0950244 0.167331 0)
(0.0994806 0.16501 0)
(0.103966 0.162405 0)
(0.108477 0.159516 0)
(0.113006 0.156336 0)
(0.117549 0.152861 0)
(0.122098 0.149085 0)
(0.126647 0.145 0)
(0.13119 0.140598 0)
(0.135717 0.135868 0)
(0.140221 0.130801 0)
(0.144692 0.125386 0)
(0.149122 0.119609 0)
(0.1535 0.113459 0)
(0.157815 0.106921 0)
(0.162056 0.0999813 0)
(0.16621 0.0926251 0)
(0.170264 0.0848376 0)
(0.174206 0.0766039 0)
(0.178021 0.0679096 0)
(0.181693 0.0587405 0)
(0.185208 0.0490839 0)
(0.188549 0.0389284 0)
(0.1917 0.0282651 0)
(0.194643 0.0170873 0)
(0.197357 0.00539213 0)
(0.199843 -0.00681282 0)
(0.202047 -0.019499 0)
(0.203953 -0.0326336 0)
(0.20553 -0.0461789 0)
(0.206746 -0.060091 0)
(0.207571 -0.0743184 0)
(0.207976 -0.088802 0)
(0.207931 -0.103475 0)
(0.207406 -0.118262 0)
(0.206373 -0.133082 0)
(0.204806 -0.147844 0)
(0.202681 -0.162453 0)
(0.199976 -0.176808 0)
(0.196672 -0.190803 0)
(0.192755 -0.204328 0)
(0.188215 -0.217273 0)
(0.183046 -0.229526 0)
(0.177249 -0.240977 0)
(0.170828 -0.251516 0)
(0.163799 -0.261038 0)
(0.15618 -0.269439 0)
(0.148001 -0.276621 0)
(0.139299 -0.282487 0)
(0.130119 -0.286941 0)
(0.12052 -0.289889 0)
(0.110568 -0.291228 0)
(0.100344 -0.290851 0)
(0.0899394 -0.288634 0)
(0.0794602 -0.284433 0)
(0.0690243 -0.278079 0)
(0.0587632 -0.269367 0)
(0.0488206 -0.258051 0)
(0.0393506 -0.243838 0)
(0.0305156 -0.226385 0)
(0.0224836 -0.205291 0)
(0.015424 -0.180099 0)
(0.00949994 -0.150295 0)
(0.00485027 -0.11531 0)
(0.00163992 -0.0745303 0)
(0.000210396 -0.027274 0)
(-7.74283e-06 0.00892735 0)
(5.56836e-05 0.0253076 0)
(0.000301896 0.0403157 0)
(0.000775692 0.0540539 0)
(0.00150881 0.0666239 0)
(0.00251785 0.0781236 0)
(0.00380685 0.0886432 0)
(0.00537144 0.0982641 0)
(0.00720177 0.107059 0)
(0.00928472 0.11509 0)
(0.0116055 0.122415 0)
(0.0141487 0.129083 0)
(0.016899 0.135137 0)
(0.019842 0.140616 0)
(0.0229638 0.145553 0)
(0.0262517 0.149981 0)
(0.029694 0.153926 0)
(0.03328 0.157415 0)
(0.037 0.16047 0)
(0.040845 0.163112 0)
(0.0448069 0.16536 0)
(0.0488785 0.167232 0)
(0.053053 0.168743 0)
(0.0573242 0.169908 0)
(0.0616864 0.17074 0)
(0.0661343 0.17125 0)
(0.0706629 0.171447 0)
(0.0752676 0.171342 0)
(0.0799437 0.170942 0)
(0.0846868 0.170253 0)
(0.0894926 0.169279 0)
(0.0943568 0.168026 0)
(0.099275 0.166496 0)
(0.104243 0.16469 0)
(0.109255 0.162609 0)
(0.114307 0.160252 0)
(0.119393 0.157618 0)
(0.124509 0.154704 0)
(0.129648 0.151506 0)
(0.134803 0.14802 0)
(0.139968 0.144238 0)
(0.145136 0.140155 0)
(0.150298 0.135763 0)
(0.155445 0.131052 0)
(0.16057 0.126013 0)
(0.165661 0.120634 0)
(0.170707 0.114906 0)
(0.175698 0.108814 0)
(0.180621 0.102347 0)
(0.185464 0.0954908 0)
(0.190211 0.0882314 0)
(0.194848 0.080555 0)
(0.199359 0.0724473 0)
(0.203729 0.0638946 0)
(0.207938 0.0548836 0)
(0.21197 0.0454022 0)
(0.215806 0.0354399 0)
(0.219425 0.0249882 0)
(0.222805 0.0140408 0)
(0.225927 0.00259357 0)
(0.228784 -0.00933768 0)
(0.231312 -0.021716 0)
(0.233491 -0.0345101 0)
(0.235285 -0.0476829 0)
(0.236657 -0.0611901 0)
(0.237575 -0.0749803 0)
(0.238003 -0.0889947 0)
(0.237909 -0.103167 0)
(0.23726 -0.117424 0)
(0.236025 -0.131684 0)
(0.234177 -0.145861 0)
(0.23169 -0.159862 0)
(0.228541 -0.173587 0)
(0.224712 -0.186936 0)
(0.220189 -0.199803 0)
(0.214964 -0.212083 0)
(0.209033 -0.223669 0)
(0.202399 -0.234457 0)
(0.195071 -0.244345 0)
(0.187067 -0.253234 0)
(0.178411 -0.261029 0)
(0.169136 -0.267639 0)
(0.159285 -0.272977 0)
(0.148908 -0.276959 0)
(0.138067 -0.279497 0)
(0.126837 -0.280505 0)
(0.115301 -0.279885 0)
(0.103558 -0.277526 0)
(0.091719 -0.273299 0)
(0.0799095 -0.267048 0)
(0.0682692 -0.25858 0)
(0.0569525 -0.247665 0)
(0.0461267 -0.234019 0)
(0.0359715 -0.217308 0)
(0.0266766 -0.197137 0)
(0.01844 -0.17305 0)
(0.0114598 -0.144531 0)
(0.0059154 -0.111003 0)
(0.0020323 -0.0718378 0)
(0.000270984 -0.026337 0)
(-4.37752e-06 0.00889788 0)
(9.89804e-05 0.0251186 0)
(0.000447684 0.0398997 0)
(0.00108082 0.053369 0)
(0.00202637 0.0656475 0)
(0.00329622 0.0768479 0)
(0.00488863 0.0870708 0)
(0.00679335 0.0964046 0)
(0.00899523 0.104926 0)
(0.0114766 0.1127 0)
(0.0142187 0.119785 0)
(0.0172032 0.126228 0)
(0.0204122 0.132074 0)
(0.0238293 0.13736 0)
(0.0274391 0.142118 0)
(0.0312278 0.14638 0)
(0.0351825 0.150171 0)
(0.0392918 0.153515 0)
(0.0435454 0.156436 0)
(0.0479338 0.158952 0)
(0.0524484 0.161082 0)
(0.0570815 0.162843 0)
(0.061826 0.164251 0)
(0.0666754 0.165318 0)
(0.0716235 0.166057 0)
(0.0766649 0.16648 0)
(0.0817942 0.166596 0)
(0.0870064 0.166413 0)
(0.0922967 0.16594 0)
(0.0976603 0.165183 0)
(0.103093 0.164146 0)
(0.108589 0.162833 0)
(0.114145 0.161248 0)
(0.119755 0.159393 0)
(0.125414 0.157267 0)
(0.131117 0.154871 0)
(0.136858 0.152203 0)
(0.142632 0.149261 0)
(0.148431 0.146042 0)
(0.154248 0.142541 0)
(0.160077 0.138752 0)
(0.165908 0.13467 0)
(0.171733 0.130288 0)
(0.177543 0.125596 0)
(0.183326 0.120586 0)
(0.189072 0.115248 0)
(0.194768 0.109571 0)
(0.200402 0.103544 0)
(0.205959 0.0971554 0)
(0.211425 0.0903918 0)
(0.216783 0.0832406 0)
(0.222016 0.0756886 0)
(0.227106 0.0677227 0)
(0.232035 0.05933 0)
(0.236781 0.0504983 0)
(0.241324 0.041216 0)
(0.245642 0.0314736 0)
(0.249711 0.0212633 0)
(0.253506 0.0105791 0)
(0.257017 -0.0005818 0)
(0.260193 -0.0121911 0)
(0.262994 -0.0242093 0)
(0.265387 -0.0366059 0)
(0.26733 -0.0493443 0)
(0.268785 -0.0623805 0)
(0.269712 -0.0756633 0)
(0.270075 -0.0891349 0)
(0.269837 -0.10273 0)
(0.268962 -0.116377 0)
(0.26742 -0.129998 0)
(0.265181 -0.143507 0)
(0.262217 -0.156815 0)
(0.258509 -0.169829 0)
(0.254038 -0.182449 0)
(0.248791 -0.194578 0)
(0.242764 -0.206115 0)
(0.235956 -0.216959 0)
(0.228373 -0.227014 0)
(0.22003 -0.236183 0)
(0.210949 -0.244377 0)
(0.201159 -0.251507 0)
(0.190699 -0.257494 0)
(0.179617 -0.262257 0)
(0.16797 -0.265723 0)
(0.155825 -0.267817 0)
(0.143262 -0.268462 0)
(0.13037 -0.267572 0)
(0.117253 -0.265052 0)
(0.104028 -0.260785 0)
(0.0908271 -0.25463 0)
(0.0777972 -0.246411 0)
(0.0651016 -0.235909 0)
(0.0529196 -0.222858 0)
(0.041446 -0.206936 0)
(0.0308907 -0.187759 0)
(0.0214783 -0.16488 0)
(0.0134404 -0.137788 0)
(0.00699644 -0.105908 0)
(0.00243313 -0.0686107 0)
(0.000333726 -0.025192 0)
(1.33008e-06 0.00884362 0)
(0.00016015 0.0248441 0)
(0.000644959 0.0393354 0)
(0.0014835 0.0524757 0)
(0.00269664 0.0644081 0)
(0.00428911 0.075261 0)
(0.00625126 0.0851459 0)
(0.00856543 0.0941573 0)
(0.0112101 0.102375 0)
(0.0141623 0.109867 0)
(0.0173992 0.116689 0)
(0.0208989 0.12289 0)
(0.024641 0.128511 0)
(0.0286071 0.133589 0)
(0.0327803 0.138155 0)
(0.0371453 0.142238 0)
(0.0416885 0.145863 0)
(0.0463976 0.149053 0)
(0.0512614 0.151828 0)
(0.05627 0.154209 0)
(0.0614142 0.156213 0)
(0.0666858 0.157855 0)
(0.0720772 0.15915 0)
(0.0775815 0.160111 0)
(0.0831921 0.160751 0)
(0.088903 0.161079 0)
(0.0947085 0.161106 0)
(0.100603 0.16084 0)
(0.106582 0.160288 0)
(0.112639 0.159457 0)
(0.11877 0.158351 0)
(0.12497 0.156974 0)
(0.131232 0.15533 0)
(0.137553 0.15342 0)
(0.143925 0.151246 0)
(0.150344 0.148808 0)
(0.156803 0.146103 0)
(0.163294 0.143132 0)
(0.169812 0.13989 0)
(0.176347 0.136374 0)
(0.182891 0.132578 0)
(0.189436 0.128499 0)
(0.195971 0.124128 0)
(0.202484 0.119459 0)
(0.208965 0.114483 0)
(0.215401 0.109192 0)
(0.221778 0.103575 0)
(0.22808 0.097623 0)
(0.234293 0.0913239 0)
(0.240398 0.0846668 0)
(0.246377 0.0776398 0)
(0.252211 0.0702309 0)
(0.257879 0.0624281 0)
(0.263359 0.0542196 0)
(0.268627 0.0455941 0)
(0.27366 0.0365413 0)
(0.278431 0.0270523 0)
(0.282914 0.0171196 0)
(0.287079 0.00673739 0)
(0.290923 -0.00408761 0)
(0.294356 -0.0153162 0)
(0.297357 -0.0269128 0)
(0.299879 -0.0388462 0)
(0.301879 -0.0510802 0)
(0.303314 -0.0635712 0)
(0.304141 -0.0762692 0)
(0.304321 -0.0891175 0)
(0.303816 -0.102053 0)
(0.302588 -0.115006 0)
(0.300605 -0.127901 0)
(0.297838 -0.140657 0)
(0.29426 -0.153188 0)
(0.289852 -0.165405 0)
(0.284599 -0.177216 0)
(0.278491 -0.188527 0)
(0.271525 -0.199245 0)
(0.263707 -0.209276 0)
(0.255048 -0.21853 0)
(0.245568 -0.226919 0)
(0.235295 -0.234361 0)
(0.224265 -0.240778 0)
(0.212524 -0.246096 0)
(0.200125 -0.250247 0)
(0.187131 -0.253166 0)
(0.173618 -0.254789 0)
(0.159669 -0.25505 0)
(0.14538 -0.253876 0)
(0.130859 -0.251184 0)
(0.116231 -0.246874 0)
(0.10163 -0.240817 0)
(0.0872116 -0.232856 0)
(0.073146 -0.222788 0)
(0.0596226 -0.210365 0)
(0.0468494 -0.19528 0)
(0.035054 -0.177168 0)
(0.024485 -0.155598 0)
(0.0154057 -0.130071 0)
(0.00807318 -0.100026 0)
(0.00283488 -0.064846 0)
(0.000397465 -0.023836 0)
(1.02541e-05 0.0087542 0)
(0.000244576 0.0244552 0)
(0.00090777 0.0385786 0)
(0.00200855 0.0513181 0)
(0.00355632 0.0628412 0)
(0.0055457 0.0732928 0)
(0.00795676 0.0827943 0)
(0.0107629 0.0914457 0)
(0.0139351 0.0993288 0)
(0.0174445 0.106511 0)
(0.0212638 0.113048 0)
(0.0253675 0.118987 0)
(0.0297328 0.124366 0)
(0.0343388 0.129221 0)
(0.0391672 0.133581 0)
(0.0442013 0.137472 0)
(0.0494266 0.140919 0)
(0.0548296 0.143943 0)
(0.0603985 0.146564 0)
(0.0661224 0.148799 0)
(0.0719916 0.150667 0)
(0.0779972 0.152181 0)
(0.0841308 0.153355 0)
(0.0903849 0.154203 0)
(0.0967524 0.154736 0)
(0.103227 0.154964 0)
(0.109801 0.154896 0)
(0.11647 0.15454 0)
(0.123227 0.153905 0)
(0.130067 0.152995 0)
(0.136984 0.151816 0)
(0.143972 0.150372 0)
(0.151025 0.148665 0)
(0.158136 0.1467 0)
(0.1653 0.144476 0)
(0.17251 0.141994 0)
(0.179758 0.139253 0)
(0.187036 0.136252 0)
(0.194337 0.132989 0)
(0.201651 0.129461 0)
(0.208969 0.125663 0)
(0.216279 0.121591 0)
(0.223571 0.117239 0)
(0.230832 0.112601 0)
(0.238049 0.107669 0)
(0.245206 0.102435 0)
(0.252289 0.0968918 0)
(0.25928 0.0910291 0)
(0.266161 0.0848374 0)
(0.272912 0.0783067 0)
(0.279512 0.0714265 0)
(0.285939 0.0641859 0)
(0.292168 0.0565745 0)
(0.298175 0.0485817 0)
(0.303932 0.0401974 0)
(0.309412 0.0314124 0)
(0.314585 0.0222189 0)
(0.31942 0.0126094 0)
(0.323887 0.00257827 0)
(0.327973 -0.00785155 0)
(0.331575 -0.0186314 0)
(0.334668 -0.0297334 0)
(0.337204 -0.0411275 0)
(0.339134 -0.0527777 0)
(0.340413 -0.0646412 0)
(0.340998 -0.0766694 0)
(0.340846 -0.0888075 0)
(0.339918 -0.100995 0)
(0.338177 -0.113165 0)
(0.335591 -0.125245 0)
(0.33213 -0.13716 0)
(0.327773 -0.148828 0)
(0.3225 -0.160165 0)
(0.316301 -0.171085 0)
(0.30917 -0.181502 0)
(0.301111 -0.191329 0)
(0.292133 -0.20048 0)
(0.282255 -0.208873 0)
(0.271504 -0.216429 0)
(0.259915 -0.223072 0)
(0.247531 -0.228735 0)
(0.234405 -0.233352 0)
(0.220599 -0.236864 0)
(0.206182 -0.239216 0)
(0.191237 -0.240354 0)
(0.175852 -0.240223 0)
(0.160131 -0.238763 0)
(0.144186 -0.235903 0)
(0.128144 -0.231556 0)
(0.112148 -0.225612 0)
(0.0963559 -0.217928 0)
(0.080945 -0.208321 0)
(0.0661126 -0.196563 0)
(0.0520774 -0.182369 0)
(0.0390822 -0.165394 0)
(0.0273969 -0.14523 0)
(0.0173126 -0.121402 0)
(0.00912139 -0.0933738 0)
(0.00322836 -0.0605518 0)
(0.000460751 -0.0222701 0)
(2.35207e-05 0.00861612 0)
(0.000358771 0.0239153 0)
(0.00125259 0.0375747 0)
(0.00268449 0.0498285 0)
(0.00464697 0.0608699 0)
(0.00712113 0.0708599 0)
(0.0100743 0.0799285 0)
(0.0134693 0.088179 0)
(0.0172689 0.0956937 0)
(0.021438 0.102538 0)
(0.0259442 0.108766 0)
(0.0307586 0.114421 0)
(0.0358555 0.11954 0)
(0.0412121 0.124155 0)
(0.046808 0.128293 0)
(0.0526253 0.131979 0)
(0.0586479 0.135235 0)
(0.0648614 0.138081 0)
(0.0712528 0.140536 0)
(0.0778102 0.142617 0)
(0.0845228 0.144339 0)
(0.0913808 0.145716 0)
(0.0983748 0.146763 0)
(0.105496 0.14749 0)
(0.112737 0.147909 0)
(0.120091 0.148031 0)
(0.127548 0.147863 0)
(0.135104 0.147414 0)
(0.14275 0.146691 0)
(0.15048 0.1457 0)
(0.158288 0.144447 0)
(0.166166 0.142934 0)
(0.174108 0.141166 0)
(0.182105 0.139145 0)
(0.190152 0.136873 0)
(0.198239 0.13435 0)
(0.206359 0.131577 0)
(0.214502 0.128552 0)
(0.222658 0.125275 0)
(0.230818 0.121742 0)
(0.238969 0.11795 0)
(0.2471 0.113896 0)
(0.255197 0.109575 0)
(0.263246 0.104981 0)
(0.271232 0.100109 0)
(0.279137 0.0949512 0)
(0.286944 0.0895011 0)
(0.294633 0.0837507 0)
(0.302183 0.0776916 0)
(0.309571 0.0713153 0)
(0.316774 0.0646127 0)
(0.323765 0.0575747 0)
(0.330518 0.050192 0)
(0.337003 0.0424557 0)
(0.34319 0.0343569 0)
(0.349048 0.0258876 0)
(0.354544 0.0170402 0)
(0.359641 0.00780725 0)
(0.364333 -0.00180914 0)
(0.368514 -0.0117639 0)
(0.372146 -0.0220157 0)
(0.375184 -0.0325405 0)
(0.377575 -0.0433097 0)
(0.379268 -0.0542877 0)
(0.380218 -0.0654334 0)
(0.380379 -0.0767 0)
(0.379708 -0.0880354 0)
(0.378167 -0.0993818 0)
(0.375719 -0.110676 0)
(0.372333 -0.121852 0)
(0.367984 -0.132836 0)
(0.362652 -0.143555 0)
(0.356322 -0.15393 0)
(0.348989 -0.163884 0)
(0.340654 -0.173335 0)
(0.331326 -0.182205 0)
(0.321023 -0.190418 0)
(0.30977 -0.197899 0)
(0.297602 -0.204577 0)
(0.284563 -0.210386 0)
(0.270705 -0.215267 0)
(0.25609 -0.219163 0)
(0.240785 -0.222024 0)
(0.224871 -0.223804 0)
(0.208434 -0.224459 0)
(0.191572 -0.223944 0)
(0.174391 -0.222209 0)
(0.157009 -0.219198 0)
(0.139559 -0.214837 0)
(0.122186 -0.20903 0)
(0.105052 -0.201654 0)
(0.0883385 -0.192546 0)
(0.0722491 -0.181499 0)
(0.057011 -0.168252 0)
(0.0428791 -0.152487 0)
(0.0301408 -0.133826 0)
(0.019111 -0.111826 0)
(0.0101124 -0.0859844 0)
(0.00360252 -0.0557494 0)
(0.000521782 -0.020501 0)
(4.25636e-05 0.00841207 0)
(0.000510449 0.0231792 0)
(0.0016982 0.0362575 0)
(0.00354305 0.0479259 0)
(0.00601406 0.0584033 0)
(0.00907518 0.0678646 0)
(0.0126787 0.0764458 0)
(0.0167754 0.0842511 0)
(0.0213193 0.0913604 0)
(0.0262686 0.0978363 0)
(0.0315861 0.103728 0)
(0.0372392 0.109076 0)
(0.0431993 0.113913 0)
(0.0494411 0.118269 0)
(0.0559423 0.122168 0)
(0.0626831 0.125633 0)
(0.0696458 0.128683 0)
(0.0768143 0.131339 0)
(0.084174 0.133616 0)
(0.0917116 0.13553 0)
(0.0994148 0.137097 0)
(0.107272 0.13833 0)
(0.115273 0.139241 0)
(0.123408 0.139841 0)
(0.131667 0.140143 0)
(0.140042 0.140154 0)
(0.148523 0.139883 0)
(0.157102 0.139339 0)
(0.165771 0.138529 0)
(0.174522 0.137457 0)
(0.183347 0.13613 0)
(0.192238 0.134552 0)
(0.201185 0.132726 0)
(0.210181 0.130656 0)
(0.219216 0.128342 0)
(0.228281 0.125787 0)
(0.237366 0.122991 0)
(0.246459 0.119953 0)
(0.25555 0.116674 0)
(0.264625 0.11315 0)
(0.273673 0.109381 0)
(0.282677 0.105363 0)
(0.291624 0.101093 0)
(0.300496 0.0965657 0)
(0.309276 0.0917775 0)
(0.317944 0.0867227 0)
(0.326478 0.0813956 0)
(0.334858 0.0757899 0)
(0.343058 0.0698989 0)
(0.351053 0.0637155 0)
(0.358815 0.0572323 0)
(0.366316 0.050442 0)
(0.373523 0.0433369 0)
(0.380406 0.0359094 0)
(0.386929 0.0281524 0)
(0.393059 0.0200587 0)
(0.398754 0.0116202 0)
(0.403981 0.00283058 0)
(0.408722 -0.00628536 0)
(0.412847 -0.015673 0)
(0.416331 -0.0253054 0)
(0.41912 -0.0351603 0)
(0.421162 -0.0452094 0)
(0.422407 -0.0554189 0)
(0.422808 -0.0657495 0)
(0.422321 -0.0761571 0)
(0.420903 -0.0865927 0)
(0.418517 -0.0970025 0)
(0.41513 -0.107328 0)
(0.410715 -0.117508 0)
(0.405248 -0.127475 0)
(0.398717 -0.137163 0)
(0.391112 -0.146499 0)
(0.382435 -0.155414 0)
(0.372693 -0.163836 0)
(0.361904 -0.171695 0)
(0.350094 -0.178921 0)
(0.337298 -0.18545 0)
(0.323561 -0.19122 0)
(0.308934 -0.196174 0)
(0.293481 -0.20026 0)
(0.27727 -0.20343 0)
(0.260381 -0.205645 0)
(0.242899 -0.206865 0)
(0.22492 -0.207055 0)
(0.206546 -0.20618 0)
(0.187891 -0.204201 0)
(0.169077 -0.201072 0)
(0.150238 -0.196734 0)
(0.131524 -0.191106 0)
(0.113098 -0.184082 0)
(0.0951463 -0.17552 0)
(0.0778748 -0.165238 0)
(0.0615167 -0.153001 0)
(0.046336 -0.138524 0)
(0.0326335 -0.12146 0)
(0.0207435 -0.101408 0)
(0.011013 -0.0779131 0)
(0.00394425 -0.0504753 0)
(0.000578342 -0.0185416 0)
(6.91832e-05 0.00812024 0)
(0.000708454 0.0221918 0)
(0.00226507 0.0345485 0)
(0.00461775 0.0455158 0)
(0.00770472 0.0553361 0)
(0.0114693 0.0641944 0)
(0.0158468 0.0722281 0)
(0.0207752 0.0795385 0)
(0.0261994 0.0862009 0)
(0.032071 0.0922721 0)
(0.0383479 0.0977964 0)
(0.0449937 0.102809 0)
(0.0519765 0.107339 0)
(0.0592683 0.111413 0)
(0.0668443 0.115052 0)
(0.0746821 0.118277 0)
(0.0827616 0.121105 0)
(0.0910646 0.123554 0)
(0.0995741 0.12564 0)
(0.108275 0.127377 0)
(0.117152 0.128779 0)
(0.126192 0.129859 0)
(0.135382 0.130628 0)
(0.14471 0.131097 0)
(0.154166 0.131277 0)
(0.163737 0.131176 0)
(0.173413 0.130804 0)
(0.183183 0.130167 0)
(0.193039 0.129272 0)
(0.202968 0.128125 0)
(0.212962 0.126732 0)
(0.22301 0.125097 0)
(0.233101 0.123223 0)
(0.243225 0.121114 0)
(0.25337 0.118773 0)
(0.263525 0.116201 0)
(0.273678 0.1134 0)
(0.283815 0.110369 0)
(0.293923 0.107109 0)
(0.303987 0.103619 0)
(0.313991 0.0998981 0)
(0.323919 0.0959445 0)
(0.333751 0.0917558 0)
(0.34347 0.0873292 0)
(0.353053 0.0826614 0)
(0.362479 0.0777486 0)
(0.371724 0.0725866 0)
(0.380761 0.0671709 0)
(0.389564 0.0614964 0)
(0.398103 0.0555579 0)
(0.406347 0.0493498 0)
(0.414263 0.0428663 0)
(0.421817 0.0361016 0)
(0.428972 0.0290496 0)
(0.435692 0.0217044 0)
(0.441936 0.014059 0)
(0.447664 0.00610481 0)
(0.452863 -0.00215191 0)
(0.457403 -0.010659 0)
(0.461243 -0.0193768 0)
(0.464336 -0.0282871 0)
(0.466625 -0.0373686 0)
(0.468061 -0.0465941 0)
(0.468593 -0.0559315 0)
(0.468176 -0.0653443 0)
(0.466768 -0.0747917 0)
(0.464329 -0.0842285 0)
(0.460826 -0.0936056 0)
(0.456229 -0.10287 0)
(0.450516 -0.111966 0)
(0.443672 -0.120835 0)
(0.435688 -0.129415 0)
(0.426564 -0.137645 0)
(0.416309 -0.145461 0)
(0.40494 -0.152801 0)
(0.392485 -0.159604 0)
(0.378978 -0.16581 0)
(0.364466 -0.171363 0)
(0.349002 -0.176211 0)
(0.332651 -0.180305 0)
(0.315483 -0.183601 0)
(0.297578 -0.186061 0)
(0.279025 -0.187652 0)
(0.259917 -0.188343 0)
(0.240357 -0.188106 0)
(0.220454 -0.186915 0)
(0.200326 -0.18474 0)
(0.1801 -0.181546 0)
(0.159913 -0.177285 0)
(0.139915 -0.171892 0)
(0.120272 -0.165279 0)
(0.101169 -0.157325 0)
(0.0828153 -0.147871 0)
(0.0654465 -0.136716 0)
(0.0493321 -0.123604 0)
(0.0347823 -0.108232 0)
(0.0221449 -0.0902434 0)
(0.0117847 -0.069238 0)
(0.00423804 -0.0447837 0)
(0.000627681 -0.0164123 0)
(0.000105583 0.00771359 0)
(0.000962381 0.0208878 0)
(0.0029738 0.0323569 0)
(0.00594095 0.042491 0)
(0.00976352 0.0515498 0)
(0.0143615 0.0597217 0)
(0.0196522 0.0671401 0)
(0.0255607 0.073899 0)
(0.0320229 0.0800655 0)
(0.0389842 0.0856889 0)
(0.0463975 0.0908066 0)
(0.0542221 0.0954488 0)
(0.0624223 0.0996404 0)
(0.0709666 0.103403 0)
(0.0798265 0.106756 0)
(0.0889765 0.109717 0)
(0.0983928 0.112303 0)
(0.108054 0.114528 0)
(0.117939 0.116407 0)
(0.12803 0.117954 0)
(0.138309 0.119182 0)
(0.14876 0.120101 0)
(0.159365 0.120723 0)
(0.170111 0.121059 0)
(0.180982 0.121118 0)
(0.191965 0.120908 0)
(0.203047 0.120438 0)
(0.214213 0.119715 0)
(0.225451 0.118745 0)
(0.236748 0.117535 0)
(0.248091 0.11609 0)
(0.259467 0.114414 0)
(0.270863 0.112512 0)
(0.282265 0.110387 0)
(0.293658 0.108042 0)
(0.305029 0.105479 0)
(0.316363 0.102701 0)
(0.327642 0.0997084 0)
(0.338851 0.0965021 0)
(0.349972 0.0930826 0)
(0.360986 0.0894497 0)
(0.371873 0.085603 0)
(0.382611 0.0815415 0)
(0.393179 0.0772637 0)
(0.403551 0.072768 0)
(0.413702 0.0680521 0)
(0.423605 0.0631136 0)
(0.433231 0.0579496 0)
(0.442547 0.052557 0)
(0.451522 0.0469324 0)
(0.46012 0.0410721 0)
(0.468306 0.034972 0)
(0.476041 0.0286278 0)
(0.483285 0.022035 0)
(0.489998 0.0151879 0)
(0.496135 0.00807872 0)
(0.501667 0.000705818 0)
(0.506527 -0.00689495 0)
(0.510604 -0.0146736 0)
(0.513867 -0.022609 0)
(0.516264 -0.0306854 0)
(0.517741 -0.0388823 0)
(0.51825 -0.0471741 0)
(0.517747 -0.0555314 0)
(0.516188 -0.0639211 0)
(0.513534 -0.0723063 0)
(0.509753 -0.0806465 0)
(0.504814 -0.0888981 0)
(0.498696 -0.0970145 0)
(0.491384 -0.104946 0)
(0.48287 -0.112643 0)
(0.473154 -0.120051 0)
(0.462246 -0.127117 0)
(0.450164 -0.133787 0)
(0.436937 -0.140009 0)
(0.422601 -0.145729 0)
(0.407203 -0.150899 0)
(0.3908 -0.155472 0)
(0.373458 -0.159403 0)
(0.35525 -0.162652 0)
(0.336259 -0.165186 0)
(0.316574 -0.166971 0)
(0.296292 -0.167983 0)
(0.275517 -0.168197 0)
(0.254357 -0.167592 0)
(0.232927 -0.16615 0)
(0.211351 -0.163848 0)
(0.189758 -0.16066 0)
(0.168287 -0.15655 0)
(0.147088 -0.151466 0)
(0.126327 -0.145338 0)
(0.106189 -0.138066 0)
(0.0868809 -0.129518 0)
(0.0686393 -0.119521 0)
(0.0517357 -0.10786 0)
(0.0364851 -0.0942715 0)
(0.0232428 -0.0784523 0)
(0.0123839 -0.0600635 0)
(0.00446561 -0.0387489 0)
(0.000666316 -0.0141425 0)
(0.00015431 0.00715942 0)
(0.00128151 0.0191924 0)
(0.00384192 0.0295814 0)
(0.00753823 0.038733 0)
(0.0122248 0.0469134 0)
(0.0177973 0.0543048 0)
(0.0241555 0.0610293 0)
(0.0312125 0.0671686 0)
(0.038896 0.0727785 0)
(0.0471452 0.077899 0)
(0.0559075 0.0825601 0)
(0.0651372 0.0867859 0)
(0.0747939 0.0905968 0)
(0.0848408 0.0940108 0)
(0.0952447 0.0970443 0)
(0.105975 0.0997124 0)
(0.117002 0.10203 0)
(0.128301 0.10401 0)
(0.139845 0.105666 0)
(0.151611 0.107009 0)
(0.163576 0.108052 0)
(0.17572 0.108805 0)
(0.188021 0.109279 0)
(0.20046 0.109482 0)
(0.213019 0.109425 0)
(0.225679 0.109114 0)
(0.238422 0.108558 0)
(0.251232 0.107764 0)
(0.26409 0.106738 0)
(0.27698 0.105487 0)
(0.289886 0.104014 0)
(0.30279 0.102327 0)
(0.315675 0.100427 0)
(0.328524 0.0983206 0)
(0.341319 0.0960098 0)
(0.354041 0.093498 0)
(0.366672 0.0907876 0)
(0.379192 0.0878808 0)
(0.39158 0.0847794 0)
(0.403816 0.0814848 0)
(0.415876 0.0779979 0)
(0.427737 0.0743195 0)
(0.439373 0.07045 0)
(0.450759 0.0663895 0)
(0.461867 0.0621378 0)
(0.472667 0.0576943 0)
(0.483127 0.0530585 0)
(0.493216 0.0482291 0)
(0.502898 0.0432049 0)
(0.512138 0.0379843 0)
(0.520896 0.0325654 0)
(0.529133 0.026946 0)
(0.536808 0.021123 0)
(0.543879 0.0150932 0)
(0.5503 0.00884968 0)
(0.556029 0.00238634 0)
(0.561041 -0.00427498 0)
(0.565186 -0.0110801 0)
(0.568437 -0.0180034 0)
(0.570746 -0.0250338 0)
(0.572064 -0.0321564 0)
(0.572343 -0.0393517 0)
(0.57154 -0.0465966 0)
(0.569615 -0.053865 0)
(0.56653 -0.0611275 0)
(0.562254 -0.068352 0)
(0.556758 -0.0755036 0)
(0.550024 -0.0825447 0)
(0.542038 -0.0894358 0)
(0.532792 -0.0961352 0)
(0.52229 -0.1026 0)
(0.510543 -0.108787 0)
(0.497571 -0.11465 0)
(0.483404 -0.120147 0)
(0.468081 -0.125233 0)
(0.451651 -0.129866 0)
(0.434173 -0.134006 0)
(0.415716 -0.137615 0)
(0.396355 -0.140658 0)
(0.376177 -0.143104 0)
(0.355273 -0.144924 0)
(0.333743 -0.146094 0)
(0.311693 -0.146594 0)
(0.289233 -0.146407 0)
(0.26648 -0.145517 0)
(0.243554 -0.143911 0)
(0.220582 -0.141573 0)
(0.197695 -0.138483 0)
(0.175033 -0.134617 0)
(0.152747 -0.129935 0)
(0.130999 -0.124382 0)
(0.109971 -0.117881 0)
(0.0898685 -0.110325 0)
(0.0709237 -0.101574 0)
(0.0534068 -0.0914504 0)
(0.0376328 -0.0797381 0)
(0.0239587 -0.0661864 0)
(0.0127618 -0.0505217 0)
(0.00460539 -0.0324682 0)
(0.000689705 -0.0117727 0)
(0.000217877 0.00641964 0)
(0.00167223 0.0170243 0)
(0.00487728 0.026115 0)
(0.00941804 0.0341172 0)
(0.0150997 0.0412873 0)
(0.0217956 0.0477888 0)
(0.0293904 0.0537241 0)
(0.037787 0.0591578 0)
(0.0469059 0.0641322 0)
(0.0566794 0.0686768 0)
(0.0670488 0.0728139 0)
(0.0779616 0.0765618 0)
(0.0893704 0.0799362 0)
(0.101231 0.0829516 0)
(0.113503 0.0856215 0)
(0.126149 0.0879589 0)
(0.139131 0.0899762 0)
(0.152416 0.0916851 0)
(0.165973 0.093097 0)
(0.179769 0.0942227 0)
(0.193776 0.0950724 0)
(0.207965 0.0956561 0)
(0.22231 0.0959827 0)
(0.236785 0.0960611 0)
(0.251365 0.0958994 0)
(0.266025 0.0955053 0)
(0.280742 0.0948857 0)
(0.295493 0.0940476 0)
(0.310256 0.092997 0)
(0.325007 0.0917397 0)
(0.339724 0.090281 0)
(0.354386 0.0886259 0)
(0.36897 0.086779 0)
(0.383453 0.0847444 0)
(0.397814 0.0825259 0)
(0.412027 0.0801271 0)
(0.426071 0.0775512 0)
(0.43992 0.0748011 0)
(0.453549 0.0718794 0)
(0.466933 0.0687884 0)
(0.480044 0.0655304 0)
(0.492856 0.0621072 0)
(0.505337 0.0585205 0)
(0.517459 0.0547719 0)
(0.529189 0.0508626 0)
(0.540495 0.0467938 0)
(0.551341 0.0425664 0)
(0.561692 0.0381811 0)
(0.571509 0.0336381 0)
(0.580753 0.0289375 0)
(0.589384 0.0240791 0)
(0.597359 0.0190622 0)
(0.604636 0.0138836 0)
(0.611169 0.00854141 0)
(0.616914 0.00302814 0)
(0.621853 -0.00264459 0)
(0.625832 -0.00842813 0)
(0.628825 -0.0142933 0)
(0.63079 -0.02023 0)
(0.631682 -0.0262286 0)
(0.631457 -0.0322749 0)
(0.630076 -0.0383515 0)
(0.627502 -0.0444385 0)
(0.623703 -0.0505134 0)
(0.618649 -0.0565517 0)
(0.612319 -0.0625266 0)
(0.604694 -0.0684094 0)
(0.595765 -0.0741694 0)
(0.585529 -0.0797747 0)
(0.573992 -0.0851919 0)
(0.561168 -0.0903868 0)
(0.547079 -0.0953248 0)
(0.531759 -0.099971 0)
(0.51525 -0.104291 0)
(0.497603 -0.10825 0)
(0.47888 -0.111817 0)
(0.459151 -0.11496 0)
(0.438497 -0.11765 0)
(0.417005 -0.119861 0)
(0.39477 -0.121568 0)
(0.371895 -0.122751 0)
(0.348488 -0.123391 0)
(0.324663 -0.123473 0)
(0.300537 -0.122984 0)
(0.276233 -0.121914 0)
(0.251876 -0.120254 0)
(0.227594 -0.117991 0)
(0.203522 -0.115115 0)
(0.179799 -0.111605 0)
(0.156573 -0.107436 0)
(0.134004 -0.102566 0)
(0.112268 -0.0969391 0)
(0.0915649 -0.0904742 0)
(0.072121 -0.0830638 0)
(0.0542003 -0.07457 0)
(0.0381128 -0.0648232 0)
(0.0242108 -0.0536278 0)
(0.0128663 -0.0407741 0)
(0.00463253 -0.0260635 0)
(0.000691869 -0.00935636 0)
(0.00029761 0.00545308 0)
(0.00213257 0.0143029 0)
(0.00606595 0.0218554 0)
(0.011554 0.0285244 0)
(0.0183552 0.034534 0)
(0.0263264 0.0400142 0)
(0.0353419 0.04504 0)
(0.0452968 0.0496557 0)
(0.0561041 0.0538889 0)
(0.0676884 0.057759 0)
(0.0799819 0.0612809 0)
(0.0929225 0.0644675 0)
(0.106452 0.0673305 0)
(0.120517 0.0698811 0)
(0.135065 0.0721301 0)
(0.150046 0.0740881 0)
(0.165416 0.0757652 0)
(0.181128 0.0771715 0)
(0.19714 0.0783164 0)
(0.213411 0.0792093 0)
(0.229902 0.0798589 0)
(0.246577 0.0802737 0)
(0.263397 0.0804617 0)
(0.280329 0.0804305 0)
(0.297339 0.0801874 0)
(0.314395 0.0797392 0)
(0.331463 0.0790924 0)
(0.348514 0.0782532 0)
(0.365516 0.0772272 0)
(0.382441 0.0760201 0)
(0.399257 0.074637 0)
(0.415937 0.0730827 0)
(0.43245 0.0713618 0)
(0.448768 0.0694788 0)
(0.464861 0.0674377 0)
(0.4807 0.0652424 0)
(0.496256 0.0628967 0)
(0.511497 0.0604041 0)
(0.526395 0.0577678 0)
(0.540917 0.0549912 0)
(0.555032 0.0520772 0)
(0.568708 0.0490288 0)
(0.58191 0.0458488 0)
(0.594605 0.0425399 0)
(0.606758 0.0391047 0)
(0.618332 0.0355459 0)
(0.629289 0.0318656 0)
(0.63959 0.0280662 0)
(0.649197 0.0241492 0)
(0.658068 0.0201164 0)
(0.666161 0.0159698 0)
(0.673431 0.0117083 0)
(0.679839 0.00731931 0)
(0.685341 0.00281153 0)
(0.689913 -0.00180868 0)
(0.693425 -0.00650437 0)
(0.695839 -0.011249 0)
(0.697125 -0.0160332 0)
(0.697244 -0.0208503 0)
(0.69616 -0.0256903 0)
(0.693841 -0.0305408 0)
(0.690257 -0.0353874 0)
(0.68538 -0.0402139 0)
(0.67919 -0.0450025 0)
(0.671669 -0.0497339 0)
(0.662806 -0.0543874 0)
(0.652597 -0.0589409 0)
(0.641044 -0.0633713 0)
(0.628158 -0.0676545 0)
(0.613959 -0.0717657 0)
(0.598473 -0.0756798 0)
(0.581737 -0.0793713 0)
(0.563798 -0.0828148 0)
(0.544709 -0.0859853 0)
(0.524535 -0.0888585 0)
(0.50335 -0.0914109 0)
(0.481236 -0.0936204 0)
(0.458282 -0.0954662 0)
(0.434586 -0.0969293 0)
(0.410254 -0.0979926 0)
(0.385396 -0.0986412 0)
(0.360126 -0.0988619 0)
(0.334566 -0.098644 0)
(0.308839 -0.0979783 0)
(0.283071 -0.0968572 0)
(0.257391 -0.0952739 0)
(0.231931 -0.0932212 0)
(0.206823 -0.0906908 0)
(0.182208 -0.0876705 0)
(0.15823 -0.0841426 0)
(0.135044 -0.0800803 0)
(0.112821 -0.0754447 0)
(0.0917511 -0.0701804 0)
(0.0720506 -0.0642122 0)
(0.0539729 -0.0574415 0)
(0.0378161 -0.0497462 0)
(0.0239209 -0.0409844 0)
(0.0126462 -0.0310065 0)
(0.00452051 -0.0196804 0)
(0.000665197 -0.00696255 0)
(0.000390814 0.00422202 0)
(0.00264271 0.010964 0)
(0.00735291 0.0167229 0)
(0.0138583 0.0218566 0)
(0.0218839 0.0265297 0)
(0.031281 0.0308244 0)
(0.0419193 0.0347835 0)
(0.0536871 0.0384304 0)
(0.0664883 0.0417796 0)
(0.0802357 0.0448418 0)
(0.094848 0.047626 0)
(0.110249 0.0501404 0)
(0.126364 0.0523933 0)
(0.143124 0.0543928 0)
(0.160461 0.0561472 0)
(0.178311 0.0576644 0)
(0.196612 0.0589523 0)
(0.215304 0.0600187 0)
(0.234329 0.0608712 0)
(0.253634 0.061517 0)
(0.273164 0.0619632 0)
(0.292869 0.0622166 0)
(0.3127 0.0622838 0)
(0.332609 0.062171 0)
(0.35255 0.0618842 0)
(0.372479 0.0614292 0)
(0.392352 0.0608116 0)
(0.412128 0.0600366 0)
(0.431764 0.0591094 0)
(0.451221 0.0580348 0)
(0.47046 0.0568176 0)
(0.489441 0.0554624 0)
(0.508127 0.0539735 0)
(0.52648 0.0523552 0)
(0.544462 0.0506115 0)
(0.562036 0.0487465 0)
(0.579166 0.0467641 0)
(0.595814 0.044668 0)
(0.611945 0.042462 0)
(0.627521 0.0401497 0)
(0.642506 0.0377347 0)
(0.656862 0.0352205 0)
(0.670552 0.0326107 0)
(0.683539 0.0299087 0)
(0.695785 0.027118 0)
(0.707252 0.0242419 0)
(0.717901 0.0212838 0)
(0.727693 0.0182468 0)
(0.736589 0.0151337 0)
(0.74455 0.0119474 0)
(0.751533 0.00869236 0)
(0.757485 0.00536991 0)
(0.762382 0.00195016 0)
(0.766214 -0.00154009 0)
(0.768852 -0.00506648 0)
(0.770268 -0.00861054 0)
(0.77044 -0.0121668 0)
(0.76934 -0.0157318 0)
(0.766945 -0.0192991 0)
(0.763229 -0.0228602 0)
(0.758174 -0.0264054 0)
(0.751762 -0.029924 0)
(0.743981 -0.0334042 0)
(0.734824 -0.0368334 0)
(0.724288 -0.0401979 0)
(0.712378 -0.0434834 0)
(0.699105 -0.0466751 0)
(0.684487 -0.0497573 0)
(0.668549 -0.0527142 0)
(0.651325 -0.0555293 0)
(0.632857 -0.0581862 0)
(0.613195 -0.0606686 0)
(0.5924 -0.06296 0)
(0.570537 -0.0650444 0)
(0.547682 -0.0669062 0)
(0.523921 -0.0685306 0)
(0.499344 -0.0699034 0)
(0.474049 -0.0710112 0)
(0.448143 -0.0718419 0)
(0.421736 -0.0723844 0)
(0.394945 -0.0726288 0)
(0.367891 -0.0725663 0)
(0.340698 -0.0721895 0)
(0.313492 -0.071492 0)
(0.286403 -0.0704683 0)
(0.259563 -0.0691134 0)
(0.233102 -0.0674226 0)
(0.207157 -0.0653901 0)
(0.181864 -0.0630086 0)
(0.157366 -0.0602676 0)
(0.133813 -0.0571515 0)
(0.111367 -0.0536375 0)
(0.090207 -0.0496932 0)
(0.0705366 -0.0452736 0)
(0.052591 -0.0403186 0)
(0.0366482 -0.034752 0)
(0.0230265 -0.0284846 0)
(0.0120625 -0.0214222 0)
(0.00424617 -0.013483 0)
(0.000600386 -0.00467772 0)
(0.000481653 0.00270768 0)
(0.00314591 0.00698028 0)
(0.00860685 0.010668 0)
(0.0161368 0.0140162 0)
(0.0254577 0.0171095 0)
(0.0364287 0.019978 0)
(0.0489185 0.0226352 0)
(0.0628058 0.0250883 0)
(0.0779786 0.0273425 0)
(0.0943309 0.0294023 0)
(0.11176 0.0312722 0)
(0.130168 0.0329572 0)
(0.149458 0.0344622 0)
(0.169537 0.0357923 0)
(0.190316 0.0369529 0)
(0.211709 0.037949 0)
(0.233631 0.0387859 0)
(0.256002 0.0394688 0)
(0.278744 0.0400025 0)
(0.301782 0.0403919 0)
(0.325045 0.040642 0)
(0.348461 0.0407572 0)
(0.371963 0.0407421 0)
(0.395487 0.0406012 0)
(0.418969 0.0403386 0)
(0.442348 0.0399586 0)
(0.465564 0.0394653 0)
(0.488562 0.0388625 0)
(0.511284 0.0381542 0)
(0.533678 0.0373442 0)
(0.555689 0.0364361 0)
(0.577268 0.0354337 0)
(0.598365 0.0343405 0)
(0.61893 0.0331601 0)
(0.638917 0.0318959 0)
(0.65828 0.0305514 0)
(0.676973 0.02913 0)
(0.694952 0.027635 0)
(0.712174 0.0260698 0)
(0.728598 0.0244376 0)
(0.744181 0.0227415 0)
(0.758883 0.0209849 0)
(0.772665 0.019171 0)
(0.785488 0.0173031 0)
(0.797314 0.0153843 0)
(0.808106 0.0134177 0)
(0.817828 0.0114061 0)
(0.826444 0.0093517 0)
(0.83392 0.00725517 0)
(0.840225 0.00511439 0)
(0.845322 0.00292367 0)
(0.849139 0.000693594 0)
(0.851688 -0.00149872 0)
(0.852919 -0.00370539 0)
(0.852797 -0.00592398 0)
(0.851299 -0.00814504 0)
(0.848414 -0.0103635 0)
(0.84413 -0.0125743 0)
(0.838439 -0.0147716 0)
(0.831335 -0.0169491 0)
(0.822814 -0.0191004 0)
(0.812878 -0.0212189 0)
(0.801533 -0.0232975 0)
(0.788789 -0.0253289 0)
(0.774663 -0.0273053 0)
(0.759176 -0.0292191 0)
(0.742359 -0.0310619 0)
(0.724245 -0.0328256 0)
(0.704878 -0.0345017 0)
(0.684305 -0.0360817 0)
(0.662584 -0.0375572 0)
(0.639779 -0.0389196 0)
(0.615958 -0.0401607 0)
(0.591202 -0.0412722 0)
(0.565595 -0.0422462 0)
(0.539227 -0.0430751 0)
(0.512198 -0.0437514 0)
(0.484611 -0.0442683 0)
(0.456575 -0.0446193 0)
(0.428205 -0.0447981 0)
(0.399618 -0.0447994 0)
(0.370938 -0.0446179 0)
(0.34229 -0.0442491 0)
(0.313801 -0.0436887 0)
(0.285603 -0.0429331 0)
(0.257825 -0.0419787 0)
(0.230602 -0.0408221 0)
(0.204069 -0.0394596 0)
(0.178363 -0.0378873 0)
(0.153623 -0.0360997 0)
(0.129997 -0.0340898 0)
(0.107639 -0.0318474 0)
(0.0867161 -0.0293586 0)
(0.0674134 -0.0266037 0)
(0.0499418 -0.023556 0)
(0.0345464 -0.0201809 0)
(0.0215063 -0.0164371 0)
(0.0111181 -0.0122805 0)
(0.00381389 -0.00766619 0)
(0.000491219 -0.00260541 0)
(0.00050915 0.000939983 0)
(0.00350209 0.00241518 0)
(0.00952471 0.00370659 0)
(0.0179687 0.00490112 0)
(0.0286101 0.00601922 0)
(0.0413131 0.00706359 0)
(0.0559341 0.00803448 0)
(0.0723293 0.00893229 0)
(0.0903583 0.00975769 0)
(0.109884 0.0105117 0)
(0.130771 0.0111958 0)
(0.152888 0.0118114 0)
(0.176109 0.0123601 0)
(0.200307 0.0128439 0)
(0.225364 0.0132644 0)
(0.25116 0.0136234 0)
(0.277583 0.0139228 0)
(0.304523 0.0141644 0)
(0.331873 0.0143499 0)
(0.359531 0.0144811 0)
(0.387395 0.0145597 0)
(0.41537 0.0145875 0)
(0.443363 0.0145661 0)
(0.471284 0.0144972 0)
(0.499046 0.0143824 0)
(0.526564 0.0142233 0)
(0.553758 0.0140216 0)
(0.580549 0.0137788 0)
(0.606863 0.0134964 0)
(0.632628 0.0131761 0)
(0.657772 0.0128195 0)
(0.68223 0.0124279 0)
(0.705937 0.0120029 0)
(0.728832 0.0115462 0)
(0.750855 0.0110591 0)
(0.77195 0.0105432 0)
(0.792064 0.00999996 0)
(0.811145 0.00943096 0)
(0.829143 0.00883757 0)
(0.846014 0.00822115 0)
(0.861714 0.0075831 0)
(0.876201 0.00692486 0)
(0.889437 0.00624787 0)
(0.901386 0.00555355 0)
(0.912015 0.00484328 0)
(0.921292 0.00411829 0)
(0.92919 0.0033796 0)
(0.935681 0.00262768 0)
(0.940742 0.00186181 0)
(0.944347 0.00107821 0)
(0.946481 0.0002683 0)
(0.947168 -0.000559835 0)
(0.946337 -0.00131137 0)
(0.943948 -0.00205627 0)
(0.940047 -0.00281157 0)
(0.934643 -0.00357079 0)
(0.927739 -0.00432847 0)
(0.919342 -0.00508105 0)
(0.909462 -0.00582563 0)
(0.898116 -0.00655961 0)
(0.885324 -0.00728059 0)
(0.871109 -0.00798622 0)
(0.855499 -0.00867413 0)
(0.838529 -0.00934196 0)
(0.820236 -0.0099873 0)
(0.800662 -0.0106077 0)
(0.779856 -0.0112008 0)
(0.757871 -0.011764 0)
(0.734765 -0.0122949 0)
(0.710602 -0.0127911 0)
(0.68545 -0.01325 0)
(0.659385 -0.0136692 0)
(0.632484 -0.0140464 0)
(0.604834 -0.0143792 0)
(0.576523 -0.0146653 0)
(0.547645 -0.0149025 0)
(0.518301 -0.0150885 0)
(0.488593 -0.0152214 0)
(0.45863 -0.0152991 0)
(0.428523 -0.0153197 0)
(0.398388 -0.0152814 0)
(0.368345 -0.0151825 0)
(0.338516 -0.0150212 0)
(0.309028 -0.0147962 0)
(0.280008 -0.0145059 0)
(0.251589 -0.0141489 0)
(0.223903 -0.013724 0)
(0.197088 -0.0132297 0)
(0.171281 -0.0126648 0)
(0.146626 -0.0120278 0)
(0.123268 -0.0113167 0)
(0.101358 -0.0105294 0)
(0.0810526 -0.00966283 0)
(0.0625196 -0.00871268 0)
(0.0459383 -0.00767316 0)
(0.0315065 -0.00653638 0)
(0.0194398 -0.005293 0)
(0.00996144 -0.00393276 0)
(0.00338255 -0.00244152 0)
(0.000375102 -0.00081844 0)
)
;

boundaryField
{
    movingWall
    {
        type            codedFixedValue;
        value           nonuniform List<vector> 
100
(
(0.00039601 0 0)
(0.00349281 0 0)
(0.00950625 0 0)
(0.018252 0 0)
(0.0295496 0 0)
(0.0432224 0 0)
(0.0590976 0 0)
(0.0770063 0 0)
(0.0967832 0 0)
(0.118267 0 0)
(0.141301 0 0)
(0.16573 0 0)
(0.191406 0 0)
(0.218182 0 0)
(0.245917 0 0)
(0.274471 0 0)
(0.303711 0 0)
(0.333506 0 0)
(0.36373 0 0)
(0.394258 0 0)
(0.424974 0 0)
(0.45576 0 0)
(0.486506 0 0)
(0.517105 0 0)
(0.547452 0 0)
(0.577448 0 0)
(0.606997 0 0)
(0.636006 0 0)
(0.664388 0 0)
(0.692058 0 0)
(0.718934 0 0)
(0.744942 0 0)
(0.770006 0 0)
(0.794059 0 0)
(0.817035 0 0)
(0.838873 0 0)
(0.859514 0 0)
(0.878906 0 0)
(0.896998 0 0)
(0.913745 0 0)
(0.929103 0 0)
(0.943035 0 0)
(0.955506 0 0)
(0.966486 0 0)
(0.975946 0 0)
(0.983866 0 0)
(0.990224 0 0)
(0.995006 0 0)
(0.998201 0 0)
(0.9998 0 0)
(0.9998 0 0)
(0.998201 0 0)
(0.995006 0 0)
(0.990224 0 0)
(0.983866 0 0)
(0.975946 0 0)
(0.966486 0 0)
(0.955506 0 0)
(0.943035 0 0)
(0.929103 0 0)
(0.913745 0 0)
(0.896998 0 0)
(0.878906 0 0)
(0.859514 0 0)
(0.838873 0 0)
(0.817035 0 0)
(0.794059 0 0)
(0.770006 0 0)
(0.744942 0 0)
(0.718934 0 0)
(0.692058 0 0)
(0.664388 0 0)
(0.636006 0 0)
(0.606997 0 0)
(0.577448 0 0)
(0.547452 0 0)
(0.517105 0 0)
(0.486506 0 0)
(0.45576 0 0)
(0.424974 0 0)
(0.394258 0 0)
(0.36373 0 0)
(0.333506 0 0)
(0.303711 0 0)
(0.274471 0 0)
(0.245917 0 0)
(0.218182 0 0)
(0.191406 0 0)
(0.16573 0 0)
(0.141301 0 0)
(0.118267 0 0)
(0.0967832 0 0)
(0.0770063 0 0)
(0.0590976 0 0)
(0.0432224 0 0)
(0.0295496 0 0)
(0.018252 0 0)
(0.00950625 0 0)
(0.00349281 0 0)
(0.00039601 0 0)
)
;
        name            regularized;
        code            #{
		const vectorField& Cf = patch().Cf();
		vectorField& field = *this;
		forAll(Cf, faceI)
		{
			const scalar x = Cf[faceI][0];
			field[faceI] = vector((1-x)*(1-x)*(1+x)*(1+x),0,0);
		}
	#};
    }
    fixedWalls
    {
        type            noSlip;
    }
    frontAndBack
    {
        type            empty;
    }
}


// ************************************************************************* //
