/*--------------------------------*- C++ -*----------------------------------*\
  =========                 |
  \\      /  F ield         | OpenFOAM: The Open Source CFD Toolbox
   \\    /   O peration     | Website:  https://openfoam.org
    \\  /    A nd           | Version:  11
     \\/     M anipulation  |
\*---------------------------------------------------------------------------*/
FoamFile
{
    format      ascii;
    class       volVectorField;
    location    "78";
    object      U;
}
// * * * * * * * * * * * * * * * * * * * * * * * * * * * * * * * * * * * * * //

dimensions      [0 1 -1 0 0 0 0];

internalField   nonuniform List<vector> 
10000
(
(1.66713e-06 -1.63514e-06 0)
(2.1151e-05 -1.01192e-05 0)
(6.01446e-05 -1.43348e-05 0)
(0.000101534 -1.46734e-05 0)
(0.000138219 -1.27588e-05 0)
(0.000165618 -9.71458e-06 0)
(0.000180996 -6.21098e-06 0)
(0.000183124 -2.67103e-06 0)
(0.000171685 7.72549e-07 0)
(0.000146864 4.02052e-06 0)
(0.00010916 7.03157e-06 0)
(5.92085e-05 9.806e-06 0)
(-2.32724e-06 1.23632e-05 0)
(-7.4819e-05 1.47373e-05 0)
(-0.000157708 1.69647e-05 0)
(-0.000250537 1.90819e-05 0)
(-0.000352947 2.11236e-05 0)
(-0.000464671 2.31201e-05 0)
(-0.000585525 2.50966e-05 0)
(-0.000715391 2.70725e-05 0)
(-0.000854194 2.90611e-05 0)
(-0.00100189 3.10703e-05 0)
(-0.00115844 3.31025e-05 0)
(-0.0013238 3.51553e-05 0)
(-0.00149788 3.72216e-05 0)
(-0.00168057 3.92906e-05 0)
(-0.00187168 4.1348e-05 0)
(-0.00207096 4.33766e-05 0)
(-0.00227807 4.53565e-05 0)
(-0.0024926 4.72653e-05 0)
(-0.00271402 4.90791e-05 0)
(-0.00294171 5.07718e-05 0)
(-0.00317492 5.23162e-05 0)
(-0.00341282 5.36836e-05 0)
(-0.00365444 5.48445e-05 0)
(-0.0038987 5.57687e-05 0)
(-0.0041444 5.64254e-05 0)
(-0.00439025 5.67837e-05 0)
(-0.00463482 5.6813e-05 0)
(-0.00487658 5.6483e-05 0)
(-0.0051139 5.57648e-05 0)
(-0.00534507 5.46303e-05 0)
(-0.00556829 5.30537e-05 0)
(-0.00578167 5.1011e-05 0)
(-0.00598327 4.84811e-05 0)
(-0.00617113 4.54458e-05 0)
(-0.00634322 4.18901e-05 0)
(-0.00649751 3.78025e-05 0)
(-0.006632 3.31747e-05 0)
(-0.00674468 2.80014e-05 0)
(-0.00683361 2.22772e-05 0)
(-0.0068969 1.59959e-05 0)
(-0.00693276 9.19481e-06 0)
(-0.00693986 2.06002e-06 0)
(-0.00691725 -5.27096e-06 0)
(-0.00686396 -1.28138e-05 0)
(-0.00677937 -2.05557e-05 0)
(-0.00666303 -2.84334e-05 0)
(-0.0065148 -3.6359e-05 0)
(-0.00633491 -4.42322e-05 0)
(-0.00612397 -5.19445e-05 0)
(-0.00588303 -5.93819e-05 0)
(-0.00561353 -6.64277e-05 0)
(-0.00531736 -7.29645e-05 0)
(-0.00499681 -7.88769e-05 0)
(-0.00465459 -8.40543e-05 0)
(-0.00429378 -8.83937e-05 0)
(-0.00391784 -9.18029e-05 0)
(-0.00353049 -9.42034e-05 0)
(-0.00313572 -9.55336e-05 0)
(-0.00273772 -9.57509e-05 0)
(-0.00234078 -9.48342e-05 0)
(-0.00194924 -9.27856e-05 0)
(-0.00156739 -8.96309e-05 0)
(-0.0011994 -8.54199e-05 0)
(-0.000849225 -8.02245e-05 0)
(-0.000520541 -7.41351e-05 0)
(-0.000216645 -6.72582e-05 0)
(5.95293e-05 -5.9722e-05 0)
(0.000305466 -5.16309e-05 0)
(0.00051928 -4.3211e-05 0)
(0.000699725 -3.46333e-05 0)
(0.000846171 -2.60212e-05 0)
(0.00095852 -1.75031e-05 0)
(0.0010372 -9.20826e-06 0)
(0.00108314 -1.25549e-06 0)
(0.00109776 6.24636e-06 0)
(0.00108295 1.31779e-05 0)
(0.00104093 1.9512e-05 0)
(0.000974334 2.51629e-05 0)
(0.000886198 3.00355e-05 0)
(0.000780014 3.40054e-05 0)
(0.000659862 3.6891e-05 0)
(0.000530584 3.84158e-05 0)
(0.000398034 3.81499e-05 0)
(0.00026944 3.54394e-05 0)
(0.000153739 2.94086e-05 0)
(6.12539e-05 1.91552e-05 0)
(1.90539e-06 4.38443e-06 0)
(-9.17594e-06 -9.15961e-06 0)
(1.02869e-05 -2.12104e-05 0)
(5.64505e-05 -5.61305e-05 0)
(0.000132526 -7.09248e-05 0)
(0.000208765 -6.89678e-05 0)
(0.000271097 -5.58186e-05 0)
(0.000309881 -3.59161e-05 0)
(0.000318564 -1.2383e-05 0)
(0.000293602 1.27918e-05 0)
(0.000233492 3.81881e-05 0)
(0.000137931 6.30461e-05 0)
(7.57234e-06 8.69367e-05 0)
(-0.000156448 0.000109682 0)
(-0.000352771 0.00013126 0)
(-0.000580041 0.000151761 0)
(-0.000836982 0.000171327 0)
(-0.00112248 0.000190129 0)
(-0.0014356 0.000208336 0)
(-0.00177558 0.000226107 0)
(-0.00214185 0.000243573 0)
(-0.00253393 0.000260834 0)
(-0.00295146 0.000277955 0)
(-0.0033941 0.000294966 0)
(-0.0038615 0.000311858 0)
(-0.00435327 0.000328592 0)
(-0.00486892 0.000345096 0)
(-0.00540783 0.000361271 0)
(-0.00596921 0.000376991 0)
(-0.00655204 0.000392113 0)
(-0.00715512 0.000406472 0)
(-0.00777696 0.000419887 0)
(-0.00841582 0.000432168 0)
(-0.00906968 0.000443112 0)
(-0.00973622 0.000452509 0)
(-0.0104128 0.000460143 0)
(-0.0110966 0.000465798 0)
(-0.0117843 0.000469254 0)
(-0.0124725 0.000470296 0)
(-0.0131574 0.000468713 0)
(-0.0138349 0.000464303 0)
(-0.0145007 0.000456874 0)
(-0.0151503 0.000446248 0)
(-0.015779 0.000432263 0)
(-0.0163819 0.000414777 0)
(-0.0169539 0.000393674 0)
(-0.0174898 0.00036886 0)
(-0.0179845 0.000340272 0)
(-0.0184328 0.00030788 0)
(-0.0188295 0.000271688 0)
(-0.0191694 0.00023174 0)
(-0.0194478 0.000188122 0)
(-0.0196598 0.000140972 0)
(-0.0198011 9.04981e-05 0)
(-0.0198678 3.7088e-05 0)
(-0.0198571 -1.85633e-05 0)
(-0.0197661 -7.58584e-05 0)
(-0.0195926 -0.000134591 0)
(-0.0193353 -0.00019438 0)
(-0.0189933 -0.000254669 0)
(-0.0185668 -0.00031481 0)
(-0.0180567 -0.000374095 0)
(-0.0174652 -0.000431772 0)
(-0.0167951 -0.000487062 0)
(-0.0160506 -0.000539174 0)
(-0.0152366 -0.00058732 0)
(-0.0143595 -0.000630732 0)
(-0.0134261 -0.000668675 0)
(-0.0124446 -0.000700471 0)
(-0.0114237 -0.000725513 0)
(-0.0103731 -0.000743286 0)
(-0.00930299 -0.000753379 0)
(-0.00822394 -0.000755509 0)
(-0.00714691 -0.000749529 0)
(-0.00608297 -0.000735437 0)
(-0.00504309 -0.000713388 0)
(-0.00403796 -0.000683689 0)
(-0.00307781 -0.0006468 0)
(-0.00217218 -0.000603317 0)
(-0.00132976 -0.000553955 0)
(-0.000558288 -0.000499527 0)
(0.000135834 -0.000440844 0)
(0.000746896 -0.000379076 0)
(0.00127105 -0.000315504 0)
(0.00170623 -0.000251199 0)
(0.00205171 -0.000187145 0)
(0.0023082 -0.000124318 0)
(0.00247774 -6.36676e-05 0)
(0.00256368 -6.08324e-06 0)
(0.00257071 4.7621e-05 0)
(0.00250469 9.67028e-05 0)
(0.00237253 0.000140414 0)
(0.00218234 0.00017792 0)
(0.00194358 0.000208219 0)
(0.00166716 0.000230062 0)
(0.00136577 0.000241855 0)
(0.00105415 0.000241546 0)
(0.000749456 0.000226595 0)
(0.000471159 0.000194274 0)
(0.000239304 0.000142676 0)
(7.30342e-05 7.31227e-05 0)
(4.31863e-06 1.88503e-06 0)
(1.4761e-05 -6.06997e-05 0)
(7.18173e-05 -0.00013247 0)
(0.000158072 -0.000157398 0)
(0.000237057 -0.000145549 0)
(0.000291139 -0.000107715 0)
(0.000308021 -5.29947e-05 0)
(0.000279145 1.16804e-05 0)
(0.00019926 8.14501e-05 0)
(6.58032e-05 0.000152761 0)
(-0.000121864 0.000223454 0)
(-0.000363171 0.000292216 0)
(-0.000656844 0.000358397 0)
(-0.00100123 0.000421792 0)
(-0.00139455 0.00048249 0)
(-0.00183507 0.00054076 0)
(-0.00232121 0.000596959 0)
(-0.0028516 0.000651467 0)
(-0.00342504 0.000704641 0)
(-0.00404055 0.000756782 0)
(-0.00469727 0.000808111 0)
(-0.00539442 0.000858759 0)
(-0.00613123 0.000908766 0)
(-0.00690691 0.000958073 0)
(-0.00772053 0.00100653 0)
(-0.00857099 0.00105392 0)
(-0.00945697 0.00109992 0)
(-0.0103768 0.00114417 0)
(-0.0113287 0.00118623 0)
(-0.0123102 0.00122563 0)
(-0.0133187 0.00126184 0)
(-0.0143511 0.00129432 0)
(-0.0154039 0.00132248 0)
(-0.016473 0.00134574 0)
(-0.0175542 0.0013635 0)
(-0.0186425 0.00137515 0)
(-0.0197326 0.00138011 0)
(-0.0208189 0.00137778 0)
(-0.0218953 0.00136761 0)
(-0.0229553 0.00134909 0)
(-0.0239921 0.0013217 0)
(-0.0249987 0.00128503 0)
(-0.0259678 0.00123868 0)
(-0.0268918 0.00118232 0)
(-0.0277631 0.00111572 0)
(-0.0285739 0.00103869 0)
(-0.0293165 0.000951159 0)
(-0.0299832 0.000853143 0)
(-0.0305666 0.000744766 0)
(-0.0310592 0.00062627 0)
(-0.0314542 0.000498036 0)
(-0.031745 0.000360607 0)
(-0.0319257 0.000214768 0)
(-0.0319908 6.16874e-05 0)
(-0.0319373 -9.72337e-05 0)
(-0.0317603 -0.000260764 0)
(-0.0314572 -0.000427976 0)
(-0.0310264 -0.000597548 0)
(-0.0304673 -0.000767865 0)
(-0.0297806 -0.000937136 0)
(-0.0289682 -0.00110343 0)
(-0.0280336 -0.00126474 0)
(-0.0269815 -0.00141897 0)
(-0.0258184 -0.00156403 0)
(-0.024552 -0.00169784 0)
(-0.0231914 -0.00181835 0)
(-0.0217473 -0.00192365 0)
(-0.0202314 -0.00201194 0)
(-0.0186568 -0.00208164 0)
(-0.0170375 -0.00213138 0)
(-0.0153884 -0.00216008 0)
(-0.013725 -0.00216698 0)
(-0.0120633 -0.00215166 0)
(-0.0104195 -0.00211409 0)
(-0.00880968 -0.00205463 0)
(-0.00724965 -0.00197406 0)
(-0.00575452 -0.00187355 0)
(-0.00433856 -0.00175464 0)
(-0.00301486 -0.00161921 0)
(-0.00179513 -0.00146942 0)
(-0.000689465 -0.00130759 0)
(0.000294222 -0.00113629 0)
(0.00114843 -0.00095894 0)
(0.00186926 -0.000778827 0)
(0.00245516 -0.000598811 0)
(0.00290658 -0.000421632 0)
(0.00322606 -0.000249981 0)
(0.00341818 -8.64492e-05 0)
(0.00348945 6.65321e-05 0)
(0.00344843 0.000206607 0)
(0.00330544 0.000331527 0)
(0.00307266 0.000438842 0)
(0.00276417 0.000525754 0)
(0.00239618 0.000588976 0)
(0.00198722 0.000624609 0)
(0.00155838 0.000628095 0)
(0.00113342 0.000594409 0)
(0.000738478 0.000518895 0)
(0.000399525 0.000399236 0)
(0.000142616 0.000239363 0)
(1.90327e-05 6.11034e-05 0)
(1.53262e-05 -0.00010292 0)
(6.97633e-05 -0.000208848 0)
(0.000144549 -0.000236182 0)
(0.000200892 -0.000203787 0)
(0.00021952 -0.000128657 0)
(0.000186952 -2.49709e-05 0)
(9.36916e-05 9.62151e-05 0)
(-6.61969e-05 0.000226663 0)
(-0.000295718 0.0003606 0)
(-0.00059578 0.000494123 0)
(-0.000965963 0.000624832 0)
(-0.00140495 0.000751415 0)
(-0.00191091 0.000873358 0)
(-0.00248184 0.000990678 0)
(-0.00311572 0.00110372 0)
(-0.00381062 0.00121302 0)
(-0.00456482 0.00131914 0)
(-0.00537677 0.00142265 0)
(-0.00624505 0.00152398 0)
(-0.00716839 0.00162347 0)
(-0.00814553 0.00172128 0)
(-0.00917518 0.0018174 0)
(-0.0102559 0.00191168 0)
(-0.0113862 0.00200377 0)
(-0.0125642 0.0020932 0)
(-0.0137876 0.00217935 0)
(-0.0150538 0.00226149 0)
(-0.01636 0.00233878 0)
(-0.0177025 0.0024103 0)
(-0.0190773 0.00247507 0)
(-0.0204799 0.00253203 0)
(-0.0219052 0.00258012 0)
(-0.0233475 0.00261823 0)
(-0.0248007 0.00264526 0)
(-0.026258 0.00266013 0)
(-0.0277121 0.00266174 0)
(-0.0291554 0.00264909 0)
(-0.0305795 0.00262119 0)
(-0.031976 0.00257713 0)
(-0.0333358 0.0025161 0)
(-0.0346497 0.00243736 0)
(-0.0359082 0.00234031 0)
(-0.0371017 0.00222447 0)
(-0.0382204 0.00208951 0)
(-0.0392546 0.00193524 0)
(-0.0401947 0.00176165 0)
(-0.0410311 0.00156893 0)
(-0.0417546 0.00135746 0)
(-0.0423566 0.00112784 0)
(-0.0428286 0.000880949 0)
(-0.0431631 0.000617931 0)
(-0.0433531 0.000340382 0)
(-0.0433926 5.05186e-05 0)
(-0.0432781 -0.000249406 0)
(-0.0430036 -0.000557631 0)
(-0.0425668 -0.000871981 0)
(-0.0419662 -0.00118979 0)
(-0.0412015 -0.00150805 0)
(-0.0402742 -0.00182349 0)
(-0.0391874 -0.00213263 0)
(-0.0379458 -0.00243186 0)
(-0.0365559 -0.00271746 0)
(-0.035026 -0.00298571 0)
(-0.0333658 -0.00323292 0)
(-0.031587 -0.0034555 0)
(-0.0297028 -0.00365004 0)
(-0.0277279 -0.00381339 0)
(-0.0256783 -0.00394274 0)
(-0.0235715 -0.00403565 0)
(-0.0214258 -0.00409021 0)
(-0.0192603 -0.004105 0)
(-0.0170948 -0.00407926 0)
(-0.0149492 -0.00401286 0)
(-0.0128435 -0.00390636 0)
(-0.0107975 -0.00376105 0)
(-0.00883003 -0.00357891 0)
(-0.00695923 -0.00336261 0)
(-0.00520179 -0.00311544 0)
(-0.00357279 -0.00284126 0)
(-0.00208543 -0.00254432 0)
(-0.000750681 -0.00222922 0)
(0.000423291 -0.00190101 0)
(0.00142842 -0.00156619 0)
(0.0022619 -0.00123054 0)
(0.00292364 -0.000899229 0)
(0.00341608 -0.000577281 0)
(0.00374434 -0.000269617 0)
(0.00391612 1.89863e-05 0)
(0.00394166 0.000283941 0)
(0.00383386 0.00052085 0)
(0.00360791 0.00072511 0)
(0.00328138 0.000891633 0)
(0.00287436 0.00101467 0)
(0.00240962 0.00108771 0)
(0.00191262 0.00110352 0)
(0.00141169 0.00105454 0)
(0.000937618 0.000934053 0)
(0.000521065 0.000738532 0)
(0.000194702 0.000471674 0)
(2.92606e-05 0.000153518 0)
(1.34316e-05 -0.000140184 0)
(5.49009e-05 -0.000269429 0)
(0.000100393 -0.000286784 0)
(0.000113071 -0.000220473 0)
(7.34706e-05 -9.41501e-05 0)
(-3.20325e-05 7.27754e-05 0)
(-0.000212867 0.000265011 0)
(-0.000474869 0.00047104 0)
(-0.000821054 0.00068265 0)
(-0.00125237 0.000894166 0)
(-0.00176835 0.00110199 0)
(-0.0023676 0.00130408 0)
(-0.00304819 0.00149953 0)
(-0.00380793 0.00168825 0)
(-0.00464458 0.00187059 0)
(-0.00555599 0.00204722 0)
(-0.00654012 0.00221886 0)
(-0.00759508 0.00238622 0)
(-0.00871905 0.00254985 0)
(-0.00991029 0.00271013 0)
(-0.011167 0.00286719 0)
(-0.0124873 0.00302092 0)
(-0.0138691 0.00317095 0)
(-0.01531 0.00331669 0)
(-0.0168073 0.00345729 0)
(-0.0183578 0.00359173 0)
(-0.0199578 0.00371881 0)
(-0.021603 0.00383718 0)
(-0.0232888 0.00394536 0)
(-0.0250096 0.00404178 0)
(-0.0267594 0.00412481 0)
(-0.0285316 0.00419276 0)
(-0.0303188 0.00424396 0)
(-0.032113 0.0042767 0)
(-0.0339058 0.00428934 0)
(-0.035688 0.00428027 0)
(-0.0374501 0.00424798 0)
(-0.0391819 0.00419105 0)
(-0.040873 0.00410818 0)
(-0.0425127 0.00399822 0)
(-0.0440898 0.00386022 0)
(-0.045593 0.00369337 0)
(-0.0470112 0.00349711 0)
(-0.0483329 0.00327111 0)
(-0.0495469 0.00301527 0)
(-0.0506423 0.0027298 0)
(-0.0516082 0.00241516 0)
(-0.0524346 0.00207217 0)
(-0.0531117 0.00170196 0)
(-0.0536304 0.00130607 0)
(-0.0539826 0.000886431 0)
(-0.0541606 0.000445618 0)
(-0.0541587 -1.30348e-05 0)
(-0.053972 -0.00048645 0)
(-0.0535954 -0.000971888 0)
(-0.0530265 -0.00146564 0)
(-0.0522642 -0.00196346 0)
(-0.051309 -0.00246072 0)
(-0.0501632 -0.00295244 0)
(-0.0488308 -0.00343337 0)
(-0.0473178 -0.0038981 0)
(-0.0456318 -0.00434108 0)
(-0.0437827 -0.00475677 0)
(-0.041782 -0.00513968 0)
(-0.039643 -0.00548449 0)
(-0.0373808 -0.00578615 0)
(-0.0350123 -0.00603997 0)
(-0.0325557 -0.00624174 0)
(-0.0300306 -0.00638785 0)
(-0.0274578 -0.00647536 0)
(-0.0248592 -0.00650213 0)
(-0.0222572 -0.00646691 0)
(-0.0196744 -0.00636939 0)
(-0.017134 -0.00621028 0)
(-0.0146585 -0.00599133 0)
(-0.0122699 -0.00571537 0)
(-0.0099894 -0.00538624 0)
(-0.00783658 -0.00500874 0)
(-0.00582952 -0.0045886 0)
(-0.00398416 -0.00413224 0)
(-0.00231411 -0.00364673 0)
(-0.000830189 -0.0031396 0)
(0.000459965 -0.00261903 0)
(0.00154886 -0.00209509 0)
(0.00243539 -0.00157642 0)
(0.00312153 -0.00107094 0)
(0.00361234 -0.000586413 0)
(0.00391605 -0.00013047 0)
(0.00404391 0.000289441 0)
(0.00401033 0.000666125 0)
(0.00383277 0.000992413 0)
(0.00353128 0.00126059 0)
(0.00312875 0.00146218 0)
(0.00265093 0.00158788 0)
(0.00212642 0.00162767 0)
(0.00158689 0.00157129 0)
(0.00106677 0.00140951 0)
(0.000600966 0.00113624 0)
(0.000228299 0.000751924 0)
(3.53356e-05 0.000269516 0)
(1.00599e-05 -0.000166826 0)
(3.08455e-05 -0.000301725 0)
(3.26777e-05 -0.000292532 0)
(-1.57095e-05 -0.000176383 0)
(-0.000132748 1.65234e-05 0)
(-0.000331159 0.000261489 0)
(-0.000619553 0.000539158 0)
(-0.00100311 0.000834904 0)
(-0.00148437 0.0011381 0)
(-0.00206398 0.00144138 0)
(-0.00274122 0.00173997 0)
(-0.00351453 0.0020311 0)
(-0.00438179 0.00231347 0)
(-0.00534066 0.0025868 0)
(-0.00638872 0.00285147 0)
(-0.00752359 0.00310819 0)
(-0.00874296 0.00335781 0)
(-0.0100446 0.00360111 0)
(-0.0114263 0.00383869 0)
(-0.0128857 0.00407089 0)
(-0.0144207 0.00429773 0)
(-0.0160284 0.0045189 0)
(-0.0177062 0.00473374 0)
(-0.0194508 0.00494127 0)
(-0.0212584 0.00514022 0)
(-0.0231247 0.00532903 0)
(-0.025045 0.00550595 0)
(-0.0270138 0.00566899 0)
(-0.0290248 0.00581603 0)
(-0.0310713 0.00594485 0)
(-0.0331457 0.00605314 0)
(-0.0352397 0.00613854 0)
(-0.0373444 0.00619871 0)
(-0.0394502 0.00623134 0)
(-0.041547 0.00623418 0)
(-0.043624 0.00620509 0)
(-0.0456699 0.00614207 0)
(-0.0476731 0.00604326 0)
(-0.0496216 0.00590703 0)
(-0.0515029 0.00573196 0)
(-0.0533046 0.00551689 0)
(-0.0550142 0.00526096 0)
(-0.056619 0.00496359 0)
(-0.0581066 0.00462457 0)
(-0.0594648 0.00424402 0)
(-0.0606817 0.00382248 0)
(-0.0617458 0.00336087 0)
(-0.0626464 0.00286057 0)
(-0.0633733 0.0023234 0)
(-0.0639171 0.00175171 0)
(-0.0642693 0.00114836 0)
(-0.0644222 0.000516985 0)
(-0.0643706 -0.000138052 0)
(-0.0641082 -0.000812681 0)
(-0.0636313 -0.00150261 0)
(-0.0629378 -0.00220255 0)
(-0.0620269 -0.00290658 0)
(-0.0609 -0.00360827 0)
(-0.0595599 -0.00430083 0)
(-0.0580117 -0.00497711 0)
(-0.0562621 -0.00562976 0)
(-0.05432 -0.00625133 0)
(-0.052196 -0.00683433 0)
(-0.049903 -0.00737138 0)
(-0.0474554 -0.00785533 0)
(-0.0448696 -0.00827936 0)
(-0.0421638 -0.00863717 0)
(-0.0393578 -0.00892304 0)
(-0.0364726 -0.00913203 0)
(-0.0335309 -0.00926011 0)
(-0.0305562 -0.00930426 0)
(-0.0275728 -0.00926262 0)
(-0.0246056 -0.0091346 0)
(-0.0216796 -0.00892095 0)
(-0.0188198 -0.00862381 0)
(-0.0160507 -0.00824676 0)
(-0.0133959 -0.00779477 0)
(-0.0108775 -0.00727419 0)
(-0.00851613 -0.00669264 0)
(-0.00633038 -0.00605883 0)
(-0.00433624 -0.00538246 0)
(-0.00254695 -0.00467397 0)
(-0.000972527 -0.00394447 0)
(0.00038045 -0.00320572 0)
(0.00150612 -0.00247158 0)
(0.00240526 -0.00175397 0)
(0.00308247 -0.001064 0)
(0.00354587 -0.000412573 0)
(0.0038072 0.000189554 0)
(0.0038815 0.000731761 0)
(0.0037877 0.00120388 0)
(0.00354767 0.0015953 0)
(0.00318624 0.00189463 0)
(0.00273129 0.00208959 0)
(0.00221378 0.00216718 0)
(0.00166796 0.00211415 0)
(0.00113132 0.00191804 0)
(0.000642527 0.00156887 0)
(0.000245656 0.00106158 0)
(3.82036e-05 0.000399266 0)
(5.78714e-06 -0.000178682 0)
(1.16687e-07 -0.000295551 0)
(-5.32232e-05 -0.000239236 0)
(-0.000177003 -5.48558e-05 0)
(-0.000387523 0.00022134 0)
(-0.000695838 0.000559678 0)
(-0.00110901 0.000937047 0)
(-0.00163101 0.00133595 0)
(-0.00226348 0.00174361 0)
(-0.00300641 0.0021511 0)
(-0.00385864 0.0025526 0)
(-0.00481823 0.00294469 0)
(-0.00588285 0.00332571 0)
(-0.00704994 0.00369521 0)
(-0.00831688 0.00405354 0)
(-0.00968104 0.00440146 0)
(-0.0111398 0.00473984 0)
(-0.0126907 0.0050695 0)
(-0.014331 0.00539098 0)
(-0.0160579 0.0057045 0)
(-0.0178685 0.00600987 0)
(-0.0197594 0.00630647 0)
(-0.0217271 0.00659326 0)
(-0.0237672 0.00686877 0)
(-0.0258751 0.00713118 0)
(-0.0280453 0.00737834 0)
(-0.0302719 0.0076078 0)
(-0.032548 0.00781691 0)
(-0.0348661 0.00800281 0)
(-0.0372179 0.00816256 0)
(-0.0395945 0.00829311 0)
(-0.0419861 0.00839142 0)
(-0.0443823 0.00845447 0)
(-0.046772 0.0084793 0)
(-0.0491435 0.00846309 0)
(-0.0514847 0.00840318 0)
(-0.0537828 0.00829711 0)
(-0.056025 0.00814267 0)
(-0.0581978 0.00793794 0)
(-0.0602877 0.00768131 0)
(-0.0622813 0.00737155 0)
(-0.0641649 0.00700779 0)
(-0.0659251 0.00658959 0)
(-0.0675488 0.00611698 0)
(-0.0690231 0.00559043 0)
(-0.0703356 0.00501094 0)
(-0.0714746 0.00438003 0)
(-0.072429 0.00369975 0)
(-0.0731885 0.00297275 0)
(-0.0737439 0.00220229 0)
(-0.0740865 0.00139227 0)
(-0.0742087 0.000547349 0)
(-0.0741059 -0.000327045 0)
(-0.0737713 -0.00122549 0)
(-0.0732021 -0.00214205 0)
(-0.0723964 -0.0030698 0)
(-0.0713543 -0.00400104 0)
(-0.0700774 -0.00492752 0)
(-0.0685694 -0.00584053 0)
(-0.0668358 -0.00673101 0)
(-0.064884 -0.00758966 0)
(-0.0627236 -0.00840702 0)
(-0.0603658 -0.00917367 0)
(-0.0578241 -0.00988029 0)
(-0.0551137 -0.0105178 0)
(-0.0522518 -0.0110777 0)
(-0.0492572 -0.0115518 0)
(-0.0461506 -0.0119329 0)
(-0.0429542 -0.0122147 0)
(-0.0396914 -0.0123918 0)
(-0.0363871 -0.0124604 0)
(-0.0330669 -0.0124176 0)
(-0.0297571 -0.0122627 0)
(-0.0264845 -0.0119961 0)
(-0.0232757 -0.0116202 0)
(-0.0201573 -0.0111394 0)
(-0.0171549 -0.0105595 0)
(-0.014293 -0.00988843 0)
(-0.0115944 -0.0091356 0)
(-0.00908021 -0.00831204 0)
(-0.0067687 -0.0074301 0)
(-0.00467549 -0.00650329 0)
(-0.00281291 -0.00554601 0)
(-0.00118975 -0.00457345 0)
(0.000188912 -0.00360132 0)
(0.00131974 -0.00264717 0)
(0.0022055 -0.00172688 0)
(0.00285378 -0.000855034 0)
(0.00327618 -4.60842e-05 0)
(0.00348806 0.000685618 0)
(0.00350879 0.00132625 0)
(0.00336159 0.00186206 0)
(0.00307266 0.00227853 0)
(0.00267146 0.00256023 0)
(0.00219073 0.00269097 0)
(0.00166681 0.00265408 0)
(0.00113975 0.00243322 0)
(0.000651402 0.00201354 0)
(0.000249877 0.00138316 0)
(3.8795e-05 0.000534507 0)
(9.60265e-07 -0.000172723 0)
(-3.55372e-05 -0.000242981 0)
(-0.000153258 -0.000115463 0)
(-0.000364218 0.000157964 0)
(-0.000681573 0.000535457 0)
(-0.00111413 0.000983091 0)
(-0.00166672 0.00147443 0)
(-0.00234159 0.00198948 0)
(-0.00313911 0.00251362 0)
(-0.00405829 0.00303666 0)
(-0.00509727 0.00355191 0)
(-0.00625364 0.00405544 0)
(-0.00752468 0.0045453 0)
(-0.00890756 0.00502094 0)
(-0.0103994 0.00548267 0)
(-0.0119973 0.00593126 0)
(-0.0136984 0.00636757 0)
(-0.0154997 0.00679234 0)
(-0.0173982 0.00720599 0)
(-0.0193905 0.00760851 0)
(-0.021473 0.00799939 0)
(-0.0236416 0.00837762 0)
(-0.0258918 0.00874163 0)
(-0.0282184 0.00908941 0)
(-0.0306156 0.00941847 0)
(-0.0330769 0.00972596 0)
(-0.0355951 0.0100087 0)
(-0.038162 0.0102633 0)
(-0.0407688 0.0104861 0)
(-0.043406 0.0106734 0)
(-0.0460631 0.0108215 0)
(-0.048729 0.0109265 0)
(-0.0513919 0.0109847 0)
(-0.0540396 0.0109927 0)
(-0.0566589 0.0109471 0)
(-0.0592366 0.0108446 0)
(-0.0617588 0.0106825 0)
(-0.0642114 0.0104584 0)
(-0.0665802 0.01017 0)
(-0.0688508 0.0098157 0)
(-0.071009 0.00939428 0)
(-0.0730405 0.00890501 0)
(-0.0749314 0.0083477 0)
(-0.0766681 0.00772273 0)
(-0.0782375 0.00703105 0)
(-0.0796272 0.00627424 0)
(-0.0808252 0.00545452 0)
(-0.0818206 0.00457474 0)
(-0.0826033 0.00363846 0)
(-0.0831639 0.00264992 0)
(-0.0834943 0.00161407 0)
(-0.083587 0.000536689 0)
(-0.0834379 -0.00057573 0)
(-0.0830401 -0.00171627 0)
(-0.0823915 -0.00287731 0)
(-0.0814905 -0.0040502 0)
(-0.0803377 -0.00522549 0)
(-0.0789351 -0.00639309 0)
(-0.0772868 -0.00754241 0)
(-0.0753985 -0.00866247 0)
(-0.0732781 -0.00974201 0)
(-0.0709352 -0.0107696 0)
(-0.0683816 -0.0117339 0)
(-0.0656307 -0.0126237 0)
(-0.0626982 -0.0134279 0)
(-0.0596014 -0.0141362 0)
(-0.0563596 -0.0147387 0)
(-0.0529937 -0.0152264 0)
(-0.0495265 -0.0155916 0)
(-0.045982 -0.0158276 0)
(-0.0423857 -0.0159292 0)
(-0.0387642 -0.0158931 0)
(-0.0351448 -0.0157174 0)
(-0.0315556 -0.0154027 0)
(-0.0280247 -0.0149513 0)
(-0.0245802 -0.0143679 0)
(-0.0212496 -0.0136594 0)
(-0.0180595 -0.0128349 0)
(-0.0150349 -0.0119056 0)
(-0.012199 -0.0108847 0)
(-0.00957268 -0.00978725 0)
(-0.00717382 -0.00862981 0)
(-0.00501718 -0.00743023 0)
(-0.00311383 -0.00620737 0)
(-0.00147093 -0.00498084 0)
(-9.16726e-05 -0.00377068 0)
(0.00102386 -0.00259787 0)
(0.00188049 -0.00148303 0)
(0.00248917 -0.000444592 0)
(0.00286535 0.000499265 0)
(0.00302796 0.00133041 0)
(0.00300113 0.00203154 0)
(0.00281211 0.00258482 0)
(0.00249152 0.0029715 0)
(0.00207349 0.00317188 0)
(0.00159605 0.00316556 0)
(0.00110131 0.00293183 0)
(0.000633619 0.00245037 0)
(0.000243901 0.00170202 0)
(3.78314e-05 0.000668899 0)
(-4.32486e-06 -0.000146664 0)
(-7.50843e-05 -0.000137741 0)
(-0.000264445 8.81588e-05 0)
(-0.000572079 0.000473368 0)
(-0.00100737 0.000971476 0)
(-0.00157608 0.00154496 0)
(-0.00228032 0.00216462 0)
(-0.00312014 0.00280845 0)
(-0.00409426 0.00346042 0)
(-0.00520046 0.00410937 0)
(-0.00643594 0.00474806 0)
(-0.00779764 0.0053722 0)
(-0.00928235 0.00597972 0)
(-0.0108869 0.00657 0)
(-0.012608 0.00714336 0)
(-0.0144426 0.00770054 0)
(-0.0163873 0.00824234 0)
(-0.0184389 0.00876937 0)
(-0.0205938 0.00928182 0)
(-0.0228481 0.00977935 0)
(-0.0251974 0.010261 0)
(-0.027637 0.0107254 0)
(-0.0301613 0.0111701 0)
(-0.0327643 0.0115927 0)
(-0.0354391 0.0119898 0)
(-0.038178 0.0123579 0)
(-0.0409726 0.0126929 0)
(-0.0438136 0.0129907 0)
(-0.046691 0.0132468 0)
(-0.0495938 0.0134568 0)
(-0.0525104 0.0136162 0)
(-0.0554285 0.0137204 0)
(-0.0583352 0.0137651 0)
(-0.061217 0.0137463 0)
(-0.0640598 0.0136602 0)
(-0.0668493 0.0135031 0)
(-0.0695708 0.013272 0)
(-0.0722095 0.0129642 0)
(-0.0747505 0.0125775 0)
(-0.0771788 0.0121102 0)
(-0.0794797 0.0115613 0)
(-0.0816387 0.0109303 0)
(-0.0836416 0.0102173 0)
(-0.0854747 0.00942329 0)
(-0.0871251 0.0085497 0)
(-0.0885801 0.00759883 0)
(-0.0898281 0.00657365 0)
(-0.0908584 0.00547792 0)
(-0.091661 0.00431614 0)
(-0.0922271 0.00309356 0)
(-0.0925487 0.00181625 0)
(-0.0926186 0.000491067 0)
(-0.0924334 -0.000874366 0)
(-0.091986 -0.00227163 0)
(-0.0912748 -0.00369142 0)
(-0.0902986 -0.00512337 0)
(-0.0890582 -0.0065563 0)
(-0.0875556 -0.00797835 0)
(-0.0857952 -0.00937708 0)
(-0.0837827 -0.0107397 0)
(-0.0815258 -0.0120529 0)
(-0.0790343 -0.0133036 0)
(-0.0763196 -0.0144783 0)
(-0.0733953 -0.0155638 0)
(-0.0702767 -0.0165473 0)
(-0.066981 -0.0174165 0)
(-0.0635276 -0.0181597 0)
(-0.0599373 -0.0187663 0)
(-0.056233 -0.0192267 0)
(-0.0524389 -0.0195329 0)
(-0.048581 -0.0196785 0)
(-0.0446863 -0.0196588 0)
(-0.0407829 -0.0194715 0)
(-0.0369 -0.0191164 0)
(-0.0330667 -0.0185958 0)
(-0.0293128 -0.0179146 0)
(-0.0256673 -0.0170804 0)
(-0.0221587 -0.0161033 0)
(-0.0188141 -0.0149962 0)
(-0.0156591 -0.0137743 0)
(-0.0127169 -0.0124553 0)
(-0.0100078 -0.0110587 0)
(-0.00754912 -0.00960592 0)
(-0.00535435 -0.00811957 0)
(-0.00343302 -0.00662337 0)
(-0.00179033 -0.00514171 0)
(-0.000427176 -0.00369919 0)
(0.000660185 -0.0023201 0)
(0.00147873 -0.00103066 0)
(0.00204358 0.000147098 0)
(0.00237304 0.00119046 0)
(0.00249129 0.00207795 0)
(0.00242647 0.00278817 0)
(0.00221009 0.00329879 0)
(0.00187739 0.00358643 0)
(0.00146773 0.00362665 0)
(0.00102475 0.00339411 0)
(0.000594696 0.00286278 0)
(0.000230191 0.00200639 0)
(3.58185e-05 0.000797701 0)
(-9.96351e-06 -9.8794e-05 0)
(-0.000117658 2.51708e-05 0)
(-0.000384469 0.000379066 0)
(-0.000796524 0.000900597 0)
(-0.00135871 0.00153976 0)
(-0.00207329 0.00225618 0)
(-0.00293912 0.00301859 0)
(-0.00395369 0.00380353 0)
(-0.00511373 0.00459405 0)
(-0.00641552 0.00537844 0)
(-0.00785515 0.00614919 0)
(-0.00942872 0.00690194 0)
(-0.0111324 0.00763461 0)
(-0.0129626 0.00834667 0)
(-0.0149158 0.00903844 0)
(-0.0169882 0.00971065 0)
(-0.0191765 0.010364 0)
(-0.0214767 0.0109989 0)
(-0.0238847 0.0116152 0)
(-0.0263962 0.0122122 0)
(-0.0290061 0.0127883 0)
(-0.0317087 0.0133416 0)
(-0.0344978 0.013869 0)
(-0.0373661 0.0143672 0)
(-0.040306 0.0148322 0)
(-0.0433085 0.0152595 0)
(-0.0463641 0.0156444 0)
(-0.0494625 0.0159817 0)
(-0.0525924 0.0162662 0)
(-0.0557418 0.0164928 0)
(-0.058898 0.0166562 0)
(-0.0620476 0.0167513 0)
(-0.0651768 0.0167732 0)
(-0.0682711 0.0167173 0)
(-0.0713157 0.0165794 0)
(-0.0742956 0.0163557 0)
(-0.0771953 0.0160428 0)
(-0.0799997 0.0156381 0)
(-0.0826934 0.0151393 0)
(-0.0852611 0.0145449 0)
(-0.087688 0.0138542 0)
(-0.0899594 0.013067 0)
(-0.0920613 0.0121839 0)
(-0.0939801 0.0112063 0)
(-0.0957028 0.0101365 0)
(-0.0972172 0.00897745 0)
(-0.098512 0.00773299 0)
(-0.0995767 0.00640777 0)
(-0.100402 0.00500728 0)
(-0.100979 0.00353782 0)
(-0.1013 0.00200653 0)
(-0.101358 0.000421367 0)
(-0.101151 -0.00120894 0)
(-0.100671 -0.00287453 0)
(-0.0999167 -0.00456443 0)
(-0.0988875 -0.00626665 0)
(-0.0975838 -0.00796834 0)
(-0.0960078 -0.00965595 0)
(-0.0941634 -0.0113153 0)
(-0.0920562 -0.0129318 0)
(-0.0896936 -0.0144903 0)
(-0.087085 -0.0159758 0)
(-0.0842414 -0.017373 0)
(-0.0811757 -0.0186667 0)
(-0.077903 -0.0198423 0)
(-0.07444 -0.0208854 0)
(-0.0708056 -0.0217825 0)
(-0.0670205 -0.0225212 0)
(-0.0631073 -0.0230902 0)
(-0.0590901 -0.0234798 0)
(-0.054995 -0.0236821 0)
(-0.0508494 -0.0236913 0)
(-0.0466819 -0.023504 0)
(-0.0425224 -0.0231191 0)
(-0.0384013 -0.0225387 0)
(-0.0343493 -0.0217675 0)
(-0.0303973 -0.0208136 0)
(-0.0265755 -0.0196881 0)
(-0.0229132 -0.0184051 0)
(-0.0194381 -0.0169819 0)
(-0.0161759 -0.0154385 0)
(-0.0131496 -0.0137975 0)
(-0.010379 -0.0120835 0)
(-0.00788044 -0.0103233 0)
(-0.00566586 -0.00854463 0)
(-0.0037429 -0.00677647 0)
(-0.00211446 -0.00504816 0)
(-0.000778484 -0.00338897 0)
(0.000272039 -0.00182774 0)
(0.00104803 -0.000394765 0)
(0.0015678 0.000882748 0)
(0.00185377 0.0019781 0)
(0.00193501 0.00286603 0)
(0.00184378 0.0035205 0)
(0.0016162 0.00391423 0)
(0.00129262 0.00401858 0)
(0.000917853 0.00380345 0)
(0.000539382 0.00323724 0)
(0.000210731 0.00228699 0)
(3.31112e-05 0.000917412 0)
(-1.58696e-05 -2.77462e-05 0)
(-0.000162653 0.000249653 0)
(-0.000511537 0.000763157 0)
(-0.00103412 0.00144706 0)
(-0.00173032 0.00224864 0)
(-0.00259843 0.00312552 0)
(-0.00363366 0.00404511 0)
(-0.00483058 0.00498316 0)
(-0.00618366 0.00592235 0)
(-0.00768746 0.00685089 0)
(-0.00933676 0.00776135 0)
(-0.0111267 0.00864959 0)
(-0.0130529 0.00951373 0)
(-0.0151109 0.0103534 0)
(-0.0172969 0.011169 0)
(-0.0196069 0.0119613 0)
(-0.0220368 0.0127308 0)
(-0.0245823 0.0134777 0)
(-0.027239 0.0142014 0)
(-0.0300016 0.0149007 0)
(-0.0328645 0.0155736 0)
(-0.0358212 0.016217 0)
(-0.0388645 0.0168276 0)
(-0.0419865 0.0174009 0)
(-0.0451783 0.0179322 0)
(-0.0484301 0.0184161 0)
(-0.0517313 0.018847 0)
(-0.0550705 0.019219 0)
(-0.0584355 0.0195261 0)
(-0.0618133 0.0197624 0)
(-0.0651903 0.019922 0)
(-0.0685523 0.0199992 0)
(-0.0718847 0.0199886 0)
(-0.0751722 0.0198852 0)
(-0.0783997 0.0196846 0)
(-0.0815514 0.0193827 0)
(-0.0846118 0.0189762 0)
(-0.0875652 0.0184622 0)
(-0.0903962 0.0178389 0)
(-0.0930895 0.0171048 0)
(-0.0956303 0.0162597 0)
(-0.098004 0.0153037 0)
(-0.100197 0.014238 0)
(-0.102195 0.0130648 0)
(-0.103987 0.0117869 0)
(-0.10556 0.0104082 0)
(-0.106903 0.00893331 0)
(-0.108006 0.00736781 0)
(-0.10886 0.00571818 0)
(-0.109457 0.00399175 0)
(-0.10979 0.00219671 0)
(-0.109851 0.000342068 0)
(-0.109639 -0.00156235 0)
(-0.109145 -0.00350539 0)
(-0.10837 -0.00547448 0)
(-0.107311 -0.00745612 0)
(-0.105969 -0.0094359 0)
(-0.104345 -0.0113987 0)
(-0.102444 -0.0133286 0)
(-0.100271 -0.0152093 0)
(-0.0978316 -0.0170241 0)
(-0.095135 -0.0187558 0)
(-0.0921917 -0.0203876 0)
(-0.0890138 -0.0219022 0)
(-0.0856155 -0.0232831 0)
(-0.082013 -0.0245139 0)
(-0.0782244 -0.0255793 0)
(-0.07427 -0.0264648 0)
(-0.0701717 -0.0271573 0)
(-0.0659535 -0.0276453 0)
(-0.0616414 -0.0279194 0)
(-0.0572629 -0.0279721 0)
(-0.052847 -0.0277987 0)
(-0.0484241 -0.0273973 0)
(-0.0440255 -0.0267691 0)
(-0.0396832 -0.0259187 0)
(-0.0354296 -0.0248543 0)
(-0.0312967 -0.0235874 0)
(-0.0273158 -0.0221336 0)
(-0.023517 -0.0205115 0)
(-0.0199285 -0.0187437 0)
(-0.0165762 -0.0168554 0)
(-0.0134825 -0.0148749 0)
(-0.0106667 -0.0128325 0)
(-0.0081435 -0.0107607 0)
(-0.00592324 -0.00869283 0)
(-0.00401126 -0.00666332 0)
(-0.00240765 -0.00470665 0)
(-0.00110711 -0.00285717 0)
(-9.92096e-05 -0.00114868 0)
(0.000632154 0.00038534 0)
(0.00110698 0.00171081 0)
(0.00135425 0.00279818 0)
(0.00140693 0.00361756 0)
(0.00130182 0.0041376 0)
(0.00108005 0.00432538 0)
(0.000787212 0.00414611 0)
(0.000471618 0.00356287 0)
(0.000187095 0.00253671 0)
(2.9965e-05 0.0010255 0)
(-2.19735e-05 6.76683e-05 0)
(-0.000209533 0.000538802 0)
(-0.000644106 0.00124515 0)
(-0.00128192 0.00211856 0)
(-0.00211755 0.00310456 0)
(-0.00314496 0.00415969 0)
(-0.00435537 0.00525081 0)
(-0.00574014 0.00635362 0)
(-0.00729125 0.00745101 0)
(-0.00900135 0.00853163 0)
(-0.0108638 0.00958855 0)
(-0.0128727 0.0106181 0)
(-0.0150226 0.0116189 0)
(-0.0173089 0.0125908 0)
(-0.0197269 0.0135345 0)
(-0.0222722 0.0144506 0)
(-0.0249404 0.0153395 0)
(-0.0277266 0.0162012 0)
(-0.0306258 0.0170345 0)
(-0.0336322 0.0178377 0)
(-0.0367395 0.0186079 0)
(-0.0399403 0.0193417 0)
(-0.0432268 0.0200344 0)
(-0.04659 0.020681 0)
(-0.0500202 0.0212758 0)
(-0.0535068 0.0218125 0)
(-0.0570381 0.0222848 0)
(-0.060602 0.0226858 0)
(-0.0641853 0.023009 0)
(-0.0677743 0.0232476 0)
(-0.0713547 0.0233952 0)
(-0.0749116 0.0234456 0)
(-0.0784297 0.0233931 0)
(-0.0818937 0.0232323 0)
(-0.0852876 0.0229585 0)
(-0.0885958 0.0225678 0)
(-0.0918024 0.0220566 0)
(-0.0948918 0.0214225 0)
(-0.0978485 0.0206636 0)
(-0.100657 0.019779 0)
(-0.103304 0.0187687 0)
(-0.105774 0.0176335 0)
(-0.108054 0.0163751 0)
(-0.11013 0.0149965 0)
(-0.111991 0.0135011 0)
(-0.113625 0.0118936 0)
(-0.115022 0.0101795 0)
(-0.116171 0.00836545 0)
(-0.117065 0.00645872 0)
(-0.117694 0.00446764 0)
(-0.118053 0.0024014 0)
(-0.118134 0.000270029 0)
(-0.117934 -0.00191565 0)
(-0.117448 -0.00414329 0)
(-0.116672 -0.00639892 0)
(-0.115607 -0.00866761 0)
(-0.114251 -0.0109335 0)
(-0.112606 -0.01318 0)
(-0.110675 -0.0153896 0)
(-0.108462 -0.0175445 0)
(-0.105972 -0.0196261 0)
(-0.103215 -0.0216156 0)
(-0.100199 -0.0234942 0)
(-0.0969351 -0.0252429 0)
(-0.0934369 -0.0268431 0)
(-0.0897197 -0.0282765 0)
(-0.0858007 -0.0295256 0)
(-0.0816993 -0.0305741 0)
(-0.0774368 -0.0314068 0)
(-0.0730369 -0.0320102 0)
(-0.068525 -0.0323729 0)
(-0.0639287 -0.0324859 0)
(-0.0592772 -0.0323429 0)
(-0.0546013 -0.0319408 0)
(-0.0499332 -0.0312796 0)
(-0.045306 -0.0303635 0)
(-0.0407534 -0.0292003 0)
(-0.0363093 -0.0278019 0)
(-0.0320071 -0.0261848 0)
(-0.0278794 -0.0243691 0)
(-0.023957 -0.0223792 0)
(-0.0202685 -0.0202433 0)
(-0.0168396 -0.0179928 0)
(-0.0136923 -0.0156621 0)
(-0.0108447 -0.0132878 0)
(-0.00831004 -0.0109084 0)
(-0.00609635 -0.00856342 0)
(-0.00420627 -0.00629272 0)
(-0.00263672 -0.0041363 0)
(-0.00137888 -0.00213367 0)
(-0.000418155 -0.000323528 0)
(0.000265814 0.00125606 0)
(0.000697742 0.00256612 0)
(0.000911429 0.00357294 0)
(0.000944178 0.00424115 0)
(0.000837751 0.00453356 0)
(0.000638261 0.00441083 0)
(0.000394591 0.00383111 0)
(0.000160521 0.00275015 0)
(2.6566e-05 0.00112019 0)
(-2.83007e-05 0.000188322 0)
(-0.000257939 0.000895019 0)
(-0.000780833 0.0018286 0)
(-0.00153728 0.00291942 0)
(-0.00251619 0.00411227 0)
(-0.00370688 0.00536351 0)
(-0.00509631 0.00664033 0)
(-0.0066724 0.00791912 0)
(-0.00842449 0.00918364 0)
(-0.0103431 0.0104235 0)
(-0.0124202 0.0116327 0)
(-0.0146485 0.0128085 0)
(-0.0170218 0.01395 0)
(-0.0195347 0.0150577 0)
(-0.0221821 0.0161324 0)
(-0.0249591 0.0171748 0)
(-0.0278606 0.0181853 0)
(-0.0308814 0.0191632 0)
(-0.0340159 0.0201071 0)
(-0.0372576 0.0210144 0)
(-0.0405995 0.0218817 0)
(-0.0440337 0.0227044 0)
(-0.0475514 0.0234773 0)
(-0.0511431 0.0241943 0)
(-0.054798 0.0248489 0)
(-0.0585047 0.0254339 0)
(-0.0622511 0.0259421 0)
(-0.0660239 0.0263661 0)
(-0.0698096 0.0266984 0)
(-0.0735936 0.0269317 0)
(-0.0773613 0.0270592 0)
(-0.0810972 0.0270742 0)
(-0.0847859 0.0269707 0)
(-0.0884115 0.0267431 0)
(-0.0919582 0.0263867 0)
(-0.0954101 0.0258975 0)
(-0.0987515 0.0252721 0)
(-0.101967 0.0245083 0)
(-0.105041 0.0236045 0)
(-0.107959 0.0225603 0)
(-0.110706 0.0213761 0)
(-0.11327 0.0200532 0)
(-0.115636 0.0185942 0)
(-0.117792 0.0170024 0)
(-0.119726 0.0152823 0)
(-0.121427 0.0134392 0)
(-0.122885 0.0114796 0)
(-0.124091 0.00941086 0)
(-0.125035 0.00724117 0)
(-0.125711 0.0049798 0)
(-0.126111 0.00263688 0)
(-0.126229 0.000223326 0)
(-0.126061 -0.00224907 0)
(-0.125602 -0.00476699 0)
(-0.124849 -0.00731519 0)
(-0.123799 -0.00987745 0)
(-0.122453 -0.0124366 0)
(-0.120811 -0.0149747 0)
(-0.118874 -0.0174728 0)
(-0.116646 -0.0199114 0)
(-0.114132 -0.0222704 0)
(-0.111339 -0.0245294 0)
(-0.108274 -0.0266676 0)
(-0.104949 -0.0286641 0)
(-0.101374 -0.0304984 0)
(-0.0975652 -0.0321502 0)
(-0.0935373 -0.0335998 0)
(-0.0893092 -0.0348288 0)
(-0.0849014 -0.0358198 0)
(-0.080337 -0.0365573 0)
(-0.0756409 -0.0370277 0)
(-0.0708403 -0.03722 0)
(-0.0659646 -0.0371262 0)
(-0.0610449 -0.0367414 0)
(-0.056114 -0.0360645 0)
(-0.0512061 -0.0350986 0)
(-0.0463562 -0.033851 0)
(-0.0416001 -0.0323337 0)
(-0.0369732 -0.0305634 0)
(-0.0325105 -0.0285616 0)
(-0.0282457 -0.0263545 0)
(-0.0242103 -0.0239727 0)
(-0.0204334 -0.0214508 0)
(-0.0169403 -0.0188271 0)
(-0.0137524 -0.0161427 0)
(-0.0108861 -0.0134409 0)
(-0.00835267 -0.0107668 0)
(-0.00615761 -0.00816597 0)
(-0.00430036 -0.00568428 0)
(-0.00277422 -0.00336723 0)
(-0.00156632 -0.00125947 0)
(-0.000657103 0.000595337 0)
(-2.34981e-05 0.00215246 0)
(0.000366815 0.00337125 0)
(0.000551228 0.00421138 0)
(0.000571893 0.00463165 0)
(0.000475315 0.0045884 0)
(0.000310794 0.00403525 0)
(0.000131952 0.00292334 0)
(2.30488e-05 0.00120027 0)
(-3.47759e-05 0.000334826 0)
(-0.000307407 0.00132002 0)
(-0.000920423 0.00251598 0)
(-0.00179772 0.00385258 0)
(-0.00292228 0.00527486 0)
(-0.00427853 0.00673998 0)
(-0.00584899 0.00821637 0)
(-0.00761797 0.00968186 0)
(-0.009572 0.0111218 0)
(-0.0116995 0.0125274 0)
(-0.0139906 0.0138939 0)
(-0.0164369 0.0152198 0)
(-0.0190314 0.0165052 0)
(-0.0217678 0.0177512 0)
(-0.0246403 0.0189588 0)
(-0.0276436 0.020129 0)
(-0.0307721 0.0212619 0)
(-0.03402 0.0223565 0)
(-0.0373812 0.0234107 0)
(-0.0408487 0.0244213 0)
(-0.0444147 0.0253841 0)
(-0.0480708 0.0262936 0)
(-0.0518074 0.0271437 0)
(-0.0556142 0.0279275 0)
(-0.05948 0.0286374 0)
(-0.0633926 0.0292656 0)
(-0.0673391 0.0298039 0)
(-0.0713059 0.0302443 0)
(-0.0752787 0.0305787 0)
(-0.0792429 0.0307993 0)
(-0.0831831 0.0308988 0)
(-0.0870839 0.0308702 0)
(-0.0909296 0.0307073 0)
(-0.0947042 0.0304045 0)
(-0.098392 0.0299571 0)
(-0.101977 0.029361 0)
(-0.105445 0.0286133 0)
(-0.108778 0.0277119 0)
(-0.111964 0.0266556 0)
(-0.114987 0.0254445 0)
(-0.117834 0.0240795 0)
(-0.12049 0.0225627 0)
(-0.122944 0.020897 0)
(-0.125183 0.0190865 0)
(-0.127196 0.0171365 0)
(-0.128972 0.0150531 0)
(-0.130501 0.0128435 0)
(-0.131774 0.0105158 0)
(-0.132783 0.0080791 0)
(-0.133519 0.0055435 0)
(-0.133977 0.00291996 0)
(-0.134149 0.000220229 0)
(-0.134032 -0.00254307 0)
(-0.133619 -0.00535579 0)
(-0.132908 -0.00820159 0)
(-0.131897 -0.0110631 0)
(-0.130582 -0.0139221 0)
(-0.128965 -0.0167592 0)
(-0.127045 -0.0195541 0)
(-0.124826 -0.022286 0)
(-0.12231 -0.0249331 0)
(-0.119504 -0.0274734 0)
(-0.116414 -0.0298842 0)
(-0.113049 -0.0321429 0)
(-0.10942 -0.0342269 0)
(-0.10554 -0.0361137 0)
(-0.101424 -0.0377817 0)
(-0.097088 -0.03921 0)
(-0.092553 -0.040379 0)
(-0.0878406 -0.0412708 0)
(-0.0829751 -0.0418697 0)
(-0.0779834 -0.0421623 0)
(-0.0728946 -0.0421384 0)
(-0.0677401 -0.0417914 0)
(-0.0625531 -0.0411185 0)
(-0.0573688 -0.0401213 0)
(-0.0522234 -0.0388063 0)
(-0.0471544 -0.037185 0)
(-0.0421994 -0.0352743 0)
(-0.0373959 -0.0330965 0)
(-0.0327804 -0.0306792 0)
(-0.0283877 -0.0280554 0)
(-0.0242502 -0.0252626 0)
(-0.0203969 -0.0223429 0)
(-0.0168527 -0.0193418 0)
(-0.0136378 -0.0163079 0)
(-0.0107669 -0.0132916 0)
(-0.00824865 -0.0103447 0)
(-0.0060855 -0.00751941 0)
(-0.00427323 -0.00486749 0)
(-0.00280103 -0.00244 0)
(-0.00165123 -0.000286853 0)
(-0.000800475 0.00154201 0)
(-0.00021958 0.00299807 0)
(0.000129024 0.00403621 0)
(0.000287185 0.00460981 0)
(0.000301644 0.00467125 0)
(0.000222103 0.00417005 0)
(0.000102085 0.00305336 0)
(1.95071e-05 0.00126499 0)
(-4.13474e-05 0.000507666 0)
(-0.000357512 0.00181492 0)
(-0.00106163 0.00330878 0)
(-0.00206083 0.00491967 0)
(-0.00333199 0.00659389 0)
(-0.00485449 0.00829039 0)
(-0.00660624 0.00997978 0)
(-0.00856785 0.0116422 0)
(-0.0107229 0.0132652 0)
(-0.0130577 0.0148421 0)
(-0.0155605 0.0163702 0)
(-0.0182217 0.0178494 0)
(-0.0210333 0.0192809 0)
(-0.0239882 0.0206666 0)
(-0.02708 0.0220082 0)
(-0.0303029 0.0233066 0)
(-0.0336507 0.0245618 0)
(-0.0371171 0.0257724 0)
(-0.0406955 0.0269357 0)
(-0.0443782 0.0280479 0)
(-0.0481571 0.0291037 0)
(-0.0520229 0.030097 0)
(-0.0559656 0.0310207 0)
(-0.0599742 0.0318669 0)
(-0.064037 0.0326272 0)
(-0.0681412 0.033293 0)
(-0.0722735 0.0338554 0)
(-0.0764199 0.0343057 0)
(-0.0805657 0.0346353 0)
(-0.084696 0.034836 0)
(-0.0887954 0.0349001 0)
(-0.0928483 0.0348205 0)
(-0.0968391 0.0345909 0)
(-0.100752 0.0342055 0)
(-0.104571 0.0336597 0)
(-0.108282 0.0329499 0)
(-0.111868 0.0320731 0)
(-0.115315 0.0310278 0)
(-0.118608 0.0298132 0)
(-0.121735 0.0284298 0)
(-0.12468 0.0268791 0)
(-0.127431 0.0251636 0)
(-0.129976 0.0232871 0)
(-0.132304 0.0212544 0)
(-0.134402 0.0190712 0)
(-0.136261 0.0167444 0)
(-0.137871 0.0142819 0)
(-0.139223 0.0116926 0)
(-0.140308 0.00898634 0)
(-0.14112 0.00617394 0)
(-0.14165 0.0032671 0)
(-0.141893 0.000278313 0)
(-0.141844 -0.00277908 0)
(-0.141496 -0.00589022 0)
(-0.140847 -0.0090379 0)
(-0.139892 -0.0122038 0)
(-0.138629 -0.0153686 0)
(-0.137058 -0.0185117 0)
(-0.135176 -0.0216117 0)
(-0.132987 -0.0246462 0)
(-0.130491 -0.027592 0)
(-0.127693 -0.0304255 0)
(-0.124599 -0.0331223 0)
(-0.121216 -0.0356579 0)
(-0.117553 -0.0380076 0)
(-0.113622 -0.040147 0)
(-0.109437 -0.042052 0)
(-0.105013 -0.0436994 0)
(-0.100368 -0.0450673 0)
(-0.0955244 -0.0461353 0)
(-0.0905049 -0.0468849 0)
(-0.0853357 -0.0473006 0)
(-0.0800457 -0.0473696 0)
(-0.0746662 -0.0470829 0)
(-0.0692309 -0.0464359 0)
(-0.0637754 -0.0454283 0)
(-0.0583375 -0.0440654 0)
(-0.0529559 -0.0423576 0)
(-0.0476706 -0.0403218 0)
(-0.0425214 -0.0379805 0)
(-0.0375479 -0.0353625 0)
(-0.0327881 -0.0325027 0)
(-0.0282781 -0.0294414 0)
(-0.0240507 -0.0262244 0)
(-0.0201349 -0.0229015 0)
(-0.0165547 -0.0195265 0)
(-0.0133289 -0.0161556 0)
(-0.0104696 -0.012847 0)
(-0.00798275 -0.00965944 0)
(-0.00586691 -0.00665156 0)
(-0.0041137 -0.00388127 0)
(-0.0027076 -0.00140518 0)
(-0.0016258 0.000721316 0)
(-0.000841498 0.00244161 0)
(-0.000317842 0.00370468 0)
(-1.29654e-05 0.00445932 0)
(0.000119588 0.00465302 0)
(0.000129846 0.00423138 0)
(7.14041e-05 0.00313809 0)
(1.60016e-05 0.00131388 0)
(-4.79667e-05 0.000707084 0)
(-0.000407829 0.00238021 0)
(-0.0012032 0.00420754 0)
(-0.00232426 0.00612107 0)
(-0.00374161 0.00806942 0)
(-0.00542951 0.0100144 0)
(-0.00736115 0.0119297 0)
(-0.00951337 0.0137986 0)
(-0.0118668 0.0156117 0)
(-0.0144055 0.0173649 0)
(-0.0171159 0.019058 0)
(-0.0199872 0.0206927 0)
(-0.0230103 0.0222717 0)
(-0.0261772 0.0237979 0)
(-0.0294812 0.0252735 0)
(-0.0329155 0.0266997 0)
(-0.0364736 0.0280762 0)
(-0.0401489 0.0294013 0)
(-0.0439339 0.0306717 0)
(-0.0478206 0.0318829 0)
(-0.0518003 0.0330287 0)
(-0.0558633 0.0341021 0)
(-0.059999 0.035095 0)
(-0.064196 0.0359988 0)
(-0.0684419 0.0368043 0)
(-0.0727239 0.037502 0)
(-0.0770281 0.0380825 0)
(-0.0813402 0.0385364 0)
(-0.0856456 0.0388547 0)
(-0.0899292 0.0390289 0)
(-0.0941755 0.039051 0)
(-0.0983691 0.0389137 0)
(-0.102494 0.0386108 0)
(-0.106536 0.0381366 0)
(-0.110479 0.0374866 0)
(-0.114307 0.0366574 0)
(-0.118007 0.0356464 0)
(-0.121563 0.0344525 0)
(-0.124963 0.0330753 0)
(-0.128191 0.0315158 0)
(-0.131236 0.029776 0)
(-0.134084 0.0278591 0)
(-0.136725 0.0257694 0)
(-0.139146 0.0235122 0)
(-0.141336 0.021094 0)
(-0.143287 0.0185222 0)
(-0.144987 0.0158055 0)
(-0.146429 0.0129533 0)
(-0.147604 0.0099761 0)
(-0.148503 0.00688542 0)
(-0.14912 0.0036936 0)
(-0.149449 0.000413768 0)
(-0.149483 -0.0029401 0)
(-0.149217 -0.00635256 0)
(-0.148646 -0.00980575 0)
(-0.147766 -0.0132805 0)
(-0.146573 -0.0167566 0)
(-0.145066 -0.0202124 0)
(-0.143242 -0.0236252 0)
(-0.141101 -0.0269715 0)
(-0.138645 -0.0302266 0)
(-0.135875 -0.0333652 0)
(-0.132797 -0.0363614 0)
(-0.129416 -0.0391887 0)
(-0.12574 -0.0418205 0)
(-0.121778 -0.0442302 0)
(-0.117543 -0.0463915 0)
(-0.11305 -0.0482787 0)
(-0.108314 -0.0498673 0)
(-0.103357 -0.0511343 0)
(-0.0981993 -0.0520585 0)
(-0.0928676 -0.0526215 0)
(-0.0873899 -0.052808 0)
(-0.081797 -0.0526064 0)
(-0.0761228 -0.0520094 0)
(-0.0704036 -0.0510148 0)
(-0.0646779 -0.0496258 0)
(-0.0589862 -0.0478518 0)
(-0.0533702 -0.0457087 0)
(-0.0478723 -0.0432191 0)
(-0.042535 -0.0404123 0)
(-0.0373999 -0.0373249 0)
(-0.0325068 -0.0339998 0)
(-0.0278926 -0.0304858 0)
(-0.0235905 -0.0268375 0)
(-0.0196292 -0.0231135 0)
(-0.0160315 -0.0193764 0)
(-0.0128138 -0.0156905 0)
(-0.0099857 -0.0121219 0)
(-0.00754918 -0.00873631 0)
(-0.00549872 -0.00559916 0)
(-0.00382112 -0.00277429 0)
(-0.00249554 -0.00032393 0)
(-0.00149498 0.00169007 0)
(-0.000785898 0.00320756 0)
(-0.000326145 0.00417259 0)
(-6.93065e-05 0.00452819 0)
(3.48816e-05 0.00421585 0)
(4.02128e-05 0.00317592 0)
(1.25719e-05 0.00134667 0)
(-5.45804e-05 0.00093309 0)
(-0.000457924 0.00301574 0)
(-0.00134389 0.00521181 0)
(-0.00258565 0.00745594 0)
(-0.00414748 0.00970013 0)
(-0.00599844 0.0119101 0)
(-0.00810699 0.0140636 0)
(-0.0104462 0.0161479 0)
(-0.0129937 0.0181573 0)
(-0.0157312 0.0200912 0)
(-0.0186436 0.021952 0)
(-0.0217186 0.0237437 0)
(-0.024946 0.0254709 0)
(-0.0283172 0.0271375 0)
(-0.0318246 0.0287464 0)
(-0.0354611 0.0302991 0)
(-0.0392196 0.0317952 0)
(-0.0430929 0.0332325 0)
(-0.0470732 0.0346074 0)
(-0.051152 0.0359143 0)
(-0.0553201 0.0371464 0)
(-0.0595673 0.0382957 0)
(-0.0638827 0.0393533 0)
(-0.0682544 0.0403097 0)
(-0.07267 0.041155 0)
(-0.077116 0.041879 0)
(-0.0815786 0.0424716 0)
(-0.0860434 0.0429232 0)
(-0.0904957 0.0432241 0)
(-0.0949204 0.0433658 0)
(-0.0993023 0.0433399 0)
(-0.103626 0.0431394 0)
(-0.107877 0.0427577 0)
(-0.112039 0.0421896 0)
(-0.116098 0.0414308 0)
(-0.120039 0.040478 0)
(-0.123847 0.0393291 0)
(-0.12751 0.0379833 0)
(-0.131013 0.0364408 0)
(-0.134344 0.0347029 0)
(-0.137489 0.0327722 0)
(-0.140437 0.0306525 0)
(-0.143177 0.0283485 0)
(-0.145697 0.0258661 0)
(-0.147986 0.0232124 0)
(-0.150036 0.0203954 0)
(-0.151836 0.0174241 0)
(-0.153377 0.0143087 0)
(-0.154651 0.0110603 0)
(-0.15565 0.00769072 0)
(-0.156366 0.00421303 0)
(-0.156793 0.000640898 0)
(-0.156923 -0.00301115 0)
(-0.156753 -0.00672717 0)
(-0.156276 -0.0104889 0)
(-0.155486 -0.0142765 0)
(-0.154379 -0.0180688 0)
(-0.152953 -0.0218434 0)
(-0.151203 -0.0255765 0)
(-0.149129 -0.0292432 0)
(-0.146731 -0.0328176 0)
(-0.144009 -0.0362729 0)
(-0.140966 -0.0395816 0)
(-0.137607 -0.0427154 0)
(-0.133937 -0.0456456 0)
(-0.129964 -0.0483436 0)
(-0.1257 -0.0507807 0)
(-0.121157 -0.0529288 0)
(-0.116349 -0.0547606 0)
(-0.111297 -0.0562503 0)
(-0.10602 -0.057374 0)
(-0.100543 -0.0581101 0)
(-0.0948929 -0.0584403 0)
(-0.0891007 -0.0583501 0)
(-0.0831998 -0.0578294 0)
(-0.0772268 -0.0568733 0)
(-0.0712211 -0.0554828 0)
(-0.0652242 -0.0536654 0)
(-0.0592797 -0.0514356 0)
(-0.0534327 -0.0488155 0)
(-0.0477283 -0.0458347 0)
(-0.0422118 -0.0425307 0)
(-0.0369267 -0.0389486 0)
(-0.0319146 -0.0351403 0)
(-0.0272132 -0.0311645 0)
(-0.0228558 -0.0270852 0)
(-0.01887 -0.0229707 0)
(-0.015277 -0.0188925 0)
(-0.0120905 -0.0149238 0)
(-0.00931653 -0.0111383 0)
(-0.00695274 -0.00760918 0)
(-0.0049887 -0.00440818 0)
(-0.00340586 -0.00160504 0)
(-0.00217772 0.000732622 0)
(-0.00127314 0.00253588 0)
(-0.000650779 0.00374286 0)
(-0.00026406 0.00429192 0)
(-6.23403e-05 0.00412055 0)
(8.66406e-06 0.00316569 0)
(9.25127e-06 0.00136324 0)
(-6.11307e-05 0.00118546 0)
(-0.000507351 0.00372077 0)
(-0.00148245 0.00632024 0)
(-0.00284268 0.00892224 0)
(-0.00454601 0.0114833 0)
(-0.00655626 0.0139741 0)
(-0.00883725 0.0163773 0)
(-0.0113582 0.0186853 0)
(-0.0140939 0.0208967 0)
(-0.0170238 0.0230148 0)
(-0.0201309 0.0250453 0)
(-0.0234017 0.026995 0)
(-0.0268249 0.0288703 0)
(-0.0303913 0.0306765 0)
(-0.0340925 0.0324174 0)
(-0.0379208 0.0340946 0)
(-0.0418687 0.0357079 0)
(-0.0459285 0.0372548 0)
(-0.050092 0.0387307 0)
(-0.0543503 0.0401296 0)
(-0.0586938 0.0414439 0)
(-0.0631119 0.0426646 0)
(-0.0675936 0.0437821 0)
(-0.0721266 0.044786 0)
(-0.0766981 0.0456657 0)
(-0.0812949 0.0464105 0)
(-0.0859028 0.0470098 0)
(-0.0905077 0.0474534 0)
(-0.0950948 0.0477316 0)
(-0.0996492 0.0478353 0)
(-0.104156 0.0477566 0)
(-0.1086 0.047488 0)
(-0.112968 0.0470233 0)
(-0.117243 0.0463574 0)
(-0.121411 0.0454863 0)
(-0.125459 0.0444069 0)
(-0.129373 0.0431177 0)
(-0.133139 0.0416181 0)
(-0.136745 0.0399088 0)
(-0.140177 0.0379916 0)
(-0.143424 0.0358696 0)
(-0.146474 0.0335469 0)
(-0.149316 0.0310287 0)
(-0.151939 0.0283216 0)
(-0.154333 0.025433 0)
(-0.156487 0.0223713 0)
(-0.158393 0.0191462 0)
(-0.160041 0.0157682 0)
(-0.161423 0.0122488 0)
(-0.162531 0.00860056 0)
(-0.163356 0.00483683 0)
(-0.163892 0.000971791 0)
(-0.164131 -0.0029795 0)
(-0.164068 -0.0070007 0)
(-0.163696 -0.0110733 0)
(-0.16301 -0.015177 0)
(-0.162003 -0.0192899 0)
(-0.160672 -0.0233887 0)
(-0.159013 -0.0274487 0)
(-0.157022 -0.0314439 0)
(-0.154699 -0.0353471 0)
(-0.152042 -0.0391301 0)
(-0.149053 -0.0427639 0)
(-0.145734 -0.0462183 0)
(-0.142091 -0.049463 0)
(-0.138128 -0.052467 0)
(-0.133855 -0.0551994 0)
(-0.129283 -0.0576294 0)
(-0.124425 -0.0597272 0)
(-0.119298 -0.061464 0)
(-0.113922 -0.0628127 0)
(-0.108319 -0.0637487 0)
(-0.102515 -0.0642503 0)
(-0.0965403 -0.0642996 0)
(-0.0904279 -0.0638834 0)
(-0.0842144 -0.0629936 0)
(-0.0779395 -0.0616285 0)
(-0.0716458 -0.0597932 0)
(-0.0653787 -0.0575002 0)
(-0.059185 -0.0547704 0)
(-0.0531133 -0.0516331 0)
(-0.0472119 -0.0481264 0)
(-0.0415288 -0.0442967 0)
(-0.0361097 -0.0401991 0)
(-0.0309974 -0.035896 0)
(-0.0262304 -0.0314564 0)
(-0.0218416 -0.0269548 0)
(-0.0178572 -0.0224697 0)
(-0.0142958 -0.018082 0)
(-0.0111677 -0.0138738 0)
(-0.00847467 -0.00992676 0)
(-0.00620941 -0.006321 0)
(-0.00435591 -0.00313451 0)
(-0.00288965 -0.000442681 0)
(-0.00177922 0.00168064 0)
(-0.00098645 0.00316351 0)
(-0.000464352 0.00393976 0)
(-0.000161605 0.0039428 0)
(-2.31747e-05 0.00310629 0)
(6.01676e-06 0.0013635 0)
(-6.75564e-05 0.00146374 0)
(-0.000555656 0.00449389 0)
(-0.00161762 0.00753052 0)
(-0.00309304 0.0105168 0)
(-0.00493363 0.0134149 0)
(-0.0070981 0.0162015 0)
(-0.00954561 0.0188654 0)
(-0.0122417 0.0214045 0)
(-0.0151583 0.0238228 0)
(-0.0182725 0.0261281 0)
(-0.0215658 0.0283298 0)
(-0.0250232 0.0304377 0)
(-0.0286327 0.0324604 0)
(-0.0323839 0.0344049 0)
(-0.036268 0.0362758 0)
(-0.0402768 0.0380752 0)
(-0.0444022 0.0398028 0)
(-0.0486363 0.0414558 0)
(-0.0529703 0.0430291 0)
(-0.057395 0.044516 0)
(-0.0619006 0.0459079 0)
(-0.0664763 0.0471954 0)
(-0.0711106 0.0483678 0)
(-0.0757912 0.0494141 0)
(-0.0805054 0.0503231 0)
(-0.0852398 0.0510835 0)
(-0.0899803 0.0516843 0)
(-0.0947129 0.0521149 0)
(-0.0994231 0.0523655 0)
(-0.104096 0.0524269 0)
(-0.108718 0.052291 0)
(-0.113274 0.0519506 0)
(-0.117749 0.0513997 0)
(-0.12213 0.0506332 0)
(-0.126402 0.0496474 0)
(-0.130552 0.0484397 0)
(-0.134567 0.0470089 0)
(-0.138433 0.0453548 0)
(-0.142139 0.0434784 0)
(-0.145672 0.0413821 0)
(-0.149021 0.0390692 0)
(-0.152174 0.0365443 0)
(-0.15512 0.0338132 0)
(-0.157848 0.0308826 0)
(-0.160349 0.0277605 0)
(-0.162613 0.0244557 0)
(-0.16463 0.0209781 0)
(-0.166391 0.0173388 0)
(-0.167887 0.0135495 0)
(-0.16911 0.00962336 0)
(-0.170052 0.00557401 0)
(-0.170705 0.00141612 0)
(-0.17106 -0.00283485 0)
(-0.171115 -0.00716212 0)
(-0.170859 -0.0115472 0)
(-0.170287 -0.0159695 0)
(-0.169393 -0.0204065 0)
(-0.16817 -0.0248342 0)
(-0.166615 -0.0292268 0)
(-0.164722 -0.0335575 0)
(-0.16249 -0.037798 0)
(-0.159915 -0.0419188 0)
(-0.156998 -0.0458893 0)
(-0.15374 -0.0496779 0)
(-0.150142 -0.0532523 0)
(-0.14621 -0.0565794 0)
(-0.141951 -0.059626 0)
(-0.137372 -0.062359 0)
(-0.132486 -0.0647455 0)
(-0.127307 -0.0667539 0)
(-0.121854 -0.0683538 0)
(-0.116147 -0.0695171 0)
(-0.110211 -0.0702188 0)
(-0.104074 -0.0704372 0)
(-0.0977688 -0.0701554 0)
(-0.0913316 -0.0693619 0)
(-0.0848022 -0.0680515 0)
(-0.078224 -0.0662263 0)
(-0.0716435 -0.0638965 0)
(-0.0651098 -0.0610809 0)
(-0.0586738 -0.0578078 0)
(-0.0523876 -0.0541152 0)
(-0.0463031 -0.0500507 0)
(-0.0404707 -0.0456714 0)
(-0.0349384 -0.0410435 0)
(-0.0297503 -0.0362407 0)
(-0.0249448 -0.0313437 0)
(-0.0205539 -0.0264381 0)
(-0.0166016 -0.021613 0)
(-0.0131033 -0.0169591 0)
(-0.0100653 -0.0125672 0)
(-0.0074839 -0.00852678 0)
(-0.00534625 -0.0049246 0)
(-0.0036301 -0.00184444 0)
(-0.00230458 0.000633408 0)
(-0.00133344 0.00242803 0)
(-0.000670362 0.00346727 0)
(-0.000263034 0.00368008 0)
(-5.5373e-05 0.00299658 0)
(2.85015e-06 0.00134735 0)
(-7.37939e-05 0.00176722 0)
(-0.000602381 0.00533311 0)
(-0.00174814 0.00883943 0)
(-0.00333444 0.0122353 0)
(-0.0053069 0.0154896 0)
(-0.0076192 0.0185862 0)
(-0.010226 0.0215208 0)
(-0.0130893 0.0242978 0)
(-0.0161781 0.0269274 0)
(-0.0194674 0.0294222 0)
(-0.0229371 0.031796 0)
(-0.0265708 0.0340618 0)
(-0.0303556 0.0362308 0)
(-0.0342804 0.0383117 0)
(-0.0383357 0.0403102 0)
(-0.0425127 0.0422288 0)
(-0.0468032 0.0440674 0)
(-0.0511985 0.0458227 0)
(-0.0556898 0.0474894 0)
(-0.0602676 0.0490599 0)
(-0.0649216 0.050525 0)
(-0.0696411 0.0518744 0)
(-0.0744143 0.0530969 0)
(-0.0792291 0.0541807 0)
(-0.0840727 0.0551141 0)
(-0.0889315 0.0558852 0)
(-0.0937921 0.0564828 0)
(-0.0986404 0.056896 0)
(-0.103462 0.0571148 0)
(-0.108244 0.0571301 0)
(-0.11297 0.0569338 0)
(-0.117628 0.0565187 0)
(-0.122203 0.055879 0)
(-0.126682 0.0550101 0)
(-0.131051 0.0539083 0)
(-0.135298 0.0525716 0)
(-0.139409 0.0509989 0)
(-0.143372 0.0491904 0)
(-0.147176 0.0471476 0)
(-0.150807 0.0448732 0)
(-0.154256 0.0423708 0)
(-0.157511 0.0396455 0)
(-0.160561 0.0367033 0)
(-0.163397 0.0335513 0)
(-0.166007 0.0301978 0)
(-0.168382 0.0266519 0)
(-0.170512 0.0229239 0)
(-0.172389 0.0190251 0)
(-0.174003 0.0149677 0)
(-0.175345 0.010765 0)
(-0.176409 0.00643111 0)
(-0.177185 0.00198107 0)
(-0.177663 -0.00256928 0)
(-0.177842 -0.00720277 0)
(-0.17771 -0.0119012 0)
(-0.177261 -0.0166437 0)
(-0.176489 -0.0214072 0)
(-0.175386 -0.0261671 0)
(-0.173947 -0.030897 0)
(-0.172166 -0.0355692 0)
(-0.17004 -0.0401543 0)
(-0.167564 -0.0446217 0)
(-0.164737 -0.0489395 0)
(-0.161558 -0.0530745 0)
(-0.158027 -0.0569927 0)
(-0.154147 -0.060659 0)
(-0.149923 -0.0640381 0)
(-0.145361 -0.0670943 0)
(-0.140472 -0.0697919 0)
(-0.135266 -0.0720962 0)
(-0.129761 -0.0739736 0)
(-0.123975 -0.0753923 0)
(-0.11793 -0.0763235 0)
(-0.111655 -0.0767417 0)
(-0.10518 -0.0766258 0)
(-0.0985395 -0.0759604 0)
(-0.0917745 -0.0747363 0)
(-0.0849281 -0.072952 0)
(-0.0780478 -0.0706145 0)
(-0.0711845 -0.0677401 0)
(-0.0643917 -0.0643553 0)
(-0.0577245 -0.0604971 0)
(-0.0512388 -0.0562136 0)
(-0.04499 -0.0515636 0)
(-0.0390314 -0.0466162 0)
(-0.0334127 -0.0414498 0)
(-0.0281788 -0.036151 0)
(-0.0233676 -0.0308126 0)
(-0.0190095 -0.0255323 0)
(-0.0151254 -0.0204099 0)
(-0.0117268 -0.0155459 0)
(-0.0088144 -0.0110398 0)
(-0.00637894 -0.0069881 0)
(-0.00440087 -0.00348392 0)
(-0.00285116 -0.0006163 0)
(-0.00169308 0.00152928 0)
(-0.0008829 0.00286968 0)
(-0.000367069 0.00332959 0)
(-8.81071e-05 0.00283535 0)
(-2.72803e-07 0.0013146 0)
(-7.97788e-05 0.00209496 0)
(-0.00064707 0.0062358 0)
(-0.00187277 0.0102429 0)
(-0.00356466 0.0140724 0)
(-0.00566244 0.017701 0)
(-0.00811498 0.0211207 0)
(-0.0108726 0.0243352 0)
(-0.0138938 0.0273564 0)
(-0.017145 0.0302008 0)
(-0.020599 0.0328869 0)
(-0.0242341 0.0354331 0)
(-0.0280328 0.0378561 0)
(-0.0319811 0.0401699 0)
(-0.0360673 0.0423849 0)
(-0.0402812 0.0445081 0)
(-0.0446136 0.0465427 0)
(-0.0490559 0.0484885 0)
(-0.053599 0.0503423 0)
(-0.0582339 0.052098 0)
(-0.0629508 0.0537476 0)
(-0.0677395 0.0552813 0)
(-0.0725888 0.0566879 0)
(-0.0774873 0.0579557 0)
(-0.0824226 0.0590723 0)
(-0.0873821 0.0600254 0)
(-0.0923526 0.0608028 0)
(-0.0973207 0.061393 0)
(-0.102273 0.0617849 0)
(-0.107195 0.0619685 0)
(-0.112074 0.0619347 0)
(-0.116895 0.0616753 0)
(-0.121646 0.0611834 0)
(-0.126313 0.0604535 0)
(-0.130882 0.0594811 0)
(-0.135341 0.0582629 0)
(-0.139678 0.0567971 0)
(-0.14388 0.055083 0)
(-0.147935 0.0531212 0)
(-0.151832 0.0509134 0)
(-0.155558 0.0484625 0)
(-0.159105 0.0457728 0)
(-0.162459 0.0428493 0)
(-0.165612 0.0396984 0)
(-0.168552 0.0363276 0)
(-0.17127 0.0327453 0)
(-0.173756 0.028961 0)
(-0.176 0.0249851 0)
(-0.177993 0.0208293 0)
(-0.179726 0.016506 0)
(-0.18119 0.0120288 0)
(-0.182377 0.00741209 0)
(-0.183279 0.00267134 0)
(-0.183885 -0.00217729 0)
(-0.184192 -0.00711625 0)
(-0.18419 -0.0121278 0)
(-0.183872 -0.0171909 0)
(-0.183229 -0.0222822 0)
(-0.182256 -0.0273766 0)
(-0.180944 -0.032447 0)
(-0.179287 -0.0374651 0)
(-0.177281 -0.0424006 0)
(-0.17492 -0.0472219 0)
(-0.1722 -0.0518959 0)
(-0.169119 -0.0563882 0)
(-0.165676 -0.0606629 0)
(-0.16187 -0.0646834 0)
(-0.157706 -0.068412 0)
(-0.153186 -0.0718106 0)
(-0.148318 -0.0748409 0)
(-0.143113 -0.077465 0)
(-0.137583 -0.0796458 0)
(-0.131745 -0.0813481 0)
(-0.12562 -0.0825388 0)
(-0.119233 -0.0831883 0)
(-0.112613 -0.0832711 0)
(-0.105795 -0.0827672 0)
(-0.0988173 -0.0816632 0)
(-0.0917235 -0.0799531 0)
(-0.0845616 -0.0776401 0)
(-0.0773839 -0.0747371 0)
(-0.0702458 -0.0712679 0)
(-0.0632056 -0.0672681 0)
(-0.0563232 -0.0627851 0)
(-0.0496585 -0.0578787 0)
(-0.0432703 -0.0526206 0)
(-0.0372147 -0.0470931 0)
(-0.0315428 -0.0413885 0)
(-0.0262995 -0.0356071 0)
(-0.0215217 -0.0298549 0)
(-0.017237 -0.0242415 0)
(-0.0134624 -0.018878 0)
(-0.0102041 -0.0138744 0)
(-0.00745687 -0.00933797 0)
(-0.00520434 -0.00537201 0)
(-0.00341975 -0.0020749 0)
(-0.00206695 0.000460256 0)
(-0.00110302 0.00214191 0)
(-0.00047431 0.0028882 0)
(-0.000121609 0.00262114 0)
(-3.38697e-06 0.00126499 0)
(-8.54463e-05 0.00244577 0)
(-0.000689273 0.00719871 0)
(-0.0019903 0.0117359 0)
(-0.00378154 0.0160215 0)
(-0.00599705 0.0200413 0)
(-0.0085811 0.0237964 0)
(-0.0114799 0.0272993 0)
(-0.0146486 0.03057 0)
(-0.0180512 0.0336324 0)
(-0.0216584 0.0365111 0)
(-0.0254471 0.0392296 0)
(-0.0293985 0.0418087 0)
(-0.0334976 0.0442651 0)
(-0.0377322 0.0466116 0)
(-0.0420914 0.0488564 0)
(-0.0465657 0.0510034 0)
(-0.0511459 0.0530526 0)
(-0.055823 0.0550006 0)
(-0.0605874 0.056841 0)
(-0.0654293 0.0585653 0)
(-0.0703384 0.0601628 0)
(-0.0753036 0.0616221 0)
(-0.0803134 0.0629305 0)
(-0.0853556 0.0640754 0)
(-0.0904178 0.0650439 0)
(-0.0954869 0.0658236 0)
(-0.10055 0.0664027 0)
(-0.105594 0.0667701 0)
(-0.110605 0.0669156 0)
(-0.11557 0.0668301 0)
(-0.120476 0.0665057 0)
(-0.12531 0.0659358 0)
(-0.130059 0.0651148 0)
(-0.134711 0.0640385 0)
(-0.139252 0.0627041 0)
(-0.143672 0.0611099 0)
(-0.147958 0.0592556 0)
(-0.152098 0.0571419 0)
(-0.156083 0.054771 0)
(-0.159899 0.0521461 0)
(-0.163538 0.0492714 0)
(-0.166988 0.0461525 0)
(-0.170239 0.0427959 0)
(-0.17328 0.0392093 0)
(-0.176103 0.0354013 0)
(-0.178697 0.0313816 0)
(-0.181052 0.0271609 0)
(-0.18316 0.022751 0)
(-0.18501 0.0181646 0)
(-0.186595 0.0134155 0)
(-0.187905 0.00851844 0)
(-0.188934 0.00348921 0)
(-0.189668 -0.00165565 0)
(-0.190107 -0.00689833 0)
(-0.190239 -0.0122217 0)
(-0.190056 -0.0176046 0)
(-0.18955 -0.0230236 0)
(-0.188713 -0.0284531 0)
(-0.187538 -0.0338657 0)
(-0.186017 -0.0392324 0)
(-0.184144 -0.0445224 0)
(-0.181912 -0.0497032 0)
(-0.179316 -0.0547406 0)
(-0.176353 -0.0595992 0)
(-0.173017 -0.0642416 0)
(-0.169309 -0.0686294 0)
(-0.165228 -0.072723 0)
(-0.160776 -0.076482 0)
(-0.155958 -0.0798653 0)
(-0.150781 -0.0828321 0)
(-0.145256 -0.0853419 0)
(-0.139396 -0.0873555 0)
(-0.133221 -0.0888359 0)
(-0.126753 -0.0897487 0)
(-0.120019 -0.0900639 0)
(-0.113051 -0.0897566 0)
(-0.105888 -0.0888081 0)
(-0.098572 -0.087208 0)
(-0.0911513 -0.0849544 0)
(-0.0836788 -0.0820561 0)
(-0.0762119 -0.0785336 0)
(-0.0688115 -0.0744198 0)
(-0.061541 -0.0697607 0)
(-0.054465 -0.0646164 0)
(-0.047648 -0.0590598 0)
(-0.041152 -0.0531772 0)
(-0.0350353 -0.047066 0)
(-0.0293501 -0.0408335 0)
(-0.0241405 -0.0345945 0)
(-0.0194412 -0.0284688 0)
(-0.0152761 -0.0225785 0)
(-0.0116571 -0.0170451 0)
(-0.00858384 -0.0119877 0)
(-0.00604393 -0.00752075 0)
(-0.00401327 -0.00375326 0)
(-0.00245719 -0.000787993 0)
(-0.00133229 0.00127802 0)
(-0.000585616 0.00235221 0)
(-0.000156195 0.0023521 0)
(-6.5423e-06 0.00119807 0)
(-9.07331e-05 0.00281823 0)
(-0.000728557 0.00821804 0)
(-0.00209959 0.0133126 0)
(-0.00398302 0.0180754 0)
(-0.00630765 0.022502 0)
(-0.00901344 0.0266036 0)
(-0.0120427 0.0304024 0)
(-0.0153476 0.0339275 0)
(-0.0188896 0.0372104 0)
(-0.0226377 0.0402826 0)
(-0.026567 0.043173 0)
(-0.0306579 0.0459065 0)
(-0.0348945 0.0485034 0)
(-0.0392638 0.0509785 0)
(-0.0437545 0.0533415 0)
(-0.0483565 0.0555971 0)
(-0.0530605 0.0577456 0)
(-0.0578571 0.0597835 0)
(-0.0627366 0.0617042 0)
(-0.0676892 0.0634985 0)
(-0.0727044 0.0651554 0)
(-0.0777713 0.0666627 0)
(-0.0828783 0.0680075 0)
(-0.0880136 0.0691764 0)
(-0.0931649 0.0701564 0)
(-0.0983196 0.0709349 0)
(-0.103465 0.0714996 0)
(-0.108588 0.0718396 0)
(-0.113677 0.0719446 0)
(-0.118717 0.0718057 0)
(-0.123697 0.071415 0)
(-0.128604 0.0707661 0)
(-0.133425 0.0698537 0)
(-0.13815 0.0686738 0)
(-0.142765 0.0672239 0)
(-0.147259 0.0655024 0)
(-0.151621 0.0635094 0)
(-0.155839 0.0612459 0)
(-0.159904 0.0587142 0)
(-0.163803 0.0559177 0)
(-0.167528 0.052861 0)
(-0.171066 0.0495497 0)
(-0.174409 0.0459906 0)
(-0.177546 0.0421915 0)
(-0.180467 0.0381613 0)
(-0.183163 0.0339097 0)
(-0.185625 0.0294477 0)
(-0.187843 0.0247872 0)
(-0.189807 0.0199412 0)
(-0.191509 0.0149235 0)
(-0.192941 0.0097493 0)
(-0.194094 0.0044347 0)
(-0.194958 -0.00100335 0)
(-0.195528 -0.00654694 0)
(-0.195795 -0.0121796 0)
(-0.19575 -0.0178802 0)
(-0.195385 -0.0236252 0)
(-0.194692 -0.0293887 0)
(-0.193662 -0.0351433 0)
(-0.192287 -0.0408595 0)
(-0.190559 -0.0465061 0)
(-0.18847 -0.0520498 0)
(-0.186015 -0.0574559 0)
(-0.183187 -0.0626877 0)
(-0.179981 -0.0677068 0)
(-0.176392 -0.0724732 0)
(-0.172419 -0.0769455 0)
(-0.168062 -0.0810811 0)
(-0.163322 -0.0848365 0)
(-0.158203 -0.0881677 0)
(-0.152714 -0.0910309 0)
(-0.146866 -0.093383 0)
(-0.140674 -0.0951827 0)
(-0.134157 -0.0963912 0)
(-0.127342 -0.0969731 0)
(-0.120257 -0.0968983 0)
(-0.11294 -0.0961428 0)
(-0.105432 -0.0946902 0)
(-0.0977793 -0.0925336 0)
(-0.0900367 -0.0896767 0)
(-0.0822623 -0.0861355 0)
(-0.0745191 -0.0819392 0)
(-0.066874 -0.0771317 0)
(-0.0593959 -0.0717718 0)
(-0.0521547 -0.0659335 0)
(-0.0452189 -0.0597056 0)
(-0.0386538 -0.0531903 0)
(-0.0325193 -0.0465018 0)
(-0.0268676 -0.0397635 0)
(-0.0217414 -0.0331056 0)
(-0.0171717 -0.0266619 0)
(-0.0131775 -0.0205664 0)
(-0.00976393 -0.0149509 0)
(-0.00692325 -0.00994239 0)
(-0.00463459 -0.00566148 0)
(-0.00286532 -0.00222152 0)
(-0.00157224 0.000271741 0)
(-0.000701884 0.00171741 0)
(-0.000192205 0.00202597 0)
(-9.79038e-06 0.00111325 0)
(-9.5578e-05 0.00321068 0)
(-0.000764507 0.0092894 0)
(-0.00219953 0.0149666 0)
(-0.00416716 0.0202257 0)
(-0.00659139 0.0250733 0)
(-0.00940818 0.0295315 0)
(-0.0125563 0.0336331 0)
(-0.015985 0.0374166 0)
(-0.0196536 0.0409222 0)
(-0.0235292 0.0441883 0)
(-0.0275857 0.0472497 0)
(-0.0318023 0.050136 0)
(-0.0361623 0.0528708 0)
(-0.040652 0.0554714 0)
(-0.0452597 0.057949 0)
(-0.049975 0.0603093 0)
(-0.0547882 0.062553 0)
(-0.0596896 0.0646765 0)
(-0.0646695 0.066673 0)
(-0.0697181 0.0685329 0)
(-0.0748249 0.0702447 0)
(-0.079979 0.0717957 0)
(-0.0851691 0.0731726 0)
(-0.0903835 0.0743617 0)
(-0.0956103 0.0753497 0)
(-0.100837 0.0761235 0)
(-0.106052 0.0766712 0)
(-0.111242 0.0769813 0)
(-0.116396 0.077044 0)
(-0.121499 0.0768502 0)
(-0.126542 0.0763923 0)
(-0.131511 0.0756641 0)
(-0.136394 0.0746603 0)
(-0.141181 0.0733774 0)
(-0.14586 0.071813 0)
(-0.150418 0.0699657 0)
(-0.154847 0.0678359 0)
(-0.159134 0.0654247 0)
(-0.163269 0.0627347 0)
(-0.167243 0.0597695 0)
(-0.171044 0.0565338 0)
(-0.174662 0.0530334 0)
(-0.178088 0.0492753 0)
(-0.181312 0.0452674 0)
(-0.184324 0.0410186 0)
(-0.187115 0.0365391 0)
(-0.189676 0.0318398 0)
(-0.191997 0.0269327 0)
(-0.194069 0.0218311 0)
(-0.195884 0.0165491 0)
(-0.197433 0.0111018 0)
(-0.198707 0.00550584 0)
(-0.199697 -0.000221393 0)
(-0.200397 -0.0060622 0)
(-0.200799 -0.0120003 0)
(-0.200893 -0.0180147 0)
(-0.200673 -0.0240822 0)
(-0.200127 -0.030177 0)
(-0.199249 -0.0362714 0)
(-0.198028 -0.0423359 0)
(-0.196457 -0.048339 0)
(-0.194525 -0.054247 0)
(-0.192226 -0.0600246 0)
(-0.189551 -0.0656344 0)
(-0.186494 -0.0710369 0)
(-0.183048 -0.076191 0)
(-0.179209 -0.0810536 0)
(-0.174973 -0.0855801 0)
(-0.17034 -0.0897245 0)
(-0.165311 -0.0934401 0)
(-0.159891 -0.0966798 0)
(-0.154088 -0.0993967 0)
(-0.147914 -0.101545 0)
(-0.141386 -0.103081 0)
(-0.134525 -0.103964 0)
(-0.12736 -0.104159 0)
(-0.119924 -0.103635 0)
(-0.112256 -0.102369 0)
(-0.104405 -0.10035 0)
(-0.0964211 -0.0975736 0)
(-0.0883652 -0.0940516 0)
(-0.0803019 -0.0898083 0)
(-0.0723005 -0.0848841 0)
(-0.0644342 -0.0793358 0)
(-0.0567781 -0.0732369 0)
(-0.0494069 -0.0666781 0)
(-0.0423934 -0.0597655 0)
(-0.0358055 -0.0526195 0)
(-0.0297039 -0.0453723 0)
(-0.0241399 -0.0381645 0)
(-0.0191529 -0.0311421 0)
(-0.0147694 -0.0244527 0)
(-0.0110013 -0.0182416 0)
(-0.00784617 -0.0126498 0)
(-0.00528706 -0.00781099 0)
(-0.0032939 -0.00385039 0)
(-0.00182451 -0.0008845 0)
(-0.000824155 0.000978844 0)
(-0.000230041 0.00164 0)
(-1.31917e-05 0.0010097 0)
(-9.99232e-05 0.00362124 0)
(-0.000796734 0.0104079 0)
(-0.0022891 0.0166904 0)
(-0.00433217 0.0224632 0)
(-0.00684561 0.0277446 0)
(-0.00976179 0.0325685 0)
(-0.0130162 0.0369789 0)
(-0.0165557 0.0410245 0)
(-0.0203372 0.0447543 0)
(-0.0243263 0.0482144 0)
(-0.0284958 0.0514458 0)
(-0.0328236 0.0544829 0)
(-0.0372924 0.0573529 0)
(-0.0418879 0.0600757 0)
(-0.0465978 0.0626643 0)
(-0.0514114 0.0651253 0)
(-0.0563187 0.0674599 0)
(-0.06131 0.0696647 0)
(-0.0663754 0.0717326 0)
(-0.0715051 0.0736536 0)
(-0.0766887 0.075416 0)
(-0.0819154 0.0770067 0)
(-0.0871743 0.0784118 0)
(-0.0924537 0.0796175 0)
(-0.0977423 0.08061 0)
(-0.103028 0.0813764 0)
(-0.108299 0.0819044 0)
(-0.113543 0.0821828 0)
(-0.118749 0.0822015 0)
(-0.123904 0.0819518 0)
(-0.128997 0.0814261 0)
(-0.134016 0.0806184 0)
(-0.13895 0.0795237 0)
(-0.143788 0.0781386 0)
(-0.148518 0.0764608 0)
(-0.153131 0.0744894 0)
(-0.157615 0.0722247 0)
(-0.161959 0.0696682 0)
(-0.166155 0.0668225 0)
(-0.170191 0.0636915 0)
(-0.174058 0.0602799 0)
(-0.177745 0.0565939 0)
(-0.181244 0.0526404 0)
(-0.184545 0.0484275 0)
(-0.187638 0.0439644 0)
(-0.190514 0.0392611 0)
(-0.193164 0.034329 0)
(-0.19558 0.0291801 0)
(-0.197751 0.0238278 0)
(-0.199671 0.0182864 0)
(-0.20133 0.0125712 0)
(-0.20272 0.00669898 0)
(-0.203834 0.000687439 0)
(-0.204659 -0.00544617 0)
(-0.205194 -0.0116841 0)
(-0.205427 -0.0180068 0)
(-0.205352 -0.0243915 0)
(-0.204958 -0.0308127 0)
(-0.204237 -0.0372429 0)
(-0.203178 -0.0436524 0)
(-0.201773 -0.0500096 0)
(-0.20001 -0.0562808 0)
(-0.197882 -0.0624304 0)
(-0.195377 -0.0684205 0)
(-0.192488 -0.0742108 0)
(-0.189207 -0.0797591 0)
(-0.185526 -0.0850211 0)
(-0.181439 -0.0899504 0)
(-0.176943 -0.0944988 0)
(-0.172036 -0.098617 0)
(-0.166719 -0.102255 0)
(-0.160996 -0.105361 0)
(-0.154878 -0.107886 0)
(-0.148376 -0.10978 0)
(-0.141509 -0.110999 0)
(-0.134302 -0.1115 0)
(-0.126786 -0.111247 0)
(-0.118997 -0.11021 0)
(-0.110982 -0.108369 0)
(-0.102792 -0.105716 0)
(-0.0944855 -0.102255 0)
(-0.0861294 -0.0980043 0)
(-0.0777952 -0.0929996 0)
(-0.0695596 -0.0872944 0)
(-0.0615025 -0.080961 0)
(-0.053705 -0.0740903 0)
(-0.046247 -0.0667917 0)
(-0.0392049 -0.0591912 0)
(-0.0326484 -0.051429 0)
(-0.026638 -0.0436564 0)
(-0.0212224 -0.0360321 0)
(-0.0164365 -0.0287178 0)
(-0.0122999 -0.0218739 0)
(-0.00881642 -0.0156564 0)
(-0.00597389 -0.0102136 0)
(-0.00374541 -0.00568434 0)
(-0.0020904 -0.00219689 0)
(-0.00095338 0.000130952 0)
(-0.000270076 0.00119096 0)
(-1.68025e-05 0.000886409 0)
(-0.000103715 0.00404786 0)
(-0.000824883 0.0115681 0)
(-0.00236737 0.0184761 0)
(-0.00447641 0.024778 0)
(-0.00706792 0.0305045 0)
(-0.0100711 0.0357021 0)
(-0.0134186 0.0404265 0)
(-0.0170548 0.0447372 0)
(-0.020935 0.0486926 0)
(-0.0250232 0.0523466 0)
(-0.0292907 0.0557467 0)
(-0.0337149 0.0589324 0)
(-0.0382774 0.0619348 0)
(-0.0429635 0.0647765 0)
(-0.0477604 0.0674723 0)
(-0.0526571 0.07003 0)
(-0.0576433 0.0724513 0)
(-0.0627093 0.074733 0)
(-0.0678451 0.0768679 0)
(-0.0730409 0.0788459 0)
(-0.0782864 0.0806548 0)
(-0.083571 0.082281 0)
(-0.088884 0.0837107 0)
(-0.0942141 0.0849295 0)
(-0.0995502 0.0859236 0)
(-0.104881 0.0866799 0)
(-0.110194 0.087186 0)
(-0.115479 0.0874309 0)
(-0.120724 0.0874044 0)
(-0.125917 0.0870979 0)
(-0.131048 0.0865041 0)
(-0.136104 0.085617 0)
(-0.141076 0.0844319 0)
(-0.145953 0.0829454 0)
(-0.150723 0.0811557 0)
(-0.155377 0.0790617 0)
(-0.159903 0.0766642 0)
(-0.164293 0.0739646 0)
(-0.168536 0.0709659 0)
(-0.172623 0.0676719 0)
(-0.176543 0.0640878 0)
(-0.180287 0.0602195 0)
(-0.183846 0.0560744 0)
(-0.187211 0.0516606 0)
(-0.190373 0.0469875 0)
(-0.193322 0.0420652 0)
(-0.196051 0.0369051 0)
(-0.19855 0.0315197 0)
(-0.200811 0.0259223 0)
(-0.202826 0.0201273 0)
(-0.204587 0.0141502 0)
(-0.206086 0.00800787 0)
(-0.207315 0.0017178 0)
(-0.208262 -0.00470193 0)
(-0.208927 -0.0112326 0)
(-0.209298 -0.0178566 0)
(-0.209368 -0.0245516 0)
(-0.209128 -0.0312925 0)
(-0.208567 -0.038052 0)
(-0.207676 -0.0448009 0)
(-0.206445 -0.0515076 0)
(-0.204862 -0.0581386 0)
(-0.202917 -0.0646581 0)
(-0.200599 -0.071028 0)
(-0.197898 -0.0772077 0)
(-0.194803 -0.0831543 0)
(-0.191304 -0.0888222 0)
(-0.187393 -0.0941636 0)
(-0.183063 -0.0991285 0)
(-0.178309 -0.103665 0)
(-0.17313 -0.10772 0)
(-0.167525 -0.111238 0)
(-0.1615 -0.114166 0)
(-0.155064 -0.11645 0)
(-0.148233 -0.118038 0)
(-0.141026 -0.118883 0)
(-0.133471 -0.11894 0)
(-0.125603 -0.118173 0)
(-0.117464 -0.116556 0)
(-0.109105 -0.114071 0)
(-0.100584 -0.110714 0)
(-0.0919676 -0.106499 0)
(-0.0833291 -0.101454 0)
(-0.0747481 -0.0956288 0)
(-0.066309 -0.0890919 0)
(-0.0580988 -0.0819338 0)
(-0.0502047 -0.0742656 0)
(-0.0427115 -0.0662181 0)
(-0.0356983 -0.0579391 0)
(-0.0292355 -0.0495904 0)
(-0.0233817 -0.0413435 0)
(-0.0181815 -0.0333749 0)
(-0.013663 -0.0258614 0)
(-0.00983736 -0.0189756 0)
(-0.00669813 -0.0128819 0)
(-0.00422237 -0.00773422 0)
(-0.00237165 -0.00367459 0)
(-0.00109041 -0.000832548 0)
(-0.000312703 0.000675113 0)
(-2.06862e-05 0.00074214 0)
(-0.000106906 0.00448828 0)
(-0.000848633 0.0127643 0)
(-0.00243349 0.0203151 0)
(-0.00459843 0.0271594 0)
(-0.0072562 0.0333409 0)
(-0.0103333 0.0389191 0)
(-0.01376 0.0439621 0)
(-0.0174785 0.0485405 0)
(-0.0214424 0.0527223 0)
(-0.0256145 0.0565698 0)
(-0.0299649 0.0601373 0)
(-0.03447 0.0634694 0)
(-0.0391109 0.0666012 0)
(-0.0438721 0.0695584 0)
(-0.0487405 0.0723577 0)
(-0.0537049 0.075008 0)
(-0.0587546 0.0775119 0)
(-0.0638799 0.0798663 0)
(-0.0690707 0.0820639 0)
(-0.0743174 0.0840946 0)
(-0.0796097 0.0859459 0)
(-0.0849373 0.0876041 0)
(-0.0902897 0.0890547 0)
(-0.095656 0.0902835 0)
(-0.101025 0.0912763 0)
(-0.106386 0.0920201 0)
(-0.111728 0.0925024 0)
(-0.11704 0.0927121 0)
(-0.12231 0.0926393 0)
(-0.127528 0.0922754 0)
(-0.132683 0.0916132 0)
(-0.137764 0.0906468 0)
(-0.14276 0.0893718 0)
(-0.147662 0.0877849 0)
(-0.152458 0.0858844 0)
(-0.157139 0.0836696 0)
(-0.161695 0.0811411 0)
(-0.166116 0.0783007 0)
(-0.170393 0.0751515 0)
(-0.174515 0.0716975 0)
(-0.178475 0.0679439 0)
(-0.182261 0.063897 0)
(-0.185867 0.0595641 0)
(-0.189282 0.0549537 0)
(-0.192499 0.0500751 0)
(-0.195508 0.0449388 0)
(-0.198302 0.0395563 0)
(-0.200872 0.0339401 0)
(-0.203211 0.0281038 0)
(-0.205311 0.0220619 0)
(-0.207163 0.01583 0)
(-0.208761 0.00942477 0)
(-0.210098 0.00286404 0)
(-0.211162 -0.00383371 0)
(-0.211951 -0.0106491 0)
(-0.212457 -0.0175657 0)
(-0.212671 -0.0245622 0)
(-0.212584 -0.0316142 0)
(-0.212187 -0.0386948 0)
(-0.211468 -0.0457751 0)
(-0.210418 -0.0528243 0)
(-0.209024 -0.059809 0)
(-0.207275 -0.0666937 0)
(-0.205158 -0.0734404 0)
(-0.202661 -0.0800083 0)
(-0.199772 -0.0863542 0)
(-0.196478 -0.0924316 0)
(-0.192769 -0.0981917 0)
(-0.188635 -0.103583 0)
(-0.184066 -0.108551 0)
(-0.179059 -0.113039 0)
(-0.173608 -0.116991 0)
(-0.167717 -0.120347 0)
(-0.161388 -0.123049 0)
(-0.154634 -0.125039 0)
(-0.147471 -0.126263 0)
(-0.139922 -0.12667 0)
(-0.132018 -0.126217 0)
(-0.1238 -0.124868 0)
(-0.115314 -0.122597 0)
(-0.106619 -0.119393 0)
(-0.0977789 -0.11526 0)
(-0.0888693 -0.11022 0)
(-0.079972 -0.104315 0)
(-0.0711749 -0.0976107 0)
(-0.0625706 -0.0901949 0)
(-0.0542534 -0.0821792 0)
(-0.0463163 -0.0736977 0)
(-0.0388483 -0.064905 0)
(-0.03193 -0.0559729 0)
(-0.0256308 -0.047086 0)
(-0.0200059 -0.0384362 0)
(-0.0150931 -0.0302177 0)
(-0.0109118 -0.0226209 0)
(-0.00746249 -0.0158285 0)
(-0.00472701 -0.0100113 0)
(-0.00266988 -0.00532669 0)
(-0.00123604 -0.00191757 0)
(-0.000358238 8.83236e-05 0)
(-2.48903e-05 0.000575478 0)
(-0.000109453 0.00494009 0)
(-0.000867705 0.0139901 0)
(-0.00248675 0.0221984 0)
(-0.00469696 0.0295962 0)
(-0.00740859 0.036241 0)
(-0.010546 0.0422057 0)
(-0.0140373 0.0475711 0)
(-0.0178231 0.0524192 0)
(-0.0218555 0.0568282 0)
(-0.0260959 0.0608687 0)
(-0.0305135 0.064602 0)
(-0.0350839 0.0680782 0)
(-0.0397875 0.0713366 0)
(-0.0446081 0.0744059 0)
(-0.0495324 0.0773048 0)
(-0.0545487 0.0800438 0)
(-0.0596464 0.0826261 0)
(-0.0648154 0.0850489 0)
(-0.0700459 0.0873052 0)
(-0.0753281 0.0893846 0)
(-0.0806521 0.0912745 0)
(-0.0860077 0.0929608 0)
(-0.0913845 0.0944291 0)
(-0.0967722 0.0956648 0)
(-0.10216 0.0966538 0)
(-0.107537 0.0973828 0)
(-0.112894 0.0978394 0)
(-0.118218 0.0980125 0)
(-0.123499 0.0978923 0)
(-0.128728 0.0974703 0)
(-0.133892 0.0967394 0)
(-0.138983 0.0956939 0)
(-0.14399 0.0943294 0)
(-0.148902 0.092643 0)
(-0.15371 0.0906329 0)
(-0.158404 0.0882986 0)
(-0.162974 0.0856409 0)
(-0.167411 0.0826619 0)
(-0.171706 0.0793646 0)
(-0.17585 0.0757533 0)
(-0.179833 0.0718335 0)
(-0.183647 0.0676114 0)
(-0.187283 0.0630948 0)
(-0.190733 0.0582921 0)
(-0.19399 0.053213 0)
(-0.197044 0.0478681 0)
(-0.199889 0.0422691 0)
(-0.202517 0.0364286 0)
(-0.204921 0.0303603 0)
(-0.207093 0.024079 0)
(-0.209025 0.0176002 0)
(-0.210713 0.0109408 0)
(-0.212148 0.00411851 0)
(-0.213321 -0.00284782 0)
(-0.214229 -0.00993818 0)
(-0.214864 -0.0171374 0)
(-0.215219 -0.024425 0)
(-0.215284 -0.0317774 0)
(-0.21505 -0.0391686 0)
(-0.214507 -0.0465703 0)
(-0.213642 -0.0539524 0)
(-0.212445 -0.0612822 0)
(-0.210901 -0.0685247 0)
(-0.208998 -0.0756423 0)
(-0.206722 -0.0825944 0)
(-0.204057 -0.0893377 0)
(-0.200991 -0.0958254 0)
(-0.197509 -0.102008 0)
(-0.193597 -0.107832 0)
(-0.189245 -0.113242 0)
(-0.184443 -0.118178 0)
(-0.179184 -0.122581 0)
(-0.173465 -0.126387 0)
(-0.167285 -0.129533 0)
(-0.160653 -0.131956 0)
(-0.153578 -0.133596 0)
(-0.146081 -0.134393 0)
(-0.138189 -0.134296 0)
(-0.129937 -0.133261 0)
(-0.121371 -0.131253 0)
(-0.112544 -0.128251 0)
(-0.103523 -0.124249 0)
(-0.09438 -0.119262 0)
(-0.0852001 -0.113324 0)
(-0.0760741 -0.106494 0)
(-0.0670993 -0.0988557 0)
(-0.0583766 -0.0905202 0)
(-0.0500075 -0.0816234 0)
(-0.0420904 -0.0723256 0)
(-0.0347169 -0.0628078 0)
(-0.027968 -0.0532674 0)
(-0.0219099 -0.0439125 0)
(-0.0165915 -0.0349552 0)
(-0.0120418 -0.0266057 0)
(-0.00826915 -0.0190665 0)
(-0.00526131 -0.0125274 0)
(-0.0029866 -0.00716312 0)
(-0.00139114 -0.00313185 0)
(-0.000406954 -0.000574068 0)
(-2.94757e-05 0.000384816 0)
(-0.000111321 0.00540072 0)
(-0.000881866 0.0152392 0)
(-0.00252653 0.0241163 0)
(-0.00477094 0.0320767 0)
(-0.00752357 0.0391916 0)
(-0.0107071 0.0455477 0)
(-0.0142482 0.0512386 0)
(-0.0180858 0.0563582 0)
(-0.0221709 0.0609947 0)
(-0.0264638 0.0652275 0)
(-0.0309328 0.069125 0)
(-0.0355525 0.072743 0)
(-0.0403028 0.0761251 0)
(-0.045167 0.0793031 0)
(-0.0501313 0.082298 0)
(-0.0551839 0.0851218 0)
(-0.0603138 0.0877783 0)
(-0.065511 0.0902655 0)
(-0.0707656 0.0925764 0)
(-0.076068 0.0947006 0)
(-0.0814083 0.0966252 0)
(-0.0867767 0.0983362 0)
(-0.092163 0.099819 0)
(-0.0975571 0.101059 0)
(-0.102949 0.102041 0)
(-0.108328 0.102753 0)
(-0.113683 0.103182 0)
(-0.119005 0.103318 0)
(-0.124283 0.103149 0)
(-0.129508 0.102668 0)
(-0.134668 0.101868 0)
(-0.139753 0.100744 0)
(-0.144755 0.0992901 0)
(-0.149662 0.0975047 0)
(-0.154467 0.095386 0)
(-0.159158 0.0929335 0)
(-0.163727 0.0901483 0)
(-0.168164 0.0870325 0)
(-0.172461 0.0835895 0)
(-0.17661 0.0798237 0)
(-0.1806 0.0757406 0)
(-0.184425 0.071347 0)
(-0.188076 0.0666506 0)
(-0.191545 0.0616602 0)
(-0.194826 0.0563857 0)
(-0.19791 0.050838 0)
(-0.20079 0.0450288 0)
(-0.203461 0.0389711 0)
(-0.205915 0.0326787 0)
(-0.208146 0.0261663 0)
(-0.210147 0.0194498 0)
(-0.211912 0.0125458 0)
(-0.213436 0.00547222 0)
(-0.21471 -0.00175209 0)
(-0.215728 -0.00910648 0)
(-0.216486 -0.0165765 0)
(-0.216976 -0.0241431 0)
(-0.21719 -0.0317835 0)
(-0.217119 -0.0394726 0)
(-0.216752 -0.0471835 0)
(-0.216076 -0.0548866 0)
(-0.215081 -0.0625503 0)
(-0.213752 -0.0701406 0)
(-0.212073 -0.0776203 0)
(-0.210031 -0.0849497 0)
(-0.207609 -0.0920855 0)
(-0.204789 -0.0989811 0)
(-0.201556 -0.105586 0)
(-0.197895 -0.111847 0)
(-0.193789 -0.117705 0)
(-0.189225 -0.123101 0)
(-0.184193 -0.12797 0)
(-0.178685 -0.132246 0)
(-0.172696 -0.135861 0)
(-0.166228 -0.138747 0)
(-0.159289 -0.140835 0)
(-0.151892 -0.14206 0)
(-0.144059 -0.142362 0)
(-0.135823 -0.141687 0)
(-0.127224 -0.139991 0)
(-0.118314 -0.137242 0)
(-0.109155 -0.133425 0)
(-0.0998222 -0.128543 0)
(-0.0903982 -0.122622 0)
(-0.0809772 -0.115712 0)
(-0.0716604 -0.107893 0)
(-0.0625549 -0.0992715 0)
(-0.0537701 -0.0899843 0)
(-0.0454141 -0.0801958 0)
(-0.0375895 -0.0700954 0)
(-0.0303893 -0.059893 0)
(-0.023892 -0.0498125 0)
(-0.0181585 -0.0400854 0)
(-0.0132286 -0.0309428 0)
(-0.00911967 -0.0226088 0)
(-0.00582679 -0.0152944 0)
(-0.00332306 -0.00919412 0)
(-0.0015565 -0.00448321 0)
(-0.000459144 -0.00131664 0)
(-3.44897e-05 0.000168449 0)
(-0.000112482 0.00586752 0)
(-0.000890927 0.0165046 0)
(-0.00255235 0.0260589 0)
(-0.00481953 0.0345886 0)
(-0.00759992 0.0421789 0)
(-0.0108152 0.0489302 0)
(-0.0143906 0.0549492 0)
(-0.0182644 0.0603415 0)
(-0.0223861 0.0652058 0)
(-0.0267154 0.0696302 0)
(-0.0312196 0.0736904 0)
(-0.0358726 0.0774479 0)
(-0.0406535 0.0809508 0)
(-0.0455453 0.0842342 0)
(-0.0505338 0.0873215 0)
(-0.0556068 0.0902261 0)
(-0.0607532 0.092953 0)
(-0.065963 0.0955005 0)
(-0.0712262 0.097862 0)
(-0.0765333 0.100027 0)
(-0.0818747 0.101983 0)
(-0.0872406 0.103715 0)
(-0.0926212 0.105209 0)
(-0.0980067 0.10645 0)
(-0.103387 0.107424 0)
(-0.108752 0.108117 0)
(-0.114093 0.108517 0)
(-0.119398 0.108612 0)
(-0.124657 0.108394 0)
(-0.129862 0.107854 0)
(-0.135002 0.106985 0)
(-0.140067 0.105781 0)
(-0.145048 0.104238 0)
(-0.149936 0.102354 0)
(-0.15472 0.100128 0)
(-0.159393 0.0975583 0)
(-0.163944 0.094647 0)
(-0.168365 0.0913963 0)
(-0.172648 0.0878096 0)
(-0.176784 0.0838917 0)
(-0.180765 0.0796485 0)
(-0.184584 0.0750869 0)
(-0.188232 0.0702149 0)
(-0.191704 0.0650415 0)
(-0.194991 0.0595771 0)
(-0.198089 0.0538326 0)
(-0.200989 0.0478201 0)
(-0.203687 0.0415528 0)
(-0.206177 0.0350446 0)
(-0.208452 0.0283105 0)
(-0.210508 0.0213662 0)
(-0.212339 0.0142284 0)
(-0.21394 0.00691504 0)
(-0.215304 -0.000555328 0)
(-0.216424 -0.00816175 0)
(-0.217297 -0.0158895 0)
(-0.217917 -0.023721 0)
(-0.218276 -0.0316351 0)
(-0.218364 -0.0396078 0)
(-0.218172 -0.0476133 0)
(-0.217688 -0.0556233 0)
(-0.216898 -0.0636075 0)
(-0.215789 -0.0715327 0)
(-0.214344 -0.0793632 0)
(-0.212548 -0.0870599 0)
(-0.210381 -0.0945803 0)
(-0.207827 -0.101878 0)
(-0.204865 -0.108903 0)
(-0.201477 -0.1156 0)
(-0.197645 -0.121912 0)
(-0.193351 -0.127774 0)
(-0.18858 -0.133122 0)
(-0.183321 -0.137885 0)
(-0.177564 -0.14199 0)
(-0.171305 -0.145364 0)
(-0.164546 -0.147933 0)
(-0.157297 -0.149623 0)
(-0.149574 -0.150366 0)
(-0.141404 -0.150097 0)
(-0.132823 -0.148763 0)
(-0.123879 -0.14632 0)
(-0.114632 -0.142742 0)
(-0.105155 -0.13802 0)
(-0.0955295 -0.13217 0)
(-0.0858518 -0.125232 0)
(-0.0762265 -0.117279 0)
(-0.0667657 -0.108411 0)
(-0.0575864 -0.0987648 0)
(-0.048806 -0.0885065 0)
(-0.0405384 -0.0778328 0)
(-0.0328889 -0.0669649 0)
(-0.0259491 -0.0561431 0)
(-0.0197929 -0.0456184 0)
(-0.0144722 -0.0356441 0)
(-0.0100149 -0.026468 0)
(-0.00642455 -0.0183246 0)
(-0.00368021 -0.0114303 0)
(-0.00173282 -0.00597993 0)
(-0.000515102 -0.00214488 0)
(-3.99552e-05 -7.55876e-05 0)
(-0.000112914 0.00633773 0)
(-0.000894753 0.0177793 0)
(-0.00256385 0.0280161 0)
(-0.00484211 0.0371196 0)
(-0.00763673 0.0451889 0)
(-0.0108689 0.0523382 0)
(-0.0144632 0.0586872 0)
(-0.018357 0.0643532 0)
(-0.0224993 0.0694453 0)
(-0.0268487 0.0740606 0)
(-0.0313718 0.0782818 0)
(-0.0360419 0.0821766 0)
(-0.0408374 0.0857976 0)
(-0.0457409 0.0891831 0)
(-0.0507376 0.0923592 0)
(-0.0558152 0.0953409 0)
(-0.0609625 0.0981343 0)
(-0.0661691 0.100738 0)
(-0.0714255 0.103146 0)
(-0.0767219 0.105349 0)
(-0.0820489 0.107332 0)
(-0.0873971 0.109083 0)
(-0.0927569 0.110585 0)
(-0.0981187 0.111824 0)
(-0.103473 0.112787 0)
(-0.10881 0.113458 0)
(-0.114119 0.113827 0)
(-0.119392 0.113882 0)
(-0.124618 0.113613 0)
(-0.129788 0.113013 0)
(-0.134892 0.112073 0)
(-0.139922 0.11079 0)
(-0.144866 0.109158 0)
(-0.149718 0.107176 0)
(-0.154466 0.104842 0)
(-0.159103 0.102157 0)
(-0.16362 0.0991204 0)
(-0.168008 0.0957362 0)
(-0.172259 0.0920079 0)
(-0.176366 0.0879405 0)
(-0.18032 0.0835401 0)
(-0.184115 0.078814 0)
(-0.187745 0.0737705 0)
(-0.191201 0.0684192 0)
(-0.194479 0.0627703 0)
(-0.197573 0.0568355 0)
(-0.200477 0.0506271 0)
(-0.203187 0.0441583 0)
(-0.205697 0.0374434 0)
(-0.208002 0.0304974 0)
(-0.210099 0.0233362 0)
(-0.211982 0.0159764 0)
(-0.213647 0.0084358 0)
(-0.21509 0.000733153 0)
(-0.216303 -0.00711269 0)
(-0.217282 -0.0150836 0)
(-0.218024 -0.0231648 0)
(-0.218522 -0.0313367 0)
(-0.218766 -0.0395768 0)
(-0.218746 -0.0478605 0)
(-0.218452 -0.0561611 0)
(-0.217869 -0.0644497 0)
(-0.216984 -0.0726948 0)
(-0.215779 -0.0808618 0)
(-0.214238 -0.088913 0)
(-0.21234 -0.0968069 0)
(-0.210066 -0.104498 0)
(-0.207393 -0.111936 0)
(-0.204301 -0.119067 0)
(-0.200768 -0.125832 0)
(-0.196773 -0.132166 0)
(-0.192296 -0.138001 0)
(-0.187322 -0.143264 0)
(-0.181835 -0.147878 0)
(-0.175828 -0.151765 0)
(-0.169296 -0.154843 0)
(-0.162242 -0.157033 0)
(-0.154679 -0.158256 0)
(-0.146626 -0.158439 0)
(-0.138116 -0.157516 0)
(-0.129191 -0.155433 0)
(-0.119908 -0.15215 0)
(-0.110335 -0.147647 0)
(-0.100555 -0.141926 0)
(-0.0906634 -0.135016 0)
(-0.0807674 -0.12698 0)
(-0.0709836 -0.117912 0)
(-0.0614356 -0.107945 0)
(-0.05225 -0.0972443 0)
(-0.0435517 -0.0860128 0)
(-0.0354586 -0.0744824 0)
(-0.0280762 -0.0629084 0)
(-0.0214921 -0.0515621 0)
(-0.0157717 -0.0407204 0)
(-0.010955 -0.0306561 0)
(-0.00705515 -0.0216299 0)
(-0.00405872 -0.0138823 0)
(-0.00192059 -0.00763052 0)
(-0.000575047 -0.00306436 0)
(-4.59041e-05 -0.00034927 0)
(-0.000112607 0.00680854 0)
(-0.000893256 0.0190562 0)
(-0.00256081 0.0299774 0)
(-0.00483829 0.0396569 0)
(-0.00763343 0.0482073 0)
(-0.0108675 0.0557564 0)
(-0.014465 0.0624368 0)
(-0.0183628 0.0683772 0)
(-0.0225093 0.0736971 0)
(-0.0268625 0.0785023 0)
(-0.0313882 0.0828832 0)
(-0.0360592 0.0869131 0)
(-0.0408532 0.0906494 0)
(-0.0457523 0.0941341 0)
(-0.0507415 0.0973955 0)
(-0.0558079 0.100451 0)
(-0.0609404 0.103307 0)
(-0.0661285 0.105963 0)
(-0.0713625 0.108414 0)
(-0.0766329 0.11065 0)
(-0.0819304 0.112658 0)
(-0.0872457 0.114423 0)
(-0.0925695 0.115931 0)
(-0.0978924 0.117166 0)
(-0.103205 0.118114 0)
(-0.108498 0.118763 0)
(-0.113762 0.119099 0)
(-0.118987 0.119111 0)
(-0.124164 0.11879 0)
(-0.129284 0.118128 0)
(-0.134337 0.117118 0)
(-0.139315 0.115755 0)
(-0.144207 0.114034 0)
(-0.149006 0.111954 0)
(-0.153702 0.109513 0)
(-0.158287 0.106712 0)
(-0.162753 0.103551 0)
(-0.167091 0.100035 0)
(-0.171293 0.0961673 0)
(-0.175354 0.0919527 0)
(-0.179264 0.0873981 0)
(-0.183019 0.0825111 0)
(-0.186612 0.0773004 0)
(-0.190036 0.071776 0)
(-0.193288 0.0659487 0)
(-0.196362 0.0598303 0)
(-0.199253 0.0534334 0)
(-0.201958 0.0467718 0)
(-0.204473 0.0398598 0)
(-0.206793 0.0327124 0)
(-0.208916 0.0253458 0)
(-0.210838 0.0177764 0)
(-0.212555 0.0100217 0)
(-0.214064 0.00210018 0)
(-0.215359 -0.00596909 0)
(-0.216435 -0.0141674 0)
(-0.217291 -0.0224818 0)
(-0.217919 -0.0308942 0)
(-0.218313 -0.0393838 0)
(-0.218462 -0.0479276 0)
(-0.218354 -0.0565006 0)
(-0.217979 -0.0650755 0)
(-0.217319 -0.0736228 0)
(-0.216358 -0.0821095 0)
(-0.215079 -0.0904996 0)
(-0.213459 -0.098753 0)
(-0.211477 -0.106825 0)
(-0.209109 -0.114668 0)
(-0.206332 -0.122226 0)
(-0.203121 -0.12944 0)
(-0.199451 -0.136246 0)
(-0.195298 -0.142573 0)
(-0.190642 -0.148346 0)
(-0.185464 -0.153485 0)
(-0.179749 -0.157904 0)
(-0.173488 -0.161519 0)
(-0.166678 -0.164241 0)
(-0.159323 -0.165983 0)
(-0.15144 -0.166661 0)
(-0.143053 -0.166199 0)
(-0.134201 -0.164529 0)
(-0.124934 -0.161599 0)
(-0.115318 -0.157374 0)
(-0.105434 -0.151842 0)
(-0.0953753 -0.145021 0)
(-0.0852508 -0.13696 0)
(-0.0751808 -0.127744 0)
(-0.0652948 -0.117499 0)
(-0.0557278 -0.106391 0)
(-0.0466155 -0.0946247 0)
(-0.0380884 -0.0824407 0)
(-0.0302664 -0.0701097 0)
(-0.023252 -0.0579226 0)
(-0.0171252 -0.0461808 0)
(-0.0119391 -0.0351843 0)
(-0.00771862 -0.0252217 0)
(-0.0044589 -0.0165609 0)
(-0.00212012 -0.00944367 0)
(-0.000639155 -0.00408087 0)
(-5.23826e-05 -0.000654764 0)
(-0.000111554 0.0072771 0)
(-0.000886403 0.020328 0)
(-0.00254312 0.0319323 0)
(-0.0048079 0.0421876 0)
(-0.00758978 0.0512197 0)
(-0.0108107 0.0591695 0)
(-0.0143956 0.0661819 0)
(-0.0182812 0.0723971 0)
(-0.0224156 0.0779446 0)
(-0.0267562 0.0829391 0)
(-0.0312683 0.0874782 0)
(-0.035924 0.0916413 0)
(-0.0407005 0.0954904 0)
(-0.0455794 0.0990711 0)
(-0.0505453 0.102415 0)
(-0.0555851 0.10554 0)
(-0.0606872 0.108455 0)
(-0.0658413 0.11116 0)
(-0.0710377 0.113651 0)
(-0.0762669 0.115916 0)
(-0.0815197 0.117945 0)
(-0.086787 0.119721 0)
(-0.0920598 0.121231 0)
(-0.0973288 0.12246 0)
(-0.102585 0.123392 0)
(-0.107819 0.124015 0)
(-0.113022 0.124316 0)
(-0.118185 0.124284 0)
(-0.123298 0.12391 0)
(-0.128352 0.123185 0)
(-0.133339 0.122104 0)
(-0.138249 0.120659 0)
(-0.143073 0.118849 0)
(-0.147803 0.116671 0)
(-0.152431 0.114123 0)
(-0.156947 0.111207 0)
(-0.161345 0.107924 0)
(-0.165616 0.104277 0)
(-0.169754 0.100271 0)
(-0.173751 0.0959113 0)
(-0.177601 0.0912054 0)
(-0.181299 0.0861611 0)
(-0.184838 0.0807876 0)
(-0.188214 0.0750953 0)
(-0.191423 0.0690955 0)
(-0.19446 0.0628004 0)
(-0.197323 0.0562231 0)
(-0.200007 0.0493776 0)
(-0.202511 0.0422784 0)
(-0.204832 0.0349409 0)
(-0.206967 0.0273809 0)
(-0.208914 0.0196151 0)
(-0.21067 0.0116605 0)
(-0.212232 0.00353546 0)
(-0.213597 -0.00474141 0)
(-0.214759 -0.0131506 0)
(-0.215719 -0.0216807 0)
(-0.21647 -0.0303152 0)
(-0.217005 -0.039035 0)
(-0.217316 -0.047819 0)
(-0.217392 -0.0566443 0)
(-0.21722 -0.0654855 0)
(-0.216785 -0.0743151 0)
(-0.21607 -0.0831023 0)
(-0.215055 -0.091813 0)
(-0.21372 -0.100409 0)
(-0.21204 -0.108848 0)
(-0.20999 -0.117081 0)
(-0.207544 -0.125056 0)
(-0.204674 -0.132714 0)
(-0.201352 -0.139989 0)
(-0.197551 -0.146809 0)
(-0.193245 -0.153098 0)
(-0.18841 -0.158772 0)
(-0.183026 -0.163742 0)
(-0.177077 -0.167916 0)
(-0.170556 -0.171198 0)
(-0.16346 -0.173494 0)
(-0.155797 -0.17471 0)
(-0.147587 -0.174757 0)
(-0.138862 -0.173554 0)
(-0.129667 -0.171034 0)
(-0.120062 -0.167148 0)
(-0.110126 -0.16187 0)
(-0.0999498 -0.155201 0)
(-0.0896429 -0.147176 0)
(-0.0793277 -0.13787 0)
(-0.0691388 -0.127399 0)
(-0.0592187 -0.115925 0)
(-0.0497134 -0.103653 0)
(-0.0407663 -0.0908318 0)
(-0.0325115 -0.077745 0)
(-0.0250673 -0.0647032 0)
(-0.0185294 -0.0520328 0)
(-0.0129659 -0.0400624 0)
(-0.00841446 -0.029111 0)
(-0.00488077 -0.0194765 0)
(-0.00233156 -0.0114281 0)
(-0.000707541 -0.00520029 0)
(-5.94218e-05 -0.000994302 0)
(-0.00010976 0.00774055 0)
(-0.000874211 0.0215875 0)
(-0.00251083 0.0338703 0)
(-0.004751 0.0446989 0)
(-0.00750585 0.0542117 0)
(-0.0106987 0.062562 0)
(-0.0142552 0.0699066 0)
(-0.0181125 0.0763967 0)
(-0.0222185 0.0821716 0)
(-0.0265302 0.0873547 0)
(-0.0310126 0.0920506 0)
(-0.0356369 0.096345 0)
(-0.0403801 0.100305 0)
(-0.0452231 0.103979 0)
(-0.0501501 0.107401 0)
(-0.0551477 0.110592 0)
(-0.0602043 0.113563 0)
(-0.0653093 0.116313 0)
(-0.0704529 0.11884 0)
(-0.0756258 0.121132 0)
(-0.080819 0.123178 0)
(-0.0860235 0.124963 0)
(-0.0912304 0.126472 0)
(-0.0964308 0.127691 0)
(-0.101616 0.128605 0)
(-0.106776 0.1292 0)
(-0.111904 0.129464 0)
(-0.116988 0.129386 0)
(-0.122022 0.128957 0)
(-0.126996 0.128169 0)
(-0.1319 0.127014 0)
(-0.136727 0.125489 0)
(-0.141468 0.123588 0)
(-0.146114 0.121311 0)
(-0.150657 0.118657 0)
(-0.15509 0.115626 0)
(-0.159404 0.11222 0)
(-0.163593 0.108444 0)
(-0.167649 0.104302 0)
(-0.171567 0.0997999 0)
(-0.17534 0.0949455 0)
(-0.178965 0.0897475 0)
(-0.182434 0.0842156 0)
(-0.185746 0.0783607 0)
(-0.188896 0.0721946 0)
(-0.191881 0.06573 0)
(-0.194699 0.0589805 0)
(-0.197349 0.0519603 0)
(-0.199827 0.0446843 0)
(-0.202133 0.0371681 0)
(-0.204266 0.0294275 0)
(-0.206223 0.0214789 0)
(-0.208005 0.0133393 0)
(-0.209608 0.00502645 0)
(-0.211032 -0.00344144 0)
(-0.212268 -0.0120443 0)
(-0.213321 -0.0207714 0)
(-0.214184 -0.0296083 0)
(-0.214852 -0.0385379 0)
(-0.215317 -0.0475411 0)
(-0.21557 -0.056597 0)
(-0.215596 -0.0656827 0)
(-0.215383 -0.0747728 0)
(-0.214912 -0.0838391 0)
(-0.214164 -0.0928497 0)
(-0.213116 -0.101769 0)
(-0.211744 -0.110555 0)
(-0.210021 -0.119164 0)
(-0.207919 -0.127542 0)
(-0.205406 -0.135633 0)
(-0.202452 -0.14337 0)
(-0.199026 -0.150681 0)
(-0.195097 -0.157488 0)
(-0.190637 -0.163704 0)
(-0.18562 -0.169237 0)
(-0.180025 -0.173989 0)
(-0.173836 -0.177859 0)
(-0.167044 -0.180742 0)
(-0.159653 -0.182534 0)
(-0.151672 -0.183135 0)
(-0.143129 -0.182451 0)
(-0.13406 -0.1804 0)
(-0.124523 -0.176916 0)
(-0.114589 -0.171956 0)
(-0.104349 -0.165505 0)
(-0.0939086 -0.157583 0)
(-0.0833931 -0.148249 0)
(-0.0729405 -0.13761 0)
(-0.0627001 -0.125818 0)
(-0.0528274 -0.113078 0)
(-0.0434782 -0.0996432 0)
(-0.0348013 -0.0858089 0)
(-0.0269311 -0.0719046 0)
(-0.0199802 -0.0582817 0)
(-0.014033 -0.045299 0)
(-0.00914163 -0.0333078 0)
(-0.00532399 -0.0226389 0)
(-0.00255493 -0.0135922 0)
(-0.00078026 -0.00642854 0)
(-6.70415e-05 -0.00137016 0)
(-0.000107237 0.00819608 0)
(-0.00085675 0.0228274 0)
(-0.00246412 0.035781 0)
(-0.00466787 0.0471781 0)
(-0.00738205 0.057169 0)
(-0.0105319 0.0659186 0)
(-0.0140444 0.073595 0)
(-0.0178573 0.0803598 0)
(-0.0219188 0.0863619 0)
(-0.0261855 0.0917328 0)
(-0.0306221 0.0965845 0)
(-0.0351993 0.101008 0)
(-0.0398934 0.105076 0)
(-0.044685 0.108841 0)
(-0.0495578 0.112339 0)
(-0.0544982 0.115594 0)
(-0.0594941 0.118616 0)
(-0.0645351 0.121408 0)
(-0.0696112 0.123967 0)
(-0.0747132 0.126282 0)
(-0.0798321 0.128342 0)
(-0.0849592 0.130132 0)
(-0.0900856 0.131638 0)
(-0.0952028 0.132845 0)
(-0.100302 0.133737 0)
(-0.105374 0.134302 0)
(-0.110411 0.134528 0)
(-0.115404 0.134403 0)
(-0.120343 0.133917 0)
(-0.125222 0.133063 0)
(-0.130029 0.131835 0)
(-0.134758 0.130227 0)
(-0.1394 0.128236 0)
(-0.143947 0.12586 0)
(-0.148391 0.123099 0)
(-0.152724 0.119953 0)
(-0.15694 0.116426 0)
(-0.161031 0.112522 0)
(-0.164991 0.108245 0)
(-0.168814 0.103603 0)
(-0.172496 0.0986028 0)
(-0.176031 0.0932548 0)
(-0.179417 0.087569 0)
(-0.182649 0.0815568 0)
(-0.185725 0.0752306 0)
(-0.188644 0.0686038 0)
(-0.191403 0.0616904 0)
(-0.194002 0.054505 0)
(-0.196441 0.0470629 0)
(-0.198718 0.0393797 0)
(-0.200834 0.0314714 0)
(-0.20279 0.0233544 0)
(-0.204583 0.0150451 0)
(-0.206214 0.00656069 0)
(-0.207685 -0.00208135 0)
(-0.208983 -0.01086 0)
(-0.210117 -0.0197648 0)
(-0.211082 -0.0287837 0)
(-0.211873 -0.0379017 0)
(-0.212483 -0.0471018 0)
(-0.212903 -0.0563655 0)
(-0.213122 -0.0656723 0)
(-0.213124 -0.0749995 0)
(-0.212894 -0.0843213 0)
(-0.21241 -0.0936088 0)
(-0.211651 -0.102829 0)
(-0.21059 -0.111943 0)
(-0.209199 -0.120907 0)
(-0.207449 -0.129672 0)
(-0.205306 -0.138181 0)
(-0.202736 -0.146369 0)
(-0.199704 -0.154164 0)
(-0.196177 -0.161487 0)
(-0.19212 -0.168249 0)
(-0.187502 -0.174354 0)
(-0.182297 -0.179701 0)
(-0.176481 -0.184179 0)
(-0.170039 -0.187678 0)
(-0.162967 -0.190083 0)
(-0.155267 -0.191282 0)
(-0.146959 -0.191167 0)
(-0.138073 -0.189641 0)
(-0.12866 -0.186621 0)
(-0.118784 -0.182046 0)
(-0.108534 -0.175883 0)
(-0.0980127 -0.168133 0)
(-0.0873451 -0.158839 0)
(-0.0766719 -0.148093 0)
(-0.0661481 -0.136039 0)
(-0.0559378 -0.122876 0)
(-0.0462087 -0.108859 0)
(-0.0371242 -0.0942925 0)
(-0.0288354 -0.0795243 0)
(-0.0214724 -0.0649305 0)
(-0.0151373 -0.0509007 0)
(-0.00989859 -0.037821 0)
(-0.00578794 -0.0260578 0)
(-0.00279005 -0.0159445 0)
(-0.000857319 -0.0077715 0)
(-7.52561e-05 -0.00178465 0)
(-0.000104003 0.0086409 0)
(-0.000834138 0.0240408 0)
(-0.00240327 0.0376539 0)
(-0.00455902 0.0496125 0)
(-0.00721909 0.0600773 0)
(-0.0103113 0.0692241 0)
(-0.0137643 0.0772314 0)
(-0.0175171 0.0842705 0)
(-0.021518 0.0904994 0)
(-0.0257239 0.0960576 0)
(-0.0300989 0.101064 0)
(-0.0346134 0.105616 0)
(-0.0392431 0.10979 0)
(-0.043968 0.113643 0)
(-0.0487716 0.117214 0)
(-0.0536398 0.120528 0)
(-0.0585605 0.123599 0)
(-0.0635228 0.12643 0)
(-0.0685169 0.129018 0)
(-0.0735336 0.131353 0)
(-0.078564 0.133423 0)
(-0.0835994 0.135216 0)
(-0.0886312 0.136715 0)
(-0.093651 0.137907 0)
(-0.0986501 0.138776 0)
(-0.10362 0.139309 0)
(-0.108553 0.139493 0)
(-0.113439 0.139318 0)
(-0.11827 0.138775 0)
(-0.123039 0.137854 0)
(-0.127735 0.136551 0)
(-0.132352 0.134859 0)
(-0.136882 0.132777 0)
(-0.141315 0.130302 0)
(-0.145645 0.127434 0)
(-0.149865 0.124174 0)
(-0.153967 0.120526 0)
(-0.157946 0.116495 0)
(-0.161795 0.112085 0)
(-0.16551 0.107305 0)
(-0.169086 0.102163 0)
(-0.17252 0.0966685 0)
(-0.175807 0.0908333 0)
(-0.178946 0.0846692 0)
(-0.181935 0.0781894 0)
(-0.184774 0.0714078 0)
(-0.18746 0.0643389 0)
(-0.189996 0.0569978 0)
(-0.192381 0.0494002 0)
(-0.194616 0.041562 0)
(-0.196703 0.0334992 0)
(-0.198643 0.025228 0)
(-0.200435 0.0167648 0)
(-0.202081 0.00812565 0)
(-0.203585 -0.00067301 0)
(-0.204935 -0.00960967 0)
(-0.206138 -0.0186724 0)
(-0.207193 -0.0278523 0)
(-0.208096 -0.0371366 0)
(-0.20884 -0.0465106 0)
(-0.209419 -0.0559583 0)
(-0.20982 -0.0654617 0)
(-0.210031 -0.0750009 0)
(-0.210034 -0.0845533 0)
(-0.20981 -0.0940927 0)
(-0.209336 -0.103589 0)
(-0.208585 -0.113007 0)
(-0.20753 -0.122305 0)
(-0.206136 -0.131436 0)
(-0.204371 -0.140346 0)
(-0.202197 -0.148971 0)
(-0.199576 -0.15724 0)
(-0.19647 -0.165072 0)
(-0.19284 -0.172379 0)
(-0.18865 -0.179061 0)
(-0.183867 -0.185011 0)
(-0.178462 -0.190117 0)
(-0.172412 -0.194257 0)
(-0.165704 -0.197307 0)
(-0.158335 -0.199144 0)
(-0.150314 -0.199646 0)
(-0.141666 -0.1987 0)
(-0.132432 -0.196206 0)
(-0.122672 -0.192083 0)
(-0.112468 -0.186279 0)
(-0.10192 -0.178773 0)
(-0.0911513 -0.169592 0)
(-0.0803041 -0.158808 0)
(-0.0695376 -0.146553 0)
(-0.0590237 -0.133019 0)
(-0.0489411 -0.118458 0)
(-0.0394675 -0.103183 0)
(-0.0307708 -0.0875566 0)
(-0.0229998 -0.0719794 0)
(-0.0162751 -0.0568725 0)
(-0.0106833 -0.0426583 0)
(-0.0062717 -0.0297416 0)
(-0.00303663 -0.0184928 0)
(-0.000938676 -0.00923491 0)
(-8.40757e-05 -0.00224006 0)
(-0.000100086 0.00907233 0)
(-0.000806543 0.0252206 0)
(-0.00232872 0.0394791 0)
(-0.00442516 0.0519897 0)
(-0.00701798 0.0629227 0)
(-0.0100381 0.0724636 0)
(-0.0134166 0.0808002 0)
(-0.0170937 0.088113 0)
(-0.0210184 0.0945683 0)
(-0.0251478 0.100313 0)
(-0.0294457 0.105474 0)
(-0.0338821 0.110152 0)
(-0.0384323 0.114431 0)
(-0.0430757 0.118369 0)
(-0.0477954 0.122011 0)
(-0.052577 0.125382 0)
(-0.057408 0.128499 0)
(-0.0622775 0.131365 0)
(-0.0671756 0.133978 0)
(-0.0720931 0.136329 0)
(-0.077021 0.138408 0)
(-0.0819509 0.140199 0)
(-0.0868744 0.14169 0)
(-0.0917831 0.142863 0)
(-0.0966687 0.143706 0)
(-0.101523 0.144205 0)
(-0.106337 0.144346 0)
(-0.111103 0.14412 0)
(-0.115813 0.143517 0)
(-0.120458 0.142528 0)
(-0.125031 0.141148 0)
(-0.129522 0.139373 0)
(-0.133925 0.137198 0)
(-0.138232 0.134623 0)
(-0.142435 0.131648 0)
(-0.146528 0.128275 0)
(-0.150504 0.124507 0)
(-0.154358 0.12035 0)
(-0.158084 0.115809 0)
(-0.161678 0.110894 0)
(-0.165136 0.105612 0)
(-0.168454 0.0999755 0)
(-0.171631 0.0939955 0)
(-0.174665 0.0876851 0)
(-0.177555 0.0810581 0)
(-0.180301 0.074129 0)
(-0.182903 0.066913 0)
(-0.185363 0.0594259 0)
(-0.187683 0.0516835 0)
(-0.189864 0.043702 0)
(-0.191909 0.0354976 0)
(-0.19382 0.0270865 0)
(-0.195598 0.0184847 0)
(-0.197246 0.00970801 0)
(-0.198767 0.000772356 0)
(-0.200161 -0.00830424 0)
(-0.201421 -0.0175055 0)
(-0.202555 -0.0268255 0)
(-0.203558 -0.0362539 0)
(-0.204425 -0.0457785 0)
(-0.20515 -0.0553857 0)
(-0.205724 -0.0650603 0)
(-0.206132 -0.0747856 0)
(-0.20636 -0.084542 0)
(-0.206388 -0.0943067 0)
(-0.206194 -0.104053 0)
(-0.20575 -0.113748 0)
(-0.205027 -0.123356 0)
(-0.203992 -0.132831 0)
(-0.202609 -0.14212 0)
(-0.200838 -0.151164 0)
(-0.198639 -0.159891 0)
(-0.19597 -0.168223 0)
(-0.192787 -0.176069 0)
(-0.189049 -0.183327 0)
(-0.184718 -0.189889 0)
(-0.179757 -0.195634 0)
(-0.174137 -0.200436 0)
(-0.167836 -0.20416 0)
(-0.160844 -0.206672 0)
(-0.153161 -0.207837 0)
(-0.144803 -0.207524 0)
(-0.135804 -0.205616 0)
(-0.126217 -0.202011 0)
(-0.116115 -0.196637 0)
(-0.105596 -0.189451 0)
(-0.0947797 -0.180457 0)
(-0.0838079 -0.169709 0)
(-0.0728429 -0.157321 0)
(-0.0620631 -0.143474 0)
(-0.0516574 -0.128416 0)
(-0.0418172 -0.112464 0)
(-0.0327273 -0.0959924 0)
(-0.0245553 -0.079426 0)
(-0.0174419 -0.063217 0)
(-0.0114932 -0.0478258 0)
(-0.00677405 -0.0336979 0)
(-0.00329421 -0.0212445 0)
(-0.00102425 -0.0108243 0)
(-9.35062e-05 -0.00273866 0)
(-9.55192e-05 0.00948775 0)
(-0.000774176 0.0263602 0)
(-0.00224099 0.0412468 0)
(-0.00426721 0.0542977 0)
(-0.00678005 0.0656916 0)
(-0.00971408 0.0756225 0)
(-0.0130033 0.0842863 0)
(-0.0165895 0.0918719 0)
(-0.0204228 0.0985531 0)
(-0.0244603 0.104484 0)
(-0.028666 0.109798 0)
(-0.0330094 0.114602 0)
(-0.0374653 0.118983 0)
(-0.0420128 0.123006 0)
(-0.0466343 0.126715 0)
(-0.0513152 0.130141 0)
(-0.0560426 0.1333 0)
(-0.0608056 0.136198 0)
(-0.0655941 0.138833 0)
(-0.0703987 0.141198 0)
(-0.0752109 0.143281 0)
(-0.0800221 0.145069 0)
(-0.084824 0.146547 0)
(-0.0896085 0.147701 0)
(-0.0943674 0.148515 0)
(-0.0990926 0.148977 0)
(-0.103776 0.149074 0)
(-0.108409 0.148794 0)
(-0.112985 0.148129 0)
(-0.117494 0.147072 0)
(-0.121929 0.145614 0)
(-0.126283 0.143754 0)
(-0.130547 0.141486 0)
(-0.134715 0.138811 0)
(-0.138779 0.13573 0)
(-0.142733 0.132243 0)
(-0.146572 0.128357 0)
(-0.15029 0.124075 0)
(-0.153881 0.119405 0)
(-0.157343 0.114357 0)
(-0.160671 0.108939 0)
(-0.163864 0.103164 0)
(-0.16692 0.0970441 0)
(-0.169838 0.090593 0)
(-0.172618 0.0838252 0)
(-0.175261 0.0767562 0)
(-0.177769 0.0694016 0)
(-0.180143 0.0617778 0)
(-0.182387 0.0539012 0)
(-0.184503 0.0457881 0)
(-0.186495 0.037455 0)
(-0.188366 0.028918 0)
(-0.19012 0.0201927 0)
(-0.191759 0.0112947 0)
(-0.193287 0.00223955 0)
(-0.194709 -0.00695599 0)
(-0.196014 -0.0162761 0)
(-0.197214 -0.0257156 0)
(-0.198304 -0.035266 0)
(-0.199282 -0.0449176 0)
(-0.200141 -0.0546595 0)
(-0.200874 -0.0644796 0)
(-0.201469 -0.0743641 0)
(-0.20191 -0.0842971 0)
(-0.20218 -0.0942591 0)
(-0.202256 -0.104227 0)
(-0.202111 -0.114173 0)
(-0.201716 -0.124062 0)
(-0.201037 -0.133854 0)
(-0.200036 -0.1435 0)
(-0.198672 -0.15294 0)
(-0.196902 -0.162108 0)
(-0.194679 -0.170924 0)
(-0.191959 -0.179299 0)
(-0.188693 -0.18713 0)
(-0.184837 -0.194304 0)
(-0.180349 -0.200698 0)
(-0.175193 -0.206177 0)
(-0.169339 -0.2106 0)
(-0.162766 -0.21382 0)
(-0.155469 -0.215688 0)
(-0.147453 -0.216058 0)
(-0.138743 -0.214794 0)
(-0.129384 -0.211774 0)
(-0.119442 -0.206901 0)
(-0.109008 -0.200111 0)
(-0.0981991 -0.191382 0)
(-0.0871544 -0.180747 0)
(-0.0760381 -0.1683 0)
(-0.0650337 -0.154206 0)
(-0.054339 -0.138705 0)
(-0.0441586 -0.122114 0)
(-0.0346935 -0.104819 0)
(-0.026131 -0.0872647 0)
(-0.0186326 -0.0699345 0)
(-0.0123254 -0.0533277 0)
(-0.00729349 -0.0379335 0)
(-0.00356221 -0.0242064 0)
(-0.0011139 -0.012545 0)
(-0.000103549 -0.00328269 0)
(-9.03436e-05 0.00988471 0)
(-0.000737295 0.0274532 0)
(-0.00214074 0.0429475 0)
(-0.00408628 0.0565248 0)
(-0.00650686 0.0683709 0)
(-0.00934129 0.0786865 0)
(-0.0125268 0.087675 0)
(-0.0160074 0.095532 0)
(-0.0197343 0.102439 0)
(-0.0236652 0.108556 0)
(-0.0277639 0.114022 0)
(-0.0319997 0.118951 0)
(-0.0363471 0.123434 0)
(-0.0407845 0.127538 0)
(-0.045294 0.131313 0)
(-0.0498606 0.13479 0)
(-0.0544711 0.137989 0)
(-0.0591143 0.140916 0)
(-0.06378 0.14357 0)
(-0.068459 0.145946 0)
(-0.0731426 0.148031 0)
(-0.0778223 0.149812 0)
(-0.0824901 0.151276 0)
(-0.0871379 0.152407 0)
(-0.0917578 0.15319 0)
(-0.0963419 0.153613 0)
(-0.100882 0.153663 0)
(-0.105371 0.153329 0)
(-0.1098 0.152601 0)
(-0.114161 0.151472 0)
(-0.118448 0.149937 0)
(-0.122652 0.14799 0)
(-0.126766 0.14563 0)
(-0.130784 0.142855 0)
(-0.134699 0.139667 0)
(-0.138504 0.136068 0)
(-0.142195 0.132063 0)
(-0.145766 0.127659 0)
(-0.149213 0.122863 0)
(-0.152533 0.117684 0)
(-0.155723 0.112134 0)
(-0.158782 0.106225 0)
(-0.161708 0.0999695 0)
(-0.164501 0.0933833 0)
(-0.167163 0.0864814 0)
(-0.169694 0.0792797 0)
(-0.172098 0.071795 0)
(-0.174378 0.0640439 0)
(-0.176536 0.0560435 0)
(-0.178579 0.0478105 0)
(-0.180508 0.0393613 0)
(-0.182331 0.0307122 0)
(-0.18405 0.0218787 0)
(-0.18567 0.0128758 0)
(-0.187195 0.0037187 0)
(-0.188631 -0.00557765 0)
(-0.18997 -0.0149973 0)
(-0.191222 -0.0245356 0)
(-0.192387 -0.034186 0)
(-0.193461 -0.0439411 0)
(-0.194441 -0.0537929 0)
(-0.19532 -0.0637324 0)
(-0.196087 -0.073749 0)
(-0.196729 -0.0838303 0)
(-0.197228 -0.0939608 0)
(-0.197563 -0.104121 0)
(-0.197707 -0.114288 0)
(-0.197631 -0.12443 0)
(-0.197301 -0.134511 0)
(-0.196678 -0.144485 0)
(-0.195719 -0.154298 0)
(-0.19438 -0.163884 0)
(-0.192611 -0.173166 0)
(-0.190362 -0.182055 0)
(-0.187583 -0.190449 0)
(-0.184222 -0.198233 0)
(-0.180232 -0.205278 0)
(-0.175569 -0.211447 0)
(-0.170196 -0.216587 0)
(-0.164083 -0.220543 0)
(-0.157215 -0.223151 0)
(-0.149589 -0.224251 0)
(-0.141219 -0.223686 0)
(-0.132143 -0.221314 0)
(-0.122417 -0.217014 0)
(-0.112126 -0.210696 0)
(-0.10138 -0.202313 0)
(-0.0903154 -0.191872 0)
(-0.0790974 -0.179444 0)
(-0.0679127 -0.165175 0)
(-0.0569667 -0.149293 0)
(-0.046476 -0.132111 0)
(-0.0366578 -0.114021 0)
(-0.0277186 -0.0954869 0)
(-0.0198417 -0.0770226 0)
(-0.0131764 -0.0591666 0)
(-0.00782828 -0.0424535 0)
(-0.00383991 -0.0273846 0)
(-0.00120747 -0.014402 0)
(-0.000114203 -0.0038743 0)
(-8.46053e-05 0.0102609 0)
(-0.000696194 0.0284936 0)
(-0.00202872 0.0445723 0)
(-0.00388366 0.0586601 0)
(-0.00620026 0.0709479 0)
(-0.00892211 0.0816421 0)
(-0.0119902 0.0909518 0)
(-0.0153509 0.0990789 0)
(-0.018957 0.10621 0)
(-0.0227667 0.112514 0)
(-0.0267441 0.118132 0)
(-0.0308583 0.123185 0)
(-0.0350833 0.127768 0)
(-0.0393971 0.131952 0)
(-0.0437813 0.135791 0)
(-0.0482204 0.139318 0)
(-0.0527011 0.142553 0)
(-0.0572118 0.145506 0)
(-0.0617423 0.148177 0)
(-0.0662833 0.15056 0)
(-0.070826 0.152644 0)
(-0.0753623 0.154416 0)
(-0.0798841 0.155863 0)
(-0.0843835 0.156968 0)
(-0.0888527 0.157719 0)
(-0.0932841 0.158101 0)
(-0.09767 0.158102 0)
(-0.102003 0.157712 0)
(-0.106274 0.15692 0)
(-0.110477 0.15572 0)
(-0.114605 0.154105 0)
(-0.118649 0.152072 0)
(-0.122604 0.149618 0)
(-0.126462 0.146744 0)
(-0.130218 0.14345 0)
(-0.133865 0.139739 0)
(-0.137399 0.135618 0)
(-0.140815 0.131093 0)
(-0.14411 0.126173 0)
(-0.147281 0.120867 0)
(-0.150325 0.115188 0)
(-0.153242 0.109149 0)
(-0.156031 0.102764 0)
(-0.158693 0.0960482 0)
(-0.161229 0.0890187 0)
(-0.163642 0.0816919 0)
(-0.165936 0.0740853 0)
(-0.168113 0.0662163 0)
(-0.17018 0.0581023 0)
(-0.172141 0.0497605 0)
(-0.174001 0.0412077 0)
(-0.175766 0.03246 0)
(-0.177441 0.0235329 0)
(-0.179032 0.0144408 0)
(-0.180543 0.00519816 0)
(-0.181985 -0.00418132 0)
(-0.183344 -0.0136816 0)
(-0.184637 -0.0232984 0)
(-0.185863 -0.0330271 0)
(-0.18702 -0.0428627 0)
(-0.188107 -0.0528 0)
(-0.189117 -0.0628329 0)
(-0.190042 -0.0729544 0)
(-0.190869 -0.0831556 0)
(-0.191583 -0.0934251 0)
(-0.192162 -0.103748 0)
(-0.192582 -0.114104 0)
(-0.192813 -0.124468 0)
(-0.192821 -0.134807 0)
(-0.192567 -0.145081 0)
(-0.192009 -0.155238 0)
(-0.191098 -0.165216 0)
(-0.189784 -0.174941 0)
(-0.188012 -0.184326 0)
(-0.185729 -0.193269 0)
(-0.182878 -0.201655 0)
(-0.179405 -0.209351 0)
(-0.17526 -0.216214 0)
(-0.170397 -0.222086 0)
(-0.164779 -0.226801 0)
(-0.158381 -0.230183 0)
(-0.151189 -0.232054 0)
(-0.14321 -0.23224 0)
(-0.134468 -0.230577 0)
(-0.125013 -0.226919 0)
(-0.11492 -0.22115 0)
(-0.104293 -0.213195 0)
(-0.0932639 -0.203032 0)
(-0.0819958 -0.190705 0)
(-0.0706776 -0.176339 0)
(-0.0595212 -0.160144 0)
(-0.0487536 -0.142425 0)
(-0.0386076 -0.123578 0)
(-0.0293088 -0.104081 0)
(-0.0210629 -0.0844767 0)
(-0.0140426 -0.065343 0)
(-0.00837643 -0.0472617 0)
(-0.00412647 -0.0307843 0)
(-0.00130474 -0.0163997 0)
(-0.000125459 -0.00451555 0)
(-7.8356e-05 0.0106141 0)
(-0.000651204 0.0294757 0)
(-0.00190579 0.0461129 0)
(-0.00366079 0.0606929 0)
(-0.00586234 0.0734106 0)
(-0.00845925 0.0844761 0)
(-0.0113966 0.0941032 0)
(-0.0146238 0.102498 0)
(-0.0180952 0.109854 0)
(-0.0217699 0.116343 0)
(-0.0256122 0.122114 0)
(-0.0295912 0.12729 0)
(-0.0336804 0.131972 0)
(-0.0378575 0.136236 0)
(-0.0421036 0.140136 0)
(-0.0464027 0.14371 0)
(-0.0507412 0.14698 0)
(-0.0551074 0.149957 0)
(-0.0594908 0.152642 0)
(-0.063882 0.155029 0)
(-0.0682725 0.157109 0)
(-0.0726539 0.15887 0)
(-0.0770184 0.160297 0)
(-0.0813584 0.161375 0)
(-0.0856662 0.162091 0)
(-0.0899343 0.16243 0)
(-0.0941553 0.162381 0)
(-0.0983216 0.161933 0)
(-0.102426 0.161076 0)
(-0.106461 0.159803 0)
(-0.11042 0.158109 0)
(-0.114296 0.155989 0)
(-0.118082 0.153443 0)
(-0.121773 0.150469 0)
(-0.125361 0.14707 0)
(-0.128843 0.143249 0)
(-0.132213 0.139014 0)
(-0.135467 0.13437 0)
(-0.138603 0.129328 0)
(-0.141618 0.123899 0)
(-0.144511 0.118095 0)
(-0.14728 0.11193 0)
(-0.149927 0.105421 0)
(-0.152453 0.0985818 0)
(-0.154859 0.0914314 0)
(-0.157149 0.0839869 0)
(-0.159327 0.0762666 0)
(-0.161398 0.0682887 0)
(-0.163367 0.060071 0)
(-0.16524 0.0516314 0)
(-0.167024 0.0429868 0)
(-0.168725 0.0341535 0)
(-0.17035 0.0251466 0)
(-0.171904 0.0159804 0)
(-0.173392 0.00666803 0)
(-0.174828 -0.00277787 0)
(-0.176198 -0.012341 0)
(-0.17752 -0.0220167 0)
(-0.178794 -0.0318027 0)
(-0.180021 -0.0416965 0)
(-0.1812 -0.0516955 0)
(-0.182326 -0.0617965 0)
(-0.183393 -0.0719961 0)
(-0.184389 -0.0822889 0)
(-0.185301 -0.0926677 0)
(-0.186108 -0.103122 0)
(-0.186787 -0.113636 0)
(-0.18731 -0.12419 0)
(-0.187643 -0.134756 0)
(-0.187747 -0.145297 0)
(-0.187579 -0.155767 0)
(-0.187089 -0.166108 0)
(-0.186226 -0.176251 0)
(-0.184932 -0.186109 0)
(-0.183149 -0.195583 0)
(-0.180817 -0.204556 0)
(-0.177876 -0.212896 0)
(-0.174268 -0.220455 0)
(-0.16994 -0.227068 0)
(-0.164847 -0.232559 0)
(-0.158954 -0.236742 0)
(-0.152238 -0.239422 0)
(-0.144694 -0.240408 0)
(-0.136336 -0.239511 0)
(-0.127205 -0.236563 0)
(-0.117365 -0.231418 0)
(-0.106913 -0.223972 0)
(-0.0959745 -0.214172 0)
(-0.0847092 -0.202033 0)
(-0.0733066 -0.187652 0)
(-0.0619831 -0.17122 0)
(-0.0509753 -0.153026 0)
(-0.0405302 -0.133467 0)
(-0.0308923 -0.113032 0)
(-0.0222898 -0.0922892 0)
(-0.0149199 -0.0718553 0)
(-0.00893573 -0.0523607 0)
(-0.00442094 -0.0344098 0)
(-0.00140547 -0.0185423 0)
(-0.000137308 -0.00520839 0)
(-7.16518e-05 0.0109425 0)
(-0.00060269 0.0303943 0)
(-0.00177287 0.0475614 0)
(-0.00341929 0.0626135 0)
(-0.00549542 0.0757475 0)
(-0.00795571 0.0871761 0)
(-0.0107499 0.0971158 0)
(-0.0138305 0.105777 0)
(-0.0171538 0.113356 0)
(-0.0206801 0.12003 0)
(-0.0243741 0.125953 0)
(-0.0282048 0.131253 0)
(-0.0321454 0.136034 0)
(-0.0361733 0.140375 0)
(-0.040269 0.144336 0)
(-0.0444162 0.147955 0)
(-0.0486009 0.151258 0)
(-0.052811 0.154256 0)
(-0.0570361 0.156952 0)
(-0.0612665 0.159342 0)
(-0.0654938 0.161416 0)
(-0.0697098 0.163162 0)
(-0.0739067 0.164567 0)
(-0.078077 0.165616 0)
(-0.0822133 0.166295 0)
(-0.0863084 0.16659 0)
(-0.0903551 0.166489 0)
(-0.094346 0.165982 0)
(-0.0982743 0.165059 0)
(-0.102133 0.163714 0)
(-0.105915 0.16194 0)
(-0.109614 0.159734 0)
(-0.113225 0.157095 0)
(-0.11674 0.154022 0)
(-0.120155 0.15052 0)
(-0.123465 0.146591 0)
(-0.126665 0.142243 0)
(-0.129753 0.137484 0)
(-0.132725 0.132324 0)
(-0.13558 0.126775 0)
(-0.138317 0.12085 0)
(-0.140936 0.114565 0)
(-0.143437 0.107936 0)
(-0.145823 0.10098 0)
(-0.148096 0.0937155 0)
(-0.15026 0.0861608 0)
(-0.15232 0.0783349 0)
(-0.154281 0.0702568 0)
(-0.156149 0.0619451 0)
(-0.157931 0.053418 0)
(-0.159633 0.0446928 0)
(-0.161265 0.035786 0)
(-0.162832 0.0267126 0)
(-0.164342 0.0174864 0)
(-0.165801 0.00811962 0)
(-0.167223 -0.00137699 0)
(-0.168594 -0.0109862 0)
(-0.169934 -0.0207023 0)
(-0.171244 -0.0305257 0)
(-0.172528 -0.0404565 0)
(-0.173784 -0.0504943 0)
(-0.175011 -0.0606391 0)
(-0.176203 -0.0708906 0)
(-0.177352 -0.0812473 0)
(-0.178443 -0.0917061 0)
(-0.17946 -0.102261 0)
(-0.18038 -0.112901 0)
(-0.181177 -0.123612 0)
(-0.181818 -0.13437 0)
(-0.182264 -0.145144 0)
(-0.182473 -0.155895 0)
(-0.182393 -0.166568 0)
(-0.181973 -0.177098 0)
(-0.181152 -0.187402 0)
(-0.179869 -0.197384 0)
(-0.178059 -0.206928 0)
(-0.175658 -0.2159 0)
(-0.172601 -0.224149 0)
(-0.168828 -0.231507 0)
(-0.164286 -0.237787 0)
(-0.158928 -0.242792 0)
(-0.152724 -0.246315 0)
(-0.145657 -0.248142 0)
(-0.137731 -0.248067 0)
(-0.128973 -0.245892 0)
(-0.11944 -0.241444 0)
(-0.109217 -0.234588 0)
(-0.0984236 -0.225238 0)
(-0.0872147 -0.213376 0)
(-0.0757783 -0.199068 0)
(-0.0643336 -0.182478 0)
(-0.053125 -0.16388 0)
(-0.0424126 -0.143662 0)
(-0.0324593 -0.122322 0)
(-0.0235154 -0.10045 0)
(-0.0158038 -0.0786996 0)
(-0.00950378 -0.0577512 0)
(-0.00472223 -0.0382644 0)
(-0.00150935 -0.0208333 0)
(-0.000149733 -0.00595464 0)
(-6.45529e-05 0.0112442 0)
(-0.000551043 0.0312448 0)
(-0.00163099 0.0489106 0)
(-0.00316089 0.0644125 0)
(-0.00510199 0.077948 0)
(-0.00741478 0.0897303 0)
(-0.0100539 0.0999774 0)
(-0.0129755 0.108902 0)
(-0.0161381 0.116703 0)
(-0.0195033 0.123563 0)
(-0.0230363 0.129638 0)
(-0.0267062 0.135061 0)
(-0.0304861 0.139941 0)
(-0.0343528 0.144359 0)
(-0.0382865 0.148379 0)
(-0.0422704 0.152041 0)
(-0.0462901 0.155375 0)
(-0.0503334 0.158392 0)
(-0.0543895 0.161097 0)
(-0.058449 0.163487 0)
(-0.062503 0.165553 0)
(-0.0665437 0.167283 0)
(-0.0705633 0.168664 0)
(-0.0745546 0.169682 0)
(-0.0785103 0.170322 0)
(-0.0824236 0.170572 0)
(-0.0862873 0.170418 0)
(-0.0900946 0.169852 0)
(-0.0938389 0.168863 0)
(-0.0975134 0.167444 0)
(-0.101112 0.16559 0)
(-0.104628 0.163299 0)
(-0.108056 0.160568 0)
(-0.11139 0.157399 0)
(-0.114626 0.153794 0)
(-0.11776 0.14976 0)
(-0.120787 0.145302 0)
(-0.123704 0.14043 0)
(-0.126509 0.135156 0)
(-0.129202 0.129491 0)
(-0.13178 0.123451 0)
(-0.134246 0.11705 0)
(-0.1366 0.110308 0)
(-0.138845 0.103241 0)
(-0.140983 0.0958689 0)
(-0.14302 0.0882113 0)
(-0.144961 0.0802878 0)
(-0.14681 0.0721181 0)
(-0.148575 0.0637216 0)
(-0.150264 0.0551168 0)
(-0.151883 0.0463216 0)
(-0.153442 0.0373525 0)
(-0.154947 0.0282247 0)
(-0.156407 0.0189518 0)
(-0.157829 0.00954492 0)
(-0.159225 1.39087e-05 0)
(-0.160595 -0.00962576 0)
(-0.161943 -0.0193653 0)
(-0.16328 -0.0292079 0)
(-0.164608 -0.0391559 0)
(-0.165928 -0.0492112 0)
(-0.16724 -0.0593767 0)
(-0.168541 -0.0696552 0)
(-0.169823 -0.0800489 0)
(-0.171075 -0.0905589 0)
(-0.172282 -0.101184 0)
(-0.173424 -0.111918 0)
(-0.174475 -0.122752 0)
(-0.175404 -0.133668 0)
(-0.176174 -0.144641 0)
(-0.176741 -0.155637 0)
(-0.177057 -0.166607 0)
(-0.177066 -0.177491 0)
(-0.176709 -0.188212 0)
(-0.175919 -0.198675 0)
(-0.174631 -0.208766 0)
(-0.172773 -0.218354 0)
(-0.170276 -0.227283 0)
(-0.167072 -0.235383 0)
(-0.1631 -0.242459 0)
(-0.158304 -0.248303 0)
(-0.152643 -0.252694 0)
(-0.14609 -0.255402 0)
(-0.138637 -0.256196 0)
(-0.1303 -0.254855 0)
(-0.121124 -0.251176 0)
(-0.111183 -0.24499 0)
(-0.10059 -0.236176 0)
(-0.0894915 -0.224681 0)
(-0.0780728 -0.210537 0)
(-0.0665545 -0.193876 0)
(-0.0551869 -0.17495 0)
(-0.0442419 -0.154135 0)
(-0.0339997 -0.13193 0)
(-0.0247328 -0.108945 0)
(-0.01669 -0.0858699 0)
(-0.010078 -0.0634324 0)
(-0.0050292 -0.0423502 0)
(-0.00161607 -0.0232758 0)
(-0.000162715 -0.00675596 0)
(-5.71227e-05 0.0115177 0)
(-0.000496681 0.0320229 0)
(-0.00148121 0.050154 0)
(-0.00288748 0.0660818 0)
(-0.00468478 0.0800023 0)
(-0.00683998 0.0921278 0)
(-0.00931311 0.102676 0)
(-0.012064 0.111861 0)
(-0.0150539 0.119884 0)
(-0.0182458 0.126928 0)
(-0.0216058 0.133156 0)
(-0.025103 0.138703 0)
(-0.0287105 0.14368 0)
(-0.0324047 0.148175 0)
(-0.0361653 0.152253 0)
(-0.0399752 0.155958 0)
(-0.0438196 0.159321 0)
(-0.047686 0.162355 0)
(-0.0515633 0.165067 0)
(-0.0554421 0.167455 0)
(-0.0593136 0.16951 0)
(-0.0631699 0.171222 0)
(-0.0670034 0.172578 0)
(-0.0708071 0.173563 0)
(-0.0745741 0.174164 0)
(-0.0782975 0.174367 0)
(-0.0819707 0.17416 0)
(-0.0855872 0.173534 0)
(-0.0891405 0.172478 0)
(-0.0926245 0.170987 0)
(-0.096033 0.169054 0)
(-0.0993605 0.166678 0)
(-0.102601 0.163857 0)
(-0.105751 0.160593 0)
(-0.108804 0.156889 0)
(-0.111757 0.152751 0)
(-0.114607 0.148187 0)
(-0.117352 0.143207 0)
(-0.119989 0.137822 0)
(-0.122517 0.132046 0)
(-0.124937 0.125895 0)
(-0.12725 0.119385 0)
(-0.129456 0.112535 0)
(-0.13156 0.105364 0)
(-0.133565 0.0978915 0)
(-0.135475 0.0901383 0)
(-0.137296 0.0821251 0)
(-0.139035 0.0738722 0)
(-0.140698 0.0653996 0)
(-0.142293 0.0567265 0)
(-0.143828 0.0478711 0)
(-0.145312 0.0388501 0)
(-0.146753 0.0296789 0)
(-0.14816 0.0203708 0)
(-0.14954 0.010937 0)
(-0.150904 0.00138714 0)
(-0.152265 -0.00826697 0)
(-0.153614 -0.0180148 0)
(-0.154967 -0.0278605 0)
(-0.156327 -0.0378077 0)
(-0.157698 -0.0478609 0)
(-0.159081 -0.0580254 0)
(-0.160474 -0.0683073 0)
(-0.161871 -0.0787125 0)
(-0.163265 -0.0892461 0)
(-0.164642 -0.0999111 0)
(-0.165983 -0.110708 0)
(-0.167267 -0.121631 0)
(-0.168462 -0.13267 0)
(-0.169533 -0.143807 0)
(-0.170439 -0.155011 0)
(-0.171131 -0.166242 0)
(-0.171554 -0.177445 0)
(-0.171645 -0.188548 0)
(-0.17134 -0.199461 0)
(-0.170565 -0.210073 0)
(-0.169249 -0.220254 0)
(-0.167314 -0.229849 0)
(-0.164688 -0.238682 0)
(-0.1613 -0.246554 0)
(-0.157087 -0.253248 0)
(-0.151996 -0.258528 0)
(-0.145989 -0.262149 0)
(-0.139048 -0.263857 0)
(-0.131175 -0.263406 0)
(-0.122403 -0.260563 0)
(-0.112796 -0.255124 0)
(-0.102455 -0.246933 0)
(-0.0915203 -0.235896 0)
(-0.0801715 -0.222008 0)
(-0.0686284 -0.205367 0)
(-0.0571457 -0.186196 0)
(-0.0460053 -0.164852 0)
(-0.0355035 -0.141833 0)
(-0.0259346 -0.117761 0)
(-0.0175735 -0.0933578 0)
(-0.0106557 -0.0694015 0)
(-0.00534059 -0.0466683 0)
(-0.00172528 -0.0258721 0)
(-0.00017623 -0.00761384 0)
(-4.94273e-05 0.0117617 0)
(-0.000440043 0.0327249 0)
(-0.00132469 0.051286 0)
(-0.00260103 0.0676138 0)
(-0.00424664 0.0819013 0)
(-0.00623507 0.0943584 0)
(-0.00853199 0.105201 0)
(-0.0111014 0.114642 0)
(-0.0139073 0.122885 0)
(-0.0169146 0.130115 0)
(-0.0200901 0.136495 0)
(-0.0234034 0.142166 0)
(-0.0268275 0.147242 0)
(-0.0303384 0.151814 0)
(-0.0339156 0.155949 0)
(-0.0375414 0.159696 0)
(-0.0412007 0.163085 0)
(-0.0448807 0.166135 0)
(-0.0485702 0.168853 0)
(-0.0522594 0.171237 0)
(-0.0559398 0.17328 0)
(-0.0596033 0.174972 0)
(-0.0632428 0.176301 0)
(-0.0668513 0.177252 0)
(-0.070422 0.177812 0)
(-0.0739486 0.177968 0)
(-0.0774246 0.177708 0)
(-0.0808439 0.177021 0)
(-0.0842005 0.1759 0)
(-0.0874886 0.174336 0)
(-0.0907024 0.172326 0)
(-0.0938367 0.169867 0)
(-0.0968865 0.166958 0)
(-0.0998473 0.163601 0)
(-0.102715 0.159801 0)
(-0.105486 0.155563 0)
(-0.108158 0.150897 0)
(-0.110729 0.145812 0)
(-0.113197 0.140321 0)
(-0.115561 0.13444 0)
(-0.117823 0.128183 0)
(-0.119983 0.12157 0)
(-0.122044 0.114619 0)
(-0.124009 0.10735 0)
(-0.125882 0.0997844 0)
(-0.127668 0.0919432 0)
(-0.129372 0.0838481 0)
(-0.131002 0.0755201 0)
(-0.132564 0.0669799 0)
(-0.134067 0.0582474 0)
(-0.135519 0.0493411 0)
(-0.136929 0.040278 0)
(-0.138305 0.0310736 0)
(-0.139658 0.0217413 0)
(-0.140996 0.0122922 0)
(-0.142327 0.00273605 0)
(-0.143669 -0.00691796 0)
(-0.145011 -0.0166601 0)
(-0.146371 -0.0264938 0)
(-0.147753 -0.0364239 0)
(-0.149162 -0.0464569 0)
(-0.150601 -0.0566007 0)
(-0.15207 -0.0668642 0)
(-0.153565 -0.0772569 0)
(-0.155081 -0.0877878 0)
(-0.156606 -0.0984647 0)
(-0.158126 -0.109293 0)
(-0.159618 -0.120273 0)
(-0.161055 -0.1314 0)
(-0.162405 -0.142663 0)
(-0.163627 -0.154038 0)
(-0.164672 -0.165492 0)
(-0.165487 -0.176976 0)
(-0.16601 -0.188425 0)
(-0.166173 -0.199753 0)
(-0.165901 -0.210856 0)
(-0.165119 -0.221604 0)
(-0.163745 -0.231843 0)
(-0.161699 -0.241396 0)
(-0.158904 -0.250059 0)
(-0.155288 -0.257606 0)
(-0.150788 -0.263791 0)
(-0.145356 -0.26835 0)
(-0.138958 -0.271011 0)
(-0.131588 -0.271501 0)
(-0.123265 -0.269556 0)
(-0.11404 -0.264939 0)
(-0.104003 -0.257454 0)
(-0.0932842 -0.246968 0)
(-0.0820572 -0.233432 0)
(-0.070539 -0.216905 0)
(-0.0589867 -0.197577 0)
(-0.0476903 -0.17578 0)
(-0.0369609 -0.152003 0)
(-0.0271136 -0.126877 0)
(-0.0184496 -0.101153 0)
(-0.011234 -0.0756543 0)
(-0.00565508 -0.0512185 0)
(-0.00183659 -0.0286239 0)
(-0.000190249 -0.00852961 0)
(-4.15354e-05 0.0119752 0)
(-0.000381587 0.0333479 0)
(-0.00116263 0.0523015 0)
(-0.00230362 0.0690017 0)
(-0.0037906 0.0836371 0)
(-0.00560399 0.0964129 0)
(-0.00771542 0.107542 0)
(-0.0100934 0.117236 0)
(-0.0127048 0.125696 0)
(-0.0155167 0.133111 0)
(-0.018497 0.139644 0)
(-0.0216158 0.14544 0)
(-0.0248461 0.150615 0)
(-0.0281637 0.155264 0)
(-0.0315477 0.159456 0)
(-0.03498 0.163243 0)
(-0.0384452 0.16666 0)
(-0.04193 0.169724 0)
(-0.0454232 0.172446 0)
(-0.0489148 0.174824 0)
(-0.0523962 0.176854 0)
(-0.0558596 0.178525 0)
(-0.0592979 0.179826 0)
(-0.0627042 0.180742 0)
(-0.0660722 0.181261 0)
(-0.0693957 0.181369 0)
(-0.0726688 0.181055 0)
(-0.0758857 0.180309 0)
(-0.0790406 0.179123 0)
(-0.0821282 0.177488 0)
(-0.0851434 0.175402 0)
(-0.0880812 0.172862 0)
(-0.0909371 0.169868 0)
(-0.0937071 0.166422 0)
(-0.0963877 0.162528 0)
(-0.0989758 0.158195 0)
(-0.101469 0.15343 0)
(-0.103866 0.148245 0)
(-0.106165 0.142654 0)
(-0.108367 0.136673 0)
(-0.110473 0.130317 0)
(-0.112483 0.123607 0)
(-0.114401 0.116561 0)
(-0.11623 0.109202 0)
(-0.117974 0.10155 0)
(-0.119639 0.0936289 0)
(-0.12123 0.0854597 0)
(-0.122755 0.0770647 0)
(-0.12422 0.0684653 0)
(-0.125634 0.0596818 0)
(-0.127005 0.0507333 0)
(-0.128343 0.0416373 0)
(-0.129657 0.0324092 0)
(-0.130956 0.0230627 0)
(-0.13225 0.0136088 0)
(-0.133547 0.00405695 0)
(-0.134865 -0.00558546 0)
(-0.136193 -0.0153093 0)
(-0.137552 -0.0251174 0)
(-0.138948 -0.0350156 0)
(-0.140384 -0.0450122 0)
(-0.141866 -0.0551173 0)
(-0.143395 -0.0653425 0)
(-0.144972 -0.0757005 0)
(-0.146591 -0.0862043 0)
(-0.148244 -0.096866 0)
(-0.149918 -0.107696 0)
(-0.151595 -0.118701 0)
(-0.15325 -0.129882 0)
(-0.154853 -0.141234 0)
(-0.156364 -0.152743 0)
(-0.157739 -0.16438 0)
(-0.158923 -0.176106 0)
(-0.159855 -0.187862 0)
(-0.160467 -0.199568 0)
(-0.160682 -0.211126 0)
(-0.160421 -0.22241 0)
(-0.1596 -0.233267 0)
(-0.158133 -0.243521 0)
(-0.155934 -0.252964 0)
(-0.152925 -0.261363 0)
(-0.149031 -0.268461 0)
(-0.144195 -0.273979 0)
(-0.138371 -0.277625 0)
(-0.131538 -0.2791 0)
(-0.123704 -0.278112 0)
(-0.114905 -0.274388 0)
(-0.105221 -0.267691 0)
(-0.0947686 -0.257845 0)
(-0.0837148 -0.244757 0)
(-0.0722715 -0.228442 0)
(-0.0606961 -0.209049 0)
(-0.0492849 -0.186882 0)
(-0.038362 -0.162412 0)
(-0.0282624 -0.136274 0)
(-0.0193133 -0.109242 0)
(-0.01181 -0.0821845 0)
(-0.0059713 -0.0559995 0)
(-0.00194959 -0.0315324 0)
(-0.000204742 -0.00950437 0)
(-3.35181e-05 0.0121573 0)
(-0.000321789 0.0338892 0)
(-0.00099626 0.0531964 0)
(-0.00199741 0.07024 0)
(-0.00331979 0.0852023 0)
(-0.00495088 0.098283 0)
(-0.00686847 0.10969 0)
(-0.00904576 0.119631 0)
(-0.0114531 0.128308 0)
(-0.0140597 0.135906 0)
(-0.0168348 0.142594 0)
(-0.0197492 0.148515 0)
(-0.0227759 0.15379 0)
(-0.0258908 0.158515 0)
(-0.0290725 0.162765 0)
(-0.0323026 0.166593 0)
(-0.0355652 0.170035 0)
(-0.0388468 0.173113 0)
(-0.0421359 0.175838 0)
(-0.0454226 0.17821 0)
(-0.048698 0.180225 0)
(-0.0519546 0.181874 0)
(-0.0551851 0.183145 0)
(-0.0583833 0.184026 0)
(-0.0615429 0.184503 0)
(-0.0646581 0.184564 0)
(-0.0677233 0.184198 0)
(-0.0707332 0.183393 0)
(-0.0736824 0.182142 0)
(-0.0765661 0.180439 0)
(-0.0793796 0.178279 0)
(-0.0821184 0.175661 0)
(-0.0847786 0.172584 0)
(-0.0873565 0.169052 0)
(-0.0898492 0.16507 0)
(-0.092254 0.160645 0)
(-0.0945691 0.155787 0)
(-0.0967933 0.150508 0)
(-0.0989261 0.144823 0)
(-0.100968 0.138747 0)
(-0.10292 0.1323 0)
(-0.104784 0.125499 0)
(-0.106562 0.118366 0)
(-0.108259 0.110924 0)
(-0.109879 0.103194 0)
(-0.111428 0.0951996 0)
(-0.11291 0.0869641 0)
(-0.114334 0.0785101 0)
(-0.115707 0.0698595 0)
(-0.117036 0.0610333 0)
(-0.118331 0.052051 0)
(-0.1196 0.0429304 0)
(-0.120854 0.0336874 0)
(-0.122102 0.0243355 0)
(-0.123352 0.014886 0)
(-0.124613 0.00534744 0)
(-0.125905 -0.00427354 0)
(-0.127217 -0.0139681 0)
(-0.12857 -0.0237388 0)
(-0.12997 -0.0335922 0)
(-0.131424 -0.0435381 0)
(-0.132937 -0.0535886 0)
(-0.134514 -0.0637576 0)
(-0.136155 -0.0740611 0)
(-0.137859 -0.0845153 0)
(-0.13962 -0.0951368 0)
(-0.141427 -0.105941 0)
(-0.143265 -0.11694 0)
(-0.145112 -0.128141 0)
(-0.146941 -0.139548 0)
(-0.148716 -0.151151 0)
(-0.150393 -0.162933 0)
(-0.151919 -0.174859 0)
(-0.153236 -0.18688 0)
(-0.154273 -0.198925 0)
(-0.154955 -0.2109 0)
(-0.1552 -0.222684 0)
(-0.154919 -0.23413 0)
(-0.154022 -0.24506 0)
(-0.152418 -0.255266 0)
(-0.150018 -0.264508 0)
(-0.146742 -0.27252 0)
(-0.142517 -0.279011 0)
(-0.13729 -0.283668 0)
(-0.131025 -0.286168 0)
(-0.123714 -0.28619 0)
(-0.115384 -0.283424 0)
(-0.106097 -0.277594 0)
(-0.0959612 -0.268477 0)
(-0.0851309 -0.255933 0)
(-0.0738123 -0.239928 0)
(-0.0622611 -0.220567 0)
(-0.0507777 -0.198118 0)
(-0.0396975 -0.173028 0)
(-0.0293739 -0.145928 0)
(-0.0201598 -0.11761 0)
(-0.0123809 -0.0889844 0)
(-0.00628784 -0.0610087 0)
(-0.00206386 -0.0345979 0)
(-0.000219673 -0.010539 0)
(-2.54497e-05 0.0123074 0)
(-0.000261142 0.0343471 0)
(-0.000826874 0.0539675 0)
(-0.00168464 0.0713238 0)
(-0.00283748 0.086591 0)
(-0.00428001 0.0999614 0)
(-0.00599641 0.111637 0)
(-0.00796483 0.12182 0)
(-0.0101593 0.13071 0)
(-0.0125514 0.138492 0)
(-0.015112 0.145334 0)
(-0.0178127 0.151381 0)
(-0.0206269 0.156757 0)
(-0.0235302 0.16156 0)
(-0.0265012 0.165868 0)
(-0.0295209 0.169736 0)
(-0.0325733 0.173204 0)
(-0.0356444 0.176295 0)
(-0.0387224 0.179021 0)
(-0.0417974 0.181386 0)
(-0.0448606 0.183386 0)
(-0.0479043 0.185012 0)
(-0.0509216 0.186254 0)
(-0.0539063 0.1871 0)
(-0.0568526 0.187535 0)
(-0.059755 0.187549 0)
(-0.0626082 0.18713 0)
(-0.0654074 0.186268 0)
(-0.0681478 0.184955 0)
(-0.0708248 0.183185 0)
(-0.0734344 0.180955 0)
(-0.0759726 0.178261 0)
(-0.0784359 0.175106 0)
(-0.0808212 0.171492 0)
(-0.083126 0.167426 0)
(-0.0853483 0.162915 0)
(-0.0874865 0.157969 0)
(-0.08954 0.152603 0)
(-0.0915087 0.146829 0)
(-0.0933932 0.140667 0)
(-0.095195 0.134133 0)
(-0.0969164 0.12725 0)
(-0.0985602 0.120038 0)
(-0.10013 0.11252 0)
(-0.101631 0.104719 0)
(-0.103069 0.0966604 0)
(-0.104449 0.0883667 0)
(-0.105778 0.0798616 0)
(-0.107063 0.0711677 0)
(-0.108313 0.0623066 0)
(-0.109536 0.0532982 0)
(-0.110742 0.0441609 0)
(-0.111939 0.0349108 0)
(-0.113138 0.0255615 0)
(-0.114346 0.0161242 0)
(-0.115573 0.00660701 0)
(-0.116839 -0.00298427 0)
(-0.118132 -0.0126406 0)
(-0.119474 -0.0223637 0)
(-0.120874 -0.0321613 0)
(-0.122338 -0.0420443 0)
(-0.123873 -0.0520264 0)
(-0.125485 -0.0621238 0)
(-0.127177 -0.0723549 0)
(-0.128949 -0.0827395 0)
(-0.130798 -0.0932979 0)
(-0.132716 -0.10405 0)
(-0.134692 -0.115014 0)
(-0.136706 -0.126205 0)
(-0.138735 -0.13763 0)
(-0.140745 -0.149291 0)
(-0.142695 -0.161176 0)
(-0.144536 -0.173262 0)
(-0.146209 -0.185507 0)
(-0.147646 -0.197848 0)
(-0.148771 -0.210198 0)
(-0.1495 -0.222445 0)
(-0.149742 -0.234444 0)
(-0.149403 -0.246021 0)
(-0.148385 -0.256966 0)
(-0.146594 -0.267038 0)
(-0.143939 -0.27596 0)
(-0.140338 -0.28343 0)
(-0.135725 -0.289117 0)
(-0.130052 -0.292675 0)
(-0.123298 -0.293753 0)
(-0.115473 -0.292006 0)
(-0.106627 -0.287116 0)
(-0.0968523 -0.278815 0)
(-0.0862941 -0.26691 0)
(-0.0751494 -0.251316 0)
(-0.0636699 -0.232088 0)
(-0.0521581 -0.209449 0)
(-0.0409583 -0.183819 0)
(-0.0304412 -0.155814 0)
(-0.0209841 -0.12624 0)
(-0.0129436 -0.0960442 0)
(-0.00660325 -0.0662421 0)
(-0.00217896 -0.0378201 0)
(-0.000235005 -0.0116343 0)
(-1.74081e-05 0.0124253 0)
(-0.000200155 0.0347203 0)
(-0.000655795 0.0546124 0)
(-0.00136761 0.0722495 0)
(-0.00234702 0.0877981 0)
(-0.00359579 0.101442 0)
(-0.00510465 0.113374 0)
(-0.00685694 0.123794 0)
(-0.00883054 0.132894 0)
(-0.0109998 0.140859 0)
(-0.0133374 0.147855 0)
(-0.0158159 0.15403 0)
(-0.0184091 0.159507 0)
(-0.0210929 0.164389 0)
(-0.0238453 0.168756 0)
(-0.0266472 0.172665 0)
(-0.0294822 0.176159 0)
(-0.0323361 0.179262 0)
(-0.0351968 0.181991 0)
(-0.0380542 0.184348 0)
(-0.0408995 0.186332 0)
(-0.0437251 0.187935 0)
(-0.0465243 0.189147 0)
(-0.049291 0.189957 0)
(-0.0520198 0.190352 0)
(-0.0547056 0.19032 0)
(-0.0573435 0.18985 0)
(-0.0599291 0.188933 0)
(-0.0624581 0.18756 0)
(-0.0649266 0.185726 0)
(-0.0673308 0.183427 0)
(-0.0696674 0.180662 0)
(-0.0719334 0.177433 0)
(-0.0741263 0.173742 0)
(-0.076244 0.169597 0)
(-0.078285 0.165005 0)
(-0.0802483 0.159979 0)
(-0.0821336 0.154531 0)
(-0.0839411 0.148677 0)
(-0.085672 0.142434 0)
(-0.087328 0.135823 0)
(-0.0889114 0.128864 0)
(-0.0904255 0.121581 0)
(-0.0918742 0.113995 0)
(-0.0932622 0.106133 0)
(-0.0945947 0.0980172 0)
(-0.0958777 0.0896733 0)
(-0.097118 0.081125 0)
(-0.0983227 0.0723957 0)
(-0.0994996 0.0635073 0)
(-0.100657 0.0544803 0)
(-0.101804 0.0453336 0)
(-0.102949 0.0360834 0)
(-0.104103 0.0267437 0)
(-0.105273 0.0173256 0)
(-0.106468 0.00783681 0)
(-0.107708 -0.00171802 0)
(-0.108982 -0.0113288 0)
(-0.110312 -0.020996 0)
(-0.111707 -0.0307285 0)
(-0.113176 -0.0405384 0)
(-0.114725 -0.0504407 0)
(-0.116362 -0.0604534 0)
(-0.118092 -0.0705969 0)
(-0.119917 -0.0808941 0)
(-0.121837 -0.091369 0)
(-0.123846 -0.102046 0)
(-0.125937 -0.112949 0)
(-0.128094 -0.124098 0)
(-0.130295 -0.135509 0)
(-0.132512 -0.14719 0)
(-0.134707 -0.15914 0)
(-0.136832 -0.171344 0)
(-0.138832 -0.183769 0)
(-0.140641 -0.196362 0)
(-0.142182 -0.209045 0)
(-0.143371 -0.221712 0)
(-0.144115 -0.234226 0)
(-0.144316 -0.246415 0)
(-0.143873 -0.258073 0)
(-0.142683 -0.268953 0)
(-0.140649 -0.278775 0)
(-0.137677 -0.287224 0)
(-0.133691 -0.293953 0)
(-0.12863 -0.298595 0)
(-0.122458 -0.30077 0)
(-0.115171 -0.300097 0)
(-0.106803 -0.296216 0)
(-0.0974346 -0.288813 0)
(-0.0871952 -0.27764 0)
(-0.0762724 -0.262557 0)
(-0.0649119 -0.243564 0)
(-0.053416 -0.220834 0)
(-0.0421359 -0.194749 0)
(-0.0314575 -0.165905 0)
(-0.0217814 -0.135114 0)
(-0.0134952 -0.103353 0)
(-0.00691608 -0.0716946 0)
(-0.00229445 -0.0411978 0)
(-0.000250699 -0.0127905 0)
(-9.47617e-06 0.012511 0)
(-0.000139347 0.0350084 0)
(-0.000484364 0.0551295 0)
(-0.00104866 0.0730143 0)
(-0.00185179 0.0888195 0)
(-0.00290269 0.102719 0)
(-0.00419873 0.114897 0)
(-0.0057286 0.125546 0)
(-0.00747432 0.134853 0)
(-0.00941323 0.142999 0)
(-0.01152 0.15015 0)
(-0.0137685 0.156453 0)
(-0.0161331 0.162034 0)
(-0.0185897 0.166996 0)
(-0.0211164 0.171422 0)
(-0.0236938 0.175373 0)
(-0.0263051 0.178893 0)
(-0.0289357 0.182009 0)
(-0.0315735 0.184739 0)
(-0.034208 0.187089 0)
(-0.0368305 0.189057 0)
(-0.0394335 0.190637 0)
(-0.0420103 0.19182 0)
(-0.0445552 0.192595 0)
(-0.0470631 0.19295 0)
(-0.0495292 0.192873 0)
(-0.0519491 0.192354 0)
(-0.0543189 0.191383 0)
(-0.0566347 0.189953 0)
(-0.0588932 0.188058 0)
(-0.0610911 0.185695 0)
(-0.0632258 0.182864 0)
(-0.0652947 0.179565 0)
(-0.0672958 0.175803 0)
(-0.0692277 0.171585 0)
(-0.0710892 0.166919 0)
(-0.0728799 0.161818 0)
(-0.0745999 0.156296 0)
(-0.0762498 0.150368 0)
(-0.0778311 0.144054 0)
(-0.0793456 0.137373 0)
(-0.0807961 0.130348 0)
(-0.0821858 0.123001 0)
(-0.0835188 0.115357 0)
(-0.0847996 0.10744 0)
(-0.0860336 0.0992764 0)
(-0.0872265 0.0908905 0)
(-0.0883847 0.082307 0)
(-0.0895153 0.0735499 0)
(-0.0906257 0.0646416 0)
(-0.0917238 0.0556031 0)
(-0.0928179 0.0464536 0)
(-0.0939168 0.0372098 0)
(-0.0950297 0.0278859 0)
(-0.0961651 0.0184932 0)
(-0.0973315 0.00903893 0)
(-0.0985463 -0.00047338 0)
(-0.099805 -0.0100328 0)
(-0.101123 -0.0196372 0)
(-0.102513 -0.0292973 0)
(-0.103982 -0.0390261 0)
(-0.10554 -0.0488395 0)
(-0.107194 -0.0587566 0)
(-0.108951 -0.0687999 0)
(-0.110816 -0.0789946 0)
(-0.112791 -0.0893682 0)
(-0.114873 -0.0999492 0)
(-0.117058 -0.110766 0)
(-0.119334 -0.121846 0)
(-0.121682 -0.133211 0)
(-0.124078 -0.144878 0)
(-0.126488 -0.156855 0)
(-0.128868 -0.169136 0)
(-0.131164 -0.181697 0)
(-0.133313 -0.194497 0)
(-0.135241 -0.207467 0)
(-0.136862 -0.22051 0)
(-0.138083 -0.233497 0)
(-0.138804 -0.246261 0)
(-0.138918 -0.258597 0)
(-0.138318 -0.27026 0)
(-0.136898 -0.280965 0)
(-0.134556 -0.290386 0)
(-0.131204 -0.298163 0)
(-0.126769 -0.303908 0)
(-0.121201 -0.307212 0)
(-0.11448 -0.307661 0)
(-0.106627 -0.304855 0)
(-0.0977033 -0.298426 0)
(-0.0878269 -0.288076 0)
(-0.0771725 -0.273604 0)
(-0.0659778 -0.254949 0)
(-0.0545424 -0.232231 0)
(-0.0432223 -0.205781 0)
(-0.0324163 -0.176173 0)
(-0.0225472 -0.14421 0)
(-0.0140328 -0.110897 0)
(-0.00722488 -0.07736 0)
(-0.00240987 -0.0447292 0)
(-0.000266716 -0.0140081 0)
(-1.73185e-06 0.0125648 0)
(-7.923e-05 0.0352114 0)
(-0.000313914 0.0555182 0)
(-0.000730115 0.0736164 0)
(-0.00135522 0.0896522 0)
(-0.00220524 0.103788 0)
(-0.00328425 0.1162 0)
(-0.00458644 0.127069 0)
(-0.0060982 0.136579 0)
(-0.00780011 0.144904 0)
(-0.00966914 0.15221 0)
(-0.0116805 0.158643 0)
(-0.0138095 0.164328 0)
(-0.0160322 0.169373 0)
(-0.0183266 0.17386 0)
(-0.0206733 0.177854 0)
(-0.023055 0.1814 0)
(-0.025457 0.184531 0)
(-0.0278668 0.187263 0)
(-0.0302739 0.189605 0)
(-0.0326694 0.191557 0)
(-0.0350458 0.193114 0)
(-0.0373967 0.194269 0)
(-0.0397167 0.19501 0)
(-0.0420009 0.195326 0)
(-0.0442448 0.195206 0)
(-0.0464447 0.19464 0)
(-0.0485969 0.193618 0)
(-0.0506983 0.192134 0)
(-0.052746 0.190182 0)
(-0.0547374 0.187759 0)
(-0.0566702 0.184866 0)
(-0.0585425 0.181503 0)
(-0.060353 0.177675 0)
(-0.0621006 0.17339 0)
(-0.0637848 0.168658 0)
(-0.0654056 0.16349 0)
(-0.0669633 0.157901 0)
(-0.0684593 0.151908 0)
(-0.069895 0.14553 0)
(-0.0712727 0.138788 0)
(-0.0725952 0.131705 0)
(-0.073866 0.124304 0)
(-0.0750891 0.11661 0)
(-0.0762689 0.108648 0)
(-0.0774107 0.100445 0)
(-0.0785201 0.0920249 0)
(-0.0796031 0.0834144 0)
(-0.0806663 0.0746371 0)
(-0.0817169 0.0657162 0)
(-0.0827623 0.056673 0)
(-0.0838102 0.0475271 0)
(-0.0848688 0.0382954 0)
(-0.0859466 0.0289926 0)
(-0.0870521 0.0196301 0)
(-0.0881932 0.0102157 0)
(-0.0893807 0.00075336 0)
(-0.0906328 -0.00874923 0)
(-0.0919408 -0.0182864 0)
(-0.0933249 -0.0278692 0)
(-0.0947934 -0.0375112 0)
(-0.0963555 -0.0472286 0)
(-0.0980208 -0.0570417 0)
(-0.0997972 -0.0669744 0)
(-0.101691 -0.0770543 0)
(-0.103708 -0.0873114 0)
(-0.105847 -0.0977782 0)
(-0.108107 -0.108488 0)
(-0.110479 -0.119473 0)
(-0.11295 -0.130763 0)
(-0.115499 -0.142384 0)
(-0.118095 -0.15435 0)
(-0.120698 -0.166667 0)
(-0.12326 -0.179322 0)
(-0.125718 -0.192284 0)
(-0.128001 -0.205495 0)
(-0.130024 -0.218868 0)
(-0.131695 -0.232282 0)
(-0.13291 -0.245578 0)
(-0.133561 -0.258556 0)
(-0.133535 -0.270971 0)
(-0.132718 -0.282535 0)
(-0.131001 -0.292916 0)
(-0.128285 -0.301739 0)
(-0.124485 -0.308598 0)
(-0.119537 -0.313058 0)
(-0.113406 -0.314671 0)
(-0.106097 -0.312995 0)
(-0.0976557 -0.307615 0)
(-0.0881837 -0.298174 0)
(-0.0778425 -0.284411 0)
(-0.0668594 -0.266199 0)
(-0.0555291 -0.243595 0)
(-0.0442099 -0.216879 0)
(-0.0333115 -0.186585 0)
(-0.023277 -0.153505 0)
(-0.0145536 -0.118662 0)
(-0.00752824 -0.0832306 0)
(-0.00252477 -0.0484118 0)
(-0.000283014 -0.0152869 0)
(5.8094e-06 0.0125871 0)
(-2.01625e-05 0.0353301 0)
(-0.000145655 0.0557789 0)
(-0.00041424 0.0740555 0)
(-0.000860653 0.0902946 0)
(-0.00150792 0.104648 0)
(-0.00236681 0.117278 0)
(-0.00343712 0.128359 0)
(-0.00470982 0.138066 0)
(-0.00616898 0.14657 0)
(-0.00779407 0.15403 0)
(-0.00956205 0.160593 0)
(-0.011449 0.166385 0)
(-0.0134316 0.171513 0)
(-0.015488 0.176063 0)
(-0.0175983 0.180101 0)
(-0.0197453 0.183676 0)
(-0.0219139 0.186821 0)
(-0.0240913 0.189556 0)
(-0.0262669 0.191891 0)
(-0.0284318 0.193829 0)
(-0.0305784 0.195364 0)
(-0.0327006 0.196491 0)
(-0.034793 0.197199 0)
(-0.0368512 0.197478 0)
(-0.0388711 0.197317 0)
(-0.0408494 0.196706 0)
(-0.042783 0.195637 0)
(-0.0446693 0.194102 0)
(-0.0465058 0.192097 0)
(-0.0482906 0.189619 0)
(-0.050022 0.186669 0)
(-0.0516988 0.183248 0)
(-0.05332 0.179361 0)
(-0.0548851 0.175017 0)
(-0.0563943 0.170224 0)
(-0.0578478 0.164997 0)
(-0.0592466 0.15935 0)
(-0.0605921 0.1533 0)
(-0.0618863 0.146868 0)
(-0.0631317 0.140074 0)
(-0.0643312 0.132941 0)
(-0.0654884 0.125495 0)
(-0.0666072 0.11776 0)
(-0.067692 0.109762 0)
(-0.0687478 0.101528 0)
(-0.06978 0.0930833 0)
(-0.0707944 0.0844538 0)
(-0.0717971 0.0756642 0)
(-0.0727948 0.066738 0)
(-0.0737943 0.0576969 0)
(-0.0748028 0.0485606 0)
(-0.0758279 0.0393466 0)
(-0.0768775 0.0300697 0)
(-0.0779598 0.0207418 0)
(-0.0790823 0.0113713 0)
(-0.0802538 0.00196362 0)
(-0.0814952 -0.00747603 0)
(-0.0827946 -0.0169424 0)
(-0.0841738 -0.0264446 0)
(-0.0856409 -0.0359955 0)
(-0.0872055 -0.0456119 0)
(-0.0888778 -0.0553147 0)
(-0.0906674 -0.0651291 0)
(-0.0925823 -0.0750841 0)
(-0.094629 -0.0852124 0)
(-0.0968113 -0.0955497 0)
(-0.0991295 -0.106133 0)
(-0.101579 -0.117002 0)
(-0.104151 -0.128191 0)
(-0.106826 -0.139734 0)
(-0.109581 -0.151655 0)
(-0.112379 -0.16397 0)
(-0.115174 -0.176676 0)
(-0.117909 -0.189755 0)
(-0.120515 -0.20316 0)
(-0.122909 -0.216815 0)
(-0.124999 -0.230609 0)
(-0.126681 -0.244393 0)
(-0.127843 -0.257971 0)
(-0.12837 -0.271102 0)
(-0.128141 -0.283497 0)
(-0.12704 -0.294817 0)
(-0.124957 -0.304678 0)
(-0.121795 -0.312656 0)
(-0.117478 -0.31829 0)
(-0.111957 -0.321101 0)
(-0.105218 -0.320607 0)
(-0.0972914 -0.316342 0)
(-0.0882622 -0.307892 0)
(-0.0782765 -0.294933 0)
(-0.0675496 -0.277268 0)
(-0.0563688 -0.254886 0)
(-0.045092 -0.228004 0)
(-0.0341373 -0.197111 0)
(-0.0239664 -0.162976 0)
(-0.0150549 -0.126633 0)
(-0.00782473 -0.0892977 0)
(-0.00263871 -0.0522424 0)
(-0.000299552 -0.0166268 0)
(1.32825e-05 0.0125786 0)
(3.79564e-05 0.0353653 0)
(1.97508e-05 0.0559122 0)
(-0.000102905 0.074332 0)
(-0.000371275 0.0907463 0)
(-0.000815198 0.105295 0)
(-0.00145201 0.118129 0)
(-0.0022873 0.129412 0)
(-0.00331686 0.13931 0)
(-0.00452843 0.147988 0)
(-0.00590427 0.155603 0)
(-0.00742327 0.162298 0)
(-0.00906261 0.168198 0)
(-0.0107996 0.173412 0)
(-0.0126126 0.178027 0)
(-0.0144817 0.182111 0)
(-0.0163894 0.185716 0)
(-0.0183203 0.188877 0)
(-0.0202616 0.191616 0)
(-0.0222023 0.193945 0)
(-0.0241334 0.195868 0)
(-0.0260476 0.197383 0)
(-0.0279386 0.198483 0)
(-0.0298015 0.19916 0)
(-0.031632 0.199404 0)
(-0.0334266 0.199204 0)
(-0.0351823 0.198551 0)
(-0.0368965 0.197438 0)
(-0.0385672 0.195857 0)
(-0.0401926 0.193803 0)
(-0.0417712 0.191276 0)
(-0.043302 0.188274 0)
(-0.0447842 0.184801 0)
(-0.0462177 0.180862 0)
(-0.0476023 0.176465 0)
(-0.0489387 0.171621 0)
(-0.0502276 0.166342 0)
(-0.0514706 0.160645 0)
(-0.0526692 0.154548 0)
(-0.0538259 0.14807 0)
(-0.0549432 0.141234 0)
(-0.0560243 0.134062 0)
(-0.0570727 0.12658 0)
(-0.0580924 0.118814 0)
(-0.0590878 0.110789 0)
(-0.0600635 0.102533 0)
(-0.0610246 0.0940719 0)
(-0.0619766 0.0854319 0)
(-0.0629252 0.0766379 0)
(-0.0638764 0.0677138 0)
(-0.0648367 0.0586815 0)
(-0.0658126 0.0495611 0)
(-0.0668111 0.0403705 0)
(-0.0678394 0.0311246 0)
(-0.0689051 0.0218357 0)
(-0.0700152 0.0125131 0)
(-0.0711768 0.00316275 0)
(-0.0724109 -0.00621135 0)
(-0.0737051 -0.015604 0)
(-0.0750815 -0.0250227 0)
(-0.0765482 -0.0344796 0)
(-0.0781149 -0.0439915 0)
(-0.0797924 -0.0535796 0)
(-0.0815913 -0.0632698 0)
(-0.083521 -0.0730925 0)
(-0.0855897 -0.0830822 0)
(-0.0878038 -0.0932775 0)
(-0.0901663 -0.10372 0)
(-0.0926764 -0.114452 0)
(-0.0953278 -0.125516 0)
(-0.0981076 -0.136953 0)
(-0.100995 -0.148797 0)
(-0.103958 -0.161073 0)
(-0.106957 -0.173791 0)
(-0.109937 -0.186942 0)
(-0.112833 -0.200494 0)
(-0.115565 -0.214383 0)
(-0.118041 -0.228509 0)
(-0.12016 -0.242732 0)
(-0.121806 -0.256865 0)
(-0.122862 -0.270672 0)
(-0.123201 -0.283863 0)
(-0.122701 -0.296098 0)
(-0.121243 -0.306982 0)
(-0.118719 -0.316075 0)
(-0.11504 -0.322895 0)
(-0.110142 -0.326932 0)
(-0.103995 -0.327662 0)
(-0.0966118 -0.324573 0)
(-0.0880604 -0.317192 0)
(-0.0784702 -0.305128 0)
(-0.0680424 -0.288112 0)
(-0.0570548 -0.266059 0)
(-0.0458621 -0.239117 0)
(-0.0348883 -0.207716 0)
(-0.0246112 -0.172597 0)
(-0.0155339 -0.134791 0)
(-0.00811299 -0.0955516 0)
(-0.00275124 -0.0562169 0)
(-0.000316292 -0.0180272 0)
(2.07346e-05 0.0125397 0)
(9.52662e-05 0.0353199 0)
(0.000182658 0.0559215 0)
(0.000203555 0.0744463 0)
(0.000110484 0.0910057 0)
(-0.000131356 0.105729 0)
(-0.000545365 0.118751 0)
(-0.00114373 0.130225 0)
(-0.00192717 0.140307 0)
(-0.0028872 0.149157 0)
(-0.00400929 0.156925 0)
(-0.00527453 0.163751 0)
(-0.00666133 0.169761 0)
(-0.0081478 0.175063 0)
(-0.00971275 0.179745 0)
(-0.0113363 0.183878 0)
(-0.0130006 0.187515 0)
(-0.0146902 0.190693 0)
(-0.0163921 0.193438 0)
(-0.018095 0.195763 0)
(-0.0197899 0.197674 0)
(-0.0214694 0.199169 0)
(-0.0231275 0.200245 0)
(-0.0247593 0.200892 0)
(-0.0263609 0.201103 0)
(-0.0279292 0.200867 0)
(-0.0294617 0.200176 0)
(-0.0309562 0.199021 0)
(-0.0324114 0.197398 0)
(-0.0338258 0.195301 0)
(-0.0351988 0.192729 0)
(-0.0365299 0.189682 0)
(-0.0378189 0.186164 0)
(-0.0390661 0.182179 0)
(-0.0402721 0.177738 0)
(-0.0414379 0.17285 0)
(-0.0425649 0.167529 0)
(-0.0436548 0.161791 0)
(-0.0447098 0.155656 0)
(-0.0457324 0.149142 0)
(-0.0467255 0.142272 0)
(-0.0476923 0.135071 0)
(-0.0486365 0.127564 0)
(-0.0495619 0.119776 0)
(-0.0504727 0.111734 0)
(-0.0513735 0.103465 0)
(-0.0522689 0.0949968 0)
(-0.0531641 0.0863548 0)
(-0.0540644 0.0775645 0)
(-0.0549753 0.0686499 0)
(-0.0559025 0.0596335 0)
(-0.0568522 0.0505354 0)
(-0.0578304 0.0413737 0)
(-0.0588438 0.0321638 0)
(-0.0598993 0.0229183 0)
(-0.061003 0.0136469 0)
(-0.0621607 0.00435595 0)
(-0.0633926 -0.00495094 0)
(-0.0646862 -0.0142679 0)
(-0.0660633 -0.0236012 0)
(-0.0675321 -0.0329623 0)
(-0.0691024 -0.0423675 0)
(-0.0707852 -0.0518382 0)
(-0.0725918 -0.0614005 0)
(-0.0745326 -0.0710855 0)
(-0.0766176 -0.0809295 0)
(-0.0788549 -0.090973 0)
(-0.0812504 -0.101261 0)
(-0.0838065 -0.11184 0)
(-0.0865205 -0.12276 0)
(-0.0893838 -0.134066 0)
(-0.0923797 -0.145804 0)
(-0.0954825 -0.158007 0)
(-0.0986553 -0.170697 0)
(-0.101849 -0.183878 0)
(-0.105002 -0.197531 0)
(-0.108039 -0.211605 0)
(-0.110869 -0.226013 0)
(-0.113392 -0.240626 0)
(-0.115493 -0.255266 0)
(-0.11705 -0.269705 0)
(-0.117934 -0.283655 0)
(-0.118017 -0.296773 0)
(-0.117172 -0.308658 0)
(-0.11528 -0.318857 0)
(-0.11224 -0.326866 0)
(-0.107973 -0.332147 0)
(-0.102435 -0.334137 0)
(-0.09562 -0.332278 0)
(-0.0875779 -0.326037 0)
(-0.0784205 -0.314955 0)
(-0.068333 -0.298689 0)
(-0.0575813 -0.277072 0)
(-0.0465143 -0.250177 0)
(-0.0355592 -0.218368 0)
(-0.0252076 -0.182341 0)
(-0.015988 -0.143118 0)
(-0.00839165 -0.101981 0)
(-0.00286194 -0.0603309 0)
(-0.000333196 -0.0194876 0)
(2.79112e-05 0.0124707 0)
(0.000151307 0.0351939 0)
(0.000342564 0.0558085 0)
(0.000504645 0.0744043 0)
(0.000584286 0.0910799 0)
(0.000541942 0.10595 0)
(0.000348637 0.11914 0)
(-1.31474e-05 0.130794 0)
(-0.000548841 0.141055 0)
(-0.0012543 0.150071 0)
(-0.00211899 0.157991 0)
(-0.00312644 0.16495 0)
(-0.00425634 0.171071 0)
(-0.00548803 0.176463 0)
(-0.00680087 0.181215 0)
(-0.00817497 0.185399 0)
(-0.00959241 0.18907 0)
(-0.0110376 0.192268 0)
(-0.0124972 0.195021 0)
(-0.01396 0.197343 0)
(-0.0154167 0.199243 0)
(-0.0168598 0.200721 0)
(-0.0182835 0.201773 0)
(-0.0196831 0.202394 0)
(-0.0210551 0.202574 0)
(-0.0223966 0.202305 0)
(-0.0237055 0.201578 0)
(-0.0249804 0.200387 0)
(-0.0262202 0.198726 0)
(-0.0274243 0.196591 0)
(-0.0285924 0.19398 0)
(-0.0297248 0.190894 0)
(-0.0308218 0.187337 0)
(-0.0318843 0.183315 0)
(-0.0329134 0.178837 0)
(-0.0339107 0.173914 0)
(-0.034878 0.168559 0)
(-0.0358175 0.16279 0)
(-0.0367316 0.156626 0)
(-0.0376232 0.150086 0)
(-0.0384953 0.143194 0)
(-0.0393514 0.135973 0)
(-0.0401951 0.12845 0)
(-0.0410302 0.12065 0)
(-0.0418608 0.112601 0)
(-0.0426911 0.10433 0)
(-0.0435256 0.095863 0)
(-0.0443689 0.0872278 0)
(-0.0452259 0.0784494 0)
(-0.0461016 0.0695523 0)
(-0.0470013 0.0605587 0)
(-0.0479302 0.0514894 0)
(-0.048894 0.0423624 0)
(-0.0498985 0.0331935 0)
(-0.0509497 0.0239956 0)
(-0.0520528 0.0147786 0)
(-0.0532125 0.00554905 0)
(-0.0544481 -0.00368937 0)
(-0.0557462 -0.0129297 0)
(-0.0571287 -0.0221765 0)
(-0.0586035 -0.0314407 0)
(-0.0601804 -0.0407383 0)
(-0.0618705 -0.0500902 0)
(-0.0636851 -0.0595225 0)
(-0.0656358 -0.0690667 0)
(-0.0677336 -0.0787599 0)
(-0.0699885 -0.0886446 0)
(-0.0724087 -0.098768 0)
(-0.0749993 -0.109181 0)
(-0.0777614 -0.119939 0)
(-0.0806904 -0.131094 0)
(-0.0837741 -0.142698 0)
(-0.0869918 -0.154797 0)
(-0.0903115 -0.167424 0)
(-0.0936895 -0.180594 0)
(-0.0970682 -0.194303 0)
(-0.100376 -0.208514 0)
(-0.103527 -0.223154 0)
(-0.10642 -0.238107 0)
(-0.108943 -0.253205 0)
(-0.110972 -0.268227 0)
(-0.112375 -0.282893 0)
(-0.113019 -0.296858 0)
(-0.112769 -0.309718 0)
(-0.111498 -0.321005 0)
(-0.109094 -0.3302 0)
(-0.105464 -0.336736 0)
(-0.100546 -0.340015 0)
(-0.0943203 -0.339431 0)
(-0.0868155 -0.334394 0)
(-0.0781252 -0.324377 0)
(-0.0684171 -0.308957 0)
(-0.0579428 -0.287884 0)
(-0.0470431 -0.261145 0)
(-0.0361451 -0.22903 0)
(-0.0257516 -0.19218 0)
(-0.0164147 -0.151594 0)
(-0.00865939 -0.108575 0)
(-0.00297039 -0.0645789 0)
(-0.000350226 -0.0210071 0)
(3.46782e-05 0.0123728 0)
(0.000205361 0.0349892 0)
(0.000497978 0.0555746 0)
(0.000798728 0.0742061 0)
(0.00104875 0.090969 0)
(0.00120316 0.105964 0)
(0.00122761 0.119305 0)
(0.00110046 0.131121 0)
(0.000811959 0.141547 0)
(0.000361556 0.150725 0)
(-0.00024384 0.158798 0)
(-0.000989987 0.16589 0)
(-0.00185918 0.172124 0)
(-0.00283237 0.177608 0)
(-0.00388955 0.182432 0)
(-0.00501084 0.18667 0)
(-0.00617827 0.190377 0)
(-0.00737628 0.193598 0)
(-0.00859139 0.19636 0)
(-0.00981208 0.198683 0)
(-0.0110289 0.200573 0)
(-0.0122344 0.202036 0)
(-0.0134228 0.203068 0)
(-0.0145896 0.203664 0)
(-0.0157314 0.203816 0)
(-0.0168459 0.203517 0)
(-0.0179314 0.20276 0)
(-0.0189868 0.201536 0)
(-0.0200117 0.199842 0)
(-0.0210061 0.197673 0)
(-0.0219702 0.195029 0)
(-0.0229048 0.191911 0)
(-0.023811 0.188323 0)
(-0.0246902 0.184271 0)
(-0.025544 0.179764 0)
(-0.0263746 0.174814 0)
(-0.0271842 0.169436 0)
(-0.0279753 0.163645 0)
(-0.0287509 0.157461 0)
(-0.0295139 0.150906 0)
(-0.0302678 0.144001 0)
(-0.0310161 0.136771 0)
(-0.0317623 0.129243 0)
(-0.0325104 0.121442 0)
(-0.0332642 0.113395 0)
(-0.0340278 0.10513 0)
(-0.034805 0.0966749 0)
(-0.0356004 0.0880554 0)
(-0.0364182 0.0792975 0)
(-0.0372631 0.0704257 0)
(-0.0381398 0.0614624 0)
(-0.0390528 0.0524285 0)
(-0.0400071 0.0433421 0)
(-0.0410077 0.0342194 0)
(-0.0420597 0.0250732 0)
(-0.0431677 0.0159139 0)
(-0.0443353 0.00674813 0)
(-0.0455805 -0.00242082 0)
(-0.0468891 -0.011584 0)
(-0.0482822 -0.0207437 0)
(-0.0497681 -0.0299107 0)
(-0.051356 -0.0391006 0)
(-0.0530567 -0.0483335 0)
(-0.0548817 -0.0576352 0)
(-0.0568431 -0.0670371 0)
(-0.0589527 -0.0765768 0)
(-0.0612221 -0.086298 0)
(-0.0636613 -0.09625 0)
(-0.0662781 -0.106487 0)
(-0.0690769 -0.117068 0)
(-0.0720567 -0.128054 0)
(-0.0752101 -0.139502 0)
(-0.078521 -0.151469 0)
(-0.0819628 -0.163999 0)
(-0.0854969 -0.177121 0)
(-0.0890708 -0.190844 0)
(-0.0926176 -0.205145 0)
(-0.0960548 -0.219967 0)
(-0.0992849 -0.235208 0)
(-0.102196 -0.250713 0)
(-0.104665 -0.26627 0)
(-0.106559 -0.281605 0)
(-0.107738 -0.296376 0)
(-0.108063 -0.310176 0)
(-0.107399 -0.322529 0)
(-0.105623 -0.332899 0)
(-0.102628 -0.340693 0)
(-0.0983398 -0.345281 0)
(-0.0927183 -0.34601 0)
(-0.0857748 -0.342235 0)
(-0.0775828 -0.333357 0)
(-0.068291 -0.318877 0)
(-0.0581347 -0.298453 0)
(-0.0474433 -0.271981 0)
(-0.0366412 -0.239667 0)
(-0.0262395 -0.202084 0)
(-0.0168114 -0.160198 0)
(-0.00891488 -0.115319 0)
(-0.00307616 -0.068955 0)
(-0.000367348 -0.0225845 0)
(4.10118e-05 0.012247 0)
(0.000257037 0.0347085 0)
(0.000647736 0.0552231 0)
(0.00108368 0.0738548 0)
(0.00150074 0.0906755 0)
(0.00184892 0.105771 0)
(0.00208876 0.119244 0)
(0.00219402 0.131209 0)
(0.00215048 0.141792 0)
(0.00195371 0.151125 0)
(0.00160822 0.159341 0)
(0.00112493 0.166564 0)
(0.000518501 0.172912 0)
(-0.000193655 0.178494 0)
(-0.000991898 0.183394 0)
(-0.00185718 0.187688 0)
(-0.00277185 0.191436 0)
(-0.00372037 0.194682 0)
(-0.00468906 0.197456 0)
(-0.00566607 0.19978 0)
(-0.00664179 0.201665 0)
(-0.00760873 0.203114 0)
(-0.00856114 0.204128 0)
(-0.00949471 0.204702 0)
(-0.0104063 0.20483 0)
(-0.0112939 0.204505 0)
(-0.0121562 0.203719 0)
(-0.0129927 0.202468 0)
(-0.0138033 0.200745 0)
(-0.0145886 0.198549 0)
(-0.0153495 0.195878 0)
(-0.0160874 0.192735 0)
(-0.0168039 0.189123 0)
(-0.017501 0.185048 0)
(-0.0181809 0.180521 0)
(-0.0188462 0.175554 0)
(-0.0194996 0.17016 0)
(-0.0201441 0.164357 0)
(-0.0207829 0.158165 0)
(-0.0214194 0.151603 0)
(-0.022057 0.144696 0)
(-0.0226995 0.137468 0)
(-0.0233506 0.129945 0)
(-0.0240141 0.122153 0)
(-0.0246937 0.114119 0)
(-0.0253932 0.105871 0)
(-0.0261161 0.097436 0)
(-0.0268664 0.0888413 0)
(-0.0276483 0.0801126 0)
(-0.0284658 0.0712742 0)
(-0.029323 0.0623488 0)
(-0.0302239 0.0533571 0)
(-0.0311727 0.0443175 0)
(-0.0321735 0.0352461 0)
(-0.0332309 0.0261562 0)
(-0.0343484 0.0170582 0)
(-0.0355289 0.00795881 0)
(-0.0367887 -0.0011394 0)
(-0.0381145 -0.0102251 0)
(-0.0395242 -0.0192972 0)
(-0.0410271 -0.0283671 0)
(-0.0426315 -0.0374498 0)
(-0.0443475 -0.0465645 0)
(-0.0461867 -0.0557361 0)
(-0.0481614 -0.0649958 0)
(-0.0502841 -0.0743811 0)
(-0.0525672 -0.0839362 0)
(-0.0550225 -0.0937121 0)
(-0.0576601 -0.103766 0)
(-0.060487 -0.11416 0)
(-0.0635061 -0.124961 0)
(-0.0667141 -0.136234 0)
(-0.0700995 -0.148044 0)
(-0.0736412 -0.160447 0)
(-0.0773058 -0.173486 0)
(-0.0810465 -0.187182 0)
(-0.0848012 -0.201529 0)
(-0.088492 -0.216486 0)
(-0.092025 -0.231963 0)
(-0.0952909 -0.247822 0)
(-0.0981667 -0.263863 0)
(-0.100519 -0.279818 0)
(-0.102205 -0.295351 0)
(-0.103081 -0.310054 0)
(-0.103005 -0.323443 0)
(-0.101844 -0.334969 0)
(-0.0994813 -0.344017 0)
(-0.095825 -0.349925 0)
(-0.09082 -0.351996 0)
(-0.0844582 -0.349532 0)
(-0.0767927 -0.341864 0)
(-0.0679517 -0.328411 0)
(-0.0581522 -0.308739 0)
(-0.0477097 -0.282646 0)
(-0.0370427 -0.250242 0)
(-0.0266673 -0.212023 0)
(-0.0171756 -0.168907 0)
(-0.00915678 -0.1222 0)
(-0.00317882 -0.0734526 0)
(-0.000384529 -0.0242185 0)
(4.69079e-05 0.0120948 0)
(0.0003061 0.0343547 0)
(0.000791013 0.0547576 0)
(0.00135782 0.0733546 0)
(0.00193758 0.0902032 0)
(0.00247558 0.105376 0)
(0.00292746 0.11896 0)
(0.00326234 0.131059 0)
(0.00346168 0.141788 0)
(0.0035174 0.151269 0)
(0.0034307 0.159626 0)
(0.00320946 0.166978 0)
(0.00286606 0.173441 0)
(0.00241685 0.179117 0)
(0.0018799 0.184095 0)
(0.00127287 0.188449 0)
(0.000612933 0.19224 0)
(-8.43997e-05 0.195516 0)
(-0.000804944 0.198307 0)
(-0.00153677 0.200636 0)
(-0.00227034 0.202517 0)
(-0.00299805 0.203956 0)
(-0.00371415 0.204954 0)
(-0.00441442 0.205509 0)
(-0.00509596 0.205615 0)
(-0.00575699 0.205267 0)
(-0.00639657 0.204458 0)
(-0.00701457 0.203183 0)
(-0.00761156 0.201438 0)
(-0.0081886 0.199219 0)
(-0.00874723 0.196528 0)
(-0.00928933 0.193366 0)
(-0.00981714 0.189737 0)
(-0.0103332 0.185648 0)
(-0.0108403 0.181109 0)
(-0.0113414 0.176133 0)
(-0.0118398 0.170734 0)
(-0.0123389 0.164929 0)
(-0.0128421 0.158737 0)
(-0.0133533 0.15218 0)
(-0.013876 0.145281 0)
(-0.0144142 0.138065 0)
(-0.0149715 0.130558 0)
(-0.0155519 0.122785 0)
(-0.016159 0.114774 0)
(-0.0167962 0.106553 0)
(-0.0174667 0.0981485 0)
(-0.018174 0.089588 0)
(-0.0189219 0.0808973 0)
(-0.0197143 0.0721008 0)
(-0.0205546 0.063221 0)
(-0.0214462 0.0542787 0)
(-0.0223925 0.0452923 0)
(-0.0233971 0.0362778 0)
(-0.0244633 0.0272486 0)
(-0.025594 0.0182154 0)
(-0.0267913 0.00918525 0)
(-0.0280646 0.000161643 0)
(-0.0294194 -0.00884539 0)
(-0.0308523 -0.0178298 0)
(-0.0323788 -0.0268034 0)
(-0.0340057 -0.0357803 0)
(-0.0357426 -0.0447783 0)
(-0.0376009 -0.0538213 0)
(-0.039593 -0.0629399 0)
(-0.0417317 -0.0721713 0)
(-0.04403 -0.0815598 0)
(-0.0465009 -0.0911573 0)
(-0.0491565 -0.101023 0)
(-0.0520062 -0.111223 0)
(-0.055056 -0.121827 0)
(-0.0583066 -0.132909 0)
(-0.0617511 -0.144542 0)
(-0.0653733 -0.156792 0)
(-0.0691457 -0.169715 0)
(-0.0730268 -0.183348 0)
(-0.0769601 -0.197699 0)
(-0.0808729 -0.212742 0)
(-0.0846753 -0.228407 0)
(-0.0882613 -0.244569 0)
(-0.0915098 -0.26104 0)
(-0.0942871 -0.277564 0)
(-0.09645 -0.293811 0)
(-0.0978504 -0.309373 0)
(-0.0983404 -0.323764 0)
(-0.0977787 -0.33642 0)
(-0.0960378 -0.346711 0)
(-0.0930128 -0.353941 0)
(-0.0886319 -0.357377 0)
(-0.0828683 -0.356264 0)
(-0.0757541 -0.349867 0)
(-0.0673962 -0.337523 0)
(-0.0579908 -0.318702 0)
(-0.0478373 -0.293098 0)
(-0.0373448 -0.260717 0)
(-0.0270313 -0.221965 0)
(-0.0175046 -0.177697 0)
(-0.00938369 -0.129203 0)
(-0.00327795 -0.0780643 0)
(-0.000401737 -0.0259076 0)
(5.23585e-05 0.0119178 0)
(0.000352354 0.0339311 0)
(0.000927141 0.0541827 0)
(0.00161978 0.0727101 0)
(0.00235706 0.0895569 0)
(0.00307996 0.104781 0)
(0.00373947 0.118457 0)
(0.00430023 0.130675 0)
(0.00473954 0.141537 0)
(0.00504564 0.151157 0)
(0.00521623 0.15965 0)
(0.00525623 0.16713 0)
(0.00517587 0.173706 0)
(0.00498972 0.17948 0)
(0.00471425 0.184537 0)
(0.00436617 0.188954 0)
(0.00396207 0.192792 0)
(0.00351763 0.196099 0)
(0.00304682 0.198908 0)
(0.00256127 0.201246 0)
(0.00207058 0.203126 0)
(0.00158248 0.204558 0)
(0.0011028 0.205545 0)
(0.000635712 0.206084 0)
(0.000184016 0.206173 0)
(-0.000250965 0.205806 0)
(-0.000668431 0.204977 0)
(-0.0010687 0.203683 0)
(-0.00145285 0.20192 0)
(-0.00182248 0.199685 0)
(-0.00217965 0.19698 0)
(-0.00252682 0.193805 0)
(-0.0028668 0.190167 0)
(-0.00320267 0.186072 0)
(-0.00353774 0.18153 0)
(-0.00387554 0.176554 0)
(-0.00421973 0.171158 0)
(-0.00457414 0.16536 0)
(-0.00494263 0.159179 0)
(-0.00532915 0.152637 0)
(-0.00573765 0.145757 0)
(-0.00617207 0.138563 0)
(-0.00663629 0.131082 0)
(-0.00713414 0.123339 0)
(-0.00766931 0.115362 0)
(-0.00824511 0.107178 0)
(-0.00886405 0.0988135 0)
(-0.00952925 0.0902967 0)
(-0.0102446 0.0816532 0)
(-0.0110133 0.0729071 0)
(-0.0118383 0.0640808 0)
(-0.0127223 0.0551952 0)
(-0.0136683 0.0462685 0)
(-0.0146789 0.0373168 0)
(-0.0157571 0.0283534 0)
(-0.0169049 0.0193886 0)
(-0.0181233 0.0104309 0)
(-0.0194163 0.00148622 0)
(-0.0208027 -0.00743854 0)
(-0.0222642 -0.016335 0)
(-0.02382 -0.0252132 0)
(-0.0254753 -0.0340861 0)
(-0.0272387 -0.0429694 0)
(-0.0291217 -0.0518857 0)
(-0.0311365 -0.0608651 0)
(-0.0332955 -0.0699444 0)
(-0.0356122 -0.0791672 0)
(-0.0381005 -0.0885858 0)
(-0.0407738 -0.098261 0)
(-0.0436435 -0.108261 0)
(-0.0467184 -0.118661 0)
(-0.0500027 -0.129539 0)
(-0.0534938 -0.140978 0)
(-0.0571806 -0.153053 0)
(-0.0610406 -0.165832 0)
(-0.0650384 -0.179367 0)
(-0.0691232 -0.193683 0)
(-0.0732277 -0.208769 0)
(-0.0772671 -0.224573 0)
(-0.0811393 -0.240986 0)
(-0.0847258 -0.257835 0)
(-0.0878944 -0.274875 0)
(-0.0905014 -0.291785 0)
(-0.0923963 -0.30816 0)
(-0.0934268 -0.323512 0)
(-0.0934446 -0.337269 0)
(-0.0923127 -0.348781 0)
(-0.0899138 -0.357329 0)
(-0.0861606 -0.362141 0)
(-0.0810078 -0.362411 0)
(-0.0744666 -0.357339 0)
(-0.0666212 -0.346179 0)
(-0.0576458 -0.328305 0)
(-0.0478206 -0.303299 0)
(-0.0375424 -0.271057 0)
(-0.0273272 -0.231878 0)
(-0.0177956 -0.186544 0)
(-0.00959415 -0.13631 0)
(-0.00337309 -0.0827823 0)
(-0.00041894 -0.0276501 0)
(5.73541e-05 0.0117173 0)
(0.00039563 0.0334415 0)
(0.00105554 0.0535031 0)
(0.00186838 0.0719268 0)
(0.00275724 0.0887422 0)
(0.00365924 0.103993 0)
(0.00452102 0.11774 0)
(0.00530295 0.130059 0)
(0.00597832 0.141043 0)
(0.00653167 0.150792 0)
(0.00695724 0.159415 0)
(0.007257 0.167019 0)
(0.00743889 0.173708 0)
(0.00751535 0.179579 0)
(0.00750128 0.184719 0)
(0.00741245 0.189202 0)
(0.00726481 0.193089 0)
(0.00707369 0.196431 0)
(0.00685282 0.199263 0)
(0.00661375 0.201611 0)
(0.00636612 0.203495 0)
(0.0061177 0.204923 0)
(0.00587435 0.205901 0)
(0.0056402 0.206428 0)
(0.00541791 0.206502 0)
(0.00520866 0.206119 0)
(0.00501271 0.205276 0)
(0.00482937 0.203968 0)
(0.0046572 0.202192 0)
(0.00449411 0.199947 0)
(0.00433751 0.197233 0)
(0.0041844 0.194054 0)
(0.00403143 0.190413 0)
(0.00387499 0.18632 0)
(0.00371122 0.181783 0)
(0.00353613 0.176816 0)
(0.00334559 0.171434 0)
(0.00313539 0.165653 0)
(0.00290132 0.159493 0)
(0.00263915 0.152977 0)
(0.00234472 0.146126 0)
(0.00201398 0.138966 0)
(0.001643 0.131521 0)
(0.00122799 0.12382 0)
(0.00076542 0.115887 0)
(0.000252099 0.10775 0)
(-0.000315298 0.099432 0)
(-0.000939217 0.0909677 0)
(-0.00162258 0.0823802 0)
(-0.00236811 0.0736928 0)
(-0.00317827 0.064928 0)
(-0.00405539 0.0561063 0)
(-0.00500179 0.0472462 0)
(-0.00601979 0.0383635 0)
(-0.00711174 0.0294716 0)
(-0.00827929 0.0205805 0)
(-0.00952251 0.0116994 0)
(-0.010843 0.00283721 0)
(-0.0122612 -0.00600196 0)
(-0.0137556 -0.0148093 0)
(-0.0153457 -0.0235922 0)
(-0.0170347 -0.032362 0)
(-0.0188302 -0.041132 0)
(-0.0207437 -0.0499233 0)
(-0.0227871 -0.0587658 0)
(-0.0249721 -0.0676956 0)
(-0.0273117 -0.0767549 0)
(-0.0298209 -0.0859958 0)
(-0.0325137 -0.0954803 0)
(-0.0354031 -0.105278 0)
(-0.0385004 -0.115468 0)
(-0.0418125 -0.126134 0)
(-0.0453409 -0.137364 0)
(-0.049079 -0.149246 0)
(-0.0530097 -0.161857 0)
(-0.0571033 -0.175265 0)
(-0.0613149 -0.189509 0)
(-0.065583 -0.204597 0)
(-0.0698282 -0.220495 0)
(-0.0739532 -0.237108 0)
(-0.0778433 -0.254282 0)
(-0.0813682 -0.271786 0)
(-0.0843853 -0.289306 0)
(-0.0867429 -0.306444 0)
(-0.0882856 -0.322712 0)
(-0.0888597 -0.337532 0)
(-0.0883199 -0.350239 0)
(-0.086538 -0.360092 0)
(-0.0834121 -0.366282 0)
(-0.078879 -0.367959 0)
(-0.0729292 -0.364257 0)
(-0.0656234 -0.354348 0)
(-0.0571122 -0.337509 0)
(-0.0476541 -0.31321 0)
(-0.03763 -0.28122 0)
(-0.0275507 -0.241728 0)
(-0.0180457 -0.19542 0)
(-0.00978656 -0.143506 0)
(-0.00346373 -0.0875975 0)
(-0.000436105 -0.029444 0)
(6.18867e-05 0.0114952 0)
(0.000435782 0.0328897 0)
(0.0011757 0.0527242 0)
(0.00210257 0.0710107 0)
(0.00313636 0.0877652 0)
(0.00421084 0.103017 0)
(0.00526862 0.116813 0)
(0.00626608 0.129217 0)
(0.00717264 0.140308 0)
(0.00796917 0.150178 0)
(0.00864651 0.158924 0)
(0.00920368 0.166648 0)
(0.00964612 0.173448 0)
(0.0099841 0.179417 0)
(0.0102309 0.18464 0)
(0.0104011 0.189191 0)
(0.0105099 0.193131 0)
(0.0105722 0.196511 0)
(0.0106012 0.199369 0)
(0.0106085 0.201732 0)
(0.0106038 0.203622 0)
(0.0105947 0.20505 0)
(0.0105873 0.206022 0)
(0.0105855 0.20654 0)
(0.0105919 0.206604 0)
(0.0106074 0.20621 0)
(0.010632 0.205356 0)
(0.0106647 0.204038 0)
(0.0107036 0.202254 0)
(0.0107461 0.200004 0)
(0.0107892 0.197289 0)
(0.0108293 0.194111 0)
(0.0108625 0.190476 0)
(0.0108848 0.186392 0)
(0.0108917 0.181869 0)
(0.0108788 0.176919 0)
(0.0108416 0.171559 0)
(0.0107753 0.165805 0)
(0.0106755 0.159676 0)
(0.0105377 0.153194 0)
(0.0103575 0.146383 0)
(0.0101307 0.139266 0)
(0.00985335 0.131869 0)
(0.00952177 0.124218 0)
(0.00913257 0.11634 0)
(0.00868255 0.108261 0)
(0.00816796 0.100007 0)
(0.00758618 0.0916061 0)
(0.0069355 0.0830845 0)
(0.00621381 0.0744653 0)
(0.00541907 0.0657709 0)
(0.00454944 0.0570216 0)
(0.00360319 0.0482359 0)
(0.00257864 0.0394297 0)
(0.00147401 0.0306158 0)
(0.000286989 0.0218014 0)
(-0.000983745 0.0129951 0)
(-0.00233626 0.00421705 0)
(-0.00378964 -0.00453486 0)
(-0.00532052 -0.0132514 0)
(-0.00694839 -0.0219377 0)
(-0.00867599 -0.0306046 0)
(-0.0105092 -0.0392617 0)
(-0.0124596 -0.0479293 0)
(-0.0145384 -0.0566369 0)
(-0.0167555 -0.0654202 0)
(-0.0191236 -0.0743184 0)
(-0.0216585 -0.0833836 0)
(-0.0243746 -0.0926789 0)
(-0.0272855 -0.102274 0)
(-0.0304046 -0.112251 0)
(-0.0337414 -0.122699 0)
(-0.0373007 -0.133711 0)
(-0.04108 -0.145384 0)
(-0.0450674 -0.157808 0)
(-0.0492386 -0.171062 0)
(-0.0535548 -0.185202 0)
(-0.0579605 -0.200255 0)
(-0.0623822 -0.216202 0)
(-0.0667278 -0.232969 0)
(-0.0708871 -0.250417 0)
(-0.0747333 -0.26833 0)
(-0.0781255 -0.286407 0)
(-0.0809122 -0.304257 0)
(-0.0829365 -0.321392 0)
(-0.0840404 -0.337231 0)
(-0.0840724 -0.3511 0)
(-0.0828945 -0.362235 0)
(-0.0803915 -0.369799 0)
(-0.0764836 -0.372894 0)
(-0.0711403 -0.370597 0)
(-0.0643987 -0.362001 0)
(-0.0563842 -0.346281 0)
(-0.0473312 -0.32279 0)
(-0.0376016 -0.29117 0)
(-0.0276968 -0.251479 0)
(-0.0182513 -0.204299 0)
(-0.0099591 -0.15077 0)
(-0.00354932 -0.0925005 0)
(-0.000453192 -0.0312871 0)
(6.59498e-05 0.011253 0)
(0.000472687 0.03228 0)
(0.0012872 0.0518519 0)
(0.00232142 0.0699686 0)
(0.00349286 0.0866329 0)
(0.0047324 0.101861 0)
(0.00597905 0.115684 0)
(0.00718547 0.128155 0)
(0.00831739 0.139339 0)
(0.0093521 0.149318 0)
(0.0102771 0.15818 0)
(0.0110884 0.166019 0)
(0.0117889 0.172927 0)
(0.0123866 0.178995 0)
(0.012893 0.184302 0)
(0.0133214 0.188923 0)
(0.0136862 0.192918 0)
(0.0140014 0.196339 0)
(0.01428 0.199226 0)
(0.0145333 0.201609 0)
(0.0147711 0.203509 0)
(0.0150009 0.204939 0)
(0.0152287 0.20591 0)
(0.0154585 0.206423 0)
(0.0156926 0.20648 0)
(0.0159319 0.206079 0)
(0.0161761 0.205218 0)
(0.0164237 0.203896 0)
(0.0166726 0.20211 0)
(0.0169197 0.19986 0)
(0.0171615 0.197149 0)
(0.0173939 0.193979 0)
(0.0176127 0.190357 0)
(0.017813 0.18629 0)
(0.0179902 0.181788 0)
(0.0181392 0.176866 0)
(0.0182551 0.171536 0)
(0.0183328 0.165818 0)
(0.0183675 0.15973 0)
(0.0183545 0.153294 0)
(0.0182891 0.146532 0)
(0.018167 0.139468 0)
(0.0179841 0.132129 0)
(0.0177368 0.124539 0)
(0.0174217 0.116725 0)
(0.0170354 0.108714 0)
(0.0165745 0.10053 0)
(0.0160367 0.092202 0)
(0.0154203 0.0837548 0)
(0.0147237 0.0752119 0)
(0.0139454 0.0665953 0)
(0.013084 0.0579255 0)
(0.0121384 0.0492206 0)
(0.0111077 0.0404966 0)
(0.00999064 0.0317669 0)
(0.00878508 0.0230419 0)
(0.00748893 0.014331 0)
(0.00610397 0.00564378 0)
(0.00461488 -0.00301794 0)
(0.0030466 -0.0116422 0)
(0.00138057 -0.0202314 0)
(-0.000389841 -0.0288036 0)
(-0.00226763 -0.0373533 0)
(-0.0042614 -0.0458994 0)
(-0.00638134 -0.0544741 0)
(-0.00863704 -0.0631138 0)
(-0.0110401 -0.0718535 0)
(-0.013607 -0.0807454 0)
(-0.0163515 -0.0898539 0)
(-0.0192874 -0.0992483 0)
(-0.0224301 -0.109012 0)
(-0.0257908 -0.119238 0)
(-0.029377 -0.130026 0)
(-0.0331904 -0.141479 0)
(-0.0372232 -0.153699 0)
(-0.0414568 -0.166777 0)
(-0.0458581 -0.180787 0)
(-0.0503778 -0.195769 0)
(-0.0549485 -0.211726 0)
(-0.0594839 -0.228602 0)
(-0.063879 -0.246275 0)
(-0.0680113 -0.264545 0)
(-0.0717428 -0.283124 0)
(-0.0749237 -0.30163 0)
(-0.0773966 -0.31958 0)
(-0.0790015 -0.336392 0)
(-0.0795816 -0.351382 0)
(-0.0789911 -0.36377 0)
(-0.0771031 -0.372692 0)
(-0.073822 -0.37721 0)
(-0.0690972 -0.376344 0)
(-0.0629419 -0.369109 0)
(-0.055455 -0.354583 0)
(-0.0468447 -0.332 0)
(-0.0374504 -0.300865 0)
(-0.0277597 -0.261096 0)
(-0.0184087 -0.213149 0)
(-0.0101097 -0.158083 0)
(-0.0036292 -0.0974806 0)
(-0.000470157 -0.0331767 0)
(6.95395e-05 0.0109926 0)
(0.000506244 0.0316167 0)
(0.00138966 0.0508923 0)
(0.00252413 0.0688077 0)
(0.00382533 0.0853531 0)
(0.00522177 0.100531 0)
(0.00664933 0.11436 0)
(0.00805722 0.126879 0)
(0.00940772 0.138142 0)
(0.0106747 0.148218 0)
(0.0118423 0.157188 0)
(0.0129036 0.165136 0)
(0.0138589 0.172149 0)
(0.0147137 0.178313 0)
(0.0154778 0.183706 0)
(0.016163 0.188398 0)
(0.0167827 0.192451 0)
(0.01735 0.195917 0)
(0.0178774 0.198837 0)
(0.0183762 0.201241 0)
(0.0188557 0.203155 0)
(0.0193237 0.204592 0)
(0.0197859 0.205564 0)
(0.0202462 0.206076 0)
(0.020707 0.206131 0)
(0.021169 0.205727 0)
(0.0216316 0.204864 0)
(0.022093 0.203541 0)
(0.0225508 0.201758 0)
(0.0230015 0.199515 0)
(0.0234411 0.196815 0)
(0.0238651 0.19366 0)
(0.0242686 0.190057 0)
(0.0246466 0.186014 0)
(0.0249937 0.181542 0)
(0.0253045 0.176654 0)
(0.0255737 0.171365 0)
(0.0257957 0.165692 0)
(0.0259656 0.159654 0)
(0.0260781 0.153273 0)
(0.0261285 0.146571 0)
(0.0261123 0.139571 0)
(0.0260253 0.132299 0)
(0.0258637 0.124781 0)
(0.0256241 0.117042 0)
(0.0253033 0.109108 0)
(0.0248981 0.101004 0)
(0.0244063 0.0927589 0)
(0.0238264 0.0843957 0)
(0.023157 0.0759383 0)
(0.022397 0.0674083 0)
(0.0215454 0.0588261 0)
(0.0206017 0.0502097 0)
(0.0195651 0.0415751 0)
(0.0184348 0.0329357 0)
(0.0172092 0.0243026 0)
(0.015887 0.0156856 0)
(0.01447 0.00709214 0)
(0.0129453 -0.0014773 0)
(0.0113365 -0.0100081 0)
(0.00962974 -0.0184967 0)
(0.00781728 -0.0269531 0)
(0.00589415 -0.0353854 0)
(0.0038554 -0.0438102 0)
(0.00169329 -0.0522549 0)
(-0.000606859 -0.0607645 0)
(-0.00305242 -0.069354 0)
(-0.0056576 -0.0780767 0)
(-0.00843651 -0.0870024 0)
(-0.0114024 -0.0961978 0)
(-0.0145724 -0.105749 0)
(-0.0179585 -0.115753 0)
(-0.0215702 -0.126312 0)
(-0.0254129 -0.137538 0)
(-0.0294827 -0.149542 0)
(-0.0337662 -0.162427 0)
(-0.0382356 -0.176281 0)
(-0.042848 -0.191164 0)
(-0.0475422 -0.207095 0)
(-0.0522381 -0.224037 0)
(-0.0568366 -0.241888 0)
(-0.0612202 -0.260464 0)
(-0.0652549 -0.279492 0)
(-0.0687939 -0.298599 0)
(-0.071681 -0.31731 0)
(-0.0737552 -0.335042 0)
(-0.074857 -0.351107 0)
(-0.0748339 -0.364711 0)
(-0.0735494 -0.374966 0)
(-0.0708934 -0.3809 0)
(-0.066796 -0.381479 0)
(-0.0612467 -0.375647 0)
(-0.0543169 -0.362384 0)
(-0.0461862 -0.340802 0)
(-0.0371683 -0.310265 0)
(-0.0277333 -0.270539 0)
(-0.0185133 -0.221941 0)
(-0.010236 -0.165423 0)
(-0.0037026 -0.102526 0)
(-0.000486943 -0.0351102 0)
(7.26542e-05 0.0107158 0)
(0.000536374 0.0309044 0)
(0.00148278 0.049852 0)
(0.00271 0.0675358 0)
(0.00413253 0.0839341 0)
(0.00567704 0.0990363 0)
(0.00727671 0.112849 0)
(0.00887772 0.125396 0)
(0.0104391 0.136722 0)
(0.0119314 0.146883 0)
(0.0133357 0.155951 0)
(0.014642 0.164002 0)
(0.0158478 0.171117 0)
(0.0169564 0.177376 0)
(0.0179756 0.182853 0)
(0.0189156 0.187618 0)
(0.0197885 0.191731 0)
(0.0206066 0.195245 0)
(0.0213818 0.1982 0)
(0.022125 0.200631 0)
(0.0228454 0.202561 0)
(0.0235506 0.204009 0)
(0.0242461 0.204987 0)
(0.024936 0.205502 0)
(0.0256224 0.205557 0)
(0.0263059 0.205154 0)
(0.0269857 0.204294 0)
(0.0276598 0.202976 0)
(0.0283253 0.201201 0)
(0.0289785 0.19897 0)
(0.029615 0.196286 0)
(0.0302298 0.193152 0)
(0.0308176 0.189576 0)
(0.0313728 0.185565 0)
(0.0318897 0.181131 0)
(0.0323625 0.176286 0)
(0.0327852 0.171045 0)
(0.0331523 0.165426 0)
(0.0334581 0.159448 0)
(0.0336974 0.153131 0)
(0.033865 0.146498 0)
(0.0339564 0.139572 0)
(0.0339672 0.132378 0)
(0.0338935 0.124941 0)
(0.0337318 0.117286 0)
(0.0334789 0.10944 0)
(0.0331321 0.101427 0)
(0.0326891 0.0932738 0)
(0.0321485 0.0850042 0)
(0.0315091 0.0766413 0)
(0.0307701 0.0682068 0)
(0.0299308 0.0597207 0)
(0.0289909 0.0512009 0)
(0.0279501 0.0426634 0)
(0.0268079 0.0341219 0)
(0.0255633 0.0255878 0)
(0.0242161 0.0170709 0)
(0.0227678 0.00857732 0)
(0.0212127 0.000107459 0)
(0.0195535 -0.00832693 0)
(0.0177992 -0.0167148 0)
(0.0159373 -0.0250648 0)
(0.0139643 -0.0333858 0)
(0.0118769 -0.0416924 0)
(0.00966854 -0.050008 0)
(0.00732677 -0.0583651 0)
(0.00483988 -0.0667968 0)
(0.00219725 -0.0753535 0)
(-0.000620483 -0.0841118 0)
(-0.00362241 -0.0931181 0)
(-0.0068238 -0.10246 0)
(-0.0102386 -0.112244 0)
(-0.0138766 -0.122572 0)
(-0.0177467 -0.133567 0)
(-0.0218474 -0.145346 0)
(-0.0261708 -0.158024 0)
(-0.0306939 -0.171705 0)
(-0.03538 -0.186463 0)
(-0.0401744 -0.202335 0)
(-0.0450032 -0.219306 0)
(-0.0497737 -0.237291 0)
(-0.0543743 -0.256124 0)
(-0.0586762 -0.275547 0)
(-0.0625363 -0.2952 0)
(-0.0658014 -0.314615 0)
(-0.0683115 -0.333212 0)
(-0.0699055 -0.350299 0)
(-0.0704269 -0.365075 0)
(-0.0697311 -0.37663 0)
(-0.0676951 -0.383963 0)
(-0.0642312 -0.385992 0)
(-0.0593051 -0.381591 0)
(-0.0529603 -0.36965 0)
(-0.0453459 -0.349157 0)
(-0.0367464 -0.319329 0)
(-0.0276098 -0.27977 0)
(-0.01856 -0.230639 0)
(-0.0103352 -0.172765 0)
(-0.00376861 -0.107624 0)
(-0.000503476 -0.037084 0)
(7.52954e-05 0.0104244 0)
(0.00056302 0.0301478 0)
(0.0015663 0.0487376 0)
(0.00287846 0.066161 0)
(0.00441339 0.0823848 0)
(0.00609649 0.0973864 0)
(0.00785873 0.111159 0)
(0.00964363 0.123716 0)
(0.0114073 0.135088 0)
(0.0131171 0.145321 0)
(0.0147512 0.154477 0)
(0.0162965 0.162624 0)
(0.0177478 0.169835 0)
(0.0191061 0.176185 0)
(0.0203769 0.181746 0)
(0.021569 0.186585 0)
(0.0226929 0.19076 0)
(0.0237601 0.194324 0)
(0.0247818 0.197318 0)
(0.0257681 0.199778 0)
(0.0267282 0.201729 0)
(0.0276693 0.203191 0)
(0.0285971 0.204179 0)
(0.0295154 0.2047 0)
(0.0304262 0.204761 0)
(0.0313299 0.204363 0)
(0.0322257 0.20351 0)
(0.0331113 0.202202 0)
(0.0339836 0.20044 0)
(0.0348383 0.198226 0)
(0.0356708 0.195563 0)
(0.0364757 0.192457 0)
(0.0372473 0.188914 0)
(0.0379796 0.184942 0)
(0.0386663 0.180553 0)
(0.0393012 0.175759 0)
(0.0398782 0.170576 0)
(0.0403912 0.165019 0)
(0.0408342 0.159109 0)
(0.0412017 0.152866 0)
(0.0414885 0.146312 0)
(0.0416896 0.139469 0)
(0.0418005 0.132363 0)
(0.0418174 0.125017 0)
(0.0417365 0.117457 0)
(0.0415547 0.109708 0)
(0.0412695 0.101795 0)
(0.0408786 0.093743 0)
(0.0403808 0.0855763 0)
(0.0397749 0.0773172 0)
(0.0390603 0.0689871 0)
(0.0382366 0.0606057 0)
(0.0373037 0.0521909 0)
(0.0362615 0.0437586 0)
(0.0351098 0.0353226 0)
(0.0338484 0.0268946 0)
(0.0324773 0.0184838 0)
(0.0309979 0.0100963 0)
(0.0294109 0.00173399 0)
(0.0277017 -0.00659643 0)
(0.0258976 -0.0148797 0)
(0.0239826 -0.0231213 0)
(0.0219549 -0.0313299 0)
(0.0198119 -0.039519 0)
(0.0175477 -0.0477101 0)
(0.015153 -0.0559317 0)
(0.0126184 -0.0642173 0)
(0.00993423 -0.0726129 0)
(0.00708427 -0.0811802 0)
(0.00405271 -0.0899869 0)
(0.000823071 -0.0991268 0)
(-0.00262369 -0.108707 0)
(-0.00628923 -0.118808 0)
(-0.0101867 -0.129572 0)
(-0.0143148 -0.141118 0)
(-0.0186708 -0.153581 0)
(-0.0232356 -0.167072 0)
(-0.0279787 -0.181684 0)
(-0.0328519 -0.197471 0)
(-0.0377876 -0.214437 0)
(-0.0427 -0.232515 0)
(-0.0474841 -0.251559 0)
(-0.0520169 -0.271327 0)
(-0.0561608 -0.291471 0)
(-0.0597666 -0.311531 0)
(-0.062677 -0.330934 0)
(-0.0647316 -0.348987 0)
(-0.0657716 -0.364882 0)
(-0.0656466 -0.377696 0)
(-0.0642225 -0.386399 0)
(-0.0613952 -0.38987 0)
(-0.0571075 -0.386921 0)
(-0.0513742 -0.376349 0)
(-0.0443123 -0.357024 0)
(-0.036174 -0.328012 0)
(-0.0273807 -0.288746 0)
(-0.0185427 -0.239209 0)
(-0.0104038 -0.180084 0)
(-0.00382611 -0.112759 0)
(-0.00051966 -0.0390945 0)
(7.74669e-05 0.0101202 0)
(0.000586144 0.0293517 0)
(0.00164005 0.0475563 0)
(0.00302901 0.0646919 0)
(0.00466699 0.0807147 0)
(0.00647861 0.0955907 0)
(0.00839317 0.109302 0)
(0.0103519 0.121848 0)
(0.0123083 0.133248 0)
(0.0142269 0.143539 0)
(0.0160828 0.152772 0)
(0.0178602 0.161006 0)
(0.0195512 0.168308 0)
(0.0211542 0.174746 0)
(0.0226726 0.18039 0)
(0.0241134 0.185302 0)
(0.0254857 0.18954 0)
(0.0267997 0.193156 0)
(0.0280659 0.196192 0)
(0.0292938 0.198684 0)
(0.0304921 0.20066 0)
(0.031668 0.20214 0)
(0.0328267 0.203141 0)
(0.0339721 0.203673 0)
(0.035106 0.203742 0)
(0.0362288 0.203355 0)
(0.0373394 0.202513 0)
(0.0384354 0.201218 0)
(0.0395133 0.199474 0)
(0.0405686 0.197283 0)
(0.0415964 0.194648 0)
(0.0425909 0.191575 0)
(0.0435459 0.188072 0)
(0.044455 0.184146 0)
(0.0453117 0.179809 0)
(0.0461094 0.175074 0)
(0.0468414 0.169955 0)
(0.0475014 0.16447 0)
(0.0480831 0.158637 0)
(0.0485808 0.152477 0)
(0.0489887 0.14601 0)
(0.049302 0.13926 0)
(0.0495159 0.13225 0)
(0.0496264 0.125005 0)
(0.0496297 0.117549 0)
(0.0495227 0.109907 0)
(0.0493028 0.102104 0)
(0.0489681 0.0941629 0)
(0.0485171 0.0861083 0)
(0.0479488 0.0779621 0)
(0.0472628 0.0697454 0)
(0.0464587 0.0614776 0)
(0.0455366 0.0531764 0)
(0.0444966 0.0448577 0)
(0.0433389 0.0365352 0)
(0.0420635 0.0282205 0)
(0.0406705 0.019923 0)
(0.0391611 0.0116487 0)
(0.0375378 0.00340049 0)
(0.0357845 -0.00481832 0)
(0.0339311 -0.0129919 0)
(0.0319621 -0.0211219 0)
(0.029877 -0.0292155 0)
(0.0276737 -0.0372856 0)
(0.0253477 -0.0453516 0)
(0.0228922 -0.0534396 0)
(0.0202995 -0.061583 0)
(0.017561 -0.069826 0)
(0.0146642 -0.0782261 0)
(0.0115957 -0.0868498 0)
(0.00834098 -0.0957822 0)
(0.00488016 -0.105126 0)
(0.001197 -0.115 0)
(-0.00272645 -0.12555 0)
(-0.00687869 -0.136866 0)
(-0.0112622 -0.149107 0)
(-0.0158592 -0.162398 0)
(-0.0206449 -0.176846 0)
(-0.0255774 -0.192526 0)
(-0.0305956 -0.209457 0)
(-0.0356209 -0.227593 0)
(-0.0405557 -0.246805 0)
(-0.0452837 -0.266868 0)
(-0.0496735 -0.287447 0)
(-0.0535816 -0.308095 0)
(-0.0568553 -0.328243 0)
(-0.0593366 -0.347201 0)
(-0.0608668 -0.364156 0)
(-0.0612916 -0.378177 0)
(-0.0604685 -0.388213 0)
(-0.0582781 -0.393107 0)
(-0.0546417 -0.391615 0)
(-0.0495453 -0.382451 0)
(-0.0430721 -0.364365 0)
(-0.0354388 -0.336271 0)
(-0.0270359 -0.297422 0)
(-0.0184542 -0.247611 0)
(-0.0104379 -0.18735 0)
(-0.00387373 -0.117916 0)
(-0.000535367 -0.0411371 0)
(7.91753e-05 0.00980518 0)
(0.000605728 0.028521 0)
(0.00170387 0.0463153 0)
(0.00316128 0.0631374 0)
(0.00489254 0.0789339 0)
(0.00682208 0.09366 0)
(0.00887801 0.107286 0)
(0.0109998 0.119801 0)
(0.0131385 0.131212 0)
(0.0152562 0.141546 0)
(0.0173252 0.150843 0)
(0.0193269 0.159155 0)
(0.0212507 0.166541 0)
(0.0230926 0.173064 0)
(0.0248537 0.178787 0)
(0.0265392 0.183772 0)
(0.0281565 0.188074 0)
(0.0297146 0.191743 0)
(0.031223 0.194824 0)
(0.0326906 0.197351 0)
(0.0341256 0.199355 0)
(0.0355346 0.200857 0)
(0.036923 0.201875 0)
(0.0382941 0.202421 0)
(0.0396499 0.202504 0)
(0.0409906 0.20213 0)
(0.0423148 0.201303 0)
(0.04362 0.200028 0)
(0.0449025 0.198306 0)
(0.0461577 0.196142 0)
(0.04738 0.193541 0)
(0.0485635 0.190508 0)
(0.0497017 0.18705 0)
(0.0507878 0.183176 0)
(0.0518149 0.178899 0)
(0.0527759 0.174229 0)
(0.053664 0.169184 0)
(0.0544723 0.163778 0)
(0.0551945 0.15803 0)
(0.0558243 0.151961 0)
(0.0563559 0.145591 0)
(0.0567842 0.138942 0)
(0.0571042 0.132039 0)
(0.0573117 0.124903 0)
(0.057403 0.117561 0)
(0.0573748 0.110035 0)
(0.0572246 0.10235 0)
(0.0569504 0.0945291 0)
(0.0565508 0.0865958 0)
(0.0560248 0.0785718 0)
(0.055372 0.0704775 0)
(0.0545922 0.0623322 0)
(0.0536855 0.0541533 0)
(0.0526522 0.0459566 0)
(0.0514927 0.037756 0)
(0.0502071 0.0295629 0)
(0.0487957 0.0213867 0)
(0.0472596 0.0132337 0)
(0.0456018 0.00510674 0)
(0.0438069 -0.00299436 0)
(0.0419052 -0.0110531 0)
(0.039883 -0.0190666 0)
(0.0377394 -0.0270414 0)
(0.0354736 -0.0349895 0)
(0.0330823 -0.0429287 0)
(0.0305606 -0.0508836 0)
(0.0279024 -0.0588865 0)
(0.0251004 -0.0669802 0)
(0.022145 -0.0752191 0)
(0.0190253 -0.0836699 0)
(0.0157291 -0.0924152 0)
(0.0122411 -0.101554 0)
(0.00854638 -0.1112 0)
(0.00462599 -0.12149 0)
(0.000464596 -0.132576 0)
(-0.00393801 -0.144608 0)
(-0.00855853 -0.157694 0)
(-0.0133745 -0.171966 0)
(-0.0183496 -0.18752 0)
(-0.0234274 -0.204392 0)
(-0.0285378 -0.222554 0)
(-0.0335913 -0.241894 0)
(-0.0384787 -0.262206 0)
(-0.0430762 -0.283169 0)
(-0.0472476 -0.304345 0)
(-0.050846 -0.325175 0)
(-0.0537182 -0.344972 0)
(-0.0557078 -0.362923 0)
(-0.0566591 -0.378091 0)
(-0.0564231 -0.389411 0)
(-0.0548677 -0.395697 0)
(-0.0518935 -0.395656 0)
(-0.0474582 -0.387924 0)
(-0.0416097 -0.371139 0)
(-0.0345267 -0.34406 0)
(-0.0265635 -0.305752 0)
(-0.0182861 -0.255803 0)
(-0.0104327 -0.194531 0)
(-0.00390983 -0.123075 0)
(-0.00055043 -0.0432068 0)
(8.04294e-05 0.00948113 0)
(0.000621772 0.0276606 0)
(0.00175769 0.0450219 0)
(0.00327497 0.0615067 0)
(0.0050894 0.0770526 0)
(0.00712577 0.091605 0)
(0.00931151 0.105124 0)
(0.0115847 0.117587 0)
(0.0138945 0.128991 0)
(0.0162008 0.139352 0)
(0.0184732 0.148701 0)
(0.0206904 0.15708 0)
(0.0228393 0.164542 0)
(0.0249134 0.171143 0)
(0.0269116 0.176943 0)
(0.0288369 0.181999 0)
(0.0306954 0.186365 0)
(0.0324944 0.190089 0)
(0.0342423 0.193216 0)
(0.0359473 0.195781 0)
(0.037617 0.197816 0)
(0.0392576 0.199343 0)
(0.040874 0.200381 0)
(0.0424696 0.200946 0)
(0.044046 0.201046 0)
(0.0456033 0.20069 0)
(0.04714 0.199883 0)
(0.0486535 0.198631 0)
(0.0501398 0.196936 0)
(0.0515939 0.194805 0)
(0.0530103 0.192242 0)
(0.0543825 0.189254 0)
(0.0557038 0.185847 0)
(0.056967 0.182033 0)
(0.0581649 0.177821 0)
(0.0592901 0.173225 0)
(0.0603353 0.168259 0)
(0.0612936 0.16294 0)
(0.0621581 0.157286 0)
(0.0629223 0.151316 0)
(0.0635803 0.145051 0)
(0.0641266 0.138512 0)
(0.0645561 0.131723 0)
(0.0648644 0.124707 0)
(0.0650477 0.117486 0)
(0.0651027 0.110086 0)
(0.0650268 0.102528 0)
(0.0648179 0.094837 0)
(0.0644746 0.0870342 0)
(0.063996 0.0791412 0)
(0.0633815 0.0711784 0)
(0.0626312 0.0631644 0)
(0.0617451 0.0551167 0)
(0.0607237 0.0470508 0)
(0.0595674 0.0389804 0)
(0.0582766 0.0309174 0)
(0.0568518 0.0228708 0)
(0.0552939 0.0148475 0)
(0.0536056 0.00684945 0)
(0.0517737 -0.00112686 0)
(0.0498246 -0.00906459 0)
(0.0477504 -0.0169555 0)
(0.0455487 -0.0248063 0)
(0.0432196 -0.0326285 0)
(0.0407613 -0.0404386 0)
(0.0381705 -0.0482595 0)
(0.0354423 -0.0561225 0)
(0.032571 -0.0640689 0)
(0.0295491 -0.0721512 0)
(0.0263679 -0.0804353 0)
(0.0230174 -0.0890022 0)
(0.0194862 -0.0979494 0)
(0.0157622 -0.107391 0)
(0.0118315 -0.117459 0)
(0.0076801 -0.128299 0)
(0.00329729 -0.140071 0)
(-0.00132923 -0.152965 0)
(-0.00616001 -0.167061 0)
(-0.0111615 -0.182476 0)
(-0.0162784 -0.199269 0)
(-0.0214474 -0.217427 0)
(-0.0265884 -0.236862 0)
(-0.0315997 -0.25738 0)
(-0.0363665 -0.278675 0)
(-0.0407613 -0.300321 0)
(-0.0446449 -0.321768 0)
(-0.0478706 -0.342334 0)
(-0.0502866 -0.361211 0)
(-0.0517385 -0.377458 0)
(-0.0520733 -0.390002 0)
(-0.0511485 -0.397636 0)
(-0.0488457 -0.399027 0)
(-0.0450947 -0.39274 0)
(-0.0399073 -0.377304 0)
(-0.0334211 -0.351329 0)
(-0.02595 -0.313685 0)
(-0.0180286 -0.263738 0)
(-0.0103825 -0.201593 0)
(-0.00393238 -0.128216 0)
(-0.000564629 -0.0452973 0)
(8.12399e-05 0.00914994 0)
(0.00063429 0.0267755 0)
(0.00180144 0.0436838 0)
(0.00336986 0.0598092 0)
(0.00525706 0.0750817 0)
(0.00738871 0.0894376 0)
(0.00969211 0.102827 0)
(0.0121044 0.115218 0)
(0.0145734 0.126596 0)
(0.0170567 0.136968 0)
(0.0195218 0.146354 0)
(0.0219449 0.154789 0)
(0.0243103 0.162318 0)
(0.0266091 0.168991 0)
(0.0288379 0.174863 0)
(0.0309977 0.179988 0)
(0.0330926 0.184416 0)
(0.0351287 0.188196 0)
(0.0371131 0.191371 0)
(0.039053 0.193977 0)
(0.0409552 0.196044 0)
(0.0428255 0.1976 0)
(0.0446684 0.198663 0)
(0.046487 0.199249 0)
(0.0482827 0.19937 0)
(0.0500555 0.199036 0)
(0.0518037 0.198253 0)
(0.0535245 0.197028 0)
(0.0552137 0.195366 0)
(0.0568662 0.193272 0)
(0.0584761 0.190752 0)
(0.0600368 0.187814 0)
(0.0615412 0.184465 0)
(0.0629818 0.180715 0)
(0.0643511 0.176576 0)
(0.0656415 0.172059 0)
(0.0668453 0.16718 0)
(0.0679551 0.161955 0)
(0.068964 0.156402 0)
(0.0698651 0.150539 0)
(0.0706523 0.144387 0)
(0.0713198 0.137967 0)
(0.0718624 0.131301 0)
(0.0722755 0.124412 0)
(0.0725551 0.117323 0)
(0.0726979 0.110056 0)
(0.0727011 0.102635 0)
(0.0725626 0.0950816 0)
(0.0722809 0.0874181 0)
(0.0718551 0.0796652 0)
(0.0712845 0.0718426 0)
(0.0705692 0.0639689 0)
(0.0697094 0.0560611 0)
(0.0687054 0.0481347 0)
(0.067558 0.0402032 0)
(0.0662677 0.0322784 0)
(0.0648351 0.0243696 0)
(0.0632613 0.0164835 0)
(0.0615485 0.00862252 0)
(0.0596949 0.000783593 0)
(0.0576924 -0.00702595 0)
(0.0555673 -0.0147884 0)
(0.0533085 -0.0225102 0)
(0.0509168 -0.0302022 0)
(0.0483918 -0.0378796 0)
(0.0457309 -0.0455646 0)
(0.0429308 -0.0532871 0)
(0.039987 -0.0610872 0)
(0.036894 -0.069016 0)
(0.0336451 -0.0771384 0)
(0.0302323 -0.0855341 0)
(0.026647 -0.0942998 0)
(0.02288 -0.10355 0)
(0.0189215 -0.113415 0)
(0.0147622 -0.124043 0)
(0.0103943 -0.135592 0)
(0.00580698 -0.148231 0)
(0.00100051 -0.162124 0)
(-0.00400392 -0.177411 0)
(-0.00913847 -0.194112 0)
(-0.0143412 -0.212243 0)
(-0.0195396 -0.23174 0)
(-0.0246399 -0.252425 0)
(-0.0295372 -0.274004 0)
(-0.0341151 -0.296063 0)
(-0.0382431 -0.318061 0)
(-0.0417834 -0.339325 0)
(-0.0445912 -0.359051 0)
(-0.0465157 -0.376301 0)
(-0.047403 -0.389998 0)
(-0.0471023 -0.398924 0)
(-0.0454784 -0.401712 0)
(-0.042434 -0.396868 0)
(-0.0379444 -0.38282 0)
(-0.0321034 -0.358029 0)
(-0.0251798 -0.321167 0)
(-0.0176703 -0.271368 0)
(-0.0102807 -0.208494 0)
(-0.00393897 -0.133313 0)
(-0.000577679 -0.0474013 0)
(8.16188e-05 0.00881344 0)
(0.000643306 0.0258708 0)
(0.00183513 0.0423084 0)
(0.00344579 0.0580546 0)
(0.00539508 0.0730323 0)
(0.00761006 0.0871698 0)
(0.0100184 0.100408 0)
(0.0125569 0.112705 0)
(0.0151722 0.124039 0)
(0.0178203 0.134404 0)
(0.0204666 0.143812 0)
(0.023085 0.152291 0)
(0.0256573 0.159877 0)
(0.0281724 0.166616 0)
(0.0306245 0.172554 0)
(0.0330126 0.177744 0)
(0.0353388 0.182233 0)
(0.0376076 0.186069 0)
(0.0398248 0.189292 0)
(0.0419966 0.191939 0)
(0.0441289 0.194043 0)
(0.0462269 0.195629 0)
(0.0482947 0.19672 0)
(0.0503349 0.197331 0)
(0.0523487 0.197477 0)
(0.0543358 0.197169 0)
(0.0562945 0.196414 0)
(0.0582218 0.195221 0)
(0.0601132 0.193595 0)
(0.0619636 0.191543 0)
(0.0637668 0.189071 0)
(0.0655158 0.186189 0)
(0.0672035 0.182902 0)
(0.068822 0.179223 0)
(0.0703635 0.175161 0)
(0.07182 0.170731 0)
(0.0731837 0.165945 0)
(0.074447 0.160821 0)
(0.0756024 0.155376 0)
(0.0766431 0.149627 0)
(0.0775624 0.143596 0)
(0.0783545 0.137302 0)
(0.0790139 0.130768 0)
(0.0795359 0.124014 0)
(0.0799163 0.117064 0)
(0.0801516 0.10994 0)
(0.0802389 0.102664 0)
(0.0801761 0.0952575 0)
(0.0799615 0.087742 0)
(0.0795941 0.0801379 0)
(0.0790733 0.0724645 0)
(0.078399 0.0647399 0)
(0.0775714 0.0569808 0)
(0.0765909 0.0492025 0)
(0.0754582 0.0414185 0)
(0.0741742 0.0336404 0)
(0.0727394 0.0258776 0)
(0.0711545 0.0181366 0)
(0.0694214 0.0104202 0)
(0.0675419 0.00272714 0)
(0.0655001 -0.00494177 0)
(0.0633297 -0.0125686 0)
(0.0610183 -0.0201557 0)
(0.0585675 -0.0277121 0)
(0.0559779 -0.0352527 0)
(0.0532482 -0.0427985 0)
(0.0503765 -0.0503788 0)
(0.0473596 -0.0580324 0)
(0.0441937 -0.0658095 0)
(0.0408739 -0.0737739 0)
(0.0373946 -0.0820045 0)
(0.0337495 -0.0905973 0)
(0.0299317 -0.0996663 0)
(0.0259349 -0.109344 0)
(0.0217533 -0.119777 0)
(0.0173828 -0.131128 0)
(0.0128194 -0.143564 0)
(0.00806301 -0.157244 0)
(0.00312006 -0.172319 0)
(-0.00199884 -0.188939 0)
(-0.00720548 -0.207032 0)
(-0.0124313 -0.226564 0)
(-0.0175866 -0.24738 0)
(-0.0225759 -0.269195 0)
(-0.027296 -0.29161 0)
(-0.0316271 -0.314095 0)
(-0.0354417 -0.335981 0)
(-0.0386052 -0.356474 0)
(-0.0409727 -0.374642 0)
(-0.0423922 -0.389413 0)
(-0.0427073 -0.39956 0)
(-0.0417684 -0.403697 0)
(-0.0394524 -0.400278 0)
(-0.0356978 -0.387642 0)
(-0.0305522 -0.364105 0)
(-0.024235 -0.328141 0)
(-0.0171981 -0.278636 0)
(-0.0101194 -0.215191 0)
(-0.00392666 -0.13834 0)
(-0.000589216 -0.0495102 0)
(8.15792e-05 0.00847347 0)
(0.000648853 0.0249514 0)
(0.00185876 0.0409036 0)
(0.00350266 0.0562529 0)
(0.00550313 0.070916 0)
(0.00778911 0.0848141 0)
(0.0102893 0.0978802 0)
(0.0129404 0.110064 0)
(0.0156884 0.121333 0)
(0.0184882 0.131673 0)
(0.0213032 0.141089 0)
(0.0241054 0.149598 0)
(0.0268744 0.15723 0)
(0.0295965 0.164024 0)
(0.0322639 0.170023 0)
(0.0348732 0.175274 0)
(0.0374248 0.179821 0)
(0.0399215 0.18371 0)
(0.0423675 0.186982 0)
(0.0447679 0.189672 0)
(0.0471276 0.191814 0)
(0.049451 0.193434 0)
(0.0517418 0.194555 0)
(0.054002 0.195195 0)
(0.0562326 0.195369 0)
(0.058433 0.19509 0)
(0.0606014 0.194367 0)
(0.0627344 0.193209 0)
(0.0648276 0.191624 0)
(0.0668755 0.189618 0)
(0.0688717 0.1872 0)
(0.0708092 0.184377 0)
(0.0726804 0.181159 0)
(0.0744773 0.177555 0)
(0.0761918 0.173577 0)
(0.0778158 0.169239 0)
(0.079341 0.164553 0)
(0.0807595 0.159536 0)
(0.0820638 0.154206 0)
(0.0832466 0.148579 0)
(0.0843012 0.142675 0)
(0.0852213 0.136515 0)
(0.0860014 0.13012 0)
(0.0866365 0.12351 0)
(0.0871221 0.116707 0)
(0.0874548 0.109734 0)
(0.0876315 0.102611 0)
(0.0876497 0.0953593 0)
(0.0875079 0.0880004 0)
(0.0872047 0.0805537 0)
(0.0867397 0.073038 0)
(0.0861125 0.0654711 0)
(0.0853233 0.0578695 0)
(0.0843726 0.0502481 0)
(0.0832611 0.0426203 0)
(0.0819894 0.0349976 0)
(0.0805584 0.0273893 0)
(0.0789686 0.0198022 0)
(0.0772212 0.0122397 0)
(0.0753192 0.00470079 0)
(0.0732465 -0.0028189 0)
(0.071036 -0.0103026 0)
(0.0686776 -0.0177476 0)
(0.0661724 -0.0251621 0)
(0.0635222 -0.0325605 0)
(0.0607269 -0.0399632 0)
(0.0577858 -0.0473986 0)
(0.0546974 -0.0549046 0)
(0.0514593 -0.0625307 0)
(0.0480688 -0.0703397 0)
(0.044522 -0.0784101 0)
(0.0408151 -0.0868374 0)
(0.0369437 -0.0957357 0)
(0.0329042 -0.105237 0)
(0.0286936 -0.115492 0)
(0.0243109 -0.126663 0)
(0.0197568 -0.13892 0)
(0.015036 -0.152429 0)
(0.010157 -0.16734 0)
(0.00512619 -0.183773 0)
(-3.14071e-05 -0.201804 0)
(-0.00524449 -0.221366 0)
(-0.0104197 -0.242285 0)
(-0.0154636 -0.264291 0)
(-0.0202858 -0.287006 0)
(-0.0247779 -0.30991 0)
(-0.0288258 -0.332341 0)
(-0.0323078 -0.353515 0)
(-0.0350872 -0.372509 0)
(-0.0370169 -0.388261 0)
(-0.0379382 -0.399547 0)
(-0.0376893 -0.404968 0)
(-0.0361231 -0.402943 0)
(-0.0331414 -0.391727 0)
(-0.0287438 -0.369503 0)
(-0.0230955 -0.334545 0)
(-0.016597 -0.285483 0)
(-0.00988964 -0.221633 0)
(-0.00389198 -0.143264 0)
(-0.000598774 -0.0516136 0)
(8.11337e-05 0.00813182 0)
(0.000650964 0.0240224 0)
(0.00187233 0.0394771 0)
(0.00354037 0.0544139 0)
(0.00558088 0.0687444 0)
(0.00792521 0.0823834 0)
(0.0105035 0.0952569 0)
(0.0132531 0.107306 0)
(0.0161197 0.118491 0)
(0.0190572 0.128789 0)
(0.0220278 0.138195 0)
(0.0250015 0.14672 0)
(0.0279558 0.154386 0)
(0.0308749 0.161226 0)
(0.0337486 0.167278 0)
(0.0365715 0.172583 0)
(0.039342 0.177185 0)
(0.042061 0.181126 0)
(0.0447312 0.184445 0)
(0.0473564 0.187179 0)
(0.0499405 0.18936 0)
(0.052487 0.191015 0)
(0.0549987 0.192169 0)
(0.0574774 0.19284 0)
(0.0599236 0.193046 0)
(0.0623363 0.1928 0)
(0.0647135 0.192113 0)
(0.0670517 0.190994 0)
(0.0693462 0.189453 0)
(0.0715913 0.187498 0)
(0.0737806 0.185138 0)
(0.0759067 0.18238 0)
(0.0779619 0.179234 0)
(0.0799379 0.175711 0)
(0.0818265 0.171823 0)
(0.0836191 0.167582 0)
(0.0853075 0.163002 0)
(0.0868833 0.158099 0)
(0.0883388 0.152889 0)
(0.0896665 0.14739 0)
(0.0908594 0.141621 0)
(0.0919111 0.135602 0)
(0.0928157 0.129353 0)
(0.093568 0.122894 0)
(0.0941636 0.116246 0)
(0.0945986 0.109431 0)
(0.0948697 0.102469 0)
(0.0949745 0.0953813 0)
(0.0949111 0.0881873 0)
(0.0946782 0.0809064 0)
(0.094275 0.073557 0)
(0.0937013 0.0661565 0)
(0.092957 0.0587209 0)
(0.0920426 0.051265 0)
(0.0909587 0.043802 0)
(0.0897062 0.0363433 0)
(0.0882857 0.0288983 0)
(0.086698 0.0214739 0)
(0.084944 0.0140741 0)
(0.0830263 0.00669767 0)
(0.0809332 -0.000663341 0)
(0.0786856 -0.00799606 0)
(0.0762859 -0.0152911 0)
(0.0737318 -0.0225567 0)
(0.0710258 -0.0298072 0)
(0.0681696 -0.0370622 0)
(0.0651634 -0.0443494 0)
(0.0620072 -0.0517061 0)
(0.0587004 -0.0591812 0)
(0.0552417 -0.066837 0)
(0.0516298 -0.0747513 0)
(0.0478628 -0.0830197 0)
(0.0439391 -0.0917563 0)
(0.0398574 -0.101094 0)
(0.0356177 -0.111185 0)
(0.0312215 -0.122192 0)
(0.0266726 -0.134291 0)
(0.0219786 -0.14765 0)
(0.0171511 -0.162426 0)
(0.0122025 -0.178738 0)
(0.00715041 -0.196649 0)
(0.0020285 -0.216152 0)
(-0.00311837 -0.237174 0)
(-0.00817503 -0.259334 0)
(-0.0130583 -0.282294 0)
(-0.0176703 -0.305551 0)
(-0.0219105 -0.328444 0)
(-0.0256731 -0.350207 0)
(-0.0288325 -0.369928 0)
(-0.0312495 -0.386559 0)
(-0.032766 -0.398886 0)
(-0.0332113 -0.405513 0)
(-0.0324162 -0.404831 0)
(-0.0302462 -0.395029 0)
(-0.0266515 -0.374163 0)
(-0.0217387 -0.340312 0)
(-0.0158498 -0.291843 0)
(-0.00958078 -0.227765 0)
(-0.00383079 -0.148048 0)
(-0.000605768 -0.0536992 0)
(8.02942e-05 0.00779028 0)
(0.000649666 0.0230887 0)
(0.00187585 0.0380367 0)
(0.00355881 0.052548 0)
(0.00562803 0.0665297 0)
(0.00801772 0.0798913 0)
(0.01066 0.0925524 0)
(0.0134933 0.104447 0)
(0.0164637 0.115528 0)
(0.0195244 0.125765 0)
(0.0226366 0.135144 0)
(0.0257687 0.14367 0)
(0.0288962 0.151357 0)
(0.0320013 0.158231 0)
(0.0350716 0.164326 0)
(0.0380997 0.16968 0)
(0.0410818 0.174332 0)
(0.044017 0.178321 0)
(0.0469065 0.181686 0)
(0.0497524 0.184463 0)
(0.0525575 0.186683 0)
(0.0553243 0.188375 0)
(0.058055 0.189564 0)
(0.0607505 0.19027 0)
(0.0634109 0.19051 0)
(0.066035 0.1903 0)
(0.0686204 0.189652 0)
(0.0711632 0.188576 0)
(0.0736587 0.187084 0)
(0.0761011 0.185184 0)
(0.0784835 0.182885 0)
(0.0807985 0.180196 0)
(0.0830382 0.177128 0)
(0.0851943 0.17369 0)
(0.087258 0.169896 0)
(0.0892207 0.165758 0)
(0.0910739 0.161289 0)
(0.0928091 0.156505 0)
(0.0944183 0.151423 0)
(0.0958936 0.146058 0)
(0.097228 0.140431 0)
(0.0984147 0.134559 0)
(0.0994477 0.128463 0)
(0.100322 0.122162 0)
(0.101032 0.115677 0)
(0.101574 0.109028 0)
(0.101944 0.102235 0)
(0.102141 0.0953181 0)
(0.102162 0.0882969 0)
(0.102006 0.08119 0)
(0.10167 0.0740153 0)
(0.101156 0.0667895 0)
(0.100464 0.0595285 0)
(0.0995923 0.0522466 0)
(0.0985429 0.0449569 0)
(0.0973165 0.0376708 0)
(0.0959138 0.0303974 0)
(0.0943356 0.023144 0)
(0.0925828 0.0159146 0)
(0.0906576 0.00870871 0)
(0.0885595 0.0015195 0)
(0.0862758 -0.00565306 0)
(0.0838405 -0.012791 0)
(0.0812437 -0.0199016 0)
(0.0784886 -0.0269984 0)
(0.0755779 -0.0341009 0)
(0.0725129 -0.0412363 0)
(0.0692949 -0.0484417 0)
(0.0659249 -0.0557655 0)
(0.0624037 -0.0632695 0)
(0.0587319 -0.0710317 0)
(0.0549101 -0.0791474 0)
(0.0509391 -0.0877312 0)
(0.0468205 -0.096917 0)
(0.0425568 -0.106857 0)
(0.0381521 -0.117719 0)
(0.0336128 -0.129678 0)
(0.0289482 -0.142908 0)
(0.0241712 -0.157569 0)
(0.0192975 -0.173786 0)
(0.0143469 -0.191627 0)
(0.0093458 -0.211084 0)
(0.00431965 -0.232058 0)
(-0.000687491 -0.254348 0)
(-0.00558093 -0.277516 0)
(-0.0102705 -0.301063 0)
(-0.0146631 -0.324332 0)
(-0.0186696 -0.346588 0)
(-0.0221769 -0.366926 0)
(-0.0250579 -0.384323 0)
(-0.0271581 -0.397583 0)
(-0.0283012 -0.405319 0)
(-0.0282985 -0.405912 0)
(-0.0269803 -0.3975 0)
(-0.0242459 -0.378023 0)
(-0.0201396 -0.345371 0)
(-0.0149376 -0.297644 0)
(-0.00918088 -0.233524 0)
(-0.00373824 -0.152649 0)
(-0.000609463 -0.0557521 0)
(7.90697e-05 0.00745061 0)
(0.00064497 0.0221555 0)
(0.00186928 0.0365903 0)
(0.00355783 0.0506655 0)
(0.0056442 0.0642841 0)
(0.00806597 0.0773513 0)
(0.0107578 0.0897813 0)
(0.0136596 0.101502 0)
(0.0167183 0.11246 0)
(0.019887 0.122616 0)
(0.0231259 0.131951 0)
(0.0264024 0.14046 0)
(0.0296904 0.148153 0)
(0.0329698 0.15505 0)
(0.0362264 0.161179 0)
(0.0394505 0.166573 0)
(0.0426363 0.171268 0)
(0.0457811 0.175301 0)
(0.0488841 0.17871 0)
(0.0519462 0.181528 0)
(0.0549686 0.183788 0)
(0.0579529 0.185517 0)
(0.0609002 0.186742 0)
(0.0638108 0.187484 0)
(0.0666842 0.187761 0)
(0.0695187 0.18759 0)
(0.0723116 0.186984 0)
(0.0750587 0.185956 0)
(0.0777551 0.184515 0)
(0.0803947 0.182674 0)
(0.0829705 0.18044 0)
(0.085475 0.177825 0)
(0.0879 0.174838 0)
(0.0902369 0.171492 0)
(0.092477 0.167796 0)
(0.0946114 0.163766 0)
(0.0966312 0.159413 0)
(0.0985279 0.154754 0)
(0.100293 0.149804 0)
(0.101919 0.144581 0)
(0.103398 0.139101 0)
(0.104723 0.133383 0)
(0.105888 0.127446 0)
(0.106888 0.12131 0)
(0.107717 0.114994 0)
(0.108371 0.108518 0)
(0.108847 0.101902 0)
(0.109141 0.0951639 0)
(0.109252 0.0883234 0)
(0.109177 0.0813984 0)
(0.108917 0.0744064 0)
(0.108469 0.0673636 0)
(0.107834 0.0602854 0)
(0.107013 0.053186 0)
(0.106005 0.046078 0)
(0.104812 0.0389728 0)
(0.103434 0.0318794 0)
(0.101873 0.0248051 0)
(0.100128 0.017754 0)
(0.0982025 0.0107262 0)
(0.0960972 0.00371633 0)
(0.093796 -0.00328298 0)
(0.0913347 -0.010256 0)
(0.0887049 -0.0172047 0)
(0.0859096 -0.0241417 0)
(0.0829528 -0.0310866 0)
(0.0798373 -0.0380666 0)
(0.0765658 -0.0451184 0)
(0.0731409 -0.0522903 0)
(0.0695655 -0.0596443 0)
(0.0658422 -0.0672582 0)
(0.0619742 -0.0752276 0)
(0.0579651 -0.0836676 0)
(0.053819 -0.092713 0)
(0.0495413 -0.102517 0)
(0.0451388 -0.11325 0)
(0.04062 -0.125088 0)
(0.035996 -0.13821 0)
(0.0312802 -0.152776 0)
(0.0264888 -0.168917 0)
(0.0216409 -0.186706 0)
(0.0167595 -0.20614 0)
(0.0118668 -0.227118 0)
(0.00698779 -0.249415 0)
(0.00216827 -0.272679 0)
(-0.00254436 -0.296482 0)
(-0.00704538 -0.320047 0)
(-0.0112584 -0.342695 0)
(-0.0150827 -0.363535 0)
(-0.0184053 -0.381574 0)
(-0.0210777 -0.39564 0)
(-0.0229224 -0.404373 0)
(-0.0237337 -0.406155 0)
(-0.0233087 -0.399089 0)
(-0.0214951 -0.381017 0)
(-0.0182707 -0.349645 0)
(-0.0138391 -0.302806 0)
(-0.00867636 -0.238841 0)
(-0.00360867 -0.157019 0)
(-0.000608943 -0.0577546 0)
(7.74651e-05 0.00711458 0)
(0.000636861 0.0212277 0)
(0.00185253 0.035146 0)
(0.00353717 0.0487768 0)
(0.00562893 0.0620202 0)
(0.00806917 0.0747776 0)
(0.0107956 0.0869588 0)
(0.0137503 0.0984868 0)
(0.0168812 0.109301 0)
(0.020142 0.119357 0)
(0.0234924 0.128629 0)
(0.0268987 0.137105 0)
(0.0303334 0.144789 0)
(0.0337748 0.151695 0)
(0.0372065 0.157846 0)
(0.0406168 0.16327 0)
(0.0439978 0.168001 0)
(0.0473449 0.172073 0)
(0.0506555 0.175521 0)
(0.0539287 0.178378 0)
(0.0571644 0.180676 0)
(0.060363 0.182444 0)
(0.0635244 0.183706 0)
(0.0666482 0.184485 0)
(0.0697333 0.184802 0)
(0.0727773 0.184672 0)
(0.0757771 0.184111 0)
(0.0787283 0.183133 0)
(0.0816255 0.181748 0)
(0.0844625 0.179968 0)
(0.0872322 0.177804 0)
(0.0899268 0.175266 0)
(0.0925379 0.172366 0)
(0.0950568 0.169113 0)
(0.0974746 0.165522 0)
(0.0997821 0.161604 0)
(0.10197 0.157373 0)
(0.104031 0.152843 0)
(0.105954 0.148032 0)
(0.107734 0.142954 0)
(0.10936 0.137627 0)
(0.110827 0.132069 0)
(0.112129 0.126298 0)
(0.113258 0.120334 0)
(0.114211 0.114194 0)
(0.114982 0.107898 0)
(0.115567 0.101465 0)
(0.115965 0.0949131 0)
(0.116171 0.0882608 0)
(0.116185 0.0815255 0)
(0.116005 0.0747239 0)
(0.11563 0.0678721 0)
(0.11506 0.0609849 0)
(0.114296 0.0540761 0)
(0.113337 0.0471581 0)
(0.112184 0.040242 0)
(0.110839 0.0333368 0)
(0.109302 0.0264498 0)
(0.107575 0.0195852 0)
(0.105657 0.0127439 0)
(0.103553 0.00592114 0)
(0.101248 -0.00089588 0)
(0.0987674 -0.00769642 0)
(0.0961143 -0.0144757 0)
(0.0932889 -0.0212465 0)
(0.0902961 -0.0280287 0)
(0.0871404 -0.0348495 0)
(0.083826 -0.0417456 0)
(0.0803571 -0.0487655 0)
(0.0767386 -0.0559713 0)
(0.0729757 -0.0634411 0)
(0.0690739 -0.0712711 0)
(0.0650396 -0.0795769 0)
(0.0608799 -0.0884943 0)
(0.0566032 -0.0981782 0)
(0.0522187 -0.108799 0)
(0.0477375 -0.120536 0)
(0.043172 -0.13357 0)
(0.0385362 -0.148063 0)
(0.0338452 -0.164147 0)
(0.0291156 -0.181898 0)
(0.0243649 -0.201317 0)
(0.0196101 -0.222303 0)
(0.0148689 -0.244637 0)
(0.0101658 -0.267967 0)
(0.00552052 -0.291824 0)
(0.000977332 -0.315597 0)
(-0.00339702 -0.33856 0)
(-0.00750623 -0.359781 0)
(-0.0112488 -0.378329 0)
(-0.0144837 -0.393063 0)
(-0.0170347 -0.402663 0)
(-0.0186827 -0.405529 0)
(-0.019194 -0.399746 0)
(-0.0183645 -0.383074 0)
(-0.0161023 -0.353052 0)
(-0.0125312 -0.307243 0)
(-0.00805205 -0.243636 0)
(-0.00343551 -0.161101 0)
(-0.000603068 -0.059686 0)
(7.5478e-05 0.00678396 0)
(0.000625282 0.0203105 0)
(0.0018254 0.0337119 0)
(0.00349644 0.0468927 0)
(0.00558152 0.0597508 0)
(0.00802631 0.0721846 0)
(0.010772 0.0841003 0)
(0.0137635 0.0954167 0)
(0.0169502 0.106068 0)
(0.0202866 0.116004 0)
(0.0237326 0.125194 0)
(0.0272535 0.133619 0)
(0.0308208 0.141277 0)
(0.034411 0.148177 0)
(0.038006 0.154337 0)
(0.041592 0.159781 0)
(0.0451592 0.164539 0)
(0.0487008 0.168643 0)
(0.0522123 0.172126 0)
(0.0556912 0.175019 0)
(0.0591359 0.177353 0)
(0.0625452 0.179157 0)
(0.0659181 0.180457 0)
(0.0692532 0.181275 0)
(0.0725485 0.181632 0)
(0.0758011 0.181546 0)
(0.0790072 0.181033 0)
(0.0821622 0.180107 0)
(0.0852604 0.178781 0)
(0.0882952 0.177067 0)
(0.0912593 0.174976 0)
(0.0941447 0.172519 0)
(0.0969429 0.169708 0)
(0.0996451 0.166555 0)
(0.102242 0.163071 0)
(0.104724 0.15927 0)
(0.107083 0.155165 0)
(0.109309 0.15077 0)
(0.111394 0.146102 0)
(0.113329 0.141175 0)
(0.115107 0.136007 0)
(0.116719 0.130614 0)
(0.11816 0.125016 0)
(0.119424 0.119228 0)
(0.120504 0.113271 0)
(0.121396 0.107162 0)
(0.122097 0.100919 0)
(0.122603 0.0945603 0)
(0.122911 0.0881033 0)
(0.123019 0.081565 0)
(0.122926 0.0749616 0)
(0.12263 0.0683084 0)
(0.122132 0.06162 0)
(0.121432 0.0549097 0)
(0.120529 0.0481897 0)
(0.119425 0.0414706 0)
(0.118121 0.0347616 0)
(0.116617 0.0280695 0)
(0.114915 0.0213989 0)
(0.113017 0.0147512 0)
(0.110924 0.00812213 0)
(0.108635 0.00150042 0)
(0.106139 -0.00511983 0)
(0.103472 -0.0117238 0)
(0.100628 -0.0183233 0)
(0.097611 -0.0249383 0)
(0.0944276 -0.0315966 0)
(0.0910834 -0.0383354 0)
(0.0875843 -0.0452034 0)
(0.0839372 -0.0522634 0)
(0.0801498 -0.0595942 0)
(0.0762304 -0.0672924 0)
(0.0721882 -0.0754747 0)
(0.0680335 -0.0842778 0)
(0.0637776 -0.0938576 0)
(0.0594326 -0.104386 0)
(0.0550118 -0.116043 0)
(0.050529 -0.12901 0)
(0.0459983 -0.143451 0)
(0.0414334 -0.159497 0)
(0.0368471 -0.177226 0)
(0.0322507 -0.196635 0)
(0.0276528 -0.217625 0)
(0.0230608 -0.239978 0)
(0.0184825 -0.263348 0)
(0.0139236 -0.287263 0)
(0.00939939 -0.311113 0)
(0.00493825 -0.334187 0)
(0.000593307 -0.35567 0)
(-0.00354248 -0.374604 0)
(-0.0073299 -0.389856 0)
(-0.0105938 -0.400176 0)
(-0.0131031 -0.403999 0)
(-0.014596 -0.399415 0)
(-0.0148174 -0.384121 0)
(-0.0136026 -0.355504 0)
(-0.0109886 -0.310863 0)
(-0.00729123 -0.247823 0)
(-0.00321126 -0.164833 0)
(-0.000590423 -0.0615211 0)
(7.30965e-05 0.00646057 0)
(0.00061012 0.0194091 0)
(0.00178756 0.0322962 0)
(0.00343503 0.0450243 0)
(0.00550107 0.0574891 0)
(0.00793613 0.069587 0)
(0.0106855 0.0812217 0)
(0.0136972 0.0923086 0)
(0.0169229 0.102777 0)
(0.0203181 0.112574 0)
(0.023843 0.121662 0)
(0.0274628 0.130017 0)
(0.0311479 0.137631 0)
(0.0348733 0.14451 0)
(0.0386193 0.150664 0)
(0.04237 0.156116 0)
(0.0461137 0.160892 0)
(0.0498414 0.16502 0)
(0.0535469 0.16853 0)
(0.0572257 0.171455 0)
(0.0608745 0.173822 0)
(0.0644909 0.175661 0)
(0.0680724 0.176998 0)
(0.0716165 0.177855 0)
(0.0751205 0.178254 0)
(0.0785807 0.178213 0)
(0.0819927 0.17775 0)
(0.0853514 0.176879 0)
(0.0886506 0.175615 0)
(0.0918837 0.173969 0)
(0.0950429 0.171954 0)
(0.09812 0.169583 0)
(0.101106 0.166865 0)
(0.103993 0.163814 0)
(0.106771 0.160442 0)
(0.10943 0.156762 0)
(0.111961 0.152788 0)
(0.114355 0.148532 0)
(0.116603 0.144012 0)
(0.118697 0.139241 0)
(0.120629 0.134237 0)
(0.12239 0.129015 0)
(0.123975 0.123594 0)
(0.125376 0.11799 0)
(0.126588 0.112221 0)
(0.127607 0.106305 0)
(0.128428 0.100259 0)
(0.129047 0.0940998 0)
(0.129462 0.0878451 0)
(0.129671 0.0815108 0)
(0.129671 0.0751127 0)
(0.129462 0.0686657 0)
(0.129043 0.0621836 0)
(0.128414 0.0556795 0)
(0.127575 0.049165 0)
(0.126528 0.0426506 0)
(0.125273 0.0361451 0)
(0.123811 0.0296554 0)
(0.122145 0.0231858 0)
(0.120274 0.0167378 0)
(0.118202 0.0103081 0)
(0.11593 0.00388684 0)
(0.113443 -0.00254028 0)
(0.110777 -0.00896228 0)
(0.107928 -0.0153852 0)
(0.104903 -0.021829 0)
(0.101707 -0.0283222 0)
(0.0983491 -0.0349026 0)
(0.0948368 -0.0416199 0)
(0.0911793 -0.0485375 0)
(0.0873867 -0.0557351 0)
(0.0834701 -0.0633105 0)
(0.0794421 -0.0713812 0)
(0.0753159 -0.0800851 0)
(0.0711061 -0.0895788 0)
(0.0668276 -0.100035 0)
(0.0624959 -0.111635 0)
(0.058126 -0.124558 0)
(0.0537317 -0.138969 0)
(0.0493247 -0.154997 0)
(0.0449131 -0.172716 0)
(0.040501 -0.192122 0)
(0.0360874 -0.213111 0)
(0.0316664 -0.235463 0)
(0.0272296 -0.258833 0)
(0.0227662 -0.282748 0)
(0.0182705 -0.306614 0)
(0.0137469 -0.329728 0)
(0.0092194 -0.351287 0)
(0.00474432 -0.370388 0)
(0.000427733 -0.386007 0)
(-0.00355221 -0.396896 0)
(-0.00694913 -0.401531 0)
(-0.0094723 -0.398039 0)
(-0.0108154 -0.38408 0)
(-0.0107382 -0.356907 0)
(-0.00918481 -0.313564 0)
(-0.00637572 -0.251309 0)
(-0.0029274 -0.168141 0)
(-0.000569255 -0.0632308 0)
(7.02949e-05 0.0061463 0)
(0.000591188 0.018529 0)
(0.0017385 0.0309078 0)
(0.00335206 0.0431828 0)
(0.00538631 0.0552485 0)
(0.00779698 0.0670001 0)
(0.0105341 0.0783394 0)
(0.0135491 0.0891794 0)
(0.0167964 0.0994469 0)
(0.0202331 0.109084 0)
(0.0238203 0.118049 0)
(0.0275229 0.126314 0)
(0.0313104 0.133866 0)
(0.0351571 0.140706 0)
(0.0390411 0.14684 0)
(0.0429451 0.152286 0)
(0.046855 0.157068 0)
(0.0507601 0.16121 0)
(0.0546521 0.164741 0)
(0.0585245 0.167691 0)
(0.0623725 0.170088 0)
(0.0661918 0.171959 0)
(0.0699787 0.173331 0)
(0.0737297 0.174227 0)
(0.0774407 0.174668 0)
(0.0811074 0.174674 0)
(0.0847248 0.174262 0)
(0.088287 0.173449 0)
(0.0917876 0.172249 0)
(0.0952194 0.170674 0)
(0.0985744 0.168739 0)
(0.101844 0.166455 0)
(0.10502 0.163835 0)
(0.108093 0.160891 0)
(0.111053 0.157634 0)
(0.11389 0.154079 0)
(0.116596 0.150239 0)
(0.11916 0.146128 0)
(0.121575 0.141759 0)
(0.12383 0.13715 0)
(0.125919 0.132314 0)
(0.127832 0.127269 0)
(0.129564 0.12203 0)
(0.131107 0.116615 0)
(0.132456 0.11104 0)
(0.133606 0.105322 0)
(0.134552 0.0994789 0)
(0.13529 0.0935261 0)
(0.135818 0.0874801 0)
(0.136133 0.0813567 0)
(0.136233 0.0751708 0)
(0.136117 0.0689369 0)
(0.135784 0.0626682 0)
(0.135235 0.0563775 0)
(0.134469 0.0500758 0)
(0.133487 0.0437733 0)
(0.13229 0.0374784 0)
(0.13088 0.0311978 0)
(0.129259 0.0249358 0)
(0.127429 0.0186939 0)
(0.12539 0.0124695 0)
(0.123147 0.00625382 0)
(0.120692 2.944e-05 0)
(0.118036 -0.00620551 0)
(0.115198 -0.0124477 0)
(0.112181 -0.0187172 0)
(0.108991 -0.0250435 0)
(0.105639 -0.0314656 0)
(0.102135 -0.0380342 0)
(0.098489 -0.044814 0)
(0.0947148 -0.0518859 0)
(0.0908266 -0.0593489 0)
(0.08684 -0.0673218 0)
(0.0827716 -0.0759434 0)
(0.0786392 -0.085371 0)
(0.0744605 -0.0957775 0)
(0.0702529 -0.107344 0)
(0.0660323 -0.120248 0)
(0.0618117 -0.134651 0)
(0.0575998 -0.15068 0)
(0.0533993 -0.168403 0)
(0.0492059 -0.187809 0)
(0.0450073 -0.208788 0)
(0.0407836 -0.231116 0)
(0.0365092 -0.254443 0)
(0.0321551 -0.278299 0)
(0.0276948 -0.302094 0)
(0.0231112 -0.325142 0)
(0.0184051 -0.346663 0)
(0.0136083 -0.365793 0)
(0.0088001 -0.381553 0)
(0.0041284 -0.392794 0)
(-0.000174545 -0.398083 0)
(-0.00377815 -0.395555 0)
(-0.00631925 -0.382865 0)
(-0.00747563 -0.357159 0)
(-0.00709288 -0.315238 0)
(-0.00528646 -0.253987 0)
(-0.00257435 -0.170945 0)
(-0.00053734 -0.0647803 0)
(6.70296e-05 0.00584317 0)
(0.000568204 0.017676 0)
(0.00167753 0.0295555 0)
(0.00324635 0.04138 0)
(0.0052356 0.053043 0)
(0.00760683 0.0644393 0)
(0.0103152 0.0754699 0)
(0.0133164 0.0860464 0)
(0.0165679 0.0960935 0)
(0.0200287 0.10555 0)
(0.0236609 0.114372 0)
(0.0274298 0.122526 0)
(0.0313045 0.129997 0)
(0.0352578 0.136779 0)
(0.0392668 0.142876 0)
(0.0433121 0.148302 0)
(0.0473778 0.153076 0)
(0.0514511 0.157222 0)
(0.0555217 0.160766 0)
(0.0595812 0.163734 0)
(0.0636227 0.166155 0)
(0.0676406 0.168055 0)
(0.0716297 0.16946 0)
(0.0755849 0.170393 0)
(0.0795012 0.170876 0)
(0.0833733 0.170929 0)
(0.0871954 0.17057 0)
(0.090961 0.169816 0)
(0.0946632 0.168682 0)
(0.0982943 0.167182 0)
(0.101846 0.165329 0)
(0.10531 0.163137 0)
(0.108677 0.160617 0)
(0.111937 0.157782 0)
(0.11508 0.154645 0)
(0.118098 0.151219 0)
(0.120981 0.147517 0)
(0.123718 0.143553 0)
(0.126301 0.139342 0)
(0.128721 0.134897 0)
(0.130969 0.130235 0)
(0.133039 0.12537 0)
(0.134921 0.120319 0)
(0.13661 0.115098 0)
(0.138101 0.109722 0)
(0.139386 0.104209 0)
(0.140462 0.0985744 0)
(0.141325 0.0928336 0)
(0.141972 0.0870026 0)
(0.142399 0.0810962 0)
(0.142606 0.075129 0)
(0.142591 0.0691147 0)
(0.142352 0.0630662 0)
(0.14189 0.0569954 0)
(0.141205 0.0509133 0)
(0.140298 0.0448292 0)
(0.139171 0.0387514 0)
(0.137824 0.0326862 0)
(0.13626 0.0266376 0)
(0.134482 0.020607 0)
(0.132491 0.0145922 0)
(0.130291 0.00858509 0)
(0.127884 0.00256979 0)
(0.125257 -0.00347039 0)
(0.122451 -0.00952863 0)
(0.119462 -0.0156222 0)
(0.116301 -0.0217812 0)
(0.112978 -0.0280464 0)
(0.109507 -0.03447 0)
(0.105899 -0.0411183 0)
(0.102173 -0.0480737 0)
(0.098344 -0.0554369 0)
(0.0944321 -0.0633277 0)
(0.0904572 -0.071886 0)
(0.0864401 -0.0812697 0)
(0.0824011 -0.0916508 0)
(0.0783594 -0.103209 0)
(0.0743311 -0.116119 0)
(0.0703275 -0.130538 0)
(0.0663532 -0.146586 0)
(0.0624044 -0.164323 0)
(0.0584669 -0.183729 0)
(0.0545158 -0.204686 0)
(0.050516 -0.226961 0)
(0.0464237 -0.250199 0)
(0.042191 -0.273927 0)
(0.0377708 -0.297563 0)
(0.033125 -0.320433 0)
(0.0282332 -0.341783 0)
(0.0231062 -0.360786 0)
(0.017801 -0.376521 0)
(0.0124427 -0.387913 0)
(0.00724604 -0.393628 0)
(0.00253246 -0.391909 0)
(-0.00128697 -0.380391 0)
(-0.00378181 -0.356152 0)
(-0.00468849 -0.315763 0)
(-0.00400574 -0.255745 0)
(-0.00214202 -0.173155 0)
(-0.000491762 -0.0661292 0)
(6.32343e-05 0.00555338 0)
(0.000540777 0.0168561 0)
(0.00160369 0.0282489 0)
(0.00311638 0.0396281 0)
(0.0050469 0.050887 0)
(0.00736321 0.0619205 0)
(0.0100262 0.0726301 0)
(0.0129963 0.0829269 0)
(0.0162341 0.0927347 0)
(0.0197015 0.101991 0)
(0.0233616 0.110647 0)
(0.0271803 0.11867 0)
(0.0311264 0.126038 0)
(0.0351718 0.132743 0)
(0.0392923 0.138785 0)
(0.0434668 0.144175 0)
(0.0476774 0.148928 0)
(0.0519094 0.153066 0)
(0.0561504 0.156611 0)
(0.0603899 0.15959 0)
(0.0646194 0.162028 0)
(0.0688313 0.163952 0)
(0.0730187 0.165387 0)
(0.0771754 0.166355 0)
(0.0812951 0.166879 0)
(0.0853714 0.16698 0)
(0.0893975 0.166674 0)
(0.0933664 0.165981 0)
(0.0972704 0.164915 0)
(0.101101 0.163491 0)
(0.104851 0.161724 0)
(0.10851 0.159625 0)
(0.112069 0.157208 0)
(0.115518 0.154487 0)
(0.118847 0.151473 0)
(0.122048 0.148179 0)
(0.125109 0.14462 0)
(0.128021 0.140807 0)
(0.130776 0.136756 0)
(0.133363 0.132481 0)
(0.135775 0.127996 0)
(0.138003 0.123317 0)
(0.140041 0.118458 0)
(0.14188 0.113435 0)
(0.143515 0.108265 0)
(0.144941 0.102961 0)
(0.146153 0.0975398 0)
(0.147147 0.0920166 0)
(0.147918 0.086406 0)
(0.148465 0.0807225 0)
(0.148786 0.0749799 0)
(0.148879 0.0691913 0)
(0.148743 0.063369 0)
(0.148378 0.0575243 0)
(0.147785 0.0516676 0)
(0.146964 0.045808 0)
(0.145916 0.0399529 0)
(0.144645 0.0341084 0)
(0.143152 0.028278 0)
(0.141441 0.022463 0)
(0.139514 0.016661 0)
(0.137374 0.0108648 0)
(0.135027 0.00505955 0)
(0.132462 -0.000778 0)
(0.129706 -0.00665027 0)
(0.126772 -0.0125673 0)
(0.123666 -0.0185603 0)
(0.120401 -0.0246718 0)
(0.116992 -0.030956 0)
(0.113456 -0.0374812 0)
(0.109812 -0.0443316 0)
(0.106081 -0.0516097 0)
(0.102284 -0.0594368 0)
(0.0984453 -0.0679534 0)
(0.094589 -0.0773172 0)
(0.0907373 -0.0876993 0)
(0.0869105 -0.0992761 0)
(0.083124 -0.112218 0)
(0.0793864 -0.126676 0)
(0.075697 -0.142759 0)
(0.0720437 -0.160517 0)
(0.0684009 -0.179919 0)
(0.0647297 -0.200835 0)
(0.060978 -0.22302 0)
(0.0570836 -0.246113 0)
(0.0529788 -0.269639 0)
(0.0485964 -0.29302 0)
(0.0438779 -0.315596 0)
(0.0387835 -0.336637 0)
(0.0333048 -0.355356 0)
(0.0274802 -0.370888 0)
(0.0214158 -0.382237 0)
(0.0153086 -0.388168 0)
(0.00946891 -0.387033 0)
(0.00432877 -0.376575 0)
(0.000382743 -0.353791 0)
(-0.00194909 -0.315018 0)
(-0.00252082 -0.256458 0)
(-0.00162215 -0.174671 0)
(-0.000429131 -0.0672304 0)
(5.88153e-05 0.00527936 0)
(0.000508398 0.0160762 0)
(0.00151579 0.0269982 0)
(0.00296031 0.03794 0)
(0.00481785 0.0487953 0)
(0.00706337 0.0594601 0)
(0.00966411 0.0698371 0)
(0.0125855 0.0798386 0)
(0.0157922 0.0893883 0)
(0.0192485 0.0984229 0)
(0.0229195 0.106893 0)
(0.0267715 0.114761 0)
(0.0307733 0.122005 0)
(0.0348962 0.128612 0)
(0.0391147 0.134581 0)
(0.043406 0.139917 0)
(0.0477505 0.144634 0)
(0.0521314 0.148749 0)
(0.0565343 0.152285 0)
(0.0609467 0.155265 0)
(0.065358 0.157713 0)
(0.0697589 0.159655 0)
(0.0741409 0.161115 0)
(0.0784961 0.162116 0)
(0.082817 0.16268 0)
(0.087096 0.162826 0)
(0.0913254 0.162575 0)
(0.0954973 0.161943 0)
(0.0996034 0.160947 0)
(0.103635 0.159601 0)
(0.107583 0.157921 0)
(0.111438 0.155919 0)
(0.115191 0.153609 0)
(0.118831 0.151003 0)
(0.122348 0.148115 0)
(0.125733 0.144957 0)
(0.128976 0.141544 0)
(0.132066 0.137887 0)
(0.134995 0.134 0)
(0.137753 0.129898 0)
(0.140331 0.125595 0)
(0.142722 0.121105 0)
(0.144918 0.116443 0)
(0.146912 0.111623 0)
(0.148698 0.106661 0)
(0.15027 0.101572 0)
(0.151623 0.0963694 0)
(0.152753 0.0910687 0)
(0.153656 0.0856838 0)
(0.154331 0.0802284 0)
(0.154774 0.0747157 0)
(0.154984 0.069158 0)
(0.15496 0.0635672 0)
(0.154703 0.0579539 0)
(0.154212 0.0523278 0)
(0.15349 0.0466975 0)
(0.152537 0.0410699 0)
(0.151356 0.0354503 0)
(0.14995 0.0298419 0)
(0.148323 0.0242455 0)
(0.146478 0.0186585 0)
(0.144421 0.0130739 0)
(0.142155 0.00747807 0)
(0.139685 0.00184845 0)
(0.137002 -0.00383696 0)
(0.13415 -0.00957973 0)
(0.13113 -0.0154104 0)
(0.127957 -0.0213737 0)
(0.124648 -0.0275265 0)
(0.121223 -0.0339395 0)
(0.117704 -0.0406994 0)
(0.114114 -0.0479101 0)
(0.110481 -0.0556945 0)
(0.10683 -0.0641935 0)
(0.103188 -0.0735642 0)
(0.0995796 -0.0839751 0)
(0.0960242 -0.0955983 0)
(0.0925357 -0.108598 0)
(0.0891186 -0.123114 0)
(0.0857651 -0.139245 0)
(0.0824528 -0.157027 0)
(0.0791433 -0.176415 0)
(0.0757814 -0.197261 0)
(0.0722974 -0.219311 0)
(0.0686096 -0.242194 0)
(0.0646303 -0.265432 0)
(0.0602726 -0.288454 0)
(0.0554591 -0.310612 0)
(0.0501324 -0.331202 0)
(0.044267 -0.349476 0)
(0.0378853 -0.364627 0)
(0.0310775 -0.375739 0)
(0.0240261 -0.381681 0)
(0.0170318 -0.380923 0)
(0.010529 -0.371319 0)
(0.00505837 -0.349911 0)
(0.00116462 -0.312906 0)
(-0.000819679 -0.256009 0)
(-0.00101172 -0.175387 0)
(-0.000348164 -0.068032 0)
(5.36484e-05 0.0050239 0)
(0.000470445 0.0153435 0)
(0.00141248 0.0258142 0)
(0.00277608 0.0363292 0)
(0.00454588 0.0467832 0)
(0.00670449 0.0570745 0)
(0.009226 0.0671083 0)
(0.0120814 0.076799 0)
(0.0152395 0.0860718 0)
(0.0186676 0.0948637 0)
(0.0223325 0.103124 0)
(0.0262016 0.110816 0)
(0.0302437 0.117913 0)
(0.0344297 0.124401 0)
(0.0387326 0.130275 0)
(0.0431284 0.135539 0)
(0.0475957 0.140203 0)
(0.0521156 0.144282 0)
(0.0566716 0.147795 0)
(0.0612494 0.150766 0)
(0.0658363 0.153216 0)
(0.070421 0.155169 0)
(0.0749934 0.156649 0)
(0.0795439 0.157679 0)
(0.0840637 0.158279 0)
(0.0885438 0.158471 0)
(0.0929756 0.158273 0)
(0.0973503 0.157703 0)
(0.101659 0.156777 0)
(0.105891 0.155512 0)
(0.110039 0.15392 0)
(0.114092 0.152017 0)
(0.11804 0.149816 0)
(0.121873 0.147329 0)
(0.12558 0.14457 0)
(0.129152 0.141552 0)
(0.132578 0.138287 0)
(0.135849 0.134788 0)
(0.138956 0.13107 0)
(0.141887 0.127145 0)
(0.144636 0.123027 0)
(0.147194 0.11873 0)
(0.149554 0.114268 0)
(0.151707 0.109656 0)
(0.153648 0.104907 0)
(0.155372 0.100036 0)
(0.156873 0.0950568 0)
(0.158147 0.0899831 0)
(0.15919 0.0848283 0)
(0.16 0.0796055 0)
(0.160575 0.0743271 0)
(0.160912 0.0690049 0)
(0.161013 0.0636499 0)
(0.160876 0.0582722 0)
(0.160502 0.0528809 0)
(0.159893 0.0474836 0)
(0.15905 0.0420868 0)
(0.157978 0.036695 0)
(0.156678 0.031311 0)
(0.155157 0.0259347 0)
(0.153417 0.020563 0)
(0.151466 0.0151889 0)
(0.149309 0.00979916 0)
(0.146952 0.00437239 0)
(0.144388 -0.00112208 0)
(0.141653 -0.00669374 0)
(0.138759 -0.0123677 0)
(0.135718 -0.0181908 0)
(0.132553 -0.024223 0)
(0.129286 -0.0305381 0)
(0.125942 -0.0372248 0)
(0.122549 -0.0443892 0)
(0.119137 -0.0521551 0)
(0.115735 -0.0606634 0)
(0.11237 -0.0700695 0)
(0.109068 -0.0805382 0)
(0.105848 -0.0922354 0)
(0.10272 -0.105316 0)
(0.0996821 -0.119908 0)
(0.0967173 -0.136095 0)
(0.0937912 -0.153896 0)
(0.09085 -0.173247 0)
(0.0878213 -0.193986 0)
(0.0846159 -0.215844 0)
(0.0811324 -0.23844 0)
(0.0772634 -0.261294 0)
(0.0729031 -0.283841 0)
(0.0679572 -0.305447 0)
(0.0623523 -0.325437 0)
(0.0560492 -0.343102 0)
(0.0490569 -0.357693 0)
(0.0414527 -0.368375 0)
(0.033407 -0.374123 0)
(0.0252115 -0.373538 0)
(0.0173021 -0.364603 0)
(0.0102499 -0.344435 0)
(0.00468754 -0.309183 0)
(0.00113293 -0.254284 0)
(-0.000307461 -0.175212 0)
(-0.00025369 -0.0684812 0)
(4.75768e-05 0.00479013 0)
(0.000426207 0.014666 0)
(0.00129228 0.0247084 0)
(0.00256166 0.0348096 0)
(0.00422865 0.0448663 0)
(0.00628419 0.0547803 0)
(0.00870976 0.0644607 0)
(0.0114822 0.0738254 0)
(0.0145747 0.0828023 0)
(0.0179579 0.09133 0)
(0.0216006 0.0993587 0)
(0.0254711 0.10685 0)
(0.0295386 0.113777 0)
(0.0337733 0.120123 0)
(0.0381474 0.125882 0)
(0.0426355 0.131053 0)
(0.0472144 0.135646 0)
(0.0518633 0.139673 0)
(0.0565637 0.143151 0)
(0.0612992 0.1461 0)
(0.0660551 0.148541 0)
(0.0708182 0.150498 0)
(0.0755766 0.151992 0)
(0.080319 0.153046 0)
(0.0850351 0.15368 0)
(0.0897147 0.153914 0)
(0.0943478 0.153768 0)
(0.0989248 0.15326 0)
(0.103436 0.152406 0)
(0.10787 0.151221 0)
(0.112219 0.14972 0)
(0.116471 0.147918 0)
(0.120616 0.145828 0)
(0.124643 0.143463 0)
(0.128543 0.140835 0)
(0.132305 0.137959 0)
(0.135918 0.134846 0)
(0.139373 0.131509 0)
(0.14266 0.127962 0)
(0.14577 0.124217 0)
(0.148694 0.120288 0)
(0.151424 0.116188 0)
(0.153952 0.11193 0)
(0.15627 0.107528 0)
(0.158374 0.102996 0)
(0.160256 0.0983474 0)
(0.161913 0.0935948 0)
(0.163339 0.0887516 0)
(0.164531 0.0838305 0)
(0.165488 0.0788439 0)
(0.166206 0.0738033 0)
(0.166684 0.06872 0)
(0.166922 0.063604 0)
(0.166921 0.0584649 0)
(0.16668 0.0533109 0)
(0.166203 0.048149 0)
(0.165492 0.0429848 0)
(0.164549 0.0378221 0)
(0.163381 0.0326628 0)
(0.16199 0.0275062 0)
(0.160385 0.0223485 0)
(0.158571 0.0171819 0)
(0.156555 0.0119937 0)
(0.154347 0.0067631 0)
(0.151953 0.00145955 0)
(0.14937 -0.00394762 0)
(0.146645 -0.00947435 0)
(0.143786 -0.015169 0)
(0.140817 -0.0210953 0)
(0.137764 -0.0273301 0)
(0.134656 -0.033965 0)
(0.131525 -0.0411077 0)
(0.128402 -0.0488825 0)
(0.125318 -0.0574294 0)
(0.122303 -0.0669011 0)
(0.11938 -0.0774567 0)
(0.116566 -0.0892537 0)
(0.113865 -0.102435 0)
(0.111267 -0.117114 0)
(0.108743 -0.133356 0)
(0.106244 -0.151161 0)
(0.103699 -0.170444 0)
(0.101017 -0.191024 0)
(0.098088 -0.212617 0)
(0.0947911 -0.234835 0)
(0.0909998 -0.257195 0)
(0.0865912 -0.279139 0)
(0.0814558 -0.300052 0)
(0.0755078 -0.319285 0)
(0.0686971 -0.336173 0)
(0.0610231 -0.350025 0)
(0.0525536 -0.360086 0)
(0.0434492 -0.365439 0)
(0.0339936 -0.364822 0)
(0.0246224 -0.356368 0)
(0.0159305 -0.337309 0)
(0.00862447 -0.303795 0)
(0.00336851 -0.251039 0)
(0.000508126 -0.174023 0)
(-0.000147014 -0.0685276 0)
(4.0415e-05 0.00458163 0)
(0.000374953 0.0140524 0)
(0.00115385 0.0236931 0)
(0.00231541 0.0333956 0)
(0.00386462 0.0430602 0)
(0.00580138 0.0525938 0)
(0.00811498 0.0619108 0)
(0.0107884 0.0709344 0)
(0.0137995 0.0795963 0)
(0.0171221 0.087838 0)
(0.0207271 0.0956113 0)
(0.0245841 0.102878 0)
(0.0286626 0.109611 0)
(0.0329324 0.115792 0)
(0.0373649 0.121413 0)
(0.0419333 0.126472 0)
(0.0466128 0.130975 0)
(0.0513807 0.134932 0)
(0.0562166 0.138359 0)
(0.061102 0.141274 0)
(0.0660203 0.143696 0)
(0.0709562 0.145647 0)
(0.075896 0.147148 0)
(0.0808267 0.14822 0)
(0.0857364 0.148883 0)
(0.0906135 0.149158 0)
(0.095447 0.149063 0)
(0.100226 0.148615 0)
(0.104939 0.147832 0)
(0.109577 0.146728 0)
(0.114127 0.14532 0)
(0.11858 0.14362 0)
(0.122924 0.141643 0)
(0.127149 0.139401 0)
(0.131244 0.136908 0)
(0.135199 0.134176 0)
(0.139003 0.131218 0)
(0.142646 0.128046 0)
(0.146119 0.124673 0)
(0.149412 0.121111 0)
(0.152516 0.117373 0)
(0.155423 0.113473 0)
(0.158126 0.109422 0)
(0.160618 0.105234 0)
(0.162891 0.100921 0)
(0.164941 0.0964973 0)
(0.166763 0.0919741 0)
(0.168353 0.0873642 0)
(0.169707 0.0826795 0)
(0.170822 0.0779314 0)
(0.171698 0.0731309 0)
(0.172333 0.0682884 0)
(0.172727 0.0634132 0)
(0.172881 0.058514 0)
(0.172795 0.0535982 0)
(0.172474 0.0486721 0)
(0.171919 0.0437403 0)
(0.171135 0.0388059 0)
(0.170127 0.0338696 0)
(0.168901 0.02893 0)
(0.167464 0.0239823 0)
(0.165825 0.019018 0)
(0.163991 0.0140236 0)
(0.161974 0.00897875 0)
(0.159784 0.00385329 0)
(0.157415 -0.0013927 0)
(0.154917 -0.00678347 0)
(0.152301 -0.0123644 0)
(0.149591 -0.0182029 0)
(0.14682 -0.0243795 0)
(0.144021 -0.030988 0)
(0.141226 -0.0381372 0)
(0.138471 -0.0459512 0)
(0.135787 -0.054568 0)
(0.133203 -0.0641356 0)
(0.130739 -0.0748056 0)
(0.128407 -0.0867245 0)
(0.126202 -0.10002 0)
(0.124102 -0.114789 0)
(0.122066 -0.131074 0)
(0.120026 -0.148852 0)
(0.117892 -0.168018 0)
(0.115553 -0.188371 0)
(0.112879 -0.209612 0)
(0.109729 -0.231344 0)
(0.10596 -0.253085 0)
(0.101434 -0.274287 0)
(0.0960282 -0.294354 0)
(0.0896491 -0.312669 0)
(0.0822392 -0.328609 0)
(0.0737928 -0.341543 0)
(0.0643721 -0.350798 0)
(0.0541313 -0.355562 0)
(0.0433474 -0.354715 0)
(0.0324537 -0.346551 0)
(0.0220622 -0.328457 0)
(0.0129408 -0.296644 0)
(0.00588205 -0.246187 0)
(0.0014609 -0.171636 0)
(-1.28162e-05 -0.0681073 0)
(3.19592e-05 0.00440243 0)
(0.000316051 0.013512 0)
(0.000996356 0.0227806 0)
(0.00203677 0.0321014 0)
(0.00345402 0.0413801 0)
(0.00525751 0.0505304 0)
(0.00744461 0.0594743 0)
(0.0100046 0.0681414 0)
(0.0129199 0.076469 0)
(0.0161677 0.0844027 0)
(0.0197211 0.0918967 0)
(0.0235509 0.0989146 0)
(0.027627 0.105429 0)
(0.0319191 0.111421 0)
(0.0363978 0.116881 0)
(0.041035 0.121805 0)
(0.0458044 0.126198 0)
(0.0506815 0.130069 0)
(0.0556442 0.133429 0)
(0.0606717 0.136296 0)
(0.0657456 0.138687 0)
(0.0708486 0.140622 0)
(0.0759651 0.142121 0)
(0.0810804 0.143205 0)
(0.086181 0.143893 0)
(0.0912538 0.144203 0)
(0.0962865 0.144156 0)
(0.101267 0.143768 0)
(0.106184 0.143055 0)
(0.111025 0.142033 0)
(0.115779 0.140717 0)
(0.120435 0.139121 0)
(0.124981 0.137258 0)
(0.129407 0.135142 0)
(0.133701 0.132785 0)
(0.137853 0.1302 0)
(0.141853 0.127399 0)
(0.145689 0.124393 0)
(0.149353 0.121197 0)
(0.152836 0.11782 0)
(0.156127 0.114276 0)
(0.15922 0.110577 0)
(0.162107 0.106736 0)
(0.164781 0.102763 0)
(0.167235 0.0986726 0)
(0.169465 0.0944753 0)
(0.171465 0.0901833 0)
(0.173232 0.0858081 0)
(0.174764 0.0813608 0)
(0.176056 0.0768523 0)
(0.177109 0.0722925 0)
(0.177922 0.067691 0)
(0.178494 0.0630564 0)
(0.178828 0.0583965 0)
(0.178925 0.0537177 0)
(0.178789 0.0490255 0)
(0.178423 0.0443235 0)
(0.177833 0.0396138 0)
(0.177024 0.0348963 0)
(0.176003 0.0301683 0)
(0.174779 0.025424 0)
(0.173362 0.0206539 0)
(0.171761 0.0158435 0)
(0.169989 0.0109721 0)
(0.168058 0.00600974 0)
(0.16598 0.000914602 0)
(0.163764 -0.00435583 0)
(0.161458 -0.00984241 0)
(0.159083 -0.0156167 0)
(0.156674 -0.021762 0)
(0.154267 -0.0283737 0)
(0.151898 -0.0355612 0)
(0.149602 -0.043447 0)
(0.147408 -0.0521653 0)
(0.145344 -0.0618574 0)
(0.143423 -0.072665 0)
(0.141649 -0.0847206 0)
(0.140006 -0.0981347 0)
(0.138457 -0.112981 0)
(0.136943 -0.129281 0)
(0.135376 -0.146987 0)
(0.133648 -0.165968 0)
(0.131625 -0.186006 0)
(0.129158 -0.206787 0)
(0.126088 -0.227907 0)
(0.122256 -0.248889 0)
(0.117513 -0.269196 0)
(0.111728 -0.288256 0)
(0.104803 -0.305486 0)
(0.0966783 -0.320308 0)
(0.0873472 -0.332151 0)
(0.0768716 -0.340421 0)
(0.0654035 -0.344414 0)
(0.053215 -0.343148 0)
(0.0407364 -0.335093 0)
(0.0285895 -0.317814 0)
(0.0175908 -0.287647 0)
(0.0086449 -0.239617 0)
(0.00254519 -0.167943 0)
(0.000152196 -0.067138 0)
(2.20084e-05 0.00425688 0)
(0.000249165 0.0130542 0)
(0.000819983 0.021983 0)
(0.00172727 0.0309403 0)
(0.00300038 0.0398395 0)
(0.00465855 0.0486037 0)
(0.0067073 0.0571645 0)
(0.00914204 0.0654597 0)
(0.0119498 0.0734337 0)
(0.015111 0.0810372 0)
(0.0186008 0.0882282 0)
(0.0223916 0.0949723 0)
(0.0264535 0.101243 0)
(0.0307563 0.107021 0)
(0.0352698 0.112297 0)
(0.039965 0.117065 0)
(0.0448141 0.121328 0)
(0.0497912 0.125092 0)
(0.054872 0.128369 0)
(0.0600342 0.131172 0)
(0.0652571 0.133519 0)
(0.0705216 0.135427 0)
(0.0758103 0.136916 0)
(0.0811067 0.138004 0)
(0.0863956 0.13871 0)
(0.0916625 0.139052 0)
(0.0968937 0.139049 0)
(0.102076 0.138718 0)
(0.107197 0.138074 0)
(0.112243 0.137133 0)
(0.117204 0.135909 0)
(0.122066 0.134418 0)
(0.126818 0.132671 0)
(0.131449 0.130681 0)
(0.135948 0.128462 0)
(0.140303 0.126025 0)
(0.144505 0.123382 0)
(0.148542 0.120545 0)
(0.152406 0.117526 0)
(0.156087 0.114337 0)
(0.159576 0.110988 0)
(0.162866 0.107493 0)
(0.165949 0.103861 0)
(0.168818 0.100106 0)
(0.171468 0.0962372 0)
(0.173893 0.0922672 0)
(0.17609 0.0882065 0)
(0.178054 0.0840659 0)
(0.179784 0.0798557 0)
(0.181277 0.0755857 0)
(0.182532 0.0712653 0)
(0.18355 0.0669029 0)
(0.184332 0.0625064 0)
(0.184879 0.0580825 0)
(0.185195 0.0536369 0)
(0.185283 0.0491739 0)
(0.185149 0.0446962 0)
(0.184797 0.0402049 0)
(0.184235 0.0356986 0)
(0.183472 0.0311736 0)
(0.182516 0.0266229 0)
(0.181379 0.0220356 0)
(0.180072 0.0173961 0)
(0.178609 0.0126823 0)
(0.177006 0.00786369 0)
(0.17528 0.00289789 0)
(0.173433 -0.00226729 0)
(0.171524 -0.00768305 0)
(0.169574 -0.0134214 0)
(0.167622 -0.0195669 0)
(0.165707 -0.0262155 0)
(0.163864 -0.0334752 0)
(0.162127 -0.0414656 0)
(0.160523 -0.050315 0)
(0.159071 -0.0601554 0)
(0.157777 -0.0711157 0)
(0.156633 -0.0833114 0)
(0.155606 -0.0968321 0)
(0.154643 -0.111728 0)
(0.153664 -0.127994 0)
(0.152561 -0.145557 0)
(0.151203 -0.164264 0)
(0.149435 -0.183876 0)
(0.147091 -0.204067 0)
(0.143996 -0.224432 0)
(0.13998 -0.244499 0)
(0.134885 -0.263747 0)
(0.128579 -0.281633 0)
(0.120963 -0.297608 0)
(0.11198 -0.311144 0)
(0.101629 -0.32173 0)
(0.0899775 -0.32885 0)
(0.0771785 -0.331905 0)
(0.0635033 -0.330051 0)
(0.0493784 -0.321936 0)
(0.0354299 -0.305328 0)
(0.0225093 -0.276737 0)
(0.0116144 -0.231237 0)
(0.00374352 -0.162835 0)
(0.000345893 -0.0655471 0)
(1.04008e-05 0.00414953 0)
(0.000174551 0.0126879 0)
(0.000626793 0.0213109 0)
(0.00139191 0.0299231 0)
(0.00251255 0.038449 0)
(0.00401764 0.0468241 0)
(0.00592058 0.0549915 0)
(0.00822261 0.0628995 0)
(0.010915 0.0705006 0)
(0.0139813 0.0777521 0)
(0.0173988 0.0846164 0)
(0.0211411 0.0910621 0)
(0.0251793 0.0970643 0)
(0.0294829 0.102605 0)
(0.0340216 0.107672 0)
(0.0387653 0.112261 0)
(0.0436852 0.116372 0)
(0.0487538 0.120011 0)
(0.053945 0.123186 0)
(0.0592349 0.12591 0)
(0.0646008 0.128199 0)
(0.0700219 0.130069 0)
(0.0754788 0.131536 0)
(0.0809533 0.132619 0)
(0.0864286 0.133336 0)
(0.0918888 0.133705 0)
(0.0973187 0.133742 0)
(0.102704 0.133464 0)
(0.108031 0.132887 0)
(0.113286 0.132026 0)
(0.118457 0.130894 0)
(0.12353 0.129506 0)
(0.128494 0.127875 0)
(0.133338 0.126012 0)
(0.138048 0.123931 0)
(0.142616 0.121643 0)
(0.147029 0.11916 0)
(0.151278 0.116492 0)
(0.155354 0.113652 0)
(0.159246 0.11065 0)
(0.162948 0.107497 0)
(0.16645 0.104205 0)
(0.169746 0.100783 0)
(0.17283 0.0972441 0)
(0.175696 0.0935972 0)
(0.17834 0.0898532 0)
(0.180757 0.0860222 0)
(0.182946 0.0821141 0)
(0.184903 0.0781382 0)
(0.186628 0.0741036 0)
(0.188121 0.0700185 0)
(0.189382 0.0658906 0)
(0.190413 0.0617268 0)
(0.191218 0.0575328 0)
(0.191799 0.0533133 0)
(0.192162 0.0490716 0)
(0.192312 0.0448094 0)
(0.192257 0.0405266 0)
(0.192003 0.0362206 0)
(0.191562 0.0318865 0)
(0.190943 0.0275159 0)
(0.190158 0.0230967 0)
(0.189221 0.0186116 0)
(0.188147 0.014037 0)
(0.186954 0.0093411 0)
(0.185662 0.00448004 0)
(0.18428 -0.000605993 0)
(0.182867 -0.00598123 0)
(0.181447 -0.0117171 0)
(0.180061 -0.0178983 0)
(0.178748 -0.0246194 0)
(0.177542 -0.0319856 0)
(0.176472 -0.0401107 0)
(0.175559 -0.0491147 0)
(0.174809 -0.0591175 0)
(0.174218 -0.070232 0)
(0.173759 -0.0825537 0)
(0.173382 -0.0961488 0)
(0.173013 -0.111041 0)
(0.172549 -0.127199 0)
(0.17186 -0.144523 0)
(0.170793 -0.162838 0)
(0.169176 -0.181887 0)
(0.166825 -0.201338 0)
(0.163555 -0.220784 0)
(0.159189 -0.239765 0)
(0.153567 -0.257782 0)
(0.146559 -0.274321 0)
(0.138072 -0.288875 0)
(0.128059 -0.300965 0)
(0.116531 -0.310142 0)
(0.103565 -0.315966 0)
(0.0893217 -0.317939 0)
(0.0740748 -0.315352 0)
(0.0582479 -0.307031 0)
(0.0424665 -0.290961 0)
(0.0276041 -0.263875 0)
(0.0147307 -0.220985 0)
(0.00503095 -0.156231 0)
(0.000564377 -0.0632728 0)
(-2.92018e-06 0.00408466 0)
(9.34881e-05 0.0124203 0)
(0.000421835 0.0207717 0)
(0.0010412 0.0290563 0)
(0.00200746 0.0372142 0)
(0.00335865 0.0451965 0)
(0.00511526 0.0529603 0)
(0.00728367 0.060466 0)
(0.00985896 0.0676757 0)
(0.0128274 0.074554 0)
(0.0161685 0.0810688 0)
(0.0198572 0.0871922 0)
(0.0238655 0.0929014 0)
(0.0281633 0.0981793 0)
(0.0327201 0.103015 0)
(0.0375052 0.107401 0)
(0.0424887 0.111339 0)
(0.047642 0.114832 0)
(0.0529376 0.117887 0)
(0.0583498 0.120516 0)
(0.0638542 0.122732 0)
(0.0694283 0.124549 0)
(0.0750509 0.125984 0)
(0.0807022 0.127054 0)
(0.0863637 0.127774 0)
(0.0920181 0.128162 0)
(0.0976488 0.128234 0)
(0.10324 0.128005 0)
(0.108778 0.127492 0)
(0.114248 0.126707 0)
(0.119635 0.125665 0)
(0.124928 0.12438 0)
(0.130114 0.122863 0)
(0.13518 0.121127 0)
(0.140115 0.119183 0)
(0.144908 0.117044 0)
(0.149548 0.114719 0)
(0.154025 0.11222 0)
(0.15833 0.109558 0)
(0.162453 0.106743 0)
(0.166388 0.103785 0)
(0.170126 0.100694 0)
(0.17366 0.0974809 0)
(0.176986 0.0941554 0)
(0.180098 0.0907272 0)
(0.182992 0.0872058 0)
(0.185665 0.0836004 0)
(0.188115 0.07992 0)
(0.19034 0.0761731 0)
(0.192341 0.0723676 0)
(0.194117 0.0685109 0)
(0.195671 0.0646097 0)
(0.197006 0.0606698 0)
(0.198125 0.056696 0)
(0.199033 0.052692 0)
(0.199735 0.04866 0)
(0.200239 0.0446006 0)
(0.200552 0.0405126 0)
(0.200684 0.0363922 0)
(0.200645 0.0322331 0)
(0.200446 0.0280256 0)
(0.200101 0.0237559 0)
(0.199625 0.019405 0)
(0.199035 0.0149474 0)
(0.198351 0.0103488 0)
(0.197596 0.00556243 0)
(0.196794 0.000523387 0)
(0.195983 -0.00484558 0)
(0.195211 -0.0106173 0)
(0.194513 -0.0168726 0)
(0.193924 -0.0237021 0)
(0.193473 -0.031205 0)
(0.193177 -0.0394874 0)
(0.193046 -0.0486575 0)
(0.193075 -0.0588204 0)
(0.193238 -0.0700701 0)
(0.19349 -0.0824794 0)
(0.193759 -0.096089 0)
(0.193947 -0.110895 0)
(0.193927 -0.126839 0)
(0.193549 -0.143797 0)
(0.19264 -0.161573 0)
(0.19101 -0.179898 0)
(0.188467 -0.198434 0)
(0.184817 -0.216782 0)
(0.179883 -0.234496 0)
(0.17351 -0.251102 0)
(0.165578 -0.266123 0)
(0.156005 -0.279097 0)
(0.144763 -0.289594 0)
(0.131879 -0.297228 0)
(0.117446 -0.301636 0)
(0.101639 -0.302414 0)
(0.0847384 -0.298983 0)
(0.0671657 -0.290341 0)
(0.049542 -0.2747 0)
(0.0327508 -0.249053 0)
(0.0179122 -0.20884 0)
(0.00637255 -0.14808 0)
(0.000801919 -0.0602699 0)
(-1.77623e-05 0.00406567 0)
(8.88512e-06 0.012255 0)
(0.000214603 0.0203667 0)
(0.000693575 0.0283388 0)
(0.00151374 0.0361322 0)
(0.0027208 0.0437172 0)
(0.00434097 0.0510674 0)
(0.00638467 0.0581566 0)
(0.00885005 0.0649577 0)
(0.0117259 0.0714433 0)
(0.0149937 0.0775872 0)
(0.0186302 0.0833657 0)
(0.0226083 0.0887586 0)
(0.0268987 0.0937505 0)
(0.0314711 0.0983304 0)
(0.0362945 0.102492 0)
(0.0413385 0.106235 0)
(0.0465734 0.109562 0)
(0.0519705 0.112478 0)
(0.0575028 0.114994 0)
(0.0631444 0.117121 0)
(0.068871 0.118872 0)
(0.07466 0.120262 0)
(0.0804899 0.121306 0)
(0.0863409 0.12202 0)
(0.092194 0.12242 0)
(0.0980315 0.12252 0)
(0.103837 0.122335 0)
(0.109594 0.12188 0)
(0.115289 0.121168 0)
(0.120906 0.120213 0)
(0.126432 0.119027 0)
(0.131854 0.117623 0)
(0.13716 0.116011 0)
(0.142338 0.114203 0)
(0.147377 0.11221 0)
(0.152266 0.110042 0)
(0.156995 0.10771 0)
(0.161556 0.105223 0)
(0.16594 0.102591 0)
(0.170139 0.0998244 0)
(0.174147 0.0969317 0)
(0.177956 0.0939226 0)
(0.181563 0.090806 0)
(0.184963 0.0875909 0)
(0.188152 0.0842858 0)
(0.191129 0.0808991 0)
(0.193892 0.0774386 0)
(0.19644 0.0739118 0)
(0.198775 0.0703258 0)
(0.200898 0.0666869 0)
(0.202812 0.0630008 0)
(0.204521 0.0592723 0)
(0.206028 0.0555051 0)
(0.207341 0.051702 0)
(0.208465 0.0478641 0)
(0.209409 0.043991 0)
(0.210181 0.0400802 0)
(0.210792 0.0361268 0)
(0.211252 0.0321231 0)
(0.211574 0.028058 0)
(0.211773 0.0239158 0)
(0.211865 0.0196757 0)
(0.211869 0.0153093 0)
(0.211806 0.0107791 0)
(0.211704 0.00603332 0)
(0.211594 0.00100067 0)
(0.211527 -0.00440265 0)
(0.211538 -0.0102511 0)
(0.21166 -0.0166174 0)
(0.211918 -0.0235846 0)
(0.21233 -0.031244 0)
(0.212901 -0.0396905 0)
(0.213623 -0.0490183 0)
(0.21447 -0.0593144 0)
(0.215398 -0.0706514 0)
(0.216335 -0.0830776 0)
(0.217188 -0.0966068 0)
(0.217831 -0.111209 0)
(0.218118 -0.126798 0)
(0.217877 -0.143229 0)
(0.216918 -0.160289 0)
(0.215044 -0.177702 0)
(0.212053 -0.19513 0)
(0.207755 -0.212185 0)
(0.201978 -0.228442 0)
(0.19458 -0.24346 0)
(0.185456 -0.256801 0)
(0.174549 -0.268048 0)
(0.16185 -0.276829 0)
(0.147413 -0.282817 0)
(0.131354 -0.285723 0)
(0.113865 -0.285232 0)
(0.0952391 -0.280886 0)
(0.075897 -0.271849 0)
(0.0564527 -0.256562 0)
(0.0377883 -0.232305 0)
(0.0210516 -0.194827 0)
(0.00772069 -0.138382 0)
(0.00104998 -0.0565153 0)
(-3.34801e-05 0.00409404 0)
(-7.38136e-05 0.0121891 0)
(2.09495e-05 0.0200878 0)
(0.000378506 0.027758 0)
(0.00107595 0.0351878 0)
(0.00216412 0.0423701 0)
(0.00367288 0.0492974 0)
(0.00561516 0.0559578 0)
(0.00799127 0.0623355 0)
(0.0107921 0.0684113 0)
(0.0140012 0.0741653 0)
(0.0175971 0.0795784 0)
(0.0215542 0.0846336 0)
(0.0258444 0.0893172 0)
(0.0304379 0.0936194 0)
(0.0353042 0.0975345 0)
(0.0404125 0.101061 0)
(0.0457326 0.1042 0)
(0.0512352 0.106958 0)
(0.0568917 0.109343 0)
(0.0626754 0.111364 0)
(0.0685604 0.113034 0)
(0.0745228 0.114365 0)
(0.0805397 0.115373 0)
(0.0865898 0.11607 0)
(0.092653 0.116471 0)
(0.0987104 0.116591 0)
(0.104744 0.116442 0)
(0.110738 0.11604 0)
(0.116676 0.115395 0)
(0.122543 0.114522 0)
(0.128325 0.113431 0)
(0.134009 0.112134 0)
(0.139582 0.110643 0)
(0.145033 0.108966 0)
(0.15035 0.107116 0)
(0.155523 0.1051 0)
(0.160543 0.10293 0)
(0.1654 0.100613 0)
(0.170087 0.0981594 0)
(0.174597 0.0955777 0)
(0.178923 0.0928764 0)
(0.18306 0.0900638 0)
(0.187004 0.0871482 0)
(0.190751 0.0841373 0)
(0.194299 0.0810389 0)
(0.197647 0.0778601 0)
(0.200793 0.0746079 0)
(0.20374 0.0712888 0)
(0.206487 0.0679087 0)
(0.20904 0.064473 0)
(0.2114 0.0609863 0)
(0.213573 0.0574525 0)
(0.215564 0.0538743 0)
(0.21738 0.0502535 0)
(0.219029 0.0465902 0)
(0.220518 0.0428829 0)
(0.221859 0.0391282 0)
(0.22306 0.0353198 0)
(0.224134 0.0314488 0)
(0.225095 0.0275023 0)
(0.225958 0.0234629 0)
(0.226739 0.0193071 0)
(0.227461 0.0150037 0)
(0.228147 0.0105104 0)
(0.228827 0.00576901 0)
(0.229546 0.00069696 0)
(0.23037 -0.004792 0)
(0.231301 -0.0107559 0)
(0.232368 -0.0172598 0)
(0.23358 -0.0243789 0)
(0.234937 -0.0321938 0)
(0.236427 -0.0407858 0)
(0.238021 -0.0502321 0)
(0.239668 -0.0605999 0)
(0.2413 -0.0719384 0)
(0.242821 -0.0842704 0)
(0.24411 -0.0975837 0)
(0.245021 -0.111822 0)
(0.245385 -0.126878 0)
(0.245016 -0.142587 0)
(0.243715 -0.158726 0)
(0.241278 -0.175017 0)
(0.237508 -0.191127 0)
(0.232223 -0.206688 0)
(0.225266 -0.221302 0)
(0.216516 -0.234562 0)
(0.205894 -0.246076 0)
(0.193369 -0.255477 0)
(0.178967 -0.262448 0)
(0.162771 -0.266725 0)
(0.144926 -0.268086 0)
(0.12565 -0.266302 0)
(0.105248 -0.261023 0)
(0.0841442 -0.251571 0)
(0.0629436 -0.236609 0)
(0.0425157 -0.213722 0)
(0.0240139 -0.179037 0)
(0.00901329 -0.127192 0)
(0.00129646 -0.052017 0)
(-4.91254e-05 0.00416731 0)
(-0.000145291 0.0122107 0)
(-0.000134095 0.0199122 0)
(0.000139802 0.0272846 0)
(0.000759334 0.0343476 0)
(0.00177572 0.041121 0)
(0.00321956 0.0476173 0)
(0.00510433 0.0538394 0)
(0.00743139 0.059782 0)
(0.0101933 0.0654346 0)
(0.0133757 0.0707834 0)
(0.0169592 0.0758138 0)
(0.0209202 0.0805124 0)
(0.0252323 0.0848677 0)
(0.0298668 0.0888715 0)
(0.0347941 0.0925186 0)
(0.0399838 0.0958075 0)
(0.0454055 0.0987396 0)
(0.0510294 0.10132 0)
(0.0568266 0.103554 0)
(0.0627691 0.105452 0)
(0.0688303 0.107025 0)
(0.0749849 0.108283 0)
(0.081209 0.10924 0)
(0.0874802 0.109907 0)
(0.0937773 0.110299 0)
(0.100081 0.110428 0)
(0.106371 0.110307 0)
(0.112632 0.109948 0)
(0.118846 0.109363 0)
(0.124999 0.108564 0)
(0.131075 0.107561 0)
(0.137061 0.106365 0)
(0.142946 0.104987 0)
(0.148716 0.103435 0)
(0.154361 0.10172 0)
(0.159872 0.0998492 0)
(0.165238 0.0978326 0)
(0.170451 0.0956781 0)
(0.175505 0.093394 0)
(0.180393 0.090988 0)
(0.185109 0.0884678 0)
(0.189648 0.0858409 0)
(0.194007 0.0831143 0)
(0.198184 0.080295 0)
(0.202177 0.0773895 0)
(0.205986 0.0744041 0)
(0.209611 0.0713446 0)
(0.213054 0.0682164 0)
(0.216318 0.0650245 0)
(0.219405 0.0617733 0)
(0.222322 0.0584663 0)
(0.225073 0.0551066 0)
(0.227665 0.051696 0)
(0.230105 0.0482352 0)
(0.232402 0.0447236 0)
(0.234563 0.0411589 0)
(0.236599 0.0375364 0)
(0.23852 0.0338488 0)
(0.240338 0.0300856 0)
(0.242068 0.0262322 0)
(0.243725 0.022269 0)
(0.245329 0.0181696 0)
(0.246902 0.0138981 0)
(0.248474 0.0094052 0)
(0.250079 0.00462107 0)
(0.251801 -0.000543447 0)
(0.253636 -0.00615556 0)
(0.255603 -0.0122565 0)
(0.257704 -0.0189029 0)
(0.259927 -0.0261606 0)
(0.26225 -0.0340973 0)
(0.264637 -0.0427786 0)
(0.267034 -0.0522631 0)
(0.269367 -0.0625964 0)
(0.271539 -0.0738042 0)
(0.27343 -0.0858847 0)
(0.274895 -0.0988014 0)
(0.275771 -0.112476 0)
(0.275872 -0.126782 0)
(0.275004 -0.141543 0)
(0.272964 -0.156533 0)
(0.269555 -0.171475 0)
(0.26459 -0.186053 0)
(0.257906 -0.19992 0)
(0.249371 -0.212713 0)
(0.238894 -0.224068 0)
(0.226429 -0.233636 0)
(0.211984 -0.241108 0)
(0.195622 -0.246221 0)
(0.177464 -0.248771 0)
(0.157689 -0.248601 0)
(0.136544 -0.245558 0)
(0.114353 -0.239392 0)
(0.0915425 -0.229566 0)
(0.0687058 -0.214954 0)
(0.0466912 -0.193457 0)
(0.0266359 -0.161632 0)
(0.0101734 -0.114636 0)
(0.00152538 -0.0468222 0)
(-6.28733e-05 0.00427757 0)
(-0.000192553 0.0122919 0)
(-0.000214688 0.019798 0)
(4.02625e-05 0.0268647 0)
(0.000655018 0.033553 0)
(0.00167636 0.0399105 0)
(0.0031313 0.0459697 0)
(0.00503144 0.0517473 0)
(0.00737806 0.0572479 0)
(0.0101649 0.0624685 0)
(0.0133797 0.0674009 0)
(0.0170054 0.0720354 0)
(0.021021 0.076362 0)
(0.025402 0.080372 0)
(0.0301218 0.0840589 0)
(0.035152 0.0874188 0)
(0.0404631 0.0904505 0)
(0.0460253 0.0931556 0)
(0.051809 0.095538 0)
(0.0577849 0.0976038 0)
(0.0639247 0.099361 0)
(0.0702013 0.100819 0)
(0.0765885 0.101987 0)
(0.0830617 0.102878 0)
(0.0895976 0.103502 0)
(0.0961743 0.103871 0)
(0.102771 0.103997 0)
(0.109369 0.103892 0)
(0.11595 0.103565 0)
(0.122497 0.103029 0)
(0.128994 0.102293 0)
(0.135427 0.101368 0)
(0.141782 0.100264 0)
(0.148046 0.0989881 0)
(0.154209 0.0975507 0)
(0.160259 0.0959597 0)
(0.166187 0.0942234 0)
(0.171984 0.0923492 0)
(0.177643 0.0903449 0)
(0.183155 0.0882174 0)
(0.188517 0.0859737 0)
(0.193722 0.0836205 0)
(0.198768 0.0811642 0)
(0.203651 0.0786108 0)
(0.20837 0.0759661 0)
(0.212925 0.0732358 0)
(0.217314 0.070425 0)
(0.221541 0.0675385 0)
(0.225607 0.0645807 0)
(0.229516 0.0615556 0)
(0.233273 0.0584665 0)
(0.236881 0.0553163 0)
(0.240349 0.0521071 0)
(0.243681 0.0488398 0)
(0.246885 0.0455147 0)
(0.24997 0.0421302 0)
(0.252944 0.0386833 0)
(0.255815 0.0351685 0)
(0.258595 0.0315772 0)
(0.261295 0.0278972 0)
(0.26393 0.0241118 0)
(0.266515 0.0201986 0)
(0.269072 0.0161275 0)
(0.271629 0.0118562 0)
(0.274217 0.00732227 0)
(0.276888 0.00244022 0)
(0.279747 -0.00286361 0)
(0.282698 -0.00860885 0)
(0.285758 -0.0148341 0)
(0.288903 -0.0215898 0)
(0.292097 -0.0289301 0)
(0.295295 -0.0369083 0)
(0.298435 -0.0455729 0)
(0.301437 -0.0549633 0)
(0.304201 -0.0651035 0)
(0.306605 -0.0759968 0)
(0.308508 -0.0876194 0)
(0.309748 -0.0999138 0)
(0.310146 -0.112784 0)
(0.309512 -0.126093 0)
(0.30765 -0.139657 0)
(0.304366 -0.153253 0)
(0.299476 -0.166617 0)
(0.292816 -0.179452 0)
(0.284253 -0.191444 0)
(0.273689 -0.202265 0)
(0.261072 -0.211599 0)
(0.2464 -0.219148 0)
(0.229726 -0.224657 0)
(0.211156 -0.227919 0)
(0.190856 -0.228789 0)
(0.169044 -0.227169 0)
(0.145997 -0.222974 0)
(0.122058 -0.216038 0)
(0.0976595 -0.20595 0)
(0.0733794 -0.191782 0)
(0.0500356 -0.171745 0)
(0.0287296 -0.142865 0)
(0.0111111 -0.100928 0)
(0.00171719 -0.0410261 0)
(-7.17365e-05 0.00440841 0)
(-0.000196677 0.0123842 0)
(-0.000172508 0.019673 0)
(0.00016385 0.0264145 0)
(0.000885059 0.0327124 0)
(0.00202681 0.0386454 0)
(0.00360829 0.0442633 0)
(0.00563676 0.0495941 0)
(0.00811209 0.0546504 0)
(0.0110287 0.0594349 0)
(0.0143763 0.0639448 0)
(0.0181402 0.0681746 0)
(0.0223021 0.0721178 0)
(0.0268402 0.0757689 0)
(0.0317301 0.0791234 0)
(0.0369452 0.0821792 0)
(0.0424576 0.0849359 0)
(0.0482385 0.0873954 0)
(0.0542589 0.0895615 0)
(0.0604901 0.0914398 0)
(0.0669037 0.0930373 0)
(0.0734724 0.0943622 0)
(0.08017 0.0954237 0)
(0.0869714 0.0962315 0)
(0.0938529 0.0967957 0)
(0.100792 0.0971266 0)
(0.107768 0.0972344 0)
(0.114761 0.0971294 0)
(0.121753 0.0968213 0)
(0.128726 0.0963199 0)
(0.135665 0.0956343 0)
(0.142556 0.0947734 0)
(0.149384 0.0937458 0)
(0.156137 0.0925595 0)
(0.162804 0.0912222 0)
(0.169375 0.0897413 0)
(0.17584 0.088124 0)
(0.182192 0.0863769 0)
(0.188422 0.0845064 0)
(0.194524 0.0825189 0)
(0.200495 0.08042 0)
(0.206328 0.0782155 0)
(0.212022 0.0759108 0)
(0.217574 0.0735108 0)
(0.222983 0.0710203 0)
(0.228248 0.068444 0)
(0.233372 0.0657858 0)
(0.238355 0.0630496 0)
(0.243201 0.060239 0)
(0.247913 0.0573568 0)
(0.252495 0.0544057 0)
(0.256953 0.0513878 0)
(0.261293 0.0483045 0)
(0.26552 0.0451564 0)
(0.269641 0.0419428 0)
(0.273663 0.0386619 0)
(0.277594 0.0353101 0)
(0.281442 0.0318811 0)
(0.285215 0.0283648 0)
(0.288924 0.024747 0)
(0.292585 0.0210081 0)
(0.296216 0.0171216 0)
(0.299841 0.0130518 0)
(0.303493 0.00874359 0)
(0.307218 0.0041154 0)
(0.311128 -0.000911441 0)
(0.315122 -0.0063425 0)
(0.319166 -0.0121816 0)
(0.323236 -0.0184676 0)
(0.327281 -0.0252446 0)
(0.331243 -0.0325545 0)
(0.335051 -0.0404354 0)
(0.338618 -0.0489185 0)
(0.34184 -0.0580242 0)
(0.344595 -0.0677571 0)
(0.346741 -0.0781007 0)
(0.348121 -0.0890128 0)
(0.348563 -0.100421 0)
(0.347885 -0.112217 0)
(0.345899 -0.12426 0)
(0.342421 -0.136368 0)
(0.337274 -0.148328 0)
(0.330303 -0.159894 0)
(0.321377 -0.1708 0)
(0.310401 -0.180764 0)
(0.297322 -0.189507 0)
(0.282139 -0.196757 0)
(0.264898 -0.202273 0)
(0.245706 -0.205852 0)
(0.22472 -0.207345 0)
(0.20215 -0.206659 0)
(0.178256 -0.203748 0)
(0.153347 -0.198586 0)
(0.127785 -0.191078 0)
(0.102004 -0.180919 0)
(0.0765631 -0.16736 0)
(0.0522428 -0.148912 0)
(0.0300904 -0.123085 0)
(0.0117275 -0.0863732 0)
(0.00184975 -0.0347791 0)
(-7.14462e-05 0.0045315 0)
(-0.0001323 0.0124117 0)
(5.67965e-05 0.0194312 0)
(0.000618995 0.0258068 0)
(0.00160425 0.0316909 0)
(0.00303144 0.0371881 0)
(0.004907 0.0423613 0)
(0.00723148 0.0472456 0)
(0.0100021 0.0518585 0)
(0.0132132 0.0562071 0)
(0.0168559 0.0602923 0)
(0.0209177 0.0641126 0)
(0.0253827 0.067665 0)
(0.0302316 0.070947 0)
(0.0354424 0.0739569 0)
(0.0409906 0.0766942 0)
(0.0468501 0.0791601 0)
(0.0529934 0.0813571 0)
(0.0593929 0.0832892 0)
(0.0660204 0.0849617 0)
(0.0728485 0.0863811 0)
(0.07985 0.0875547 0)
(0.0869989 0.0884906 0)
(0.0942704 0.0891972 0)
(0.101641 0.0896834 0)
(0.109087 0.089958 0)
(0.116589 0.0900301 0)
(0.124126 0.0899083 0)
(0.13168 0.0896013 0)
(0.139234 0.0891174 0)
(0.146772 0.0884647 0)
(0.15428 0.0876507 0)
(0.161744 0.0866828 0)
(0.169152 0.0855679 0)
(0.176492 0.0843128 0)
(0.183756 0.0829238 0)
(0.190933 0.0814067 0)
(0.198015 0.0797674 0)
(0.204997 0.0780113 0)
(0.211872 0.0761435 0)
(0.218634 0.0741688 0)
(0.225281 0.0720919 0)
(0.231809 0.069917 0)
(0.238216 0.0676484 0)
(0.244502 0.0652897 0)
(0.250666 0.0628445 0)
(0.256708 0.060316 0)
(0.262631 0.0577071 0)
(0.268437 0.0550205 0)
(0.274128 0.0522585 0)
(0.279709 0.0494229 0)
(0.285184 0.0465155 0)
(0.290556 0.0435371 0)
(0.295831 0.0404881 0)
(0.301014 0.0373675 0)
(0.306108 0.034173 0)
(0.31112 0.0309008 0)
(0.316054 0.0275438 0)
(0.320919 0.0240901 0)
(0.325724 0.0205223 0)
(0.330486 0.0168171 0)
(0.335229 0.0129394 0)
(0.33998 0.00883968 0)
(0.344788 0.00444537 0)
(0.349759 -0.000320146 0)
(0.354789 -0.00544725 0)
(0.359768 -0.0109118 0)
(0.364674 -0.0167345 0)
(0.369447 -0.0229512 0)
(0.374017 -0.0295957 0)
(0.378305 -0.0366966 0)
(0.382216 -0.0442772 0)
(0.385644 -0.0523528 0)
(0.388466 -0.0609268 0)
(0.390542 -0.0699872 0)
(0.391722 -0.0795022 0)
(0.391842 -0.0894168 0)
(0.39073 -0.0996491 0)
(0.388212 -0.110089 0)
(0.384115 -0.120594 0)
(0.378278 -0.130997 0)
(0.370557 -0.141099 0)
(0.360832 -0.150683 0)
(0.349019 -0.159515 0)
(0.335073 -0.167358 0)
(0.318997 -0.173977 0)
(0.300843 -0.179154 0)
(0.280719 -0.182701 0)
(0.258785 -0.18447 0)
(0.235252 -0.184362 0)
(0.210378 -0.182332 0)
(0.184463 -0.17838 0)
(0.157843 -0.172523 0)
(0.130893 -0.164724 0)
(0.104046 -0.154766 0)
(0.0778371 -0.142056 0)
(0.0529995 -0.125386 0)
(0.0305117 -0.102748 0)
(0.0119233 -0.0713754 0)
(0.00190013 -0.0282898 0)
(-5.59416e-05 0.00460158 0)
(3.48679e-05 0.0122654 0)
(0.000552843 0.0189187 0)
(0.00153606 0.0248653 0)
(0.00299956 0.0303 0)
(0.00493845 0.0353439 0)
(0.0073431 0.0400656 0)
(0.0102055 0.0445021 0)
(0.0135187 0.0486723 0)
(0.0172758 0.0525852 0)
(0.0214679 0.0562447 0)
(0.0260836 0.0596523 0)
(0.0311082 0.0628085 0)
(0.0365241 0.0657138 0)
(0.042311 0.0683692 0)
(0.048446 0.0707764 0)
(0.0549046 0.0729379 0)
(0.0616608 0.0748574 0)
(0.068688 0.0765392 0)
(0.0759592 0.0779889 0)
(0.0834478 0.0792123 0)
(0.0911273 0.0802162 0)
(0.0989723 0.0810077 0)
(0.106958 0.0815941 0)
(0.115062 0.0819831 0)
(0.12326 0.0821822 0)
(0.131533 0.0821992 0)
(0.13986 0.0820413 0)
(0.148223 0.081716 0)
(0.156605 0.0812302 0)
(0.164991 0.0805906 0)
(0.173365 0.0798038 0)
(0.181714 0.0788758 0)
(0.190026 0.0778125 0)
(0.19829 0.0766194 0)
(0.206495 0.0753018 0)
(0.214633 0.0738645 0)
(0.222696 0.0723124 0)
(0.230676 0.0706497 0)
(0.238566 0.0688807 0)
(0.246363 0.0670092 0)
(0.254061 0.065039 0)
(0.261657 0.0629733 0)
(0.269149 0.0608154 0)
(0.276533 0.0585683 0)
(0.28381 0.0562346 0)
(0.290979 0.0538167 0)
(0.298039 0.051317 0)
(0.304991 0.0487373 0)
(0.311838 0.0460795 0)
(0.318579 0.0433451 0)
(0.325217 0.0405355 0)
(0.331753 0.0376516 0)
(0.338188 0.0346939 0)
(0.344525 0.0316612 0)
(0.350764 0.028551 0)
(0.356908 0.0253593 0)
(0.362959 0.0220782 0)
(0.368922 0.0186919 0)
(0.374812 0.0151772 0)
(0.380645 0.0115021 0)
(0.386458 0.00761743 0)
(0.392278 0.00345016 0)
(0.398255 -0.00105527 0)
(0.404148 -0.00585391 0)
(0.409856 -0.0109121 0)
(0.415345 -0.0162381 0)
(0.42055 -0.0218601 0)
(0.425394 -0.0278047 0)
(0.429792 -0.0340931 0)
(0.433647 -0.0407413 0)
(0.43685 -0.0477592 0)
(0.43928 -0.0551483 0)
(0.440804 -0.0628985 0)
(0.441279 -0.0709857 0)
(0.440553 -0.0793683 0)
(0.438467 -0.0879846 0)
(0.434865 -0.0967511 0)
(0.429592 -0.105561 0)
(0.422505 -0.114284 0)
(0.413479 -0.122767 0)
(0.402412 -0.13084 0)
(0.389236 -0.138317 0)
(0.373921 -0.145005 0)
(0.356482 -0.150711 0)
(0.336984 -0.155252 0)
(0.315542 -0.158462 0)
(0.292326 -0.160206 0)
(0.267552 -0.160384 0)
(0.241484 -0.158946 0)
(0.214423 -0.155884 0)
(0.1867 -0.151234 0)
(0.158673 -0.145044 0)
(0.13072 -0.137318 0)
(0.103262 -0.127907 0)
(0.0768023 -0.116353 0)
(0.0520192 -0.101706 0)
(0.02981 -0.0824126 0)
(0.0116097 -0.0564337 0)
(0.00184712 -0.0218227 0)
(-1.49539e-05 0.00455177 0)
(0.000346643 0.0117913 0)
(0.0014053 0.0179309 0)
(0.0030607 0.0233561 0)
(0.00528024 0.028286 0)
(0.00803185 0.032844 0)
(0.0112882 0.0370948 0)
(0.0150312 0.0410711 0)
(0.0192479 0.0447896 0)
(0.0239276 0.0482596 0)
(0.0290586 0.0514866 0)
(0.0346278 0.0544746 0)
(0.0406195 0.0572269 0)
(0.0470153 0.0597468 0)
(0.0537947 0.0620378 0)
(0.0609349 0.0641037 0)
(0.0684117 0.0659486 0)
(0.0761996 0.067577 0)
(0.0842725 0.0689942 0)
(0.0926041 0.0702055 0)
(0.101168 0.0712167 0)
(0.109938 0.072034 0)
(0.11889 0.0726635 0)
(0.127998 0.0731119 0)
(0.13724 0.0733855 0)
(0.146592 0.0734907 0)
(0.156035 0.073434 0)
(0.165549 0.0732215 0)
(0.175114 0.0728592 0)
(0.184713 0.0723529 0)
(0.19433 0.0717081 0)
(0.20395 0.07093 0)
(0.213559 0.0700238 0)
(0.223144 0.0689941 0)
(0.232692 0.0678453 0)
(0.242194 0.0665818 0)
(0.251638 0.0652075 0)
(0.261016 0.0637261 0)
(0.27032 0.0621411 0)
(0.279541 0.0604559 0)
(0.288674 0.0586735 0)
(0.297711 0.0567967 0)
(0.306647 0.0548282 0)
(0.315478 0.0527704 0)
(0.3242 0.0506257 0)
(0.332807 0.0483961 0)
(0.341298 0.0460835 0)
(0.349669 0.0436897 0)
(0.357917 0.0412163 0)
(0.366039 0.0386647 0)
(0.374033 0.0360364 0)
(0.381897 0.0333326 0)
(0.389627 0.0305547 0)
(0.397219 0.0277033 0)
(0.40467 0.0247772 0)
(0.411977 0.0217738 0)
(0.41914 0.0186913 0)
(0.42616 0.0155214 0)
(0.433039 0.0122317 0)
(0.439804 0.00878676 0)
(0.446478 0.00513294 0)
(0.453153 0.00122038 0)
(0.459796 -0.00295403 0)
(0.466107 -0.00734075 0)
(0.47207 -0.0119053 0)
(0.477623 -0.0166516 0)
(0.482696 -0.0216001 0)
(0.487213 -0.02677 0)
(0.491086 -0.0321757 0)
(0.494221 -0.0378268 0)
(0.496513 -0.0437287 0)
(0.497846 -0.0498804 0)
(0.498099 -0.0562731 0)
(0.497139 -0.0628879 0)
(0.494832 -0.0696937 0)
(0.491038 -0.0766455 0)
(0.485621 -0.0836821 0)
(0.47845 -0.0907254 0)
(0.469407 -0.0976798 0)
(0.458389 -0.104433 0)
(0.445321 -0.110858 0)
(0.430156 -0.116814 0)
(0.412887 -0.122155 0)
(0.393547 -0.126732 0)
(0.372217 -0.130399 0)
(0.349028 -0.133023 0)
(0.324161 -0.134492 0)
(0.297842 -0.134716 0)
(0.270344 -0.133642 0)
(0.241973 -0.131255 0)
(0.213063 -0.127577 0)
(0.183966 -0.122665 0)
(0.15504 -0.116584 0)
(0.126656 -0.109361 0)
(0.0992038 -0.100901 0)
(0.0731453 -0.0908585 0)
(0.0490949 -0.0785143 0)
(0.0278606 -0.0627304 0)
(0.0107264 -0.042124 0)
(0.00167456 -0.0156882 0)
(6.35917e-05 0.00428871 0)
(0.000846725 0.0107937 0)
(0.00269972 0.016215 0)
(0.00533085 0.0209881 0)
(0.00865382 0.0253264 0)
(0.0126108 0.0293362 0)
(0.0171571 0.0330675 0)
(0.0222624 0.0365438 0)
(0.0279045 0.0397773 0)
(0.0340639 0.0427758 0)
(0.0407216 0.0455457 0)
(0.0478574 0.0480926 0)
(0.0554496 0.0504221 0)
(0.063475 0.0525396 0)
(0.071909 0.0544504 0)
(0.0807254 0.05616 0)
(0.0898974 0.0576737 0)
(0.0993975 0.0589969 0)
(0.109198 0.060135 0)
(0.119271 0.0610936 0)
(0.129588 0.0618782 0)
(0.140124 0.0624944 0)
(0.150851 0.0629478 0)
(0.161744 0.0632439 0)
(0.172779 0.0633881 0)
(0.183932 0.0633858 0)
(0.195181 0.0632423 0)
(0.206504 0.0629625 0)
(0.217882 0.0625513 0)
(0.229295 0.0620133 0)
(0.240726 0.061353 0)
(0.252157 0.0605746 0)
(0.263573 0.059682 0)
(0.274957 0.058679 0)
(0.286297 0.0575691 0)
(0.297578 0.0563557 0)
(0.308788 0.055042 0)
(0.319915 0.053631 0)
(0.330948 0.0521256 0)
(0.341874 0.0505283 0)
(0.352685 0.0488416 0)
(0.363371 0.0470678 0)
(0.373921 0.045209 0)
(0.384326 0.0432672 0)
(0.394579 0.0412443 0)
(0.40467 0.0391422 0)
(0.41459 0.0369624 0)
(0.424331 0.0347065 0)
(0.433885 0.0323763 0)
(0.443243 0.0299731 0)
(0.452396 0.0274988 0)
(0.461334 0.024955 0)
(0.470048 0.0223439 0)
(0.478527 0.0196661 0)
(0.486762 0.0169133 0)
(0.494752 0.0140791 0)
(0.502496 0.0111642 0)
(0.509994 0.00816504 0)
(0.51724 0.00501141 0)
(0.52433 0.00166251 0)
(0.531243 -0.00188021 0)
(0.537731 -0.00558299 0)
(0.543671 -0.00940376 0)
(0.549022 -0.0133232 0)
(0.553729 -0.0173524 0)
(0.557723 -0.0215024 0)
(0.560931 -0.025783 0)
(0.563275 -0.0302012 0)
(0.564668 -0.0347616 0)
(0.565017 -0.0394653 0)
(0.56422 -0.0443096 0)
(0.562171 -0.0492862 0)
(0.558758 -0.0543805 0)
(0.553867 -0.0595699 0)
(0.547387 -0.0648225 0)
(0.539207 -0.0700961 0)
(0.529226 -0.0753368 0)
(0.517356 -0.080479 0)
(0.503526 -0.0854455 0)
(0.487691 -0.0901484 0)
(0.469832 -0.0944912 0)
(0.44997 -0.0983707 0)
(0.428162 -0.101681 0)
(0.40451 -0.104319 0)
(0.379162 -0.106187 0)
(0.352312 -0.107201 0)
(0.324199 -0.107292 0)
(0.2951 -0.106414 0)
(0.265325 -0.104549 0)
(0.23521 -0.101706 0)
(0.205101 -0.0979222 0)
(0.175347 -0.0932597 0)
(0.146288 -0.0877855 0)
(0.118261 -0.0815361 0)
(0.0916081 -0.074452 0)
(0.0667323 -0.0662881 0)
(0.0441749 -0.0565306 0)
(0.0246498 -0.044401 0)
(0.00926485 -0.0290565 0)
(0.00137554 -0.010221 0)
(0.000191442 0.00369434 0)
(0.00156602 0.00904945 0)
(0.00448422 0.0134882 0)
(0.00843353 0.0174305 0)
(0.0132816 0.0210407 0)
(0.0189524 0.0243875 0)
(0.0253845 0.0274983 0)
(0.0325312 0.030385 0)
(0.0403533 0.0330547 0)
(0.0488146 0.0355136 0)
(0.0578794 0.037768 0)
(0.0675123 0.0398243 0)
(0.0776777 0.0416891 0)
(0.08834 0.0433687 0)
(0.0994636 0.0448695 0)
(0.111013 0.0461973 0)
(0.122953 0.0473581 0)
(0.135248 0.0483572 0)
(0.147863 0.0492002 0)
(0.160766 0.0498921 0)
(0.173923 0.0504381 0)
(0.187302 0.0508431 0)
(0.200872 0.0511118 0)
(0.214602 0.051249 0)
(0.228464 0.0512591 0)
(0.242429 0.0511464 0)
(0.25647 0.0509152 0)
(0.270562 0.0505695 0)
(0.28468 0.050113 0)
(0.2988 0.0495494 0)
(0.3129 0.0488823 0)
(0.326956 0.048115 0)
(0.340949 0.0472505 0)
(0.354858 0.0462919 0)
(0.368663 0.045242 0)
(0.382345 0.0441035 0)
(0.395886 0.0428789 0)
(0.409269 0.0415708 0)
(0.422474 0.0401816 0)
(0.435486 0.0387138 0)
(0.448287 0.0371693 0)
(0.460862 0.0355504 0)
(0.473192 0.0338591 0)
(0.485263 0.0320973 0)
(0.497058 0.0302669 0)
(0.50856 0.02837 0)
(0.519754 0.0264082 0)
(0.530623 0.0243838 0)
(0.541151 0.0222989 0)
(0.551319 0.020156 0)
(0.561111 0.0179585 0)
(0.57051 0.0157111 0)
(0.579497 0.0134209 0)
(0.588048 0.011093 0)
(0.596157 0.00869888 0)
(0.603831 0.00620656 0)
(0.611081 0.00358956 0)
(0.617989 0.000806584 0)
(0.624401 -0.00208586 0)
(0.630138 -0.00505594 0)
(0.635094 -0.00807781 0)
(0.639245 -0.0111354 0)
(0.64254 -0.0142305 0)
(0.644927 -0.017369 0)
(0.64635 -0.0205588 0)
(0.64675 -0.0238031 0)
(0.646062 -0.027103 0)
(0.644218 -0.0304585 0)
(0.641144 -0.0338678 0)
(0.636762 -0.0373271 0)
(0.630992 -0.0408292 0)
(0.62375 -0.0443633 0)
(0.614956 -0.047914 0)
(0.60453 -0.0514605 0)
(0.592399 -0.0549762 0)
(0.578498 -0.0584275 0)
(0.562779 -0.0617743 0)
(0.545208 -0.0649695 0)
(0.525775 -0.0679596 0)
(0.504498 -0.0706863 0)
(0.481427 -0.0730874 0)
(0.456647 -0.0750985 0)
(0.430284 -0.0766559 0)
(0.402501 -0.0776995 0)
(0.373503 -0.0781762 0)
(0.343533 -0.0780427 0)
(0.312869 -0.0772686 0)
(0.281814 -0.0758388 0)
(0.250694 -0.073755 0)
(0.219839 -0.0710371 0)
(0.189581 -0.0677222 0)
(0.160235 -0.0638609 0)
(0.132096 -0.0595059 0)
(0.10544 -0.0546885 0)
(0.0805424 -0.0493763 0)
(0.0577299 -0.0434146 0)
(0.037458 -0.036477 0)
(0.0203414 -0.0280872 0)
(0.00729988 -0.017795 0)
(0.000958082 -0.00574263 0)
(0.000368689 0.00263236 0)
(0.00248637 0.00631258 0)
(0.00669978 0.00941022 0)
(0.0123219 0.0122326 0)
(0.0192013 0.0148565 0)
(0.0272532 0.0173014 0)
(0.0363955 0.0195725 0)
(0.0465537 0.0216724 0)
(0.0576579 0.0236042 0)
(0.0696406 0.0253723 0)
(0.0824356 0.0269819 0)
(0.095979 0.0284387 0)
(0.110208 0.0297483 0)
(0.125064 0.0309161 0)
(0.140487 0.0319475 0)
(0.156422 0.0328475 0)
(0.172813 0.0336207 0)
(0.189608 0.0342717 0)
(0.206757 0.0348047 0)
(0.224209 0.0352239 0)
(0.241917 0.0355331 0)
(0.259835 0.0357361 0)
(0.277918 0.0358364 0)
(0.296123 0.0358375 0)
(0.314409 0.0357427 0)
(0.332735 0.0355552 0)
(0.351062 0.0352781 0)
(0.369354 0.0349144 0)
(0.387572 0.0344668 0)
(0.405683 0.0339382 0)
(0.423652 0.0333312 0)
(0.441446 0.0326483 0)
(0.459033 0.031892 0)
(0.476382 0.0310649 0)
(0.493461 0.0301691 0)
(0.510241 0.029207 0)
(0.526694 0.0281804 0)
(0.54279 0.027091 0)
(0.558502 0.0259402 0)
(0.573801 0.0247297 0)
(0.588661 0.0234614 0)
(0.603055 0.0221371 0)
(0.616956 0.0207587 0)
(0.630338 0.019328 0)
(0.643175 0.0178469 0)
(0.65544 0.016317 0)
(0.66711 0.0147399 0)
(0.678157 0.0131172 0)
(0.688557 0.0114502 0)
(0.698286 0.00973964 0)
(0.70732 0.00798566 0)
(0.715636 0.00618657 0)
(0.723213 0.00433833 0)
(0.730002 0.00244234 0)
(0.736033 0.000538904 0)
(0.74131 -0.00136131 0)
(0.745728 -0.0033019 0)
(0.749093 -0.00530901 0)
(0.751448 -0.00733431 0)
(0.752735 -0.00935272 0)
(0.752909 -0.0113673 0)
(0.751941 -0.0133828 0)
(0.7498 -0.0154004 0)
(0.746454 -0.0174199 0)
(0.741869 -0.0194401 0)
(0.736007 -0.0214591 0)
(0.728831 -0.0234743 0)
(0.720299 -0.0254829 0)
(0.710369 -0.0274807 0)
(0.699 -0.0294628 0)
(0.686151 -0.0314223 0)
(0.671786 -0.0333506 0)
(0.655872 -0.0352369 0)
(0.638383 -0.037068 0)
(0.619303 -0.0388279 0)
(0.598631 -0.0404975 0)
(0.576379 -0.0420553 0)
(0.55258 -0.0434767 0)
(0.527292 -0.0447345 0)
(0.500594 -0.0457989 0)
(0.472599 -0.0466391 0)
(0.44345 -0.0472258 0)
(0.41332 -0.0475324 0)
(0.382413 -0.0475358 0)
(0.350962 -0.0472175 0)
(0.319224 -0.0465647 0)
(0.287476 -0.0455712 0)
(0.256006 -0.0442377 0)
(0.225107 -0.0425722 0)
(0.195068 -0.0405898 0)
(0.166163 -0.038312 0)
(0.138646 -0.0357655 0)
(0.112742 -0.0329771 0)
(0.0886513 -0.0299638 0)
(0.0665707 -0.0267131 0)
(0.046738 -0.0231529 0)
(0.0295058 -0.0191271 0)
(0.0153701 -0.0144085 0)
(0.00505345 -0.00879803 0)
(0.000463643 -0.00250913 0)
(0.000516903 0.000985373 0)
(0.003396 0.00234046 0)
(0.00895851 0.00351103 0)
(0.0165798 0.00460873 0)
(0.0261197 0.00564576 0)
(0.0374702 0.00661875 0)
(0.050507 0.00752479 0)
(0.0651047 0.00836284 0)
(0.0811397 0.00913333 0)
(0.0984914 0.00983761 0)
(0.117042 0.0104775 0)
(0.13668 0.0110551 0)
(0.157294 0.0115725 0)
(0.17878 0.0120318 0)
(0.201037 0.0124348 0)
(0.223968 0.0127836 0)
(0.247477 0.0130799 0)
(0.271475 0.0133255 0)
(0.295874 0.0135219 0)
(0.320591 0.0136709 0)
(0.345542 0.0137738 0)
(0.37065 0.0138323 0)
(0.395838 0.0138477 0)
(0.421034 0.0138214 0)
(0.446165 0.0137548 0)
(0.471164 0.0136491 0)
(0.495964 0.0135058 0)
(0.520501 0.0133259 0)
(0.544713 0.0131109 0)
(0.56854 0.0128618 0)
(0.591925 0.01258 0)
(0.61481 0.0122665 0)
(0.637143 0.0119227 0)
(0.658871 0.0115496 0)
(0.679944 0.0111484 0)
(0.700313 0.0107204 0)
(0.719931 0.0102664 0)
(0.738752 0.00978702 0)
(0.756733 0.00928257 0)
(0.773831 0.00875378 0)
(0.790008 0.0082015 0)
(0.805224 0.00762665 0)
(0.819442 0.00703015 0)
(0.832626 0.0064129 0)
(0.844743 0.00577577 0)
(0.85576 0.00511956 0)
(0.865647 0.00444495 0)
(0.874374 0.00375242 0)
(0.881914 0.00304208 0)
(0.888241 0.00231336 0)
(0.89333 0.00156434 0)
(0.897156 0.000790387 0)
(0.899702 -1.76826e-05 0)
(0.900966 -0.000863983 0)
(0.900882 -0.00169229 0)
(0.899367 -0.00246882 0)
(0.896427 -0.00321103 0)
(0.892087 -0.00391868 0)
(0.886367 -0.00462372 0)
(0.879262 -0.00533364 0)
(0.870769 -0.00604647 0)
(0.860892 -0.00675955 0)
(0.849636 -0.00746961 0)
(0.837008 -0.00817367 0)
(0.823014 -0.00886927 0)
(0.807664 -0.00955425 0)
(0.790969 -0.0102265 0)
(0.772943 -0.0108838 0)
(0.753605 -0.0115238 0)
(0.732974 -0.0121439 0)
(0.711076 -0.0127408 0)
(0.687942 -0.0133113 0)
(0.663611 -0.0138512 0)
(0.63813 -0.0143561 0)
(0.611554 -0.0148211 0)
(0.583951 -0.0152407 0)
(0.5554 -0.0156089 0)
(0.525998 -0.0159192 0)
(0.495854 -0.0161645 0)
(0.465094 -0.0163362 0)
(0.433861 -0.0164256 0)
(0.402312 -0.016426 0)
(0.370618 -0.0163325 0)
(0.338967 -0.016142 0)
(0.307556 -0.0158529 0)
(0.27659 -0.0154653 0)
(0.246277 -0.0149806 0)
(0.216828 -0.0144016 0)
(0.188449 -0.0137324 0)
(0.161338 -0.0129777 0)
(0.135684 -0.0121433 0)
(0.111662 -0.0112354 0)
(0.0894313 -0.0102604 0)
(0.0691365 -0.00922292 0)
(0.0509176 -0.00812121 0)
(0.034937 -0.00693938 0)
(0.021424 -0.00563974 0)
(0.0106966 -0.0041648 0)
(0.00319699 -0.00246248 0)
(9.89022e-05 -0.000615682 0)
)
;

boundaryField
{
    movingWall
    {
        type            codedFixedValue;
        value           nonuniform List<vector> 
100
(
(0.00039601 0 0)
(0.00349281 0 0)
(0.00950625 0 0)
(0.018252 0 0)
(0.0295496 0 0)
(0.0432224 0 0)
(0.0590976 0 0)
(0.0770063 0 0)
(0.0967832 0 0)
(0.118267 0 0)
(0.141301 0 0)
(0.16573 0 0)
(0.191406 0 0)
(0.218182 0 0)
(0.245917 0 0)
(0.274471 0 0)
(0.303711 0 0)
(0.333506 0 0)
(0.36373 0 0)
(0.394258 0 0)
(0.424974 0 0)
(0.45576 0 0)
(0.486506 0 0)
(0.517105 0 0)
(0.547452 0 0)
(0.577448 0 0)
(0.606997 0 0)
(0.636006 0 0)
(0.664388 0 0)
(0.692058 0 0)
(0.718934 0 0)
(0.744942 0 0)
(0.770006 0 0)
(0.794059 0 0)
(0.817035 0 0)
(0.838873 0 0)
(0.859514 0 0)
(0.878906 0 0)
(0.896998 0 0)
(0.913745 0 0)
(0.929103 0 0)
(0.943035 0 0)
(0.955506 0 0)
(0.966486 0 0)
(0.975946 0 0)
(0.983866 0 0)
(0.990224 0 0)
(0.995006 0 0)
(0.998201 0 0)
(0.9998 0 0)
(0.9998 0 0)
(0.998201 0 0)
(0.995006 0 0)
(0.990224 0 0)
(0.983866 0 0)
(0.975946 0 0)
(0.966486 0 0)
(0.955506 0 0)
(0.943035 0 0)
(0.929103 0 0)
(0.913745 0 0)
(0.896998 0 0)
(0.878906 0 0)
(0.859514 0 0)
(0.838873 0 0)
(0.817035 0 0)
(0.794059 0 0)
(0.770006 0 0)
(0.744942 0 0)
(0.718934 0 0)
(0.692058 0 0)
(0.664388 0 0)
(0.636006 0 0)
(0.606997 0 0)
(0.577448 0 0)
(0.547452 0 0)
(0.517105 0 0)
(0.486506 0 0)
(0.45576 0 0)
(0.424974 0 0)
(0.394258 0 0)
(0.36373 0 0)
(0.333506 0 0)
(0.303711 0 0)
(0.274471 0 0)
(0.245917 0 0)
(0.218182 0 0)
(0.191406 0 0)
(0.16573 0 0)
(0.141301 0 0)
(0.118267 0 0)
(0.0967832 0 0)
(0.0770063 0 0)
(0.0590976 0 0)
(0.0432224 0 0)
(0.0295496 0 0)
(0.018252 0 0)
(0.00950625 0 0)
(0.00349281 0 0)
(0.00039601 0 0)
)
;
        name            regularized;
        code            #{
		const vectorField& Cf = patch().Cf();
		vectorField& field = *this;
		forAll(Cf, faceI)
		{
			const scalar x = Cf[faceI][0];
			field[faceI] = vector((1-x)*(1-x)*(1+x)*(1+x),0,0);
		}
	#};
    }
    fixedWalls
    {
        type            noSlip;
    }
    frontAndBack
    {
        type            empty;
    }
}


// ************************************************************************* //
