/*--------------------------------*- C++ -*----------------------------------*\
  =========                 |
  \\      /  F ield         | OpenFOAM: The Open Source CFD Toolbox
   \\    /   O peration     | Website:  https://openfoam.org
    \\  /    A nd           | Version:  11
     \\/     M anipulation  |
\*---------------------------------------------------------------------------*/
FoamFile
{
    format      ascii;
    class       surfaceScalarField;
    location    "11";
    object      phi;
}
// * * * * * * * * * * * * * * * * * * * * * * * * * * * * * * * * * * * * * //

dimensions      [0 3 -1 0 0 0 0];

internalField   nonuniform List<scalar> 
19800
(
1.27801e-08
-1.28128e-08
1.7868e-08
-5.08793e-09
4.8076e-09
1.30603e-08
-2.8082e-08
3.28897e-08
-7.98672e-08
5.17853e-08
-1.48155e-07
6.82881e-08
-2.30273e-07
8.2118e-08
-3.23721e-07
9.3448e-08
-4.26304e-07
1.02583e-07
-5.36153e-07
1.09848e-07
-6.51705e-07
1.15552e-07
-7.71675e-07
1.1997e-07
-8.95012e-07
1.23338e-07
-1.02087e-06
1.25859e-07
-1.14858e-06
1.27704e-07
-1.27759e-06
1.2901e-07
-1.40748e-06
1.29894e-07
-1.53793e-06
1.30447e-07
-1.66867e-06
1.30741e-07
-1.7995e-06
1.30832e-07
-1.93026e-06
1.30763e-07
-2.06083e-06
1.30564e-07
-2.19108e-06
1.30257e-07
-2.32094e-06
1.29852e-07
-2.45029e-06
1.29357e-07
-2.57906e-06
1.28771e-07
-2.70716e-06
1.2809e-07
-2.83446e-06
1.27306e-07
-2.96087e-06
1.26406e-07
-3.08625e-06
1.25378e-07
-3.21045e-06
1.24206e-07
-3.33332e-06
1.22872e-07
-3.45468e-06
1.21357e-07
-3.57432e-06
1.19643e-07
-3.69203e-06
1.17707e-07
-3.80756e-06
1.1553e-07
-3.92065e-06
1.1309e-07
-4.03102e-06
1.10366e-07
-4.13835e-06
1.07336e-07
-4.24233e-06
1.03979e-07
-4.34261e-06
1.00275e-07
-4.43881e-06
9.62037e-08
-4.53056e-06
9.17464e-08
-4.61744e-06
8.68858e-08
-4.69905e-06
8.16061e-08
-4.77494e-06
7.58937e-08
-4.84468e-06
6.97373e-08
-4.90781e-06
6.31283e-08
-4.96387e-06
5.60612e-08
-5.0124e-06
4.85335e-08
-5.05295e-06
4.05462e-08
-5.08505e-06
3.21032e-08
-5.10826e-06
2.32104e-08
-5.12214e-06
1.38737e-08
-5.12624e-06
4.10713e-09
-5.1202e-06
-6.03938e-09
-5.10369e-06
-1.65106e-08
-5.07641e-06
-2.72811e-08
-5.03809e-06
-3.83193e-08
-4.98852e-06
-4.95785e-08
-4.92751e-06
-6.10006e-08
-4.855e-06
-7.25196e-08
-4.77093e-06
-8.40624e-08
-4.67538e-06
-9.55505e-08
-4.56848e-06
-1.06901e-07
-4.45046e-06
-1.18025e-07
-4.32162e-06
-1.28835e-07
-4.18239e-06
-1.39236e-07
-4.03325e-06
-1.49136e-07
-3.87481e-06
-1.58442e-07
-3.70775e-06
-1.67062e-07
-3.53284e-06
-1.74907e-07
-3.35095e-06
-1.81891e-07
-3.16301e-06
-1.87934e-07
-2.97005e-06
-1.92962e-07
-2.77315e-06
-1.96907e-07
-2.57344e-06
-1.99708e-07
-2.37212e-06
-2.01314e-07
-2.17044e-06
-2.01682e-07
-1.96966e-06
-2.00777e-07
-1.77109e-06
-1.98572e-07
-1.57604e-06
-1.95049e-07
-1.38585e-06
-1.90198e-07
-1.20183e-06
-1.84014e-07
-1.02533e-06
-1.76499e-07
-8.57671e-07
-1.67661e-07
-7.00164e-07
-1.57508e-07
-5.54108e-07
-1.46055e-07
-4.20788e-07
-1.3332e-07
-3.01463e-07
-1.19325e-07
-1.97359e-07
-1.04103e-07
-1.09655e-07
-8.77045e-08
-3.94327e-08
-7.0222e-08
1.24232e-08
-5.18559e-08
4.5429e-08
-3.30058e-08
5.9568e-08
-1.4139e-08
5.60143e-08
3.55362e-09
3.85795e-08
1.74349e-08
1.50364e-08
2.35432e-08
1.50365e-08
5.18859e-09
-1.80013e-08
-1.63393e-08
1.644e-08
-7.83482e-08
7.50691e-08
-1.85391e-07
1.39933e-07
-3.36146e-07
2.0254e-07
-5.26677e-07
2.58819e-07
-7.51948e-07
3.07389e-07
-1.00673e-06
3.48233e-07
-1.28608e-06
3.8193e-07
-1.58553e-06
4.093e-07
-1.90119e-06
4.31214e-07
-2.22974e-06
4.48517e-07
-2.56838e-06
4.61974e-07
-2.91478e-06
4.72263e-07
-3.26705e-06
4.79968e-07
-3.62362e-06
4.85582e-07
-3.98324e-06
4.89515e-07
-4.34489e-06
4.92103e-07
-4.70777e-06
4.93617e-07
-5.07121e-06
4.94269e-07
-5.43467e-06
4.94223e-07
-5.7977e-06
4.93599e-07
-6.15993e-06
4.92482e-07
-6.521e-06
4.90927e-07
-6.88061e-06
4.88962e-07
-7.23843e-06
4.86595e-07
-7.59416e-06
4.83817e-07
-7.94745e-06
4.80602e-07
-8.29796e-06
4.76914e-07
-8.64529e-06
4.72706e-07
-8.98901e-06
4.67926e-07
-9.32865e-06
4.62512e-07
-9.66369e-06
4.564e-07
-9.99357e-06
4.49519e-07
-1.03177e-05
4.41798e-07
-1.06353e-05
4.33163e-07
-1.09457e-05
4.23538e-07
-1.12482e-05
4.12848e-07
-1.15419e-05
4.01017e-07
-1.18259e-05
3.87971e-07
-1.20993e-05
3.73639e-07
-1.2361e-05
3.57951e-07
-1.26101e-05
3.40843e-07
-1.28455e-05
3.22254e-07
-1.3066e-05
3.02133e-07
-1.32705e-05
2.80434e-07
-1.34579e-05
2.5712e-07
-1.3627e-05
2.32164e-07
-1.37764e-05
2.05551e-07
-1.39052e-05
1.77279e-07
-1.4012e-05
1.47356e-07
-1.40957e-05
1.15805e-07
-1.41552e-05
8.26624e-08
-1.41893e-05
4.79763e-08
-1.4197e-05
1.18211e-08
-1.41773e-05
-2.56696e-08
-1.41295e-05
-6.43595e-08
-1.40526e-05
-1.04135e-07
-1.39461e-05
-1.44854e-07
-1.38093e-05
-1.86332e-07
-1.3642e-05
-2.28358e-07
-1.34438e-05
-2.70693e-07
-1.32148e-05
-3.13076e-07
-1.29551e-05
-3.55228e-07
-1.26652e-05
-3.96851e-07
-1.23456e-05
-4.37635e-07
-1.19971e-05
-4.77259e-07
-1.1621e-05
-5.15397e-07
-1.12184e-05
-5.51716e-07
-1.0791e-05
-5.85886e-07
-1.03404e-05
-6.17581e-07
-9.86886e-06
-6.46483e-07
-9.37846e-06
-6.72288e-07
-8.87169e-06
-6.94707e-07
-8.35118e-06
-7.13471e-07
-7.81976e-06
-7.28334e-07
-7.28039e-06
-7.39075e-07
-6.7362e-06
-7.45503e-07
-6.19043e-06
-7.47452e-07
-5.64642e-06
-7.44788e-07
-5.10759e-06
-7.37404e-07
-4.57741e-06
-7.25224e-07
-4.05942e-06
-7.08195e-07
-3.55714e-06
-6.86293e-07
-3.07412e-06
-6.59514e-07
-2.6139e-06
-6.27878e-07
-2.17999e-06
-5.91426e-07
-1.77582e-06
-5.50221e-07
-1.40478e-06
-5.04357e-07
-1.07014e-06
-4.53972e-07
-7.7497e-07
-3.99271e-07
-5.22101e-07
-3.40573e-07
-3.13928e-07
-2.78395e-07
-1.52183e-07
-2.13601e-07
-3.75647e-08
-1.47624e-07
3.11016e-08
-8.28053e-08
5.77257e-08
-2.30705e-08
5.03193e-08
2.48411e-08
2.32556e-08
5.06067e-08
3.82922e-08
-1.30854e-08
-4.91605e-09
-7.56061e-08
7.8961e-08
-1.98538e-07
1.98001e-07
-3.85039e-07
3.26434e-07
-6.33173e-07
4.50673e-07
-9.38031e-07
5.63677e-07
-1.29326e-06
6.62614e-07
-1.69203e-06
7.47008e-07
-2.12769e-06
8.17591e-07
-2.59406e-06
8.75665e-07
-3.08559e-06
9.2275e-07
-3.59746e-06
9.60385e-07
-4.12551e-06
9.90024e-07
-4.66623e-06
1.01298e-06
-5.21668e-06
1.03042e-06
-5.77442e-06
1.04332e-06
-6.33744e-06
1.05253e-06
-6.90408e-06
1.05875e-06
-7.47301e-06
1.06254e-06
-8.04309e-06
1.06435e-06
-8.6134e-06
1.06454e-06
-9.18316e-06
1.06336e-06
-9.75168e-06
1.061e-06
-1.03184e-05
1.0576e-06
-1.08826e-05
1.05322e-06
-1.14439e-05
1.04788e-06
-1.20017e-05
1.04158e-06
-1.25553e-05
1.03427e-06
-1.31043e-05
1.02588e-06
-1.36479e-05
1.01633e-06
-1.41855e-05
1.00549e-06
-1.47162e-05
9.93256e-07
-1.52393e-05
9.79489e-07
-1.57539e-05
9.64048e-07
-1.62588e-05
9.46787e-07
-1.67532e-05
9.27552e-07
-1.72359e-05
9.06191e-07
-1.77056e-05
8.82547e-07
-1.8161e-05
8.56467e-07
-1.86009e-05
8.27801e-07
-1.90236e-05
7.96402e-07
-1.94278e-05
7.6213e-07
-1.98118e-05
7.24856e-07
-2.0174e-05
6.84461e-07
-2.05127e-05
6.40841e-07
-2.08262e-05
5.93906e-07
-2.11127e-05
5.43587e-07
-2.13703e-05
4.89835e-07
-2.15974e-05
4.32627e-07
-2.17921e-05
3.71965e-07
-2.19526e-05
3.07878e-07
-2.20772e-05
2.40426e-07
-2.21643e-05
1.69699e-07
-2.22121e-05
9.58235e-08
-2.22193e-05
1.89799e-08
-2.21843e-05
-6.06225e-08
-2.2106e-05
-1.42712e-07
-2.19831e-05
-2.27038e-07
-2.18147e-05
-3.13276e-07
-2.16e-05
-4.01032e-07
-2.13385e-05
-4.8986e-07
-2.10299e-05
-5.7926e-07
-2.06743e-05
-6.68693e-07
-2.02719e-05
-7.57578e-07
-1.98235e-05
-8.45303e-07
-1.93299e-05
-9.31228e-07
-1.87924e-05
-1.01469e-06
-1.82128e-05
-1.09502e-06
-1.7593e-05
-1.17153e-06
-1.69353e-05
-1.24355e-06
-1.62425e-05
-1.31039e-06
-1.55176e-05
-1.37141e-06
-1.47639e-05
-1.42598e-06
-1.39851e-05
-1.4735e-06
-1.31852e-05
-1.5134e-06
-1.23683e-05
-1.54519e-06
-1.1539e-05
-1.5684e-06
-1.07019e-05
-1.58261e-06
-9.86186e-06
-1.58749e-06
-9.02392e-06
-1.58274e-06
-8.1932e-06
-1.56812e-06
-7.37496e-06
-1.54347e-06
-6.57449e-06
-1.50866e-06
-5.79715e-06
-1.46364e-06
-5.04827e-06
-1.40839e-06
-4.33321e-06
-1.34295e-06
-3.65722e-06
-1.26742e-06
-3.02548e-06
-1.18196e-06
-2.44303e-06
-1.08681e-06
-1.91466e-06
-9.82343e-07
-1.44483e-06
-8.69094e-07
-1.03753e-06
-7.47878e-07
-6.95975e-07
-6.19949e-07
-4.22317e-07
-4.87259e-07
-2.17089e-07
-3.52852e-07
-7.84591e-08
-2.21435e-07
-1.12382e-09
-1.00406e-07
2.53423e-08
-1.62504e-09
1.71858e-08
5.87631e-08
5.5478e-08
-3.35183e-08
2.86021e-08
-1.42726e-07
1.88169e-07
-3.3144e-07
3.86716e-07
-5.99471e-07
5.94465e-07
-9.4308e-07
7.94282e-07
-1.35618e-06
9.76775e-07
-1.83138e-06
1.13781e-06
-2.36082e-06
1.27645e-06
-2.93673e-06
1.3935e-06
-3.55179e-06
1.49073e-06
-4.19936e-06
1.57032e-06
-4.87351e-06
1.63454e-06
-5.56909e-06
1.6856e-06
-6.28166e-06
1.72555e-06
-7.00746e-06
1.75621e-06
-7.74331e-06
1.77917e-06
-8.48655e-06
1.79578e-06
-9.23497e-06
1.80717e-06
-9.98673e-06
1.8143e-06
-1.07403e-05
1.8179e-06
-1.14943e-05
1.81857e-06
-1.22477e-05
1.81675e-06
-1.29995e-05
1.81278e-06
-1.37487e-05
1.80687e-06
-1.44947e-05
1.79916e-06
-1.52365e-05
1.78969e-06
-1.59734e-05
1.77847e-06
-1.67045e-05
1.76542e-06
-1.74291e-05
1.75044e-06
-1.81461e-05
1.73339e-06
-1.88547e-05
1.71409e-06
-1.95538e-05
1.69235e-06
-2.02423e-05
1.66795e-06
-2.09189e-05
1.64067e-06
-2.15824e-05
1.61025e-06
-2.22313e-05
1.57646e-06
-2.28641e-05
1.53903e-06
-2.34793e-05
1.49773e-06
-2.40751e-05
1.45229e-06
-2.46498e-05
1.40248e-06
-2.52015e-05
1.34805e-06
-2.57281e-05
1.28878e-06
-2.62277e-05
1.22446e-06
-2.66982e-05
1.1549e-06
-2.71373e-05
1.07994e-06
-2.75428e-05
9.9944e-07
-2.79125e-05
9.13289e-07
-2.82441e-05
8.21421e-07
-2.85353e-05
7.23807e-07
-2.87838e-05
6.20461e-07
-2.89873e-05
5.11448e-07
-2.91438e-05
3.96882e-07
-2.9251e-05
2.76932e-07
-2.9307e-05
1.51827e-07
-2.93099e-05
2.18783e-08
-2.92579e-05
-1.12598e-07
-2.91495e-05
-2.51163e-07
-2.89832e-05
-3.93376e-07
-2.87578e-05
-5.3867e-07
-2.84724e-05
-6.8638e-07
-2.81265e-05
-8.35754e-07
-2.77198e-05
-9.85966e-07
-2.72524e-05
-1.13612e-06
-2.67247e-05
-1.28526e-06
-2.61376e-05
-1.43236e-06
-2.54925e-05
-1.57639e-06
-2.47909e-05
-1.71625e-06
-2.40351e-05
-1.85083e-06
-2.32276e-05
-1.97901e-06
-2.23715e-05
-2.09967e-06
-2.14702e-05
-2.2117e-06
-2.05276e-05
-2.31404e-06
-1.95479e-05
-2.40564e-06
-1.85359e-05
-2.48553e-06
-1.74965e-05
-2.55277e-06
-1.64352e-05
-2.60652e-06
-1.53576e-05
-2.64602e-06
-1.42696e-05
-2.67059e-06
-1.31774e-05
-2.67964e-06
-1.20875e-05
-2.67268e-06
-1.10063e-05
-2.64932e-06
-9.94051e-06
-2.60926e-06
-8.89687e-06
-2.5523e-06
-7.88219e-06
-2.47832e-06
-6.90326e-06
-2.38732e-06
-5.96685e-06
-2.27936e-06
-5.07961e-06
-2.15465e-06
-4.24808e-06
-2.01349e-06
-3.47853e-06
-1.85636e-06
-2.77692e-06
-1.68396e-06
-2.14869e-06
-1.49732e-06
-1.59861e-06
-1.29796e-06
-1.13044e-06
-1.08811e-06
-7.46594e-07
-8.71108e-07
-4.47529e-07
-6.51917e-07
-2.31054e-07
-4.3791e-07
-9.1392e-08
-2.40068e-07
-1.84627e-08
-7.45543e-08
4.21806e-09
3.60824e-08
5.96961e-08
-5.36397e-08
8.22419e-08
-2.09647e-07
3.44176e-07
-4.64268e-07
6.41336e-07
-8.12712e-07
9.42909e-07
-1.24856e-06
1.23014e-06
-1.76411e-06
1.49232e-06
-2.35084e-06
1.72454e-06
-3e-06
1.92561e-06
-3.70303e-06
2.09652e-06
-4.45181e-06
2.23951e-06
-5.23891e-06
2.35742e-06
-6.05767e-06
2.45329e-06
-6.90218e-06
2.53012e-06
-7.76733e-06
2.59071e-06
-8.64871e-06
2.63759e-06
-9.54256e-06
2.67302e-06
-1.04457e-05
2.69891e-06
-1.13554e-05
2.71689e-06
-1.22694e-05
2.72833e-06
-1.31859e-05
2.73431e-06
-1.4103e-05
2.7357e-06
-1.50194e-05
2.73318e-06
-1.59339e-05
2.72723e-06
-1.68452e-05
2.71819e-06
-1.77523e-05
2.70627e-06
-1.86542e-05
2.69155e-06
-1.95498e-05
2.67405e-06
-2.0438e-05
2.65367e-06
-2.13178e-05
2.63027e-06
-2.21881e-05
2.60365e-06
-2.30476e-05
2.57356e-06
-2.38949e-05
2.53973e-06
-2.47288e-05
2.50185e-06
-2.55477e-05
2.45958e-06
-2.63501e-05
2.41258e-06
-2.71341e-05
2.36048e-06
-2.7898e-05
2.30293e-06
-2.86398e-05
2.23957e-06
-2.93576e-05
2.17002e-06
-3.0049e-05
2.09393e-06
-3.07119e-05
2.01097e-06
-3.1344e-05
1.92082e-06
-3.19427e-05
1.82318e-06
-3.25056e-05
1.71778e-06
-3.303e-05
1.60439e-06
-3.35134e-05
1.48281e-06
-3.3953e-05
1.35291e-06
-3.43462e-05
1.2146e-06
-3.46902e-05
1.06785e-06
-3.49825e-05
9.12693e-07
-3.52203e-05
7.49245e-07
-3.54011e-05
5.7769e-07
-3.55224e-05
3.98295e-07
-3.5582e-05
2.11418e-07
-3.55777e-05
1.75248e-08
-3.55073e-05
-1.82933e-07
-3.53692e-05
-3.8932e-07
-3.51616e-05
-6.00943e-07
-3.48833e-05
-8.16945e-07
-3.45334e-05
-1.03634e-06
-3.41111e-05
-1.25801e-06
-3.36164e-05
-1.48074e-06
-3.30493e-05
-1.70323e-06
-3.24104e-05
-1.92406e-06
-3.1701e-05
-2.14177e-06
-3.09226e-05
-2.35482e-06
-3.00772e-05
-2.56161e-06
-2.91675e-05
-2.76055e-06
-2.81966e-05
-2.94998e-06
-2.71679e-05
-3.12829e-06
-2.60858e-05
-3.29388e-06
-2.49546e-05
-3.44517e-06
-2.37796e-05
-3.58066e-06
-2.25662e-05
-3.69891e-06
-2.13204e-05
-3.79859e-06
-2.00485e-05
-3.87846e-06
-1.87571e-05
-3.9374e-06
-1.74533e-05
-3.97441e-06
-1.61443e-05
-3.98865e-06
-1.48375e-05
-3.97939e-06
-1.35408e-05
-3.94604e-06
-1.22619e-05
-3.88818e-06
-1.10087e-05
-3.80551e-06
-9.78913e-06
-3.69787e-06
-8.61118e-06
-3.56526e-06
-7.48271e-06
-3.40783e-06
-6.41148e-06
-3.22588e-06
-5.40501e-06
-3.01996e-06
-4.47052e-06
-2.79084e-06
-3.6148e-06
-2.53969e-06
-2.84399e-06
-2.26813e-06
-2.1634e-06
-1.97854e-06
-1.5772e-06
-1.67431e-06
-1.08801e-06
-1.36031e-06
-6.96392e-07
-1.04353e-06
-4.00311e-07
-7.33991e-07
-1.9441e-07
-4.45968e-07
-6.93859e-08
-1.99579e-07
-1.10262e-08
-2.22773e-08
4.86699e-08
-7.20344e-08
1.54276e-07
-2.7243e-07
5.44572e-07
-5.90217e-07
9.59123e-07
-1.01568e-06
1.36838e-06
-1.53925e-06
1.7537e-06
-2.15118e-06
2.10425e-06
-2.84167e-06
2.41503e-06
-3.60104e-06
2.68498e-06
-4.41999e-06
2.91548e-06
-5.28981e-06
3.10934e-06
-6.2025e-06
3.27011e-06
-7.15082e-06
3.40162e-06
-8.12837e-06
3.50767e-06
-9.12951e-06
3.59185e-06
-1.01494e-05
3.65744e-06
-1.11837e-05
3.70735e-06
-1.22289e-05
3.74412e-06
-1.32819e-05
3.76989e-06
-1.43401e-05
3.78648e-06
-1.54011e-05
3.79535e-06
-1.64631e-05
3.79767e-06
-1.75242e-05
3.79436e-06
-1.85831e-05
3.78608e-06
-1.96382e-05
3.77331e-06
-2.06882e-05
3.75633e-06
-2.1732e-05
3.7353e-06
-2.27682e-05
3.71021e-06
-2.37955e-05
3.68098e-06
-2.48126e-05
3.64741e-06
-2.58182e-05
3.60925e-06
-2.68108e-05
3.56618e-06
-2.77889e-05
3.51782e-06
-2.87508e-05
3.46376e-06
-2.96948e-05
3.40355e-06
-3.0619e-05
3.33675e-06
-3.15213e-05
3.26286e-06
-3.23998e-05
3.1814e-06
-3.32521e-05
3.09188e-06
-3.40759e-05
2.99383e-06
-3.48688e-05
2.88677e-06
-3.56281e-05
2.77025e-06
-3.63511e-05
2.64385e-06
-3.70351e-05
2.50718e-06
-3.76772e-05
2.35987e-06
-3.82744e-05
2.20164e-06
-3.88239e-05
2.03224e-06
-3.93225e-05
1.8515e-06
-3.97671e-05
1.65929e-06
-4.01549e-05
1.45562e-06
-4.04828e-05
1.24054e-06
-4.07477e-05
1.01422e-06
-4.0947e-05
7.76943e-07
-4.10778e-05
5.2908e-07
-4.11375e-05
2.71136e-07
-4.11238e-05
3.78056e-09
-4.10343e-05
-2.72405e-07
-4.08671e-05
-5.56528e-07
-4.06204e-05
-8.47601e-07
-4.02929e-05
-1.14443e-06
-3.98836e-05
-1.44566e-06
-3.93918e-05
-1.74977e-06
-3.88175e-05
-2.05511e-06
-3.81608e-05
-2.35989e-06
-3.74227e-05
-2.66223e-06
-3.66043e-05
-2.96011e-06
-3.57077e-05
-3.25147e-06
-3.47351e-05
-3.53415e-06
-3.36897e-05
-3.80599e-06
-3.25749e-05
-4.06477e-06
-3.13949e-05
-4.30831e-06
-3.01543e-05
-4.53443e-06
-2.88585e-05
-4.74104e-06
-2.7513e-05
-4.9261e-06
-2.61242e-05
-5.08768e-06
-2.46989e-05
-5.22397e-06
-2.3244e-05
-5.33332e-06
-2.17672e-05
-5.4142e-06
-2.02763e-05
-5.46529e-06
-1.87796e-05
-5.48543e-06
-1.72853e-05
-5.47365e-06
-1.58022e-05
-5.42918e-06
-1.43389e-05
-5.35143e-06
-1.29044e-05
-5.24003e-06
-1.15075e-05
-5.09478e-06
-1.0157e-05
-4.91572e-06
-8.86177e-06
-4.70309e-06
-7.63027e-06
-4.45739e-06
-6.47081e-06
-4.17941e-06
-5.39131e-06
-3.87034e-06
-4.39913e-06
-3.53187e-06
-3.50093e-06
-3.16634e-06
-2.7024e-06
-2.77707e-06
-2.00803e-06
-2.36868e-06
-1.42069e-06
-1.94765e-06
-9.41266e-07
-1.52295e-06
-5.68198e-07
-1.10706e-06
-2.97024e-07
-7.17142e-07
-1.20008e-07
-3.76594e-07
-2.59157e-08
-1.1637e-07
2.27542e-08
-8.83816e-08
2.42658e-07
-3.29587e-07
7.85777e-07
-7.06256e-07
1.33579e-06
-1.20392e-06
1.86604e-06
-1.80969e-06
2.35947e-06
-2.51159e-06
2.80615e-06
-3.29832e-06
3.20176e-06
-4.15918e-06
3.54584e-06
-5.08416e-06
3.84046e-06
-6.06398e-06
4.08916e-06
-7.09017e-06
4.2963e-06
-8.15509e-06
4.46654e-06
-9.25193e-06
4.60451e-06
-1.03747e-05
4.7146e-06
-1.15181e-05
4.80086e-06
-1.26776e-05
4.86688e-06
-1.38493e-05
4.91581e-06
-1.50298e-05
4.95034e-06
-1.62161e-05
4.97276e-06
-1.74056e-05
4.98491e-06
-1.85963e-05
4.9883e-06
-1.9786e-05
4.98408e-06
-2.0973e-05
4.97313e-06
-2.21558e-05
4.95605e-06
-2.33327e-05
4.93323e-06
-2.45022e-05
4.90487e-06
-2.5663e-05
4.87099e-06
-2.68135e-05
4.83148e-06
-2.79522e-05
4.78612e-06
-2.90776e-05
4.73458e-06
-3.01878e-05
4.67646e-06
-3.12813e-05
4.61129e-06
-3.23561e-05
4.53855e-06
-3.34102e-05
4.45768e-06
-3.44416e-05
4.3681e-06
-3.54479e-05
4.26919e-06
-3.64269e-05
4.16035e-06
-3.73759e-05
4.04095e-06
-3.82925e-05
3.91038e-06
-3.91738e-05
3.76805e-06
-4.00169e-05
3.61339e-06
-4.08189e-05
3.44587e-06
-4.15768e-05
3.265e-06
-4.22872e-05
3.07033e-06
-4.29471e-05
2.8615e-06
-4.3553e-05
2.63821e-06
-4.41018e-05
2.40025e-06
-4.459e-05
2.14749e-06
-4.50143e-05
1.87994e-06
-4.53715e-05
1.59771e-06
-4.56583e-05
1.30102e-06
-4.58716e-05
9.90246e-07
-4.60084e-05
6.65908e-07
-4.60659e-05
3.28671e-07
-4.60415e-05
-2.06139e-08
-4.59328e-05
-3.8113e-07
-4.57376e-05
-7.51728e-07
-4.54541e-05
-1.13108e-06
-4.50809e-05
-1.51762e-06
-4.4617e-05
-1.90958e-06
-4.40618e-05
-2.305e-06
-4.34152e-05
-2.70174e-06
-4.26775e-05
-3.09751e-06
-4.18499e-05
-3.48986e-06
-4.09338e-05
-3.87622e-06
-3.99313e-05
-4.25393e-06
-3.88453e-05
-4.62022e-06
-3.76789e-05
-4.97231e-06
-3.64364e-05
-5.30737e-06
-3.51221e-05
-5.62259e-06
-3.37413e-05
-5.9152e-06
-3.22999e-05
-6.18249e-06
-3.08041e-05
-6.42188e-06
-2.92609e-05
-6.63089e-06
-2.76776e-05
-6.80721e-06
-2.60622e-05
-6.94873e-06
-2.44229e-05
-7.0535e-06
-2.27684e-05
-7.11984e-06
-2.11075e-05
-7.14628e-06
-1.94496e-05
-7.1316e-06
-1.78039e-05
-7.07481e-06
-1.61801e-05
-6.97522e-06
-1.45878e-05
-6.83235e-06
-1.30366e-05
-6.64603e-06
-1.1536e-05
-6.41633e-06
-1.00954e-05
-6.14365e-06
-8.72408e-06
-5.82871e-06
-7.43084e-06
-5.47265e-06
-6.22407e-06
-5.07711e-06
-5.11158e-06
-4.64436e-06
-4.10037e-06
-4.17755e-06
-3.19646e-06
-3.68098e-06
-2.40459e-06
-3.16056e-06
-1.72796e-06
-2.62428e-06
-1.1679e-06
-2.08301e-06
-7.23557e-07
-1.5514e-06
-3.91635e-07
-1.04906e-06
-1.66285e-07
-6.01944e-07
-3.91764e-08
-2.43479e-07
-1.64222e-08
-1.02764e-07
3.45422e-07
-3.80838e-07
1.06385e-06
-8.11417e-07
1.76637e-06
-1.3757e-06
2.43033e-06
-2.05757e-06
3.04133e-06
-2.84274e-06
3.59131e-06
-3.7183e-06
4.07732e-06
-4.67246e-06
4.50001e-06
-5.69444e-06
4.86244e-06
-6.7744e-06
5.16912e-06
-7.90345e-06
5.42534e-06
-9.07359e-06
5.63668e-06
-1.02777e-05
5.80863e-06
-1.15095e-05
5.94641e-06
-1.27635e-05
6.05484e-06
-1.40348e-05
6.13821e-06
-1.53193e-05
6.2003e-06
-1.66133e-05
6.24435e-06
-1.79137e-05
6.27311e-06
-1.92176e-05
6.28884e-06
-2.05227e-05
6.29336e-06
-2.18267e-05
6.2881e-06
-2.31277e-05
6.27412e-06
-2.44238e-05
6.25219e-06
-2.57134e-05
6.22279e-06
-2.69947e-05
6.18617e-06
-2.82661e-05
6.14238e-06
-2.95259e-05
6.09129e-06
-3.07724e-05
6.03264e-06
-3.20039e-05
5.96604e-06
-3.32184e-05
5.89099e-06
-3.4414e-05
5.80693e-06
-3.55887e-05
5.71323e-06
-3.67402e-05
5.60921e-06
-3.78663e-05
5.49414e-06
-3.89644e-05
5.36729e-06
-4.00319e-05
5.2279e-06
-4.10662e-05
5.07522e-06
-4.20643e-05
4.90851e-06
-4.30233e-05
4.72704e-06
-4.394e-05
4.53012e-06
-4.48113e-05
4.31709e-06
-4.56336e-05
4.08738e-06
-4.64037e-05
3.84044e-06
-4.71181e-05
3.57585e-06
-4.77731e-05
3.29323e-06
-4.83652e-05
2.99235e-06
-4.88908e-05
2.67309e-06
-4.93463e-05
2.33546e-06
-4.97282e-05
1.9796e-06
-5.0033e-05
1.60583e-06
-5.02574e-05
1.21464e-06
-5.03982e-05
8.06674e-07
-5.04523e-05
3.82793e-07
-5.04169e-05
-5.59742e-08
-5.02896e-05
-5.08502e-07
-5.00679e-05
-9.7336e-07
-4.97502e-05
-1.44885e-06
-4.93348e-05
-1.933e-06
-4.88208e-05
-2.42361e-06
-4.82075e-05
-2.91822e-06
-4.74951e-05
-3.41419e-06
-4.66839e-05
-3.90865e-06
-4.57752e-05
-4.39856e-06
-4.47707e-05
-4.88075e-06
-4.36727e-05
-5.35191e-06
-4.24843e-05
-5.80862e-06
-4.12092e-05
-6.24743e-06
-3.98517e-05
-6.66484e-06
-3.84169e-05
-7.05738e-06
-3.69105e-05
-7.42162e-06
-3.53388e-05
-7.75423e-06
-3.37087e-05
-8.052e-06
-3.20276e-05
-8.3119e-06
-3.03038e-05
-8.53107e-06
-2.85456e-05
-8.70691e-06
-2.6762e-05
-8.83706e-06
-2.49625e-05
-8.91943e-06
-2.31565e-05
-8.95226e-06
-2.1354e-05
-8.93405e-06
-1.95652e-05
-8.86365e-06
-1.78002e-05
-8.74022e-06
-1.60693e-05
-8.56327e-06
-1.43827e-05
-8.33262e-06
-1.27505e-05
-8.04847e-06
-1.11828e-05
-7.7114e-06
-9.68908e-06
-7.32242e-06
-8.27869e-06
-6.88305e-06
-6.96036e-06
-6.39544e-06
-5.74219e-06
-5.86252e-06
-4.63146e-06
-5.28828e-06
-3.63442e-06
-4.67802e-06
-2.75609e-06
-4.03889e-06
-2.00002e-06
-3.38035e-06
-1.36804e-06
-2.71499e-06
-8.601e-07
-2.05934e-06
-4.74129e-07
-1.43504e-06
-2.0611e-07
-8.69963e-07
-5.03139e-08
-3.99275e-07
-6.67361e-08
-1.15373e-07
4.60795e-07
-4.26417e-07
1.3749e-06
-9.05772e-07
2.24573e-06
-1.53082e-06
3.05538e-06
-2.28243e-06
3.79294e-06
-3.14407e-06
4.45295e-06
-4.10119e-06
5.03444e-06
-5.14086e-06
5.53967e-06
-6.25146e-06
5.97304e-06
-7.42261e-06
6.34026e-06
-8.64497e-06
6.6477e-06
-9.91024e-06
6.90195e-06
-1.1211e-05
7.10943e-06
-1.25409e-05
7.27624e-06
-1.3894e-05
7.40796e-06
-1.52654e-05
7.50961e-06
-1.66507e-05
7.58559e-06
-1.8046e-05
7.63972e-06
-1.94481e-05
7.67519e-06
-2.0854e-05
7.69468e-06
-2.22609e-05
7.70035e-06
-2.36667e-05
7.69387e-06
-2.50691e-05
7.67653e-06
-2.64662e-05
7.64925e-06
-2.7856e-05
7.61259e-06
-2.92367e-05
7.56688e-06
-3.06065e-05
7.51217e-06
-3.19635e-05
7.44833e-06
-3.33059e-05
7.37505e-06
-3.46318e-05
7.29187e-06
-3.5939e-05
7.19821e-06
-3.72255e-05
7.09341e-06
-3.8489e-05
6.97671e-06
-3.97271e-05
6.8473e-06
-4.09372e-05
6.70433e-06
-4.21169e-05
6.54692e-06
-4.32631e-05
6.37417e-06
-4.43731e-05
6.18519e-06
-4.54437e-05
5.9791e-06
-4.64717e-05
5.75503e-06
-4.74537e-05
5.51216e-06
-4.83864e-05
5.24973e-06
-4.9266e-05
4.96704e-06
-5.00891e-05
4.66346e-06
-5.08517e-05
4.33848e-06
-5.15502e-05
3.99169e-06
-5.21806e-05
3.62282e-06
-5.27393e-05
3.23173e-06
-5.32222e-05
2.81844e-06
-5.36258e-05
2.38317e-06
-5.39463e-05
1.92632e-06
-5.41802e-05
1.44848e-06
-5.43239e-05
9.50465e-07
-5.43745e-05
4.33318e-07
-5.43287e-05
-1.01708e-07
-5.41841e-05
-6.53177e-07
-5.39381e-05
-1.21932e-06
-5.35889e-05
-1.79805e-06
-5.31349e-05
-2.38697e-06
-5.25752e-05
-2.98339e-06
-5.1909e-05
-3.58435e-06
-5.11366e-05
-4.18662e-06
-5.02585e-05
-4.78677e-06
-4.92759e-05
-5.38112e-06
-4.81909e-05
-5.96582e-06
-4.70059e-05
-6.53688e-06
-4.57243e-05
-7.09019e-06
-4.43502e-05
-7.62157e-06
-4.28882e-05
-8.12683e-06
-4.13438e-05
-8.60176e-06
-3.97232e-05
-9.04224e-06
-3.80331e-05
-9.44427e-06
-3.62812e-05
-9.80399e-06
-3.44753e-05
-1.01178e-05
-3.26242e-05
-1.03821e-05
-3.07371e-05
-1.05941e-05
-2.88235e-05
-1.07507e-05
-2.68934e-05
-1.08495e-05
-2.49571e-05
-1.08885e-05
-2.30253e-05
-1.08659e-05
-2.11085e-05
-1.07804e-05
-1.92177e-05
-1.06311e-05
-1.73636e-05
-1.04173e-05
-1.5557e-05
-1.01392e-05
-1.38086e-05
-9.79689e-06
-1.21287e-05
-9.39132e-06
-1.05273e-05
-8.92381e-06
-9.01403e-06
-8.39633e-06
-7.59789e-06
-7.81159e-06
-6.28719e-06
-7.17322e-06
-5.08941e-06
-6.48605e-06
-4.01101e-06
-5.75642e-06
-3.05725e-06
-4.99265e-06
-2.232e-06
-4.2056e-06
-1.53763e-06
-3.40936e-06
-9.74833e-07
-2.62214e-06
-5.42667e-07
-1.8672e-06
-2.38672e-07
-1.17396e-06
-5.91861e-08
-5.7876e-07
-1.25922e-07
-1.26416e-07
5.87211e-07
-4.6676e-07
1.71524e-06
-9.89894e-07
2.76886e-06
-1.6699e-06
3.73538e-06
-2.48491e-06
4.60796e-06
-3.4163e-06
5.38434e-06
-4.44791e-06
6.06605e-06
-5.56564e-06
6.6574e-06
-6.75704e-06
7.16445e-06
-8.01113e-06
7.59435e-06
-9.31815e-06
7.95473e-06
-1.06695e-05
8.25329e-06
-1.20576e-05
8.49749e-06
-1.34756e-05
8.6943e-06
-1.49178e-05
8.85013e-06
-1.63789e-05
8.97073e-06
-1.78544e-05
9.06114e-06
-1.93404e-05
9.12571e-06
-2.08334e-05
9.16815e-06
-2.23302e-05
9.19151e-06
-2.38282e-05
9.19829e-06
-2.53247e-05
9.19044e-06
-2.68176e-05
9.16943e-06
-2.83047e-05
9.13634e-06
-2.9784e-05
9.09184e-06
-3.12534e-05
9.0363e-06
-3.2711e-05
8.9698e-06
-3.41549e-05
8.89219e-06
-3.5583e-05
8.80311e-06
-3.69931e-05
8.70204e-06
-3.83832e-05
8.58831e-06
-3.97509e-05
8.46114e-06
-4.10939e-05
8.31965e-06
-4.24095e-05
8.16291e-06
-4.36951e-05
7.98992e-06
-4.49478e-05
7.79967e-06
-4.61648e-05
7.59109e-06
-4.73427e-05
7.36316e-06
-4.84785e-05
7.11485e-06
-4.95686e-05
6.84514e-06
-5.06095e-05
6.55309e-06
-5.15976e-05
6.23781e-06
-5.2529e-05
5.89848e-06
-5.34e-05
5.5344e-06
-5.42064e-05
5.14495e-06
-5.49444e-05
4.72969e-06
-5.56099e-05
4.28829e-06
-5.61988e-05
3.82061e-06
-5.67071e-05
3.32671e-06
-5.71307e-05
2.80684e-06
-5.74659e-05
2.26149e-06
-5.77088e-05
1.69138e-06
-5.78558e-05
1.0975e-06
-5.79036e-05
4.8108e-07
-5.78489e-05
-1.56374e-07
-5.7689e-05
-8.13102e-07
-5.74214e-05
-1.48696e-06
-5.70439e-05
-2.17546e-06
-5.65552e-05
-2.87573e-06
-5.5954e-05
-3.58459e-06
-5.52398e-05
-4.29852e-06
-5.44127e-05
-5.01371e-06
-5.34734e-05
-5.72607e-06
-5.24233e-05
-6.43126e-06
-5.12644e-05
-7.12473e-06
-4.99995e-05
-7.80174e-06
-4.86322e-05
-8.45745e-06
-4.71669e-05
-9.08691e-06
-4.56086e-05
-9.68514e-06
-4.39632e-05
-1.02472e-05
-4.22372e-05
-1.07682e-05
-4.0438e-05
-1.12435e-05
-3.85736e-05
-1.16684e-05
-3.66527e-05
-1.20387e-05
-3.46845e-05
-1.23504e-05
-3.26788e-05
-1.25998e-05
-3.06458e-05
-1.27837e-05
-2.85961e-05
-1.28991e-05
-2.65408e-05
-1.29438e-05
-2.4491e-05
-1.29157e-05
-2.24581e-05
-1.28134e-05
-2.04533e-05
-1.26358e-05
-1.84882e-05
-1.23825e-05
-1.65739e-05
-1.20535e-05
-1.47215e-05
-1.16493e-05
-1.29417e-05
-1.11711e-05
-1.12449e-05
-1.06206e-05
-9.64082e-06
-1.00004e-05
-8.13879e-06
-9.31361e-06
-6.74726e-06
-8.56475e-06
-5.47385e-06
-7.75947e-06
-4.32515e-06
-6.90512e-06
-3.30663e-06
-6.01117e-06
-2.42247e-06
-5.08976e-06
-1.67546e-06
-4.15637e-06
-1.06694e-06
-3.23066e-06
-5.96845e-07
-2.33729e-06
-2.63891e-07
-1.50691e-06
-6.58305e-08
-7.76821e-07
-1.91753e-07
-1.36085e-07
7.23297e-07
-5.02365e-07
2.08152e-06
-1.06457e-06
3.33106e-06
-1.79395e-06
4.46476e-06
-2.66625e-06
5.48026e-06
-3.66087e-06
6.37896e-06
-4.76017e-06
7.16535e-06
-5.94889e-06
7.84612e-06
-7.21376e-06
8.42931e-06
-8.54317e-06
8.92376e-06
-9.92696e-06
9.33852e-06
-1.13562e-05
9.68253e-06
-1.2823e-05
9.96433e-06
-1.43206e-05
1.01919e-05
-1.58429e-05
1.03724e-05
-1.73846e-05
1.05124e-05
-1.89411e-05
1.06176e-05
-2.05084e-05
1.06929e-05
-2.20827e-05
1.07425e-05
-2.3661e-05
1.07698e-05
-2.52403e-05
1.07776e-05
-2.68181e-05
1.07682e-05
-2.8392e-05
1.07433e-05
-2.99596e-05
1.0704e-05
-3.1519e-05
1.06512e-05
-3.30679e-05
1.05852e-05
-3.46042e-05
1.05062e-05
-3.6126e-05
1.0414e-05
-3.7631e-05
1.03081e-05
-3.9117e-05
1.0188e-05
-4.05817e-05
1.0053e-05
-4.20226e-05
9.90209e-06
-4.34373e-05
9.73431e-06
-4.4823e-05
9.54859e-06
-4.61768e-05
9.34379e-06
-4.74959e-05
9.11874e-06
-4.87771e-05
8.87223e-06
-5.0017e-05
8.60308e-06
-5.12122e-05
8.31009e-06
-5.23592e-05
7.99213e-06
-5.34542e-05
7.6481e-06
-5.44934e-05
7.27698e-06
-5.54728e-05
6.87784e-06
-5.63882e-05
6.44986e-06
-5.72356e-05
5.99237e-06
-5.80108e-05
5.50483e-06
-5.87094e-05
4.98689e-06
-5.93272e-05
4.4384e-06
-5.98599e-05
3.85944e-06
-6.03034e-05
3.2503e-06
-6.06535e-05
2.61157e-06
-6.09062e-05
1.9441e-06
-6.10577e-05
1.24904e-06
-6.11045e-05
5.27849e-07
-6.10432e-05
-2.17714e-07
-6.08707e-05
-9.85544e-07
-6.05846e-05
-1.77311e-06
-6.01826e-05
-2.57747e-06
-5.9663e-05
-3.3953e-06
-5.90247e-05
-4.22286e-06
-5.82672e-05
-5.05606e-06
-5.73904e-05
-5.89047e-06
-5.63952e-05
-6.7213e-06
-5.52829e-05
-7.54351e-06
-5.40559e-05
-8.35179e-06
-5.2717e-05
-9.14063e-06
-5.12701e-05
-9.90437e-06
-4.97197e-05
-1.06372e-05
-4.80714e-05
-1.13335e-05
-4.63314e-05
-1.19873e-05
-4.45066e-05
-1.2593e-05
-4.2605e-05
-1.3145e-05
-4.06351e-05
-1.36383e-05
-3.86062e-05
-1.40676e-05
-3.6528e-05
-1.44285e-05
-3.44111e-05
-1.47167e-05
-3.22663e-05
-1.49285e-05
-3.01049e-05
-1.50605e-05
-2.79387e-05
-1.51101e-05
-2.57793e-05
-1.50751e-05
-2.36387e-05
-1.49539e-05
-2.1529e-05
-1.47455e-05
-1.94619e-05
-1.44495e-05
-1.74493e-05
-1.40661e-05
-1.55025e-05
-1.35961e-05
-1.36327e-05
-1.30409e-05
-1.18504e-05
-1.24029e-05
-1.01658e-05
-1.1685e-05
-8.58814e-06
-1.08913e-05
-7.12607e-06
-1.00268e-05
-5.78731e-06
-9.09823e-06
-4.57855e-06
-8.11387e-06
-3.5054e-06
-7.08432e-06
-2.57224e-06
-6.02292e-06
-1.78215e-06
-4.94646e-06
-1.13694e-06
-3.87588e-06
-6.37121e-07
-2.83711e-06
-2.82108e-07
-1.86193e-06
-7.04093e-08
-9.88519e-07
-2.62162e-07
-1.4455e-07
8.67846e-07
-5.33725e-07
2.47069e-06
-1.13065e-06
3.92799e-06
-1.90417e-06
5.23828e-06
-2.82794e-06
6.40403e-06
-3.87961e-06
7.43063e-06
-5.04014e-06
8.32588e-06
-6.29317e-06
9.09915e-06
-7.62464e-06
9.76078e-06
-9.02232e-06
1.03214e-05
-1.04756e-05
1.07918e-05
-1.19753e-05
1.11822e-05
-1.35134e-05
1.15024e-05
-1.50827e-05
1.17612e-05
-1.66772e-05
1.19669e-05
-1.82914e-05
1.21267e-05
-1.99207e-05
1.22469e-05
-2.15608e-05
1.23331e-05
-2.32082e-05
1.23899e-05
-2.48596e-05
1.24211e-05
-2.6512e-05
1.243e-05
-2.81627e-05
1.2419e-05
-2.98093e-05
1.23899e-05
-3.14494e-05
1.23441e-05
-3.30808e-05
1.22826e-05
-3.47012e-05
1.22057e-05
-3.63086e-05
1.21136e-05
-3.79007e-05
1.20061e-05
-3.94753e-05
1.18827e-05
-4.103e-05
1.17427e-05
-4.25624e-05
1.15854e-05
-4.40699e-05
1.14097e-05
-4.555e-05
1.12144e-05
-4.69997e-05
1.09983e-05
-4.84162e-05
1.07603e-05
-4.97963e-05
1.04988e-05
-5.11367e-05
1.02126e-05
-5.2434e-05
9.90037e-06
-5.36845e-05
9.56068e-06
-5.48847e-05
9.19226e-06
-5.60305e-05
8.79388e-06
-5.71178e-05
8.36438e-06
-5.81427e-05
7.9027e-06
-5.91008e-05
7.40792e-06
-5.99877e-05
6.87926e-06
-6.07989e-05
6.31612e-06
-6.15302e-05
5.71812e-06
-6.21768e-05
5.08508e-06
-6.27345e-05
4.41708e-06
-6.31987e-05
3.71448e-06
-6.3565e-05
2.97794e-06
-6.38294e-05
2.20845e-06
-6.39877e-05
1.40734e-06
-6.40361e-05
5.76268e-07
-6.39711e-05
-2.82703e-07
-6.37895e-05
-1.16712e-06
-6.34886e-05
-2.07405e-06
-6.30659e-05
-3.00011e-06
-6.25198e-05
-3.94144e-06
-6.18489e-05
-4.89377e-06
-6.10525e-05
-5.85239e-06
-6.01308e-05
-6.81218e-06
-5.90845e-05
-7.76767e-06
-5.79149e-05
-8.71303e-06
-5.66246e-05
-9.64215e-06
-5.52165e-05
-1.05487e-05
-5.36948e-05
-1.14261e-05
-5.20642e-05
-1.22678e-05
-5.03306e-05
-1.30671e-05
-4.85007e-05
-1.38172e-05
-4.65818e-05
-1.45118e-05
-4.45824e-05
-1.51445e-05
-4.25115e-05
-1.57091e-05
-4.03791e-05
-1.62e-05
-3.81957e-05
-1.6612e-05
-3.59723e-05
-1.69401e-05
-3.37206e-05
-1.71801e-05
-3.14527e-05
-1.73285e-05
-2.91807e-05
-1.73821e-05
-2.69173e-05
-1.73385e-05
-2.4675e-05
-1.71962e-05
-2.24664e-05
-1.69541e-05
-2.0304e-05
-1.66119e-05
-1.82e-05
-1.61701e-05
-1.61661e-05
-1.56299e-05
-1.4214e-05
-1.49931e-05
-1.23543e-05
-1.42626e-05
-1.05974e-05
-1.34419e-05
-8.95281e-06
-1.25359e-05
-7.42915e-06
-1.15505e-05
-6.0342e-06
-1.04932e-05
-4.7747e-06
-9.37337e-06
-3.65631e-06
-8.20272e-06
-2.68347e-06
-6.99576e-06
-1.85942e-06
-5.7705e-06
-1.18615e-06
-4.54915e-06
-6.64422e-07
-3.35885e-06
-2.9387e-07
-2.23248e-06
-7.31275e-08
-1.20926e-06
-3.35289e-07
-1.51957e-07
1.0198e-06
-5.61298e-07
2.88003e-06
-1.18898e-06
4.55567e-06
-2.00181e-06
6.05111e-06
-2.97162e-06
7.37384e-06
-4.07452e-06
8.53354e-06
-5.29019e-06
9.54155e-06
-6.60129e-06
1.04102e-05
-7.99295e-06
1.11524e-05
-9.45239e-06
1.17809e-05
-1.09686e-05
1.2308e-05
-1.2532e-05
1.27456e-05
-1.41343e-05
1.31047e-05
-1.57684e-05
1.33953e-05
-1.7428e-05
1.36265e-05
-1.91075e-05
1.38063e-05
-2.08024e-05
1.39417e-05
-2.25082e-05
1.4039e-05
-2.42214e-05
1.41031e-05
-2.59386e-05
1.41383e-05
-2.76568e-05
1.41482e-05
-2.93732e-05
1.41354e-05
-3.10854e-05
1.41021e-05
-3.27909e-05
1.40496e-05
-3.44875e-05
1.39791e-05
-3.61728e-05
1.3891e-05
-3.78447e-05
1.37854e-05
-3.95008e-05
1.36621e-05
-4.11388e-05
1.35207e-05
-4.27563e-05
1.33602e-05
-4.43508e-05
1.31799e-05
-4.59196e-05
1.29785e-05
-4.74601e-05
1.27548e-05
-4.89692e-05
1.25074e-05
-5.04439e-05
1.2235e-05
-5.18809e-05
1.19359e-05
-5.32769e-05
1.16086e-05
-5.46283e-05
1.12518e-05
-5.59314e-05
1.08637e-05
-5.71822e-05
1.04431e-05
-5.83768e-05
9.98843e-06
-5.95109e-05
9.49845e-06
-6.05801e-05
8.97195e-06
-6.15801e-05
8.4079e-06
-6.25063e-05
7.80542e-06
-6.3354e-05
7.16383e-06
-6.41185e-05
6.48268e-06
-6.47952e-05
5.76177e-06
-6.53793e-05
5.0012e-06
-6.58662e-05
4.20135e-06
-6.62513e-05
3.36299e-06
-6.653e-05
2.4872e-06
-6.66982e-05
1.5755e-06
-6.67517e-05
6.29791e-07
-6.66868e-05
-3.47596e-07
-6.65001e-05
-1.35385e-06
-6.61885e-05
-2.3856e-06
-6.57496e-05
-3.439e-06
-6.51814e-05
-4.50969e-06
-6.44824e-05
-5.59279e-06
-6.36518e-05
-6.68294e-06
-6.26897e-05
-7.77434e-06
-6.15966e-05
-8.86072e-06
-6.03742e-05
-9.93547e-06
-5.90247e-05
-1.09916e-05
-5.75515e-05
-1.20219e-05
-5.59587e-05
-1.30189e-05
-5.42515e-05
-1.3975e-05
-5.2436e-05
-1.48826e-05
-5.05193e-05
-1.5734e-05
-4.85092e-05
-1.65219e-05
-4.64147e-05
-1.7239e-05
-4.42455e-05
-1.78783e-05
-4.20122e-05
-1.84334e-05
-3.97259e-05
-1.88982e-05
-3.73985e-05
-1.92674e-05
-3.50424e-05
-1.95362e-05
-3.26704e-05
-1.97005e-05
-3.02956e-05
-1.97569e-05
-2.79313e-05
-1.97029e-05
-2.55907e-05
-1.95368e-05
-2.32871e-05
-1.92577e-05
-2.10335e-05
-1.88655e-05
-1.88427e-05
-1.83609e-05
-1.6727e-05
-1.77456e-05
-1.46982e-05
-1.7022e-05
-1.27674e-05
-1.61934e-05
-1.0945e-05
-1.52643e-05
-9.24061e-06
-1.42402e-05
-7.66301e-06
-1.31281e-05
-6.21993e-06
-1.19363e-05
-4.91805e-06
-1.06752e-05
-3.76297e-06
-9.3578e-06
-2.75907e-06
-7.99965e-06
-1.90953e-06
-6.62004e-06
-1.21625e-06
-5.24243e-06
-6.79873e-07
-3.89523e-06
-2.99798e-07
-2.61255e-06
-7.4193e-08
-1.43487e-06
-4.09482e-07
-1.58434e-07
1.17824e-06
-5.85499e-07
3.3071e-06
-1.24034e-06
5.21051e-06
-2.08804e-06
6.89881e-06
-3.09888e-06
8.38468e-06
-4.24761e-06
9.68227e-06
-5.51278e-06
1.08067e-05
-6.87611e-06
1.17736e-05
-8.32203e-06
1.25983e-05
-9.83719e-06
1.3296e-05
-1.14102e-05
1.3881e-05
-1.30311e-05
1.43666e-05
-1.46915e-05
1.47651e-05
-1.63841e-05
1.50878e-05
-1.81024e-05
1.53448e-05
-1.9841e-05
1.55449e-05
-2.1595e-05
1.56957e-05
-2.33602e-05
1.58041e-05
-2.51328e-05
1.58757e-05
-2.69094e-05
1.5915e-05
-2.86872e-05
1.59259e-05
-3.04632e-05
1.59114e-05
-3.22349e-05
1.58738e-05
-3.39998e-05
1.58146e-05
-3.57558e-05
1.5735e-05
-3.75003e-05
1.56355e-05
-3.92311e-05
1.55163e-05
-4.0946e-05
1.5377e-05
-4.26424e-05
1.52171e-05
-4.4318e-05
1.50358e-05
-4.59701e-05
1.4832e-05
-4.7596e-05
1.46044e-05
-4.91929e-05
1.43517e-05
-5.07578e-05
1.40723e-05
-5.22875e-05
1.37647e-05
-5.37787e-05
1.34271e-05
-5.52279e-05
1.30578e-05
-5.66314e-05
1.26552e-05
-5.79853e-05
1.22177e-05
-5.92856e-05
1.17434e-05
-6.05281e-05
1.12309e-05
-6.17085e-05
1.06788e-05
-6.28222e-05
1.00857e-05
-6.38646e-05
9.45032e-06
-6.4831e-05
8.7718e-06
-6.57165e-05
8.04932e-06
-6.65162e-05
7.28237e-06
-6.72251e-05
6.47071e-06
-6.78383e-05
5.61442e-06
-6.83509e-05
4.71393e-06
-6.8758e-05
3.77005e-06
-6.90548e-05
2.78402e-06
-6.92368e-05
1.75751e-06
-6.92996e-05
6.92632e-07
-6.92392e-05
-4.07971e-07
-6.9052e-05
-1.54112e-06
-6.87345e-05
-2.70305e-06
-6.82841e-05
-3.88941e-06
-6.76985e-05
-5.09529e-06
-6.69761e-05
-6.31521e-06
-6.61159e-05
-7.54313e-06
-6.51177e-05
-8.7725e-06
-6.39822e-05
-9.99625e-06
-6.27108e-05
-1.12069e-05
-6.13059e-05
-1.23965e-05
-5.97708e-05
-1.3557e-05
-5.81099e-05
-1.46797e-05
-5.63287e-05
-1.57562e-05
-5.44334e-05
-1.67778e-05
-5.24317e-05
-1.77358e-05
-5.03318e-05
-1.86217e-05
-4.81434e-05
-1.94274e-05
-4.58767e-05
-2.0145e-05
-4.35431e-05
-2.07671e-05
-4.11544e-05
-2.12869e-05
-3.87234e-05
-2.16985e-05
-3.62633e-05
-2.19963e-05
-3.37877e-05
-2.2176e-05
-3.13107e-05
-2.22339e-05
-2.88462e-05
-2.21673e-05
-2.64085e-05
-2.19745e-05
-2.40115e-05
-2.16547e-05
-2.16689e-05
-2.12081e-05
-1.93941e-05
-2.06358e-05
-1.71998e-05
-1.99399e-05
-1.50982e-05
-1.91235e-05
-1.31007e-05
-1.81909e-05
-1.1218e-05
-1.7147e-05
-9.45971e-06
-1.59985e-05
-7.8346e-06
-1.47532e-05
-6.35032e-06
-1.34205e-05
-5.01345e-06
-1.20121e-05
-3.82937e-06
-1.05419e-05
-2.80224e-06
-9.02678e-06
-1.93495e-06
-7.48734e-06
-1.22903e-06
-5.94835e-06
-6.84638e-07
-4.43962e-06
-3.00505e-07
-2.99669e-06
-7.37988e-08
-1.66157e-06
-4.83281e-07
-1.64091e-07
1.34233e-06
-6.067e-07
3.74971e-06
-1.28546e-06
5.88927e-06
-2.164e-06
7.77735e-06
-3.21127e-06
9.43196e-06
-4.40085e-06
1.08718e-05
-5.71028e-06
1.21161e-05
-7.12046e-06
1.31838e-05
-8.61515e-06
1.4093e-05
-1.01805e-05
1.48614e-05
-1.18047e-05
1.55052e-05
-1.34775e-05
1.60394e-05
-1.51904e-05
1.6478e-05
-1.69358e-05
1.68333e-05
-1.87073e-05
1.71163e-05
-2.04992e-05
1.73368e-05
-2.23068e-05
1.75033e-05
-2.41257e-05
1.7623e-05
-2.59521e-05
1.77021e-05
-2.77828e-05
1.77456e-05
-2.96146e-05
1.77577e-05
-3.14448e-05
1.77416e-05
-3.32709e-05
1.76998e-05
-3.50903e-05
1.7634e-05
-3.69006e-05
1.75454e-05
-3.86996e-05
1.74346e-05
-4.0485e-05
1.73016e-05
-4.22543e-05
1.71463e-05
-4.40051e-05
1.69679e-05
-4.57349e-05
1.67656e-05
-4.74412e-05
1.65382e-05
-4.9121e-05
1.62843e-05
-5.07715e-05
1.60022e-05
-5.23897e-05
1.56905e-05
-5.39722e-05
1.53472e-05
-5.55158e-05
1.49706e-05
-5.70167e-05
1.45587e-05
-5.84712e-05
1.41098e-05
-5.98754e-05
1.36218e-05
-6.1225e-05
1.3093e-05
-6.25157e-05
1.25217e-05
-6.3743e-05
1.19062e-05
-6.49023e-05
1.12449e-05
-6.59887e-05
1.05367e-05
-6.69973e-05
9.78037e-06
-6.79229e-05
8.97499e-06
-6.87606e-05
8.11999e-06
-6.95049e-05
7.21507e-06
-7.01508e-05
6.26029e-06
-7.0693e-05
5.2561e-06
-7.11263e-05
4.20336e-06
-7.14457e-05
3.10341e-06
-7.16462e-05
1.95808e-06
-7.17233e-05
7.69726e-07
-7.16726e-05
-4.58748e-07
-7.14899e-05
-1.72379e-06
-7.11717e-05
-3.0212e-06
-7.0715e-05
-4.34615e-06
-7.01171e-05
-5.69316e-06
-6.93762e-05
-7.05612e-06
-6.84911e-05
-8.42827e-06
-6.74613e-05
-9.80227e-06
-6.62873e-05
-1.11702e-05
-6.49706e-05
-1.25236e-05
-6.35134e-05
-1.38537e-05
-6.19193e-05
-1.51512e-05
-6.01926e-05
-1.64064e-05
-5.8339e-05
-1.76099e-05
-5.63652e-05
-1.87516e-05
-5.42791e-05
-1.98219e-05
-5.20897e-05
-2.08111e-05
-4.98071e-05
-2.171e-05
-4.74422e-05
-2.25098e-05
-4.50072e-05
-2.32021e-05
-4.25148e-05
-2.37793e-05
-3.99786e-05
-2.42346e-05
-3.74129e-05
-2.4562e-05
-3.48322e-05
-2.47567e-05
-3.22515e-05
-2.48146e-05
-2.96858e-05
-2.4733e-05
-2.71501e-05
-2.45102e-05
-2.46593e-05
-2.41455e-05
-2.22279e-05
-2.36395e-05
-1.98698e-05
-2.29939e-05
-1.75984e-05
-2.22113e-05
-1.54262e-05
-2.12957e-05
-1.33651e-05
-2.02519e-05
-1.14259e-05
-1.90863e-05
-9.61821e-06
-1.78062e-05
-7.95082e-06
-1.64206e-05
-6.43123e-06
-1.49401e-05
-5.06576e-06
-1.33776e-05
-3.85949e-06
-1.17482e-05
-2.81614e-06
-1.00701e-05
-1.93809e-06
-8.36539e-06
-1.22621e-06
-6.66023e-06
-6.79819e-07
-4.986e-06
-2.96554e-07
-3.37995e-06
-7.21136e-08
-1.88601e-06
-5.55395e-07
-1.6902e-07
1.51135e-06
-6.2523e-07
4.20592e-06
-1.32499e-06
6.58903e-06
-2.23072e-06
8.68308e-06
-3.31024e-06
1.05115e-05
-4.53611e-06
1.20977e-05
-5.88499e-06
1.3465e-05
-7.33706e-06
1.46358e-05
-8.87547e-06
1.56314e-05
-1.04859e-05
1.64718e-05
-1.21562e-05
1.71754e-05
-1.38759e-05
1.77591e-05
-1.56361e-05
1.82382e-05
-1.74293e-05
1.86264e-05
-1.92488e-05
1.89358e-05
-2.10892e-05
1.91771e-05
-2.29453e-05
1.93594e-05
-2.4813e-05
1.94907e-05
-2.66885e-05
1.95776e-05
-2.85684e-05
1.96255e-05
-3.04496e-05
1.9639e-05
-3.23296e-05
1.96215e-05
-3.42055e-05
1.95758e-05
-3.60751e-05
1.95035e-05
-3.79358e-05
1.94061e-05
-3.97854e-05
1.92842e-05
-4.16216e-05
1.91378e-05
-4.34419e-05
1.89666e-05
-4.5244e-05
1.877e-05
-4.70252e-05
1.85468e-05
-4.87829e-05
1.82959e-05
-5.05143e-05
1.80157e-05
-5.22165e-05
1.77044e-05
-5.38863e-05
1.73603e-05
-5.55205e-05
1.69814e-05
-5.71155e-05
1.65656e-05
-5.86677e-05
1.61109e-05
-6.01731e-05
1.56152e-05
-6.16278e-05
1.50765e-05
-6.30275e-05
1.44927e-05
-6.43676e-05
1.38618e-05
-6.56435e-05
1.31821e-05
-6.68504e-05
1.24518e-05
-6.79833e-05
1.16696e-05
-6.90369e-05
1.0834e-05
-7.00061e-05
9.94414e-06
-7.08853e-05
8.99924e-06
-7.16692e-05
7.99894e-06
-7.23522e-05
6.94325e-06
-7.29287e-05
5.83261e-06
-7.33933e-05
4.66794e-06
-7.37405e-05
3.45065e-06
-7.39651e-05
2.18271e-06
-7.40621e-05
8.66699e-07
-7.40266e-05
-4.94208e-07
-7.38543e-05
-1.8961e-06
-7.35412e-05
-3.33435e-06
-7.30837e-05
-4.80363e-06
-7.2479e-05
-6.29789e-06
-7.17248e-05
-7.81034e-06
-7.08195e-05
-9.3335e-06
-6.97626e-05
-1.08592e-05
-6.85543e-05
-1.23785e-05
-6.71958e-05
-1.38822e-05
-6.56893e-05
-1.53601e-05
-6.40384e-05
-1.68021e-05
-6.22476e-05
-1.81973e-05
-6.03227e-05
-1.95347e-05
-5.82708e-05
-2.08035e-05
-5.61001e-05
-2.19925e-05
-5.38203e-05
-2.3091e-05
-5.14419e-05
-2.40884e-05
-4.89768e-05
-2.49749e-05
-4.64378e-05
-2.5741e-05
-4.38388e-05
-2.63783e-05
-4.11944e-05
-2.68791e-05
-3.85197e-05
-2.72367e-05
-3.58305e-05
-2.74459e-05
-3.31428e-05
-2.75023e-05
-3.04727e-05
-2.74031e-05
-2.78364e-05
-2.71465e-05
-2.52495e-05
-2.67323e-05
-2.27276e-05
-2.61615e-05
-2.02852e-05
-2.54362e-05
-1.79365e-05
-2.456e-05
-1.56945e-05
-2.35377e-05
-1.35712e-05
-2.23752e-05
-1.15778e-05
-2.10797e-05
-9.72399e-06
-1.966e-05
-8.01839e-06
-1.81262e-05
-6.4683e-06
-1.64902e-05
-5.07969e-06
-1.47662e-05
-3.85714e-06
-1.29707e-05
-2.80379e-06
-1.11235e-05
-1.92122e-06
-9.24796e-06
-1.20937e-06
-7.37207e-06
-6.66401e-07
-5.52898e-06
-2.88434e-07
-3.75792e-06
-6.92787e-08
-2.10517e-06
-6.24674e-07
-1.73305e-07
1.68465e-06
-6.41379e-07
4.67399e-06
-1.35953e-06
7.30718e-06
-2.28915e-06
9.61271e-06
-3.39711e-06
1.16194e-05
-4.65511e-06
1.33557e-05
-6.03905e-06
1.4849e-05
-7.52847e-06
1.61253e-05
-9.10599e-06
1.7209e-05
-1.07569e-05
1.81227e-05
-1.24686e-05
1.88871e-05
-1.42304e-05
1.9521e-05
-1.60335e-05
2.00412e-05
-1.78698e-05
2.04628e-05
-1.9733e-05
2.0799e-05
-2.16172e-05
2.10613e-05
-2.35176e-05
2.12598e-05
-2.54298e-05
2.14029e-05
-2.735e-05
2.14979e-05
-2.92751e-05
2.15506e-05
-3.12018e-05
2.15658e-05
-3.31276e-05
2.15473e-05
-3.50497e-05
2.14979e-05
-3.69659e-05
2.14197e-05
-3.88737e-05
2.13139e-05
-4.07708e-05
2.11813e-05
-4.26549e-05
2.10219e-05
-4.45235e-05
2.08353e-05
-4.63744e-05
2.06208e-05
-4.82048e-05
2.03773e-05
-5.00122e-05
2.01033e-05
-5.17937e-05
1.97972e-05
-5.35464e-05
1.94571e-05
-5.5267e-05
1.9081e-05
-5.69523e-05
1.86667e-05
-5.85987e-05
1.8212e-05
-6.02025e-05
1.77147e-05
-6.17597e-05
1.71724e-05
-6.32661e-05
1.65829e-05
-6.47174e-05
1.59439e-05
-6.61089e-05
1.52533e-05
-6.74358e-05
1.4509e-05
-6.86932e-05
1.37092e-05
-6.98758e-05
1.28522e-05
-7.09783e-05
1.19365e-05
-7.19951e-05
1.09609e-05
-7.29205e-05
9.92464e-06
-7.37487e-05
8.8272e-06
-7.4474e-05
7.66852e-06
-7.50904e-05
6.44901e-06
-7.5592e-05
5.16959e-06
-7.59731e-05
3.83175e-06
-7.6228e-05
2.4376e-06
-7.63512e-05
9.89867e-07
-7.63374e-05
-5.07982e-07
-7.61818e-05
-2.05169e-06
-7.58799e-05
-3.63622e-06
-7.54278e-05
-5.25574e-06
-7.48221e-05
-6.90359e-06
-7.40602e-05
-8.57232e-06
-7.314e-05
-1.02536e-05
-7.20607e-05
-1.19385e-05
-7.08221e-05
-1.36171e-05
-6.94253e-05
-1.5279e-05
-6.78725e-05
-1.6913e-05
-6.61669e-05
-1.85076e-05
-6.43134e-05
-2.00508e-05
-6.23178e-05
-2.15303e-05
-6.01875e-05
-2.29338e-05
-5.79312e-05
-2.42488e-05
-5.55591e-05
-2.54631e-05
-5.30824e-05
-2.65651e-05
-5.05138e-05
-2.75435e-05
-4.78672e-05
-2.83877e-05
-4.51572e-05
-2.90882e-05
-4.23997e-05
-2.96366e-05
-3.96111e-05
-3.00254e-05
-3.68082e-05
-3.02487e-05
-3.40085e-05
-3.03021e-05
-3.12292e-05
-3.01824e-05
-2.84876e-05
-2.98881e-05
-2.58006e-05
-2.94193e-05
-2.31846e-05
-2.87775e-05
-2.06553e-05
-2.79655e-05
-1.82274e-05
-2.6988e-05
-1.59145e-05
-2.58506e-05
-1.37292e-05
-2.45605e-05
-1.16826e-05
-2.31263e-05
-9.78464e-06
-2.1558e-05
-8.04375e-06
-1.98671e-05
-6.46692e-06
-1.8067e-05
-5.05966e-06
-1.61735e-05
-3.82589e-06
-1.42045e-05
-2.76793e-06
-1.21814e-05
-1.88638e-06
-1.01295e-05
-1.17994e-06
-8.07852e-06
-6.45236e-07
-6.06368e-06
-2.76558e-07
-4.1266e-06
-6.54074e-08
-2.31632e-06
-6.90081e-07
-1.77017e-07
1.86167e-06
-6.55404e-07
5.15238e-06
-1.38959e-06
8.04137e-06
-2.34013e-06
1.05632e-05
-3.4731e-06
1.27524e-05
-4.75945e-06
1.46421e-05
-6.17445e-06
1.6264e-05
-7.69707e-06
1.76479e-05
-9.30948e-06
1.88214e-05
-1.09965e-05
1.98098e-05
-1.27454e-05
2.0636e-05
-1.45453e-05
2.13209e-05
-1.63869e-05
2.18829e-05
-1.82625e-05
2.23383e-05
-2.01652e-05
2.27017e-05
-2.20893e-05
2.29855e-05
-2.403e-05
2.32005e-05
-2.5983e-05
2.33559e-05
-2.79444e-05
2.34593e-05
-2.9911e-05
2.35172e-05
-3.18799e-05
2.35346e-05
-3.38482e-05
2.35156e-05
-3.58135e-05
2.34632e-05
-3.77733e-05
2.33796e-05
-3.97254e-05
2.3266e-05
-4.16675e-05
2.31233e-05
-4.35972e-05
2.29516e-05
-4.55122e-05
2.27503e-05
-4.741e-05
2.25187e-05
-4.92883e-05
2.22555e-05
-5.11442e-05
2.19592e-05
-5.29749e-05
2.16279e-05
-5.47775e-05
2.12597e-05
-5.65489e-05
2.08523e-05
-5.82855e-05
2.04034e-05
-5.9984e-05
1.99105e-05
-6.16404e-05
1.93711e-05
-6.32507e-05
1.87828e-05
-6.48107e-05
1.81429e-05
-6.63159e-05
1.74491e-05
-6.77616e-05
1.6699e-05
-6.91428e-05
1.58902e-05
-7.04543e-05
1.50207e-05
-7.16907e-05
1.40886e-05
-7.28465e-05
1.30922e-05
-7.39157e-05
1.20302e-05
-7.48925e-05
1.09015e-05
-7.57708e-05
9.70548e-06
-7.65444e-05
8.44207e-06
-7.72069e-05
7.11155e-06
-7.77522e-05
5.71485e-06
-7.81739e-05
4.25348e-06
-7.8466e-05
2.72964e-06
-7.86223e-05
1.14624e-06
-7.86373e-05
-4.93029e-07
-7.85054e-05
-2.18357e-06
-7.82217e-05
-3.91993e-06
-7.77816e-05
-5.69579e-06
-7.71814e-05
-7.50389e-06
-7.64176e-05
-9.33604e-06
-7.54881e-05
-1.11832e-05
-7.43914e-05
-1.30352e-05
-7.3127e-05
-1.48815e-05
-7.16956e-05
-1.67103e-05
-7.00993e-05
-1.85093e-05
-6.83413e-05
-2.02656e-05
-6.64262e-05
-2.19659e-05
-6.43603e-05
-2.35963e-05
-6.2151e-05
-2.5143e-05
-5.98076e-05
-2.65922e-05
-5.73407e-05
-2.79301e-05
-5.47623e-05
-2.91434e-05
-5.20861e-05
-3.02197e-05
-4.93268e-05
-3.1147e-05
-4.65003e-05
-3.19147e-05
-4.36236e-05
-3.25132e-05
-4.07145e-05
-3.29345e-05
-3.77913e-05
-3.3172e-05
-3.48726e-05
-3.32207e-05
-3.19774e-05
-3.30776e-05
-2.91242e-05
-3.27414e-05
-2.63312e-05
-3.22123e-05
-2.36159e-05
-3.14927e-05
-2.09952e-05
-3.05863e-05
-1.84845e-05
-2.94987e-05
-1.60982e-05
-2.82369e-05
-1.38492e-05
-2.68095e-05
-1.17491e-05
-2.52264e-05
-9.80762e-06
-2.34994e-05
-8.03316e-06
-2.16415e-05
-6.43228e-06
-1.96679e-05
-5.00986e-06
-1.75959e-05
-3.76904e-06
-1.54453e-05
-2.71111e-06
-1.32394e-05
-1.83541e-06
-1.10052e-05
-1.13912e-06
-8.7748e-06
-6.17048e-07
-6.58574e-06
-2.61263e-07
-4.48238e-06
-6.05889e-08
-2.51699e-06
-7.5067e-07
-1.80216e-07
2.04189e-06
-6.67528e-07
5.63969e-06
-1.41565e-06
8.78949e-06
-2.38443e-06
1.1532e-05
-3.53929e-06
1.39072e-05
-4.85057e-06
1.59533e-05
-6.29299e-06
1.77064e-05
-7.84505e-06
1.91999e-05
-9.4885e-06
2.04648e-05
-1.12079e-05
2.15292e-05
-1.29902e-05
2.24183e-05
-1.48242e-05
2.31549e-05
-1.67007e-05
2.37593e-05
-1.86116e-05
2.42493e-05
-2.05503e-05
2.46404e-05
-2.25109e-05
2.49461e-05
-2.44886e-05
2.51781e-05
-2.6479e-05
2.53462e-05
-2.84784e-05
2.54587e-05
-3.04835e-05
2.55224e-05
-3.24915e-05
2.55426e-05
-3.44997e-05
2.55238e-05
-3.65055e-05
2.5469e-05
-3.85067e-05
2.53807e-05
-4.05009e-05
2.52603e-05
-4.2486e-05
2.51084e-05
-4.44596e-05
2.49252e-05
-4.64194e-05
2.47102e-05
-4.83632e-05
2.44624e-05
-5.02883e-05
2.41806e-05
-5.21921e-05
2.3863e-05
-5.40718e-05
2.35077e-05
-5.59245e-05
2.31124e-05
-5.7747e-05
2.26748e-05
-5.95359e-05
2.21922e-05
-6.12876e-05
2.16622e-05
-6.29983e-05
2.10818e-05
-6.46639e-05
2.04483e-05
-6.628e-05
1.97591e-05
-6.78421e-05
1.90112e-05
-6.93453e-05
1.82022e-05
-7.07845e-05
1.73295e-05
-7.21544e-05
1.63906e-05
-7.34494e-05
1.53836e-05
-7.46635e-05
1.43064e-05
-7.57909e-05
1.31575e-05
-7.68251e-05
1.19357e-05
-7.77598e-05
1.06401e-05
-7.85883e-05
9.2706e-06
-7.9304e-05
7.82726e-06
-7.99001e-05
6.31099e-06
-8.037e-05
4.72331e-06
-8.07068e-05
3.06647e-06
-8.09041e-05
1.34354e-06
-8.09556e-05
-4.41587e-07
-8.08551e-05
-2.28401e-06
-8.05971e-05
-4.17791e-06
-8.01765e-05
-6.11644e-06
-7.95886e-05
-8.09172e-06
-7.88298e-05
-1.00948e-05
-7.78971e-05
-1.21159e-05
-7.67885e-05
-1.41439e-05
-7.55031e-05
-1.61669e-05
-7.40414e-05
-1.81721e-05
-7.24048e-05
-2.01459e-05
-7.05966e-05
-2.20738e-05
-6.86214e-05
-2.39411e-05
-6.64854e-05
-2.57324e-05
-6.41964e-05
-2.7432e-05
-6.1764e-05
-2.90246e-05
-5.91994e-05
-3.04947e-05
-5.65155e-05
-3.18274e-05
-5.37266e-05
-3.30085e-05
-5.08488e-05
-3.40249e-05
-4.7899e-05
-3.48645e-05
-4.48958e-05
-3.55165e-05
-4.18582e-05
-3.5972e-05
-3.88063e-05
-3.62239e-05
-3.57604e-05
-3.62667e-05
-3.27407e-05
-3.60973e-05
-2.97676e-05
-3.57145e-05
-2.68608e-05
-3.51192e-05
-2.40391e-05
-3.43143e-05
-2.13206e-05
-3.33049e-05
-1.87217e-05
-3.20976e-05
-1.62576e-05
-3.0701e-05
-1.39418e-05
-2.91252e-05
-1.17862e-05
-2.73821e-05
-9.80054e-06
-2.5485e-05
-7.99294e-06
-2.34491e-05
-6.36951e-06
-2.12914e-05
-4.93441e-06
-1.9031e-05
-3.68978e-06
-1.66899e-05
-2.63569e-06
-1.42934e-05
-1.76997e-06
-1.18709e-05
-1.08801e-06
-9.45676e-06
-5.82464e-07
-7.09129e-06
-2.4283e-07
-4.82202e-06
-5.48923e-08
-2.70493e-06
-8.05562e-07
-1.82957e-07
2.22485e-06
-6.77949e-07
6.13468e-06
-1.43811e-06
9.54965e-06
-2.42272e-06
1.25166e-05
-3.59666e-06
1.50812e-05
-4.92977e-06
1.72865e-05
-6.39631e-06
1.91729e-05
-7.97438e-06
2.0778e-05
-9.64539e-06
2.21358e-05
-1.13936e-05
2.32774e-05
-1.32057e-05
2.42304e-05
-1.50705e-05
2.50197e-05
-1.69785e-05
2.56673e-05
-1.89215e-05
2.61924e-05
-2.0893e-05
2.66118e-05
-2.28869e-05
2.69401e-05
-2.48985e-05
2.71897e-05
-2.69234e-05
2.73712e-05
-2.89581e-05
2.74934e-05
-3.09992e-05
2.75635e-05
-3.30439e-05
2.75873e-05
-3.50896e-05
2.75694e-05
-3.71338e-05
2.75133e-05
-3.91744e-05
2.74213e-05
-4.1209e-05
2.72949e-05
-4.32356e-05
2.71349e-05
-4.52518e-05
2.69414e-05
-4.72556e-05
2.67139e-05
-4.92445e-05
2.64513e-05
-5.1216e-05
2.61522e-05
-5.31677e-05
2.58147e-05
-5.50967e-05
2.54367e-05
-5.7e-05
2.50158e-05
-5.88746e-05
2.45494e-05
-6.07171e-05
2.40347e-05
-6.25238e-05
2.34689e-05
-6.4291e-05
2.28489e-05
-6.60144e-05
2.21717e-05
-6.76896e-05
2.14343e-05
-6.93121e-05
2.06337e-05
-7.08768e-05
1.97669e-05
-7.23785e-05
1.88312e-05
-7.38117e-05
1.78238e-05
-7.51705e-05
1.67424e-05
-7.64489e-05
1.55848e-05
-7.76405e-05
1.43491e-05
-7.87387e-05
1.30339e-05
-7.97368e-05
1.16382e-05
-8.06277e-05
1.01615e-05
-8.14043e-05
8.60384e-06
-8.20593e-05
6.966e-06
-8.25854e-05
5.24946e-06
-8.29755e-05
3.45651e-06
-8.32222e-05
1.59029e-06
-8.33187e-05
-3.45106e-07
-8.32582e-05
-2.34452e-06
-8.30343e-05
-4.40179e-06
-8.26412e-05
-6.50954e-06
-8.20737e-05
-8.65927e-06
-8.13272e-05
-1.08413e-05
-8.03981e-05
-1.30449e-05
-7.9284e-05
-1.5258e-05
-7.79832e-05
-1.74676e-05
-7.64958e-05
-1.96595e-05
-7.48229e-05
-2.18187e-05
-7.29674e-05
-2.39293e-05
-7.09338e-05
-2.59747e-05
-6.87283e-05
-2.79378e-05
-6.63591e-05
-2.98013e-05
-6.38359e-05
-3.15477e-05
-6.11706e-05
-3.316e-05
-5.83768e-05
-3.46212e-05
-5.54698e-05
-3.59155e-05
-5.24668e-05
-3.7028e-05
-4.93862e-05
-3.79451e-05
-4.62479e-05
-3.86548e-05
-4.30727e-05
-3.91472e-05
-3.98823e-05
-3.94142e-05
-3.66988e-05
-3.94502e-05
-3.35445e-05
-3.92516e-05
-3.04414e-05
-3.88176e-05
-2.74109e-05
-3.81497e-05
-2.44736e-05
-3.72516e-05
-2.16488e-05
-3.61297e-05
-1.89543e-05
-3.47921e-05
-1.64062e-05
-3.32491e-05
-1.40186e-05
-3.15128e-05
-1.18038e-05
-2.9597e-05
-9.77155e-06
-2.75172e-05
-7.92979e-06
-2.52909e-05
-6.28401e-06
-2.29371e-05
-4.83752e-06
-2.04775e-05
-3.59133e-06
-1.79361e-05
-2.54403e-06
-1.53407e-05
-1.6917e-06
-1.27233e-05
-1.02765e-06
-1.01208e-05
-5.42051e-07
-7.57689e-06
-2.21504e-07
-5.14256e-06
-4.83739e-08
-2.87806e-06
-8.53936e-07
-1.85286e-07
2.41013e-06
-6.86838e-07
6.63624e-06
-1.45733e-06
1.03201e-05
-2.4556e-06
1.35149e-05
-3.64607e-06
1.62717e-05
-4.9982e-06
1.86386e-05
-6.48586e-06
2.06606e-05
-8.08683e-06
2.2379e-05
-9.78223e-06
2.38312e-05
-1.15561e-05
2.50512e-05
-1.33949e-05
2.60692e-05
-1.52873e-05
2.69121e-05
-1.72237e-05
2.76037e-05
-1.91959e-05
2.81646e-05
-2.11972e-05
2.86131e-05
-2.32217e-05
2.89646e-05
-2.52646e-05
2.92325e-05
-2.73215e-05
2.94282e-05
-2.9389e-05
2.95608e-05
-3.14638e-05
2.96383e-05
-3.35431e-05
2.96666e-05
-3.56244e-05
2.96507e-05
-3.77053e-05
2.95942e-05
-3.97837e-05
2.94997e-05
-4.18574e-05
2.93686e-05
-4.39244e-05
2.92019e-05
-4.59825e-05
2.89995e-05
-4.80295e-05
2.87609e-05
-5.00632e-05
2.8485e-05
-5.20813e-05
2.81702e-05
-5.40811e-05
2.78145e-05
-5.60599e-05
2.74156e-05
-5.8015e-05
2.69708e-05
-5.99431e-05
2.64775e-05
-6.1841e-05
2.59326e-05
-6.37049e-05
2.53328e-05
-6.55311e-05
2.46751e-05
-6.73154e-05
2.3956e-05
-6.90533e-05
2.31722e-05
-7.07401e-05
2.23205e-05
-7.23707e-05
2.13976e-05
-7.39398e-05
2.04003e-05
-7.54417e-05
1.93257e-05
-7.68702e-05
1.8171e-05
-7.82192e-05
1.69337e-05
-7.94819e-05
1.56118e-05
-8.06514e-05
1.42034e-05
-8.17206e-05
1.27073e-05
-8.26819e-05
1.11228e-05
-8.35277e-05
9.4497e-06
-8.42504e-05
7.68862e-06
-8.48418e-05
5.84095e-06
-8.52943e-05
3.90894e-06
-8.55998e-05
1.89581e-06
-8.57508e-05
-1.94153e-07
-8.57396e-05
-2.35569e-06
-8.55591e-05
-4.58226e-06
-8.52027e-05
-6.86598e-06
-8.46642e-05
-9.19771e-06
-8.39385e-05
-1.15671e-05
-8.30211e-05
-1.39623e-05
-8.19087e-05
-1.63704e-05
-8.05991e-05
-1.87771e-05
-7.90917e-05
-2.11669e-05
-7.73873e-05
-2.35232e-05
-7.54882e-05
-2.58284e-05
-7.33988e-05
-2.80641e-05
-7.11252e-05
-3.02114e-05
-6.86756e-05
-3.22509e-05
-6.60602e-05
-3.41631e-05
-6.32914e-05
-3.59288e-05
-6.03835e-05
-3.75291e-05
-5.73528e-05
-3.89462e-05
-5.42176e-05
-4.01632e-05
-5.09978e-05
-4.11648e-05
-4.77149e-05
-4.19377e-05
-4.43916e-05
-4.24705e-05
-4.10514e-05
-4.27544e-05
-3.77186e-05
-4.2783e-05
-3.44175e-05
-4.25527e-05
-3.11721e-05
-4.2063e-05
-2.8006e-05
-4.13158e-05
-2.49415e-05
-4.03161e-05
-2.19997e-05
-3.90715e-05
-1.91999e-05
-3.75919e-05
-1.65592e-05
-3.58898e-05
-1.40927e-05
-3.39793e-05
-1.18129e-05
-3.18768e-05
-9.72991e-06
-2.96002e-05
-7.85124e-06
-2.71696e-05
-6.18179e-06
-2.46066e-05
-4.72388e-06
-2.19354e-05
-3.47718e-06
-1.91828e-05
-2.43864e-06
-1.63793e-05
-1.6023e-06
-1.35596e-05
-9.59081e-07
-1.0764e-05
-4.96375e-07
-8.0396e-06
-1.97519e-07
-5.44142e-06
-4.10847e-08
-3.03449e-06
-8.95021e-07
-1.87242e-07
2.59737e-06
-6.94342e-07
7.14334e-06
-1.47362e-06
1.10994e-05
-2.48357e-06
1.45249e-05
-3.68828e-06
1.74764e-05
-5.05688e-06
2.00072e-05
-6.56295e-06
2.21667e-05
-8.18398e-06
2.4e-05
-9.90088e-06
2.55481e-05
-1.16975e-05
2.68478e-05
-1.35601e-05
2.79319e-05
-1.54773e-05
2.88293e-05
-1.74393e-05
2.95657e-05
-1.9438e-05
3.01633e-05
-2.14665e-05
3.06416e-05
-2.35192e-05
3.10172e-05
-2.55909e-05
3.13043e-05
-2.76777e-05
3.15149e-05
-2.97759e-05
3.1659e-05
-3.18824e-05
3.17448e-05
-3.39946e-05
3.17787e-05
-3.61098e-05
3.1766e-05
-3.82261e-05
3.17104e-05
-4.03411e-05
3.16147e-05
-4.24529e-05
3.14804e-05
-4.45595e-05
3.13085e-05
-4.66588e-05
3.10989e-05
-4.87489e-05
3.0851e-05
-5.08275e-05
3.05636e-05
-5.28923e-05
3.0235e-05
-5.49409e-05
2.98631e-05
-5.69707e-05
2.94453e-05
-5.89788e-05
2.89789e-05
-6.09621e-05
2.84609e-05
-6.29174e-05
2.78879e-05
-6.48412e-05
2.72565e-05
-6.67294e-05
2.65633e-05
-6.8578e-05
2.58046e-05
-7.03825e-05
2.49767e-05
-7.2138e-05
2.40761e-05
-7.38395e-05
2.3099e-05
-7.54813e-05
2.20421e-05
-7.70577e-05
2.0902e-05
-7.85624e-05
1.96757e-05
-7.99888e-05
1.83601e-05
-8.133e-05
1.6953e-05
-8.25786e-05
1.54521e-05
-8.37271e-05
1.38559e-05
-8.47676e-05
1.21633e-05
-8.56919e-05
1.0374e-05
-8.64916e-05
8.48836e-06
-8.71583e-05
6.50761e-06
-8.76832e-05
4.43389e-06
-8.80579e-05
2.27042e-06
-8.82737e-05
2.16763e-08
-8.83223e-05
-2.30709e-06
-8.81956e-05
-4.70894e-06
-8.78861e-05
-7.17548e-06
-8.73868e-05
-9.69699e-06
-8.66915e-05
-1.22623e-05
-8.5795e-05
-1.48589e-05
-8.46929e-05
-1.74725e-05
-8.33825e-05
-2.00876e-05
-8.18622e-05
-2.26872e-05
-8.01323e-05
-2.52532e-05
-7.81946e-05
-2.77661e-05
-7.60532e-05
-3.02056e-05
-7.37139e-05
-3.25507e-05
-7.1185e-05
-3.47798e-05
-6.84769e-05
-3.68712e-05
-6.56024e-05
-3.88033e-05
-6.25765e-05
-4.0555e-05
-5.94166e-05
-4.21061e-05
-5.6142e-05
-4.34377e-05
-5.27744e-05
-4.45325e-05
-4.93367e-05
-4.53754e-05
-4.58537e-05
-4.59535e-05
-4.23511e-05
-4.6257e-05
-3.88554e-05
-4.62787e-05
-3.53932e-05
-4.60149e-05
-3.19911e-05
-4.5465e-05
-2.86749e-05
-4.4632e-05
-2.54692e-05
-4.35218e-05
-2.23971e-05
-4.21436e-05
-1.94795e-05
-4.05096e-05
-1.6735e-05
-3.86342e-05
-1.41798e-05
-3.65345e-05
-1.18269e-05
-3.42296e-05
-9.68666e-06
-3.17405e-05
-7.76626e-06
-2.909e-05
-6.06996e-06
-2.63029e-05
-4.59897e-06
-2.34064e-05
-3.35144e-06
-2.04303e-05
-2.32242e-06
-1.74083e-05
-1.5037e-06
-1.43783e-05
-8.83496e-07
-1.13842e-05
-4.46069e-07
-8.47702e-06
-1.71136e-07
-5.71635e-06
-3.308e-08
-3.17255e-06
-9.28101e-07
-1.88859e-07
2.78623e-06
-7.00587e-07
7.65506e-06
-1.48726e-06
1.18861e-05
-2.5071e-06
1.55447e-05
-3.72395e-06
1.86932e-05
-5.1067e-06
2.13899e-05
-6.62869e-06
2.36887e-05
-8.26722e-06
2.56385e-05
-1.0003e-05
2.72839e-05
-1.18197e-05
2.86645e-05
-1.37035e-05
2.98157e-05
-1.56428e-05
3.07686e-05
-1.7628e-05
3.15508e-05
-1.96508e-05
3.21861e-05
-2.17043e-05
3.26951e-05
-2.37827e-05
3.30957e-05
-2.58813e-05
3.34029e-05
-2.79959e-05
3.36295e-05
-3.0123e-05
3.37861e-05
-3.22596e-05
3.38814e-05
-3.4403e-05
3.39222e-05
-3.6551e-05
3.39139e-05
-3.87013e-05
3.38607e-05
-4.08519e-05
3.37653e-05
-4.30011e-05
3.36296e-05
-4.51468e-05
3.34542e-05
-4.72871e-05
3.32393e-05
-4.94202e-05
3.29841e-05
-5.15439e-05
3.26873e-05
-5.36561e-05
3.23472e-05
-5.57545e-05
3.19614e-05
-5.78364e-05
3.15272e-05
-5.98991e-05
3.10417e-05
-6.19397e-05
3.05015e-05
-6.3955e-05
2.99031e-05
-6.59413e-05
2.92429e-05
-6.78948e-05
2.85169e-05
-6.98115e-05
2.77213e-05
-7.16868e-05
2.6852e-05
-7.35158e-05
2.59051e-05
-7.52933e-05
2.48765e-05
-7.70137e-05
2.37625e-05
-7.8671e-05
2.25593e-05
-8.02586e-05
2.12633e-05
-8.17698e-05
1.98713e-05
-8.31973e-05
1.83805e-05
-8.45335e-05
1.67883e-05
-8.57703e-05
1.50927e-05
-8.68994e-05
1.32923e-05
-8.7912e-05
1.13866e-05
-8.87992e-05
9.37553e-06
-8.95517e-05
7.26013e-06
-9.01602e-05
5.04242e-06
-9.06153e-05
2.72553e-06
-9.09075e-05
3.13834e-07
-9.10274e-05
-2.18713e-06
-9.09663e-05
-4.77012e-06
-9.07154e-05
-7.42638e-06
-9.02668e-05
-1.01456e-05
-8.96132e-05
-1.29159e-05
-8.87483e-05
-1.57237e-05
-8.7667e-05
-1.85538e-05
-8.63654e-05
-2.13892e-05
-8.48411e-05
-2.42114e-05
-8.30937e-05
-2.70006e-05
-8.11243e-05
-2.97355e-05
-7.89363e-05
-3.23935e-05
-7.65355e-05
-3.49515e-05
-7.39298e-05
-3.73855e-05
-7.11299e-05
-3.96712e-05
-6.81487e-05
-4.17845e-05
-6.50019e-05
-4.37017e-05
-6.17079e-05
-4.54002e-05
-5.82871e-05
-4.68584e-05
-5.47627e-05
-4.8057e-05
-5.11596e-05
-4.89785e-05
-4.75044e-05
-4.96087e-05
-4.38254e-05
-4.9936e-05
-4.01515e-05
-4.99526e-05
-3.6512e-05
-4.96543e-05
-3.29363e-05
-4.90408e-05
-2.94528e-05
-4.81155e-05
-2.60888e-05
-4.68858e-05
-2.28698e-05
-4.53627e-05
-1.98188e-05
-4.35606e-05
-1.69562e-05
-4.14968e-05
-1.42993e-05
-3.91914e-05
-1.18622e-05
-3.66667e-05
-9.65541e-06
-3.39473e-05
-7.68594e-06
-3.10594e-05
-5.95731e-06
-2.80315e-05
-4.46953e-06
-2.48941e-05
-3.21911e-06
-2.16808e-05
-2.19896e-06
-1.84285e-05
-1.3983e-06
-1.5179e-05
-8.02357e-07
-1.19802e-05
-3.91911e-07
-8.88747e-06
-1.42674e-07
-5.96559e-06
-2.44297e-08
-3.29079e-06
-9.52531e-07
-1.90165e-07
2.9764e-06
-7.05679e-07
8.17058e-06
-1.49845e-06
1.26789e-05
-2.52655e-06
1.65728e-05
-3.75364e-06
1.99203e-05
-5.14842e-06
2.27847e-05
-6.68407e-06
2.52243e-05
-8.33772e-06
2.72922e-05
-1.00899e-05
2.90361e-05
-1.19243e-05
3.04988e-05
-1.38269e-05
3.17183e-05
-1.57861e-05
3.27278e-05
-1.77921e-05
3.35568e-05
-1.98367e-05
3.42307e-05
-2.1913e-05
3.47715e-05
-2.40153e-05
3.5198e-05
-2.61389e-05
3.55264e-05
-2.82795e-05
3.57702e-05
-3.04339e-05
3.59405e-05
-3.2599e-05
3.60465e-05
-3.47724e-05
3.60956e-05
-3.69519e-05
3.60934e-05
-3.91353e-05
3.60442e-05
-4.13209e-05
3.59509e-05
-4.35068e-05
3.58155e-05
-4.56913e-05
3.56387e-05
-4.78726e-05
3.54206e-05
-5.00489e-05
3.51604e-05
-5.22182e-05
3.48567e-05
-5.43786e-05
3.45076e-05
-5.65277e-05
3.41105e-05
-5.86632e-05
3.36627e-05
-6.07824e-05
3.31609e-05
-6.28825e-05
3.26015e-05
-6.49602e-05
3.19809e-05
-6.70122e-05
3.12948e-05
-6.90346e-05
3.05393e-05
-7.10234e-05
2.971e-05
-7.2974e-05
2.88026e-05
-7.48815e-05
2.78126e-05
-7.67406e-05
2.67357e-05
-7.85456e-05
2.55675e-05
-8.02904e-05
2.4304e-05
-8.19682e-05
2.29412e-05
-8.35721e-05
2.14752e-05
-8.50944e-05
1.99028e-05
-8.65271e-05
1.8221e-05
-8.78618e-05
1.64274e-05
-8.90896e-05
1.45201e-05
-9.02011e-05
1.24982e-05
-9.11869e-05
1.03613e-05
-9.20369e-05
8.11015e-06
-9.27411e-05
5.74655e-06
-9.3289e-05
3.27348e-06
-9.36704e-05
6.95206e-07
-9.38749e-05
-1.98266e-06
-9.38925e-05
-4.75251e-06
-9.37135e-05
-7.60532e-06
-9.33289e-05
-1.05302e-05
-9.27302e-05
-1.35146e-05
-9.19099e-05
-1.6544e-05
-9.08618e-05
-1.96019e-05
-8.9581e-05
-2.26701e-05
-8.8064e-05
-2.57285e-05
-8.63092e-05
-2.87554e-05
-8.43173e-05
-3.17274e-05
-8.20908e-05
-3.462e-05
-7.96348e-05
-3.74074e-05
-7.69572e-05
-4.00631e-05
-7.40682e-05
-4.25602e-05
-7.09811e-05
-4.48715e-05
-6.77122e-05
-4.69707e-05
-6.42803e-05
-4.88321e-05
-6.07073e-05
-5.04314e-05
-5.70176e-05
-5.17466e-05
-5.32381e-05
-5.2758e-05
-4.93977e-05
-5.34491e-05
-4.5527e-05
-5.38067e-05
-4.16578e-05
-5.38218e-05
-3.78225e-05
-5.34896e-05
-3.40535e-05
-5.28098e-05
-3.03824e-05
-5.17865e-05
-2.68397e-05
-5.04285e-05
-2.34535e-05
-4.87488e-05
-2.02497e-05
-4.67644e-05
-1.72507e-05
-4.44958e-05
-1.44756e-05
-4.19665e-05
-1.19394e-05
-3.92029e-05
-9.6533e-06
-3.62334e-05
-7.62419e-06
-3.30885e-05
-5.8549e-06
-2.98008e-05
-4.34414e-06
-2.64049e-05
-3.08657e-06
-2.29383e-05
-2.07278e-06
-1.94422e-05
-1.28914e-06
-1.59626e-05
-7.1754e-07
-1.25518e-05
-3.34909e-07
-9.2701e-06
-1.12557e-07
-6.18794e-06
-1.52307e-08
-3.38812e-06
-9.67761e-07
-1.91183e-07
3.16758e-06
-7.09706e-07
8.6891e-06
-1.50741e-06
1.34766e-05
-2.54226e-06
1.76077e-05
-3.77781e-06
2.11559e-05
-5.18267e-06
2.41896e-05
-6.72989e-06
2.67715e-05
-8.39649e-06
2.89588e-05
-1.0163e-05
3.08026e-05
-1.20127e-05
3.23486e-05
-1.39319e-05
3.36375e-05
-1.59088e-05
3.47047e-05
-1.79335e-05
3.55816e-05
-1.99979e-05
3.62951e-05
-2.20952e-05
3.68687e-05
-2.42195e-05
3.73224e-05
-2.63662e-05
3.76731e-05
-2.85313e-05
3.79353e-05
-3.07115e-05
3.81207e-05
-3.29039e-05
3.82389e-05
-3.51062e-05
3.82978e-05
-3.73161e-05
3.83033e-05
-3.95318e-05
3.82599e-05
-4.17517e-05
3.81707e-05
-4.39739e-05
3.80377e-05
-4.6197e-05
3.78618e-05
-4.84193e-05
3.76429e-05
-5.06392e-05
3.73802e-05
-5.28547e-05
3.70723e-05
-5.50641e-05
3.6717e-05
-5.72653e-05
3.63117e-05
-5.9456e-05
3.58534e-05
-6.16336e-05
3.53385e-05
-6.37955e-05
3.47634e-05
-6.59385e-05
3.41239e-05
-6.80594e-05
3.34157e-05
-7.01544e-05
3.26343e-05
-7.22194e-05
3.1775e-05
-7.42499e-05
3.08331e-05
-7.62412e-05
2.98038e-05
-7.81877e-05
2.86822e-05
-8.00838e-05
2.74636e-05
-8.19231e-05
2.61433e-05
-8.36988e-05
2.47168e-05
-8.54035e-05
2.318e-05
-8.70295e-05
2.15288e-05
-8.85683e-05
1.97598e-05
-9.00111e-05
1.78701e-05
-9.13485e-05
1.58575e-05
-9.25705e-05
1.37202e-05
-9.36669e-05
1.14577e-05
-9.46272e-05
9.07036e-06
-9.54401e-05
6.55954e-06
-9.60947e-05
3.92806e-06
-9.65795e-05
1.18004e-06
-9.68832e-05
-1.67897e-06
-9.69947e-05
-4.64106e-06
-9.6903e-05
-7.697e-06
-9.65978e-05
-1.08354e-05
-9.60694e-05
-1.4043e-05
-9.53092e-05
-1.73042e-05
-9.43094e-05
-2.06016e-05
-9.3064e-05
-2.39155e-05
-9.15684e-05
-2.72241e-05
-8.98197e-05
-3.0504e-05
-8.78175e-05
-3.37296e-05
-8.55634e-05
-3.68741e-05
-8.30618e-05
-3.9909e-05
-8.03198e-05
-4.28051e-05
-7.73475e-05
-4.55325e-05
-7.41579e-05
-4.80611e-05
-7.07675e-05
-5.03611e-05
-6.71959e-05
-5.24037e-05
-6.34659e-05
-5.41615e-05
-5.96032e-05
-5.56093e-05
-5.56367e-05
-5.67246e-05
-5.15974e-05
-5.74883e-05
-4.75188e-05
-5.78854e-05
-4.34355e-05
-5.79051e-05
-3.93835e-05
-5.75417e-05
-3.53986e-05
-5.67947e-05
-3.15161e-05
-5.5669e-05
-2.77701e-05
-5.41745e-05
-2.41924e-05
-5.23266e-05
-2.08117e-05
-5.01451e-05
-1.76535e-05
-4.7654e-05
-1.47388e-05
-4.48812e-05
-1.20843e-05
-4.18574e-05
-9.70191e-06
-3.86158e-05
-7.59869e-06
-3.51918e-05
-5.77681e-06
-3.16227e-05
-4.23368e-06
-2.7948e-05
-2.96198e-06
-2.421e-05
-1.94974e-06
-2.04545e-05
-1.18018e-06
-1.67322e-05
-6.315e-07
-1.31005e-05
-2.76398e-07
-9.6252e-06
-8.13499e-08
-6.38299e-06
-5.61967e-09
-3.46385e-06
-9.73381e-07
-1.91932e-07
3.35951e-06
-7.12741e-07
9.20991e-06
-1.51427e-06
1.42781e-05
-2.55447e-06
1.86479e-05
-3.79686e-06
2.23982e-05
-5.20998e-06
2.56027e-05
-6.76684e-06
2.83284e-05
-8.44439e-06
3.06363e-05
-1.0223e-05
3.25812e-05
-1.20862e-05
3.42118e-05
-1.40199e-05
3.55712e-05
-1.60124e-05
3.66972e-05
-1.8054e-05
3.76231e-05
-2.01363e-05
3.83774e-05
-2.22526e-05
3.8985e-05
-2.43973e-05
3.9467e-05
-2.65656e-05
3.98415e-05
-2.87537e-05
4.01234e-05
-3.09584e-05
4.03253e-05
-3.31768e-05
4.04574e-05
-3.54068e-05
4.05278e-05
-3.76464e-05
4.05429e-05
-3.98937e-05
4.05073e-05
-4.21473e-05
4.04243e-05
-4.44056e-05
4.0296e-05
-4.66672e-05
4.01234e-05
-4.89307e-05
3.99063e-05
-5.11944e-05
3.9644e-05
-5.34569e-05
3.93347e-05
-5.57163e-05
3.89764e-05
-5.79709e-05
3.85662e-05
-6.02183e-05
3.81009e-05
-6.24564e-05
3.75766e-05
-6.46825e-05
3.69895e-05
-6.68937e-05
3.63351e-05
-6.90868e-05
3.56087e-05
-7.12581e-05
3.48056e-05
-7.34036e-05
3.39206e-05
-7.5519e-05
3.29485e-05
-7.75994e-05
3.18842e-05
-7.96394e-05
3.07222e-05
-8.16332e-05
2.94574e-05
-8.35743e-05
2.80844e-05
-8.54558e-05
2.65983e-05
-8.72702e-05
2.49943e-05
-8.90092e-05
2.32678e-05
-9.06643e-05
2.14149e-05
-9.2226e-05
1.94319e-05
-9.36845e-05
1.7316e-05
-9.50294e-05
1.50651e-05
-9.62497e-05
1.2678e-05
-9.73339e-05
1.01546e-05
-9.82703e-05
7.49592e-06
-9.90467e-05
4.70449e-06
-9.96509e-05
1.78421e-06
-0.00010007
-1.25951e-06
-0.000100293
-4.41862e-06
-0.000100306
-7.68383e-06
-0.000100098
-1.10433e-05
-9.96583e-05
-1.44828e-05
-9.89764e-05
-1.79862e-05
-9.80433e-05
-2.15347e-05
-9.68515e-05
-2.51073e-05
-9.53948e-05
-2.86808e-05
-9.36693e-05
-3.22296e-05
-9.16728e-05
-3.57261e-05
-8.94061e-05
-3.91409e-05
-8.68721e-05
-4.2443e-05
-8.40772e-05
-4.56001e-05
-8.10306e-05
-4.85791e-05
-7.77452e-05
-5.13465e-05
-7.42371e-05
-5.38691e-05
-7.05264e-05
-5.61144e-05
-6.66365e-05
-5.80514e-05
-6.25946e-05
-5.96512e-05
-5.8431e-05
-6.08882e-05
-5.41792e-05
-6.17401e-05
-4.98755e-05
-6.21891e-05
-4.55578e-05
-6.22228e-05
-4.12656e-05
-6.18338e-05
-3.7039e-05
-6.10214e-05
-3.29174e-05
-5.97905e-05
-2.89393e-05
-5.81527e-05
-2.51405e-05
-5.61254e-05
-2.15537e-05
-5.37318e-05
-1.82078e-05
-5.09999e-05
-1.51267e-05
-4.79623e-05
-1.23292e-05
-4.46549e-05
-9.82834e-06
-4.11166e-05
-7.63165e-06
-3.73885e-05
-5.74084e-06
-3.35135e-05
-4.152e-06
-2.95369e-05
-2.85576e-06
-2.55063e-05
-1.83733e-06
-2.14729e-05
-1.07651e-06
-1.7493e-05
-5.47437e-07
-1.36295e-05
-2.18138e-07
-9.9545e-06
-4.97695e-08
-6.55136e-06
4.21841e-09
-3.51784e-06
-9.69162e-07
-1.92426e-07
3.55194e-06
-7.14839e-07
9.73232e-06
-1.51916e-06
1.50824e-05
-2.5634e-06
1.96921e-05
-3.8111e-06
2.36459e-05
-5.2308e-06
2.70224e-05
-6.79548e-06
2.98931e-05
-8.48209e-06
3.23229e-05
-1.0271e-05
3.43701e-05
-1.21456e-05
3.60864e-05
-1.40919e-05
3.75175e-05
-1.60982e-05
3.87035e-05
-1.81547e-05
3.96795e-05
-2.02532e-05
4.04759e-05
-2.23869e-05
4.11187e-05
-2.45503e-05
4.16304e-05
-2.67388e-05
4.20299e-05
-2.89485e-05
4.23331e-05
-3.11763e-05
4.25532e-05
-3.34198e-05
4.27008e-05
-3.56765e-05
4.27846e-05
-3.79449e-05
4.28112e-05
-4.02232e-05
4.27856e-05
-4.251e-05
4.27112e-05
-4.48041e-05
4.25901e-05
-4.71042e-05
4.24234e-05
-4.94089e-05
4.2211e-05
-5.1717e-05
4.19521e-05
-5.40271e-05
4.16448e-05
-5.63376e-05
4.12869e-05
-5.86467e-05
4.08754e-05
-6.09527e-05
4.04068e-05
-6.32533e-05
3.98772e-05
-6.5546e-05
3.92823e-05
-6.78282e-05
3.86173e-05
-7.00968e-05
3.78773e-05
-7.23483e-05
3.70571e-05
-7.45788e-05
3.61511e-05
-7.6784e-05
3.51537e-05
-7.89591e-05
3.40593e-05
-8.10987e-05
3.28619e-05
-8.3197e-05
3.15557e-05
-8.52475e-05
3.01349e-05
-8.72431e-05
2.8594e-05
-8.91761e-05
2.69273e-05
-9.10381e-05
2.51298e-05
-9.28201e-05
2.31968e-05
-9.45124e-05
2.11241e-05
-9.61045e-05
1.89081e-05
-9.75855e-05
1.65461e-05
-9.89437e-05
1.40363e-05
-0.000100167
1.13779e-05
-0.000101243
8.57171e-06
-0.000102158
5.61964e-06
-0.000102899
2.52543e-06
-0.000103453
-7.05558e-07
-0.000103806
-4.06574e-06
-0.000103944
-7.54563e-06
-0.000103855
-1.11328e-05
-0.000103525
-1.48126e-05
-0.000102943
-1.85679e-05
-0.000102099
-2.2379e-05
-0.000100983
-2.62235e-05
-9.95869e-05
-3.00765e-05
-9.79058e-05
-3.39106e-05
-9.59359e-05
-3.76961e-05
-9.36758e-05
-4.14009e-05
-9.11274e-05
-4.49913e-05
-8.82956e-05
-4.8432e-05
-8.51884e-05
-5.16863e-05
-8.18178e-05
-5.47171e-05
-7.81996e-05
-5.74873e-05
-7.43537e-05
-5.99604e-05
-7.03038e-05
-6.21012e-05
-6.60782e-05
-6.38769e-05
-6.17088e-05
-6.52576e-05
-5.72313e-05
-6.62176e-05
-5.26847e-05
-6.67358e-05
-4.81106e-05
-6.67969e-05
-4.35525e-05
-6.63919e-05
-3.90549e-05
-6.55189e-05
-3.46624e-05
-6.4183e-05
-3.04181e-05
-6.23969e-05
-2.63631e-05
-6.01804e-05
-2.2535e-05
-5.75599e-05
-1.89666e-05
-5.45683e-05
-1.56857e-05
-5.12432e-05
-1.27139e-05
-4.76268e-05
-1.00661e-05
-4.37644e-05
-7.75073e-06
-3.97039e-05
-5.76921e-06
-3.5495e-05
-4.11648e-06
-3.11896e-05
-2.78102e-06
-2.68417e-05
-1.74506e-06
-2.25089e-05
-9.84636e-07
-1.82534e-05
-4.69464e-07
-1.41447e-05
-1.62457e-07
-1.02615e-05
-1.89941e-08
-6.69482e-06
1.40222e-08
-3.55085e-06
-9.5514e-07
-1.92677e-07
3.74461e-06
-7.16043e-07
1.02557e-05
-1.52218e-06
1.58886e-05
-2.56921e-06
2.07391e-05
-3.82077e-06
2.48975e-05
-5.24544e-06
2.8447e-05
-6.81623e-06
3.14639e-05
-8.51011e-06
3.40168e-05
-1.03075e-05
3.61675e-05
-1.21917e-05
3.79706e-05
-1.41488e-05
3.94746e-05
-1.61671e-05
4.07218e-05
-1.82368e-05
4.17492e-05
-2.03497e-05
4.25889e-05
-2.24993e-05
4.32683e-05
-2.46799e-05
4.38111e-05
-2.6887e-05
4.42371e-05
-2.91171e-05
4.45631e-05
-3.13669e-05
4.4803e-05
-3.36342e-05
4.49681e-05
-3.59168e-05
4.50672e-05
-3.82131e-05
4.51075e-05
-4.05218e-05
4.50942e-05
-4.28414e-05
4.50308e-05
-4.5171e-05
4.49197e-05
-4.75094e-05
4.47618e-05
-4.98556e-05
4.45572e-05
-5.22085e-05
4.43049e-05
-5.45668e-05
4.40031e-05
-5.69293e-05
4.36494e-05
-5.92944e-05
4.32405e-05
-6.16604e-05
4.27729e-05
-6.40255e-05
4.22423e-05
-6.63873e-05
4.16441e-05
-6.87434e-05
4.09734e-05
-7.10908e-05
4.02247e-05
-7.34262e-05
3.93925e-05
-7.57461e-05
3.84709e-05
-7.8046e-05
3.74537e-05
-8.03214e-05
3.63347e-05
-8.2567e-05
3.51074e-05
-8.47768e-05
3.37656e-05
-8.69445e-05
3.23026e-05
-8.90628e-05
3.07123e-05
-9.11239e-05
2.89884e-05
-9.31192e-05
2.71251e-05
-9.50393e-05
2.5117e-05
-9.68743e-05
2.29591e-05
-9.86132e-05
2.06471e-05
-0.000100245
1.81775e-05
-0.000101756
1.55479e-05
-0.000103135
1.27569e-05
-0.000104368
9.80452e-06
-0.000105441
6.69228e-06
-0.000106339
3.42347e-06
-0.000107048
4.03779e-09
-0.000107554
-3.56042e-06
-0.00010784
-7.25928e-06
-0.000107893
-1.108e-05
-0.000107698
-1.50074e-05
-0.000107242
-1.90237e-05
-0.000106513
-2.31082e-05
-0.000105499
-2.72372e-05
-0.000104191
-3.13845e-05
-0.000102581
-3.55206e-05
-0.000100664
-3.96137e-05
-9.84353e-05
-4.36293e-05
-9.58959e-05
-4.75308e-05
-9.30484e-05
-5.12794e-05
-8.98994e-05
-5.48352e-05
-8.64594e-05
-5.81571e-05
-8.27431e-05
-6.12036e-05
-7.87698e-05
-6.39337e-05
-7.45633e-05
-6.63077e-05
-7.01523e-05
-6.82879e-05
-6.55701e-05
-6.98398e-05
-6.08544e-05
-7.09332e-05
-5.60471e-05
-7.15431e-05
-5.11934e-05
-7.16505e-05
-4.63413e-05
-7.12441e-05
-4.15402e-05
-7.032e-05
-3.68402e-05
-6.8883e-05
-3.22905e-05
-6.69466e-05
-2.79381e-05
-6.45328e-05
-2.38262e-05
-6.16718e-05
-1.99933e-05
-5.84012e-05
-1.64717e-05
-5.47648e-05
-1.32867e-05
-5.08117e-05
-1.04562e-05
-4.6595e-05
-7.98974e-06
-4.21703e-05
-5.88923e-06
-3.75955e-05
-4.14853e-06
-3.29303e-05
-2.75401e-06
-2.82363e-05
-1.68472e-06
-2.35782e-05
-9.1268e-07
-1.90255e-05
-4.02727e-07
-1.46547e-05
-1.12243e-07
-1.0552e-05
9.58104e-09
-6.81665e-06
2.3485e-08
-3.56476e-06
-9.31655e-07
-1.9269e-07
3.93731e-06
-7.16382e-07
1.07794e-05
-1.52339e-06
1.66956e-05
-2.57202e-06
2.17878e-05
-3.82604e-06
2.61515e-05
-5.25414e-06
2.98751e-05
-6.82942e-06
3.30392e-05
-8.52886e-06
3.57163e-05
-1.03329e-05
3.79715e-05
-1.2225e-05
3.98627e-05
-1.41911e-05
4.14408e-05
-1.62197e-05
4.27504e-05
-1.83009e-05
4.38305e-05
-2.04267e-05
4.47147e-05
-2.25905e-05
4.54321e-05
-2.47869e-05
4.60074e-05
-2.70114e-05
4.64616e-05
-2.92604e-05
4.68122e-05
-3.15311e-05
4.70737e-05
-3.38211e-05
4.72581e-05
-3.61286e-05
4.73748e-05
-3.84521e-05
4.74311e-05
-4.07904e-05
4.74325e-05
-4.31424e-05
4.73828e-05
-4.55071e-05
4.72844e-05
-4.78838e-05
4.71385e-05
-5.02715e-05
4.6945e-05
-5.26695e-05
4.67029e-05
-5.50766e-05
4.64103e-05
-5.74919e-05
4.60647e-05
-5.99142e-05
4.56627e-05
-6.23418e-05
4.52005e-05
-6.47732e-05
4.46737e-05
-6.72064e-05
4.40773e-05
-6.96391e-05
4.3406e-05
-7.20686e-05
4.26542e-05
-7.44918e-05
4.18158e-05
-7.69053e-05
4.08843e-05
-7.93049e-05
3.98534e-05
-8.16862e-05
3.8716e-05
-8.4044e-05
3.74652e-05
-8.63726e-05
3.60941e-05
-8.86653e-05
3.45954e-05
-9.09151e-05
3.29621e-05
-9.31141e-05
3.11873e-05
-9.52534e-05
2.92644e-05
-9.73235e-05
2.71871e-05
-9.93141e-05
2.49497e-05
-0.000101214
2.25469e-05
-0.000103011
1.99746e-05
-0.000104693
1.72295e-05
-0.000106245
1.43094e-05
-0.000107654
1.12137e-05
-0.000108905
7.94339e-06
-0.000109983
4.50124e-06
-0.000110871
8.9212e-07
-0.000111554
-2.878e-06
-0.000112015
-6.7984e-06
-0.000112238
-1.08569e-05
-0.000112207
-1.5038e-05
-0.000111908
-1.93232e-05
-0.000111325
-2.3691e-05
-0.000110445
-2.81166e-05
-0.000109258
-3.25723e-05
-0.000107751
-3.70271e-05
-0.000105918
-4.1447e-05
-0.000103752
-4.57951e-05
-0.000101251
-5.00317e-05
-9.84153e-05
-5.41151e-05
-9.52492e-05
-5.80013e-05
-9.17611e-05
-6.16452e-05
-8.7964e-05
-6.50007e-05
-8.3876e-05
-6.80217e-05
-7.95203e-05
-7.06634e-05
-7.49256e-05
-7.28826e-05
-7.0126e-05
-7.46393e-05
-6.51613e-05
-7.5898e-05
-6.00758e-05
-7.66285e-05
-5.49186e-05
-7.68077e-05
-4.97422e-05
-7.64205e-05
-4.46017e-05
-7.54604e-05
-3.95535e-05
-7.39313e-05
-3.46534e-05
-7.18467e-05
-2.99554e-05
-6.92308e-05
-2.55101e-05
-6.61172e-05
-2.13623e-05
-6.25489e-05
-1.75505e-05
-5.85766e-05
-1.4105e-05
-5.42573e-05
-1.10472e-05
-4.96527e-05
-8.38925e-06
-4.48282e-05
-6.13378e-06
-3.9851e-05
-4.27406e-06
-3.479e-05
-2.79443e-06
-2.97159e-05
-1.67071e-06
-2.47019e-05
-8.70557e-07
-1.98256e-05
-3.53539e-07
-1.51717e-05
-7.09304e-08
-1.08346e-05
3.49855e-08
-6.92256e-06
3.22098e-08
-3.56198e-06
-8.99445e-07
-1.92472e-07
4.12978e-06
-7.15875e-07
1.13028e-05
-1.52283e-06
1.75025e-05
-2.5719e-06
2.28368e-05
-3.82704e-06
2.74067e-05
-5.25709e-06
3.13052e-05
-6.83525e-06
3.46173e-05
-8.53861e-06
3.74196e-05
-1.03477e-05
3.97806e-05
-1.22459e-05
4.17609e-05
-1.42194e-05
4.34143e-05
-1.62565e-05
4.47875e-05
-1.83477e-05
4.59216e-05
-2.04848e-05
4.68518e-05
-2.26613e-05
4.76086e-05
-2.48719e-05
4.8218e-05
-2.71123e-05
4.8702e-05
-2.9379e-05
4.90789e-05
-3.16693e-05
4.9364e-05
-3.39811e-05
4.95698e-05
-3.63125e-05
4.97062e-05
-3.86623e-05
4.97809e-05
-4.10295e-05
4.97996e-05
-4.34132e-05
4.97665e-05
-4.58127e-05
4.96839e-05
-4.82274e-05
4.95532e-05
-5.06567e-05
4.93742e-05
-5.30999e-05
4.91461e-05
-5.55563e-05
4.88668e-05
-5.80252e-05
4.85336e-05
-6.05056e-05
4.81431e-05
-6.29962e-05
4.76912e-05
-6.54958e-05
4.71732e-05
-6.80025e-05
4.6584e-05
-7.05143e-05
4.59179e-05
-7.3029e-05
4.51688e-05
-7.55436e-05
4.43304e-05
-7.80549e-05
4.33957e-05
-8.05591e-05
4.23576e-05
-8.30519e-05
4.12088e-05
-8.55283e-05
3.99416e-05
-8.79826e-05
3.85484e-05
-9.04085e-05
3.70213e-05
-9.27989e-05
3.53524e-05
-9.51457e-05
3.35341e-05
-9.74401e-05
3.15589e-05
-9.96726e-05
2.94196e-05
-0.000101832
2.71095e-05
-0.000103908
2.46226e-05
-0.000105887
2.19538e-05
-0.000107757
1.90988e-05
-0.000109502
1.60548e-05
-0.000111109
1.28203e-05
-0.000112561
9.3954e-06
-0.000113842
5.78242e-06
-0.000114935
1.9855e-06
-0.000115823
-1.98971e-06
-0.000116489
-6.13252e-06
-0.000116915
-1.04315e-05
-0.000117082
-1.48707e-05
-0.000116974
-1.94312e-05
-0.000116574
-2.40908e-05
-0.000115867
-2.8824e-05
-0.000114837
-3.36018e-05
-0.000113473
-3.83917e-05
-0.000111762
-4.31576e-05
-0.000109697
-4.78606e-05
-0.00010727
-5.2458e-05
-0.000104481
-5.69049e-05
-0.000101329
-6.11533e-05
-9.782e-05
-6.51538e-05
-9.39653e-05
-6.88553e-05
-8.97806e-05
-7.22065e-05
-8.52877e-05
-7.51563e-05
-8.05149e-05
-7.76554e-05
-7.54967e-05
-7.96576e-05
-7.0274e-05
-8.11207e-05
-6.48939e-05
-8.20087e-05
-5.94089e-05
-8.22927e-05
-5.38767e-05
-8.19527e-05
-4.83581e-05
-8.0979e-05
-4.29164e-05
-7.93729e-05
-3.76154e-05
-7.71477e-05
-3.25173e-05
-7.43289e-05
-2.76808e-05
-7.09537e-05
-2.31593e-05
-6.70705e-05
-1.89985e-05
-6.27374e-05
-1.52353e-05
-5.80205e-05
-1.18962e-05
-5.29918e-05
-8.99685e-06
-4.77275e-05
-6.54161e-06
-4.23062e-05
-4.5237e-06
-3.68079e-05
-2.92569e-06
-3.13139e-05
-1.72015e-06
-2.59074e-05
-8.70123e-07
-2.06757e-05
-3.29491e-07
-1.57123e-05
-4.28984e-08
-1.11212e-05
5.47945e-08
-7.02026e-06
3.96957e-08
-3.54688e-06
-8.5975e-07
-1.92022e-07
4.3218e-06
-7.14529e-07
1.18253e-05
-1.52053e-06
1.83085e-05
-2.56889e-06
2.38852e-05
-3.82382e-06
2.86616e-05
-5.25436e-06
3.27357e-05
-6.83386e-06
3.61968e-05
-8.53952e-06
3.91253e-05
-1.03519e-05
4.1593e-05
-1.22546e-05
4.36636e-05
-1.42338e-05
4.53934e-05
-1.62779e-05
4.68316e-05
-1.83773e-05
4.8021e-05
-2.05241e-05
4.89986e-05
-2.27118e-05
4.97964e-05
-2.49353e-05
5.04415e-05
-2.71902e-05
5.09569e-05
-2.94733e-05
5.1362e-05
-3.1782e-05
5.16727e-05
-3.41142e-05
5.1902e-05
-3.64685e-05
5.20605e-05
-3.88437e-05
5.21561e-05
-4.1239e-05
5.21949e-05
-4.36537e-05
5.21812e-05
-4.60875e-05
5.21177e-05
-4.85398e-05
5.20055e-05
-5.10104e-05
5.18449e-05
-5.3499e-05
5.16346e-05
-5.6005e-05
5.13728e-05
-5.8528e-05
5.10566e-05
-6.10674e-05
5.06824e-05
-6.36221e-05
5.02459e-05
-6.61913e-05
4.97423e-05
-6.87734e-05
4.91661e-05
-7.13668e-05
4.85113e-05
-7.39695e-05
4.77715e-05
-7.65789e-05
4.69398e-05
-7.91922e-05
4.60089e-05
-8.18057e-05
4.49711e-05
-8.44154e-05
4.38185e-05
-8.70166e-05
4.25428e-05
-8.96039e-05
4.11357e-05
-9.2171e-05
3.95884e-05
-9.4711e-05
3.78924e-05
-9.7216e-05
3.60391e-05
-9.96771e-05
3.402e-05
-0.000102085
3.18271e-05
-0.000104428
2.94528e-05
-0.000106695
2.68899e-05
-0.000108874
2.41324e-05
-0.00011095
2.11751e-05
-0.00011291
1.80141e-05
-0.000114736
1.46471e-05
-0.000116414
1.10733e-05
-0.000117926
7.29414e-06
-0.000119254
3.31328e-06
-0.00012038
-8.63664e-07
-0.000121285
-5.22759e-06
-0.000121949
-9.76744e-06
-0.000122352
-1.44671e-05
-0.000122476
-1.93073e-05
-0.000122301
-2.42657e-05
-0.00012181
-2.9316e-05
-0.000120983
-3.44284e-05
-0.000119806
-3.95691e-05
-0.000118263
-4.47005e-05
-0.000116342
-4.97814e-05
-0.000114033
-5.47666e-05
-0.00011133
-5.96078e-05
-0.00010823
-6.42533e-05
-0.000104735
-6.86489e-05
-0.000100852
-7.27383e-05
-9.65947e-05
-7.64641e-05
-9.19821e-05
-7.97688e-05
-8.70414e-05
-8.25961e-05
-8.18068e-05
-8.48921e-05
-7.63202e-05
-8.66073e-05
-7.06307e-05
-8.76982e-05
-6.47945e-05
-8.81289e-05
-5.88739e-05
-8.78733e-05
-5.29364e-05
-8.69166e-05
-4.70527e-05
-8.52566e-05
-4.12952e-05
-8.29052e-05
-3.57357e-05
-7.98884e-05
-3.04428e-05
-7.62466e-05
-2.54796e-05
-7.20337e-05
-2.09013e-05
-6.73157e-05
-1.67529e-05
-6.21688e-05
-1.3068e-05
-5.66768e-05
-9.86704e-06
-5.09285e-05
-7.15732e-06
-4.5016e-05
-4.93284e-06
-3.90324e-05
-3.17493e-06
-3.30718e-05
-1.85295e-06
-2.72294e-05
-9.25189e-07
-2.16034e-05
-3.39431e-07
-1.62981e-05
-3.31422e-08
-1.14275e-05
6.68697e-08
-7.12027e-06
4.53598e-08
-3.52537e-06
-8.1439e-07
-1.91341e-07
4.51314e-06
-7.12345e-07
1.23463e-05
-1.51648e-06
1.91127e-05
-2.563e-06
2.49317e-05
-3.81641e-06
2.9915e-05
-5.246e-06
3.41653e-05
-6.82529e-06
3.77761e-05
-8.53164e-06
4.08316e-05
-1.03457e-05
4.34071e-05
-1.22513e-05
4.55691e-05
-1.42345e-05
4.73766e-05
-1.62839e-05
4.8881e-05
-1.83899e-05
5.01271e-05
-2.05448e-05
5.11535e-05
-2.27422e-05
5.19938e-05
-2.49769e-05
5.26762e-05
-2.72449e-05
5.32249e-05
-2.9543e-05
5.366e-05
-3.18687e-05
5.39984e-05
-3.42203e-05
5.42536e-05
-3.65963e-05
5.44365e-05
-3.89958e-05
5.45556e-05
-4.14182e-05
5.46174e-05
-4.38632e-05
5.46262e-05
-4.63305e-05
5.4585e-05
-4.882e-05
5.4495e-05
-5.13316e-05
5.43565e-05
-5.38653e-05
5.41683e-05
-5.64209e-05
5.39285e-05
-5.89984e-05
5.3634e-05
-6.15973e-05
5.32813e-05
-6.42171e-05
5.28658e-05
-6.68571e-05
5.23824e-05
-6.95164e-05
5.18254e-05
-7.21935e-05
5.11884e-05
-7.48868e-05
5.04648e-05
-7.75942e-05
4.96472e-05
-8.03131e-05
4.87278e-05
-8.30404e-05
4.76984e-05
-8.57723e-05
4.65504e-05
-8.85045e-05
4.5275e-05
-9.12317e-05
4.38629e-05
-9.39482e-05
4.23049e-05
-9.66471e-05
4.05913e-05
-9.93206e-05
3.87127e-05
-0.00010196
3.66597e-05
-0.000104556
3.44232e-05
-0.000107098
3.19945e-05
-0.000109574
2.93656e-05
-0.00011197
2.65291e-05
-0.000114274
2.34789e-05
-0.00011647
2.02101e-05
-0.000118542
1.67191e-05
-0.000120473
1.30045e-05
-0.000122246
9.06657e-06
-0.000123841
4.90825e-06
-0.00012524
5.35137e-07
-0.000126421
-4.04646e-06
-0.000127364
-8.8246e-06
-0.000128047
-1.37842e-05
-0.000128448
-1.89062e-05
-0.000128545
-2.41679e-05
-0.000128318
-2.95431e-05
-0.000127745
-3.50013e-05
-0.000126807
-4.05079e-05
-0.000125483
-4.60239e-05
-0.000123758
-5.15064e-05
-0.000121617
-5.69077e-05
-0.000119049
-6.21763e-05
-0.000116045
-6.72568e-05
-0.000112604
-7.20899e-05
-0.000108728
-7.6614e-05
-0.000104427
-8.07651e-05
-9.97179e-05
-8.44784e-05
-9.46244e-05
-8.76896e-05
-8.91801e-05
-9.03364e-05
-8.34271e-05
-9.23603e-05
-7.74162e-05
-9.37091e-05
-7.12067e-05
-9.43384e-05
-6.48658e-05
-9.42141e-05
-5.84675e-05
-9.33149e-05
-5.20907e-05
-9.16335e-05
-4.58172e-05
-8.91787e-05
-3.97295e-05
-8.59761e-05
-3.39076e-05
-8.20684e-05
-2.84264e-05
-7.75149e-05
-2.33523e-05
-7.23898e-05
-1.8741e-05
-6.67802e-05
-1.46346e-05
-6.07831e-05
-1.10607e-05
-5.45024e-05
-8.03099e-06
-4.80457e-05
-5.54145e-06
-4.15219e-05
-3.57284e-06
-3.50404e-05
-2.0917e-06
-2.87106e-05
-1.05145e-06
-2.26437e-05
-3.93414e-07
-1.69561e-05
-4.73424e-08
-1.17736e-05
6.86473e-08
-7.23626e-06
4.8538e-08
-3.50526e-06
-7.65852e-07
-1.90425e-07
4.70356e-06
-7.09315e-07
1.28652e-05
-1.51068e-06
1.9914e-05
-2.55421e-06
2.59752e-05
-3.80479e-06
3.11656e-05
-5.23197e-06
3.55925e-05
-6.80952e-06
3.93537e-05
-8.51495e-06
4.25371e-05
-1.03291e-05
4.52212e-05
-1.22358e-05
4.74758e-05
-1.42213e-05
4.93622e-05
-1.62743e-05
5.0934e-05
-1.83854e-05
5.22381e-05
-2.05468e-05
5.33149e-05
-2.27522e-05
5.41992e-05
-2.49967e-05
5.49207e-05
-2.72763e-05
5.55044e-05
-2.95879e-05
5.59717e-05
-3.19292e-05
5.63398e-05
-3.42987e-05
5.6623e-05
-3.66951e-05
5.68329e-05
-3.91178e-05
5.69783e-05
-4.15663e-05
5.70659e-05
-4.40405e-05
5.71004e-05
-4.65404e-05
5.70849e-05
-4.90663e-05
5.70209e-05
-5.16183e-05
5.69085e-05
-5.41968e-05
5.67468e-05
-5.68019e-05
5.65336e-05
-5.94338e-05
5.62659e-05
-6.20925e-05
5.594e-05
-6.4778e-05
5.55512e-05
-6.74898e-05
5.50942e-05
-7.02275e-05
5.4563e-05
-7.299e-05
5.3951e-05
-7.57763e-05
5.32511e-05
-7.85845e-05
5.24554e-05
-8.14126e-05
5.15558e-05
-8.42578e-05
5.05436e-05
-8.71169e-05
4.94095e-05
-8.99858e-05
4.8144e-05
-9.28599e-05
4.67371e-05
-9.57337e-05
4.51786e-05
-9.86007e-05
4.34582e-05
-0.000101453
4.15654e-05
-0.000104284
3.94899e-05
-0.000107082
3.72214e-05
-0.000109837
3.47502e-05
-0.000112539
3.2067e-05
-0.000115173
2.91634e-05
-0.000117726
2.60321e-05
-0.000120183
2.26669e-05
-0.000122527
1.90634e-05
-0.000124742
1.52188e-05
-0.000126808
1.11324e-05
-0.000128705
6.80616e-06
-0.000130415
2.24441e-06
-0.000131913
-2.5479e-06
-0.00013318
-7.55828e-06
-0.00013419
-1.27743e-05
-0.000134918
-1.81773e-05
-0.000135342
-2.37448e-05
-0.000135434
-2.94506e-05
-0.000135171
-3.52642e-05
-0.000134528
-4.11506e-05
-0.000133482
-4.70702e-05
-0.00013201
-5.29783e-05
-0.000130093
-5.88254e-05
-0.000127712
-6.45568e-05
-0.000124856
-7.01131e-05
-0.000121515
-7.54305e-05
-0.000117688
-8.04411e-05
-0.000113379
-8.50741e-05
-0.000108601
-8.92567e-05
-0.000103375
-9.29156e-05
-9.77321e-05
-9.59789e-05
-9.17145e-05
-9.83779e-05
-8.53736e-05
-0.00010005
-7.87717e-05
-0.00010094
-7.19803e-05
-0.000101006
-6.50799e-05
-0.000100215
-5.81579e-05
-9.85555e-05
-5.13064e-05
-9.60302e-05
-4.46196e-05
-9.2663e-05
-3.81904e-05
-8.84976e-05
-3.21073e-05
-8.3598e-05
-2.64504e-05
-7.80468e-05
-2.12879e-05
-7.19427e-05
-1.66735e-05
-6.53975e-05
-1.26439e-05
-5.8532e-05
-9.21739e-06
-5.14722e-05
-6.39343e-06
-4.43459e-05
-4.15334e-06
-3.72805e-05
-2.46139e-06
-3.04025e-05
-1.26628e-06
-2.38388e-05
-5.02587e-07
-1.77198e-05
-9.18132e-08
-1.21843e-05
5.72658e-08
-7.38534e-06
4.84957e-08
-3.49649e-06
-7.17356e-07
-1.89269e-07
4.89283e-06
-7.05423e-07
1.33813e-05
-1.50309e-06
2.07117e-05
-2.54249e-06
2.70146e-05
-3.78889e-06
3.2412e-05
-5.21221e-06
3.70158e-05
-6.78645e-06
4.09279e-05
-8.48935e-06
4.424e-05
-1.03019e-05
4.70338e-05
-1.2208e-05
4.9382e-05
-1.41942e-05
5.13484e-05
-1.62492e-05
5.2989e-05
-1.83635e-05
5.43525e-05
-2.05297e-05
5.54811e-05
-2.27415e-05
5.6411e-05
-2.49941e-05
5.71732e-05
-2.72836e-05
5.7794e-05
-2.96072e-05
5.82952e-05
-3.19627e-05
5.86952e-05
-3.43486e-05
5.9009e-05
-3.67641e-05
5.92483e-05
-3.92085e-05
5.94227e-05
-4.16818e-05
5.95391e-05
-4.4184e-05
5.96026e-05
-4.67155e-05
5.96164e-05
-4.92768e-05
5.95822e-05
-5.18684e-05
5.95001e-05
-5.44909e-05
5.93693e-05
-5.71449e-05
5.91876e-05
-5.9831e-05
5.8952e-05
-6.25495e-05
5.86586e-05
-6.53008e-05
5.83026e-05
-6.80851e-05
5.78784e-05
-7.09021e-05
5.738e-05
-7.37515e-05
5.68004e-05
-7.66325e-05
5.61321e-05
-7.95439e-05
5.53669e-05
-8.24842e-05
5.44961e-05
-8.54512e-05
5.35106e-05
-8.8442e-05
5.24004e-05
-9.14534e-05
5.11553e-05
-9.44809e-05
4.97646e-05
-9.75198e-05
4.82174e-05
-0.000100564
4.65023e-05
-0.000103606
4.4608e-05
-0.000106639
4.25228e-05
-0.000109654
4.02357e-05
-0.000112639
3.77357e-05
-0.000115584
3.50122e-05
-0.000118477
3.20557e-05
-0.000121302
2.88576e-05
-0.000124046
2.54105e-05
-0.000126691
2.17085e-05
-0.00012922
1.77477e-05
-0.000131614
1.35261e-05
-0.000133852
9.04419e-06
-0.000135912
4.30516e-06
-0.000137775
-6.85432e-07
-0.000139414
-5.91957e-06
-0.000140802
-1.13858e-05
-0.000141913
-1.70661e-05
-0.000142719
-2.29389e-05
-0.000143191
-2.89788e-05
-0.0001433
-3.51558e-05
-0.000143015
-4.14352e-05
-0.000142308
-4.77768e-05
-0.000141151
-5.41352e-05
-0.000139518
-6.04588e-05
-0.000137384
-6.66905e-05
-0.00013473
-7.27669e-05
-0.000131542
-7.86193e-05
-0.000127809
-8.41734e-05
-0.000123533
-8.9351e-05
-0.000118719
-9.40706e-05
-0.000113385
-9.82489e-05
-0.000107561
-0.000101803
-0.000101285
-0.000104653
-9.46109e-05
-0.000106725
-8.76014e-05
-0.00010795
-8.03327e-05
-0.000108274
-7.28916e-05
-0.000107656
-6.53738e-05
-0.000106073
-5.7882e-05
-0.000103522
-5.05232e-05
-0.000100022
-4.34047e-05
-9.56162e-05
-3.66301e-05
-9.03725e-05
-3.02955e-05
-8.43813e-05
-2.44847e-05
-7.77535e-05
-1.92655e-05
-7.06167e-05
-1.46863e-05
-6.31111e-05
-1.07747e-05
-5.53839e-05
-7.53572e-06
-4.75849e-05
-4.95285e-06
-3.98634e-05
-2.98899e-06
-3.23664e-05
-1.58845e-06
-2.52393e-05
-6.78964e-07
-1.86293e-05
-1.73348e-07
-1.26899e-05
2.95466e-08
-7.58823e-06
4.44535e-08
-3.5114e-06
-6.72903e-07
-1.87869e-07
5.0807e-06
-7.00652e-07
1.38941e-05
-1.49369e-06
2.15047e-05
-2.52776e-06
2.80487e-05
-3.76865e-06
3.36529e-05
-5.1866e-06
3.84338e-05
-6.75596e-06
4.24973e-05
-8.45466e-06
4.59387e-05
-1.02639e-05
4.8843e-05
-1.21678e-05
5.12858e-05
-1.41528e-05
5.33334e-05
-1.62079e-05
5.50441e-05
-1.83239e-05
5.64684e-05
-2.04931e-05
5.76503e-05
-2.27096e-05
5.86275e-05
-2.49685e-05
5.94322e-05
-2.72663e-05
6.00917e-05
-2.96002e-05
6.06291e-05
-3.19681e-05
6.10632e-05
-3.43689e-05
6.14097e-05
-3.68018e-05
6.16812e-05
-3.92665e-05
6.18874e-05
-4.1763e-05
6.20357e-05
-4.42919e-05
6.21315e-05
-4.68536e-05
6.21782e-05
-4.94491e-05
6.21776e-05
-5.20791e-05
6.21301e-05
-5.47446e-05
6.20348e-05
-5.74467e-05
6.18896e-05
-6.01862e-05
6.16915e-05
-6.29641e-05
6.14365e-05
-6.57811e-05
6.11196e-05
-6.86379e-05
6.07352e-05
-7.15347e-05
6.02769e-05
-7.44718e-05
5.97375e-05
-7.7449e-05
5.91092e-05
-8.04656e-05
5.83835e-05
-8.35207e-05
5.75512e-05
-8.66127e-05
5.66026e-05
-8.97395e-05
5.55272e-05
-9.28983e-05
5.43141e-05
-9.60855e-05
5.29519e-05
-9.92968e-05
5.14287e-05
-0.000102527
4.97324e-05
-0.00010577
4.78506e-05
-0.000109017
4.57707e-05
-0.000112262
4.34803e-05
-0.000115494
4.09673e-05
-0.000118701
3.822e-05
-0.000121873
3.52274e-05
-0.000124995
3.19796e-05
-0.000128052
2.84679e-05
-0.000131029
2.46849e-05
-0.000133906
2.06252e-05
-0.000136665
1.62853e-05
-0.000139285
1.16641e-05
-0.000141743
6.76342e-06
-0.000144017
1.58784e-06
-0.000146077
-3.859e-06
-0.000147899
-9.56433e-06
-0.00014945
-1.55147e-05
-0.000150699
-2.16896e-05
-0.000151613
-2.80649e-05
-0.000152157
-3.46117e-05
-0.000152297
-4.1296e-05
-0.000151995
-4.8078e-05
-0.000151219
-5.49116e-05
-0.000149934
-6.17441e-05
-0.000148108
-6.85157e-05
-0.000145716
-7.51595e-05
-0.000142734
-8.16014e-05
-0.000139146
-8.77609e-05
-0.000134946
-9.35515e-05
-0.000130134
-9.88823e-05
-0.000124723
-0.000103659
-0.000118739
-0.000107788
-0.000112218
-0.000111175
-0.000105211
-0.000113731
-9.77845e-05
-0.000115376
-9.00172e-05
-0.000116042
-8.20013e-05
-0.000115672
-7.38408e-05
-0.000114234
-6.56493e-05
-0.000111713
-5.75467e-05
-0.000108124
-4.96556e-05
-0.000103507
-4.20971e-05
-9.79311e-05
-3.4985e-05
-9.14934e-05
-2.84215e-05
-8.4317e-05
-2.24914e-05
-7.65468e-05
-1.72587e-05
-6.83439e-05
-1.27627e-05
-5.98798e-05
-9.01711e-06
-5.13305e-05
-6.00946e-06
-4.2871e-05
-3.70276e-06
-3.46731e-05
-2.03766e-06
-2.69044e-05
-9.35128e-07
-1.97318e-05
-2.9894e-07
-1.33261e-05
-1.74745e-08
-7.8697e-06
3.56342e-08
-3.56451e-06
-6.37269e-07
-1.86217e-07
5.26692e-06
-6.94977e-07
1.44029e-05
-1.48241e-06
2.22922e-05
-2.50997e-06
2.90763e-05
-3.74394e-06
3.48868e-05
-5.15502e-06
3.98448e-05
-6.71786e-06
4.40601e-05
-8.41068e-06
4.76315e-05
-1.02149e-05
5.06472e-05
-1.21147e-05
5.31856e-05
-1.40968e-05
5.53156e-05
-1.61503e-05
5.70975e-05
-1.82659e-05
5.85841e-05
-2.04364e-05
5.98208e-05
-2.26557e-05
6.08468e-05
-2.49192e-05
6.16957e-05
-2.72235e-05
6.2396e-05
-2.95658e-05
6.29714e-05
-3.19444e-05
6.34418e-05
-3.43582e-05
6.38236e-05
-3.68068e-05
6.41297e-05
-3.92899e-05
6.43705e-05
-4.18081e-05
6.45539e-05
-4.43619e-05
6.46853e-05
-4.69522e-05
6.47685e-05
-4.95802e-05
6.48056e-05
-5.22472e-05
6.47971e-05
-5.49545e-05
6.4742e-05
-5.77034e-05
6.46385e-05
-6.04953e-05
6.44835e-05
-6.33317e-05
6.42728e-05
-6.62137e-05
6.40016e-05
-6.91426e-05
6.36641e-05
-7.21193e-05
6.32535e-05
-7.51444e-05
6.27627e-05
-7.82186e-05
6.21833e-05
-8.13417e-05
6.15067e-05
-8.45136e-05
6.07231e-05
-8.77334e-05
5.98223e-05
-9.09997e-05
5.87935e-05
-9.43105e-05
5.76249e-05
-9.7663e-05
5.63045e-05
-0.000101054
5.48195e-05
-0.000104478
5.3157e-05
-0.000107931
5.13034e-05
-0.000111406
4.92453e-05
-0.000114895
4.69691e-05
-0.000118389
4.44614e-05
-0.000121878
4.17092e-05
-0.000125351
3.87002e-05
-0.000128794
3.54229e-05
-0.000132193
3.18671e-05
-0.000135532
2.80239e-05
-0.000138793
2.38862e-05
-0.000141957
1.94486e-05
-0.000145001
1.47081e-05
-0.000147902
9.66447e-06
-0.000150634
4.32009e-06
-0.000153171
-1.32166e-06
-0.000155483
-7.25282e-06
-0.000157534
-1.34632e-05
-0.000159289
-1.99347e-05
-0.00016071
-2.66446e-05
-0.000161755
-3.35661e-05
-0.000162385
-4.06665e-05
-0.000162556
-4.79069e-05
-0.000162226
-5.52415e-05
-0.000161354
-6.26164e-05
-0.0001599
-6.99697e-05
-0.000157828
-7.72308e-05
-0.000155109
-8.43205e-05
-0.000151719
-9.11514e-05
-0.000147642
-9.76285e-05
-0.000142873
-0.000103651
-0.00013742
-0.000109113
-0.000131302
-0.000113906
-0.000124553
-0.000117924
-0.000117223
-0.000121061
-0.000109377
-0.000123222
-0.000101097
-0.000124322
-9.24795e-05
-0.00012429
-8.36364e-05
-0.000123077
-7.46913e-05
-0.000120659
-6.57775e-05
-0.000117038
-5.70336e-05
-0.000112251
-4.85989e-05
-0.000106366
-4.06076e-05
-9.94847e-05
-3.31825e-05
-9.17421e-05
-2.64292e-05
-8.33e-05
-2.04303e-05
-7.43428e-05
-1.5241e-05
-6.50691e-05
-1.08866e-05
-5.56849e-05
-7.36178e-06
-4.63959e-05
-4.63154e-06
-3.74033e-05
-2.63405e-06
-2.89019e-05
-1.28395e-06
-2.10819e-05
-4.75705e-07
-1.41344e-05
-8.64514e-08
-8.25895e-06
2.12719e-08
-3.67223e-06
-6.15997e-07
-1.84306e-07
5.45122e-06
-6.88374e-07
1.4907e-05
-1.46922e-06
2.3073e-05
-2.48903e-06
3.00961e-05
-3.71467e-06
3.61125e-05
-5.1173e-06
4.12475e-05
-6.67196e-06
4.56148e-05
-8.35715e-06
4.93167e-05
-1.01545e-05
5.24446e-05
-1.20484e-05
5.50795e-05
-1.40258e-05
5.72929e-05
-1.60757e-05
5.91474e-05
-1.81892e-05
6.06975e-05
-2.03589e-05
6.19905e-05
-2.25791e-05
6.3067e-05
-2.48453e-05
6.39619e-05
-2.7154e-05
6.47047e-05
-2.95028e-05
6.53202e-05
-3.18901e-05
6.58292e-05
-3.43151e-05
6.62485e-05
-3.67773e-05
6.65919e-05
-3.9277e-05
6.68702e-05
-4.18147e-05
6.70916e-05
-4.43915e-05
6.72621e-05
-4.70086e-05
6.73856e-05
-4.96673e-05
6.74644e-05
-5.23694e-05
6.74992e-05
-5.51166e-05
6.74892e-05
-5.79107e-05
6.74326e-05
-6.07535e-05
6.73263e-05
-6.3647e-05
6.71663e-05
-6.6593e-05
6.69476e-05
-6.95931e-05
6.66642e-05
-7.26489e-05
6.63094e-05
-7.57619e-05
6.58756e-05
-7.89331e-05
6.53546e-05
-8.21635e-05
6.4737e-05
-8.54534e-05
6.40131e-05
-8.8803e-05
6.31719e-05
-9.22117e-05
6.22021e-05
-9.56783e-05
6.10916e-05
-9.92012e-05
5.98273e-05
-0.000102778
5.83961e-05
-0.000106405
5.67837e-05
-0.000110077
5.4976e-05
-0.00011379
5.29583e-05
-0.000117537
5.07159e-05
-0.00012131
4.82342e-05
-0.000125099
4.54988e-05
-0.000128895
4.24959e-05
-0.000132685
3.92126e-05
-0.000136454
3.56368e-05
-0.000140188
3.17579e-05
-0.000143869
2.75667e-05
-0.000147476
2.30559e-05
-0.000150988
1.82199e-05
-0.000154379
1.30558e-05
-0.000157623
7.56372e-06
-0.000160691
1.74636e-06
-0.000163548
-4.39611e-06
-0.000166158
-1.08529e-05
-0.00016848
-1.76123e-05
-0.000170471
-2.46543e-05
-0.000172083
-3.19542e-05
-0.000173268
-3.94813e-05
-0.000173976
-4.71985e-05
-0.000174157
-5.50604e-05
-0.000173761
-6.30126e-05
-0.00017274
-7.09912e-05
-0.000171048
-7.8922e-05
-0.000168648
-8.67207e-05
-0.000165507
-9.42926e-05
-0.000161602
-0.000101534
-0.00015692
-0.000108333
-0.000151462
-0.000114571
-0.000145242
-0.000120126
-0.000138289
-0.000124876
-0.000130652
-0.000128699
-0.000122393
-0.000131481
-0.000113595
-0.000133119
-0.00010436
-0.000133525
-9.48041e-05
-0.000132633
-8.50612e-05
-0.000130401
-7.52771e-05
-0.000126822
-6.56067e-05
-0.000121922
-5.62083e-05
-0.000115764
-4.72379e-05
-0.000108455
-3.88418e-05
-0.000100138
-3.11493e-05
-9.09925e-05
-2.42657e-05
-8.12264e-05
-1.82662e-05
-7.10686e-05
-1.31919e-05
-6.07592e-05
-9.04778e-06
-5.054e-05
-5.80389e-06
-4.06472e-05
-3.39767e-06
-3.13081e-05
-1.73826e-06
-2.27413e-05
-7.10982e-07
-1.51617e-05
-1.81496e-07
-8.78844e-06
4.0956e-10
-3.85414e-06
-6.15587e-07
-1.82127e-07
5.63335e-06
-6.80815e-07
1.54056e-05
-1.45406e-06
2.38463e-05
-2.46484e-06
3.11069e-05
-3.68068e-06
3.73283e-05
-5.07327e-06
4.26401e-05
-6.61803e-06
4.71595e-05
-8.29379e-06
5.09924e-05
-1.00824e-05
5.42332e-05
-1.19685e-05
5.69656e-05
-1.39392e-05
5.92636e-05
-1.59836e-05
6.11918e-05
-1.80929e-05
6.28068e-05
-2.02599e-05
6.41575e-05
-2.2479e-05
6.52861e-05
-2.47457e-05
6.62286e-05
-2.70568e-05
6.70158e-05
-2.941e-05
6.76734e-05
-3.18039e-05
6.82231e-05
-3.42378e-05
6.86824e-05
-3.67115e-05
6.90656e-05
-3.92255e-05
6.93842e-05
-4.17806e-05
6.96468e-05
-4.43782e-05
6.98596e-05
-4.70197e-05
7.00271e-05
-4.9707e-05
7.01517e-05
-5.2442e-05
7.02342e-05
-5.52269e-05
7.02742e-05
-5.80641e-05
7.02698e-05
-6.09559e-05
7.02181e-05
-6.39046e-05
7.0115e-05
-6.69126e-05
6.99556e-05
-6.99824e-05
6.97339e-05
-7.31162e-05
6.94431e-05
-7.6316e-05
6.90755e-05
-7.95838e-05
6.86224e-05
-8.29213e-05
6.80746e-05
-8.63299e-05
6.74216e-05
-8.98104e-05
6.66524e-05
-9.33635e-05
6.57552e-05
-9.6989e-05
6.47171e-05
-0.000100686
6.35247e-05
-0.000104454
6.21638e-05
-0.00010829
6.06197e-05
-0.000112191
5.88771e-05
-0.000116153
5.69204e-05
-0.000120171
5.47337e-05
-0.000124238
5.23012e-05
-0.000128346
4.9607e-05
-0.000132486
4.6636e-05
-0.000136647
4.33734e-05
-0.000140816
3.98053e-05
-0.000144977
3.59189e-05
-0.000149113
3.17028e-05
-0.000153204
2.71469e-05
-0.000157227
2.2243e-05
-0.000161156
1.69849e-05
-0.000164961
1.1369e-05
-0.00016861
5.39467e-06
-0.000172068
-9.37662e-07
-0.000175295
-7.6261e-06
-0.000178244
-1.46637e-05
-0.000180864
-2.20341e-05
-0.000183103
-2.97154e-05
-0.000184904
-3.76799e-05
-0.00018621
-4.58923e-05
-0.000186962
-5.43085e-05
-0.000187101
-6.2874e-05
-0.000186569
-7.15231e-05
-0.000185313
-8.0178e-05
-0.000183285
-8.87488e-05
-0.000180444
-9.71338e-05
-0.000176758
-0.00010522
-0.000172207
-0.000112883
-0.000166785
-0.000119993
-0.0001605
-0.000126412
-0.000153375
-0.000132001
-0.000145454
-0.00013662
-0.000136798
-0.000140137
-0.00012749
-0.000142427
-0.000117632
-0.000143383
-0.000107346
-0.000142918
-9.67744e-05
-0.000140973
-8.60736e-05
-0.000137523
-7.54141e-05
-0.000132581
-6.49737e-05
-0.000126205
-5.49311e-05
-0.000118498
-4.54581e-05
-0.000109611
-3.6711e-05
-9.97396e-05
-2.88217e-05
-8.91157e-05
-2.18899e-05
-7.80004e-05
-1.59771e-05
-6.6672e-05
-1.11034e-05
-5.54137e-05
-7.24723e-06
-4.45034e-05
-4.34784e-06
-3.42075e-05
-2.31039e-06
-2.47788e-05
-1.01151e-06
-1.64605e-05
-3.05104e-07
-9.49485e-06
-2.72702e-08
-4.13197e-06
-6.42858e-07
-1.79675e-07
5.81303e-06
-6.72273e-07
1.58982e-05
-1.43686e-06
2.46109e-05
-2.43731e-06
3.21073e-05
-3.64185e-06
3.85329e-05
-5.02274e-06
4.40209e-05
-6.55583e-06
4.86926e-05
-8.22031e-06
5.26569e-05
-9.99832e-06
5.60112e-05
-1.18747e-05
5.8842e-05
-1.38366e-05
6.12255e-05
-1.58734e-05
6.32287e-05
-1.79765e-05
6.49099e-05
-2.01386e-05
6.63197e-05
-2.23544e-05
6.75018e-05
-2.46195e-05
6.84937e-05
-2.69307e-05
6.9327e-05
-2.92861e-05
7.00288e-05
-3.16842e-05
7.06212e-05
-3.41246e-05
7.11228e-05
-3.66074e-05
7.15484e-05
-3.91332e-05
7.19101e-05
-4.17033e-05
7.22168e-05
-4.43191e-05
7.24754e-05
-4.69825e-05
7.26905e-05
-4.96956e-05
7.28648e-05
-5.2461e-05
7.29995e-05
-5.52811e-05
7.30943e-05
-5.81588e-05
7.31475e-05
-6.10969e-05
7.31562e-05
-6.40984e-05
7.31165e-05
-6.71662e-05
7.30235e-05
-7.03035e-05
7.28712e-05
-7.35132e-05
7.26528e-05
-7.67981e-05
7.23604e-05
-8.01612e-05
7.19855e-05
-8.36048e-05
7.15182e-05
-8.71316e-05
7.09483e-05
-9.07433e-05
7.02642e-05
-9.44417e-05
6.94536e-05
-9.82281e-05
6.85034e-05
-0.000102103
6.73995e-05
-0.000106066
6.61272e-05
-0.000110117
6.46708e-05
-0.000114255
6.30144e-05
-0.000118475
6.11413e-05
-0.000122776
5.90345e-05
-0.000127152
5.66769e-05
-0.000131596
5.40514e-05
-0.000136101
5.1141e-05
-0.000140657
4.79292e-05
-0.000145252
4.43999e-05
-0.000149871
4.0538e-05
-0.000154497
3.6329e-05
-0.00015911
3.17601e-05
-0.000163686
2.68193e-05
-0.000168198
2.14968e-05
-0.000172614
1.57843e-05
-0.000176896
9.67722e-06
-0.000181007
3.17324e-06
-0.000184899
-3.73384e-06
-0.000188526
-1.10369e-05
-0.00019183
-1.87305e-05
-0.000194749
-2.67962e-05
-0.00019722
-3.52088e-05
-0.000199177
-4.39356e-05
-0.000200551
-5.29341e-05
-0.000201275
-6.21497e-05
-0.000201283
-7.15153e-05
-0.000200512
-8.09494e-05
-0.000198904
-9.03568e-05
-0.00019641
-9.96278e-05
-0.000192989
-0.00010864
-0.000188615
-0.000117257
-0.000183272
-0.000125336
-0.000176961
-0.000132723
-0.000169702
-0.000139261
-0.00016153
-0.000144792
-0.000152505
-0.000149162
-0.000142706
-0.000152226
-0.000132236
-0.000153853
-0.000121219
-0.000153935
-0.000109804
-0.000152389
-9.81559e-05
-0.000149171
-8.64606e-05
-0.000144276
-7.49139e-05
-0.000137751
-6.37176e-05
-0.000129694
-5.30705e-05
-0.000120258
-4.31584e-05
-0.000109652
-3.41438e-05
-9.81303e-05
-2.61557e-05
-8.59885e-05
-1.92816e-05
-7.35462e-05
-1.35615e-05
-6.11337e-05
-8.98702e-06
-4.90779e-05
-5.50273e-06
-3.76918e-05
-3.01196e-06
-2.72695e-05
-1.38363e-06
-1.80889e-05
-4.5981e-07
-1.04187e-05
-6.26517e-08
-4.52913e-06
-7.05509e-07
-1.7694e-07
5.98997e-06
-6.62722e-07
1.6384e-05
-1.41759e-06
2.53657e-05
-2.40636e-06
3.30961e-05
-3.59805e-06
3.97246e-05
-4.96553e-06
4.53884e-05
-6.48513e-06
5.02122e-05
-8.13641e-06
5.43082e-05
-9.9018e-06
5.77766e-05
-1.17663e-05
6.07065e-05
-1.37174e-05
6.31766e-05
-1.57446e-05
6.52558e-05
-1.78391e-05
6.70045e-05
-1.99942e-05
6.84748e-05
-2.22044e-05
6.9712e-05
-2.44655e-05
7.07548e-05
-2.67745e-05
7.16361e-05
-2.91295e-05
7.23838e-05
-3.15294e-05
7.3021e-05
-3.39738e-05
7.35671e-05
-3.6463e-05
7.40377e-05
-3.8998e-05
7.44451e-05
-4.15802e-05
7.4799e-05
-4.42113e-05
7.51066e-05
-4.68937e-05
7.53729e-05
-4.96297e-05
7.56009e-05
-5.24224e-05
7.57922e-05
-5.52746e-05
7.59465e-05
-5.81897e-05
7.60625e-05
-6.11711e-05
7.61375e-05
-6.42222e-05
7.61677e-05
-6.73469e-05
7.61481e-05
-7.05487e-05
7.60731e-05
-7.38315e-05
7.59356e-05
-7.7199e-05
7.5728e-05
-8.0655e-05
7.54414e-05
-8.42029e-05
7.50662e-05
-8.78463e-05
7.45917e-05
-9.15884e-05
7.40063e-05
-9.54321e-05
7.32973e-05
-9.93799e-05
7.24512e-05
-0.000103434
7.14536e-05
-0.000107596
7.02891e-05
-0.000111867
6.89415e-05
-0.000116246
6.7394e-05
-0.000120734
6.5629e-05
-0.000125328
6.36285e-05
-0.000130025
6.13742e-05
-0.000134821
5.88474e-05
-0.00013971
5.60295e-05
-0.000144682
5.29017e-05
-0.000149728
4.94458e-05
-0.000154834
4.56436e-05
-0.000159982
4.14775e-05
-0.000165153
3.69307e-05
-0.000170321
3.19872e-05
-0.000175456
2.66322e-05
-0.000180524
2.08524e-05
-0.000185484
1.4637e-05
-0.000190289
7.97881e-06
-0.000194897
8.73889e-07
-0.000199247
-6.68674e-06
-0.000203278
-1.46997e-05
-0.000206921
-2.31532e-05
-0.000210104
-3.20255e-05
-0.000212754
-4.12865e-05
-0.000214792
-5.08957e-05
-0.000216143
-6.07988e-05
-0.000216731
-7.09271e-05
-0.000216485
-8.11957e-05
-0.000215338
-9.15034e-05
-0.000213233
-0.000101733
-0.000210122
-0.000111751
-0.000205967
-0.000121412
-0.000200748
-0.000130555
-0.000194457
-0.000139014
-0.000187106
-0.000146611
-0.000178727
-0.000153171
-0.000169371
-0.000158517
-0.000159116
-0.000162481
-0.00014806
-0.000164909
-0.00013633
-0.000165665
-0.000124075
-0.000164644
-0.000111471
-0.000161775
-9.87124e-05
-0.000157035
-8.60138e-05
-0.00015045
-7.35991e-05
-0.000142109
-6.16943e-05
-0.000132163
-5.0517e-05
-0.000120829
-4.02636e-05
-0.000108384
-3.10976e-05
-9.51545e-05
-2.31378e-05
-8.1506e-05
-1.64506e-05
-6.78208e-05
-1.10461e-05
-5.44824e-05
-6.87895e-06
-4.18589e-05
-3.85371e-06
-3.02948e-05
-1.83324e-06
-2.01093e-05
-6.48155e-07
-1.16038e-05
-1.06177e-07
-5.07111e-06
-8.11686e-07
-1.73916e-07
6.16388e-06
-6.52137e-07
1.68622e-05
-1.39617e-06
2.61098e-05
-2.37189e-06
3.40718e-05
-3.54915e-06
4.09018e-05
-4.90146e-06
4.67407e-05
-6.4057e-06
5.17165e-05
-8.04181e-06
5.59443e-05
-9.79252e-06
5.95273e-05
-1.16431e-05
6.25571e-05
-1.35812e-05
6.51147e-05
-1.55964e-05
6.7271e-05
-1.76802e-05
6.90883e-05
-1.98259e-05
7.06205e-05
-2.20281e-05
7.19142e-05
-2.42827e-05
7.30094e-05
-2.6587e-05
7.39403e-05
-2.8939e-05
7.47358e-05
-3.13379e-05
7.54199e-05
-3.37835e-05
7.60127e-05
-3.62763e-05
7.65305e-05
-3.88174e-05
7.69862e-05
-4.14086e-05
7.73902e-05
-4.40519e-05
7.77499e-05
-4.67499e-05
7.80709e-05
-4.95056e-05
7.83566e-05
-5.2322e-05
7.86086e-05
-5.52028e-05
7.88273e-05
-5.81517e-05
7.90114e-05
-6.11726e-05
7.91584e-05
-6.42697e-05
7.92648e-05
-6.74474e-05
7.93258e-05
-7.07101e-05
7.93358e-05
-7.40625e-05
7.92879e-05
-7.75091e-05
7.91746e-05
-8.10547e-05
7.8987e-05
-8.47039e-05
7.87154e-05
-8.84614e-05
7.83492e-05
-9.23316e-05
7.78765e-05
-9.6319e-05
7.72846e-05
-0.000100428
7.65598e-05
-0.000104661
7.56871e-05
-0.000109023
7.46509e-05
-0.000113516
7.34344e-05
-0.000118142
7.20201e-05
-0.000122903
7.03896e-05
-0.000127798
6.8524e-05
-0.000132827
6.64036e-05
-0.000137988
6.40081e-05
-0.000143276
6.13172e-05
-0.000148684
5.83097e-05
-0.000154203
5.49646e-05
-0.000159819
5.12604e-05
-0.000165518
4.71757e-05
-0.000171276
4.2689e-05
-0.000177068
3.77793e-05
-0.000182862
3.24262e-05
-0.00018862
2.66102e-05
-0.000194297
2.03139e-05
-0.000199841
1.35231e-05
-0.000205195
6.22768e-06
-0.000210299
-1.58256e-06
-0.000215088
-9.91108e-06
-0.000219484
-1.87564e-05
-0.000223409
-2.81006e-05
-0.000226779
-3.79164e-05
-0.00022951
-4.8165e-05
-0.000231516
-5.87927e-05
-0.000232714
-6.97291e-05
-0.000233024
-8.08857e-05
-0.000232372
-9.21555e-05
-0.000230692
-0.000103413
-0.000227927
-0.000114516
-0.000224035
-0.000125304
-0.000218984
-0.000135606
-0.000212762
-0.000145236
-0.000205371
-0.000154002
-0.000196835
-0.000161706
-0.000187202
-0.000168151
-0.000176539
-0.000173144
-0.000164942
-0.000176505
-0.000152535
-0.000178072
-0.000139468
-0.000177711
-0.00012592
-0.000175324
-0.000112095
-0.000170859
-9.82219e-05
-0.000164323
-8.45453e-05
-0.000155785
-7.13182e-05
-0.00014539
-5.87908e-05
-0.000133356
-4.71965e-05
-0.000119978
-3.67374e-05
-0.000105614
-2.75701e-05
-9.06733e-05
-1.97939e-05
-7.5597e-05
-1.34442e-05
-6.08321e-05
-8.49136e-06
-4.68118e-05
-4.84545e-06
-3.39407e-05
-2.36577e-06
-2.2589e-05
-8.72405e-07
-1.30971e-05
-1.58323e-07
-5.78519e-06
-9.7001e-07
-1.70598e-07
6.33448e-06
-6.40495e-07
1.73321e-05
-1.37258e-06
2.68418e-05
-2.33383e-06
3.5033e-05
-3.49502e-06
4.2063e-05
-4.83037e-06
4.80761e-05
-6.31732e-06
5.32034e-05
-7.93622e-06
5.75632e-05
-9.67015e-06
6.12612e-05
-1.15046e-05
6.43916e-05
-1.34274e-05
6.70375e-05
-1.54284e-05
6.9272e-05
-1.74991e-05
7.1159e-05
-1.96329e-05
7.27543e-05
-2.18245e-05
7.41058e-05
-2.40701e-05
7.5255e-05
-2.63669e-05
7.62371e-05
-2.87132e-05
7.70821e-05
-3.11082e-05
7.78149e-05
-3.35519e-05
7.84564e-05
-3.60451e-05
7.90237e-05
-3.85892e-05
7.95303e-05
-4.1186e-05
7.9987e-05
-4.3838e-05
8.04019e-05
-4.6548e-05
8.07809e-05
-4.93194e-05
8.11279e-05
-5.21558e-05
8.1445e-05
-5.5061e-05
8.17326e-05
-5.80395e-05
8.19898e-05
-6.10956e-05
8.22146e-05
-6.42343e-05
8.24035e-05
-6.74606e-05
8.25521e-05
-7.07797e-05
8.26549e-05
-7.41971e-05
8.27053e-05
-7.77183e-05
8.26958e-05
-8.13491e-05
8.26178e-05
-8.50954e-05
8.24617e-05
-8.8963e-05
8.22168e-05
-9.29579e-05
8.18714e-05
-9.70858e-05
8.14126e-05
-0.000101353
8.08266e-05
-0.000105764
8.00984e-05
-0.000110325
7.92119e-05
-0.000115041
7.815e-05
-0.000119915
7.68947e-05
-0.000124952
7.54268e-05
-0.000130155
7.37263e-05
-0.000135523
7.17723e-05
-0.000141058
6.95431e-05
-0.000146757
6.7016e-05
-0.000152615
6.41674e-05
-0.000158623
6.0973e-05
-0.00016477
5.74076e-05
-0.00017104
5.34449e-05
-0.000177409
4.90582e-05
-0.00018385
4.42204e-05
-0.000190328
3.89043e-05
-0.000196801
3.30833e-05
-0.00020322
2.67324e-05
-0.000209526
1.98293e-05
-0.000215655
1.23567e-05
-0.00022154
4.30216e-06
-0.000227102
-4.34834e-06
-0.000232268
-1.35909e-05
-0.000236948
-2.34201e-05
-0.000241053
-3.38118e-05
-0.000244489
-4.47284e-05
-0.000247165
-5.61167e-05
-0.00024899
-6.79046e-05
-0.000249876
-7.99999e-05
-0.000249742
-9.22897e-05
-0.000248514
-0.00010464
-0.000246131
-0.000116899
-0.00024254
-0.000128895
-0.000237704
-0.000140442
-0.000231602
-0.000151339
-0.000224228
-0.000161376
-0.000215598
-0.000170336
-0.00020575
-0.000177999
-0.000194744
-0.00018415
-0.00018267
-0.000188579
-0.000169644
-0.000191098
-0.000155815
-0.000191541
-0.000141361
-0.000189778
-0.000126493
-0.000185728
-0.000111449
-0.000179366
-9.64928e-05
-0.000170742
-8.19024e-05
-0.00015998
-6.79605e-05
-0.000147298
-5.49393e-05
-0.000132999
-4.30837e-05
-0.000117469
-3.25937e-05
-0.000101163
-2.36089e-05
-8.45818e-05
-1.61976e-05
-6.82433e-05
-1.0353e-05
-5.26565e-05
-5.99608e-06
-3.82976e-05
-2.98628e-06
-2.55988e-05
-1.13469e-06
-1.49487e-05
-2.1954e-07
-6.70034e-06
-1.18955e-06
-1.66979e-07
6.50146e-06
-6.2778e-07
1.77929e-05
-1.34676e-06
2.75608e-05
-2.29211e-06
3.59784e-05
-3.43557e-06
4.32065e-05
-4.75212e-06
4.93926e-05
-6.2198e-06
5.46711e-05
-7.81941e-06
5.91628e-05
-9.53436e-06
6.29762e-05
-1.13504e-05
6.62077e-05
-1.32556e-05
6.89427e-05
-1.52399e-05
7.12562e-05
-1.7295e-05
7.32141e-05
-1.94143e-05
7.48736e-05
-2.15928e-05
7.62843e-05
-2.38266e-05
7.74888e-05
-2.6113e-05
7.85236e-05
-2.84506e-05
7.94197e-05
-3.08387e-05
8.0203e-05
-3.32773e-05
8.08951e-05
-3.57676e-05
8.15139e-05
-3.83111e-05
8.20737e-05
-4.09098e-05
8.25857e-05
-4.35667e-05
8.30587e-05
-4.62847e-05
8.3499e-05
-4.90676e-05
8.39109e-05
-5.19195e-05
8.42968e-05
-5.48446e-05
8.46577e-05
-5.78479e-05
8.49931e-05
-6.09344e-05
8.53011e-05
-6.41095e-05
8.55787e-05
-6.73791e-05
8.58217e-05
-7.07492e-05
8.6025e-05
-7.42261e-05
8.61822e-05
-7.78164e-05
8.62861e-05
-8.15269e-05
8.63283e-05
-8.53648e-05
8.62995e-05
-8.93371e-05
8.61892e-05
-9.34515e-05
8.59857e-05
-9.77153e-05
8.56764e-05
-0.000102136
8.52474e-05
-0.000106721
8.46838e-05
-0.000111479
8.39692e-05
-0.000116415
8.30864e-05
-0.000121537
8.20167e-05
-0.000126851
8.07406e-05
-0.000132362
7.9237e-05
-0.000138073
7.74837e-05
-0.000143987
7.54573e-05
-0.000150104
7.31326e-05
-0.00015642
7.04834e-05
-0.000162928
6.74813e-05
-0.000169617
6.40967e-05
-0.000176471
6.0298e-05
-0.000183464
5.60521e-05
-0.000190569
5.13247e-05
-0.000197745
4.60808e-05
-0.000204947
4.02855e-05
-0.00021212
3.39052e-05
-0.0002192
2.69089e-05
-0.000226114
1.92704e-05
-0.000232782
1.09711e-05
-0.000239131
1.99986e-06
-0.000245066
-7.65597e-06
-0.0002505
-1.79862e-05
-0.000255336
-2.89755e-05
-0.000259476
-4.05881e-05
-0.000262822
-5.27707e-05
-0.000265277
-6.54501e-05
-0.000266747
-7.85301e-05
-0.000267144
-9.18917e-05
-0.000266391
-0.000105394
-0.000264418
-0.000118873
-0.000261166
-0.000132147
-0.00025659
-0.000145017
-0.000250662
-0.000157267
-0.000243368
-0.00016867
-0.000234714
-0.00017899
-0.000224727
-0.000187986
-0.000213459
-0.000195418
-0.000200988
-0.00020105
-0.000187424
-0.000204663
-0.000172906
-0.000206058
-0.000157611
-0.000205073
-0.00014175
-0.000201589
-0.000125569
-0.000195548
-0.000109344
-0.000186966
-9.33776e-05
-0.000175947
-7.7982e-05
-0.000162694
-6.34693e-05
-0.000147512
-5.01301e-05
-0.000130808
-3.82134e-05
-0.00011308
-2.79064e-05
-9.48888e-05
-1.93189e-05
-7.68309e-05
-1.24749e-05
-5.95005e-05
-7.31374e-06
-4.34587e-05
-3.69959e-06
-2.9213e-05
-1.43711e-06
-1.72112e-05
-2.90295e-07
-7.84716e-06
-1.47984e-06
-1.63057e-07
6.66452e-06
-6.13976e-07
1.82439e-05
-1.31869e-06
2.82655e-05
-2.24668e-06
3.69064e-05
-3.37071e-06
4.43305e-05
-4.66659e-06
5.06885e-05
-6.11297e-06
5.61175e-05
-7.69115e-06
6.0741e-05
-9.3849e-06
6.467e-05
-1.11803e-05
6.80031e-05
-1.30654e-05
7.08278e-05
-1.50305e-05
7.32213e-05
-1.70674e-05
7.5251e-05
-1.91697e-05
7.69758e-05
-2.13322e-05
7.84468e-05
-2.35513e-05
7.97079e-05
-2.58244e-05
8.07967e-05
-2.81501e-05
8.17454e-05
-3.05279e-05
8.25808e-05
-3.29582e-05
8.33254e-05
-3.54419e-05
8.39977e-05
-3.79809e-05
8.46127e-05
-4.05777e-05
8.51825e-05
-4.32351e-05
8.57162e-05
-4.59568e-05
8.62207e-05
-4.87466e-05
8.67007e-05
-5.16091e-05
8.71593e-05
-5.4549e-05
8.75977e-05
-5.75718e-05
8.80159e-05
-6.0683e-05
8.84123e-05
-6.38888e-05
8.87845e-05
-6.71957e-05
8.91286e-05
-7.06104e-05
8.94397e-05
-7.41404e-05
8.97121e-05
-7.77931e-05
8.99388e-05
-8.15765e-05
9.01118e-05
-8.5499e-05
9.0222e-05
-8.95693e-05
9.02594e-05
-9.37962e-05
9.02127e-05
-9.81891e-05
9.00693e-05
-0.000102757
8.98157e-05
-0.000107511
8.9437e-05
-0.000112458
8.8917e-05
-0.00011761
8.82382e-05
-0.000122975
8.73819e-05
-0.000128562
8.63277e-05
-0.000134379
8.50537e-05
-0.000140432
8.35363e-05
-0.000146725
8.17502e-05
-0.00015326
7.96677e-05
-0.000160035
7.7259e-05
-0.000167045
7.44916e-05
-0.000174279
7.13305e-05
-0.000181719
6.77377e-05
-0.00018934
6.36731e-05
-0.000197109
5.90939e-05
-0.000204985
5.39563e-05
-0.000212915
4.8216e-05
-0.00022084
4.18299e-05
-0.000228689
3.47577e-05
-0.000236383
2.69643e-05
-0.000243834
1.84225e-05
-0.00025095
9.11562e-06
-0.000257641
-9.6506e-07
-0.00026381
-1.18168e-05
-0.000269359
-2.34266e-05
-0.000274185
-3.57616e-05
-0.000278187
-4.87693e-05
-0.000281262
-6.23752e-05
-0.000283312
-7.64795e-05
-0.000284247
-9.09573e-05
-0.000283981
-0.000105659
-0.00028244
-0.000120413
-0.000279561
-0.000135026
-0.000275292
-0.000149286
-0.000269595
-0.000162964
-0.000262449
-0.000175817
-0.000253849
-0.000187591
-0.00024381
-0.000198024
-0.000232374
-0.000206854
-0.000219606
-0.000213818
-0.000205602
-0.000218666
-0.000190494
-0.000221167
-0.000174449
-0.000221118
-0.000157675
-0.000218362
-0.00014042
-0.000212802
-0.000122971
-0.000204416
-0.000105645
-0.000193273
-8.87858e-05
-0.000179553
-7.27429e-05
-0.000163555
-5.78545e-05
-0.000145697
-4.44228e-05
-0.000126512
-3.269e-05
-0.000106622
-2.28163e-05
-8.67046e-05
-1.48664e-05
-6.74505e-05
-8.80597e-06
-4.95191e-05
-4.51049e-06
-3.35084e-05
-1.78191e-06
-1.99398e-05
-3.71128e-07
-9.25794e-06
-1.85097e-06
-1.5883e-07
6.82335e-06
-5.99075e-07
1.86841e-05
-1.28834e-06
2.89548e-05
-2.19749e-06
3.78155e-05
-3.30038e-06
4.54334e-05
-4.57369e-06
5.19618e-05
-5.99672e-06
5.75405e-05
-7.55129e-06
6.22956e-05
-9.22155e-06
6.63402e-05
-1.09938e-05
6.97754e-05
-1.28565e-05
7.26905e-05
-1.47999e-05
7.51647e-05
-1.68159e-05
7.72671e-05
-1.88983e-05
7.90582e-05
-2.10419e-05
8.05905e-05
-2.32433e-05
8.19093e-05
-2.55e-05
8.30534e-05
-2.78106e-05
8.4056e-05
-3.01747e-05
8.49449e-05
-3.25928e-05
8.57435e-05
-3.50662e-05
8.6471e-05
-3.75968e-05
8.71433e-05
-4.01873e-05
8.7773e-05
-4.28408e-05
8.83698e-05
-4.55613e-05
8.89411e-05
-4.8353e-05
8.94924e-05
-5.12208e-05
9.0027e-05
-5.417e-05
9.05468e-05
-5.72063e-05
9.10522e-05
-6.0336e-05
9.1542e-05
-6.35658e-05
9.20143e-05
-6.69031e-05
9.24658e-05
-7.03553e-05
9.2892e-05
-7.39307e-05
9.32875e-05
-7.7638e-05
9.36461e-05
-8.14862e-05
9.396e-05
-8.54851e-05
9.42209e-05
-8.96446e-05
9.4419e-05
-9.39754e-05
9.45435e-05
-9.84885e-05
9.45824e-05
-0.000103195
9.45225e-05
-0.000108108
9.43492e-05
-0.000113237
9.40466e-05
-0.000118596
9.35971e-05
-0.000124196
9.29818e-05
-0.000130048
9.21799e-05
-0.000136163
9.11686e-05
-0.00014255
8.99227e-05
-0.000149214
8.84147e-05
-0.000156161
8.66142e-05
-0.000163389
8.44872e-05
-0.000170894
8.19964e-05
-0.000178664
7.91007e-05
-0.000186681
7.57549e-05
-0.000194918
7.19104e-05
-0.00020334
6.75154e-05
-0.000211899
6.25159e-05
-0.000220541
5.68573e-05
-0.000229197
5.04863e-05
-0.000237792
4.33525e-05
-0.000246239
3.54119e-05
-0.000254446
2.66289e-05
-0.000262311
1.69806e-05
-0.000269732
6.45634e-06
-0.000276601
-4.94801e-06
-0.000282827
-1.72003e-05
-0.000288308
-3.02811e-05
-0.000292937
-4.41403e-05
-0.00029661
-5.87016e-05
-0.000299228
-7.3862e-05
-0.000300694
-8.94909e-05
-0.000300922
-0.000105431
-0.000299833
-0.000121503
-0.000297358
-0.000137501
-0.000293439
-0.000153205
-0.000288032
-0.000168371
-0.000281105
-0.000182743
-0.000272644
-0.000196052
-0.000262651
-0.000208017
-0.000251153
-0.000218352
-0.000238202
-0.00022677
-0.000223878
-0.00023299
-0.0002083
-0.000236745
-0.000191622
-0.000237795
-0.000174044
-0.00023594
-0.00015581
-0.000231036
-0.000137211
-0.000223015
-0.000118577
-0.000211906
-0.000100277
-0.000197854
-8.26952e-05
-0.000181137
-6.62177e-05
-0.000162174
-5.12033e-05
-0.000141526
-3.79555e-05
-0.000119869
-2.6694e-05
-9.7966e-05
-1.75346e-05
-7.66099e-05
-1.04797e-05
-5.6574e-05
-5.42387e-06
-3.85642e-05
-2.17155e-06
-2.31921e-05
-4.62701e-07
-1.09668e-05
-2.31367e-06
-1.54298e-07
6.97765e-06
-5.83075e-07
1.91129e-05
-1.25572e-06
2.96274e-05
-2.14454e-06
3.87044e-05
-3.22456e-06
4.65134e-05
-4.47336e-06
5.32106e-05
-5.87097e-06
5.89381e-05
-7.39972e-06
6.38243e-05
-9.04415e-06
6.79846e-05
-1.07909e-05
7.15221e-05
-1.26286e-05
7.45282e-05
-1.45476e-05
7.70837e-05
-1.654e-05
7.92595e-05
-1.85996e-05
8.11178e-05
-2.07215e-05
8.27123e-05
-2.29021e-05
8.40899e-05
-2.5139e-05
8.52904e-05
-2.74311e-05
8.6348e-05
-2.97779e-05
8.72917e-05
-3.218e-05
8.81456e-05
-3.4639e-05
8.893e-05
-3.71569e-05
8.96612e-05
-3.97365e-05
9.03526e-05
-4.23814e-05
9.10146e-05
-4.50956e-05
9.16553e-05
-4.78838e-05
9.22806e-05
-5.07511e-05
9.28943e-05
-5.37032e-05
9.3499e-05
-5.67466e-05
9.40955e-05
-5.98879e-05
9.46834e-05
-6.31345e-05
9.5261e-05
-6.64944e-05
9.58256e-05
-6.9976e-05
9.63735e-05
-7.35883e-05
9.68999e-05
-7.73411e-05
9.73989e-05
-8.12447e-05
9.78636e-05
-8.53099e-05
9.82861e-05
-8.95484e-05
9.86574e-05
-9.39723e-05
9.89674e-05
-9.85945e-05
9.92046e-05
-0.000103428
9.93564e-05
-0.000108488
9.94087e-05
-0.000113787
9.93458e-05
-0.000119341
9.91506e-05
-0.000125163
9.88039e-05
-0.000131267
9.82844e-05
-0.000137667
9.75683e-05
-0.000144373
9.6629e-05
-0.000151395
9.54364e-05
-0.000158737
9.39566e-05
-0.000166402
9.21514e-05
-0.000174383
8.99777e-05
-0.000182669
8.73873e-05
-0.000191242
8.43271e-05
-0.00020007
8.07389e-05
-0.000209115
7.65607e-05
-0.000218327
7.17278e-05
-0.000227644
6.61742e-05
-0.000236993
5.98356e-05
-0.000246292
5.26514e-05
-0.000255449
4.45681e-05
-0.000264362
3.55422e-05
-0.000272925
2.55435e-05
-0.000281028
1.45592e-05
-0.000288568
2.59241e-06
-0.000295429
-1.03388e-05
-0.00030152
-2.41901e-05
-0.000306738
-3.89229e-05
-0.000310978
-5.44618e-05
-0.000314139
-7.07011e-05
-0.000316124
-8.75052e-05
-0.000316845
-0.00010471
-0.00031622
-0.000122128
-0.000314177
-0.000139545
-0.000310652
-0.00015673
-0.000305594
-0.00017343
-0.000298961
-0.000189376
-0.000290728
-0.000204285
-0.000280885
-0.00021786
-0.000269443
-0.000229794
-0.000256437
-0.000239776
-0.00024193
-0.000247497
-0.000226022
-0.000252653
-0.000208851
-0.000254966
-0.000190605
-0.000254187
-0.000171517
-0.000250124
-0.000151876
-0.000242657
-0.00013202
-0.000231761
-0.000112336
-0.000217538
-9.32394e-05
-0.000200233
-7.51629e-05
-0.000180251
-5.8523e-05
-0.000158166
-4.36895e-05
-0.000134703
-3.09507e-05
-0.000110705
-2.04844e-05
-8.70762e-05
-1.23411e-05
-6.47173e-05
-6.44471e-06
-4.44607e-05
-2.60876e-06
-2.70281e-05
-5.65826e-07
-1.30097e-05
-2.8795e-06
-1.49461e-07
7.12711e-06
-5.65981e-07
1.95294e-05
-1.22082e-06
3.02823e-05
-2.08782e-06
3.95714e-05
-3.14323e-06
4.75688e-05
-4.3656e-06
5.4433e-05
-5.73568e-06
6.03082e-05
-7.23637e-06
6.5325e-05
-8.85263e-06
6.96009e-05
-1.05714e-05
7.32409e-05
-1.23815e-05
7.63383e-05
-1.42734e-05
7.89756e-05
-1.62395e-05
8.12256e-05
-1.82734e-05
8.31517e-05
-2.03704e-05
8.48093e-05
-2.2527e-05
8.62464e-05
-2.47408e-05
8.75042e-05
-2.70107e-05
8.86179e-05
-2.93364e-05
8.96174e-05
-3.17186e-05
9.05279e-05
-3.41589e-05
9.13703e-05
-3.66596e-05
9.21619e-05
-3.92236e-05
9.29166e-05
-4.18547e-05
9.36457e-05
-4.45571e-05
9.43578e-05
-4.73359e-05
9.50593e-05
-5.01965e-05
9.5755e-05
-5.31451e-05
9.64476e-05
-5.61885e-05
9.71388e-05
-5.93338e-05
9.78287e-05
-6.25892e-05
9.85163e-05
-6.59631e-05
9.91996e-05
-6.94649e-05
9.98753e-05
-7.31045e-05
0.000100539
-7.68926e-05
0.000101187
-8.08405e-05
0.000101812
-8.49606e-05
0.000102406
-8.92659e-05
0.000102963
-9.37701e-05
0.000103472
-9.84879e-05
0.000103922
-0.000103435
0.000104303
-0.000108626
0.0001046
-0.00011408
0.000104799
-0.000119811
0.000104882
-0.000125838
0.000104831
-0.000132176
0.000104623
-0.000138841
0.000104233
-0.000145846
0.000103634
-0.000153203
0.000102792
-0.000160916
0.00010167
-0.000168989
0.000100225
-0.000177417
9.84055e-05
-0.000186187
9.61574e-05
-0.000195278
9.34176e-05
-0.000204657
9.01181e-05
-0.000214282
8.61855e-05
-0.000224097
8.15432e-05
-0.000234037
7.61138e-05
-0.000244023
6.98212e-05
-0.000253966
6.25946e-05
-0.000263769
5.43712e-05
-0.000273327
4.51e-05
-0.000282528
3.47451e-05
-0.000291259
2.32896e-05
-0.000299403
1.0737e-05
-0.000306849
-2.89331e-06
-0.000313497
-1.7542e-05
-0.000319254
-3.31662e-05
-0.000324018
-4.96972e-05
-0.000327691
-6.70283e-05
-0.000330176
-8.502e-05
-0.000331384
-0.000103503
-0.000331232
-0.00012228
-0.000329644
-0.000141133
-0.000326553
-0.00015982
-0.000321901
-0.000178082
-0.000315638
-0.000195639
-0.000307727
-0.000212196
-0.000298144
-0.000227443
-0.000286883
-0.000241055
-0.000273961
-0.000252699
-0.00025942
-0.000262037
-0.00024334
-0.000268733
-0.00022584
-0.000272466
-0.000207085
-0.000272942
-0.000187296
-0.000269913
-0.000166753
-0.0002632
-0.000145795
-0.000252719
-0.000124818
-0.000238515
-0.000104267
-0.000220784
-8.46146e-05
-0.000199903
-6.63351e-05
-0.000176445
-4.98683e-05
-0.00015117
-3.55787e-05
-0.000124994
-2.37172e-05
-9.89377e-05
-1.43954e-05
-7.40391e-05
-7.57794e-06
-5.12781e-05
-3.09655e-06
-3.15094e-05
-6.81477e-07
-1.54248e-05
-3.56098e-06
-1.44325e-07
7.27143e-06
-5.47803e-07
1.99329e-05
-1.18367e-06
3.09181e-05
-2.02737e-06
4.04151e-05
-3.05643e-06
4.85979e-05
-4.25042e-06
5.5627e-05
-5.59087e-06
6.16486e-05
-7.06126e-06
6.67954e-05
-8.64697e-06
7.11866e-05
-1.03352e-05
7.49291e-05
-1.21151e-05
7.81181e-05
-1.39773e-05
8.08378e-05
-1.59141e-05
8.31624e-05
-1.79194e-05
8.5157e-05
-1.99883e-05
8.68783e-05
-2.21176e-05
8.83757e-05
-2.43048e-05
8.96914e-05
-2.65488e-05
9.08619e-05
-2.88496e-05
9.19181e-05
-3.12077e-05
9.2886e-05
-3.36249e-05
9.37875e-05
-3.61036e-05
9.46406e-05
-3.86469e-05
9.546e-05
-4.12588e-05
9.62576e-05
-4.39438e-05
9.70427e-05
-4.6707e-05
9.78226e-05
-4.95543e-05
9.86023e-05
-5.24923e-05
9.93856e-05
-5.5528e-05
0.000100175
-5.86692e-05
0.00010097
-6.19246e-05
0.000101772
-6.53032e-05
0.000102578
-6.88152e-05
0.000103387
-7.24713e-05
0.000104196
-7.62831e-05
0.000104999
-8.02632e-05
0.000105792
-8.44251e-05
0.000106568
-8.87831e-05
0.000107321
-9.33527e-05
0.000108041
-9.81501e-05
0.00010872
-0.000103193
0.000109346
-0.000108498
0.000109906
-0.000114086
0.000110387
-0.000119975
0.000110771
-0.000126184
0.00011104
-0.000132731
0.00011117
-0.000139635
0.000111137
-0.000146911
0.00011091
-0.00015457
0.000110452
-0.000162621
0.000109721
-0.000171065
0.000108669
-0.000179897
0.000107238
-0.000189105
0.000105365
-0.000198663
0.000102976
-0.000208537
9.99924e-05
-0.000218681
9.6329e-05
-0.000229034
9.18969e-05
-0.000239527
8.66062e-05
-0.000250075
8.03697e-05
-0.000260586
7.31056e-05
-0.000270958
6.47426e-05
-0.00028108
5.52226e-05
-0.00029084
4.45048e-05
-0.000300119
3.25689e-05
-0.000308801
1.94188e-05
-0.000316775
5.08049e-06
-0.000323919
-1.03977e-05
-0.000330159
-2.69265e-05
-0.0003354
-4.44561e-05
-0.000339546
-6.28819e-05
-0.000342505
-8.20614e-05
-0.000344187
-0.00010182
-0.00034451
-0.000121957
-0.000343398
-0.000142245
-0.000340779
-0.000162439
-0.00033659
-0.000182271
-0.000330772
-0.000201457
-0.000323276
-0.000219692
-0.000314065
-0.000236654
-0.000303115
-0.000252005
-0.000290423
-0.000265391
-0.00027601
-0.00027645
-0.00025993
-0.000284813
-0.000242278
-0.000290119
-0.000223196
-0.000292024
-0.000202885
-0.000290224
-0.000181609
-0.000284476
-0.0001597
-0.000274629
-0.000137558
-0.000260656
-0.000115648
-0.000242694
-9.44782e-05
-0.000221073
-7.45774e-05
-0.000196346
-5.64566e-05
-0.00016929
-4.05625e-05
-0.000140888
-2.72303e-05
-0.00011227
-1.66458e-05
-8.46236e-05
-8.82806e-06
-5.90959e-05
-3.63805e-06
-3.66995e-05
-8.10757e-07
-1.82521e-05
-4.37173e-06
-1.38894e-07
7.41033e-06
-5.28561e-07
2.03225e-05
-1.1443e-06
3.15339e-05
-1.96323e-06
4.1234e-05
-2.96423e-06
4.95989e-05
-4.12792e-06
5.67907e-05
-5.43664e-06
6.29574e-05
-6.87448e-06
6.82332e-05
-8.42726e-06
7.27394e-05
-1.00825e-05
7.65844e-05
-1.18296e-05
7.98651e-05
-1.36592e-05
8.26674e-05
-1.55638e-05
8.5067e-05
-1.75374e-05
8.71306e-05
-1.95752e-05
8.89161e-05
-2.16737e-05
9.04742e-05
-2.38308e-05
9.18485e-05
-2.60452e-05
9.30763e-05
-2.83169e-05
9.41898e-05
-3.06466e-05
9.52157e-05
-3.30361e-05
9.6177e-05
-3.5488e-05
9.70924e-05
-3.80054e-05
9.79774e-05
-4.05924e-05
9.88446e-05
-4.32538e-05
9.97041e-05
-4.59949e-05
0.000100564
-4.8822e-05
0.000101429
-5.17417e-05
0.000102305
-5.47617e-05
0.000103194
-5.78901e-05
0.000104098
-6.1136e-05
0.000105018
-6.45092e-05
0.000105951
-6.80204e-05
0.000106899
-7.16812e-05
0.000107856
-7.55042e-05
0.000108822
-7.95028e-05
0.00010979
-8.36916e-05
0.000110757
-8.80865e-05
0.000111716
-9.27043e-05
0.000112659
-9.75628e-05
0.000113578
-0.000102681
0.000114464
-0.000108079
0.000115304
-0.000113778
0.000116085
-0.000119799
0.000116791
-0.000126162
0.000117403
-0.000132889
0.000117897
-0.000139998
0.000118247
-0.000147508
0.000118419
-0.00015543
0.000118374
-0.000163773
0.000118064
-0.000172539
0.000117435
-0.000181723
0.000116422
-0.000191309
0.00011495
-0.00020127
0.000112937
-0.000211569
0.000110292
-0.000222156
0.000106916
-0.000232967
0.000102708
-0.000243927
9.75663e-05
-0.000254949
9.13918e-05
-0.000265936
8.40927e-05
-0.000276783
7.55891e-05
-0.000287377
6.58167e-05
-0.000297603
5.47307e-05
-0.000307343
4.23087e-05
-0.000316478
2.85541e-05
-0.000324895
1.34972e-05
-0.000332483
-2.80937e-06
-0.000339148
-2.02619e-05
-0.000344812
-3.87915e-05
-0.000349389
-5.83051e-05
-0.00035279
-7.86608e-05
-0.000354929
-9.96809e-05
-0.000355726
-0.000121159
-0.000355105
-0.000142867
-0.000352991
-0.000164553
-0.000349316
-0.000185946
-0.000344014
-0.000206759
-0.000337026
-0.00022668
-0.0003283
-0.00024538
-0.000317794
-0.000262511
-0.000305482
-0.000277702
-0.000291364
-0.000290568
-0.000275466
-0.000300711
-0.000257854
-0.00030773
-0.000238644
-0.000311233
-0.000218011
-0.000310857
-0.000196196
-0.000306291
-0.000173517
-0.000297307
-0.000150372
-0.000283801
-0.000127234
-0.000265832
-0.000104641
-0.000243667
-8.31709e-05
-0.000217816
-6.34056e-05
-0.000189056
-4.58776e-05
-0.000158417
-3.10153e-05
-0.000127132
-1.90928e-05
-9.65461e-05
-1.01986e-05
-6.799e-05
-4.23625e-06
-4.26618e-05
-9.54835e-07
-2.15335e-05
-5.32657e-06
-1.33178e-07
7.5435e-06
-5.08283e-07
2.06976e-05
-1.10276e-06
3.21283e-05
-1.89548e-06
4.20267e-05
-2.86674e-06
5.05701e-05
-3.99822e-06
5.79222e-05
-5.27313e-06
6.42323e-05
-6.67618e-06
6.96363e-05
-8.19365e-06
7.42569e-05
-9.81343e-06
7.82042e-05
-1.1525e-05
8.15767e-05
-1.33193e-05
8.44617e-05
-1.51889e-05
8.69366e-05
-1.71277e-05
8.90694e-05
-1.9131e-05
9.09194e-05
-2.11954e-05
9.25386e-05
-2.33186e-05
9.39717e-05
-2.54995e-05
9.52573e-05
-2.77381e-05
9.64283e-05
-3.0035e-05
9.75127e-05
-3.23921e-05
9.85341e-05
-3.4812e-05
9.95123e-05
-3.72981e-05
0.000100463
-3.98544e-05
0.000101401
-4.24859e-05
0.000102336
-4.51982e-05
0.000103276
-4.79976e-05
0.000104229
-5.08911e-05
0.000105199
-5.38868e-05
0.00010619
-5.69931e-05
0.000107205
-6.02195e-05
0.000108244
-6.35765e-05
0.000109308
-6.70752e-05
0.000110397
-7.07279e-05
0.000111509
-7.45481e-05
0.000112642
-7.85502e-05
0.000113792
-8.27498e-05
0.000114957
-8.71639e-05
0.00011613
-9.18105e-05
0.000117306
-9.67093e-05
0.000118477
-0.000101881
0.000119635
-0.000107346
0.00012077
-0.000113129
0.000121868
-0.000119251
0.000122914
-0.000125736
0.000123888
-0.000132606
0.000124767
-0.000139881
0.000125522
-0.00014758
0.000126118
-0.000155716
0.00012651
-0.000164298
0.000126646
-0.000173327
0.000126465
-0.000182797
0.000125892
-0.00019269
0.000124843
-0.000202977
0.000123225
-0.000213618
0.000120933
-0.000224559
0.000117857
-0.000235734
0.000113883
-0.000247063
0.000108896
-0.000258457
0.000102786
-0.000269816
9.54518e-05
-0.000281033
8.6806e-05
-0.000291995
7.67785e-05
-0.000302585
6.53214e-05
-0.000312688
5.24114e-05
-0.000322187
3.80525e-05
-0.000330968
2.22784e-05
-0.000338927
5.15012e-06
-0.00034595
-1.32389e-05
-0.00035198
-3.27613e-05
-0.00035694
-5.33457e-05
-0.000360747
-7.48538e-05
-0.000363321
-9.71065e-05
-0.000364585
-0.000119895
-0.000364464
-0.000142988
-0.000362883
-0.000166134
-0.000359769
-0.00018906
-0.000355052
-0.000211476
-0.00034866
-0.000233072
-0.000340527
-0.000253513
-0.000330594
-0.000272444
-0.000318815
-0.000289482
-0.000305161
-0.000304222
-0.000289631
-0.000316241
-0.000272261
-0.0003251
-0.000253135
-0.000330359
-0.000232396
-0.000331596
-0.000210258
-0.000328429
-0.000187017
-0.000320548
-0.000163058
-0.00030776
-0.000138857
-0.000290034
-0.00011497
-0.000267553
-9.202e-05
-0.000240766
-7.06525e-05
-0.000210423
-5.14882e-05
-0.000177581
-3.50567e-05
-0.000143564
-2.1733e-05
-0.00010987
-1.16915e-05
-7.80315e-05
-4.89367e-06
-4.94596e-05
-1.11485e-06
-2.53123e-05
-6.44142e-06
-1.27186e-07
7.67069e-06
-4.87004e-07
2.10575e-05
-1.05912e-06
3.27005e-05
-1.82424e-06
4.27918e-05
-2.76409e-06
5.151e-05
-3.86151e-06
5.90196e-05
-5.10056e-06
6.54713e-05
-6.46662e-06
7.10023e-05
-7.94643e-06
7.57367e-05
-9.52822e-06
7.9786e-05
-1.12017e-05
8.32501e-05
-1.29579e-05
8.6218e-05
-1.47895e-05
8.87682e-05
-1.66904e-05
9.09703e-05
-1.8656e-05
9.2885e-05
-2.06828e-05
9.45654e-05
-2.27685e-05
9.60574e-05
-2.4912e-05
9.74007e-05
-2.71132e-05
9.86294e-05
-2.93728e-05
9.97723e-05
-3.16927e-05
0.000100854
-3.40755e-05
0.000101895
-3.65246e-05
0.000102913
-3.90442e-05
0.000103921
-4.16392e-05
0.000104931
-4.43156e-05
0.000105952
-4.70797e-05
0.000106993
-4.99389e-05
0.000108058
-5.29012e-05
0.000109152
-5.59756e-05
0.000110279
-5.9172e-05
0.00011144
-6.25011e-05
0.000112637
-6.59748e-05
0.000113871
-6.96058e-05
0.00011514
-7.34084e-05
0.000116444
-7.73977e-05
0.000117782
-8.15903e-05
0.000119149
-8.60041e-05
0.000120544
-9.06585e-05
0.00012196
-9.5574e-05
0.000123393
-0.000100773
0.000124834
-0.000106278
0.000126275
-0.000112113
0.000127703
-0.000118302
0.000129103
-0.000124871
0.000130456
-0.000131842
0.000131738
-0.000139236
0.000132917
-0.000147073
0.000133955
-0.000155367
0.000134803
-0.000164125
0.000135405
-0.000173349
0.000135688
-0.000183029
0.000135572
-0.000193148
0.000134961
-0.000203672
0.00013375
-0.000214561
0.000131821
-0.000225756
0.000129052
-0.000237188
0.000125315
-0.000248778
0.000120485
-0.000260432
0.00011444
-0.00027205
0.00010707
-0.000283524
9.828e-05
-0.000294741
8.79962e-05
-0.000305588
7.61681e-05
-0.000315949
6.27723e-05
-0.000325711
4.78146e-05
-0.000334764
3.13318e-05
-0.000343006
1.33916e-05
-0.000350331
-5.91392e-06
-0.00035667
-2.64226e-05
-0.000361961
-4.80539e-05
-0.000366135
-7.06801e-05
-0.000369118
-9.41241e-05
-0.000370836
-0.000118177
-0.000371219
-0.000142606
-0.000370192
-0.00016716
-0.000367681
-0.000191571
-0.000363607
-0.000215549
-0.000357893
-0.000238786
-0.000350457
-0.000260949
-0.000341223
-0.000281677
-0.000330123
-0.000300582
-0.000317102
-0.000317244
-0.000302129
-0.000331214
-0.000285206
-0.000342022
-0.000266383
-0.000349183
-0.000245766
-0.000352213
-0.000223537
-0.000350658
-0.000199962
-0.000344123
-0.000175406
-0.000332316
-0.000150336
-0.000315104
-0.000125321
-0.000292569
-0.000101013
-0.000265074
-7.81198e-05
-0.000233316
-5.73472e-05
-0.000198353
-3.93306e-05
-0.00016158
-2.45579e-05
-0.000124643
-1.33061e-05
-8.92834e-05
-5.61198e-06
-5.71537e-05
-1.29181e-06
-2.96325e-05
-7.73323e-06
-1.20933e-07
7.79162e-06
-4.6477e-07
2.14013e-05
-1.01348e-06
3.32492e-05
-1.74964e-06
4.3528e-05
-2.65648e-06
5.24168e-05
-3.71802e-06
6.00811e-05
-4.91922e-06
6.66725e-05
-6.24612e-06
7.23292e-05
-7.68596e-06
7.71765e-05
-9.2273e-06
8.13273e-05
-1.086e-05
8.48829e-05
-1.25754e-05
8.79334e-05
-1.43661e-05
9.05589e-05
-1.62261e-05
9.28303e-05
-1.81507e-05
9.48096e-05
-2.01365e-05
9.65511e-05
-2.2181e-05
9.81019e-05
-2.42831e-05
9.95028e-05
-2.64426e-05
0.000100789
-2.86604e-05
0.00010199
-3.09382e-05
0.000103132
-3.32785e-05
0.000104235
-3.56849e-05
0.000105319
-3.81616e-05
0.000106397
-4.07136e-05
0.000107483
-4.33467e-05
0.000108585
-4.60676e-05
0.000109714
-4.88838e-05
0.000110874
-5.18035e-05
0.000112072
-5.48359e-05
0.000113312
-5.79911e-05
0.000114596
-6.12803e-05
0.000115927
-6.47157e-05
0.000117306
-6.83106e-05
0.000118735
-7.20797e-05
0.000120213
-7.60388e-05
0.000121741
-8.02054e-05
0.000123316
-8.4598e-05
0.000124936
-8.92369e-05
0.000126599
-9.41439e-05
0.0001283
-9.93418e-05
0.000130032
-0.000104855
0.000131788
-0.000110708
0.000133556
-0.000116927
0.000135322
-0.000123537
0.000137066
-0.000130561
0.000138763
-0.000138023
0.000140379
-0.000145941
0.000141872
-0.000154328
0.00014319
-0.000163192
0.000144269
-0.000172533
0.000145029
-0.00018234
0.000145379
-0.000192593
0.000145214
-0.000203258
0.000144415
-0.00021429
0.000142853
-0.000225631
0.000140392
-0.000237208
0.000136893
-0.000248941
0.000132218
-0.000260736
0.000126235
-0.000272493
0.000118827
-0.000284105
0.000109892
-0.000295462
9.93529e-05
-0.000306451
8.71572e-05
-0.000316962
7.32826e-05
-0.000326884
5.77376e-05
-0.000336115
4.05628e-05
-0.000344556
2.18316e-05
-0.000352114
1.64484e-06
-0.000358698
-1.98389e-05
-0.000364268
-4.24835e-05
-0.000368766
-6.61829e-05
-0.000372125
-9.07646e-05
-0.000374281
-0.000116021
-0.000375165
-0.000141722
-0.000374706
-0.000167619
-0.00037283
-0.000193448
-0.000369453
-0.000218926
-0.000364488
-0.000243751
-0.000357844
-0.000267593
-0.000349427
-0.000290095
-0.000339146
-0.000310863
-0.00032692
-0.000329469
-0.000312688
-0.000345447
-0.000296416
-0.000358294
-0.000278117
-0.000367482
-0.000257857
-0.000372473
-0.000235779
-0.000372736
-0.000212115
-0.000367787
-0.000187199
-0.000357232
-0.000161482
-0.000340821
-0.000135532
-0.000318519
-0.000110024
-0.000290582
-8.5716e-05
-0.000257624
-6.3395e-05
-0.000220675
-4.38038e-05
-0.000181171
-2.75532e-05
-0.000140893
-1.50386e-05
-0.000101798
-6.39159e-06
-6.58007e-05
-1.48645e-06
-3.45376e-05
-9.21968e-06
-1.14434e-07
7.90606e-06
-4.41633e-07
2.17285e-05
-9.65932e-07
3.37735e-05
-1.67184e-06
4.42339e-05
-2.54414e-06
5.32891e-05
-3.56805e-06
6.1105e-05
-4.72946e-06
6.78339e-05
-6.01511e-06
7.36149e-05
-7.41272e-06
7.85742e-05
-8.9112e-06
8.28258e-05
-1.05007e-05
8.64723e-05
-1.21725e-05
8.96052e-05
-1.39194e-05
9.23059e-05
-1.57355e-05
9.46463e-05
-1.76158e-05
9.669e-05
-1.9557e-05
9.84922e-05
-2.15566e-05
0.000100101
-2.36133e-05
0.00010156
-2.5727e-05
0.000102903
-2.78983e-05
0.000104161
-3.0129e-05
0.000105362
-3.24216e-05
0.000106528
-3.47795e-05
0.000107677
-3.7207e-05
0.000108825
-3.97091e-05
0.000109985
-4.22916e-05
0.000111168
-4.49613e-05
0.000112383
-4.77257e-05
0.000113639
-5.05932e-05
0.00011494
-5.35731e-05
0.000116291
-5.66757e-05
0.000117698
-5.99124e-05
0.000119163
-6.32957e-05
0.00012069
-6.68394e-05
0.000122279
-7.05583e-05
0.000123932
-7.4469e-05
0.000125651
-7.85892e-05
0.000127436
-8.29383e-05
0.000129285
-8.75371e-05
0.000131198
-9.2408e-05
0.000133171
-9.75748e-05
0.000135199
-0.000103062
0.000137275
-0.000108896
0.00013939
-0.000115103
0.000141529
-0.000121707
0.000143671
-0.000128734
0.00014579
-0.000136206
0.00014785
-0.00014414
0.000149807
-0.000152551
0.000151601
-0.000161444
0.000153162
-0.000170819
0.000154403
-0.000180662
0.000155223
-0.000190953
0.000155504
-0.000201654
0.000155117
-0.000212721
0.000153919
-0.000224092
0.000151763
-0.000235697
0.000148497
-0.000247452
0.000143973
-0.000259265
0.000138049
-0.000271039
0.0001306
-0.000282668
0.000121521
-0.000294044
0.00011073
-0.000305061
9.8174e-05
-0.000315611
8.38329e-05
-0.000325592
6.77182e-05
-0.000334905
4.98754e-05
-0.000343456
3.0383e-05
-0.000351165
9.35348e-06
-0.000357935
-1.30689e-05
-0.00036373
-3.66876e-05
-0.000368506
-6.14076e-05
-0.000372207
-8.70635e-05
-0.000374776
-0.000113451
-0.000376153
-0.000140345
-0.000376269
-0.000167503
-0.00037505
-0.000194667
-0.000372411
-0.000221565
-0.000368259
-0.000247903
-0.00036249
-0.000273362
-0.000354996
-0.000297589
-0.000345664
-0.000320195
-0.000334386
-0.000340747
-0.000321071
-0.000358762
-0.000305649
-0.000373716
-0.000288091
-0.00038504
-0.000268423
-0.00039214
-0.000246745
-0.000394415
-0.000223244
-0.000391288
-0.000198222
-0.000382255
-0.0001721
-0.000366943
-0.000145436
-0.000345183
-0.000118916
-0.000317101
-9.33371e-05
-0.000283203
-6.956e-05
-0.000244452
-4.84335e-05
-0.000202298
-3.06977e-05
-0.000158629
-1.68815e-05
-0.000115614
-7.23136e-06
-7.54509e-05
-1.69915e-06
-4.00698e-05
-1.09188e-05
-1.07707e-07
8.01376e-06
-4.17656e-07
2.20385e-05
-9.16607e-07
3.42724e-05
-1.59105e-06
4.49083e-05
-2.42734e-06
5.41254e-05
-3.41196e-06
6.20897e-05
-4.53173e-06
6.89537e-05
-5.77409e-06
7.48572e-05
-7.1273e-06
7.99274e-05
-8.58058e-06
8.42791e-05
-1.01243e-05
8.8016e-05
-1.17499e-05
9.12308e-05
-1.34503e-05
9.40062e-05
-1.52193e-05
9.64154e-05
-1.70522e-05
9.85229e-05
-1.89453e-05
0.000100385
-2.08963e-05
0.000102052
-2.29038e-05
0.000103567
-2.49673e-05
0.000104966
-2.70876e-05
0.000106282
-2.92663e-05
0.000107541
-3.15058e-05
0.000108767
-3.38094e-05
0.00010998
-3.61814e-05
0.000111197
-3.86267e-05
0.00011243
-4.11511e-05
0.000113693
-4.37614e-05
0.000114994
-4.64651e-05
0.000116342
-4.92706e-05
0.000117745
-5.21872e-05
0.000119208
-5.52255e-05
0.000120737
-5.83968e-05
0.000122335
-6.17139e-05
0.000124007
-6.51906e-05
0.000125755
-6.88421e-05
0.000127584
-7.26852e-05
0.000129494
-7.6738e-05
0.000131489
-8.10201e-05
0.000133567
-8.55528e-05
0.00013573
-9.03588e-05
0.000137977
-9.54622e-05
0.000140302
-0.000100888
0.000142701
-0.000106663
0.000145165
-0.000112812
0.000147678
-0.000119362
0.00015022
-0.000126336
0.000152764
-0.000133756
0.000155271
-0.00014164
0.000157691
-0.000150001
0.000159961
-0.000158842
0.000162004
-0.000168162
0.000163723
-0.000177947
0.000165008
-0.000188172
0.00016573
-0.000198803
0.000165748
-0.000209791
0.000164907
-0.000221076
0.000163048
-0.000232586
0.000160008
-0.000244241
0.000155627
-0.00025595
0.000149758
-0.000267617
0.000142267
-0.000279141
0.000133045
-0.00029042
0.000122008
-0.00030135
0.000109105
-0.000311832
9.43147e-05
-0.000321768
7.76544e-05
-0.000331068
5.91746e-05
-0.000339645
3.896e-05
-0.00034742
1.71285e-05
-0.000354314
-6.17468e-06
-0.000360278
-3.07239e-05
-0.000365282
-5.64031e-05
-0.000369286
-8.30595e-05
-0.000372241
-0.000110496
-0.000374094
-0.000138493
-0.000374782
-0.000166814
-0.000374234
-0.000195215
-0.000372364
-0.000223435
-0.000369074
-0.000251193
-0.000364252
-0.000278184
-0.000357772
-0.000304068
-0.000349505
-0.000328463
-0.000339316
-0.000350935
-0.000327081
-0.000370997
-0.000312696
-0.000388101
-0.000296091
-0.000401646
-0.000277245
-0.000410986
-0.000256212
-0.000415448
-0.000233133
-0.000414366
-0.000208266
-0.000407122
-0.000181997
-0.000393212
-0.000154861
-0.000372319
-0.000127543
-0.000344419
-0.000100869
-0.000309878
-7.57602e-05
-0.00026956
-5.31675e-05
-0.00022489
-3.39633e-05
-0.000177833
-1.88233e-05
-0.000130754
-8.12828e-06
-8.61459e-05
-1.92986e-06
-4.62683e-05
-1.28487e-05
-1.00773e-07
8.11454e-06
-3.92911e-07
2.23306e-05
-8.65647e-07
3.47452e-05
-1.50749e-06
4.55502e-05
-2.30641e-06
5.49243e-05
-3.25016e-06
6.30334e-05
-4.32653e-06
7.00301e-05
-5.52368e-06
7.60544e-05
-6.83038e-06
8.12341e-05
-8.23621e-06
8.56849e-05
-9.73174e-06
8.95115e-05
-1.13086e-05
9.28077e-05
-1.29596e-05
9.56572e-05
-1.46786e-05
9.81344e-05
-1.64609e-05
0.000100305
-1.83027e-05
0.000102227
-2.02015e-05
0.000103951
-2.21558e-05
0.000105521
-2.4165e-05
0.000106975
-2.62297e-05
0.000108347
-2.83514e-05
0.000109663
-3.05325e-05
0.000110949
-3.2776e-05
0.000112224
-3.50862e-05
0.000113507
-3.74678e-05
0.000114812
-3.99267e-05
0.000116151
-4.24694e-05
0.000117536
-4.51033e-05
0.000118976
-4.78369e-05
0.000120479
-5.06795e-05
0.000122051
-5.36415e-05
0.000123698
-5.67343e-05
0.000125428
-5.99706e-05
0.000127243
-6.33644e-05
0.000129149
-6.69308e-05
0.00013115
-7.06867e-05
0.00013325
-7.46502e-05
0.000135452
-7.88411e-05
0.000137758
-8.32807e-05
0.00014017
-8.79917e-05
0.000142688
-9.29982e-05
0.000145309
-9.83253e-05
0.000148029
-0.000103999
0.000150838
-0.000110044
0.000153723
-0.000116487
0.000156663
-0.000123351
0.000159628
-0.000130657
0.000162576
-0.00013842
0.000165454
-0.000146653
0.000168194
-0.000155358
0.000170709
-0.000164533
0.000172897
-0.000174161
0.000174636
-0.000184219
0.000175788
-0.00019467
0.000176198
-0.000205465
0.000175703
-0.000216546
0.000174129
-0.000227842
0.000171304
-0.000239275
0.00016706
-0.000250758
0.00016124
-0.000262198
0.000153707
-0.000273499
0.000144347
-0.000284566
0.000133075
-0.000295299
0.000119838
-0.000305607
0.000104622
-0.000315398
8.7446e-05
-0.00032459
6.83665e-05
-0.000333106
4.74755e-05
-0.000340874
2.48968e-05
-0.000347825
7.76772e-07
-0.000353898
-2.46515e-05
-0.000359082
-5.12192e-05
-0.000363347
-7.87944e-05
-0.000366655
-0.000107188
-0.000368962
-0.000136186
-0.000370212
-0.000165564
-0.000370337
-0.00019509
-0.000369255
-0.000224517
-0.000366863
-0.000253585
-0.000363042
-0.000282006
-0.000357654
-0.000309456
-0.00035055
-0.000335567
-0.000341573
-0.000359912
-0.000330568
-0.000382002
-0.000317393
-0.000401276
-0.000301937
-0.000417102
-0.000284134
-0.000428789
-0.000263985
-0.000435596
-0.000241584
-0.000436767
-0.000217137
-0.00043157
-0.000190987
-0.000419361
-0.000163637
-0.000399669
-0.000135759
-0.000372297
-0.000108191
-0.000337446
-8.19053e-05
-0.000295846
-5.79453e-05
-0.00024885
-3.73155e-05
-0.000198463
-2.0848e-05
-0.000147222
-9.07739e-06
-9.79165e-05
-2.17799e-06
-5.31677e-05
-1.50267e-05
-9.36544e-08
8.20819e-06
-3.67478e-07
2.26044e-05
-8.13214e-07
3.51909e-05
-1.42142e-06
4.61584e-05
-2.18171e-06
5.56846e-05
-3.08313e-06
6.39348e-05
-4.11445e-06
7.10614e-05
-5.26457e-06
7.72045e-05
-6.52278e-06
8.24923e-05
-7.87902e-06
8.70412e-05
-9.32405e-06
9.09566e-05
-1.08496e-05
9.43333e-05
-1.24486e-05
9.72561e-05
-1.41149e-05
9.98007e-05
-1.58435e-05
0.000102034
-1.76307e-05
0.000104014
-1.94737e-05
0.000105794
-2.13709e-05
0.000107418
-2.33217e-05
0.000108926
-2.53264e-05
0.000110351
-2.73863e-05
0.000111723
-2.95036e-05
0.000113066
-3.16814e-05
0.000114402
-3.39235e-05
0.000115749
-3.62346e-05
0.000117123
-3.86204e-05
0.000118537
-4.10873e-05
0.000120003
-4.36426e-05
0.000121532
-4.62945e-05
0.000123131
-4.90522e-05
0.000124808
-5.19259e-05
0.000126572
-5.4927e-05
0.000128429
-5.8068e-05
0.000130384
-6.13626e-05
0.000132444
-6.48261e-05
0.000134614
-6.84748e-05
0.000136899
-7.23269e-05
0.000139304
-7.64019e-05
0.000141833
-8.07209e-05
0.000144489
-8.53061e-05
0.000147273
-9.01814e-05
0.000150184
-9.53713e-05
0.000153218
-0.000100901
0.000156368
-0.000106795
0.000159618
-0.000113078
0.000162947
-0.000119773
0.000166322
-0.000126898
0.000169701
-0.00013447
0.000173026
-0.000142497
0.000176221
-0.000150982
0.000179195
-0.000159919
0.000181835
-0.000169294
0.000184011
-0.000179081
0.000185575
-0.000189244
0.000186361
-0.000199735
0.000186194
-0.000210497
0.000184891
-0.000221463
0.00018227
-0.000232556
0.000178153
-0.000243695
0.000172379
-0.000254793
0.000164805
-0.000265759
0.000155313
-0.000276503
0.000143818
-0.000286935
0.00013027
-0.000296968
0.000114655
-0.00030652
9.69979e-05
-0.000315514
7.7361e-05
-0.000323881
5.58423e-05
-0.000331557
3.25728e-05
-0.000338498
7.7178e-06
-0.000344633
-1.85166e-05
-0.00034995
-4.59017e-05
-0.000354434
-7.43111e-05
-0.000358058
-0.000103563
-0.00036079
-0.000133454
-0.000362583
-0.000163771
-0.000363376
-0.000194297
-0.000363087
-0.000224806
-0.000361614
-0.000255057
-0.000358834
-0.000284786
-0.000354597
-0.000313692
-0.000348738
-0.000341425
-0.000341078
-0.000367573
-0.00033143
-0.000391649
-0.00031962
-0.000413086
-0.000305493
-0.00043123
-0.000288936
-0.000445346
-0.000269901
-0.000454632
-0.000248425
-0.000458243
-0.00022466
-0.000455335
-0.000198899
-0.000445122
-0.000171602
-0.000426966
-0.000143417
-0.000400483
-0.000115179
-0.000365684
-8.78988e-05
-0.000323126
-6.26996e-05
-0.00027405
-4.07136e-05
-0.000220449
-2.29358e-05
-0.000165
-1.00717e-05
-0.000110781
-2.44246e-06
-6.07969e-05
-1.74691e-05
-8.6378e-08
8.29457e-06
-3.41448e-07
2.28595e-05
-7.59487e-07
3.56089e-05
-1.33313e-06
4.6732e-05
-2.05366e-06
5.64052e-05
-2.9114e-06
6.47926e-05
-3.89616e-06
7.20462e-05
-4.99756e-06
7.83059e-05
-6.20542e-06
8.37001e-05
-7.51004e-06
8.83458e-05
-8.90239e-06
9.23489e-05
-1.03744e-05
9.58052e-05
-1.19187e-05
9.88005e-05
-1.35295e-05
0.000101411
-1.52015e-05
0.000103706
-1.69308e-05
0.000105744
-1.87147e-05
0.000107578
-2.05512e-05
0.000109255
-2.24395e-05
0.000110815
-2.43798e-05
0.000112292
-2.63732e-05
0.000113716
-2.84217e-05
0.000115114
-3.0528e-05
0.000116508
-3.26959e-05
0.000117917
-3.49298e-05
0.000119357
-3.72352e-05
0.000120843
-3.96183e-05
0.000122386
-4.2086e-05
0.000123999
-4.46464e-05
0.000125691
-4.73085e-05
0.00012747
-5.00821e-05
0.000129346
-5.29784e-05
0.000131325
-5.60095e-05
0.000133415
-5.9189e-05
0.000135623
-6.25315e-05
0.000137956
-6.60532e-05
0.000140421
-6.97717e-05
0.000143023
-7.37061e-05
0.000145768
-7.78767e-05
0.00014866
-8.23053e-05
0.000151701
-8.70148e-05
0.000154893
-9.20289e-05
0.000158232
-9.73715e-05
0.00016171
-0.000103067
0.000165313
-0.000109137
0.000169017
-0.000115603
0.000172789
-0.000122484
0.000176582
-0.000129792
0.000180334
-0.000137536
0.000183965
-0.000145717
0.000187376
-0.000154328
0.000190447
-0.000163354
0.000193038
-0.00017277
0.000194991
-0.000182541
0.000196131
-0.00019262
0.000196273
-0.000202953
0.000195224
-0.000213476
0.000192793
-0.000224119
0.000188796
-0.000234804
0.000183065
-0.000245451
0.000175452
-0.000255976
0.000165838
-0.000266296
0.000154138
-0.000276328
0.000140302
-0.000285994
0.000124321
-0.00029522
0.000106224
-0.000303938
8.60785e-05
-0.000312085
6.39903e-05
-0.00031961
4.00975e-05
-0.000326465
1.45722e-05
-0.000332599
-1.23824e-05
-0.000337996
-4.05047e-05
-0.000342651
-6.9656e-05
-0.000346552
-9.96622e-05
-0.000349675
-0.00013033
-0.000351985
-0.000161462
-0.000353427
-0.000192856
-0.000353925
-0.000224308
-0.000353379
-0.000255603
-0.000351661
-0.000286504
-0.000348616
-0.000316738
-0.000344063
-0.000345979
-0.000337801
-0.000373835
-0.000329619
-0.000399831
-0.000319306
-0.000423399
-0.000306667
-0.000443868
-0.000291543
-0.00046047
-0.000273831
-0.000472343
-0.000253513
-0.000478561
-0.000230683
-0.000478165
-0.000205578
-0.000470228
-0.000178605
-0.000453938
-0.000150375
-0.000428713
-0.000121711
-0.000394348
-9.36415e-05
-0.000351195
-6.73582e-05
-0.000300333
-4.41121e-05
-0.000243695
-2.5063e-05
-0.000184049
-1.11025e-05
-0.000124741
-2.72166e-06
-6.91777e-05
-2.01908e-05
-7.89714e-08
8.37354e-06
-3.14917e-07
2.30954e-05
-7.04667e-07
3.59987e-05
-1.24294e-06
4.72703e-05
-1.92269e-06
5.70849e-05
-2.73558e-06
6.56055e-05
-3.6724e-06
7.2983e-05
-4.72354e-06
7.9357e-05
-5.87934e-06
8.48559e-05
-7.13045e-06
8.95969e-05
-8.46808e-06
9.36866e-05
-9.88418e-06
9.72214e-05
-1.13716e-05
0.000100288
-1.29242e-05
0.000102964
-1.45368e-05
0.000105318
-1.62052e-05
0.000107412
-1.79266e-05
0.000109299
-1.96988e-05
0.000111027
-2.15208e-05
0.000112637
-2.33925e-05
0.000114163
-2.53148e-05
0.000115638
-2.72894e-05
0.000117089
-2.93189e-05
0.000118538
-3.14066e-05
0.000120005
-3.35569e-05
0.000121507
-3.57747e-05
0.00012306
-3.80661e-05
0.000124678
-4.04376e-05
0.000126371
-4.2897e-05
0.00012815
-4.54529e-05
0.000130026
-4.81149e-05
0.000132008
-5.08935e-05
0.000134104
-5.38005e-05
0.000136322
-5.68488e-05
0.000138672
-6.00528e-05
0.00014116
-6.34278e-05
0.000143796
-6.69909e-05
0.000146586
-7.07602e-05
0.000149537
-7.47552e-05
0.000152655
-7.89967e-05
0.000155943
-8.35063e-05
0.000159403
-8.83065e-05
0.000163033
-9.34198e-05
0.000166824
-9.88684e-05
0.000170761
-0.000104673
0.000174822
-0.000110854
0.000178969
-0.000117426
0.000183154
-0.000124402
0.000187309
-0.000131788
0.000191351
-0.000139584
0.000195172
-0.000147783
0.000198646
-0.00015637
0.000201624
-0.00016532
0.00020394
-0.000174599
0.00020541
-0.000184164
0.000205838
-0.000193965
0.000205025
-0.000203943
0.000202771
-0.000214032
0.000198885
-0.000224161
0.000193194
-0.000234257
0.000185548
-0.000244244
0.000175825
-0.000254046
0.00016394
-0.000263589
0.000149846
-0.000272803
0.000133536
-0.000281623
0.000115043
-0.000289989
9.4444e-05
-0.000297848
7.18494e-05
-0.000305156
4.74054e-05
-0.00031187
2.12867e-05
-0.000317947
-6.30528e-06
-0.000323372
-3.50801e-05
-0.000328153
-6.48753e-05
-0.000332288
-9.55266e-05
-0.000335766
-0.000126853
-0.00033856
-0.000158668
-0.000340625
-0.000190791
-0.000341892
-0.00022304
-0.000342265
-0.00025523
-0.000341616
-0.000287154
-0.000339783
-0.000318571
-0.000336574
-0.000349188
-0.000331771
-0.000378638
-0.000325138
-0.000406465
-0.00031643
-0.000432107
-0.000305414
-0.000454885
-0.000291884
-0.000474
-0.000275685
-0.000488542
-0.000256741
-0.000497504
-0.000235085
-0.000499821
-0.000210891
-0.000494422
-0.000184511
-0.000480319
-0.000156505
-0.000456719
-0.000127668
-0.000423185
-9.90348e-05
-0.000379828
-7.18465e-05
-0.000327521
-4.74618e-05
-0.00026808
-2.72031e-05
-0.000204307
-1.2159e-05
-0.000139785
-3.01348e-06
-7.83233e-05
-2.32043e-05
-7.14649e-08
8.445e-06
-2.87992e-07
2.3312e-05
-6.48968e-07
3.63597e-05
-1.1512e-06
4.77725e-05
-1.78933e-06
5.77231e-05
-2.55632e-06
6.63724e-05
-3.444e-06
7.38706e-05
-4.44348e-06
8.03565e-05
-5.54567e-06
8.59581e-05
-6.74156e-06
9.07928e-05
-8.02257e-06
9.49676e-05
-9.38075e-06
9.85795e-05
-1.0809e-05
0.000101716
-1.23009e-05
0.000104456
-1.38514e-05
0.000106869
-1.54562e-05
0.000109017
-1.71119e-05
0.000110955
-1.88164e-05
0.000112732
-2.05684e-05
0.000114389
-2.23675e-05
0.000115962
-2.42143e-05
0.000117485
-2.61103e-05
0.000118985
-2.80577e-05
0.000120485
-3.00595e-05
0.000122006
-3.21198e-05
0.000123567
-3.42432e-05
0.000125184
-3.64353e-05
0.00012687
-3.87023e-05
0.000128638
-4.10516e-05
0.0001305
-4.34911e-05
0.000132466
-4.60301e-05
0.000134547
-4.86785e-05
0.000136752
-5.14476e-05
0.000139091
-5.43495e-05
0.000141574
-5.73978e-05
0.000144209
-6.06072e-05
0.000147005
-6.39935e-05
0.000149972
-6.75739e-05
0.000153117
-7.13668e-05
0.000156448
-7.53916e-05
0.000159968
-7.96684e-05
0.00016368
-8.42179e-05
0.000167582
-8.90609e-05
0.000171667
-9.42177e-05
0.000175918
-9.97074e-05
0.000180311
-0.000105547
0.000184809
-0.00011175
0.000189357
-0.000118328
0.000193887
-0.000125285
0.000198308
-0.000132621
0.000202507
-0.000140327
0.000206352
-0.000148389
0.000209687
-0.000156784
0.000212335
-0.000165481
0.000214107
-0.000174439
0.000214797
-0.000183614
0.000214199
-0.000192951
0.000212107
-0.000202391
0.000208325
-0.000211871
0.000202675
-0.000221326
0.000195002
-0.000230687
0.000185186
-0.000239888
0.000173141
-0.000248863
0.000158821
-0.00025755
0.000142222
-0.000265891
0.000123385
-0.000273836
0.000102389
-0.00028134
7.93539e-05
-0.000288369
5.44339e-05
-0.000294892
2.78102e-05
-0.000300864
-3.33084e-07
-0.000306273
-2.96717e-05
-0.000311138
-6.00097e-05
-0.000315469
-9.11962e-05
-0.000319262
-0.00012306
-0.000322502
-0.000155427
-0.000325157
-0.000188136
-0.000327165
-0.000221032
-0.000328435
-0.000253959
-0.000328843
-0.000286746
-0.000328224
-0.00031919
-0.000326377
-0.000351034
-0.00032307
-0.000381945
-0.000318043
-0.000411492
-0.000311022
-0.000439127
-0.000301737
-0.00046417
-0.000289936
-0.000485801
-0.000275414
-0.000503065
-0.000258036
-0.000514882
-0.000237774
-0.000520083
-0.000214734
-0.000517461
-0.000189205
-0.000505848
-0.000161689
-0.000484235
-0.000132941
-0.000451933
-0.000103983
-0.000408786
-7.60895e-05
-0.000355415
-5.07113e-05
-0.000293458
-2.93271e-05
-0.000225691
-1.32293e-05
-0.000155883
-3.31535e-06
-8.82372e-05
-2.65196e-05
-6.38911e-08
8.5089e-06
-2.60789e-07
2.35089e-05
-5.92624e-07
3.66915e-05
-1.05829e-06
4.82382e-05
-1.65409e-06
5.83189e-05
-2.37434e-06
6.70927e-05
-3.21183e-06
7.47081e-05
-4.15847e-06
8.13032e-05
-5.20568e-06
8.70053e-05
-6.34481e-06
9.19319e-05
-7.56749e-06
9.61903e-05
-8.86585e-06
9.98779e-05
-1.02328e-05
0.000103083
-1.16619e-05
0.000105885
-1.31478e-05
0.000108355
-1.46861e-05
0.000110555
-1.62733e-05
0.000112542
-1.79069e-05
0.000114365
-1.95853e-05
0.000116067
-2.13081e-05
0.000117685
-2.30752e-05
0.000119252
-2.4888e-05
0.000120798
-2.67484e-05
0.000122345
-2.86589e-05
0.000123917
-3.06233e-05
0.000125532
-3.26457e-05
0.000127206
-3.47313e-05
0.000128955
-3.68858e-05
0.000130792
-3.91161e-05
0.00013273
-4.14297e-05
0.000134779
-4.3835e-05
0.000136952
-4.63414e-05
0.000139258
-4.89593e-05
0.000141709
-5.17002e-05
0.000144314
-5.45765e-05
0.000147085
-5.76019e-05
0.000150031
-6.07912e-05
0.000153161
-6.41602e-05
0.000156486
-6.77258e-05
0.000160013
-7.15057e-05
0.000163748
-7.55182e-05
0.000167693
-7.97822e-05
0.000171846
-8.43163e-05
0.000176201
-8.91385e-05
0.00018074
-9.42657e-05
0.000185439
-9.97125e-05
0.000190256
-0.000105491
0.000195136
-0.00011161
0.000200006
-0.000118073
0.00020477
-0.000124878
0.000209312
-0.000132017
0.000213492
-0.000139478
0.000217147
-0.000147237
0.000220095
-0.000155269
0.000222138
-0.000163536
0.000223065
-0.000171999
0.000222662
-0.000180611
0.000220719
-0.000189319
0.000217033
-0.000198069
0.000211424
-0.000206803
0.000203736
-0.000215462
0.000193845
-0.000223988
0.000181667
-0.000232324
0.000167157
-0.000240418
0.000150316
-0.00024822
0.000131186
-0.000255685
0.000109855
-0.000262777
8.6446e-05
-0.000269465
6.11213e-05
-0.000275723
3.40683e-05
-0.00028156
5.50418e-06
-0.000286929
-2.43028e-05
-0.000291848
-5.50912e-05
-0.000296335
-8.67093e-05
-0.000300403
-0.000118992
-0.00030405
-0.00015178
-0.000307253
-0.000184933
-0.000309964
-0.000218322
-0.000312099
-0.000251824
-0.000313538
-0.000285308
-0.000314116
-0.000318612
-0.000313628
-0.000351522
-0.000311828
-0.000383744
-0.000308439
-0.000414882
-0.000303159
-0.000444407
-0.000295684
-0.000471646
-0.000285719
-0.000495766
-0.000273009
-0.000515774
-0.000257364
-0.000530527
-0.00023869
-0.000538757
-0.000217028
-0.000539123
-0.000192595
-0.000530281
-0.00016583
-0.000511001
-0.000137432
-0.000480331
-0.000108397
-0.000437821
-8.00143e-05
-0.000383798
-5.38087e-05
-0.000319664
-3.14044e-05
-0.000248096
-1.43002e-05
-0.000172987
-3.62431e-06
-9.8913e-05
-3.01439e-05
-5.62845e-08
8.56518e-06
-2.3343e-07
2.3686e-05
-5.35888e-07
3.69939e-05
-9.64612e-07
4.86669e-05
-1.51758e-06
5.88718e-05
-2.19039e-06
6.77655e-05
-2.97688e-06
7.54946e-05
-3.86967e-06
8.2196e-05
-4.86073e-06
8.79964e-05
-5.94176e-06
9.30129e-05
-7.10458e-06
9.73531e-05
-8.34144e-06
0.000101115
-9.64515e-06
0.000104387
-1.10093e-05
0.000107249
-1.24284e-05
0.000109774
-1.38978e-05
0.000112025
-1.54137e-05
0.000114058
-1.69734e-05
0.000115925
-1.85751e-05
0.000117669
-2.02179e-05
0.000119328
-2.19015e-05
0.000120936
-2.36269e-05
0.000122523
-2.53956e-05
0.000124114
-2.72097e-05
0.000125731
-2.90726e-05
0.000127395
-3.09878e-05
0.000129122
-3.29602e-05
0.000130928
-3.49948e-05
0.000132827
-3.7098e-05
0.000134833
-3.92764e-05
0.000136958
-4.1538e-05
0.000139214
-4.38912e-05
0.000141612
-4.63456e-05
0.000144163
-4.89116e-05
0.00014688
-5.16006e-05
0.000149774
-5.44251e-05
0.000152855
-5.73984e-05
0.000156135
-6.05348e-05
0.000159623
-6.38495e-05
0.000163328
-6.73583e-05
0.000167256
-7.10775e-05
0.000171412
-7.50238e-05
0.000175792
-7.92132e-05
0.00018039
-8.36616e-05
0.000185189
-8.83831e-05
0.00019016
-9.33903e-05
0.000195263
-9.8693e-05
0.000200439
-0.000104298
0.000205611
-0.000110207
0.00021068
-0.000116419
0.000215524
-0.000122927
0.000219999
-0.000129717
0.000223937
-0.000136771
0.000227149
-0.000144064
0.000229431
-0.000151567
0.000230568
-0.000159245
0.00023034
-0.000167057
0.000228531
-0.000174961
0.000224937
-0.000182909
0.000219373
-0.000190853
0.00021168
-0.000198745
0.000201736
-0.000206534
0.000189456
-0.000214173
0.000174797
-0.000221619
0.000157762
-0.000228831
0.000138398
-0.000235772
0.000116796
-0.000242413
9.30873e-05
-0.000248731
6.74393e-05
-0.000254712
4.00485e-05
-0.00026035
1.11423e-05
-0.000265628
-1.90246e-05
-0.000270556
-5.01633e-05
-0.00027516
-8.21053e-05
-0.000279463
-0.000114689
-0.000283474
-0.000147769
-0.000287183
-0.000181224
-0.000290552
-0.000214953
-0.000293508
-0.000248868
-0.000295937
-0.000282879
-0.000297678
-0.00031687
-0.000298525
-0.000350675
-0.000298223
-0.000384047
-0.000296477
-0.000416627
-0.000292965
-0.000447919
-0.000287348
-0.000477262
-0.000279295
-0.000503819
-0.000268503
-0.000526566
-0.000254726
-0.000544304
-0.000237809
-0.000555675
-0.000217723
-0.000559209
-0.000194614
-0.00055339
-0.000168846
-0.000536769
-0.000141056
-0.00050812
-0.000112197
-0.00046668
-8.35519e-05
-0.000412443
-5.67029e-05
-0.000346513
-3.34039e-05
-0.000271395
-1.53575e-05
-0.000191034
-3.93707e-06
-0.000110334
-3.4081e-05
-4.86821e-08
8.61386e-06
-2.06046e-07
2.38434e-05
-4.79025e-07
3.72669e-05
-8.70609e-07
4.90585e-05
-1.38041e-06
5.93816e-05
-2.00533e-06
6.83904e-05
-2.74017e-06
7.62295e-05
-3.57833e-06
8.30341e-05
-4.51228e-06
8.89303e-05
-5.53408e-06
9.40347e-05
-6.63575e-06
9.84548e-05
-7.80961e-06
0.000102289
-9.04848e-06
0.000105626
-1.03459e-05
0.000108547
-1.1696e-05
0.000111124
-1.30942e-05
0.000113423
-1.45363e-05
0.000115501
-1.60195e-05
0.000117408
-1.75414e-05
0.000119191
-1.91009e-05
0.000120887
-2.06975e-05
0.000122533
-2.23316e-05
0.000124157
-2.40042e-05
0.000125786
-2.57173e-05
0.000127444
-2.74735e-05
0.000129151
-2.92759e-05
0.000130924
-3.11288e-05
0.00013278
-3.30366e-05
0.000134735
-3.5005e-05
0.000136801
-3.704e-05
0.000138993
-3.91485e-05
0.000141322
-4.13382e-05
0.000143801
-4.36177e-05
0.000146443
-4.59961e-05
0.000149259
-4.84838e-05
0.000152262
-5.10917e-05
0.000155463
-5.38316e-05
0.000158875
-5.67161e-05
0.000162507
-5.97584e-05
0.00016637
-6.29724e-05
0.00017047
-6.6372e-05
0.000174811
-6.99714e-05
0.000179392
-7.37842e-05
0.000184203
-7.78235e-05
0.000189228
-8.21012e-05
0.000194438
-8.66271e-05
0.000199789
-9.1409e-05
0.000205221
-9.64518e-05
0.000210653
-0.000101757
0.000215985
-0.000107322
0.00022109
-0.000113141
0.000225818
-0.000119202
0.000229998
-0.000125489
0.000233437
-0.000131983
0.000235925
-0.00013866
0.000237244
-0.00014549
0.00023717
-0.000152441
0.000235483
-0.000159479
0.000231975
-0.000166566
0.00022646
-0.000173663
0.000218777
-0.000180731
0.000208804
-0.000187731
0.000196456
-0.000194625
0.000181691
-0.000201378
0.000164515
-0.000207958
0.000144977
-0.000214337
0.000123175
-0.000220493
9.92438e-05
-0.000226411
7.33569e-05
-0.00023208
4.57177e-05
-0.000237494
1.65568e-05
-0.000242647
-1.38718e-05
-0.00024755
-4.52604e-05
-0.000252236
-7.74191e-05
-0.000256737
-0.000110188
-0.000261071
-0.000143434
-0.00026524
-0.000177055
-0.000269218
-0.000210975
-0.000272943
-0.000245143
-0.00027631
-0.000279511
-0.000279167
-0.000314014
-0.000281306
-0.000348536
-0.000282468
-0.000382885
-0.000282347
-0.000416748
-0.0002806
-0.000449666
-0.000276862
-0.000481
-0.000270766
-0.000509915
-0.000261965
-0.000535368
-0.00025016
-0.000556108
-0.000235137
-0.000570698
-0.000216799
-0.000577546
-0.000195217
-0.000574973
-0.000170677
-0.000561308
-0.000143743
-0.000535054
-0.00011531
-0.000495113
-8.66391e-05
-0.000441114
-5.93449e-05
-0.000373807
-3.52945e-05
-0.000295445
-1.63869e-05
-0.000209941
-4.25009e-06
-0.00012247
-3.83311e-05
-4.11227e-08
8.65499e-06
-1.78775e-07
2.3981e-05
-4.22322e-07
3.75105e-05
-7.76741e-07
4.94129e-05
-1.24325e-06
5.98481e-05
-1.82001e-06
6.89672e-05
-2.50282e-06
7.69123e-05
-3.28579e-06
8.38171e-05
-4.1619e-06
8.98064e-05
-5.12357e-06
9.49964e-05
-6.16302e-06
9.94942e-05
-7.27263e-06
0.000103398
-8.44521e-06
0.000106798
-9.67416e-06
0.000109776
-1.09536e-05
0.000112403
-1.22785e-05
0.000114748
-1.36447e-05
0.000116867
-1.50488e-05
0.000118812
-1.64883e-05
0.00012063
-1.79616e-05
0.000122361
-1.94679e-05
0.000124039
-2.10071e-05
0.000125696
-2.25799e-05
0.000127359
-2.41876e-05
0.000129052
-2.58323e-05
0.000130795
-2.75169e-05
0.000132609
-2.92445e-05
0.000134508
-3.10194e-05
0.00013651
-3.28461e-05
0.000138628
-3.473e-05
0.000140877
-3.66771e-05
0.000143269
-3.8694e-05
0.000145818
-4.07882e-05
0.000148537
-4.29678e-05
0.000151438
-4.52414e-05
0.000154535
-4.76187e-05
0.00015784
-5.01097e-05
0.000161366
-5.27251e-05
0.000165123
-5.54761e-05
0.000169121
-5.83742e-05
0.000173368
-6.1431e-05
0.000177868
-6.46581e-05
0.000182619
-6.80665e-05
0.000187611
-7.16665e-05
0.000192828
-7.54673e-05
0.000198239
-7.94764e-05
0.000203798
-8.36996e-05
0.000209444
-8.814e-05
0.000215094
-9.27981e-05
0.000220643
-9.76715e-05
0.000225963
-0.000102755
0.000230901
-0.000108038
0.000235281
-0.00011351
0.000238909
-0.000119155
0.00024157
-0.000124954
0.000243043
-0.000130885
0.000243102
-0.000136925
0.000241523
-0.000143048
0.000238098
-0.000149226
0.000232637
-0.00015543
0.000224981
-0.000161631
0.000215005
-0.0001678
0.000202625
-0.000173908
0.0001878
-0.000179931
0.000170537
-0.000185845
0.000150891
-0.00019163
0.00012896
-0.000197272
0.000104886
-0.000202761
7.88463e-05
-0.000208094
5.10502e-05
-0.000213265
2.17283e-05
-0.000218271
-8.86583e-06
-0.000223125
-4.04071e-05
-0.000227866
-7.26781e-05
-0.000232532
-0.000105522
-0.000237152
-0.000138815
-0.000241736
-0.000172471
-0.000246271
-0.00020644
-0.000250708
-0.000240706
-0.000254955
-0.000275265
-0.000258865
-0.000310103
-0.000262237
-0.000345164
-0.00026481
-0.000380311
-0.000266271
-0.000415287
-0.000266262
-0.000449675
-0.000264393
-0.000482869
-0.000260267
-0.000514042
-0.000253496
-0.000542138
-0.000243735
-0.000565869
-0.000230712
-0.000583722
-0.000214263
-0.000593995
-0.000194385
-0.000594851
-0.000171283
-0.00058441
-0.00014544
-0.000560897
-0.000117679
-0.000522874
-8.92195e-05
-0.000469573
-6.16892e-05
-0.000401337
-3.7046e-05
-0.000320088
-1.73737e-05
-0.000229614
-4.55965e-06
-0.000135284
-4.28908e-05
-3.36475e-08
8.68863e-06
-1.51765e-07
2.40991e-05
-3.66079e-07
3.77248e-05
-6.83502e-07
4.97303e-05
-1.10681e-06
6.02715e-05
-1.6354e-06
6.94958e-05
-2.26601e-06
7.75429e-05
-2.99347e-06
8.45445e-05
-3.81127e-06
9.06242e-05
-4.71215e-06
9.58973e-05
-5.68854e-06
0.000100471
-6.73289e-06
0.000104443
-7.83798e-06
0.000107903
-8.99713e-06
0.000110935
-1.02043e-05
0.000113611
-1.14542e-05
0.000115998
-1.27424e-05
0.000118155
-1.40653e-05
0.000120135
-1.542e-05
0.000121985
-1.68045e-05
0.000123745
-1.82176e-05
0.000125452
-1.96588e-05
0.000127137
-2.11282e-05
0.000128829
-2.26268e-05
0.000130551
-2.4156e-05
0.000132325
-2.5718e-05
0.000134171
-2.73155e-05
0.000136106
-2.89518e-05
0.000138146
-3.06308e-05
0.000140307
-3.23569e-05
0.000142603
-3.41351e-05
0.000145047
-3.59711e-05
0.000147654
-3.7871e-05
0.000150437
-3.98417e-05
0.000153409
-4.18903e-05
0.000156584
-4.40248e-05
0.000159975
-4.62534e-05
0.000163594
-4.85849e-05
0.000167454
-5.10282e-05
0.000171564
-5.35925e-05
0.000175933
-5.62869e-05
0.000180563
-5.91203e-05
0.000185452
-6.2101e-05
0.000190592
-6.52366e-05
0.000195964
-6.85336e-05
0.000201536
-7.19972e-05
0.000207262
-7.5631e-05
0.000213078
-7.94366e-05
0.0002189
-8.3414e-05
0.00022462
-8.75605e-05
0.000230109
-9.18717e-05
0.000235212
-9.63409e-05
0.000239751
-0.000100959
0.000243527
-0.000105716
0.000246327
-0.000110599
0.000247926
-0.000115594
0.000248096
-0.000120685
0.000246614
-0.000125855
0.000243268
-0.000131087
0.000237869
-0.000136362
0.000230256
-0.000141661
0.000220305
-0.000146966
0.00020793
-0.000152259
0.000193093
-0.000157523
0.000175801
-0.000162744
0.000156112
-0.00016791
0.000134126
-0.000173014
0.000109989
-0.000178051
8.38841e-05
-0.000183025
5.60243e-05
-0.000187938
2.6641e-05
-0.000192784
-4.01962e-06
-0.000197572
-3.56194e-05
-0.00020235
-6.79005e-05
-0.000207158
-0.000100714
-0.00021203
-0.000133943
-0.000216988
-0.000167513
-0.00022203
-0.000201398
-0.000227121
-0.000235615
-0.00023218
-0.000270206
-0.000237073
-0.00030521
-0.000241606
-0.000340632
-0.000245521
-0.000376397
-0.0002485
-0.000412308
-0.000250175
-0.000448001
-0.000250138
-0.000482906
-0.000247963
-0.000516216
-0.00024323
-0.000546871
-0.000235551
-0.000573549
-0.000224599
-0.000594674
-0.000210149
-0.000608444
-0.000192123
-0.000612877
-0.000170645
-0.000605889
-0.000146108
-0.000585434
-0.000119254
-0.000549728
-9.12442e-05
-0.000497583
-6.36939e-05
-0.000428888
-3.86296e-05
-0.000345153
-1.83033e-05
-0.00024994
-4.86193e-06
-0.000148726
-4.77527e-05
-2.62999e-08
8.71493e-06
-1.25171e-07
2.4198e-05
-3.10617e-07
3.79102e-05
-5.91412e-07
5.00111e-05
-9.71837e-07
6.06519e-05
-1.45247e-06
6.99764e-05
-2.03098e-06
7.81214e-05
-2.70287e-06
8.52164e-05
-3.46213e-06
9.13835e-05
-4.30183e-06
9.6737e-05
-5.21458e-06
0.000101383
-6.19291e-06
0.000105421
-7.22958e-06
0.00010894
-8.31781e-06
0.000112023
-9.45139e-06
0.000114744
-1.06248e-05
0.000117171
-1.18334e-05
0.000119363
-1.30732e-05
0.000121375
-1.4341e-05
0.000123253
-1.56345e-05
0.000125039
-1.69519e-05
0.00012677
-1.82923e-05
0.000128478
-1.96554e-05
0.000130192
-2.10416e-05
0.000131937
-2.24517e-05
0.000133735
-2.38872e-05
0.000135606
-2.53503e-05
0.000137569
-2.68432e-05
0.000139639
-2.83693e-05
0.000141833
-2.99318e-05
0.000144165
-3.15349e-05
0.000146651
-3.3183e-05
0.000149302
-3.4881e-05
0.000152135
-3.66342e-05
0.000155162
-3.84485e-05
0.000158398
-4.033e-05
0.000161856
-4.2285e-05
0.000165549
-4.43203e-05
0.000169489
-4.64425e-05
0.000173687
-4.86584e-05
0.000178149
-5.09746e-05
0.000182879
-5.33972e-05
0.000187875
-5.59318e-05
0.000193127
-5.85834e-05
0.000198615
-6.13559e-05
0.000204308
-6.4252e-05
0.000210158
-6.72735e-05
0.000216099
-7.04206e-05
0.000222047
-7.36925e-05
0.000227892
-7.70869e-05
0.000233504
-8.06006e-05
0.000238726
-8.42292e-05
0.000243379
-8.79677e-05
0.000247266
-9.18103e-05
0.00025017
-9.57507e-05
0.000251867
-9.97821e-05
0.000252128
-0.000103897
0.000250729
-0.000108089
0.00024746
-0.000112349
0.00024213
-0.00011667
0.000234577
-0.000121044
0.000224678
-0.000125462
0.000212348
-0.000129917
0.000197547
-0.000134401
0.000180286
-0.00013891
0.000160621
-0.000143438
0.000138655
-0.000147986
0.000114537
-0.000152553
8.84519e-05
-0.000157148
6.0619e-05
-0.000161781
3.12739e-05
-0.000166459
6.58625e-07
-0.00017118
-3.08982e-05
-0.000175987
-6.3094e-05
-0.000180919
-9.57816e-05
-0.000186018
-0.000128844
-0.000191313
-0.000162217
-0.000196815
-0.000195896
-0.000202501
-0.00022993
-0.000208303
-0.000264403
-0.000214102
-0.000299411
-0.000219713
-0.000335021
-0.000224884
-0.000371225
-0.000229299
-0.000407893
-0.000232582
-0.000444718
-0.000234312
-0.000481176
-0.000234043
-0.000516486
-0.000231324
-0.00054959
-0.000225729
-0.000579143
-0.000216886
-0.000603517
-0.000204511
-0.000620819
-0.000188456
-0.000628933
-0.000168759
-0.000625585
-0.000145725
-0.000608469
-0.000120001
-0.000575451
-9.26726e-05
-0.000524912
-6.5322e-05
-0.000456238
-4.00184e-05
-0.000370456
-1.91618e-05
-0.000270797
-5.15311e-06
-0.000162734
-5.29058e-05
-1.91265e-08
8.73406e-06
-9.91575e-08
2.4278e-05
-2.56272e-07
3.80673e-05
-5.01022e-07
5.02559e-05
-8.39122e-07
6.099e-05
-1.27228e-06
7.04096e-05
-1.79905e-06
7.86482e-05
-2.41559e-06
8.5833e-05
-3.11636e-06
9.20843e-05
-3.89474e-06
9.75154e-05
-4.74354e-06
0.000102232
-5.65535e-06
0.000106333
-6.62292e-06
0.000109908
-7.63937e-06
0.000113039
-8.69833e-06
0.000115803
-9.79411e-06
0.000118267
-1.09217e-05
0.000120491
-1.20769e-05
0.00012253
-1.32561e-05
0.000124432
-1.44565e-05
0.000126239
-1.56762e-05
0.000127989
-1.69136e-05
0.000129715
-1.81679e-05
0.000131446
-1.94389e-05
0.000133208
-2.07269e-05
0.000135023
-2.20328e-05
0.000136912
-2.33577e-05
0.000138894
-2.47035e-05
0.000140985
-2.60722e-05
0.000143202
-2.74665e-05
0.00014556
-2.88892e-05
0.000148073
-3.03437e-05
0.000150757
-3.18335e-05
0.000153625
-3.33626e-05
0.000156691
-3.49351e-05
0.000159971
-3.65555e-05
0.000163477
-3.82281e-05
0.000167222
-3.99575e-05
0.000171219
-4.17483e-05
0.000175477
-4.36047e-05
0.000180005
-4.55307e-05
0.000184805
-4.75299e-05
0.000189874
-4.96052e-05
0.000195202
-5.17588e-05
0.000200769
-5.39922e-05
0.000206541
-5.6306e-05
0.000212471
-5.87001e-05
0.000218493
-6.11734e-05
0.00022452
-6.37244e-05
0.000230443
-6.63515e-05
0.000236131
-6.90524e-05
0.000241427
-7.18255e-05
0.000246152
-7.46694e-05
0.000250109
-7.7583e-05
0.000253083
-8.05664e-05
0.00025485
-8.362e-05
0.000255181
-8.67452e-05
0.000253854
-8.99438e-05
0.000250658
-9.32179e-05
0.000245404
-9.65701e-05
0.00023793
-0.000100003
0.000228111
-0.000103519
0.000215864
-0.000107121
0.000201149
-0.000110812
0.000183977
-0.000114595
0.000164404
-0.000118474
0.000142535
-0.000122456
0.000118518
-0.000126545
9.25415e-05
-0.000130752
6.48253e-05
-0.000135088
3.56103e-05
-0.000139585
5.15592e-06
-0.000144241
-2.62425e-05
-0.000149069
-5.82662e-05
-0.000154112
-9.07389e-05
-0.000159415
-0.000123541
-0.000165017
-0.000156616
-0.000170935
-0.000189977
-0.00017716
-0.000223705
-0.000183638
-0.000257926
-0.000190261
-0.000292788
-0.00019686
-0.000328423
-0.000203191
-0.000364894
-0.000208944
-0.00040214
-0.00021374
-0.000439922
-0.000217149
-0.000477766
-0.000218711
-0.000514924
-0.000217951
-0.00055035
-0.000214413
-0.000582682
-0.000207683
-0.000610247
-0.000197425
-0.000631077
-0.000183425
-0.000642933
-0.000165641
-0.000643369
-0.000144282
-0.000629828
-0.000119894
-0.000599839
-9.34714e-05
-0.000551334
-6.6541e-05
-0.000483169
-4.11877e-05
-0.00039581
-1.99356e-05
-0.000292049
-5.42936e-06
-0.000177241
-5.83352e-05
-1.21784e-08
8.74624e-06
-7.39008e-08
2.43398e-05
-2.03403e-07
3.81969e-05
-4.12915e-07
5.04654e-05
-7.09502e-07
6.12866e-05
-1.09594e-06
7.0796e-05
-1.57161e-06
7.91239e-05
-2.13329e-06
8.63946e-05
-2.77589e-06
9.27269e-05
-3.4931e-06
9.82326e-05
-4.2779e-06
0.000103017
-5.12296e-06
0.000107178
-6.02102e-06
0.000110806
-6.9651e-06
0.000113983
-7.9487e-06
0.000116787
-8.9659e-06
0.000119284
-1.00114e-05
0.000121537
-1.10808e-05
0.000123599
-1.217e-05
0.000125521
-1.3276e-05
0.000127345
-1.43962e-05
0.000129109
-1.55288e-05
0.000130848
-1.66723e-05
0.00013259
-1.7826e-05
0.000134361
-1.89895e-05
0.000136186
-2.01631e-05
0.000138085
-2.13471e-05
0.000140078
-2.25426e-05
0.00014218
-2.37507e-05
0.00014441
-2.49731e-05
0.000146782
-2.62115e-05
0.000149312
-2.74681e-05
0.000152013
-2.8745e-05
0.000154902
-3.00448e-05
0.000157991
-3.13699e-05
0.000161296
-3.27231e-05
0.00016483
-3.41069e-05
0.000168606
-3.55237e-05
0.000172636
-3.69757e-05
0.00017693
-3.8465e-05
0.000181494
-3.99929e-05
0.000186333
-4.15606e-05
0.000191442
-4.31682e-05
0.00019681
-4.48156e-05
0.000202416
-4.65019e-05
0.000208228
-4.82255e-05
0.000214195
-4.99846e-05
0.000220252
-5.17772e-05
0.000226313
-5.36012e-05
0.000232267
-5.54553e-05
0.000237985
-5.73387e-05
0.00024331
-5.92522e-05
0.000248066
-6.11978e-05
0.000252055
-6.31795e-05
0.000255065
-6.5203e-05
0.000256873
-6.72759e-05
0.000257254
-6.94079e-05
0.000255986
-7.16097e-05
0.00025286
-7.38934e-05
0.000247687
-7.62717e-05
0.000240308
-7.87578e-05
0.000230597
-8.1365e-05
0.000218471
-8.41066e-05
0.000203891
-8.69959e-05
0.000186866
-9.00456e-05
0.000167454
-9.32687e-05
0.000145758
-9.66782e-05
0.000121927
-0.000100287
9.61505e-05
-0.00010411
6.8648e-05
-0.000108164
3.96647e-05
-0.000112471
9.46291e-06
-0.000117036
-2.16779e-05
-0.000121871
-5.34312e-05
-0.000127013
-8.55971e-05
-0.000132505
-0.000118048
-0.000138388
-0.000150733
-0.000144686
-0.000183679
-0.000151399
-0.000216992
-0.000158485
-0.000250839
-0.000165852
-0.00028542
-0.000173344
-0.000320931
-0.000180732
-0.000357506
-0.000187711
-0.000395161
-0.000193907
-0.000433726
-0.000198888
-0.000472784
-0.000202182
-0.00051163
-0.000203299
-0.000549233
-0.000201757
-0.000584223
-0.00019711
-0.000614894
-0.000188979
-0.000639208
-0.000177088
-0.000654824
-0.000161317
-0.000659139
-0.00014178
-0.000649365
-0.000118917
-0.000622702
-9.36145e-05
-0.000576637
-6.73227e-05
-0.00050946
-4.21148e-05
-0.000421017
-2.06119e-05
-0.000313552
-5.68696e-06
-0.000192166
-6.40221e-05
-5.51377e-09
8.75175e-06
-4.95909e-08
2.43838e-05
-1.52393e-07
3.82997e-05
-3.27711e-07
5.06407e-05
-5.83862e-07
6.15427e-05
-9.24617e-07
7.11368e-05
-1.35011e-06
7.95494e-05
-1.85772e-06
8.69022e-05
-2.44277e-06
9.33119e-05
-3.09923e-06
9.88891e-05
-3.82026e-06
0.000103738
-4.59861e-06
0.000107956
-5.42702e-06
0.000111634
-6.29842e-06
0.000114855
-7.20618e-06
0.000117695
-8.14417e-06
0.000120222
-9.10691e-06
0.000122499
-1.00895e-05
0.000124582
-1.10878e-05
0.000126519
-1.20982e-05
0.000128356
-1.31178e-05
0.000130129
-1.41441e-05
0.000131874
-1.51754e-05
0.000133621
-1.62102e-05
0.000135396
-1.72476e-05
0.000137224
-1.82869e-05
0.000139125
-1.93281e-05
0.000141119
-2.03711e-05
0.000143223
-2.14163e-05
0.000145455
-2.24641e-05
0.00014783
-2.35155e-05
0.000150363
-2.45711e-05
0.000153069
-2.56319e-05
0.000155963
-2.6699e-05
0.000159058
-2.77732e-05
0.00016237
-2.88554e-05
0.000165912
-2.99464e-05
0.000169697
-3.10464e-05
0.000173736
-3.21556e-05
0.000178039
-3.32736e-05
0.000182612
-3.43995e-05
0.000187459
-3.55319e-05
0.000192574
-3.66686e-05
0.000197946
-3.7807e-05
0.000203555
-3.89441e-05
0.000209365
-4.00764e-05
0.000215327
-4.12006e-05
0.000221376
-4.23135e-05
0.000227425
-4.34129e-05
0.000233367
-4.44977e-05
0.00023907
-4.55687e-05
0.000244381
-4.66288e-05
0.000249126
-4.76835e-05
0.00025311
-4.87411e-05
0.000256123
-4.9813e-05
0.000257945
-5.09137e-05
0.000258355
-5.20603e-05
0.000257133
-5.32725e-05
0.000254072
-5.45717e-05
0.000248987
-5.59806e-05
0.000241717
-5.75226e-05
0.000232139
-5.92218e-05
0.00022017
-6.11021e-05
0.000205771
-6.3187e-05
0.000188951
-6.54993e-05
0.000169766
-6.8061e-05
0.00014832
-7.08934e-05
0.00012476
-7.40168e-05
9.92739e-05
-7.7451e-05
7.20821e-05
-8.12165e-05
4.34301e-05
-8.53315e-05
1.3578e-05
-8.98032e-05
-1.72062e-05
-9.46419e-05
-4.85925e-05
-9.98778e-05
-8.03612e-05
-0.000105549
-0.000112377
-0.000111694
-0.000144588
-0.000118342
-0.000177031
-0.000125497
-0.000209837
-0.000133129
-0.000243207
-0.000141161
-0.000277388
-0.000149451
-0.000312641
-0.000157785
-0.000349172
-0.00016587
-0.000387076
-0.000173341
-0.000426255
-0.000179767
-0.000466359
-0.000184672
-0.000506726
-0.000187556
-0.000546348
-0.000187923
-0.000583857
-0.000185301
-0.000617516
-0.000179272
-0.000645236
-0.000169511
-0.000664586
-0.000155825
-0.000672825
-0.000138233
-0.000666958
-0.000117062
-0.000643873
-9.30813e-05
-0.000600617
-6.76425e-05
-0.000534899
-4.27789e-05
-0.000445881
-2.11784e-05
-0.000335152
-5.92222e-06
-0.000207422
-6.99443e-05
8.06646e-10
8.75094e-06
-2.64365e-08
2.44111e-05
-1.03652e-07
3.83769e-05
-2.46067e-07
5.07831e-05
-4.63139e-07
6.17598e-05
-7.59538e-07
7.14332e-05
-1.1361e-06
7.99259e-05
-1.59071e-06
8.73569e-05
-2.11911e-06
9.38403e-05
-2.71553e-06
9.94855e-05
-3.37329e-06
0.000104396
-4.08525e-06
0.000108668
-4.84412e-06
0.000112393
-5.6428e-06
0.000115654
-6.47452e-06
0.000118526
-7.33298e-06
0.00012108
-8.21245e-06
0.000123379
-9.1078e-06
0.000125477
-1.00145e-05
0.000127426
-1.09286e-05
0.00012927
-1.18467e-05
0.000131047
-1.2766e-05
0.000132793
-1.36841e-05
0.000134539
-1.4599e-05
0.000136311
-1.55091e-05
0.000138134
-1.64132e-05
0.000140029
-1.73102e-05
0.000142016
-1.81995e-05
0.000144113
-1.90803e-05
0.000146336
-1.99523e-05
0.000148702
-2.0815e-05
0.000151226
-2.16681e-05
0.000153922
-2.25112e-05
0.000156806
-2.33438e-05
0.000159891
-2.41654e-05
0.000163192
-2.4975e-05
0.000166722
-2.57715e-05
0.000170493
-2.65534e-05
0.000174518
-2.73187e-05
0.000178804
-2.80648e-05
0.000183358
-2.87884e-05
0.000188182
-2.9486e-05
0.000193272
-3.01532e-05
0.000198614
-3.07852e-05
0.000204187
-3.13768e-05
0.000209956
-3.1923e-05
0.000215874
-3.24191e-05
0.000221872
-3.28611e-05
0.000227868
-3.32465e-05
0.000233752
-3.35745e-05
0.000239398
-3.38472e-05
0.000244654
-3.40698e-05
0.000249349
-3.42509e-05
0.000253291
-3.44028e-05
0.000256275
-3.45421e-05
0.000258085
-3.46894e-05
0.000258502
-3.4869e-05
0.000257313
-3.51089e-05
0.000254312
-3.54397e-05
0.000249317
-3.58929e-05
0.00024217
-3.6502e-05
0.000232748
-3.73017e-05
0.00022097
-3.83263e-05
0.000206796
-3.96097e-05
0.000190234
-4.11846e-05
0.000171341
-4.30828e-05
0.000150218
-4.53342e-05
0.000127011
-4.79666e-05
0.000101906
-5.10052e-05
7.51207e-05
-5.44733e-05
4.68983e-05
-5.8393e-05
1.74977e-05
-6.27715e-05
-1.28277e-05
-6.76143e-05
-4.37497e-05
-7.29439e-05
-7.50316e-05
-7.87883e-05
-0.000106533
-8.51813e-05
-0.000138195
-9.21532e-05
-0.000170059
-9.97108e-05
-0.00020228
-0.000107832
-0.000235086
-0.000116451
-0.000268769
-0.000125444
-0.000303649
-0.000134611
-0.000340005
-0.000143677
-0.00037801
-0.000152286
-0.000417646
-0.000160015
-0.000458629
-0.000166391
-0.000500349
-0.000170913
-0.000541827
-0.000173073
-0.000581696
-0.000172386
-0.000618203
-0.000168408
-0.000649214
-0.000160767
-0.000672227
-0.000149208
-0.000684384
-0.000133656
-0.00068251
-0.000114325
-0.000663204
-9.18554e-05
-0.000623087
-6.74788e-05
-0.000559276
-4.31605e-05
-0.000470199
-2.16233e-05
-0.000356689
-6.1315e-06
-0.000222914
-7.60758e-05
6.74081e-09
8.7442e-06
-4.67185e-09
2.44225e-05
-5.76332e-08
3.84298e-05
-1.68692e-07
5.08942e-05
-3.4833e-07
6.19394e-05
-6.02008e-07
7.16868e-05
-9.31172e-07
8.02551e-05
-1.33418e-06
8.77599e-05
-1.80712e-06
9.43133e-05
-2.34448e-06
0.000100023
-2.93976e-06
0.000104991
-3.58588e-06
0.000109314
-4.2756e-06
0.000113083
-5.00177e-06
0.00011638
-5.75751e-06
0.000119282
-6.53638e-06
0.000121859
-7.33244e-06
0.000124175
-8.14028e-06
0.000126285
-8.95508e-06
0.000128241
-9.77253e-06
0.000130087
-1.05888e-05
0.000131863
-1.14007e-05
0.000133605
-1.22052e-05
0.000135343
-1.29998e-05
0.000137106
-1.37822e-05
0.000138916
-1.45506e-05
0.000140797
-1.53032e-05
0.000142768
-1.60383e-05
0.000144848
-1.67544e-05
0.000147052
-1.74501e-05
0.000149398
-1.81239e-05
0.000151899
-1.87743e-05
0.000154572
-1.93995e-05
0.000157431
-1.99977e-05
0.000160489
-2.05668e-05
0.000163761
-2.11043e-05
0.000167259
-2.16072e-05
0.000170996
-2.20722e-05
0.000174983
-2.24953e-05
0.000179227
-2.28719e-05
0.000183735
-2.31968e-05
0.000188507
-2.34641e-05
0.000193539
-2.36676e-05
0.000198817
-2.38004e-05
0.00020432
-2.38556e-05
0.000210012
-2.38268e-05
0.000215845
-2.37079e-05
0.000221754
-2.34946e-05
0.000227654
-2.31838e-05
0.000233441
-2.27752e-05
0.000238989
-2.22721e-05
0.000244151
-2.16819e-05
0.000248758
-2.10159e-05
0.000252625
-2.02898e-05
0.000255549
-1.95248e-05
0.00025732
-1.87473e-05
0.000257725
-1.79882e-05
0.000256553
-1.72824e-05
0.000253606
-1.66706e-05
0.000248706
-1.61912e-05
0.00024169
-1.58879e-05
0.000232445
-1.58054e-05
0.000220887
-1.59883e-05
0.000206979
-1.64805e-05
0.000190726
-1.73246e-05
0.000172185
-1.85616e-05
0.000151455
-2.02304e-05
0.00012868
-2.23673e-05
0.000104043
-2.50035e-05
7.77569e-05
-2.8165e-05
5.00597e-05
-3.18819e-05
2.12146e-05
-3.61635e-05
-8.54609e-06
-4.10087e-05
-3.89045e-05
-4.64322e-05
-6.9608e-05
-5.24453e-05
-0.00010052
-5.9072e-05
-0.000131568
-6.63462e-05
-0.000162785
-7.4271e-05
-0.000194355
-8.2826e-05
-0.000226531
-9.19608e-05
-0.000259634
-0.000101562
-0.000294048
-0.00011145
-0.000330116
-0.000121366
-0.000368095
-0.000130969
-0.000408043
-0.000139849
-0.000449749
-0.00014754
-0.000492658
-0.000153548
-0.000535819
-0.000157365
-0.000577879
-0.000158499
-0.00061707
-0.000156488
-0.000651225
-0.00015093
-0.000677785
-0.00014151
-0.000693804
-0.000128071
-0.000695949
-0.000110707
-0.000680567
-8.99227e-05
-0.000643871
-6.6811e-05
-0.000582387
-4.32407e-05
-0.00049377
-2.19349e-05
-0.000377995
-6.31112e-06
-0.000238537
-8.2387e-05
1.22515e-08
8.73195e-06
1.54797e-08
2.44193e-05
-1.4846e-08
3.84602e-05
-9.6354e-08
5.09757e-05
-2.40503e-07
6.20836e-05
-4.53411e-07
7.18997e-05
-7.37036e-07
8.05387e-05
-1.09014e-06
8.8113e-05
-1.5091e-06
9.47322e-05
-1.98867e-06
0.000100502
-2.52248e-06
0.000105525
-3.10358e-06
0.000109895
-3.72477e-06
0.000113704
-4.37887e-06
0.000117034
-5.05895e-06
0.000119962
-5.75843e-06
0.000122559
-6.4712e-06
0.000124888
-7.19163e-06
0.000127006
-7.91458e-06
0.000128964
-8.63543e-06
0.000130808
-9.34998e-06
0.000132578
-1.00545e-05
0.00013431
-1.07455e-05
0.000136035
-1.142e-05
0.00013778
-1.20751e-05
0.000139571
-1.27081e-05
0.00014143
-1.33166e-05
0.000143377
-1.3898e-05
0.000145429
-1.44501e-05
0.000147604
-1.49703e-05
0.000149918
-1.54561e-05
0.000152385
-1.59048e-05
0.000155021
-1.63135e-05
0.00015784
-1.6679e-05
0.000160855
-1.69976e-05
0.000164079
-1.72654e-05
0.000167527
-1.74777e-05
0.000171208
-1.76294e-05
0.000175134
-1.77149e-05
0.000179313
-1.77275e-05
0.000183748
-1.76603e-05
0.00018844
-1.75055e-05
0.000193384
-1.7255e-05
0.000198567
-1.69003e-05
0.000203965
-1.6433e-05
0.000209544
-1.5845e-05
0.000215257
-1.51299e-05
0.000221039
-1.42827e-05
0.000226807
-1.32999e-05
0.000232458
-1.21814e-05
0.000237871
-1.09316e-05
0.000242901
-9.5603e-06
0.000247387
-8.08064e-06
0.000251145
-6.51172e-06
0.00025398
-4.87893e-06
0.000255687
-3.21374e-06
0.00025606
-1.55362e-06
0.000254893
5.75017e-08
0.000251995
1.58142e-06
0.000247182
2.9615e-06
0.00024031
4.14543e-06
0.000231261
5.08014e-06
0.000219952
5.71198e-06
0.000206347
5.98789e-06
0.000190451
5.85637e-06
0.000172316
5.26822e-06
0.000152043
4.17682e-06
0.000129771
2.53794e-06
0.000105682
3.10797e-07
7.9984e-05
-2.53245e-06
5.29029e-05
-6.03451e-06
2.47167e-05
-1.02098e-05
-4.37083e-06
-1.50417e-05
-3.40725e-05
-2.05473e-05
-6.41025e-05
-2.67191e-05
-9.4348e-05
-3.35632e-05
-0.000124724
-4.11205e-05
-0.000155228
-4.93806e-05
-0.000186095
-5.83168e-05
-0.000217595
-6.7898e-05
-0.000250053
-7.80159e-05
-0.00028393
-8.8513e-05
-0.000319619
-9.91452e-05
-0.000357463
-0.000109593
-0.000397596
-0.000119461
-0.000439881
-0.0001283
-0.000483819
-0.000135626
-0.000528493
-0.000140942
-0.000572563
-0.000143759
-0.000614253
-0.00014361
-0.000651373
-0.000140069
-0.000681326
-0.000132777
-0.000701096
-0.000121496
-0.00070723
-0.000106208
-0.000695856
-8.72691e-05
-0.00066281
-6.5619e-05
-0.000604038
-4.30004e-05
-0.000516388
-2.21008e-05
-0.000398895
-6.45718e-06
-0.000254181
-8.88441e-05
1.72767e-08
8.71468e-06
3.39208e-08
2.44026e-05
2.42574e-08
3.84698e-05
-2.99223e-08
5.10299e-05
-1.40814e-07
6.21945e-05
-3.15221e-07
7.20741e-05
-5.55482e-07
8.0779e-05
-8.60666e-07
8.84182e-05
-1.22743e-06
9.5099e-05
-1.6507e-06
0.000100926
-2.12432e-06
0.000105998
-2.64144e-06
0.000110412
-3.19493e-06
0.000114257
-3.77763e-06
0.000117616
-4.38259e-06
0.000120567
-5.00313e-06
0.000123179
-5.633e-06
0.000125518
-6.26636e-06
0.000127639
-6.89784e-06
0.000129595
-7.52249e-06
0.000131433
-8.13576e-06
0.000133191
-8.73345e-06
0.000134907
-9.31168e-06
0.000136613
-9.8668e-06
0.000138335
-1.03954e-05
0.0001401
-1.08941e-05
0.000141929
-1.13597e-05
0.000143842
-1.17889e-05
0.000145858
-1.21785e-05
0.000147994
-1.2525e-05
0.000150264
-1.28249e-05
0.000152685
-1.30744e-05
0.000155271
-1.32694e-05
0.000158035
-1.34052e-05
0.000160991
-1.34771e-05
0.000164151
-1.34795e-05
0.000167529
-1.34063e-05
0.000171135
-1.32508e-05
0.000174979
-1.30055e-05
0.000179067
-1.26625e-05
0.000183405
-1.22128e-05
0.00018799
-1.16471e-05
0.000192818
-1.09557e-05
0.000197875
-1.01291e-05
0.000203138
-9.15696e-06
0.000208572
-8.03002e-06
0.00021413
-6.74167e-06
0.00021975
-5.28635e-06
0.000225352
-3.66014e-06
0.000230832
-1.86323e-06
0.000236074
1.00059e-07
0.000240938
2.21805e-06
0.000245269
4.47453e-06
0.000248889
6.84688e-06
0.000251607
9.30596e-06
0.000253228
1.18159e-05
0.00025355
1.43347e-05
0.000252375
1.6815e-05
0.000249515
1.9199e-05
0.000244798
2.14311e-05
0.000238078
2.34507e-05
0.000229241
2.51951e-05
0.000218208
2.66016e-05
0.00020494
2.76084e-05
0.000189444
2.81556e-05
0.000171769
2.81867e-05
0.000152012
2.7649e-05
0.000130309
2.64943e-05
0.000106837
2.46774e-05
8.1801e-05
2.21454e-05
5.5435e-05
1.8879e-05
2.79831e-05
1.48334e-05
-3.25229e-07
1.00557e-05
-2.92948e-05
4.51559e-06
-5.85624e-05
-1.7834e-06
-8.8049e-05
-8.83768e-06
-0.00011767
-1.66483e-05
-0.000147417
-2.52049e-05
-0.000177538
-3.44702e-05
-0.00020833
-4.44379e-05
-0.000240085
-5.4982e-05
-0.000273386
-6.59781e-05
-0.000308623
-7.71936e-05
-0.000346247
-8.83321e-05
-0.000386457
-9.90207e-05
-0.000429192
-0.000108828
-0.000474011
-0.000117291
-0.00052003
-0.000123931
-0.000565923
-0.000128274
-0.000609911
-0.000129857
-0.00064979
-0.000128246
-0.000682937
-0.000123046
-0.000706296
-0.000113949
-0.000716327
-0.000100824
-0.00070898
-8.38786e-05
-0.000679756
-6.38804e-05
-0.000624036
-4.2419e-05
-0.00053785
-2.2108e-05
-0.000419206
-6.56546e-06
-0.000269723
-9.54096e-05
2.17373e-08
8.69294e-06
5.03573e-08
2.4374e-05
5.92565e-08
3.84609e-05
2.97618e-08
5.10594e-05
-5.05554e-08
6.22748e-05
-1.89026e-07
7.22126e-05
-3.88405e-07
8.09783e-05
-6.47959e-07
8.86777e-05
-9.64541e-07
9.54156e-05
-1.33329e-06
0.000101294
-1.74819e-06
0.000106413
-2.20255e-06
0.000110867
-2.68936e-06
0.000114744
-3.20151e-06
0.000118129
-3.73207e-06
0.000121098
-4.27431e-06
0.000123722
-4.82189e-06
0.000126065
-5.36882e-06
0.000128186
-5.90949e-06
0.000130136
-6.4387e-06
0.000131962
-6.95153e-06
0.000133704
-7.4434e-06
0.000135399
-7.90997e-06
0.000137079
-8.34706e-06
0.000138772
-8.75065e-06
0.000140504
-9.11676e-06
0.000142295
-9.44143e-06
0.000144167
-9.72065e-06
0.000146138
-9.95028e-06
0.000148223
-1.0126e-05
0.00015044
-1.02433e-05
0.000152803
-1.02972e-05
0.000155325
-1.02825e-05
0.00015802
-1.01935e-05
0.000160902
-1.00239e-05
0.000163982
-9.767e-06
0.000167272
-9.41525e-06
0.000170783
-8.96041e-06
0.000174524
-8.39365e-06
0.000178501
-7.7056e-06
0.000182717
-6.88571e-06
0.00018717
-5.92294e-06
0.000191855
-4.80691e-06
0.000196759
-3.52664e-06
0.000201858
-2.07054e-06
0.000207116
-4.28127e-07
0.000212487
1.40884e-06
0.000217913
3.44543e-06
0.000223315
5.68484e-06
0.000228593
8.12614e-06
0.000233632
1.07633e-05
0.0002383
1.35867e-05
0.000242446
1.65765e-05
0.000245899
1.97068e-05
0.000248477
2.29447e-05
0.00024999
2.625e-05
0.000250244
2.95752e-05
0.000249049
3.28662e-05
0.000246224
3.60614e-05
0.000241602
3.9096e-05
0.000235044
4.19015e-05
0.000226436
4.44071e-05
0.000215702
4.65418e-05
0.000202806
4.82354e-05
0.00018775
4.942e-05
0.000170585
5.00312e-05
0.000151401
5.00093e-05
0.000130331
4.92993e-05
0.000107547
4.78513e-05
8.3249e-05
4.56222e-05
5.7664e-05
4.25808e-05
3.10245e-05
3.87066e-05
3.54893e-06
3.39717e-05
-2.456e-05
2.8428e-05
-5.30187e-05
2.20669e-05
-8.16879e-05
1.48841e-05
-0.000110487
6.90709e-06
-0.00013944
-1.86901e-06
-0.000168762
-1.1426e-05
-0.000198773
-2.17138e-05
-0.000229797
-3.25951e-05
-0.000262504
-4.39886e-05
-0.000297229
-5.56538e-05
-0.000334582
-6.73289e-05
-0.000374782
-7.86638e-05
-0.000417857
-8.92515e-05
-0.000463424
-9.86603e-05
-0.000510621
-0.000106437
-0.000558146
-0.000112131
-0.000604216
-0.0001153
-0.000646621
-0.00011551
-0.000682727
-0.000112345
-0.000709462
-0.000105436
-0.000723236
-9.45465e-05
-0.000719869
-7.97305e-05
-0.000694572
-6.15699e-05
-0.000642196
-4.14733e-05
-0.000557946
-2.19416e-05
-0.000438737
-6.63113e-06
-0.000285034
-0.000102041
2.55385e-08
8.6674e-06
6.44794e-08
2.43351e-05
8.96092e-08
3.84358e-05
8.1883e-08
5.10671e-05
2.89447e-08
6.23277e-05
-7.65619e-08
7.23181e-05
-2.37819e-07
8.11396e-05
-4.54292e-07
8.88942e-05
-7.22957e-07
9.56842e-05
-1.03912e-06
0.000101611
-1.39695e-06
0.000106771
-1.78994e-06
0.00011126
-2.21122e-06
0.000115165
-2.65381e-06
0.000118571
-3.11083e-06
0.000121555
-3.5756e-06
0.000124186
-4.0417e-06
0.000126531
-4.50303e-06
0.000128647
-4.95384e-06
0.000130587
-5.38865e-06
0.000132397
-5.80226e-06
0.000134118
-6.18972e-06
0.000135787
-6.54624e-06
0.000137436
-6.86716e-06
0.000139093
-7.14788e-06
0.000140784
-7.3838e-06
0.000142531
-7.57029e-06
0.000144354
-7.70256e-06
0.00014627
-7.77568e-06
0.000148297
-7.78444e-06
0.000150449
-7.72333e-06
0.000152741
-7.58647e-06
0.000155188
-7.36754e-06
0.000157801
-7.05969e-06
0.000160594
-6.65547e-06
0.000163578
-6.14691e-06
0.000166764
-5.52532e-06
0.000170162
-4.78099e-06
0.00017378
-3.90383e-06
0.000177623
-2.88343e-06
0.000181696
-1.70778e-06
0.000185995
-3.6438e-07
0.000190512
1.15897e-06
0.000195236
2.87372e-06
0.000200143
4.7916e-06
0.000205198
6.92314e-06
0.000210356
9.27852e-06
0.000215558
1.18644e-05
0.000220729
1.46826e-05
0.000225775
1.77313e-05
0.000230584
2.10038e-05
0.000235028
2.44881e-05
0.000238962
2.81635e-05
0.000242223
3.20016e-05
0.000244639
3.5966e-05
0.000246025
4.00123e-05
0.000246198
4.40883e-05
0.000244973
4.81341e-05
0.000242178
5.20832e-05
0.000237653
5.58636e-05
0.000231263
5.93997e-05
0.0002229
6.26132e-05
0.000212489
6.54253e-05
0.000199993
6.77579e-05
0.000185418
6.95354e-05
0.000168807
7.06861e-05
0.00015025
7.11435e-05
0.000129874
7.08472e-05
0.000107843
6.97444e-05
8.43519e-05
6.77915e-05
5.96168e-05
6.49549e-05
3.38611e-05
6.12083e-05
7.29556e-06
5.65443e-05
-1.9896e-05
5.0993e-05
-4.74674e-05
4.45707e-05
-7.52656e-05
3.73014e-05
-0.000103217
2.9223e-05
-0.000131362
2.03417e-05
-0.000159881
1.064e-05
-0.000189071
1.78882e-07
-0.000219336
-1.09656e-05
-0.00025136
-2.26457e-05
-0.000285549
-3.46269e-05
-0.000322601
-4.6686e-05
-0.000362723
-5.84919e-05
-0.000406052
-6.96662e-05
-0.000452249
-7.982e-05
-0.000500467
-8.8534e-05
-0.000549432
-9.53945e-05
-0.000597356
-9.99863e-05
-0.000642029
-0.000101893
-0.00068082
-0.000100687
-0.000710667
-9.59545e-05
-0.000727969
-8.73583e-05
-0.000728466
-7.47976e-05
-0.000707133
-5.86565e-05
-0.000658337
-4.01361e-05
-0.000576467
-2.15845e-05
-0.000457289
-6.64848e-06
-0.00029997
-0.000108689
2.85739e-08
8.63883e-06
7.59209e-08
2.42877e-05
1.14591e-07
3.83971e-05
1.25519e-07
5.10562e-05
9.64103e-08
6.23568e-05
2.03522e-08
7.23942e-05
-1.05863e-07
8.12658e-05
-2.82025e-07
8.90703e-05
-5.05226e-07
9.59074e-05
-7.70902e-07
0.000101876
-1.07343e-06
0.000107074
-1.40651e-06
0.000111593
-1.7635e-06
0.000115522
-2.1376e-06
0.000118945
-2.52205e-06
0.000121939
-2.91026e-06
0.000124575
-3.29583e-06
0.000126917
-3.6726e-06
0.000129024
-4.03469e-06
0.000130949
-4.37643e-06
0.000132738
-4.69237e-06
0.000134434
-4.9772e-06
0.000136072
-5.22573e-06
0.000137684
-5.43283e-06
0.0001393
-5.59337e-06
0.000140945
-5.70216e-06
0.00014264
-5.75388e-06
0.000144405
-5.74304e-06
0.000146259
-5.66391e-06
0.000148217
-5.51046e-06
0.000150295
-5.27629e-06
0.000152507
-4.95453e-06
0.000154866
-4.53793e-06
0.000157384
-4.01857e-06
0.000160074
-3.38782e-06
0.000162947
-2.63677e-06
0.000166013
-1.7556e-06
0.000169281
-7.33273e-07
0.000172757
4.41902e-07
0.000176448
1.78096e-06
0.000180357
3.29684e-06
0.000184479
5.00237e-06
0.000188807
6.91164e-06
0.000193327
9.03805e-06
0.000198017
1.1393e-05
0.000202843
1.39876e-05
0.000207761
1.68318e-05
0.000212714
1.99325e-05
0.000217628
2.3292e-05
0.000222415
2.69078e-05
0.000226968
3.07721e-05
0.000231163
3.48709e-05
0.000234863
3.9182e-05
0.000237912
4.36749e-05
0.000240146
4.83104e-05
0.00024139
5.30404e-05
0.000241468
5.78083e-05
0.000240206
6.25496e-05
0.000237437
6.71925e-05
0.00023301
7.16592e-05
0.000226796
7.58678e-05
0.000218691
7.97331e-05
0.000208623
8.31694e-05
0.000196557
8.60916e-05
0.000182495
8.84171e-05
0.000166482
9.00677e-05
0.000148599
9.09711e-05
0.00012897
9.10623e-05
0.000107752
9.02851e-05
8.51291e-05
8.85935e-05
6.13084e-05
8.59525e-05
3.65022e-05
8.23378e-05
1.09102e-05
7.77459e-05
-1.5304e-05
7.22014e-05
-4.19229e-05
6.5734e-05
-6.87982e-05
5.83822e-05
-9.58657e-05
5.01902e-05
-0.00012317
4.11919e-05
-0.000150882
3.14233e-05
-0.000179303
2.09538e-05
-0.000208866
9.75842e-06
-0.000240164
-2.00905e-06
-0.000273782
-1.41824e-05
-0.000310427
-2.64628e-05
-0.000350443
-3.85649e-05
-0.000393949
-5.0127e-05
-0.000440687
-6.08216e-05
-0.000489773
-7.02663e-05
-0.000539987
-7.80979e-05
-0.000589524
-8.394e-05
-0.000636187
-8.74069e-05
-0.000677353
-8.80727e-05
-0.000710002
-8.54898e-05
-0.000730552
-7.92316e-05
-0.000734724
-6.90443e-05
-0.00071732
-5.51029e-05
-0.000672279
-3.83755e-05
-0.000593194
-2.10161e-05
-0.000474648
-6.61058e-06
-0.000314376
-0.0001153
3.07241e-08
8.6081e-06
8.42699e-08
2.42342e-05
1.33401e-07
3.8348e-05
1.59428e-07
5.10301e-05
1.50464e-07
6.23658e-05
9.99249e-08
7.24447e-05
5.26815e-09
8.13605e-05
-1.33571e-07
8.92092e-05
-3.13891e-07
9.60878e-05
-5.31261e-07
0.000102094
-7.80287e-07
0.000107323
-1.05495e-06
0.000111868
-1.34889e-06
0.000115816
-1.65557e-06
0.000119252
-1.96844e-06
0.000122252
-2.28107e-06
0.000124887
-2.58713e-06
0.000127223
-2.88049e-06
0.000129317
-3.15519e-06
0.000131224
-3.40542e-06
0.000132989
-3.6255e-06
0.000134654
-3.80981e-06
0.000136256
-3.95282e-06
0.000137827
-4.04892e-06
0.000139397
-4.0925e-06
0.000140988
-4.07777e-06
0.000142625
-3.99881e-06
0.000144326
-3.84941e-06
0.00014611
-3.62311e-06
0.000147991
-3.3131e-06
0.000149985
-2.9121e-06
0.000152106
-2.41237e-06
0.000154366
-1.80575e-06
0.000156778
-1.08339e-06
0.000159352
-2.35574e-07
0.000162099
7.47924e-07
0.000165029
1.87762e-06
0.000168151
3.1651e-06
0.00017147
4.62273e-06
0.000174991
6.26461e-06
0.000178715
8.10333e-06
0.00018264
1.01526e-05
0.000186757
1.2427e-05
0.000191052
1.49405e-05
0.000195503
1.77058e-05
0.000200078
2.07341e-05
0.000204733
2.4035e-05
0.000209413
2.76153e-05
0.000214048
3.14772e-05
0.000218553
3.5618e-05
0.000222827
4.00286e-05
0.000226753
4.46934e-05
0.000230198
4.95888e-05
0.000233017
5.46821e-05
0.000235053
5.99315e-05
0.000236141
6.52859e-05
0.000236114
7.06852e-05
0.000234806
7.60607e-05
0.000232061
8.13359e-05
0.000227735
8.64281e-05
0.000221704
9.12496e-05
0.00021387
9.57098e-05
0.000204163
9.97166e-05
0.00019255
0.000103179
0.000179033
0.000106008
0.000163652
0.000108121
0.000146487
0.000109439
0.000127652
0.000109894
0.000107296
0.000109428
8.5596e-05
0.00010799
6.27456e-05
0.000105547
3.89458e-05
0.000102074
1.43827e-05
9.75691e-05
-1.07989e-05
9.20561e-05
-3.64099e-05
8.55701e-05
-6.23122e-05
7.81582e-05
-8.84537e-05
6.98759e-05
-0.000114887
6.07816e-05
-0.000141788
5.09405e-05
-0.000169462
4.04276e-05
-0.000198353
2.93019e-05
-0.000229039
1.76731e-05
-0.000262153
5.59694e-06
-0.000298351
-6.68235e-06
-0.000338163
-1.88973e-05
-0.000381735
-3.06446e-05
-0.00042894
-4.16766e-05
-0.000478741
-5.16404e-05
-0.000530024
-6.02441e-05
-0.00058092
-6.71573e-05
-0.000629274
-7.20396e-05
-0.000672471
-7.44791e-05
-0.000707562
-7.40101e-05
-0.000731021
-7.0126e-05
-0.000738608
-6.24244e-05
-0.000725022
-5.08631e-05
-0.00068384
-3.61528e-05
-0.000607904
-2.02119e-05
-0.000490589
-6.50893e-06
-0.000328078
-0.000121809
3.18491e-08
8.57625e-06
8.90573e-08
2.4177e-05
1.45143e-07
3.82919e-05
1.82268e-07
5.0993e-05
1.89335e-07
6.23587e-05
1.60389e-07
7.24737e-05
9.32772e-08
8.14276e-05
-1.14139e-08
8.93139e-05
-1.51421e-07
9.62278e-05
-3.22642e-07
0.000102265
-5.19917e-07
0.00010752
-7.37575e-07
0.000112085
-9.69615e-07
0.000116048
-1.20986e-06
0.000119492
-1.45208e-06
0.000122494
-1.69006e-06
0.000125125
-1.91765e-06
0.00012745
-2.12881e-06
0.000129529
-2.31755e-06
0.000131412
-2.47798e-06
0.000133149
-2.60423e-06
0.00013478
-2.69045e-06
0.000136342
-2.73072e-06
0.000137868
-2.71907e-06
0.000139385
-2.64936e-06
0.000140919
-2.5153e-06
0.000142491
-2.31034e-06
0.000144121
-2.02761e-06
0.000145827
-1.65994e-06
0.000147623
-1.19982e-06
0.000149525
-6.39113e-07
0.000151546
3.09419e-08
0.000153696
8.19039e-07
0.00015599
1.73508e-06
0.000158436
2.78932e-06
0.000161045
3.99313e-06
0.000163825
5.35852e-06
0.000166786
6.89757e-06
0.000169931
8.6235e-06
0.000173265
1.05507e-05
0.000176788
1.26932e-05
0.000180498
1.50655e-05
0.000184385
1.76822e-05
0.000188436
2.05578e-05
0.000192628
2.37055e-05
0.00019693
2.71368e-05
0.000201302
3.0861e-05
0.000205689
3.48845e-05
0.000210025
3.92093e-05
0.000214229
4.38319e-05
0.000218205
4.87425e-05
0.000221842
5.39241e-05
0.000225016
5.93514e-05
0.00022759
6.49899e-05
0.000229414
7.07957e-05
0.000230335
7.67151e-05
0.000230194
8.26848e-05
0.000228837
8.86327e-05
0.000226113
9.44784e-05
0.000221889
0.000100135
0.000216048
0.00010551
0.000208494
0.000110509
0.000199165
0.000115033
0.000188026
0.000118987
0.000175079
0.000122277
0.000160362
0.000124815
0.000143949
0.00012652
0.000125947
0.00012732
0.000106497
0.000127152
8.5764e-05
0.000125967
6.39305e-05
0.000123728
4.11845e-05
0.000120413
1.76977e-05
0.000116018
-6.40372e-06
0.000110569
-3.09608e-05
0.000104103
-5.5846e-05
9.66731e-05
-8.10242e-05
8.83477e-05
-0.000106562
7.92025e-05
-0.000132643
6.93233e-05
-0.000159582
5.88053e-05
-0.000187835
4.77486e-05
-0.000217982
3.62702e-05
-0.000250675
2.44868e-05
-0.000286568
1.25111e-05
-0.000326188
5.21411e-07
-0.000369745
-1.12032e-05
-0.000417215
-2.23503e-05
-0.000467594
-3.26185e-05
-0.000519755
-4.17985e-05
-0.00057174
-4.96019e-05
-0.000621471
-5.57541e-05
-0.000666318
-5.98643e-05
-0.000703452
-6.14667e-05
-0.000729419
-5.99866e-05
-0.000740088
-5.48803e-05
-0.000730128
-4.58822e-05
-0.000692838
-3.34226e-05
-0.000620364
-1.91425e-05
-0.000504869
-6.33297e-06
-0.000340888
-0.000128142
3.17838e-08
8.54447e-06
8.9744e-08
2.4119e-05
1.48814e-07
3.82328e-05
1.92578e-07
5.09493e-05
2.11179e-07
6.23401e-05
1.99613e-07
7.24852e-05
1.56348e-07
8.14708e-05
8.2299e-08
8.93879e-05
-2.00787e-08
9.63301e-05
-1.47156e-07
0.000102392
-2.94247e-07
0.000107667
-4.56098e-07
0.000112247
-6.27185e-07
0.000116219
-8.01793e-07
0.000119667
-9.74101e-07
0.000122666
-1.13824e-06
0.000125289
-1.28831e-06
0.0001276
-1.41843e-06
0.000129659
-1.52268e-06
0.000131517
-1.59511e-06
0.000133221
-1.62973e-06
0.000134815
-1.62046e-06
0.000136333
-1.5611e-06
0.000137808
-1.44526e-06
0.000139269
-1.26637e-06
0.00014074
-1.01762e-06
0.000142242
-6.91905e-07
0.000143796
-2.81696e-07
0.000145417
2.20941e-07
0.000147121
8.24133e-07
0.000148922
1.5367e-06
0.000150833
2.36786e-06
0.000152865
3.32796e-06
0.00015503
4.42732e-06
0.000157337
5.67701e-06
0.000159795
7.08906e-06
0.000162413
8.67629e-06
0.000165198
1.04518e-05
0.000168155
1.24296e-05
0.000171287
1.46243e-05
0.000174593
1.70508e-05
0.000178071
1.97242e-05
0.000181712
2.26595e-05
0.0001855
2.58712e-05
0.000189416
2.93726e-05
0.000193429
3.31755e-05
0.000197499
3.7289e-05
0.000201575
4.17188e-05
0.000205595
4.64665e-05
0.000209481
5.15278e-05
0.000213143
5.68921e-05
0.000216478
6.25412e-05
0.000219367
6.84483e-05
0.000221683
7.45773e-05
0.000223285
8.08825e-05
0.00022403
8.73078e-05
0.000223769
9.37877e-05
0.000222357
0.000100247
0.000219654
0.000106603
0.000215534
0.000112764
0.000209886
0.000118635
0.000202623
0.000124117
0.000193684
0.000129107
0.000183035
0.000133506
0.00017068
0.000137217
0.000156651
0.000140147
0.000141018
0.000142213
0.000123882
0.000143338
0.000105372
0.000143461
8.56415e-05
0.00014253
6.48614e-05
0.000140508
4.32061e-05
0.000137373
2.08334e-05
0.000133116
-2.147e-06
0.00012777
-2.56153e-05
0.000121371
-4.94464e-05
0.000113979
-7.36328e-05
0.000105674
-9.82572e-05
9.65475e-05
-0.000123516
8.67023e-05
-0.000149737
7.62544e-05
-0.000177388
6.53281e-05
-0.000207056
5.4058e-05
-0.000239404
4.25794e-05
-0.000275089
3.10227e-05
-0.000314631
1.95472e-05
-0.000358269
8.19549e-06
-0.000405864
-2.75975e-06
-0.000456639
-1.31308e-05
-0.000509384
-2.26834e-05
-0.000562188
-3.12008e-05
-0.000612953
-3.84845e-05
-0.000659035
-4.41624e-05
-0.000697774
-4.77924e-05
-0.000725789
-4.87437e-05
-0.000739137
-4.63419e-05
-0.00073253
-4.00948e-05
-0.000699085
-3.01314e-05
-0.000630328
-1.77731e-05
-0.000517228
-6.06969e-06
-0.000352591
-0.000134211
3.03326e-08
8.51414e-06
8.57128e-08
2.40636e-05
1.43298e-07
3.81752e-05
1.8878e-07
5.09038e-05
2.14071e-07
6.23148e-05
2.15473e-07
7.24838e-05
1.9227e-07
8.1494e-05
1.4573e-07
8.94345e-05
7.84258e-08
9.63974e-05
-6.32155e-09
0.000102477
-1.04459e-07
0.000107765
-2.11341e-07
0.000112354
-3.22057e-07
0.00011633
-4.31476e-07
0.000119776
-5.34315e-07
0.000122769
-6.25152e-07
0.00012538
-6.9845e-07
0.000127674
-7.48551e-07
0.000129709
-7.69673e-07
0.000131538
-7.55898e-07
0.000133208
-7.0113e-07
0.00013476
-5.99128e-07
0.000136231
-4.43406e-07
0.000137653
-2.27225e-07
0.000139053
5.6463e-08
0.000140456
4.14876e-07
0.000141884
8.55737e-07
0.000143355
1.38708e-06
0.000144885
2.0174e-06
0.00014649
2.75587e-06
0.000148184
3.61182e-06
0.000149977
4.59528e-06
0.000151882
5.71704e-06
0.000153908
6.98843e-06
0.000156065
8.42133e-06
0.000158362
1.00284e-05
0.000160806
1.1823e-05
0.000163404
1.38192e-05
0.000166159
1.60315e-05
0.000169075
1.84749e-05
0.00017215
2.11649e-05
0.000175381
2.4117e-05
0.00017876
2.73462e-05
0.000182271
3.08673e-05
0.000185895
3.46936e-05
0.000189602
3.88366e-05
0.000193356
4.33051e-05
0.000197107
4.81043e-05
0.000200795
5.3235e-05
0.00020435
5.86924e-05
0.000207686
6.44648e-05
0.000210705
7.0533e-05
0.000213299
7.68688e-05
0.000215347
8.34348e-05
0.000216719
9.01837e-05
0.000217281
9.70579e-05
0.000216895
0.00010399
0.000215425
0.000110902
0.000212742
0.000117709
0.000208727
0.000124317
0.000203278
0.000130629
0.000196312
0.000136541
0.000187772
0.000141949
0.000177627
0.00014675
0.000165879
0.000150844
0.000152558
0.000154135
0.000137727
0.000156538
0.000121479
0.000157975
0.000103934
0.000158383
8.5234e-05
0.00015771
6.55339e-05
0.000155922
4.49939e-05
0.000152997
2.37589e-05
0.000148918
1.93162e-06
0.000143714
-2.04106e-05
0.000137433
-4.3166e-05
0.000130147
-6.6346e-05
0.000121941
-9.00514e-05
0.000112921
-0.000114496
0.000103208
-0.000140024
9.2937e-05
-0.000167116
8.22517e-05
-0.00019637
7.13011e-05
-0.000228454
6.02295e-05
-0.000264018
4.9169e-05
-0.000303571
3.82354e-05
-0.000347336
2.74908e-05
-0.000395119
1.70302e-05
-0.000446178
6.88632e-06
-0.000499241
-2.7794e-06
-0.000552522
-1.18542e-05
-0.000603879
-2.01326e-05
-0.000650756
-2.72792e-05
-0.000690627
-3.29003e-05
-0.000720168
-3.63117e-05
-0.000735725
-3.67255e-05
-0.000732116
-3.34252e-05
-0.000702385
-2.62174e-05
-0.000637535
-1.60628e-05
-0.000527382
-5.70305e-06
-0.000362951
-0.000139914
2.7266e-08
8.48687e-06
7.62669e-08
2.40146e-05
1.27379e-07
3.81241e-05
1.6923e-07
5.08619e-05
1.96105e-07
6.2288e-05
2.06003e-07
7.24739e-05
1.99221e-07
8.15008e-05
1.77431e-07
8.94562e-05
1.4313e-07
9.64317e-05
9.93544e-08
0.00010252
4.94918e-08
0.000107815
-2.72386e-09
0.000112406
-5.31105e-08
0.000116381
-9.72684e-08
0.00011982
-1.30595e-07
0.000122803
-1.48249e-07
0.000125398
-1.45145e-07
0.000127671
-1.15961e-07
0.00012968
-5.51117e-08
0.000131477
4.32672e-08
0.000133109
1.85214e-07
0.000134618
3.77203e-07
0.000136039
6.25949e-07
0.000137404
9.38493e-07
0.00013874
1.32221e-06
0.000140072
1.785e-06
0.000141421
2.33502e-06
0.000142805
2.98086e-06
0.00014424
3.73165e-06
0.00014574
4.5971e-06
0.000147318
5.58736e-06
0.000148987
6.71314e-06
0.000150756
7.98585e-06
0.000152635
9.41751e-06
0.000154634
1.10207e-05
0.000156759
1.28088e-05
0.000159018
1.47958e-05
0.000161417
1.69961e-05
0.000163959
1.94249e-05
0.000166646
2.20977e-05
0.000169477
2.50302e-05
0.000172449
2.82379e-05
0.000175552
3.17364e-05
0.000178773
3.55401e-05
0.000182091
3.96621e-05
0.00018548
4.41137e-05
0.000188904
4.89033e-05
0.000192317
5.40355e-05
0.000195663
5.95103e-05
0.000198875
6.5322e-05
0.000201874
7.14582e-05
0.000204569
7.78985e-05
0.000206859
8.46138e-05
0.000208631
9.15655e-05
0.000209767
9.8705e-05
0.000210141
0.000105973
0.000209626
0.000113301
0.000208097
0.000120611
0.000205433
0.000127814
0.000201524
0.000134815
0.000196276
0.000141515
0.000189612
0.000147809
0.000181478
0.00015359
0.000171846
0.000158753
0.000160716
0.000163196
0.000148115
0.000166821
0.000134101
0.000169542
0.000118759
0.000171279
0.000102197
0.000171969
8.45443e-05
0.00017156
6.59424e-05
0.000170019
4.6535e-05
0.000167325
2.64528e-05
0.000163465
5.79167e-06
0.000158461
-1.54059e-05
0.00015237
-3.70753e-05
0.00014527
-5.92458e-05
0.000137258
-8.20393e-05
0.000128453
-0.000105691
0.000118994
-0.000130565
0.000109033
-0.000157156
9.87336e-05
-0.00018607
8.8254e-05
-0.000217974
7.77407e-05
-0.000253504
6.73125e-05
-0.000293142
5.70498e-05
-0.000337073
4.69833e-05
-0.000385052
3.71154e-05
-0.00043631
2.7422e-05
-0.000489547
1.78916e-05
-0.000542992
8.52357e-06
-0.00059451
-5.28305e-07
-0.000641704
-9.09677e-06
-0.000682059
-1.66837e-05
-0.000712581
-2.25874e-05
-0.000729822
-2.59351e-05
-0.000728768
-2.57876e-05
-0.000702533
-2.16103e-05
-0.000641713
-1.39643e-05
-0.000535028
-5.21339e-06
-0.000371702
-0.000145128
2.23201e-08
8.46455e-06
6.0641e-08
2.39763e-05
9.97901e-08
3.8085e-05
1.32312e-07
5.08294e-05
1.55564e-07
6.22647e-05
1.69647e-07
7.24598e-05
1.76037e-07
8.14944e-05
1.76813e-07
8.94555e-05
1.74289e-07
9.64343e-05
1.70903e-07
0.000102524
1.69276e-07
0.000107817
1.72284e-07
0.000112403
1.83051e-07
0.00011637
2.05012e-07
0.000119798
2.41956e-07
0.000122766
2.9802e-07
0.000125342
3.77706e-07
0.000127591
4.85926e-07
0.000129571
6.27975e-07
0.000131335
8.09544e-07
0.000132928
1.03679e-06
0.000134391
1.31621e-06
0.000135759
1.65474e-06
0.000137065
2.05974e-06
0.000138335
2.53897e-06
0.000139593
3.10073e-06
0.000140859
3.75373e-06
0.000142152
4.50716e-06
0.000143486
5.37071e-06
0.000144876
6.35468e-06
0.000146334
7.46988e-06
0.000147872
8.72769e-06
0.000149498
1.01402e-05
0.000151223
1.17199e-05
0.000153054
1.34802e-05
0.000154999
1.54349e-05
0.000157063
1.75986e-05
0.000159253
1.99862e-05
0.000161571
2.26133e-05
0.000164019
2.54957e-05
0.000166595
2.86492e-05
0.000169295
3.20897e-05
0.000172111
3.58325e-05
0.00017503
3.98919e-05
0.000178032
4.42809e-05
0.000181091
4.90102e-05
0.000184175
5.40876e-05
0.00018724
5.95172e-05
0.000190234
6.52982e-05
0.000193094
7.14241e-05
0.000195748
7.78816e-05
0.000198112
8.46494e-05
0.000200091
9.16974e-05
0.000201583
9.89862e-05
0.000202478
0.000106466
0.000202661
0.000114078
0.000202015
0.00012175
0.000200424
0.000129405
0.000197778
0.000136952
0.000193976
0.000144298
0.000188931
0.000151339
0.000182571
0.00015797
0.000174847
0.000164083
0.000165733
0.000169573
0.000155226
0.000174335
0.000143353
0.000178273
0.000130164
0.000181296
0.000115735
0.000183328
0.000100166
0.000184302
8.35702e-05
0.000184168
6.60756e-05
0.000182894
4.78093e-05
0.00018046
2.88865e-05
0.000176864
9.38827e-06
0.000172125
-1.06671e-05
0.000166304
-3.12542e-05
0.000159485
-5.24265e-05
0.000151776
-7.43312e-05
0.000143314
-9.72288e-05
0.000134253
-0.000121504
0.000124765
-0.000147668
0.000115024
-0.00017633
0.000105198
-0.000208149
9.54274e-05
-0.000243733
8.58076e-05
-0.000283523
7.63779e-05
-0.000327643
6.71139e-05
-0.000375788
5.79413e-05
-0.000427138
4.87533e-05
-0.000480359
3.94393e-05
-0.000533678
2.99225e-05
-0.000584994
2.0223e-05
-0.000632005
1.04553e-05
-0.000672291
1.02628e-06
-0.000703152
-7.44319e-06
-0.000721352
-1.38706e-05
-0.000722341
-1.70883e-05
-0.000699315
-1.62335e-05
-0.000642568
-1.14248e-05
-0.000539837
-4.57702e-06
-0.00037855
-0.000149705
1.51994e-08
8.44935e-06
3.80324e-08
2.39535e-05
5.93058e-08
3.80637e-05
7.66381e-08
5.08121e-05
9.12297e-08
6.22501e-05
1.05683e-07
7.24454e-05
1.22763e-07
8.14774e-05
1.44881e-07
8.94334e-05
1.73993e-07
9.64052e-05
2.11709e-07
0.000102486
2.59641e-07
0.000107769
3.19519e-07
0.000112343
3.93299e-07
0.000116296
4.83296e-07
0.000119708
5.92273e-07
0.000122657
7.23504e-07
0.000125211
8.80811e-07
0.000127434
1.06857e-06
0.000129384
1.29174e-06
0.000131112
1.55583e-06
0.000132664
1.86691e-06
0.00013408
2.23159e-06
0.000135395
2.65699e-06
0.00013664
3.15077e-06
0.000137842
3.72109e-06
0.000139023
4.37663e-06
0.000140204
5.12663e-06
0.000141402
5.98081e-06
0.000142632
6.94946e-06
0.000143907
8.04343e-06
0.00014524
9.27417e-06
0.000146641
1.06537e-05
0.000148118
1.21946e-05
0.000149682
1.39101e-05
0.000151338
1.58141e-05
0.000153095
1.79209e-05
0.000154957
2.02456e-05
0.000156928
2.28035e-05
0.000159013
2.56105e-05
0.000161212
2.86826e-05
0.000163523
3.20359e-05
0.000165942
3.56862e-05
0.000168461
3.96487e-05
0.000171067
4.39375e-05
0.000173743
4.85652e-05
0.000176464
5.3542e-05
0.000179198
5.88751e-05
0.000181907
6.4568e-05
0.000184541
7.0619e-05
0.000187043
7.7021e-05
0.000189346
8.37596e-05
0.000191373
9.08129e-05
0.000193038
9.815e-05
0.000194246
0.000105731
0.000194898
0.000113505
0.000194887
0.000121412
0.000194108
0.000129382
0.000192454
0.000137335
0.000189825
0.000145182
0.00018613
0.000152826
0.000181286
0.000160166
0.000175231
0.000167096
0.000167917
0.000173508
0.000159321
0.000179295
0.000149439
0.000184354
0.000138294
0.000188587
0.000125931
0.000191905
0.000112417
0.00019423
9.78404e-05
0.000195498
8.23022e-05
0.00019566
6.59136e-05
0.000194684
4.87853e-05
0.000192555
3.10151e-05
0.000189277
1.26662e-05
0.000184875
-6.2646e-06
0.000179412
-2.57917e-05
0.000172982
-4.5996e-05
0.000165706
-6.70553e-05
0.000157735
-8.92581e-05
0.000149243
-0.000113012
0.000140415
-0.00013884
0.000131438
-0.000167353
0.000122477
-0.000199187
0.000113657
-0.000234914
0.000105042
-0.000274908
9.66187e-05
-0.00031922
8.82968e-05
-0.000367466
7.99217e-05
-0.000418762
7.13016e-05
-0.000471739
6.2243e-05
-0.000524619
5.2592e-05
-0.000575343
4.22798e-05
-0.000621693
3.1361e-05
-0.000661372
2.0132e-05
-0.000691923
9.20689e-06
-0.000710427
-3.61427e-07
-0.000712772
-7.22343e-06
-0.000692453
-1.00165e-05
-0.000639775
-8.39301e-06
-0.00054146
-3.76822e-06
-0.000383175
-0.000153473
5.61849e-09
8.44373e-06
7.66654e-09
2.39514e-05
4.95095e-09
3.80664e-05
1.5371e-09
5.08155e-05
3.10918e-09
6.22485e-05
1.50593e-08
7.24334e-05
4.15417e-08
8.14509e-05
8.51867e-08
8.93897e-05
1.47424e-07
9.63429e-05
2.28607e-07
0.000102405
3.29112e-07
0.000107668
4.49261e-07
0.000112223
5.89588e-07
0.000116156
7.5106e-07
0.000119547
9.35243e-07
0.000122473
1.1444e-06
0.000125001
1.38154e-06
0.000127197
1.65044e-06
0.000129115
1.95564e-06
0.000130806
2.30242e-06
0.000132317
2.69676e-06
0.000133685
3.14533e-06
0.000134946
3.65544e-06
0.00013613
4.23502e-06
0.000137262
4.89259e-06
0.000138365
5.63729e-06
0.000139459
6.47881e-06
0.00014056
7.42742e-06
0.000141683
8.49395e-06
0.000142841
9.68984e-06
0.000144044
1.10271e-05
0.000145304
1.25183e-05
0.000146627
1.41767e-05
0.000148023
1.60159e-05
0.000149499
1.80505e-05
0.00015106
2.02952e-05
0.000152712
2.27654e-05
0.000154458
2.54769e-05
0.000156302
2.84458e-05
0.000158243
3.16883e-05
0.00016028
3.52206e-05
0.00016241
3.90583e-05
0.000164623
4.32165e-05
0.000166909
4.77092e-05
0.00016925
5.25483e-05
0.000171625
5.77437e-05
0.000174003
6.33019e-05
0.000176348
6.92257e-05
0.000178617
7.55128e-05
0.000180756
8.2155e-05
0.000182704
8.91375e-05
0.000184391
9.64376e-05
0.000185738
0.000104024
0.00018666
0.000111856
0.000187066
0.000119883
0.00018686
0.000128044
0.000185946
0.00013627
0.000184228
0.000144479
0.000181616
0.000152585
0.000178024
0.00016049
0.000173381
0.000168094
0.000167627
0.000175291
0.00016072
0.000181974
0.000152638
0.000188037
0.000143376
0.000193377
0.000132954
0.000197896
0.000121411
0.000201509
0.000108805
0.000204137
9.52123e-05
0.000205718
8.0721e-05
0.000206206
6.54259e-05
0.000205571
4.94198e-05
0.000203805
3.27817e-05
0.000200916
1.55553e-05
0.000196935
-2.28388e-06
0.000191937
-2.07936e-05
0.000186023
-4.0082e-05
0.000179331
-6.03636e-05
0.000172029
-8.19565e-05
0.000164307
-0.000105289
0.000156361
-0.000130894
0.00014838
-0.000159372
0.00014052
-0.000191327
0.000132878
-0.000227272
0.000125473
-0.000267502
0.000118229
-0.000311976
0.000110977
-0.000360215
0.000103482
-0.000411267
9.5467e-05
-0.000463724
8.66616e-05
-0.000515814
7.68415e-05
-0.000565522
6.58734e-05
-0.000610724
5.37632e-05
-0.000649262
4.07361e-05
-0.000678896
2.73306e-05
-0.000697022
1.45323e-05
-0.000699974
3.90136e-06
-0.000681822
-2.89891e-06
-0.000632974
-4.8271e-06
-0.000539532
-2.76735e-06
-0.000385234
-0.00015624
-6.8877e-09
8.45062e-06
-3.10843e-08
2.39756e-05
-6.3801e-08
3.80991e-05
-9.30988e-08
5.08448e-05
-1.07836e-07
6.22633e-05
-9.94808e-08
7.24251e-05
-6.26063e-08
8.1414e-05
5.43064e-09
8.93217e-05
1.04461e-07
9.62439e-05
2.33857e-07
0.000102276
3.92356e-07
0.00010751
5.78517e-07
0.000112037
7.91152e-07
0.000115943
1.02964e-06
0.000119309
1.29417e-06
0.000122208
1.58585e-06
0.00012471
1.90678e-06
0.000126876
2.26005e-06
0.000128761
2.64974e-06
0.000130417
3.08085e-06
0.000131886
3.55927e-06
0.000133207
4.09171e-06
0.000134414
4.68565e-06
0.000135536
5.3493e-06
0.000136598
6.09155e-06
0.000137623
6.92195e-06
0.000138629
7.85067e-06
0.000139632
8.88849e-06
0.000140645
1.00468e-05
0.000141683
1.13376e-05
0.000142754
1.27734e-05
0.000143868
1.43673e-05
0.000145033
1.61332e-05
0.000146258
1.80852e-05
0.000147547
2.02381e-05
0.000148907
2.26074e-05
0.000150343
2.52087e-05
0.000151857
2.80581e-05
0.000153452
3.11718e-05
0.000155129
3.45664e-05
0.000156886
3.82578e-05
0.000158718
4.22618e-05
0.000160619
4.65932e-05
0.000162578
5.12655e-05
0.000164578
5.62905e-05
0.0001666
6.16774e-05
0.000168616
6.74322e-05
0.000170594
7.3557e-05
0.000172492
8.00487e-05
0.000174264
8.68987e-05
0.000175854
9.40913e-05
0.000177198
0.000101604
0.000178226
0.000109403
0.00017886
0.00011745
0.000179019
0.000125694
0.000178617
0.000134073
0.000177567
0.000142519
0.000175783
0.000150951
0.000173183
0.000159283
0.000169692
0.00016742
0.000165244
0.000175261
0.000159786
0.000182702
0.000153279
0.000189638
0.000145702
0.000195964
0.00013705
0.000201579
0.000127339
0.000206389
0.000116601
0.000210307
0.000104887
0.000213259
9.22604e-05
0.000215185
7.87947e-05
0.000216042
6.45683e-05
0.000215807
4.96548e-05
0.000214477
3.41124e-05
0.000212068
1.79637e-05
0.000208619
1.16574e-06
0.000204212
-1.63867e-05
0.000198968
-3.48384e-05
0.000193044
-5.44396e-05
0.000186624
-7.5536e-05
0.000179907
-9.85733e-05
0.000173098
-0.000124085
0.000166376
-0.00015265
0.000159874
-0.000184825
0.000153648
-0.000221046
0.000147653
-0.000261508
0.00014174
-0.000306062
0.000135658
-0.000354133
0.000129084
-0.000404693
0.000121663
-0.000456303
0.000113054
-0.000507205
0.000102974
-0.000555442
9.12409e-05
-0.000598991
7.78202e-05
-0.000635842
6.28912e-05
-0.000663967
4.69448e-05
-0.000681075
3.09243e-05
-0.000683953
1.63592e-05
-0.000667257
5.2375e-06
-0.000621853
-7.38072e-07
-0.000533557
-1.57379e-06
-0.000384399
-0.000157814
-2.24565e-08
8.47308e-06
-7.84e-08
2.40316e-05
-1.46262e-07
3.8167e-05
-2.04719e-07
5.09032e-05
-2.36602e-07
6.22952e-05
-2.30221e-07
7.24187e-05
-1.79198e-07
8.1363e-05
-8.15283e-08
8.9224e-05
6.19234e-08
9.61004e-05
2.47825e-07
0.00010209
4.7312e-07
0.000107284
7.34262e-07
0.000111776
1.02803e-06
0.000115649
1.35198e-06
0.000118985
1.70476e-06
0.000121855
2.08618e-06
0.000124328
2.49736e-06
0.000126464
2.94065e-06
0.000128318
3.41962e-06
0.000129938
3.939e-06
0.000131366
4.50456e-06
0.000132641
5.12305e-06
0.000133795
5.80213e-06
0.000134857
6.55028e-06
0.00013585
7.37676e-06
0.000136797
8.29153e-06
0.000137714
9.30524e-06
0.000138618
1.04292e-05
0.000139522
1.16752e-05
0.000140437
1.30559e-05
0.000141373
1.45844e-05
0.000142339
1.62741e-05
0.000143343
1.81395e-05
0.000144392
2.01953e-05
0.000145491
2.24566e-05
0.000146646
2.49391e-05
0.00014786
2.7659e-05
0.000149137
3.06325e-05
0.000150479
3.38762e-05
0.000151885
3.74065e-05
0.000153355
4.12394e-05
0.000154885
4.53907e-05
0.000156468
4.98749e-05
0.000158093
5.47053e-05
0.000159748
5.98933e-05
0.000161412
6.54474e-05
0.000163062
7.13733e-05
0.000164668
7.76724e-05
0.000166193
8.43411e-05
0.000167596
9.13703e-05
0.000168825
9.87439e-05
0.000169824
0.000106438
0.000170531
0.000114422
0.000170876
0.000122654
0.000170787
0.000131084
0.000170187
0.000139653
0.000168998
0.000148291
0.000167145
0.000156921
0.000164553
0.000165456
0.000161157
0.000173804
0.000156897
0.000181865
0.000151724
0.000189539
0.000145605
0.000196722
0.000138519
0.000203312
0.00013046
0.000209211
0.00012144
0.000214326
0.000111486
0.000218576
0.000100638
0.000221889
8.89472e-05
0.00022421
7.64739e-05
0.0002255
6.32781e-05
0.000225742
4.94131e-05
0.00022494
3.49139e-05
0.000223125
1.97795e-05
0.000220343
3.94718e-06
0.000216691
-1.27342e-05
0.000212312
-3.046e-05
0.000207382
-4.95097e-05
0.000202098
-7.02514e-05
0.000196665
-9.31408e-05
0.000191281
-0.0001187
0.000186105
-0.000147473
0.000181227
-0.000179948
0.000176645
-0.000216463
0.000172238
-0.000257102
0.00016777
-0.000301594
0.000162902
-0.000349264
0.000157227
-0.000399018
0.000150319
-0.000449395
0.000141777
-0.000498663
0.000131273
-0.000544938
0.000118591
-0.00058631
0.000103672
-0.000620922
8.66677e-05
-0.000646962
6.80351e-05
-0.000662442
4.86797e-05
-0.000664598
3.01166e-05
-0.000648694
1.448e-05
-0.000606216
4.0327e-06
-0.000523109
-1.98612e-07
-0.000380167
-0.000158013
-4.13026e-08
8.51438e-06
-1.33815e-07
2.41241e-05
-2.40255e-07
3.82734e-05
-3.28379e-07
5.09914e-05
-3.74521e-07
6.23413e-05
-3.64031e-07
7.24082e-05
-2.90081e-07
8.1289e-05
-1.51796e-07
8.90857e-05
4.77099e-08
9.59009e-05
3.03062e-07
0.000101834
6.08584e-07
0.000106979
9.58112e-07
0.000111426
1.34606e-06
0.000115261
1.76797e-06
0.000118563
2.22077e-06
0.000121402
2.70292e-06
0.000123846
3.21449e-06
0.000125953
3.75705e-06
0.000127776
4.33369e-06
0.000129361
4.94882e-06
0.000130751
5.6081e-06
0.000131982
6.31836e-06
0.000133085
7.08742e-06
0.000134088
7.92406e-06
0.000135014
8.83789e-06
0.000135883
9.8393e-06
0.000136713
1.09394e-05
0.000137518
1.215e-05
0.000138311
1.34834e-05
0.000139103
1.49528e-05
0.000139904
1.65716e-05
0.000140721
1.8354e-05
0.000141561
2.03147e-05
0.000142431
2.24689e-05
0.000143337
2.48321e-05
0.000144283
2.74204e-05
0.000145272
3.02501e-05
0.000146307
3.33379e-05
0.000147391
3.67002e-05
0.000148523
4.03537e-05
0.000149702
4.43144e-05
0.000150925
4.85979e-05
0.000152184
5.32186e-05
0.000153473
5.81894e-05
0.000154777
6.35215e-05
0.00015608
6.9223e-05
0.00015736
7.52992e-05
0.000158592
8.17509e-05
0.000159742
8.85743e-05
0.000160772
9.57599e-05
0.000161639
0.000103291
0.000162293
0.000111145
0.000162677
0.00011929
0.000162732
0.000127685
0.000162392
0.000136281
0.00016159
0.00014502
0.000160259
0.000153833
0.000158331
0.000162645
0.000155741
0.000171372
0.00015243
0.000179923
0.000148346
0.000188202
0.000143445
0.000196112
0.000137696
0.000203551
0.00013108
0.000210422
0.000123589
0.00021663
0.000115232
0.000222088
0.000106028
0.000226717
9.60089e-05
0.00023045
8.52134e-05
0.000233239
7.36854e-05
0.00023505
6.14668e-05
0.000235874
4.85895e-05
0.000235724
3.50636e-05
0.000234643
2.08607e-05
0.000232702
5.88812e-06
0.000230015
-1.0047e-05
0.000226746
-2.71915e-05
0.000223087
-4.58503e-05
0.00021924
-6.64049e-05
0.000215408
-8.93083e-05
0.000211764
-0.000115057
0.000208428
-0.000144137
0.00020543
-0.00017695
0.000202687
-0.000213721
0.000199992
-0.000254406
0.000197011
-0.000298614
0.000193319
-0.000345572
0.000188432
-0.000394131
0.000181862
-0.000442825
0.000173164
-0.000489965
0.000161982
-0.000533756
0.000148084
-0.000572413
0.000131403
-0.000604241
0.00011208
-0.00062764
9.05565e-05
-0.000640919
6.77057e-05
-0.000641747
4.50247e-05
-0.000626013
2.47444e-05
-0.000585936
9.55374e-06
-0.000507919
1.48873e-06
-0.000372102
-0.000156524
-6.33164e-08
8.5777e-06
-1.95638e-07
2.42564e-05
-3.40724e-07
3.84185e-05
-4.54109e-07
5.11047e-05
-5.05601e-07
6.23928e-05
-4.78246e-07
7.23809e-05
-3.65695e-07
8.11765e-05
-1.69199e-07
8.88892e-05
1.05208e-07
9.56265e-05
4.49906e-07
0.00010149
8.55584e-07
0.000106573
1.31308e-06
0.000110969
1.8142e-06
0.00011476
2.35229e-06
0.000118025
2.92249e-06
0.000120832
3.52188e-06
0.000123247
4.14943e-06
0.000125325
4.80599e-06
0.000127119
5.4941e-06
0.000128673
6.21794e-06
0.000130027
6.98308e-06
0.000131217
7.7964e-06
0.000132272
8.66595e-06
0.000133218
9.60079e-06
0.000134079
1.06109e-05
0.000134873
1.17071e-05
0.000135616
1.29009e-05
0.000136324
1.42047e-05
0.000137007
1.56313e-05
0.000137677
1.71941e-05
0.000138341
1.89073e-05
0.000139007
2.07854e-05
0.000139683
2.28434e-05
0.000140373
2.5097e-05
0.000141083
2.75621e-05
0.000141817
3.0255e-05
0.000142579
3.31923e-05
0.00014337
3.63907e-05
0.000144193
3.9867e-05
0.000145047
4.36377e-05
0.000145931
4.77189e-05
0.000146843
5.21262e-05
0.000147777
5.68737e-05
0.000148725
6.19742e-05
0.000149676
6.74386e-05
0.000150615
7.32748e-05
0.000151524
7.94877e-05
0.000152379
8.6078e-05
0.000153151
9.30418e-05
0.000153809
0.000100369
0.000154312
0.000108044
0.000154618
0.000116044
0.000154678
0.000124337
0.000154439
0.000132884
0.000153845
0.000141637
0.000152838
0.000150538
0.000151358
0.000159523
0.000149346
0.000168517
0.000146747
0.000177439
0.000143508
0.000186203
0.000139582
0.000194715
0.000134933
0.000202882
0.000129529
0.000210608
0.000123354
0.000217799
0.000116398
0.000224367
0.000108665
0.000230228
0.000100167
0.000235309
9.09271e-05
0.000239553
8.09702e-05
0.000242913
7.03245e-05
0.000245368
5.90122e-05
0.000246916
4.7042e-05
0.000247583
3.43965e-05
0.000247428
2.10152e-05
0.000246549
6.7668e-06
0.000245089
-8.5866e-06
0.000243231
-2.53333e-05
0.000241172
-4.37916e-05
0.00023911
-6.43424e-05
0.000237222
-8.74201e-05
0.00023564
-0.000113475
0.000234419
-0.000142916
0.000233509
-0.000176039
0.000232731
-0.000212943
0.000231775
-0.00025345
0.000230216
-0.000297055
0.000227543
-0.000342899
0.000223209
-0.000389797
0.000216681
-0.000436297
0.000207489
-0.000480773
0.000195268
-0.000521535
0.000179791
-0.000556936
0.000161001
-0.000585451
0.000139052
-0.000605691
0.000114381
-0.000616248
8.78424e-05
-0.000615209
6.09088e-05
-0.00059908
3.58655e-05
-0.000560892
1.57344e-05
-0.000487787
3.43467e-06
-0.000359803
-0.000153089
-8.79079e-08
8.6656e-06
-2.60043e-07
2.44285e-05
-4.37978e-07
3.85965e-05
-5.64305e-07
5.12311e-05
-6.03008e-07
6.24315e-05
-5.36158e-07
7.2314e-05
-3.59282e-07
8.09996e-05
-7.69623e-08
8.86069e-05
3.01452e-07
9.52481e-05
7.64769e-07
0.000101026
1.29956e-06
0.000106038
1.89331e-06
0.000110375
2.53506e-06
0.000114118
3.21589e-06
0.000117344
3.92913e-06
0.000120119
4.67047e-06
0.000122505
5.43785e-06
0.000124558
6.23141e-06
0.000126325
7.05324e-06
0.000127851
7.90727e-06
0.000129173
8.79905e-06
0.000130325
9.73555e-06
0.000131335
1.0725e-05
0.000132229
1.17769e-05
0.000133027
1.29015e-05
0.000133748
1.411e-05
0.000134408
1.54145e-05
0.000135019
1.68277e-05
0.000135594
1.83629e-05
0.000136141
2.0034e-05
0.00013667
2.18556e-05
0.000137186
2.38426e-05
0.000137696
2.60104e-05
0.000138206
2.83749e-05
0.000138719
3.09524e-05
0.00013924
3.37593e-05
0.000139772
3.68125e-05
0.000140317
4.01289e-05
0.000140876
4.37251e-05
0.00014145
4.7618e-05
0.000142038
5.18235e-05
0.000142638
5.63571e-05
0.000143244
6.12329e-05
0.000143849
6.64637e-05
0.000144445
7.20599e-05
0.000145019
7.80297e-05
0.000145554
8.43778e-05
0.000146031
9.11048e-05
0.000146424
9.82069e-05
0.000146706
0.000105675
0.000146844
0.000113493
0.0001468
0.000121638
0.000146532
0.000130082
0.000145995
0.000138785
0.000145142
0.000147701
0.000143921
0.000156776
0.000142283
0.000165946
0.000140176
0.000175142
0.000137552
0.000184285
0.000134365
0.000193292
0.000130575
0.000202077
0.000126148
0.000210549
0.000121057
0.000218618
0.000115284
0.000226198
0.000108818
0.000233205
0.000101658
0.000239563
9.38096e-05
0.000245206
8.52834e-05
0.000250084
7.60926e-05
0.000254161
6.62475e-05
0.000257423
5.575e-05
0.000259882
4.45831e-05
0.00026158
3.26983e-05
0.0002626
1.99958e-05
0.00026307
6.29651e-06
0.000263167
-8.68423e-06
0.000263084
-2.52502e-05
0.000263006
-4.37137e-05
0.000263102
-6.44384e-05
0.000263503
-8.78203e-05
0.000264271
-0.000114243
0.000265374
-0.00014402
0.000266661
-0.000177326
0.000267844
-0.000214127
0.000268513
-0.000254119
0.000268152
-0.000296693
0.000266181
-0.000340928
0.000262008
-0.000385624
0.000255078
-0.000429366
0.000244917
-0.000470612
0.000231175
-0.000507793
0.000213651
-0.000539412
0.000192321
-0.000564121
0.00016737
-0.000580739
0.000139252
-0.00058813
0.000108816
-0.000584773
7.7505e-05
-0.000567769
4.76204e-05
-0.000531008
2.24311e-05
-0.000462598
5.66891e-06
-0.00034304
-0.000147421
-1.13614e-07
8.77922e-06
-3.19749e-07
2.46347e-05
-5.15137e-07
3.87919e-05
-6.29833e-07
5.13458e-05
-6.23859e-07
6.24255e-05
-4.8054e-07
7.21707e-05
-1.99202e-07
8.07183e-05
2.11129e-07
8.81966e-05
7.36968e-07
9.47223e-05
1.36154e-06
0.000100402
2.06727e-06
0.000105333
2.83816e-06
0.000109604
3.66042e-06
0.000113296
4.52288e-06
0.000116481
5.41715e-06
0.000119225
6.33762e-06
0.000121585
7.28131e-06
0.000123614
8.24769e-06
0.000125359
9.23851e-06
0.00012686
1.02575e-05
0.000128154
1.13102e-05
0.000129272
1.24038e-05
0.000130242
1.35468e-05
0.000131086
1.47488e-05
0.000131825
1.60207e-05
0.000132476
1.7374e-05
0.000133055
1.88212e-05
0.000133572
2.03754e-05
0.00013404
2.20504e-05
0.000134466
2.38606e-05
0.000134859
2.58208e-05
0.000135226
2.79463e-05
0.000135571
3.02527e-05
0.000135899
3.27564e-05
0.000136215
3.54736e-05
0.000136523
3.84211e-05
0.000136824
4.16158e-05
0.000137122
4.50748e-05
0.000137417
4.88147e-05
0.00013771
5.28523e-05
0.000138001
5.72038e-05
0.000138286
6.18843e-05
0.000138563
6.69081e-05
0.000138826
7.22878e-05
0.000139066
7.80341e-05
0.000139273
8.4155e-05
0.000139433
9.06555e-05
0.00013953
9.75365e-05
0.000139543
0.000104795
0.000139448
0.000112421
0.000139217
0.000120402
0.000138819
0.000128715
0.000138219
0.000137332
0.000137378
0.000146218
0.000136256
0.000155329
0.000134811
0.000164612
0.000133
0.000174008
0.000130779
0.000183452
0.000128108
0.000192869
0.000124948
0.000202181
0.000121262
0.000211308
0.000117021
0.000220166
0.000112199
0.000228671
0.000106778
0.000236744
0.000100746
0.000244308
9.40939e-05
0.000251297
8.68212e-05
0.000257653
7.89273e-05
0.000263335
7.04108e-05
0.000268318
6.12641e-05
0.000272602
5.14661e-05
0.000276213
4.09716e-05
0.000279216
2.96961e-05
0.000281721
1.74899e-05
0.00028391
4.10803e-06
0.000285975
-1.07488e-05
0.000288088
-2.73632e-05
0.000290394
-4.60204e-05
0.000293007
-6.70514e-05
0.000295982
-9.0795e-05
0.000299288
-0.000117549
0.000302784
-0.000147516
0.000306205
-0.000180746
0.000309154
-0.000217076
0.000311125
-0.00025609
0.000311529
-0.000297097
0.00030974
-0.000339139
0.000305145
-0.000381029
0.000297192
-0.000421413
0.000285432
-0.000458852
0.000269553
-0.000491915
0.000249405
-0.000519264
0.00022502
-0.000539735
0.000196635
-0.000552354
0.000164743
-0.000556238
0.000130199
-0.000550228
9.44194e-05
-0.00053199
5.96883e-05
-0.000496277
2.94355e-05
-0.000432345
8.09509e-06
-0.0003217
-0.000139325
-1.37513e-07
8.91673e-06
-3.62082e-07
2.48592e-05
-5.44505e-07
3.89743e-05
-6.04634e-07
5.14059e-05
-5.02085e-07
6.2323e-05
-2.24598e-07
7.18932e-05
2.22481e-07
8.02712e-05
8.24138e-07
8.75949e-05
1.56016e-06
9.39862e-05
2.40771e-06
9.95542e-05
3.34498e-06
0.000104395
4.35246e-06
0.000108597
5.41366e-06
0.000112235
6.51533e-06
0.00011538
7.64754e-06
0.000118093
8.80352e-06
0.000120429
9.97951e-06
0.000122438
1.11745e-05
0.000124164
1.23899e-05
0.000125645
1.36294e-05
0.000126915
1.48987e-05
0.000128003
1.62049e-05
0.000128935
1.7557e-05
0.000129734
1.89649e-05
0.000130417
2.04398e-05
0.000131001
2.19937e-05
0.000131501
2.36394e-05
0.000131926
2.53905e-05
0.000132289
2.72612e-05
0.000132596
2.92661e-05
0.000132855
3.14203e-05
0.000133071
3.37395e-05
0.000133251
3.62396e-05
0.000133399
3.89368e-05
0.000133518
4.18479e-05
0.000133612
4.49895e-05
0.000133683
4.83787e-05
0.000133733
5.20324e-05
0.000133764
5.59675e-05
0.000133775
6.02007e-05
0.000133768
6.47479e-05
0.000133739
6.96245e-05
0.000133687
7.48447e-05
0.000133605
8.04212e-05
0.000133489
8.63649e-05
0.000133329
9.26839e-05
0.000133114
9.93838e-05
0.00013283
0.000106466
0.000132461
0.000113928
0.000131986
0.000121763
0.000131383
0.000129957
0.000130625
0.000138491
0.000129685
0.000147339
0.00012853
0.000156467
0.000127127
0.000165836
0.000125442
0.000175398
0.000123439
0.000185096
0.000121081
0.00019487
0.000118334
0.000204652
0.000115166
0.000214371
0.000111544
0.000223951
0.000107441
0.000233316
0.000102834
0.000242391
9.77031e-05
0.000251105
9.20321e-05
0.00025939
8.58085e-05
0.000267189
7.90217e-05
0.000274457
7.16596e-05
0.000281163
6.37051e-05
0.000287296
5.51306e-05
0.000292873
4.58895e-05
0.000297941
3.59034e-05
0.000302593
2.50442e-05
0.000306977
1.31064e-05
0.00031135
-2.65131e-07
0.00031585
-1.52487e-05
0.000320586
-3.20998e-05
0.000325633
-5.10667e-05
0.000331019
-7.2438e-05
0.000336701
-9.64765e-05
0.000342532
-0.000123381
0.000348255
-0.000153239
0.000353486
-0.000185978
0.000357733
-0.000221323
0.000360412
-0.000258769
0.000360888
-0.000297573
0.000358516
-0.000336768
0.000352693
-0.000375207
0.000342901
-0.000411621
0.000328744
-0.000444695
0.000309976
-0.000473146
0.000286523
-0.000495811
0.000258495
-0.000511708
0.000226206
-0.000520064
0.000190205
-0.000520237
0.000151371
-0.000511394
0.000111098
-0.000491717
7.16244e-05
-0.000456803
3.64589e-05
-0.00039718
1.06021e-05
-0.000295843
-0.000128723
-1.54335e-07
9.07107e-06
-3.66257e-07
2.50711e-05
-4.8265e-07
3.90907e-05
-4.18556e-07
5.13418e-05
-1.38426e-07
6.20428e-05
3.60961e-07
7.13938e-05
1.0653e-06
7.95668e-05
1.95028e-06
8.67099e-05
2.98708e-06
9.29494e-05
4.14718e-06
9.83941e-05
5.40437e-06
0.000103138
6.73588e-06
0.000107265
8.12275e-06
0.000110848
9.54997e-06
0.000113952
1.10063e-05
0.000116636
1.24841e-05
0.000118951
1.39789e-05
0.000120943
1.54895e-05
0.000122654
1.70171e-05
0.000124117
1.85653e-05
0.000125367
2.01399e-05
0.000126428
2.17484e-05
0.000127327
2.33998e-05
0.000128082
2.51046e-05
0.000128712
2.68742e-05
0.000129232
2.87211e-05
0.000129654
3.06584e-05
0.000129989
3.26999e-05
0.000130247
3.48603e-05
0.000130435
3.71544e-05
0.00013056
3.95976e-05
0.000130628
4.22056e-05
0.000130643
4.49946e-05
0.00013061
4.79809e-05
0.000130532
5.11812e-05
0.000130411
5.46122e-05
0.000130252
5.8291e-05
0.000130054
6.22343e-05
0.00012982
6.64591e-05
0.000129551
7.09817e-05
0.000129245
7.58184e-05
0.000128903
8.09842e-05
0.000128521
8.64936e-05
0.000128096
9.23593e-05
0.000127623
9.85925e-05
0.000127096
0.000105202
0.000126505
0.000112193
0.000125839
0.00011957
0.000125085
0.00012733
0.000124226
0.000135467
0.000123245
0.000143972
0.000122121
0.000152826
0.000120831
0.000162007
0.000119349
0.000171486
0.000117649
0.000181225
0.000115703
0.000191182
0.000113482
0.000201306
0.000110957
0.000211543
0.000108098
0.00022183
0.000104878
0.000232103
0.00010127
0.000242295
9.72492e-05
0.000252338
9.27909e-05
0.000262167
8.78746e-05
0.000271719
8.24804e-05
0.000280938
7.65892e-05
0.000289778
7.01811e-05
0.000298207
6.32309e-05
0.000306209
5.57035e-05
0.000313791
4.75482e-05
0.000320993
3.86876e-05
0.000327896
2.90001e-05
0.000334644
1.8296e-05
0.000341468
6.28306e-06
0.000348511
-7.30889e-06
0.000355856
-2.25935e-05
0.000363515
-3.97586e-05
0.000371473
-5.90249e-05
0.00037965
-8.06152e-05
0.000387882
-0.000104708
0.000395901
-0.0001314
0.000403333
-0.000160671
0.000409698
-0.000192342
0.000414425
-0.000226051
0.000416887
-0.000261231
0.000416433
-0.000297119
0.000412438
-0.000332772
0.000404341
-0.00036711
0.000391689
-0.00039897
0.000374171
-0.000427176
0.000351634
-0.00045061
0.000324107
-0.000468284
0.000291803
-0.000479404
0.00025513
-0.000483392
0.000214717
-0.000479824
0.00017148
-0.000468158
0.000126796
-0.000447033
8.28395e-05
-0.000412846
4.31174e-05
-0.000357458
1.30387e-05
-0.000265765
-0.000115685
-1.55256e-07
9.22632e-06
-2.99805e-07
2.52157e-05
-2.63764e-07
3.90546e-05
3.34939e-08
5.10445e-05
6.12797e-07
6.14635e-05
1.4646e-06
7.0542e-05
2.55895e-06
7.84725e-05
3.85929e-06
8.54096e-05
5.32848e-06
9.14803e-05
6.93204e-06
9.67905e-05
8.63958e-06
0.000101431
1.04254e-05
0.000105479
1.22685e-05
0.000109005
1.41524e-05
0.000112068
1.6065e-05
0.000114724
1.79979e-05
0.000117018
1.99464e-05
0.000118995
2.19088e-05
0.000120691
2.38864e-05
0.00012214
2.58829e-05
0.00012337
2.79041e-05
0.000124407
2.99578e-05
0.000125273
3.20533e-05
0.000125987
3.42013e-05
0.000126564
3.64135e-05
0.00012702
3.87027e-05
0.000127365
4.10823e-05
0.00012761
4.35664e-05
0.000127763
4.61699e-05
0.000127832
4.89076e-05
0.000127823
5.17953e-05
0.000127741
5.48486e-05
0.00012759
5.80838e-05
0.000127375
6.15171e-05
0.000127098
6.51651e-05
0.000126763
6.90444e-05
0.000126372
7.31719e-05
0.000125927
7.75643e-05
0.000125428
8.22381e-05
0.000124877
8.72097e-05
0.000124273
9.24951e-05
0.000123617
9.81093e-05
0.000122906
0.000104067
0.000122139
0.00011038
0.00012131
0.000117062
0.000120415
0.00012412
0.000119447
0.000131562
0.000118397
0.000139391
0.000117255
0.000147609
0.000116009
0.00015621
0.000114644
0.000165188
0.000113144
0.000174527
0.000111491
0.000184209
0.000109667
0.000194208
0.00010765
0.000204492
0.000105418
0.000215024
0.00010295
0.000225758
0.000100222
0.000236647
9.72091e-05
0.000247637
9.38889e-05
0.00025867
9.02378e-05
0.000269687
8.62318e-05
0.000280631
8.18469e-05
0.000291446
7.70596e-05
0.000302081
7.18452e-05
0.000312494
6.61766e-05
0.000322651
6.00239e-05
0.000332535
5.33464e-05
0.000342152
4.60868e-05
0.000351535
3.81653e-05
0.000360756
2.94667e-05
0.000369947
1.98094e-05
0.000379316
8.92645e-06
0.000389079
-3.47953e-06
0.000399204
-1.74345e-05
0.000409611
-3.30005e-05
0.000420216
-5.03636e-05
0.000430902
-6.97101e-05
0.000441474
-9.11873e-05
0.000451651
-0.000114885
0.000461058
-0.000140807
0.000469225
-0.000168838
0.000475602
-0.000198719
0.00047958
-0.000230028
0.000480523
-0.000262174
0.000477806
-0.000294402
0.000470858
-0.000325824
0.000459199
-0.00035545
0.000442475
-0.000382246
0.000420486
-0.000405187
0.000393205
-0.000423329
0.000360787
-0.000435866
0.00032357
-0.000442187
0.000282078
-0.0004419
0.000237034
-0.000434779
0.000189406
-0.00042053
0.00014056
-0.000398187
9.25872e-05
-0.000364874
4.89239e-05
-0.000313794
1.52069e-05
-0.000232048
-0.000100478
-1.2651e-07
9.35283e-06
-1.13481e-07
2.52027e-05
2.08469e-07
3.87327e-05
9.00396e-07
5.03526e-05
1.96079e-06
6.04032e-05
3.35215e-06
6.91507e-05
5.02617e-06
7.67985e-05
6.9331e-06
8.35027e-05
9.02692e-06
8.93864e-05
1.12673e-05
9.45501e-05
1.36201e-05
9.9078e-05
1.6057e-05
0.000103042
1.85556e-05
0.000106506
2.10981e-05
0.000109526
2.36718e-05
0.00011215
2.62679e-05
0.000114422
2.88811e-05
0.000116382
3.15098e-05
0.000118062
3.41552e-05
0.000119494
3.68209e-05
0.000120704
3.95129e-05
0.000121715
4.2239e-05
0.000122547
4.50088e-05
0.000123217
4.78329e-05
0.00012374
5.07234e-05
0.000124129
5.36931e-05
0.000124395
5.67557e-05
0.000124547
5.99253e-05
0.000124593
6.32166e-05
0.000124541
6.66448e-05
0.000124394
7.02254e-05
0.00012416
7.3974e-05
0.000123841
7.79066e-05
0.000123442
8.20393e-05
0.000122966
8.63884e-05
0.000122414
9.09703e-05
0.00012179
9.58012e-05
0.000121096
0.000100898
0.000120331
0.000106276
0.000119499
0.000111952
0.000118598
0.000117941
0.000117628
0.000124258
0.000116589
0.000130918
0.000115479
0.000137933
0.000114295
0.000145316
0.000113032
0.000153075
0.000111687
0.000161219
0.000110253
0.000169752
0.000108721
0.000178677
0.000107084
0.000187992
0.000105329
0.000197692
0.000103444
0.000207765
0.000101418
0.000218197
9.92349e-05
0.000228967
9.68802e-05
0.000240047
9.43382e-05
0.000251405
9.1592e-05
0.000263003
8.86232e-05
0.0002748
8.54123e-05
0.000286749
8.19402e-05
0.0002988
7.81864e-05
0.000310905
7.41271e-05
0.000323016
6.97359e-05
0.000335089
6.49867e-05
0.000347086
5.98479e-05
0.000358981
5.42815e-05
0.000370759
4.82465e-05
0.000382424
4.16816e-05
0.000394009
3.45013e-05
0.000405593
2.65816e-05
0.000417297
1.77619e-05
0.000429342
7.76522e-06
0.000441913
-3.64509e-06
0.000454852
-1.64186e-05
0.000467949
-3.05311e-05
0.000481075
-4.61263e-05
0.000494066
-6.3355e-05
0.000506693
-8.23376e-05
0.000518655
-0.000103149
0.000529572
-0.000125802
0.000538985
-0.00015022
0.000546366
-0.000176219
0.000551135
-0.000203489
0.000552687
-0.00023158
0.000550419
-0.000259907
0.000543776
-0.000287759
0.000532277
-0.000314325
0.000515559
-0.000338732
0.000493399
-0.000360086
0.000465741
-0.00037753
0.000432707
-0.000390295
0.000394602
-0.00039776
0.000351908
-0.000399493
0.000305283
-0.000395274
0.000255551
-0.000385047
0.000203743
-0.000368722
0.000151217
-0.000345661
9.99698e-05
-0.000313627
5.3296e-05
-0.000267121
1.68662e-05
-0.000195618
-8.36116e-05
-4.78419e-08
9.40067e-06
2.61932e-07
2.48929e-05
1.07206e-06
3.79226e-05
2.39737e-06
4.90273e-05
4.19254e-06
5.8608e-05
6.38848e-06
6.69547e-05
8.9142e-06
7.42728e-05
1.17054e-05
8.07114e-05
1.47072e-05
8.63847e-05
1.78734e-05
9.13838e-05
2.11666e-05
9.57848e-05
2.45563e-05
9.96527e-05
2.80183e-05
0.000103044
3.15341e-05
0.00010601
3.50899e-05
0.000108594
3.86763e-05
0.000110836
4.22879e-05
0.00011277
4.59224e-05
0.000114428
4.95807e-05
0.000115836
5.32663e-05
0.000117019
5.69849e-05
0.000117997
6.07442e-05
0.000118788
6.45534e-05
0.000119408
6.84233e-05
0.00011987
7.23655e-05
0.000120187
7.63929e-05
0.000120368
8.05187e-05
0.000120421
8.4757e-05
0.000120355
8.91222e-05
0.000120175
9.36291e-05
0.000119888
9.82927e-05
0.000119496
0.000103128
0.000119006
0.000108151
0.000118419
0.000113377
0.00011774
0.000118822
0.00011697
0.000124501
0.000116111
0.00013043
0.000115167
0.000136625
0.000114137
0.000143101
0.000113023
0.000149873
0.000111825
0.000156957
0.000110545
0.000164366
0.00010918
0.000172114
0.000107731
0.000180214
0.000106194
0.000188678
0.000104569
0.000197515
0.00010285
0.000206733
0.000101035
0.000216339
9.91157e-05
0.000226335
9.70871e-05
0.000236723
9.49411e-05
0.000247498
9.26692e-05
0.000258654
9.02622e-05
0.000270178
8.77104e-05
0.000282055
8.5004e-05
0.00029426
8.21328e-05
0.000306766
7.90854e-05
0.000319543
7.5847e-05
0.000332554
7.24015e-05
0.00034576
6.87336e-05
0.000359121
6.48259e-05
0.000372595
6.06527e-05
0.000386149
5.61818e-05
0.000399752
5.13835e-05
0.000413385
4.62156e-05
0.000427042
4.06244e-05
0.000440731
3.45575e-05
0.000454499
2.79135e-05
0.000468421
2.05795e-05
0.000482628
1.23741e-05
0.000497397
2.99301e-06
0.000512699
-7.53646e-06
0.000528223
-1.91691e-05
0.000543656
-3.18518e-05
0.000558839
-4.5714e-05
0.000573574
-6.08609e-05
0.000587602
-7.73834e-05
0.000600605
-9.53407e-05
0.000612201
-0.000114745
0.000621944
-0.000135545
0.000629335
-0.00015761
0.00063383
-0.000180714
0.000634865
-0.000204524
0.000631881
-0.000228597
0.000624359
-0.000252384
0.000611847
-0.000275246
0.000593996
-0.000296475
0.000570592
-0.000315328
0.000541575
-0.000331069
0.000507059
-0.000343014
0.000467338
-0.000350574
0.000422885
-0.000353307
0.000374341
-0.000350949
0.0003225
-0.000343433
0.000268297
-0.000330844
0.000212821
-0.000313247
0.000157419
-0.000290258
0.000103977
-0.000260185
5.55888e-05
-0.000218733
1.775e-05
-0.000157779
-6.58616e-05
1.19517e-07
9.28116e-06
9.34528e-07
2.40779e-05
2.51691e-06
3.63402e-05
4.80359e-06
4.67406e-05
7.68869e-06
5.57229e-05
1.10631e-05
6.35803e-05
1.4831e-05
7.05049e-05
1.89131e-05
7.66294e-05
2.32451e-05
8.20527e-05
2.77753e-05
8.68536e-05
3.24624e-05
9.10978e-05
3.7273e-05
9.48421e-05
4.21808e-05
9.81366e-05
4.71654e-05
0.000101025
5.22115e-05
0.000103548
5.73083e-05
0.000105739
6.24489e-05
0.000107629
6.76301e-05
0.000109247
7.28516e-05
0.000110615
7.8116e-05
0.000111754
8.3428e-05
0.000112685
8.87943e-05
0.000113421
9.42234e-05
0.000113979
9.9725e-05
0.000114368
0.00010531
0.000114602
0.00011099
0.000114687
0.000116778
0.000114633
0.000122687
0.000114446
0.000128729
0.000114133
0.00013492
0.000113697
0.000141272
0.000113144
0.000147801
0.000112477
0.00015452
0.0001117
0.000161443
0.000110816
0.000168585
0.000109827
0.00017596
0.000108736
0.000183583
0.000107544
0.000191468
0.000106252
0.000199628
0.000104863
0.000208077
0.000103376
0.000216829
0.000101792
0.000225897
0.000100112
0.000235292
9.83353e-05
0.000245027
9.64599e-05
0.000255111
9.44847e-05
0.000265554
9.24075e-05
0.000276364
9.02252e-05
0.000287545
8.79342e-05
0.000299102
8.55299e-05
0.000311036
8.30074e-05
0.000323344
8.0361e-05
0.000336022
7.75848e-05
0.000349059
7.46733e-05
0.000362441
7.16215e-05
0.000376149
6.8425e-05
0.000390157
6.50779e-05
0.000404437
6.1566e-05
0.000418964
5.78748e-05
0.000433704
5.39932e-05
0.000448624
4.99069e-05
0.000463692
4.55839e-05
0.000478894
4.09805e-05
0.000494213
3.60642e-05
0.000509661
3.07677e-05
0.000525277
2.50082e-05
0.000541091
1.87432e-05
0.000557206
1.17984e-05
0.000573869
3.91732e-06
0.0005911
-4.8577e-06
0.000608587
-1.44936e-05
0.000625902
-2.48514e-05
0.000642757
-3.60242e-05
0.000658983
-4.80779e-05
0.000674348
-6.10786e-05
0.000688575
-7.50884e-05
0.00070134
-9.01483e-05
0.000712266
-0.000106267
0.000720929
-0.000123408
0.000726862
-0.000141478
0.000729569
-0.000160317
0.00072854
-0.000179684
0.000723273
-0.000199257
0.000713304
-0.000218628
0.000698233
-0.000237313
0.000677755
-0.000254768
0.000651686
-0.000270406
0.000619992
-0.000283634
0.000582802
-0.000293879
0.000540421
-0.000300633
0.000493332
-0.000303485
0.000442185
-0.00030216
0.000387779
-0.000296544
0.000331042
-0.000286696
0.000273002
-0.000272804
0.000214795
-0.00025504
0.000157735
-0.000233199
0.000103581
-0.000206031
5.51678e-05
-0.000170319
1.76e-05
-0.000120211
-4.82616e-05
4.16204e-07
8.86495e-06
2.03315e-06
2.24609e-05
4.77665e-06
3.35967e-05
8.46995e-06
4.30473e-05
1.29328e-05
5.126e-05
1.80123e-05
5.85008e-05
2.3587e-05
6.49301e-05
2.95623e-05
7.06541e-05
3.58637e-05
7.57513e-05
4.24321e-05
8.02851e-05
4.92199e-05
8.431e-05
5.61885e-05
8.78735e-05
6.3307e-05
9.10182e-05
7.05505e-05
9.3782e-05
7.78999e-05
9.61986e-05
8.53408e-05
9.82981e-05
9.28631e-05
0.000100107
0.00010046
0.000101649
0.000108129
0.000102946
0.00011587
0.000104014
0.000123684
0.000104871
0.000131576
0.00010553
0.000139551
0.000106003
0.000147617
0.000106302
0.000155783
0.000106436
0.000164056
0.000106414
0.000172449
0.000106241
0.00018097
0.000105925
0.000189631
0.000105471
0.000198444
0.000104884
0.000207419
0.000104169
0.000216569
0.000103328
0.000225905
0.000102365
0.000235437
0.000101283
0.000245179
0.000100086
0.000255141
9.87737e-05
0.000265335
9.73496e-05
0.000275772
9.58151e-05
0.000286463
9.41717e-05
0.000297418
9.24207e-05
0.000308648
9.05628e-05
0.000320162
8.85985e-05
0.000331969
8.65279e-05
0.000344079
8.43507e-05
0.000356497
8.20664e-05
0.000369231
7.96737e-05
0.000382285
7.71711e-05
0.000395662
7.45565e-05
0.000409365
7.18273e-05
0.000423392
6.89806e-05
0.000437739
6.60133e-05
0.000452402
6.29226e-05
0.000467369
5.97063e-05
0.000482626
5.63638e-05
0.000498154
5.28974e-05
0.000513924
4.93076e-05
0.000529914
4.55763e-05
0.000546105
4.16844e-05
0.000562471
3.76264e-05
0.000578987
3.33913e-05
0.00059564
2.8931e-05
0.000612452
2.41679e-05
0.000629424
1.90929e-05
0.000646598
1.35928e-05
0.000664096
7.51063e-06
0.000682153
6.86166e-07
0.000700644
-6.69294e-06
0.000719208
-1.46463e-05
0.000737377
-2.30266e-05
0.000754817
-3.19336e-05
0.000771375
-4.1409e-05
0.00078683
-5.14794e-05
0.000800935
-6.21831e-05
0.000813411
-7.35543e-05
0.000823939
-8.56163e-05
0.000832162
-9.83715e-05
0.000837688
-0.000111793
0.000840097
-0.000125816
0.000838947
-0.000140329
0.000833796
-0.000155166
0.000824214
-0.000170103
0.00080981
-0.000184853
0.000790254
-0.000199072
0.000765308
-0.000212366
0.000734844
-0.000224304
0.000698877
-0.000234439
0.000657575
-0.000242332
0.000611275
-0.000247579
0.000560486
-0.000249843
0.000505878
-0.000248878
0.000448273
-0.000244555
0.000388612
-0.000236883
0.000327924
-0.000226008
0.000267297
-0.000212176
0.000207864
-0.000195607
0.000150876
-0.00017621
9.79292e-05
-0.000153084
5.15443e-05
-0.000123934
1.6227e-05
-8.48938e-05
-3.20346e-05
9.04372e-07
7.96058e-06
3.70713e-06
1.96582e-05
8.111e-06
2.91928e-05
1.3795e-05
3.73633e-05
2.04995e-05
4.45555e-05
2.80297e-05
5.09706e-05
3.62395e-05
5.67203e-05
4.50167e-05
6.18769e-05
5.42724e-05
6.64956e-05
6.39343e-05
7.06233e-05
7.39425e-05
7.43018e-05
8.42469e-05
7.7569e-05
9.48061e-05
8.04591e-05
0.000105585
8.30027e-05
0.000116556
8.52276e-05
0.000127696
8.71582e-05
0.000138987
8.88165e-05
0.000150415
9.02218e-05
0.000161969
9.13914e-05
0.000173642
9.23403e-05
0.000185431
9.3082e-05
0.000197332
9.36284e-05
0.000209345
9.39897e-05
0.000221472
9.41754e-05
0.000233715
9.41935e-05
0.000246078
9.40513e-05
0.000258563
9.37552e-05
0.000271178
9.33109e-05
0.000283926
9.27234e-05
0.000296813
9.19973e-05
0.000309844
9.11367e-05
0.000323027
9.01452e-05
0.000336366
8.9026e-05
0.000349867
8.77822e-05
0.000363536
8.64164e-05
0.000377379
8.49311e-05
0.0003914
8.33283e-05
0.000405605
8.161e-05
0.000419999
7.97783e-05
0.000434585
7.78347e-05
0.000449367
7.57807e-05
0.000464348
7.36169e-05
0.000479532
7.13443e-05
0.000494919
6.89634e-05
0.000510511
6.64746e-05
0.000526307
6.38778e-05
0.000542305
6.11729e-05
0.000558503
5.83592e-05
0.000574894
5.5436e-05
0.000591472
5.24024e-05
0.000608228
4.92576e-05
0.000625149
4.60012e-05
0.000642221
4.26341e-05
0.000659426
3.91593e-05
0.000676739
3.5584e-05
0.000694133
3.19139e-05
0.000711589
2.81205e-05
0.000729103
2.41704e-05
0.000746669
2.00601e-05
0.000764268
1.57923e-05
0.000781883
1.13157e-05
0.000799643
6.40848e-06
0.000817721
1.01496e-06
0.00083612
-4.80612e-06
0.000854546
-1.09159e-05
0.000872485
-1.72527e-05
0.000889606
-2.38141e-05
0.000905658
-3.06977e-05
0.000920518
-3.78869e-05
0.000933976
-4.53912e-05
0.000945801
-5.3234e-05
0.000955753
-6.14316e-05
0.000963567
-6.99976e-05
0.000968952
-7.89392e-05
0.000971588
-8.82525e-05
0.000971134
-9.79167e-05
0.000967228
-0.000107888
0.000959505
-0.000118093
0.000947601
-0.000128425
0.000931175
-0.00013874
0.000909925
-0.000148853
0.000883613
-0.000158541
0.000852085
-0.000167544
0.000815294
-0.000175575
0.000773322
-0.000182332
0.000726397
-0.000187514
0.000674904
-0.000190839
0.000619388
-0.000192064
0.000560551
-0.000191006
0.000499233
-0.000187559
0.000436387
-0.000181709
0.000373045
-0.000173541
0.000310274
-0.000163238
0.000249143
-0.000151045
0.000190709
-0.000137173
0.000136085
-0.000121586
8.66593e-05
-0.000103658
4.45869e-05
-8.1862e-05
1.35982e-05
-5.39051e-05
-1.84364e-05
1.64099e-06
6.31959e-06
6.081e-06
1.52182e-05
1.27408e-05
2.2533e-05
2.11572e-05
2.89469e-05
3.10068e-05
3.47059e-05
4.20609e-05
3.99164e-05
5.41473e-05
4.4634e-05
6.71279e-05
4.88963e-05
8.08876e-05
5.27358e-05
9.5328e-05
5.61829e-05
0.000110364
5.9266e-05
0.000125921
6.20119e-05
0.000141935
6.4445e-05
0.00015835
6.65876e-05
0.000175118
6.84597e-05
0.000192197
7.00793e-05
0.000209551
7.14625e-05
0.000227149
7.26237e-05
0.000244965
7.35756e-05
0.000262975
7.43297e-05
0.000281161
7.48962e-05
0.000299505
7.52841e-05
0.000317993
7.55018e-05
0.000336612
7.55565e-05
0.000355351
7.54548e-05
0.0003742
7.52027e-05
0.000393149
7.48057e-05
0.000412192
7.42685e-05
0.000431319
7.35958e-05
0.000450525
7.27916e-05
0.000469802
7.18596e-05
0.000489144
7.08034e-05
0.000508544
6.96261e-05
0.000527995
6.83307e-05
0.000547492
6.69201e-05
0.000567026
6.53967e-05
0.000586591
6.37629e-05
0.000606181
6.20207e-05
0.000625786
6.0173e-05
0.000645399
5.82222e-05
0.000665009
5.617e-05
0.000684608
5.40178e-05
0.000704186
5.17669e-05
0.00072373
4.94189e-05
0.00074323
4.69752e-05
0.000762671
4.4437e-05
0.000782038
4.18054e-05
0.000801316
3.90815e-05
0.000820485
3.62663e-05
0.000839527
3.33606e-05
0.000858419
3.03659e-05
0.000877136
2.72839e-05
0.000895652
2.41179e-05
0.000913938
2.08736e-05
0.000931959
1.75629e-05
0.000949682
1.41909e-05
0.000967163
1.06397e-05
0.000984396
6.93711e-06
0.00100148
2.97156e-06
0.00101852
-1.23979e-06
0.00103531
-5.4795e-06
0.00105167
-9.95298e-06
0.00106719
-1.45009e-05
0.00108151
-1.91302e-05
0.00109449
-2.38881e-05
0.00110599
-2.87608e-05
0.00111591
-3.37329e-05
0.00112404
-3.88263e-05
0.0011302
-4.40471e-05
0.0011342
-4.93947e-05
0.00113584
-5.48729e-05
0.0011349
-6.04834e-05
0.00113112
-6.6224e-05
0.00112427
-7.20859e-05
0.00111407
-7.80524e-05
0.00110025
-8.40963e-05
0.00108254
-9.01751e-05
0.00106067
-9.62285e-05
0.00103442
-0.000102176
0.0010036
-0.000107913
0.000968062
-0.000113319
0.000927772
-0.000118252
0.000882779
-0.000122551
0.000833249
-0.000126045
0.000779481
-0.000128564
0.000721915
-0.000129948
0.000661134
-0.000130058
0.000597859
-0.000128789
0.000532934
-0.000126081
0.000467297
-0.000121922
0.000401949
-0.00011636
0.000337907
-0.000109499
0.000276163
-0.000101493
0.000217642
-9.25242e-05
0.000163207
-8.27386e-05
0.000113738
-7.21168e-05
7.03515e-05
-6.02717e-05
3.47961e-05
-4.63066e-05
9.93656e-06
-2.90456e-05
-8.49981e-06
2.6406e-06
3.67899e-06
9.15076e-06
8.70801e-06
1.87021e-05
1.29817e-05
3.0772e-05
1.68771e-05
4.50178e-05
2.046e-05
6.11856e-05
2.37487e-05
7.90648e-05
2.67548e-05
9.84705e-05
2.94905e-05
0.000119237
3.19692e-05
0.000141215
3.4205e-05
0.000164269
3.62123e-05
0.000188276
3.80045e-05
0.000213127
3.95945e-05
0.00023872
4.0994e-05
0.000264967
4.22134e-05
0.000291783
4.32626e-05
0.000319096
4.41503e-05
0.000346835
4.48844e-05
0.000374938
4.54722e-05
0.000403348
4.59202e-05
0.000432009
4.62344e-05
0.000460873
4.64204e-05
0.000489892
4.64832e-05
0.000519021
4.64275e-05
0.000548218
4.62575e-05
0.000577443
4.59773e-05
0.000606658
4.55906e-05
0.000635826
4.51009e-05
0.00066491
4.45116e-05
0.000693876
4.38256e-05
0.00072269
4.30461e-05
0.000751318
4.21757e-05
0.000779726
4.12172e-05
0.000807884
4.01732e-05
0.000835758
3.90462e-05
0.000863316
3.78384e-05
0.000890527
3.65519e-05
0.00091736
3.51875e-05
0.000943783
3.37498e-05
0.000969764
3.22416e-05
0.000995269
3.06644e-05
0.00102027
2.90199e-05
0.00104472
2.73101e-05
0.00106861
2.5537e-05
0.00109188
2.37025e-05
0.00111451
2.18088e-05
0.00113645
1.98576e-05
0.00115769
1.7851e-05
0.00117816
1.57908e-05
0.00119784
1.36788e-05
0.00121669
1.15164e-05
0.00123467
9.30447e-06
0.00125175
7.04234e-06
0.00126789
4.7269e-06
0.0012831
2.35909e-06
0.00129719
9.67327e-08
0.00131065
-2.81575e-06
0.00132304
-5.45328e-06
0.00133407
-8.05679e-06
0.00134347
-1.06467e-05
0.00135122
-1.32301e-05
0.00135712
-1.58487e-05
0.0013611
-1.84784e-05
0.00136307
-2.11053e-05
0.00136292
-2.37409e-05
0.00136055
-2.63846e-05
0.00135584
-2.90286e-05
0.00134869
-3.16743e-05
0.00133897
-3.43202e-05
0.00132653
-3.69616e-05
0.00131125
-3.95943e-05
0.00129298
-4.2213e-05
0.00127157
-4.48107e-05
0.00124686
-4.73774e-05
0.00121871
-4.98993e-05
0.00118697
-5.23582e-05
0.00115152
-5.47293e-05
0.00111228
-5.69807e-05
0.00106917
-5.90722e-05
0.00102221
-6.09536e-05
0.000971463
-6.25689e-05
0.000917087
-6.38762e-05
0.000859345
-6.48085e-05
0.000798602
-6.53028e-05
0.00073534
-6.5302e-05
0.000670151
-6.47588e-05
0.000603734
-6.36401e-05
0.000536874
-6.19298e-05
0.000470425
-5.96311e-05
0.00040527
-5.67673e-05
0.00034229
-5.33803e-05
0.000282318
-4.95281e-05
0.000226106
-4.52811e-05
0.000174295
-4.07133e-05
0.000127437
-3.58803e-05
8.6089e-05
-3.0769e-05
5.1035e-05
-2.52177e-05
2.35949e-05
-1.88664e-05
5.82718e-06
-1.12778e-05
-2.67263e-06
3.67899e-06
1.2387e-05
2.53687e-05
4.22458e-05
6.27058e-05
8.64545e-05
0.000113209
0.0001427
0.000174669
0.000208874
0.000245086
0.000283091
0.000322685
0.000363679
0.000405893
0.000449155
0.000493306
0.00053819
0.000583662
0.000629582
0.000675817
0.000722237
0.000768721
0.000815148
0.000861406
0.000907383
0.000952973
0.000998074
0.00104259
0.00108641
0.00112946
0.00117163
0.00121285
0.00125302
0.00129207
0.00132991
0.00136646
0.00140165
0.0014354
0.00146764
0.0014983
0.00152732
0.00155463
0.00158017
0.00160387
0.00162568
0.00164554
0.00166339
0.00167918
0.00169286
0.00170438
0.00171368
0.00172072
0.00172545
0.00172781
0.00172791
0.00172509
0.00171964
0.00171158
0.00170093
0.0016877
0.00167185
0.00165338
0.00163227
0.00160853
0.00158215
0.00155312
0.00152144
0.00148712
0.00145016
0.00141057
0.00136835
0.00132354
0.00127617
0.00122627
0.00117391
0.00111918
0.0010622
0.00100313
0.000942172
0.000879603
0.000815727
0.000750919
0.000685616
0.000620314
0.000555555
0.000491915
0.000429985
0.000370354
0.000313587
0.000260206
0.000210678
0.000165397
0.000124684
8.88036e-05
5.80346e-05
3.28169e-05
1.39505e-05
2.67263e-06
)
;

boundaryField
{
    movingWall
    {
        type            calculated;
        value           uniform 0;
    }
    fixedWalls
    {
        type            calculated;
        value           uniform 0;
    }
    frontAndBack
    {
        type            empty;
    }
}


// ************************************************************************* //
