/*--------------------------------*- C++ -*----------------------------------*\
  =========                 |
  \\      /  F ield         | OpenFOAM: The Open Source CFD Toolbox
   \\    /   O peration     | Website:  https://openfoam.org
    \\  /    A nd           | Version:  11
     \\/     M anipulation  |
\*---------------------------------------------------------------------------*/
FoamFile
{
    format      ascii;
    class       volVectorField;
    location    "38";
    object      U;
}
// * * * * * * * * * * * * * * * * * * * * * * * * * * * * * * * * * * * * * //

dimensions      [0 1 -1 0 0 0 0];

internalField   nonuniform List<vector> 
10000
(
(1.5862e-06 -1.53187e-06 0)
(1.97042e-05 -8.91267e-06 0)
(5.49144e-05 -1.22866e-05 0)
(9.11341e-05 -1.23811e-05 0)
(0.000122833 -1.06813e-05 0)
(0.000146413 -8.19764e-06 0)
(0.000159986 -5.50921e-06 0)
(0.000162979 -2.93473e-06 0)
(0.000155511 -5.48662e-07 0)
(0.000138016 1.60771e-06 0)
(0.000111048 3.54379e-06 0)
(7.51235e-05 5.30471e-06 0)
(3.0654e-05 6.9419e-06 0)
(-2.21193e-05 8.50878e-06 0)
(-8.31071e-05 1.00598e-05 0)
(-0.000152389 1.16405e-05 0)
(-0.000230187 1.32888e-05 0)
(-0.00031684 1.50344e-05 0)
(-0.000412774 1.68988e-05 0)
(-0.000518474 1.88961e-05 0)
(-0.000634458 2.10343e-05 0)
(-0.000761249 2.33157e-05 0)
(-0.000899357 2.57383e-05 0)
(-0.00104926 2.82962e-05 0)
(-0.00121137 3.09808e-05 0)
(-0.00138606 3.37802e-05 0)
(-0.0015736 3.66801e-05 0)
(-0.00177417 3.96635e-05 0)
(-0.00198785 4.27104e-05 0)
(-0.00221459 4.57977e-05 0)
(-0.00245422 4.88989e-05 0)
(-0.0027064 5.1984e-05 0)
(-0.00297065 5.5019e-05 0)
(-0.00324631 5.7966e-05 0)
(-0.00353254 6.07831e-05 0)
(-0.00382828 6.34243e-05 0)
(-0.00413229 6.58401e-05 0)
(-0.00444311 6.79773e-05 0)
(-0.00475905 6.97797e-05 0)
(-0.00507819 7.11885e-05 0)
(-0.00539841 7.2143e-05 0)
(-0.00571734 7.25811e-05 0)
(-0.00603242 7.24402e-05 0)
(-0.00634088 7.1658e-05 0)
(-0.00663973 7.01734e-05 0)
(-0.00692584 6.79272e-05 0)
(-0.00719591 6.48629e-05 0)
(-0.00744652 6.09271e-05 0)
(-0.00767411 5.60697e-05 0)
(-0.0078751 5.02439e-05 0)
(-0.00804584 4.34032e-05 0)
(-0.0081827 3.54928e-05 0)
(-0.00828205 2.64566e-05 0)
(-0.00834039 1.6381e-05 0)
(-0.00835527 5.7761e-06 0)
(-0.00832516 -5.19036e-06 0)
(-0.00824779 -1.66573e-05 0)
(-0.00812171 -2.86308e-05 0)
(-0.00794577 -4.09802e-05 0)
(-0.00771941 -5.35212e-05 0)
(-0.00744283 -6.60438e-05 0)
(-0.00711706 -7.83193e-05 0)
(-0.00674394 -9.01044e-05 0)
(-0.00632621 -0.000101146 0)
(-0.00586751 -0.000111188 0)
(-0.00537235 -0.000119978 0)
(-0.00484611 -0.000127275 0)
(-0.00429494 -0.000132859 0)
(-0.00372571 -0.000136543 0)
(-0.00314585 -0.000138179 0)
(-0.00256326 -0.000137669 0)
(-0.00198605 -0.000134972 0)
(-0.00142245 -0.000130103 0)
(-0.000880504 -0.000123127 0)
(-0.000367925 -0.000114146 0)
(0.000107921 -0.000103334 0)
(0.00054006 -9.08564e-05 0)
(0.000922904 -7.75125e-05 0)
(0.00125294 -6.37495e-05 0)
(0.00152813 -4.96976e-05 0)
(0.0017474 -3.5705e-05 0)
(0.00191099 -2.21298e-05 0)
(0.00202033 -9.28155e-06 0)
(0.002078 2.57868e-06 0)
(0.00208748 1.32746e-05 0)
(0.00205308 2.27166e-05 0)
(0.00197924 3.09167e-05 0)
(0.00187074 3.78854e-05 0)
(0.00173244 4.36769e-05 0)
(0.0015692 4.83445e-05 0)
(0.00138599 5.19131e-05 0)
(0.00118792 5.43518e-05 0)
(0.000980544 5.5532e-05 0)
(0.000770082 5.51648e-05 0)
(0.000563931 5.27081e-05 0)
(0.000371228 4.72617e-05 0)
(0.000203408 3.7611e-05 0)
(7.38948e-05 2.26905e-05 0)
(-5.11898e-06 2.42372e-06 0)
(-1.53604e-05 -1.53796e-05 0)
(9.14891e-06 -1.97714e-05 0)
(5.0754e-05 -5.03371e-05 0)
(0.000117957 -6.21653e-05 0)
(0.000183301 -5.95017e-05 0)
(0.000235865 -4.7703e-05 0)
(0.000268138 -3.09003e-05 0)
(0.00027551 -1.18564e-05 0)
(0.000255974 7.78693e-06 0)
(0.000209072 2.70156e-05 0)
(0.00013512 4.54335e-05 0)
(3.49252e-05 6.29443e-05 0)
(-9.06849e-05 7.96639e-05 0)
(-0.000240997 9.58178e-05 0)
(-0.000415639 0.000111691 0)
(-0.000614567 0.000127581 0)
(-0.000838081 0.000143762 0)
(-0.00108679 0.000160467 0)
(-0.00136157 0.000177882 0)
(-0.00166348 0.000196142 0)
(-0.00199369 0.000215327 0)
(-0.00235344 0.000235472 0)
(-0.00274397 0.000256565 0)
(-0.00316641 0.000278556 0)
(-0.0036218 0.00030136 0)
(-0.00411099 0.000324863 0)
(-0.00463462 0.00034892 0)
(-0.00519307 0.000373362 0)
(-0.0057864 0.000397992 0)
(-0.00641439 0.000422591 0)
(-0.00707639 0.000446913 0)
(-0.00777141 0.000470687 0)
(-0.00849799 0.00049362 0)
(-0.00925422 0.000515391 0)
(-0.0100377 0.00053566 0)
(-0.0108456 0.000554063 0)
(-0.0116743 0.00057022 0)
(-0.01252 0.000583733 0)
(-0.0133782 0.000594197 0)
(-0.0142437 0.000601197 0)
(-0.0151109 0.000604319 0)
(-0.0159737 0.000603154 0)
(-0.0168256 0.000597302 0)
(-0.0176593 0.000586382 0)
(-0.0184674 0.000570036 0)
(-0.019242 0.000547937 0)
(-0.0199749 0.000519797 0)
(-0.0206576 0.00048537 0)
(-0.0212816 0.000444463 0)
(-0.0218381 0.000396943 0)
(-0.0223184 0.000342745 0)
(-0.0227142 0.000281885 0)
(-0.0230172 0.000214479 0)
(-0.0232196 0.000140839 0)
(-0.0233142 6.17384e-05 0)
(-0.0232972 -2.14961e-05 0)
(-0.0231625 -0.000107875 0)
(-0.0229057 -0.000197439 0)
(-0.0225239 -0.000289552 0)
(-0.0220153 -0.000383115 0)
(-0.0213797 -0.000476835 0)
(-0.0206186 -0.000569292 0)
(-0.0197354 -0.000658972 0)
(-0.0187354 -0.000744294 0)
(-0.0176259 -0.000823636 0)
(-0.0164162 -0.000895381 0)
(-0.0151176 -0.000957945 0)
(-0.013743 -0.00100984 0)
(-0.0123075 -0.0010497 0)
(-0.0108274 -0.00107635 0)
(-0.00932034 -0.00108888 0)
(-0.00780513 -0.00108664 0)
(-0.00630106 -0.00106933 0)
(-0.0048277 -0.00103699 0)
(-0.00340438 -0.000990032 0)
(-0.00204986 -0.00092918 0)
(-0.000781872 -0.000855424 0)
(0.000384518 -0.00076975 0)
(0.00143189 -0.000674935 0)
(0.00234969 -0.000575165 0)
(0.00313177 -0.000472258 0)
(0.00377408 -0.000368396 0)
(0.00427573 -0.000265878 0)
(0.00463883 -0.000166876 0)
(0.00486812 -7.33254e-05 0)
(0.00497074 1.3212e-05 0)
(0.00495623 9.17594e-05 0)
(0.00483522 0.000161728 0)
(0.00461916 0.00022279 0)
(0.00432026 0.00027477 0)
(0.00395121 0.000317498 0)
(0.00352527 0.000350674 0)
(0.00305645 0.000373729 0)
(0.00255985 0.000385654 0)
(0.0020522 0.000384805 0)
(0.00155237 0.000368721 0)
(0.0010821 0.000334083 0)
(0.000666159 0.000277274 0)
(0.000329837 0.00019631 0)
(9.49203e-05 9.43963e-05 0)
(2.59917e-06 -5.1052e-06 0)
(1.2812e-05 -5.5602e-05 0)
(6.30521e-05 -0.000117817 0)
(0.000137456 -0.000137128 0)
(0.000202983 -0.000124597 0)
(0.000246072 -9.09053e-05 0)
(0.000257263 -4.46406e-05 0)
(0.000230566 8.04237e-06 0)
(0.000162879 6.31436e-05 0)
(5.31549e-05 0.000118098 0)
(-9.84609e-05 0.000171694 0)
(-0.000291238 0.000223514 0)
(-0.000524391 0.000273715 0)
(-0.0007973 0.00032279 0)
(-0.0011097 0.000371399 0)
(-0.00146175 0.000420255 0)
(-0.00185405 0.000470031 0)
(-0.00228761 0.000521309 0)
(-0.00276374 0.000574547 0)
(-0.003284 0.000630068 0)
(-0.00385007 0.000688052 0)
(-0.00446367 0.000748545 0)
(-0.00512642 0.000811467 0)
(-0.00583982 0.000876624 0)
(-0.00660509 0.00094372 0)
(-0.00742314 0.00101237 0)
(-0.00829449 0.00108209 0)
(-0.00921922 0.00115233 0)
(-0.0101969 0.00122247 0)
(-0.0112265 0.00129181 0)
(-0.0123064 0.00135959 0)
(-0.0134344 0.00142497 0)
(-0.0146074 0.00148706 0)
(-0.0158218 0.00154491 0)
(-0.0170731 0.00159753 0)
(-0.0183562 0.00164386 0)
(-0.0196649 0.00168282 0)
(-0.0209925 0.00171333 0)
(-0.0223313 0.00173427 0)
(-0.0236731 0.00174453 0)
(-0.0250088 0.00174304 0)
(-0.0263285 0.00172875 0)
(-0.027622 0.00170069 0)
(-0.0288784 0.00165792 0)
(-0.0300861 0.00159965 0)
(-0.0312334 0.00152515 0)
(-0.0323084 0.00143383 0)
(-0.0332987 0.00132527 0)
(-0.0341921 0.00119919 0)
(-0.0349766 0.00105551 0)
(-0.0356402 0.000894364 0)
(-0.0361715 0.000716149 0)
(-0.0365598 0.000521602 0)
(-0.0367949 0.000312072 0)
(-0.0368684 8.98131e-05 0)
(-0.0367762 -0.000142944 0)
(-0.0365074 -0.000384553 0)
(-0.0360585 -0.000633855 0)
(-0.0354263 -0.000888468 0)
(-0.0346095 -0.00114535 0)
(-0.0336091 -0.00140109 0)
(-0.0324282 -0.00165203 0)
(-0.0310728 -0.00189432 0)
(-0.0295511 -0.00212394 0)
(-0.0278739 -0.00233684 0)
(-0.0260547 -0.00252897 0)
(-0.0241093 -0.00269643 0)
(-0.0220561 -0.00283548 0)
(-0.0199157 -0.00294278 0)
(-0.0177107 -0.00301538 0)
(-0.0154653 -0.00305094 0)
(-0.0132053 -0.00304779 0)
(-0.0109573 -0.00300506 0)
(-0.00874823 -0.00292273 0)
(-0.00660518 -0.0028017 0)
(-0.0045544 -0.00264373 0)
(-0.00262099 -0.00245133 0)
(-0.000827656 -0.00222738 0)
(0.000806898 -0.00197597 0)
(0.00225633 -0.00170655 0)
(0.00351187 -0.00142684 0)
(0.00456581 -0.00114286 0)
(0.00541482 -0.000860344 0)
(0.00605987 -0.000584988 0)
(0.00650581 -0.000322081 0)
(0.00676119 -7.61712e-05 0)
(0.00683759 0.000149302 0)
(0.00674988 0.00035208 0)
(0.00651431 0.00053079 0)
(0.00614851 0.000684389 0)
(0.00567118 0.000811865 0)
(0.00510213 0.000911961 0)
(0.00446242 0.000982865 0)
(0.00377473 0.00102187 0)
(0.0030638 0.0010251 0)
(0.00235686 0.000987331 0)
(0.00168417 0.000902304 0)
(0.00107901 0.000764124 0)
(0.000574092 0.000570708 0)
(0.000198579 0.000329912 0)
(2.32832e-05 7.46444e-05 0)
(1.31094e-05 -9.26517e-05 0)
(5.97181e-05 -0.000182807 0)
(0.000121488 -0.000202126 0)
(0.000164191 -0.000170187 0)
(0.000173203 -0.000103832 0)
(0.000138368 -1.643e-05 0)
(5.32272e-05 8.22652e-05 0)
(-8.56731e-05 0.000185598 0)
(-0.000279621 0.000289459 0)
(-0.000528692 0.000391665 0)
(-0.000832418 0.000491442 0)
(-0.00119022 0.000588971 0)
(-0.00160172 0.000685027 0)
(-0.00206692 0.00078069 0)
(-0.00258633 0.000877139 0)
(-0.00316089 0.000975494 0)
(-0.00379201 0.00107672 0)
(-0.0044814 0.00118156 0)
(-0.00523099 0.00129052 0)
(-0.00604278 0.00140384 0)
(-0.00691876 0.00152151 0)
(-0.00786071 0.00164328 0)
(-0.00887015 0.0017687 0)
(-0.00994819 0.00189712 0)
(-0.0110955 0.0020277 0)
(-0.012312 0.00215944 0)
(-0.0135972 0.00229123 0)
(-0.0149497 0.00242176 0)
(-0.0163674 0.00254965 0)
(-0.0178473 0.00267337 0)
(-0.0193855 0.00279128 0)
(-0.0209772 0.00290165 0)
(-0.0226167 0.00300267 0)
(-0.0242973 0.00309244 0)
(-0.0260111 0.00316901 0)
(-0.0277497 0.00323043 0)
(-0.0295033 0.00327469 0)
(-0.0312614 0.00329985 0)
(-0.0330127 0.00330398 0)
(-0.034745 0.00328526 0)
(-0.0364454 0.00324195 0)
(-0.0381004 0.00317246 0)
(-0.0396961 0.00307537 0)
(-0.0412181 0.00294947 0)
(-0.0426517 0.00279375 0)
(-0.0439822 0.00260749 0)
(-0.045195 0.00239025 0)
(-0.0462754 0.00214189 0)
(-0.0472095 0.00186265 0)
(-0.0479836 0.00155318 0)
(-0.0485849 0.00121456 0)
(-0.0490014 0.00084847 0)
(-0.0492221 0.000457595 0)
(-0.0492382 4.60003e-05 0)
(-0.049045 -0.000382954 0)
(-0.0486304 -0.000827514 0)
(-0.0479917 -0.00128402 0)
(-0.0471266 -0.0017477 0)
(-0.0460349 -0.00221316 0)
(-0.0447189 -0.00267455 0)
(-0.0431838 -0.00312558 0)
(-0.0414374 -0.00355971 0)
(-0.03949 -0.00397019 0)
(-0.0373551 -0.00435022 0)
(-0.0350489 -0.00469303 0)
(-0.03259 -0.00499206 0)
(-0.03 -0.00524111 0)
(-0.0273028 -0.00543452 0)
(-0.0245246 -0.00556731 0)
(-0.0216935 -0.00563544 0)
(-0.0188395 -0.00563595 0)
(-0.0159934 -0.00556711 0)
(-0.0131871 -0.00542865 0)
(-0.0104523 -0.00522176 0)
(-0.00782042 -0.00494919 0)
(-0.00532181 -0.00461511 0)
(-0.00298478 -0.00422486 0)
(-0.000834401 -0.00378504 0)
(0.00110846 -0.00330434 0)
(0.00281427 -0.00280024 0)
(0.00427377 -0.00228545 0)
(0.00548073 -0.00177016 0)
(0.0064335 -0.00126426 0)
(0.00713537 -0.000777315 0)
(0.00759441 -0.000317892 0)
(0.00782277 0.000106847 0)
(0.0078368 0.000491561 0)
(0.00765615 0.000833079 0)
(0.00730242 0.00112888 0)
(0.00679881 0.00137657 0)
(0.00617009 0.00157346 0)
(0.00544274 0.00171606 0)
(0.0046452 0.00179969 0)
(0.00380812 0.00181806 0)
(0.00296476 0.00176322 0)
(0.00215139 0.00162611 0)
(0.00140743 0.00139845 0)
(0.000771873 0.00107675 0)
(0.000281666 0.000668876 0)
(3.87176e-05 0.000206219 0)
(1.13133e-05 -0.000124463 0)
(4.4954e-05 -0.000231809 0)
(7.78943e-05 -0.000239567 0)
(7.8806e-05 -0.000176252 0)
(3.31467e-05 -6.51772e-05 0)
(-6.90145e-05 7.54952e-05 0)
(-0.000233703 0.000232324 0)
(-0.000464153 0.000396152 0)
(-0.000761656 0.000561308 0)
(-0.0011264 0.000724725 0)
(-0.00155812 0.000885304 0)
(-0.00205648 0.0010433 0)
(-0.00262144 0.00119979 0)
(-0.00325339 0.00135633 0)
(-0.0039532 0.00151457 0)
(-0.00472224 0.00167609 0)
(-0.00556227 0.00184222 0)
(-0.00647534 0.00201396 0)
(-0.00746364 0.00219194 0)
(-0.00852934 0.00237636 0)
(-0.00967448 0.00256705 0)
(-0.0109008 0.00276349 0)
(-0.0122094 0.00296479 0)
(-0.0136012 0.00316977 0)
(-0.0150762 0.00337696 0)
(-0.0166334 0.00358467 0)
(-0.0182714 0.00379094 0)
(-0.0199876 0.00399362 0)
(-0.0217783 0.0041904 0)
(-0.023639 0.00437875 0)
(-0.0255639 0.00455604 0)
(-0.0275462 0.00471948 0)
(-0.0295778 0.00486619 0)
(-0.0316498 0.00499323 0)
(-0.033752 0.0050976 0)
(-0.035873 0.00517632 0)
(-0.0380007 0.00522643 0)
(-0.0401219 0.00524507 0)
(-0.0422225 0.00522949 0)
(-0.0442878 0.00517711 0)
(-0.0463024 0.00508559 0)
(-0.0482505 0.00495281 0)
(-0.0501157 0.00477697 0)
(-0.0518817 0.00455662 0)
(-0.0535319 0.00429068 0)
(-0.05505 0.0039785 0)
(-0.05642 0.00361987 0)
(-0.0576261 0.00321508 0)
(-0.0586534 0.00276499 0)
(-0.0594878 0.00227102 0)
(-0.0601162 0.00173526 0)
(-0.0605263 0.00116059 0)
(-0.060707 0.000551134 0)
(-0.060651 -8.76247e-05 0)
(-0.0603484 -0.000751365 0)
(-0.0597932 -0.00143645 0)
(-0.058982 -0.00213658 0)
(-0.0579135 -0.00284451 0)
(-0.0565886 -0.00355233 0)
(-0.0550113 -0.00425155 0)
(-0.0531878 -0.00493319 0)
(-0.0511274 -0.0055879 0)
(-0.0488419 -0.00620612 0)
(-0.046346 -0.0067782 0)
(-0.0436573 -0.00729458 0)
(-0.040796 -0.00774597 0)
(-0.0377852 -0.00812356 0)
(-0.0346504 -0.00841924 0)
(-0.0314194 -0.00862584 0)
(-0.0281225 -0.00873741 0)
(-0.0247914 -0.00874944 0)
(-0.0214597 -0.0086591 0)
(-0.0181618 -0.00846553 0)
(-0.0149325 -0.00816994 0)
(-0.0118068 -0.00777574 0)
(-0.00881867 -0.00728861 0)
(-0.00600052 -0.00671624 0)
(-0.00338227 -0.00606819 0)
(-0.000989871 -0.00535582 0)
(0.001156 -0.00459449 0)
(0.00302165 -0.00381022 0)
(0.00459985 -0.00302035 0)
(0.00588564 -0.0022398 0)
(0.0068794 -0.00148302 0)
(0.00758733 -0.000763502 0)
(0.00802094 -9.30076e-05 0)
(0.00819613 0.000518805 0)
(0.00813418 0.00106531 0)
(0.00785966 0.00154194 0)
(0.00739907 0.00194448 0)
(0.00678091 0.00226838 0)
(0.00603573 0.00250819 0)
(0.00519628 0.00265702 0)
(0.00429766 0.00270611 0)
(0.00337764 0.00264478 0)
(0.00247714 0.00246103 0)
(0.00164071 0.00214352 0)
(0.00091335 0.00168529 0)
(0.000339945 0.00108939 0)
(4.87057e-05 0.000377257 0)
(8.28721e-06 -0.00014595 0)
(2.19747e-05 -0.000253507 0)
(1.29892e-05 -0.000234274 0)
(-4.36463e-05 -0.000125207 0)
(-0.000161405 4.40659e-05 0)
(-0.000348976 0.000250561 0)
(-0.000611469 0.000477551 0)
(-0.000951405 0.000713641 0)
(-0.00136973 0.00095175 0)
(-0.00186654 0.00118812 0)
(-0.00244167 0.00142146 0)
(-0.00309505 0.00165218 0)
(-0.00382698 0.00188177 0)
(-0.00463824 0.00211223 0)
(-0.00553012 0.00234572 0)
(-0.00650439 0.00258424 0)
(-0.00756313 0.00282945 0)
(-0.00870866 0.00308252 0)
(-0.00994328 0.00334407 0)
(-0.0112692 0.00361418 0)
(-0.0126883 0.00389237 0)
(-0.014202 0.00417765 0)
(-0.0158109 0.00446853 0)
(-0.0175153 0.00476313 0)
(-0.019314 0.00505913 0)
(-0.0212054 0.00535391 0)
(-0.0231865 0.00564452 0)
(-0.0252532 0.00592773 0)
(-0.0274002 0.00620008 0)
(-0.0296211 0.00645789 0)
(-0.0319082 0.00669734 0)
(-0.0342524 0.00691444 0)
(-0.0366437 0.00710514 0)
(-0.0390705 0.00726532 0)
(-0.0415204 0.00739089 0)
(-0.0439798 0.00747781 0)
(-0.0464341 0.00752217 0)
(-0.0488679 0.00752024 0)
(-0.051265 0.00746851 0)
(-0.0536086 0.00736379 0)
(-0.0558815 0.00720323 0)
(-0.0580661 0.00698439 0)
(-0.0601448 0.00670529 0)
(-0.0620998 0.00636447 0)
(-0.0639137 0.00596099 0)
(-0.0655695 0.00549454 0)
(-0.0670504 0.00496541 0)
(-0.0683407 0.00437459 0)
(-0.0694253 0.00372377 0)
(-0.0702902 0.00301542 0)
(-0.0709228 0.00225279 0)
(-0.0713111 0.00144011 0)
(-0.0714441 0.000582853 0)
(-0.0713165 -0.000312446 0)
(-0.0709165 -0.00123995 0)
(-0.0702406 -0.00219293 0)
(-0.0692863 -0.00316285 0)
(-0.0680531 -0.00414008 0)
(-0.0665431 -0.0051142 0)
(-0.0647609 -0.00607411 0)
(-0.0627136 -0.00700815 0)
(-0.060411 -0.00790426 0)
(-0.0578655 -0.00875011 0)
(-0.0550922 -0.00953327 0)
(-0.052109 -0.0102414 0)
(-0.0489366 -0.0108625 0)
(-0.0455981 -0.0113852 0)
(-0.0421195 -0.0117987 0)
(-0.0385292 -0.0120936 0)
(-0.0348577 -0.0122619 0)
(-0.0311379 -0.0122972 0)
(-0.0274043 -0.0121953 0)
(-0.0236927 -0.0119544 0)
(-0.0200401 -0.0115752 0)
(-0.0164835 -0.0110616 0)
(-0.0130598 -0.0104201 0)
(-0.00980457 -0.00966037 0)
(-0.00675162 -0.00879486 0)
(-0.00393152 -0.0078387 0)
(-0.00137082 -0.00681004 0)
(0.000910015 -0.00573023 0)
(0.0028765 -0.00463373 0)
(0.00452156 -0.00354315 0)
(0.00584173 -0.00247865 0)
(0.00684017 -0.00145929 0)
(0.00752656 -0.00050225 0)
(0.00791615 0.000377825 0)
(0.00802879 0.00116883 0)
(0.00789142 0.00186315 0)
(0.00753312 0.00245435 0)
(0.00698519 0.0029357 0)
(0.00628128 0.00329952 0)
(0.00545747 0.00353655 0)
(0.00455235 0.00363543 0)
(0.00360727 0.00358257 0)
(0.00266706 0.0033627 0)
(0.00178088 0.00296038 0)
(0.000999369 0.00236309 0)
(0.000374658 0.0015653 0)
(5.40951e-05 0.000573644 0)
(4.52122e-06 -0.000153278 0)
(-7.07475e-06 -0.000238646 0)
(-6.85987e-05 -0.000173267 0)
(-0.000195833 -1.81479e-06 0)
(-0.000400339 0.000240285 0)
(-0.000688899 0.000525705 0)
(-0.00106499 0.000834867 0)
(-0.00153004 0.00115453 0)
(-0.00208433 0.00147657 0)
(-0.00272768 0.00179678 0)
(-0.00345989 0.00211392 0)
(-0.00428109 0.0024287 0)
(-0.00519188 0.00274307 0)
(-0.00619346 0.00305956 0)
(-0.00728751 0.00338081 0)
(-0.00847612 0.00370919 0)
(-0.00976169 0.00404657 0)
(-0.0111466 0.0043942 0)
(-0.0126333 0.00475258 0)
(-0.0142238 0.00512147 0)
(-0.0159195 0.0054999 0)
(-0.0177214 0.00588623 0)
(-0.0196294 0.0062782 0)
(-0.0216427 0.00667298 0)
(-0.0237593 0.00706725 0)
(-0.0259759 0.00745724 0)
(-0.0282882 0.0078388 0)
(-0.0306903 0.00820746 0)
(-0.0331754 0.00855847 0)
(-0.0357348 0.00888686 0)
(-0.0383589 0.00918748 0)
(-0.0410367 0.00945509 0)
(-0.0437557 0.00968438 0)
(-0.0465025 0.00987007 0)
(-0.0492624 0.010007 0)
(-0.0520199 0.0100901 0)
(-0.0547585 0.0101146 0)
(-0.0574609 0.010076 0)
(-0.0601095 0.00997029 0)
(-0.062686 0.00979374 0)
(-0.065172 0.00954325 0)
(-0.0675489 0.00921627 0)
(-0.0697984 0.00881087 0)
(-0.0719022 0.00832582 0)
(-0.0738427 0.00776059 0)
(-0.0756026 0.00711543 0)
(-0.0771655 0.00639138 0)
(-0.078516 0.00559029 0)
(-0.0796395 0.00471491 0)
(-0.0805227 0.00376884 0)
(-0.0811536 0.00275664 0)
(-0.0815209 0.00168385 0)
(-0.0816144 0.000557212 0)
(-0.0814301 -0.000615586 0)
(-0.0809558 -0.00182645 0)
(-0.0801896 -0.0030661 0)
(-0.0791296 -0.00432373 0)
(-0.077776 -0.00558742 0)
(-0.0761312 -0.00684436 0)
(-0.0742 -0.008081 0)
(-0.0719897 -0.00928317 0)
(-0.0695099 -0.0104362 0)
(-0.0667729 -0.0115252 0)
(-0.0637932 -0.0125351 0)
(-0.0605884 -0.0134508 0)
(-0.0571784 -0.0142576 0)
(-0.053586 -0.0149414 0)
(-0.0498365 -0.0154891 0)
(-0.0459579 -0.0158886 0)
(-0.0419805 -0.0161297 0)
(-0.0379372 -0.0162039 0)
(-0.0338626 -0.0161053 0)
(-0.0297935 -0.0158307 0)
(-0.0257676 -0.0153801 0)
(-0.0218238 -0.0147569 0)
(-0.018001 -0.0139682 0)
(-0.0143377 -0.0130249 0)
(-0.0108709 -0.0119419 0)
(-0.00763525 -0.0107376 0)
(-0.00466201 -0.00943398 0)
(-0.0019779 -0.00805638 0)
(0.000395268 -0.00663362 0)
(0.00242784 -0.00520493 0)
(0.00410892 -0.00380124 0)
(0.00543772 -0.00244808 0)
(0.00642109 -0.00116875 0)
(0.00707284 1.67654e-05 0)
(0.00741099 0.00108979 0)
(0.00746207 0.00203746 0)
(0.00725778 0.00285059 0)
(0.00683165 0.00352005 0)
(0.00621982 0.00403569 0)
(0.0054611 0.00438568 0)
(0.00459696 0.00455592 0)
(0.00367186 0.00452967 0)
(0.00273408 0.00428783 0)
(0.00183688 0.00380997 0)
(0.00103591 0.00307636 0)
(0.000389286 0.00207071 0)
(5.6023e-05 0.000782981 0)
(1.92804e-07 -0.00014367 0)
(-4.08179e-05 -0.000179868 0)
(-0.000163478 -4.59726e-05 0)
(-0.000372256 0.000206625 0)
(-0.000675878 0.000537345 0)
(-0.00107867 0.00091538 0)
(-0.00158191 0.00131883 0)
(-0.00218552 0.00173312 0)
(-0.00288886 0.00214953 0)
(-0.00369125 0.00256381 0)
(-0.00459233 0.00297499 0)
(-0.00559235 0.00338431 0)
(-0.0066922 0.00379428 0)
(-0.00789339 0.00420798 0)
(-0.00919795 0.00462852 0)
(-0.0106083 0.00505857 0)
(-0.0121269 0.00550011 0)
(-0.0137564 0.0059543 0)
(-0.0154988 0.00642134 0)
(-0.0173559 0.0069005 0)
(-0.0193288 0.00739013 0)
(-0.0214174 0.00788775 0)
(-0.023621 0.00839008 0)
(-0.0259375 0.00889318 0)
(-0.0283635 0.00939251 0)
(-0.0308944 0.009883 0)
(-0.0335241 0.0103592 0)
(-0.0362452 0.0108151 0)
(-0.0390487 0.0112447 0)
(-0.0419243 0.0116416 0)
(-0.0448603 0.0119994 0)
(-0.0478436 0.0123113 0)
(-0.0508601 0.0125711 0)
(-0.0538944 0.0127722 0)
(-0.0569301 0.0129085 0)
(-0.0599501 0.012974 0)
(-0.0629364 0.0129634 0)
(-0.0658707 0.0128714 0)
(-0.068734 0.0126937 0)
(-0.0715074 0.0124264 0)
(-0.0741719 0.0120663 0)
(-0.0767085 0.011611 0)
(-0.0790987 0.0110588 0)
(-0.0813244 0.010409 0)
(-0.0833682 0.00966161 0)
(-0.0852133 0.00881769 0)
(-0.086844 0.00787918 0)
(-0.0882453 0.00684895 0)
(-0.0894038 0.00573088 0)
(-0.0903068 0.00452981 0)
(-0.0909433 0.00325158 0)
(-0.0913027 0.00190306 0)
(-0.0913756 0.000492198 0)
(-0.0911592 -0.00097208 0)
(-0.0906413 -0.00247956 0)
(-0.0898209 -0.00401857 0)
(-0.0886962 -0.00557615 0)
(-0.0872675 -0.00713827 0)
(-0.0855371 -0.00868996 0)
(-0.0835095 -0.0102154 0)
(-0.0811913 -0.0116982 0)
(-0.0785915 -0.0131212 0)
(-0.0757213 -0.0144671 0)
(-0.0725945 -0.0157181 0)
(-0.0692274 -0.0168567 0)
(-0.0656388 -0.0178655 0)
(-0.0618503 -0.0187277 0)
(-0.057886 -0.0194276 0)
(-0.0537731 -0.0199505 0)
(-0.049541 -0.0202835 0)
(-0.0452219 -0.020416 0)
(-0.0408505 -0.0203399 0)
(-0.0364633 -0.0200503 0)
(-0.0320991 -0.0195458 0)
(-0.0277976 -0.0188289 0)
(-0.0235995 -0.0179068 0)
(-0.0195458 -0.0167909 0)
(-0.0156765 -0.0154976 0)
(-0.0120299 -0.0140481 0)
(-0.00864176 -0.0124678 0)
(-0.00554404 -0.0107866 0)
(-0.00276394 -0.0090379 0)
(-0.000324293 -0.00725814 0)
(0.00175305 -0.00548803 0)
(0.00345133 -0.00377082 0)
(0.0047739 -0.00213688 0)
(0.00573201 -0.00061185 0)
(0.00634316 0.000779618 0)
(0.00662948 0.00201615 0)
(0.00662539 0.00308476 0)
(0.00636651 0.00397362 0)
(0.00589113 0.00466996 0)
(0.00524048 0.00515921 0)
(0.00445863 0.00542431 0)
(0.00359285 0.00544509 0)
(0.00269455 0.00519817 0)
(0.00182057 0.00465744 0)
(0.00103074 0.00379507 0)
(0.000387698 0.00258321 0)
(5.54641e-05 0.000995263 0)
(-4.55568e-06 -0.000114965 0)
(-7.83872e-05 -7.12369e-05 0)
(-0.000269293 0.000156392 0)
(-0.000568651 0.000510665 0)
(-0.00098184 0.000947007 0)
(-0.00151004 0.0014319 0)
(-0.00215189 0.00194186 0)
(-0.00290545 0.00246163 0)
(-0.00376888 0.00298243 0)
(-0.00474082 0.00350038 0)
(-0.00582066 0.00401516 0)
(-0.00700865 0.0045287 0)
(-0.00830588 0.00504423 0)
(-0.00971414 0.00556543 0)
(-0.0112357 0.00609581 0)
(-0.0128732 0.00663827 0)
(-0.0146293 0.00719477 0)
(-0.0165063 0.0077662 0)
(-0.0185061 0.00835227 0)
(-0.0206299 0.00895156 0)
(-0.0228781 0.00956152 0)
(-0.02525 0.0101786 0)
(-0.0277433 0.0107984 0)
(-0.030355 0.0114156 0)
(-0.0330801 0.0120243 0)
(-0.0359125 0.012618 0)
(-0.0388444 0.0131897 0)
(-0.0418666 0.0137321 0)
(-0.0449684 0.0142376 0)
(-0.0481377 0.0146985 0)
(-0.0513609 0.0151068 0)
(-0.0546233 0.0154549 0)
(-0.0579092 0.0157351 0)
(-0.0612016 0.0159401 0)
(-0.0644829 0.0160627 0)
(-0.0677348 0.0160964 0)
(-0.0709384 0.0160351 0)
(-0.0740746 0.0158736 0)
(-0.077124 0.015607 0)
(-0.0800673 0.0152316 0)
(-0.0828855 0.0147444 0)
(-0.0855597 0.0141432 0)
(-0.0880718 0.0134269 0)
(-0.090404 0.0125955 0)
(-0.0925397 0.0116496 0)
(-0.0944629 0.0105914 0)
(-0.0961585 0.00942365 0)
(-0.0976127 0.00815041 0)
(-0.0988127 0.00677668 0)
(-0.0997471 0.00530854 0)
(-0.100405 0.00375308 0)
(-0.100778 0.00211841 0)
(-0.100856 0.000413656 0)
(-0.100636 -0.00135108 0)
(-0.100109 -0.00316381 0)
(-0.0992717 -0.00501067 0)
(-0.0981229 -0.00687678 0)
(-0.0966624 -0.00874622 0)
(-0.0948917 -0.0106021 0)
(-0.0928146 -0.0124266 0)
(-0.0904367 -0.014201 0)
(-0.0877656 -0.0159061 0)
(-0.0848113 -0.0175222 0)
(-0.0815861 -0.0190291 0)
(-0.0781048 -0.0204067 0)
(-0.0743845 -0.021635 0)
(-0.0704453 -0.0226945 0)
(-0.06631 -0.0235667 0)
(-0.062004 -0.0242341 0)
(-0.0575559 -0.0246813 0)
(-0.0529969 -0.024895 0)
(-0.0483609 -0.0248644 0)
(-0.0436843 -0.0245826 0)
(-0.0390061 -0.0240463 0)
(-0.034367 -0.0232568 0)
(-0.0298091 -0.0222202 0)
(-0.0253752 -0.0209481 0)
(-0.0211084 -0.0194578 0)
(-0.0170505 -0.0177721 0)
(-0.0132415 -0.0159196 0)
(-0.00971825 -0.0139339 0)
(-0.00651354 -0.0118533 0)
(-0.00365514 -0.00972002 0)
(-0.00116603 -0.00757798 0)
(0.000940944 -0.00546821 0)
(0.00264346 -0.00344881 0)
(0.00395109 -0.00155145 0)
(0.0048785 0.000193264 0)
(0.00544477 0.00175477 0)
(0.00568332 0.00311346 0)
(0.00563265 0.00425427 0)
(0.00533316 0.00516157 0)
(0.00482836 0.00581793 0)
(0.00416487 0.00620311 0)
(0.00339263 0.0062933 0)
(0.0025659 0.00606057 0)
(0.0017446 0.00547273 0)
(0.000991864 0.00449369 0)
(0.000373487 0.00308425 0)
(5.31587e-05 0.00120269 0)
(-9.72178e-06 -6.53208e-05 0)
(-0.000119153 9.23852e-05 0)
(-0.000384128 0.000441105 0)
(-0.000781734 0.000919218 0)
(-0.00131321 0.00147915 0)
(-0.00197614 0.0020856 0)
(-0.0027661 0.00271437 0)
(-0.00367899 0.00335025 0)
(-0.00471155 0.00398504 0)
(-0.00586159 0.00461572 0)
(-0.00712811 0.00524296 0)
(-0.0085113 0.00586966 0)
(-0.0100124 0.00649988 0)
(-0.0116332 0.00713795 0)
(-0.0133764 0.00778773 0)
(-0.0152447 0.00845223 0)
(-0.0172404 0.00913324 0)
(-0.0193659 0.0098312 0)
(-0.0216226 0.0105451 0)
(-0.0240111 0.0112727 0)
(-0.0265309 0.0120103 0)
(-0.02918 0.012753 0)
(-0.0319554 0.0134952 0)
(-0.0348524 0.01423 0)
(-0.0378646 0.0149501 0)
(-0.0409842 0.0156474 0)
(-0.044202 0.0163133 0)
(-0.0475069 0.0169391 0)
(-0.0508866 0.0175157 0)
(-0.0543274 0.018034 0)
(-0.0578144 0.018485 0)
(-0.0613312 0.0188596 0)
(-0.064861 0.0191493 0)
(-0.0683857 0.0193459 0)
(-0.0718868 0.0194416 0)
(-0.0753453 0.0194295 0)
(-0.0787417 0.0193031 0)
(-0.0820568 0.0190569 0)
(-0.0852711 0.0186864 0)
(-0.0883654 0.0181879 0)
(-0.091321 0.0175587 0)
(-0.0941196 0.0167973 0)
(-0.0967436 0.0159032 0)
(-0.0991762 0.0148771 0)
(-0.101401 0.0137206 0)
(-0.103404 0.0124367 0)
(-0.10517 0.0110293 0)
(-0.106687 0.00950351 0)
(-0.107942 0.00786551 0)
(-0.108925 0.0061225 0)
(-0.109626 0.00428274 0)
(-0.110036 0.00235547 0)
(-0.110146 0.000350869 0)
(-0.109955 -0.0017199 0)
(-0.109451 -0.00384346 0)
(-0.108633 -0.00600406 0)
(-0.107497 -0.00818516 0)
(-0.106043 -0.0103692 0)
(-0.104272 -0.0125374 0)
(-0.102186 -0.0146703 0)
(-0.0997889 -0.0167471 0)
(-0.0970873 -0.0187465 0)
(-0.0940894 -0.0206465 0)
(-0.0908056 -0.0224247 0)
(-0.087249 -0.0240585 0)
(-0.0834349 -0.0255251 0)
(-0.0793816 -0.0268025 0)
(-0.07511 -0.0278691 0)
(-0.070644 -0.0287048 0)
(-0.0660106 -0.029291 0)
(-0.0612397 -0.0296115 0)
(-0.0563643 -0.0296528 0)
(-0.0514206 -0.0294053 0)
(-0.0464471 -0.0288633 0)
(-0.0414852 -0.0280262 0)
(-0.0365781 -0.0268986 0)
(-0.0317707 -0.0254915 0)
(-0.0271082 -0.0238222 0)
(-0.0226362 -0.0219146 0)
(-0.0183986 -0.0197995 0)
(-0.0144373 -0.0175138 0)
(-0.0107904 -0.0151002 0)
(-0.00749138 -0.0126062 0)
(-0.00456828 -0.0100823 0)
(-0.00204074 -0.00757932 0)
(7.77701e-05 -0.00514844 0)
(0.00177645 -0.0028447 0)
(0.00306069 -0.000712965 0)
(0.00395126 0.00121106 0)
(0.00447321 0.00289647 0)
(0.00466875 0.00432378 0)
(0.00458088 0.00547417 0)
(0.00425561 0.00632729 0)
(0.0037421 0.00685965 0)
(0.00309297 0.00704365 0)
(0.00236516 0.00684669 0)
(0.00162122 0.00623058 0)
(0.000926825 0.00515122 0)
(0.000349843 0.00355909 0)
(4.96774e-05 0.00139939 0)
(-1.5124e-05 6.86379e-06 0)
(-0.00016262 0.000315088 0)
(-0.000506739 0.00081425 0)
(-0.00100884 0.00143968 0)
(-0.00166574 0.00214192 0)
(-0.00247098 0.00288496 0)
(-0.00341671 0.00364483 0)
(-0.00449639 0.00440722 0)
(-0.00570518 0.00516516 0)
(-0.00703991 0.00591708 0)
(-0.00849911 0.006665 0)
(-0.0100828 0.00741306 0)
(-0.0117921 0.00816628 0)
(-0.0136293 0.00892964 0)
(-0.0155967 0.00970734 0)
(-0.0176972 0.0105024 0)
(-0.019933 0.0113162 0)
(-0.022306 0.0121485 0)
(-0.024817 0.0129976 0)
(-0.027466 0.0138599 0)
(-0.0302514 0.0147305 0)
(-0.0331702 0.0156033 0)
(-0.036218 0.0164708 0)
(-0.0393887 0.0173247 0)
(-0.0426745 0.0181562 0)
(-0.0460661 0.0189554 0)
(-0.0495527 0.0197123 0)
(-0.0531217 0.0204167 0)
(-0.0567594 0.0210581 0)
(-0.0604507 0.0216261 0)
(-0.0641794 0.0221106 0)
(-0.0679283 0.0225015 0)
(-0.0716794 0.0227895 0)
(-0.0754142 0.0229658 0)
(-0.0791135 0.0230221 0)
(-0.082758 0.0229512 0)
(-0.0863284 0.0227465 0)
(-0.0898053 0.0224028 0)
(-0.0931696 0.0219155 0)
(-0.0964026 0.0212815 0)
(-0.0994863 0.0204986 0)
(-0.102403 0.0195659 0)
(-0.105136 0.0184836 0)
(-0.107669 0.0172533 0)
(-0.109987 0.0158777 0)
(-0.112077 0.0143604 0)
(-0.113924 0.0127067 0)
(-0.115517 0.0109224 0)
(-0.116844 0.00901495 0)
(-0.117895 0.0069925 0)
(-0.11866 0.00486437 0)
(-0.119132 0.0026408 0)
(-0.119302 0.000332843 0)
(-0.119167 -0.00204741 0)
(-0.118716 -0.00448559 0)
(-0.117948 -0.00696439 0)
(-0.116858 -0.00946583 0)
(-0.115443 -0.0119709 0)
(-0.113705 -0.0144593 0)
(-0.111643 -0.0169096 0)
(-0.109261 -0.0192995 0)
(-0.106562 -0.0216057 0)
(-0.103554 -0.0238039 0)
(-0.100245 -0.0258695 0)
(-0.0966451 -0.0277775 0)
(-0.0927688 -0.0295025 0)
(-0.0886319 -0.0310196 0)
(-0.0842534 -0.0323045 0)
(-0.0796554 -0.0333338 0)
(-0.0748628 -0.034086 0)
(-0.0699044 -0.0345415 0)
(-0.0648117 -0.0346838 0)
(-0.0596201 -0.0345001 0)
(-0.0543679 -0.0339818 0)
(-0.0490964 -0.0331258 0)
(-0.0438498 -0.0319347 0)
(-0.0386743 -0.0304179 0)
(-0.0336179 -0.028592 0)
(-0.0287288 -0.0264813 0)
(-0.0240554 -0.0241179 0)
(-0.019644 -0.0215413 0)
(-0.0155385 -0.0187982 0)
(-0.0117782 -0.0159411 0)
(-0.0083972 -0.013027 0)
(-0.00542166 -0.0101148 0)
(-0.00286992 -0.00726518 0)
(-0.000752863 -0.00453637 0)
(0.000930307 -0.00197923 0)
(0.00218404 0.000344563 0)
(0.0030302 0.00239577 0)
(0.00350829 0.00414665 0)
(0.00366527 0.00557471 0)
(0.00355005 0.00665657 0)
(0.00321451 0.00736543 0)
(0.00271401 0.00766991 0)
(0.00210813 0.00753285 0)
(0.00146171 0.00691034 0)
(0.000842451 0.00575105 0)
(0.000319547 0.00399647 0)
(4.54768e-05 0.00158116 0)
(-2.08509e-05 0.000102937 0)
(-0.000208488 0.000600236 0)
(-0.000635867 0.00128085 0)
(-0.00124759 0.00207811 0)
(-0.00203564 0.00294191 0)
(-0.00298914 0.00383673 0)
(-0.00409652 0.00473989 0)
(-0.00534862 0.00563885 0)
(-0.00673884 0.00652868 0)
(-0.00826294 0.00740977 0)
(-0.00991886 0.00828594 0)
(-0.0117064 0.00916281 0)
(-0.0136266 0.0100465 0)
(-0.0156817 0.0109427 0)
(-0.017874 0.0118557 0)
(-0.0202063 0.0127886 0)
(-0.0226804 0.0137421 0)
(-0.0252979 0.0147153 0)
(-0.0280588 0.0157053 0)
(-0.0309621 0.0167071 0)
(-0.0340054 0.0177145 0)
(-0.0371844 0.0187197 0)
(-0.0404935 0.0197137 0)
(-0.0439251 0.0206866 0)
(-0.0474701 0.0216276 0)
(-0.0511177 0.0225255 0)
(-0.0548558 0.0233688 0)
(-0.0586704 0.0241458 0)
(-0.0625468 0.0248446 0)
(-0.0664687 0.0254539 0)
(-0.070419 0.0259625 0)
(-0.0743799 0.0263595 0)
(-0.0783328 0.026635 0)
(-0.0822587 0.0267798 0)
(-0.0861385 0.0267853 0)
(-0.089953 0.0266442 0)
(-0.0936829 0.0263502 0)
(-0.0973094 0.025898 0)
(-0.100814 0.0252837 0)
(-0.104178 0.0245045 0)
(-0.107386 0.023559 0)
(-0.110419 0.022447 0)
(-0.113262 0.0211694 0)
(-0.1159 0.0197287 0)
(-0.118318 0.0181284 0)
(-0.120504 0.0163733 0)
(-0.122444 0.0144692 0)
(-0.124127 0.0124233 0)
(-0.125543 0.0102436 0)
(-0.126681 0.00793937 0)
(-0.127532 0.00552076 0)
(-0.128088 0.00299887 0)
(-0.12834 0.000385502 0)
(-0.128284 -0.00230655 0)
(-0.127913 -0.00506213 0)
(-0.127219 -0.00786281 0)
(-0.1262 -0.0106894 0)
(-0.124853 -0.0135215 0)
(-0.123174 -0.0163375 0)
(-0.121164 -0.0191144 0)
(-0.118824 -0.0218281 0)
(-0.116156 -0.0244535 0)
(-0.113165 -0.0269643 0)
(-0.109858 -0.0293338 0)
(-0.106243 -0.0315345 0)
(-0.102332 -0.0335385 0)
(-0.0981386 -0.0353181 0)
(-0.0936798 -0.036846 0)
(-0.0889754 -0.0380957 0)
(-0.0840486 -0.0390422 0)
(-0.078926 -0.0396628 0)
(-0.0736377 -0.0399373 0)
(-0.0682179 -0.0398494 0)
(-0.0627039 -0.0393872 0)
(-0.0571372 -0.0385443 0)
(-0.051562 -0.0373206 0)
(-0.046026 -0.0357232 0)
(-0.0405789 -0.0337673 0)
(-0.0352721 -0.0314766 0)
(-0.0301575 -0.0288836 0)
(-0.0252864 -0.0260298 0)
(-0.020708 -0.022965 0)
(-0.0164679 -0.0197465 0)
(-0.0126065 -0.0164374 0)
(-0.00915704 -0.0131047 0)
(-0.00614445 -0.0098176 0)
(-0.00358461 -0.00664433 0)
(-0.00148223 -0.0036485 0)
(0.000168305 -0.000888934 0)
(0.00138064 0.001573 0)
(0.00217813 0.00368876 0)
(0.00261222 0.00543241 0)
(0.00273558 0.00677797 0)
(0.0026032 0.00769545 0)
(0.00227347 0.00814977 0)
(0.00180872 0.00809954 0)
(0.00127599 0.00749568 0)
(0.000744679 0.00628058 0)
(0.000284968 0.00438831 0)
(4.09272e-05 0.00174521 0)
(-2.68808e-05 0.00022403 0)
(-0.000256408 0.000950833 0)
(-0.000770383 0.00184505 0)
(-0.00149578 0.00283931 0)
(-0.00241935 0.00388421 0)
(-0.00352551 0.00494599 0)
(-0.00479874 0.00600439 0)
(-0.00622709 0.00704965 0)
(-0.00780209 0.00807959 0)
(-0.00951836 0.00909721 0)
(-0.0113732 0.0101085 0)
(-0.013366 0.0111209 0)
(-0.0154977 0.0121417 0)
(-0.0177705 0.0131772 0)
(-0.0201865 0.0142321 0)
(-0.0227482 0.0153089 0)
(-0.0254571 0.0164078 0)
(-0.028314 0.0175269 0)
(-0.0313184 0.0186619 0)
(-0.0344683 0.0198066 0)
(-0.0377601 0.0209529 0)
(-0.0411884 0.0220914 0)
(-0.0447463 0.0232114 0)
(-0.0484249 0.0243013 0)
(-0.0522139 0.0253488 0)
(-0.0561012 0.026341 0)
(-0.0600734 0.0272649 0)
(-0.0641158 0.0281077 0)
(-0.0682125 0.0288563 0)
(-0.0723464 0.0294982 0)
(-0.0765 0.0300216 0)
(-0.080655 0.0304151 0)
(-0.0847925 0.0306682 0)
(-0.0888938 0.0307714 0)
(-0.0929397 0.0307162 0)
(-0.0969113 0.0304954 0)
(-0.10079 0.0301028 0)
(-0.104557 0.0295337 0)
(-0.108196 0.0287845 0)
(-0.111688 0.0278531 0)
(-0.115017 0.0267388 0)
(-0.118167 0.025442 0)
(-0.121123 0.0239646 0)
(-0.123871 0.0223098 0)
(-0.126398 0.0204819 0)
(-0.128689 0.0184865 0)
(-0.130734 0.0163303 0)
(-0.132521 0.0140213 0)
(-0.134039 0.0115683 0)
(-0.13528 0.00898133 0)
(-0.136232 0.0062713 0)
(-0.136889 0.00345002 0)
(-0.137242 0.00052993 0)
(-0.137285 -0.0024756 0)
(-0.137011 -0.0055508 0)
(-0.136413 -0.00867653 0)
(-0.135485 -0.0118326 0)
(-0.134224 -0.0149974 0)
(-0.132627 -0.018148 0)
(-0.13069 -0.0212601 0)
(-0.128415 -0.0243079 0)
(-0.125801 -0.0272646 0)
(-0.122851 -0.0301023 0)
(-0.11957 -0.0327918 0)
(-0.115965 -0.0353035 0)
(-0.112045 -0.037607 0)
(-0.107821 -0.039672 0)
(-0.103308 -0.041468 0)
(-0.0985231 -0.0429654 0)
(-0.0934873 -0.0441357 0)
(-0.088225 -0.0449526 0)
(-0.0827647 -0.0453921 0)
(-0.0771384 -0.0454341 0)
(-0.0713828 -0.0450627 0)
(-0.0655381 -0.0442677 0)
(-0.0596489 -0.0430457 0)
(-0.0537633 -0.0414008 0)
(-0.0479328 -0.0393455 0)
(-0.0422111 -0.0369022 0)
(-0.0366538 -0.0341029 0)
(-0.0313167 -0.03099 0)
(-0.0262544 -0.0276158 0)
(-0.0215189 -0.0240416 0)
(-0.0171574 -0.0203366 0)
(-0.0132106 -0.0165754 0)
(-0.00971075 -0.012836 0)
(-0.00668037 -0.00919702 0)
(-0.00413048 -0.00573389 0)
(-0.00206035 -0.00251779 0)
(-0.000455659 0.000387099 0)
(0.000698711 0.00291587 0)
(0.00144188 0.00501773 0)
(0.00183136 0.00666579 0)
(0.0019255 0.00782742 0)
(0.00178613 0.00846418 0)
(0.00147864 0.00853087 0)
(0.00107237 0.00797396 0)
(0.00063846 0.00673064 0)
(0.000248056 0.00472918 0)
(3.63244e-05 0.00188993 0)
(-3.31592e-05 0.000371149 0)
(-0.000305993 0.00136926 0)
(-0.000909165 0.00251005 0)
(-0.00175121 0.00372688 0)
(-0.00281338 0.0049725 0)
(-0.0040751 0.00621624 0)
(-0.00551673 0.00744151 0)
(-0.00712343 0.0086423 0)
(-0.00888481 0.00982005 0)
(-0.0107942 0.0109809 0)
(-0.0128483 0.0121336 0)
(-0.0150459 0.0132874 0)
(-0.017388 0.0144511 0)
(-0.0198763 0.0156315 0)
(-0.022513 0.0168336 0)
(-0.0252998 0.0180593 0)
(-0.0282381 0.0193081 0)
(-0.0313278 0.0205767 0)
(-0.0345676 0.0218596 0)
(-0.0379546 0.0231488 0)
(-0.041484 0.0244346 0)
(-0.0451494 0.0257059 0)
(-0.0489425 0.0269502 0)
(-0.0528535 0.0281541 0)
(-0.0568709 0.0293038 0)
(-0.0609814 0.030385 0)
(-0.0651708 0.0313833 0)
(-0.0694235 0.0322846 0)
(-0.0737229 0.0330751 0)
(-0.0780517 0.0337413 0)
(-0.0823918 0.0342708 0)
(-0.0867249 0.0346518 0)
(-0.0910322 0.0348737 0)
(-0.0952952 0.0349267 0)
(-0.099495 0.0348026 0)
(-0.103613 0.0344943 0)
(-0.107632 0.0339961 0)
(-0.111534 0.0333035 0)
(-0.115301 0.0324138 0)
(-0.118918 0.0313255 0)
(-0.122368 0.0300383 0)
(-0.125637 0.0285535 0)
(-0.12871 0.0268738 0)
(-0.131572 0.0250029 0)
(-0.134212 0.0229461 0)
(-0.136617 0.0207096 0)
(-0.138775 0.0183009 0)
(-0.140675 0.0157286 0)
(-0.142307 0.0130022 0)
(-0.143661 0.0101323 0)
(-0.144727 0.00713051 0)
(-0.145497 0.00400929 0)
(-0.145963 0.000781614 0)
(-0.146117 -0.00253863 0)
(-0.145954 -0.0059352 0)
(-0.145465 -0.0093886 0)
(-0.144644 -0.0128778 0)
(-0.143485 -0.0163803 0)
(-0.141985 -0.0198718 0)
(-0.14014 -0.0233268 0)
(-0.137947 -0.0267182 0)
(-0.135407 -0.0300175 0)
(-0.13252 -0.033195 0)
(-0.129288 -0.0362198 0)
(-0.125717 -0.0390601 0)
(-0.121812 -0.041683 0)
(-0.117583 -0.0440556 0)
(-0.113042 -0.0461445 0)
(-0.108204 -0.0479168 0)
(-0.103087 -0.0493407 0)
(-0.0977118 -0.0503858 0)
(-0.0921059 -0.0510242 0)
(-0.086299 -0.0512316 0)
(-0.0803256 -0.0509877 0)
(-0.074225 -0.0502782 0)
(-0.068041 -0.0490953 0)
(-0.0618221 -0.0474392 0)
(-0.0556204 -0.0453192 0)
(-0.049492 -0.0427551 0)
(-0.0434955 -0.0397774 0)
(-0.0376908 -0.0364284 0)
(-0.032138 -0.0327619 0)
(-0.0268954 -0.0288425 0)
(-0.0220175 -0.0247446 0)
(-0.0175527 -0.0205502 0)
(-0.0135416 -0.0163466 0)
(-0.0100142 -0.012223 0)
(-0.00698908 -0.00826701 0)
(-0.00447183 -0.00456245 0)
(-0.00245464 -0.00118627 0)
(-0.00091575 0.00179074 0)
(0.000168078 0.00429945 0)
(0.000851052 0.00629499 0)
(0.00119437 0.00774082 0)
(0.00126339 0.0085965 0)
(0.00112705 0.0088138 0)
(0.000857426 0.00833557 0)
(0.0005277 0.00709492 0)
(0.000210339 0.00501586 0)
(3.18942e-05 0.00201467 0)
(-3.96421e-05 0.000545118 0)
(-0.000356849 0.00185734 0)
(-0.00105105 0.00327817 0)
(-0.00201168 0.00474326 0)
(-0.00321421 0.00620906 0)
(-0.00463293 0.00764944 0)
(-0.00624394 0.00905273 0)
(-0.00802943 0.0104178 0)
(-0.00997702 0.0117504 0)
(-0.0120788 0.0130607 0)
(-0.0143306 0.0143603 0)
(-0.016731 0.0156607 0)
(-0.0192804 0.0169721 0)
(-0.0219804 0.0183022 0)
(-0.0248327 0.0196556 0)
(-0.0278388 0.0210341 0)
(-0.0309993 0.0224359 0)
(-0.0343134 0.0238565 0)
(-0.037779 0.0252887 0)
(-0.0413921 0.0267229 0)
(-0.0451471 0.0281477 0)
(-0.0490363 0.0295499 0)
(-0.0530504 0.0309155 0)
(-0.0571786 0.0322295 0)
(-0.0614083 0.0334765 0)
(-0.0657256 0.0346408 0)
(-0.0701154 0.0357069 0)
(-0.0745615 0.0366596 0)
(-0.0790471 0.0374842 0)
(-0.0835545 0.0381669 0)
(-0.0880657 0.0386946 0)
(-0.0925623 0.0390553 0)
(-0.097026 0.0392382 0)
(-0.101438 0.0392339 0)
(-0.105782 0.0390342 0)
(-0.110037 0.0386323 0)
(-0.114189 0.038023 0)
(-0.118219 0.0372025 0)
(-0.122111 0.0361685 0)
(-0.12585 0.03492 0)
(-0.12942 0.0334575 0)
(-0.132806 0.0317831 0)
(-0.135996 0.0298999 0)
(-0.138976 0.0278125 0)
(-0.141733 0.0255266 0)
(-0.144255 0.0230491 0)
(-0.146531 0.0203882 0)
(-0.148549 0.0175529 0)
(-0.150299 0.0145534 0)
(-0.151772 0.0114009 0)
(-0.152958 0.00810749 0)
(-0.153848 0.00468616 0)
(-0.154435 0.00115043 0)
(-0.154707 -0.00248528 0)
(-0.154663 -0.00620433 0)
(-0.154292 -0.00998728 0)
(-0.153587 -0.0138125 0)
(-0.152543 -0.0176564 0)
(-0.151153 -0.0214939 0)
(-0.149413 -0.0252982 0)
(-0.14732 -0.0290411 0)
(-0.144871 -0.0326926 0)
(-0.142066 -0.0362216 0)
(-0.138905 -0.0395955 0)
(-0.13539 -0.0427803 0)
(-0.131526 -0.0457411 0)
(-0.127319 -0.0484424 0)
(-0.122778 -0.050848 0)
(-0.117915 -0.0529218 0)
(-0.112746 -0.0546284 0)
(-0.107289 -0.0559337 0)
(-0.101569 -0.0568055 0)
(-0.0956109 -0.0572148 0)
(-0.0894488 -0.057137 0)
(-0.0831197 -0.0565525 0)
(-0.0766662 -0.0554488 0)
(-0.070136 -0.0538214 0)
(-0.0635818 -0.0516754 0)
(-0.057061 -0.0490268 0)
(-0.0506347 -0.0459036 0)
(-0.0443668 -0.0423468 0)
(-0.0383223 -0.0384103 0)
(-0.0325659 -0.0341611 0)
(-0.0271594 -0.0296781 0)
(-0.0221598 -0.0250501 0)
(-0.017616 -0.0203734 0)
(-0.0135672 -0.0157483 0)
(-0.0100403 -0.0112753 0)
(-0.00704829 -0.00705157 0)
(-0.00458986 -0.00316775 0)
(-0.00264622 0.000294582 0)
(-0.00119708 0.00325014 0)
(-0.000196273 0.00563909 0)
(0.000418362 0.00741571 0)
(0.00071309 0.0085316 0)
(0.000760495 0.00893732 0)
(0.000635919 0.00857315 0)
(0.000415238 0.00736925 0)
(0.000172916 0.00524675 0)
(2.77944e-05 0.00211949 0)
(-4.6281e-05 0.000746533 0)
(-0.000408552 0.00241628 0)
(-0.00119481 0.00415081 0)
(-0.00227489 0.00588973 0)
(-0.00361828 0.00759482 0)
(-0.00519398 0.00924604 0)
(-0.00697381 0.010838 0)
(-0.0089369 0.0123754 0)
(-0.0110689 0.0138695 0)
(-0.0133606 0.0153346 0)
(-0.015807 0.0167858 0)
(-0.0184062 0.0182373 0)
(-0.0211582 0.0197005 0)
(-0.0240643 0.0211839 0)
(-0.0271257 0.022692 0)
(-0.0303434 0.0242259 0)
(-0.0337174 0.0257827 0)
(-0.0372461 0.0273565 0)
(-0.0409265 0.0289383 0)
(-0.0447537 0.0305168 0)
(-0.048721 0.0320787 0)
(-0.0528198 0.0336092 0)
(-0.05704 0.0350924 0)
(-0.0613696 0.0365118 0)
(-0.0657955 0.0378506 0)
(-0.0703031 0.0390919 0)
(-0.0748767 0.0402191 0)
(-0.0795 0.0412161 0)
(-0.0841557 0.0420678 0)
(-0.0888263 0.0427596 0)
(-0.0934938 0.0432783 0)
(-0.0981403 0.0436119 0)
(-0.102748 0.0437495 0)
(-0.107298 0.043682 0)
(-0.111774 0.0434013 0)
(-0.116159 0.0429013 0)
(-0.120435 0.042177 0)
(-0.124586 0.0412253 0)
(-0.128598 0.0400444 0)
(-0.132454 0.0386339 0)
(-0.13614 0.0369949 0)
(-0.139643 0.0351301 0)
(-0.142948 0.0330432 0)
(-0.146043 0.0307393 0)
(-0.148916 0.0282247 0)
(-0.151554 0.0255068 0)
(-0.153947 0.0225944 0)
(-0.156084 0.0194969 0)
(-0.157953 0.016225 0)
(-0.159546 0.0127905 0)
(-0.160852 0.00920591 0)
(-0.161864 0.00548473 0)
(-0.162572 0.00164108 0)
(-0.162966 -0.00231013 0)
(-0.163045 -0.00635189 0)
(-0.162797 -0.0104652 0)
(-0.162215 -0.0146278 0)
(-0.161292 -0.0188155 0)
(-0.160022 -0.0230022 0)
(-0.158399 -0.0271604 0)
(-0.15642 -0.0312607 0)
(-0.154079 -0.0352721 0)
(-0.151374 -0.039162 0)
(-0.148305 -0.0428965 0)
(-0.14487 -0.0464398 0)
(-0.141072 -0.0497551 0)
(-0.136915 -0.0528043 0)
(-0.132404 -0.0555488 0)
(-0.127548 -0.0579494 0)
(-0.122361 -0.0599671 0)
(-0.116856 -0.0615639 0)
(-0.111055 -0.0627034 0)
(-0.104981 -0.0633519 0)
(-0.0986649 -0.0634794 0)
(-0.0921405 -0.0630613 0)
(-0.0854488 -0.0620793 0)
(-0.0786361 -0.0605237 0)
(-0.071755 -0.0583942 0)
(-0.0648632 -0.055702 0)
(-0.0580238 -0.0524713 0)
(-0.0513038 -0.0487404 0)
(-0.0447729 -0.0445621 0)
(-0.0385019 -0.0400044 0)
(-0.0325601 -0.0351496 0)
(-0.0270129 -0.0300925 0)
(-0.0219188 -0.0249379 0)
(-0.0173268 -0.0197974 0)
(-0.0132733 -0.0147849 0)
(-0.00978036 -0.0100122 0)
(-0.00685413 -0.00558551 0)
(-0.00448384 -0.00160172 0)
(-0.00264277 0.00184975 0)
(-0.00130211 0.0046788 0)
(-0.000397552 0.00683132 0)
(0.000139639 0.00825461 0)
(0.000382815 0.00889151 0)
(0.000410775 0.00868077 0)
(0.000302857 0.00755092 0)
(0.000136473 0.00542142 0)
(2.41152e-05 0.0022049 0)
(-5.30186e-05 0.000975754 0)
(-0.000460641 0.00304667 0)
(-0.00133915 0.00512843 0)
(-0.00253844 0.00716636 0)
(-0.00402191 0.00912932 0)
(-0.00575318 0.011005 0)
(-0.00769972 0.0127956 0)
(-0.00983769 0.0145129 0)
(-0.0121507 0.0161741 0)
(-0.0146283 0.0177988 0)
(-0.0172645 0.0194059 0)
(-0.020057 0.0210119 0)
(-0.0230053 0.0226302 0)
(-0.0261103 0.0242697 0)
(-0.0293727 0.0259348 0)
(-0.0327929 0.0276257 0)
(-0.0363702 0.0293385 0)
(-0.0401023 0.0310656 0)
(-0.0439852 0.0327962 0)
(-0.0480132 0.0345173 0)
(-0.0521787 0.0362137 0)
(-0.0564722 0.0378688 0)
(-0.0608829 0.0394652 0)
(-0.065398 0.0409849 0)
(-0.0700037 0.0424097 0)
(-0.0746851 0.0437218 0)
(-0.0794262 0.0449035 0)
(-0.0842104 0.0459383 0)
(-0.0890206 0.0468102 0)
(-0.0938393 0.0475047 0)
(-0.0986489 0.0480082 0)
(-0.103432 0.0483087 0)
(-0.10817 0.0483957 0)
(-0.112847 0.04826 0)
(-0.117445 0.0478942 0)
(-0.121948 0.0472925 0)
(-0.12634 0.0464504 0)
(-0.130605 0.0453652 0)
(-0.134728 0.0440356 0)
(-0.138695 0.042462 0)
(-0.142491 0.040646 0)
(-0.146103 0.0385905 0)
(-0.149518 0.0363 0)
(-0.152723 0.03378 0)
(-0.155706 0.0310374 0)
(-0.158456 0.02808 0)
(-0.160961 0.0249168 0)
(-0.16321 0.0215581 0)
(-0.165194 0.0180148 0)
(-0.166902 0.0142993 0)
(-0.168325 0.0104244 0)
(-0.169454 0.00640437 0)
(-0.170283 0.00225375 0)
(-0.170797 -0.00201197 0)
(-0.170999 -0.00637547 0)
(-0.170876 -0.0108184 0)
(-0.17042 -0.0153181 0)
(-0.169624 -0.01985 0)
(-0.168482 -0.0243872 0)
(-0.166986 -0.0289014 0)
(-0.165132 -0.0333626 0)
(-0.162915 -0.0377388 0)
(-0.160329 -0.0419966 0)
(-0.157372 -0.0461006 0)
(-0.154041 -0.0500138 0)
(-0.150335 -0.0536976 0)
(-0.146257 -0.0571118 0)
(-0.141807 -0.0602152 0)
(-0.136993 -0.0629659 0)
(-0.131822 -0.0653216 0)
(-0.126307 -0.0672402 0)
(-0.120464 -0.0686811 0)
(-0.114314 -0.0696056 0)
(-0.107883 -0.0699785 0)
(-0.101202 -0.0697692 0)
(-0.0943101 -0.0689537 0)
(-0.0872506 -0.0675155 0)
(-0.0800751 -0.0654485 0)
(-0.0728412 -0.062758 0)
(-0.0656129 -0.0594629 0)
(-0.0584597 -0.0555973 0)
(-0.0514553 -0.0512116 0)
(-0.0446759 -0.0463732 0)
(-0.0381982 -0.0411662 0)
(-0.0320963 -0.0356904 0)
(-0.0264386 -0.0300583 0)
(-0.0212849 -0.0243926 0)
(-0.0166823 -0.0188206 0)
(-0.0126633 -0.0134701 0)
(-0.00924312 -0.008464 0)
(-0.00641885 -0.00391611 0)
(-0.00416783 7.10987e-05 0)
(-0.00246205 0.00339358 0)
(-0.00124873 0.00597326 0)
(-0.000454908 0.00775129 0)
(-4.48162e-06 0.00866668 0)
(0.00018325 0.00865318 0)
(0.000191374 0.00763797 0)
(0.000101316 0.00554006 0)
(2.08832e-05 0.00227172 0)
(-5.97897e-05 0.00123288 0)
(-0.000512617 0.00374844 0)
(-0.0014827 0.00621053 0)
(-0.00279986 0.00857205 0)
(-0.00442133 0.0108108 0)
(-0.00630536 0.0129238 0)
(-0.00841509 0.0149223 0)
(-0.0107237 0.0168263 0)
(-0.0132128 0.01866 0)
(-0.0158706 0.0204483 0)
(-0.0186904 0.0222145 0)
(-0.0216692 0.0239781 0)
(-0.024806 0.0257538 0)
(-0.0281012 0.0275512 0)
(-0.031555 0.0293746 0)
(-0.0351672 0.0312233 0)
(-0.0389363 0.033092 0)
(-0.0428594 0.0349714 0)
(-0.0469315 0.0368492 0)
(-0.0511461 0.0387102 0)
(-0.0554949 0.0405376 0)
(-0.0599676 0.0423132 0)
(-0.0645526 0.0440179 0)
(-0.0692367 0.0456325 0)
(-0.0740057 0.0471375 0)
(-0.0788444 0.0485141 0)
(-0.0837366 0.0497441 0)
(-0.0886657 0.0508102 0)
(-0.0936146 0.0516963 0)
(-0.0985663 0.0523875 0)
(-0.103503 0.0528702 0)
(-0.108408 0.0531326 0)
(-0.113265 0.0531643 0)
(-0.118055 0.0529565 0)
(-0.122764 0.0525022 0)
(-0.127374 0.0517958 0)
(-0.131871 0.0508335 0)
(-0.136239 0.0496131 0)
(-0.140463 0.0481337 0)
(-0.144531 0.0463962 0)
(-0.148427 0.0444026 0)
(-0.152138 0.0421565 0)
(-0.155653 0.0396626 0)
(-0.158958 0.036927 0)
(-0.162041 0.0339569 0)
(-0.164892 0.0307608 0)
(-0.167499 0.027348 0)
(-0.169852 0.0237292 0)
(-0.171941 0.0199159 0)
(-0.173756 0.0159208 0)
(-0.175287 0.0117574 0)
(-0.176528 0.00744033 0)
(-0.17747 0.00298486 0)
(-0.178101 -0.00159303 0)
(-0.178423 -0.00627577 0)
(-0.178423 -0.0110458 0)
(-0.178094 -0.0158805 0)
(-0.177429 -0.0207545 0)
(-0.17642 -0.0256408 0)
(-0.17506 -0.0305106 0)
(-0.173343 -0.0353334 0)
(-0.171263 -0.0400766 0)
(-0.168814 -0.0447061 0)
(-0.165989 -0.0491857 0)
(-0.162786 -0.0534772 0)
(-0.1592 -0.0575405 0)
(-0.15523 -0.0613337 0)
(-0.150875 -0.0648136 0)
(-0.146137 -0.0679354 0)
(-0.141022 -0.0706537 0)
(-0.135537 -0.0729227 0)
(-0.129694 -0.0746974 0)
(-0.123511 -0.0759342 0)
(-0.11701 -0.0765923 0)
(-0.110217 -0.0766351 0)
(-0.103168 -0.0760318 0)
(-0.0959037 -0.0747593 0)
(-0.0884737 -0.072804 0)
(-0.0809343 -0.0701644 0)
(-0.0733494 -0.0668529 0)
(-0.06579 -0.0628979 0)
(-0.0583328 -0.0583456 0)
(-0.0510592 -0.053261 0)
(-0.0440524 -0.0477286 0)
(-0.0373952 -0.0418512 0)
(-0.0311663 -0.0357483 0)
(-0.0254368 -0.0295526 0)
(-0.0202658 -0.0234053 0)
(-0.0156976 -0.0174504 0)
(-0.0117585 -0.0118293 0)
(-0.00845472 -0.00667489 0)
(-0.00577222 -0.00210815 0)
(-0.00367807 0.00176191 0)
(-0.00213521 0.00482404 0)
(-0.00106961 0.0070101 0)
(-0.000401415 0.00825378 0)
(-4.68315e-05 0.00848525 0)
(8.08027e-05 0.00762866 0)
(6.74523e-05 0.00560297 0)
(1.80752e-05 0.00232078 0)
(-6.65219e-05 0.00151774 0)
(-0.00056395 0.00452083 0)
(-0.00162402 0.00739559 0)
(-0.00305659 0.0101045 0)
(-0.00481272 0.0126362 0)
(-0.00684533 0.0149987 0)
(-0.00911329 0.0172137 0)
(-0.0115869 0.0193104 0)
(-0.0142457 0.021321 0)
(-0.0170768 0.0232764 0)
(-0.0200724 0.0252044 0)
(-0.023229 0.0271275 0)
(-0.0265451 0.0290622 0)
(-0.0300205 0.0310186 0)
(-0.0336548 0.0330008 0)
(-0.0374473 0.035007 0)
(-0.0413956 0.0370306 0)
(-0.045496 0.0390606 0)
(-0.049743 0.0410829 0)
(-0.0541293 0.0430805 0)
(-0.0586456 0.045035 0)
(-0.0632813 0.0469263 0)
(-0.0680241 0.0487341 0)
(-0.0728606 0.0504378 0)
(-0.077776 0.0520171 0)
(-0.0827551 0.0534523 0)
(-0.0877817 0.0547245 0)
(-0.0928393 0.055816 0)
(-0.0979111 0.0567105 0)
(-0.10298 0.0573929 0)
(-0.108029 0.0578499 0)
(-0.113042 0.0580696 0)
(-0.118002 0.0580419 0)
(-0.122892 0.0577585 0)
(-0.127697 0.0572126 0)
(-0.132402 0.0563991 0)
(-0.13699 0.0553146 0)
(-0.141448 0.0539573 0)
(-0.145761 0.052327 0)
(-0.149915 0.0504246 0)
(-0.153897 0.048253 0)
(-0.157695 0.045816 0)
(-0.161295 0.0431188 0)
(-0.164686 0.040168 0)
(-0.167856 0.0369712 0)
(-0.170794 0.0335373 0)
(-0.173489 0.0298761 0)
(-0.175932 0.0259988 0)
(-0.178113 0.0219174 0)
(-0.180022 0.017645 0)
(-0.181652 0.0131957 0)
(-0.182994 0.00858454 0)
(-0.184041 0.00382768 0)
(-0.184782 -0.00105835 0)
(-0.185218 -0.00605602 0)
(-0.185338 -0.0111488 0)
(-0.185134 -0.0163138 0)
(-0.184601 -0.0215255 0)
(-0.183729 -0.0267568 0)
(-0.182512 -0.0319788 0)
(-0.180943 -0.0371607 0)
(-0.179013 -0.04227 0)
(-0.176716 -0.0472718 0)
(-0.174045 -0.0521296 0)
(-0.170993 -0.0568044 0)
(-0.167553 -0.0612551 0)
(-0.163722 -0.0654384 0)
(-0.159495 -0.069309 0)
(-0.154871 -0.07282 0)
(-0.149851 -0.0759229 0)
(-0.144438 -0.0785686 0)
(-0.138642 -0.0807076 0)
(-0.132472 -0.0822916 0)
(-0.125948 -0.0832741 0)
(-0.119093 -0.0836121 0)
(-0.111936 -0.0832677 0)
(-0.104516 -0.0822104 0)
(-0.096878 -0.0804186 0)
(-0.089077 -0.0778829 0)
(-0.0811758 -0.0746076 0)
(-0.0732455 -0.070614 0)
(-0.0653652 -0.0659423 0)
(-0.0576199 -0.0606534 0)
(-0.0500991 -0.0548297 0)
(-0.0428938 -0.0485757 0)
(-0.0360927 -0.042016 0)
(-0.0297788 -0.0352921 0)
(-0.0240243 -0.0285587 0)
(-0.0188867 -0.0219764 0)
(-0.0144048 -0.0157062 0)
(-0.0105965 -0.00990189 0)
(-0.0074567 -0.00470511 0)
(-0.00495786 -0.000242109 0)
(-0.00306167 0.0033647 0)
(-0.00170719 0.0060172 0)
(-0.000809474 0.00764404 0)
(-0.00028066 0.0081715 0)
(-2.9651e-05 0.00752127 0)
(3.4619e-05 0.00561021 0)
(1.5673e-05 0.00235283 0)
(-7.31372e-05 0.00182987 0)
(-0.000614086 0.00536235 0)
(-0.00176164 0.00868112 0)
(-0.00330603 0.0117602 0)
(-0.00519224 0.014601 0)
(-0.00736792 0.0172243 0)
(-0.00978782 0.0196636 0)
(-0.0124193 0.0219586 0)
(-0.0152402 0.0241497 0)
(-0.0182361 0.0262749 0)
(-0.0213986 0.0283667 0)
(-0.0247233 0.0304507 0)
(-0.0282082 0.0325451 0)
(-0.0318524 0.0346608 0)
(-0.0356552 0.0368014 0)
(-0.039615 0.038964 0)
(-0.0437288 0.0411407 0)
(-0.0479922 0.0433188 0)
(-0.0523989 0.0454823 0)
(-0.056941 0.0476126 0)
(-0.0616086 0.0496895 0)
(-0.0663906 0.0516915 0)
(-0.0712742 0.0535969 0)
(-0.0762457 0.0553841 0)
(-0.0812904 0.0570317 0)
(-0.0863928 0.0585195 0)
(-0.0915368 0.059828 0)
(-0.0967061 0.0609392 0)
(-0.101884 0.0618367 0)
(-0.107054 0.0625053 0)
(-0.1122 0.0629318 0)
(-0.117304 0.0631046 0)
(-0.122352 0.0630138 0)
(-0.127326 0.0626514 0)
(-0.132212 0.062011 0)
(-0.136995 0.0610878 0)
(-0.141659 0.059879 0)
(-0.14619 0.0583831 0)
(-0.150575 0.0566003 0)
(-0.1548 0.0545321 0)
(-0.158851 0.0521817 0)
(-0.162717 0.0495534 0)
(-0.166386 0.0466528 0)
(-0.169845 0.0434871 0)
(-0.173083 0.0400642 0)
(-0.176091 0.0363936 0)
(-0.178858 0.0324857 0)
(-0.181374 0.0283521 0)
(-0.183631 0.0240052 0)
(-0.18562 0.0194587 0)
(-0.187334 0.0147272 0)
(-0.188764 0.0098264 0)
(-0.189905 0.00477316 0)
(-0.190747 -0.00041519 0)
(-0.19129 -0.00572175 0)
(-0.191524 -0.0111307 0)
(-0.191444 -0.0166188 0)
(-0.191041 -0.0221611 0)
(-0.19031 -0.0277304 0)
(-0.189241 -0.0332981 0)
(-0.187828 -0.0388336 0)
(-0.186061 -0.0443044 0)
(-0.183933 -0.0496758 0)
(-0.181433 -0.0549109 0)
(-0.178554 -0.0599706 0)
(-0.175287 -0.0648128 0)
(-0.171625 -0.0693935 0)
(-0.16756 -0.0736658 0)
(-0.163087 -0.0775808 0)
(-0.158203 -0.0810873 0)
(-0.152907 -0.0841331 0)
(-0.147203 -0.0866646 0)
(-0.141097 -0.0886286 0)
(-0.134602 -0.0899731 0)
(-0.127737 -0.0906486 0)
(-0.120526 -0.0906099 0)
(-0.113004 -0.0898182 0)
(-0.105211 -0.0882436 0)
(-0.0971994 -0.0858674 0)
(-0.0890296 -0.0826851 0)
(-0.0807721 -0.078709 0)
(-0.0725067 -0.0739714 0)
(-0.0643213 -0.0685271 0)
(-0.0563105 -0.0624545 0)
(-0.0485726 -0.0558571 0)
(-0.0412063 -0.0488626 0)
(-0.0343063 -0.0416202 0)
(-0.0279586 -0.0342965 0)
(-0.0222351 -0.0270689 0)
(-0.0171894 -0.0201186 0)
(-0.0128524 -0.0136223 0)
(-0.00923048 -0.00774499 0)
(-0.00630513 -0.00263522 0)
(-0.00403531 0.00157646 0)
(-0.00237269 0.00475789 0)
(-0.00123202 0.00682733 0)
(-0.000520337 0.00770599 0)
(-0.000141555 0.0073125 0)
(2.12452e-06 0.00556187 0)
(1.37521e-05 0.0023685 0)
(-7.95532e-05 0.00216849 0)
(-0.000662455 0.00627079 0)
(-0.00189407 0.0100636 0)
(-0.00354556 0.0135345 0)
(-0.00555602 0.0166995 0)
(-0.00786801 0.019594 0)
(-0.0104322 0.0222647 0)
(-0.0132134 0.0247626 0)
(-0.0161874 0.0271376 0)
(-0.0193385 0.0294346 0)
(-0.0226576 0.0316914 0)
(-0.0261394 0.0339369 0)
(-0.0297814 0.0361912 0)
(-0.0335822 0.0384656 0)
(-0.0375403 0.0407633 0)
(-0.0416534 0.0430805 0)
(-0.0459181 0.0454077 0)
(-0.0503291 0.0477306 0)
(-0.0548796 0.0500315 0)
(-0.059561 0.05229 0)
(-0.064363 0.0544843 0)
(-0.069274 0.0565916 0)
(-0.074281 0.058589 0)
(-0.07937 0.0604537 0)
(-0.0845263 0.0621638 0)
(-0.0897343 0.0636983 0)
(-0.0949782 0.0650374 0)
(-0.100242 0.0661629 0)
(-0.105509 0.0670581 0)
(-0.110762 0.067708 0)
(-0.115987 0.0680995 0)
(-0.121166 0.0682212 0)
(-0.126284 0.0680635 0)
(-0.131325 0.0676186 0)
(-0.136275 0.0668805 0)
(-0.141117 0.065845 0)
(-0.145839 0.0645094 0)
(-0.150425 0.0628728 0)
(-0.154863 0.0609357 0)
(-0.159138 0.0587002 0)
(-0.163239 0.0561699 0)
(-0.167153 0.0533495 0)
(-0.170869 0.0502453 0)
(-0.174375 0.0468648 0)
(-0.177662 0.0432167 0)
(-0.180719 0.0393109 0)
(-0.183537 0.0351584 0)
(-0.186108 0.0307712 0)
(-0.188422 0.0261626 0)
(-0.190474 0.0213465 0)
(-0.192256 0.0163383 0)
(-0.193761 0.0111539 0)
(-0.194984 0.00581083 0)
(-0.195919 0.000327076 0)
(-0.196555 -0.00528126 0)
(-0.196897 -0.0109968 0)
(-0.196934 -0.0167981 0)
(-0.196661 -0.0226607 0)
(-0.196071 -0.0285581 0)
(-0.195155 -0.0344619 0)
(-0.193905 -0.0403421 0)
(-0.192312 -0.0461666 0)
(-0.190365 -0.0519012 0)
(-0.188056 -0.0575093 0)
(-0.185372 -0.0629515 0)
(-0.182303 -0.0681858 0)
(-0.178839 -0.0731674 0)
(-0.174968 -0.0778485 0)
(-0.170683 -0.0821785 0)
(-0.165976 -0.0861042 0)
(-0.160841 -0.0895701 0)
(-0.155277 -0.0925192 0)
(-0.149286 -0.0948935 0)
(-0.142874 -0.0966356 0)
(-0.136055 -0.0976893 0)
(-0.128848 -0.0980021 0)
(-0.121281 -0.0975267 0)
(-0.113392 -0.096224 0)
(-0.105227 -0.0940653 0)
(-0.0968431 -0.0910358 0)
(-0.0883097 -0.0871377 0)
(-0.0797057 -0.0823936 0)
(-0.0711207 -0.0768498 0)
(-0.062653 -0.0705785 0)
(-0.0544072 -0.0636799 0)
(-0.0464911 -0.0562819 0)
(-0.0390112 -0.0485393 0)
(-0.0320673 -0.040629 0)
(-0.025747 -0.0327447 0)
(-0.0201196 -0.0250881 0)
(-0.0152318 -0.0178601 0)
(-0.0111035 -0.0112516 0)
(-0.00772698 -0.00543647 0)
(-0.00506754 -0.000567741 0)
(-0.00307426 0.00321411 0)
(-0.00167455 0.00579143 0)
(-0.000769378 0.00708125 0)
(-0.000256448 0.00699863 0)
(-3.05281e-05 0.00545674 0)
(1.20125e-05 0.00236804 0)
(-8.56853e-05 0.00253252 0)
(-0.000708478 0.0072432 0)
(-0.00201981 0.0115384 0)
(-0.0037726 0.0154215 0)
(-0.0059003 0.0189249 0)
(-0.00834059 0.0221002 0)
(-0.0110404 0.0250085 0)
(-0.0139616 0.0277134 0)
(-0.0170785 0.0302747 0)
(-0.0203742 0.0327449 0)
(-0.0238384 0.0351673 0)
(-0.0274654 0.0375743 0)
(-0.0312518 0.0399878 0)
(-0.0351957 0.0424196 0)
(-0.039295 0.0448725 0)
(-0.0435468 0.0473417 0)
(-0.0479468 0.0498162 0)
(-0.0524894 0.0522801 0)
(-0.0571671 0.0547139 0)
(-0.0619707 0.0570957 0)
(-0.0668896 0.0594021 0)
(-0.0719119 0.0616091 0)
(-0.0770243 0.0636926 0)
(-0.0822128 0.065629 0)
(-0.0874625 0.0673956 0)
(-0.092758 0.0689709 0)
(-0.0980835 0.0703349 0)
(-0.103423 0.0714691 0)
(-0.10876 0.0723568 0)
(-0.11408 0.0729832 0)
(-0.119365 0.073335 0)
(-0.1246 0.0734013 0)
(-0.12977 0.0731726 0)
(-0.134858 0.0726415 0)
(-0.139851 0.0718024 0)
(-0.144734 0.0706513 0)
(-0.149492 0.069186 0)
(-0.154112 0.0674061 0)
(-0.158581 0.0653124 0)
(-0.162885 0.0629077 0)
(-0.167012 0.0601959 0)
(-0.170952 0.0571825 0)
(-0.174692 0.0538743 0)
(-0.178223 0.0502793 0)
(-0.181535 0.046407 0)
(-0.184619 0.0422678 0)
(-0.187467 0.0378734 0)
(-0.19007 0.0332364 0)
(-0.192422 0.0283707 0)
(-0.194517 0.0232908 0)
(-0.196349 0.0180125 0)
(-0.197912 0.0125523 0)
(-0.199202 0.00692759 0)
(-0.200215 0.00115662 0)
(-0.200938 -0.00474292 0)
(-0.20138 -0.0107531 0)
(-0.201531 -0.0168552 0)
(-0.201384 -0.0230255 0)
(-0.200934 -0.0292381 0)
(-0.200173 -0.0354654 0)
(-0.199092 -0.0416782 0)
(-0.197681 -0.0478453 0)
(-0.195929 -0.0539332 0)
(-0.193825 -0.0599058 0)
(-0.191356 -0.0657245 0)
(-0.188509 -0.0713475 0)
(-0.18527 -0.0767296 0)
(-0.181626 -0.0818226 0)
(-0.177564 -0.0865747 0)
(-0.173074 -0.0909309 0)
(-0.168144 -0.0948333 0)
(-0.162768 -0.0982215 0)
(-0.156942 -0.101033 0)
(-0.150668 -0.103206 0)
(-0.143953 -0.104676 0)
(-0.136809 -0.105385 0)
(-0.12926 -0.105275 0)
(-0.121337 -0.104299 0)
(-0.11308 -0.102417 0)
(-0.104544 -0.0996031 0)
(-0.0957929 -0.0958473 0)
(-0.0869047 -0.0911613 0)
(-0.077969 -0.0855805 0)
(-0.0690864 -0.0791685 0)
(-0.0603667 -0.0720192 0)
(-0.0519257 -0.0642586 0)
(-0.0438807 -0.0560437 0)
(-0.0363454 -0.0475601 0)
(-0.0294234 -0.0390158 0)
(-0.0232015 -0.030633 0)
(-0.0177437 -0.0226377 0)
(-0.0130859 -0.015249 0)
(-0.00923389 -0.00866966 0)
(-0.00616254 -0.00307914 0)
(-0.00382012 0.00136867 0)
(-0.00214298 0.00452268 0)
(-0.00103167 0.00628813 0)
(-0.000376562 0.00657469 0)
(-6.42334e-05 0.00529237 0)
(1.03187e-05 0.00235119 0)
(-9.14475e-05 0.00292056 0)
(-0.000751582 0.00827587 0)
(-0.00213736 0.0131002 0)
(-0.00398459 0.0174142 0)
(-0.00622138 0.0212691 0)
(-0.00878083 0.0247337 0)
(-0.0116062 0.0278853 0)
(-0.014657 0.0308005 0)
(-0.0179057 0.0335499 0)
(-0.0213341 0.0361943 0)
(-0.0249311 0.0387823 0)
(-0.0286901 0.0413501 0)
(-0.0326074 0.0439214 0)
(-0.0366801 0.0465086 0)
(-0.0409056 0.0491141 0)
(-0.0452804 0.0517321 0)
(-0.0497997 0.0543501 0)
(-0.0544572 0.0569506 0)
(-0.0592448 0.0595125 0)
(-0.064153 0.0620123 0)
(-0.069171 0.0644252 0)
(-0.0742863 0.0667259 0)
(-0.0794857 0.0688895 0)
(-0.0847551 0.0708915 0)
(-0.0900795 0.0727086 0)
(-0.0954437 0.0743188 0)
(-0.100832 0.0757019 0)
(-0.106229 0.0768393 0)
(-0.111617 0.0777142 0)
(-0.116983 0.0783118 0)
(-0.122309 0.0786192 0)
(-0.12758 0.0786253 0)
(-0.132781 0.0783212 0)
(-0.137896 0.0776998 0)
(-0.142911 0.0767556 0)
(-0.147812 0.0754852 0)
(-0.152585 0.0738869 0)
(-0.157215 0.0719604 0)
(-0.161691 0.0697075 0)
(-0.166 0.0671313 0)
(-0.17013 0.0642363 0)
(-0.174071 0.0610287 0)
(-0.177812 0.0575159 0)
(-0.181343 0.0537069 0)
(-0.184656 0.0496116 0)
(-0.187742 0.0452413 0)
(-0.190596 0.0406083 0)
(-0.19321 0.0357261 0)
(-0.195579 0.030609 0)
(-0.197697 0.0252723 0)
(-0.19956 0.0197321 0)
(-0.201164 0.0140052 0)
(-0.202505 0.00810949 0)
(-0.203581 0.00206327 0)
(-0.204383 -0.00411485 0)
(-0.204915 -0.0104066 0)
(-0.205171 -0.0167951 0)
(-0.205147 -0.023258 0)
(-0.204836 -0.0297703 0)
(-0.20423 -0.0363056 0)
(-0.203321 -0.0428358 0)
(-0.202099 -0.0493309 0)
(-0.200551 -0.0557586 0)
(-0.198666 -0.062084 0)
(-0.196429 -0.0682692 0)
(-0.193824 -0.0742733 0)
(-0.190836 -0.0800514 0)
(-0.187448 -0.0855552 0)
(-0.183644 -0.0907322 0)
(-0.179408 -0.0955263 0)
(-0.174725 -0.0998774 0)
(-0.169584 -0.103722 0)
(-0.163975 -0.106995 0)
(-0.157893 -0.109627 0)
(-0.15134 -0.11155 0)
(-0.144321 -0.112696 0)
(-0.136854 -0.113001 0)
(-0.128961 -0.112406 0)
(-0.120679 -0.11086 0)
(-0.112056 -0.108325 0)
(-0.103152 -0.104778 0)
(-0.0940404 -0.100219 0)
(-0.0848107 -0.0946691 0)
(-0.075564 -0.0881816 0)
(-0.0664134 -0.0808412 0)
(-0.0574815 -0.0727683 0)
(-0.0488954 -0.0641196 0)
(-0.040782 -0.055086 0)
(-0.0332611 -0.045888 0)
(-0.0264379 -0.0367671 0)
(-0.0203952 -0.0279749 0)
(-0.0151874 -0.0197606 0)
(-0.0108363 -0.0123588 0)
(-0.00732916 -0.00598013 0)
(-0.00462096 -0.000806433 0)
(-0.0026451 0.00300343 0)
(-0.00131215 0.00531491 0)
(-0.000504595 0.00603362 0)
(-0.000100022 0.00506544 0)
(8.5503e-06 0.0023172 0)
(-9.67553e-05 0.00333089 0)
(-0.000791205 0.0093644 0)
(-0.00224531 0.0147423 0)
(-0.00417909 0.0195047 0)
(-0.00651577 0.0237227 0)
(-0.00918415 0.0274846 0)
(-0.0121241 0.0308842 0)
(-0.0152928 0.0340125 0)
(-0.018661 0.0369514 0)
(-0.0222095 0.0397701 0)
(-0.025926 0.0425232 0)
(-0.0298033 0.0452504 0)
(-0.0338369 0.0479776 0)
(-0.0380234 0.0507176 0)
(-0.0423595 0.0534726 0)
(-0.0468411 0.0562356 0)
(-0.0514629 0.0589927 0)
(-0.0562179 0.0617249 0)
(-0.0610978 0.0644095 0)
(-0.0660926 0.0670216 0)
(-0.0711911 0.0695351 0)
(-0.0763809 0.0719235 0)
(-0.0816486 0.074161 0)
(-0.0869798 0.0762223 0)
(-0.0923599 0.0780838 0)
(-0.0977734 0.0797229 0)
(-0.103205 0.0811192 0)
(-0.108639 0.082254 0)
(-0.114059 0.0831105 0)
(-0.11945 0.0836739 0)
(-0.124797 0.0839315 0)
(-0.130082 0.0838725 0)
(-0.135293 0.0834882 0)
(-0.140413 0.0827716 0)
(-0.145428 0.0817179 0)
(-0.150324 0.0803239 0)
(-0.155087 0.0785885 0)
(-0.159704 0.076512 0)
(-0.164163 0.0740966 0)
(-0.168451 0.0713461 0)
(-0.172559 0.0682659 0)
(-0.176475 0.0648628 0)
(-0.18019 0.0611451 0)
(-0.183696 0.0571226 0)
(-0.186986 0.052806 0)
(-0.190051 0.0482075 0)
(-0.192887 0.0433402 0)
(-0.195489 0.0382182 0)
(-0.197852 0.0328566 0)
(-0.199973 0.0272712 0)
(-0.201849 0.0214787 0)
(-0.203476 0.0154962 0)
(-0.204852 0.00934168 0)
(-0.205978 0.00303398 0)
(-0.206845 -0.00340802 0)
(-0.207457 -0.00996585 0)
(-0.207811 -0.0166243 0)
(-0.207902 -0.0233623 0)
(-0.207725 -0.0301563 0)
(-0.207273 -0.0369814 0)
(-0.206538 -0.0438108 0)
(-0.205508 -0.0506162 0)
(-0.204173 -0.0573669 0)
(-0.202517 -0.0640296 0)
(-0.200526 -0.0705678 0)
(-0.198182 -0.0769415 0)
(-0.195467 -0.0831069 0)
(-0.192361 -0.089016 0)
(-0.188845 -0.0946164 0)
(-0.184899 -0.0998511 0)
(-0.180503 -0.104659 0)
(-0.175642 -0.108973 0)
(-0.170298 -0.112725 0)
(-0.164463 -0.115842 0)
(-0.158129 -0.11825 0)
(-0.151297 -0.119872 0)
(-0.143975 -0.120637 0)
(-0.13618 -0.120475 0)
(-0.127942 -0.119324 0)
(-0.119301 -0.117133 0)
(-0.110312 -0.113864 0)
(-0.101045 -0.109504 0)
(-0.0915849 -0.104058 0)
(-0.0820324 -0.0975669 0)
(-0.0725027 -0.0901026 0)
(-0.0631231 -0.0817773 0)
(-0.0540292 -0.0727435 0)
(-0.0453601 -0.0631944 0)
(-0.0372515 -0.0533597 0)
(-0.0298269 -0.0434984 0)
(-0.0231897 -0.0338874 0)
(-0.0174149 -0.0248071 0)
(-0.0125428 -0.0165271 0)
(-0.00857585 -0.00929307 0)
(-0.00547948 -0.00331867 0)
(-0.00318729 0.00121754 0)
(-0.00161508 0.00414851 0)
(-0.000643041 0.00536666 0)
(-0.000138856 0.00477136 0)
(6.57743e-06 0.00226481 0)
(-0.000101527 0.0037615 0)
(-0.000826809 0.0105037 0)
(-0.00234228 0.0164574 0)
(-0.00435379 0.0216838 0)
(-0.00678014 0.0262757 0)
(-0.00954624 0.0303416 0)
(-0.0125889 0.0339934 0)
(-0.015863 0.037337 0)
(-0.0193377 0.0404662 0)
(-0.0229926 0.0434589 0)
(-0.0268146 0.0463759 0)
(-0.0307956 0.0492608 0)
(-0.0349304 0.0521413 0)
(-0.039215 0.055031 0)
(-0.0436454 0.0579316 0)
(-0.048217 0.0608352 0)
(-0.0529239 0.0637266 0)
(-0.0577588 0.0665852 0)
(-0.0627128 0.0693869 0)
(-0.0677758 0.0721053 0)
(-0.0729363 0.0747131 0)
(-0.0781816 0.077183 0)
(-0.0834982 0.0794879 0)
(-0.088872 0.0816023 0)
(-0.094288 0.0835017 0)
(-0.0997312 0.0851634 0)
(-0.105186 0.0865668 0)
(-0.110637 0.0876929 0)
(-0.116068 0.0885251 0)
(-0.121464 0.0890485 0)
(-0.126809 0.0892507 0)
(-0.132088 0.089121 0)
(-0.137285 0.0886509 0)
(-0.142387 0.087834 0)
(-0.147378 0.0866657 0)
(-0.152245 0.0851434 0)
(-0.156974 0.0832664 0)
(-0.161553 0.0810357 0)
(-0.16597 0.0784543 0)
(-0.170213 0.0755267 0)
(-0.174272 0.0722591 0)
(-0.178138 0.0686593 0)
(-0.181803 0.0647366 0)
(-0.185259 0.0605014 0)
(-0.1885 0.0559657 0)
(-0.19152 0.0511424 0)
(-0.194315 0.0460457 0)
(-0.196882 0.0406904 0)
(-0.199218 0.0350922 0)
(-0.201321 0.0292677 0)
(-0.20319 0.0232338 0)
(-0.204822 0.0170081 0)
(-0.206218 0.0106089 0)
(-0.207378 0.00405495 0)
(-0.208298 -0.00263463 0)
(-0.208978 -0.00944126 0)
(-0.209419 -0.0163512 0)
(-0.209618 -0.0233447 0)
(-0.209569 -0.0304001 0)
(-0.209268 -0.037494 0)
(-0.208705 -0.0446018 0)
(-0.207869 -0.0516969 0)
(-0.20675 -0.0587507 0)
(-0.205332 -0.0657318 0)
(-0.203598 -0.0726055 0)
(-0.201529 -0.0793335 0)
(-0.199106 -0.0858733 0)
(-0.196305 -0.0921781 0)
(-0.193104 -0.0981957 0)
(-0.18948 -0.103869 0)
(-0.185408 -0.109136 0)
(-0.180867 -0.113929 0)
(-0.175836 -0.118175 0)
(-0.170297 -0.121798 0)
(-0.164239 -0.124717 0)
(-0.157653 -0.126851 0)
(-0.150541 -0.128119 0)
(-0.142912 -0.12844 0)
(-0.134788 -0.12774 0)
(-0.126201 -0.125956 0)
(-0.1172 -0.123036 0)
(-0.107848 -0.118948 0)
(-0.0982264 -0.113683 0)
(-0.0884334 -0.107265 0)
(-0.0785839 -0.0997519 0)
(-0.0688082 -0.0912429 0)
(-0.0592489 -0.0818832 0)
(-0.0500558 -0.0718641 0)
(-0.0413791 -0.0614213 0)
(-0.0333612 -0.0508285 0)
(-0.0261265 -0.0403861 0)
(-0.0197723 -0.0304067 0)
(-0.0143601 -0.0211969 0)
(-0.00991069 -0.013042 0)
(-0.00640286 -0.00619318 0)
(-0.00377681 -0.000862421 0)
(-0.00194575 0.00277209 0)
(-0.000794833 0.00456291 0)
(-0.000181801 0.00440413 0)
(4.23827e-06 0.00219217 0)
(-0.000105684 0.0042101 0)
(-0.00085789 0.011688 0)
(-0.002427 0.0182373 0)
(-0.00450653 0.0239417 0)
(-0.00701144 0.0289168 0)
(-0.00986315 0.0332927 0)
(-0.0129956 0.0372002 0)
(-0.0163618 0.0407609 0)
(-0.0199292 0.0440806 0)
(-0.0236763 0.0472466 0)
(-0.027589 0.0503259 0)
(-0.0316585 0.053366 0)
(-0.0358788 0.0563968 0)
(-0.0402452 0.0594324 0)
(-0.0447533 0.0624744 0)
(-0.0493977 0.0655138 0)
(-0.0541721 0.0685342 0)
(-0.0590687 0.0715135 0)
(-0.0640785 0.0744262 0)
(-0.0691909 0.0772446 0)
(-0.0743943 0.0799404 0)
(-0.0796759 0.082485 0)
(-0.0850221 0.0848509 0)
(-0.0904187 0.0870117 0)
(-0.0958509 0.0889425 0)
(-0.101304 0.0906203 0)
(-0.106761 0.0920243 0)
(-0.112208 0.0931354 0)
(-0.117629 0.0939369 0)
(-0.123009 0.0944142 0)
(-0.128331 0.0945548 0)
(-0.13358 0.0943483 0)
(-0.138742 0.0937867 0)
(-0.143802 0.0928637 0)
(-0.148746 0.0915752 0)
(-0.153559 0.0899193 0)
(-0.15823 0.0878958 0)
(-0.162746 0.0855067 0)
(-0.167095 0.0827555 0)
(-0.171268 0.0796477 0)
(-0.175254 0.0761906 0)
(-0.179045 0.072393 0)
(-0.182634 0.0682651 0)
(-0.186016 0.0638186 0)
(-0.189184 0.0590664 0)
(-0.192135 0.0540226 0)
(-0.194867 0.0487021 0)
(-0.197378 0.0431207 0)
(-0.199666 0.037295 0)
(-0.201731 0.0312419 0)
(-0.203573 0.024979 0)
(-0.205193 0.018524 0)
(-0.206592 0.0118954 0)
(-0.207771 0.00511183 0)
(-0.20873 -0.00180762 0)
(-0.209465 -0.0088442 0)
(-0.209983 -0.0159851 0)
(-0.21028 -0.0232127 0)
(-0.210352 -0.0305071 0)
(-0.210195 -0.0378469 0)
(-0.209801 -0.0452098 0)
(-0.209159 -0.0525714 0)
(-0.208257 -0.0599055 0)
(-0.20708 -0.0671829 0)
(-0.205611 -0.0743713 0)
(-0.203828 -0.0814345 0)
(-0.201711 -0.088332 0)
(-0.199234 -0.0950183 0)
(-0.196371 -0.101443 0)
(-0.193096 -0.107548 0)
(-0.189381 -0.113273 0)
(-0.185198 -0.118547 0)
(-0.180521 -0.123296 0)
(-0.175327 -0.127441 0)
(-0.169597 -0.130895 0)
(-0.163316 -0.133572 0)
(-0.156476 -0.13538 0)
(-0.149079 -0.13623 0)
(-0.141138 -0.136037 0)
(-0.132678 -0.134722 0)
(-0.123738 -0.132219 0)
(-0.114377 -0.128479 0)
(-0.104667 -0.123475 0)
(-0.0947046 -0.117211 0)
(-0.0846013 -0.109729 0)
(-0.074489 -0.101114 0)
(-0.0645151 -0.0914972 0)
(-0.0548383 -0.081065 0)
(-0.0456224 -0.0700547 0)
(-0.0370275 -0.058751 0)
(-0.0291994 -0.0474758 0)
(-0.0222591 -0.0365728 0)
(-0.0162915 -0.0263879 0)
(-0.0113387 -0.0172493 0)
(-0.00739614 -0.00945106 0)
(-0.00441458 -0.0032431 0)
(-0.00230774 0.00117068 0)
(-0.00096198 0.00361058 0)
(-0.000229613 0.00395662 0)
(1.42487e-06 0.00209696 0)
(-0.000109156 0.00467412 0)
(-0.000883986 0.012911 0)
(-0.00249831 0.020073 0)
(-0.00463537 0.0262674 0)
(-0.00720689 0.0316339 0)
(-0.0101313 0.0363251 0)
(-0.0133401 0.0404913 0)
(-0.0167842 0.0442701 0)
(-0.0204299 0.0477803 0)
(-0.0242544 0.0511184 0)
(-0.0282426 0.0543578 0)
(-0.0323848 0.0575503 0)
(-0.0366744 0.0607278 0)
(-0.041106 0.0639052 0)
(-0.0456745 0.0670838 0)
(-0.0503741 0.0702537 0)
(-0.0551981 0.0733973 0)
(-0.0601382 0.0764913 0)
(-0.0651851 0.0795087 0)
(-0.0703281 0.0824207 0)
(-0.0755552 0.0851976 0)
(-0.0808537 0.0878103 0)
(-0.08621 0.0902303 0)
(-0.0916097 0.0924306 0)
(-0.097038 0.094386 0)
(-0.10248 0.0960732 0)
(-0.10792 0.097471 0)
(-0.113342 0.0985604 0)
(-0.118732 0.0993246 0)
(-0.124073 0.0997491 0)
(-0.12935 0.0998216 0)
(-0.134548 0.0995319 0)
(-0.139651 0.0988722 0)
(-0.144646 0.0978369 0)
(-0.149519 0.0964225 0)
(-0.154256 0.0946274 0)
(-0.158845 0.0924524 0)
(-0.163273 0.0899001 0)
(-0.167531 0.0869753 0)
(-0.171609 0.0836844 0)
(-0.175497 0.0800358 0)
(-0.17919 0.0760394 0)
(-0.182681 0.0717067 0)
(-0.185964 0.0670505 0)
(-0.189038 0.0620851 0)
(-0.191898 0.0568254 0)
(-0.194545 0.0512876 0)
(-0.196978 0.0454883 0)
(-0.199198 0.0394448 0)
(-0.201206 0.0331748 0)
(-0.203005 0.0266961 0)
(-0.204595 0.0200269 0)
(-0.205981 0.0131853 0)
(-0.207164 0.00619007 0)
(-0.208147 -0.000940359 0)
(-0.208924 -0.0081869 0)
(-0.209507 -0.0155371 0)
(-0.209891 -0.0229757 0)
(-0.210076 -0.0304849 0)
(-0.210056 -0.0380459 0)
(-0.209824 -0.0456386 0)
(-0.209371 -0.0532412 0)
(-0.208685 -0.0608302 0)
(-0.20775 -0.068379 0)
(-0.206548 -0.0758582 0)
(-0.205058 -0.0832341 0)
(-0.203256 -0.0904686 0)
(-0.201117 -0.0975184 0)
(-0.19861 -0.104334 0)
(-0.195707 -0.110861 0)
(-0.192375 -0.117035 0)
(-0.188583 -0.122789 0)
(-0.184299 -0.128046 0)
(-0.179494 -0.132723 0)
(-0.17414 -0.13673 0)
(-0.168217 -0.139974 0)
(-0.161709 -0.142357 0)
(-0.154609 -0.143779 0)
(-0.14692 -0.144143 0)
(-0.138658 -0.143358 0)
(-0.129856 -0.141339 0)
(-0.12056 -0.138021 0)
(-0.110839 -0.133358 0)
(-0.100781 -0.127334 0)
(-0.0904956 -0.119969 0)
(-0.0801127 -0.111331 0)
(-0.0697826 -0.101536 0)
(-0.0596709 -0.0907581 0)
(-0.0499533 -0.079233 0)
(-0.0408062 -0.0672517 0)
(-0.0323969 -0.0551543 0)
(-0.0248702 -0.0433139 0)
(-0.0183369 -0.0321163 0)
(-0.012863 -0.0219362 0)
(-0.00846403 -0.0131156 0)
(-0.00510469 -0.00594952 0)
(-0.00270444 -0.000679955 0)
(-0.00114686 0.00249513 0)
(-0.000283277 0.00342041 0)
(-2.01504e-06 0.00197633 0)
(-0.000111879 0.00515076 0)
(-0.000904687 0.0141658 0)
(-0.00255517 0.0219547 0)
(-0.00473856 0.0286493 0)
(-0.00736406 0.0344143 0)
(-0.0103476 0.0394251 0)
(-0.0136184 0.0438524 0)
(-0.017126 0.0478502 0)
(-0.0208349 0.0515503 0)
(-0.0247214 0.0550589 0)
(-0.0287693 0.058456 0)
(-0.0329681 0.0617975 0)
(-0.0373105 0.0651177 0)
(-0.0417903 0.0684323 0)
(-0.0464019 0.0717422 0)
(-0.051139 0.0750371 0)
(-0.0559945 0.0782979 0)
(-0.0609597 0.0815002 0)
(-0.066025 0.0846156 0)
(-0.0711796 0.0876143 0)
(-0.0764113 0.0904656 0)
(-0.0817074 0.0931393 0)
(-0.087054 0.0956063 0)
(-0.092437 0.0978392 0)
(-0.0978414 0.0998121 0)
(-0.103252 0.101502 0)
(-0.108654 0.102886 0)
(-0.114031 0.103947 0)
(-0.119368 0.104667 0)
(-0.12465 0.105032 0)
(-0.12986 0.105029 0)
(-0.134984 0.104649 0)
(-0.140007 0.103885 0)
(-0.144915 0.102731 0)
(-0.149694 0.101184 0)
(-0.154332 0.0992442 0)
(-0.158815 0.0969125 0)
(-0.163134 0.0941926 0)
(-0.167278 0.0910904 0)
(-0.171238 0.0876135 0)
(-0.175007 0.0837715 0)
(-0.178579 0.0795757 0)
(-0.181949 0.0750389 0)
(-0.185114 0.0701752 0)
(-0.188072 0.0650002 0)
(-0.190822 0.05953 0)
(-0.193364 0.0537819 0)
(-0.195701 0.0477734 0)
(-0.197834 0.0415227 0)
(-0.199767 0.035048 0)
(-0.201504 0.0283677 0)
(-0.203049 0.0215 0)
(-0.204405 0.014463 0)
(-0.205577 0.00727497 0)
(-0.206569 -4.60821e-05 0)
(-0.207378 -0.00748185 0)
(-0.208012 -0.0150185 0)
(-0.208473 -0.022644 0)
(-0.208758 -0.0303429 0)
(-0.208865 -0.038099 0)
(-0.208788 -0.0458945 0)
(-0.208517 -0.0537109 0)
(-0.208041 -0.0615272 0)
(-0.207345 -0.0693203 0)
(-0.20641 -0.0770635 0)
(-0.205214 -0.0847264 0)
(-0.203734 -0.0922738 0)
(-0.20194 -0.0996648 0)
(-0.199803 -0.106853 0)
(-0.197288 -0.113784 0)
(-0.194362 -0.120397 0)
(-0.190987 -0.126624 0)
(-0.187128 -0.132386 0)
(-0.182749 -0.1376 0)
(-0.177816 -0.142173 0)
(-0.172302 -0.146004 0)
(-0.16618 -0.14899 0)
(-0.159437 -0.151021 0)
(-0.152066 -0.151989 0)
(-0.144074 -0.151788 0)
(-0.135482 -0.150319 0)
(-0.126329 -0.147497 0)
(-0.116675 -0.143256 0)
(-0.106599 -0.137557 0)
(-0.0962061 -0.130401 0)
(-0.0856237 -0.121829 0)
(-0.0750022 -0.111941 0)
(-0.0645121 -0.100896 0)
(-0.0543383 -0.0889207 0)
(-0.0446726 -0.0763081 0)
(-0.0357019 -0.063412 0)
(-0.027596 -0.0506323 0)
(-0.0204922 -0.0383941 0)
(-0.0144834 -0.027121 0)
(-0.0096083 -0.0172081 0)
(-0.00584924 -0.00900172 0)
(-0.00313578 -0.0027884 0)
(-0.0013509 0.00120359 0)
(-0.000343252 0.00278666 0)
(-6.11952e-06 0.00182712 0)
(-0.000113799 0.005637 0)
(-0.00091964 0.015445 0)
(-0.00259671 0.0238721 0)
(-0.00481465 0.0310753 0)
(-0.00748085 0.0372445 0)
(-0.0105093 0.0425787 0)
(-0.0138275 0.0472688 0)
(-0.0173833 0.0514861 0)
(-0.0211401 0.0553753 0)
(-0.0250728 0.0590523 0)
(-0.0291644 0.0626042 0)
(-0.0334035 0.0660912 0)
(-0.0377818 0.0695496 0)
(-0.0422927 0.0729964 0)
(-0.0469299 0.0764322 0)
(-0.0516867 0.0798459 0)
(-0.0565554 0.0832176 0)
(-0.0615273 0.0865215 0)
(-0.0665924 0.0897282 0)
(-0.0717396 0.0928065 0)
(-0.0769569 0.095725 0)
(-0.0822312 0.0984525 0)
(-0.0875489 0.100959 0)
(-0.0928955 0.103217 0)
(-0.0982563 0.105201 0)
(-0.103616 0.106885 0)
(-0.10896 0.108249 0)
(-0.114271 0.109274 0)
(-0.119535 0.109942 0)
(-0.124736 0.11024 0)
(-0.129859 0.110155 0)
(-0.134888 0.109679 0)
(-0.13981 0.108803 0)
(-0.144609 0.107524 0)
(-0.149274 0.105838 0)
(-0.15379 0.103748 0)
(-0.158147 0.101254 0)
(-0.162335 0.0983621 0)
(-0.166344 0.0950789 0)
(-0.170166 0.0914134 0)
(-0.173796 0.0873766 0)
(-0.177228 0.0829811 0)
(-0.180458 0.0782414 0)
(-0.183485 0.0731729 0)
(-0.186309 0.0677924 0)
(-0.18893 0.0621176 0)
(-0.191351 0.0561666 0)
(-0.193574 0.0499583 0)
(-0.195605 0.0435114 0)
(-0.197447 0.0368449 0)
(-0.199107 0.0299774 0)
(-0.20059 0.0229274 0)
(-0.201902 0.0157129 0)
(-0.203048 0.00835159 0)
(-0.204035 0.000861063 0)
(-0.204863 -0.00674153 0)
(-0.205537 -0.0144415 0)
(-0.206061 -0.0222292 0)
(-0.206436 -0.0300921 0)
(-0.206659 -0.0380161 0)
(-0.206725 -0.0459867 0)
(-0.206627 -0.0539881 0)
(-0.206353 -0.0620027 0)
(-0.205888 -0.0700107 0)
(-0.205214 -0.0779889 0)
(-0.20431 -0.0859104 0)
(-0.203151 -0.0937431 0)
(-0.201706 -0.10145 0)
(-0.199944 -0.108986 0)
(-0.19783 -0.116302 0)
(-0.195324 -0.123337 0)
(-0.192388 -0.130024 0)
(-0.18898 -0.136285 0)
(-0.185059 -0.142035 0)
(-0.180586 -0.147178 0)
(-0.175523 -0.151611 0)
(-0.169839 -0.155222 0)
(-0.16351 -0.157894 0)
(-0.156519 -0.159508 0)
(-0.148863 -0.159943 0)
(-0.140553 -0.159086 0)
(-0.131618 -0.15683 0)
(-0.122108 -0.15309 0)
(-0.112093 -0.147805 0)
(-0.101671 -0.140947 0)
(-0.0909647 -0.132537 0)
(-0.0801221 -0.12265 0)
(-0.0693163 -0.111424 0)
(-0.0587397 -0.0990744 0)
(-0.0485965 -0.0858894 0)
(-0.0390928 -0.0722315 0)
(-0.0304221 -0.0585235 0)
(-0.0227496 -0.045228 0)
(-0.0161967 -0.0328187 0)
(-0.010829 -0.0217483 0)
(-0.00665007 -0.012421 0)
(-0.00360321 -0.0051756 0)
(-0.00157487 -0.000282259 0)
(-0.000410031 0.00204517 0)
(-1.0993e-05 0.00164579 0)
(-0.000114872 0.00612966 0)
(-0.000928558 0.0167409 0)
(-0.0026222 0.0258144 0)
(-0.00486241 0.0335325 0)
(-0.00755557 0.0401104 0)
(-0.0106143 0.045771 0)
(-0.0139647 0.0507255 0)
(-0.0175532 0.0551622 0)
(-0.0213421 0.0592394 0)
(-0.025305 0.0630827 0)
(-0.029424 0.0667863 0)
(-0.0336867 0.0704146 0)
(-0.0380841 0.0740066 0)
(-0.0426089 0.0775801 0)
(-0.0472542 0.0811359 0)
(-0.0520128 0.0846622 0)
(-0.0568768 0.0881382 0)
(-0.061837 0.0915368 0)
(-0.0668834 0.0948276 0)
(-0.0720047 0.0979784 0)
(-0.0771887 0.100957 0)
(-0.0824223 0.103731 0)
(-0.0876919 0.10627 0)
(-0.092983 0.108546 0)
(-0.0982808 0.110532 0)
(-0.10357 0.112204 0)
(-0.108836 0.113541 0)
(-0.114062 0.114522 0)
(-0.119233 0.115131 0)
(-0.124334 0.115355 0)
(-0.129349 0.11518 0)
(-0.134264 0.1146 0)
(-0.139064 0.113605 0)
(-0.143735 0.112194 0)
(-0.148265 0.110365 0)
(-0.152641 0.108118 0)
(-0.156853 0.105457 0)
(-0.160891 0.102389 0)
(-0.164747 0.0989214 0)
(-0.168414 0.0950651 0)
(-0.171886 0.0908324 0)
(-0.175161 0.0862376 0)
(-0.178235 0.0812965 0)
(-0.181109 0.0760263 0)
(-0.183783 0.0704451 0)
(-0.186261 0.0645718 0)
(-0.188545 0.0584261 0)
(-0.190641 0.0520275 0)
(-0.192555 0.0453959 0)
(-0.194294 0.0385506 0)
(-0.195863 0.0315109 0)
(-0.197272 0.0242951 0)
(-0.198526 0.0169212 0)
(-0.199634 0.00940632 0)
(-0.200603 0.00176751 0)
(-0.201436 -0.00597885 0)
(-0.202136 -0.0138187 0)
(-0.202711 -0.0217442 0)
(-0.203162 -0.0297448 0)
(-0.203488 -0.0378095 0)
(-0.203685 -0.0459266 0)
(-0.203747 -0.0540835 0)
(-0.203662 -0.0622663 0)
(-0.203418 -0.0704585 0)
(-0.202997 -0.0786408 0)
(-0.202377 -0.0867899 0)
(-0.201533 -0.094878 0)
(-0.200435 -0.102871 0)
(-0.199049 -0.110729 0)
(-0.197339 -0.118404 0)
(-0.195264 -0.125839 0)
(-0.19278 -0.132968 0)
(-0.189842 -0.139716 0)
(-0.186405 -0.145995 0)
(-0.182421 -0.151709 0)
(-0.177849 -0.156751 0)
(-0.172646 -0.161004 0)
(-0.166781 -0.164343 0)
(-0.160227 -0.166637 0)
(-0.152971 -0.167755 0)
(-0.145012 -0.167565 0)
(-0.136368 -0.165944 0)
(-0.127078 -0.162783 0)
(-0.117203 -0.157997 0)
(-0.106832 -0.151532 0)
(-0.0960786 -0.143381 0)
(-0.0850891 -0.133592 0)
(-0.0740359 -0.122281 0)
(-0.063116 -0.109643 0)
(-0.0525443 -0.0959568 0)
(-0.0425435 -0.0815875 0)
(-0.0333301 -0.0669758 0)
(-0.0250973 -0.0526188 0)
(-0.0179969 -0.0390401 0)
(-0.012124 -0.0267532 0)
(-0.00750701 -0.0162269 0)
(-0.00410714 -0.00786019 0)
(-0.00181865 -0.00197354 0)
(-0.000484085 0.00118656 0)
(-1.66841e-05 0.00142873 0)
(-0.000115064 0.0066254 0)
(-0.000931225 0.0180454 0)
(-0.0026311 0.0277704 0)
(-0.00488092 0.0360077 0)
(-0.00758692 0.0429978 0)
(-0.0106609 0.0489869 0)
(-0.014028 0.0542069 0)
(-0.0176335 0.0588629 0)
(-0.0214385 0.0631266 0)
(-0.0254155 0.0671338 0)
(-0.0295455 0.0709856 0)
(-0.0338152 0.074751 0)
(-0.0382148 0.0784715 0)
(-0.0427363 0.0821661 0)
(-0.0473723 0.0858358 0)
(-0.052115 0.0894681 0)
(-0.0569563 0.0930414 0)
(-0.0618869 0.0965277 0)
(-0.0668963 0.0998954 0)
(-0.0719733 0.103111 0)
(-0.0771055 0.106142 0)
(-0.08228 0.108955 0)
(-0.0874828 0.11152 0)
(-0.0926998 0.113806 0)
(-0.0979159 0.115787 0)
(-0.103116 0.11744 0)
(-0.108285 0.11874 0)
(-0.113407 0.119671 0)
(-0.118467 0.120214 0)
(-0.123449 0.120356 0)
(-0.128338 0.120085 0)
(-0.13312 0.119393 0)
(-0.13778 0.118274 0)
(-0.142305 0.116724 0)
(-0.146683 0.114744 0)
(-0.150902 0.112336 0)
(-0.154952 0.109504 0)
(-0.158824 0.106256 0)
(-0.162512 0.102601 0)
(-0.166008 0.0985524 0)
(-0.169309 0.0941234 0)
(-0.172412 0.08933 0)
(-0.175317 0.0841897 0)
(-0.178025 0.0787213 0)
(-0.180538 0.0729445 0)
(-0.18286 0.0668796 0)
(-0.184996 0.0605474 0)
(-0.186954 0.0539686 0)
(-0.18874 0.0471638 0)
(-0.190364 0.0401532 0)
(-0.191832 0.0329561 0)
(-0.193155 0.0255911 0)
(-0.194342 0.0180759 0)
(-0.1954 0.0104272 0)
(-0.196338 0.00266114 0)
(-0.197164 -0.0052069 0)
(-0.197878 -0.0131636 0)
(-0.198491 -0.0212022 0)
(-0.199004 -0.0293147 0)
(-0.199419 -0.0374928 0)
(-0.199732 -0.0457279 0)
(-0.199938 -0.0540107 0)
(-0.200029 -0.0623308 0)
(-0.199992 -0.0706756 0)
(-0.199809 -0.0790298 0)
(-0.199461 -0.0873742 0)
(-0.198921 -0.0956851 0)
(-0.198161 -0.103933 0)
(-0.197147 -0.112082 0)
(-0.195839 -0.120087 0)
(-0.194196 -0.127896 0)
(-0.192171 -0.135445 0)
(-0.189716 -0.14266 0)
(-0.186779 -0.149456 0)
(-0.18331 -0.155735 0)
(-0.179258 -0.161386 0)
(-0.174575 -0.16629 0)
(-0.169218 -0.170315 0)
(-0.163152 -0.17332 0)
(-0.156353 -0.17516 0)
(-0.148809 -0.175689 0)
(-0.140526 -0.174765 0)
(-0.13153 -0.172257 0)
(-0.121873 -0.168054 0)
(-0.11163 -0.162075 0)
(-0.10091 -0.154283 0)
(-0.0898504 -0.144696 0)
(-0.0786221 -0.133401 0)
(-0.067424 -0.120569 0)
(-0.0564792 -0.106464 0)
(-0.0460247 -0.0914473 0)
(-0.0362983 -0.0759704 0)
(-0.0275207 -0.0605609 0)
(-0.0198752 -0.0457908 0)
(-0.0134887 -0.0322365 0)
(-0.00841863 -0.0204371 0)
(-0.0046478 -0.0108601 0)
(-0.00208234 -0.00388435 0)
(-0.00056528 0.00020026 0)
(-2.31395e-05 0.00117211 0)
(-0.000114356 0.00712081 0)
(-0.000927497 0.0193503 0)
(-0.00262303 0.0297286 0)
(-0.00486957 0.0384874 0)
(-0.00757402 0.0458919 0)
(-0.010648 0.0522111 0)
(-0.0140161 0.0576972 0)
(-0.0176227 0.0625721 0)
(-0.0214277 0.0670208 0)
(-0.0254025 0.0711893 0)
(-0.0295271 0.0751856 0)
(-0.0337872 0.0790836 0)
(-0.0381722 0.0829274 0)
(-0.0426734 0.0867372 0)
(-0.0472828 0.0905143 0)
(-0.0519924 0.094246 0)
(-0.0567935 0.0979096 0)
(-0.0616766 0.101476 0)
(-0.0666312 0.104914 0)
(-0.071646 0.108187 0)
(-0.0767086 0.111263 0)
(-0.081806 0.114108 0)
(-0.0869242 0.116689 0)
(-0.092049 0.118979 0)
(-0.0971656 0.120948 0)
(-0.102259 0.122573 0)
(-0.107313 0.123831 0)
(-0.112314 0.124703 0)
(-0.117244 0.125172 0)
(-0.122091 0.125225 0)
(-0.126837 0.124851 0)
(-0.131469 0.124041 0)
(-0.135974 0.122791 0)
(-0.140337 0.121097 0)
(-0.144548 0.118961 0)
(-0.148595 0.116387 0)
(-0.152469 0.113379 0)
(-0.156163 0.109948 0)
(-0.159668 0.106104 0)
(-0.162982 0.101862 0)
(-0.1661 0.0972369 0)
(-0.169022 0.0922463 0)
(-0.171748 0.0869096 0)
(-0.17428 0.0812472 0)
(-0.176623 0.0752804 0)
(-0.178782 0.069031 0)
(-0.180762 0.0625209 0)
(-0.182574 0.0557721 0)
(-0.184225 0.0488059 0)
(-0.185725 0.0416431 0)
(-0.187085 0.0343034 0)
(-0.188314 0.0268054 0)
(-0.189423 0.0191666 0)
(-0.190422 0.011403 0)
(-0.19132 0.00353011 0)
(-0.192128 -0.00443808 0)
(-0.192843 -0.0124889 0)
(-0.19348 -0.0206169 0)
(-0.194042 -0.0288161 0)
(-0.19453 -0.0370811 0)
(-0.194944 -0.0454062 0)
(-0.195279 -0.0537856 0)
(-0.195527 -0.0622124 0)
(-0.195679 -0.070678 0)
(-0.195717 -0.0791711 0)
(-0.195624 -0.0876771 0)
(-0.195374 -0.0961767 0)
(-0.194938 -0.104645 0)
(-0.194282 -0.113051 0)
(-0.193368 -0.121355 0)
(-0.192152 -0.129507 0)
(-0.190586 -0.137448 0)
(-0.188618 -0.145107 0)
(-0.186192 -0.152401 0)
(-0.183254 -0.159231 0)
(-0.179745 -0.165487 0)
(-0.17561 -0.171044 0)
(-0.170799 -0.175766 0)
(-0.165266 -0.179503 0)
(-0.158975 -0.182099 0)
(-0.151904 -0.183393 0)
(-0.144046 -0.183224 0)
(-0.135416 -0.181438 0)
(-0.12605 -0.177899 0)
(-0.116014 -0.172498 0)
(-0.105405 -0.165164 0)
(-0.0943545 -0.155883 0)
(-0.0830264 -0.144711 0)
(-0.0716197 -0.131789 0)
(-0.0603627 -0.117359 0)
(-0.0495045 -0.101771 0)
(-0.0393019 -0.085481 0)
(-0.0300021 -0.0690421 0)
(-0.0218201 -0.053071 0)
(-0.0149169 -0.0382079 0)
(-0.00938214 -0.025067 0)
(-0.00522448 -0.0141923 0)
(-0.0023658 -0.00603051 0)
(-0.000653525 -0.000924428 0)
(-3.05428e-05 0.000872027 0)
(-0.000112738 0.0076124 0)
(-0.000917306 0.0206471 0)
(-0.00259782 0.0316772 0)
(-0.00482804 0.0409578 0)
(-0.00751639 0.0487777 0)
(-0.010575 0.0554281 0)
(-0.0139283 0.0611806 0)
(-0.0175199 0.0662738 0)
(-0.0213088 0.0709059 0)
(-0.0252653 0.0752329 0)
(-0.0293682 0.07937 0)
(-0.0336023 0.0833957 0)
(-0.0379561 0.0873574 0)
(-0.0424202 0.0912764 0)
(-0.0469861 0.0951544 0)
(-0.0516455 0.0989785 0)
(-0.0563892 0.102725 0)
(-0.0612077 0.106365 0)
(-0.0660903 0.109864 0)
(-0.0710257 0.113188 0)
(-0.0760014 0.116302 0)
(-0.0810044 0.11917 0)
(-0.0860209 0.121762 0)
(-0.0910366 0.124047 0)
(-0.0960368 0.125997 0)
(-0.101006 0.127587 0)
(-0.10593 0.128795 0)
(-0.110793 0.129601 0)
(-0.115579 0.12999 0)
(-0.120273 0.129948 0)
(-0.124862 0.129463 0)
(-0.12933 0.128529 0)
(-0.133665 0.127141 0)
(-0.137853 0.125298 0)
(-0.141884 0.123002 0)
(-0.145748 0.120257 0)
(-0.149435 0.117071 0)
(-0.152939 0.113455 0)
(-0.156254 0.109421 0)
(-0.159377 0.104984 0)
(-0.162305 0.100164 0)
(-0.165038 0.0949781 0)
(-0.167579 0.0894484 0)
(-0.16993 0.0835968 0)
(-0.172097 0.077446 0)
(-0.174087 0.0710195 0)
(-0.175908 0.0643405 0)
(-0.177569 0.0574318 0)
(-0.17908 0.0503159 0)
(-0.180453 0.0430139 0)
(-0.181699 0.0355459 0)
(-0.182829 0.0279306 0)
(-0.183855 0.0201851 0)
(-0.184787 0.0123249 0)
(-0.185636 0.00436439 0)
(-0.186415 -0.00368349 0)
(-0.18712 -0.011807 0)
(-0.18777 -0.0200017 0)
(-0.188367 -0.0282637 0)
(-0.188913 -0.0365902 0)
(-0.18941 -0.0449786 0)
(-0.189855 -0.0534262 0)
(-0.190243 -0.0619299 0)
(-0.190563 -0.0704847 0)
(-0.190802 -0.0790838 0)
(-0.190942 -0.0877171 0)
(-0.190961 -0.0963703 0)
(-0.19083 -0.105024 0)
(-0.190516 -0.11365 0)
(-0.18998 -0.122217 0)
(-0.189179 -0.130678 0)
(-0.188063 -0.138979 0)
(-0.186578 -0.147053 0)
(-0.184666 -0.15482 0)
(-0.182266 -0.162182 0)
(-0.179315 -0.16903 0)
(-0.175751 -0.175236 0)
(-0.171514 -0.180659 0)
(-0.16655 -0.185144 0)
(-0.160813 -0.188522 0)
(-0.154267 -0.190619 0)
(-0.146894 -0.191255 0)
(-0.138693 -0.190256 0)
(-0.12969 -0.187458 0)
(-0.119936 -0.182722 0)
(-0.109517 -0.175946 0)
(-0.098553 -0.167078 0)
(-0.0872019 -0.156139 0)
(-0.0756593 -0.143237 0)
(-0.0641558 -0.128583 0)
(-0.0529494 -0.112511 0)
(-0.0423141 -0.0954747 0)
(-0.0325215 -0.0780434 0)
(-0.0238181 -0.0608751 0)
(-0.0164006 -0.0446726 0)
(-0.0103934 -0.0301288 0)
(-0.00583554 -0.0178718 0)
(-0.0026687 -0.00842573 0)
(-0.000748735 -0.00219496 0)
(-3.89428e-05 0.000524974 0)
(-0.000110216 0.00809666 0)
(-0.000900664 0.0219273 0)
(-0.00255547 0.0336044 0)
(-0.0047563 0.0434051 0)
(-0.00741401 0.0516402 0)
(-0.0104419 0.0586221 0)
(-0.0137646 0.0646412 0)
(-0.0173253 0.069952 0)
(-0.0210821 0.0747657 0)
(-0.0250042 0.0792483 0)
(-0.0290693 0.0835223 0)
(-0.0332611 0.0876711 0)
(-0.0375674 0.091745 0)
(-0.0419781 0.095767 0)
(-0.0464841 0.0997393 0)
(-0.0510765 0.103649 0)
(-0.0557463 0.107471 0)
(-0.0604836 0.111177 0)
(-0.0652776 0.114731 0)
(-0.0701169 0.118098 0)
(-0.0749893 0.121241 0)
(-0.0798816 0.124127 0)
(-0.0847802 0.126721 0)
(-0.0896708 0.128994 0)
(-0.0945388 0.130917 0)
(-0.0993694 0.132465 0)
(-0.104147 0.133617 0)
(-0.108857 0.134351 0)
(-0.113484 0.134653 0)
(-0.118014 0.134508 0)
(-0.122432 0.133907 0)
(-0.126724 0.132844 0)
(-0.130877 0.131314 0)
(-0.13488 0.129317 0)
(-0.138722 0.126856 0)
(-0.142392 0.123937 0)
(-0.145885 0.12057 0)
(-0.149192 0.116767 0)
(-0.152311 0.112542 0)
(-0.155237 0.107913 0)
(-0.15797 0.102898 0)
(-0.160511 0.0975206 0)
(-0.162864 0.091802 0)
(-0.165032 0.0857664 0)
(-0.167022 0.0794383 0)
(-0.168843 0.0728425 0)
(-0.170503 0.0660035 0)
(-0.172012 0.0589453 0)
(-0.173383 0.051691 0)
(-0.174627 0.0442624 0)
(-0.175757 0.03668 0)
(-0.176785 0.0289622 0)
(-0.177724 0.0211258 0)
(-0.178584 0.013186 0)
(-0.179379 0.00515589 0)
(-0.180121 -0.00295268 0)
(-0.180808 -0.011129 0)
(-0.181459 -0.0193694 0)
(-0.182077 -0.027672 0)
(-0.182667 -0.0360365 0)
(-0.18323 -0.0444631 0)
(-0.183766 -0.0529522 0)
(-0.184271 -0.061504 0)
(-0.184738 -0.0701178 0)
(-0.185154 -0.0787906 0)
(-0.185503 -0.0875172 0)
(-0.185766 -0.0962882 0)
(-0.185915 -0.105089 0)
(-0.18592 -0.113899 0)
(-0.185742 -0.12269 0)
(-0.185337 -0.131423 0)
(-0.184656 -0.140048 0)
(-0.183643 -0.148504 0)
(-0.182237 -0.156712 0)
(-0.180375 -0.164581 0)
(-0.177988 -0.172001 0)
(-0.175008 -0.178844 0)
(-0.171367 -0.184966 0)
(-0.167001 -0.190204 0)
(-0.161853 -0.194383 0)
(-0.155877 -0.197313 0)
(-0.14904 -0.198799 0)
(-0.14133 -0.198644 0)
(-0.132755 -0.196659 0)
(-0.123355 -0.192673 0)
(-0.113201 -0.186551 0)
(-0.102401 -0.178203 0)
(-0.0911043 -0.167609 0)
(-0.0795004 -0.15484 0)
(-0.0678194 -0.140074 0)
(-0.0563255 -0.123616 0)
(-0.0453067 -0.105912 0)
(-0.0350572 -0.0875394 0)
(-0.025854 -0.0691915 0)
(-0.0179299 -0.0516309 0)
(-0.0114473 -0.0356314 0)
(-0.00647879 -0.0219116 0)
(-0.00299069 -0.0110833 0)
(-0.000851027 -0.00362208 0)
(-4.8237e-05 0.000126958 0)
(-0.000106805 0.00857014 0)
(-0.000877658 0.0231827 0)
(-0.00249617 0.0354987 0)
(-0.00465466 0.0458155 0)
(-0.00726726 0.0544646 0)
(-0.0102491 0.0617777 0)
(-0.0135256 0.0680632 0)
(-0.0170396 0.0735907 0)
(-0.0207484 0.0785843 0)
(-0.0246202 0.0832196 0)
(-0.0286316 0.0876266 0)
(-0.0327654 0.0918936 0)
(-0.0370083 0.096074 0)
(-0.0413496 0.100193 0)
(-0.0457796 0.104253 0)
(-0.0502893 0.10824 0)
(-0.0548691 0.112132 0)
(-0.0595092 0.115896 0)
(-0.0641987 0.119497 0)
(-0.0689263 0.1229 0)
(-0.0736797 0.126066 0)
(-0.078446 0.128961 0)
(-0.0832115 0.131551 0)
(-0.0879623 0.133805 0)
(-0.0926838 0.135695 0)
(-0.0973612 0.137195 0)
(-0.10198 0.138282 0)
(-0.106524 0.138938 0)
(-0.11098 0.139147 0)
(-0.115333 0.138894 0)
(-0.119569 0.138172 0)
(-0.123675 0.136974 0)
(-0.127637 0.135297 0)
(-0.131446 0.133143 0)
(-0.135091 0.130515 0)
(-0.138563 0.12742 0)
(-0.141856 0.123871 0)
(-0.144963 0.11988 0)
(-0.147881 0.115465 0)
(-0.150609 0.110644 0)
(-0.153147 0.105439 0)
(-0.155496 0.0998724 0)
(-0.157661 0.0939697 0)
(-0.159647 0.087756 0)
(-0.161463 0.0812576 0)
(-0.163116 0.0745006 0)
(-0.164618 0.0675109 0)
(-0.165979 0.0603133 0)
(-0.167212 0.0529319 0)
(-0.168329 0.0453889 0)
(-0.169345 0.0377049 0)
(-0.170272 0.0298985 0)
(-0.171123 0.0219861 0)
(-0.17191 0.0139821 0)
(-0.172646 0.00589878 0)
(-0.173346 -0.00225331 0)
(-0.174007 -0.0104645 0)
(-0.174649 -0.0187316 0)
(-0.175277 -0.0270549 0)
(-0.175895 -0.035436 0)
(-0.176508 -0.0438779 0)
(-0.177116 -0.0523839 0)
(-0.177717 -0.0609574 0)
(-0.178306 -0.0696013 0)
(-0.178873 -0.078317 0)
(-0.179404 -0.0871036 0)
(-0.179883 -0.095957 0)
(-0.180284 -0.104869 0)
(-0.180579 -0.113823 0)
(-0.18073 -0.122799 0)
(-0.180696 -0.131763 0)
(-0.180428 -0.140672 0)
(-0.179868 -0.149471 0)
(-0.178956 -0.158086 0)
(-0.177623 -0.16643 0)
(-0.175797 -0.174396 0)
(-0.173405 -0.181856 0)
(-0.170372 -0.188666 0)
(-0.166624 -0.194657 0)
(-0.162094 -0.199646 0)
(-0.156725 -0.203432 0)
(-0.15047 -0.205803 0)
(-0.143302 -0.206542 0)
(-0.135216 -0.205435 0)
(-0.126236 -0.202279 0)
(-0.116419 -0.196903 0)
(-0.105859 -0.189179 0)
(-0.0946927 -0.179045 0)
(-0.0831029 -0.166527 0)
(-0.0713158 -0.151763 0)
(-0.0595989 -0.135028 0)
(-0.0482511 -0.116747 0)
(-0.0375864 -0.0974982 0)
(-0.0279111 -0.0780024 0)
(-0.0194941 -0.059078 0)
(-0.0125373 -0.0415795 0)
(-0.00715121 -0.0263223 0)
(-0.00333071 -0.0140148 0)
(-0.00096019 -0.00521487 0)
(-5.83957e-05 -0.000325882 0)
(-0.000102537 0.00902943 0)
(-0.00084845 0.0244047 0)
(-0.0024203 0.0373483 0)
(-0.00452371 0.0481754 0)
(-0.00707695 0.0572359 0)
(-0.00999767 0.0648795 0)
(-0.0132124 0.0714308 0)
(-0.0166641 0.0771743 0)
(-0.0203094 0.0823459 0)
(-0.0241154 0.0871312 0)
(-0.0280577 0.0916672 0)
(-0.032118 0.0960475 0)
(-0.0362821 0.100329 0)
(-0.0405385 0.104538 0)
(-0.0448773 0.108679 0)
(-0.0492888 0.112738 0)
(-0.0537634 0.116691 0)
(-0.0582911 0.120506 0)
(-0.0628611 0.124148 0)
(-0.0674621 0.127578 0)
(-0.072082 0.13076 0)
(-0.0767079 0.133658 0)
(-0.0813264 0.136237 0)
(-0.0859238 0.138466 0)
(-0.0904856 0.140316 0)
(-0.0949974 0.141761 0)
(-0.0994445 0.142779 0)
(-0.103812 0.143351 0)
(-0.108087 0.143461 0)
(-0.112253 0.143096 0)
(-0.116298 0.142248 0)
(-0.12021 0.140912 0)
(-0.123975 0.139085 0)
(-0.127585 0.13677 0)
(-0.131028 0.133973 0)
(-0.134298 0.130702 0)
(-0.137388 0.12697 0)
(-0.140294 0.122793 0)
(-0.143012 0.118189 0)
(-0.145543 0.113178 0)
(-0.147887 0.107786 0)
(-0.150047 0.102036 0)
(-0.152029 0.0959543 0)
(-0.153839 0.0895692 0)
(-0.155485 0.082908 0)
(-0.156977 0.0759983 0)
(-0.158326 0.068867 0)
(-0.159545 0.0615403 0)
(-0.160645 0.0540425 0)
(-0.161642 0.0463966 0)
(-0.162547 0.0386233 0)
(-0.163376 0.0307411 0)
(-0.164142 0.022766 0)
(-0.164857 0.0147118 0)
(-0.165533 0.00658971 0)
(-0.166188 -0.00159085 0)
(-0.166818 -0.00982106 0)
(-0.167444 -0.0180985 0)
(-0.168071 -0.0264249 0)
(-0.168705 -0.0348041 0)
(-0.169351 -0.0432412 0)
(-0.170011 -0.0517421 0)
(-0.170686 -0.0603133 0)
(-0.171373 -0.0689609 0)
(-0.172064 -0.0776904 0)
(-0.172749 -0.0865055 0)
(-0.173412 -0.0954071 0)
(-0.174033 -0.104392 0)
(-0.174585 -0.113452 0)
(-0.175034 -0.122571 0)
(-0.17534 -0.131724 0)
(-0.175455 -0.140875 0)
(-0.175323 -0.149974 0)
(-0.174881 -0.158956 0)
(-0.174061 -0.167738 0)
(-0.172786 -0.176217 0)
(-0.170978 -0.184269 0)
(-0.168555 -0.191746 0)
(-0.165437 -0.198481 0)
(-0.161545 -0.204282 0)
(-0.15681 -0.208938 0)
(-0.151174 -0.212222 0)
(-0.144595 -0.213898 0)
(-0.137052 -0.213725 0)
(-0.128554 -0.211473 0)
(-0.11914 -0.206931 0)
(-0.108891 -0.199933 0)
(-0.0979308 -0.19037 0)
(-0.0864299 -0.178222 0)
(-0.0746094 -0.163583 0)
(-0.0627367 -0.146686 0)
(-0.0511183 -0.127929 0)
(-0.0400856 -0.107882 0)
(-0.0299716 -0.0872846 0)
(-0.0210809 -0.0670037 0)
(-0.0136563 -0.0479741 0)
(-0.0078491 -0.0311116 0)
(-0.00368732 -0.0172304 0)
(-0.00107593 -0.00698179 0)
(-6.94379e-05 -0.000836799 0)
(-9.74501e-05 0.00947124 0)
(-0.000813276 0.0255855 0)
(-0.00232841 0.0391419 0)
(-0.00436433 0.0504714 0)
(-0.00684426 0.0599397 0)
(-0.00968905 0.0679122 0)
(-0.0128268 0.0747287 0)
(-0.016201 0.0806872 0)
(-0.0197675 0.0860352 0)
(-0.0234927 0.0909676 0)
(-0.0273508 0.0956288 0)
(-0.0313226 0.100118 0)
(-0.0353931 0.104494 0)
(-0.03955 0.108788 0)
(-0.0437827 0.113003 0)
(-0.0480814 0.117126 0)
(-0.0524363 0.121134 0)
(-0.0568373 0.124993 0)
(-0.0612737 0.128668 0)
(-0.0657343 0.13212 0)
(-0.070207 0.135311 0)
(-0.0746794 0.138205 0)
(-0.0791382 0.140766 0)
(-0.0835698 0.142964 0)
(-0.0879602 0.144768 0)
(-0.0922953 0.146153 0)
(-0.0965608 0.147097 0)
(-0.100742 0.14758 0)
(-0.104826 0.147587 0)
(-0.108798 0.147106 0)
(-0.112646 0.146129 0)
(-0.116358 0.144651 0)
(-0.119922 0.142672 0)
(-0.123328 0.140195 0)
(-0.126568 0.137228 0)
(-0.129635 0.133781 0)
(-0.132523 0.129867 0)
(-0.135229 0.125505 0)
(-0.137751 0.120715 0)
(-0.140088 0.115519 0)
(-0.142244 0.109944 0)
(-0.144222 0.104015 0)
(-0.146027 0.0977619 0)
(-0.147668 0.0912127 0)
(-0.149153 0.0843967 0)
(-0.150493 0.077343 0)
(-0.151699 0.0700796 0)
(-0.152784 0.0626335 0)
(-0.153761 0.0550299 0)
(-0.154644 0.047292 0)
(-0.155447 0.0394406 0)
(-0.156185 0.0314943 0)
(-0.15687 0.0234685 0)
(-0.157516 0.0153764 0)
(-0.158135 0.00722802 0)
(-0.158744 -0.000968328 0)
(-0.15934 -0.0092044 0)
(-0.159943 -0.0174781 0)
(-0.160561 -0.025793 0)
(-0.161199 -0.0341546 0)
(-0.161864 -0.0425699 0)
(-0.162559 -0.051047 0)
(-0.163287 -0.0595948 0)
(-0.164047 -0.0682227 0)
(-0.164835 -0.0769398 0)
(-0.165642 -0.085754 0)
(-0.166458 -0.0946713 0)
(-0.167264 -0.103694 0)
(-0.168038 -0.112821 0)
(-0.168748 -0.122042 0)
(-0.169358 -0.131341 0)
(-0.169822 -0.140688 0)
(-0.170085 -0.150043 0)
(-0.170085 -0.159347 0)
(-0.169752 -0.168524 0)
(-0.169009 -0.177477 0)
(-0.167772 -0.186086 0)
(-0.165954 -0.194206 0)
(-0.163467 -0.201666 0)
(-0.160225 -0.208271 0)
(-0.156145 -0.213802 0)
(-0.151156 -0.218019 0)
(-0.145204 -0.220665 0)
(-0.13825 -0.221477 0)
(-0.130288 -0.220193 0)
(-0.12134 -0.216568 0)
(-0.11147 -0.210392 0)
(-0.100787 -0.201511 0)
(-0.0894485 -0.189853 0)
(-0.0776673 -0.175462 0)
(-0.0657076 -0.158525 0)
(-0.0538806 -0.139403 0)
(-0.0425314 -0.118649 0)
(-0.0320175 -0.0970088 0)
(-0.0226776 -0.0753929 0)
(-0.0147963 -0.0548116 0)
(-0.00856825 -0.0362841 0)
(-0.00405879 -0.0207385 0)
(-0.00119791 -0.00893056 0)
(-8.14226e-05 -0.00140947 0)
(-9.15974e-05 0.00989244 0)
(-0.000772438 0.0267173 0)
(-0.00222123 0.0408688 0)
(-0.00417768 0.0526906 0)
(-0.00657079 0.0625617 0)
(-0.00932525 0.0708611 0)
(-0.0123714 0.0779419 0)
(-0.0156531 0.0841144 0)
(-0.0191261 0.0896371 0)
(-0.0227556 0.0947141 0)
(-0.0265151 0.0994969 0)
(-0.0303841 0.10409 0)
(-0.0343467 0.108556 0)
(-0.0383899 0.112927 0)
(-0.0425026 0.11721 0)
(-0.0466748 0.121391 0)
(-0.0508963 0.125446 0)
(-0.0551572 0.129343 0)
(-0.0594468 0.133044 0)
(-0.063754 0.136511 0)
(-0.0680672 0.139705 0)
(-0.072374 0.142589 0)
(-0.0766615 0.145127 0)
(-0.0809164 0.147287 0)
(-0.0851252 0.149041 0)
(-0.0892741 0.150361 0)
(-0.093349 0.151226 0)
(-0.0973365 0.151616 0)
(-0.101223 0.151517 0)
(-0.104995 0.150917 0)
(-0.108641 0.149808 0)
(-0.112149 0.148187 0)
(-0.115509 0.146055 0)
(-0.118711 0.143417 0)
(-0.121748 0.14028 0)
(-0.124613 0.136657 0)
(-0.127302 0.132564 0)
(-0.129813 0.128021 0)
(-0.132143 0.123048 0)
(-0.134294 0.117673 0)
(-0.136269 0.11192 0)
(-0.138073 0.10582 0)
(-0.139712 0.0994014 0)
(-0.141194 0.0926959 0)
(-0.142529 0.0857337 0)
(-0.143728 0.0785451 0)
(-0.144802 0.0711591 0)
(-0.145766 0.0636035 0)
(-0.146631 0.0559041 0)
(-0.147412 0.0480843 0)
(-0.148123 0.0401653 0)
(-0.148778 0.032165 0)
(-0.14939 0.0240991 0)
(-0.149973 0.0159795 0)
(-0.150538 0.00781555 0)
(-0.151102 -0.000386198 0)
(-0.151665 -0.00861752 0)
(-0.152243 -0.0168763 0)
(-0.152845 -0.0251681 0)
(-0.153478 -0.0334997 0)
(-0.154149 -0.0418796 0)
(-0.154864 -0.0503174 0)
(-0.155625 -0.0588244 0)
(-0.156434 -0.0674126 0)
(-0.157291 -0.0760941 0)
(-0.158191 -0.084881 0)
(-0.159126 -0.0937839 0)
(-0.160082 -0.102811 0)
(-0.161039 -0.111967 0)
(-0.161972 -0.121249 0)
(-0.162845 -0.130649 0)
(-0.163618 -0.140147 0)
(-0.164239 -0.149709 0)
(-0.164645 -0.159287 0)
(-0.164769 -0.168813 0)
(-0.16453 -0.178196 0)
(-0.163843 -0.187322 0)
(-0.162616 -0.196049 0)
(-0.160754 -0.204209 0)
(-0.158162 -0.211603 0)
(-0.154748 -0.218005 0)
(-0.150428 -0.223163 0)
(-0.145131 -0.226804 0)
(-0.138807 -0.228641 0)
(-0.131428 -0.228384 0)
(-0.123002 -0.225751 0)
(-0.113573 -0.22049 0)
(-0.103235 -0.212396 0)
(-0.09213 -0.201347 0)
(-0.0804599 -0.18733 0)
(-0.0684828 -0.170479 0)
(-0.0565111 -0.151111 0)
(-0.0449006 -0.12975 0)
(-0.0340301 -0.107141 0)
(-0.0242709 -0.0842251 0)
(-0.0159486 -0.0620843 0)
(-0.00930398 -0.0418413 0)
(-0.00444312 -0.0245454 0)
(-0.00132564 -0.0110679 0)
(-9.43419e-05 -0.00204715 0)
(-8.50398e-05 0.0102901 0)
(-0.000726305 0.0277928 0)
(-0.00209963 0.0425183 0)
(-0.00396519 0.0548204 0)
(-0.00625847 0.0650882 0)
(-0.00890871 0.0737119 0)
(-0.0118489 0.0810558 0)
(-0.0150238 0.0874414 0)
(-0.0183889 0.0931373 0)
(-0.0219088 0.0983564 0)
(-0.0255556 0.103257 0)
(-0.0293081 0.107949 0)
(-0.0331492 0.1125 0)
(-0.0370653 0.116943 0)
(-0.0410449 0.121287 0)
(-0.0450774 0.125519 0)
(-0.0491529 0.129616 0)
(-0.0532611 0.133543 0)
(-0.0573918 0.137264 0)
(-0.061534 0.14074 0)
(-0.0656762 0.143931 0)
(-0.0698065 0.146798 0)
(-0.0739125 0.149308 0)
(-0.0779812 0.151427 0)
(-0.0819994 0.153125 0)
(-0.0859538 0.154376 0)
(-0.0898312 0.155159 0)
(-0.0936182 0.155453 0)
(-0.097302 0.155245 0)
(-0.10087 0.154524 0)
(-0.104311 0.153283 0)
(-0.107614 0.151519 0)
(-0.110769 0.149234 0)
(-0.113769 0.146435 0)
(-0.116605 0.14313 0)
(-0.119272 0.139335 0)
(-0.121767 0.135067 0)
(-0.124088 0.130346 0)
(-0.126234 0.125197 0)
(-0.128208 0.119646 0)
(-0.130012 0.113724 0)
(-0.131653 0.107459 0)
(-0.133137 0.100884 0)
(-0.134474 0.0940308 0)
(-0.135672 0.0869315 0)
(-0.136743 0.0796173 0)
(-0.1377 0.0721183 0)
(-0.138555 0.0644629 0)
(-0.139322 0.0566773 0)
(-0.140014 0.0487852 0)
(-0.140645 0.0408077 0)
(-0.141228 0.0327627 0)
(-0.141778 0.0246651 0)
(-0.142305 0.0165268 0)
(-0.142822 0.00835589 0)
(-0.143342 0.000158182 0)
(-0.143877 -0.00805994 0)
(-0.14443 -0.016296 0)
(-0.145013 -0.0245566 0)
(-0.145634 -0.0328493 0)
(-0.146301 -0.0411836 0)
(-0.14702 -0.0495706 0)
(-0.147796 -0.058023 0)
(-0.148635 -0.0665549 0)
(-0.149536 -0.0751815 0)
(-0.1505 -0.0839181 0)
(-0.15152 -0.0927798 0)
(-0.152589 -0.10178 0)
(-0.153692 -0.11093 0)
(-0.154805 -0.120234 0)
(-0.155901 -0.129692 0)
(-0.15694 -0.139293 0)
(-0.157875 -0.149014 0)
(-0.158647 -0.158815 0)
(-0.159189 -0.168638 0)
(-0.15942 -0.178401 0)
(-0.159255 -0.187998 0)
(-0.158597 -0.197292 0)
(-0.157345 -0.206118 0)
(-0.155397 -0.214276 0)
(-0.15265 -0.221535 0)
(-0.14901 -0.227634 0)
(-0.14439 -0.232285 0)
(-0.138725 -0.23518 0)
(-0.13197 -0.235999 0)
(-0.124114 -0.234425 0)
(-0.115184 -0.230162 0)
(-0.105254 -0.222958 0)
(-0.0944504 -0.212634 0)
(-0.0829613 -0.199116 0)
(-0.0710361 -0.182481 0)
(-0.0589851 -0.162992 0)
(-0.0471712 -0.141136 0)
(-0.0359915 -0.117642 0)
(-0.025847 -0.0934754 0)
(-0.0171045 -0.06978 0)
(-0.0100512 -0.0477815 0)
(-0.00483807 -0.0286554 0)
(-0.00145851 -0.0133995 0)
(-0.000108165 -0.00275286 0)
(-7.78477e-05 0.0106614 0)
(-0.0006753 0.0288049 0)
(-0.00196464 0.0440806 0)
(-0.00372851 0.0568489 0)
(-0.0059096 0.0675061 0)
(-0.00844231 0.0764507 0)
(-0.0112628 0.0840563 0)
(-0.014317 0.090654 0)
(-0.0175605 0.0965218 0)
(-0.0209571 0.101881 0)
(-0.0244781 0.106896 0)
(-0.0281009 0.111683 0)
(-0.0318077 0.116313 0)
(-0.0355842 0.120823 0)
(-0.0394182 0.125222 0)
(-0.0432991 0.129499 0)
(-0.0472166 0.13363 0)
(-0.0511608 0.137582 0)
(-0.0551213 0.141317 0)
(-0.0590877 0.144795 0)
(-0.0630488 0.147977 0)
(-0.066993 0.150824 0)
(-0.0709083 0.153301 0)
(-0.0747824 0.155374 0)
(-0.0786025 0.157013 0)
(-0.0823559 0.158192 0)
(-0.0860297 0.15889 0)
(-0.0896116 0.159087 0)
(-0.0930891 0.158769 0)
(-0.0964508 0.157926 0)
(-0.0996856 0.156552 0)
(-0.102783 0.154645 0)
(-0.105736 0.15221 0)
(-0.108534 0.149252 0)
(-0.111173 0.145784 0)
(-0.113648 0.14182 0)
(-0.115956 0.137381 0)
(-0.118096 0.132488 0)
(-0.120067 0.127169 0)
(-0.121874 0.121451 0)
(-0.123519 0.115366 0)
(-0.12501 0.108946 0)
(-0.126353 0.102223 0)
(-0.127558 0.0952313 0)
(-0.128634 0.0880044 0)
(-0.129593 0.0805744 0)
(-0.130448 0.072972 0)
(-0.13121 0.0652264 0)
(-0.131894 0.0573639 0)
(-0.132511 0.0494084 0)
(-0.133076 0.0413808 0)
(-0.133601 0.0332987 0)
(-0.134099 0.0251768 0)
(-0.134582 0.0170262 0)
(-0.13506 0.0088549 0)
(-0.135545 0.000668056 0)
(-0.136052 -0.00753022 0)
(-0.13658 -0.0157385 0)
(-0.137142 -0.0239627 0)
(-0.137747 -0.0322108 0)
(-0.138402 -0.0404929 0)
(-0.139115 -0.0488209 0)
(-0.139892 -0.0572087 0)
(-0.14074 -0.065672 0)
(-0.141663 -0.0742282 0)
(-0.142663 -0.0828955 0)
(-0.143739 -0.0916929 0)
(-0.144886 -0.100639 0)
(-0.146095 -0.10975 0)
(-0.147348 -0.119039 0)
(-0.148622 -0.128513 0)
(-0.149882 -0.138172 0)
(-0.151086 -0.148001 0)
(-0.152179 -0.157972 0)
(-0.153095 -0.168038 0)
(-0.153758 -0.178127 0)
(-0.154078 -0.188143 0)
(-0.153959 -0.197957 0)
(-0.153294 -0.207407 0)
(-0.151975 -0.216296 0)
(-0.149889 -0.22439 0)
(-0.146931 -0.231421 0)
(-0.143001 -0.237088 0)
(-0.138017 -0.241061 0)
(-0.131919 -0.242995 0)
(-0.124675 -0.242539 0)
(-0.116294 -0.239353 0)
(-0.106829 -0.233134 0)
(-0.096391 -0.223645 0)
(-0.0851501 -0.210751 0)
(-0.0733446 -0.194463 0)
(-0.06128 -0.174984 0)
(-0.0493225 -0.152751 0)
(-0.0378839 -0.12847 0)
(-0.0273927 -0.103114 0)
(-0.0182545 -0.0778826 0)
(-0.0108046 -0.0540993 0)
(-0.00524119 -0.0330704 0)
(-0.00159586 -0.0159299 0)
(-0.000122852 -0.00352927 0)
(-7.00984e-05 0.0110039 0)
(-0.000619901 0.0297475 0)
(-0.00181743 0.0455465 0)
(-0.00346953 0.0587648 0)
(-0.00552677 0.0698028 0)
(-0.00792932 0.0790642 0)
(-0.010617 0.0869299 0)
(-0.0135373 0.0937388 0)
(-0.0166461 0.0997771 0)
(-0.0199065 0.105274 0)
(-0.0232889 0.110401 0)
(-0.0267697 0.115278 0)
(-0.0303301 0.119983 0)
(-0.0339552 0.124554 0)
(-0.0376322 0.129002 0)
(-0.0413502 0.133318 0)
(-0.0450989 0.137477 0)
(-0.0488685 0.141448 0)
(-0.0526488 0.145191 0)
(-0.0564297 0.148667 0)
(-0.0602005 0.151835 0)
(-0.0639501 0.154658 0)
(-0.067667 0.157097 0)
(-0.0713393 0.159121 0)
(-0.0749549 0.160698 0)
(-0.0785018 0.161803 0)
(-0.0819679 0.162414 0)
(-0.0853412 0.162512 0)
(-0.0886103 0.162084 0)
(-0.0917643 0.16112 0)
(-0.094793 0.159615 0)
(-0.0976873 0.157569 0)
(-0.100439 0.154985 0)
(-0.103042 0.151873 0)
(-0.105489 0.148245 0)
(-0.107779 0.144118 0)
(-0.109907 0.139514 0)
(-0.111875 0.134457 0)
(-0.113683 0.128976 0)
(-0.115334 0.123099 0)
(-0.116833 0.11686 0)
(-0.118187 0.110293 0)
(-0.119404 0.103432 0)
(-0.120492 0.0963126 0)
(-0.121462 0.0889681 0)
(-0.122325 0.0814322 0)
(-0.123094 0.0737363 0)
(-0.12378 0.0659098 0)
(-0.124397 0.0579794 0)
(-0.124956 0.0499688 0)
(-0.12547 0.0418988 0)
(-0.125951 0.0337866 0)
(-0.12641 0.0256464 0)
(-0.12686 0.0174889 0)
(-0.127309 0.00932156 0)
(-0.127768 0.00114915 0)
(-0.128251 -0.007026 0)
(-0.128757 -0.0152034 0)
(-0.129299 -0.0233884 0)
(-0.129886 -0.0315891 0)
(-0.130524 -0.0398154 0)
(-0.131222 -0.0480799 0)
(-0.131988 -0.056397 0)
(-0.13283 -0.0647833 0)
(-0.133755 -0.0732577 0)
(-0.134768 -0.0818409 0)
(-0.135871 -0.0905551 0)
(-0.137065 -0.0994229 0)
(-0.138344 -0.108467 0)
(-0.139696 -0.117706 0)
(-0.141104 -0.127157 0)
(-0.14254 -0.136828 0)
(-0.143965 -0.146716 0)
(-0.145331 -0.156804 0)
(-0.146575 -0.167057 0)
(-0.147623 -0.177416 0)
(-0.148388 -0.187794 0)
(-0.14877 -0.198074 0)
(-0.148662 -0.208099 0)
(-0.147949 -0.217678 0)
(-0.14651 -0.226576 0)
(-0.144228 -0.23452 0)
(-0.140992 -0.241197 0)
(-0.136704 -0.246261 0)
(-0.131286 -0.249341 0)
(-0.124689 -0.250051 0)
(-0.1169 -0.24801 0)
(-0.107953 -0.242865 0)
(-0.0979381 -0.234318 0)
(-0.0870089 -0.222169 0)
(-0.0753891 -0.206359 0)
(-0.0633758 -0.187023 0)
(-0.0513355 -0.16454 0)
(-0.039691 -0.139578 0)
(-0.0288947 -0.113108 0)
(-0.0193896 -0.0863717 0)
(-0.0115587 -0.0607862 0)
(-0.00564989 -0.03779 0)
(-0.00173694 -0.0186621 0)
(-0.000138357 -0.00437873 0)
(-6.18759e-05 0.0113155 0)
(-0.000560628 0.0306147 0)
(-0.00165926 0.0469074 0)
(-0.00319035 0.0605578 0)
(-0.00511288 0.0719666 0)
(-0.00737338 0.0815401 0)
(-0.00991578 0.0896637 0)
(-0.0126897 0.0966828 0)
(-0.0156512 0.102891 0)
(-0.0187632 0.108523 0)
(-0.0219951 0.113759 0)
(-0.0253222 0.118724 0)
(-0.0287251 0.123498 0)
(-0.0321877 0.128125 0)
(-0.0356971 0.132617 0)
(-0.039242 0.136965 0)
(-0.042812 0.141148 0)
(-0.0463973 0.145131 0)
(-0.0499884 0.148878 0)
(-0.0535753 0.152347 0)
(-0.0571478 0.155497 0)
(-0.0606953 0.15829 0)
(-0.0642069 0.16069 0)
(-0.0676715 0.162661 0)
(-0.0710776 0.164175 0)
(-0.0744138 0.165205 0)
(-0.0776688 0.165729 0)
(-0.0808315 0.165729 0)
(-0.0838911 0.165191 0)
(-0.0868377 0.164108 0)
(-0.0896618 0.162475 0)
(-0.0923552 0.160291 0)
(-0.0949106 0.157564 0)
(-0.0973221 0.154302 0)
(-0.099585 0.150521 0)
(-0.101697 0.146238 0)
(-0.103655 0.141477 0)
(-0.105461 0.136264 0)
(-0.107117 0.130629 0)
(-0.108625 0.124603 0)
(-0.109992 0.11822 0)
(-0.111224 0.111517 0)
(-0.112329 0.104528 0)
(-0.113316 0.0972905 0)
(-0.114197 0.089839 0)
(-0.114981 0.0822074 0)
(-0.11568 0.0744278 0)
(-0.116306 0.0665298 0)
(-0.116872 0.05854 0)
(-0.117388 0.0504822 0)
(-0.117866 0.0423766 0)
(-0.118318 0.0342402 0)
(-0.118753 0.0260866 0)
(-0.119181 0.017926 0)
(-0.119612 0.00976537 0)
(-0.120054 0.00160887 0)
(-0.12052 -0.00654211 0)
(-0.12101 -0.0146878 0)
(-0.121535 -0.0228332 0)
(-0.122104 -0.0309861 0)
(-0.122723 -0.0391563 0)
(-0.123401 -0.047356 0)
(-0.124148 -0.0555997 0)
(-0.124973 -0.0639045 0)
(-0.125884 -0.07229 0)
(-0.12689 -0.0807786 0)
(-0.127996 -0.089395 0)
(-0.129207 -0.0981656 0)
(-0.130522 -0.107118 0)
(-0.131937 -0.116278 0)
(-0.133437 -0.125669 0)
(-0.135003 -0.135309 0)
(-0.136602 -0.145208 0)
(-0.138191 -0.15536 0)
(-0.139713 -0.165744 0)
(-0.141099 -0.176312 0)
(-0.142262 -0.186993 0)
(-0.143104 -0.19768 0)
(-0.143516 -0.208226 0)
(-0.143378 -0.218446 0)
(-0.142563 -0.228108 0)
(-0.140944 -0.236936 0)
(-0.138398 -0.244609 0)
(-0.134811 -0.250766 0)
(-0.13009 -0.25501 0)
(-0.124165 -0.256926 0)
(-0.117005 -0.25609 0)
(-0.108621 -0.252098 0)
(-0.0990834 -0.244594 0)
(-0.0885251 -0.233307 0)
(-0.0771539 -0.218105 0)
(-0.0652555 -0.199046 0)
(-0.0531933 -0.176445 0)
(-0.0413973 -0.150918 0)
(-0.0303405 -0.12342 0)
(-0.0205006 -0.0952234 0)
(-0.0123078 -0.0678304 0)
(-0.00606146 -0.0428113 0)
(-0.00188096 -0.021598 0)
(-0.000154622 -0.00530318 0)
(-5.32688e-05 0.0115941 0)
(-0.000498046 0.0314014 0)
(-0.00149153 0.0481557 0)
(-0.00289324 0.0622181 0)
(-0.00467107 0.0739864 0)
(-0.00677845 0.0838664 0)
(-0.00916396 0.0922456 0)
(-0.0117796 0.0994739 0)
(-0.0145821 0.10585 0)
(-0.0175341 0.111617 0)
(-0.0206042 0.11696 0)
(-0.0237669 0.122008 0)
(-0.0270017 0.126848 0)
(-0.0302918 0.131526 0)
(-0.0336239 0.136056 0)
(-0.0369862 0.140432 0)
(-0.0403685 0.144632 0)
(-0.0437612 0.148624 0)
(-0.0471549 0.152369 0)
(-0.0505401 0.155826 0)
(-0.0539072 0.158955 0)
(-0.0572463 0.161716 0)
(-0.0605471 0.164073 0)
(-0.063799 0.165991 0)
(-0.0669916 0.16744 0)
(-0.070114 0.168394 0)
(-0.0731558 0.168832 0)
(-0.0761067 0.168735 0)
(-0.0789569 0.16809 0)
(-0.0816972 0.166891 0)
(-0.0843191 0.165133 0)
(-0.0868152 0.162818 0)
(-0.0891791 0.159952 0)
(-0.0914057 0.156547 0)
(-0.0934913 0.152619 0)
(-0.0954337 0.148189 0)
(-0.0972321 0.143279 0)
(-0.0988875 0.13792 0)
(-0.100403 0.13214 0)
(-0.101781 0.125975 0)
(-0.103029 0.11946 0)
(-0.104153 0.112631 0)
(-0.105162 0.105526 0)
(-0.106064 0.0981811 0)
(-0.106871 0.0906332 0)
(-0.107591 0.0829164 0)
(-0.108238 0.0750629 0)
(-0.108821 0.0671025 0)
(-0.109351 0.0590618 0)
(-0.10984 0.050964 0)
(-0.110298 0.0428292 0)
(-0.110734 0.0346736 0)
(-0.111157 0.0265104 0)
(-0.111577 0.0183491 0)
(-0.112 0.0101965 0)
(-0.112435 0.002056 0)
(-0.112893 -0.00607143 0)
(-0.113373 -0.0141865 0)
(-0.113886 -0.022294 0)
(-0.11444 -0.0304012 0)
(-0.115041 -0.0385173 0)
(-0.115698 -0.0466539 0)
(-0.116422 -0.0548249 0)
(-0.117221 -0.0630472 0)
(-0.118107 -0.0713406 0)
(-0.11909 -0.0797285 0)
(-0.12018 -0.0882372 0)
(-0.121384 -0.0968961 0)
(-0.122707 -0.105737 0)
(-0.124148 -0.114791 0)
(-0.125703 -0.12409 0)
(-0.127356 -0.133662 0)
(-0.129082 -0.143526 0)
(-0.130845 -0.153691 0)
(-0.132596 -0.164148 0)
(-0.134267 -0.174866 0)
(-0.135779 -0.185787 0)
(-0.137035 -0.196817 0)
(-0.137924 -0.207823 0)
(-0.138325 -0.218629 0)
(-0.138104 -0.229007 0)
(-0.137127 -0.238682 0)
(-0.135258 -0.247327 0)
(-0.132372 -0.254567 0)
(-0.128355 -0.259985 0)
(-0.123122 -0.263136 0)
(-0.116619 -0.263555 0)
(-0.108838 -0.260789 0)
(-0.0998238 -0.254419 0)
(-0.0896908 -0.244105 0)
(-0.0786274 -0.229637 0)
(-0.0669054 -0.210993 0)
(-0.0548814 -0.188408 0)
(-0.0429892 -0.162439 0)
(-0.0317185 -0.13401 0)
(-0.0215789 -0.104411 0)
(-0.0130465 -0.0752171 0)
(-0.00647312 -0.0481293 0)
(-0.00202707 -0.0247382 0)
(-0.000171581 -0.00630416 0)
(-4.43705e-05 0.0118382 0)
(-0.000432749 0.0321033 0)
(-0.00131571 0.0492846 0)
(-0.00258064 0.0637371 0)
(-0.00420473 0.0758523 0)
(-0.0061488 0.0860323 0)
(-0.0083666 0.0946643 0)
(-0.0108128 0.102101 0)
(-0.0134453 0.108645 0)
(-0.0162265 0.114545 0)
(-0.0191244 0.119992 0)
(-0.0221125 0.125121 0)
(-0.0251695 0.130023 0)
(-0.0282779 0.134747 0)
(-0.0314237 0.139311 0)
(-0.0345951 0.14371 0)
(-0.0377817 0.147923 0)
(-0.0409741 0.151917 0)
(-0.0441633 0.155656 0)
(-0.0473403 0.159099 0)
(-0.0504961 0.162203 0)
(-0.0536214 0.16493 0)
(-0.0567066 0.167242 0)
(-0.059742 0.169105 0)
(-0.0627179 0.17049 0)
(-0.0656243 0.171369 0)
(-0.0684517 0.171721 0)
(-0.0711907 0.17153 0)
(-0.0738323 0.170782 0)
(-0.0763683 0.16947 0)
(-0.0787911 0.167593 0)
(-0.0810942 0.165152 0)
(-0.0832721 0.162155 0)
(-0.0853205 0.158615 0)
(-0.0872365 0.154549 0)
(-0.0890186 0.149979 0)
(-0.0906668 0.144931 0)
(-0.0921826 0.139435 0)
(-0.093569 0.133523 0)
(-0.0948306 0.12723 0)
(-0.0959732 0.120593 0)
(-0.0970038 0.11365 0)
(-0.0979308 0.10644 0)
(-0.0987632 0.099 0)
(-0.0995108 0.0913667 0)
(-0.100184 0.0835751 0)
(-0.100792 0.0756577 0)
(-0.101347 0.0676439 0)
(-0.101857 0.0595601 0)
(-0.102334 0.0514293 0)
(-0.102784 0.0432707 0)
(-0.103218 0.0351003 0)
(-0.103643 0.0269303 0)
(-0.104067 0.0187701 0)
(-0.104494 0.0106256 0)
(-0.104931 0.00250007 0)
(-0.10539 -0.00560578 0)
(-0.105868 -0.0136929 0)
(-0.106376 -0.0217659 0)
(-0.106919 -0.0298314 0)
(-0.107505 -0.0378976 0)
(-0.108143 -0.045975 0)
(-0.108841 -0.0540768 0)
(-0.109612 -0.0622188 0)
(-0.110466 -0.0704206 0)
(-0.111416 -0.0787057 0)
(-0.112474 -0.0871012 0)
(-0.113652 -0.0956386 0)
(-0.114958 -0.104353 0)
(-0.116399 -0.113281 0)
(-0.117973 -0.122461 0)
(-0.119674 -0.131929 0)
(-0.121484 -0.141717 0)
(-0.123374 -0.151845 0)
(-0.125302 -0.16232 0)
(-0.127209 -0.173127 0)
(-0.129018 -0.184224 0)
(-0.130637 -0.195532 0)
(-0.131958 -0.206934 0)
(-0.132855 -0.218263 0)
(-0.133193 -0.229303 0)
(-0.13283 -0.239779 0)
(-0.13162 -0.249362 0)
(-0.129423 -0.257666 0)
(-0.126112 -0.264257 0)
(-0.121581 -0.268661 0)
(-0.115757 -0.270375 0)
(-0.108609 -0.268896 0)
(-0.100161 -0.263744 0)
(-0.0905023 -0.254509 0)
(-0.0798019 -0.240898 0)
(-0.0683148 -0.222802 0)
(-0.0563879 -0.200371 0)
(-0.0444547 -0.17409 0)
(-0.0330181 -0.144837 0)
(-0.0226163 -0.113903 0)
(-0.0137693 -0.0829284 0)
(-0.0068821 -0.0537364 0)
(-0.0021744 -0.0280816 0)
(-0.000189158 -0.00738273 0)
(-3.52781e-05 0.0120466 0)
(-0.000365367 0.0327166 0)
(-0.00113337 0.0502882 0)
(-0.00225514 0.065107 0)
(-0.00371745 0.0775549 0)
(-0.00548897 0.0880276 0)
(-0.00752908 0.0969091 0)
(-0.00979562 0.104552 0)
(-0.0122477 0.111264 0)
(-0.014848 0.117296 0)
(-0.017564 0.122846 0)
(-0.0203684 0.128053 0)
(-0.0232387 0.133014 0)
(-0.026157 0.13778 0)
(-0.0291086 0.142373 0)
(-0.0320814 0.14679 0)
(-0.0350652 0.151011 0)
(-0.0380507 0.155005 0)
(-0.0410292 0.158735 0)
(-0.0439924 0.162158 0)
(-0.0469317 0.165236 0)
(-0.0498387 0.167926 0)
(-0.0527045 0.170193 0)
(-0.0555204 0.172002 0)
(-0.0582773 0.173322 0)
(-0.0609664 0.174128 0)
(-0.0635789 0.174398 0)
(-0.0661064 0.174115 0)
(-0.068541 0.173268 0)
(-0.0708752 0.171849 0)
(-0.0731026 0.169858 0)
(-0.0752174 0.167299 0)
(-0.0772151 0.164178 0)
(-0.0790921 0.160512 0)
(-0.0808464 0.156318 0)
(-0.0824772 0.151619 0)
(-0.083985 0.146444 0)
(-0.0853719 0.140822 0)
(-0.0866413 0.134789 0)
(-0.087798 0.12838 0)
(-0.0888481 0.121634 0)
(-0.0897986 0.114589 0)
(-0.0906576 0.107286 0)
(-0.0914339 0.0997618 0)
(-0.0921369 0.0920543 0)
(-0.092776 0.0841985 0)
(-0.0933608 0.0762267 0)
(-0.0939008 0.0681682 0)
(-0.094405 0.0600491 0)
(-0.0948817 0.0518916 0)
(-0.0953387 0.0437145 0)
(-0.0957831 0.0355329 0)
(-0.0962213 0.0273586 0)
(-0.0966588 0.0192001 0)
(-0.0971003 0.0110631 0)
(-0.0975502 0.00295078 0)
(-0.0980198 -0.00513643 0)
(-0.0985036 -0.0131994 0)
(-0.0990132 -0.0212426 0)
(-0.0995531 -0.0292716 0)
(-0.10013 -0.0372936 0)
(-0.100751 -0.0453178 0)
(-0.101427 -0.0533559 0)
(-0.102168 -0.0614226 0)
(-0.102988 -0.0695364 0)
(-0.103899 -0.0777201 0)
(-0.104917 -0.0860011 0)
(-0.106055 -0.0944119 0)
(-0.107327 -0.10299 0)
(-0.108742 -0.111776 0)
(-0.110307 -0.120815 0)
(-0.112022 -0.130151 0)
(-0.113877 -0.139825 0)
(-0.11585 -0.149871 0)
(-0.117908 -0.160312 0)
(-0.119999 -0.171149 0)
(-0.122054 -0.182356 0)
(-0.123985 -0.193875 0)
(-0.125687 -0.205603 0)
(-0.127035 -0.21739 0)
(-0.127892 -0.229029 0)
(-0.128108 -0.240253 0)
(-0.127531 -0.250731 0)
(-0.126007 -0.260072 0)
(-0.123394 -0.267824 0)
(-0.11957 -0.273488 0)
(-0.114439 -0.276527 0)
(-0.10795 -0.276387 0)
(-0.100101 -0.272529 0)
(-0.0909604 -0.26447 0)
(-0.0806734 -0.251833 0)
(-0.0694765 -0.234417 0)
(-0.0577032 -0.212279 0)
(-0.0457837 -0.185819 0)
(-0.0342301 -0.155857 0)
(-0.0236053 -0.123669 0)
(-0.0144712 -0.090944 0)
(-0.00728571 -0.0596232 0)
(-0.00232207 -0.031626 0)
(-0.000207272 -0.00853954 0)
(-2.60943e-05 0.0122184 0)
(-0.000296562 0.0332386 0)
(-0.000946166 0.0511617 0)
(-0.00191947 0.066321 0)
(-0.00321302 0.0790863 0)
(-0.00480374 0.0898433 0)
(-0.00665709 0.0989705 0)
(-0.00873448 0.106819 0)
(-0.0109967 0.113697 0)
(-0.0134069 0.119861 0)
(-0.015932 0.125512 0)
(-0.0185439 0.130796 0)
(-0.0212196 0.135812 0)
(-0.0239401 0.140617 0)
(-0.0266904 0.145235 0)
(-0.0294581 0.149666 0)
(-0.0322329 0.153892 0)
(-0.0350057 0.157881 0)
(-0.0377683 0.161598 0)
(-0.0405128 0.165001 0)
(-0.0432315 0.168049 0)
(-0.0459165 0.170702 0)
(-0.04856 0.172923 0)
(-0.051154 0.174678 0)
(-0.0536904 0.175935 0)
(-0.0561614 0.17667 0)
(-0.0585592 0.176861 0)
(-0.0608763 0.176492 0)
(-0.0631058 0.17555 0)
(-0.0652412 0.174032 0)
(-0.067277 0.171935 0)
(-0.0692084 0.169264 0)
(-0.0710317 0.16603 0)
(-0.0727442 0.162246 0)
(-0.0743445 0.157934 0)
(-0.0758325 0.153118 0)
(-0.0772093 0.147827 0)
(-0.0784775 0.142092 0)
(-0.0796407 0.13595 0)
(-0.080704 0.129437 0)
(-0.0816733 0.122594 0)
(-0.0825558 0.115461 0)
(-0.0833593 0.108076 0)
(-0.084092 0.10048 0)
(-0.0847629 0.0927094 0)
(-0.0853807 0.0847997 0)
(-0.0859542 0.0767831 0)
(-0.0864917 0.0686885 0)
(-0.0870013 0.0605414 0)
(-0.0874899 0.0523634 0)
(-0.0879642 0.0441724 0)
(-0.0884297 0.035983 0)
(-0.0888914 0.027806 0)
(-0.0893535 0.0196497 0)
(-0.089819 0.0115192 0)
(-0.090291 0.00341757 0)
(-0.0907796 -0.00465455 0)
(-0.0912781 -0.0126978 0)
(-0.0917974 -0.0207164 0)
(-0.0923411 -0.0287151 0)
(-0.0929148 -0.0366997 0)
(-0.0935261 -0.0446779 0)
(-0.0941842 -0.0526596 0)
(-0.0949 -0.0606579 0)
(-0.0956866 -0.0686898 0)
(-0.0965583 -0.0767768 0)
(-0.0975312 -0.0849456 0)
(-0.0986217 -0.0932291 0)
(-0.0998464 -0.101666 0)
(-0.10122 -0.1103 0)
(-0.102754 -0.119181 0)
(-0.104454 -0.12836 0)
(-0.106319 -0.137888 0)
(-0.108336 -0.147813 0)
(-0.11048 -0.158171 0)
(-0.112707 -0.16898 0)
(-0.114957 -0.180235 0)
(-0.117149 -0.191896 0)
(-0.119181 -0.203881 0)
(-0.120931 -0.216055 0)
(-0.122262 -0.228226 0)
(-0.123019 -0.240137 0)
(-0.123042 -0.251459 0)
(-0.122168 -0.261799 0)
(-0.120241 -0.270691 0)
(-0.117119 -0.277613 0)
(-0.112689 -0.281994 0)
(-0.106876 -0.283235 0)
(-0.0996552 -0.280736 0)
(-0.0910699 -0.273942 0)
(-0.0812418 -0.26239 0)
(-0.0703861 -0.245783 0)
(-0.0588207 -0.224076 0)
(-0.0469684 -0.197575 0)
(-0.0353464 -0.167025 0)
(-0.0245392 -0.133673 0)
(-0.0151475 -0.0992416 0)
(-0.00768133 -0.0657781 0)
(-0.0024692 -0.0353678 0)
(-0.000225835 -0.00977476 0)
(-1.69309e-05 0.0123529 0)
(-0.000227036 0.0336671 0)
(-0.000755826 0.0519012 0)
(-0.00157648 0.0673737 0)
(-0.00269538 0.0804393 0)
(-0.00409807 0.0914711 0)
(-0.00575653 0.100839 0)
(-0.00763616 0.108892 0)
(-0.00969983 0.115936 0)
(-0.0119112 0.122232 0)
(-0.0142372 0.127983 0)
(-0.0166491 0.133341 0)
(-0.0191228 0.13841 0)
(-0.0216389 0.143251 0)
(-0.0241816 0.147891 0)
(-0.0267384 0.152332 0)
(-0.0292987 0.156558 0)
(-0.0318539 0.16054 0)
(-0.0343962 0.164241 0)
(-0.0369181 0.167621 0)
(-0.0394127 0.170639 0)
(-0.0418729 0.173255 0)
(-0.0442918 0.17543 0)
(-0.0466623 0.177132 0)
(-0.0489773 0.178329 0)
(-0.05123 0.178996 0)
(-0.0534136 0.179112 0)
(-0.0555217 0.178661 0)
(-0.0575483 0.177632 0)
(-0.059488 0.176021 0)
(-0.0613362 0.173826 0)
(-0.063089 0.171053 0)
(-0.0647436 0.167714 0)
(-0.066298 0.163825 0)
(-0.0677517 0.159407 0)
(-0.0691049 0.154485 0)
(-0.0703595 0.149089 0)
(-0.0715182 0.143254 0)
(-0.072585 0.137016 0)
(-0.073565 0.130413 0)
(-0.0744641 0.123486 0)
(-0.0752894 0.116276 0)
(-0.076048 0.108823 0)
(-0.0767481 0.101166 0)
(-0.0773977 0.0933436 0)
(-0.0780048 0.0853903 0)
(-0.0785772 0.0773382 0)
(-0.0791224 0.0692157 0)
(-0.0796471 0.0610476 0)
(-0.0801572 0.0528549 0)
(-0.0806579 0.0446545 0)
(-0.0811535 0.0364602 0)
(-0.0816474 0.0282822 0)
(-0.0821426 0.0201281 0)
(-0.0826406 0.0120028 0)
(-0.083143 0.00390926 0)
(-0.083659 -0.0041516 0)
(-0.0841803 -0.0121799 0)
(-0.0847174 -0.0201796 0)
(-0.0852729 -0.0281544 0)
(-0.0858517 -0.0361088 0)
(-0.0864604 -0.0440487 0)
(-0.0871077 -0.0519822 0)
(-0.0878042 -0.0599205 0)
(-0.0885626 -0.0678785 0)
(-0.0893979 -0.0758758 0)
(-0.0903268 -0.083938 0)
(-0.0913677 -0.092097 0)
(-0.0925394 -0.100392 0)
(-0.0938603 -0.108869 0)
(-0.0953469 -0.117581 0)
(-0.0970114 -0.126585 0)
(-0.0988593 -0.135942 0)
(-0.100887 -0.14571 0)
(-0.103076 -0.155941 0)
(-0.105396 -0.16667 0)
(-0.107792 -0.177912 0)
(-0.110194 -0.189649 0)
(-0.112505 -0.201818 0)
(-0.114608 -0.214306 0)
(-0.116365 -0.226938 0)
(-0.117621 -0.239468 0)
(-0.118208 -0.251578 0)
(-0.117955 -0.262869 0)
(-0.116693 -0.27287 0)
(-0.114264 -0.281037 0)
(-0.110535 -0.286768 0)
(-0.105408 -0.28942 0)
(-0.0988376 -0.288337 0)
(-0.0908392 -0.282888 0)
(-0.0815103 -0.272524 0)
(-0.0710428 -0.256848 0)
(-0.0597362 -0.235709 0)
(-0.0480026 -0.209306 0)
(-0.0363608 -0.178297 0)
(-0.0254123 -0.143881 0)
(-0.0157939 -0.107797 0)
(-0.00806657 -0.0721877 0)
(-0.00261495 -0.039302 0)
(-0.000244755 -0.0110881 0)
(-7.91433e-06 0.0124502 0)
(-0.00015754 0.0340011 0)
(-0.000564171 0.0525039 0)
(-0.00122912 0.0682605 0)
(-0.00216863 0.0816079 0)
(-0.00337713 0.0929039 0)
(-0.00483352 0.102508 0)
(-0.00650765 0.110762 0)
(-0.00836483 0.117972 0)
(-0.0103697 0.124399 0)
(-0.0124892 0.13025 0)
(-0.014694 0.135682 0)
(-0.0169593 0.140802 0)
(-0.0192649 0.145675 0)
(-0.0215946 0.150334 0)
(-0.0239354 0.154783 0)
(-0.0262768 0.159007 0)
(-0.0286104 0.162978 0)
(-0.0309286 0.166662 0)
(-0.0332247 0.170017 0)
(-0.0354925 0.173003 0)
(-0.0377258 0.175581 0)
(-0.0399184 0.177712 0)
(-0.0420643 0.179363 0)
(-0.0441576 0.180503 0)
(-0.0461922 0.181106 0)
(-0.0481625 0.181152 0)
(-0.0500632 0.180626 0)
(-0.0518892 0.179517 0)
(-0.0536363 0.17782 0)
(-0.0553007 0.175536 0)
(-0.0568795 0.172671 0)
(-0.0583707 0.169239 0)
(-0.059773 0.165255 0)
(-0.0610866 0.160742 0)
(-0.0623124 0.155726 0)
(-0.0634524 0.15024 0)
(-0.0645098 0.144318 0)
(-0.0654887 0.137997 0)
(-0.0663942 0.131317 0)
(-0.0672322 0.124319 0)
(-0.0680092 0.117045 0)
(-0.0687322 0.109536 0)
(-0.0694085 0.10183 0)
(-0.0700456 0.0939666 0)
(-0.0706505 0.0859797 0)
(-0.0712302 0.0779012 0)
(-0.0717909 0.0697587 0)
(-0.0723384 0.0615764 0)
(-0.0728773 0.0533744 0)
(-0.0734116 0.0451688 0)
(-0.0739441 0.0369725 0)
(-0.0744773 0.0287949 0)
(-0.0750125 0.0206432 0)
(-0.0755501 0.0125218 0)
(-0.0760901 0.00443371 0)
(-0.0766409 -0.00361968 0)
(-0.0771925 -0.0116378 0)
(-0.0777552 -0.019624 0)
(-0.0783306 -0.0275812 0)
(-0.0789227 -0.0355125 0)
(-0.0795375 -0.0434221 0)
(-0.0801827 -0.0513161 0)
(-0.0808683 -0.0592034 0)
(-0.0816065 -0.0670965 0)
(-0.0824122 -0.0750129 0)
(-0.0833024 -0.0829763 0)
(-0.0842963 -0.091017 0)
(-0.0854146 -0.0991736 0)
(-0.0866787 -0.107493 0)
(-0.0881089 -0.11603 0)
(-0.0897228 -0.124848 0)
(-0.0915329 -0.134013 0)
(-0.0935431 -0.143596 0)
(-0.0957459 -0.153661 0)
(-0.098118 -0.164263 0)
(-0.100618 -0.175435 0)
(-0.103181 -0.187182 0)
(-0.105721 -0.199465 0)
(-0.108126 -0.212193 0)
(-0.110261 -0.22521 0)
(-0.111969 -0.238289 0)
(-0.113081 -0.25112 0)
(-0.113416 -0.26331 0)
(-0.112793 -0.274379 0)
(-0.111041 -0.283768 0)
(-0.108006 -0.290847 0)
(-0.103572 -0.294931 0)
(-0.0976661 -0.295307 0)
(-0.0902802 -0.291273 0)
(-0.0814852 -0.282193 0)
(-0.0714485 -0.267566 0)
(-0.0604482 -0.247129 0)
(-0.0488827 -0.220963 0)
(-0.0372683 -0.189628 0)
(-0.0262199 -0.154255 0)
(-0.0164067 -0.116583 0)
(-0.00843924 -0.0788371 0)
(-0.00275852 -0.0434227 0)
(-0.000263941 -0.0124789 0)
(8.1996e-07 0.0125104 0)
(-8.88714e-05 0.0342402 0)
(-0.00037311 0.0529682 0)
(-0.000880477 0.0689782 0)
(-0.00163697 0.0825871 0)
(-0.00264617 0.0941355 0)
(-0.0038943 0.10397 0)
(-0.00535609 0.112423 0)
(-0.00699967 0.119798 0)
(-0.00879103 0.126356 0)
(-0.0106973 0.132307 0)
(-0.0126887 0.137811 0)
(-0.0147399 0.142981 0)
(-0.0168299 0.147886 0)
(-0.0189418 0.152561 0)
(-0.0210624 0.157014 0)
(-0.0231813 0.161233 0)
(-0.0252899 0.165192 0)
(-0.0273812 0.168855 0)
(-0.0294491 0.172185 0)
(-0.0314881 0.17514 0)
(-0.0334928 0.17768 0)
(-0.035458 0.179768 0)
(-0.0373788 0.181371 0)
(-0.0392502 0.182457 0)
(-0.0410672 0.183001 0)
(-0.0428254 0.182983 0)
(-0.0445203 0.182388 0)
(-0.0461481 0.181205 0)
(-0.0477055 0.179432 0)
(-0.0491897 0.177069 0)
(-0.0505986 0.174123 0)
(-0.0519311 0.170608 0)
(-0.0531867 0.166541 0)
(-0.0543659 0.161946 0)
(-0.0554704 0.156851 0)
(-0.0565025 0.151287 0)
(-0.0574655 0.145291 0)
(-0.0583637 0.138901 0)
(-0.059202 0.132157 0)
(-0.0599861 0.125102 0)
(-0.0607222 0.117777 0)
(-0.0614167 0.110223 0)
(-0.0620762 0.10248 0)
(-0.0627074 0.094586 0)
(-0.0633166 0.0865753 0)
(-0.0639096 0.078479 0)
(-0.0644916 0.0703242 0)
(-0.0650673 0.0621342 0)
(-0.0656402 0.0539282 0)
(-0.066213 0.0457214 0)
(-0.0667876 0.0375259 0)
(-0.067365 0.0293503 0)
(-0.0679454 0.0212011 0)
(-0.068528 0.0130826 0)
(-0.0691115 0.00499765 0)
(-0.0697036 -0.00305177 0)
(-0.0702921 -0.0110639 0)
(-0.0708875 -0.0190418 0)
(-0.0714907 -0.0269873 0)
(-0.0721048 -0.0349022 0)
(-0.0727348 -0.042789 0)
(-0.0733877 -0.0506518 0)
(-0.0740724 -0.0584971 0)
(-0.0748005 -0.066335 0)
(-0.0755862 -0.0741804 0)
(-0.0764464 -0.0820544 0)
(-0.0774005 -0.0899852 0)
(-0.0784703 -0.0980101 0)
(-0.0796791 -0.106175 0)
(-0.0810502 -0.114537 0)
(-0.0826059 -0.123162 0)
(-0.0843646 -0.132122 0)
(-0.0863378 -0.141498 0)
(-0.0885269 -0.151366 0)
(-0.0909188 -0.161798 0)
(-0.0934822 -0.172848 0)
(-0.0961638 -0.184544 0)
(-0.0988855 -0.196871 0)
(-0.101543 -0.209764 0)
(-0.104006 -0.223092 0)
(-0.106121 -0.236644 0)
(-0.107714 -0.250127 0)
(-0.108599 -0.263153 0)
(-0.108586 -0.275241 0)
(-0.107488 -0.28582 0)
(-0.105137 -0.294234 0)
(-0.101393 -0.299759 0)
(-0.0961612 -0.301629 0)
(-0.0894075 -0.299071 0)
(-0.0811759 -0.291361 0)
(-0.0716076 -0.277895 0)
(-0.0609573 -0.258287 0)
(-0.0496066 -0.232499 0)
(-0.0380655 -0.200973 0)
(-0.0269583 -0.164759 0)
(-0.0169831 -0.125575 0)
(-0.00879742 -0.0857101 0)
(-0.0028992 -0.0477229 0)
(-0.000283304 -0.0139459 0)
(9.2129e-06 0.0125343 0)
(-2.1705e-05 0.034385 0)
(-0.000184553 0.0532939 0)
(-0.000533675 0.0695246 0)
(-0.00110465 0.0833733 0)
(-0.00191055 0.0951607 0)
(-0.00294522 0.105218 0)
(-0.00418872 0.113867 0)
(-0.00561243 0.121407 0)
(-0.00718401 0.128096 0)
(-0.00887103 0.134148 0)
(-0.0106436 0.139724 0)
(-0.0124756 0.144943 0)
(-0.0143455 0.149877 0)
(-0.0162358 0.154567 0)
(-0.0181328 0.159022 0)
(-0.020026 0.163234 0)
(-0.0219071 0.167178 0)
(-0.0237694 0.17082 0)
(-0.0256073 0.174123 0)
(-0.027416 0.177047 0)
(-0.0291911 0.179551 0)
(-0.0309284 0.181598 0)
(-0.0326239 0.183155 0)
(-0.0342736 0.184191 0)
(-0.0358737 0.184681 0)
(-0.0374209 0.184605 0)
(-0.0389118 0.183949 0)
(-0.0403436 0.182702 0)
(-0.0417139 0.180861 0)
(-0.043021 0.178429 0)
(-0.0442636 0.175413 0)
(-0.0454414 0.171827 0)
(-0.0465546 0.16769 0)
(-0.0476044 0.163026 0)
(-0.0485927 0.157863 0)
(-0.0495221 0.152236 0)
(-0.0503963 0.14618 0)
(-0.0512193 0.139734 0)
(-0.0519961 0.13294 0)
(-0.052732 0.12584 0)
(-0.0534325 0.118476 0)
(-0.0541037 0.11089 0)
(-0.0547514 0.103121 0)
(-0.0553814 0.0952074 0)
(-0.0559991 0.0871823 0)
(-0.0566094 0.0790766 0)
(-0.0572164 0.0709167 0)
(-0.0578236 0.0627252 0)
(-0.0584335 0.0545202 0)
(-0.0590478 0.0463162 0)
(-0.0596673 0.0381243 0)
(-0.0602919 0.0299525 0)
(-0.0609211 0.0218064 0)
(-0.0615525 0.0136902 0)
(-0.0621841 0.0056066 0)
(-0.0628225 -0.00244187 0)
(-0.0634537 -0.0104519 0)
(-0.0640882 -0.0184256 0)
(-0.0647266 -0.0263644 0)
(-0.065371 -0.0342688 0)
(-0.0660256 -0.0421396 0)
(-0.0666963 -0.049979 0)
(-0.0673911 -0.057791 0)
(-0.0681207 -0.0655831 0)
(-0.0688982 -0.0733676 0)
(-0.06974 -0.0811625 0)
(-0.0706651 -0.0889936 0)
(-0.0716956 -0.0968956 0)
(-0.0728556 -0.104914 0)
(-0.074171 -0.113104 0)
(-0.0756673 -0.121534 0)
(-0.077368 -0.130282 0)
(-0.0792915 -0.139434 0)
(-0.0814474 -0.149081 0)
(-0.0838326 -0.159308 0)
(-0.0864266 -0.17019 0)
(-0.0891871 -0.181778 0)
(-0.0920467 -0.194084 0)
(-0.0949101 -0.20707 0)
(-0.0976537 -0.22063 0)
(-0.100127 -0.234578 0)
(-0.102157 -0.248638 0)
(-0.103553 -0.262433 0)
(-0.104115 -0.275485 0)
(-0.103646 -0.287213 0)
(-0.101961 -0.296939 0)
(-0.0989003 -0.303904 0)
(-0.0943459 -0.307292 0)
(-0.0882382 -0.306261 0)
(-0.0805941 -0.299998 0)
(-0.071527 -0.287794 0)
(-0.0612665 -0.269142 0)
(-0.0501743 -0.243869 0)
(-0.0387507 -0.21229 0)
(-0.0276249 -0.175357 0)
(-0.0175204 -0.134743 0)
(-0.00913954 -0.0927896 0)
(-0.00303635 -0.0521948 0)
(-0.00030276 -0.0154878 0)
(1.7451e-05 0.012523 0)
(4.39935e-05 0.0344363 0)
(2.55829e-07 0.0534806 0)
(-0.00019172 0.0698992 0)
(-0.000576065 0.0839643 0)
(-0.0011757 0.0959758 0)
(-0.00199268 0.106248 0)
(-0.00301287 0.11509 0)
(-0.00421126 0.122793 0)
(-0.00555756 0.129615 0)
(-0.00702012 0.135767 0)
(-0.00856896 0.141416 0)
(-0.0101776 0.146683 0)
(-0.0118236 0.151646 0)
(-0.013489 0.156348 0)
(-0.0151597 0.160804 0)
(-0.016825 0.165007 0)
(-0.0184767 0.168935 0)
(-0.0201084 0.172555 0)
(-0.0217151 0.175831 0)
(-0.0232928 0.178723 0)
(-0.0248378 0.181192 0)
(-0.0263469 0.183201 0)
(-0.0278172 0.184715 0)
(-0.0292457 0.185706 0)
(-0.0306298 0.186148 0)
(-0.0319671 0.186021 0)
(-0.0332555 0.18531 0)
(-0.0344931 0.184007 0)
(-0.0356787 0.182109 0)
(-0.0368113 0.179619 0)
(-0.0378906 0.176544 0)
(-0.0389169 0.172899 0)
(-0.0398913 0.168704 0)
(-0.0408153 0.163984 0)
(-0.0416912 0.158769 0)
(-0.0425221 0.153091 0)
(-0.0433114 0.146989 0)
(-0.0440634 0.140501 0)
(-0.0447825 0.13367 0)
(-0.0454739 0.126539 0)
(-0.0461425 0.119149 0)
(-0.0467937 0.111542 0)
(-0.0474326 0.103758 0)
(-0.0480641 0.0958341 0)
(-0.0486925 0.0878036 0)
(-0.0493219 0.0796966 0)
(-0.0499555 0.0715387 0)
(-0.0505954 0.0633515 0)
(-0.0512435 0.0551525 0)
(-0.0519003 0.0469552 0)
(-0.0525656 0.0387699 0)
(-0.0532388 0.0306038 0)
(-0.0539182 0.022462 0)
(-0.0546009 0.0143481 0)
(-0.0552835 0.00626481 0)
(-0.0559724 -0.00178511 0)
(-0.0566508 -0.00979606 0)
(-0.0573301 -0.0177691 0)
(-0.0580103 -0.025705 0)
(-0.0586929 -0.0336035 0)
(-0.0593811 -0.0414641 0)
(-0.06008 -0.0492867 0)
(-0.0607964 -0.0570731 0)
(-0.0615398 -0.0648284 0)
(-0.0623223 -0.0725616 0)
(-0.0631592 -0.080288 0)
(-0.0640687 -0.0880303 0)
(-0.0650724 -0.0958202 0)
(-0.0661948 -0.1037 0)
(-0.0674628 -0.111726 0)
(-0.0689045 -0.119965 0)
(-0.0705472 -0.128499 0)
(-0.0724152 -0.137419 0)
(-0.0745256 -0.146825 0)
(-0.0768847 -0.156819 0)
(-0.0794828 -0.167493 0)
(-0.0822891 -0.178923 0)
(-0.0852477 -0.191147 0)
(-0.0882736 -0.204155 0)
(-0.0912518 -0.217872 0)
(-0.0940373 -0.232137 0)
(-0.0964584 -0.246697 0)
(-0.0983227 -0.26119 0)
(-0.0994243 -0.275142 0)
(-0.0995547 -0.287969 0)
(-0.0985137 -0.298976 0)
(-0.0961237 -0.307371 0)
(-0.0922446 -0.31229 0)
(-0.0867913 -0.312824 0)
(-0.0797533 -0.308077 0)
(-0.0712156 -0.297231 0)
(-0.0613806 -0.279652 0)
(-0.0505876 -0.25503 0)
(-0.0393233 -0.223538 0)
(-0.0282182 -0.18601 0)
(-0.0180171 -0.144061 0)
(-0.00946435 -0.100058 0)
(-0.00316945 -0.0568296 0)
(-0.000322233 -0.0171028 0)
(2.58518e-05 0.0124769 0)
(0.000109001 0.0343988 0)
(0.000182096 0.0535314 0)
(0.000144083 0.0700994 0)
(-5.54283e-05 0.0843581 0)
(-0.000447379 0.0965783 0)
(-0.00104347 0.107055 0)
(-0.00183612 0.116086 0)
(-0.00280442 0.123952 0)
(-0.00392069 0.130905 0)
(-0.00515422 0.137159 0)
(-0.00647518 0.142882 0)
(-0.00785672 0.148198 0)
(-0.00927578 0.153189 0)
(-0.0107137 0.157903 0)
(-0.0121561 0.162358 0)
(-0.0135919 0.166551 0)
(-0.015013 0.170461 0)
(-0.0164133 0.174059 0)
(-0.0177883 0.177307 0)
(-0.0191345 0.180169 0)
(-0.0204494 0.182604 0)
(-0.0217305 0.184577 0)
(-0.0229759 0.186053 0)
(-0.0241839 0.187003 0)
(-0.0253528 0.187402 0)
(-0.0264814 0.187231 0)
(-0.0275686 0.186474 0)
(-0.0286137 0.185125 0)
(-0.0296162 0.183179 0)
(-0.0305763 0.180641 0)
(-0.0314945 0.177519 0)
(-0.0323718 0.173828 0)
(-0.0332098 0.169588 0)
(-0.0340106 0.164826 0)
(-0.0347768 0.159571 0)
(-0.0355116 0.153857 0)
(-0.0362187 0.147722 0)
(-0.036902 0.141206 0)
(-0.0375658 0.134351 0)
(-0.0382147 0.127201 0)
(-0.0388532 0.119797 0)
(-0.0394858 0.112181 0)
(-0.040117 0.104392 0)
(-0.0407507 0.0964678 0)
(-0.0413904 0.0884405 0)
(-0.042039 0.0803398 0)
(-0.0426988 0.0721905 0)
(-0.043371 0.0640133 0)
(-0.0440565 0.0558251 0)
(-0.0447549 0.0476384 0)
(-0.0454655 0.0394627 0)
(-0.0461866 0.0313047 0)
(-0.0469162 0.0231688 0)
(-0.0476508 0.0150582 0)
(-0.0483861 0.00697523 0)
(-0.0491281 -0.00107772 0)
(-0.0498577 -0.00909195 0)
(-0.0505864 -0.0170663 0)
(-0.0513144 -0.0250021 0)
(-0.0520424 -0.0328983 0)
(-0.0527728 -0.0407529 0)
(-0.0535097 -0.0485641 0)
(-0.054259 -0.0563315 0)
(-0.0550288 -0.0640576 0)
(-0.0558302 -0.0717486 0)
(-0.0566769 -0.0794166 0)
(-0.0575861 -0.087081 0)
(-0.0585781 -0.0947702 0)
(-0.0596772 -0.102524 0)
(-0.0609104 -0.110395 0)
(-0.0623072 -0.11845 0)
(-0.0638979 -0.126772 0)
(-0.0657111 -0.135457 0)
(-0.0677707 -0.144612 0)
(-0.0700915 -0.154351 0)
(-0.072674 -0.164786 0)
(-0.0754993 -0.176012 0)
(-0.0785234 -0.188098 0)
(-0.081673 -0.201064 0)
(-0.084843 -0.214863 0)
(-0.0878957 -0.229368 0)
(-0.0906634 -0.244348 0)
(-0.0929533 -0.259462 0)
(-0.0945553 -0.274248 0)
(-0.0952518 -0.288118 0)
(-0.0948295 -0.300365 0)
(-0.0930935 -0.310169 0)
(-0.0898826 -0.316622 0)
(-0.0850871 -0.318752 0)
(-0.0786688 -0.315577 0)
(-0.0706839 -0.306174 0)
(-0.061306 -0.289782 0)
(-0.0508494 -0.265942 0)
(-0.0397841 -0.234676 0)
(-0.0287377 -0.196685 0)
(-0.0184721 -0.1535 0)
(-0.00977095 -0.107496 0)
(-0.00329808 -0.0616185 0)
(-0.000341657 -0.0187888 0)
(3.39841e-05 0.012396 0)
(0.000172942 0.0342716 0)
(0.000361249 0.0534508 0)
(0.00047464 0.0701354 0)
(0.000456741 0.0845543 0)
(0.00026999 0.0969616 0)
(-0.000104839 0.107637 0)
(-0.000666671 0.116852 0)
(-0.0014007 0.124879 0)
(-0.00228274 0.131965 0)
(-0.00328314 0.138321 0)
(-0.00437259 0.144119 0)
(-0.00552411 0.149484 0)
(-0.00671378 0.154503 0)
(-0.00792231 0.159229 0)
(-0.00913486 0.163683 0)
(-0.0103403 0.167864 0)
(-0.0115302 0.171756 0)
(-0.0126987 0.17533 0)
(-0.0138419 0.178552 0)
(-0.0149569 0.181384 0)
(-0.0160419 0.183788 0)
(-0.0170955 0.185727 0)
(-0.0181167 0.187168 0)
(-0.0191049 0.188083 0)
(-0.0200596 0.188445 0)
(-0.0209805 0.188236 0)
(-0.0218676 0.187442 0)
(-0.0227213 0.186055 0)
(-0.0235422 0.184072 0)
(-0.0243312 0.181497 0)
(-0.0250896 0.178339 0)
(-0.0258193 0.174615 0)
(-0.0265223 0.170343 0)
(-0.0272013 0.165552 0)
(-0.0278591 0.16027 0)
(-0.0284992 0.154534 0)
(-0.029125 0.14838 0)
(-0.0297405 0.141849 0)
(-0.0303496 0.134984 0)
(-0.0309564 0.127827 0)
(-0.0315648 0.120421 0)
(-0.0321787 0.112806 0)
(-0.0328015 0.105024 0)
(-0.0334365 0.0971079 0)
(-0.0340861 0.0890923 0)
(-0.0347524 0.0810052 0)
(-0.0354365 0.0728709 0)
(-0.036139 0.0647093 0)
(-0.0368595 0.0565364 0)
(-0.0375973 0.0483642 0)
(-0.0383508 0.0402015 0)
(-0.039118 0.0320542 0)
(-0.0398962 0.0239263 0)
(-0.0406816 0.0158207 0)
(-0.0414696 0.00773907 0)
(-0.0422642 -0.00031682 0)
(-0.0430501 -0.00833543 0)
(-0.043832 -0.0163121 0)
(-0.0446131 -0.0242492 0)
(-0.0453931 -0.0321453 0)
(-0.0461735 -0.039997 0)
(-0.0469577 -0.0478008 0)
(-0.0477506 -0.0555543 0)
(-0.0485593 -0.0632575 0)
(-0.0493934 -0.0709139 0)
(-0.0502652 -0.0785327 0)
(-0.0511901 -0.0861297 0)
(-0.0521873 -0.0937297 0)
(-0.0532797 -0.101369 0)
(-0.0544939 -0.109097 0)
(-0.0558597 -0.116979 0)
(-0.0574091 -0.125096 0)
(-0.0591741 -0.133547 0)
(-0.061184 -0.142446 0)
(-0.063461 -0.151916 0)
(-0.0660153 -0.162086 0)
(-0.0688394 -0.173073 0)
(-0.0719016 -0.184972 0)
(-0.0751411 -0.197834 0)
(-0.078464 -0.211647 0)
(-0.0817418 -0.226314 0)
(-0.0848127 -0.241635 0)
(-0.0874856 -0.257293 0)
(-0.0895481 -0.272839 0)
(-0.0907755 -0.28769 0)
(-0.0909431 -0.301129 0)
(-0.0898404 -0.312314 0)
(-0.087286 -0.320293 0)
(-0.0831467 -0.324038 0)
(-0.0773571 -0.322483 0)
(-0.0699438 -0.3146 0)
(-0.0610506 -0.299498 0)
(-0.0509644 -0.276567 0)
(-0.0401351 -0.245667 0)
(-0.0291836 -0.207347 0)
(-0.018885 -0.163033 0)
(-0.0100588 -0.115086 0)
(-0.00342195 -0.0665519 0)
(-0.000360983 -0.0205435 0)
(4.15812e-05 0.0122815 0)
(0.000234706 0.0340562 0)
(0.000536095 0.0532386 0)
(0.000799067 0.0700056 0)
(0.00096024 0.0845614 0)
(0.000975349 0.0971377 0)
(0.000819815 0.10799 0)
(0.000488615 0.11738 0)
(-9.53072e-06 0.125568 0)
(-0.000653984 0.13279 0)
(-0.0014173 0.13925 0)
(-0.002272 0.145124 0)
(-0.00319095 0.150539 0)
(-0.00414923 0.155587 0)
(-0.00512684 0.160324 0)
(-0.00610869 0.164776 0)
(-0.00708331 0.168946 0)
(-0.00804207 0.172819 0)
(-0.00897917 0.17637 0)
(-0.00989099 0.179565 0)
(-0.0107754 0.182369 0)
(-0.0116312 0.184743 0)
(-0.0124581 0.186651 0)
(-0.0132559 0.188062 0)
(-0.0140252 0.188946 0)
(-0.0147664 0.189277 0)
(-0.0154805 0.189038 0)
(-0.0161684 0.188215 0)
(-0.0168315 0.186799 0)
(-0.0174715 0.184789 0)
(-0.01809 0.182188 0)
(-0.0186894 0.179007 0)
(-0.019272 0.175261 0)
(-0.0198405 0.170971 0)
(-0.0203979 0.166163 0)
(-0.0209474 0.160869 0)
(-0.0214925 0.155123 0)
(-0.0220368 0.148963 0)
(-0.0225839 0.142431 0)
(-0.0231374 0.135568 0)
(-0.0237008 0.128416 0)
(-0.0242776 0.12102 0)
(-0.0248708 0.113418 0)
(-0.0254831 0.10565 0)
(-0.0261168 0.0977528 0)
(-0.0267736 0.0897568 0)
(-0.0274545 0.0816905 0)
(-0.0281598 0.0735773 0)
(-0.0288891 0.0654365 0)
(-0.0296412 0.0572834 0)
(-0.0304148 0.0491297 0)
(-0.031208 0.0409835 0)
(-0.0320182 0.0328498 0)
(-0.0328425 0.0247324 0)
(-0.0336767 0.0166336 0)
(-0.0345159 0.00855531 0)
(-0.0353574 0.000499983 0)
(-0.0362072 -0.00752214 0)
(-0.0370456 -0.0155017 0)
(-0.0378841 -0.023441 0)
(-0.0387215 -0.031338 0)
(-0.0395588 -0.0391884 0)
(-0.0403986 -0.0469872 0)
(-0.0412452 -0.0547301 0)
(-0.0421045 -0.062415 0)
(-0.0429847 -0.0700431 0)
(-0.0438966 -0.0776204 0)
(-0.0448537 -0.0851594 0)
(-0.0458735 -0.0926812 0)
(-0.0469773 -0.100218 0)
(-0.0481904 -0.107816 0)
(-0.0495421 -0.115536 0)
(-0.051065 -0.123459 0)
(-0.0527932 -0.131683 0)
(-0.0547601 -0.140326 0)
(-0.0569942 -0.14952 0)
(-0.0595144 -0.159408 0)
(-0.0623237 -0.170126 0)
(-0.0654029 -0.181796 0)
(-0.0687041 -0.1945 0)
(-0.0721458 -0.208261 0)
(-0.0756101 -0.223016 0)
(-0.0789428 -0.2386 0)
(-0.0819571 -0.254722 0)
(-0.0844397 -0.270953 0)
(-0.0861613 -0.286717 0)
(-0.0868877 -0.301294 0)
(-0.0863941 -0.313822 0)
(-0.0844808 -0.323312 0)
(-0.0809917 -0.32868 0)
(-0.0758351 -0.328782 0)
(-0.0690078 -0.322487 0)
(-0.0606229 -0.308772 0)
(-0.0509377 -0.286872 0)
(-0.0403792 -0.256475 0)
(-0.0295572 -0.217961 0)
(-0.019256 -0.172632 0)
(-0.0103278 -0.122809 0)
(-0.00354093 -0.0716203 0)
(-0.000380177 -0.0223647 0)
(4.8597e-05 0.0121349 0)
(0.000293631 0.0337555 0)
(0.000704804 0.0528974 0)
(0.00111436 0.0697122 0)
(0.00145214 0.0843781 0)
(0.00166723 0.0971038 0)
(0.00172866 0.108123 0)
(0.00162557 0.117679 0)
(0.00136279 0.126019 0)
(0.000957355 0.133371 0)
(0.000432774 0.139937 0)
(-0.000185261 0.145894 0)
(-0.000869052 0.151362 0)
(-0.00159397 0.15644 0)
(-0.00233955 0.161189 0)
(-0.0030903 0.165639 0)
(-0.00383428 0.169797 0)
(-0.00456238 0.173652 0)
(-0.00526874 0.177179 0)
(-0.00595011 0.180348 0)
(-0.00660488 0.183124 0)
(-0.00723265 0.18547 0)
(-0.00783382 0.187351 0)
(-0.00840935 0.188735 0)
(-0.00896061 0.189593 0)
(-0.00948925 0.1899 0)
(-0.00999716 0.189638 0)
(-0.0104865 0.188793 0)
(-0.0109595 0.187358 0)
(-0.0114187 0.18533 0)
(-0.0118669 0.182715 0)
(-0.0123071 0.179521 0)
(-0.0127422 0.175766 0)
(-0.0131756 0.171469 0)
(-0.0136105 0.166659 0)
(-0.0140506 0.161365 0)
(-0.0144994 0.155623 0)
(-0.0149603 0.149471 0)
(-0.0154369 0.14295 0)
(-0.0159324 0.136101 0)
(-0.0164499 0.128968 0)
(-0.0169921 0.121591 0)
(-0.0175613 0.114013 0)
(-0.0181595 0.10627 0)
(-0.0187881 0.098399 0)
(-0.0194479 0.0904305 0)
(-0.0201392 0.0823919 0)
(-0.0208613 0.074306 0)
(-0.0216131 0.0661912 0)
(-0.0223923 0.0580622 0)
(-0.0231971 0.049931 0)
(-0.0240256 0.041805 0)
(-0.0248753 0.0336887 0)
(-0.0257428 0.0255849 0)
(-0.0266242 0.0174957 0)
(-0.0275143 0.00942316 0)
(-0.0284082 0.00137118 0)
(-0.0293154 -0.00665105 0)
(-0.0302108 -0.0146325 0)
(-0.031109 -0.0225734 0)
(-0.0320078 -0.0304709 0)
(-0.0329077 -0.03832 0)
(-0.0338106 -0.0461145 0)
(-0.0347198 -0.0538486 0)
(-0.0356404 -0.0615182 0)
(-0.0365794 -0.0691221 0)
(-0.0375457 -0.076664 0)
(-0.0385512 -0.0841532 0)
(-0.0396111 -0.0916067 0)
(-0.0407448 -0.0990527 0)
(-0.0419759 -0.106533 0)
(-0.0433324 -0.114105 0)
(-0.0448465 -0.121846 0)
(-0.0465532 -0.129853 0)
(-0.0484886 -0.138246 0)
(-0.0506862 -0.147163 0)
(-0.0531723 -0.156757 0)
(-0.0559597 -0.167185 0)
(-0.0590412 -0.178592 0)
(-0.0623818 -0.191091 0)
(-0.0659132 -0.204739 0)
(-0.0695295 -0.219514 0)
(-0.0730858 -0.235285 0)
(-0.0764012 -0.251791 0)
(-0.0792643 -0.268629 0)
(-0.0814428 -0.285236 0)
(-0.0826948 -0.30089 0)
(-0.0827834 -0.314715 0)
(-0.0814921 -0.325691 0)
(-0.0786435 -0.332681 0)
(-0.0741201 -0.334468 0)
(-0.0678892 -0.329818 0)
(-0.0600323 -0.317578 0)
(-0.0507756 -0.296825 0)
(-0.0405198 -0.267065 0)
(-0.0298603 -0.228497 0)
(-0.0195859 -0.182272 0)
(-0.0105781 -0.130647 0)
(-0.003655 -0.0768143 0)
(-0.000399223 -0.0242499 0)
(5.50331e-05 0.0119579 0)
(0.000349353 0.0333726 0)
(0.000866098 0.0524312 0)
(0.00141804 0.0692587 0)
(0.00192885 0.0840074 0)
(0.00234111 0.0968617 0)
(0.00261727 0.108033 0)
(0.00274084 0.117747 0)
(0.00271224 0.126236 0)
(0.00254447 0.133718 0)
(0.00225804 0.140391 0)
(0.00187811 0.146424 0)
(0.00143108 0.151946 0)
(0.000940472 0.157056 0)
(0.000426993 0.161819 0)
(-9.30536e-05 0.166271 0)
(-0.000606616 0.170419 0)
(-0.0011046 0.174254 0)
(-0.00158127 0.177758 0)
(-0.00203347 0.180902 0)
(-0.00246003 0.183651 0)
(-0.00286113 0.185972 0)
(-0.00323795 0.187828 0)
(-0.00359236 0.189189 0)
(-0.00392668 0.190025 0)
(-0.00424356 0.190314 0)
(-0.00454594 0.190035 0)
(-0.00483695 0.189177 0)
(-0.00511988 0.187731 0)
(-0.0053982 0.185696 0)
(-0.00567552 0.183076 0)
(-0.00595554 0.179882 0)
(-0.00624202 0.176129 0)
(-0.00653868 0.171839 0)
(-0.00684934 0.167038 0)
(-0.00717775 0.161758 0)
(-0.00752753 0.156033 0)
(-0.00790224 0.149901 0)
(-0.0083051 0.143403 0)
(-0.00873902 0.136581 0)
(-0.00920656 0.129477 0)
(-0.00970985 0.122131 0)
(-0.0102505 0.114586 0)
(-0.0108298 0.106878 0)
(-0.0114482 0.0990415 0)
(-0.0121057 0.0911081 0)
(-0.012802 0.0831041 0)
(-0.0135357 0.0750515 0)
(-0.0143048 0.0669679 0)
(-0.0151058 0.0588676 0)
(-0.0159363 0.0507634 0)
(-0.0167951 0.0426621 0)
(-0.0176797 0.0345673 0)
(-0.0185867 0.0264814 0)
(-0.0195124 0.018406 0)
(-0.0204513 0.0103432 0)
(-0.0213971 0.00229706 0)
(-0.0223603 -0.00572314 0)
(-0.0233131 -0.0137038 0)
(-0.0242725 -0.0216438 0)
(-0.025236 -0.0295395 0)
(-0.0262031 -0.0373856 0)
(-0.0271754 -0.0451751 0)
(-0.0281552 -0.0529004 0)
(-0.0291467 -0.0605556 0)
(-0.030156 -0.0681379 0)
(-0.0311903 -0.0756488 0)
(-0.0322593 -0.0830944 0)
(-0.0333762 -0.0904882 0)
(-0.0345582 -0.0978538 0)
(-0.0358269 -0.105229 0)
(-0.0372081 -0.112666 0)
(-0.0387327 -0.120239 0)
(-0.040436 -0.128042 0)
(-0.0423551 -0.136194 0)
(-0.0445273 -0.144838 0)
(-0.0469848 -0.154135 0)
(-0.0497493 -0.164258 0)
(-0.0528243 -0.175375 0)
(-0.0561879 -0.187628 0)
(-0.0597854 -0.201112 0)
(-0.0635236 -0.215842 0)
(-0.0672688 -0.231725 0)
(-0.0708476 -0.248539 0)
(-0.0740525 -0.265906 0)
(-0.0766503 -0.283281 0)
(-0.0783938 -0.299947 0)
(-0.0790356 -0.315018 0)
(-0.0783445 -0.327447 0)
(-0.076123 -0.336049 0)
(-0.0722291 -0.339537 0)
(-0.0666012 -0.336579 0)
(-0.0592885 -0.325895 0)
(-0.0504846 -0.306398 0)
(-0.0405612 -0.277408 0)
(-0.0300951 -0.238924 0)
(-0.0198757 -0.191927 0)
(-0.0108102 -0.138583 0)
(-0.00376428 -0.0821244 0)
(-0.000418129 -0.0261968 0)
(6.08862e-05 0.0117525 0)
(0.000401604 0.0329116 0)
(0.00101903 0.0518444 0)
(0.00170825 0.0686498 0)
(0.00238736 0.0834536 0)
(0.00299273 0.096415 0)
(0.00348045 0.107723 0)
(0.00382847 0.117585 0)
(0.00403244 0.126217 0)
(0.00410132 0.133827 0)
(0.00405286 0.140606 0)
(0.00391056 0.14672 0)
(0.00369946 0.152299 0)
(0.00344254 0.157443 0)
(0.00316061 0.162221 0)
(0.0028711 0.166672 0)
(0.00258741 0.170808 0)
(0.00231844 0.174626 0)
(0.00206999 0.178107 0)
(0.00184522 0.181226 0)
(0.00164509 0.183951 0)
(0.0014689 0.186248 0)
(0.0013148 0.188083 0)
(0.00118009 0.189424 0)
(0.00106156 0.190244 0)
(0.000955542 0.19052 0)
(0.000858137 0.190232 0)
(0.000765224 0.189368 0)
(0.000672538 0.18792 0)
(0.000575709 0.185887 0)
(0.000470298 0.183274 0)
(0.000351849 0.18009 0)
(0.000216029 0.176351 0)
(5.86768e-05 0.172079 0)
(-0.000124983 0.167299 0)
(-0.000338798 0.162045 0)
(-0.000586077 0.156349 0)
(-0.00087057 0.15025 0)
(-0.00119533 0.143787 0)
(-0.00156293 0.137003 0)
(-0.00197546 0.129938 0)
(-0.00243447 0.122635 0)
(-0.00294094 0.115131 0)
(-0.00349525 0.107466 0)
(-0.00409724 0.0996729 0)
(-0.00474619 0.0917819 0)
(-0.0054409 0.083819 0)
(-0.00617969 0.0758057 0)
(-0.00695985 0.067759 0)
(-0.00777656 0.0596923 0)
(-0.00862695 0.0516203 0)
(-0.0095107 0.0435484 0)
(-0.0104251 0.0354801 0)
(-0.0113669 0.0274171 0)
(-0.0123329 0.0193606 0)
(-0.0133177 0.0113122 0)
(-0.0143135 0.0032757 0)
(-0.0153315 -0.00473906 0)
(-0.0163416 -0.012715 0)
(-0.0173632 -0.0206498 0)
(-0.0183938 -0.02854 0)
(-0.0194324 -0.0363799 0)
(-0.0204795 -0.0441621 0)
(-0.0215366 -0.0518772 0)
(-0.0226074 -0.0595172 0)
(-0.0236973 -0.0670784 0)
(-0.0248118 -0.0745607 0)
(-0.0259583 -0.0819675 0)
(-0.0271479 -0.0893082 0)
(-0.0283958 -0.0966026 0)
(-0.0297211 -0.103884 0)
(-0.0311471 -0.1112 0)
(-0.0327027 -0.118619 0)
(-0.0344222 -0.126231 0)
(-0.0363431 -0.134155 0)
(-0.0385046 -0.142534 0)
(-0.0409436 -0.151537 0)
(-0.043689 -0.161347 0)
(-0.0467546 -0.172154 0)
(-0.0501307 -0.18413 0)
(-0.0537759 -0.197403 0)
(-0.0576109 -0.212029 0)
(-0.061514 -0.227958 0)
(-0.0653214 -0.245004 0)
(-0.0688311 -0.262821 0)
(-0.0718113 -0.280888 0)
(-0.0740115 -0.298498 0)
(-0.0751761 -0.314758 0)
(-0.0750608 -0.328599 0)
(-0.0734501 -0.338793 0)
(-0.0701786 -0.343989 0)
(-0.0651566 -0.342761 0)
(-0.058401 -0.333703 0)
(-0.0500713 -0.315566 0)
(-0.0405075 -0.287473 0)
(-0.0302642 -0.249212 0)
(-0.0201269 -0.201571 0)
(-0.0110247 -0.146598 0)
(-0.00386901 -0.0875417 0)
(-0.000436924 -0.0282031 0)
(6.61503e-05 0.0115205 0)
(0.000450157 0.0323765 0)
(0.00116281 0.0511423 0)
(0.00198341 0.0678909 0)
(0.00282512 0.0827215 0)
(0.0036185 0.0957682 0)
(0.00431354 0.107197 0)
(0.00488267 0.117195 0)
(0.00531676 0.125963 0)
(0.00562069 0.133698 0)
(0.00580926 0.140583 0)
(0.00590372 0.146778 0)
(0.00592763 0.152416 0)
(0.00590365 0.157597 0)
(0.00585262 0.162392 0)
(0.00579241 0.166844 0)
(0.00573674 0.170971 0)
(0.00569481 0.174771 0)
(0.00567256 0.17823 0)
(0.00567317 0.181326 0)
(0.00569739 0.184027 0)
(0.00574411 0.186301 0)
(0.00581088 0.188116 0)
(0.00589425 0.189441 0)
(0.00599014 0.190249 0)
(0.00609398 0.190517 0)
(0.0062009 0.190226 0)
(0.00630583 0.189363 0)
(0.00640358 0.187921 0)
(0.00648889 0.185899 0)
(0.00655652 0.1833 0)
(0.00660132 0.180137 0)
(0.00661832 0.176423 0)
(0.00660264 0.172181 0)
(0.00654926 0.167436 0)
(0.00645402 0.16222 0)
(0.00631334 0.156566 0)
(0.00612366 0.150512 0)
(0.00588211 0.144098 0)
(0.00558638 0.137363 0)
(0.00523483 0.13035 0)
(0.00482645 0.123099 0)
(0.00436091 0.115649 0)
(0.00383854 0.108037 0)
(0.00326025 0.100296 0)
(0.00262754 0.092455 0)
(0.00194241 0.0845407 0)
(0.00120733 0.0765735 0)
(0.000425336 0.0685687 0)
(-0.000401018 0.0605308 0)
(-0.00126679 0.052494 0)
(-0.00217043 0.0444558 0)
(-0.00310912 0.0364185 0)
(-0.00408019 0.0283834 0)
(-0.00508111 0.0203516 0)
(-0.00610724 0.0123239 0)
(-0.00715015 0.00430265 0)
(-0.00822181 -0.00370144 0)
(-0.0092892 -0.0116673 0)
(-0.010374 -0.0195917 0)
(-0.0114736 -0.0274711 0)
(-0.012587 -0.0353 0)
(-0.0137135 -0.0430708 0)
(-0.0148535 -0.0507723 0)
(-0.0160108 -0.0583944 0)
(-0.0171901 -0.065933 0)
(-0.0183957 -0.0733871 0)
(-0.0196323 -0.0807582 0)
(-0.0209088 -0.0880508 0)
(-0.0222388 -0.0952809 0)
(-0.0236388 -0.102478 0)
(-0.0251291 -0.109685 0)
(-0.0267361 -0.116965 0)
(-0.0284924 -0.124402 0)
(-0.0304346 -0.132113 0)
(-0.0326028 -0.140239 0)
(-0.035037 -0.148952 0)
(-0.037772 -0.158448 0)
(-0.0408302 -0.168934 0)
(-0.0442134 -0.180607 0)
(-0.0478934 -0.193631 0)
(-0.0518049 -0.208102 0)
(-0.0558392 -0.224012 0)
(-0.0598435 -0.241218 0)
(-0.0636233 -0.259411 0)
(-0.0669501 -0.278094 0)
(-0.0695721 -0.296576 0)
(-0.0712279 -0.313962 0)
(-0.0716621 -0.329167 0)
(-0.0706431 -0.340927 0)
(-0.067984 -0.347828 0)
(-0.0635677 -0.348359 0)
(-0.0573789 -0.340988 0)
(-0.049542 -0.324305 0)
(-0.0403629 -0.297233 0)
(-0.0303704 -0.259335 0)
(-0.0203412 -0.211182 0)
(-0.0112226 -0.154678 0)
(-0.00396954 -0.0930574 0)
(-0.00045566 -0.0302667 0)
(7.08209e-05 0.0112641 0)
(0.000494823 0.0317722 0)
(0.00129676 0.0503309 0)
(0.00224213 0.0669881 0)
(0.00323988 0.081817 0)
(0.0042152 0.0949263 0)
(0.00511231 0.106458 0)
(0.00589826 0.116582 0)
(0.00655908 0.125479 0)
(0.00709557 0.133334 0)
(0.00751931 0.140323 0)
(0.00784907 0.146602 0)
(0.00810683 0.152299 0)
(0.00831471 0.157519 0)
(0.00849342 0.162333 0)
(0.00866094 0.166788 0)
(0.00883129 0.170906 0)
(0.00901414 0.17469 0)
(0.00921575 0.178129 0)
(0.00943932 0.181201 0)
(0.00968547 0.18388 0)
(0.00995277 0.186134 0)
(0.0102382 0.187932 0)
(0.0105378 0.189244 0)
(0.0108465 0.190043 0)
(0.0111589 0.190308 0)
(0.0114693 0.190019 0)
(0.0117717 0.189164 0)
(0.01206 0.187735 0)
(0.0123281 0.185733 0)
(0.01257 0.183159 0)
(0.0127797 0.180026 0)
(0.0129517 0.176348 0)
(0.0130804 0.172146 0)
(0.0131606 0.167447 0)
(0.0131879 0.16228 0)
(0.0131584 0.156679 0)
(0.0130686 0.150681 0)
(0.0129157 0.144325 0)
(0.0126979 0.137651 0)
(0.0124136 0.1307 0)
(0.0120626 0.123511 0)
(0.011645 0.116122 0)
(0.0111618 0.10857 0)
(0.0106147 0.100888 0)
(0.0100058 0.0931036 0)
(0.00933805 0.0852434 0)
(0.00861466 0.0773274 0)
(0.00783898 0.0693716 0)
(0.00701232 0.0613881 0)
(0.00613815 0.0533943 0)
(0.00522133 0.0453955 0)
(0.00426498 0.0373948 0)
(0.00327147 0.0293937 0)
(0.00224297 0.021393 0)
(0.00118318 0.0133922 0)
(9.80971e-05 0.00538628 0)
(-0.00102724 -0.00261075 0)
(-0.00215369 -0.010563 0)
(-0.00330253 -0.0184715 0)
(-0.00447222 -0.0263336 0)
(-0.00566202 -0.034145 0)
(-0.00687117 -0.0418989 0)
(-0.00809918 -0.0495818 0)
(-0.00934928 -0.0571813 0)
(-0.0106259 -0.0646942 0)
(-0.0119317 -0.0721187 0)
(-0.0132692 -0.0794548 0)
(-0.0146451 -0.0867016 0)
(-0.0160719 -0.0938723 0)
(-0.0175634 -0.100993 0)
(-0.0191363 -0.108103 0)
(-0.0208143 -0.115256 0)
(-0.022628 -0.122534 0)
(-0.024612 -0.130046 0)
(-0.0268059 -0.137933 0)
(-0.0292517 -0.146369 0)
(-0.0319882 -0.155555 0)
(-0.0350455 -0.165714 0)
(-0.0384352 -0.177067 0)
(-0.042142 -0.189811 0)
(-0.0461144 -0.204082 0)
(-0.0502576 -0.219917 0)
(-0.0544306 -0.237216 0)
(-0.0584482 -0.25571 0)
(-0.0620872 -0.274934 0)
(-0.0650967 -0.294213 0)
(-0.0672115 -0.312661 0)
(-0.0681675 -0.329177 0)
(-0.067719 -0.342466 0)
(-0.0656593 -0.351062 0)
(-0.0618455 -0.353368 0)
(-0.0562305 -0.347736 0)
(-0.0489026 -0.332594 0)
(-0.0401315 -0.306662 0)
(-0.0304161 -0.269265 0)
(-0.0205203 -0.220737 0)
(-0.011405 -0.162805 0)
(-0.00406633 -0.0986635 0)
(-0.000474417 -0.0323856 0)
(7.48961e-05 0.0109854 0)
(0.000535452 0.0311035 0)
(0.00142033 0.0494165 0)
(0.00248322 0.0659484 0)
(0.00362961 0.0807468 0)
(0.0047799 0.0938954 0)
(0.00587289 0.105513 0)
(0.0068704 0.115748 0)
(0.00775367 0.124766 0)
(0.00851933 0.132738 0)
(0.00917558 0.139829 0)
(0.00973855 0.146191 0)
(0.0102285 0.15195 0)
(0.0106666 0.15721 0)
(0.0110734 0.162046 0)
(0.0114667 0.166506 0)
(0.0118609 0.170618 0)
(0.0122662 0.174386 0)
(0.012689 0.177805 0)
(0.0131329 0.180856 0)
(0.0135982 0.183513 0)
(0.0140834 0.185748 0)
(0.0145851 0.187531 0)
(0.0150986 0.188833 0)
(0.0156183 0.189628 0)
(0.0161378 0.189893 0)
(0.0166507 0.189612 0)
(0.0171501 0.188771 0)
(0.017629 0.187364 0)
(0.0180805 0.185388 0)
(0.0184977 0.182849 0)
(0.0188741 0.179755 0)
(0.0192034 0.176122 0)
(0.0194796 0.171972 0)
(0.0196971 0.167328 0)
(0.0198512 0.162221 0)
(0.0199378 0.156685 0)
(0.0199533 0.150754 0)
(0.0198952 0.144468 0)
(0.0197617 0.137864 0)
(0.0195518 0.130984 0)
(0.0192653 0.123867 0)
(0.0189032 0.116549 0)
(0.0184669 0.109065 0)
(0.0179586 0.101449 0)
(0.0173812 0.0937293 0)
(0.016738 0.0859296 0)
(0.0160327 0.0780705 0)
(0.0152685 0.0701685 0)
(0.0144475 0.062237 0)
(0.0135731 0.0542899 0)
(0.0126502 0.0463345 0)
(0.0116823 0.0383744 0)
(0.010672 0.0304114 0)
(0.00962147 0.0224467 0)
(0.00853378 0.0144808 0)
(0.00741292 0.00651393 0)
(0.0062413 -0.00144894 0)
(0.00505747 -0.00937983 0)
(0.00384642 -0.0172663 0)
(0.00260799 -0.0251056 0)
(0.00134313 -0.0328944 0)
(4.98813e-05 -0.0406328 0)
(-0.00127166 -0.0482996 0)
(-0.00262081 -0.0558733 0)
(-0.00400047 -0.0633565 0)
(-0.00541287 -0.0707481 0)
(-0.0068601 -0.0780483 0)
(-0.0083465 -0.0852498 0)
(-0.00988316 -0.0923636 0)
(-0.0114812 -0.0994141 0)
(-0.0131536 -0.106435 0)
(-0.0149209 -0.113473 0)
(-0.0168119 -0.120605 0)
(-0.018858 -0.127936 0)
(-0.0210976 -0.1356 0)
(-0.023573 -0.143771 0)
(-0.0263259 -0.152656 0)
(-0.029392 -0.162488 0)
(-0.032792 -0.173511 0)
(-0.0365221 -0.185952 0)
(-0.0405444 -0.199986 0)
(-0.0447781 -0.215695 0)
(-0.0490952 -0.233025 0)
(-0.0533212 -0.25175 0)
(-0.0572398 -0.27144 0)
(-0.0606032 -0.291445 0)
(-0.0631446 -0.310884 0)
(-0.0645934 -0.328653 0)
(-0.0646924 -0.34343 0)
(-0.0632169 -0.353699 0)
(-0.0599999 -0.357788 0)
(-0.0549629 -0.353936 0)
(-0.048158 -0.340415 0)
(-0.0398165 -0.315737 0)
(-0.0304036 -0.278978 0)
(-0.0206657 -0.230214 0)
(-0.0115729 -0.170964 0)
(-0.00415989 -0.104352 0)
(-0.000493297 -0.0345584 0)
(7.83778e-05 0.0106866 0)
(0.000571931 0.0303757 0)
(0.00153305 0.0484063 0)
(0.00270565 0.0647795 0)
(0.00399255 0.0795186 0)
(0.00530997 0.0926826 0)
(0.0065917 0.104368 0)
(0.00779456 0.1147 0)
(0.00889508 0.12383 0)
(0.00988567 0.131912 0)
(0.010771 0.139104 0)
(0.0115644 0.145549 0)
(0.0122841 0.151371 0)
(0.0129504 0.156674 0)
(0.0135831 0.161533 0)
(0.0142001 0.166001 0)
(0.0148157 0.170107 0)
(0.0154407 0.173862 0)
(0.016082 0.177262 0)
(0.0167431 0.180292 0)
(0.0174247 0.182929 0)
(0.0181249 0.185146 0)
(0.0188401 0.186916 0)
(0.019565 0.18821 0)
(0.0202934 0.189004 0)
(0.0210185 0.189275 0)
(0.0217326 0.189006 0)
(0.0224283 0.188185 0)
(0.0230977 0.186805 0)
(0.0237331 0.184864 0)
(0.0243269 0.182366 0)
(0.0248718 0.179321 0)
(0.025361 0.175743 0)
(0.0257879 0.171653 0)
(0.0261466 0.167075 0)
(0.0264321 0.162039 0)
(0.0266399 0.156577 0)
(0.0267667 0.150724 0)
(0.0268097 0.144517 0)
(0.0267674 0.137995 0)
(0.026639 0.131197 0)
(0.0264248 0.124159 0)
(0.026126 0.116921 0)
(0.0257445 0.109515 0)
(0.025283 0.101973 0)
(0.0247448 0.0943241 0)
(0.0241336 0.0865918 0)
(0.0234532 0.0787966 0)
(0.0227071 0.0709552 0)
(0.0218983 0.0630814 0)
(0.0210304 0.0551877 0)
(0.0201078 0.047282 0)
(0.0191339 0.0393684 0)
(0.0181115 0.0314496 0)
(0.0170424 0.0235271 0)
(0.0159286 0.0156018 0)
(0.0147733 0.00767444 0)
(0.0135648 -0.00025354 0)
(0.0123226 -0.00815644 0)
(0.0110511 -0.0160137 0)
(0.00974431 -0.0238232 0)
(0.00840429 -0.0315805 0)
(0.00702921 -0.0392786 0)
(0.00561668 -0.0469046 0)
(0.00416802 -0.0544458 0)
(0.00268429 -0.0618958 0)
(0.00116381 -0.0692521 0)
(-0.000400119 -0.0765242 0)
(-0.00200737 -0.0836841 0)
(-0.00366471 -0.0907431 0)
(-0.00538109 -0.0977269 0)
(-0.00716791 -0.104667 0)
(-0.00904171 -0.111599 0)
(-0.011029 -0.118598 0)
(-0.0131571 -0.125762 0)
(-0.0154622 -0.133219 0)
(-0.0179863 -0.141142 0)
(-0.0207719 -0.149737 0)
(-0.0238596 -0.159249 0)
(-0.0272769 -0.169938 0)
(-0.0310308 -0.182059 0)
(-0.0350961 -0.195826 0)
(-0.0394061 -0.211365 0)
(-0.0438464 -0.22867 0)
(-0.0482541 -0.247561 0)
(-0.0524217 -0.267646 0)
(-0.0561064 -0.288302 0)
(-0.059042 -0.308663 0)
(-0.060954 -0.327622 0)
(-0.0615757 -0.343837 0)
(-0.0606672 -0.355751 0)
(-0.0580387 -0.361622 0)
(-0.053582 -0.359582 0)
(-0.0473121 -0.347751 0)
(-0.0394202 -0.324433 0)
(-0.0303345 -0.288448 0)
(-0.0207786 -0.239591 0)
(-0.0117273 -0.179141 0)
(-0.00425076 -0.110117 0)
(-0.000512427 -0.0367838 0)
(8.12717e-05 0.0103701 0)
(0.000604182 0.0295942 0)
(0.00163457 0.0473074 0)
(0.00290859 0.0634896 0)
(0.00432718 0.0781407 0)
(0.00580306 0.0912959 0)
(0.00726549 0.103028 0)
(0.00866656 0.113444 0)
(0.0099782 0.122675 0)
(0.0111886 0.130862 0)
(0.0122988 0.138151 0)
(0.0133191 0.144678 0)
(0.0142658 0.150565 0)
(0.0151575 0.155911 0)
(0.0160136 0.160796 0)
(0.0168516 0.165274 0)
(0.0176859 0.169377 0)
(0.0185278 0.17312 0)
(0.0193844 0.176503 0)
(0.0202596 0.179513 0)
(0.0211541 0.182131 0)
(0.0220662 0.184332 0)
(0.0229918 0.18609 0)
(0.0239254 0.187379 0)
(0.0248603 0.188174 0)
(0.0257888 0.188454 0)
(0.0267028 0.188202 0)
(0.0275939 0.187406 0)
(0.0284535 0.186059 0)
(0.0292732 0.184159 0)
(0.0300447 0.18171 0)
(0.03076 0.178721 0)
(0.0314116 0.175207 0)
(0.0319925 0.171186 0)
(0.0324965 0.166684 0)
(0.032918 0.161729 0)
(0.0332526 0.156351 0)
(0.0334966 0.150585 0)
(0.0336474 0.144468 0)
(0.0337034 0.138036 0)
(0.0336641 0.131328 0)
(0.03353 0.12438 0)
(0.0333025 0.11723 0)
(0.0329839 0.109909 0)
(0.0325773 0.10245 0)
(0.0320863 0.0948795 0)
(0.0315147 0.0872219 0)
(0.0308667 0.0794976 0)
(0.0301459 0.0717236 0)
(0.029356 0.0639139 0)
(0.0285008 0.0560803 0)
(0.0275841 0.0482307 0)
(0.0266094 0.0403704 0)
(0.0255791 0.0325025 0)
(0.024495 0.0246292 0)
(0.0233584 0.0167522 0)
(0.0221715 0.00887282 0)
(0.0209345 0.000993126 0)
(0.0196316 -0.00687031 0)
(0.0183004 -0.0146903 0)
(0.0169247 -0.0224634 0)
(0.015507 -0.0301839 0)
(0.0140468 -0.0378437 0)
(0.0125425 -0.0454311 0)
(0.0109952 -0.0529344 0)
(0.00940616 -0.0603454 0)
(0.00777499 -0.0676588 0)
(0.00609628 -0.0748723 0)
(0.00436674 -0.0819788 0)
(0.00258496 -0.0889831 0)
(0.000744515 -0.0959051 0)
(-0.00117034 -0.102781 0)
(-0.00316592 -0.109617 0)
(-0.00526558 -0.116494 0)
(-0.00749438 -0.123507 0)
(-0.00988455 -0.130772 0)
(-0.012477 -0.138464 0)
(-0.0153129 -0.146783 0)
(-0.0184367 -0.155985 0)
(-0.0218811 -0.166341 0)
(-0.0256625 -0.178134 0)
(-0.0297678 -0.191611 0)
(-0.0341435 -0.206943 0)
(-0.0386893 -0.224174 0)
(-0.0432549 -0.24317 0)
(-0.047643 -0.263582 0)
(-0.0516176 -0.284817 0)
(-0.0549155 -0.306029 0)
(-0.0572604 -0.326112 0)
(-0.0583788 -0.34371 0)
(-0.058018 -0.357231 0)
(-0.0559679 -0.364872 0)
(-0.0520915 -0.364667 0)
(-0.0463671 -0.354586 0)
(-0.0389439 -0.33273 0)
(-0.0302096 -0.297651 0)
(-0.0208599 -0.248846 0)
(-0.0118689 -0.187321 0)
(-0.00433952 -0.11595 0)
(-0.000531955 -0.0390606 0)
(8.35877e-05 0.010038 0)
(0.000632162 0.0287646 0)
(0.00172462 0.0461278 0)
(0.00309136 0.0620876 0)
(0.00463223 0.0766222 0)
(0.00625714 0.0897439 0)
(0.00789134 0.101504 0)
(0.00948255 0.111987 0)
(0.0109982 0.121307 0)
(0.0124224 0.129592 0)
(0.0137524 0.136973 0)
(0.0149955 0.143582 0)
(0.0161654 0.149533 0)
(0.0172795 0.154926 0)
(0.018356 0.159839 0)
(0.019412 0.164328 0)
(0.0204621 0.16843 0)
(0.0215176 0.172163 0)
(0.0225862 0.17553 0)
(0.0236721 0.178522 0)
(0.0247761 0.181122 0)
(0.0258966 0.183308 0)
(0.0270294 0.185057 0)
(0.0281688 0.186342 0)
(0.0293074 0.18714 0)
(0.0304372 0.187432 0)
(0.0315493 0.187201 0)
(0.0326348 0.186434 0)
(0.0336842 0.185125 0)
(0.0346885 0.183272 0)
(0.0356387 0.180879 0)
(0.0365261 0.177954 0)
(0.0373426 0.17451 0)
(0.0380809 0.170568 0)
(0.0387341 0.16615 0)
(0.0392964 0.161284 0)
(0.0397632 0.155999 0)
(0.0401305 0.15033 0)
(0.0403957 0.144311 0)
(0.0405573 0.137979 0)
(0.0406147 0.131371 0)
(0.0405685 0.124522 0)
(0.0404205 0.117467 0)
(0.0401731 0.110241 0)
(0.0398296 0.102871 0)
(0.0393937 0.0953874 0)
(0.0388696 0.0878121 0)
(0.0382615 0.080166 0)
(0.0375734 0.0724664 0)
(0.0368091 0.0647273 0)
(0.0359726 0.0569604 0)
(0.0350674 0.0491741 0)
(0.0340968 0.0413743 0)
(0.033063 0.0335648 0)
(0.0319674 0.0257486 0)
(0.0308106 0.0179278 0)
(0.0295942 0.0101047 0)
(0.0283211 0.00228233 0)
(0.0269701 -0.00552863 0)
(0.0255826 -0.0133018 0)
(0.0241404 -0.0210295 0)
(0.0226464 -0.0287042 0)
(0.0211015 -0.0363171 0)
(0.019505 -0.0438575 0)
(0.0178574 -0.0513147 0)
(0.0161597 -0.0586801 0)
(0.0144117 -0.065947 0)
(0.0126108 -0.0731109 0)
(0.0107552 -0.080166 0)
(0.00884451 -0.0871144 0)
(0.00687447 -0.0939688 0)
(0.00483296 -0.100753 0)
(0.00270961 -0.107496 0)
(0.000488001 -0.114266 0)
(-0.00185824 -0.12115 0)
(-0.00435075 -0.12824 0)
(-0.00703066 -0.135719 0)
(-0.00993501 -0.143779 0)
(-0.0131113 -0.152682 0)
(-0.0165947 -0.162714 0)
(-0.0204099 -0.174174 0)
(-0.0245549 -0.187345 0)
(-0.0289892 -0.202442 0)
(-0.033626 -0.219557 0)
(-0.0383285 -0.238603 0)
(-0.0429108 -0.259278 0)
(-0.0471452 -0.281023 0)
(-0.0507736 -0.303013 0)
(-0.0535207 -0.324151 0)
(-0.0551089 -0.343072 0)
(-0.055275 -0.358156 0)
(-0.0537911 -0.367546 0)
(-0.0504933 -0.369186 0)
(-0.0453234 -0.360907 0)
(-0.0383872 -0.340606 0)
(-0.0300283 -0.306564 0)
(-0.0209095 -0.257958 0)
(-0.0119984 -0.195489 0)
(-0.00442665 -0.121846 0)
(-0.000552051 -0.0413884 0)
(8.53396e-05 0.00969279 0)
(0.00065586 0.0278926 0)
(0.00180304 0.0448753 0)
(0.00325343 0.0605828 0)
(0.00490664 0.0749729 0)
(0.00667044 0.0880363 0)
(0.00846668 0.0998026 0)
(0.0102391 0.110337 0)
(0.0119508 0.119735 0)
(0.0135819 0.128107 0)
(0.0151257 0.135578 0)
(0.0165865 0.142265 0)
(0.0179755 0.148281 0)
(0.0193082 0.153721 0)
(0.0206016 0.158664 0)
(0.0218724 0.163168 0)
(0.0231349 0.167271 0)
(0.0244007 0.170996 0)
(0.0256778 0.174348 0)
(0.0269707 0.177323 0)
(0.0282806 0.179906 0)
(0.0296058 0.182079 0)
(0.0309424 0.183818 0)
(0.0322842 0.185101 0)
(0.0336237 0.185905 0)
(0.0349523 0.186212 0)
(0.0362607 0.186004 0)
(0.0375392 0.185271 0)
(0.0387778 0.184005 0)
(0.0399667 0.182204 0)
(0.0410963 0.179872 0)
(0.0421574 0.177017 0)
(0.0431412 0.173652 0)
(0.0440399 0.169795 0)
(0.0448463 0.165469 0)
(0.0455542 0.1607 0)
(0.0461585 0.155517 0)
(0.0466552 0.149953 0)
(0.0470415 0.144041 0)
(0.0473157 0.137818 0)
(0.0474774 0.131317 0)
(0.0475271 0.124575 0)
(0.0474667 0.117626 0)
(0.0472987 0.110501 0)
(0.0470264 0.10323 0)
(0.0466538 0.09584 0)
(0.0461851 0.0883547 0)
(0.0456244 0.0807944 0)
(0.0449762 0.0731765 0)
(0.0442443 0.0655153 0)
(0.0434327 0.0578225 0)
(0.0425447 0.050107 0)
(0.0415833 0.0423754 0)
(0.0405505 0.0346325 0)
(0.0394474 0.0268818 0)
(0.0382742 0.0191264 0)
(0.0370319 0.0113688 0)
(0.0357243 0.0036123 0)
(0.0343292 -0.00413708 0)
(0.0328883 -0.0118535 0)
(0.0313829 -0.0195258 0)
(0.0298155 -0.027145 0)
(0.0281875 -0.0347019 0)
(0.0264991 -0.0421865 0)
(0.0247505 -0.0495887 0)
(0.0229427 -0.0568997 0)
(0.021076 -0.0641118 0)
(0.0191495 -0.0712193 0)
(0.0171626 -0.0782173 0)
(0.015115 -0.085107 0)
(0.0130039 -0.0918979 0)
(0.0108224 -0.0986083 0)
(0.00856276 -0.105266 0)
(0.00621268 -0.111925 0)
(0.00374962 -0.118663 0)
(0.001148 -0.125591 0)
(-0.00163582 -0.132888 0)
(-0.004625 -0.140707 0)
(-0.00787013 -0.149329 0)
(-0.0114062 -0.159045 0)
(-0.0152639 -0.170174 0)
(-0.0194513 -0.183032 0)
(-0.0239395 -0.197872 0)
(-0.0286557 -0.214833 0)
(-0.0334765 -0.233882 0)
(-0.0382284 -0.25476 0)
(-0.0426939 -0.276948 0)
(-0.0466217 -0.299646 0)
(-0.0497401 -0.321768 0)
(-0.0517699 -0.341948 0)
(-0.0524407 -0.358543 0)
(-0.0515093 -0.369651 0)
(-0.0487866 -0.373137 0)
(-0.0441791 -0.3667 0)
(-0.0377478 -0.34804 0)
(-0.0297888 -0.315161 0)
(-0.0209263 -0.266904 0)
(-0.0121157 -0.203629 0)
(-0.00451257 -0.127798 0)
(-0.0005729 -0.0437668 0)
(8.65452e-05 0.00933665 0)
(0.0006753 0.026984 0)
(0.00186974 0.0435582 0)
(0.00339447 0.0589849 0)
(0.0051496 0.0732031 0)
(0.00704152 0.0861835 0)
(0.00898928 0.0979348 0)
(0.010933 0.108503 0)
(0.0128319 0.117964 0)
(0.014662 0.126416 0)
(0.016413 0.133969 0)
(0.0180857 0.140732 0)
(0.0196888 0.146811 0)
(0.0212357 0.1523 0)
(0.0227421 0.157275 0)
(0.0242239 0.161795 0)
(0.0256952 0.165902 0)
(0.0271677 0.16962 0)
(0.0286495 0.17296 0)
(0.0301456 0.175919 0)
(0.0316575 0.178487 0)
(0.0331838 0.180646 0)
(0.0347204 0.182378 0)
(0.0362612 0.18366 0)
(0.0377984 0.184472 0)
(0.0393232 0.184795 0)
(0.0408256 0.184614 0)
(0.0422955 0.183917 0)
(0.0437224 0.182698 0)
(0.0450958 0.180954 0)
(0.0464054 0.178688 0)
(0.0476415 0.175909 0)
(0.0487948 0.172628 0)
(0.0498568 0.168863 0)
(0.0508201 0.164636 0)
(0.051678 0.159972 0)
(0.052425 0.154898 0)
(0.053057 0.149447 0)
(0.0535708 0.143651 0)
(0.0539647 0.137544 0)
(0.0542381 0.13116 0)
(0.0543915 0.124533 0)
(0.0544267 0.117696 0)
(0.0543462 0.110681 0)
(0.0541533 0.103517 0)
(0.0538519 0.0962293 0)
(0.0534463 0.088842 0)
(0.0529408 0.0813754 0)
(0.0523397 0.073847 0)
(0.051647 0.0662713 0)
(0.0508664 0.0586605 0)
(0.0500014 0.0510239 0)
(0.0490546 0.0433689 0)
(0.0480278 0.0357011 0)
(0.046922 0.0280249 0)
(0.0457369 0.020344 0)
(0.0444732 0.0126617 0)
(0.0431347 0.00498019 0)
(0.0416991 -0.00269865 0)
(0.0402077 -0.0103489 0)
(0.0386425 -0.0179555 0)
(0.0370045 -0.0255088 0)
(0.0352956 -0.033 0)
(0.0335165 -0.0404195 0)
(0.0316677 -0.0477574 0)
(0.0297502 -0.0550048 0)
(0.0277645 -0.0621534 0)
(0.0257109 -0.069197 0)
(0.0235897 -0.0761312 0)
(0.0214007 -0.0829562 0)
(0.0191426 -0.089679 0)
(0.0168116 -0.0963153 0)
(0.0144024 -0.102892 0)
(0.0119058 -0.109456 0)
(0.00930647 -0.116076 0)
(0.00658425 -0.122855 0)
(0.00370456 -0.129942 0)
(0.000625073 -0.137538 0)
(-0.00270108 -0.145908 0)
(-0.00630334 -0.155325 0)
(-0.0102139 -0.166131 0)
(-0.0144485 -0.17867 0)
(-0.0189887 -0.193238 0)
(-0.0237749 -0.210018 0)
(-0.0286976 -0.229028 0)
(-0.0335965 -0.250056 0)
(-0.0382653 -0.272623 0)
(-0.042462 -0.295959 0)
(-0.0459204 -0.318994 0)
(-0.0483629 -0.340364 0)
(-0.0495147 -0.358411 0)
(-0.0491203 -0.371197 0)
(-0.0469681 -0.376517 0)
(-0.0429299 -0.371953 0)
(-0.0370213 -0.35501 0)
(-0.0294873 -0.323418 0)
(-0.0209083 -0.275661 0)
(-0.0122201 -0.211726 0)
(-0.00459753 -0.1338 0)
(-0.000594698 -0.0461958 0)
(8.72256e-05 0.00897186 0)
(0.000690533 0.0260446 0)
(0.00192473 0.0421849 0)
(0.00351426 0.0573039 0)
(0.0053605 0.0713238 0)
(0.00736922 0.0841963 0)
(0.00945726 0.0959108 0)
(0.0115616 0.106494 0)
(0.013638 0.116005 0)
(0.0156583 0.124526 0)
(0.0176088 0.132154 0)
(0.0194868 0.138989 0)
(0.0212983 0.145131 0)
(0.0230544 0.150668 0)
(0.0247694 0.155676 0)
(0.0264581 0.160214 0)
(0.0281343 0.164327 0)
(0.0298095 0.168041 0)
(0.0314922 0.17137 0)
(0.0331876 0.174314 0)
(0.0348975 0.176868 0)
(0.0366208 0.179015 0)
(0.0383535 0.18074 0)
(0.0400896 0.182022 0)
(0.0418213 0.182843 0)
(0.0435392 0.183184 0)
(0.0452333 0.183031 0)
(0.0468928 0.182374 0)
(0.0485067 0.181204 0)
(0.050064 0.179521 0)
(0.0515539 0.177326 0)
(0.052966 0.174627 0)
(0.0542906 0.171436 0)
(0.0555187 0.16777 0)
(0.0566423 0.163648 0)
(0.0576543 0.159095 0)
(0.0585491 0.154138 0)
(0.0593219 0.148807 0)
(0.0599695 0.143134 0)
(0.0604898 0.137151 0)
(0.060882 0.130891 0)
(0.0611466 0.124387 0)
(0.0612851 0.117672 0)
(0.0613 0.110775 0)
(0.0611944 0.103725 0)
(0.0609722 0.0965475 0)
(0.0606375 0.0892663 0)
(0.0601947 0.0819016 0)
(0.0596479 0.0744708 0)
(0.0590011 0.066989 0)
(0.0582581 0.0594685 0)
(0.057422 0.0519193 0)
(0.0564953 0.0443495 0)
(0.0554799 0.0367655 0)
(0.0543764 0.0291728 0)
(0.0531847 0.0215757 0)
(0.0519051 0.0139782 0)
(0.0505403 0.00638164 0)
(0.04907 -0.00121686 0)
(0.0475303 -0.00879137 0)
(0.0459083 -0.0163212 0)
(0.0442024 -0.0237979 0)
(0.0424148 -0.0312134 0)
(0.0405469 -0.0385579 0)
(0.0385995 -0.0458217 0)
(0.0365735 -0.0529959 0)
(0.0344699 -0.0600721 0)
(0.0322894 -0.0670437 0)
(0.0300328 -0.0739063 0)
(0.0277007 -0.0806595 0)
(0.0252926 -0.0873088 0)
(0.0228068 -0.0938678 0)
(0.0202397 -0.100362 0)
(0.0175851 -0.106833 0)
(0.0148325 -0.113346 0)
(0.0119666 -0.119996 0)
(0.00896285 -0.12692 0)
(0.00578767 -0.134301 0)
(0.00239633 -0.142391 0)
(-0.0012777 -0.151537 0)
(-0.00524859 -0.162035 0)
(-0.00953628 -0.17426 0)
(-0.0141288 -0.188545 0)
(-0.0189778 -0.205123 0)
(-0.0239879 -0.224058 0)
(-0.0290124 -0.245188 0)
(-0.0338579 -0.268076 0)
(-0.0382932 -0.291983 0)
(-0.0420601 -0.315859 0)
(-0.0448855 -0.338346 0)
(-0.0464933 -0.357779 0)
(-0.046619 -0.372194 0)
(-0.0450311 -0.379327 0)
(-0.0415684 -0.376653 0)
(-0.0362005 -0.361495 0)
(-0.0291182 -0.331306 0)
(-0.0208516 -0.284203 0)
(-0.0123101 -0.219762 0)
(-0.00468153 -0.139844 0)
(-0.000617642 -0.0486754 0)
(8.74047e-05 0.00860065 0)
(0.00070164 0.0250802 0)
(0.00196808 0.0407638 0)
(0.00361275 0.0555501 0)
(0.00553899 0.0693461 0)
(0.00765265 0.0820863 0)
(0.00986907 0.093742 0)
(0.0121226 0.104322 0)
(0.0143657 0.113867 0)
(0.0165667 0.122445 0)
(0.0187081 0.13014 0)
(0.020784 0.137043 0)
(0.0227973 0.143244 0)
(0.0247571 0.148829 0)
(0.0266756 0.153871 0)
(0.0285667 0.15843 0)
(0.0304436 0.162551 0)
(0.0323174 0.166262 0)
(0.0341968 0.169582 0)
(0.0360873 0.172513 0)
(0.0379911 0.175053 0)
(0.0399073 0.17719 0)
(0.0418322 0.178909 0)
(0.0437598 0.180192 0)
(0.0456824 0.181022 0)
(0.0475903 0.181382 0)
(0.0494733 0.18126 0)
(0.0513203 0.180643 0)
(0.0531197 0.179526 0)
(0.0548601 0.177906 0)
(0.0565302 0.175786 0)
(0.058119 0.173172 0)
(0.0596163 0.170075 0)
(0.0610127 0.166512 0)
(0.0622997 0.162501 0)
(0.0634697 0.158065 0)
(0.0645167 0.153231 0)
(0.0654356 0.148027 0)
(0.0662227 0.142484 0)
(0.0668758 0.136632 0)
(0.0673937 0.130503 0)
(0.0677767 0.12413 0)
(0.068026 0.117544 0)
(0.0681439 0.110773 0)
(0.0681333 0.103845 0)
(0.067998 0.0967867 0)
(0.0677419 0.0896201 0)
(0.067369 0.0823656 0)
(0.0668837 0.0750411 0)
(0.0662897 0.0676616 0)
(0.0655906 0.0602401 0)
(0.0647895 0.0527871 0)
(0.0638888 0.0453115 0)
(0.0628902 0.0378204 0)
(0.0617945 0.0303201 0)
(0.0606018 0.0228157 0)
(0.059312 0.0153117 0)
(0.0579269 0.00780968 0)
(0.0564393 0.000306558 0)
(0.0548445 -0.00718131 0)
(0.0531673 -0.0146241 0)
(0.0513957 -0.0220143 0)
(0.049532 -0.029344 0)
(0.047578 -0.0366036 0)
(0.0455345 -0.0437835 0)
(0.0434024 -0.0508746 0)
(0.0411827 -0.0578689 0)
(0.0388766 -0.0647595 0)
(0.0364853 -0.071542 0)
(0.0340099 -0.0782156 0)
(0.0314509 -0.0847848 0)
(0.0288077 -0.0912619 0)
(0.0260785 -0.09767 0)
(0.0232593 -0.104049 0)
(0.0203429 -0.110458 0)
(0.017318 -0.116989 0)
(0.0141671 -0.123769 0)
(0.0108659 -0.130975 0)
(0.00738063 -0.138841 0)
(0.00365907 -0.147674 0)
(-0.000362553 -0.15787 0)
(-0.00470371 -0.169797 0)
(-0.00934906 -0.183799 0)
(-0.0142559 -0.200158 0)
(-0.0193405 -0.21899 0)
(-0.0244707 -0.240181 0)
(-0.0294669 -0.263336 0)
(-0.0341105 -0.287749 0)
(-0.038154 -0.312393 0)
(-0.0413314 -0.335922 0)
(-0.0433689 -0.35667 0)
(-0.0439965 -0.372654 0)
(-0.0429658 -0.381568 0)
(-0.0400843 -0.380789 0)
(-0.0352756 -0.367472 0)
(-0.028673 -0.338798 0)
(-0.0207508 -0.292502 0)
(-0.0123833 -0.227716 0)
(-0.00476423 -0.145922 0)
(-0.000641924 -0.0512058 0)
(8.71091e-05 0.00822516 0)
(0.000708725 0.0240966 0)
(0.00199997 0.0393035 0)
(0.00369001 0.053734 0)
(0.00568488 0.0672817 0)
(0.00789122 0.0798658 0)
(0.0102235 0.0914405 0)
(0.0126141 0.101997 0)
(0.0150124 0.111561 0)
(0.0173834 0.120184 0)
(0.0197063 0.127936 0)
(0.0219718 0.1349 0)
(0.0241798 0.141158 0)
(0.0263368 0.146789 0)
(0.0284534 0.151866 0)
(0.0305418 0.156447 0)
(0.0326146 0.160577 0)
(0.0346827 0.164288 0)
(0.0367546 0.1676 0)
(0.0388359 0.17052 0)
(0.0409293 0.173047 0)
(0.0430342 0.175174 0)
(0.0451471 0.176887 0)
(0.0472623 0.178172 0)
(0.049372 0.179012 0)
(0.0514666 0.179393 0)
(0.0535356 0.179301 0)
(0.0555676 0.178727 0)
(0.0575507 0.177664 0)
(0.059473 0.17611 0)
(0.0613228 0.174067 0)
(0.0630886 0.171541 0)
(0.0647598 0.168543 0)
(0.0663263 0.165086 0)
(0.0677793 0.161191 0)
(0.0691107 0.156878 0)
(0.0703139 0.152173 0)
(0.0713836 0.147102 0)
(0.0723157 0.141694 0)
(0.0731075 0.13598 0)
(0.0737575 0.12999 0)
(0.0742657 0.123755 0)
(0.0746329 0.117305 0)
(0.074861 0.110668 0)
(0.0749529 0.103871 0)
(0.0749118 0.0969395 0)
(0.0747416 0.0898958 0)
(0.074446 0.0827603 0)
(0.0740292 0.0755507 0)
(0.0734947 0.0682826 0)
(0.0728461 0.0609691 0)
(0.0720862 0.0536215 0)
(0.0712173 0.0462493 0)
(0.0702411 0.0388604 0)
(0.0691585 0.0314616 0)
(0.0679694 0.0240588 0)
(0.0666736 0.0166569 0)
(0.0652717 0.0092583 0)
(0.063764 0.00186249 0)
(0.062126 -0.00552308 0)
(0.0603992 -0.0128678 0)
(0.0585671 -0.0201617 0)
(0.0566319 -0.0273955 0)
(0.0545959 -0.0345599 0)
(0.0524599 -0.0416455 0)
(0.0502248 -0.0486435 0)
(0.0478919 -0.0555458 0)
(0.0454627 -0.0623459 0)
(0.0429386 -0.0690392 0)
(0.0403211 -0.0756247 0)
(0.0376117 -0.0821063 0)
(0.0348107 -0.0884952 0)
(0.0319176 -0.0948132 0)
(0.0289305 -0.101097 0)
(0.0258445 -0.107405 0)
(0.0226518 -0.113821 0)
(0.0193399 -0.12047 0)
(0.0158911 -0.127519 0)
(0.0122809 -0.135195 0)
(0.00847338 -0.143791 0)
(0.00441818 -0.153666 0)
(5.18843e-05 -0.165269 0)
(-0.00463904 -0.179001 0)
(-0.00959817 -0.195134 0)
(-0.0147462 -0.213841 0)
(-0.019963 -0.235057 0)
(-0.025084 -0.25843 0)
(-0.0299056 -0.283288 0)
(-0.0341933 -0.308629 0)
(-0.037691 -0.333122 0)
(-0.0401305 -0.355106 0)
(-0.0412401 -0.372592 0)
(-0.0407582 -0.383239 0)
(-0.0384634 -0.384348 0)
(-0.0342331 -0.372918 0)
(-0.0281407 -0.345863 0)
(-0.020598 -0.300527 0)
(-0.0124357 -0.235567 0)
(-0.00484485 -0.152024 0)
(-0.000667715 -0.053787 0)
(8.63675e-05 0.00784751 0)
(0.000711916 0.0230993 0)
(0.0020206 0.0378125 0)
(0.00374626 0.0518663 0)
(0.00579822 0.0651427 0)
(0.0080846 0.0775473 0)
(0.0105197 0.0890189 0)
(0.0130344 0.0995325 0)
(0.0155756 0.109098 0)
(0.0181053 0.117751 0)
(0.0205994 0.125552 0)
(0.0230452 0.132569 0)
(0.0254398 0.138879 0)
(0.0277871 0.144555 0)
(0.0300954 0.149666 0)
(0.0323758 0.154269 0)
(0.0346395 0.15841 0)
(0.0368971 0.162122 0)
(0.0391569 0.165428 0)
(0.0414248 0.168339 0)
(0.0437034 0.170855 0)
(0.0459926 0.172972 0)
(0.0482894 0.17468 0)
(0.0505881 0.175967 0)
(0.052881 0.176817 0)
(0.0551587 0.177218 0)
(0.0574105 0.177158 0)
(0.0596248 0.176628 0)
(0.0617895 0.175621 0)
(0.0638923 0.174134 0)
(0.0659209 0.17217 0)
(0.0678637 0.169735 0)
(0.0697093 0.166837 0)
(0.0714473 0.163492 0)
(0.0730683 0.159716 0)
(0.0745639 0.155531 0)
(0.075927 0.150958 0)
(0.0771518 0.146026 0)
(0.0782337 0.14076 0)
(0.0791695 0.13519 0)
(0.0799575 0.129346 0)
(0.0805971 0.123255 0)
(0.0810888 0.116949 0)
(0.0814341 0.110453 0)
(0.0816354 0.103795 0)
(0.0816957 0.0969985 0)
(0.0816185 0.0900863 0)
(0.0814073 0.0830785 0)
(0.0810658 0.0759929 0)
(0.0805977 0.0688452 0)
(0.080006 0.0616491 0)
(0.0792935 0.0544164 0)
(0.0784625 0.0471571 0)
(0.0775144 0.0398798 0)
(0.0764501 0.0325923 0)
(0.0752696 0.0253008 0)
(0.0739721 0.018011 0)
(0.0725575 0.0107262 0)
(0.0710279 0.00344759 0)
(0.0693571 -0.00382351 0)
(0.0675868 -0.0110593 0)
(0.0657003 -0.0182458 0)
(0.0636993 -0.0253728 0)
(0.0615861 -0.0324312 0)
(0.059362 -0.0394118 0)
(0.057028 -0.0463061 0)
(0.0545856 -0.0531062 0)
(0.0520365 -0.0598056 0)
(0.0493825 -0.0664001 0)
(0.0466256 -0.0728884 0)
(0.0437677 -0.079274 0)
(0.0408101 -0.0855677 0)
(0.0377535 -0.0917898 0)
(0.0345974 -0.0979755 0)
(0.0313393 -0.10418 0)
(0.0279742 -0.110485 0)
(0.0244935 -0.117009 0)
(0.0208846 -0.123917 0)
(0.0171297 -0.131426 0)
(0.0132045 -0.139822 0)
(0.00907584 -0.149452 0)
(0.00469634 -0.16073 0)
(3.54197e-06 -0.174143 0)
(-0.00499258 -0.190059 0)
(-0.0101919 -0.208626 0)
(-0.0154775 -0.229839 0)
(-0.020698 -0.253387 0)
(-0.0256667 -0.278632 0)
(-0.0301653 -0.304599 0)
(-0.0339503 -0.329975 0)
(-0.0367627 -0.353112 0)
(-0.0383332 -0.372021 0)
(-0.0383906 -0.384343 0)
(-0.0366876 -0.387318 0)
(-0.0330562 -0.377806 0)
(-0.027507 -0.352465 0)
(-0.020383 -0.308243 0)
(-0.0124619 -0.243286 0)
(-0.00492206 -0.158138 0)
(-0.000695147 -0.0564184 0)
(8.521e-05 0.00746969 0)
(0.000711357 0.0220939 0)
(0.00203027 0.0362993 0)
(0.00378182 0.0499575 0)
(0.0058792 0.0629413 0)
(0.00823271 0.075144 0)
(0.0107571 0.0864904 0)
(0.0133824 0.0969408 0)
(0.0160534 0.10649 0)
(0.0187296 0.11516 0)
(0.0213836 0.122996 0)
(0.0239998 0.130059 0)
(0.0265721 0.136416 0)
(0.0291018 0.142134 0)
(0.0315951 0.147277 0)
(0.0340613 0.151902 0)
(0.0365105 0.156055 0)
(0.0389526 0.15977 0)
(0.0413956 0.163072 0)
(0.0438454 0.165973 0)
(0.0463048 0.168479 0)
(0.0487741 0.170588 0)
(0.0512504 0.172291 0)
(0.0537284 0.17358 0)
(0.0562006 0.174441 0)
(0.0586577 0.174863 0)
(0.0610889 0.174835 0)
(0.0634826 0.174348 0)
(0.0658264 0.173397 0)
(0.0681077 0.171979 0)
(0.070314 0.170096 0)
(0.0724331 0.167753 0)
(0.0744533 0.164959 0)
(0.0763637 0.161727 0)
(0.0781544 0.158074 0)
(0.0798165 0.15402 0)
(0.0813425 0.149585 0)
(0.0827259 0.144795 0)
(0.0839618 0.139677 0)
(0.0850466 0.134257 0)
(0.0859779 0.128563 0)
(0.0867546 0.122625 0)
(0.0873768 0.116468 0)
(0.0878457 0.110122 0)
(0.088163 0.10361 0)
(0.0883314 0.0969569 0)
(0.088354 0.0901847 0)
(0.0882339 0.0833134 0)
(0.0879746 0.0763608 0)
(0.0875794 0.0693429 0)
(0.0870511 0.0622738 0)
(0.0863924 0.0551655 0)
(0.0856052 0.0480289 0)
(0.0846912 0.0408733 0)
(0.0836509 0.0337068 0)
(0.0824844 0.0265368 0)
(0.0811909 0.0193695 0)
(0.0797696 0.0122094 0)
(0.0782228 0.00505804 0)
(0.0765256 -0.00208873 0)
(0.0747163 -0.00920518 0)
(0.0727811 -0.0162727 0)
(0.0707196 -0.0232812 0)
(0.0685343 -0.0302222 0)
(0.0662268 -0.0370869 0)
(0.0637986 -0.0438666 0)
(0.0612511 -0.0505538 0)
(0.0585863 -0.0571423 0)
(0.0558064 -0.0636279 0)
(0.0529137 -0.0700095 0)
(0.0499104 -0.0762904 0)
(0.0467989 -0.0824808 0)
(0.0435808 -0.0886005 0)
(0.0402569 -0.0946831 0)
(0.0368268 -0.100782 0)
(0.0332877 -0.106976 0)
(0.0296347 -0.113381 0)
(0.0258591 -0.120156 0)
(0.0219488 -0.127516 0)
(0.0178875 -0.13574 0)
(0.0136541 -0.145168 0)
(0.00922042 -0.156204 0)
(0.00454305 -0.169296 0)
(-0.000434912 -0.184934 0)
(-0.00566257 -0.203364 0)
(-0.0109982 -0.224549 0)
(-0.0162933 -0.248234 0)
(-0.0213779 -0.273812 0)
(-0.0260527 -0.300336 0)
(-0.0300908 -0.326514 0)
(-0.0332456 -0.350714 0)
(-0.0352543 -0.370957 0)
(-0.0358406 -0.384882 0)
(-0.0347343 -0.389686 0)
(-0.0317235 -0.382108 0)
(-0.0267538 -0.358567 0)
(-0.0200928 -0.31561 0)
(-0.0124545 -0.250843 0)
(-0.00499379 -0.164247 0)
(-0.000724287 -0.059099 0)
(8.36677e-05 0.00709364 0)
(0.000707207 0.0210858 0)
(0.00202929 0.0347721 0)
(0.0037971 0.0480185 0)
(0.00592818 0.0606898 0)
(0.00833566 0.0726691 0)
(0.0109355 0.0838689 0)
(0.0136572 0.0942358 0)
(0.0164443 0.10375 0)
(0.0192539 0.112421 0)
(0.0220558 0.120281 0)
(0.0248314 0.12738 0)
(0.0275717 0.133777 0)
(0.0302752 0.139532 0)
(0.032946 0.144706 0)
(0.0355914 0.149353 0)
(0.0382202 0.153518 0)
(0.0408415 0.157237 0)
(0.0434628 0.160535 0)
(0.0460897 0.163429 0)
(0.0487255 0.165926 0)
(0.0513703 0.168026 0)
(0.0540218 0.169726 0)
(0.0566748 0.171016 0)
(0.0593223 0.171888 0)
(0.0619549 0.17233 0)
(0.0645621 0.172333 0)
(0.067132 0.17189 0)
(0.0696522 0.170995 0)
(0.0721099 0.169646 0)
(0.0744922 0.167845 0)
(0.0767867 0.165595 0)
(0.0789811 0.162907 0)
(0.0810642 0.159791 0)
(0.0830256 0.156264 0)
(0.084856 0.152343 0)
(0.0865471 0.148049 0)
(0.0880923 0.143407 0)
(0.0894858 0.13844 0)
(0.0907237 0.133174 0)
(0.0918029 0.127638 0)
(0.0927219 0.121857 0)
(0.0934802 0.115858 0)
(0.0940784 0.109667 0)
(0.0945179 0.10331 0)
(0.0948007 0.096808 0)
(0.0949295 0.0901843 0)
(0.094907 0.0834583 0)
(0.0947364 0.0766479 0)
(0.0944205 0.0697692 0)
(0.093962 0.0628366 0)
(0.0933634 0.0558627 0)
(0.0926264 0.0488587 0)
(0.0917524 0.0418347 0)
(0.0907422 0.0347994 0)
(0.0895958 0.0277609 0)
(0.0883124 0.0207261 0)
(0.0868914 0.0137007 0)
(0.0853338 0.00668652 0)
(0.0836235 -0.000323176 0)
(0.081775 -0.00730959 0)
(0.0797953 -0.0142466 0)
(0.077678 -0.0211254 0)
(0.0754255 -0.0279379 0)
(0.0730398 -0.0346755 0)
(0.0705225 -0.0413298 0)
(0.0678752 -0.0478934 0)
(0.0650999 -0.0543605 0)
(0.062199 -0.060727 0)
(0.059175 -0.066992 0)
(0.0560309 -0.073159 0)
(0.0527695 -0.0792378 0)
(0.0493934 -0.0852478 0)
(0.0459047 -0.0912216 0)
(0.0423047 -0.0972109 0)
(0.038593 -0.103293 0)
(0.0347673 -0.109581 0)
(0.0308231 -0.116232 0)
(0.0267529 -0.123456 0)
(0.0225466 -0.131528 0)
(0.0181917 -0.140787 0)
(0.0136731 -0.151631 0)
(0.0089696 -0.164497 0)
(0.00404401 -0.179829 0)
(-0.00114929 -0.198063 0)
(-0.0065051 -0.219215 0)
(-0.0118498 -0.243002 0)
(-0.0170189 -0.268862 0)
(-0.0218343 -0.295875 0)
(-0.0260894 -0.322772 0)
(-0.0295544 -0.34794 0)
(-0.0319772 -0.369419 0)
(-0.0330809 -0.38486 0)
(-0.0325765 -0.391438 0)
(-0.0302095 -0.385796 0)
(-0.0258591 -0.364126 0)
(-0.0197108 -0.322582 0)
(-0.0124041 -0.2582 0)
(-0.00505707 -0.170333 0)
(-0.000755107 -0.0618263 0)
(8.17721e-05 0.0067212 0)
(0.000699633 0.0200802 0)
(0.00201804 0.0332392 0)
(0.00379258 0.0460598 0)
(0.00594567 0.0584007 0)
(0.0083938 0.0701364 0)
(0.0110547 0.0811686 0)
(0.0138583 0.0914316 0)
(0.0167471 0.100892 0)
(0.0196762 0.109548 0)
(0.0226131 0.117418 0)
(0.0255364 0.124543 0)
(0.0284341 0.130972 0)
(0.0313021 0.136759 0)
(0.0341421 0.141961 0)
(0.0369595 0.146628 0)
(0.0397617 0.150805 0)
(0.0425564 0.154528 0)
(0.0453507 0.157824 0)
(0.04815 0.16071 0)
(0.0509574 0.163199 0)
(0.0537733 0.165291 0)
(0.0565956 0.166987 0)
(0.0594195 0.168279 0)
(0.0622381 0.169161 0)
(0.0650424 0.169623 0)
(0.0678217 0.169657 0)
(0.0705645 0.169257 0)
(0.0732582 0.168418 0)
(0.0758898 0.167138 0)
(0.0784462 0.165419 0)
(0.0809146 0.163264 0)
(0.0832824 0.160681 0)
(0.0855381 0.157683 0)
(0.0876707 0.154283 0)
(0.0896703 0.150498 0)
(0.0915284 0.146349 0)
(0.0932376 0.141857 0)
(0.0947918 0.137045 0)
(0.0961862 0.13194 0)
(0.0974174 0.126565 0)
(0.0984832 0.120948 0)
(0.0993825 0.115112 0)
(0.100115 0.109085 0)
(0.100682 0.102888 0)
(0.101085 0.0965458 0)
(0.101326 0.0900788 0)
(0.101408 0.0835068 0)
(0.101332 0.0768477 0)
(0.101102 0.0701177 0)
(0.100719 0.0633313 0)
(0.100187 0.0565016 0)
(0.0995064 0.0496403 0)
(0.0986787 0.0427579 0)
(0.0977047 0.0358639 0)
(0.0965844 0.0289668 0)
(0.0953175 0.0220742 0)
(0.093903 0.0151925 0)
(0.092341 0.00832461 0)
(0.0906294 0.00146693 0)
(0.0887438 -0.00537585 0)
(0.0867246 -0.0121715 0)
(0.0845573 -0.0189103 0)
(0.0822435 -0.0255837 0)
(0.0797858 -0.0321834 0)
(0.0771856 -0.0387014 0)
(0.0744445 -0.0451307 0)
(0.0715646 -0.0514656 0)
(0.0685485 -0.0577027 0)
(0.0653991 -0.0638411 0)
(0.0621197 -0.0698846 0)
(0.0587138 -0.0758431 0)
(0.0551848 -0.0817357 0)
(0.051536 -0.0875945 0)
(0.0477703 -0.0934703 0)
(0.0438896 -0.0994391 0)
(0.0398942 -0.105612 0)
(0.0357831 -0.112143 0)
(0.0315532 -0.119241 0)
(0.0271999 -0.12718 0)
(0.0227173 -0.136296 0)
(0.0180993 -0.146985 0)
(0.0133393 -0.159682 0)
(0.00842504 -0.174821 0)
(0.00332734 -0.192779 0)
(-0.00198184 -0.213858 0)
(-0.00734099 -0.237727 0)
(-0.0125636 -0.263818 0)
(-0.0174834 -0.291253 0)
(-0.0219179 -0.318783 0)
(-0.025659 -0.344817 0)
(-0.0284704 -0.367423 0)
(-0.0300791 -0.384279 0)
(-0.0301816 -0.39256 0)
(-0.0284836 -0.388835 0)
(-0.0247964 -0.369096 0)
(-0.0192169 -0.329106 0)
(-0.0122985 -0.265311 0)
(-0.00510784 -0.176369 0)
(-0.000787438 -0.0645964 0)
(7.95543e-05 0.0063541 0)
(0.000688808 0.0190821 0)
(0.00199688 0.0317086 0)
(0.0037688 0.0440921 0)
(0.00593222 0.0560866 0)
(0.00840757 0.0675598 0)
(0.0111151 0.0784042 0)
(0.0139854 0.088543 0)
(0.0169608 0.0979316 0)
(0.019995 0.106554 0)
(0.0230532 0.114421 0)
(0.0261114 0.121559 0)
(0.0291552 0.128011 0)
(0.0321776 0.133824 0)
(0.035178 0.139049 0)
(0.0381596 0.143734 0)
(0.0411281 0.147921 0)
(0.0440902 0.151648 0)
(0.0470521 0.154942 0)
(0.0500188 0.157822 0)
(0.0529931 0.160302 0)
(0.0559755 0.162388 0)
(0.0589643 0.164079 0)
(0.0619548 0.165373 0)
(0.0649404 0.166264 0)
(0.0679123 0.166746 0)
(0.0708602 0.166811 0)
(0.0737724 0.166453 0)
(0.0766364 0.16567 0)
(0.0794391 0.164458 0)
(0.0821672 0.16282 0)
(0.0848077 0.160759 0)
(0.0873478 0.158283 0)
(0.0897753 0.155403 0)
(0.0920789 0.152131 0)
(0.0942484 0.148485 0)
(0.0962746 0.144482 0)
(0.0981495 0.140143 0)
(0.0998666 0.135491 0)
(0.10142 0.130549 0)
(0.102807 0.125341 0)
(0.104023 0.119892 0)
(0.105068 0.114226 0)
(0.10594 0.108368 0)
(0.10664 0.10234 0)
(0.107168 0.0961645 0)
(0.107527 0.0898624 0)
(0.107718 0.0834531 0)
(0.107743 0.0769543 0)
(0.107604 0.0703822 0)
(0.107304 0.0637517 0)
(0.106844 0.0570761 0)
(0.106226 0.0503675 0)
(0.105451 0.0436368 0)
(0.104519 0.0368941 0)
(0.103431 0.0301485 0)
(0.102186 0.0234081 0)
(0.100784 0.0166797 0)
(0.0992221 0.00996755 0)
(0.0975027 0.00327108 0)
(0.0955976 -0.00341259 0)
(0.0935478 -0.0100555 0)
(0.0913388 -0.0166433 0)
(0.0889718 -0.0231666 0)
(0.0864494 -0.0296173 0)
(0.0837733 -0.035988 0)
(0.0809453 -0.042272 0)
(0.0779678 -0.0484641 0)
(0.0748434 -0.0545612 0)
(0.0715754 -0.0605629 0)
(0.0681675 -0.0664734 0)
(0.0646237 -0.0723027 0)
(0.0609484 -0.07807 0)
(0.057146 -0.0838073 0)
(0.0532209 -0.0895648 0)
(0.0491771 -0.0954178 0)
(0.0450176 -0.101476 0)
(0.0407448 -0.107892 0)
(0.0363598 -0.114874 0)
(0.0318629 -0.122694 0)
(0.0272542 -0.131689 0)
(0.0225347 -0.142254 0)
(0.0177069 -0.154827 0)
(0.0127741 -0.169836 0)
(0.00773364 -0.187651 0)
(0.00256455 -0.208499 0)
(-0.00274205 -0.232441 0)
(-0.00797825 -0.258722 0)
(-0.0129659 -0.28651 0)
(-0.0175418 -0.314584 0)
(-0.0215236 -0.341376 0)
(-0.0246966 -0.36499 0)
(-0.0267972 -0.383145 0)
(-0.0275118 -0.393035 0)
(-0.0265098 -0.39119 0)
(-0.0235342 -0.373424 0)
(-0.018587 -0.335123 0)
(-0.0121227 -0.272123 0)
(-0.0051407 -0.182322 0)
(-0.000820909 -0.0674029 0)
(7.70443e-05 0.00599399 0)
(0.000674898 0.0180964 0)
(0.0019662 0.0301882 0)
(0.0037263 0.0421257 0)
(0.00588845 0.05376 0)
(0.00837754 0.0649534 0)
(0.0111168 0.0755906 0)
(0.0140385 0.0855855 0)
(0.0170849 0.0948825 0)
(0.0202089 0.103455 0)
(0.023374 0.111302 0)
(0.0265539 0.118441 0)
(0.0297315 0.124905 0)
(0.0328974 0.130736 0)
(0.0360485 0.135979 0)
(0.0391858 0.140678 0)
(0.0423134 0.144874 0)
(0.0454364 0.148604 0)
(0.0485601 0.151895 0)
(0.0516888 0.154769 0)
(0.0548252 0.157242 0)
(0.0579697 0.15932 0)
(0.0611205 0.161007 0)
(0.0642734 0.162303 0)
(0.0674219 0.163203 0)
(0.0705575 0.163703 0)
(0.0736701 0.163797 0)
(0.0767481 0.163481 0)
(0.0797791 0.162751 0)
(0.08275 0.161607 0)
(0.0856473 0.16005 0)
(0.0884577 0.158083 0)
(0.0911683 0.155714 0)
(0.0937664 0.152952 0)
(0.0962405 0.149809 0)
(0.0985797 0.146302 0)
(0.100774 0.142448 0)
(0.102816 0.138265 0)
(0.104698 0.133775 0)
(0.106413 0.129 0)
(0.107957 0.123963 0)
(0.109327 0.118687 0)
(0.110521 0.113196 0)
(0.111536 0.107513 0)
(0.112373 0.10166 0)
(0.113032 0.095659 0)
(0.113513 0.0895297 0)
(0.113819 0.0832914 0)
(0.11395 0.0769617 0)
(0.113909 0.0705568 0)
(0.113697 0.0640917 0)
(0.113315 0.05758 0)
(0.112766 0.051034 0)
(0.11205 0.0444652 0)
(0.111166 0.037884 0)
(0.110117 0.0313 0)
(0.108901 0.0247218 0)
(0.107516 0.0181572 0)
(0.105963 0.0116117 0)
(0.104241 0.00508614 0)
(0.102326 -0.00142846 0)
(0.100251 -0.00790805 0)
(0.0980084 -0.014333 0)
(0.0955958 -0.0206943 0)
(0.0930161 -0.0269846 0)
(0.0902717 -0.0331969 0)
(0.0873645 -0.0393247 0)
(0.084297 -0.0453633 0)
(0.0810721 -0.05131 0)
(0.0776935 -0.0571649 0)
(0.074165 -0.0629327 0)
(0.0704915 -0.0686239 0)
(0.066678 -0.074258 0)
(0.0627303 -0.0798672 0)
(0.058654 -0.0855017 0)
(0.0544554 -0.0912364 0)
(0.0501403 -0.0971803 0)
(0.0457142 -0.103486 0)
(0.0411826 -0.110361 0)
(0.0365506 -0.118077 0)
(0.031824 -0.12697 0)
(0.02701 -0.13744 0)
(0.022118 -0.149923 0)
(0.01716 -0.164853 0)
(0.0121486 -0.182593 0)
(0.0070873 -0.203359 0)
(0.00195063 -0.227143 0)
(-0.00322708 -0.25361 0)
(-0.00823819 -0.281689 0)
(-0.0129185 -0.310213 0)
(-0.0171059 -0.337649 0)
(-0.0206125 -0.36214 0)
(-0.023191 -0.381459 0)
(-0.0245233 -0.392848 0)
(-0.0242466 -0.392821 0)
(-0.0220359 -0.377051 0)
(-0.0177923 -0.340563 0)
(-0.0118583 -0.278572 0)
(-0.00514862 -0.188152 0)
(-0.000854876 -0.0702363 0)
(7.42697e-05 0.00564241 0)
(0.000658055 0.0171278 0)
(0.00192635 0.0286855 0)
(0.0036656 0.040171 0)
(0.00581497 0.0514335 0)
(0.00830426 0.0623313 0)
(0.0110604 0.0727431 0)
(0.0140176 0.0825746 0)
(0.017119 0.0917608 0)
(0.020317 0.100265 0)
(0.0235738 0.108076 0)
(0.0268612 0.115201 0)
(0.0301597 0.121667 0)
(0.0334575 0.127507 0)
(0.0367489 0.13276 0)
(0.040033 0.137469 0)
(0.0433117 0.141671 0)
(0.0465887 0.145401 0)
(0.0498681 0.148689 0)
(0.0531534 0.151557 0)
(0.0564469 0.154021 0)
(0.0597489 0.156092 0)
(0.0630574 0.157775 0)
(0.0663685 0.159071 0)
(0.0696759 0.15998 0)
(0.0729713 0.160497 0)
(0.0762448 0.16062 0)
(0.079485 0.160344 0)
(0.0826796 0.159667 0)
(0.0858154 0.158589 0)
(0.088879 0.157112 0)
(0.0918569 0.155238 0)
(0.0947359 0.152974 0)
(0.0975031 0.15033 0)
(0.100146 0.147318 0)
(0.102655 0.143951 0)
(0.105018 0.140246 0)
(0.107227 0.13622 0)
(0.109274 0.131895 0)
(0.111152 0.12729 0)
(0.112856 0.122427 0)
(0.114382 0.117329 0)
(0.115727 0.112018 0)
(0.116889 0.106516 0)
(0.117867 0.100845 0)
(0.11866 0.0950247 0)
(0.119268 0.0890757 0)
(0.119694 0.0830165 0)
(0.119936 0.0768645 0)
(0.119998 0.0706358 0)
(0.11988 0.0643454 0)
(0.119583 0.0580072 0)
(0.119108 0.0516337 0)
(0.118457 0.0452367 0)
(0.117629 0.038827 0)
(0.116624 0.0324146 0)
(0.115443 0.0260088 0)
(0.114084 0.0196177 0)
(0.112547 0.013248 0)
(0.110831 0.00690214 0)
(0.108927 0.00057301 0)
(0.106825 -0.00573274 0)
(0.104553 -0.0119843 0)
(0.102101 -0.0181733 0)
(0.0994717 -0.0242927 0)
(0.0966669 -0.0303359 0)
(0.0936889 -0.0362969 0)
(0.0905401 -0.0421714 0)
(0.0872237 -0.0479574 0)
(0.0837434 -0.0536556 0)
(0.0801038 -0.0592712 0)
(0.07631 -0.0648156 0)
(0.0723682 -0.0703088 0)
(0.0682851 -0.0757835 0)
(0.0640682 -0.0812904 0)
(0.0597256 -0.0869047 0)
(0.0552661 -0.0927355 0)
(0.0506986 -0.0989356 0)
(0.0460328 -0.105713 0)
(0.041279 -0.113338 0)
(0.0364486 -0.122151 0)
(0.0315547 -0.132552 0)
(0.0266127 -0.144979 0)
(0.0216402 -0.159868 0)
(0.0166562 -0.177583 0)
(0.011676 -0.198334 0)
(0.0066965 -0.222086 0)
(0.00170247 -0.248489 0)
(-0.00325693 -0.276829 0)
(-0.00799576 -0.305716 0)
(-0.0123548 -0.33367 0)
(-0.0161679 -0.358893 0)
(-0.0192103 -0.379228 0)
(-0.0211664 -0.391981 0)
(-0.0216464 -0.393685 0)
(-0.0202593 -0.37991 0)
(-0.0167992 -0.345349 0)
(-0.0114833 -0.284583 0)
(-0.00512268 -0.193808 0)
(-0.000888309 -0.0730829 0)
(7.12543e-05 0.00530085 0)
(0.000638408 0.0161808 0)
(0.00187759 0.0272082 0)
(0.00358712 0.0382383 0)
(0.00571227 0.0491196 0)
(0.00818823 0.0597079 0)
(0.010946 0.0698772 0)
(0.0139227 0.0795265 0)
(0.0170627 0.0885827 0)
(0.0203184 0.0969999 0)
(0.0236512 0.104757 0)
(0.0270312 0.111855 0)
(0.030437 0.118309 0)
(0.0338543 0.124147 0)
(0.0372752 0.129403 0)
(0.0406962 0.134115 0)
(0.0441176 0.138318 0)
(0.0475412 0.142047 0)
(0.0509699 0.14533 0)
(0.0544063 0.14819 0)
(0.0578518 0.150646 0)
(0.0613065 0.152709 0)
(0.0647685 0.154387 0)
(0.0682336 0.155684 0)
(0.0716959 0.1566 0)
(0.0751472 0.157133 0)
(0.0785779 0.157283 0)
(0.0819767 0.157046 0)
(0.0853314 0.156421 0)
(0.0886289 0.155407 0)
(0.0918558 0.154008 0)
(0.0949985 0.152226 0)
(0.0980435 0.150067 0)
(0.100978 0.147541 0)
(0.103789 0.144658 0)
(0.106465 0.141431 0)
(0.108996 0.137876 0)
(0.111372 0.134009 0)
(0.113584 0.12985 0)
(0.115626 0.125417 0)
(0.117492 0.120732 0)
(0.119176 0.115816 0)
(0.120674 0.11069 0)
(0.121986 0.105374 0)
(0.123107 0.0998899 0)
(0.124038 0.0942575 0)
(0.124778 0.0884961 0)
(0.125327 0.0826237 0)
(0.125686 0.0766576 0)
(0.125855 0.0706138 0)
(0.125836 0.0645073 0)
(0.125629 0.0583519 0)
(0.125235 0.0521606 0)
(0.124654 0.0459452 0)
(0.123887 0.0397168 0)
(0.122934 0.033486 0)
(0.121795 0.0272621 0)
(0.120468 0.0210539 0)
(0.118953 0.0148687 0)
(0.117249 0.0087104 0)
(0.115354 0.00257601 0)
(0.113242 -0.00353903 0)
(0.110951 -0.00960593 0)
(0.10847 -0.0156123 0)
(0.105801 -0.0215504 0)
(0.102945 -0.0274139 0)
(0.0999058 -0.0331976 0)
(0.0966855 -0.0388978 0)
(0.0932876 -0.044513 0)
(0.089716 -0.0500448 0)
(0.0859759 -0.0554992 0)
(0.0820731 -0.0608883 0)
(0.0780145 -0.0662332 0)
(0.0738083 -0.0715675 0)
(0.0694635 -0.0769428 0)
(0.0649905 -0.0824352 0)
(0.0604009 -0.0881545 0)
(0.0557075 -0.0942545 0)
(0.0509244 -0.100944 0)
(0.046067 -0.108495 0)
(0.0411526 -0.117249 0)
(0.0362004 -0.127608 0)
(0.0312313 -0.140012 0)
(0.0262673 -0.154898 0)
(0.0213294 -0.172628 0)
(0.0164347 -0.193408 0)
(0.011589 -0.217193 0)
(0.00678181 -0.243613 0)
(0.0020003 -0.271935 0)
(-0.00272207 -0.301126 0)
(-0.00721028 -0.329478 0)
(-0.0113032 -0.355275 0)
(-0.0147971 -0.376454 0)
(-0.0173846 -0.390413 0)
(-0.0186555 -0.393735 0)
(-0.0181562 -0.38193 0)
(-0.0155688 -0.34939 0)
(-0.0109717 -0.29007 0)
(-0.00505169 -0.199227 0)
(-0.000919657 -0.0759236 0)
(6.80158e-05 0.0049707 0)
(0.000616041 0.0152598 0)
(0.00182014 0.0257635 0)
(0.00349113 0.0363376 0)
(0.00558068 0.0468308 0)
(0.00802972 0.0570975 0)
(0.010774 0.0670085 0)
(0.0137539 0.0764577 0)
(0.0169157 0.0853649 0)
(0.0202123 0.0936762 0)
(0.0236049 0.101362 0)
(0.0270621 0.108415 0)
(0.0305609 0.114844 0)
(0.0340847 0.120668 0)
(0.0376233 0.125918 0)
(0.0411712 0.130626 0)
(0.0447262 0.134826 0)
(0.0482888 0.138549 0)
(0.05186 0.141824 0)
(0.0554414 0.144675 0)
(0.0590338 0.147121 0)
(0.0626366 0.149175 0)
(0.0662477 0.150848 0)
(0.0698628 0.152144 0)
(0.0734761 0.153066 0)
(0.0770795 0.153615 0)
(0.0806637 0.15379 0)
(0.0842175 0.15359 0)
(0.0877289 0.153015 0)
(0.0911848 0.152065 0)
(0.0945719 0.150742 0)
(0.0978764 0.14905 0)
(0.101085 0.146995 0)
(0.104184 0.144585 0)
(0.10716 0.14183 0)
(0.110003 0.138744 0)
(0.1127 0.135339 0)
(0.115242 0.131632 0)
(0.11762 0.12764 0)
(0.119826 0.123382 0)
(0.121853 0.118878 0)
(0.123696 0.114146 0)
(0.12535 0.109208 0)
(0.126812 0.104084 0)
(0.12808 0.0987927 0)
(0.129152 0.0933542 0)
(0.130026 0.0877869 0)
(0.130703 0.0821088 0)
(0.131182 0.0763365 0)
(0.131464 0.0704859 0)
(0.131549 0.064572 0)
(0.131437 0.0586086 0)
(0.131129 0.0526087 0)
(0.130626 0.0465844 0)
(0.129926 0.0405471 0)
(0.129031 0.0345073 0)
(0.12794 0.0284751 0)
(0.126653 0.0224594 0)
(0.125167 0.0164682 0)
(0.123483 0.010507 0)
(0.121599 0.00457558 0)
(0.11949 -0.0013376 0)
(0.117189 -0.00720936 0)
(0.11469 -0.013022 0)
(0.11199 -0.0187677 0)
(0.109094 -0.024441 0)
(0.106004 -0.0300371 0)
(0.102723 -0.035553 0)
(0.0992544 -0.0409877 0)
(0.0956034 -0.0463438 0)
(0.0917751 -0.0516283 0)
(0.0877762 -0.0568543 0)
(0.0836145 -0.0620442 0)
(0.0792996 -0.0672329 0)
(0.0748424 -0.0724733 0)
(0.0702556 -0.0778432 0)
(0.065554 -0.0834539 0)
(0.0607541 -0.0894609 0)
(0.055875 -0.0960745 0)
(0.0509376 -0.103569 0)
(0.0459654 -0.112288 0)
(0.0409836 -0.122634 0)
(0.0360186 -0.13505 0)
(0.0310959 -0.14997 0)
(0.026237 -0.167752 0)
(0.0214555 -0.188593 0)
(0.0167523 -0.212441 0)
(0.0121141 -0.238917 0)
(0.00751598 -0.26728 0)
(0.00293124 -0.296446 0)
(-0.00161438 -0.325092 0)
(-0.00595104 -0.351308 0)
(-0.00988437 -0.373143 0)
(-0.0131139 -0.388123 0)
(-0.0152135 -0.392921 0)
(-0.0156722 -0.38303 0)
(-0.0140571 -0.352587 0)
(-0.010293 -0.294929 0)
(-0.00492191 -0.204332 0)
(-0.000946667 -0.0787328 0)
(6.4563e-05 0.00465335 0)
(0.000590978 0.0143692 0)
(0.00175401 0.0243587 0)
(0.00337767 0.034479 0)
(0.00542021 0.0445795 0)
(0.00782872 0.0545145 0)
(0.0105442 0.064153 0)
(0.0135109 0.0733848 0)
(0.0166773 0.0821241 0)
(0.0199979 0.0903105 0)
(0.0234335 0.0979072 0)
(0.0269521 0.104899 0)
(0.030529 0.111286 0)
(0.0341458 0.117084 0)
(0.03779 0.122317 0)
(0.0414538 0.127012 0)
(0.0451332 0.131201 0)
(0.0488264 0.134913 0)
(0.0525332 0.138177 0)
(0.0562536 0.141016 0)
(0.0599874 0.14345 0)
(0.0637335 0.145495 0)
(0.0674893 0.147161 0)
(0.0712505 0.148455 0)
(0.075011 0.149383 0)
(0.0787629 0.149945 0)
(0.082497 0.150145 0)
(0.0862024 0.14998 0)
(0.089867 0.149453 0)
(0.093478 0.148564 0)
(0.097022 0.147316 0)
(0.100485 0.145713 0)
(0.103854 0.14376 0)
(0.107115 0.141465 0)
(0.110255 0.138838 0)
(0.113262 0.135891 0)
(0.116124 0.132636 0)
(0.118831 0.129089 0)
(0.121373 0.125266 0)
(0.123743 0.121184 0)
(0.125931 0.116862 0)
(0.127934 0.112319 0)
(0.129744 0.107573 0)
(0.131359 0.102644 0)
(0.132775 0.0975507 0)
(0.13399 0.0923117 0)
(0.135001 0.086945 0)
(0.135809 0.0814679 0)
(0.136412 0.0758969 0)
(0.136811 0.0702475 0)
(0.137004 0.0645346 0)
(0.136992 0.0587719 0)
(0.136776 0.0529724 0)
(0.136355 0.0471484 0)
(0.135729 0.0413114 0)
(0.134899 0.0354722 0)
(0.133863 0.0296409 0)
(0.132622 0.0238269 0)
(0.131174 0.0180387 0)
(0.129518 0.012283 0)
(0.127654 0.00656189 0)
(0.125575 0.000867504 0)
(0.123262 -0.00479997 0)
(0.120749 -0.0104097 0)
(0.118029 -0.0159538 0)
(0.115102 -0.0214273 0)
(0.111972 -0.0268262 0)
(0.108642 -0.0321483 0)
(0.105117 -0.0373936 0)
(0.101399 -0.0425654 0)
(0.097497 -0.047672 0)
(0.093417 -0.0527279 0)
(0.0891683 -0.0577569 0)
(0.0847619 -0.0627959 0)
(0.0802108 -0.0678996 0)
(0.0755304 -0.0731479 0)
(0.0707387 -0.0786546 0)
(0.0658566 -0.0845777 0)
(0.0609082 -0.09113 0)
(0.0559206 -0.0985887 0)
(0.0509234 -0.107299 0)
(0.0459484 -0.117665 0)
(0.0410271 -0.130129 0)
(0.0361879 -0.145121 0)
(0.0314513 -0.162991 0)
(0.0268245 -0.183923 0)
(0.0222971 -0.207849 0)
(0.0178402 -0.234379 0)
(0.0134113 -0.262771 0)
(0.0089633 -0.291949 0)
(0.00446196 -0.320547 0)
(-5.05366e-05 -0.34699 0)
(-0.00439888 -0.369295 0)
(-0.00828218 -0.385088 0)
(-0.0112528 -0.391184 0)
(-0.0127469 -0.383121 0)
(-0.0122141 -0.354826 0)
(-0.00941237 -0.299044 0)
(-0.00471663 -0.20903 0)
(-0.00096617 -0.0814759 0)
(6.08911e-05 0.00435018 0)
(0.000563154 0.0135132 0)
(0.00167902 0.0230013 0)
(0.00324643 0.0326726 0)
(0.00523045 0.0423783 0)
(0.00758473 0.0519735 0)
(0.010256 0.0613265 0)
(0.0131928 0.0703245 0)
(0.0163468 0.0788777 0)
(0.0196739 0.0869199 0)
(0.0231356 0.094408 0)
(0.0266994 0.10132 0)
(0.0303392 0.10765 0)
(0.0340349 0.113407 0)
(0.0377721 0.11861 0)
(0.0415407 0.123283 0)
(0.0453346 0.127453 0)
(0.0491499 0.131148 0)
(0.0529848 0.134396 0)
(0.0568378 0.13722 0)
(0.0607076 0.13964 0)
(0.0645922 0.141673 0)
(0.0684884 0.14333 0)
(0.0723917 0.144622 0)
(0.0762957 0.145553 0)
(0.0801927 0.146128 0)
(0.0840733 0.14635 0)
(0.0879268 0.14622 0)
(0.0917413 0.145739 0)
(0.0955041 0.144909 0)
(0.0992019 0.143734 0)
(0.102821 0.142217 0)
(0.106347 0.140365 0)
(0.109767 0.138184 0)
(0.113068 0.135683 0)
(0.116237 0.132874 0)
(0.119262 0.129769 0)
(0.122132 0.126382 0)
(0.124837 0.122729 0)
(0.127369 0.118824 0)
(0.129719 0.114687 0)
(0.13188 0.110334 0)
(0.133847 0.105783 0)
(0.135615 0.101053 0)
(0.137181 0.0961623 0)
(0.13854 0.0911279 0)
(0.139691 0.0859676 0)
(0.140633 0.080698 0)
(0.141363 0.0753352 0)
(0.141882 0.0698945 0)
(0.142188 0.0643904 0)
(0.142281 0.0588366 0)
(0.142162 0.0532462 0)
(0.141829 0.0476313 0)
(0.141283 0.0420036 0)
(0.140523 0.0363738 0)
(0.139549 0.0307525 0)
(0.138361 0.0251491 0)
(0.136958 0.0195723 0)
(0.135338 0.0140296 0)
(0.133501 0.00852475 0)
(0.131445 0.00305458 0)
(0.129144 -0.00239134 0)
(0.126632 -0.00778716 0)
(0.123904 -0.0131201 0)
(0.120959 -0.0183846 0)
(0.117803 -0.0235774 0)
(0.114438 -0.0286971 0)
(0.110868 -0.0337445 0)
(0.1071 -0.0387244 0)
(0.10314 -0.043646 0)
(0.0989966 -0.0485259 0)
(0.0946798 -0.0533895 0)
(0.0902024 -0.058276 0)
(0.0855797 -0.0632427 0)
(0.08083 -0.0683724 0)
(0.0759751 -0.0737821 0)
(0.0710406 -0.079633 0)
(0.066056 -0.0861416 0)
(0.0610548 -0.0935882 0)
(0.0560735 -0.10232 0)
(0.0511502 -0.112743 0)
(0.0463213 -0.125295 0)
(0.041617 -0.140398 0)
(0.037055 -0.158391 0)
(0.0326336 -0.179439 0)
(0.0283269 -0.203453 0)
(0.0240844 -0.230022 0)
(0.0198372 -0.258399 0)
(0.0155112 -0.287515 0)
(0.0110446 -0.316038 0)
(0.00642212 -0.342416 0)
(0.00172255 -0.364888 0)
(-0.00281285 -0.381276 0)
(-0.00669951 -0.388462 0)
(-0.00931368 -0.382102 0)
(-0.00998517 -0.355981 0)
(-0.00829078 -0.30228 0)
(-0.00441596 -0.213211 0)
(-0.000973763 -0.0841081 0)
(5.69762e-05 0.00406262 0)
(0.000532383 0.0126965 0)
(0.0015947 0.0216987 0)
(0.00309666 0.0309287 0)
(0.00501042 0.0402399 0)
(0.00729657 0.0494891 0)
(0.00990811 0.0585451 0)
(0.0127984 0.0672939 0)
(0.0159227 0.0756429 0)
(0.019239 0.0835215 0)
(0.0227097 0.0908816 0)
(0.0263021 0.0976948 0)
(0.0299893 0.10395 0)
(0.0337498 0.109651 0)
(0.0375669 0.11481 0)
(0.0414288 0.119449 0)
(0.0453269 0.123591 0)
(0.0492555 0.127263 0)
(0.0532108 0.130489 0)
(0.0571898 0.133293 0)
(0.06119 0.135696 0)
(0.0652082 0.137714 0)
(0.0692406 0.139361 0)
(0.073282 0.140648 0)
(0.0773259 0.141581 0)
(0.0813645 0.142167 0)
(0.0853884 0.14241 0)
(0.0893868 0.142312 0)
(0.0933481 0.141875 0)
(0.0972596 0.141103 0)
(0.101108 0.139999 0)
(0.104879 0.138567 0)
(0.10856 0.136813 0)
(0.112137 0.134744 0)
(0.115595 0.132368 0)
(0.118924 0.129697 0)
(0.122109 0.126741 0)
(0.12514 0.123514 0)
(0.128006 0.120029 0)
(0.130699 0.116303 0)
(0.133209 0.112351 0)
(0.135528 0.108191 0)
(0.137652 0.103838 0)
(0.139574 0.0993107 0)
(0.141289 0.0946261 0)
(0.142794 0.0898011 0)
(0.144087 0.0848525 0)
(0.145164 0.0797963 0)
(0.146024 0.0746482 0)
(0.146666 0.0694231 0)
(0.147089 0.0641353 0)
(0.147292 0.0587982 0)
(0.147274 0.0534249 0)
(0.147034 0.0480274 0)
(0.146574 0.0426174 0)
(0.145891 0.0372058 0)
(0.144986 0.0318029 0)
(0.143859 0.0264185 0)
(0.142508 0.0210615 0)
(0.140933 0.0157398 0)
(0.139133 0.0104589 0)
(0.137106 0.00521877 0)
(0.134839 8.1768e-06 0)
(0.132333 -0.00516548 0)
(0.129608 -0.0102788 0)
(0.126659 -0.015326 0)
(0.123489 -0.0203045 0)
(0.120104 -0.0252139 0)
(0.116508 -0.0300563 0)
(0.112706 -0.0348375 0)
(0.108708 -0.0395686 0)
(0.104521 -0.0442679 0)
(0.100159 -0.0489633 0)
(0.0956346 -0.0536966 0)
(0.0909671 -0.0585283 0)
(0.0861777 -0.0635449 0)
(0.0812924 -0.0688674 0)
(0.0763418 -0.0746615 0)
(0.0713618 -0.0811479 0)
(0.0663923 -0.0886107 0)
(0.0614769 -0.0973994 0)
(0.0566599 -0.107919 0)
(0.0519821 -0.120602 0)
(0.0474738 -0.13586 0)
(0.0431476 -0.15401 0)
(0.0389897 -0.175195 0)
(0.0349548 -0.199295 0)
(0.0309667 -0.225879 0)
(0.0269262 -0.254183 0)
(0.0227264 -0.283145 0)
(0.0182747 -0.311463 0)
(0.0135207 -0.337653 0)
(0.00849518 -0.360047 0)
(0.00336254 -0.376646 0)
(-0.00147598 -0.384685 0)
(-0.00530085 -0.379862 0)
(-0.00731217 -0.355908 0)
(-0.00688659 -0.304485 0)
(-0.00399705 -0.216748 0)
(-0.000963266 -0.0865716 0)
(5.27673e-05 0.00379225 0)
(0.000498322 0.0119239 0)
(0.0015002 0.0204589 0)
(0.00292702 0.029258 0)
(0.00475839 0.0381772 0)
(0.00696229 0.0470761 0)
(0.00949846 0.0558249 0)
(0.0123257 0.06431 0)
(0.015403 0.0724371 0)
(0.0186911 0.0801328 0)
(0.0221536 0.0873447 0)
(0.0257583 0.0940398 0)
(0.0294774 0.100202 0)
(0.0332881 0.105829 0)
(0.0371721 0.110931 0)
(0.0411153 0.115522 0)
(0.0451072 0.119626 0)
(0.04914 0.123264 0)
(0.0532078 0.126462 0)
(0.0573062 0.129241 0)
(0.0614309 0.131622 0)
(0.0655777 0.133622 0)
(0.0697419 0.135256 0)
(0.0739177 0.136536 0)
(0.0780981 0.13747 0)
(0.0822751 0.138066 0)
(0.0864391 0.138327 0)
(0.0905794 0.13826 0)
(0.0946844 0.137866 0)
(0.0987415 0.137149 0)
(0.102737 0.136114 0)
(0.106658 0.134765 0)
(0.110491 0.133107 0)
(0.11422 0.131148 0)
(0.117834 0.128896 0)
(0.121319 0.126361 0)
(0.124662 0.123553 0)
(0.127851 0.120485 0)
(0.130877 0.11717 0)
(0.133728 0.113622 0)
(0.136396 0.109857 0)
(0.138874 0.10589 0)
(0.141153 0.101738 0)
(0.143228 0.0974162 0)
(0.145093 0.0929415 0)
(0.146745 0.0883301 0)
(0.14818 0.083598 0)
(0.149395 0.0787606 0)
(0.150387 0.0738331 0)
(0.151156 0.0688301 0)
(0.151698 0.0637653 0)
(0.152014 0.0586523 0)
(0.152102 0.0535036 0)
(0.151962 0.0483313 0)
(0.151592 0.0431469 0)
(0.150993 0.0379614 0)
(0.150164 0.0327851 0)
(0.149104 0.0276277 0)
(0.147814 0.0224983 0)
(0.146292 0.0174049 0)
(0.144538 0.0123541 0)
(0.142551 0.00734833 0)
(0.140328 0.00238128 0)
(0.137844 -0.00255809 0)
(0.135135 -0.00744343 0)
(0.132196 -0.0122659 0)
(0.12903 -0.0170231 0)
(0.125642 -0.0217158 0)
(0.122038 -0.0263472 0)
(0.118224 -0.0309246 0)
(0.114209 -0.0354612 0)
(0.110004 -0.0399773 0)
(0.105622 -0.0445037 0)
(0.101081 -0.0490856 0)
(0.0964014 -0.0537872 0)
(0.0916082 -0.0586997 0)
(0.0867326 -0.0639489 0)
(0.0818108 -0.0697057 0)
(0.0768851 -0.0761962 0)
(0.0720027 -0.0837086 0)
(0.0672142 -0.092594 0)
(0.0625697 -0.103255 0)
(0.0581127 -0.116115 0)
(0.0538719 -0.13157 0)
(0.0498514 -0.149911 0)
(0.0460213 -0.171246 0)
(0.0423129 -0.195424 0)
(0.0386203 -0.221983 0)
(0.0348113 -0.250143 0)
(0.0307448 -0.278845 0)
(0.026295 -0.306816 0)
(0.021379 -0.332634 0)
(0.0159908 -0.354736 0)
(0.0102498 -0.37129 0)
(0.00448953 -0.379797 0)
(-0.000628723 -0.376294 0)
(-0.00413312 -0.354449 0)
(-0.00515927 -0.305484 0)
(-0.00343662 -0.219491 0)
(-0.000926161 -0.0887937 0)
(4.81764e-05 0.00354089 0)
(0.000460426 0.0112008 0)
(0.00139423 0.0192904 0)
(0.00273551 0.0276716 0)
(0.00447181 0.0362036 0)
(0.006579 0.0447493 0)
(0.00902403 0.053182 0)
(0.0117715 0.0613895 0)
(0.0147848 0.0692775 0)
(0.0180276 0.0767708 0)
(0.0214651 0.0838142 0)
(0.0250657 0.0903708 0)
(0.0288012 0.0964202 0)
(0.0326478 0.101956 0)
(0.0365854 0.106983 0)
(0.0405981 0.111514 0)
(0.0446732 0.115566 0)
(0.0488009 0.119162 0)
(0.0529734 0.122322 0)
(0.0571841 0.12507 0)
(0.0614274 0.127424 0)
(0.0656979 0.129402 0)
(0.0699895 0.131021 0)
(0.0742958 0.132291 0)
(0.0786094 0.133224 0)
(0.0829216 0.133826 0)
(0.0872227 0.134105 0)
(0.0915021 0.134066 0)
(0.095748 0.133713 0)
(0.0999478 0.13305 0)
(0.104088 0.132082 0)
(0.108156 0.130813 0)
(0.112136 0.129251 0)
(0.116017 0.1274 0)
(0.119782 0.12527 0)
(0.12342 0.122869 0)
(0.126918 0.120208 0)
(0.130264 0.117298 0)
(0.133446 0.114152 0)
(0.136454 0.110783 0)
(0.139279 0.107206 0)
(0.141912 0.103434 0)
(0.144345 0.099484 0)
(0.146573 0.0953702 0)
(0.148588 0.0911085 0)
(0.150387 0.0867143 0)
(0.151965 0.0822029 0)
(0.153319 0.0775892 0)
(0.154445 0.0728876 0)
(0.155342 0.0681124 0)
(0.156008 0.0632771 0)
(0.15644 0.0583946 0)
(0.156639 0.0534774 0)
(0.156602 0.0485375 0)
(0.15633 0.0435861 0)
(0.15582 0.0386341 0)
(0.155074 0.0336917 0)
(0.15409 0.0287686 0)
(0.152869 0.0238739 0)
(0.15141 0.0190157 0)
(0.149712 0.0142007 0)
(0.147775 0.00943334 0)
(0.145599 0.00471147 0)
(0.143168 2.25674e-05 0)
(0.140486 -0.00462811 0)
(0.137574 -0.00922022 0)
(0.134431 -0.0137511 0)
(0.131061 -0.0182222 0)
(0.127471 -0.0226384 0)
(0.123668 -0.027009 0)
(0.119664 -0.0313491 0)
(0.11547 -0.0356819 0)
(0.111101 -0.0400415 0)
(0.106578 -0.0444768 0)
(0.101926 -0.0490571 0)
(0.097173 -0.0538786 0)
(0.0923563 -0.0590731 0)
(0.0875182 -0.064818 0)
(0.082708 -0.0713448 0)
(0.0779805 -0.078946 0)
(0.0733927 -0.0879735 0)
(0.0689997 -0.098825 0)
(0.0648456 -0.111912 0)
(0.0609544 -0.127605 0)
(0.0573173 -0.146163 0)
(0.053884 -0.167656 0)
(0.0505574 -0.191888 0)
(0.0471986 -0.218365 0)
(0.0436398 -0.246291 0)
(0.0397051 -0.274609 0)
(0.0352365 -0.302078 0)
(0.0301203 -0.327333 0)
(0.02432 -0.348912 0)
(0.0179206 -0.365148 0)
(0.0112046 -0.373799 0)
(0.0047744 -0.371278 0)
(-0.000369257 -0.351455 0)
(-0.0030678 -0.305088 0)
(-0.00271639 -0.221267 0)
(-0.000853241 -0.0906861 0)
(4.30673e-05 0.00331072 0)
(0.000417915 0.0105333 0)
(0.00127499 0.0182025 0)
(0.0025194 0.0261815 0)
(0.00414726 0.0343329 0)
(0.00614288 0.0425242 0)
(0.0084809 0.0506328 0)
(0.0111321 0.0585494 0)
(0.0140646 0.0661811 0)
(0.0172453 0.0734525 0)
(0.0206415 0.0803065 0)
(0.0242221 0.0867035 0)
(0.0279589 0.0926197 0)
(0.0318271 0.0980449 0)
(0.0358053 0.10298 0)
(0.0398757 0.107434 0)
(0.0440235 0.111423 0)
(0.0482368 0.114964 0)
(0.0525056 0.118078 0)
(0.0568218 0.120786 0)
(0.0611778 0.123108 0)
(0.0655667 0.12506 0)
(0.0699815 0.126658 0)
(0.0744146 0.127916 0)
(0.0788579 0.128844 0)
(0.0833023 0.129452 0)
(0.0877379 0.129747 0)
(0.0921536 0.129734 0)
(0.0965376 0.12942 0)
(0.100877 0.128809 0)
(0.10516 0.127906 0)
(0.109371 0.126716 0)
(0.113497 0.125246 0)
(0.117525 0.123502 0)
(0.12144 0.121492 0)
(0.125228 0.119224 0)
(0.128878 0.116709 0)
(0.132377 0.113957 0)
(0.135713 0.110979 0)
(0.138876 0.107789 0)
(0.141855 0.104399 0)
(0.144642 0.100824 0)
(0.147228 0.0970772 0)
(0.149607 0.0931734 0)
(0.151771 0.0891272 0)
(0.153717 0.0849534 0)
(0.155438 0.0806665 0)
(0.156932 0.0762806 0)
(0.158194 0.0718098 0)
(0.159222 0.0672676 0)
(0.160013 0.0626672 0)
(0.160566 0.0580212 0)
(0.16088 0.0533418 0)
(0.160952 0.0486406 0)
(0.160782 0.0439288 0)
(0.16037 0.0392169 0)
(0.159714 0.0345152 0)
(0.158815 0.0298329 0)
(0.157672 0.0251792 0)
(0.156285 0.0205619 0)
(0.154655 0.0159882 0)
(0.152782 0.0114631 0)
(0.150665 0.00698758 0)
(0.148302 0.00255401 0)
(0.14567 -0.00185259 0)
(0.142804 -0.00620906 0)
(0.139705 -0.0105097 0)
(0.136377 -0.0147564 0)
(0.132828 -0.0189556 0)
(0.129067 -0.0231186 0)
(0.125106 -0.0272631 0)
(0.120958 -0.0314155 0)
(0.116642 -0.0356139 0)
(0.112182 -0.0399118 0)
(0.107605 -0.0443841 0)
(0.102947 -0.0491331 0)
(0.0982498 -0.0542978 0)
(0.0935632 -0.0600623 0)
(0.0889437 -0.0666645 0)
(0.0844534 -0.0744005 0)
(0.0801552 -0.0836215 0)
(0.076107 -0.0947167 0)
(0.0723509 -0.108079 0)
(0.0689011 -0.124049 0)
(0.0657315 -0.142844 0)
(0.0627652 -0.164485 0)
(0.0598725 -0.188732 0)
(0.0568776 -0.215052 0)
(0.0535759 -0.242631 0)
(0.049757 -0.270421 0)
(0.0452322 -0.297211 0)
(0.0398611 -0.321699 0)
(0.0335817 -0.342523 0)
(0.0264514 -0.358169 0)
(0.018716 -0.366647 0)
(0.0109233 -0.36473 0)
(0.00405605 -0.346704 0)
(-0.00054676 -0.303123 0)
(-0.00182308 -0.221886 0)
(-0.000742837 -0.0921481 0)
(3.72429e-05 0.00310444 0)
(0.000369749 0.0099285 0)
(0.00114016 0.0172057 0)
(0.00227527 0.0248004 0)
(0.00378054 0.0325795 0)
(0.00564935 0.0404162 0)
(0.00786449 0.0481933 0)
(0.0104033 0.0558061 0)
(0.0132387 0.0631645 0)
(0.0163412 0.0701941 0)
(0.0196801 0.0768374 0)
(0.0232254 0.0830532 0)
(0.026949 0.0888149 0)
(0.0308252 0.0941094 0)
(0.0348312 0.0989341 0)
(0.0389476 0.103295 0)
(0.0431576 0.107205 0)
(0.0474471 0.110679 0)
(0.0518043 0.113737 0)
(0.0562189 0.116397 0)
(0.0606815 0.118679 0)
(0.0651838 0.120598 0)
(0.0697173 0.122172 0)
(0.0742734 0.123414 0)
(0.0788432 0.124335 0)
(0.0834169 0.124946 0)
(0.0879841 0.125254 0)
(0.0925336 0.125266 0)
(0.0970534 0.124989 0)
(0.101531 0.124428 0)
(0.105952 0.123588 0)
(0.110305 0.122476 0)
(0.114574 0.121097 0)
(0.118746 0.119457 0)
(0.122807 0.117566 0)
(0.126744 0.11543 0)
(0.130543 0.113059 0)
(0.134192 0.110463 0)
(0.137679 0.107654 0)
(0.140994 0.104642 0)
(0.144125 0.10144 0)
(0.147063 0.0980613 0)
(0.149801 0.094519 0)
(0.15233 0.0908267 0)
(0.154643 0.0869983 0)
(0.156735 0.0830475 0)
(0.1586 0.0789881 0)
(0.160234 0.0748337 0)
(0.161633 0.0705977 0)
(0.162794 0.066293 0)
(0.163715 0.0619324 0)
(0.164392 0.0575281 0)
(0.164825 0.0530918 0)
(0.165012 0.048635 0)
(0.164951 0.0441684 0)
(0.164643 0.0397024 0)
(0.164086 0.0352469 0)
(0.163281 0.0308111 0)
(0.162227 0.0264036 0)
(0.160926 0.0220322 0)
(0.159377 0.0177038 0)
(0.157582 0.0134237 0)
(0.155541 0.00919444 0)
(0.153256 0.00501284 0)
(0.150717 0.000866413 0)
(0.147915 -0.00325283 0)
(0.144886 -0.00732308 0)
(0.141629 -0.0113458 0)
(0.138154 -0.0153293 0)
(0.13447 -0.0192873 0)
(0.130591 -0.0232407 0)
(0.126534 -0.0272196 0)
(0.12232 -0.0312669 0)
(0.117975 -0.0354417 0)
(0.113535 -0.0398251 0)
(0.109039 -0.044527 0)
(0.104537 -0.0496939 0)
(0.100085 -0.0555176 0)
(0.0957484 -0.0622421 0)
(0.091595 -0.070166 0)
(0.0876922 -0.0796368 0)
(0.0840975 -0.0910309 0)
(0.0808463 -0.104716 0)
(0.0779378 -0.120993 0)
(0.0753216 -0.140031 0)
(0.0728888 -0.161795 0)
(0.070472 -0.185992 0)
(0.0678563 -0.212053 0)
(0.0647995 -0.23915 0)
(0.0610586 -0.266242 0)
(0.0564174 -0.292159 0)
(0.0507134 -0.315662 0)
(0.0438648 -0.335487 0)
(0.0359082 -0.350274 0)
(0.0270616 -0.35827 0)
(0.0178325 -0.356615 0)
(0.00916434 -0.340028 0)
(0.00248838 -0.299286 0)
(-0.00072687 -0.221181 0)
(-0.000609366 -0.0930708 0)
(3.04353e-05 0.0029254 0)
(0.000314644 0.00939478 0)
(0.000987046 0.0163118 0)
(0.00199929 0.0235421 0)
(0.00336715 0.0309584 0)
(0.00509368 0.0384409 0)
(0.00717024 0.0458795 0)
(0.00958086 0.0531757 0)
(0.0123037 0.0602435 0)
(0.0153126 0.0670113 0)
(0.0185793 0.0734223 0)
(0.0220748 0.0794345 0)
(0.0257713 0.0850198 0)
(0.0296422 0.0901624 0)
(0.0336639 0.0948572 0)
(0.037815 0.0991074 0)
(0.042077 0.102923 0)
(0.0464337 0.106317 0)
(0.0508711 0.109306 0)
(0.0553769 0.111909 0)
(0.0599402 0.114142 0)
(0.0645506 0.116024 0)
(0.0691984 0.117568 0)
(0.0738738 0.11879 0)
(0.0785668 0.1197 0)
(0.083267 0.120311 0)
(0.0879633 0.120629 0)
(0.0926441 0.120664 0)
(0.0972972 0.120422 0)
(0.10191 0.119909 0)
(0.106468 0.119131 0)
(0.110959 0.118094 0)
(0.115369 0.116805 0)
(0.119683 0.115269 0)
(0.123888 0.113494 0)
(0.127969 0.111488 0)
(0.131915 0.109261 0)
(0.135712 0.10682 0)
(0.139348 0.104178 0)
(0.142812 0.101344 0)
(0.146093 0.0983296 0)
(0.149181 0.0951479 0)
(0.152068 0.0918109 0)
(0.154746 0.0883314 0)
(0.157207 0.0847223 0)
(0.159445 0.0809966 0)
(0.161454 0.0771673 0)
(0.16323 0.0732474 0)
(0.164768 0.0692495 0)
(0.166065 0.065186 0)
(0.167118 0.0610692 0)
(0.167924 0.0569108 0)
(0.168482 0.0527221 0)
(0.16879 0.0485142 0)
(0.168847 0.0442975 0)
(0.168652 0.0400819 0)
(0.168204 0.0358771 0)
(0.167505 0.0316919 0)
(0.166554 0.0275344 0)
(0.165353 0.0234123 0)
(0.163902 0.0193319 0)
(0.162204 0.0152984 0)
(0.16026 0.0113148 0)
(0.158073 0.00738039 0)
(0.155642 0.00348705 0)
(0.152953 -0.000382464 0)
(0.150024 -0.00422266 0)
(0.146877 -0.00802496 0)
(0.143516 -0.0117978 0)
(0.139956 -0.0155574 0)
(0.136209 -0.0193283 0)
(0.132297 -0.0231456 0)
(0.128245 -0.0270576 0)
(0.124085 -0.03113 0)
(0.119857 -0.0354513 0)
(0.115607 -0.0401394 0)
(0.111394 -0.0453495 0)
(0.10728 -0.0512809 0)
(0.103338 -0.0581827 0)
(0.0996406 -0.0663542 0)
(0.0962567 -0.0761351 0)
(0.0932386 -0.0878824 0)
(0.0906088 -0.10193 0)
(0.0883442 -0.118532 0)
(0.0863628 -0.137798 0)
(0.0845176 -0.159632 0)
(0.0825997 -0.183689 0)
(0.0803539 -0.209361 0)
(0.0775017 -0.23581 0)
(0.0737707 -0.262013 0)
(0.0689224 -0.286841 0)
(0.0627776 -0.309125 0)
(0.0552421 -0.327701 0)
(0.046339 -0.341356 0)
(0.0362659 -0.34857 0)
(0.0254979 -0.346843 0)
(0.0149468 -0.331377 0)
(0.00607579 -0.293284 0)
(0.000631975 -0.218896 0)
(-0.00046392 -0.0933322 0)
(2.23006e-05 0.00277777 0)
(0.000251147 0.00894184 0)
(0.000812848 0.0155336 0)
(0.00168777 0.0224213 0)
(0.00290306 0.029485 0)
(0.00447206 0.0366138 0)
(0.00639495 0.0437069 0)
(0.00866261 0.0506733 0)
(0.0112582 0.0574332 0)
(0.0141593 0.0639188 0)
(0.0173399 0.0700753 0)
(0.0207722 0.0758612 0)
(0.0244284 0.0812474 0)
(0.0282818 0.0862165 0)
(0.0323074 0.090761 0)
(0.0364824 0.0948817 0)
(0.0407864 0.0985857 0)
(0.0452012 0.101885 0)
(0.0497109 0.104793 0)
(0.054301 0.107328 0)
(0.0589588 0.109504 0)
(0.0636721 0.11134 0)
(0.0684298 0.112849 0)
(0.0732206 0.114045 0)
(0.0780336 0.114942 0)
(0.0828573 0.115549 0)
(0.0876802 0.115876 0)
(0.0924901 0.115932 0)
(0.0972744 0.115723 0)
(0.10202 0.115256 0)
(0.106713 0.114538 0)
(0.111341 0.113575 0)
(0.115889 0.112373 0)
(0.120342 0.110938 0)
(0.124688 0.109279 0)
(0.128913 0.107402 0)
(0.133003 0.105316 0)
(0.136945 0.10303 0)
(0.140728 0.100554 0)
(0.144339 0.0978967 0)
(0.147768 0.0950703 0)
(0.151005 0.0920857 0)
(0.15404 0.0889543 0)
(0.156866 0.0856882 0)
(0.159474 0.0822995 0)
(0.161859 0.0788004 0)
(0.164013 0.0752031 0)
(0.165932 0.0715198 0)
(0.167612 0.0677626 0)
(0.169049 0.0639432 0)
(0.170239 0.0600732 0)
(0.17118 0.0561638 0)
(0.17187 0.052226 0)
(0.172308 0.0482702 0)
(0.172492 0.0443065 0)
(0.172422 0.0403445 0)
(0.172099 0.0363931 0)
(0.171521 0.032461 0)
(0.170691 0.0285556 0)
(0.16961 0.0246842 0)
(0.16828 0.0208524 0)
(0.166703 0.0170651 0)
(0.164884 0.0133251 0)
(0.162825 0.00963252 0)
(0.160531 0.00598272 0)
(0.158 0.00236261 0)
(0.155218 -0.0012488 0)
(0.152225 -0.00483785 0)
(0.149032 -0.00840955 0)
(0.145651 -0.011982 0)
(0.1421 -0.0155845 0)
(0.138403 -0.019258 0)
(0.13459 -0.0230576 0)
(0.130699 -0.0270565 0)
(0.126778 -0.0313515 0)
(0.12288 -0.0360693 0)
(0.119071 -0.0413734 0)
(0.115421 -0.0474704 0)
(0.112009 -0.0546128 0)
(0.108908 -0.0630966 0)
(0.106183 -0.0732477 0)
(0.103876 -0.085396 0)
(0.101987 -0.0998325 0)
(0.100462 -0.116755 0)
(0.0991812 -0.136207 0)
(0.0979532 -0.158027 0)
(0.0965255 -0.181815 0)
(0.0946033 -0.206935 0)
(0.0918757 -0.232541 0)
(0.0880463 -0.257635 0)
(0.0828607 -0.281139 0)
(0.0761309 -0.301959 0)
(0.0677582 -0.319031 0)
(0.0577607 -0.331286 0)
(0.0463242 -0.337426 0)
(0.0338977 -0.335307 0)
(0.0213631 -0.320642 0)
(0.0101971 -0.285032 0)
(0.00230343 -0.214623 0)
(-0.000262817 -0.0928343 0)
(1.24283e-05 0.00266665 0)
(0.000177835 0.00858065 0)
(0.000615273 0.014885 0)
(0.00133828 0.021453 0)
(0.0023864 0.0281743 0)
(0.00378365 0.0349498 0)
(0.00553914 0.0416898 0)
(0.0076505 0.0483131 0)
(0.0101059 0.0547473 0)
(0.0128864 0.06093 0)
(0.0159682 0.0668097 0)
(0.0193248 0.0723461 0)
(0.0229289 0.0775101 0)
(0.0267531 0.0822833 0)
(0.0307715 0.0866564 0)
(0.03496 0.0906282 0)
(0.0392963 0.0942035 0)
(0.0437605 0.0973918 0)
(0.0483345 0.100206 0)
(0.053002 0.102661 0)
(0.0577481 0.104771 0)
(0.0625591 0.106552 0)
(0.067422 0.108019 0)
(0.0723245 0.109185 0)
(0.0772541 0.110063 0)
(0.0821987 0.110664 0)
(0.0871458 0.110996 0)
(0.0920826 0.11107 0)
(0.0969961 0.110892 0)
(0.101873 0.11047 0)
(0.1067 0.10981 0)
(0.111462 0.108919 0)
(0.116146 0.107803 0)
(0.120738 0.106469 0)
(0.125223 0.104923 0)
(0.129589 0.103174 0)
(0.133821 0.101228 0)
(0.137907 0.0990952 0)
(0.141835 0.0967836 0)
(0.145592 0.0943031 0)
(0.149168 0.0916636 0)
(0.152553 0.0888755 0)
(0.155737 0.0859497 0)
(0.158711 0.0828973 0)
(0.161468 0.0797295 0)
(0.164001 0.0764578 0)
(0.166303 0.0730935 0)
(0.168369 0.0696482 0)
(0.170196 0.066133 0)
(0.171778 0.0625593 0)
(0.173113 0.0589378 0)
(0.174198 0.0552792 0)
(0.175031 0.051594 0)
(0.175612 0.0478919 0)
(0.175938 0.0441826 0)
(0.176011 0.0404752 0)
(0.17583 0.036778 0)
(0.175396 0.033099 0)
(0.174711 0.0294453 0)
(0.173778 0.0258233 0)
(0.172599 0.022238 0)
(0.171179 0.0186935 0)
(0.169522 0.015192 0)
(0.167633 0.0117336 0)
(0.165518 0.00831454 0)
(0.163183 0.0049256 0)
(0.160629 0.00154927 0)
(0.157846 -0.00183776 0)
(0.154884 -0.00522422 0)
(0.151756 -0.00862777 0)
(0.14848 -0.0120828 0)
(0.145084 -0.0156383 0)
(0.141608 -0.0193575 0)
(0.138094 -0.0233221 0)
(0.134599 -0.0276376 0)
(0.131186 -0.0324395 0)
(0.127924 -0.0378995 0)
(0.124892 -0.0442293 0)
(0.122167 -0.0516812 0)
(0.119822 -0.0605424 0)
(0.117909 -0.0711176 0)
(0.116448 -0.0836999 0)
(0.11541 -0.0985279 0)
(0.1147 -0.115734 0)
(0.114153 -0.13529 0)
(0.11353 -0.156969 0)
(0.112536 -0.180322 0)
(0.110839 -0.204688 0)
(0.108102 -0.229224 0)
(0.104014 -0.252967 0)
(0.0983123 -0.274896 0)
(0.0908096 -0.293997 0)
(0.0814119 -0.309311 0)
(0.0701427 -0.319909 0)
(0.0571853 -0.324703 0)
(0.0429698 -0.32189 0)
(0.0283479 -0.307712 0)
(0.014787 -0.274384 0)
(0.00429728 -0.208216 0)
(4.74652e-05 -0.0913139 0)
(3.9346e-07 0.00259793 0)
(9.37021e-05 0.00832297 0)
(0.000393575 0.0143801 0)
(0.000951418 0.0206514 0)
(0.00181993 0.0270401 0)
(0.0030338 0.0334621 0)
(0.0046108 0.039841 0)
(0.00655502 0.0461074 0)
(0.00885945 0.052198 0)
(0.0115085 0.0580571 0)
(0.0144807 0.0636373 0)
(0.0177507 0.0689008 0)
(0.0212916 0.0738193 0)
(0.0250758 0.0783738 0)
(0.0290767 0.082554 0)
(0.0332688 0.0863567 0)
(0.0376282 0.0897849 0)
(0.0421331 0.0928463 0)
(0.0467636 0.0955516 0)
(0.0515014 0.0979138 0)
(0.0563297 0.099947 0)
(0.061233 0.101665 0)
(0.0661967 0.103083 0)
(0.0712069 0.104213 0)
(0.07625 0.105067 0)
(0.0813127 0.105657 0)
(0.0863817 0.105992 0)
(0.0914437 0.106081 0)
(0.0964849 0.105932 0)
(0.101492 0.105552 0)
(0.10645 0.104949 0)
(0.111346 0.104128 0)
(0.116166 0.103097 0)
(0.120895 0.101861 0)
(0.125519 0.100428 0)
(0.130025 0.0988039 0)
(0.1344 0.0969975 0)
(0.13863 0.0950162 0)
(0.142702 0.0928684 0)
(0.146606 0.0905631 0)
(0.15033 0.0881094 0)
(0.153864 0.0855171 0)
(0.157198 0.0827962 0)
(0.160324 0.079957 0)
(0.163233 0.0770098 0)
(0.165919 0.0739652 0)
(0.168375 0.070834 0)
(0.170597 0.0676267 0)
(0.172579 0.0643538 0)
(0.174317 0.0610258 0)
(0.175809 0.0576529 0)
(0.177053 0.0542451 0)
(0.178046 0.050812 0)
(0.178789 0.047363 0)
(0.179279 0.0439071 0)
(0.179519 0.0404526 0)
(0.179509 0.0370074 0)
(0.179251 0.0335787 0)
(0.178747 0.0301729 0)
(0.178001 0.0267954 0)
(0.177017 0.0234508 0)
(0.1758 0.0201419 0)
(0.174357 0.0168702 0)
(0.172694 0.0136347 0)
(0.17082 0.0104318 0)
(0.168743 0.00725329 0)
(0.166472 0.00408447 0)
(0.164009 0.000901523 0)
(0.161359 -0.0023184 0)
(0.158575 -0.00557857 0)
(0.155675 -0.00891607 0)
(0.152694 -0.0123897 0)
(0.149677 -0.0160723 0)
(0.146679 -0.0200543 0)
(0.143762 -0.0244499 0)
(0.140995 -0.0294027 0)
(0.138455 -0.0350903 0)
(0.136219 -0.0417261 0)
(0.134361 -0.049557 0)
(0.132942 -0.0588535 0)
(0.131991 -0.0698896 0)
(0.131499 -0.0829116 0)
(0.131392 -0.0980961 0)
(0.13153 -0.115503 0)
(0.131695 -0.135034 0)
(0.131602 -0.156397 0)
(0.130915 -0.179103 0)
(0.129274 -0.202473 0)
(0.126327 -0.225683 0)
(0.121755 -0.247811 0)
(0.115299 -0.267902 0)
(0.106785 -0.285031 0)
(0.0961346 -0.298343 0)
(0.0833861 -0.307045 0)
(0.0687317 -0.310249 0)
(0.0525919 -0.306475 0)
(0.0357889 -0.292491 0)
(0.0197594 -0.261226 0)
(0.0065655 -0.199479 0)
(0.000455396 -0.0886034 0)
(-1.40761e-05 0.00257799 0)
(-1.07007e-06 0.0081801 0)
(0.000150268 0.014031 0)
(0.000533612 0.0200279 0)
(0.00121495 0.0260928 0)
(0.00223892 0.0321601 0)
(0.00363109 0.0381698 0)
(0.00540158 0.0440656 0)
(0.00754788 0.0497948 0)
(0.0100577 0.0553097 0)
(0.0129117 0.0605682 0)
(0.0160861 0.0655356 0)
(0.0195544 0.0701853 0)
(0.0232891 0.0744983 0)
(0.027263 0.0784636 0)
(0.0314493 0.0820767 0)
(0.0358229 0.085339 0)
(0.0403604 0.0882562 0)
(0.0450398 0.0908375 0)
(0.049841 0.0930942 0)
(0.0547455 0.0950389 0)
(0.0597359 0.0966848 0)
(0.0647959 0.098045 0)
(0.0699102 0.0991318 0)
(0.0750638 0.0999571 0)
(0.0802424 0.100532 0)
(0.0854317 0.100865 0)
(0.0906176 0.100966 0)
(0.0957859 0.100844 0)
(0.100922 0.100504 0)
(0.106013 0.0999551 0)
(0.111043 0.0992029 0)
(0.115999 0.098254 0)
(0.120866 0.0971149 0)
(0.125631 0.0957923 0)
(0.130279 0.0942928 0)
(0.134797 0.0926237 0)
(0.139173 0.0907923 0)
(0.143394 0.0888066 0)
(0.147449 0.0866748 0)
(0.151325 0.0844054 0)
(0.155014 0.0820073 0)
(0.158505 0.0794897 0)
(0.161789 0.0768621 0)
(0.16486 0.0741341 0)
(0.167709 0.0713153 0)
(0.170332 0.0684155 0)
(0.172722 0.0654446 0)
(0.174875 0.0624123 0)
(0.176789 0.0593281 0)
(0.178459 0.0562015 0)
(0.179885 0.0530418 0)
(0.181066 0.0498578 0)
(0.182 0.0466583 0)
(0.18269 0.0434514 0)
(0.183135 0.0402447 0)
(0.183337 0.0370455 0)
(0.183301 0.0338602 0)
(0.183029 0.0306942 0)
(0.182527 0.0275522 0)
(0.181799 0.0244375 0)
(0.180852 0.0213522 0)
(0.179695 0.0182965 0)
(0.178336 0.0152684 0)
(0.176785 0.0122632 0)
(0.175054 0.00927241 0)
(0.173156 0.0062823 0)
(0.171102 0.00327029 0)
(0.168897 0.000203819 0)
(0.16657 -0.00294331 0)
(0.164178 -0.00620369 0)
(0.161755 -0.0096449 0)
(0.159358 -0.013349 0)
(0.157049 -0.0174145 0)
(0.154897 -0.0219629 0)
(0.152975 -0.0271437 0)
(0.151359 -0.0331365 0)
(0.150119 -0.0401509 0)
(0.149316 -0.0484205 0)
(0.148986 -0.0581896 0)
(0.149125 -0.0696911 0)
(0.14968 -0.0831147 0)
(0.150527 -0.0985681 0)
(0.151469 -0.116038 0)
(0.15224 -0.135353 0)
(0.152509 -0.156171 0)
(0.151912 -0.177968 0)
(0.150069 -0.200066 0)
(0.146625 -0.221667 0)
(0.141266 -0.241902 0)
(0.133753 -0.259891 0)
(0.123935 -0.274802 0)
(0.11176 -0.285889 0)
(0.0972974 -0.292491 0)
(0.0807572 -0.293905 0)
(0.0625609 -0.288951 0)
(0.0435046 -0.27491 0)
(0.0249762 -0.24549 0)
(0.00903594 -0.188286 0)
(0.000945579 -0.084539 0)
(-3.09006e-05 0.00261302 0)
(-0.000103878 0.00816087 0)
(-0.00010609 0.0138446 0)
(0.000101235 0.0195882 0)
(0.00059673 0.0253363 0)
(0.00143323 0.0310474 0)
(0.00264246 0.0366799 0)
(0.00423973 0.042192 0)
(0.0062268 0.0475432 0)
(0.0085945 0.0526944 0)
(0.0113259 0.0576099 0)
(0.0143988 0.0622589 0)
(0.0177876 0.0666168 0)
(0.0214653 0.0706657 0)
(0.0254041 0.0743941 0)
(0.0295768 0.0777969 0)
(0.0339568 0.0808739 0)
(0.0385194 0.0836294 0)
(0.0432409 0.0860708 0)
(0.0480995 0.0882079 0)
(0.0530748 0.090052 0)
(0.0581478 0.0916149 0)
(0.0633006 0.0929086 0)
(0.0685163 0.0939449 0)
(0.0737786 0.0947348 0)
(0.0790721 0.0952888 0)
(0.0843814 0.0956165 0)
(0.0896917 0.0957265 0)
(0.0949883 0.0956268 0)
(0.100256 0.0953249 0)
(0.105481 0.0948277 0)
(0.110649 0.0941417 0)
(0.115745 0.0932733 0)
(0.120755 0.0922287 0)
(0.125665 0.0910144 0)
(0.130461 0.0896368 0)
(0.13513 0.0881027 0)
(0.13966 0.0864189 0)
(0.144038 0.0845928 0)
(0.148253 0.0826318 0)
(0.152293 0.080544 0)
(0.156148 0.0783373 0)
(0.15981 0.0760203 0)
(0.16327 0.0736013 0)
(0.16652 0.0710892 0)
(0.169553 0.0684928 0)
(0.172365 0.0658209 0)
(0.174949 0.0630825 0)
(0.177303 0.0602863 0)
(0.179423 0.0574411 0)
(0.181307 0.0545555 0)
(0.182954 0.0516378 0)
(0.184365 0.0486961 0)
(0.18554 0.0457384 0)
(0.18648 0.0427718 0)
(0.187187 0.0398034 0)
(0.187666 0.0368394 0)
(0.18792 0.0338853 0)
(0.187954 0.0309458 0)
(0.187774 0.0280244 0)
(0.187388 0.0251235 0)
(0.186804 0.0222439 0)
(0.186031 0.0193845 0)
(0.18508 0.0165421 0)
(0.183963 0.0137105 0)
(0.182695 0.0108801 0)
(0.181291 0.00803612 0)
(0.179769 0.00515608 0)
(0.178149 0.0022054 0)
(0.176437 -0.000863968 0)
(0.174722 -0.00410068 0)
(0.173044 -0.00757513 0)
(0.171469 -0.0113748 0)
(0.170066 -0.0156039 0)
(0.168905 -0.0203881 0)
(0.168055 -0.0258781 0)
(0.167581 -0.0322497 0)
(0.167538 -0.0397007 0)
(0.167957 -0.0484417 0)
(0.168839 -0.0586806 0)
(0.170132 -0.0705993 0)
(0.171729 -0.0843237 0)
(0.173448 -0.0998896 0)
(0.17504 -0.117212 0)
(0.17619 -0.136059 0)
(0.176536 -0.156044 0)
(0.175692 -0.176629 0)
(0.17328 -0.197146 0)
(0.168951 -0.216836 0)
(0.162417 -0.234897 0)
(0.153471 -0.250533 0)
(0.141998 -0.263006 0)
(0.127991 -0.271682 0)
(0.111557 -0.276027 0)
(0.0929393 -0.275511 0)
(0.0725714 -0.269227 0)
(0.051228 -0.25494 0)
(0.0302343 -0.227176 0)
(0.0116018 -0.17459 0)
(0.00149611 -0.0790089 0)
(-4.99048e-05 0.00270683 0)
(-0.000208775 0.00826787 0)
(-0.000356918 0.0138222 0)
(-0.000313229 0.0193254 0)
(1.18252e-05 0.024762 0)
(0.000677723 0.0301164 0)
(0.00171955 0.0353652 0)
(0.00315615 0.0404829 0)
(0.00499322 0.0454417 0)
(0.00722474 0.0502121 0)
(0.00983638 0.0547653 0)
(0.0128081 0.0590751 0)
(0.0161158 0.0631197 0)
(0.0197332 0.0668826 0)
(0.0236329 0.0703528 0)
(0.0277871 0.0735245 0)
(0.0321687 0.0763967 0)
(0.0367516 0.0789724 0)
(0.041511 0.0812575 0)
(0.0464233 0.0832603 0)
(0.0514667 0.0849906 0)
(0.0566203 0.086459 0)
(0.0618649 0.0876765 0)
(0.067182 0.0886537 0)
(0.0725542 0.0894011 0)
(0.0779648 0.0899286 0)
(0.0833976 0.0902451 0)
(0.0888369 0.0903592 0)
(0.0942673 0.0902787 0)
(0.0996737 0.0900107 0)
(0.105041 0.089562 0)
(0.110355 0.088939 0)
(0.115601 0.088148 0)
(0.120765 0.0871948 0)
(0.125833 0.0860857 0)
(0.130792 0.0848267 0)
(0.135628 0.083424 0)
(0.140328 0.0818841 0)
(0.144882 0.0802137 0)
(0.149278 0.0784196 0)
(0.153505 0.076509 0)
(0.157553 0.0744891 0)
(0.161414 0.0723675 0)
(0.165079 0.0701519 0)
(0.168542 0.06785 0)
(0.171796 0.0654697 0)
(0.174836 0.063019 0)
(0.177659 0.0605057 0)
(0.180261 0.0579377 0)
(0.182641 0.0553227 0)
(0.184796 0.0526684 0)
(0.186728 0.0499822 0)
(0.188437 0.0472712 0)
(0.189925 0.0445423 0)
(0.191195 0.0418022 0)
(0.19225 0.0390566 0)
(0.193096 0.0363111 0)
(0.193739 0.0335701 0)
(0.194183 0.0308373 0)
(0.194438 0.0281154 0)
(0.194512 0.0254055 0)
(0.194414 0.0227071 0)
(0.194156 0.0200179 0)
(0.19375 0.0173329 0)
(0.193212 0.0146444 0)
(0.192557 0.0119407 0)
(0.191804 0.00920472 0)
(0.190979 0.00641116 0)
(0.190109 0.00352142 0)
(0.189225 0.000474303 0)
(0.188395 -0.00280775 0)
(0.187699 -0.00639844 0)
(0.187197 -0.0103825 0)
(0.186955 -0.0148636 0)
(0.187034 -0.0199663 0)
(0.187488 -0.0258362 0)
(0.188359 -0.0326373 0)
(0.189669 -0.0405458 0)
(0.191409 -0.0497395 0)
(0.193528 -0.0603805 0)
(0.195918 -0.0725927 0)
(0.198411 -0.0864353 0)
(0.20077 -0.101875 0)
(0.202697 -0.118765 0)
(0.203843 -0.136823 0)
(0.203826 -0.155638 0)
(0.202261 -0.174668 0)
(0.198783 -0.193276 0)
(0.193073 -0.210755 0)
(0.184884 -0.226375 0)
(0.174056 -0.239431 0)
(0.160528 -0.24929 0)
(0.144348 -0.255425 0)
(0.125679 -0.257428 0)
(0.104809 -0.254923 0)
(0.0821919 -0.247248 0)
(0.0585889 -0.232615 0)
(0.0352534 -0.206374 0)
(0.0141101 -0.158458 0)
(0.00207115 -0.0719784 0)
(-7.01632e-05 0.00285966 0)
(-0.000305467 0.00849071 0)
(-0.000571964 0.0139428 0)
(-0.00065531 0.0192199 0)
(-0.000461565 0.0243455 0)
(7.22227e-05 0.0293411 0)
(0.000983543 0.0342039 0)
(0.00229194 0.0389203 0)
(0.00400611 0.0434767 0)
(0.00612318 0.0478533 0)
(0.00863197 0.0520285 0)
(0.0115152 0.0559813 0)
(0.0147512 0.0596933 0)
(0.0183151 0.06315 0)
(0.0221804 0.0663415 0)
(0.0263198 0.0692621 0)
(0.0307058 0.0719102 0)
(0.0353118 0.0742878 0)
(0.0401117 0.0763997 0)
(0.045081 0.0782528 0)
(0.0501963 0.0798554 0)
(0.0554355 0.081217 0)
(0.060778 0.0823471 0)
(0.066204 0.0832557 0)
(0.0716948 0.0839521 0)
(0.0772329 0.0844455 0)
(0.082801 0.0847444 0)
(0.0883827 0.0848567 0)
(0.0939622 0.0847899 0)
(0.0995239 0.0845508 0)
(0.105053 0.0841459 0)
(0.110534 0.0835813 0)
(0.115953 0.0828629 0)
(0.121296 0.0819964 0)
(0.126549 0.0809876 0)
(0.131698 0.0798419 0)
(0.136733 0.0785653 0)
(0.141639 0.0771635 0)
(0.146406 0.0756426 0)
(0.151023 0.0740087 0)
(0.15548 0.0722682 0)
(0.159768 0.0704275 0)
(0.163878 0.0684933 0)
(0.167804 0.0664722 0)
(0.171538 0.064371 0)
(0.175077 0.0621968 0)
(0.178415 0.0599562 0)
(0.18155 0.0576561 0)
(0.18448 0.0553034 0)
(0.187203 0.0529046 0)
(0.18972 0.0504664 0)
(0.192033 0.0479952 0)
(0.194143 0.0454971 0)
(0.196054 0.042978 0)
(0.197771 0.0404436 0)
(0.199298 0.0378989 0)
(0.200642 0.0353484 0)
(0.201809 0.0327955 0)
(0.202808 0.030243 0)
(0.203648 0.0276926 0)
(0.204337 0.0251444 0)
(0.204889 0.0225963 0)
(0.205314 0.0200446 0)
(0.205628 0.0174824 0)
(0.205847 0.0148999 0)
(0.205992 0.0122825 0)
(0.206086 0.00960917 0)
(0.20616 0.00684863 0)
(0.206253 0.00395206 0)
(0.206426 0.000839425 0)
(0.206778 -0.00258427 0)
(0.207353 -0.00638809 0)
(0.208208 -0.0106468 0)
(0.209392 -0.015458 0)
(0.210941 -0.0209388 0)
(0.21288 -0.0272217 0)
(0.215213 -0.0344496 0)
(0.217916 -0.0427686 0)
(0.220926 -0.0523151 0)
(0.224131 -0.0631993 0)
(0.227366 -0.0754854 0)
(0.230404 -0.0891695 0)
(0.232961 -0.104159 0)
(0.234704 -0.120255 0)
(0.235269 -0.137148 0)
(0.234274 -0.154414 0)
(0.231355 -0.17153 0)
(0.226181 -0.1879 0)
(0.218483 -0.202881 0)
(0.20807 -0.215829 0)
(0.194849 -0.226133 0)
(0.178829 -0.233267 0)
(0.160128 -0.236814 0)
(0.138977 -0.236483 0)
(0.115718 -0.232036 0)
(0.0908415 -0.223024 0)
(0.0650987 -0.208061 0)
(0.0396672 -0.183297 0)
(0.0163558 -0.140099 0)
(0.00261731 -0.0635202 0)
(-8.93035e-05 0.00306473 0)
(-0.000376155 0.00880116 0)
(-0.000704267 0.0141617 0)
(-0.00084381 0.0192164 0)
(-0.000705373 0.0240354 0)
(-0.000230149 0.028671 0)
(0.000620385 0.0331483 0)
(0.0018651 0.0374627 0)
(0.0035137 0.041613 0)
(0.00556635 0.045589 0)
(0.00801561 0.049376 0)
(0.0108479 0.0529585 0)
(0.0140445 0.0563223 0)
(0.0175834 0.0594556 0)
(0.0214398 0.0623501 0)
(0.0255873 0.0650009 0)
(0.0299992 0.0674064 0)
(0.0346486 0.069568 0)
(0.0395092 0.0714896 0)
(0.0445557 0.0731769 0)
(0.0497638 0.0746371 0)
(0.0551104 0.0758782 0)
(0.0605738 0.0769088 0)
(0.0661333 0.0777375 0)
(0.0717692 0.0783728 0)
(0.077463 0.0788229 0)
(0.083197 0.0790956 0)
(0.0889541 0.0791982 0)
(0.094718 0.0791376 0)
(0.100473 0.0789202 0)
(0.106204 0.0785521 0)
(0.111896 0.0780388 0)
(0.117534 0.0773859 0)
(0.123106 0.0765987 0)
(0.128597 0.0756823 0)
(0.133995 0.074642 0)
(0.139288 0.0734828 0)
(0.144464 0.07221 0)
(0.149513 0.0708288 0)
(0.154425 0.0693447 0)
(0.15919 0.0677631 0)
(0.1638 0.0660897 0)
(0.168247 0.06433 0)
(0.172527 0.0624898 0)
(0.176632 0.0605749 0)
(0.18056 0.058591 0)
(0.184306 0.0565438 0)
(0.18787 0.0544391 0)
(0.191251 0.0522825 0)
(0.194448 0.0500796 0)
(0.197464 0.0478357 0)
(0.200301 0.0455563 0)
(0.202963 0.0432463 0)
(0.205455 0.0409109 0)
(0.207782 0.0385546 0)
(0.209951 0.0361817 0)
(0.21197 0.0337958 0)
(0.213845 0.0313993 0)
(0.215586 0.0289942 0)
(0.217203 0.0265814 0)
(0.218706 0.0241598 0)
(0.220108 0.0217259 0)
(0.221422 0.0192738 0)
(0.222664 0.0167944 0)
(0.223856 0.0142748 0)
(0.225022 0.011696 0)
(0.226194 0.00903033 0)
(0.227416 0.00623394 0)
(0.228748 0.00323532 0)
(0.230317 -6.30914e-05 0)
(0.232158 -0.00374232 0)
(0.234294 -0.0078458 0)
(0.236753 -0.0124403 0)
(0.239547 -0.0176149 0)
(0.242676 -0.0234727 0)
(0.246121 -0.0301256 0)
(0.249836 -0.0376882 0)
(0.253741 -0.0462692 0)
(0.257715 -0.0559596 0)
(0.261587 -0.0668178 0)
(0.265137 -0.0788525 0)
(0.268096 -0.0920061 0)
(0.270149 -0.10614 0)
(0.27095 -0.121025 0)
(0.270139 -0.136336 0)
(0.267363 -0.15166 0)
(0.262296 -0.166507 0)
(0.254666 -0.180336 0)
(0.244271 -0.192581 0)
(0.230999 -0.202687 0)
(0.214838 -0.210148 0)
(0.195884 -0.214541 0)
(0.17434 -0.215561 0)
(0.150513 -0.213024 0)
(0.124814 -0.206815 0)
(0.097774 -0.196662 0)
(0.0701435 -0.181525 0)
(0.0430218 -0.158312 0)
(0.018083 -0.119911 0)
(0.00306357 -0.053849 0)
(-0.000102835 0.00330301 0)
(-0.000392715 0.00914259 0)
(-0.00068408 0.0143976 0)
(-0.000762303 0.0192205 0)
(-0.00055325 0.0237328 0)
(-9.68007e-06 0.0280164 0)
(0.000901452 0.0321116 0)
(0.00219757 0.0360301 0)
(0.00388805 0.039779 0)
(0.00597584 0.0433552 0)
(0.00845754 0.0467509 0)
(0.0113237 0.0499562 0)
(0.0145598 0.0529614 0)
(0.0181468 0.0557584 0)
(0.0220628 0.058341 0)
(0.0262836 0.0607059 0)
(0.0307835 0.062852 0)
(0.0355366 0.0647807 0)
(0.040517 0.0664952 0)
(0.0456993 0.0680006 0)
(0.051059 0.0693029 0)
(0.0565726 0.070409 0)
(0.0622177 0.0713262 0)
(0.0679731 0.072062 0)
(0.0738187 0.0726238 0)
(0.0797354 0.073019 0)
(0.0857049 0.0732544 0)
(0.0917102 0.0733366 0)
(0.0977346 0.0732717 0)
(0.103762 0.0730656 0)
(0.109779 0.0727237 0)
(0.115768 0.0722511 0)
(0.121718 0.0716528 0)
(0.127614 0.0709334 0)
(0.133444 0.0700977 0)
(0.139196 0.0691501 0)
(0.144859 0.0680951 0)
(0.150421 0.0669372 0)
(0.155873 0.065681 0)
(0.161205 0.064331 0)
(0.166411 0.0628918 0)
(0.171482 0.0613679 0)
(0.176412 0.0597642 0)
(0.181195 0.0580851 0)
(0.185829 0.0563354 0)
(0.19031 0.0545197 0)
(0.194635 0.0526426 0)
(0.198805 0.0507087 0)
(0.20282 0.0487223 0)
(0.206681 0.0466878 0)
(0.210391 0.0446096 0)
(0.213954 0.0424918 0)
(0.217376 0.0403387 0)
(0.220661 0.0381542 0)
(0.223816 0.0359424 0)
(0.226848 0.0337068 0)
(0.229765 0.0314499 0)
(0.232575 0.0291735 0)
(0.235287 0.0268786 0)
(0.237912 0.0245655 0)
(0.240459 0.0222325 0)
(0.24294 0.0198735 0)
(0.245373 0.0174802 0)
(0.247777 0.0150395 0)
(0.250177 0.0125346 0)
(0.252611 0.00993895 0)
(0.255124 0.00720791 0)
(0.25779 0.00427375 0)
(0.260723 0.00103274 0)
(0.264038 -0.00258392 0)
(0.267605 -0.00658268 0)
(0.271456 -0.0110055 0)
(0.275572 -0.0159179 0)
(0.279921 -0.021397 0)
(0.284458 -0.027526 0)
(0.289112 -0.0343906 0)
(0.293785 -0.0420729 0)
(0.29834 -0.0506427 0)
(0.302605 -0.0601469 0)
(0.306361 -0.0705975 0)
(0.309353 -0.0819581 0)
(0.311286 -0.094132 0)
(0.311841 -0.106952 0)
(0.310683 -0.120175 0)
(0.307485 -0.133483 0)
(0.301941 -0.146489 0)
(0.293793 -0.158752 0)
(0.282845 -0.169798 0)
(0.268985 -0.179147 0)
(0.252196 -0.186342 0)
(0.232564 -0.190981 0)
(0.210286 -0.192749 0)
(0.185658 -0.191443 0)
(0.159076 -0.186978 0)
(0.131025 -0.179344 0)
(0.102081 -0.168409 0)
(0.072996 -0.153423 0)
(0.0447928 -0.131984 0)
(0.0189986 -0.0985086 0)
(0.00332618 -0.0433521 0)
(-0.000103205 0.0035365 0)
(-0.000314377 0.00941741 0)
(-0.000415097 0.0145171 0)
(-0.00025236 0.0190823 0)
(0.000221648 0.023285 0)
(0.00103354 0.0272207 0)
(0.00220347 0.0309446 0)
(0.00374506 0.0344808 0)
(0.00566701 0.0378401 0)
(0.00797425 0.0410252 0)
(0.0106667 0.044034 0)
(0.013739 0.0468623 0)
(0.0171802 0.0495053 0)
(0.0209754 0.0519587 0)
(0.0251055 0.0542195 0)
(0.0295492 0.0562863 0)
(0.034283 0.0581592 0)
(0.0392827 0.0598402 0)
(0.0445235 0.0613324 0)
(0.0499809 0.0626402 0)
(0.0556308 0.0637688 0)
(0.0614501 0.0647243 0)
(0.0674166 0.0655128 0)
(0.0735091 0.0661407 0)
(0.0797074 0.0666145 0)
(0.0859924 0.0669402 0)
(0.0923461 0.067124 0)
(0.0987513 0.0671714 0)
(0.105192 0.0670879 0)
(0.111652 0.0668784 0)
(0.118117 0.0665478 0)
(0.124573 0.0661006 0)
(0.131007 0.0655409 0)
(0.137406 0.0648729 0)
(0.143759 0.0641004 0)
(0.150053 0.0632275 0)
(0.156278 0.0622577 0)
(0.162425 0.0611948 0)
(0.168485 0.0600426 0)
(0.17445 0.0588046 0)
(0.180312 0.0574846 0)
(0.186066 0.0560862 0)
(0.191705 0.054613 0)
(0.197227 0.0530686 0)
(0.202627 0.0514566 0)
(0.207903 0.0497805 0)
(0.213055 0.0480437 0)
(0.218083 0.0462496 0)
(0.222987 0.0444015 0)
(0.22777 0.0425026 0)
(0.232435 0.0405562 0)
(0.236987 0.0385655 0)
(0.241431 0.0365337 0)
(0.245773 0.0344643 0)
(0.250018 0.0323611 0)
(0.254172 0.0302272 0)
(0.258243 0.0280648 0)
(0.262237 0.0258737 0)
(0.266165 0.0236542 0)
(0.270035 0.0214064 0)
(0.273856 0.019127 0)
(0.277642 0.0168049 0)
(0.281413 0.0144311 0)
(0.285199 0.0119839 0)
(0.289041 0.00943332 0)
(0.292998 0.00674163 0)
(0.297143 0.00382067 0)
(0.301656 0.000573674 0)
(0.306517 -0.00301902 0)
(0.311539 -0.00693526 0)
(0.316733 -0.0111874 0)
(0.322057 -0.015827 0)
(0.327448 -0.0209127 0)
(0.332833 -0.0265039 0)
(0.338121 -0.032661 0)
(0.343194 -0.0394417 0)
(0.347906 -0.046896 0)
(0.35208 -0.0550579 0)
(0.355505 -0.0639374 0)
(0.357939 -0.0735103 0)
(0.359113 -0.0837091 0)
(0.358737 -0.0944142 0)
(0.356511 -0.105448 0)
(0.352141 -0.116573 0)
(0.345358 -0.127495 0)
(0.335929 -0.13787 0)
(0.323682 -0.147318 0)
(0.308523 -0.155446 0)
(0.290446 -0.161864 0)
(0.269543 -0.166218 0)
(0.246014 -0.16821 0)
(0.220163 -0.16763 0)
(0.19239 -0.164371 0)
(0.16318 -0.158435 0)
(0.133088 -0.149891 0)
(0.102734 -0.138715 0)
(0.0728672 -0.124385 0)
(0.0444339 -0.105102 0)
(0.0188069 -0.0767466 0)
(0.00332099 -0.032599 0)
(-7.92738e-05 0.0037005 0)
(-8.6952e-05 0.00947415 0)
(0.000226671 0.0143229 0)
(0.000890668 0.0185801 0)
(0.00191162 0.0224479 0)
(0.00328937 0.0260365 0)
(0.00502682 0.0294019 0)
(0.00713017 0.03257 0)
(0.00960567 0.0355539 0)
(0.0124578 0.0383601 0)
(0.0156876 0.0409912 0)
(0.0192913 0.0434481 0)
(0.0232608 0.0457308 0)
(0.0275835 0.0478391 0)
(0.0322433 0.0497735 0)
(0.0372213 0.0515349 0)
(0.0424965 0.0531251 0)
(0.0480467 0.0545469 0)
(0.0538489 0.0558039 0)
(0.0598801 0.0569001 0)
(0.0661175 0.0578404 0)
(0.0725388 0.0586298 0)
(0.0791226 0.0592738 0)
(0.0858484 0.0597776 0)
(0.0926966 0.0601466 0)
(0.0996486 0.0603861 0)
(0.106687 0.060501 0)
(0.113794 0.060496 0)
(0.120956 0.0603758 0)
(0.128156 0.0601445 0)
(0.135381 0.059806 0)
(0.142617 0.0593642 0)
(0.149852 0.0588226 0)
(0.157073 0.0581844 0)
(0.16427 0.057453 0)
(0.171432 0.0566315 0)
(0.178549 0.0557227 0)
(0.185612 0.0547297 0)
(0.192614 0.0536554 0)
(0.199546 0.0525025 0)
(0.206402 0.0512737 0)
(0.213176 0.0499717 0)
(0.219863 0.0485993 0)
(0.22646 0.0471589 0)
(0.232964 0.0456531 0)
(0.239371 0.0440844 0)
(0.245682 0.0424552 0)
(0.251896 0.0407678 0)
(0.258013 0.0390244 0)
(0.264035 0.0372274 0)
(0.269965 0.0353789 0)
(0.275806 0.0334813 0)
(0.281561 0.0315372 0)
(0.287236 0.0295495 0)
(0.292833 0.027522 0)
(0.298356 0.0254588 0)
(0.303808 0.0233614 0)
(0.309195 0.021229 0)
(0.314525 0.0190613 0)
(0.319807 0.0168613 0)
(0.325053 0.0146239 0)
(0.330281 0.0123157 0)
(0.33552 0.0099274 0)
(0.340837 0.0074249 0)
(0.346291 0.00472386 0)
(0.352039 0.00174733 0)
(0.358133 -0.00152166 0)
(0.36432 -0.00505654 0)
(0.370504 -0.00882548 0)
(0.376651 -0.0128318 0)
(0.382699 -0.0171147 0)
(0.388569 -0.0217182 0)
(0.394169 -0.0266836 0)
(0.399394 -0.0320505 0)
(0.404114 -0.0378565 0)
(0.408181 -0.044134 0)
(0.41142 -0.0509049 0)
(0.413634 -0.0581751 0)
(0.4146 -0.0659276 0)
(0.414077 -0.0741154 0)
(0.411812 -0.082655 0)
(0.407547 -0.0914213 0)
(0.401033 -0.100244 0)
(0.392041 -0.108909 0)
(0.380384 -0.117161 0)
(0.365926 -0.124712 0)
(0.348605 -0.131258 0)
(0.32844 -0.13649 0)
(0.305548 -0.140117 0)
(0.280144 -0.141886 0)
(0.252545 -0.141604 0)
(0.223167 -0.139154 0)
(0.192508 -0.134515 0)
(0.161132 -0.127757 0)
(0.12965 -0.119006 0)
(0.0987068 -0.108304 0)
(0.0690306 -0.0953014 0)
(0.0414856 -0.0787065 0)
(0.017281 -0.0557118 0)
(0.00298733 -0.0223198 0)
(-1.66485e-05 0.00369317 0)
(0.000355914 0.00910127 0)
(0.00138558 0.0135339 0)
(0.00290129 0.0173923 0)
(0.00486209 0.0208818 0)
(0.00723827 0.0241028 0)
(0.0100136 0.0271016 0)
(0.0131828 0.0299 0)
(0.0167445 0.0325105 0)
(0.0206976 0.0349412 0)
(0.0250385 0.0371983 0)
(0.0297607 0.0392868 0)
(0.0348542 0.0412107 0)
(0.0403059 0.0429737 0)
(0.0460999 0.0445792 0)
(0.0522177 0.0460305 0)
(0.0586396 0.0473313 0)
(0.0653442 0.0484852 0)
(0.07231 0.0494964 0)
(0.0795149 0.050369 0)
(0.0869372 0.0511076 0)
(0.0945556 0.0517166 0)
(0.102349 0.0522006 0)
(0.110298 0.0525642 0)
(0.118384 0.0528117 0)
(0.126588 0.0529474 0)
(0.134893 0.0529755 0)
(0.143283 0.0528997 0)
(0.151742 0.0527237 0)
(0.160255 0.0524508 0)
(0.16881 0.0520844 0)
(0.177391 0.0516273 0)
(0.185987 0.0510823 0)
(0.194587 0.0504522 0)
(0.203178 0.0497393 0)
(0.211751 0.0489462 0)
(0.220295 0.048075 0)
(0.228801 0.047128 0)
(0.237262 0.0461076 0)
(0.245667 0.0450155 0)
(0.254012 0.0438539 0)
(0.262288 0.0426244 0)
(0.270489 0.0413288 0)
(0.278612 0.039969 0)
(0.286651 0.0385466 0)
(0.294601 0.0370632 0)
(0.302461 0.0355204 0)
(0.310227 0.0339197 0)
(0.317898 0.0322625 0)
(0.325471 0.0305502 0)
(0.332946 0.0287844 0)
(0.340323 0.0269666 0)
(0.347601 0.0250988 0)
(0.35478 0.0231834 0)
(0.361861 0.021224 0)
(0.368841 0.0192243 0)
(0.37572 0.0171798 0)
(0.382501 0.0150851 0)
(0.389197 0.0129437 0)
(0.395821 0.0107721 0)
(0.402394 0.00858128 0)
(0.408943 0.00627055 0)
(0.41552 0.00376655 0)
(0.422401 0.00103392 0)
(0.42942 -0.00190855 0)
(0.436351 -0.00504887 0)
(0.443041 -0.00834781 0)
(0.449458 -0.0117799 0)
(0.455534 -0.0153594 0)
(0.461197 -0.0191124 0)
(0.466365 -0.0230662 0)
(0.470941 -0.0272462 0)
(0.474818 -0.0316756 0)
(0.477869 -0.0363761 0)
(0.479952 -0.0413654 0)
(0.480908 -0.0466549 0)
(0.48056 -0.0522462 0)
(0.478716 -0.0581262 0)
(0.475171 -0.0642627 0)
(0.469716 -0.0705995 0)
(0.462142 -0.077053 0)
(0.452251 -0.083509 0)
(0.439871 -0.0898215 0)
(0.424866 -0.0958139 0)
(0.407151 -0.101284 0)
(0.386709 -0.106015 0)
(0.363601 -0.10978 0)
(0.337973 -0.112364 0)
(0.310072 -0.113573 0)
(0.280236 -0.113252 0)
(0.248896 -0.111301 0)
(0.216564 -0.107688 0)
(0.183814 -0.102454 0)
(0.151259 -0.095715 0)
(0.119526 -0.0876194 0)
(0.0892395 -0.0782425 0)
(0.0610662 -0.0673517 0)
(0.0357682 -0.0540673 0)
(0.0143747 -0.0366635 0)
(0.00232015 -0.0133403 0)
(0.000107775 0.00337172 0)
(0.00108483 0.00802551 0)
(0.00319176 0.0118095 0)
(0.0060046 0.0151284 0)
(0.00943905 0.0181457 0)
(0.0134396 0.0209295 0)
(0.017968 0.0235076 0)
(0.0230002 0.0258935 0)
(0.0285177 0.028097 0)
(0.0345031 0.0301266 0)
(0.0409389 0.0319905 0)
(0.0478063 0.0336959 0)
(0.0550857 0.0352495 0)
(0.0627559 0.0366573 0)
(0.0707947 0.0379249 0)
(0.0791792 0.0390573 0)
(0.0878855 0.0400591 0)
(0.0968898 0.0409351 0)
(0.106168 0.0416894 0)
(0.115696 0.0423265 0)
(0.12545 0.0428504 0)
(0.135409 0.0432653 0)
(0.145548 0.043575 0)
(0.155848 0.0437835 0)
(0.166288 0.0438942 0)
(0.176848 0.0439107 0)
(0.187508 0.0438361 0)
(0.198253 0.0436736 0)
(0.209063 0.043426 0)
(0.219923 0.0430961 0)
(0.230818 0.0426862 0)
(0.241731 0.0421987 0)
(0.252648 0.0416358 0)
(0.263556 0.0409995 0)
(0.27444 0.0402916 0)
(0.285289 0.039514 0)
(0.29609 0.0386684 0)
(0.30683 0.0377565 0)
(0.317498 0.0367803 0)
(0.328084 0.0357412 0)
(0.338575 0.034641 0)
(0.348962 0.0334812 0)
(0.359235 0.0322632 0)
(0.369384 0.0309884 0)
(0.3794 0.0296582 0)
(0.389275 0.0282739 0)
(0.398998 0.0268367 0)
(0.408563 0.0253481 0)
(0.417961 0.0238095 0)
(0.427183 0.0222224 0)
(0.436222 0.0205887 0)
(0.445069 0.018911 0)
(0.453718 0.0171932 0)
(0.46216 0.0154418 0)
(0.470387 0.0136689 0)
(0.478385 0.0118886 0)
(0.486162 0.0100726 0)
(0.493738 0.00817968 0)
(0.501137 0.0061819 0)
(0.508408 0.0040275 0)
(0.515732 0.00165346 0)
(0.522917 -0.000841186 0)
(0.529893 -0.00343858 0)
(0.536339 -0.00612664 0)
(0.542258 -0.00887488 0)
(0.547599 -0.0116626 0)
(0.552302 -0.0145037 0)
(0.556306 -0.0174151 0)
(0.55954 -0.0204095 0)
(0.561929 -0.0234987 0)
(0.563388 -0.0266938 0)
(0.563823 -0.0300054 0)
(0.563126 -0.0334433 0)
(0.561179 -0.0370151 0)
(0.55785 -0.0407248 0)
(0.552999 -0.0445708 0)
(0.546475 -0.0485425 0)
(0.538123 -0.0526184 0)
(0.527788 -0.056763 0)
(0.515319 -0.0609244 0)
(0.500583 -0.0650325 0)
(0.483469 -0.0689997 0)
(0.463907 -0.0727188 0)
(0.441874 -0.0760649 0)
(0.417408 -0.0789006 0)
(0.390618 -0.0810829 0)
(0.361697 -0.0824724 0)
(0.330918 -0.082943 0)
(0.298645 -0.0823927 0)
(0.26532 -0.0807536 0)
(0.231459 -0.0780017 0)
(0.197627 -0.0741626 0)
(0.164418 -0.0693143 0)
(0.132427 -0.0635794 0)
(0.102217 -0.0570948 0)
(0.0743144 -0.0499305 0)
(0.0492575 -0.0419337 0)
(0.0276662 -0.0325498 0)
(0.0103661 -0.0208523 0)
(0.00140071 -0.00644025 0)
(0.000308137 0.00255523 0)
(0.00212926 0.00591468 0)
(0.00568761 0.00870391 0)
(0.0103371 0.0112273 0)
(0.0159723 0.0135586 0)
(0.0225174 0.0157174 0)
(0.0299039 0.0177105 0)
(0.0380733 0.0195432 0)
(0.0469725 0.0212219 0)
(0.0565508 0.0227538 0)
(0.0667598 0.0241463 0)
(0.0775533 0.0254065 0)
(0.0888869 0.0265411 0)
(0.100718 0.027556 0)
(0.113005 0.0284568 0)
(0.125708 0.0292482 0)
(0.138788 0.0299349 0)
(0.152208 0.030521 0)
(0.165932 0.0310105 0)
(0.179925 0.0314069 0)
(0.194152 0.0317138 0)
(0.208581 0.0319343 0)
(0.22318 0.0320717 0)
(0.237919 0.0321288 0)
(0.252769 0.0321083 0)
(0.267702 0.0320129 0)
(0.28269 0.031845 0)
(0.297706 0.031607 0)
(0.312727 0.031301 0)
(0.327726 0.0309291 0)
(0.342681 0.0304933 0)
(0.357568 0.0299954 0)
(0.372364 0.0294372 0)
(0.387047 0.0288204 0)
(0.401596 0.0281466 0)
(0.415989 0.0274174 0)
(0.430207 0.0266337 0)
(0.444228 0.0257961 0)
(0.458033 0.024905 0)
(0.471602 0.0239616 0)
(0.484915 0.022967 0)
(0.497953 0.0219227 0)
(0.510697 0.0208298 0)
(0.523127 0.0196897 0)
(0.535225 0.0185033 0)
(0.546973 0.0172717 0)
(0.55835 0.0159961 0)
(0.56934 0.0146773 0)
(0.579923 0.0133162 0)
(0.590081 0.0119137 0)
(0.599796 0.0104704 0)
(0.609051 0.00898649 0)
(0.617829 0.00746154 0)
(0.626117 0.00589339 0)
(0.633905 0.00427648 0)
(0.641151 0.00260654 0)
(0.647953 0.000919846 0)
(0.654346 -0.000764378 0)
(0.660213 -0.0024761 0)
(0.665439 -0.0042611 0)
(0.669759 -0.00614416 0)
(0.673271 -0.00805814 0)
(0.675902 -0.00995761 0)
(0.677584 -0.0118404 0)
(0.67828 -0.0137245 0)
(0.677955 -0.0156148 0)
(0.676566 -0.0175139 0)
(0.674072 -0.0194253 0)
(0.670422 -0.0213506 0)
(0.66556 -0.0232917 0)
(0.659426 -0.0252504 0)
(0.65195 -0.0272287 0)
(0.643057 -0.0292278 0)
(0.632666 -0.0312473 0)
(0.620692 -0.0332844 0)
(0.607047 -0.0353329 0)
(0.591644 -0.0373818 0)
(0.5744 -0.0394138 0)
(0.555241 -0.0414047 0)
(0.53411 -0.0433216 0)
(0.510974 -0.045121 0)
(0.485833 -0.0467461 0)
(0.458736 -0.0481329 0)
(0.429784 -0.0492142 0)
(0.39914 -0.0499222 0)
(0.367034 -0.0501916 0)
(0.333764 -0.0499646 0)
(0.299699 -0.0491966 0)
(0.265269 -0.0478615 0)
(0.230954 -0.0459555 0)
(0.197265 -0.0435 0)
(0.164724 -0.0405416 0)
(0.133837 -0.0371494 0)
(0.105063 -0.0334077 0)
(0.0787945 -0.0293979 0)
(0.0553611 -0.0251541 0)
(0.0350979 -0.020585 0)
(0.0184384 -0.0154019 0)
(0.00599053 -0.00920211 0)
(0.000418473 -0.00211773 0)
(0.000512186 0.00100334 0)
(0.00330169 0.00229434 0)
(0.00857402 0.00340604 0)
(0.0157026 0.0044501 0)
(0.0245775 0.00543428 0)
(0.0350885 0.006354 0)
(0.0471136 0.00720654 0)
(0.0605325 0.00799176 0)
(0.0752292 0.00871123 0)
(0.0910921 0.00936738 0)
(0.108015 0.00996296 0)
(0.125897 0.0105007 0)
(0.144643 0.0109832 0)
(0.164161 0.0114129 0)
(0.184363 0.0117918 0)
(0.205167 0.0121221 0)
(0.226493 0.0124057 0)
(0.248264 0.0126441 0)
(0.270407 0.0128391 0)
(0.29285 0.0129922 0)
(0.315526 0.0131048 0)
(0.338368 0.0131783 0)
(0.361315 0.0132139 0)
(0.384304 0.013213 0)
(0.407276 0.0131766 0)
(0.430175 0.013106 0)
(0.452945 0.0130021 0)
(0.475534 0.0128661 0)
(0.497888 0.0126989 0)
(0.519959 0.0125016 0)
(0.541699 0.0122751 0)
(0.563058 0.0120203 0)
(0.583993 0.0117383 0)
(0.604459 0.0114298 0)
(0.624412 0.011096 0)
(0.64381 0.0107375 0)
(0.662613 0.0103551 0)
(0.68078 0.00994851 0)
(0.698273 0.00951776 0)
(0.715054 0.00906313 0)
(0.731089 0.00858518 0)
(0.74634 0.00808447 0)
(0.760775 0.00756161 0)
(0.77436 0.00701722 0)
(0.787061 0.00645191 0)
(0.798849 0.00586624 0)
(0.809693 0.00526072 0)
(0.819563 0.00463578 0)
(0.828432 0.00399172 0)
(0.836271 0.00332861 0)
(0.843055 0.00264613 0)
(0.848759 0.00194317 0)
(0.853356 0.0012171 0)
(0.856823 0.000461877 0)
(0.859136 -0.000335601 0)
(0.860293 -0.00119097 0)
(0.860192 -0.00205618 0)
(0.858731 -0.00288586 0)
(0.85592 -0.00368079 0)
(0.851791 -0.00443158 0)
(0.846357 -0.00511668 0)
(0.83963 -0.00578712 0)
(0.8316 -0.00646279 0)
(0.822261 -0.00714381 0)
(0.811618 -0.00782925 0)
(0.799673 -0.00851596 0)
(0.786427 -0.00920045 0)
(0.77188 -0.00988029 0)
(0.756034 -0.0105537 0)
(0.73889 -0.0112192 0)
(0.720447 -0.0118755 0)
(0.700706 -0.0125213 0)
(0.67967 -0.0131548 0)
(0.65734 -0.0137736 0)
(0.633722 -0.0143745 0)
(0.608828 -0.0149532 0)
(0.582676 -0.0155046 0)
(0.555296 -0.0160219 0)
(0.526733 -0.0164966 0)
(0.497052 -0.0169181 0)
(0.466348 -0.0172714 0)
(0.434743 -0.0175336 0)
(0.402387 -0.017681 0)
(0.36947 -0.0176938 0)
(0.336223 -0.017556 0)
(0.302914 -0.0172557 0)
(0.269848 -0.0167867 0)
(0.237353 -0.0161495 0)
(0.205772 -0.0153519 0)
(0.175452 -0.0144092 0)
(0.146723 -0.0133424 0)
(0.119891 -0.0121764 0)
(0.0952191 -0.0109371 0)
(0.0729243 -0.00964931 0)
(0.0531693 -0.0083319 0)
(0.0360794 -0.00698822 0)
(0.0217994 -0.00558595 0)
(0.0105681 -0.00404178 0)
(0.00274054 -0.00225428 0)
(-0.000201381 -0.000319474 0)
)
;

boundaryField
{
    movingWall
    {
        type            codedFixedValue;
        value           nonuniform List<vector> 
100
(
(0.00039601 0 0)
(0.00349281 0 0)
(0.00950625 0 0)
(0.018252 0 0)
(0.0295496 0 0)
(0.0432224 0 0)
(0.0590976 0 0)
(0.0770063 0 0)
(0.0967832 0 0)
(0.118267 0 0)
(0.141301 0 0)
(0.16573 0 0)
(0.191406 0 0)
(0.218182 0 0)
(0.245917 0 0)
(0.274471 0 0)
(0.303711 0 0)
(0.333506 0 0)
(0.36373 0 0)
(0.394258 0 0)
(0.424974 0 0)
(0.45576 0 0)
(0.486506 0 0)
(0.517105 0 0)
(0.547452 0 0)
(0.577448 0 0)
(0.606997 0 0)
(0.636006 0 0)
(0.664388 0 0)
(0.692058 0 0)
(0.718934 0 0)
(0.744942 0 0)
(0.770006 0 0)
(0.794059 0 0)
(0.817035 0 0)
(0.838873 0 0)
(0.859514 0 0)
(0.878906 0 0)
(0.896998 0 0)
(0.913745 0 0)
(0.929103 0 0)
(0.943035 0 0)
(0.955506 0 0)
(0.966486 0 0)
(0.975946 0 0)
(0.983866 0 0)
(0.990224 0 0)
(0.995006 0 0)
(0.998201 0 0)
(0.9998 0 0)
(0.9998 0 0)
(0.998201 0 0)
(0.995006 0 0)
(0.990224 0 0)
(0.983866 0 0)
(0.975946 0 0)
(0.966486 0 0)
(0.955506 0 0)
(0.943035 0 0)
(0.929103 0 0)
(0.913745 0 0)
(0.896998 0 0)
(0.878906 0 0)
(0.859514 0 0)
(0.838873 0 0)
(0.817035 0 0)
(0.794059 0 0)
(0.770006 0 0)
(0.744942 0 0)
(0.718934 0 0)
(0.692058 0 0)
(0.664388 0 0)
(0.636006 0 0)
(0.606997 0 0)
(0.577448 0 0)
(0.547452 0 0)
(0.517105 0 0)
(0.486506 0 0)
(0.45576 0 0)
(0.424974 0 0)
(0.394258 0 0)
(0.36373 0 0)
(0.333506 0 0)
(0.303711 0 0)
(0.274471 0 0)
(0.245917 0 0)
(0.218182 0 0)
(0.191406 0 0)
(0.16573 0 0)
(0.141301 0 0)
(0.118267 0 0)
(0.0967832 0 0)
(0.0770063 0 0)
(0.0590976 0 0)
(0.0432224 0 0)
(0.0295496 0 0)
(0.018252 0 0)
(0.00950625 0 0)
(0.00349281 0 0)
(0.00039601 0 0)
)
;
        name            regularized;
        code            #{
		const vectorField& Cf = patch().Cf();
		vectorField& field = *this;
		forAll(Cf, faceI)
		{
			const scalar x = Cf[faceI][0];
			field[faceI] = vector((1-x)*(1-x)*(1+x)*(1+x),0,0);
		}
	#};
    }
    fixedWalls
    {
        type            noSlip;
    }
    frontAndBack
    {
        type            empty;
    }
}


// ************************************************************************* //
