/*--------------------------------*- C++ -*----------------------------------*\
  =========                 |
  \\      /  F ield         | OpenFOAM: The Open Source CFD Toolbox
   \\    /   O peration     | Website:  https://openfoam.org
    \\  /    A nd           | Version:  11
     \\/     M anipulation  |
\*---------------------------------------------------------------------------*/
FoamFile
{
    format      ascii;
    class       pointScalarField;
    location    "32";
    object      streamFunction;
}
// * * * * * * * * * * * * * * * * * * * * * * * * * * * * * * * * * * * * * //

dimensions      [0 3 -1 0 0 0 0];

internalField   nonuniform List<scalar> 
20402
(
0
3.35e-11
2.453e-10
-3.68e-10
5.76e-10
1.299e-09
-9.4e-11
-3.125e-09
6.866e-09
-7.463e-09
7.9e-10
1.449e-08
7.24e-09
-6.5e-10
2.27e-09
8.498e-09
2.12e-09
1.81e-09
1e-09
-5e-09
7.5e-09
-8.8e-09
-5.5e-09
-1.25e-08
3.15e-08
-8.8e-09
-2.61e-08
-5.85e-08
-2e-10
-4.39e-08
-3.4e-08
2.14e-08
-7.69e-08
-5.06e-08
6.87e-08
5.9e-09
-7.6e-09
-1.289e-07
-1.331e-07
-9.57e-08
-4.17e-08
-1.83e-08
6.08e-08
-3.66e-08
-2.4e-08
1.95e-08
-7.86e-08
8.51e-08
1.071e-07
3.78e-08
7.68e-08
-1.218e-07
-1.48e-08
-1.438e-07
-1.62e-08
-3.8e-09
-3e-10
2.54e-08
3.542e-08
-9.15e-08
9.58e-08
-2.06e-08
-1.168e-07
-1.622e-07
-3.93e-08
1.111e-07
1.266e-07
4.9e-08
-3.32e-08
1.3e-08
6.39e-08
1.129e-07
-1.7e-09
1.042e-07
-1.1261e-07
8.19e-08
-5.06e-08
3.76e-08
3.1e-08
1.45e-08
-2.98e-08
-1.7e-08
3.98e-08
1.377e-08
1.08e-09
-1.513e-08
-2.787e-08
8.09e-09
1.6505e-08
2.16579e-08
2.22e-09
1.665e-09
1.9054e-08
8.272e-09
3.19e-09
8.1e-10
-3.66e-10
1.908e-09
1.6011e-09
8.3e-12
0
0
1.39005e-07
4.42319e-07
7.56936e-07
9.83683e-07
1.06466e-06
9.69261e-07
6.86531e-07
2.2957e-07
-4.34145e-07
-1.24939e-06
-2.22276e-06
-3.36884e-06
-4.65495e-06
-6.05711e-06
-7.57041e-06
-9.19867e-06
-1.09115e-05
-1.27044e-05
-1.45713e-05
-1.64784e-05
-1.84633e-05
-2.04688e-05
-2.25158e-05
-2.4535e-05
-2.66539e-05
-2.87575e-05
-3.08767e-05
-3.28989e-05
-3.50097e-05
-3.7047e-05
-3.90122e-05
-4.10982e-05
-4.30201e-05
-4.48031e-05
-4.67159e-05
-4.85206e-05
-5.0368e-05
-5.20267e-05
-5.35658e-05
-5.50037e-05
-5.63813e-05
-5.76059e-05
-5.89035e-05
-5.99812e-05
-6.09123e-05
-6.18634e-05
-6.24253e-05
-6.29963e-05
-6.3521e-05
-6.3795e-05
-6.416e-05
-6.40692e-05
-6.40611e-05
-6.36409e-05
-6.31788e-05
-6.25677e-05
-6.17764e-05
-6.08435e-05
-5.98921e-05
-5.84734e-05
-5.72092e-05
-5.57799e-05
-5.41608e-05
-5.2241e-05
-5.0169e-05
-4.8116e-05
-4.605e-05
-4.3893e-05
-4.1524e-05
-3.9079e-05
-3.6578e-05
-3.41968e-05
-3.1566e-05
-2.9244e-05
-2.65125e-05
-2.41257e-05
-2.15522e-05
-1.91235e-05
-1.6771e-05
-1.45285e-05
-1.23268e-05
-1.01939e-05
-8.2712e-06
-6.4762e-06
-4.83849e-06
-3.3627e-06
-2.01394e-06
-8.773e-07
6.446e-08
7.85513e-07
1.32659e-06
1.68769e-06
1.82789e-06
1.79157e-06
1.595e-06
1.26687e-06
8.57107e-07
4.32977e-07
1.0524e-07
0
0
4.42708e-07
1.24893e-06
2.0046e-06
2.43068e-06
2.35021e-06
1.66176e-06
3.175e-07
-1.68168e-06
-4.36437e-06
-7.66001e-06
-1.15526e-05
-1.60295e-05
-2.10281e-05
-2.64929e-05
-3.23871e-05
-3.86827e-05
-4.53179e-05
-5.22581e-05
-5.94678e-05
-6.6885e-05
-7.45204e-05
-8.22911e-05
-9.01931e-05
-9.81335e-05
-0.000106217
-0.000114307
-0.000122413
-0.000130403
-0.000138441
-0.000146345
-0.000154099
-0.000161876
-0.000169371
-0.000176593
-0.00018379
-0.000190707
-0.000197474
-0.000203844
-0.000209866
-0.00021554
-0.000220888
-0.000225802
-0.000230488
-0.000234637
-0.000238305
-0.000241642
-0.000244225
-0.000246437
-0.000248209
-0.000249324
-0.000250113
-0.000250019
-0.000249574
-0.000248276
-0.000246492
-0.000244113
-0.000241107
-0.000237518
-0.000233474
-0.000228531
-0.000223326
-0.000217549
-0.000211194
-0.000204167
-0.000196641
-0.000188809
-0.000180669
-0.000172172
-0.00016323
-0.000154013
-0.000144579
-0.000135142
-0.000125374
-0.000115875
-0.00010597
-9.64579e-05
-8.6851e-05
-7.75256e-05
-6.84574e-05
-5.97238e-05
-5.12984e-05
-4.32501e-05
-3.57596e-05
-2.87814e-05
-2.2379e-05
-1.6588e-05
-1.14001e-05
-6.9228e-06
-3.15564e-06
-1.3525e-07
2.17666e-06
3.78668e-06
4.67219e-06
4.91136e-06
4.57321e-06
3.76444e-06
2.64542e-06
1.43314e-06
4.30435e-07
0
0
7.60359e-07
2.00988e-06
3.02284e-06
3.30494e-06
2.53075e-06
5.03793e-07
-2.87692e-06
-7.63219e-06
-1.3789e-05
-2.12589e-05
-2.99961e-05
-3.99504e-05
-5.10165e-05
-6.30932e-05
-7.60964e-05
-8.99503e-05
-0.000104545
-0.000119801
-0.000135635
-0.000151943
-0.000168692
-0.000185758
-0.000203099
-0.000220582
-0.000238278
-0.000256013
-0.000273762
-0.00029136
-0.000308939
-0.000326285
-0.000343349
-0.000360275
-0.000376727
-0.000392683
-0.00040836
-0.000423475
-0.000438126
-0.000452038
-0.000465229
-0.000477671
-0.000489357
-0.000500149
-0.000510227
-0.000519254
-0.00052726
-0.00053437
-0.000540137
-0.000544922
-0.000548634
-0.000551038
-0.000552448
-0.000552293
-0.000551093
-0.000548339
-0.000544391
-0.000539139
-0.000532551
-0.000524677
-0.000515654
-0.000505052
-0.000493525
-0.000480784
-0.000466849
-0.000451658
-0.000435418
-0.000418362
-0.00040053
-0.000381921
-0.000362499
-0.000342488
-0.000322004
-0.000301324
-0.000280181
-0.000259243
-0.000237902
-0.000217024
-0.000196193
-0.000175853
-0.00015605
-0.000136928
-0.000118527
-0.00010098
-8.45274e-05
-6.91811e-05
-5.50564e-05
-4.22357e-05
-3.07509e-05
-2.07424e-05
-1.22337e-05
-5.2755e-06
1.6883e-07
4.1187e-06
6.582e-06
7.68853e-06
7.58535e-06
6.48853e-06
4.70622e-06
2.6468e-06
8.53368e-07
0
0
9.90656e-07
2.44316e-06
3.31195e-06
2.87857e-06
6.59049e-07
-3.64727e-06
-1.02016e-05
-1.9051e-05
-3.02223e-05
-4.36071e-05
-5.9125e-05
-7.66808e-05
-9.61171e-05
-0.000117276
-0.000140014
-0.000164193
-0.000189645
-0.000216227
-0.000243799
-0.000272197
-0.000301333
-0.000331028
-0.000361187
-0.000391626
-0.000422367
-0.000453188
-0.000484017
-0.000514643
-0.000545155
-0.000575294
-0.000604969
-0.000634281
-0.000662852
-0.000690619
-0.000717759
-0.000743946
-0.000769238
-0.000793321
-0.000816173
-0.000837725
-0.000857934
-0.000876622
-0.000893932
-0.000909492
-0.000923297
-0.000935439
-0.000945439
-0.000953629
-0.000959892
-0.000963968
-0.00096615
-0.000965848
-0.000963568
-0.000958792
-0.000951871
-0.000942695
-0.000931234
-0.000917546
-0.00090178
-0.000883526
-0.000863461
-0.000841326
-0.000817175
-0.000790989
-0.00076302
-0.000733555
-0.00070269
-0.000670488
-0.000636981
-0.000602466
-0.000567135
-0.000531347
-0.000494918
-0.000458603
-0.000421884
-0.000385715
-0.000349774
-0.000314595
-0.000280314
-0.000247164
-0.000215272
-0.000184854
-0.000156229
-0.000129484
-0.0001048
-8.23207e-05
-6.21291e-05
-4.44071e-05
-2.92081e-05
-1.65994e-05
-6.54505e-06
9.9206e-07
6.05884e-06
8.84966e-06
9.60525e-06
8.67075e-06
6.52272e-06
3.78436e-06
1.26797e-06
0
0
1.07627e-06
2.36802e-06
2.5353e-06
6.45666e-07
-3.93779e-06
-1.16176e-05
-2.26149e-05
-3.70026e-05
-5.4806e-05
-7.5894e-05
-0.000100147
-0.000127419
-0.000157493
-0.000190145
-0.000225162
-0.000262336
-0.000301424
-0.000342213
-0.00038449
-0.000428023
-0.000472653
-0.000518137
-0.000564313
-0.000610935
-0.000657963
-0.000705117
-0.000752265
-0.000799141
-0.000845777
-0.00089186
-0.000937245
-0.00098198
-0.00102563
-0.00106809
-0.00110948
-0.00114943
-0.00118793
-0.00122464
-0.00125946
-0.0012923
-0.00132306
-0.00135151
-0.00137775
-0.00140136
-0.00142231
-0.00144063
-0.00145582
-0.00146817
-0.00147752
-0.0014836
-0.00148667
-0.00148612
-0.00148243
-0.00147508
-0.00146442
-0.00145032
-0.00143277
-0.00141184
-0.00138768
-0.00135991
-0.00132925
-0.00129545
-0.00125864
-0.00121883
-0.00117634
-0.00113151
-0.00108452
-0.0010355
-0.000984568
-0.000932112
-0.000878416
-0.000823936
-0.000768592
-0.000713243
-0.00065748
-0.000602365
-0.000547688
-0.000494092
-0.000441824
-0.000391223
-0.000342522
-0.000296035
-0.000252179
-0.000211127
-0.000173142
-0.00013844
-0.000107164
-7.95466e-05
-5.56751e-05
-3.56361e-05
-1.93946e-05
-6.893e-06
1.95987e-06
7.43018e-06
9.86164e-06
9.73812e-06
7.71471e-06
4.63977e-06
1.60601e-06
0
0
9.85754e-07
1.67465e-06
4.75368e-07
-3.73265e-06
-1.17223e-05
-2.39872e-05
-4.08013e-05
-6.22583e-05
-8.83774e-05
-0.000119
-0.000153964
-0.000193065
-0.000236019
-0.000282531
-0.000332308
-0.000385062
-0.00044047
-0.000498234
-0.000558061
-0.000619638
-0.000682726
-0.000747006
-0.000812239
-0.000878106
-0.000944494
-0.00101105
-0.00107758
-0.00114375
-0.00120952
-0.00127452
-0.00133853
-0.00140155
-0.00146307
-0.00152293
-0.00158119
-0.0016374
-0.00169153
-0.00174314
-0.00179211
-0.00183826
-0.00188145
-0.00192139
-0.00195813
-0.00199121
-0.00202053
-0.0020461
-0.00206734
-0.00208453
-0.00209747
-0.00210585
-0.00210989
-0.00210897
-0.00210357
-0.00209312
-0.00207798
-0.00205803
-0.00203325
-0.00200372
-0.00196962
-0.00193061
-0.00188741
-0.00183986
-0.0017881
-0.00173223
-0.00167261
-0.00160968
-0.00154368
-0.00147485
-0.00140339
-0.00132979
-0.00125445
-0.00117794
-0.0011003
-0.0010225
-0.00094426
-0.000866773
-0.000789954
-0.000714573
-0.000641004
-0.000569709
-0.000501041
-0.000435431
-0.000373404
-0.000315236
-0.000261282
-0.000211841
-0.000167125
-0.000127424
-9.28643e-05
-6.35562e-05
-3.94663e-05
-2.05163e-05
-6.5689e-06
2.71678e-06
7.79077e-06
9.27825e-06
8.01505e-06
5.0745e-06
1.82576e-06
0
0
7.03674e-07
2.99667e-07
-3.00145e-06
-1.04732e-05
-2.29996e-05
-4.11478e-05
-6.5232e-05
-9.5357e-05
-0.000131529
-0.000173555
-0.000221222
-0.000274264
-0.000332324
-0.000395026
-0.000461992
-0.000532846
-0.000607174
-0.000684588
-0.000764703
-0.000847116
-0.0009315
-0.00101745
-0.00110464
-0.00119267
-0.00128134
-0.00137022
-0.00145904
-0.00154738
-0.00163514
-0.00172185
-0.00180726
-0.00189125
-0.00197327
-0.00205307
-0.00213065
-0.00220551
-0.00227751
-0.00234618
-0.00241132
-0.00247268
-0.00253006
-0.00258311
-0.00263183
-0.00267569
-0.00271454
-0.00274832
-0.00277644
-0.0027991
-0.00281607
-0.002827
-0.0028321
-0.00283071
-0.00282327
-0.00280924
-0.00278893
-0.00276224
-0.00272915
-0.00268977
-0.0026443
-0.00259242
-0.0025349
-0.00247163
-0.0024028
-0.00232858
-0.00224941
-0.00216581
-0.00207813
-0.00198668
-0.00189179
-0.00179406
-0.00169402
-0.00159235
-0.00148922
-0.00138576
-0.00128182
-0.00117873
-0.00107655
-0.000976184
-0.000878161
-0.000783075
-0.000691416
-0.000603742
-0.000520701
-0.000442684
-0.000370148
-0.000303484
-0.000242985
-0.000189002
-0.000141708
-0.000101241
-6.75708e-05
-4.06018e-05
-2.01513e-05
-5.8048e-06
2.99264e-06
7.00506e-06
7.24419e-06
4.99966e-06
1.90281e-06
0
0
2.23318e-07
-1.78945e-06
-7.97042e-06
-1.97052e-05
-3.79589e-05
-6.33495e-05
-9.62142e-05
-0.000136656
-0.000184656
-0.000239981
-0.000302359
-0.000371454
-0.00044683
-0.000528023
-0.000614562
-0.000705978
-0.000801757
-0.000901412
-0.00100446
-0.0011104
-0.00121881
-0.00132918
-0.0014411
-0.00155408
-0.00166782
-0.00178181
-0.00189568
-0.00200893
-0.00212138
-0.00223248
-0.00234188
-0.0024494
-0.00255441
-0.00265657
-0.0027558
-0.00285152
-0.00294354
-0.00303129
-0.0031145
-0.00319286
-0.00326609
-0.00333378
-0.00339586
-0.00345172
-0.00350117
-0.0035441
-0.00357984
-0.00360857
-0.00363
-0.00364374
-0.00364997
-0.00364799
-0.00363824
-0.00362015
-0.00359403
-0.00355978
-0.0035174
-0.00346699
-0.0034088
-0.00334254
-0.00326902
-0.00318819
-0.00310031
-0.00300561
-0.00290463
-0.00279797
-0.00268608
-0.00256939
-0.00244835
-0.00232369
-0.00219605
-0.00206626
-0.00193466
-0.0018025
-0.0016698
-0.00153803
-0.00140741
-0.00127902
-0.00115352
-0.00103167
-0.000914095
-0.000801507
-0.000694683
-0.000594141
-0.00050045
-0.000414103
-0.000335482
-0.000265006
-0.000202903
-0.000149341
-0.000104301
-6.76723e-05
-3.92314e-05
-1.84944e-05
-4.80656e-06
2.72795e-06
5.28682e-06
4.36181e-06
1.82393e-06
0
0
-4.56478e-07
-4.6057e-06
-1.44672e-05
-3.1496e-05
-5.67047e-05
-9.0736e-05
-0.00013393
-0.00018637
-0.000248003
-0.00031854
-0.000397644
-0.0004849
-0.000579786
-0.000681743
-0.000790202
-0.00090459
-0.00102429
-0.00114871
-0.00127725
-0.00140932
-0.00154438
-0.00168183
-0.00182115
-0.00196174
-0.00210322
-0.00224497
-0.00238653
-0.00252731
-0.00266703
-0.00280505
-0.00294093
-0.00307441
-0.00320476
-0.00333156
-0.00345465
-0.00357336
-0.00368741
-0.00379616
-0.00389925
-0.0039963
-0.00408695
-0.00417072
-0.00424745
-0.0043165
-0.00437758
-0.00443052
-0.00447461
-0.00450996
-0.00453625
-0.00455305
-0.00456048
-0.00455783
-0.00454551
-0.00452293
-0.00449042
-0.00444785
-0.00439524
-0.00433272
-0.00426056
-0.0041785
-0.00408743
-0.00398732
-0.00387853
-0.00376136
-0.00363644
-0.00350447
-0.00336601
-0.00322162
-0.00307186
-0.0029176
-0.00275964
-0.00259895
-0.00243602
-0.00227227
-0.00210788
-0.00194449
-0.0017825
-0.00162314
-0.00146725
-0.00131575
-0.00116943
-0.00102914
-0.000895824
-0.000770121
-0.00065273
-0.000544253
-0.000445168
-0.000355974
-0.000276959
-0.000208328
-0.00015008
-0.000102095
-6.41153e-05
-3.55942e-05
-1.5786e-05
-3.67315e-06
2.07408e-06
3.13107e-06
1.58306e-06
0
0
-1.33396e-06
-8.14936e-06
-2.25007e-05
-4.58691e-05
-7.92798e-05
-0.000123372
-0.000178464
-0.000244606
-0.000321689
-0.000409361
-0.000507207
-0.000614724
-0.000731297
-0.000856265
-0.000988952
-0.00112868
-0.00127471
-0.00142634
-0.00158288
-0.0017436
-0.00190786
-0.00207494
-0.00224422
-0.00241499
-0.00258677
-0.00275883
-0.00293061
-0.00310142
-0.00327087
-0.00343823
-0.00360297
-0.00376472
-0.00392266
-0.00407628
-0.00422533
-0.00436904
-0.00450705
-0.00463862
-0.00476332
-0.00488067
-0.00499024
-0.00509145
-0.0051841
-0.00526744
-0.00534112
-0.00540492
-0.00545806
-0.00550059
-0.00553214
-0.00555222
-0.00556095
-0.00555757
-0.00554246
-0.00551502
-0.00547556
-0.00542397
-0.00536028
-0.00528464
-0.00519734
-0.00509818
-0.00498809
-0.00486711
-0.00473567
-0.00459415
-0.0044433
-0.0042839
-0.00411665
-0.00394221
-0.0037613
-0.00357493
-0.00338405
-0.00318979
-0.00299282
-0.00279471
-0.00259582
-0.00239799
-0.00220179
-0.00200862
-0.0018195
-0.00163554
-0.00145769
-0.00128698
-0.0011245
-0.000971024
-0.000827402
-0.000694352
-0.000572457
-0.000462303
-0.000364246
-0.000278539
-0.000205204
-0.000144121
-9.50056e-05
-5.72592e-05
-3.00551e-05
-1.22675e-05
-2.4305e-06
1.294e-06
1.17852e-06
0
0
-2.40551e-06
-1.24126e-05
-3.20614e-05
-6.28173e-05
-0.000105682
-0.000161263
-0.000229832
-0.000311383
-0.000405738
-0.000512467
-0.000631065
-0.000760932
-0.000901349
-0.00105155
-0.00121074
-0.00137812
-0.00155285
-0.0017341
-0.00192105
-0.00211287
-0.00230879
-0.00250798
-0.0027097
-0.00291313
-0.00311767
-0.00332249
-0.00352692
-0.00373015
-0.0039317
-0.00413073
-0.00432659
-0.00451883
-0.00470651
-0.00488904
-0.00506605
-0.00523669
-0.0054005
-0.00555664
-0.0057046
-0.0058438
-0.00597372
-0.0060937
-0.00620346
-0.00630218
-0.00638941
-0.00646489
-0.00652776
-0.00657801
-0.00661522
-0.00663885
-0.00664899
-0.00664484
-0.00662675
-0.00659412
-0.00654723
-0.00648599
-0.00641044
-0.00632075
-0.00621724
-0.00609976
-0.00596928
-0.00582594
-0.00567022
-0.0055026
-0.00532393
-0.00513511
-0.00493694
-0.00473025
-0.00451588
-0.004295
-0.00406871
-0.00383834
-0.00360469
-0.00336956
-0.00313347
-0.00289846
-0.00266527
-0.00243552
-0.00221042
-0.00199124
-0.00177914
-0.00157531
-0.001381
-0.00119717
-0.00102479
-0.000864723
-0.000717659
-0.000584284
-0.00046503
-0.000360208
-0.000269873
-0.000193913
-0.00013203
-8.35815e-05
-4.76745e-05
-2.30892e-05
-8.2415e-06
-1.15229e-06
6.11233e-07
0
0
-3.66641e-06
-1.73824e-05
-4.3128e-05
-8.23121e-05
-0.000135879
-0.000204371
-0.000287992
-0.000386656
-0.0005001
-0.000627799
-0.000769146
-0.000923433
-0.00108983
-0.00126744
-0.00145537
-0.00165269
-0.00185843
-0.00207164
-0.00229137
-0.00251667
-0.00274664
-0.00298035
-0.00321691
-0.00345539
-0.00369508
-0.00393502
-0.00417443
-0.0044124
-0.00464831
-0.00488124
-0.00511041
-0.00533526
-0.00555477
-0.0057682
-0.00597511
-0.00617454
-0.00636592
-0.00654832
-0.00672112
-0.00688366
-0.00703533
-0.00717536
-0.0073034
-0.00741854
-0.00752026
-0.00760823
-0.0076815
-0.00774002
-0.00778331
-0.00781078
-0.00782246
-0.00781754
-0.00779634
-0.00775823
-0.00770349
-0.00763204
-0.00754392
-0.00743933
-0.00731862
-0.00718169
-0.00702957
-0.00686246
-0.00668094
-0.00648557
-0.0062773
-0.00605716
-0.00582608
-0.00558502
-0.00533498
-0.00507729
-0.00481322
-0.00454426
-0.00427142
-0.00399668
-0.00372076
-0.00344589
-0.00317303
-0.00290398
-0.00264016
-0.00238305
-0.00213399
-0.00189437
-0.0016656
-0.00144882
-0.00124517
-0.00105562
-0.000881014
-0.000722135
-0.000579505
-0.000453501
-0.000344222
-0.000251577
-0.000175263
-0.00011461
-6.86712e-05
-3.61489e-05
-1.53595e-05
-4.20446e-06
-1.16232e-07
0
0
-5.11137e-06
-2.30426e-05
-5.56707e-05
-0.00010431
-0.000169812
-0.000252626
-0.000352861
-0.00047033
-0.000604665
-0.00075523
-0.000921304
-0.00110206
-0.00129654
-0.00150373
-0.0017226
-0.00195209
-0.00219111
-0.00243857
-0.00269339
-0.00295449
-0.00322085
-0.00349139
-0.00376511
-0.00404097
-0.00431811
-0.00459546
-0.00487211
-0.00514704
-0.00541952
-0.00568849
-0.00595308
-0.0062126
-0.00646592
-0.0067122
-0.00695088
-0.00718089
-0.00740155
-0.00761184
-0.00781103
-0.00799837
-0.00817313
-0.00833447
-0.00848194
-0.00861454
-0.00873167
-0.00883293
-0.0089173
-0.00898465
-0.00903445
-0.00906607
-0.00907948
-0.00907383
-0.00904943
-0.00900562
-0.00894267
-0.00886051
-0.00875919
-0.00863893
-0.00850011
-0.00834269
-0.00816776
-0.00797558
-0.00776682
-0.00754214
-0.0073026
-0.00704935
-0.00678345
-0.00650601
-0.00621818
-0.00592146
-0.0056173
-0.00530738
-0.0049929
-0.00467603
-0.00435771
-0.00404036
-0.00372517
-0.00341416
-0.00310894
-0.0028112
-0.0025225
-0.00224441
-0.00197856
-0.00172624
-0.00148876
-0.00126727
-0.00106272
-0.000876031
-0.000707818
-0.000558537
-0.000428342
-0.000317177
-0.000224747
-0.000150367
-9.30517e-05
-5.14433e-05
-2.37768e-05
-7.8555e-06
-1.00061e-06
0
0
-6.73477e-06
-2.93747e-05
-6.96543e-05
-0.000128756
-0.000207408
-0.000305935
-0.000424326
-0.000562271
-0.000719277
-0.000894582
-0.00108734
-0.00129658
-0.00152122
-0.00176011
-0.00201208
-0.00227594
-0.00255045
-0.0028344
-0.00312656
-0.00342573
-0.00373074
-0.00404039
-0.00435354
-0.00466902
-0.00498584
-0.00530281
-0.0056189
-0.00593295
-0.00624411
-0.00655122
-0.00685326
-0.00714945
-0.00743851
-0.00771951
-0.00799177
-0.00825411
-0.00850572
-0.0087455
-0.00897259
-0.00918614
-0.00938533
-0.00956921
-0.00973724
-0.00988834
-0.0100218
-0.0101372
-0.0102333
-0.0103101
-0.0103669
-0.010403
-0.0104184
-0.0104121
-0.0103844
-0.0103348
-0.0102633
-0.01017
-0.010055
-0.00991833
-0.00976059
-0.00958173
-0.0093829
-0.00916444
-0.00892711
-0.00867165
-0.00839925
-0.00811118
-0.00780864
-0.00749289
-0.00716524
-0.00682735
-0.00648088
-0.00612768
-0.00576917
-0.0054077
-0.00504445
-0.00468206
-0.00432192
-0.00396628
-0.00361698
-0.00327594
-0.00294492
-0.0026257
-0.00232012
-0.00202965
-0.0017558
-0.00149987
-0.00126296
-0.00104612
-0.000850093
-0.000675411
-0.000522302
-0.000390757
-0.000280504
-0.000190858
-0.000120811
-6.89617e-05
-3.34819e-05
-1.20969e-05
-2.0385e-06
0
0
-8.53086e-06
-3.63591e-05
-8.50402e-05
-0.000155591
-0.000248581
-0.000364187
-0.00050225
-0.000662314
-0.000843743
-0.00104563
-0.00126699
-0.0015067
-0.00176354
-0.00203622
-0.00232342
-0.00262379
-0.00293598
-0.0032586
-0.00359031
-0.00392975
-0.00427562
-0.00462658
-0.00498136
-0.00533864
-0.00569732
-0.00605606
-0.00641371
-0.00676898
-0.00712089
-0.00746815
-0.00780964
-0.00814442
-0.00847111
-0.00878866
-0.00909626
-0.00939263
-0.00967683
-0.00994765
-0.0102041
-0.0104453
-0.0106702
-0.0108779
-0.0110676
-0.0112382
-0.011389
-0.0115193
-0.011628
-0.0117148
-0.0117791
-0.01182
-0.0118376
-0.0118309
-0.0118
-0.0117444
-0.0116642
-0.0115595
-0.0114301
-0.0112765
-0.0110992
-0.010898
-0.0106743
-0.0104284
-0.0101612
-0.00987363
-0.00956687
-0.00924236
-0.00890144
-0.00854552
-0.00817608
-0.00779496
-0.00740401
-0.00700528
-0.00660038
-0.0061919
-0.00578123
-0.00537124
-0.00496356
-0.00456066
-0.00416463
-0.0037776
-0.00340157
-0.00303854
-0.00269057
-0.00235934
-0.00204653
-0.00175363
-0.00148191
-0.00123256
-0.00100645
-0.000804211
-0.000626163
-0.000472355
-0.000342553
-0.000236086
-0.000151942
-8.86915e-05
-4.44625e-05
-1.69204e-05
-3.22664e-06
0
0
-1.04938e-05
-4.39756e-05
-0.000101787
-0.000184747
-0.000293238
-0.000427258
-0.000586476
-0.000770271
-0.000977843
-0.00120813
-0.00145997
-0.0017321
-0.00202315
-0.00233166
-0.00265616
-0.00299516
-0.00334713
-0.00371058
-0.00408398
-0.00446585
-0.00485473
-0.00524915
-0.0056477
-0.00604892
-0.00645157
-0.00685418
-0.00725545
-0.00765398
-0.00804865
-0.00843803
-0.00882089
-0.00919615
-0.00956231
-0.00991819
-0.0102629
-0.0105949
-0.0109133
-0.0112167
-0.0115041
-0.0117742
-0.0120262
-0.0122589
-0.0124714
-0.0126627
-0.0128316
-0.0129777
-0.0130997
-0.0131972
-0.0132695
-0.0133158
-0.013336
-0.0133289
-0.013295
-0.0132334
-0.0131444
-0.0130278
-0.0128839
-0.0127128
-0.0125151
-0.0122909
-0.0120413
-0.011767
-0.0114689
-0.0111478
-0.0108053
-0.0104428
-0.0100618
-0.00966393
-0.0092508
-0.00882444
-0.0083869
-0.00794042
-0.00748684
-0.00702896
-0.00656841
-0.0061083
-0.00565049
-0.0051977
-0.00475226
-0.00431656
-0.00389281
-0.00348329
-0.00309024
-0.00271558
-0.0023612
-0.00202878
-0.00171976
-0.00143551
-0.00117701
-0.000945033
-0.000739991
-0.000562011
-0.000410911
-0.000286055
-0.000186438
-0.000110622
-5.67081e-05
-2.23185e-05
-4.56222e-06
0
0
-1.26178e-05
-5.22033e-05
-0.000119852
-0.000216154
-0.000341276
-0.000495012
-0.000676835
-0.000885936
-0.00112133
-0.00138178
-0.00166595
-0.00197242
-0.00229963
-0.00264596
-0.0030098
-0.00338948
-0.00378333
-0.00418969
-0.00460689
-0.00503328
-0.00546728
-0.00590726
-0.00635166
-0.00679889
-0.00724756
-0.00769607
-0.00814299
-0.00858676
-0.00902615
-0.00945958
-0.00988569
-0.0103033
-0.0107107
-0.0111067
-0.0114901
-0.0118595
-0.0122137
-0.0125512
-0.0128709
-0.0131714
-0.0134518
-0.0137107
-0.0139472
-0.0141601
-0.0143483
-0.0145111
-0.0146472
-0.0147561
-0.014837
-0.0148892
-0.0149122
-0.0149052
-0.0148683
-0.0148008
-0.0147028
-0.0145744
-0.0144155
-0.0142265
-0.0140079
-0.0137599
-0.0134837
-0.01318
-0.0128498
-0.0124941
-0.0121144
-0.0117125
-0.0112898
-0.0108483
-0.0103897
-0.00991611
-0.00942991
-0.00893351
-0.00842897
-0.00791934
-0.00740647
-0.00689371
-0.00638319
-0.00587788
-0.00538036
-0.00489328
-0.0044191
-0.00396034
-0.0035195
-0.00309873
-0.00270013
-0.00232559
-0.00197675
-0.00165515
-0.00136192
-0.00109799
-0.000863866
-0.000659776
-0.000485609
-0.000340776
-0.0002243
-0.000134749
-7.02115e-05
-2.82859e-05
-6.04306e-06
0
0
-1.4897e-05
-6.1021e-05
-0.000139192
-0.000249741
-0.000392592
-0.000567309
-0.000773146
-0.00100909
-0.00127395
-0.00156628
-0.00188459
-0.00222725
-0.00259254
-0.00297865
-0.00338381
-0.00380618
-0.00424394
-0.00469524
-0.00515828
-0.00563125
-0.00611242
-0.0066
-0.00709229
-0.00758755
-0.00808426
-0.00858066
-0.00907518
-0.00956614
-0.0100522
-0.0105315
-0.0110027
-0.0114645
-0.0119149
-0.0123527
-0.0127766
-0.013185
-0.0135765
-0.0139497
-0.0143031
-0.0146354
-0.0149455
-0.0152319
-0.0154936
-0.0157292
-0.0159377
-0.0161181
-0.0162691
-0.0163902
-0.0164804
-0.0165389
-0.0165654
-0.0165587
-0.0165191
-0.0164458
-0.0163389
-0.0161984
-0.0160244
-0.0158171
-0.0155772
-0.0153048
-0.0150013
-0.0146673
-0.014304
-0.0139125
-0.0134945
-0.0130517
-0.0125859
-0.012099
-0.011593
-0.0110704
-0.0105335
-0.00998507
-0.00942734
-0.00886361
-0.00829599
-0.00772808
-0.00716227
-0.00660179
-0.0060495
-0.0055083
-0.00498094
-0.00447019
-0.00397881
-0.00350919
-0.00306367
-0.00264438
-0.00225314
-0.0018917
-0.00156137
-0.00126322
-0.000997892
-0.000765724
-0.000566694
-0.000400277
-0.000265539
-0.000161072
-8.49704e-05
-3.48196e-05
-7.66775e-06
0
0
-1.73257e-05
-7.04075e-05
-0.000159761
-0.000285431
-0.000447074
-0.000643999
-0.000875219
-0.00113949
-0.0014354
-0.00176132
-0.00211551
-0.00249618
-0.0029014
-0.00332921
-0.00377761
-0.00424464
-0.00472827
-0.00522651
-0.00573739
-0.00625894
-0.00678926
-0.00732644
-0.0078686
-0.00841387
-0.00896057
-0.0095068
-0.0100509
-0.0105909
-0.0111254
-0.0116526
-0.0121707
-0.0126783
-0.0131736
-0.0136549
-0.0141209
-0.0145699
-0.0150004
-0.0154106
-0.0157993
-0.0161648
-0.0165059
-0.0168211
-0.0171092
-0.0173687
-0.0175985
-0.0177975
-0.0179643
-0.0180983
-0.0181986
-0.0182641
-0.0182945
-0.0182887
-0.0182467
-0.0181678
-0.0180521
-0.0178995
-0.0177102
-0.0174844
-0.0172227
-0.0169254
-0.0165939
-0.0162289
-0.0158316
-0.0154033
-0.0149457
-0.0144607
-0.0139503
-0.0134165
-0.0128615
-0.0122879
-0.0116984
-0.0110958
-0.0104826
-0.00986248
-0.00923768
-0.00861211
-0.00798841
-0.0073701
-0.00676032
-0.00616226
-0.00557893
-0.0050134
-0.00446867
-0.00394742
-0.00345225
-0.0029855
-0.00254925
-0.00214544
-0.00177558
-0.0014409
-0.0011422
-0.000879952
-0.000654233
-0.000464599
-0.000310179
-0.000189604
-0.000100988
-4.19197e-05
-9.43574e-06
0
0
-1.9898e-05
-8.0341e-05
-0.000181513
-0.000323149
-0.000504609
-0.000724928
-0.000982856
-0.0012769
-0.00160542
-0.00196653
-0.00235832
-0.00277876
-0.00322572
-0.00369706
-0.00419061
-0.00470419
-0.00523561
-0.00578273
-0.00634339
-0.00691546
-0.00749689
-0.0080856
-0.00867957
-0.00927677
-0.00987537
-0.0104733
-0.0110688
-0.0116598
-0.0122446
-0.0128214
-0.0133882
-0.0139435
-0.0144853
-0.0150118
-0.0155216
-0.0160128
-0.0164837
-0.0169327
-0.017358
-0.0177581
-0.0181316
-0.0184769
-0.0187926
-0.0190772
-0.0193294
-0.0195481
-0.0197317
-0.0198796
-0.0199906
-0.0200638
-0.0200988
-0.0200942
-0.0200503
-0.0199661
-0.0198418
-0.0196772
-0.0194726
-0.0192281
-0.0189444
-0.0186218
-0.0182618
-0.017865
-0.0174329
-0.0169668
-0.0164685
-0.0159401
-0.0153837
-0.0148014
-0.0141957
-0.0135694
-0.0129252
-0.0122664
-0.0115956
-0.0109167
-0.0102324
-0.0095466
-0.00886242
-0.00818361
-0.0075136
-0.00685588
-0.00621376
-0.00559059
-0.00498968
-0.00441397
-0.00386634
-0.00334939
-0.00286545
-0.00241668
-0.0020048
-0.00163123
-0.00129696
-0.00100259
-0.000748315
-0.000533804
-0.000358259
-0.000220366
-0.000118274
-4.95891e-05
-1.13474e-05
0
0
-2.26081e-05
-9.07999e-05
-0.000204403
-0.000362815
-0.000565082
-0.000809938
-0.00109585
-0.00142106
-0.00178367
-0.00218157
-0.00261259
-0.00307451
-0.00356498
-0.00408165
-0.00462215
-0.00518414
-0.00576523
-0.00636309
-0.00697542
-0.0075999
-0.00823434
-0.00887647
-0.00952413
-0.0101751
-0.0108275
-0.0114791
-0.0121278
-0.0127715
-0.0134085
-0.0140366
-0.0146539
-0.0152587
-0.0158487
-0.016422
-0.0169772
-0.0175122
-0.0180253
-0.0185144
-0.0189779
-0.0194141
-0.0198214
-0.020198
-0.0205427
-0.0208536
-0.0211293
-0.0213688
-0.0215702
-0.0217328
-0.0218556
-0.0219373
-0.0219774
-0.0219748
-0.0219294
-0.0218403
-0.0217076
-0.0215313
-0.0213113
-0.0210481
-0.0207422
-0.020394
-0.0200049
-0.0195759
-0.0191082
-0.0186034
-0.0180634
-0.0174904
-0.0168866
-0.0162545
-0.0155964
-0.0149156
-0.0142149
-0.0134978
-0.0127673
-0.0120273
-0.0112809
-0.0105325
-0.00978521
-0.0090432
-0.00831019
-0.00758998
-0.0068862
-0.0062025
-0.00554251
-0.00490945
-0.0043065
-0.00373654
-0.00320216
-0.00270578
-0.00224934
-0.00183449
-0.00146238
-0.00113379
-0.000849059
-0.000607974
-0.000409832
-0.000253389
-0.000136845
-5.78344e-05
-1.3404e-05
0
0
-2.54501e-05
-0.000101762
-0.000228382
-0.000404351
-0.000628373
-0.000898865
-0.00121399
-0.00157171
-0.00196986
-0.00240606
-0.00287791
-0.00338295
-0.00391862
-0.00448235
-0.00507158
-0.00568376
-0.00631633
-0.00696677
-0.00763259
-0.00831133
-0.0090006
-0.00969799
-0.0104012
-0.0111078
-0.0118158
-0.0125227
-0.0132265
-0.0139248
-0.0146157
-0.015297
-0.0159664
-0.0166223
-0.0172622
-0.0178842
-0.0184864
-0.0190668
-0.0196235
-0.0201543
-0.0206575
-0.0211313
-0.0215738
-0.0219832
-0.0223581
-0.0226966
-0.0229971
-0.0232584
-0.0234787
-0.0236572
-0.0237925
-0.0238835
-0.0239297
-0.0239297
-0.0238834
-0.0237899
-0.0236493
-0.0234614
-0.0232263
-0.0229444
-0.0226162
-0.0222421
-0.0218237
-0.0213618
-0.020858
-0.0203137
-0.019731
-0.0191123
-0.01846
-0.0177764
-0.0170645
-0.0163274
-0.0155683
-0.014791
-0.0139985
-0.0131953
-0.0123845
-0.0115708
-0.0107578
-0.00994984
-0.00915103
-0.00836547
-0.00759712
-0.00684994
-0.0061279
-0.00543455
-0.00477336
-0.00414751
-0.00355989
-0.00301318
-0.00250958
-0.00205096
-0.0016387
-0.00127374
-0.000956609
-0.000687214
-0.000464969
-0.000288718
-0.000156725
-6.66655e-05
-1.56078e-05
0
0
-2.84182e-05
-0.000113205
-0.000253404
-0.000447673
-0.00069436
-0.000991542
-0.00133706
-0.00172858
-0.00216364
-0.0026396
-0.00315382
-0.00370357
-0.00428607
-0.00489855
-0.00553821
-0.00620231
-0.0068881
-0.00759288
-0.00831398
-0.00904875
-0.00979464
-0.0105491
-0.0113096
-0.0120737
-0.012839
-0.0136031
-0.0143637
-0.0151183
-0.0158649
-0.016601
-0.0173243
-0.018033
-0.0187245
-0.0193967
-0.0200476
-0.020675
-0.0212769
-0.0218511
-0.0223955
-0.0229083
-0.0233874
-0.0238311
-0.0242376
-0.0246049
-0.0249315
-0.0252159
-0.0254563
-0.0256516
-0.0258006
-0.0259019
-0.0259549
-0.0259583
-0.0259118
-0.0258145
-0.0256664
-0.0254674
-0.0252175
-0.0249169
-0.0245664
-0.0241664
-0.0237184
-0.0232233
-0.0226827
-0.0220982
-0.021472
-0.0208066
-0.0201045
-0.0193683
-0.018601
-0.0178059
-0.0169867
-0.016147
-0.0152905
-0.0144217
-0.0135441
-0.0126626
-0.0117812
-0.0109046
-0.0100372
-0.00918335
-0.00834745
-0.00753381
-0.00674671
-0.00599004
-0.00526761
-0.00458294
-0.0039392
-0.00333937
-0.00278593
-0.00228101
-0.0018262
-0.00142268
-0.00107114
-0.000771652
-0.000523758
-0.000326408
-0.000177944
-7.60957e-05
-1.79621e-05
0
0
-3.15063e-05
-0.000125106
-0.000279418
-0.000492699
-0.000762919
-0.00108779
-0.00146484
-0.00189138
-0.00236468
-0.00288181
-0.00343985
-0.00403584
-0.00466675
-0.00532957
-0.00602131
-0.006739
-0.00747971
-0.00824053
-0.00901861
-0.00981113
-0.0106154
-0.0114286
-0.0122482
-0.0130714
-0.0138958
-0.0147188
-0.0155379
-0.0163506
-0.0171545
-0.0179471
-0.0187261
-0.0194893
-0.0202341
-0.0209581
-0.0216593
-0.0223354
-0.0229842
-0.0236032
-0.0241904
-0.0247436
-0.025261
-0.0257403
-0.0261798
-0.0265774
-0.0269314
-0.0272402
-0.0275019
-0.0277152
-0.0278789
-0.0279916
-0.0280524
-0.02806
-0.0280141
-0.0279137
-0.0277588
-0.0275491
-0.0272846
-0.0269657
-0.0265931
-0.0261671
-0.0256893
-0.0251607
-0.0245829
-0.0239576
-0.0232872
-0.0225741
-0.021821
-0.0210309
-0.0202067
-0.0193522
-0.018471
-0.0175671
-0.0166444
-0.0157078
-0.0147609
-0.0138092
-0.0128568
-0.0119087
-0.0109697
-0.0100447
-0.00913825
-0.00825508
-0.00739983
-0.00657677
-0.00579004
-0.00504351
-0.0043407
-0.00368489
-0.00307886
-0.00252502
-0.00202522
-0.00158087
-0.00119286
-0.000861439
-0.000586305
-0.000366527
-0.000200541
-8.61421e-05
-2.04711e-05
0
0
-3.47083e-05
-0.000137442
-0.000306374
-0.000539343
-0.000833919
-0.00118745
-0.00159708
-0.00205983
-0.00257263
-0.00313227
-0.00373554
-0.00437922
-0.00506004
-0.00577475
-0.00652013
-0.00729302
-0.00809026
-0.00890876
-0.00974548
-0.0105974
-0.0114617
-0.0123354
-0.0132157
-0.0140997
-0.0149849
-0.0158685
-0.0167478
-0.0176202
-0.0184832
-0.019334
-0.0201703
-0.0209896
-0.0217893
-0.0225668
-0.0233201
-0.0240464
-0.0247436
-0.0254091
-0.0260406
-0.026636
-0.027193
-0.0277095
-0.0281835
-0.0286128
-0.0289956
-0.0293301
-0.0296143
-0.029847
-0.0300266
-0.0301517
-0.0302215
-0.0302342
-0.0301898
-0.0300871
-0.029926
-0.0297062
-0.0294278
-0.0290909
-0.0286963
-0.0282444
-0.0277368
-0.0271745
-0.0265591
-0.0258926
-0.0251772
-0.0244156
-0.0236106
-0.0227653
-0.021883
-0.0209673
-0.0200224
-0.0190524
-0.0180615
-0.0170548
-0.0160363
-0.0150118
-0.0139856
-0.0129633
-0.0119499
-0.0109507
-0.00997063
-0.00901481
-0.00808827
-0.00719566
-0.00634149
-0.00553001
-0.00476509
-0.00405035
-0.0033889
-0.00278345
-0.00223613
-0.0017486
-0.00132199
-0.00095675
-0.000652733
-0.000409155
-0.00022456
-9.6825e-05
-2.314e-05
0
0
-3.80179e-05
-0.000150189
-0.000334222
-0.000587517
-0.00090723
-0.00129032
-0.00173356
-0.00223363
-0.00278713
-0.00339054
-0.00404038
-0.00473314
-0.0054653
-0.00623338
-0.00703391
-0.00786352
-0.00871884
-0.0095966
-0.0104936
-0.0114065
-0.0123324
-0.0132682
-0.0142108
-0.0151573
-0.016105
-0.0170508
-0.017992
-0.0189257
-0.0198493
-0.0207601
-0.0216553
-0.0225324
-0.0233886
-0.0242213
-0.0250281
-0.0258064
-0.0265536
-0.0272672
-0.0279447
-0.0285837
-0.029182
-0.0297372
-0.0302472
-0.0307097
-0.0311227
-0.0314844
-0.0317926
-0.0320459
-0.0322427
-0.0323815
-0.0324612
-0.0324803
-0.0324384
-0.0323342
-0.0321678
-0.0319386
-0.0316467
-0.0312924
-0.0308762
-0.0303986
-0.0298612
-0.0292651
-0.028612
-0.0279037
-0.0271428
-0.0263319
-0.0254741
-0.0245726
-0.0236307
-0.0226525
-0.0216422
-0.0206042
-0.0195431
-0.0184641
-0.0173716
-0.0162717
-0.0151691
-0.0140697
-0.012979
-0.0119026
-0.0108458
-0.00981413
-0.0088131
-0.0078477
-0.00692289
-0.00604327
-0.00521311
-0.00443641
-0.00371662
-0.00305678
-0.00245934
-0.00192622
-0.00145881
-0.00105778
-0.000723183
-0.000454384
-0.000250056
-0.000108169
-2.59749e-05
0
0
-4.14289e-05
-0.000163322
-0.000362908
-0.000637131
-0.000982716
-0.00139621
-0.00187403
-0.00241247
-0.0030078
-0.00365619
-0.00435386
-0.00509702
-0.00588188
-0.00670472
-0.00756184
-0.00844963
-0.00936453
-0.010303
-0.0112617
-0.0122373
-0.0132264
-0.0142258
-0.0152323
-0.0162429
-0.0172545
-0.0182641
-0.0192688
-0.0202655
-0.0212514
-0.0222237
-0.0231794
-0.024116
-0.0250304
-0.0259198
-0.0267819
-0.0276137
-0.0284126
-0.0291759
-0.029901
-0.0305853
-0.0312264
-0.0318219
-0.0323695
-0.0328668
-0.0333115
-0.0337019
-0.0340355
-0.0343108
-0.0345262
-0.0346799
-0.0347709
-0.0347975
-0.0347591
-0.0346546
-0.0344836
-0.0342459
-0.0339413
-0.0335701
-0.0331328
-0.0326299
-0.0320629
-0.031433
-0.030742
-0.0299917
-0.0291847
-0.028324
-0.0274125
-0.0264537
-0.0254511
-0.0244089
-0.0233316
-0.0222238
-0.0210904
-0.0199369
-0.0187681
-0.0175903
-0.0164086
-0.0152294
-0.0140584
-0.0129016
-0.0117649
-0.0106543
-0.00957544
-0.00853396
-0.0075352
-0.00658419
-0.00568559
-0.0048438
-0.00406266
-0.00334557
-0.0026953
-0.0021141
-0.00160361
-0.00116476
-0.000797813
-0.000502317
-0.000277087
-0.0001202
-2.89829e-05
0
0
-4.49345e-05
-0.000176817
-0.000392379
-0.000688092
-0.00106024
-0.00150495
-0.00201823
-0.00259603
-0.00323426
-0.00392876
-0.00467544
-0.00547025
-0.0063091
-0.00718802
-0.00810308
-0.00905045
-0.0100263
-0.011027
-0.0120489
-0.0130885
-0.0141422
-0.0152068
-0.0162788
-0.0173549
-0.0184321
-0.0195071
-0.0205767
-0.0216379
-0.0226878
-0.0237231
-0.024741
-0.0257386
-0.0267128
-0.0276607
-0.0285796
-0.0294666
-0.0303188
-0.0311335
-0.0319077
-0.032639
-0.0333246
-0.033962
-0.0345488
-0.0350824
-0.0355606
-0.0359811
-0.0363416
-0.0366405
-0.0368759
-0.037046
-0.0371496
-0.0371849
-0.0371513
-0.0370475
-0.0368732
-0.0366278
-0.0363114
-0.0359239
-0.0354661
-0.0349383
-0.0343421
-0.0336786
-0.0329496
-0.0321571
-0.0313038
-0.0303926
-0.0294267
-0.0284096
-0.0273451
-0.0262376
-0.0250918
-0.0239125
-0.0227049
-0.0214748
-0.0202272
-0.018969
-0.0177056
-0.0164436
-0.0151894
-0.0139492
-0.0127294
-0.0115364
-0.0103765
-0.00925557
-0.00817948
-0.00715371
-0.00618337
-0.00527329
-0.0044277
-0.00365039
-0.00294451
-0.00231263
-0.0017567
-0.00127792
-0.000876797
-0.00055307
-0.00030572
-0.00013295
-3.2172e-05
0
0
-4.85281e-05
-0.000190648
-0.000422578
-0.000740305
-0.00113965
-0.00161632
-0.00216591
-0.00278399
-0.00346611
-0.00420778
-0.0050046
-0.00585221
-0.00674626
-0.00768251
-0.00865679
-0.00966504
-0.0107032
-0.0117675
-0.012854
-0.0139589
-0.0150788
-0.0162099
-0.0173488
-0.0184919
-0.0196361
-0.020778
-0.0219142
-0.0230414
-0.0241567
-0.0252567
-0.0263382
-0.0273985
-0.0284341
-0.029442
-0.0304194
-0.0313632
-0.0322704
-0.033138
-0.0339632
-0.034743
-0.0354749
-0.0361558
-0.0367836
-0.0373552
-0.0378683
-0.0383206
-0.0387097
-0.0390337
-0.0392907
-0.0394786
-0.0395962
-0.0396416
-0.0396142
-0.0395123
-0.0393357
-0.0390838
-0.0387564
-0.0383537
-0.037876
-0.0373239
-0.0366988
-0.036002
-0.0352352
-0.0344005
-0.0335005
-0.0325385
-0.0315175
-0.0304414
-0.029314
-0.0281399
-0.026924
-0.0256716
-0.0243878
-0.023079
-0.0217505
-0.0204093
-0.0190615
-0.017714
-0.0163734
-0.0150467
-0.0137406
-0.0124619
-0.0112175
-0.0100137
-0.00885681
-0.00775286
-0.00670739
-0.0057257
-0.00481246
-0.00397188
-0.0032075
-0.00252225
-0.00191843
-0.00139754
-0.000960325
-0.000606769
-0.000336029
-0.000146452
-3.5551e-05
0
0
-5.22027e-05
-0.000204788
-0.000453448
-0.000793671
-0.00122081
-0.00173012
-0.0023168
-0.00297601
-0.00370294
-0.00449277
-0.00534076
-0.00624225
-0.00719263
-0.00818738
-0.00922208
-0.0102924
-0.0113942
-0.0125233
-0.0136756
-0.0148474
-0.0160346
-0.0172337
-0.0184408
-0.0196524
-0.0208651
-0.0220752
-0.0232794
-0.0244741
-0.0256563
-0.0268225
-0.0279693
-0.0290937
-0.0301923
-0.0312618
-0.0322993
-0.0333016
-0.0342654
-0.0351877
-0.0360655
-0.0368956
-0.0376753
-0.0384016
-0.0390719
-0.0396832
-0.040233
-0.0407189
-0.0411382
-0.0414889
-0.041769
-0.0419764
-0.0421096
-0.0421666
-0.0421467
-0.0420481
-0.0418706
-0.0416133
-0.0412761
-0.0408589
-0.0403623
-0.0397865
-0.0391332
-0.0384035
-0.0375991
-0.0367222
-0.0357755
-0.0347622
-0.0336857
-0.0325498
-0.0313585
-0.0301167
-0.0288294
-0.0275022
-0.0261405
-0.0247509
-0.0233391
-0.0219126
-0.0204777
-0.0190418
-0.0176119
-0.0161956
-0.0147999
-0.0134321
-0.0120997
-0.0108095
-0.00956834
-0.00838268
-0.00725861
-0.0062019
-0.00521771
-0.00431069
-0.00348482
-0.00274343
-0.00208918
-0.00152389
-0.0010486
-0.00066355
-0.000368094
-0.000160743
-3.91297e-05
0
0
-5.59511e-05
-0.00021921
-0.00048493
-0.000848089
-0.00130356
-0.00184615
-0.00247062
-0.00317174
-0.00394433
-0.00478322
-0.00568333
-0.00663972
-0.00764747
-0.00870179
-0.00979803
-0.0109316
-0.0120981
-0.0132932
-0.0145127
-0.0157524
-0.0170084
-0.0182766
-0.0195534
-0.0208348
-0.0221172
-0.023397
-0.0246706
-0.0259343
-0.0271849
-0.0284186
-0.0296322
-0.0308224
-0.0319855
-0.0331181
-0.0342174
-0.0352797
-0.0363019
-0.0372805
-0.0382125
-0.0390946
-0.0399239
-0.0406972
-0.0414119
-0.0420647
-0.0426529
-0.0431741
-0.0436253
-0.0440046
-0.0443095
-0.044538
-0.0446885
-0.0447587
-0.0447477
-0.044654
-0.0444768
-0.0442155
-0.0438696
-0.0434391
-0.0429245
-0.042326
-0.0416451
-0.040883
-0.0400414
-0.0391225
-0.0381291
-0.0370645
-0.035932
-0.0347357
-0.0334797
-0.0321691
-0.0308091
-0.0294055
-0.0279641
-0.0264918
-0.0249946
-0.0234803
-0.0219557
-0.0204285
-0.0189064
-0.0173972
-0.0159086
-0.0144484
-0.0130245
-0.0116443
-0.0103153
-0.00904427
-0.00783802
-0.00670279
-0.00564425
-0.00466754
-0.00377709
-0.00297667
-0.00226934
-0.00165728
-0.00114185
-0.00072356
-0.000402001
-0.000175863
-4.29186e-05
0
0
-5.97659e-05
-0.000233886
-0.000516963
-0.000903456
-0.00138775
-0.00196418
-0.00262709
-0.00337083
-0.00418986
-0.00507862
-0.00603174
-0.00704393
-0.00811
-0.0092249
-0.0103837
-0.0115816
-0.0128139
-0.0140762
-0.0153639
-0.0166728
-0.0179986
-0.0193373
-0.0206849
-0.0220373
-0.0233908
-0.0247416
-0.0260859
-0.02742
-0.0287403
-0.0300431
-0.0313249
-0.0325823
-0.0338114
-0.0350089
-0.0361714
-0.0372954
-0.0383775
-0.0394142
-0.0404021
-0.0413379
-0.0422186
-0.0430408
-0.0438015
-0.0444976
-0.0451261
-0.0456843
-0.0461693
-0.0465789
-0.0469105
-0.0471618
-0.0473312
-0.0474163
-0.047416
-0.0473286
-0.0471533
-0.0468893
-0.0465361
-0.0460936
-0.0455621
-0.0449418
-0.0442342
-0.0434404
-0.0425621
-0.0416016
-0.0405616
-0.0394455
-0.0382569
-0.0369996
-0.0356782
-0.0342979
-0.032864
-0.0313827
-0.02986
-0.028303
-0.0267182
-0.0251138
-0.0234968
-0.0218756
-0.0202583
-0.0186531
-0.0170682
-0.0155121
-0.0139932
-0.0125194
-0.0110987
-0.00973875
-0.00844666
-0.00722931
-0.00609291
-0.00504313
-0.00408491
-0.00322248
-0.00245932
-0.00179803
-0.0012403
-0.000786955
-0.00043784
-0.000191856
-4.69289e-05
0
0
-6.36396e-05
-0.000248787
-0.000549485
-0.000959665
-0.00147321
-0.002084
-0.00278592
-0.00357292
-0.00443906
-0.00537844
-0.00638534
-0.00745417
-0.00857944
-0.0097558
-0.0109781
-0.0122413
-0.0135404
-0.0148708
-0.0162279
-0.017607
-0.0190038
-0.0204141
-0.0218336
-0.0232583
-0.0246841
-0.0261071
-0.0275235
-0.0289292
-0.0303206
-0.0316939
-0.0330453
-0.0343713
-0.035668
-0.0369317
-0.0381591
-0.0393464
-0.04049
-0.0415864
-0.042632
-0.0436233
-0.0445571
-0.0454298
-0.0462385
-0.0469797
-0.0476503
-0.0482475
-0.0487682
-0.0492098
-0.04957
-0.049846
-0.0500362
-0.0501379
-0.05015
-0.0500707
-0.0498989
-0.0496338
-0.0492747
-0.0488215
-0.0482743
-0.0476333
-0.0469
-0.0460753
-0.045161
-0.0441593
-0.0430731
-0.0419056
-0.0406606
-0.0393421
-0.0379548
-0.0365039
-0.0349951
-0.0334347
-0.0318291
-0.0301856
-0.0285112
-0.0268143
-0.0251025
-0.0233845
-0.0216689
-0.0199645
-0.0182801
-0.0166246
-0.0150071
-0.013436
-0.01192
-0.0104673
-0.00908558
-0.00778242
-0.00656456
-0.00543824
-0.00440894
-0.0034814
-0.00265957
-0.00194647
-0.0013442
-0.000853901
-0.000475711
-0.000208765
-5.11727e-05
0
0
-6.75643e-05
-0.000263883
-0.000582432
-0.00101661
-0.00155978
-0.00220537
-0.0029468
-0.00377762
-0.00469148
-0.00568214
-0.00674353
-0.00786973
-0.00905496
-0.0102936
-0.0115802
-0.0129095
-0.0142764
-0.0156759
-0.0171032
-0.0185536
-0.0200224
-0.0215053
-0.0229979
-0.0244959
-0.0259952
-0.0274917
-0.0289812
-0.0304598
-0.0319237
-0.0333687
-0.0347911
-0.0361872
-0.0375528
-0.0388843
-0.0401781
-0.0414302
-0.0426371
-0.0437948
-0.0448997
-0.0459482
-0.0469369
-0.0478621
-0.0487205
-0.0495087
-0.0502233
-0.0508614
-0.0514196
-0.0518953
-0.0522859
-0.0525886
-0.0528013
-0.0529216
-0.052948
-0.0528784
-0.0527119
-0.0524473
-0.052084
-0.0516215
-0.0510601
-0.0503996
-0.0496417
-0.0487871
-0.0478376
-0.0467954
-0.0456633
-0.0444448
-0.0431434
-0.0417635
-0.0403097
-0.0387876
-0.0372029
-0.0355623
-0.0338723
-0.0321407
-0.0303746
-0.028583
-0.0267739
-0.0249564
-0.0231396
-0.0213329
-0.0195457
-0.0177873
-0.0160675
-0.0143954
-0.0127803
-0.011231
-0.00975586
-0.00836309
-0.00706007
-0.00585364
-0.00474985
-0.00375399
-0.00287054
-0.00210297
-0.00145381
-0.000924569
-0.000515714
-0.00022664
-5.56628e-05
0
0
-7.1532e-05
-0.000279144
-0.000615736
-0.00107416
-0.0016473
-0.00232805
-0.00310943
-0.00398454
-0.00494666
-0.00598916
-0.00710564
-0.00828985
-0.00953572
-0.0108374
-0.0121891
-0.0135853
-0.0150207
-0.0164902
-0.0179886
-0.019511
-0.0210528
-0.0226093
-0.024176
-0.0257483
-0.0273222
-0.0288931
-0.0304571
-0.0320097
-0.0335472
-0.0350653
-0.03656
-0.0380275
-0.0394635
-0.0408642
-0.0422258
-0.0435444
-0.044816
-0.0460367
-0.0472026
-0.0483101
-0.0493554
-0.0503349
-0.0512449
-0.052082
-0.0528425
-0.0535234
-0.0541211
-0.0546329
-0.0550559
-0.0553872
-0.0556246
-0.0557653
-0.0558079
-0.05575
-0.0555906
-0.0553283
-0.0549624
-0.0544923
-0.0539181
-0.0532396
-0.0524583
-0.0515749
-0.0505912
-0.0495093
-0.048332
-0.0470627
-0.0457052
-0.0442638
-0.0427433
-0.0411494
-0.0394881
-0.0377662
-0.0359904
-0.034169
-0.0323095
-0.030421
-0.0285122
-0.0265926
-0.0246717
-0.0227596
-0.0208661
-0.0190014
-0.0171757
-0.0153989
-0.0136808
-0.012031
-0.0104586
-0.00897233
-0.00758035
-0.00629012
-0.00510832
-0.00404083
-0.00309269
-0.00226788
-0.00156939
-0.00099914
-0.000557957
-0.000245529
-6.04125e-05
0
0
-7.55344e-05
-0.000294538
-0.000649332
-0.00113223
-0.00173558
-0.00245182
-0.0032735
-0.0041933
-0.00520411
-0.00629893
-0.007471
-0.00871378
-0.0100209
-0.0113861
-0.0128035
-0.0142674
-0.015772
-0.0173122
-0.0188825
-0.0204778
-0.0220934
-0.0237244
-0.025366
-0.0270137
-0.028663
-0.0303095
-0.0319489
-0.0335767
-0.0351889
-0.0367812
-0.0383494
-0.0398896
-0.0413974
-0.0428687
-0.0442997
-0.0456861
-0.047024
-0.0483093
-0.049538
-0.0507061
-0.0518099
-0.0528453
-0.0538089
-0.0546967
-0.0555051
-0.0562308
-0.05687
-0.0574199
-0.0578773
-0.0582393
-0.0585034
-0.0586667
-0.0587274
-0.0586833
-0.0585328
-0.0582748
-0.0579081
-0.0574321
-0.0568468
-0.0561518
-0.0553485
-0.0544377
-0.0534208
-0.0523001
-0.0510783
-0.0497589
-0.0483456
-0.0468428
-0.0452555
-0.0435894
-0.0418508
-0.0400467
-0.038184
-0.0362714
-0.0343166
-0.0323293
-0.0303184
-0.0282941
-0.0262663
-0.0242458
-0.0222428
-0.0202682
-0.018333
-0.0164476
-0.0146227
-0.0128685
-0.0111948
-0.0096111
-0.00812627
-0.00674847
-0.00548504
-0.0043425
-0.0033265
-0.00244157
-0.00169121
-0.0010778
-0.00060255
-0.000265486
-6.54359e-05
0
0
-7.9563e-05
-0.000310033
-0.000683149
-0.00119067
-0.00182444
-0.00257641
-0.00343867
-0.00440348
-0.00546333
-0.00661085
-0.00783894
-0.00914072
-0.0105095
-0.0119389
-0.0134225
-0.0149546
-0.0165291
-0.0181405
-0.0197834
-0.0214524
-0.0231425
-0.0248486
-0.026566
-0.0282898
-0.0300156
-0.0317385
-0.0334543
-0.0351583
-0.0368464
-0.038514
-0.040157
-0.0417711
-0.0433518
-0.044895
-0.0463968
-0.0478525
-0.0492583
-0.0506098
-0.0519028
-0.0531333
-0.0542972
-0.0553905
-0.0564095
-0.0573499
-0.0582082
-0.0589806
-0.0596634
-0.0602534
-0.0607475
-0.0611422
-0.0614351
-0.061623
-0.061704
-0.0616756
-0.0615363
-0.0612844
-0.0609189
-0.0604389
-0.0598442
-0.0591345
-0.0583108
-0.0573739
-0.0563251
-0.0551667
-0.0539014
-0.0525325
-0.051064
-0.0495001
-0.047846
-0.0461076
-0.0442912
-0.042404
-0.0404535
-0.0384482
-0.0363966
-0.0343085
-0.0321934
-0.0300618
-0.0279245
-0.0257924
-0.0236768
-0.0215889
-0.0195405
-0.0175428
-0.0156071
-0.0137445
-0.0119655
-0.0102804
-0.00869873
-0.00722949
-0.0058807
-0.00465959
-0.00357245
-0.00262442
-0.00181956
-0.00116074
-0.000649606
-0.000286564
-7.07475e-05
0
0
-8.36092e-05
-0.000325596
-0.000717117
-0.00124938
-0.00191372
-0.00270159
-0.00360463
-0.00461468
-0.00572383
-0.00692433
-0.00820875
-0.00956989
-0.0110008
-0.0124946
-0.014045
-0.0156456
-0.0172905
-0.0189737
-0.0206897
-0.022433
-0.0241982
-0.0259803
-0.0277741
-0.0295749
-0.0313777
-0.033178
-0.0349711
-0.0367522
-0.0385171
-0.0402611
-0.0419798
-0.043669
-0.045324
-0.0469404
-0.0485142
-0.0500407
-0.0515158
-0.0529349
-0.0542939
-0.0555884
-0.0568142
-0.0579672
-0.0590434
-0.0600384
-0.0609484
-0.0617696
-0.0624981
-0.0631304
-0.0636631
-0.0640927
-0.0644166
-0.0646313
-0.0647348
-0.0647243
-0.0645982
-0.0643546
-0.0639923
-0.0635103
-0.0629082
-0.0621854
-0.0613431
-0.0603816
-0.0593025
-0.0581077
-0.0567999
-0.0553825
-0.0538593
-0.0522349
-0.0505142
-0.0487033
-0.0468089
-0.0448381
-0.0427988
-0.0406998
-0.0385498
-0.0363592
-0.0341377
-0.0318967
-0.029647
-0.0274006
-0.025169
-0.0229645
-0.0207993
-0.0186855
-0.0166352
-0.0146601
-0.0127717
-0.0109811
-0.00929861
-0.00773396
-0.006296
-0.0049927
-0.00383104
-0.00281683
-0.00195472
-0.00124815
-0.000699244
-0.000308818
-7.63623e-05
0
0
-8.76641e-05
-0.000341194
-0.000751163
-0.00130824
-0.00200321
-0.00282709
-0.00377103
-0.00482647
-0.00598508
-0.00723876
-0.00857973
-0.0100005
-0.0114937
-0.0130523
-0.0146697
-0.0163394
-0.018055
-0.0198104
-0.0216
-0.0234179
-0.0252588
-0.0271173
-0.0289883
-0.0308666
-0.0327473
-0.0346256
-0.0364967
-0.0383558
-0.0401984
-0.0420197
-0.0438153
-0.0455806
-0.0473109
-0.0490017
-0.0506488
-0.0522474
-0.0537932
-0.0552815
-0.0567079
-0.0580681
-0.0593575
-0.0605719
-0.0617071
-0.0627586
-0.0637223
-0.0645944
-0.0653705
-0.0660472
-0.0666207
-0.0670875
-0.0674445
-0.0676883
-0.0678165
-0.0678262
-0.0677155
-0.0674824
-0.0671255
-0.0666436
-0.066036
-0.0653022
-0.064443
-0.0634588
-0.0623508
-0.061121
-0.0597721
-0.0583072
-0.0567304
-0.0550459
-0.0532591
-0.051376
-0.0494033
-0.0473486
-0.0452198
-0.043026
-0.0407764
-0.0384816
-0.0361519
-0.0337991
-0.0314347
-0.029071
-0.0267205
-0.0243959
-0.0221105
-0.0198768
-0.0177079
-0.0156164
-0.0136145
-0.0117142
-0.00992674
-0.00826266
-0.00673162
-0.0053424
-0.00410274
-0.00301916
-0.00209699
-0.00134024
-0.000751581
-0.000332305
-8.22957e-05
0
0
-9.17189e-05
-0.000356793
-0.000785215
-0.0013671
-0.00209274
-0.00295265
-0.00393754
-0.00503841
-0.00624656
-0.00755352
-0.00895114
-0.0104316
-0.0119873
-0.013611
-0.0152956
-0.0170345
-0.018821
-0.0206491
-0.0225125
-0.0244056
-0.0263225
-0.0282579
-0.0302064
-0.0321628
-0.0341219
-0.0360789
-0.0380287
-0.0399665
-0.0418876
-0.0437871
-0.0456604
-0.0475028
-0.0493095
-0.0510758
-0.0527974
-0.0544694
-0.0560872
-0.0576461
-0.0591414
-0.0605687
-0.0619234
-0.0632009
-0.0643969
-0.0655068
-0.0665262
-0.0674511
-0.0682769
-0.0690001
-0.0696166
-0.0701227
-0.0705152
-0.0707903
-0.0709456
-0.0709777
-0.0708847
-0.0706645
-0.0703152
-0.0698355
-0.0692247
-0.0684819
-0.0676079
-0.0666027
-0.0654677
-0.0642045
-0.0628158
-0.0613048
-0.0596753
-0.0579318
-0.0560794
-0.0541244
-0.0520736
-0.0499347
-0.0477158
-0.0454266
-0.0430761
-0.0406758
-0.0382362
-0.0357694
-0.0332878
-0.0308042
-0.0283318
-0.025884
-0.0234747
-0.0211175
-0.0188261
-0.0166141
-0.0144947
-0.0124805
-0.0105839
-0.00881632
-0.00718823
-0.00570928
-0.00438804
-0.00323181
-0.00224664
-0.00143719
-0.000806737
-0.000357083
-8.85634e-05
0
0
-9.57643e-05
-0.000372358
-0.000819198
-0.00142586
-0.00218212
-0.003078
-0.0041038
-0.00525008
-0.00650775
-0.00786796
-0.00932226
-0.0108625
-0.0124807
-0.0141695
-0.0159214
-0.0177296
-0.0195873
-0.0214881
-0.0234257
-0.025394
-0.0273873
-0.0293999
-0.0314263
-0.0334612
-0.0354993
-0.0375354
-0.0395646
-0.0415816
-0.0435819
-0.0455603
-0.0475121
-0.0494325
-0.0513165
-0.0531594
-0.0549566
-0.056703
-0.0583941
-0.0600249
-0.0615906
-0.0630866
-0.0645081
-0.0658504
-0.067109
-0.068279
-0.069356
-0.0703357
-0.0712133
-0.0719851
-0.0726468
-0.0731945
-0.0736247
-0.0739334
-0.074118
-0.074175
-0.0741021
-0.073897
-0.0735577
-0.0730826
-0.0724708
-0.0717213
-0.0708344
-0.0698104
-0.0686502
-0.0673555
-0.0659287
-0.064373
-0.062692
-0.0608904
-0.0589733
-0.056947
-0.0548183
-0.0525953
-0.0502861
-0.0479008
-0.0454486
-0.0429414
-0.0403902
-0.0378077
-0.0352067
-0.0326006
-0.0300034
-0.0274292
-0.0248927
-0.0224083
-0.0199906
-0.0176542
-0.015413
-0.0132809
-0.011271
-0.00939566
-0.00766645
-0.00609388
-0.0046874
-0.00345515
-0.00240396
-0.00153921
-0.000864832
-0.000383209
-9.51814e-05
0
0
-9.97911e-05
-0.000387855
-0.000853036
-0.00148437
-0.00227114
-0.00320289
-0.00426947
-0.00546103
-0.0067681
-0.00818147
-0.00969233
-0.0112922
-0.012973
-0.0147267
-0.016546
-0.0184235
-0.0203524
-0.0223259
-0.0243377
-0.0263815
-0.0284513
-0.0305414
-0.032646
-0.0347596
-0.0368769
-0.0389926
-0.0411015
-0.0431984
-0.0452784
-0.0473364
-0.0493673
-0.0513665
-0.0533287
-0.055249
-0.0571227
-0.0589448
-0.0607103
-0.0624142
-0.0640517
-0.0656177
-0.0671075
-0.0685162
-0.069839
-0.071071
-0.0722074
-0.0732438
-0.0741753
-0.0749977
-0.0757068
-0.0762983
-0.0767685
-0.0771132
-0.0773296
-0.0774138
-0.0773634
-0.0771759
-0.0768489
-0.0763809
-0.0757705
-0.0750165
-0.0741192
-0.0730785
-0.0718952
-0.0705708
-0.0691076
-0.0675088
-0.0657779
-0.0639195
-0.0619387
-0.0598418
-0.0576358
-0.0553289
-0.0529294
-0.0504474
-0.0478929
-0.0452778
-0.0426137
-0.0399137
-0.0371912
-0.0344603
-0.0317356
-0.029032
-0.026365
-0.0237498
-0.0212021
-0.0187372
-0.0163703
-0.014116
-0.0119885
-0.0100013
-0.00816688
-0.00649673
-0.00500128
-0.00368955
-0.00256922
-0.00164649
-0.000925987
-0.000410742
-0.000102166
0
0
-0.00010379
-0.000403248
-0.000886654
-0.00154252
-0.00235962
-0.00332704
-0.0044342
-0.00567083
-0.00702707
-0.00849338
-0.0100606
-0.01172
-0.013463
-0.0152816
-0.017168
-0.0191148
-0.0211147
-0.023161
-0.025247
-0.0273662
-0.0295126
-0.0316801
-0.033863
-0.0360556
-0.0382523
-0.0404479
-0.0426368
-0.0448139
-0.0469741
-0.0491121
-0.0512228
-0.0533014
-0.0553424
-0.057341
-0.0592922
-0.0611908
-0.0630318
-0.06481
-0.0665204
-0.0681578
-0.0697174
-0.0711939
-0.0725826
-0.0738782
-0.0750759
-0.0761709
-0.0771582
-0.0780334
-0.078792
-0.0794294
-0.079942
-0.080325
-0.0805755
-0.0806894
-0.080664
-0.0804965
-0.0801845
-0.0797259
-0.0791193
-0.0783633
-0.0774579
-0.0764028
-0.0751986
-0.0738467
-0.0723492
-0.0707091
-0.06893
-0.0670161
-0.0649728
-0.0628064
-0.0605238
-0.0581334
-0.0556437
-0.0530652
-0.0504078
-0.047684
-0.0449058
-0.0420869
-0.039241
-0.0363831
-0.0335283
-0.0306925
-0.0278918
-0.0251425
-0.022461
-0.0198639
-0.017367
-0.0149864
-0.0127372
-0.0106339
-0.00869008
-0.00691835
-0.0053301
-0.00393535
-0.00274271
-0.00175923
-0.000990318
-0.000439738
-0.000109533
0
0
-0.000107752
-0.000418502
-0.000919977
-0.00160017
-0.00244736
-0.00345019
-0.00459762
-0.00587902
-0.00728413
-0.00880305
-0.0104263
-0.0121448
-0.0139499
-0.015833
-0.0177863
-0.0198021
-0.0218729
-0.0239917
-0.0261516
-0.0283462
-0.030569
-0.032814
-0.0350752
-0.0373467
-0.039623
-0.0418985
-0.0441677
-0.0464252
-0.0486659
-0.0508843
-0.0530752
-0.0552337
-0.0573543
-0.0594317
-0.0614611
-0.0634371
-0.0653545
-0.067208
-0.0689925
-0.0707026
-0.0723332
-0.073879
-0.0753351
-0.076696
-0.0779566
-0.079112
-0.080157
-0.081087
-0.0818972
-0.0825829
-0.08314
-0.0835637
-0.0838507
-0.0839968
-0.0839989
-0.083854
-0.0835594
-0.0831128
-0.0825127
-0.0817572
-0.0808461
-0.0797791
-0.0785564
-0.0771792
-0.0756495
-0.0739701
-0.0721445
-0.070177
-0.0680726
-0.0658378
-0.0634797
-0.0610065
-0.0584271
-0.055752
-0.0529915
-0.0501585
-0.0472654
-0.0443261
-0.0413553
-0.0383684
-0.0353813
-0.0324105
-0.0294731
-0.0265864
-0.0237677
-0.0210344
-0.0184037
-0.0158927
-0.0135175
-0.0112939
-0.00923654
-0.00735916
-0.00567426
-0.00419289
-0.00292468
-0.00187759
-0.00105794
-0.000470255
-0.000117298
0
0
-0.000111667
-0.000433582
-0.000952928
-0.00165718
-0.00253417
-0.00357205
-0.00475939
-0.00608515
-0.00753871
-0.00910983
-0.0107887
-0.012566
-0.0144326
-0.0163799
-0.0183997
-0.020484
-0.0226253
-0.0248163
-0.02705
-0.0293196
-0.0316187
-0.0339409
-0.0362802
-0.0386306
-0.0409864
-0.0433418
-0.0456913
-0.0480293
-0.0503506
-0.0526497
-0.0549212
-0.05716
-0.0593604
-0.0615173
-0.0636255
-0.0656796
-0.0676743
-0.069604
-0.0714635
-0.0732474
-0.0749502
-0.0765667
-0.0780915
-0.0795192
-0.0808444
-0.082062
-0.0831666
-0.0841533
-0.0850171
-0.0857532
-0.0863571
-0.0868238
-0.0871497
-0.0873304
-0.0873626
-0.0872428
-0.0869682
-0.0865364
-0.0859452
-0.0851928
-0.0842788
-0.0832023
-0.0819636
-0.0805635
-0.079004
-0.0772875
-0.0754175
-0.0733981
-0.0712344
-0.0689327
-0.0665003
-0.0639453
-0.0612767
-0.0585054
-0.055642
-0.0526994
-0.0496907
-0.0466302
-0.0435331
-0.0404154
-0.0372938
-0.0341856
-0.0311088
-0.0280815
-0.0251221
-0.022249
-0.0194807
-0.0168351
-0.0143299
-0.0119817
-0.00980669
-0.00781958
-0.00603411
-0.00446247
-0.00311536
-0.00200177
-0.00112896
-0.000502347
-0.000125478
0
0
-0.000115527
-0.000448453
-0.000985432
-0.00171345
-0.00261985
-0.00369237
-0.00491916
-0.00628878
-0.00779028
-0.00941306
-0.011147
-0.0129825
-0.0149101
-0.0169211
-0.0190068
-0.0211593
-0.0233706
-0.0256333
-0.0279403
-0.0302845
-0.0326594
-0.0350586
-0.0374757
-0.0399047
-0.0423397
-0.0447749
-0.0472047
-0.0496232
-0.0520252
-0.054405
-0.0567571
-0.0590764
-0.0613571
-0.0635938
-0.0657814
-0.0679141
-0.0699867
-0.0719934
-0.0739288
-0.0757874
-0.0775636
-0.0792518
-0.0808468
-0.0823427
-0.083734
-0.0850154
-0.0861813
-0.0872266
-0.0881461
-0.0889346
-0.0895874
-0.0900994
-0.0904667
-0.0906844
-0.0907491
-0.0906571
-0.0904052
-0.0899907
-0.0894112
-0.0886647
-0.0877503
-0.0866671
-0.0854149
-0.0839946
-0.0824076
-0.0806564
-0.0787442
-0.0766751
-0.074454
-0.0720871
-0.0695817
-0.0669462
-0.0641895
-0.0613226
-0.0583565
-0.0553044
-0.0521796
-0.0489972
-0.0457727
-0.0425228
-0.0392649
-0.0360171
-0.0327982
-0.0296274
-0.0265241
-0.0235078
-0.020598
-0.017814
-0.0151745
-0.0126978
-0.0104009
-0.00829994
-0.00640997
-0.00474437
-0.00331497
-0.00213192
-0.00120349
-0.000536066
-0.000134087
0
0
-0.000119322
-0.00046308
-0.00101741
-0.00176882
-0.0027042
-0.00381087
-0.00507656
-0.00648947
-0.00803829
-0.0097121
-0.0115005
-0.0133935
-0.0153815
-0.0174554
-0.0196065
-0.0218264
-0.0241071
-0.026441
-0.0288206
-0.031239
-0.0336892
-0.0361648
-0.0386593
-0.0411665
-0.0436804
-0.0461952
-0.0487048
-0.0512036
-0.0536861
-0.0561466
-0.0585795
-0.0609794
-0.0633404
-0.0656572
-0.0679244
-0.0701363
-0.0722873
-0.0743715
-0.0763836
-0.0783177
-0.0801681
-0.0819293
-0.0835955
-0.0851609
-0.0866197
-0.0879665
-0.0891953
-0.090301
-0.091278
-0.092121
-0.0928249
-0.0933844
-0.0937953
-0.0940526
-0.0941523
-0.0940906
-0.093864
-0.0934695
-0.0929045
-0.0921665
-0.0912546
-0.0901674
-0.0889046
-0.0874666
-0.0858548
-0.0840715
-0.0821195
-0.0800029
-0.0777265
-0.0752964
-0.0727198
-0.0700051
-0.0671616
-0.0642001
-0.0611319
-0.0579706
-0.0547297
-0.0514249
-0.0480722
-0.0446889
-0.0412931
-0.0379037
-0.0345405
-0.0312235
-0.0279732
-0.0248103
-0.0217555
-0.0188293
-0.0160517
-0.0134422
-0.0110193
-0.00880049
-0.0068021
-0.0050388
-0.00352372
-0.00226818
-0.00128162
-0.000571462
-0.00014314
0
0
-0.000123043
-0.000477429
-0.0010488
-0.00182319
-0.00278705
-0.00392729
-0.00523125
-0.00668678
-0.00828222
-0.0100063
-0.0118484
-0.0137981
-0.0158457
-0.0179818
-0.0201975
-0.0224841
-0.0248334
-0.0272377
-0.0296893
-0.032181
-0.034706
-0.0372573
-0.0398286
-0.0424135
-0.0450058
-0.0475996
-0.0501888
-0.0527675
-0.0553303
-0.0578712
-0.0603845
-0.0628649
-0.0653064
-0.0677033
-0.0700504
-0.0723416
-0.0745713
-0.0767336
-0.0788228
-0.0808331
-0.0827587
-0.0845936
-0.0863321
-0.0879681
-0.0894957
-0.0909093
-0.0922026
-0.0933703
-0.0944066
-0.0953059
-0.096063
-0.0966722
-0.097129
-0.0974281
-0.0975653
-0.0975365
-0.0973379
-0.0969661
-0.0964183
-0.0956917
-0.0947851
-0.0936967
-0.0924261
-0.0909733
-0.0893395
-0.0875267
-0.0855376
-0.083376
-0.0810466
-0.0785554
-0.0759096
-0.0731176
-0.0701886
-0.0671338
-0.0639644
-0.0606945
-0.0573379
-0.0539105
-0.0504291
-0.0469115
-0.0433765
-0.039844
-0.0363344
-0.0328688
-0.0294687
-0.0261562
-0.0229529
-0.0198808
-0.0169612
-0.014215
-0.0116621
-0.00932142
-0.00721068
-0.00534597
-0.00374176
-0.0024107
-0.00136343
-0.000608581
-0.000152651
0
0
-0.000126681
-0.000491467
-0.00107952
-0.00187642
-0.0028682
-0.00404137
-0.0053829
-0.00688028
-0.00852151
-0.0102951
-0.0121899
-0.0141955
-0.0163018
-0.0184992
-0.0207785
-0.0231309
-0.0255479
-0.0280217
-0.0305445
-0.0331088
-0.0357076
-0.038334
-0.0409813
-0.0436431
-0.0463131
-0.0489853
-0.0516534
-0.0543116
-0.0569541
-0.0595751
-0.0621686
-0.0647293
-0.067251
-0.0697279
-0.0721548
-0.0745254
-0.076834
-0.0790747
-0.0812415
-0.0833285
-0.0853297
-0.0872391
-0.0890508
-0.0907584
-0.0923559
-0.0938375
-0.0951967
-0.096428
-0.0975253
-0.0984827
-0.0992949
-0.0999557
-0.100461
-0.100804
-0.100981
-0.100988
-0.10082
-0.100473
-0.0999455
-0.0992332
-0.0983347
-0.0972481
-0.0959726
-0.0945079
-0.092855
-0.0910156
-0.0889921
-0.0867882
-0.0844083
-0.0818585
-0.0791457
-0.0762784
-0.0732657
-0.070119
-0.0668498
-0.0634721
-0.0600003
-0.0564507
-0.0528404
-0.049188
-0.045513
-0.0418359
-0.0381782
-0.0345619
-0.0310096
-0.0275445
-0.0241896
-0.0209681
-0.0179029
-0.0150161
-0.0123293
-0.00986279
-0.00763582
-0.00566599
-0.00396922
-0.00255956
-0.00144901
-0.000647462
-0.000162633
0
0
-0.000130229
-0.000505161
-0.0011095
-0.0019284
-0.00294748
-0.00415286
-0.00553117
-0.00706954
-0.00875567
-0.0105777
-0.0125244
-0.0145848
-0.0167488
-0.0190065
-0.0213483
-0.0237654
-0.0262492
-0.0287915
-0.0313844
-0.0340202
-0.0366919
-0.0393924
-0.0421148
-0.0448527
-0.0475996
-0.0503494
-0.0530958
-0.0558327
-0.0585543
-0.0612547
-0.063928
-0.0665684
-0.0691699
-0.0717267
-0.0742331
-0.076683
-0.0790706
-0.0813897
-0.0836343
-0.0857983
-0.0878756
-0.0898601
-0.0917456
-0.0935256
-0.095194
-0.0967447
-0.0981711
-0.0994672
-0.100627
-0.101644
-0.102513
-0.103228
-0.103783
-0.104173
-0.104392
-0.104437
-0.104302
-0.103983
-0.103478
-0.102783
-0.101896
-0.100814
-0.0995365
-0.098063
-0.096394
-0.0945309
-0.092476
-0.0902326
-0.0878051
-0.0851992
-0.082422
-0.0794816
-0.0763874
-0.0731507
-0.0697831
-0.0662989
-0.0627129
-0.0590416
-0.0553027
-0.0515154
-0.0476997
-0.043877
-0.0400698
-0.036301
-0.0325943
-0.0289741
-0.0254647
-0.0220907
-0.0188763
-0.0158453
-0.0130207
-0.0104246
-0.00807757
-0.00599895
-0.00420619
-0.00271485
-0.00153841
-0.000688142
-0.000173096
0
0
-0.000133676
-0.00051848
-0.00113868
-0.001979
-0.0030247
-0.00426151
-0.00567573
-0.00725415
-0.00898418
-0.0108537
-0.012851
-0.0149653
-0.0171858
-0.0195025
-0.0219058
-0.0243865
-0.0269358
-0.0295454
-0.0322072
-0.0349135
-0.0376569
-0.0404304
-0.0432269
-0.0460398
-0.0488626
-0.051689
-0.0545127
-0.0573274
-0.0601274
-0.0629065
-0.0656587
-0.0683784
-0.0710592
-0.0736952
-0.0762809
-0.0788098
-0.0812761
-0.0836735
-0.0859958
-0.088237
-0.0903907
-0.0924506
-0.0944104
-0.0962635
-0.0980035
-0.0996242
-0.101119
-0.102481
-0.103705
-0.104783
-0.105711
-0.106481
-0.107088
-0.107526
-0.10779
-0.107875
-0.107776
-0.107489
-0.107009
-0.106334
-0.10546
-0.104386
-0.10311
-0.101631
-0.0999487
-0.098065
-0.0959818
-0.0937019
-0.0912297
-0.0885707
-0.0857316
-0.0827208
-0.0795474
-0.0762228
-0.0727587
-0.0691697
-0.0654707
-0.0616787
-0.0578118
-0.0538897
-0.0499332
-0.0459644
-0.0420067
-0.0380839
-0.034221
-0.0304434
-0.0267769
-0.0232474
-0.0198807
-0.016702
-0.0137361
-0.0110066
-0.00853584
-0.00634484
-0.0044527
-0.00287662
-0.00163167
-0.000730647
-0.000184052
0
0
-0.000137016
-0.000531394
-0.00116698
-0.00202813
-0.00309969
-0.00436709
-0.00581627
-0.00743372
-0.00920655
-0.0111223
-0.0131692
-0.015336
-0.0176117
-0.0199862
-0.0224497
-0.0249926
-0.0276062
-0.0302818
-0.0330112
-0.0357867
-0.0386006
-0.0414458
-0.0443151
-0.0472018
-0.0500993
-0.0530012
-0.0559011
-0.0587927
-0.06167
-0.0645268
-0.0673571
-0.0701551
-0.0729144
-0.0756291
-0.0782934
-0.0809008
-0.0834454
-0.0859208
-0.0883208
-0.090639
-0.092869
-0.0950045
-0.0970389
-0.0989656
-0.100778
-0.102469
-0.104033
-0.105462
-0.106751
-0.107892
-0.10888
-0.109707
-0.110368
-0.110857
-0.111168
-0.111295
-0.111234
-0.11098
-0.110529
-0.109876
-0.10902
-0.107956
-0.106684
-0.105202
-0.103511
-0.10161
-0.0995012
-0.0971882
-0.0946744
-0.0919652
-0.0890673
-0.0859888
-0.0827388
-0.0793288
-0.0757705
-0.0720786
-0.0682683
-0.0643569
-0.060363
-0.0563068
-0.0522097
-0.0480946
-0.0439858
-0.039908
-0.0358874
-0.0319506
-0.0281247
-0.0244372
-0.0209151
-0.0175856
-0.0144749
-0.0116085
-0.00901046
-0.00670357
-0.00470873
-0.00304488
-0.00172882
-0.000774996
-0.000195507
0
0
-0.000140241
-0.000543873
-0.00119435
-0.00207566
-0.00317231
-0.00446937
-0.00595249
-0.00760786
-0.0094223
-0.0113831
-0.0134783
-0.0156962
-0.0180258
-0.0204567
-0.0229788
-0.0255826
-0.0282589
-0.0309991
-0.0337947
-0.0366379
-0.0395209
-0.0424363
-0.0453771
-0.0483362
-0.0513071
-0.0542832
-0.0572579
-0.0602251
-0.0631785
-0.066112
-0.0690193
-0.0718946
-0.0747315
-0.0775239
-0.080266
-0.0829512
-0.0855735
-0.0881264
-0.0906035
-0.0929985
-0.0953047
-0.0975157
-0.0996248
-0.101625
-0.10351
-0.105273
-0.106906
-0.108403
-0.109758
-0.110963
-0.112012
-0.112898
-0.113615
-0.114156
-0.114515
-0.114688
-0.114667
-0.114449
-0.114028
-0.113401
-0.112565
-0.111515
-0.110251
-0.108769
-0.107071
-0.105156
-0.103026
-0.100683
-0.0981306
-0.0953746
-0.0924211
-0.0892779
-0.0859543
-0.0824616
-0.0788116
-0.0750191
-0.0710996
-0.0670705
-0.062951
-0.0587617
-0.0545248
-0.0502636
-0.0460035
-0.0417702
-0.0375908
-0.0334934
-0.0295063
-0.0256583
-0.0219784
-0.0184951
-0.0152365
-0.0122298
-0.00950111
-0.00707496
-0.00497418
-0.00321961
-0.00182986
-0.000821199
-0.000207467
0
0
-0.000143344
-0.000555893
-0.00122073
-0.0021215
-0.00324238
-0.00456813
-0.00608411
-0.00777621
-0.009631
-0.0116355
-0.0137775
-0.0160451
-0.0184272
-0.0209129
-0.0234922
-0.0261552
-0.0288927
-0.0316958
-0.034556
-0.0374653
-0.0404157
-0.0433999
-0.0464105
-0.0494405
-0.0524832
-0.0555319
-0.0585802
-0.0616214
-0.0646496
-0.0676583
-0.0706414
-0.0735928
-0.0765061
-0.0793751
-0.082194
-0.0849561
-0.0876553
-0.0902849
-0.0928385
-0.0953097
-0.0976917
-0.0999779
-0.102162
-0.104236
-0.106193
-0.108027
-0.109731
-0.111297
-0.112718
-0.113988
-0.1151
-0.116046
-0.116819
-0.117415
-0.117825
-0.118044
-0.118066
-0.117886
-0.117499
-0.1169
-0.116086
-0.115053
-0.113799
-0.112322
-0.11062
-0.108694
-0.106546
-0.104176
-0.101589
-0.09879
-0.0957841
-0.0925797
-0.0891856
-0.0856133
-0.0818744
-0.0779841
-0.0739577
-0.0698131
-0.0655699
-0.061249
-0.0568732
-0.0524668
-0.0480556
-0.0436666
-0.039328
-0.035069
-0.0309191
-0.026909
-0.0230689
-0.0194293
-0.0160199
-0.0128699
-0.0100073
-0.00745874
-0.00524892
-0.00340073
-0.00193477
-0.000869254
-0.000219934
0
0
-0.000146319
-0.000567427
-0.00124607
-0.00216556
-0.00330977
-0.00466318
-0.00621085
-0.00793843
-0.00983221
-0.011879
-0.0140663
-0.0163821
-0.0188149
-0.0213539
-0.0239886
-0.0267091
-0.0295061
-0.0323704
-0.0352935
-0.038267
-0.0412832
-0.0443343
-0.047413
-0.0505122
-0.053625
-0.0567447
-0.0598647
-0.0629785
-0.0660798
-0.0691623
-0.0722195
-0.0752456
-0.078234
-0.0811783
-0.0840728
-0.0869106
-0.0896855
-0.0923909
-0.0950202
-0.0975668
-0.100024
-0.102385
-0.104643
-0.10679
-0.10882
-0.110726
-0.1125
-0.114135
-0.115623
-0.116959
-0.118134
-0.119141
-0.119973
-0.120624
-0.121086
-0.121354
-0.121421
-0.121281
-0.12093
-0.120362
-0.119574
-0.118561
-0.11732
-0.115849
-0.114148
-0.112215
-0.110052
-0.107659
-0.105041
-0.102202
-0.0991472
-0.0958851
-0.092424
-0.0887753
-0.0849509
-0.0809656
-0.0768352
-0.0725777
-0.0682129
-0.0637624
-0.0592494
-0.0546989
-0.0501375
-0.0455933
-0.0410953
-0.036674
-0.0323606
-0.0281868
-0.0241848
-0.0203866
-0.016824
-0.0135279
-0.0105286
-0.00785449
-0.00553269
-0.0035881
-0.00204348
-0.000919147
-0.000232909
0
0
-0.00014916
-0.000578453
-0.00127031
-0.00220775
-0.00337436
-0.00475433
-0.00633248
-0.0080942
-0.0100255
-0.0121131
-0.0143441
-0.0167064
-0.0191883
-0.0217787
-0.0244671
-0.0272433
-0.0300979
-0.0330215
-0.0360055
-0.0390415
-0.0421214
-0.0452375
-0.0483824
-0.0515489
-0.0547299
-0.0579188
-0.0611087
-0.0642932
-0.0674658
-0.0706203
-0.0737501
-0.0768492
-0.0799109
-0.0829291
-0.0858976
-0.0888097
-0.0916591
-0.094439
-0.0971428
-0.0997639
-0.102295
-0.10473
-0.107061
-0.109282
-0.111384
-0.113361
-0.115205
-0.116909
-0.118466
-0.119867
-0.121106
-0.122175
-0.123067
-0.123774
-0.12429
-0.124609
-0.124722
-0.124625
-0.124312
-0.123778
-0.123017
-0.122027
-0.120803
-0.119342
-0.117644
-0.115708
-0.113533
-0.111121
-0.108475
-0.1056
-0.1025
-0.0991843
-0.0956599
-0.0919385
-0.0880319
-0.0839551
-0.0797238
-0.0753563
-0.0708728
-0.066295
-0.0616469
-0.056954
-0.0522438
-0.0475452
-0.0428883
-0.0383049
-0.0338274
-0.0294891
-0.0253238
-0.0213653
-0.0176473
-0.0142028
-0.011064
-0.00826171
-0.00582516
-0.00378156
-0.00215593
-0.000970847
-0.000246387
0
0
-0.000151861
-0.000588951
-0.00129342
-0.00224799
-0.00343601
-0.00484142
-0.00644876
-0.00824322
-0.0102106
-0.0123373
-0.0146104
-0.0170174
-0.0195465
-0.0221865
-0.0249266
-0.0277566
-0.0306667
-0.0336477
-0.0366906
-0.0397869
-0.0429285
-0.0461076
-0.0493166
-0.0525482
-0.0557954
-0.0590513
-0.0623092
-0.0655623
-0.0688043
-0.0720288
-0.0752292
-0.0783994
-0.0815328
-0.0846229
-0.0876638
-0.0906486
-0.0935709
-0.0964239
-0.0992009
-0.101895
-0.104499
-0.107007
-0.109411
-0.111703
-0.113877
-0.115925
-0.117839
-0.119612
-0.121237
-0.122704
-0.124008
-0.125139
-0.126092
-0.126857
-0.127428
-0.127798
-0.12796
-0.127908
-0.127635
-0.127136
-0.126406
-0.125441
-0.124236
-0.122789
-0.121098
-0.119161
-0.116978
-0.114551
-0.111882
-0.108974
-0.105833
-0.102467
-0.0988832
-0.095093
-0.0911081
-0.0869434
-0.0826148
-0.0781407
-0.0735415
-0.0688394
-0.0640587
-0.0592257
-0.0543686
-0.049517
-0.0447023
-0.0399573
-0.0353158
-0.0308126
-0.0264832
-0.0223632
-0.0184881
-0.0148931
-0.0116126
-0.00867971
-0.0061259
-0.00398084
-0.00227197
-0.00102431
-0.000260359
0
0
-0.000154418
-0.000598905
-0.00131534
-0.00228622
-0.00349463
-0.00492428
-0.00655949
-0.00838523
-0.0103871
-0.0125513
-0.0148646
-0.0173145
-0.019889
-0.0225765
-0.0253663
-0.028248
-0.0312115
-0.0342476
-0.0373472
-0.0405017
-0.0437028
-0.0469426
-0.0502134
-0.053508
-0.0568191
-0.0601398
-0.0634633
-0.0667828
-0.070092
-0.0733843
-0.0766532
-0.0798924
-0.0830954
-0.0862556
-0.0893669
-0.0924225
-0.0954159
-0.0983402
-0.101189
-0.103954
-0.106631
-0.10921
-0.111685
-0.114049
-0.116293
-0.118411
-0.120395
-0.122236
-0.123928
-0.125462
-0.12683
-0.128024
-0.129038
-0.129861
-0.130489
-0.130912
-0.131124
-0.131118
-0.130887
-0.130426
-0.129729
-0.128792
-0.12761
-0.126179
-0.124498
-0.122564
-0.120377
-0.117938
-0.115248
-0.112312
-0.109135
-0.105722
-0.102083
-0.0982282
-0.094169
-0.0899205
-0.0854985
-0.0809215
-0.0762102
-0.0713872
-0.0664771
-0.0615068
-0.0565051
-0.0515027
-0.0465318
-0.0416264
-0.0368216
-0.0321538
-0.02766
-0.0233777
-0.0193444
-0.0155974
-0.0121734
-0.00910768
-0.00643438
-0.00418562
-0.00239144
-0.00107947
-0.000274813
0
0
-0.000156827
-0.000608299
-0.00133606
-0.00232238
-0.00355013
-0.00500279
-0.0066645
-0.00852
-0.0105547
-0.0127546
-0.0151063
-0.0175972
-0.0202149
-0.022948
-0.0257853
-0.0287164
-0.0317312
-0.0348201
-0.0379741
-0.0411843
-0.0444425
-0.0477406
-0.0510709
-0.0544259
-0.0577984
-0.0611815
-0.0645682
-0.0679518
-0.0713258
-0.0746835
-0.0780185
-0.0813245
-0.0845947
-0.0878226
-0.0910022
-0.0941265
-0.0971889
-0.100183
-0.103101
-0.105936
-0.108682
-0.111332
-0.113877
-0.11631
-0.118624
-0.120811
-0.122863
-0.124773
-0.126531
-0.128131
-0.129564
-0.130821
-0.131896
-0.132779
-0.133463
-0.13394
-0.134203
-0.134245
-0.134058
-0.133637
-0.132976
-0.132069
-0.130911
-0.1295
-0.127831
-0.125904
-0.123716
-0.121269
-0.118563
-0.115603
-0.112392
-0.108938
-0.105248
-0.101333
-0.0972038
-0.0928758
-0.0883646
-0.083689
-0.0788697
-0.0739295
-0.0688936
-0.0637893
-0.0586461
-0.0534955
-0.0483707
-0.0433067
-0.0383401
-0.0335085
-0.0288507
-0.024406
-0.0202139
-0.0163138
-0.0127448
-0.00954462
-0.00674992
-0.0043955
-0.00251414
-0.00113623
-0.000289731
0
0
-0.000159087
-0.000617122
-0.00135555
-0.00235643
-0.00360243
-0.00507685
-0.00676363
-0.00864732
-0.0107132
-0.012947
-0.0153352
-0.0178649
-0.0205239
-0.0233003
-0.0261828
-0.029161
-0.0322246
-0.035364
-0.0385698
-0.0418333
-0.045146
-0.0484998
-0.051887
-0.0552998
-0.0587312
-0.0621741
-0.0656214
-0.0690663
-0.0725025
-0.0759231
-0.0793216
-0.0826917
-0.0860267
-0.08932
-0.0925654
-0.095756
-0.0988852
-0.101946
-0.104932
-0.107835
-0.110649
-0.113366
-0.11598
-0.118481
-0.120863
-0.123118
-0.125237
-0.127213
-0.129038
-0.130703
-0.1322
-0.13352
-0.134656
-0.135598
-0.13634
-0.136872
-0.137187
-0.137278
-0.137137
-0.136757
-0.136133
-0.135259
-0.134129
-0.13274
-0.131087
-0.129169
-0.126984
-0.124532
-0.121815
-0.118834
-0.115595
-0.112103
-0.108366
-0.104395
-0.100201
-0.0957979
-0.0912022
-0.0864325
-0.0815096
-0.0764565
-0.071299
-0.0660646
-0.0607837
-0.0554881
-0.0502123
-0.0449923
-0.0398658
-0.034872
-0.0300513
-0.0254447
-0.0210938
-0.0170402
-0.0133253
-0.00998936
-0.00707173
-0.00460999
-0.00263979
-0.0011945
-0.000305087
0
0
-0.000161194
-0.000625367
-0.00137378
-0.00238832
-0.00365147
-0.00514636
-0.00685675
-0.00876703
-0.0108622
-0.0131281
-0.0155508
-0.0181174
-0.0208153
-0.0236327
-0.0265582
-0.029581
-0.0326909
-0.0358781
-0.0391332
-0.0424473
-0.0458118
-0.0492187
-0.0526599
-0.0561278
-0.0596153
-0.063115
-0.0666201
-0.0701237
-0.0736191
-0.0770998
-0.0805591
-0.0839906
-0.0873876
-0.0907435
-0.0940521
-0.0973063
-0.1005
-0.103625
-0.106676
-0.109645
-0.112524
-0.115307
-0.117987
-0.120555
-0.123003
-0.125324
-0.127509
-0.129551
-0.13144
-0.13317
-0.13473
-0.136112
-0.137309
-0.138311
-0.13911
-0.139698
-0.140066
-0.140206
-0.140112
-0.139775
-0.139191
-0.138351
-0.137251
-0.135886
-0.134252
-0.132347
-0.130168
-0.127715
-0.124989
-0.121992
-0.118729
-0.115204
-0.111425
-0.107403
-0.103148
-0.0986749
-0.0939996
-0.0891407
-0.084119
-0.078958
-0.0736835
-0.0683236
-0.062909
-0.0574726
-0.0520493
-0.0466765
-0.0413929
-0.0362392
-0.0312573
-0.0264901
-0.0219811
-0.0177741
-0.0139129
-0.0104405
-0.00739887
-0.0048285
-0.00276808
-0.00125413
-0.000320852
0
0
-0.000163148
-0.000633029
-0.00139075
-0.00241803
-0.00369722
-0.00521127
-0.00694378
-0.00887899
-0.0110018
-0.0132977
-0.0157528
-0.018354
-0.0210887
-0.0239447
-0.0269106
-0.0299756
-0.0331292
-0.0363615
-0.0396631
-0.043025
-0.0464386
-0.0498955
-0.0533878
-0.0569079
-0.0604484
-0.0640021
-0.067562
-0.0711211
-0.0746729
-0.0782106
-0.0817276
-0.0852175
-0.0886736
-0.0920891
-0.095458
-0.098773
-0.102028
-0.105215
-0.108328
-0.11136
-0.114302
-0.117149
-0.119892
-0.122524
-0.125036
-0.127422
-0.129671
-0.131776
-0.13373
-0.135522
-0.137145
-0.138589
-0.139846
-0.140907
-0.141763
-0.142406
-0.142827
-0.143018
-0.142972
-0.14268
-0.142135
-0.141332
-0.140264
-0.138926
-0.137314
-0.135424
-0.133255
-0.130805
-0.128074
-0.125065
-0.121781
-0.118227
-0.114411
-0.110343
-0.106032
-0.101494
-0.0967445
-0.0918016
-0.0866865
-0.0814228
-0.0760364
-0.070556
-0.0650127
-0.05944
-0.0538737
-0.048352
-0.0429149
-0.0376044
-0.0324638
-0.0275379
-0.0228722
-0.0185127
-0.0145056
-0.0108965
-0.00773024
-0.00505033
-0.00289862
-0.00131497
-0.000336985
0
0
-0.000164949
-0.000640108
-0.00140645
-0.00244557
-0.00373965
-0.00527153
-0.00702465
-0.00898311
-0.0111317
-0.0134556
-0.0159411
-0.0185747
-0.0213437
-0.0242358
-0.0272396
-0.0303441
-0.0335386
-0.0368133
-0.0401586
-0.0435653
-0.0470248
-0.0505288
-0.0540692
-0.0576383
-0.0612288
-0.0648332
-0.0684447
-0.0720561
-0.075661
-0.0792525
-0.082824
-0.0863691
-0.089881
-0.0933531
-0.096779
-0.100152
-0.103465
-0.106711
-0.109883
-0.112975
-0.115978
-0.118885
-0.12169
-0.124383
-0.126957
-0.129404
-0.131715
-0.133883
-0.135898
-0.137751
-0.139435
-0.140939
-0.142256
-0.143375
-0.144288
-0.144986
-0.145461
-0.145703
-0.145705
-0.145458
-0.144956
-0.144191
-0.143156
-0.141847
-0.140259
-0.138388
-0.136231
-0.133786
-0.131055
-0.128037
-0.124737
-0.121159
-0.117311
-0.113201
-0.10884
-0.104242
-0.0994238
-0.0944025
-0.0891998
-0.083839
-0.0783465
-0.0727512
-0.0670847
-0.0613811
-0.0556768
-0.050011
-0.0444247
-0.0389611
-0.0336653
-0.0285835
-0.0237634
-0.019253
-0.0151009
-0.0113556
-0.00806459
-0.00527468
-0.00303098
-0.00137681
-0.000353442
0
0
-0.000166599
-0.000646608
-0.00142089
-0.00247092
-0.00377877
-0.00532714
-0.00709934
-0.00907934
-0.0112518
-0.0136018
-0.0161154
-0.0187791
-0.0215799
-0.0245057
-0.0275447
-0.0306859
-0.0339185
-0.0372326
-0.0406185
-0.044067
-0.0475694
-0.0511173
-0.0547025
-0.0583173
-0.0619543
-0.0656062
-0.0692658
-0.0729262
-0.0765808
-0.0802227
-0.0838452
-0.0874421
-0.0910063
-0.0945315
-0.0980111
-0.101438
-0.104806
-0.108108
-0.111336
-0.114485
-0.117545
-0.12051
-0.123373
-0.126125
-0.128758
-0.131264
-0.133635
-0.135862
-0.137936
-0.13985
-0.141592
-0.143155
-0.14453
-0.145706
-0.146675
-0.147428
-0.147956
-0.148249
-0.1483
-0.148099
-0.147639
-0.146913
-0.145914
-0.144636
-0.143074
-0.141224
-0.139082
-0.136647
-0.133918
-0.130896
-0.127583
-0.123986
-0.12011
-0.115963
-0.111557
-0.106906
-0.102024
-0.0969302
-0.0916458
-0.0861941
-0.0806018
-0.0748978
-0.0691142
-0.0632856
-0.0574491
-0.0516447
-0.0459144
-0.0403026
-0.0348557
-0.0296218
-0.0246502
-0.0199913
-0.0156961
-0.0118156
-0.00840048
-0.00550063
-0.00316462
-0.00143943
-0.000370165
0
0
-0.0001681
-0.000652535
-0.00143408
-0.00249411
-0.00381459
-0.0053781
-0.00716785
-0.00916766
-0.011362
-0.0137361
-0.0162756
-0.018967
-0.0217973
-0.024754
-0.0278255
-0.0310005
-0.0342683
-0.0376188
-0.0410422
-0.0445293
-0.0480712
-0.0516596
-0.0552862
-0.0589433
-0.0626234
-0.0663191
-0.0700234
-0.0737291
-0.0774297
-0.0811183
-0.0847883
-0.0884332
-0.0920462
-0.0956207
-0.0991504
-0.102628
-0.106048
-0.109401
-0.112682
-0.115884
-0.118998
-0.122018
-0.124935
-0.127743
-0.130432
-0.132995
-0.135422
-0.137706
-0.139838
-0.141808
-0.143608
-0.145228
-0.146659
-0.147891
-0.148915
-0.149722
-0.150302
-0.150645
-0.150745
-0.15059
-0.150174
-0.149488
-0.148526
-0.14728
-0.145746
-0.143919
-0.141795
-0.139372
-0.136648
-0.133625
-0.130305
-0.126693
-0.122793
-0.118615
-0.11417
-0.10947
-0.10453
-0.0993706
-0.0940109
-0.0884749
-0.0827894
-0.0769835
-0.0710897
-0.0651428
-0.0591807
-0.053244
-0.0473757
-0.0416213
-0.0360285
-0.030647
-0.0255279
-0.0207238
-0.016288
-0.0122743
-0.00873629
-0.00572713
-0.00329897
-0.00150256
-0.00038709
0
0
-0.000169455
-0.000657903
-0.00144605
-0.00251517
-0.00384715
-0.00542447
-0.0072302
-0.00924809
-0.0114625
-0.0138585
-0.0164217
-0.0191383
-0.0219955
-0.0249805
-0.0280816
-0.0312875
-0.0345874
-0.0379711
-0.0414287
-0.044951
-0.0485291
-0.0521545
-0.0558191
-0.0595148
-0.0632343
-0.0669701
-0.0707152
-0.0744625
-0.0782053
-0.0819368
-0.0856503
-0.0893394
-0.0929973
-0.0966174
-0.100193
-0.103718
-0.107185
-0.110587
-0.113917
-0.117168
-0.120332
-0.123403
-0.126372
-0.129231
-0.131973
-0.134589
-0.13707
-0.139408
-0.141594
-0.143619
-0.145473
-0.147148
-0.148633
-0.149919
-0.150996
-0.151855
-0.152487
-0.15288
-0.153028
-0.152919
-0.152546
-0.151902
-0.150977
-0.149765
-0.148261
-0.146459
-0.144355
-0.141946
-0.139232
-0.136212
-0.132888
-0.129264
-0.125346
-0.121142
-0.116662
-0.111919
-0.106929
-0.101709
-0.0962808
-0.0906676
-0.084896
-0.0789956
-0.0729988
-0.0669411
-0.0608608
-0.054799
-0.0487996
-0.0429091
-0.0371766
-0.031653
-0.0263913
-0.0214462
-0.0168734
-0.0127291
-0.00907018
-0.00595299
-0.00343332
-0.00156591
-0.000404141
0
0
-0.00017067
-0.000662727
-0.00145682
-0.00253415
-0.00387652
-0.0054663
-0.00728649
-0.00932071
-0.0115532
-0.013969
-0.0165535
-0.019293
-0.0221744
-0.0251849
-0.0283128
-0.0315466
-0.0348754
-0.038289
-0.0417775
-0.0453316
-0.0489423
-0.0526011
-0.0562997
-0.0600304
-0.0637854
-0.0675575
-0.0713395
-0.0751243
-0.0789053
-0.0826757
-0.0864287
-0.0901579
-0.0938565
-0.097518
-0.101136
-0.104703
-0.108214
-0.11166
-0.115034
-0.118331
-0.121542
-0.124659
-0.127676
-0.130583
-0.133374
-0.13604
-0.138571
-0.14096
-0.143197
-0.145273
-0.147179
-0.148906
-0.150443
-0.151781
-0.152909
-0.153819
-0.1545
-0.154943
-0.155138
-0.155074
-0.154745
-0.154141
-0.153254
-0.152077
-0.150604
-0.148829
-0.146747
-0.144356
-0.141653
-0.138639
-0.135315
-0.131684
-0.127752
-0.123527
-0.119018
-0.114238
-0.109203
-0.10393
-0.0984407
-0.0927575
-0.0869075
-0.0809204
-0.0748288
-0.0686684
-0.0624779
-0.056299
-0.0501764
-0.0441574
-0.0382921
-0.032633
-0.0272348
-0.0221539
-0.0174484
-0.0131772
-0.00940014
-0.00617687
-0.00356693
-0.00162912
-0.00042123
0
0
-0.000171751
-0.000667027
-0.00146643
-0.0025511
-0.00390276
-0.00550368
-0.00733679
-0.00938559
-0.0116343
-0.0140677
-0.0166712
-0.0194311
-0.022334
-0.0253672
-0.0285188
-0.0317773
-0.0351319
-0.038572
-0.0420879
-0.0456702
-0.0493098
-0.0529982
-0.0567271
-0.0604887
-0.0642753
-0.0680796
-0.0718944
-0.0757126
-0.0795276
-0.0833325
-0.0871207
-0.0908857
-0.0946208
-0.0983193
-0.101975
-0.105581
-0.10913
-0.112616
-0.116031
-0.119369
-0.122621
-0.125782
-0.128842
-0.131794
-0.134629
-0.137341
-0.139918
-0.142354
-0.144639
-0.146763
-0.148718
-0.150493
-0.15208
-0.153466
-0.154644
-0.155603
-0.156332
-0.156822
-0.157062
-0.157044
-0.156758
-0.156194
-0.155345
-0.154204
-0.152762
-0.151015
-0.148957
-0.146586
-0.143897
-0.140892
-0.137571
-0.133937
-0.129996
-0.125754
-0.121222
-0.116412
-0.111338
-0.106019
-0.100475
-0.0947295
-0.0888093
-0.0827438
-0.076566
-0.0703117
-0.0640199
-0.0577329
-0.0514957
-0.0453567
-0.0393669
-0.0335799
-0.0280521
-0.0228418
-0.018009
-0.0136156
-0.00972393
-0.0063973
-0.00369894
-0.0016918
-0.000438258
0
0
-0.000172704
-0.000670829
-0.00147494
-0.0025661
-0.00392597
-0.00553674
-0.00738123
-0.00944288
-0.0117058
-0.0141547
-0.0167749
-0.0195525
-0.0224742
-0.0255273
-0.0286996
-0.0319796
-0.0353565
-0.0388197
-0.0423594
-0.0459661
-0.0496308
-0.0533449
-0.0571001
-0.0608886
-0.0647026
-0.0685348
-0.0723781
-0.0762253
-0.0800699
-0.083905
-0.0877238
-0.0915201
-0.0952871
-0.0990181
-0.102707
-0.106346
-0.10993
-0.113451
-0.116902
-0.120277
-0.123567
-0.126765
-0.129865
-0.132856
-0.135733
-0.138485
-0.141105
-0.143584
-0.145913
-0.148081
-0.150081
-0.151902
-0.153534
-0.154967
-0.156191
-0.157195
-0.15797
-0.158505
-0.15879
-0.158815
-0.158571
-0.158047
-0.157236
-0.15613
-0.154721
-0.153003
-0.15097
-0.14862
-0.145948
-0.142954
-0.13964
-0.136007
-0.13206
-0.127807
-0.123257
-0.118422
-0.113316
-0.107958
-0.102367
-0.0965679
-0.0905859
-0.0844511
-0.0781963
-0.0718576
-0.0654743
-0.0590888
-0.0527468
-0.0464972
-0.040392
-0.034486
-0.0288367
-0.0235042
-0.0185509
-0.0140406
-0.0100391
-0.00661265
-0.0038284
-0.00175353
-0.000455111
0
0
-0.000173539
-0.000674162
-0.00148239
-0.00257924
-0.00394627
-0.00556561
-0.00741998
-0.00949274
-0.0117679
-0.0142301
-0.0168646
-0.0196574
-0.0225952
-0.025665
-0.0288549
-0.0321532
-0.0355489
-0.0390317
-0.0425914
-0.0462188
-0.0499046
-0.0536403
-0.0574177
-0.0612287
-0.0650658
-0.0689216
-0.0727889
-0.0766607
-0.0805302
-0.0843908
-0.0882357
-0.0920585
-0.0958526
-0.0996113
-0.103328
-0.106997
-0.11061
-0.114162
-0.117644
-0.12105
-0.124373
-0.127605
-0.130738
-0.133765
-0.136678
-0.139467
-0.142125
-0.144643
-0.147011
-0.14922
-0.15126
-0.153123
-0.154797
-0.156272
-0.157539
-0.158587
-0.159405
-0.159983
-0.16031
-0.160376
-0.160172
-0.159687
-0.158914
-0.157842
-0.156465
-0.154777
-0.15277
-0.150442
-0.147789
-0.14481
-0.141505
-0.137876
-0.133929
-0.129669
-0.125106
-0.120252
-0.115121
-0.109731
-0.104102
-0.0982563
-0.0922215
-0.0860267
-0.0797049
-0.073292
-0.0668275
-0.0603542
-0.0539181
-0.0475685
-0.0413582
-0.0353429
-0.0295815
-0.0241355
-0.0190691
-0.0144488
-0.0103429
-0.00682111
-0.00395425
-0.00181381
-0.000471665
0
0
-0.000174265
-0.000677058
-0.00148885
-0.0025906
-0.00396378
-0.00559043
-0.00745319
-0.00953533
-0.0118208
-0.0142941
-0.0169405
-0.0197459
-0.0226968
-0.0257805
-0.0289847
-0.0322979
-0.035709
-0.0392076
-0.0427836
-0.0464275
-0.0501304
-0.0538836
-0.0576788
-0.061508
-0.0653637
-0.0692385
-0.0731252
-0.0770167
-0.0809065
-0.0847877
-0.0886537
-0.0924982
-0.0963144
-0.100096
-0.103836
-0.107529
-0.111167
-0.114743
-0.118251
-0.121684
-0.125035
-0.128295
-0.131458
-0.134515
-0.137458
-0.14028
-0.142971
-0.145522
-0.147925
-0.15017
-0.152247
-0.154147
-0.155859
-0.157374
-0.15868
-0.159767
-0.160625
-0.161242
-0.161609
-0.161714
-0.161549
-0.161101
-0.160363
-0.159326
-0.157981
-0.156322
-0.154343
-0.152038
-0.149405
-0.146442
-0.14315
-0.139529
-0.135584
-0.131322
-0.126752
-0.121885
-0.116735
-0.11132
-0.10566
-0.0997779
-0.0936995
-0.0874547
-0.0810763
-0.0746002
-0.0680659
-0.0615162
-0.0549976
-0.0485596
-0.0422556
-0.0361421
-0.0302789
-0.0247291
-0.0195587
-0.0148361
-0.0106325
-0.00702074
-0.00407534
-0.00187211
-0.000487777
0
0
-0.000174894
-0.000679553
-0.0014944
-0.00260029
-0.00397864
-0.00561138
-0.00748106
-0.00957085
-0.0118646
-0.0143468
-0.0170027
-0.019818
-0.0227793
-0.0258737
-0.029089
-0.0324136
-0.0358364
-0.039347
-0.0429353
-0.0465918
-0.0503075
-0.0540738
-0.0578824
-0.0617253
-0.0655949
-0.0694839
-0.0733852
-0.0772916
-0.0811966
-0.0850934
-0.0889755
-0.0928364
-0.0966696
-0.100468
-0.104227
-0.107938
-0.111595
-0.115191
-0.11872
-0.122175
-0.125547
-0.128831
-0.132017
-0.135099
-0.138069
-0.140917
-0.143635
-0.146216
-0.148648
-0.150924
-0.153033
-0.154966
-0.156712
-0.15826
-0.159602
-0.160725
-0.161619
-0.162273
-0.162676
-0.162818
-0.162688
-0.162276
-0.161572
-0.160567
-0.159253
-0.157624
-0.155671
-0.153391
-0.150779
-0.147835
-0.144556
-0.140946
-0.137008
-0.132749
-0.128176
-0.123302
-0.118141
-0.112709
-0.107026
-0.101115
-0.0950032
-0.0887187
-0.0822947
-0.0757669
-0.0691748
-0.0625613
-0.0559726
-0.0494589
-0.0430737
-0.0368742
-0.030921
-0.0252785
-0.020014
-0.0151983
-0.0109048
-0.00720942
-0.00419043
-0.00192784
-0.000503292
0
0
-0.000175436
-0.000681686
-0.00149909
-0.00260843
-0.00399099
-0.00562862
-0.00750376
-0.0095995
-0.0118996
-0.0143885
-0.0170513
-0.0198738
-0.0228425
-0.0259445
-0.0291675
-0.0325
-0.0359308
-0.0394494
-0.043046
-0.0467108
-0.0504351
-0.05421
-0.0580273
-0.0618792
-0.0657579
-0.0696563
-0.0735671
-0.0774833
-0.0813984
-0.0853057
-0.0891984
-0.0930705
-0.0969152
-0.100726
-0.104497
-0.108221
-0.111892
-0.115502
-0.119046
-0.122516
-0.125905
-0.129206
-0.132411
-0.135512
-0.138502
-0.141371
-0.144112
-0.146716
-0.149173
-0.151474
-0.15361
-0.15557
-0.157345
-0.158923
-0.160295
-0.16145
-0.162375
-0.163062
-0.163498
-0.163673
-0.163576
-0.163196
-0.162524
-0.161551
-0.160267
-0.158665
-0.156739
-0.154484
-0.151894
-0.148969
-0.145707
-0.142111
-0.138183
-0.13393
-0.12936
-0.124485
-0.119319
-0.113877
-0.10818
-0.102251
-0.0961149
-0.0898017
-0.0833437
-0.0767765
-0.0701394
-0.0634752
-0.0568302
-0.0502545
-0.0438018
-0.0375296
-0.0314995
-0.0257765
-0.0204294
-0.0155308
-0.0111563
-0.00738486
-0.00429814
-0.00198037
-0.00051804
0
0
-0.000175905
-0.000683497
-0.00150302
-0.00261512
-0.00400098
-0.00564231
-0.00752147
-0.00962144
-0.0119259
-0.0144192
-0.0170865
-0.0199135
-0.0228866
-0.0259929
-0.0292202
-0.0325568
-0.0359917
-0.0395145
-0.043115
-0.0467839
-0.0505121
-0.054291
-0.0581124
-0.0619683
-0.0658512
-0.0697538
-0.073669
-0.0775898
-0.0815096
-0.0854218
-0.0893198
-0.0931974
-0.097048
-0.100865
-0.104643
-0.108374
-0.112053
-0.115672
-0.119225
-0.122705
-0.126104
-0.129416
-0.132634
-0.135748
-0.138752
-0.141637
-0.144394
-0.147015
-0.149491
-0.151812
-0.153969
-0.155951
-0.157749
-0.159352
-0.16075
-0.16193
-0.162884
-0.163599
-0.164064
-0.164267
-0.1642
-0.16385
-0.163207
-0.162262
-0.161006
-0.159431
-0.157531
-0.1553
-0.152733
-0.149828
-0.146585
-0.143004
-0.13909
-0.134848
-0.130286
-0.125416
-0.12025
-0.114807
-0.109104
-0.103166
-0.0970169
-0.0906863
-0.0842065
-0.0776129
-0.0709444
-0.0642437
-0.0575569
-0.0509339
-0.0444285
-0.0380984
-0.0320055
-0.0262156
-0.0207988
-0.0158288
-0.0113836
-0.00754464
-0.00439703
-0.00202899
-0.000531832
0
0
-0.000176313
-0.000685026
-0.00150624
-0.00262047
-0.00400872
-0.00565261
-0.00753434
-0.00963682
-0.0119436
-0.0144391
-0.0171083
-0.0199368
-0.0229112
-0.0260185
-0.0292465
-0.0325836
-0.0360187
-0.0395413
-0.0431416
-0.04681
-0.0505375
-0.0543157
-0.0581361
-0.0619911
-0.065873
-0.0697746
-0.0736888
-0.0776086
-0.0815276
-0.0854391
-0.0893367
-0.0932141
-0.0970646
-0.100882
-0.10466
-0.108393
-0.112073
-0.115695
-0.119251
-0.122734
-0.126138
-0.129455
-0.132679
-0.1358
-0.138812
-0.141706
-0.144473
-0.147106
-0.149594
-0.151929
-0.154101
-0.156099
-0.157915
-0.159537
-0.160954
-0.162156
-0.163132
-0.16387
-0.164359
-0.164588
-0.164545
-0.164221
-0.163604
-0.162685
-0.161455
-0.159905
-0.158029
-0.155821
-0.153277
-0.150393
-0.14717
-0.143608
-0.13971
-0.135483
-0.130933
-0.126074
-0.120917
-0.115479
-0.10978
-0.103842
-0.0976909
-0.0913548
-0.084866
-0.0782595
-0.0715741
-0.0648519
-0.0581388
-0.0514843
-0.0449423
-0.0385702
-0.0324301
-0.0265883
-0.0211156
-0.0160873
-0.0115828
-0.00768618
-0.00448554
-0.00207298
-0.000544467
0
0
-0.000176674
-0.000686313
-0.00150884
-0.00262457
-0.00401435
-0.00565962
-0.00754248
-0.0096457
-0.0119528
-0.0144481
-0.0171165
-0.0199437
-0.0229162
-0.0260211
-0.0292462
-0.0325798
-0.0360109
-0.0395292
-0.0431247
-0.0467879
-0.05051
-0.0542823
-0.0580968
-0.0619455
-0.0658211
-0.0697162
-0.0736238
-0.0775371
-0.0814495
-0.0853545
-0.0892456
-0.0931167
-0.0969613
-0.100773
-0.104546
-0.108273
-0.111949
-0.115566
-0.119119
-0.122599
-0.126001
-0.129317
-0.132539
-0.135661
-0.138674
-0.141571
-0.144342
-0.146979
-0.149473
-0.151815
-0.153996
-0.156004
-0.157831
-0.159465
-0.160897
-0.162114
-0.163107
-0.163862
-0.164371
-0.164619
-0.164598
-0.164295
-0.1637
-0.162804
-0.161596
-0.160069
-0.158216
-0.156031
-0.153508
-0.150646
-0.147444
-0.143902
-0.140023
-0.135815
-0.131283
-0.12644
-0.121298
-0.115874
-0.110188
-0.104261
-0.0981184
-0.0917892
-0.0853047
-0.0786997
-0.0720124
-0.0652847
-0.0585617
-0.0518928
-0.0453312
-0.0389343
-0.0327639
-0.0268865
-0.0213735
-0.016301
-0.01175
-0.00780673
-0.004562
-0.00211152
-0.000555725
0
0
-0.000176999
-0.000687393
-0.00151086
-0.00262749
-0.00401792
-0.00566341
-0.00754591
-0.00964808
-0.0119534
-0.014446
-0.0171109
-0.0199338
-0.0229011
-0.026
-0.0292183
-0.0325444
-0.0359673
-0.0394767
-0.0430627
-0.046716
-0.0504276
-0.0541891
-0.0579922
-0.0618294
-0.065693
-0.069576
-0.0734712
-0.077372
-0.0812719
-0.0851643
-0.0890428
-0.0929013
-0.0967335
-0.100533
-0.104294
-0.10801
-0.111674
-0.11528
-0.118822
-0.122293
-0.125686
-0.128993
-0.132209
-0.135324
-0.138331
-0.141223
-0.14399
-0.146625
-0.149118
-0.151461
-0.153643
-0.155655
-0.157486
-0.159127
-0.160566
-0.161792
-0.162795
-0.163563
-0.164084
-0.164347
-0.164342
-0.164056
-0.163479
-0.162601
-0.161413
-0.159906
-0.158073
-0.155909
-0.153407
-0.150567
-0.147386
-0.143866
-0.14001
-0.135824
-0.131315
-0.126494
-0.121374
-0.115973
-0.110308
-0.104402
-0.0982808
-0.0919712
-0.0855049
-0.0789164
-0.0722433
-0.0655267
-0.0588115
-0.0521461
-0.0455832
-0.0391798
-0.0329972
-0.0271019
-0.0215654
-0.0164644
-0.0118812
-0.00790347
-0.00462467
-0.00214378
-0.000565373
0
0
-0.000177299
-0.000688294
-0.00151235
-0.00262929
-0.00401948
-0.00566398
-0.00754457
-0.00964382
-0.0119451
-0.0144325
-0.017091
-0.0199064
-0.0228651
-0.0259543
-0.0291618
-0.0324761
-0.0358864
-0.0393823
-0.042954
-0.0465923
-0.0502882
-0.0540334
-0.0578198
-0.0616397
-0.0654856
-0.0693505
-0.0732274
-0.0771096
-0.0809906
-0.0848641
-0.0887235
-0.092563
-0.0963761
-0.100157
-0.103899
-0.107596
-0.111242
-0.114831
-0.118355
-0.121809
-0.125185
-0.128477
-0.131678
-0.134779
-0.137773
-0.140653
-0.143409
-0.146035
-0.14852
-0.150855
-0.153031
-0.155039
-0.156868
-0.158507
-0.159947
-0.161176
-0.162182
-0.162955
-0.163484
-0.163756
-0.163761
-0.163487
-0.162923
-0.162059
-0.160886
-0.159396
-0.157581
-0.155436
-0.152955
-0.150136
-0.146978
-0.143482
-0.13965
-0.13549
-0.131008
-0.126215
-0.121125
-0.115754
-0.110121
-0.104248
-0.098159
-0.0918825
-0.0854491
-0.0788927
-0.0722504
-0.0655627
-0.0588736
-0.0522308
-0.0456861
-0.0392957
-0.0331205
-0.0272263
-0.0216845
-0.0165721
-0.011972
-0.00797342
-0.00467175
-0.00216886
-0.000573159
0
0
-0.000177585
-0.000689036
-0.00151334
-0.00262995
-0.00401896
-0.0056612
-0.00753826
-0.00963258
-0.0119274
-0.014407
-0.0170561
-0.0198606
-0.022807
-0.0258825
-0.029075
-0.0323732
-0.0357661
-0.0392437
-0.042796
-0.046414
-0.0500889
-0.0538122
-0.0575761
-0.0613728
-0.065195
-0.0690357
-0.072888
-0.0767451
-0.0806009
-0.0844487
-0.0882824
-0.092096
-0.0958831
-0.0996377
-0.103354
-0.107025
-0.110646
-0.114209
-0.117709
-0.121138
-0.124491
-0.127759
-0.130937
-0.134017
-0.13699
-0.13985
-0.142588
-0.145196
-0.147664
-0.149985
-0.152148
-0.154143
-0.155962
-0.157593
-0.159026
-0.160249
-0.161253
-0.162024
-0.162554
-0.162828
-0.162837
-0.162569
-0.162012
-0.161158
-0.159997
-0.15852
-0.15672
-0.154592
-0.15213
-0.149332
-0.146197
-0.142726
-0.138922
-0.134791
-0.130341
-0.125583
-0.120531
-0.115199
-0.109607
-0.103778
-0.0977344
-0.0915048
-0.0851195
-0.0786116
-0.0720177
-0.0653774
-0.0587337
-0.0521335
-0.0456276
-0.0392711
-0.0331239
-0.0272512
-0.0217237
-0.0166183
-0.0120182
-0.00801358
-0.00470135
-0.00218585
-0.000578818
0
0
-0.000177861
-0.000689622
-0.00151379
-0.00262941
-0.00401623
-0.00565481
-0.00752657
-0.00961379
-0.0118997
-0.0143685
-0.017005
-0.019795
-0.0227252
-0.0257829
-0.028956
-0.0322333
-0.035604
-0.039058
-0.0425857
-0.0461779
-0.0498259
-0.0535216
-0.0572568
-0.0610242
-0.0648164
-0.0686265
-0.0724476
-0.076273
-0.0800966
-0.0839119
-0.0877128
-0.0914933
-0.0952472
-0.0989684
-0.102651
-0.106289
-0.109877
-0.113407
-0.116874
-0.120271
-0.123592
-0.126829
-0.129976
-0.133026
-0.13597
-0.138802
-0.141513
-0.144095
-0.146539
-0.148836
-0.150977
-0.152953
-0.154753
-0.156367
-0.157785
-0.158996
-0.159988
-0.160751
-0.161274
-0.161544
-0.16155
-0.161282
-0.160728
-0.159878
-0.158724
-0.157256
-0.155469
-0.153355
-0.15091
-0.148133
-0.145021
-0.141577
-0.137803
-0.133707
-0.129294
-0.124577
-0.119569
-0.114286
-0.108747
-0.102973
-0.0969881
-0.0908202
-0.0844987
-0.0780565
-0.0715292
-0.0649556
-0.0583777
-0.0518412
-0.0453956
-0.0390949
-0.0329977
-0.0271681
-0.0216759
-0.0165973
-0.0120155
-0.00802088
-0.00471158
-0.0021938
-0.000582075
0
0
-0.000178128
-0.000690033
-0.00151364
-0.00262751
-0.004011
-0.00564437
-0.00750884
-0.0095866
-0.0118608
-0.0143156
-0.0169359
-0.0197076
-0.0226175
-0.0256528
-0.0288018
-0.0320532
-0.0353964
-0.0388214
-0.0423188
-0.0458793
-0.0494946
-0.0531563
-0.0568567
-0.0605883
-0.0643438
-0.0681164
-0.0718993
-0.075686
-0.0794703
-0.0832458
-0.0870065
-0.0907464
-0.0944594
-0.0981396
-0.101781
-0.105378
-0.108924
-0.112413
-0.115839
-0.119196
-0.122476
-0.125673
-0.128781
-0.131792
-0.134699
-0.137494
-0.140169
-0.142716
-0.145127
-0.147392
-0.149503
-0.15145
-0.153223
-0.154812
-0.156206
-0.157396
-0.15837
-0.159116
-0.159624
-0.159882
-0.159879
-0.159605
-0.159047
-0.158196
-0.157044
-0.155581
-0.153802
-0.151701
-0.149272
-0.146515
-0.143428
-0.140012
-0.136272
-0.132213
-0.127844
-0.123175
-0.11822
-0.112996
-0.10752
-0.101814
-0.0959018
-0.0898107
-0.0835699
-0.0772113
-0.0707697
-0.064283
-0.057792
-0.0513411
-0.0449785
-0.0387566
-0.0327326
-0.0269689
-0.0215341
-0.0165035
-0.0119595
-0.00799227
-0.00470053
-0.00219176
-0.00058266
0
0
-0.000178379
-0.00069022
-0.00151275
-0.00262397
-0.00400279
-0.00562918
-0.00748413
-0.00954973
-0.0118091
-0.0142464
-0.0168466
-0.0195958
-0.0224807
-0.0254889
-0.0286086
-0.0318288
-0.0351389
-0.0385292
-0.0419901
-0.0455128
-0.0490889
-0.0527101
-0.0563689
-0.0600577
-0.0637696
-0.0674976
-0.0712351
-0.0749755
-0.0787129
-0.0824409
-0.0861535
-0.0898449
-0.093509
-0.0971399
-0.100732
-0.104279
-0.107775
-0.111215
-0.114591
-0.117898
-0.121129
-0.124278
-0.127337
-0.130301
-0.13316
-0.135909
-0.138539
-0.141042
-0.14341
-0.145634
-0.147705
-0.149614
-0.151351
-0.152905
-0.154268
-0.155428
-0.156374
-0.157095
-0.157581
-0.15782
-0.1578
-0.157512
-0.156944
-0.156087
-0.154932
-0.153471
-0.151697
-0.149605
-0.147192
-0.144454
-0.141392
-0.138008
-0.134304
-0.130289
-0.125968
-0.121355
-0.116463
-0.111307
-0.105906
-0.100282
-0.0944573
-0.0884594
-0.0823167
-0.0760604
-0.0697245
-0.0633457
-0.0569638
-0.0506214
-0.0443654
-0.0382462
-0.0323194
-0.0266456
-0.0212918
-0.0163314
-0.0118459
-0.00792471
-0.00466631
-0.00217879
-0.000580304
0
0
-0.000178597
-0.000690093
-0.0015109
-0.00261836
-0.00399093
-0.00560823
-0.00745106
-0.00950143
-0.0117425
-0.0141583
-0.0167342
-0.0194561
-0.0223111
-0.0252868
-0.0283717
-0.0315548
-0.0348258
-0.038175
-0.0415931
-0.0450713
-0.0486012
-0.052175
-0.0557849
-0.0594237
-0.0630844
-0.0667601
-0.0704444
-0.0741307
-0.0778131
-0.0814855
-0.0851417
-0.0887761
-0.0923827
-0.0959556
-0.0994893
-0.102978
-0.106415
-0.109796
-0.113113
-0.116361
-0.119533
-0.122624
-0.125625
-0.128531
-0.131334
-0.134027
-0.136602
-0.139051
-0.141367
-0.14354
-0.145561
-0.147422
-0.149113
-0.150624
-0.151945
-0.153065
-0.153975
-0.154663
-0.155118
-0.155329
-0.155286
-0.154977
-0.154393
-0.153523
-0.15236
-0.150896
-0.149125
-0.147041
-0.144642
-0.141924
-0.138889
-0.135538
-0.131876
-0.127909
-0.123645
-0.119096
-0.114275
-0.1092
-0.103887
-0.0983584
-0.0926374
-0.0867496
-0.0807234
-0.0745892
-0.0683799
-0.0621312
-0.0558811
-0.0496712
-0.0435461
-0.0375547
-0.0317502
-0.0261912
-0.0209426
-0.0160759
-0.0116708
-0.00781529
-0.00460706
-0.00215396
-0.000574733
0
0
-0.000178752
-0.000689512
-0.00150774
-0.00261007
-0.00397443
-0.00558013
-0.00740779
-0.00943936
-0.011658
-0.0140479
-0.0165945
-0.019284
-0.0221035
-0.0250409
-0.0280847
-0.0312244
-0.0344496
-0.0377509
-0.0411192
-0.0445456
-0.0480221
-0.0515408
-0.0550942
-0.0586751
-0.0622765
-0.0658917
-0.0695144
-0.0731381
-0.076757
-0.0803648
-0.0839557
-0.0875241
-0.091064
-0.0945697
-0.0980357
-0.101456
-0.104825
-0.108137
-0.111385
-0.114564
-0.117668
-0.12069
-0.123623
-0.126461
-0.129197
-0.131824
-0.134334
-0.136719
-0.138971
-0.141082
-0.143044
-0.144846
-0.146481
-0.147938
-0.149208
-0.15028
-0.151144
-0.151789
-0.152206
-0.152381
-0.152306
-0.15197
-0.151362
-0.150475
-0.149299
-0.147829
-0.146057
-0.14398
-0.141593
-0.138897
-0.135891
-0.132577
-0.128961
-0.125049
-0.120849
-0.116374
-0.111637
-0.106654
-0.101443
-0.0960261
-0.0904252
-0.0846659
-0.0787757
-0.0727843
-0.0667236
-0.0606277
-0.0545336
-0.0484806
-0.0425119
-0.0366738
-0.0310175
-0.0255992
-0.0204811
-0.0157325
-0.0114305
-0.00766137
-0.00452106
-0.00211638
-0.000565681
0
0
-0.000178797
-0.000688266
-0.00150279
-0.00259822
-0.00395197
-0.00554301
-0.00735185
-0.00936041
-0.0115519
-0.0139108
-0.0164226
-0.0190737
-0.0218514
-0.0247439
-0.02774
-0.0308291
-0.0340014
-0.0372473
-0.0405579
-0.0439247
-0.0473397
-0.0507951
-0.0542835
-0.0577979
-0.0613313
-0.0648772
-0.0684293
-0.0719812
-0.0755272
-0.0790611
-0.0825771
-0.0860698
-0.0895331
-0.0929616
-0.0963497
-0.0996916
-0.102982
-0.106214
-0.109383
-0.112483
-0.115507
-0.11845
-0.121304
-0.124064
-0.126721
-0.129271
-0.131704
-0.134014
-0.136192
-0.138231
-0.140122
-0.141855
-0.143424
-0.144817
-0.146025
-0.147038
-0.147847
-0.148441
-0.148809
-0.148941
-0.148826
-0.148455
-0.147819
-0.146908
-0.145716
-0.144235
-0.142461
-0.140389
-0.138017
-0.135343
-0.132369
-0.129098
-0.125534
-0.121685
-0.117559
-0.113168
-0.108527
-0.10365
-0.0985571
-0.093268
-0.0878053
-0.082194
-0.0764606
-0.0706339
-0.0647445
-0.0588255
-0.0529119
-0.0470416
-0.0412552
-0.035597
-0.0301155
-0.0248643
-0.0199027
-0.0152972
-0.011122
-0.00746066
-0.00440681
-0.00206526
-0.000552902
0
0
-0.000178658
-0.000686059
-0.00149539
-0.00258166
-0.00392176
-0.00549442
-0.00728005
-0.00926062
-0.0114195
-0.0137414
-0.0162119
-0.0188178
-0.0215468
-0.024387
-0.0273277
-0.0303584
-0.0334695
-0.0366517
-0.0398962
-0.0431948
-0.0465393
-0.0499224
-0.0533366
-0.056775
-0.0602309
-0.0636978
-0.0671694
-0.0706395
-0.0741024
-0.0775521
-0.0809829
-0.0843892
-0.0877654
-0.0911058
-0.0944052
-0.0976577
-0.100858
-0.104
-0.107078
-0.110087
-0.11302
-0.115872
-0.118636
-0.121305
-0.123873
-0.126333
-0.128678
-0.130901
-0.132994
-0.134949
-0.136757
-0.138411
-0.139902
-0.14122
-0.142356
-0.143301
-0.144045
-0.144578
-0.144889
-0.144969
-0.144808
-0.144396
-0.143725
-0.142786
-0.141573
-0.14008
-0.138302
-0.136236
-0.133879
-0.131232
-0.128295
-0.125072
-0.121568
-0.117791
-0.113749
-0.109456
-0.104924
-0.10017
-0.0952111
-0.0900685
-0.0847638
-0.0793212
-0.0737667
-0.0681277
-0.0624339
-0.0567166
-0.0510093
-0.0453477
-0.0397704
-0.0343192
-0.0290397
-0.0239826
-0.0192041
-0.0147671
-0.0107429
-0.00721138
-0.0042631
-0.00199993
-0.000536187
0
0
-0.000178239
-0.000682489
-0.00148463
-0.00255884
-0.00388153
-0.00543122
-0.00718832
-0.00913495
-0.0112547
-0.0135325
-0.0159545
-0.0185075
-0.0211795
-0.0239591
-0.0268357
-0.0297992
-0.03284
-0.0359491
-0.039118
-0.0423385
-0.0456027
-0.0489033
-0.0522331
-0.0555852
-0.058953
-0.0623302
-0.0657105
-0.0690878
-0.0724565
-0.0758107
-0.0791448
-0.0824534
-0.0857307
-0.0889713
-0.09217
-0.0953212
-0.0984194
-0.101459
-0.104434
-0.10734
-0.11017
-0.112918
-0.115579
-0.118145
-0.120611
-0.12297
-0.125215
-0.127338
-0.129333
-0.131192
-0.132907
-0.13447
-0.135872
-0.137104
-0.138158
-0.139024
-0.139693
-0.140156
-0.140402
-0.140422
-0.140207
-0.139748
-0.139037
-0.138067
-0.136831
-0.135325
-0.133544
-0.131485
-0.129147
-0.12653
-0.123636
-0.12047
-0.117036
-0.113342
-0.109398
-0.105216
-0.10081
-0.0961953
-0.0913901
-0.086414
-0.0812886
-0.0760373
-0.070685
-0.0652582
-0.059785
-0.0542954
-0.0488209
-0.0433951
-0.0380542
-0.0328375
-0.0277876
-0.0229518
-0.0183831
-0.0141406
-0.0102917
-0.00691233
-0.0040891
-0.00191994
-0.000515376
0
0
-0.000177403
-0.000677022
-0.00146937
-0.0025278
-0.00382834
-0.00534941
-0.00707154
-0.00897711
-0.0110501
-0.0132757
-0.0156403
-0.0181314
-0.0207372
-0.0234466
-0.0262492
-0.0291352
-0.0320954
-0.035121
-0.0382035
-0.0413349
-0.0445077
-0.0477145
-0.0509484
-0.0542025
-0.0574705
-0.0607459
-0.0640228
-0.0672952
-0.0705574
-0.0738036
-0.0770284
-0.0802265
-0.0833922
-0.0865201
-0.0896052
-0.0926419
-0.095625
-0.0985489
-0.101408
-0.104197
-0.106911
-0.109542
-0.112086
-0.114537
-0.116888
-0.119132
-0.121263
-0.123275
-0.12516
-0.126911
-0.12852
-0.129979
-0.131281
-0.132416
-0.133377
-0.134155
-0.13474
-0.135124
-0.135297
-0.135251
-0.134976
-0.134465
-0.13371
-0.132706
-0.131447
-0.129927
-0.128145
-0.126097
-0.123783
-0.121204
-0.118363
-0.115263
-0.11191
-0.108314
-0.104483
-0.100429
-0.096167
-0.0917116
-0.0870806
-0.0822932
-0.0773703
-0.0723344
-0.0672094
-0.0620205
-0.0567944
-0.0515593
-0.0463448
-0.0411824
-0.0361058
-0.0311513
-0.0263586
-0.0217716
-0.0174394
-0.0134172
-0.00976791
-0.00656308
-0.00388444
-0.00182503
-0.000490374
0
0
-0.000175969
-0.000668959
-0.0014481
-0.00248603
-0.00375852
-0.00524404
-0.00692342
-0.0087794
-0.0107964
-0.0129601
-0.0152574
-0.0176761
-0.0202048
-0.0228328
-0.02555
-0.028347
-0.0312147
-0.0341445
-0.0371283
-0.0401583
-0.0432269
-0.0463272
-0.0494521
-0.0525951
-0.0557498
-0.0589101
-0.06207
-0.0652237
-0.0683655
-0.0714899
-0.0745914
-0.0776649
-0.0807048
-0.0837057
-0.0866629
-0.0895709
-0.0924245
-0.0952183
-0.0979471
-0.100605
-0.103188
-0.105689
-0.108102
-0.110423
-0.112644
-0.114761
-0.116765
-0.118652
-0.120414
-0.122043
-0.123534
-0.124878
-0.126069
-0.127097
-0.127955
-0.128634
-0.129127
-0.129424
-0.129518
-0.129398
-0.129059
-0.128493
-0.127693
-0.126655
-0.125372
-0.123843
-0.122064
-0.120034
-0.117752
-0.11522
-0.112442
-0.109422
-0.106166
-0.102684
-0.098983
-0.0950774
-0.0909798
-0.0867057
-0.0822722
-0.0776979
-0.0730027
-0.0682082
-0.063337
-0.0584132
-0.0534617
-0.0485089
-0.0435825
-0.0387116
-0.0339273
-0.0292629
-0.0247551
-0.0204439
-0.0163746
-0.0125981
-0.00917244
-0.00616411
-0.00364931
-0.00171523
-0.00046116
0
0
-0.000173699
-0.000657409
-0.00141895
-0.00243042
-0.00366753
-0.00510905
-0.00673626
-0.00853246
-0.0104827
-0.0125731
-0.0147912
-0.0171252
-0.0195642
-0.0220978
-0.0247165
-0.0274109
-0.0301723
-0.0329924
-0.0358633
-0.0387774
-0.0417273
-0.0447061
-0.0477072
-0.050724
-0.0537503
-0.0567802
-0.0598076
-0.062827
-0.0658329
-0.0688198
-0.0717823
-0.0747153
-0.0776135
-0.0804718
-0.0832853
-0.0860486
-0.088757
-0.091405
-0.0939876
-0.0964996
-0.0989357
-0.101291
-0.103559
-0.105735
-0.107812
-0.109786
-0.11165
-0.113398
-0.115023
-0.11652
-0.11788
-0.119098
-0.120166
-0.121076
-0.121822
-0.122395
-0.122787
-0.122992
-0.123
-0.122803
-0.122397
-0.121774
-0.12093
-0.119859
-0.118559
-0.117025
-0.115257
-0.113253
-0.111014
-0.108543
-0.105843
-0.10292
-0.0997786
-0.0964291
-0.0928805
-0.0891452
-0.0852362
-0.0811684
-0.0769583
-0.0726237
-0.0681836
-0.0636584
-0.0590694
-0.0544392
-0.049791
-0.0451493
-0.0405395
-0.0359884
-0.0315244
-0.0271779
-0.0229821
-0.0189733
-0.0151927
-0.0116864
-0.00850757
-0.00571694
-0.00338459
-0.00159093
-0.000427813
0
0
-0.000170285
-0.000641245
-0.00137958
-0.00235714
-0.00354988
-0.00493712
-0.00650085
-0.00822511
-0.0100956
-0.0120993
-0.0142242
-0.0164591
-0.0187936
-0.0212177
-0.0237222
-0.0262983
-0.0289374
-0.0316314
-0.0343729
-0.0371542
-0.0399684
-0.0428088
-0.0456687
-0.0485419
-0.0514223
-0.054304
-0.0571814
-0.0600488
-0.0629009
-0.0657324
-0.0685381
-0.0713129
-0.0740518
-0.0767496
-0.0794017
-0.082003
-0.0845488
-0.0870338
-0.0894532
-0.0918021
-0.0940754
-0.0962679
-0.0983747
-0.10039
-0.102309
-0.104126
-0.105835
-0.10743
-0.108906
-0.110256
-0.111475
-0.112555
-0.113491
-0.114274
-0.1149
-0.115359
-0.115646
-0.115752
-0.115671
-0.115397
-0.114924
-0.114247
-0.113362
-0.112265
-0.110953
-0.109424
-0.107678
-0.105714
-0.103534
-0.101141
-0.0985374
-0.0957302
-0.0927257
-0.0895329
-0.086161
-0.082622
-0.0789285
-0.0750949
-0.0711369
-0.0670712
-0.0629158
-0.0586898
-0.054413
-0.0501063
-0.045791
-0.0414897
-0.0372256
-0.0330228
-0.028907
-0.0249056
-0.0210482
-0.0173674
-0.0139
-0.0106874
-0.00777727
-0.00522434
-0.00309193
-0.00145287
-0.000390526
0
0
-0.000165338
-0.000619076
-0.00132717
-0.0022616
-0.00339901
-0.0047196
-0.00620633
-0.00784419
-0.00961978
-0.0115208
-0.013536
-0.0156548
-0.0178672
-0.020164
-0.0225361
-0.0249751
-0.0274729
-0.0300217
-0.0326141
-0.0352431
-0.0379017
-0.0405835
-0.0432821
-0.0459913
-0.0487054
-0.0514186
-0.0541254
-0.0568203
-0.0594983
-0.062154
-0.0647825
-0.067379
-0.0699384
-0.0724559
-0.0749271
-0.0773469
-0.0797109
-0.0820141
-0.0842519
-0.0864195
-0.0885122
-0.0905253
-0.0924539
-0.0942928
-0.0960371
-0.097682
-0.0992217
-0.100651
-0.101965
-0.103158
-0.104224
-0.105157
-0.105952
-0.106601
-0.1071
-0.107441
-0.107619
-0.107625
-0.107456
-0.107105
-0.10657
-0.105845
-0.104927
-0.103813
-0.102502
-0.100992
-0.0992841
-0.0973781
-0.095276
-0.0929812
-0.090498
-0.0878322
-0.0849905
-0.0819819
-0.0788153
-0.0755023
-0.0720548
-0.0684866
-0.0648122
-0.0610473
-0.0572085
-0.0533135
-0.0493804
-0.0454282
-0.0414765
-0.0375455
-0.033656
-0.0298297
-0.0260894
-0.0224594
-0.0189657
-0.0156372
-0.012506
-0.00960881
-0.00698747
-0.00469048
-0.0027739
-0.00130231
-0.000349632
0
0
-0.000158372
-0.000589215
-0.00125831
-0.00213841
-0.00320729
-0.00444645
-0.00584012
-0.00737446
-0.00903709
-0.0108166
-0.0127026
-0.0146851
-0.0167548
-0.0189029
-0.0211209
-0.0234007
-0.0257347
-0.0281154
-0.0305358
-0.032989
-0.0354684
-0.0379679
-0.0404813
-0.0430028
-0.0455266
-0.0480474
-0.0505597
-0.0530584
-0.0555385
-0.057995
-0.0604231
-0.0628182
-0.0651755
-0.0674903
-0.0697584
-0.0719752
-0.0741363
-0.076237
-0.0782731
-0.08024
-0.0821335
-0.0839489
-0.085682
-0.0873279
-0.0888821
-0.0903403
-0.0916972
-0.0929484
-0.094089
-0.095114
-0.0960184
-0.0967967
-0.0974442
-0.097955
-0.098324
-0.0985454
-0.0986135
-0.0985231
-0.0982699
-0.0978499
-0.0972603
-0.0964979
-0.0955602
-0.0944454
-0.0931526
-0.0916816
-0.0900328
-0.0882078
-0.0862088
-0.0840395
-0.0817046
-0.0792099
-0.076562
-0.0737697
-0.0708412
-0.0677879
-0.0646206
-0.0613521
-0.0579958
-0.0545661
-0.0510781
-0.0475476
-0.0439911
-0.0404256
-0.0368685
-0.0333378
-0.0298518
-0.0264296
-0.0230912
-0.0198575
-0.0167513
-0.0137973
-0.0110233
-0.00846091
-0.00614621
-0.00412111
-0.0024341
-0.00114102
-0.000305626
0
0
-0.000148792
-0.000549668
-0.00116911
-0.00198139
-0.00296605
-0.00410631
-0.00538799
-0.00679863
-0.00832703
-0.00996284
-0.0116964
-0.0135187
-0.015421
-0.017395
-0.0194329
-0.0215271
-0.0236703
-0.0258555
-0.0280762
-0.0303257
-0.0325979
-0.0348868
-0.0371867
-0.039492
-0.0417973
-0.0440974
-0.0463873
-0.0486619
-0.0509167
-0.0531468
-0.0553477
-0.0575152
-0.0596445
-0.0617313
-0.0637718
-0.0657616
-0.0676965
-0.0695724
-0.0713851
-0.0731307
-0.0748052
-0.0764044
-0.0779244
-0.0793609
-0.0807099
-0.0819675
-0.0831291
-0.0841909
-0.0851486
-0.0859978
-0.0867344
-0.0873535
-0.0878512
-0.0882224
-0.0884628
-0.0885675
-0.0885318
-0.0883521
-0.0880254
-0.0875488
-0.0869205
-0.0861382
-0.0852004
-0.0841063
-0.0828556
-0.0814489
-0.0798873
-0.0781729
-0.0763082
-0.0742972
-0.0721446
-0.0698561
-0.0674382
-0.0648989
-0.0622461
-0.05949
-0.0566408
-0.0537097
-0.0507089
-0.0476512
-0.0445499
-0.0414191
-0.0382732
-0.035127
-0.0319958
-0.028895
-0.0258407
-0.0228492
-0.0199374
-0.0171233
-0.0144261
-0.0118665
-0.00946804
-0.00725703
-0.00526388
-0.00352374
-0.00207731
-0.000971417
-0.000259203
0
0
-0.000135893
-0.000498168
-0.00105522
-0.00178378
-0.00266583
-0.00368678
-0.00483431
-0.00609754
-0.00746662
-0.00893232
-0.010486
-0.0121194
-0.0138247
-0.0155942
-0.0174208
-0.0192974
-0.0212173
-0.0231742
-0.0251617
-0.0271739
-0.029205
-0.0312495
-0.033302
-0.0353573
-0.0374105
-0.0394566
-0.0414909
-0.0435089
-0.0455062
-0.0474783
-0.0494212
-0.0513307
-0.0532027
-0.0550331
-0.0568185
-0.0585547
-0.0602381
-0.0618649
-0.0634314
-0.0649341
-0.0663693
-0.0677335
-0.0690233
-0.0702349
-0.0713648
-0.0724098
-0.0733659
-0.07423
-0.0749985
-0.0756677
-0.0762343
-0.0766943
-0.0770445
-0.0772808
-0.0773996
-0.077397
-0.0772698
-0.0770161
-0.0766337
-0.0761209
-0.0754766
-0.0746995
-0.073789
-0.072745
-0.0715679
-0.070259
-0.0688197
-0.0672525
-0.0655601
-0.0637466
-0.0618165
-0.0597751
-0.0576286
-0.0553842
-0.053049
-0.050632
-0.0481421
-0.0455892
-0.0429838
-0.0403369
-0.0376599
-0.0349649
-0.032264
-0.02957
-0.0268955
-0.0242537
-0.021658
-0.0191219
-0.0166596
-0.0142858
-0.0120163
-0.00986804
-0.00786001
-0.00601359
-0.00435336
-0.00290773
-0.00170957
-0.00079661
-0.000211297
0
0
-0.000118887
-0.000432307
-0.000912121
-0.00153861
-0.00229685
-0.00317489
-0.00416251
-0.0052506
-0.00643076
-0.00769504
-0.0090359
-0.0104461
-0.0119187
-0.0134469
-0.0150243
-0.0166446
-0.0183019
-0.0199903
-0.0217043
-0.0234385
-0.0251877
-0.0269469
-0.0287112
-0.0304759
-0.0322367
-0.033989
-0.0357287
-0.0374515
-0.0391537
-0.0408312
-0.0424802
-0.0440973
-0.0456786
-0.0472206
-0.0487203
-0.0501739
-0.0515784
-0.0529304
-0.0542268
-0.0554645
-0.0566405
-0.0577518
-0.0587955
-0.0597686
-0.0606682
-0.0614916
-0.0622358
-0.0628982
-0.0634761
-0.0639665
-0.064367
-0.0646745
-0.0648866
-0.065
-0.0650121
-0.0649204
-0.0647234
-0.0644201
-0.0640091
-0.0634897
-0.0628614
-0.0621239
-0.0612771
-0.0603216
-0.0592584
-0.058089
-0.0568153
-0.0554397
-0.053965
-0.0523952
-0.0507342
-0.0489869
-0.0471587
-0.0452558
-0.0432843
-0.0412518
-0.0391657
-0.0370343
-0.0348662
-0.0326703
-0.0304562
-0.0282335
-0.0260121
-0.0238023
-0.0216145
-0.0194591
-0.0173468
-0.0152887
-0.0132959
-0.01138
-0.0095535
-0.00782961
-0.00622303
-0.00475024
-0.00343011
-0.0022844
-0.00133828
-0.000620503
-0.000163124
0
0
-9.69789e-05
-0.000349832
-0.000735705
-0.00123949
-0.00185
-0.00255816
-0.00335609
-0.00423657
-0.00519282
-0.00621833
-0.00730685
-0.00845235
-0.00964898
-0.0108911
-0.0121732
-0.01349
-0.0148365
-0.0162077
-0.0175989
-0.0190054
-0.020423
-0.0218472
-0.023274
-0.0246993
-0.0261194
-0.0275305
-0.028929
-0.0303114
-0.0316743
-0.0330143
-0.0343284
-0.0356136
-0.0368666
-0.0380845
-0.0392648
-0.0404045
-0.041501
-0.0425516
-0.0435538
-0.0445052
-0.0454033
-0.0462458
-0.0470305
-0.0477551
-0.0484175
-0.0490155
-0.0495472
-0.0500105
-0.0504036
-0.0507244
-0.0509712
-0.0511419
-0.0512348
-0.0512476
-0.0511789
-0.0510279
-0.0507939
-0.0504765
-0.0500752
-0.0495898
-0.0490205
-0.0483676
-0.0476315
-0.0468131
-0.0459138
-0.0449351
-0.043879
-0.0427478
-0.041544
-0.040271
-0.0389322
-0.0375317
-0.0360738
-0.0345635
-0.0330056
-0.0314061
-0.0297707
-0.0281057
-0.0264179
-0.0247139
-0.0230011
-0.0212866
-0.0195781
-0.0178833
-0.0162099
-0.0145659
-0.0129593
-0.0113984
-0.00989144
-0.0084472
-0.00707475
-0.00578378
-0.00458489
-0.00348986
-0.0025121
-0.00166695
-0.000972131
-0.000447784
-0.000116221
0
0
-6.95688e-05
-0.000249251
-0.000523286
-0.000882014
-0.00131829
-0.0018261
-0.00239998
-0.00303478
-0.00372556
-0.00446748
-0.00525588
-0.00608623
-0.00695411
-0.00785524
-0.00878547
-0.00974081
-0.0107174
-0.0117114
-0.0127193
-0.0137375
-0.0147627
-0.0157915
-0.0168209
-0.0178478
-0.0188692
-0.0198823
-0.0208843
-0.0218725
-0.0228445
-0.0237976
-0.0247295
-0.025638
-0.0265206
-0.0273752
-0.0281999
-0.0289926
-0.0297513
-0.0304741
-0.0311593
-0.031805
-0.0324097
-0.0329718
-0.0334897
-0.033962
-0.0343872
-0.0347641
-0.0350914
-0.0353678
-0.0355923
-0.0357637
-0.035881
-0.0359434
-0.0359488
-0.0358971
-0.0357878
-0.0356209
-0.0353962
-0.0351137
-0.0347735
-0.0343758
-0.0339212
-0.0334102
-0.0328435
-0.0322221
-0.0315472
-0.0308204
-0.0300432
-0.0292175
-0.0283454
-0.0274293
-0.0264718
-0.0254759
-0.0244446
-0.0233814
-0.0222897
-0.0211736
-0.0200369
-0.0188839
-0.0177192
-0.0165472
-0.0153728
-0.0142008
-0.0130363
-0.0118844
-0.0107502
-0.00963922
-0.00855669
-0.00750811
-0.00649908
-0.00553533
-0.00462285
-0.00376792
-0.00297732
-0.00225844
-0.00161958
-0.00107014
-0.000620828
-0.000283778
-7.24479e-05
0
0
-3.67138e-05
-0.000130973
-0.000275419
-0.000465953
-0.000699333
-0.000972545
-0.00128268
-0.0016269
-0.00200244
-0.00240655
-0.00283659
-0.00328997
-0.00376416
-0.00425671
-0.00476523
-0.00528743
-0.00582106
-0.00636396
-0.00691403
-0.00746925
-0.00802764
-0.00858733
-0.00914646
-0.00970328
-0.0102561
-0.0108032
-0.0113431
-0.0118741
-0.0123949
-0.012904
-0.0134
-0.0138817
-0.0143477
-0.0147968
-0.015228
-0.0156401
-0.0160321
-0.0164029
-0.0167516
-0.0170773
-0.0173791
-0.0176564
-0.0179082
-0.018134
-0.0183331
-0.0185048
-0.0186487
-0.0187642
-0.0188509
-0.0189083
-0.018936
-0.0189356
-0.0189028
-0.0188399
-0.0187469
-0.0186238
-0.0184708
-0.018288
-0.0180758
-0.0178344
-0.0175643
-0.0172661
-0.0169403
-0.0165876
-0.0162089
-0.0158051
-0.0153772
-0.0149263
-0.0144536
-0.0139605
-0.0134483
-0.0129186
-0.0123731
-0.0118135
-0.0112416
-0.0106594
-0.0100689
-0.00947217
-0.00887147
-0.00826906
-0.00766729
-0.00706858
-0.00647542
-0.00589035
-0.00531597
-0.00475493
-0.00420994
-0.00368374
-0.00317914
-0.00269903
-0.00224637
-0.00182423
-0.00143587
-0.00108473
-0.000774575
-0.000509547
-0.00029425
-0.000133765
-3.37625e-05
0
0
0
0
0
0
0
0
0
0
0
0
0
0
0
0
0
0
0
0
0
0
0
0
0
0
0
0
0
0
0
0
0
0
0
0
0
0
0
0
0
0
0
0
0
0
0
0
0
0
0
0
0
0
0
0
0
0
0
0
0
0
0
0
0
0
0
0
0
0
0
0
0
0
0
0
0
0
0
0
0
0
0
0
0
0
0
0
0
0
0
0
0
0
0
0
0
0
0
0
0
0
0
3.35e-11
2.453e-10
-3.68e-10
5.76e-10
1.299e-09
-9.4e-11
-3.125e-09
6.866e-09
-7.463e-09
7.9e-10
1.449e-08
7.24e-09
-6.5e-10
2.27e-09
8.498e-09
2.12e-09
1.81e-09
1e-09
-5e-09
7.5e-09
-8.8e-09
-5.5e-09
-1.25e-08
3.15e-08
-8.8e-09
-2.61e-08
-5.85e-08
-2e-10
-4.39e-08
-3.4e-08
2.14e-08
-7.69e-08
-5.06e-08
6.87e-08
5.9e-09
-7.6e-09
-1.289e-07
-1.331e-07
-9.57e-08
-4.17e-08
-1.83e-08
6.08e-08
-3.66e-08
-2.4e-08
1.95e-08
-7.86e-08
8.51e-08
1.071e-07
3.78e-08
7.68e-08
-1.218e-07
-1.48e-08
-1.438e-07
-1.62e-08
-3.8e-09
-3e-10
2.54e-08
3.542e-08
-9.15e-08
9.58e-08
-2.06e-08
-1.168e-07
-1.622e-07
-3.93e-08
1.111e-07
1.266e-07
4.9e-08
-3.32e-08
1.3e-08
6.39e-08
1.129e-07
-1.7e-09
1.042e-07
-1.1261e-07
8.19e-08
-5.06e-08
3.76e-08
3.1e-08
1.45e-08
-2.98e-08
-1.7e-08
3.98e-08
1.377e-08
1.08e-09
-1.513e-08
-2.787e-08
8.09e-09
1.6505e-08
2.16579e-08
2.22e-09
1.665e-09
1.9054e-08
8.272e-09
3.19e-09
8.1e-10
-3.66e-10
1.908e-09
1.6011e-09
8.3e-12
0
0
1.39005e-07
4.42319e-07
7.56936e-07
9.83683e-07
1.06466e-06
9.69261e-07
6.86531e-07
2.2957e-07
-4.34145e-07
-1.24939e-06
-2.22276e-06
-3.36884e-06
-4.65495e-06
-6.05711e-06
-7.57041e-06
-9.19867e-06
-1.09115e-05
-1.27044e-05
-1.45713e-05
-1.64784e-05
-1.84633e-05
-2.04688e-05
-2.25158e-05
-2.4535e-05
-2.66539e-05
-2.87575e-05
-3.08767e-05
-3.28989e-05
-3.50097e-05
-3.7047e-05
-3.90122e-05
-4.10982e-05
-4.30201e-05
-4.48031e-05
-4.67159e-05
-4.85206e-05
-5.0368e-05
-5.20267e-05
-5.35658e-05
-5.50037e-05
-5.63813e-05
-5.76059e-05
-5.89035e-05
-5.99812e-05
-6.09123e-05
-6.18634e-05
-6.24253e-05
-6.29963e-05
-6.3521e-05
-6.3795e-05
-6.416e-05
-6.40692e-05
-6.40611e-05
-6.36409e-05
-6.31788e-05
-6.25677e-05
-6.17764e-05
-6.08435e-05
-5.98921e-05
-5.84734e-05
-5.72092e-05
-5.57799e-05
-5.41608e-05
-5.2241e-05
-5.0169e-05
-4.8116e-05
-4.605e-05
-4.3893e-05
-4.1524e-05
-3.9079e-05
-3.6578e-05
-3.41968e-05
-3.1566e-05
-2.9244e-05
-2.65125e-05
-2.41257e-05
-2.15522e-05
-1.91235e-05
-1.6771e-05
-1.45285e-05
-1.23268e-05
-1.01939e-05
-8.2712e-06
-6.4762e-06
-4.83849e-06
-3.3627e-06
-2.01394e-06
-8.773e-07
6.446e-08
7.85513e-07
1.32659e-06
1.68769e-06
1.82789e-06
1.79157e-06
1.595e-06
1.26687e-06
8.57107e-07
4.32977e-07
1.0524e-07
0
0
4.42708e-07
1.24893e-06
2.0046e-06
2.43068e-06
2.35021e-06
1.66176e-06
3.175e-07
-1.68168e-06
-4.36437e-06
-7.66001e-06
-1.15526e-05
-1.60295e-05
-2.10281e-05
-2.64929e-05
-3.23871e-05
-3.86827e-05
-4.53179e-05
-5.22581e-05
-5.94678e-05
-6.6885e-05
-7.45204e-05
-8.22911e-05
-9.01931e-05
-9.81335e-05
-0.000106217
-0.000114307
-0.000122413
-0.000130403
-0.000138441
-0.000146345
-0.000154099
-0.000161876
-0.000169371
-0.000176593
-0.00018379
-0.000190707
-0.000197474
-0.000203844
-0.000209866
-0.00021554
-0.000220888
-0.000225802
-0.000230488
-0.000234637
-0.000238305
-0.000241642
-0.000244225
-0.000246437
-0.000248209
-0.000249324
-0.000250113
-0.000250019
-0.000249574
-0.000248276
-0.000246492
-0.000244113
-0.000241107
-0.000237518
-0.000233474
-0.000228531
-0.000223326
-0.000217549
-0.000211194
-0.000204167
-0.000196641
-0.000188809
-0.000180669
-0.000172172
-0.00016323
-0.000154013
-0.000144579
-0.000135142
-0.000125374
-0.000115875
-0.00010597
-9.64579e-05
-8.6851e-05
-7.75256e-05
-6.84574e-05
-5.97238e-05
-5.12984e-05
-4.32501e-05
-3.57596e-05
-2.87814e-05
-2.2379e-05
-1.6588e-05
-1.14001e-05
-6.9228e-06
-3.15564e-06
-1.3525e-07
2.17666e-06
3.78668e-06
4.67219e-06
4.91136e-06
4.57321e-06
3.76444e-06
2.64542e-06
1.43314e-06
4.30435e-07
0
0
7.60359e-07
2.00988e-06
3.02284e-06
3.30494e-06
2.53075e-06
5.03793e-07
-2.87692e-06
-7.63219e-06
-1.3789e-05
-2.12589e-05
-2.99961e-05
-3.99504e-05
-5.10165e-05
-6.30932e-05
-7.60964e-05
-8.99503e-05
-0.000104545
-0.000119801
-0.000135635
-0.000151943
-0.000168692
-0.000185758
-0.000203099
-0.000220582
-0.000238278
-0.000256013
-0.000273762
-0.00029136
-0.000308939
-0.000326285
-0.000343349
-0.000360275
-0.000376727
-0.000392683
-0.00040836
-0.000423475
-0.000438126
-0.000452038
-0.000465229
-0.000477671
-0.000489357
-0.000500149
-0.000510227
-0.000519254
-0.00052726
-0.00053437
-0.000540137
-0.000544922
-0.000548634
-0.000551038
-0.000552448
-0.000552293
-0.000551093
-0.000548339
-0.000544391
-0.000539139
-0.000532551
-0.000524677
-0.000515654
-0.000505052
-0.000493525
-0.000480784
-0.000466849
-0.000451658
-0.000435418
-0.000418362
-0.00040053
-0.000381921
-0.000362499
-0.000342488
-0.000322004
-0.000301324
-0.000280181
-0.000259243
-0.000237902
-0.000217024
-0.000196193
-0.000175853
-0.00015605
-0.000136928
-0.000118527
-0.00010098
-8.45274e-05
-6.91811e-05
-5.50564e-05
-4.22357e-05
-3.07509e-05
-2.07424e-05
-1.22337e-05
-5.2755e-06
1.6883e-07
4.1187e-06
6.582e-06
7.68853e-06
7.58535e-06
6.48853e-06
4.70622e-06
2.6468e-06
8.53368e-07
0
0
9.90656e-07
2.44316e-06
3.31195e-06
2.87857e-06
6.59049e-07
-3.64727e-06
-1.02016e-05
-1.9051e-05
-3.02223e-05
-4.36071e-05
-5.9125e-05
-7.66808e-05
-9.61171e-05
-0.000117276
-0.000140014
-0.000164193
-0.000189645
-0.000216227
-0.000243799
-0.000272197
-0.000301333
-0.000331028
-0.000361187
-0.000391626
-0.000422367
-0.000453188
-0.000484017
-0.000514643
-0.000545155
-0.000575294
-0.000604969
-0.000634281
-0.000662852
-0.000690619
-0.000717759
-0.000743946
-0.000769238
-0.000793321
-0.000816173
-0.000837725
-0.000857934
-0.000876622
-0.000893932
-0.000909492
-0.000923297
-0.000935439
-0.000945439
-0.000953629
-0.000959892
-0.000963968
-0.00096615
-0.000965848
-0.000963568
-0.000958792
-0.000951871
-0.000942695
-0.000931234
-0.000917546
-0.00090178
-0.000883526
-0.000863461
-0.000841326
-0.000817175
-0.000790989
-0.00076302
-0.000733555
-0.00070269
-0.000670488
-0.000636981
-0.000602466
-0.000567135
-0.000531347
-0.000494918
-0.000458603
-0.000421884
-0.000385715
-0.000349774
-0.000314595
-0.000280314
-0.000247164
-0.000215272
-0.000184854
-0.000156229
-0.000129484
-0.0001048
-8.23207e-05
-6.21291e-05
-4.44071e-05
-2.92081e-05
-1.65994e-05
-6.54505e-06
9.9206e-07
6.05884e-06
8.84966e-06
9.60525e-06
8.67075e-06
6.52272e-06
3.78436e-06
1.26797e-06
0
0
1.07627e-06
2.36802e-06
2.5353e-06
6.45666e-07
-3.93779e-06
-1.16176e-05
-2.26149e-05
-3.70026e-05
-5.4806e-05
-7.5894e-05
-0.000100147
-0.000127419
-0.000157493
-0.000190145
-0.000225162
-0.000262336
-0.000301424
-0.000342213
-0.00038449
-0.000428023
-0.000472653
-0.000518137
-0.000564313
-0.000610935
-0.000657963
-0.000705117
-0.000752265
-0.000799141
-0.000845777
-0.00089186
-0.000937245
-0.00098198
-0.00102563
-0.00106809
-0.00110948
-0.00114943
-0.00118793
-0.00122464
-0.00125946
-0.0012923
-0.00132306
-0.00135151
-0.00137775
-0.00140136
-0.00142231
-0.00144063
-0.00145582
-0.00146817
-0.00147752
-0.0014836
-0.00148667
-0.00148612
-0.00148243
-0.00147508
-0.00146442
-0.00145032
-0.00143277
-0.00141184
-0.00138768
-0.00135991
-0.00132925
-0.00129545
-0.00125864
-0.00121883
-0.00117634
-0.00113151
-0.00108452
-0.0010355
-0.000984568
-0.000932112
-0.000878416
-0.000823936
-0.000768592
-0.000713243
-0.00065748
-0.000602365
-0.000547688
-0.000494092
-0.000441824
-0.000391223
-0.000342522
-0.000296035
-0.000252179
-0.000211127
-0.000173142
-0.00013844
-0.000107164
-7.95466e-05
-5.56751e-05
-3.56361e-05
-1.93946e-05
-6.893e-06
1.95987e-06
7.43018e-06
9.86164e-06
9.73812e-06
7.71471e-06
4.63977e-06
1.60601e-06
0
0
9.85754e-07
1.67465e-06
4.75368e-07
-3.73265e-06
-1.17223e-05
-2.39872e-05
-4.08013e-05
-6.22583e-05
-8.83774e-05
-0.000119
-0.000153964
-0.000193065
-0.000236019
-0.000282531
-0.000332308
-0.000385062
-0.00044047
-0.000498234
-0.000558061
-0.000619638
-0.000682726
-0.000747006
-0.000812239
-0.000878106
-0.000944494
-0.00101105
-0.00107758
-0.00114375
-0.00120952
-0.00127452
-0.00133853
-0.00140155
-0.00146307
-0.00152293
-0.00158119
-0.0016374
-0.00169153
-0.00174314
-0.00179211
-0.00183826
-0.00188145
-0.00192139
-0.00195813
-0.00199121
-0.00202053
-0.0020461
-0.00206734
-0.00208453
-0.00209747
-0.00210585
-0.00210989
-0.00210897
-0.00210357
-0.00209312
-0.00207798
-0.00205803
-0.00203325
-0.00200372
-0.00196962
-0.00193061
-0.00188741
-0.00183986
-0.0017881
-0.00173223
-0.00167261
-0.00160968
-0.00154368
-0.00147485
-0.00140339
-0.00132979
-0.00125445
-0.00117794
-0.0011003
-0.0010225
-0.00094426
-0.000866773
-0.000789954
-0.000714573
-0.000641004
-0.000569709
-0.000501041
-0.000435431
-0.000373404
-0.000315236
-0.000261282
-0.000211841
-0.000167125
-0.000127424
-9.28643e-05
-6.35562e-05
-3.94663e-05
-2.05163e-05
-6.5689e-06
2.71678e-06
7.79077e-06
9.27825e-06
8.01505e-06
5.0745e-06
1.82576e-06
0
0
7.03674e-07
2.99667e-07
-3.00145e-06
-1.04732e-05
-2.29996e-05
-4.11478e-05
-6.5232e-05
-9.5357e-05
-0.000131529
-0.000173555
-0.000221222
-0.000274264
-0.000332324
-0.000395026
-0.000461992
-0.000532846
-0.000607174
-0.000684588
-0.000764703
-0.000847116
-0.0009315
-0.00101745
-0.00110464
-0.00119267
-0.00128134
-0.00137022
-0.00145904
-0.00154738
-0.00163514
-0.00172185
-0.00180726
-0.00189125
-0.00197327
-0.00205307
-0.00213065
-0.00220551
-0.00227751
-0.00234618
-0.00241132
-0.00247268
-0.00253006
-0.00258311
-0.00263183
-0.00267569
-0.00271454
-0.00274832
-0.00277644
-0.0027991
-0.00281607
-0.002827
-0.0028321
-0.00283071
-0.00282327
-0.00280924
-0.00278893
-0.00276224
-0.00272915
-0.00268977
-0.0026443
-0.00259242
-0.0025349
-0.00247163
-0.0024028
-0.00232858
-0.00224941
-0.00216581
-0.00207813
-0.00198668
-0.00189179
-0.00179406
-0.00169402
-0.00159235
-0.00148922
-0.00138576
-0.00128182
-0.00117873
-0.00107655
-0.000976184
-0.000878161
-0.000783075
-0.000691416
-0.000603742
-0.000520701
-0.000442684
-0.000370148
-0.000303484
-0.000242985
-0.000189002
-0.000141708
-0.000101241
-6.75708e-05
-4.06018e-05
-2.01513e-05
-5.8048e-06
2.99264e-06
7.00506e-06
7.24419e-06
4.99966e-06
1.90281e-06
0
0
2.23318e-07
-1.78945e-06
-7.97042e-06
-1.97052e-05
-3.79589e-05
-6.33495e-05
-9.62142e-05
-0.000136656
-0.000184656
-0.000239981
-0.000302359
-0.000371454
-0.00044683
-0.000528023
-0.000614562
-0.000705978
-0.000801757
-0.000901412
-0.00100446
-0.0011104
-0.00121881
-0.00132918
-0.0014411
-0.00155408
-0.00166782
-0.00178181
-0.00189568
-0.00200893
-0.00212138
-0.00223248
-0.00234188
-0.0024494
-0.00255441
-0.00265657
-0.0027558
-0.00285152
-0.00294354
-0.00303129
-0.0031145
-0.00319286
-0.00326609
-0.00333378
-0.00339586
-0.00345172
-0.00350117
-0.0035441
-0.00357984
-0.00360857
-0.00363
-0.00364374
-0.00364997
-0.00364799
-0.00363824
-0.00362015
-0.00359403
-0.00355978
-0.0035174
-0.00346699
-0.0034088
-0.00334254
-0.00326902
-0.00318819
-0.00310031
-0.00300561
-0.00290463
-0.00279797
-0.00268608
-0.00256939
-0.00244835
-0.00232369
-0.00219605
-0.00206626
-0.00193466
-0.0018025
-0.0016698
-0.00153803
-0.00140741
-0.00127902
-0.00115352
-0.00103167
-0.000914095
-0.000801507
-0.000694683
-0.000594141
-0.00050045
-0.000414103
-0.000335482
-0.000265006
-0.000202903
-0.000149341
-0.000104301
-6.76723e-05
-3.92314e-05
-1.84944e-05
-4.80656e-06
2.72795e-06
5.28682e-06
4.36181e-06
1.82393e-06
0
0
-4.56478e-07
-4.6057e-06
-1.44672e-05
-3.1496e-05
-5.67047e-05
-9.0736e-05
-0.00013393
-0.00018637
-0.000248003
-0.00031854
-0.000397644
-0.0004849
-0.000579786
-0.000681743
-0.000790202
-0.00090459
-0.00102429
-0.00114871
-0.00127725
-0.00140932
-0.00154438
-0.00168183
-0.00182115
-0.00196174
-0.00210322
-0.00224497
-0.00238653
-0.00252731
-0.00266703
-0.00280505
-0.00294093
-0.00307441
-0.00320476
-0.00333156
-0.00345465
-0.00357336
-0.00368741
-0.00379616
-0.00389925
-0.0039963
-0.00408695
-0.00417072
-0.00424745
-0.0043165
-0.00437758
-0.00443052
-0.00447461
-0.00450996
-0.00453625
-0.00455305
-0.00456048
-0.00455783
-0.00454551
-0.00452293
-0.00449042
-0.00444785
-0.00439524
-0.00433272
-0.00426056
-0.0041785
-0.00408743
-0.00398732
-0.00387853
-0.00376136
-0.00363644
-0.00350447
-0.00336601
-0.00322162
-0.00307186
-0.0029176
-0.00275964
-0.00259895
-0.00243602
-0.00227227
-0.00210788
-0.00194449
-0.0017825
-0.00162314
-0.00146725
-0.00131575
-0.00116943
-0.00102914
-0.000895824
-0.000770121
-0.00065273
-0.000544253
-0.000445168
-0.000355974
-0.000276959
-0.000208328
-0.00015008
-0.000102095
-6.41153e-05
-3.55942e-05
-1.5786e-05
-3.67315e-06
2.07408e-06
3.13107e-06
1.58306e-06
0
0
-1.33396e-06
-8.14936e-06
-2.25007e-05
-4.58691e-05
-7.92798e-05
-0.000123372
-0.000178464
-0.000244606
-0.000321689
-0.000409361
-0.000507207
-0.000614724
-0.000731297
-0.000856265
-0.000988952
-0.00112868
-0.00127471
-0.00142634
-0.00158288
-0.0017436
-0.00190786
-0.00207494
-0.00224422
-0.00241499
-0.00258677
-0.00275883
-0.00293061
-0.00310142
-0.00327087
-0.00343823
-0.00360297
-0.00376472
-0.00392266
-0.00407628
-0.00422533
-0.00436904
-0.00450705
-0.00463862
-0.00476332
-0.00488067
-0.00499024
-0.00509145
-0.0051841
-0.00526744
-0.00534112
-0.00540492
-0.00545806
-0.00550059
-0.00553214
-0.00555222
-0.00556095
-0.00555757
-0.00554246
-0.00551502
-0.00547556
-0.00542397
-0.00536028
-0.00528464
-0.00519734
-0.00509818
-0.00498809
-0.00486711
-0.00473567
-0.00459415
-0.0044433
-0.0042839
-0.00411665
-0.00394221
-0.0037613
-0.00357493
-0.00338405
-0.00318979
-0.00299282
-0.00279471
-0.00259582
-0.00239799
-0.00220179
-0.00200862
-0.0018195
-0.00163554
-0.00145769
-0.00128698
-0.0011245
-0.000971024
-0.000827402
-0.000694352
-0.000572457
-0.000462303
-0.000364246
-0.000278539
-0.000205204
-0.000144121
-9.50056e-05
-5.72592e-05
-3.00551e-05
-1.22675e-05
-2.4305e-06
1.294e-06
1.17852e-06
0
0
-2.40551e-06
-1.24126e-05
-3.20614e-05
-6.28173e-05
-0.000105682
-0.000161263
-0.000229832
-0.000311383
-0.000405738
-0.000512467
-0.000631065
-0.000760932
-0.000901349
-0.00105155
-0.00121074
-0.00137812
-0.00155285
-0.0017341
-0.00192105
-0.00211287
-0.00230879
-0.00250798
-0.0027097
-0.00291313
-0.00311767
-0.00332249
-0.00352692
-0.00373015
-0.0039317
-0.00413073
-0.00432659
-0.00451883
-0.00470651
-0.00488904
-0.00506605
-0.00523669
-0.0054005
-0.00555664
-0.0057046
-0.0058438
-0.00597372
-0.0060937
-0.00620346
-0.00630218
-0.00638941
-0.00646489
-0.00652776
-0.00657801
-0.00661522
-0.00663885
-0.00664899
-0.00664484
-0.00662675
-0.00659412
-0.00654723
-0.00648599
-0.00641044
-0.00632075
-0.00621724
-0.00609976
-0.00596928
-0.00582594
-0.00567022
-0.0055026
-0.00532393
-0.00513511
-0.00493694
-0.00473025
-0.00451588
-0.004295
-0.00406871
-0.00383834
-0.00360469
-0.00336956
-0.00313347
-0.00289846
-0.00266527
-0.00243552
-0.00221042
-0.00199124
-0.00177914
-0.00157531
-0.001381
-0.00119717
-0.00102479
-0.000864723
-0.000717659
-0.000584284
-0.00046503
-0.000360208
-0.000269873
-0.000193913
-0.00013203
-8.35815e-05
-4.76745e-05
-2.30892e-05
-8.2415e-06
-1.15229e-06
6.11233e-07
0
0
-3.66641e-06
-1.73824e-05
-4.3128e-05
-8.23121e-05
-0.000135879
-0.000204371
-0.000287992
-0.000386656
-0.0005001
-0.000627799
-0.000769146
-0.000923433
-0.00108983
-0.00126744
-0.00145537
-0.00165269
-0.00185843
-0.00207164
-0.00229137
-0.00251667
-0.00274664
-0.00298035
-0.00321691
-0.00345539
-0.00369508
-0.00393502
-0.00417443
-0.0044124
-0.00464831
-0.00488124
-0.00511041
-0.00533526
-0.00555477
-0.0057682
-0.00597511
-0.00617454
-0.00636592
-0.00654832
-0.00672112
-0.00688366
-0.00703533
-0.00717536
-0.0073034
-0.00741854
-0.00752026
-0.00760823
-0.0076815
-0.00774002
-0.00778331
-0.00781078
-0.00782246
-0.00781754
-0.00779634
-0.00775823
-0.00770349
-0.00763204
-0.00754392
-0.00743933
-0.00731862
-0.00718169
-0.00702957
-0.00686246
-0.00668094
-0.00648557
-0.0062773
-0.00605716
-0.00582608
-0.00558502
-0.00533498
-0.00507729
-0.00481322
-0.00454426
-0.00427142
-0.00399668
-0.00372076
-0.00344589
-0.00317303
-0.00290398
-0.00264016
-0.00238305
-0.00213399
-0.00189437
-0.0016656
-0.00144882
-0.00124517
-0.00105562
-0.000881014
-0.000722135
-0.000579505
-0.000453501
-0.000344222
-0.000251577
-0.000175263
-0.00011461
-6.86712e-05
-3.61489e-05
-1.53595e-05
-4.20446e-06
-1.16232e-07
0
0
-5.11137e-06
-2.30426e-05
-5.56707e-05
-0.00010431
-0.000169812
-0.000252626
-0.000352861
-0.00047033
-0.000604665
-0.00075523
-0.000921304
-0.00110206
-0.00129654
-0.00150373
-0.0017226
-0.00195209
-0.00219111
-0.00243857
-0.00269339
-0.00295449
-0.00322085
-0.00349139
-0.00376511
-0.00404097
-0.00431811
-0.00459546
-0.00487211
-0.00514704
-0.00541952
-0.00568849
-0.00595308
-0.0062126
-0.00646592
-0.0067122
-0.00695088
-0.00718089
-0.00740155
-0.00761184
-0.00781103
-0.00799837
-0.00817313
-0.00833447
-0.00848194
-0.00861454
-0.00873167
-0.00883293
-0.0089173
-0.00898465
-0.00903445
-0.00906607
-0.00907948
-0.00907383
-0.00904943
-0.00900562
-0.00894267
-0.00886051
-0.00875919
-0.00863893
-0.00850011
-0.00834269
-0.00816776
-0.00797558
-0.00776682
-0.00754214
-0.0073026
-0.00704935
-0.00678345
-0.00650601
-0.00621818
-0.00592146
-0.0056173
-0.00530738
-0.0049929
-0.00467603
-0.00435771
-0.00404036
-0.00372517
-0.00341416
-0.00310894
-0.0028112
-0.0025225
-0.00224441
-0.00197856
-0.00172624
-0.00148876
-0.00126727
-0.00106272
-0.000876031
-0.000707818
-0.000558537
-0.000428342
-0.000317177
-0.000224747
-0.000150367
-9.30517e-05
-5.14433e-05
-2.37768e-05
-7.8555e-06
-1.00061e-06
0
0
-6.73477e-06
-2.93747e-05
-6.96543e-05
-0.000128756
-0.000207408
-0.000305935
-0.000424326
-0.000562271
-0.000719277
-0.000894582
-0.00108734
-0.00129658
-0.00152122
-0.00176011
-0.00201208
-0.00227594
-0.00255045
-0.0028344
-0.00312656
-0.00342573
-0.00373074
-0.00404039
-0.00435354
-0.00466902
-0.00498584
-0.00530281
-0.0056189
-0.00593295
-0.00624411
-0.00655122
-0.00685326
-0.00714945
-0.00743851
-0.00771951
-0.00799177
-0.00825411
-0.00850572
-0.0087455
-0.00897259
-0.00918614
-0.00938533
-0.00956921
-0.00973724
-0.00988834
-0.0100218
-0.0101372
-0.0102333
-0.0103101
-0.0103669
-0.010403
-0.0104184
-0.0104121
-0.0103844
-0.0103348
-0.0102633
-0.01017
-0.010055
-0.00991833
-0.00976059
-0.00958173
-0.0093829
-0.00916444
-0.00892711
-0.00867165
-0.00839925
-0.00811118
-0.00780864
-0.00749289
-0.00716524
-0.00682735
-0.00648088
-0.00612768
-0.00576917
-0.0054077
-0.00504445
-0.00468206
-0.00432192
-0.00396628
-0.00361698
-0.00327594
-0.00294492
-0.0026257
-0.00232012
-0.00202965
-0.0017558
-0.00149987
-0.00126296
-0.00104612
-0.000850093
-0.000675411
-0.000522302
-0.000390757
-0.000280504
-0.000190858
-0.000120811
-6.89617e-05
-3.34819e-05
-1.20969e-05
-2.0385e-06
0
0
-8.53086e-06
-3.63591e-05
-8.50402e-05
-0.000155591
-0.000248581
-0.000364187
-0.00050225
-0.000662314
-0.000843743
-0.00104563
-0.00126699
-0.0015067
-0.00176354
-0.00203622
-0.00232342
-0.00262379
-0.00293598
-0.0032586
-0.00359031
-0.00392975
-0.00427562
-0.00462658
-0.00498136
-0.00533864
-0.00569732
-0.00605606
-0.00641371
-0.00676898
-0.00712089
-0.00746815
-0.00780964
-0.00814442
-0.00847111
-0.00878866
-0.00909626
-0.00939263
-0.00967683
-0.00994765
-0.0102041
-0.0104453
-0.0106702
-0.0108779
-0.0110676
-0.0112382
-0.011389
-0.0115193
-0.011628
-0.0117148
-0.0117791
-0.01182
-0.0118376
-0.0118309
-0.0118
-0.0117444
-0.0116642
-0.0115595
-0.0114301
-0.0112765
-0.0110992
-0.010898
-0.0106743
-0.0104284
-0.0101612
-0.00987363
-0.00956687
-0.00924236
-0.00890144
-0.00854552
-0.00817608
-0.00779496
-0.00740401
-0.00700528
-0.00660038
-0.0061919
-0.00578123
-0.00537124
-0.00496356
-0.00456066
-0.00416463
-0.0037776
-0.00340157
-0.00303854
-0.00269057
-0.00235934
-0.00204653
-0.00175363
-0.00148191
-0.00123256
-0.00100645
-0.000804211
-0.000626163
-0.000472355
-0.000342553
-0.000236086
-0.000151942
-8.86915e-05
-4.44625e-05
-1.69204e-05
-3.22664e-06
0
0
-1.04938e-05
-4.39756e-05
-0.000101787
-0.000184747
-0.000293238
-0.000427258
-0.000586476
-0.000770271
-0.000977843
-0.00120813
-0.00145997
-0.0017321
-0.00202315
-0.00233166
-0.00265616
-0.00299516
-0.00334713
-0.00371058
-0.00408398
-0.00446585
-0.00485473
-0.00524915
-0.0056477
-0.00604892
-0.00645157
-0.00685418
-0.00725545
-0.00765398
-0.00804865
-0.00843803
-0.00882089
-0.00919615
-0.00956231
-0.00991819
-0.0102629
-0.0105949
-0.0109133
-0.0112167
-0.0115041
-0.0117742
-0.0120262
-0.0122589
-0.0124714
-0.0126627
-0.0128316
-0.0129777
-0.0130997
-0.0131972
-0.0132695
-0.0133158
-0.013336
-0.0133289
-0.013295
-0.0132334
-0.0131444
-0.0130278
-0.0128839
-0.0127128
-0.0125151
-0.0122909
-0.0120413
-0.011767
-0.0114689
-0.0111478
-0.0108053
-0.0104428
-0.0100618
-0.00966393
-0.0092508
-0.00882444
-0.0083869
-0.00794042
-0.00748684
-0.00702896
-0.00656841
-0.0061083
-0.00565049
-0.0051977
-0.00475226
-0.00431656
-0.00389281
-0.00348329
-0.00309024
-0.00271558
-0.0023612
-0.00202878
-0.00171976
-0.00143551
-0.00117701
-0.000945033
-0.000739991
-0.000562011
-0.000410911
-0.000286055
-0.000186438
-0.000110622
-5.67081e-05
-2.23185e-05
-4.56222e-06
0
0
-1.26178e-05
-5.22033e-05
-0.000119852
-0.000216154
-0.000341276
-0.000495012
-0.000676835
-0.000885936
-0.00112133
-0.00138178
-0.00166595
-0.00197242
-0.00229963
-0.00264596
-0.0030098
-0.00338948
-0.00378333
-0.00418969
-0.00460689
-0.00503328
-0.00546728
-0.00590726
-0.00635166
-0.00679889
-0.00724756
-0.00769607
-0.00814299
-0.00858676
-0.00902615
-0.00945958
-0.00988569
-0.0103033
-0.0107107
-0.0111067
-0.0114901
-0.0118595
-0.0122137
-0.0125512
-0.0128709
-0.0131714
-0.0134518
-0.0137107
-0.0139472
-0.0141601
-0.0143483
-0.0145111
-0.0146472
-0.0147561
-0.014837
-0.0148892
-0.0149122
-0.0149052
-0.0148683
-0.0148008
-0.0147028
-0.0145744
-0.0144155
-0.0142265
-0.0140079
-0.0137599
-0.0134837
-0.01318
-0.0128498
-0.0124941
-0.0121144
-0.0117125
-0.0112898
-0.0108483
-0.0103897
-0.00991611
-0.00942991
-0.00893351
-0.00842897
-0.00791934
-0.00740647
-0.00689371
-0.00638319
-0.00587788
-0.00538036
-0.00489328
-0.0044191
-0.00396034
-0.0035195
-0.00309873
-0.00270013
-0.00232559
-0.00197675
-0.00165515
-0.00136192
-0.00109799
-0.000863866
-0.000659776
-0.000485609
-0.000340776
-0.0002243
-0.000134749
-7.02115e-05
-2.82859e-05
-6.04306e-06
0
0
-1.4897e-05
-6.1021e-05
-0.000139192
-0.000249741
-0.000392592
-0.000567309
-0.000773146
-0.00100909
-0.00127395
-0.00156628
-0.00188459
-0.00222725
-0.00259254
-0.00297865
-0.00338381
-0.00380618
-0.00424394
-0.00469524
-0.00515828
-0.00563125
-0.00611242
-0.0066
-0.00709229
-0.00758755
-0.00808426
-0.00858066
-0.00907518
-0.00956614
-0.0100522
-0.0105315
-0.0110027
-0.0114645
-0.0119149
-0.0123527
-0.0127766
-0.013185
-0.0135765
-0.0139497
-0.0143031
-0.0146354
-0.0149455
-0.0152319
-0.0154936
-0.0157292
-0.0159377
-0.0161181
-0.0162691
-0.0163902
-0.0164804
-0.0165389
-0.0165654
-0.0165587
-0.0165191
-0.0164458
-0.0163389
-0.0161984
-0.0160244
-0.0158171
-0.0155772
-0.0153048
-0.0150013
-0.0146673
-0.014304
-0.0139125
-0.0134945
-0.0130517
-0.0125859
-0.012099
-0.011593
-0.0110704
-0.0105335
-0.00998507
-0.00942734
-0.00886361
-0.00829599
-0.00772808
-0.00716227
-0.00660179
-0.0060495
-0.0055083
-0.00498094
-0.00447019
-0.00397881
-0.00350919
-0.00306367
-0.00264438
-0.00225314
-0.0018917
-0.00156137
-0.00126322
-0.000997892
-0.000765724
-0.000566694
-0.000400277
-0.000265539
-0.000161072
-8.49704e-05
-3.48196e-05
-7.66775e-06
0
0
-1.73257e-05
-7.04075e-05
-0.000159761
-0.000285431
-0.000447074
-0.000643999
-0.000875219
-0.00113949
-0.0014354
-0.00176132
-0.00211551
-0.00249618
-0.0029014
-0.00332921
-0.00377761
-0.00424464
-0.00472827
-0.00522651
-0.00573739
-0.00625894
-0.00678926
-0.00732644
-0.0078686
-0.00841387
-0.00896057
-0.0095068
-0.0100509
-0.0105909
-0.0111254
-0.0116526
-0.0121707
-0.0126783
-0.0131736
-0.0136549
-0.0141209
-0.0145699
-0.0150004
-0.0154106
-0.0157993
-0.0161648
-0.0165059
-0.0168211
-0.0171092
-0.0173687
-0.0175985
-0.0177975
-0.0179643
-0.0180983
-0.0181986
-0.0182641
-0.0182945
-0.0182887
-0.0182467
-0.0181678
-0.0180521
-0.0178995
-0.0177102
-0.0174844
-0.0172227
-0.0169254
-0.0165939
-0.0162289
-0.0158316
-0.0154033
-0.0149457
-0.0144607
-0.0139503
-0.0134165
-0.0128615
-0.0122879
-0.0116984
-0.0110958
-0.0104826
-0.00986248
-0.00923768
-0.00861211
-0.00798841
-0.0073701
-0.00676032
-0.00616226
-0.00557893
-0.0050134
-0.00446867
-0.00394742
-0.00345225
-0.0029855
-0.00254925
-0.00214544
-0.00177558
-0.0014409
-0.0011422
-0.000879952
-0.000654233
-0.000464599
-0.000310179
-0.000189604
-0.000100988
-4.19197e-05
-9.43574e-06
0
0
-1.9898e-05
-8.0341e-05
-0.000181513
-0.000323149
-0.000504609
-0.000724928
-0.000982856
-0.0012769
-0.00160542
-0.00196653
-0.00235832
-0.00277876
-0.00322572
-0.00369706
-0.00419061
-0.00470419
-0.00523561
-0.00578273
-0.00634339
-0.00691546
-0.00749689
-0.0080856
-0.00867957
-0.00927677
-0.00987537
-0.0104733
-0.0110688
-0.0116598
-0.0122446
-0.0128214
-0.0133882
-0.0139435
-0.0144853
-0.0150118
-0.0155216
-0.0160128
-0.0164837
-0.0169327
-0.017358
-0.0177581
-0.0181316
-0.0184769
-0.0187926
-0.0190772
-0.0193294
-0.0195481
-0.0197317
-0.0198796
-0.0199906
-0.0200638
-0.0200988
-0.0200942
-0.0200503
-0.0199661
-0.0198418
-0.0196772
-0.0194726
-0.0192281
-0.0189444
-0.0186218
-0.0182618
-0.017865
-0.0174329
-0.0169668
-0.0164685
-0.0159401
-0.0153837
-0.0148014
-0.0141957
-0.0135694
-0.0129252
-0.0122664
-0.0115956
-0.0109167
-0.0102324
-0.0095466
-0.00886242
-0.00818361
-0.0075136
-0.00685588
-0.00621376
-0.00559059
-0.00498968
-0.00441397
-0.00386634
-0.00334939
-0.00286545
-0.00241668
-0.0020048
-0.00163123
-0.00129696
-0.00100259
-0.000748315
-0.000533804
-0.000358259
-0.000220366
-0.000118274
-4.95891e-05
-1.13474e-05
0
0
-2.26081e-05
-9.07999e-05
-0.000204403
-0.000362815
-0.000565082
-0.000809938
-0.00109585
-0.00142106
-0.00178367
-0.00218157
-0.00261259
-0.00307451
-0.00356498
-0.00408165
-0.00462215
-0.00518414
-0.00576523
-0.00636309
-0.00697542
-0.0075999
-0.00823434
-0.00887647
-0.00952413
-0.0101751
-0.0108275
-0.0114791
-0.0121278
-0.0127715
-0.0134085
-0.0140366
-0.0146539
-0.0152587
-0.0158487
-0.016422
-0.0169772
-0.0175122
-0.0180253
-0.0185144
-0.0189779
-0.0194141
-0.0198214
-0.020198
-0.0205427
-0.0208536
-0.0211293
-0.0213688
-0.0215702
-0.0217328
-0.0218556
-0.0219373
-0.0219774
-0.0219748
-0.0219294
-0.0218403
-0.0217076
-0.0215313
-0.0213113
-0.0210481
-0.0207422
-0.020394
-0.0200049
-0.0195759
-0.0191082
-0.0186034
-0.0180634
-0.0174904
-0.0168866
-0.0162545
-0.0155964
-0.0149156
-0.0142149
-0.0134978
-0.0127673
-0.0120273
-0.0112809
-0.0105325
-0.00978521
-0.0090432
-0.00831019
-0.00758998
-0.0068862
-0.0062025
-0.00554251
-0.00490945
-0.0043065
-0.00373654
-0.00320216
-0.00270578
-0.00224934
-0.00183449
-0.00146238
-0.00113379
-0.000849059
-0.000607974
-0.000409832
-0.000253389
-0.000136845
-5.78344e-05
-1.3404e-05
0
0
-2.54501e-05
-0.000101762
-0.000228382
-0.000404351
-0.000628373
-0.000898865
-0.00121399
-0.00157171
-0.00196986
-0.00240606
-0.00287791
-0.00338295
-0.00391862
-0.00448235
-0.00507158
-0.00568376
-0.00631633
-0.00696677
-0.00763259
-0.00831133
-0.0090006
-0.00969799
-0.0104012
-0.0111078
-0.0118158
-0.0125227
-0.0132265
-0.0139248
-0.0146157
-0.015297
-0.0159664
-0.0166223
-0.0172622
-0.0178842
-0.0184864
-0.0190668
-0.0196235
-0.0201543
-0.0206575
-0.0211313
-0.0215738
-0.0219832
-0.0223581
-0.0226966
-0.0229971
-0.0232584
-0.0234787
-0.0236572
-0.0237925
-0.0238835
-0.0239297
-0.0239297
-0.0238834
-0.0237899
-0.0236493
-0.0234614
-0.0232263
-0.0229444
-0.0226162
-0.0222421
-0.0218237
-0.0213618
-0.020858
-0.0203137
-0.019731
-0.0191123
-0.01846
-0.0177764
-0.0170645
-0.0163274
-0.0155683
-0.014791
-0.0139985
-0.0131953
-0.0123845
-0.0115708
-0.0107578
-0.00994984
-0.00915103
-0.00836547
-0.00759712
-0.00684994
-0.0061279
-0.00543455
-0.00477336
-0.00414751
-0.00355989
-0.00301318
-0.00250958
-0.00205096
-0.0016387
-0.00127374
-0.000956609
-0.000687214
-0.000464969
-0.000288718
-0.000156725
-6.66655e-05
-1.56078e-05
0
0
-2.84182e-05
-0.000113205
-0.000253404
-0.000447673
-0.00069436
-0.000991542
-0.00133706
-0.00172858
-0.00216364
-0.0026396
-0.00315382
-0.00370357
-0.00428607
-0.00489855
-0.00553821
-0.00620231
-0.0068881
-0.00759288
-0.00831398
-0.00904875
-0.00979464
-0.0105491
-0.0113096
-0.0120737
-0.012839
-0.0136031
-0.0143637
-0.0151183
-0.0158649
-0.016601
-0.0173243
-0.018033
-0.0187245
-0.0193967
-0.0200476
-0.020675
-0.0212769
-0.0218511
-0.0223955
-0.0229083
-0.0233874
-0.0238311
-0.0242376
-0.0246049
-0.0249315
-0.0252159
-0.0254563
-0.0256516
-0.0258006
-0.0259019
-0.0259549
-0.0259583
-0.0259118
-0.0258145
-0.0256664
-0.0254674
-0.0252175
-0.0249169
-0.0245664
-0.0241664
-0.0237184
-0.0232233
-0.0226827
-0.0220982
-0.021472
-0.0208066
-0.0201045
-0.0193683
-0.018601
-0.0178059
-0.0169867
-0.016147
-0.0152905
-0.0144217
-0.0135441
-0.0126626
-0.0117812
-0.0109046
-0.0100372
-0.00918335
-0.00834745
-0.00753381
-0.00674671
-0.00599004
-0.00526761
-0.00458294
-0.0039392
-0.00333937
-0.00278593
-0.00228101
-0.0018262
-0.00142268
-0.00107114
-0.000771652
-0.000523758
-0.000326408
-0.000177944
-7.60957e-05
-1.79621e-05
0
0
-3.15063e-05
-0.000125106
-0.000279418
-0.000492699
-0.000762919
-0.00108779
-0.00146484
-0.00189138
-0.00236468
-0.00288181
-0.00343985
-0.00403584
-0.00466675
-0.00532957
-0.00602131
-0.006739
-0.00747971
-0.00824053
-0.00901861
-0.00981113
-0.0106154
-0.0114286
-0.0122482
-0.0130714
-0.0138958
-0.0147188
-0.0155379
-0.0163506
-0.0171545
-0.0179471
-0.0187261
-0.0194893
-0.0202341
-0.0209581
-0.0216593
-0.0223354
-0.0229842
-0.0236032
-0.0241904
-0.0247436
-0.025261
-0.0257403
-0.0261798
-0.0265774
-0.0269314
-0.0272402
-0.0275019
-0.0277152
-0.0278789
-0.0279916
-0.0280524
-0.02806
-0.0280141
-0.0279137
-0.0277588
-0.0275491
-0.0272846
-0.0269657
-0.0265931
-0.0261671
-0.0256893
-0.0251607
-0.0245829
-0.0239576
-0.0232872
-0.0225741
-0.021821
-0.0210309
-0.0202067
-0.0193522
-0.018471
-0.0175671
-0.0166444
-0.0157078
-0.0147609
-0.0138092
-0.0128568
-0.0119087
-0.0109697
-0.0100447
-0.00913825
-0.00825508
-0.00739983
-0.00657677
-0.00579004
-0.00504351
-0.0043407
-0.00368489
-0.00307886
-0.00252502
-0.00202522
-0.00158087
-0.00119286
-0.000861439
-0.000586305
-0.000366527
-0.000200541
-8.61421e-05
-2.04711e-05
0
0
-3.47083e-05
-0.000137442
-0.000306374
-0.000539343
-0.000833919
-0.00118745
-0.00159708
-0.00205983
-0.00257263
-0.00313227
-0.00373554
-0.00437922
-0.00506004
-0.00577475
-0.00652013
-0.00729302
-0.00809026
-0.00890876
-0.00974548
-0.0105974
-0.0114617
-0.0123354
-0.0132157
-0.0140997
-0.0149849
-0.0158685
-0.0167478
-0.0176202
-0.0184832
-0.019334
-0.0201703
-0.0209896
-0.0217893
-0.0225668
-0.0233201
-0.0240464
-0.0247436
-0.0254091
-0.0260406
-0.026636
-0.027193
-0.0277095
-0.0281835
-0.0286128
-0.0289956
-0.0293301
-0.0296143
-0.029847
-0.0300266
-0.0301517
-0.0302215
-0.0302342
-0.0301898
-0.0300871
-0.029926
-0.0297062
-0.0294278
-0.0290909
-0.0286963
-0.0282444
-0.0277368
-0.0271745
-0.0265591
-0.0258926
-0.0251772
-0.0244156
-0.0236106
-0.0227653
-0.021883
-0.0209673
-0.0200224
-0.0190524
-0.0180615
-0.0170548
-0.0160363
-0.0150118
-0.0139856
-0.0129633
-0.0119499
-0.0109507
-0.00997063
-0.00901481
-0.00808827
-0.00719566
-0.00634149
-0.00553001
-0.00476509
-0.00405035
-0.0033889
-0.00278345
-0.00223613
-0.0017486
-0.00132199
-0.00095675
-0.000652733
-0.000409155
-0.00022456
-9.6825e-05
-2.314e-05
0
0
-3.80179e-05
-0.000150189
-0.000334222
-0.000587517
-0.00090723
-0.00129032
-0.00173356
-0.00223363
-0.00278713
-0.00339054
-0.00404038
-0.00473314
-0.0054653
-0.00623338
-0.00703391
-0.00786352
-0.00871884
-0.0095966
-0.0104936
-0.0114065
-0.0123324
-0.0132682
-0.0142108
-0.0151573
-0.016105
-0.0170508
-0.017992
-0.0189257
-0.0198493
-0.0207601
-0.0216553
-0.0225324
-0.0233886
-0.0242213
-0.0250281
-0.0258064
-0.0265536
-0.0272672
-0.0279447
-0.0285837
-0.029182
-0.0297372
-0.0302472
-0.0307097
-0.0311227
-0.0314844
-0.0317926
-0.0320459
-0.0322427
-0.0323815
-0.0324612
-0.0324803
-0.0324384
-0.0323342
-0.0321678
-0.0319386
-0.0316467
-0.0312924
-0.0308762
-0.0303986
-0.0298612
-0.0292651
-0.028612
-0.0279037
-0.0271428
-0.0263319
-0.0254741
-0.0245726
-0.0236307
-0.0226525
-0.0216422
-0.0206042
-0.0195431
-0.0184641
-0.0173716
-0.0162717
-0.0151691
-0.0140697
-0.012979
-0.0119026
-0.0108458
-0.00981413
-0.0088131
-0.0078477
-0.00692289
-0.00604327
-0.00521311
-0.00443641
-0.00371662
-0.00305678
-0.00245934
-0.00192622
-0.00145881
-0.00105778
-0.000723183
-0.000454384
-0.000250056
-0.000108169
-2.59749e-05
0
0
-4.14289e-05
-0.000163322
-0.000362908
-0.000637131
-0.000982716
-0.00139621
-0.00187403
-0.00241247
-0.0030078
-0.00365619
-0.00435386
-0.00509702
-0.00588188
-0.00670472
-0.00756184
-0.00844963
-0.00936453
-0.010303
-0.0112617
-0.0122373
-0.0132264
-0.0142258
-0.0152323
-0.0162429
-0.0172545
-0.0182641
-0.0192688
-0.0202655
-0.0212514
-0.0222237
-0.0231794
-0.024116
-0.0250304
-0.0259198
-0.0267819
-0.0276137
-0.0284126
-0.0291759
-0.029901
-0.0305853
-0.0312264
-0.0318219
-0.0323695
-0.0328668
-0.0333115
-0.0337019
-0.0340355
-0.0343108
-0.0345262
-0.0346799
-0.0347709
-0.0347975
-0.0347591
-0.0346546
-0.0344836
-0.0342459
-0.0339413
-0.0335701
-0.0331328
-0.0326299
-0.0320629
-0.031433
-0.030742
-0.0299917
-0.0291847
-0.028324
-0.0274125
-0.0264537
-0.0254511
-0.0244089
-0.0233316
-0.0222238
-0.0210904
-0.0199369
-0.0187681
-0.0175903
-0.0164086
-0.0152294
-0.0140584
-0.0129016
-0.0117649
-0.0106543
-0.00957544
-0.00853396
-0.0075352
-0.00658419
-0.00568559
-0.0048438
-0.00406266
-0.00334557
-0.0026953
-0.0021141
-0.00160361
-0.00116476
-0.000797813
-0.000502317
-0.000277087
-0.0001202
-2.89829e-05
0
0
-4.49345e-05
-0.000176817
-0.000392379
-0.000688092
-0.00106024
-0.00150495
-0.00201823
-0.00259603
-0.00323426
-0.00392876
-0.00467544
-0.00547025
-0.0063091
-0.00718802
-0.00810308
-0.00905045
-0.0100263
-0.011027
-0.0120489
-0.0130885
-0.0141422
-0.0152068
-0.0162788
-0.0173549
-0.0184321
-0.0195071
-0.0205767
-0.0216379
-0.0226878
-0.0237231
-0.024741
-0.0257386
-0.0267128
-0.0276607
-0.0285796
-0.0294666
-0.0303188
-0.0311335
-0.0319077
-0.032639
-0.0333246
-0.033962
-0.0345488
-0.0350824
-0.0355606
-0.0359811
-0.0363416
-0.0366405
-0.0368759
-0.037046
-0.0371496
-0.0371849
-0.0371513
-0.0370475
-0.0368732
-0.0366278
-0.0363114
-0.0359239
-0.0354661
-0.0349383
-0.0343421
-0.0336786
-0.0329496
-0.0321571
-0.0313038
-0.0303926
-0.0294267
-0.0284096
-0.0273451
-0.0262376
-0.0250918
-0.0239125
-0.0227049
-0.0214748
-0.0202272
-0.018969
-0.0177056
-0.0164436
-0.0151894
-0.0139492
-0.0127294
-0.0115364
-0.0103765
-0.00925557
-0.00817948
-0.00715371
-0.00618337
-0.00527329
-0.0044277
-0.00365039
-0.00294451
-0.00231263
-0.0017567
-0.00127792
-0.000876797
-0.00055307
-0.00030572
-0.00013295
-3.2172e-05
0
0
-4.85281e-05
-0.000190648
-0.000422578
-0.000740305
-0.00113965
-0.00161632
-0.00216591
-0.00278399
-0.00346611
-0.00420778
-0.0050046
-0.00585221
-0.00674626
-0.00768251
-0.00865679
-0.00966504
-0.0107032
-0.0117675
-0.012854
-0.0139589
-0.0150788
-0.0162099
-0.0173488
-0.0184919
-0.0196361
-0.020778
-0.0219142
-0.0230414
-0.0241567
-0.0252567
-0.0263382
-0.0273985
-0.0284341
-0.029442
-0.0304194
-0.0313632
-0.0322704
-0.033138
-0.0339632
-0.034743
-0.0354749
-0.0361558
-0.0367836
-0.0373552
-0.0378683
-0.0383206
-0.0387097
-0.0390337
-0.0392907
-0.0394786
-0.0395962
-0.0396416
-0.0396142
-0.0395123
-0.0393357
-0.0390838
-0.0387564
-0.0383537
-0.037876
-0.0373239
-0.0366988
-0.036002
-0.0352352
-0.0344005
-0.0335005
-0.0325385
-0.0315175
-0.0304414
-0.029314
-0.0281399
-0.026924
-0.0256716
-0.0243878
-0.023079
-0.0217505
-0.0204093
-0.0190615
-0.017714
-0.0163734
-0.0150467
-0.0137406
-0.0124619
-0.0112175
-0.0100137
-0.00885681
-0.00775286
-0.00670739
-0.0057257
-0.00481246
-0.00397188
-0.0032075
-0.00252225
-0.00191843
-0.00139754
-0.000960325
-0.000606769
-0.000336029
-0.000146452
-3.5551e-05
0
0
-5.22027e-05
-0.000204788
-0.000453448
-0.000793671
-0.00122081
-0.00173012
-0.0023168
-0.00297601
-0.00370294
-0.00449277
-0.00534076
-0.00624225
-0.00719263
-0.00818738
-0.00922208
-0.0102924
-0.0113942
-0.0125233
-0.0136756
-0.0148474
-0.0160346
-0.0172337
-0.0184408
-0.0196524
-0.0208651
-0.0220752
-0.0232794
-0.0244741
-0.0256563
-0.0268225
-0.0279693
-0.0290937
-0.0301923
-0.0312618
-0.0322993
-0.0333016
-0.0342654
-0.0351877
-0.0360655
-0.0368956
-0.0376753
-0.0384016
-0.0390719
-0.0396832
-0.040233
-0.0407189
-0.0411382
-0.0414889
-0.041769
-0.0419764
-0.0421096
-0.0421666
-0.0421467
-0.0420481
-0.0418706
-0.0416133
-0.0412761
-0.0408589
-0.0403623
-0.0397865
-0.0391332
-0.0384035
-0.0375991
-0.0367222
-0.0357755
-0.0347622
-0.0336857
-0.0325498
-0.0313585
-0.0301167
-0.0288294
-0.0275022
-0.0261405
-0.0247509
-0.0233391
-0.0219126
-0.0204777
-0.0190418
-0.0176119
-0.0161956
-0.0147999
-0.0134321
-0.0120997
-0.0108095
-0.00956834
-0.00838268
-0.00725861
-0.0062019
-0.00521771
-0.00431069
-0.00348482
-0.00274343
-0.00208918
-0.00152389
-0.0010486
-0.00066355
-0.000368094
-0.000160743
-3.91297e-05
0
0
-5.59511e-05
-0.00021921
-0.00048493
-0.000848089
-0.00130356
-0.00184615
-0.00247062
-0.00317174
-0.00394433
-0.00478322
-0.00568333
-0.00663972
-0.00764747
-0.00870179
-0.00979803
-0.0109316
-0.0120981
-0.0132932
-0.0145127
-0.0157524
-0.0170084
-0.0182766
-0.0195534
-0.0208348
-0.0221172
-0.023397
-0.0246706
-0.0259343
-0.0271849
-0.0284186
-0.0296322
-0.0308224
-0.0319855
-0.0331181
-0.0342174
-0.0352797
-0.0363019
-0.0372805
-0.0382125
-0.0390946
-0.0399239
-0.0406972
-0.0414119
-0.0420647
-0.0426529
-0.0431741
-0.0436253
-0.0440046
-0.0443095
-0.044538
-0.0446885
-0.0447587
-0.0447477
-0.044654
-0.0444768
-0.0442155
-0.0438696
-0.0434391
-0.0429245
-0.042326
-0.0416451
-0.040883
-0.0400414
-0.0391225
-0.0381291
-0.0370645
-0.035932
-0.0347357
-0.0334797
-0.0321691
-0.0308091
-0.0294055
-0.0279641
-0.0264918
-0.0249946
-0.0234803
-0.0219557
-0.0204285
-0.0189064
-0.0173972
-0.0159086
-0.0144484
-0.0130245
-0.0116443
-0.0103153
-0.00904427
-0.00783802
-0.00670279
-0.00564425
-0.00466754
-0.00377709
-0.00297667
-0.00226934
-0.00165728
-0.00114185
-0.00072356
-0.000402001
-0.000175863
-4.29186e-05
0
0
-5.97659e-05
-0.000233886
-0.000516963
-0.000903456
-0.00138775
-0.00196418
-0.00262709
-0.00337083
-0.00418986
-0.00507862
-0.00603174
-0.00704393
-0.00811
-0.0092249
-0.0103837
-0.0115816
-0.0128139
-0.0140762
-0.0153639
-0.0166728
-0.0179986
-0.0193373
-0.0206849
-0.0220373
-0.0233908
-0.0247416
-0.0260859
-0.02742
-0.0287403
-0.0300431
-0.0313249
-0.0325823
-0.0338114
-0.0350089
-0.0361714
-0.0372954
-0.0383775
-0.0394142
-0.0404021
-0.0413379
-0.0422186
-0.0430408
-0.0438015
-0.0444976
-0.0451261
-0.0456843
-0.0461693
-0.0465789
-0.0469105
-0.0471618
-0.0473312
-0.0474163
-0.047416
-0.0473286
-0.0471533
-0.0468893
-0.0465361
-0.0460936
-0.0455621
-0.0449418
-0.0442342
-0.0434404
-0.0425621
-0.0416016
-0.0405616
-0.0394455
-0.0382569
-0.0369996
-0.0356782
-0.0342979
-0.032864
-0.0313827
-0.02986
-0.028303
-0.0267182
-0.0251138
-0.0234968
-0.0218756
-0.0202583
-0.0186531
-0.0170682
-0.0155121
-0.0139932
-0.0125194
-0.0110987
-0.00973875
-0.00844666
-0.00722931
-0.00609291
-0.00504313
-0.00408491
-0.00322248
-0.00245932
-0.00179803
-0.0012403
-0.000786955
-0.00043784
-0.000191856
-4.69289e-05
0
0
-6.36396e-05
-0.000248787
-0.000549485
-0.000959665
-0.00147321
-0.002084
-0.00278592
-0.00357292
-0.00443906
-0.00537844
-0.00638534
-0.00745417
-0.00857944
-0.0097558
-0.0109781
-0.0122413
-0.0135404
-0.0148708
-0.0162279
-0.017607
-0.0190038
-0.0204141
-0.0218336
-0.0232583
-0.0246841
-0.0261071
-0.0275235
-0.0289292
-0.0303206
-0.0316939
-0.0330453
-0.0343713
-0.035668
-0.0369317
-0.0381591
-0.0393464
-0.04049
-0.0415864
-0.042632
-0.0436233
-0.0445571
-0.0454298
-0.0462385
-0.0469797
-0.0476503
-0.0482475
-0.0487682
-0.0492098
-0.04957
-0.049846
-0.0500362
-0.0501379
-0.05015
-0.0500707
-0.0498989
-0.0496338
-0.0492747
-0.0488215
-0.0482743
-0.0476333
-0.0469
-0.0460753
-0.045161
-0.0441593
-0.0430731
-0.0419056
-0.0406606
-0.0393421
-0.0379548
-0.0365039
-0.0349951
-0.0334347
-0.0318291
-0.0301856
-0.0285112
-0.0268143
-0.0251025
-0.0233845
-0.0216689
-0.0199645
-0.0182801
-0.0166246
-0.0150071
-0.013436
-0.01192
-0.0104673
-0.00908558
-0.00778242
-0.00656456
-0.00543824
-0.00440894
-0.0034814
-0.00265957
-0.00194647
-0.0013442
-0.000853901
-0.000475711
-0.000208765
-5.11727e-05
0
0
-6.75643e-05
-0.000263883
-0.000582432
-0.00101661
-0.00155978
-0.00220537
-0.0029468
-0.00377762
-0.00469148
-0.00568214
-0.00674353
-0.00786973
-0.00905496
-0.0102936
-0.0115802
-0.0129095
-0.0142764
-0.0156759
-0.0171032
-0.0185536
-0.0200224
-0.0215053
-0.0229979
-0.0244959
-0.0259952
-0.0274917
-0.0289812
-0.0304598
-0.0319237
-0.0333687
-0.0347911
-0.0361872
-0.0375528
-0.0388843
-0.0401781
-0.0414302
-0.0426371
-0.0437948
-0.0448997
-0.0459482
-0.0469369
-0.0478621
-0.0487205
-0.0495087
-0.0502233
-0.0508614
-0.0514196
-0.0518953
-0.0522859
-0.0525886
-0.0528013
-0.0529216
-0.052948
-0.0528784
-0.0527119
-0.0524473
-0.052084
-0.0516215
-0.0510601
-0.0503996
-0.0496417
-0.0487871
-0.0478376
-0.0467954
-0.0456633
-0.0444448
-0.0431434
-0.0417635
-0.0403097
-0.0387876
-0.0372029
-0.0355623
-0.0338723
-0.0321407
-0.0303746
-0.028583
-0.0267739
-0.0249564
-0.0231396
-0.0213329
-0.0195457
-0.0177873
-0.0160675
-0.0143954
-0.0127803
-0.011231
-0.00975586
-0.00836309
-0.00706007
-0.00585364
-0.00474985
-0.00375399
-0.00287054
-0.00210297
-0.00145381
-0.000924569
-0.000515714
-0.00022664
-5.56628e-05
0
0
-7.1532e-05
-0.000279144
-0.000615736
-0.00107416
-0.0016473
-0.00232805
-0.00310943
-0.00398454
-0.00494666
-0.00598916
-0.00710564
-0.00828985
-0.00953572
-0.0108374
-0.0121891
-0.0135853
-0.0150207
-0.0164902
-0.0179886
-0.019511
-0.0210528
-0.0226093
-0.024176
-0.0257483
-0.0273222
-0.0288931
-0.0304571
-0.0320097
-0.0335472
-0.0350653
-0.03656
-0.0380275
-0.0394635
-0.0408642
-0.0422258
-0.0435444
-0.044816
-0.0460367
-0.0472026
-0.0483101
-0.0493554
-0.0503349
-0.0512449
-0.052082
-0.0528425
-0.0535234
-0.0541211
-0.0546329
-0.0550559
-0.0553872
-0.0556246
-0.0557653
-0.0558079
-0.05575
-0.0555906
-0.0553283
-0.0549624
-0.0544923
-0.0539181
-0.0532396
-0.0524583
-0.0515749
-0.0505912
-0.0495093
-0.048332
-0.0470627
-0.0457052
-0.0442638
-0.0427433
-0.0411494
-0.0394881
-0.0377662
-0.0359904
-0.034169
-0.0323095
-0.030421
-0.0285122
-0.0265926
-0.0246717
-0.0227596
-0.0208661
-0.0190014
-0.0171757
-0.0153989
-0.0136808
-0.012031
-0.0104586
-0.00897233
-0.00758035
-0.00629012
-0.00510832
-0.00404083
-0.00309269
-0.00226788
-0.00156939
-0.00099914
-0.000557957
-0.000245529
-6.04125e-05
0
0
-7.55344e-05
-0.000294538
-0.000649332
-0.00113223
-0.00173558
-0.00245182
-0.0032735
-0.0041933
-0.00520411
-0.00629893
-0.007471
-0.00871378
-0.0100209
-0.0113861
-0.0128035
-0.0142674
-0.015772
-0.0173122
-0.0188825
-0.0204778
-0.0220934
-0.0237244
-0.025366
-0.0270137
-0.028663
-0.0303095
-0.0319489
-0.0335767
-0.0351889
-0.0367812
-0.0383494
-0.0398896
-0.0413974
-0.0428687
-0.0442997
-0.0456861
-0.047024
-0.0483093
-0.049538
-0.0507061
-0.0518099
-0.0528453
-0.0538089
-0.0546967
-0.0555051
-0.0562308
-0.05687
-0.0574199
-0.0578773
-0.0582393
-0.0585034
-0.0586667
-0.0587274
-0.0586833
-0.0585328
-0.0582748
-0.0579081
-0.0574321
-0.0568468
-0.0561518
-0.0553485
-0.0544377
-0.0534208
-0.0523001
-0.0510783
-0.0497589
-0.0483456
-0.0468428
-0.0452555
-0.0435894
-0.0418508
-0.0400467
-0.038184
-0.0362714
-0.0343166
-0.0323293
-0.0303184
-0.0282941
-0.0262663
-0.0242458
-0.0222428
-0.0202682
-0.018333
-0.0164476
-0.0146227
-0.0128685
-0.0111948
-0.0096111
-0.00812627
-0.00674847
-0.00548504
-0.0043425
-0.0033265
-0.00244157
-0.00169121
-0.0010778
-0.00060255
-0.000265486
-6.54359e-05
0
0
-7.9563e-05
-0.000310033
-0.000683149
-0.00119067
-0.00182444
-0.00257641
-0.00343867
-0.00440348
-0.00546333
-0.00661085
-0.00783894
-0.00914072
-0.0105095
-0.0119389
-0.0134225
-0.0149546
-0.0165291
-0.0181405
-0.0197834
-0.0214524
-0.0231425
-0.0248486
-0.026566
-0.0282898
-0.0300156
-0.0317385
-0.0334543
-0.0351583
-0.0368464
-0.038514
-0.040157
-0.0417711
-0.0433518
-0.044895
-0.0463968
-0.0478525
-0.0492583
-0.0506098
-0.0519028
-0.0531333
-0.0542972
-0.0553905
-0.0564095
-0.0573499
-0.0582082
-0.0589806
-0.0596634
-0.0602534
-0.0607475
-0.0611422
-0.0614351
-0.061623
-0.061704
-0.0616756
-0.0615363
-0.0612844
-0.0609189
-0.0604389
-0.0598442
-0.0591345
-0.0583108
-0.0573739
-0.0563251
-0.0551667
-0.0539014
-0.0525325
-0.051064
-0.0495001
-0.047846
-0.0461076
-0.0442912
-0.042404
-0.0404535
-0.0384482
-0.0363966
-0.0343085
-0.0321934
-0.0300618
-0.0279245
-0.0257924
-0.0236768
-0.0215889
-0.0195405
-0.0175428
-0.0156071
-0.0137445
-0.0119655
-0.0102804
-0.00869873
-0.00722949
-0.0058807
-0.00465959
-0.00357245
-0.00262442
-0.00181956
-0.00116074
-0.000649606
-0.000286564
-7.07475e-05
0
0
-8.36092e-05
-0.000325596
-0.000717117
-0.00124938
-0.00191372
-0.00270159
-0.00360463
-0.00461468
-0.00572383
-0.00692433
-0.00820875
-0.00956989
-0.0110008
-0.0124946
-0.014045
-0.0156456
-0.0172905
-0.0189737
-0.0206897
-0.022433
-0.0241982
-0.0259803
-0.0277741
-0.0295749
-0.0313777
-0.033178
-0.0349711
-0.0367522
-0.0385171
-0.0402611
-0.0419798
-0.043669
-0.045324
-0.0469404
-0.0485142
-0.0500407
-0.0515158
-0.0529349
-0.0542939
-0.0555884
-0.0568142
-0.0579672
-0.0590434
-0.0600384
-0.0609484
-0.0617696
-0.0624981
-0.0631304
-0.0636631
-0.0640927
-0.0644166
-0.0646313
-0.0647348
-0.0647243
-0.0645982
-0.0643546
-0.0639923
-0.0635103
-0.0629082
-0.0621854
-0.0613431
-0.0603816
-0.0593025
-0.0581077
-0.0567999
-0.0553825
-0.0538593
-0.0522349
-0.0505142
-0.0487033
-0.0468089
-0.0448381
-0.0427988
-0.0406998
-0.0385498
-0.0363592
-0.0341377
-0.0318967
-0.029647
-0.0274006
-0.025169
-0.0229645
-0.0207993
-0.0186855
-0.0166352
-0.0146601
-0.0127717
-0.0109811
-0.00929861
-0.00773396
-0.006296
-0.0049927
-0.00383104
-0.00281683
-0.00195472
-0.00124815
-0.000699244
-0.000308818
-7.63623e-05
0
0
-8.76641e-05
-0.000341194
-0.000751163
-0.00130824
-0.00200321
-0.00282709
-0.00377103
-0.00482647
-0.00598508
-0.00723876
-0.00857973
-0.0100005
-0.0114937
-0.0130523
-0.0146697
-0.0163394
-0.018055
-0.0198104
-0.0216
-0.0234179
-0.0252588
-0.0271173
-0.0289883
-0.0308666
-0.0327473
-0.0346256
-0.0364967
-0.0383558
-0.0401984
-0.0420197
-0.0438153
-0.0455806
-0.0473109
-0.0490017
-0.0506488
-0.0522474
-0.0537932
-0.0552815
-0.0567079
-0.0580681
-0.0593575
-0.0605719
-0.0617071
-0.0627586
-0.0637223
-0.0645944
-0.0653705
-0.0660472
-0.0666207
-0.0670875
-0.0674445
-0.0676883
-0.0678165
-0.0678262
-0.0677155
-0.0674824
-0.0671255
-0.0666436
-0.066036
-0.0653022
-0.064443
-0.0634588
-0.0623508
-0.061121
-0.0597721
-0.0583072
-0.0567304
-0.0550459
-0.0532591
-0.051376
-0.0494033
-0.0473486
-0.0452198
-0.043026
-0.0407764
-0.0384816
-0.0361519
-0.0337991
-0.0314347
-0.029071
-0.0267205
-0.0243959
-0.0221105
-0.0198768
-0.0177079
-0.0156164
-0.0136145
-0.0117142
-0.00992674
-0.00826266
-0.00673162
-0.0053424
-0.00410274
-0.00301916
-0.00209699
-0.00134024
-0.000751581
-0.000332305
-8.22957e-05
0
0
-9.17189e-05
-0.000356793
-0.000785215
-0.0013671
-0.00209274
-0.00295265
-0.00393754
-0.00503841
-0.00624656
-0.00755352
-0.00895114
-0.0104316
-0.0119873
-0.013611
-0.0152956
-0.0170345
-0.018821
-0.0206491
-0.0225125
-0.0244056
-0.0263225
-0.0282579
-0.0302064
-0.0321628
-0.0341219
-0.0360789
-0.0380287
-0.0399665
-0.0418876
-0.0437871
-0.0456604
-0.0475028
-0.0493095
-0.0510758
-0.0527974
-0.0544694
-0.0560872
-0.0576461
-0.0591414
-0.0605687
-0.0619234
-0.0632009
-0.0643969
-0.0655068
-0.0665262
-0.0674511
-0.0682769
-0.0690001
-0.0696166
-0.0701227
-0.0705152
-0.0707903
-0.0709456
-0.0709777
-0.0708847
-0.0706645
-0.0703152
-0.0698355
-0.0692247
-0.0684819
-0.0676079
-0.0666027
-0.0654677
-0.0642045
-0.0628158
-0.0613048
-0.0596753
-0.0579318
-0.0560794
-0.0541244
-0.0520736
-0.0499347
-0.0477158
-0.0454266
-0.0430761
-0.0406758
-0.0382362
-0.0357694
-0.0332878
-0.0308042
-0.0283318
-0.025884
-0.0234747
-0.0211175
-0.0188261
-0.0166141
-0.0144947
-0.0124805
-0.0105839
-0.00881632
-0.00718823
-0.00570928
-0.00438804
-0.00323181
-0.00224664
-0.00143719
-0.000806737
-0.000357083
-8.85634e-05
0
0
-9.57643e-05
-0.000372358
-0.000819198
-0.00142586
-0.00218212
-0.003078
-0.0041038
-0.00525008
-0.00650775
-0.00786796
-0.00932226
-0.0108625
-0.0124807
-0.0141695
-0.0159214
-0.0177296
-0.0195873
-0.0214881
-0.0234257
-0.025394
-0.0273873
-0.0293999
-0.0314263
-0.0334612
-0.0354993
-0.0375354
-0.0395646
-0.0415816
-0.0435819
-0.0455603
-0.0475121
-0.0494325
-0.0513165
-0.0531594
-0.0549566
-0.056703
-0.0583941
-0.0600249
-0.0615906
-0.0630866
-0.0645081
-0.0658504
-0.067109
-0.068279
-0.069356
-0.0703357
-0.0712133
-0.0719851
-0.0726468
-0.0731945
-0.0736247
-0.0739334
-0.074118
-0.074175
-0.0741021
-0.073897
-0.0735577
-0.0730826
-0.0724708
-0.0717213
-0.0708344
-0.0698104
-0.0686502
-0.0673555
-0.0659287
-0.064373
-0.062692
-0.0608904
-0.0589733
-0.056947
-0.0548183
-0.0525953
-0.0502861
-0.0479008
-0.0454486
-0.0429414
-0.0403902
-0.0378077
-0.0352067
-0.0326006
-0.0300034
-0.0274292
-0.0248927
-0.0224083
-0.0199906
-0.0176542
-0.015413
-0.0132809
-0.011271
-0.00939566
-0.00766645
-0.00609388
-0.0046874
-0.00345515
-0.00240396
-0.00153921
-0.000864832
-0.000383209
-9.51814e-05
0
0
-9.97911e-05
-0.000387855
-0.000853036
-0.00148437
-0.00227114
-0.00320289
-0.00426947
-0.00546103
-0.0067681
-0.00818147
-0.00969233
-0.0112922
-0.012973
-0.0147267
-0.016546
-0.0184235
-0.0203524
-0.0223259
-0.0243377
-0.0263815
-0.0284513
-0.0305414
-0.032646
-0.0347596
-0.0368769
-0.0389926
-0.0411015
-0.0431984
-0.0452784
-0.0473364
-0.0493673
-0.0513665
-0.0533287
-0.055249
-0.0571227
-0.0589448
-0.0607103
-0.0624142
-0.0640517
-0.0656177
-0.0671075
-0.0685162
-0.069839
-0.071071
-0.0722074
-0.0732438
-0.0741753
-0.0749977
-0.0757068
-0.0762983
-0.0767685
-0.0771132
-0.0773296
-0.0774138
-0.0773634
-0.0771759
-0.0768489
-0.0763809
-0.0757705
-0.0750165
-0.0741192
-0.0730785
-0.0718952
-0.0705708
-0.0691076
-0.0675088
-0.0657779
-0.0639195
-0.0619387
-0.0598418
-0.0576358
-0.0553289
-0.0529294
-0.0504474
-0.0478929
-0.0452778
-0.0426137
-0.0399137
-0.0371912
-0.0344603
-0.0317356
-0.029032
-0.026365
-0.0237498
-0.0212021
-0.0187372
-0.0163703
-0.014116
-0.0119885
-0.0100013
-0.00816688
-0.00649673
-0.00500128
-0.00368955
-0.00256922
-0.00164649
-0.000925987
-0.000410742
-0.000102166
0
0
-0.00010379
-0.000403248
-0.000886654
-0.00154252
-0.00235962
-0.00332704
-0.0044342
-0.00567083
-0.00702707
-0.00849338
-0.0100606
-0.01172
-0.013463
-0.0152816
-0.017168
-0.0191148
-0.0211147
-0.023161
-0.025247
-0.0273662
-0.0295126
-0.0316801
-0.033863
-0.0360556
-0.0382523
-0.0404479
-0.0426368
-0.0448139
-0.0469741
-0.0491121
-0.0512228
-0.0533014
-0.0553424
-0.057341
-0.0592922
-0.0611908
-0.0630318
-0.06481
-0.0665204
-0.0681578
-0.0697174
-0.0711939
-0.0725826
-0.0738782
-0.0750759
-0.0761709
-0.0771582
-0.0780334
-0.078792
-0.0794294
-0.079942
-0.080325
-0.0805755
-0.0806894
-0.080664
-0.0804965
-0.0801845
-0.0797259
-0.0791193
-0.0783633
-0.0774579
-0.0764028
-0.0751986
-0.0738467
-0.0723492
-0.0707091
-0.06893
-0.0670161
-0.0649728
-0.0628064
-0.0605238
-0.0581334
-0.0556437
-0.0530652
-0.0504078
-0.047684
-0.0449058
-0.0420869
-0.039241
-0.0363831
-0.0335283
-0.0306925
-0.0278918
-0.0251425
-0.022461
-0.0198639
-0.017367
-0.0149864
-0.0127372
-0.0106339
-0.00869008
-0.00691835
-0.0053301
-0.00393535
-0.00274271
-0.00175923
-0.000990318
-0.000439738
-0.000109533
0
0
-0.000107752
-0.000418502
-0.000919977
-0.00160017
-0.00244736
-0.00345019
-0.00459762
-0.00587902
-0.00728413
-0.00880305
-0.0104263
-0.0121448
-0.0139499
-0.015833
-0.0177863
-0.0198021
-0.0218729
-0.0239917
-0.0261516
-0.0283462
-0.030569
-0.032814
-0.0350752
-0.0373467
-0.039623
-0.0418985
-0.0441677
-0.0464252
-0.0486659
-0.0508843
-0.0530752
-0.0552337
-0.0573543
-0.0594317
-0.0614611
-0.0634371
-0.0653545
-0.067208
-0.0689925
-0.0707026
-0.0723332
-0.073879
-0.0753351
-0.076696
-0.0779566
-0.079112
-0.080157
-0.081087
-0.0818972
-0.0825829
-0.08314
-0.0835637
-0.0838507
-0.0839968
-0.0839989
-0.083854
-0.0835594
-0.0831128
-0.0825127
-0.0817572
-0.0808461
-0.0797791
-0.0785564
-0.0771792
-0.0756495
-0.0739701
-0.0721445
-0.070177
-0.0680726
-0.0658378
-0.0634797
-0.0610065
-0.0584271
-0.055752
-0.0529915
-0.0501585
-0.0472654
-0.0443261
-0.0413553
-0.0383684
-0.0353813
-0.0324105
-0.0294731
-0.0265864
-0.0237677
-0.0210344
-0.0184037
-0.0158927
-0.0135175
-0.0112939
-0.00923654
-0.00735916
-0.00567426
-0.00419289
-0.00292468
-0.00187759
-0.00105794
-0.000470255
-0.000117298
0
0
-0.000111667
-0.000433582
-0.000952928
-0.00165718
-0.00253417
-0.00357205
-0.00475939
-0.00608515
-0.00753871
-0.00910983
-0.0107887
-0.012566
-0.0144326
-0.0163799
-0.0183997
-0.020484
-0.0226253
-0.0248163
-0.02705
-0.0293196
-0.0316187
-0.0339409
-0.0362802
-0.0386306
-0.0409864
-0.0433418
-0.0456913
-0.0480293
-0.0503506
-0.0526497
-0.0549212
-0.05716
-0.0593604
-0.0615173
-0.0636255
-0.0656796
-0.0676743
-0.069604
-0.0714635
-0.0732474
-0.0749502
-0.0765667
-0.0780915
-0.0795192
-0.0808444
-0.082062
-0.0831666
-0.0841533
-0.0850171
-0.0857532
-0.0863571
-0.0868238
-0.0871497
-0.0873304
-0.0873626
-0.0872428
-0.0869682
-0.0865364
-0.0859452
-0.0851928
-0.0842788
-0.0832023
-0.0819636
-0.0805635
-0.079004
-0.0772875
-0.0754175
-0.0733981
-0.0712344
-0.0689327
-0.0665003
-0.0639453
-0.0612767
-0.0585054
-0.055642
-0.0526994
-0.0496907
-0.0466302
-0.0435331
-0.0404154
-0.0372938
-0.0341856
-0.0311088
-0.0280815
-0.0251221
-0.022249
-0.0194807
-0.0168351
-0.0143299
-0.0119817
-0.00980669
-0.00781958
-0.00603411
-0.00446247
-0.00311536
-0.00200177
-0.00112896
-0.000502347
-0.000125478
0
0
-0.000115527
-0.000448453
-0.000985432
-0.00171345
-0.00261985
-0.00369237
-0.00491916
-0.00628878
-0.00779028
-0.00941306
-0.011147
-0.0129825
-0.0149101
-0.0169211
-0.0190068
-0.0211593
-0.0233706
-0.0256333
-0.0279403
-0.0302845
-0.0326594
-0.0350586
-0.0374757
-0.0399047
-0.0423397
-0.0447749
-0.0472047
-0.0496232
-0.0520252
-0.054405
-0.0567571
-0.0590764
-0.0613571
-0.0635938
-0.0657814
-0.0679141
-0.0699867
-0.0719934
-0.0739288
-0.0757874
-0.0775636
-0.0792518
-0.0808468
-0.0823427
-0.083734
-0.0850154
-0.0861813
-0.0872266
-0.0881461
-0.0889346
-0.0895874
-0.0900994
-0.0904667
-0.0906844
-0.0907491
-0.0906571
-0.0904052
-0.0899907
-0.0894112
-0.0886647
-0.0877503
-0.0866671
-0.0854149
-0.0839946
-0.0824076
-0.0806564
-0.0787442
-0.0766751
-0.074454
-0.0720871
-0.0695817
-0.0669462
-0.0641895
-0.0613226
-0.0583565
-0.0553044
-0.0521796
-0.0489972
-0.0457727
-0.0425228
-0.0392649
-0.0360171
-0.0327982
-0.0296274
-0.0265241
-0.0235078
-0.020598
-0.017814
-0.0151745
-0.0126978
-0.0104009
-0.00829994
-0.00640997
-0.00474437
-0.00331497
-0.00213192
-0.00120349
-0.000536066
-0.000134087
0
0
-0.000119322
-0.00046308
-0.00101741
-0.00176882
-0.0027042
-0.00381087
-0.00507656
-0.00648947
-0.00803829
-0.0097121
-0.0115005
-0.0133935
-0.0153815
-0.0174554
-0.0196065
-0.0218264
-0.0241071
-0.026441
-0.0288206
-0.031239
-0.0336892
-0.0361648
-0.0386593
-0.0411665
-0.0436804
-0.0461952
-0.0487048
-0.0512036
-0.0536861
-0.0561466
-0.0585795
-0.0609794
-0.0633404
-0.0656572
-0.0679244
-0.0701363
-0.0722873
-0.0743715
-0.0763836
-0.0783177
-0.0801681
-0.0819293
-0.0835955
-0.0851609
-0.0866197
-0.0879665
-0.0891953
-0.090301
-0.091278
-0.092121
-0.0928249
-0.0933844
-0.0937953
-0.0940526
-0.0941523
-0.0940906
-0.093864
-0.0934695
-0.0929045
-0.0921665
-0.0912546
-0.0901674
-0.0889046
-0.0874666
-0.0858548
-0.0840715
-0.0821195
-0.0800029
-0.0777265
-0.0752964
-0.0727198
-0.0700051
-0.0671616
-0.0642001
-0.0611319
-0.0579706
-0.0547297
-0.0514249
-0.0480722
-0.0446889
-0.0412931
-0.0379037
-0.0345405
-0.0312235
-0.0279732
-0.0248103
-0.0217555
-0.0188293
-0.0160517
-0.0134422
-0.0110193
-0.00880049
-0.0068021
-0.0050388
-0.00352372
-0.00226818
-0.00128162
-0.000571462
-0.00014314
0
0
-0.000123043
-0.000477429
-0.0010488
-0.00182319
-0.00278705
-0.00392729
-0.00523125
-0.00668678
-0.00828222
-0.0100063
-0.0118484
-0.0137981
-0.0158457
-0.0179818
-0.0201975
-0.0224841
-0.0248334
-0.0272377
-0.0296893
-0.032181
-0.034706
-0.0372573
-0.0398286
-0.0424135
-0.0450058
-0.0475996
-0.0501888
-0.0527675
-0.0553303
-0.0578712
-0.0603845
-0.0628649
-0.0653064
-0.0677033
-0.0700504
-0.0723416
-0.0745713
-0.0767336
-0.0788228
-0.0808331
-0.0827587
-0.0845936
-0.0863321
-0.0879681
-0.0894957
-0.0909093
-0.0922026
-0.0933703
-0.0944066
-0.0953059
-0.096063
-0.0966722
-0.097129
-0.0974281
-0.0975653
-0.0975365
-0.0973379
-0.0969661
-0.0964183
-0.0956917
-0.0947851
-0.0936967
-0.0924261
-0.0909733
-0.0893395
-0.0875267
-0.0855376
-0.083376
-0.0810466
-0.0785554
-0.0759096
-0.0731176
-0.0701886
-0.0671338
-0.0639644
-0.0606945
-0.0573379
-0.0539105
-0.0504291
-0.0469115
-0.0433765
-0.039844
-0.0363344
-0.0328688
-0.0294687
-0.0261562
-0.0229529
-0.0198808
-0.0169612
-0.014215
-0.0116621
-0.00932142
-0.00721068
-0.00534597
-0.00374176
-0.0024107
-0.00136343
-0.000608581
-0.000152651
0
0
-0.000126681
-0.000491467
-0.00107952
-0.00187642
-0.0028682
-0.00404137
-0.0053829
-0.00688028
-0.00852151
-0.0102951
-0.0121899
-0.0141955
-0.0163018
-0.0184992
-0.0207785
-0.0231309
-0.0255479
-0.0280217
-0.0305445
-0.0331088
-0.0357076
-0.038334
-0.0409813
-0.0436431
-0.0463131
-0.0489853
-0.0516534
-0.0543116
-0.0569541
-0.0595751
-0.0621686
-0.0647293
-0.067251
-0.0697279
-0.0721548
-0.0745254
-0.076834
-0.0790747
-0.0812415
-0.0833285
-0.0853297
-0.0872391
-0.0890508
-0.0907584
-0.0923559
-0.0938375
-0.0951967
-0.096428
-0.0975253
-0.0984827
-0.0992949
-0.0999557
-0.100461
-0.100804
-0.100981
-0.100988
-0.10082
-0.100473
-0.0999455
-0.0992332
-0.0983347
-0.0972481
-0.0959726
-0.0945079
-0.092855
-0.0910156
-0.0889921
-0.0867882
-0.0844083
-0.0818585
-0.0791457
-0.0762784
-0.0732657
-0.070119
-0.0668498
-0.0634721
-0.0600003
-0.0564507
-0.0528404
-0.049188
-0.045513
-0.0418359
-0.0381782
-0.0345619
-0.0310096
-0.0275445
-0.0241896
-0.0209681
-0.0179029
-0.0150161
-0.0123293
-0.00986279
-0.00763582
-0.00566599
-0.00396922
-0.00255956
-0.00144901
-0.000647462
-0.000162633
0
0
-0.000130229
-0.000505161
-0.0011095
-0.0019284
-0.00294748
-0.00415286
-0.00553117
-0.00706954
-0.00875567
-0.0105777
-0.0125244
-0.0145848
-0.0167488
-0.0190065
-0.0213483
-0.0237654
-0.0262492
-0.0287915
-0.0313844
-0.0340202
-0.0366919
-0.0393924
-0.0421148
-0.0448527
-0.0475996
-0.0503494
-0.0530958
-0.0558327
-0.0585543
-0.0612547
-0.063928
-0.0665684
-0.0691699
-0.0717267
-0.0742331
-0.076683
-0.0790706
-0.0813897
-0.0836343
-0.0857983
-0.0878756
-0.0898601
-0.0917456
-0.0935256
-0.095194
-0.0967447
-0.0981711
-0.0994672
-0.100627
-0.101644
-0.102513
-0.103228
-0.103783
-0.104173
-0.104392
-0.104437
-0.104302
-0.103983
-0.103478
-0.102783
-0.101896
-0.100814
-0.0995365
-0.098063
-0.096394
-0.0945309
-0.092476
-0.0902326
-0.0878051
-0.0851992
-0.082422
-0.0794816
-0.0763874
-0.0731507
-0.0697831
-0.0662989
-0.0627129
-0.0590416
-0.0553027
-0.0515154
-0.0476997
-0.043877
-0.0400698
-0.036301
-0.0325943
-0.0289741
-0.0254647
-0.0220907
-0.0188763
-0.0158453
-0.0130207
-0.0104246
-0.00807757
-0.00599895
-0.00420619
-0.00271485
-0.00153841
-0.000688142
-0.000173096
0
0
-0.000133676
-0.00051848
-0.00113868
-0.001979
-0.0030247
-0.00426151
-0.00567573
-0.00725415
-0.00898418
-0.0108537
-0.012851
-0.0149653
-0.0171858
-0.0195025
-0.0219058
-0.0243865
-0.0269358
-0.0295454
-0.0322072
-0.0349135
-0.0376569
-0.0404304
-0.0432269
-0.0460398
-0.0488626
-0.051689
-0.0545127
-0.0573274
-0.0601274
-0.0629065
-0.0656587
-0.0683784
-0.0710592
-0.0736952
-0.0762809
-0.0788098
-0.0812761
-0.0836735
-0.0859958
-0.088237
-0.0903907
-0.0924506
-0.0944104
-0.0962635
-0.0980035
-0.0996242
-0.101119
-0.102481
-0.103705
-0.104783
-0.105711
-0.106481
-0.107088
-0.107526
-0.10779
-0.107875
-0.107776
-0.107489
-0.107009
-0.106334
-0.10546
-0.104386
-0.10311
-0.101631
-0.0999487
-0.098065
-0.0959818
-0.0937019
-0.0912297
-0.0885707
-0.0857316
-0.0827208
-0.0795474
-0.0762228
-0.0727587
-0.0691697
-0.0654707
-0.0616787
-0.0578118
-0.0538897
-0.0499332
-0.0459644
-0.0420067
-0.0380839
-0.034221
-0.0304434
-0.0267769
-0.0232474
-0.0198807
-0.016702
-0.0137361
-0.0110066
-0.00853584
-0.00634484
-0.0044527
-0.00287662
-0.00163167
-0.000730647
-0.000184052
0
0
-0.000137016
-0.000531394
-0.00116698
-0.00202813
-0.00309969
-0.00436709
-0.00581627
-0.00743372
-0.00920655
-0.0111223
-0.0131692
-0.015336
-0.0176117
-0.0199862
-0.0224497
-0.0249926
-0.0276062
-0.0302818
-0.0330112
-0.0357867
-0.0386006
-0.0414458
-0.0443151
-0.0472018
-0.0500993
-0.0530012
-0.0559011
-0.0587927
-0.06167
-0.0645268
-0.0673571
-0.0701551
-0.0729144
-0.0756291
-0.0782934
-0.0809008
-0.0834454
-0.0859208
-0.0883208
-0.090639
-0.092869
-0.0950045
-0.0970389
-0.0989656
-0.100778
-0.102469
-0.104033
-0.105462
-0.106751
-0.107892
-0.10888
-0.109707
-0.110368
-0.110857
-0.111168
-0.111295
-0.111234
-0.11098
-0.110529
-0.109876
-0.10902
-0.107956
-0.106684
-0.105202
-0.103511
-0.10161
-0.0995012
-0.0971882
-0.0946744
-0.0919652
-0.0890673
-0.0859888
-0.0827388
-0.0793288
-0.0757705
-0.0720786
-0.0682683
-0.0643569
-0.060363
-0.0563068
-0.0522097
-0.0480946
-0.0439858
-0.039908
-0.0358874
-0.0319506
-0.0281247
-0.0244372
-0.0209151
-0.0175856
-0.0144749
-0.0116085
-0.00901046
-0.00670357
-0.00470873
-0.00304488
-0.00172882
-0.000774996
-0.000195507
0
0
-0.000140241
-0.000543873
-0.00119435
-0.00207566
-0.00317231
-0.00446937
-0.00595249
-0.00760786
-0.0094223
-0.0113831
-0.0134783
-0.0156962
-0.0180258
-0.0204567
-0.0229788
-0.0255826
-0.0282589
-0.0309991
-0.0337947
-0.0366379
-0.0395209
-0.0424363
-0.0453771
-0.0483362
-0.0513071
-0.0542832
-0.0572579
-0.0602251
-0.0631785
-0.066112
-0.0690193
-0.0718946
-0.0747315
-0.0775239
-0.080266
-0.0829512
-0.0855735
-0.0881264
-0.0906035
-0.0929985
-0.0953047
-0.0975157
-0.0996248
-0.101625
-0.10351
-0.105273
-0.106906
-0.108403
-0.109758
-0.110963
-0.112012
-0.112898
-0.113615
-0.114156
-0.114515
-0.114688
-0.114667
-0.114449
-0.114028
-0.113401
-0.112565
-0.111515
-0.110251
-0.108769
-0.107071
-0.105156
-0.103026
-0.100683
-0.0981306
-0.0953746
-0.0924211
-0.0892779
-0.0859543
-0.0824616
-0.0788116
-0.0750191
-0.0710996
-0.0670705
-0.062951
-0.0587617
-0.0545248
-0.0502636
-0.0460035
-0.0417702
-0.0375908
-0.0334934
-0.0295063
-0.0256583
-0.0219784
-0.0184951
-0.0152365
-0.0122298
-0.00950111
-0.00707496
-0.00497418
-0.00321961
-0.00182986
-0.000821199
-0.000207467
0
0
-0.000143344
-0.000555893
-0.00122073
-0.0021215
-0.00324238
-0.00456813
-0.00608411
-0.00777621
-0.009631
-0.0116355
-0.0137775
-0.0160451
-0.0184272
-0.0209129
-0.0234922
-0.0261552
-0.0288927
-0.0316958
-0.034556
-0.0374653
-0.0404157
-0.0433999
-0.0464105
-0.0494405
-0.0524832
-0.0555319
-0.0585802
-0.0616214
-0.0646496
-0.0676583
-0.0706414
-0.0735928
-0.0765061
-0.0793751
-0.082194
-0.0849561
-0.0876553
-0.0902849
-0.0928385
-0.0953097
-0.0976917
-0.0999779
-0.102162
-0.104236
-0.106193
-0.108027
-0.109731
-0.111297
-0.112718
-0.113988
-0.1151
-0.116046
-0.116819
-0.117415
-0.117825
-0.118044
-0.118066
-0.117886
-0.117499
-0.1169
-0.116086
-0.115053
-0.113799
-0.112322
-0.11062
-0.108694
-0.106546
-0.104176
-0.101589
-0.09879
-0.0957841
-0.0925797
-0.0891856
-0.0856133
-0.0818744
-0.0779841
-0.0739577
-0.0698131
-0.0655699
-0.061249
-0.0568732
-0.0524668
-0.0480556
-0.0436666
-0.039328
-0.035069
-0.0309191
-0.026909
-0.0230689
-0.0194293
-0.0160199
-0.0128699
-0.0100073
-0.00745874
-0.00524892
-0.00340073
-0.00193477
-0.000869254
-0.000219934
0
0
-0.000146319
-0.000567427
-0.00124607
-0.00216556
-0.00330977
-0.00466318
-0.00621085
-0.00793843
-0.00983221
-0.011879
-0.0140663
-0.0163821
-0.0188149
-0.0213539
-0.0239886
-0.0267091
-0.0295061
-0.0323704
-0.0352935
-0.038267
-0.0412832
-0.0443343
-0.047413
-0.0505122
-0.053625
-0.0567447
-0.0598647
-0.0629785
-0.0660798
-0.0691623
-0.0722195
-0.0752456
-0.078234
-0.0811783
-0.0840728
-0.0869106
-0.0896855
-0.0923909
-0.0950202
-0.0975668
-0.100024
-0.102385
-0.104643
-0.10679
-0.10882
-0.110726
-0.1125
-0.114135
-0.115623
-0.116959
-0.118134
-0.119141
-0.119973
-0.120624
-0.121086
-0.121354
-0.121421
-0.121281
-0.12093
-0.120362
-0.119574
-0.118561
-0.11732
-0.115849
-0.114148
-0.112215
-0.110052
-0.107659
-0.105041
-0.102202
-0.0991472
-0.0958851
-0.092424
-0.0887753
-0.0849509
-0.0809656
-0.0768352
-0.0725777
-0.0682129
-0.0637624
-0.0592494
-0.0546989
-0.0501375
-0.0455933
-0.0410953
-0.036674
-0.0323606
-0.0281868
-0.0241848
-0.0203866
-0.016824
-0.0135279
-0.0105286
-0.00785449
-0.00553269
-0.0035881
-0.00204348
-0.000919147
-0.000232909
0
0
-0.00014916
-0.000578453
-0.00127031
-0.00220775
-0.00337436
-0.00475433
-0.00633248
-0.0080942
-0.0100255
-0.0121131
-0.0143441
-0.0167064
-0.0191883
-0.0217787
-0.0244671
-0.0272433
-0.0300979
-0.0330215
-0.0360055
-0.0390415
-0.0421214
-0.0452375
-0.0483824
-0.0515489
-0.0547299
-0.0579188
-0.0611087
-0.0642932
-0.0674658
-0.0706203
-0.0737501
-0.0768492
-0.0799109
-0.0829291
-0.0858976
-0.0888097
-0.0916591
-0.094439
-0.0971428
-0.0997639
-0.102295
-0.10473
-0.107061
-0.109282
-0.111384
-0.113361
-0.115205
-0.116909
-0.118466
-0.119867
-0.121106
-0.122175
-0.123067
-0.123774
-0.12429
-0.124609
-0.124722
-0.124625
-0.124312
-0.123778
-0.123017
-0.122027
-0.120803
-0.119342
-0.117644
-0.115708
-0.113533
-0.111121
-0.108475
-0.1056
-0.1025
-0.0991843
-0.0956599
-0.0919385
-0.0880319
-0.0839551
-0.0797238
-0.0753563
-0.0708728
-0.066295
-0.0616469
-0.056954
-0.0522438
-0.0475452
-0.0428883
-0.0383049
-0.0338274
-0.0294891
-0.0253238
-0.0213653
-0.0176473
-0.0142028
-0.011064
-0.00826171
-0.00582516
-0.00378156
-0.00215593
-0.000970847
-0.000246387
0
0
-0.000151861
-0.000588951
-0.00129342
-0.00224799
-0.00343601
-0.00484142
-0.00644876
-0.00824322
-0.0102106
-0.0123373
-0.0146104
-0.0170174
-0.0195465
-0.0221865
-0.0249266
-0.0277566
-0.0306667
-0.0336477
-0.0366906
-0.0397869
-0.0429285
-0.0461076
-0.0493166
-0.0525482
-0.0557954
-0.0590513
-0.0623092
-0.0655623
-0.0688043
-0.0720288
-0.0752292
-0.0783994
-0.0815328
-0.0846229
-0.0876638
-0.0906486
-0.0935709
-0.0964239
-0.0992009
-0.101895
-0.104499
-0.107007
-0.109411
-0.111703
-0.113877
-0.115925
-0.117839
-0.119612
-0.121237
-0.122704
-0.124008
-0.125139
-0.126092
-0.126857
-0.127428
-0.127798
-0.12796
-0.127908
-0.127635
-0.127136
-0.126406
-0.125441
-0.124236
-0.122789
-0.121098
-0.119161
-0.116978
-0.114551
-0.111882
-0.108974
-0.105833
-0.102467
-0.0988832
-0.095093
-0.0911081
-0.0869434
-0.0826148
-0.0781407
-0.0735415
-0.0688394
-0.0640587
-0.0592257
-0.0543686
-0.049517
-0.0447023
-0.0399573
-0.0353158
-0.0308126
-0.0264832
-0.0223632
-0.0184881
-0.0148931
-0.0116126
-0.00867971
-0.0061259
-0.00398084
-0.00227197
-0.00102431
-0.000260359
0
0
-0.000154418
-0.000598905
-0.00131534
-0.00228622
-0.00349463
-0.00492428
-0.00655949
-0.00838523
-0.0103871
-0.0125513
-0.0148646
-0.0173145
-0.019889
-0.0225765
-0.0253663
-0.028248
-0.0312115
-0.0342476
-0.0373472
-0.0405017
-0.0437028
-0.0469426
-0.0502134
-0.053508
-0.0568191
-0.0601398
-0.0634633
-0.0667828
-0.070092
-0.0733843
-0.0766532
-0.0798924
-0.0830954
-0.0862556
-0.0893669
-0.0924225
-0.0954159
-0.0983402
-0.101189
-0.103954
-0.106631
-0.10921
-0.111685
-0.114049
-0.116293
-0.118411
-0.120395
-0.122236
-0.123928
-0.125462
-0.12683
-0.128024
-0.129038
-0.129861
-0.130489
-0.130912
-0.131124
-0.131118
-0.130887
-0.130426
-0.129729
-0.128792
-0.12761
-0.126179
-0.124498
-0.122564
-0.120377
-0.117938
-0.115248
-0.112312
-0.109135
-0.105722
-0.102083
-0.0982282
-0.094169
-0.0899205
-0.0854985
-0.0809215
-0.0762102
-0.0713872
-0.0664771
-0.0615068
-0.0565051
-0.0515027
-0.0465318
-0.0416264
-0.0368216
-0.0321538
-0.02766
-0.0233777
-0.0193444
-0.0155974
-0.0121734
-0.00910768
-0.00643438
-0.00418562
-0.00239144
-0.00107947
-0.000274813
0
0
-0.000156827
-0.000608299
-0.00133606
-0.00232238
-0.00355013
-0.00500279
-0.0066645
-0.00852
-0.0105547
-0.0127546
-0.0151063
-0.0175972
-0.0202149
-0.022948
-0.0257853
-0.0287164
-0.0317312
-0.0348201
-0.0379741
-0.0411843
-0.0444425
-0.0477406
-0.0510709
-0.0544259
-0.0577984
-0.0611815
-0.0645682
-0.0679518
-0.0713258
-0.0746835
-0.0780185
-0.0813245
-0.0845947
-0.0878226
-0.0910022
-0.0941265
-0.0971889
-0.100183
-0.103101
-0.105936
-0.108682
-0.111332
-0.113877
-0.11631
-0.118624
-0.120811
-0.122863
-0.124773
-0.126531
-0.128131
-0.129564
-0.130821
-0.131896
-0.132779
-0.133463
-0.13394
-0.134203
-0.134245
-0.134058
-0.133637
-0.132976
-0.132069
-0.130911
-0.1295
-0.127831
-0.125904
-0.123716
-0.121269
-0.118563
-0.115603
-0.112392
-0.108938
-0.105248
-0.101333
-0.0972038
-0.0928758
-0.0883646
-0.083689
-0.0788697
-0.0739295
-0.0688936
-0.0637893
-0.0586461
-0.0534955
-0.0483707
-0.0433067
-0.0383401
-0.0335085
-0.0288507
-0.024406
-0.0202139
-0.0163138
-0.0127448
-0.00954462
-0.00674992
-0.0043955
-0.00251414
-0.00113623
-0.000289731
0
0
-0.000159087
-0.000617122
-0.00135555
-0.00235643
-0.00360243
-0.00507685
-0.00676363
-0.00864732
-0.0107132
-0.012947
-0.0153352
-0.0178649
-0.0205239
-0.0233003
-0.0261828
-0.029161
-0.0322246
-0.035364
-0.0385698
-0.0418333
-0.045146
-0.0484998
-0.051887
-0.0552998
-0.0587312
-0.0621741
-0.0656214
-0.0690663
-0.0725025
-0.0759231
-0.0793216
-0.0826917
-0.0860267
-0.08932
-0.0925654
-0.095756
-0.0988852
-0.101946
-0.104932
-0.107835
-0.110649
-0.113366
-0.11598
-0.118481
-0.120863
-0.123118
-0.125237
-0.127213
-0.129038
-0.130703
-0.1322
-0.13352
-0.134656
-0.135598
-0.13634
-0.136872
-0.137187
-0.137278
-0.137137
-0.136757
-0.136133
-0.135259
-0.134129
-0.13274
-0.131087
-0.129169
-0.126984
-0.124532
-0.121815
-0.118834
-0.115595
-0.112103
-0.108366
-0.104395
-0.100201
-0.0957979
-0.0912022
-0.0864325
-0.0815096
-0.0764565
-0.071299
-0.0660646
-0.0607837
-0.0554881
-0.0502123
-0.0449923
-0.0398658
-0.034872
-0.0300513
-0.0254447
-0.0210938
-0.0170402
-0.0133253
-0.00998936
-0.00707173
-0.00460999
-0.00263979
-0.0011945
-0.000305087
0
0
-0.000161194
-0.000625367
-0.00137378
-0.00238832
-0.00365147
-0.00514636
-0.00685675
-0.00876703
-0.0108622
-0.0131281
-0.0155508
-0.0181174
-0.0208153
-0.0236327
-0.0265582
-0.029581
-0.0326909
-0.0358781
-0.0391332
-0.0424473
-0.0458118
-0.0492187
-0.0526599
-0.0561278
-0.0596153
-0.063115
-0.0666201
-0.0701237
-0.0736191
-0.0770998
-0.0805591
-0.0839906
-0.0873876
-0.0907435
-0.0940521
-0.0973063
-0.1005
-0.103625
-0.106676
-0.109645
-0.112524
-0.115307
-0.117987
-0.120555
-0.123003
-0.125324
-0.127509
-0.129551
-0.13144
-0.13317
-0.13473
-0.136112
-0.137309
-0.138311
-0.13911
-0.139698
-0.140066
-0.140206
-0.140112
-0.139775
-0.139191
-0.138351
-0.137251
-0.135886
-0.134252
-0.132347
-0.130168
-0.127715
-0.124989
-0.121992
-0.118729
-0.115204
-0.111425
-0.107403
-0.103148
-0.0986749
-0.0939996
-0.0891407
-0.084119
-0.078958
-0.0736835
-0.0683236
-0.062909
-0.0574726
-0.0520493
-0.0466765
-0.0413929
-0.0362392
-0.0312573
-0.0264901
-0.0219811
-0.0177741
-0.0139129
-0.0104405
-0.00739887
-0.0048285
-0.00276808
-0.00125413
-0.000320852
0
0
-0.000163148
-0.000633029
-0.00139075
-0.00241803
-0.00369722
-0.00521127
-0.00694378
-0.00887899
-0.0110018
-0.0132977
-0.0157528
-0.018354
-0.0210887
-0.0239447
-0.0269106
-0.0299756
-0.0331292
-0.0363615
-0.0396631
-0.043025
-0.0464386
-0.0498955
-0.0533878
-0.0569079
-0.0604484
-0.0640021
-0.067562
-0.0711211
-0.0746729
-0.0782106
-0.0817276
-0.0852175
-0.0886736
-0.0920891
-0.095458
-0.098773
-0.102028
-0.105215
-0.108328
-0.11136
-0.114302
-0.117149
-0.119892
-0.122524
-0.125036
-0.127422
-0.129671
-0.131776
-0.13373
-0.135522
-0.137145
-0.138589
-0.139846
-0.140907
-0.141763
-0.142406
-0.142827
-0.143018
-0.142972
-0.14268
-0.142135
-0.141332
-0.140264
-0.138926
-0.137314
-0.135424
-0.133255
-0.130805
-0.128074
-0.125065
-0.121781
-0.118227
-0.114411
-0.110343
-0.106032
-0.101494
-0.0967445
-0.0918016
-0.0866865
-0.0814228
-0.0760364
-0.070556
-0.0650127
-0.05944
-0.0538737
-0.048352
-0.0429149
-0.0376044
-0.0324638
-0.0275379
-0.0228722
-0.0185127
-0.0145056
-0.0108965
-0.00773024
-0.00505033
-0.00289862
-0.00131497
-0.000336985
0
0
-0.000164949
-0.000640108
-0.00140645
-0.00244557
-0.00373965
-0.00527153
-0.00702465
-0.00898311
-0.0111317
-0.0134556
-0.0159411
-0.0185747
-0.0213437
-0.0242358
-0.0272396
-0.0303441
-0.0335386
-0.0368133
-0.0401586
-0.0435653
-0.0470248
-0.0505288
-0.0540692
-0.0576383
-0.0612288
-0.0648332
-0.0684447
-0.0720561
-0.075661
-0.0792525
-0.082824
-0.0863691
-0.089881
-0.0933531
-0.096779
-0.100152
-0.103465
-0.106711
-0.109883
-0.112975
-0.115978
-0.118885
-0.12169
-0.124383
-0.126957
-0.129404
-0.131715
-0.133883
-0.135898
-0.137751
-0.139435
-0.140939
-0.142256
-0.143375
-0.144288
-0.144986
-0.145461
-0.145703
-0.145705
-0.145458
-0.144956
-0.144191
-0.143156
-0.141847
-0.140259
-0.138388
-0.136231
-0.133786
-0.131055
-0.128037
-0.124737
-0.121159
-0.117311
-0.113201
-0.10884
-0.104242
-0.0994238
-0.0944025
-0.0891998
-0.083839
-0.0783465
-0.0727512
-0.0670847
-0.0613811
-0.0556768
-0.050011
-0.0444247
-0.0389611
-0.0336653
-0.0285835
-0.0237634
-0.019253
-0.0151009
-0.0113556
-0.00806459
-0.00527468
-0.00303098
-0.00137681
-0.000353442
0
0
-0.000166599
-0.000646608
-0.00142089
-0.00247092
-0.00377877
-0.00532714
-0.00709934
-0.00907934
-0.0112518
-0.0136018
-0.0161154
-0.0187791
-0.0215799
-0.0245057
-0.0275447
-0.0306859
-0.0339185
-0.0372326
-0.0406185
-0.044067
-0.0475694
-0.0511173
-0.0547025
-0.0583173
-0.0619543
-0.0656062
-0.0692658
-0.0729262
-0.0765808
-0.0802227
-0.0838452
-0.0874421
-0.0910063
-0.0945315
-0.0980111
-0.101438
-0.104806
-0.108108
-0.111336
-0.114485
-0.117545
-0.12051
-0.123373
-0.126125
-0.128758
-0.131264
-0.133635
-0.135862
-0.137936
-0.13985
-0.141592
-0.143155
-0.14453
-0.145706
-0.146675
-0.147428
-0.147956
-0.148249
-0.1483
-0.148099
-0.147639
-0.146913
-0.145914
-0.144636
-0.143074
-0.141224
-0.139082
-0.136647
-0.133918
-0.130896
-0.127583
-0.123986
-0.12011
-0.115963
-0.111557
-0.106906
-0.102024
-0.0969302
-0.0916458
-0.0861941
-0.0806018
-0.0748978
-0.0691142
-0.0632856
-0.0574491
-0.0516447
-0.0459144
-0.0403026
-0.0348557
-0.0296218
-0.0246502
-0.0199913
-0.0156961
-0.0118156
-0.00840048
-0.00550063
-0.00316462
-0.00143943
-0.000370165
0
0
-0.0001681
-0.000652535
-0.00143408
-0.00249411
-0.00381459
-0.0053781
-0.00716785
-0.00916766
-0.011362
-0.0137361
-0.0162756
-0.018967
-0.0217973
-0.024754
-0.0278255
-0.0310005
-0.0342683
-0.0376188
-0.0410422
-0.0445293
-0.0480712
-0.0516596
-0.0552862
-0.0589433
-0.0626234
-0.0663191
-0.0700234
-0.0737291
-0.0774297
-0.0811183
-0.0847883
-0.0884332
-0.0920462
-0.0956207
-0.0991504
-0.102628
-0.106048
-0.109401
-0.112682
-0.115884
-0.118998
-0.122018
-0.124935
-0.127743
-0.130432
-0.132995
-0.135422
-0.137706
-0.139838
-0.141808
-0.143608
-0.145228
-0.146659
-0.147891
-0.148915
-0.149722
-0.150302
-0.150645
-0.150745
-0.15059
-0.150174
-0.149488
-0.148526
-0.14728
-0.145746
-0.143919
-0.141795
-0.139372
-0.136648
-0.133625
-0.130305
-0.126693
-0.122793
-0.118615
-0.11417
-0.10947
-0.10453
-0.0993706
-0.0940109
-0.0884749
-0.0827894
-0.0769835
-0.0710897
-0.0651428
-0.0591807
-0.053244
-0.0473757
-0.0416213
-0.0360285
-0.030647
-0.0255279
-0.0207238
-0.016288
-0.0122743
-0.00873629
-0.00572713
-0.00329897
-0.00150256
-0.00038709
0
0
-0.000169455
-0.000657903
-0.00144605
-0.00251517
-0.00384715
-0.00542447
-0.0072302
-0.00924809
-0.0114625
-0.0138585
-0.0164217
-0.0191383
-0.0219955
-0.0249805
-0.0280816
-0.0312875
-0.0345874
-0.0379711
-0.0414287
-0.044951
-0.0485291
-0.0521545
-0.0558191
-0.0595148
-0.0632343
-0.0669701
-0.0707152
-0.0744625
-0.0782053
-0.0819368
-0.0856503
-0.0893394
-0.0929973
-0.0966174
-0.100193
-0.103718
-0.107185
-0.110587
-0.113917
-0.117168
-0.120332
-0.123403
-0.126372
-0.129231
-0.131973
-0.134589
-0.13707
-0.139408
-0.141594
-0.143619
-0.145473
-0.147148
-0.148633
-0.149919
-0.150996
-0.151855
-0.152487
-0.15288
-0.153028
-0.152919
-0.152546
-0.151902
-0.150977
-0.149765
-0.148261
-0.146459
-0.144355
-0.141946
-0.139232
-0.136212
-0.132888
-0.129264
-0.125346
-0.121142
-0.116662
-0.111919
-0.106929
-0.101709
-0.0962808
-0.0906676
-0.084896
-0.0789956
-0.0729988
-0.0669411
-0.0608608
-0.054799
-0.0487996
-0.0429091
-0.0371766
-0.031653
-0.0263913
-0.0214462
-0.0168734
-0.0127291
-0.00907018
-0.00595299
-0.00343332
-0.00156591
-0.000404141
0
0
-0.00017067
-0.000662727
-0.00145682
-0.00253415
-0.00387652
-0.0054663
-0.00728649
-0.00932071
-0.0115532
-0.013969
-0.0165535
-0.019293
-0.0221744
-0.0251849
-0.0283128
-0.0315466
-0.0348754
-0.038289
-0.0417775
-0.0453316
-0.0489423
-0.0526011
-0.0562997
-0.0600304
-0.0637854
-0.0675575
-0.0713395
-0.0751243
-0.0789053
-0.0826757
-0.0864287
-0.0901579
-0.0938565
-0.097518
-0.101136
-0.104703
-0.108214
-0.11166
-0.115034
-0.118331
-0.121542
-0.124659
-0.127676
-0.130583
-0.133374
-0.13604
-0.138571
-0.14096
-0.143197
-0.145273
-0.147179
-0.148906
-0.150443
-0.151781
-0.152909
-0.153819
-0.1545
-0.154943
-0.155138
-0.155074
-0.154745
-0.154141
-0.153254
-0.152077
-0.150604
-0.148829
-0.146747
-0.144356
-0.141653
-0.138639
-0.135315
-0.131684
-0.127752
-0.123527
-0.119018
-0.114238
-0.109203
-0.10393
-0.0984407
-0.0927575
-0.0869075
-0.0809204
-0.0748288
-0.0686684
-0.0624779
-0.056299
-0.0501764
-0.0441574
-0.0382921
-0.032633
-0.0272348
-0.0221539
-0.0174484
-0.0131772
-0.00940014
-0.00617687
-0.00356693
-0.00162912
-0.00042123
0
0
-0.000171751
-0.000667027
-0.00146643
-0.0025511
-0.00390276
-0.00550368
-0.00733679
-0.00938559
-0.0116343
-0.0140677
-0.0166712
-0.0194311
-0.022334
-0.0253672
-0.0285188
-0.0317773
-0.0351319
-0.038572
-0.0420879
-0.0456702
-0.0493098
-0.0529982
-0.0567271
-0.0604887
-0.0642753
-0.0680796
-0.0718944
-0.0757126
-0.0795276
-0.0833325
-0.0871207
-0.0908857
-0.0946208
-0.0983193
-0.101975
-0.105581
-0.10913
-0.112616
-0.116031
-0.119369
-0.122621
-0.125782
-0.128842
-0.131794
-0.134629
-0.137341
-0.139918
-0.142354
-0.144639
-0.146763
-0.148718
-0.150493
-0.15208
-0.153466
-0.154644
-0.155603
-0.156332
-0.156822
-0.157062
-0.157044
-0.156758
-0.156194
-0.155345
-0.154204
-0.152762
-0.151015
-0.148957
-0.146586
-0.143897
-0.140892
-0.137571
-0.133937
-0.129996
-0.125754
-0.121222
-0.116412
-0.111338
-0.106019
-0.100475
-0.0947295
-0.0888093
-0.0827438
-0.076566
-0.0703117
-0.0640199
-0.0577329
-0.0514957
-0.0453567
-0.0393669
-0.0335799
-0.0280521
-0.0228418
-0.018009
-0.0136156
-0.00972393
-0.0063973
-0.00369894
-0.0016918
-0.000438258
0
0
-0.000172704
-0.000670829
-0.00147494
-0.0025661
-0.00392597
-0.00553674
-0.00738123
-0.00944288
-0.0117058
-0.0141547
-0.0167749
-0.0195525
-0.0224742
-0.0255273
-0.0286996
-0.0319796
-0.0353565
-0.0388197
-0.0423594
-0.0459661
-0.0496308
-0.0533449
-0.0571001
-0.0608886
-0.0647026
-0.0685348
-0.0723781
-0.0762253
-0.0800699
-0.083905
-0.0877238
-0.0915201
-0.0952871
-0.0990181
-0.102707
-0.106346
-0.10993
-0.113451
-0.116902
-0.120277
-0.123567
-0.126765
-0.129865
-0.132856
-0.135733
-0.138485
-0.141105
-0.143584
-0.145913
-0.148081
-0.150081
-0.151902
-0.153534
-0.154967
-0.156191
-0.157195
-0.15797
-0.158505
-0.15879
-0.158815
-0.158571
-0.158047
-0.157236
-0.15613
-0.154721
-0.153003
-0.15097
-0.14862
-0.145948
-0.142954
-0.13964
-0.136007
-0.13206
-0.127807
-0.123257
-0.118422
-0.113316
-0.107958
-0.102367
-0.0965679
-0.0905859
-0.0844511
-0.0781963
-0.0718576
-0.0654743
-0.0590888
-0.0527468
-0.0464972
-0.040392
-0.034486
-0.0288367
-0.0235042
-0.0185509
-0.0140406
-0.0100391
-0.00661265
-0.0038284
-0.00175353
-0.000455111
0
0
-0.000173539
-0.000674162
-0.00148239
-0.00257924
-0.00394627
-0.00556561
-0.00741998
-0.00949274
-0.0117679
-0.0142301
-0.0168646
-0.0196574
-0.0225952
-0.025665
-0.0288549
-0.0321532
-0.0355489
-0.0390317
-0.0425914
-0.0462188
-0.0499046
-0.0536403
-0.0574177
-0.0612287
-0.0650658
-0.0689216
-0.0727889
-0.0766607
-0.0805302
-0.0843908
-0.0882357
-0.0920585
-0.0958526
-0.0996113
-0.103328
-0.106997
-0.11061
-0.114162
-0.117644
-0.12105
-0.124373
-0.127605
-0.130738
-0.133765
-0.136678
-0.139467
-0.142125
-0.144643
-0.147011
-0.14922
-0.15126
-0.153123
-0.154797
-0.156272
-0.157539
-0.158587
-0.159405
-0.159983
-0.16031
-0.160376
-0.160172
-0.159687
-0.158914
-0.157842
-0.156465
-0.154777
-0.15277
-0.150442
-0.147789
-0.14481
-0.141505
-0.137876
-0.133929
-0.129669
-0.125106
-0.120252
-0.115121
-0.109731
-0.104102
-0.0982563
-0.0922215
-0.0860267
-0.0797049
-0.073292
-0.0668275
-0.0603542
-0.0539181
-0.0475685
-0.0413582
-0.0353429
-0.0295815
-0.0241355
-0.0190691
-0.0144488
-0.0103429
-0.00682111
-0.00395425
-0.00181381
-0.000471665
0
0
-0.000174265
-0.000677058
-0.00148885
-0.0025906
-0.00396378
-0.00559043
-0.00745319
-0.00953533
-0.0118208
-0.0142941
-0.0169405
-0.0197459
-0.0226968
-0.0257805
-0.0289847
-0.0322979
-0.035709
-0.0392076
-0.0427836
-0.0464275
-0.0501304
-0.0538836
-0.0576788
-0.061508
-0.0653637
-0.0692385
-0.0731252
-0.0770167
-0.0809065
-0.0847877
-0.0886537
-0.0924982
-0.0963144
-0.100096
-0.103836
-0.107529
-0.111167
-0.114743
-0.118251
-0.121684
-0.125035
-0.128295
-0.131458
-0.134515
-0.137458
-0.14028
-0.142971
-0.145522
-0.147925
-0.15017
-0.152247
-0.154147
-0.155859
-0.157374
-0.15868
-0.159767
-0.160625
-0.161242
-0.161609
-0.161714
-0.161549
-0.161101
-0.160363
-0.159326
-0.157981
-0.156322
-0.154343
-0.152038
-0.149405
-0.146442
-0.14315
-0.139529
-0.135584
-0.131322
-0.126752
-0.121885
-0.116735
-0.11132
-0.10566
-0.0997779
-0.0936995
-0.0874547
-0.0810763
-0.0746002
-0.0680659
-0.0615162
-0.0549976
-0.0485596
-0.0422556
-0.0361421
-0.0302789
-0.0247291
-0.0195587
-0.0148361
-0.0106325
-0.00702074
-0.00407534
-0.00187211
-0.000487777
0
0
-0.000174894
-0.000679553
-0.0014944
-0.00260029
-0.00397864
-0.00561138
-0.00748106
-0.00957085
-0.0118646
-0.0143468
-0.0170027
-0.019818
-0.0227793
-0.0258737
-0.029089
-0.0324136
-0.0358364
-0.039347
-0.0429353
-0.0465918
-0.0503075
-0.0540738
-0.0578824
-0.0617253
-0.0655949
-0.0694839
-0.0733852
-0.0772916
-0.0811966
-0.0850934
-0.0889755
-0.0928364
-0.0966696
-0.100468
-0.104227
-0.107938
-0.111595
-0.115191
-0.11872
-0.122175
-0.125547
-0.128831
-0.132017
-0.135099
-0.138069
-0.140917
-0.143635
-0.146216
-0.148648
-0.150924
-0.153033
-0.154966
-0.156712
-0.15826
-0.159602
-0.160725
-0.161619
-0.162273
-0.162676
-0.162818
-0.162688
-0.162276
-0.161572
-0.160567
-0.159253
-0.157624
-0.155671
-0.153391
-0.150779
-0.147835
-0.144556
-0.140946
-0.137008
-0.132749
-0.128176
-0.123302
-0.118141
-0.112709
-0.107026
-0.101115
-0.0950032
-0.0887187
-0.0822947
-0.0757669
-0.0691748
-0.0625613
-0.0559726
-0.0494589
-0.0430737
-0.0368742
-0.030921
-0.0252785
-0.020014
-0.0151983
-0.0109048
-0.00720942
-0.00419043
-0.00192784
-0.000503292
0
0
-0.000175436
-0.000681686
-0.00149909
-0.00260843
-0.00399099
-0.00562862
-0.00750376
-0.0095995
-0.0118996
-0.0143885
-0.0170513
-0.0198738
-0.0228425
-0.0259445
-0.0291675
-0.0325
-0.0359308
-0.0394494
-0.043046
-0.0467108
-0.0504351
-0.05421
-0.0580273
-0.0618792
-0.0657579
-0.0696563
-0.0735671
-0.0774833
-0.0813984
-0.0853057
-0.0891984
-0.0930705
-0.0969152
-0.100726
-0.104497
-0.108221
-0.111892
-0.115502
-0.119046
-0.122516
-0.125905
-0.129206
-0.132411
-0.135512
-0.138502
-0.141371
-0.144112
-0.146716
-0.149173
-0.151474
-0.15361
-0.15557
-0.157345
-0.158923
-0.160295
-0.16145
-0.162375
-0.163062
-0.163498
-0.163673
-0.163576
-0.163196
-0.162524
-0.161551
-0.160267
-0.158665
-0.156739
-0.154484
-0.151894
-0.148969
-0.145707
-0.142111
-0.138183
-0.13393
-0.12936
-0.124485
-0.119319
-0.113877
-0.10818
-0.102251
-0.0961149
-0.0898017
-0.0833437
-0.0767765
-0.0701394
-0.0634752
-0.0568302
-0.0502545
-0.0438018
-0.0375296
-0.0314995
-0.0257765
-0.0204294
-0.0155308
-0.0111563
-0.00738486
-0.00429814
-0.00198037
-0.00051804
0
0
-0.000175905
-0.000683497
-0.00150302
-0.00261512
-0.00400098
-0.00564231
-0.00752147
-0.00962144
-0.0119259
-0.0144192
-0.0170865
-0.0199135
-0.0228866
-0.0259929
-0.0292202
-0.0325568
-0.0359917
-0.0395145
-0.043115
-0.0467839
-0.0505121
-0.054291
-0.0581124
-0.0619683
-0.0658512
-0.0697538
-0.073669
-0.0775898
-0.0815096
-0.0854218
-0.0893198
-0.0931974
-0.097048
-0.100865
-0.104643
-0.108374
-0.112053
-0.115672
-0.119225
-0.122705
-0.126104
-0.129416
-0.132634
-0.135748
-0.138752
-0.141637
-0.144394
-0.147015
-0.149491
-0.151812
-0.153969
-0.155951
-0.157749
-0.159352
-0.16075
-0.16193
-0.162884
-0.163599
-0.164064
-0.164267
-0.1642
-0.16385
-0.163207
-0.162262
-0.161006
-0.159431
-0.157531
-0.1553
-0.152733
-0.149828
-0.146585
-0.143004
-0.13909
-0.134848
-0.130286
-0.125416
-0.12025
-0.114807
-0.109104
-0.103166
-0.0970169
-0.0906863
-0.0842065
-0.0776129
-0.0709444
-0.0642437
-0.0575569
-0.0509339
-0.0444285
-0.0380984
-0.0320055
-0.0262156
-0.0207988
-0.0158288
-0.0113836
-0.00754464
-0.00439703
-0.00202899
-0.000531832
0
0
-0.000176313
-0.000685026
-0.00150624
-0.00262047
-0.00400872
-0.00565261
-0.00753434
-0.00963682
-0.0119436
-0.0144391
-0.0171083
-0.0199368
-0.0229112
-0.0260185
-0.0292465
-0.0325836
-0.0360187
-0.0395413
-0.0431416
-0.04681
-0.0505375
-0.0543157
-0.0581361
-0.0619911
-0.065873
-0.0697746
-0.0736888
-0.0776086
-0.0815276
-0.0854391
-0.0893367
-0.0932141
-0.0970646
-0.100882
-0.10466
-0.108393
-0.112073
-0.115695
-0.119251
-0.122734
-0.126138
-0.129455
-0.132679
-0.1358
-0.138812
-0.141706
-0.144473
-0.147106
-0.149594
-0.151929
-0.154101
-0.156099
-0.157915
-0.159537
-0.160954
-0.162156
-0.163132
-0.16387
-0.164359
-0.164588
-0.164545
-0.164221
-0.163604
-0.162685
-0.161455
-0.159905
-0.158029
-0.155821
-0.153277
-0.150393
-0.14717
-0.143608
-0.13971
-0.135483
-0.130933
-0.126074
-0.120917
-0.115479
-0.10978
-0.103842
-0.0976909
-0.0913548
-0.084866
-0.0782595
-0.0715741
-0.0648519
-0.0581388
-0.0514843
-0.0449423
-0.0385702
-0.0324301
-0.0265883
-0.0211156
-0.0160873
-0.0115828
-0.00768618
-0.00448554
-0.00207298
-0.000544467
0
0
-0.000176674
-0.000686313
-0.00150884
-0.00262457
-0.00401435
-0.00565962
-0.00754248
-0.0096457
-0.0119528
-0.0144481
-0.0171165
-0.0199437
-0.0229162
-0.0260211
-0.0292462
-0.0325798
-0.0360109
-0.0395292
-0.0431247
-0.0467879
-0.05051
-0.0542823
-0.0580968
-0.0619455
-0.0658211
-0.0697162
-0.0736238
-0.0775371
-0.0814495
-0.0853545
-0.0892456
-0.0931167
-0.0969613
-0.100773
-0.104546
-0.108273
-0.111949
-0.115566
-0.119119
-0.122599
-0.126001
-0.129317
-0.132539
-0.135661
-0.138674
-0.141571
-0.144342
-0.146979
-0.149473
-0.151815
-0.153996
-0.156004
-0.157831
-0.159465
-0.160897
-0.162114
-0.163107
-0.163862
-0.164371
-0.164619
-0.164598
-0.164295
-0.1637
-0.162804
-0.161596
-0.160069
-0.158216
-0.156031
-0.153508
-0.150646
-0.147444
-0.143902
-0.140023
-0.135815
-0.131283
-0.12644
-0.121298
-0.115874
-0.110188
-0.104261
-0.0981184
-0.0917892
-0.0853047
-0.0786997
-0.0720124
-0.0652847
-0.0585617
-0.0518928
-0.0453312
-0.0389343
-0.0327639
-0.0268865
-0.0213735
-0.016301
-0.01175
-0.00780673
-0.004562
-0.00211152
-0.000555725
0
0
-0.000176999
-0.000687393
-0.00151086
-0.00262749
-0.00401792
-0.00566341
-0.00754591
-0.00964808
-0.0119534
-0.014446
-0.0171109
-0.0199338
-0.0229011
-0.026
-0.0292183
-0.0325444
-0.0359673
-0.0394767
-0.0430627
-0.046716
-0.0504276
-0.0541891
-0.0579922
-0.0618294
-0.065693
-0.069576
-0.0734712
-0.077372
-0.0812719
-0.0851643
-0.0890428
-0.0929013
-0.0967335
-0.100533
-0.104294
-0.10801
-0.111674
-0.11528
-0.118822
-0.122293
-0.125686
-0.128993
-0.132209
-0.135324
-0.138331
-0.141223
-0.14399
-0.146625
-0.149118
-0.151461
-0.153643
-0.155655
-0.157486
-0.159127
-0.160566
-0.161792
-0.162795
-0.163563
-0.164084
-0.164347
-0.164342
-0.164056
-0.163479
-0.162601
-0.161413
-0.159906
-0.158073
-0.155909
-0.153407
-0.150567
-0.147386
-0.143866
-0.14001
-0.135824
-0.131315
-0.126494
-0.121374
-0.115973
-0.110308
-0.104402
-0.0982808
-0.0919712
-0.0855049
-0.0789164
-0.0722433
-0.0655267
-0.0588115
-0.0521461
-0.0455832
-0.0391798
-0.0329972
-0.0271019
-0.0215654
-0.0164644
-0.0118812
-0.00790347
-0.00462467
-0.00214378
-0.000565373
0
0
-0.000177299
-0.000688294
-0.00151235
-0.00262929
-0.00401948
-0.00566398
-0.00754457
-0.00964382
-0.0119451
-0.0144325
-0.017091
-0.0199064
-0.0228651
-0.0259543
-0.0291618
-0.0324761
-0.0358864
-0.0393823
-0.042954
-0.0465923
-0.0502882
-0.0540334
-0.0578198
-0.0616397
-0.0654856
-0.0693505
-0.0732274
-0.0771096
-0.0809906
-0.0848641
-0.0887235
-0.092563
-0.0963761
-0.100157
-0.103899
-0.107596
-0.111242
-0.114831
-0.118355
-0.121809
-0.125185
-0.128477
-0.131678
-0.134779
-0.137773
-0.140653
-0.143409
-0.146035
-0.14852
-0.150855
-0.153031
-0.155039
-0.156868
-0.158507
-0.159947
-0.161176
-0.162182
-0.162955
-0.163484
-0.163756
-0.163761
-0.163487
-0.162923
-0.162059
-0.160886
-0.159396
-0.157581
-0.155436
-0.152955
-0.150136
-0.146978
-0.143482
-0.13965
-0.13549
-0.131008
-0.126215
-0.121125
-0.115754
-0.110121
-0.104248
-0.098159
-0.0918825
-0.0854491
-0.0788927
-0.0722504
-0.0655627
-0.0588736
-0.0522308
-0.0456861
-0.0392957
-0.0331205
-0.0272263
-0.0216845
-0.0165721
-0.011972
-0.00797342
-0.00467175
-0.00216886
-0.000573159
0
0
-0.000177585
-0.000689036
-0.00151334
-0.00262995
-0.00401896
-0.0056612
-0.00753826
-0.00963258
-0.0119274
-0.014407
-0.0170561
-0.0198606
-0.022807
-0.0258825
-0.029075
-0.0323732
-0.0357661
-0.0392437
-0.042796
-0.046414
-0.0500889
-0.0538122
-0.0575761
-0.0613728
-0.065195
-0.0690357
-0.072888
-0.0767451
-0.0806009
-0.0844487
-0.0882824
-0.092096
-0.0958831
-0.0996377
-0.103354
-0.107025
-0.110646
-0.114209
-0.117709
-0.121138
-0.124491
-0.127759
-0.130937
-0.134017
-0.13699
-0.13985
-0.142588
-0.145196
-0.147664
-0.149985
-0.152148
-0.154143
-0.155962
-0.157593
-0.159026
-0.160249
-0.161253
-0.162024
-0.162554
-0.162828
-0.162837
-0.162569
-0.162012
-0.161158
-0.159997
-0.15852
-0.15672
-0.154592
-0.15213
-0.149332
-0.146197
-0.142726
-0.138922
-0.134791
-0.130341
-0.125583
-0.120531
-0.115199
-0.109607
-0.103778
-0.0977344
-0.0915048
-0.0851195
-0.0786116
-0.0720177
-0.0653774
-0.0587337
-0.0521335
-0.0456276
-0.0392711
-0.0331239
-0.0272512
-0.0217237
-0.0166183
-0.0120182
-0.00801358
-0.00470135
-0.00218585
-0.000578818
0
0
-0.000177861
-0.000689622
-0.00151379
-0.00262941
-0.00401623
-0.00565481
-0.00752657
-0.00961379
-0.0118997
-0.0143685
-0.017005
-0.019795
-0.0227252
-0.0257829
-0.028956
-0.0322333
-0.035604
-0.039058
-0.0425857
-0.0461779
-0.0498259
-0.0535216
-0.0572568
-0.0610242
-0.0648164
-0.0686265
-0.0724476
-0.076273
-0.0800966
-0.0839119
-0.0877128
-0.0914933
-0.0952472
-0.0989684
-0.102651
-0.106289
-0.109877
-0.113407
-0.116874
-0.120271
-0.123592
-0.126829
-0.129976
-0.133026
-0.13597
-0.138802
-0.141513
-0.144095
-0.146539
-0.148836
-0.150977
-0.152953
-0.154753
-0.156367
-0.157785
-0.158996
-0.159988
-0.160751
-0.161274
-0.161544
-0.16155
-0.161282
-0.160728
-0.159878
-0.158724
-0.157256
-0.155469
-0.153355
-0.15091
-0.148133
-0.145021
-0.141577
-0.137803
-0.133707
-0.129294
-0.124577
-0.119569
-0.114286
-0.108747
-0.102973
-0.0969881
-0.0908202
-0.0844987
-0.0780565
-0.0715292
-0.0649556
-0.0583777
-0.0518412
-0.0453956
-0.0390949
-0.0329977
-0.0271681
-0.0216759
-0.0165973
-0.0120155
-0.00802088
-0.00471158
-0.0021938
-0.000582075
0
0
-0.000178128
-0.000690033
-0.00151364
-0.00262751
-0.004011
-0.00564437
-0.00750884
-0.0095866
-0.0118608
-0.0143156
-0.0169359
-0.0197076
-0.0226175
-0.0256528
-0.0288018
-0.0320532
-0.0353964
-0.0388214
-0.0423188
-0.0458793
-0.0494946
-0.0531563
-0.0568567
-0.0605883
-0.0643438
-0.0681164
-0.0718993
-0.075686
-0.0794703
-0.0832458
-0.0870065
-0.0907464
-0.0944594
-0.0981396
-0.101781
-0.105378
-0.108924
-0.112413
-0.115839
-0.119196
-0.122476
-0.125673
-0.128781
-0.131792
-0.134699
-0.137494
-0.140169
-0.142716
-0.145127
-0.147392
-0.149503
-0.15145
-0.153223
-0.154812
-0.156206
-0.157396
-0.15837
-0.159116
-0.159624
-0.159882
-0.159879
-0.159605
-0.159047
-0.158196
-0.157044
-0.155581
-0.153802
-0.151701
-0.149272
-0.146515
-0.143428
-0.140012
-0.136272
-0.132213
-0.127844
-0.123175
-0.11822
-0.112996
-0.10752
-0.101814
-0.0959018
-0.0898107
-0.0835699
-0.0772113
-0.0707697
-0.064283
-0.057792
-0.0513411
-0.0449785
-0.0387566
-0.0327326
-0.0269689
-0.0215341
-0.0165035
-0.0119595
-0.00799227
-0.00470053
-0.00219176
-0.00058266
0
0
-0.000178379
-0.00069022
-0.00151275
-0.00262397
-0.00400279
-0.00562918
-0.00748413
-0.00954973
-0.0118091
-0.0142464
-0.0168466
-0.0195958
-0.0224807
-0.0254889
-0.0286086
-0.0318288
-0.0351389
-0.0385292
-0.0419901
-0.0455128
-0.0490889
-0.0527101
-0.0563689
-0.0600577
-0.0637696
-0.0674976
-0.0712351
-0.0749755
-0.0787129
-0.0824409
-0.0861535
-0.0898449
-0.093509
-0.0971399
-0.100732
-0.104279
-0.107775
-0.111215
-0.114591
-0.117898
-0.121129
-0.124278
-0.127337
-0.130301
-0.13316
-0.135909
-0.138539
-0.141042
-0.14341
-0.145634
-0.147705
-0.149614
-0.151351
-0.152905
-0.154268
-0.155428
-0.156374
-0.157095
-0.157581
-0.15782
-0.1578
-0.157512
-0.156944
-0.156087
-0.154932
-0.153471
-0.151697
-0.149605
-0.147192
-0.144454
-0.141392
-0.138008
-0.134304
-0.130289
-0.125968
-0.121355
-0.116463
-0.111307
-0.105906
-0.100282
-0.0944573
-0.0884594
-0.0823167
-0.0760604
-0.0697245
-0.0633457
-0.0569638
-0.0506214
-0.0443654
-0.0382462
-0.0323194
-0.0266456
-0.0212918
-0.0163314
-0.0118459
-0.00792471
-0.00466631
-0.00217879
-0.000580304
0
0
-0.000178597
-0.000690093
-0.0015109
-0.00261836
-0.00399093
-0.00560823
-0.00745106
-0.00950143
-0.0117425
-0.0141583
-0.0167342
-0.0194561
-0.0223111
-0.0252868
-0.0283717
-0.0315548
-0.0348258
-0.038175
-0.0415931
-0.0450713
-0.0486012
-0.052175
-0.0557849
-0.0594237
-0.0630844
-0.0667601
-0.0704444
-0.0741307
-0.0778131
-0.0814855
-0.0851417
-0.0887761
-0.0923827
-0.0959556
-0.0994893
-0.102978
-0.106415
-0.109796
-0.113113
-0.116361
-0.119533
-0.122624
-0.125625
-0.128531
-0.131334
-0.134027
-0.136602
-0.139051
-0.141367
-0.14354
-0.145561
-0.147422
-0.149113
-0.150624
-0.151945
-0.153065
-0.153975
-0.154663
-0.155118
-0.155329
-0.155286
-0.154977
-0.154393
-0.153523
-0.15236
-0.150896
-0.149125
-0.147041
-0.144642
-0.141924
-0.138889
-0.135538
-0.131876
-0.127909
-0.123645
-0.119096
-0.114275
-0.1092
-0.103887
-0.0983584
-0.0926374
-0.0867496
-0.0807234
-0.0745892
-0.0683799
-0.0621312
-0.0558811
-0.0496712
-0.0435461
-0.0375547
-0.0317502
-0.0261912
-0.0209426
-0.0160759
-0.0116708
-0.00781529
-0.00460706
-0.00215396
-0.000574733
0
0
-0.000178752
-0.000689512
-0.00150774
-0.00261007
-0.00397443
-0.00558013
-0.00740779
-0.00943936
-0.011658
-0.0140479
-0.0165945
-0.019284
-0.0221035
-0.0250409
-0.0280847
-0.0312244
-0.0344496
-0.0377509
-0.0411192
-0.0445456
-0.0480221
-0.0515408
-0.0550942
-0.0586751
-0.0622765
-0.0658917
-0.0695144
-0.0731381
-0.076757
-0.0803648
-0.0839557
-0.0875241
-0.091064
-0.0945697
-0.0980357
-0.101456
-0.104825
-0.108137
-0.111385
-0.114564
-0.117668
-0.12069
-0.123623
-0.126461
-0.129197
-0.131824
-0.134334
-0.136719
-0.138971
-0.141082
-0.143044
-0.144846
-0.146481
-0.147938
-0.149208
-0.15028
-0.151144
-0.151789
-0.152206
-0.152381
-0.152306
-0.15197
-0.151362
-0.150475
-0.149299
-0.147829
-0.146057
-0.14398
-0.141593
-0.138897
-0.135891
-0.132577
-0.128961
-0.125049
-0.120849
-0.116374
-0.111637
-0.106654
-0.101443
-0.0960261
-0.0904252
-0.0846659
-0.0787757
-0.0727843
-0.0667236
-0.0606277
-0.0545336
-0.0484806
-0.0425119
-0.0366738
-0.0310175
-0.0255992
-0.0204811
-0.0157325
-0.0114305
-0.00766137
-0.00452106
-0.00211638
-0.000565681
0
0
-0.000178797
-0.000688266
-0.00150279
-0.00259822
-0.00395197
-0.00554301
-0.00735185
-0.00936041
-0.0115519
-0.0139108
-0.0164226
-0.0190737
-0.0218514
-0.0247439
-0.02774
-0.0308291
-0.0340014
-0.0372473
-0.0405579
-0.0439247
-0.0473397
-0.0507951
-0.0542835
-0.0577979
-0.0613313
-0.0648772
-0.0684293
-0.0719812
-0.0755272
-0.0790611
-0.0825771
-0.0860698
-0.0895331
-0.0929616
-0.0963497
-0.0996916
-0.102982
-0.106214
-0.109383
-0.112483
-0.115507
-0.11845
-0.121304
-0.124064
-0.126721
-0.129271
-0.131704
-0.134014
-0.136192
-0.138231
-0.140122
-0.141855
-0.143424
-0.144817
-0.146025
-0.147038
-0.147847
-0.148441
-0.148809
-0.148941
-0.148826
-0.148455
-0.147819
-0.146908
-0.145716
-0.144235
-0.142461
-0.140389
-0.138017
-0.135343
-0.132369
-0.129098
-0.125534
-0.121685
-0.117559
-0.113168
-0.108527
-0.10365
-0.0985571
-0.093268
-0.0878053
-0.082194
-0.0764606
-0.0706339
-0.0647445
-0.0588255
-0.0529119
-0.0470416
-0.0412552
-0.035597
-0.0301155
-0.0248643
-0.0199027
-0.0152972
-0.011122
-0.00746066
-0.00440681
-0.00206526
-0.000552902
0
0
-0.000178658
-0.000686059
-0.00149539
-0.00258166
-0.00392176
-0.00549442
-0.00728005
-0.00926062
-0.0114195
-0.0137414
-0.0162119
-0.0188178
-0.0215468
-0.024387
-0.0273277
-0.0303584
-0.0334695
-0.0366517
-0.0398962
-0.0431948
-0.0465393
-0.0499224
-0.0533366
-0.056775
-0.0602309
-0.0636978
-0.0671694
-0.0706395
-0.0741024
-0.0775521
-0.0809829
-0.0843892
-0.0877654
-0.0911058
-0.0944052
-0.0976577
-0.100858
-0.104
-0.107078
-0.110087
-0.11302
-0.115872
-0.118636
-0.121305
-0.123873
-0.126333
-0.128678
-0.130901
-0.132994
-0.134949
-0.136757
-0.138411
-0.139902
-0.14122
-0.142356
-0.143301
-0.144045
-0.144578
-0.144889
-0.144969
-0.144808
-0.144396
-0.143725
-0.142786
-0.141573
-0.14008
-0.138302
-0.136236
-0.133879
-0.131232
-0.128295
-0.125072
-0.121568
-0.117791
-0.113749
-0.109456
-0.104924
-0.10017
-0.0952111
-0.0900685
-0.0847638
-0.0793212
-0.0737667
-0.0681277
-0.0624339
-0.0567166
-0.0510093
-0.0453477
-0.0397704
-0.0343192
-0.0290397
-0.0239826
-0.0192041
-0.0147671
-0.0107429
-0.00721138
-0.0042631
-0.00199993
-0.000536187
0
0
-0.000178239
-0.000682489
-0.00148463
-0.00255884
-0.00388153
-0.00543122
-0.00718832
-0.00913495
-0.0112547
-0.0135325
-0.0159545
-0.0185075
-0.0211795
-0.0239591
-0.0268357
-0.0297992
-0.03284
-0.0359491
-0.039118
-0.0423385
-0.0456027
-0.0489033
-0.0522331
-0.0555852
-0.058953
-0.0623302
-0.0657105
-0.0690878
-0.0724565
-0.0758107
-0.0791448
-0.0824534
-0.0857307
-0.0889713
-0.09217
-0.0953212
-0.0984194
-0.101459
-0.104434
-0.10734
-0.11017
-0.112918
-0.115579
-0.118145
-0.120611
-0.12297
-0.125215
-0.127338
-0.129333
-0.131192
-0.132907
-0.13447
-0.135872
-0.137104
-0.138158
-0.139024
-0.139693
-0.140156
-0.140402
-0.140422
-0.140207
-0.139748
-0.139037
-0.138067
-0.136831
-0.135325
-0.133544
-0.131485
-0.129147
-0.12653
-0.123636
-0.12047
-0.117036
-0.113342
-0.109398
-0.105216
-0.10081
-0.0961953
-0.0913901
-0.086414
-0.0812886
-0.0760373
-0.070685
-0.0652582
-0.059785
-0.0542954
-0.0488209
-0.0433951
-0.0380542
-0.0328375
-0.0277876
-0.0229518
-0.0183831
-0.0141406
-0.0102917
-0.00691233
-0.0040891
-0.00191994
-0.000515376
0
0
-0.000177403
-0.000677022
-0.00146937
-0.0025278
-0.00382834
-0.00534941
-0.00707154
-0.00897711
-0.0110501
-0.0132757
-0.0156403
-0.0181314
-0.0207372
-0.0234466
-0.0262492
-0.0291352
-0.0320954
-0.035121
-0.0382035
-0.0413349
-0.0445077
-0.0477145
-0.0509484
-0.0542025
-0.0574705
-0.0607459
-0.0640228
-0.0672952
-0.0705574
-0.0738036
-0.0770284
-0.0802265
-0.0833922
-0.0865201
-0.0896052
-0.0926419
-0.095625
-0.0985489
-0.101408
-0.104197
-0.106911
-0.109542
-0.112086
-0.114537
-0.116888
-0.119132
-0.121263
-0.123275
-0.12516
-0.126911
-0.12852
-0.129979
-0.131281
-0.132416
-0.133377
-0.134155
-0.13474
-0.135124
-0.135297
-0.135251
-0.134976
-0.134465
-0.13371
-0.132706
-0.131447
-0.129927
-0.128145
-0.126097
-0.123783
-0.121204
-0.118363
-0.115263
-0.11191
-0.108314
-0.104483
-0.100429
-0.096167
-0.0917116
-0.0870806
-0.0822932
-0.0773703
-0.0723344
-0.0672094
-0.0620205
-0.0567944
-0.0515593
-0.0463448
-0.0411824
-0.0361058
-0.0311513
-0.0263586
-0.0217716
-0.0174394
-0.0134172
-0.00976791
-0.00656308
-0.00388444
-0.00182503
-0.000490374
0
0
-0.000175969
-0.000668959
-0.0014481
-0.00248603
-0.00375852
-0.00524404
-0.00692342
-0.0087794
-0.0107964
-0.0129601
-0.0152574
-0.0176761
-0.0202048
-0.0228328
-0.02555
-0.028347
-0.0312147
-0.0341445
-0.0371283
-0.0401583
-0.0432269
-0.0463272
-0.0494521
-0.0525951
-0.0557498
-0.0589101
-0.06207
-0.0652237
-0.0683655
-0.0714899
-0.0745914
-0.0776649
-0.0807048
-0.0837057
-0.0866629
-0.0895709
-0.0924245
-0.0952183
-0.0979471
-0.100605
-0.103188
-0.105689
-0.108102
-0.110423
-0.112644
-0.114761
-0.116765
-0.118652
-0.120414
-0.122043
-0.123534
-0.124878
-0.126069
-0.127097
-0.127955
-0.128634
-0.129127
-0.129424
-0.129518
-0.129398
-0.129059
-0.128493
-0.127693
-0.126655
-0.125372
-0.123843
-0.122064
-0.120034
-0.117752
-0.11522
-0.112442
-0.109422
-0.106166
-0.102684
-0.098983
-0.0950774
-0.0909798
-0.0867057
-0.0822722
-0.0776979
-0.0730027
-0.0682082
-0.063337
-0.0584132
-0.0534617
-0.0485089
-0.0435825
-0.0387116
-0.0339273
-0.0292629
-0.0247551
-0.0204439
-0.0163746
-0.0125981
-0.00917244
-0.00616411
-0.00364931
-0.00171523
-0.00046116
0
0
-0.000173699
-0.000657409
-0.00141895
-0.00243042
-0.00366753
-0.00510905
-0.00673626
-0.00853246
-0.0104827
-0.0125731
-0.0147912
-0.0171252
-0.0195642
-0.0220978
-0.0247165
-0.0274109
-0.0301723
-0.0329924
-0.0358633
-0.0387774
-0.0417273
-0.0447061
-0.0477072
-0.050724
-0.0537503
-0.0567802
-0.0598076
-0.062827
-0.0658329
-0.0688198
-0.0717823
-0.0747153
-0.0776135
-0.0804718
-0.0832853
-0.0860486
-0.088757
-0.091405
-0.0939876
-0.0964996
-0.0989357
-0.101291
-0.103559
-0.105735
-0.107812
-0.109786
-0.11165
-0.113398
-0.115023
-0.11652
-0.11788
-0.119098
-0.120166
-0.121076
-0.121822
-0.122395
-0.122787
-0.122992
-0.123
-0.122803
-0.122397
-0.121774
-0.12093
-0.119859
-0.118559
-0.117025
-0.115257
-0.113253
-0.111014
-0.108543
-0.105843
-0.10292
-0.0997786
-0.0964291
-0.0928805
-0.0891452
-0.0852362
-0.0811684
-0.0769583
-0.0726237
-0.0681836
-0.0636584
-0.0590694
-0.0544392
-0.049791
-0.0451493
-0.0405395
-0.0359884
-0.0315244
-0.0271779
-0.0229821
-0.0189733
-0.0151927
-0.0116864
-0.00850757
-0.00571694
-0.00338459
-0.00159093
-0.000427813
0
0
-0.000170285
-0.000641245
-0.00137958
-0.00235714
-0.00354988
-0.00493712
-0.00650085
-0.00822511
-0.0100956
-0.0120993
-0.0142242
-0.0164591
-0.0187936
-0.0212177
-0.0237222
-0.0262983
-0.0289374
-0.0316314
-0.0343729
-0.0371542
-0.0399684
-0.0428088
-0.0456687
-0.0485419
-0.0514223
-0.054304
-0.0571814
-0.0600488
-0.0629009
-0.0657324
-0.0685381
-0.0713129
-0.0740518
-0.0767496
-0.0794017
-0.082003
-0.0845488
-0.0870338
-0.0894532
-0.0918021
-0.0940754
-0.0962679
-0.0983747
-0.10039
-0.102309
-0.104126
-0.105835
-0.10743
-0.108906
-0.110256
-0.111475
-0.112555
-0.113491
-0.114274
-0.1149
-0.115359
-0.115646
-0.115752
-0.115671
-0.115397
-0.114924
-0.114247
-0.113362
-0.112265
-0.110953
-0.109424
-0.107678
-0.105714
-0.103534
-0.101141
-0.0985374
-0.0957302
-0.0927257
-0.0895329
-0.086161
-0.082622
-0.0789285
-0.0750949
-0.0711369
-0.0670712
-0.0629158
-0.0586898
-0.054413
-0.0501063
-0.045791
-0.0414897
-0.0372256
-0.0330228
-0.028907
-0.0249056
-0.0210482
-0.0173674
-0.0139
-0.0106874
-0.00777727
-0.00522434
-0.00309193
-0.00145287
-0.000390526
0
0
-0.000165338
-0.000619076
-0.00132717
-0.0022616
-0.00339901
-0.0047196
-0.00620633
-0.00784419
-0.00961978
-0.0115208
-0.013536
-0.0156548
-0.0178672
-0.020164
-0.0225361
-0.0249751
-0.0274729
-0.0300217
-0.0326141
-0.0352431
-0.0379017
-0.0405835
-0.0432821
-0.0459913
-0.0487054
-0.0514186
-0.0541254
-0.0568203
-0.0594983
-0.062154
-0.0647825
-0.067379
-0.0699384
-0.0724559
-0.0749271
-0.0773469
-0.0797109
-0.0820141
-0.0842519
-0.0864195
-0.0885122
-0.0905253
-0.0924539
-0.0942928
-0.0960371
-0.097682
-0.0992217
-0.100651
-0.101965
-0.103158
-0.104224
-0.105157
-0.105952
-0.106601
-0.1071
-0.107441
-0.107619
-0.107625
-0.107456
-0.107105
-0.10657
-0.105845
-0.104927
-0.103813
-0.102502
-0.100992
-0.0992841
-0.0973781
-0.095276
-0.0929812
-0.090498
-0.0878322
-0.0849905
-0.0819819
-0.0788153
-0.0755023
-0.0720548
-0.0684866
-0.0648122
-0.0610473
-0.0572085
-0.0533135
-0.0493804
-0.0454282
-0.0414765
-0.0375455
-0.033656
-0.0298297
-0.0260894
-0.0224594
-0.0189657
-0.0156372
-0.012506
-0.00960881
-0.00698747
-0.00469048
-0.0027739
-0.00130231
-0.000349632
0
0
-0.000158372
-0.000589215
-0.00125831
-0.00213841
-0.00320729
-0.00444645
-0.00584012
-0.00737446
-0.00903709
-0.0108166
-0.0127026
-0.0146851
-0.0167548
-0.0189029
-0.0211209
-0.0234007
-0.0257347
-0.0281154
-0.0305358
-0.032989
-0.0354684
-0.0379679
-0.0404813
-0.0430028
-0.0455266
-0.0480474
-0.0505597
-0.0530584
-0.0555385
-0.057995
-0.0604231
-0.0628182
-0.0651755
-0.0674903
-0.0697584
-0.0719752
-0.0741363
-0.076237
-0.0782731
-0.08024
-0.0821335
-0.0839489
-0.085682
-0.0873279
-0.0888821
-0.0903403
-0.0916972
-0.0929484
-0.094089
-0.095114
-0.0960184
-0.0967967
-0.0974442
-0.097955
-0.098324
-0.0985454
-0.0986135
-0.0985231
-0.0982699
-0.0978499
-0.0972603
-0.0964979
-0.0955602
-0.0944454
-0.0931526
-0.0916816
-0.0900328
-0.0882078
-0.0862088
-0.0840395
-0.0817046
-0.0792099
-0.076562
-0.0737697
-0.0708412
-0.0677879
-0.0646206
-0.0613521
-0.0579958
-0.0545661
-0.0510781
-0.0475476
-0.0439911
-0.0404256
-0.0368685
-0.0333378
-0.0298518
-0.0264296
-0.0230912
-0.0198575
-0.0167513
-0.0137973
-0.0110233
-0.00846091
-0.00614621
-0.00412111
-0.0024341
-0.00114102
-0.000305626
0
0
-0.000148792
-0.000549668
-0.00116911
-0.00198139
-0.00296605
-0.00410631
-0.00538799
-0.00679863
-0.00832703
-0.00996284
-0.0116964
-0.0135187
-0.015421
-0.017395
-0.0194329
-0.0215271
-0.0236703
-0.0258555
-0.0280762
-0.0303257
-0.0325979
-0.0348868
-0.0371867
-0.039492
-0.0417973
-0.0440974
-0.0463873
-0.0486619
-0.0509167
-0.0531468
-0.0553477
-0.0575152
-0.0596445
-0.0617313
-0.0637718
-0.0657616
-0.0676965
-0.0695724
-0.0713851
-0.0731307
-0.0748052
-0.0764044
-0.0779244
-0.0793609
-0.0807099
-0.0819675
-0.0831291
-0.0841909
-0.0851486
-0.0859978
-0.0867344
-0.0873535
-0.0878512
-0.0882224
-0.0884628
-0.0885675
-0.0885318
-0.0883521
-0.0880254
-0.0875488
-0.0869205
-0.0861382
-0.0852004
-0.0841063
-0.0828556
-0.0814489
-0.0798873
-0.0781729
-0.0763082
-0.0742972
-0.0721446
-0.0698561
-0.0674382
-0.0648989
-0.0622461
-0.05949
-0.0566408
-0.0537097
-0.0507089
-0.0476512
-0.0445499
-0.0414191
-0.0382732
-0.035127
-0.0319958
-0.028895
-0.0258407
-0.0228492
-0.0199374
-0.0171233
-0.0144261
-0.0118665
-0.00946804
-0.00725703
-0.00526388
-0.00352374
-0.00207731
-0.000971417
-0.000259203
0
0
-0.000135893
-0.000498168
-0.00105522
-0.00178378
-0.00266583
-0.00368678
-0.00483431
-0.00609754
-0.00746662
-0.00893232
-0.010486
-0.0121194
-0.0138247
-0.0155942
-0.0174208
-0.0192974
-0.0212173
-0.0231742
-0.0251617
-0.0271739
-0.029205
-0.0312495
-0.033302
-0.0353573
-0.0374105
-0.0394566
-0.0414909
-0.0435089
-0.0455062
-0.0474783
-0.0494212
-0.0513307
-0.0532027
-0.0550331
-0.0568185
-0.0585547
-0.0602381
-0.0618649
-0.0634314
-0.0649341
-0.0663693
-0.0677335
-0.0690233
-0.0702349
-0.0713648
-0.0724098
-0.0733659
-0.07423
-0.0749985
-0.0756677
-0.0762343
-0.0766943
-0.0770445
-0.0772808
-0.0773996
-0.077397
-0.0772698
-0.0770161
-0.0766337
-0.0761209
-0.0754766
-0.0746995
-0.073789
-0.072745
-0.0715679
-0.070259
-0.0688197
-0.0672525
-0.0655601
-0.0637466
-0.0618165
-0.0597751
-0.0576286
-0.0553842
-0.053049
-0.050632
-0.0481421
-0.0455892
-0.0429838
-0.0403369
-0.0376599
-0.0349649
-0.032264
-0.02957
-0.0268955
-0.0242537
-0.021658
-0.0191219
-0.0166596
-0.0142858
-0.0120163
-0.00986804
-0.00786001
-0.00601359
-0.00435336
-0.00290773
-0.00170957
-0.00079661
-0.000211297
0
0
-0.000118887
-0.000432307
-0.000912121
-0.00153861
-0.00229685
-0.00317489
-0.00416251
-0.0052506
-0.00643076
-0.00769504
-0.0090359
-0.0104461
-0.0119187
-0.0134469
-0.0150243
-0.0166446
-0.0183019
-0.0199903
-0.0217043
-0.0234385
-0.0251877
-0.0269469
-0.0287112
-0.0304759
-0.0322367
-0.033989
-0.0357287
-0.0374515
-0.0391537
-0.0408312
-0.0424802
-0.0440973
-0.0456786
-0.0472206
-0.0487203
-0.0501739
-0.0515784
-0.0529304
-0.0542268
-0.0554645
-0.0566405
-0.0577518
-0.0587955
-0.0597686
-0.0606682
-0.0614916
-0.0622358
-0.0628982
-0.0634761
-0.0639665
-0.064367
-0.0646745
-0.0648866
-0.065
-0.0650121
-0.0649204
-0.0647234
-0.0644201
-0.0640091
-0.0634897
-0.0628614
-0.0621239
-0.0612771
-0.0603216
-0.0592584
-0.058089
-0.0568153
-0.0554397
-0.053965
-0.0523952
-0.0507342
-0.0489869
-0.0471587
-0.0452558
-0.0432843
-0.0412518
-0.0391657
-0.0370343
-0.0348662
-0.0326703
-0.0304562
-0.0282335
-0.0260121
-0.0238023
-0.0216145
-0.0194591
-0.0173468
-0.0152887
-0.0132959
-0.01138
-0.0095535
-0.00782961
-0.00622303
-0.00475024
-0.00343011
-0.0022844
-0.00133828
-0.000620503
-0.000163124
0
0
-9.69789e-05
-0.000349832
-0.000735705
-0.00123949
-0.00185
-0.00255816
-0.00335609
-0.00423657
-0.00519282
-0.00621833
-0.00730685
-0.00845235
-0.00964898
-0.0108911
-0.0121732
-0.01349
-0.0148365
-0.0162077
-0.0175989
-0.0190054
-0.020423
-0.0218472
-0.023274
-0.0246993
-0.0261194
-0.0275305
-0.028929
-0.0303114
-0.0316743
-0.0330143
-0.0343284
-0.0356136
-0.0368666
-0.0380845
-0.0392648
-0.0404045
-0.041501
-0.0425516
-0.0435538
-0.0445052
-0.0454033
-0.0462458
-0.0470305
-0.0477551
-0.0484175
-0.0490155
-0.0495472
-0.0500105
-0.0504036
-0.0507244
-0.0509712
-0.0511419
-0.0512348
-0.0512476
-0.0511789
-0.0510279
-0.0507939
-0.0504765
-0.0500752
-0.0495898
-0.0490205
-0.0483676
-0.0476315
-0.0468131
-0.0459138
-0.0449351
-0.043879
-0.0427478
-0.041544
-0.040271
-0.0389322
-0.0375317
-0.0360738
-0.0345635
-0.0330056
-0.0314061
-0.0297707
-0.0281057
-0.0264179
-0.0247139
-0.0230011
-0.0212866
-0.0195781
-0.0178833
-0.0162099
-0.0145659
-0.0129593
-0.0113984
-0.00989144
-0.0084472
-0.00707475
-0.00578378
-0.00458489
-0.00348986
-0.0025121
-0.00166695
-0.000972131
-0.000447784
-0.000116221
0
0
-6.95688e-05
-0.000249251
-0.000523286
-0.000882014
-0.00131829
-0.0018261
-0.00239998
-0.00303478
-0.00372556
-0.00446748
-0.00525588
-0.00608623
-0.00695411
-0.00785524
-0.00878547
-0.00974081
-0.0107174
-0.0117114
-0.0127193
-0.0137375
-0.0147627
-0.0157915
-0.0168209
-0.0178478
-0.0188692
-0.0198823
-0.0208843
-0.0218725
-0.0228445
-0.0237976
-0.0247295
-0.025638
-0.0265206
-0.0273752
-0.0281999
-0.0289926
-0.0297513
-0.0304741
-0.0311593
-0.031805
-0.0324097
-0.0329718
-0.0334897
-0.033962
-0.0343872
-0.0347641
-0.0350914
-0.0353678
-0.0355923
-0.0357637
-0.035881
-0.0359434
-0.0359488
-0.0358971
-0.0357878
-0.0356209
-0.0353962
-0.0351137
-0.0347735
-0.0343758
-0.0339212
-0.0334102
-0.0328435
-0.0322221
-0.0315472
-0.0308204
-0.0300432
-0.0292175
-0.0283454
-0.0274293
-0.0264718
-0.0254759
-0.0244446
-0.0233814
-0.0222897
-0.0211736
-0.0200369
-0.0188839
-0.0177192
-0.0165472
-0.0153728
-0.0142008
-0.0130363
-0.0118844
-0.0107502
-0.00963922
-0.00855669
-0.00750811
-0.00649908
-0.00553533
-0.00462285
-0.00376792
-0.00297732
-0.00225844
-0.00161958
-0.00107014
-0.000620828
-0.000283778
-7.24479e-05
0
0
-3.67138e-05
-0.000130973
-0.000275419
-0.000465953
-0.000699333
-0.000972545
-0.00128268
-0.0016269
-0.00200244
-0.00240655
-0.00283659
-0.00328997
-0.00376416
-0.00425671
-0.00476523
-0.00528743
-0.00582106
-0.00636396
-0.00691403
-0.00746925
-0.00802764
-0.00858733
-0.00914646
-0.00970328
-0.0102561
-0.0108032
-0.0113431
-0.0118741
-0.0123949
-0.012904
-0.0134
-0.0138817
-0.0143477
-0.0147968
-0.015228
-0.0156401
-0.0160321
-0.0164029
-0.0167516
-0.0170773
-0.0173791
-0.0176564
-0.0179082
-0.018134
-0.0183331
-0.0185048
-0.0186487
-0.0187642
-0.0188509
-0.0189083
-0.018936
-0.0189356
-0.0189028
-0.0188399
-0.0187469
-0.0186238
-0.0184708
-0.018288
-0.0180758
-0.0178344
-0.0175643
-0.0172661
-0.0169403
-0.0165876
-0.0162089
-0.0158051
-0.0153772
-0.0149263
-0.0144536
-0.0139605
-0.0134483
-0.0129186
-0.0123731
-0.0118135
-0.0112416
-0.0106594
-0.0100689
-0.00947217
-0.00887147
-0.00826906
-0.00766729
-0.00706858
-0.00647542
-0.00589035
-0.00531597
-0.00475493
-0.00420994
-0.00368374
-0.00317914
-0.00269903
-0.00224637
-0.00182423
-0.00143587
-0.00108473
-0.000774575
-0.000509547
-0.00029425
-0.000133765
-3.37625e-05
0
0
0
0
0
0
0
0
0
0
0
0
0
0
0
0
0
0
0
0
0
0
0
0
0
0
0
0
0
0
0
0
0
0
0
0
0
0
0
0
0
0
0
0
0
0
0
0
0
0
0
0
0
0
0
0
0
0
0
0
0
0
0
0
0
0
0
0
0
0
0
0
0
0
0
0
0
0
0
0
0
0
0
0
0
0
0
0
0
0
0
0
0
0
0
0
0
0
0
0
0
0
)
;

boundaryField
{
    movingWall
    {
        type            calculated;
    }
    fixedWalls
    {
        type            calculated;
    }
    frontAndBack
    {
        type            empty;
    }
}


// ************************************************************************* //
