/*--------------------------------*- C++ -*----------------------------------*\
  =========                 |
  \\      /  F ield         | OpenFOAM: The Open Source CFD Toolbox
   \\    /   O peration     | Website:  https://openfoam.org
    \\  /    A nd           | Version:  11
     \\/     M anipulation  |
\*---------------------------------------------------------------------------*/
FoamFile
{
    format      ascii;
    class       volVectorField;
    location    "64";
    object      U;
}
// * * * * * * * * * * * * * * * * * * * * * * * * * * * * * * * * * * * * * //

dimensions      [0 1 -1 0 0 0 0];

internalField   nonuniform List<vector> 
10000
(
(1.70448e-06 -1.67485e-06 0)
(2.10466e-05 -1.00546e-05 0)
(5.95768e-05 -1.41788e-05 0)
(0.000100334 -1.44669e-05 0)
(0.000136299 -1.25348e-05 0)
(0.000162959 -9.49741e-06 0)
(0.000177643 -6.0184e-06 0)
(0.000179148 -2.49262e-06 0)
(0.000167178 9.26205e-07 0)
(0.000141942 4.14405e-06 0)
(0.000103947 7.12486e-06 0)
(5.38315e-05 9.86849e-06 0)
(-7.74165e-06 1.23952e-05 0)
(-8.0144e-05 1.47404e-05 0)
(-0.000162819 1.69399e-05 0)
(-0.000255312 1.90302e-05 0)
(-0.000357267 2.10457e-05 0)
(-0.00046842 2.30168e-05 0)
(-0.000588589 2.49684e-05 0)
(-0.000717658 2.69198e-05 0)
(-0.000855557 2.88842e-05 0)
(-0.00100224 3.08695e-05 0)
(-0.00115768 3.28779e-05 0)
(-0.00132181 3.49069e-05 0)
(-0.00149457 3.69496e-05 0)
(-0.00167584 3.89953e-05 0)
(-0.00186544 4.10297e-05 0)
(-0.00206311 4.30355e-05 0)
(-0.00226854 4.49932e-05 0)
(-0.00248129 4.68806e-05 0)
(-0.00270086 4.86738e-05 0)
(-0.00292663 5.0347e-05 0)
(-0.00315786 5.18733e-05 0)
(-0.00339372 5.32241e-05 0)
(-0.00363325 5.43704e-05 0)
(-0.00387539 5.52819e-05 0)
(-0.00411895 5.59283e-05 0)
(-0.00436264 5.62789e-05 0)
(-0.00460505 5.63033e-05 0)
(-0.00484466 5.59717e-05 0)
(-0.00507987 5.52551e-05 0)
(-0.00530896 5.41258e-05 0)
(-0.00553015 5.25581e-05 0)
(-0.00574158 5.05284e-05 0)
(-0.00594133 4.80155e-05 0)
(-0.00612743 4.50016e-05 0)
(-0.00629788 4.14716e-05 0)
(-0.00645068 3.74142e-05 0)
(-0.00658382 3.28212e-05 0)
(-0.00669532 2.76874e-05 0)
(-0.00678326 2.20075e-05 0)
(-0.00684576 1.57756e-05 0)
(-0.00688104 9.0289e-06 0)
(-0.0068878 1.9513e-06 0)
(-0.00686507 -5.32074e-06 0)
(-0.00681191 -1.28027e-05 0)
(-0.00672769 -2.04813e-05 0)
(-0.00661198 -2.82937e-05 0)
(-0.00646464 -3.61526e-05 0)
(-0.0062859 -4.39586e-05 0)
(-0.00607637 -5.16041e-05 0)
(-0.00583708 -5.89764e-05 0)
(-0.00556948 -6.59597e-05 0)
(-0.00527544 -7.24376e-05 0)
(-0.00495723 -7.82959e-05 0)
(-0.00461754 -8.3425e-05 0)
(-0.00425943 -8.77228e-05 0)
(-0.00388632 -9.10981e-05 0)
(-0.00350192 -9.34733e-05 0)
(-0.00311017 -9.47872e-05 0)
(-0.00271524 -9.49978e-05 0)
(-0.00232137 -9.40843e-05 0)
(-0.00193287 -9.20489e-05 0)
(-0.001554 -8.89172e-05 0)
(-0.00118889 -8.47386e-05 0)
(-0.00084146 -7.95843e-05 0)
(-0.000515353 -7.35438e-05 0)
(-0.000213839 -6.67228e-05 0)
(6.017e-05 -5.92485e-05 0)
(0.000304181 -5.12234e-05 0)
(0.000516325 -4.28723e-05 0)
(0.000695364 -3.43638e-05 0)
(0.000840671 -2.58203e-05 0)
(0.000952146 -1.7369e-05 0)
(0.00103021 -9.13828e-06 0)
(0.00107578 -1.24626e-06 0)
(0.00109027 6.19892e-06 0)
(0.00107554 1.30826e-05 0)
(0.00103379 1.93735e-05 0)
(0.000967646 2.49863e-05 0)
(0.000880107 2.98266e-05 0)
(0.000774645 3.37704e-05 0)
(0.000655312 3.66372e-05 0)
(0.000526914 3.81519e-05 0)
(0.00039527 3.78876e-05 0)
(0.000267558 3.51948e-05 0)
(0.000152655 2.9204e-05 0)
(6.08123e-05 1.90201e-05 0)
(1.88298e-06 4.35139e-06 0)
(-9.11431e-06 -9.09754e-06 0)
(1.02202e-05 -2.11091e-05 0)
(5.5841e-05 -5.55253e-05 0)
(0.000130765 -6.99152e-05 0)
(0.000205536 -6.77196e-05 0)
(0.000266239 -5.44778e-05 0)
(0.000303373 -3.4593e-05 0)
(0.000310535 -1.1155e-05 0)
(0.000284234 1.38556e-05 0)
(0.000223004 3.90461e-05 0)
(0.00012663 6.36767e-05 0)
(-4.21534e-06 8.73315e-05 0)
(-0.000168379 0.000109835 0)
(-0.000364498 0.000131171 0)
(-0.000591212 0.000151432 0)
(-0.000847251 0.000170762 0)
(-0.0011315 0.000189333 0)
(-0.00144304 0.000207314 0)
(-0.00178111 0.000224864 0)
(-0.00214514 0.000242114 0)
(-0.00253467 0.000259163 0)
(-0.00294933 0.000276077 0)
(-0.0033888 0.000292885 0)
(-0.00385275 0.000309578 0)
(-0.00434078 0.000326118 0)
(-0.00485242 0.000342433 0)
(-0.00538705 0.000358424 0)
(-0.00594389 0.000373969 0)
(-0.00652196 0.000388922 0)
(-0.00712005 0.000403121 0)
(-0.00773669 0.000416388 0)
(-0.00837017 0.000428532 0)
(-0.00901848 0.000439352 0)
(-0.00967934 0.000448641 0)
(-0.0103501 0.000456184 0)
(-0.011028 0.000461766 0)
(-0.0117098 0.00046517 0)
(-0.0123921 0.000466181 0)
(-0.013071 0.000464592 0)
(-0.0137425 0.000460199 0)
(-0.0144025 0.000452814 0)
(-0.0150465 0.000442259 0)
(-0.0156696 0.000428374 0)
(-0.0162671 0.000411017 0)
(-0.016834 0.000390072 0)
(-0.0173651 0.000365447 0)
(-0.0178554 0.000337079 0)
(-0.0182995 0.000304937 0)
(-0.0186925 0.000269025 0)
(-0.0190292 0.000229387 0)
(-0.0193047 0.00018611 0)
(-0.0195145 0.000139328 0)
(-0.0196541 8.92496e-05 0)
(-0.0197196 3.62603e-05 0)
(-0.0197084 -1.89545e-05 0)
(-0.0196175 -7.58001e-05 0)
(-0.0194448 -0.000134069 0)
(-0.0191888 -0.000193381 0)
(-0.0188489 -0.000253185 0)
(-0.0184251 -0.000312838 0)
(-0.0179184 -0.000371636 0)
(-0.0173309 -0.000428834 0)
(-0.0166655 -0.000483662 0)
(-0.0159262 -0.000535333 0)
(-0.0151182 -0.000583068 0)
(-0.0142474 -0.000626103 0)
(-0.0133209 -0.000663712 0)
(-0.0123466 -0.000695221 0)
(-0.0113334 -0.00072003 0)
(-0.0102907 -0.000737627 0)
(-0.00922861 -0.000747608 0)
(-0.00815773 -0.000749691 0)
(-0.00708891 -0.000743731 0)
(-0.00603311 -0.000729727 0)
(-0.0050012 -0.000707832 0)
(-0.00400381 -0.000678353 0)
(-0.00305106 -0.000641744 0)
(-0.00215243 -0.000598597 0)
(-0.00131653 -0.000549621 0)
(-0.000551034 -0.000495621 0)
(0.000137708 -0.000437401 0)
(0.00074403 -0.00037612 0)
(0.00126412 -0.000313048 0)
(0.00169592 -0.000249244 0)
(0.00203871 -0.000185684 0)
(0.00229317 -0.000123336 0)
(0.00246135 -6.31408e-05 0)
(0.00254655 -5.98282e-06 0)
(0.00255341 4.73335e-05 0)
(0.00248776 9.60663e-05 0)
(0.00235643 0.000139471 0)
(0.00216749 0.000176716 0)
(0.00193032 0.000206806 0)
(0.00165575 0.000228498 0)
(0.00135639 0.000240207 0)
(0.00104689 0.000239894 0)
(0.000744266 0.000225038 0)
(0.000467877 0.00019293 0)
(0.000237623 0.00014168 0)
(7.25125e-05 7.2603e-05 0)
(4.28417e-06 1.86254e-06 0)
(1.4601e-05 -6.01294e-05 0)
(7.07972e-05 -0.00013071 0)
(0.000155414 -0.000154753 0)
(0.000232403 -0.000142385 0)
(0.000284336 -0.000104363 0)
(0.000299097 -4.97239e-05 0)
(0.000268268 1.46645e-05 0)
(0.000186716 8.3999e-05 0)
(5.19801e-05 0.000154741 0)
(-0.000136495 0.000224799 0)
(-0.000378113 0.000292888 0)
(-0.000671575 0.000358377 0)
(-0.00101521 0.00042107 0)
(-0.00140723 0.000481068 0)
(-0.0018459 0.000538645 0)
(-0.00232966 0.000594161 0)
(-0.00285712 0.000648 0)
(-0.00342711 0.00070052 0)
(-0.00403866 0.00075202 0)
(-0.00469092 0.000802722 0)
(-0.00538312 0.000852759 0)
(-0.00611452 0.00090217 0)
(-0.00688432 0.000950899 0)
(-0.00769163 0.000998799 0)
(-0.00853535 0.00104564 0)
(-0.00941419 0.00109113 0)
(-0.0103266 0.00113488 0)
(-0.0112706 0.00117648 0)
(-0.0122439 0.00121544 0)
(-0.013244 0.00125126 0)
(-0.0142676 0.00128338 0)
(-0.0153115 0.00131124 0)
(-0.0163715 0.00133424 0)
(-0.0174434 0.00135179 0)
(-0.0185224 0.00136329 0)
(-0.0196032 0.00136815 0)
(-0.0206802 0.00136581 0)
(-0.0217473 0.00135569 0)
(-0.0227982 0.00133729 0)
(-0.0238262 0.00131011 0)
(-0.0248242 0.00127371 0)
(-0.0257849 0.00122772 0)
(-0.0267009 0.0011718 0)
(-0.0275647 0.00110572 0)
(-0.0283684 0.0010293 0)
(-0.0291046 0.00094246 0)
(-0.0297654 0.000845215 0)
(-0.0303436 0.000737689 0)
(-0.0308317 0.000620121 0)
(-0.0312229 0.000492889 0)
(-0.0315108 0.000356532 0)
(-0.0316894 0.000211829 0)
(-0.0317534 5.99428e-05 0)
(-0.0316996 -9.7746e-05 0)
(-0.0315232 -0.000260009 0)
(-0.0312217 -0.000425919 0)
(-0.0307936 -0.00059416 0)
(-0.0302381 -0.000763131 0)
(-0.0295559 -0.000931055 0)
(-0.028749 -0.00109602 0)
(-0.0278209 -0.00125602 0)
(-0.0267762 -0.001409 0)
(-0.0256214 -0.00155287 0)
(-0.024364 -0.00168556 0)
(-0.0230133 -0.00180506 0)
(-0.0215796 -0.00190946 0)
(-0.0200749 -0.00199699 0)
(-0.0185118 -0.00206606 0)
(-0.0169045 -0.00211533 0)
(-0.0152676 -0.00214373 0)
(-0.0136166 -0.0021505 0)
(-0.0119673 -0.00213522 0)
(-0.0103359 -0.00209788 0)
(-0.0087382 -0.00203884 0)
(-0.00718996 -0.00195885 0)
(-0.00570617 -0.00185908 0)
(-0.00430097 -0.00174106 0)
(-0.00298735 -0.00160667 0)
(-0.00177693 -0.00145803 0)
(-0.000679726 -0.00129745 0)
(0.000296416 -0.00112748 0)
(0.00114405 -0.000951499 0)
(0.00185932 -0.000772772 0)
(0.00244068 -0.000594129 0)
(0.00288856 -0.000418289 0)
(0.00320548 -0.00024792 0)
(0.00339598 -8.5594e-05 0)
(0.00346652 6.62741e-05 0)
(0.00342557 0.000205344 0)
(0.0032834 0.000329377 0)
(0.00305207 0.000435936 0)
(0.00274556 0.000522238 0)
(0.00237998 0.000585012 0)
(0.00197374 0.000620385 0)
(0.00154776 0.000623827 0)
(0.00112566 0.000590348 0)
(0.000733394 0.000515326 0)
(0.000396756 0.000396466 0)
(0.000141617 0.000237682 0)
(1.88955e-05 6.06592e-05 0)
(1.51124e-05 -0.000101707 0)
(6.84983e-05 -0.000205613 0)
(0.000141368 -0.000231538 0)
(0.00019545 -0.000198353 0)
(0.000211712 -0.000122991 0)
(0.000176875 -1.95257e-05 0)
(8.16506e-05 0.000101069 0)
(-7.98293e-05 0.000230672 0)
(-0.000310448 0.00036356 0)
(-0.000610969 0.000495903 0)
(-0.000980959 0.000625343 0)
(-0.00141906 0.00075061 0)
(-0.00192344 0.000871214 0)
(-0.00249207 0.000987192 0)
(-0.00312291 0.00109891 0)
(-0.00381407 0.00120689 0)
(-0.00456382 0.00131172 0)
(-0.00537061 0.00141395 0)
(-0.00623306 0.00151405 0)
(-0.00714991 0.00161233 0)
(-0.00811992 0.00170897 0)
(-0.00914182 0.00180396 0)
(-0.0102142 0.00189713 0)
(-0.0113356 0.00198816 0)
(-0.0125041 0.00207658 0)
(-0.0137176 0.00216177 0)
(-0.0149734 0.002243 0)
(-0.0162687 0.00231945 0)
(-0.0176 0.0023902 0)
(-0.0189633 0.00245427 0)
(-0.0203541 0.00251063 0)
(-0.0217674 0.0025582 0)
(-0.0231976 0.0025959 0)
(-0.0246385 0.00262264 0)
(-0.0260834 0.00263731 0)
(-0.0275253 0.00263887 0)
(-0.0289564 0.00262629 0)
(-0.0303685 0.00259859 0)
(-0.0317533 0.00255488 0)
(-0.0331017 0.00249433 0)
(-0.0344046 0.00241624 0)
(-0.0356527 0.00231998 0)
(-0.0368362 0.00220508 0)
(-0.0379456 0.00207121 0)
(-0.0389712 0.00191817 0)
(-0.0399034 0.00174597 0)
(-0.0407328 0.00155478 0)
(-0.0414503 0.00134498 0)
(-0.0420471 0.00111717 0)
(-0.042515 0.000872199 0)
(-0.0428464 0.00061122 0)
(-0.0430344 0.000335814 0)
(-0.0430731 4.81784e-05 0)
(-0.0429589 -0.000249443 0)
(-0.0426859 -0.000555306 0)
(-0.0422518 -0.000867242 0)
(-0.0416551 -0.0011826 0)
(-0.0408956 -0.00149839 0)
(-0.0399746 -0.00181137 0)
(-0.0388954 -0.00211809 0)
(-0.0376625 -0.00241496 0)
(-0.0362824 -0.00269831 0)
(-0.0347632 -0.00296442 0)
(-0.0331149 -0.00320963 0)
(-0.0313488 -0.0034304 0)
(-0.0294781 -0.00362333 0)
(-0.0275174 -0.00378531 0)
(-0.0254827 -0.00391354 0)
(-0.0233912 -0.00400561 0)
(-0.0212611 -0.00405962 0)
(-0.0191114 -0.00407417 0)
(-0.0169617 -0.0040485 0)
(-0.0148318 -0.00398249 0)
(-0.0127417 -0.00387671 0)
(-0.0107108 -0.00373242 0)
(-0.00875798 -0.0035516 0)
(-0.00690112 -0.00333689 0)
(-0.00515681 -0.00309157 0)
(-0.00354003 -0.00281945 0)
(-0.00206387 -0.00252476 0)
(-0.000739208 -0.00221205 0)
(0.00042585 -0.00188634 0)
(0.0014233 -0.00155407 0)
(0.00225037 -0.00122095 0)
(0.00290696 -0.000892118 0)
(0.0033955 -0.00057256 0)
(0.00372106 -0.000267158 0)
(0.00389126 1.93471e-05 0)
(0.00391629 0.000282396 0)
(0.00380893 0.000517616 0)
(0.00358426 0.000720429 0)
(0.00325973 0.000885772 0)
(0.00285529 0.00100793 0)
(0.00239355 0.00108043 0)
(0.0018998 0.00109609 0)
(0.00140218 0.00104739 0)
(0.000931264 0.000927677 0)
(0.000517511 0.000733451 0)
(0.000193361 0.000468395 0)
(2.90545e-05 0.000152428 0)
(1.31962e-05 -0.000138237 0)
(5.35448e-05 -0.000264566 0)
(9.70501e-05 -0.000280001 0)
(0.000107452 -0.000212681 0)
(6.55585e-05 -8.6157e-05 0)
(-4.20418e-05 8.03177e-05 0)
(-0.000224577 0.000271575 0)
(-0.000487758 0.000476198 0)
(-0.00083449 0.000686143 0)
(-0.00126561 0.000895787 0)
(-0.0017806 0.0011016 0)
(-0.00237803 0.00130159 0)
(-0.00305593 0.00149492 0)
(-0.00381212 0.00168148 0)
(-0.00464434 0.0018617 0)
(-0.00555046 0.00203621 0)
(-0.00652843 0.00220578 0)
(-0.00757638 0.00237111 0)
(-0.00869254 0.00253276 0)
(-0.00987516 0.00269111 0)
(-0.0111225 0.0028463 0)
(-0.0124327 0.00299822 0)
(-0.0138037 0.00314652 0)
(-0.0152331 0.00329059 0)
(-0.0167183 0.00342961 0)
(-0.0182561 0.00356258 0)
(-0.0198429 0.00368828 0)
(-0.0214746 0.00380538 0)
(-0.0231463 0.00391242 0)
(-0.0248528 0.00400784 0)
(-0.026588 0.00409002 0)
(-0.0283453 0.00415729 0)
(-0.0301176 0.00420796 0)
(-0.0318969 0.00424037 0)
(-0.0336748 0.00425287 0)
(-0.0354423 0.00424386 0)
(-0.0371898 0.00421184 0)
(-0.0389074 0.00415539 0)
(-0.0405848 0.00407324 0)
(-0.0422111 0.00396423 0)
(-0.0437755 0.00382739 0)
(-0.0452667 0.00366194 0)
(-0.0466735 0.00346732 0)
(-0.0479847 0.00324317 0)
(-0.0491892 0.00298942 0)
(-0.0502759 0.00270624 0)
(-0.0512344 0.00239412 0)
(-0.0520543 0.00205384 0)
(-0.0527261 0.00168653 0)
(-0.0532407 0.00129371 0)
(-0.0535901 0.0008773 0)
(-0.0537666 0.000439855 0)
(-0.0537645 -1.53191e-05 0)
(-0.0535789 -0.000485155 0)
(-0.0532048 -0.000966929 0)
(-0.0526399 -0.00145695 0)
(-0.0518829 -0.001951 0)
(-0.0509344 -0.00244449 0)
(-0.0497966 -0.00293246 0)
(-0.0484735 -0.00340973 0)
(-0.0469711 -0.00387089 0)
(-0.045297 -0.00431046 0)
(-0.0434609 -0.00472293 0)
(-0.0414743 -0.00510286 0)
(-0.0393503 -0.00544495 0)
(-0.0371041 -0.0057442 0)
(-0.0347523 -0.00599596 0)
(-0.032313 -0.00619606 0)
(-0.0298058 -0.00634089 0)
(-0.0272514 -0.00642757 0)
(-0.0246713 -0.00645396 0)
(-0.0220878 -0.00641882 0)
(-0.0195236 -0.00632186 0)
(-0.0170014 -0.00616378 0)
(-0.0145438 -0.00594634 0)
(-0.0121726 -0.00567233 0)
(-0.00990861 -0.00534556 0)
(-0.00777153 -0.00497082 0)
(-0.00577921 -0.00455377 0)
(-0.00394748 -0.0041008 0)
(-0.00228982 -0.0036189 0)
(-0.000816978 -0.00311556 0)
(0.000463469 -0.00259887 0)
(0.0015441 -0.00207885 0)
(0.00242381 -0.00156402 0)
(0.00310457 -0.00106226 0)
(0.00359142 -0.000581281 0)
(0.00389251 -0.000128642 0)
(0.00401899 0.00028825 0)
(0.00398521 0.000662247 0)
(0.00380845 0.000986216 0)
(0.00350865 0.00125248 0)
(0.00310854 0.00145263 0)
(0.00263368 0.0015774 0)
(0.0021125 0.00161683 0)
(0.00157643 0.00156076 0)
(0.0010597 0.00139998 0)
(0.000596952 0.0011285 0)
(0.000226758 0.000746752 0)
(3.50919e-05 0.000267631 0)
(9.82577e-06 -0.000164129 0)
(2.95272e-05 -0.000295232 0)
(2.94947e-05 -0.000283661 0)
(-2.09556e-05 -0.000166391 0)
(-0.000139966 2.65801e-05 0)
(-0.000340015 0.000270737 0)
(-0.000629542 0.000546909 0)
(-0.00101358 0.000840615 0)
(-0.00149456 0.00114139 0)
(-0.00207303 0.00144197 0)
(-0.00274821 0.00173767 0)
(-0.0035185 0.00202579 0)
(-0.00438175 0.00230509 0)
(-0.00533561 0.00257534 0)
(-0.00637766 0.00283692 0)
(-0.00750552 0.0030906 0)
(-0.00871689 0.00333723 0)
(-0.0100096 0.0035776 0)
(-0.0113813 0.00381233 0)
(-0.01283 0.00404176 0)
(-0.0143533 0.00426592 0)
(-0.0159486 0.00448452 0)
(-0.0176131 0.0046969 0)
(-0.0193437 0.0049021 0)
(-0.0211367 0.00509885 0)
(-0.0229878 0.00528563 0)
(-0.0248923 0.00546067 0)
(-0.0268448 0.00562201 0)
(-0.0288393 0.00576756 0)
(-0.0308688 0.0058951 0)
(-0.0329261 0.00600233 0)
(-0.0350029 0.00608692 0)
(-0.0370903 0.00614655 0)
(-0.039179 0.0061789 0)
(-0.0412588 0.00618175 0)
(-0.043319 0.00615297 0)
(-0.0453486 0.00609055 0)
(-0.0473359 0.00599267 0)
(-0.049269 0.00585768 0)
(-0.0511357 0.00568417 0)
(-0.0529235 0.00547099 0)
(-0.05462 0.00521726 0)
(-0.0562126 0.0049224 0)
(-0.0576891 0.0045862 0)
(-0.0590372 0.00420878 0)
(-0.0602452 0.00379065 0)
(-0.0613017 0.00333272 0)
(-0.0621959 0.00283636 0)
(-0.0629177 0.00230337 0)
(-0.0634578 0.00173607 0)
(-0.0638078 0.00113733 0)
(-0.0639599 0.000510713 0)
(-0.0639089 -0.000139425 0)
(-0.0636487 -0.000809043 0)
(-0.0631754 -0.00149385 0)
(-0.062487 -0.00218861 0)
(-0.0615828 -0.00288742 0)
(-0.0604639 -0.00358392 0)
(-0.0591334 -0.00427134 0)
(-0.0575961 -0.0049426 0)
(-0.0558587 -0.0055904 0)
(-0.0539302 -0.00620732 0)
(-0.051821 -0.00678595 0)
(-0.0495438 -0.00731895 0)
(-0.0471131 -0.00779922 0)
(-0.0445452 -0.00821999 0)
(-0.0418581 -0.008575 0)
(-0.0390714 -0.00885858 0)
(-0.0362062 -0.00906583 0)
(-0.0332848 -0.00919274 0)
(-0.0303307 -0.00923633 0)
(-0.027368 -0.00919477 0)
(-0.0244215 -0.00906746 0)
(-0.021516 -0.00885516 0)
(-0.0186763 -0.00856 0)
(-0.0159267 -0.00818554 0)
(-0.0132907 -0.00773672 0)
(-0.0107902 -0.00721985 0)
(-0.00844582 -0.00664248 0)
(-0.00627584 -0.00601326 0)
(-0.0042962 -0.00534182 0)
(-0.00252 -0.00463852 0)
(-0.000957207 -0.00391437 0)
(0.000385668 -0.00318104 0)
(0.00150281 -0.00245228 0)
(0.00239503 -0.00173992 0)
(0.00306687 -0.00105496 0)
(0.00352642 -0.000408221 0)
(0.00378532 0.000189591 0)
(0.0038585 0.000727936 0)
(0.00376479 0.0011967 0)
(0.00352587 0.00158534 0)
(0.00316642 0.00188251 0)
(0.00271413 0.00207603 0)
(0.00219975 0.00215296 0)
(0.0016573 0.00210016 0)
(0.00112403 0.00190523 0)
(0.000638354 0.00155831 0)
(0.000244043 0.00105437 0)
(3.7947e-05 0.000396513 0)
(5.57367e-06 -0.000175288 0)
(-1.04659e-06 -0.00028758 0)
(-5.59784e-05 -0.000228538 0)
(-0.000181404 -4.30524e-05 0)
(-0.000393316 0.000232937 0)
(-0.000702568 0.000569989 0)
(-0.00111604 0.000945217 0)
(-0.00163757 0.00134132 0)
(-0.00226868 0.00174568 0)
(-0.00300928 0.00214952 0)
(-0.00385815 0.00254713 0)
(-0.00481331 0.00293518 0)
(-0.00587241 0.00331207 0)
(-0.00703286 0.00367743 0)
(-0.00829205 0.00403162 0)
(-0.00964736 0.00437545 0)
(-0.0110962 0.00470981 0)
(-0.0126361 0.00503554 0)
(-0.0142643 0.0053532 0)
(-0.0159783 0.00566302 0)
(-0.0177749 0.00596484 0)
(-0.0196511 0.00625803 0)
(-0.0216031 0.00654159 0)
(-0.0236269 0.00681406 0)
(-0.0257177 0.00707363 0)
(-0.0278703 0.00731818 0)
(-0.0300787 0.00754528 0)
(-0.0323362 0.00775229 0)
(-0.0346354 0.00793638 0)
(-0.0369681 0.00809462 0)
(-0.0393255 0.008224 0)
(-0.0416978 0.00832147 0)
(-0.0440748 0.00838405 0)
(-0.0464455 0.00840878 0)
(-0.0487983 0.00839287 0)
(-0.0511212 0.00833365 0)
(-0.0534017 0.00822869 0)
(-0.0556267 0.00807577 0)
(-0.0577831 0.00787298 0)
(-0.0598575 0.00761872 0)
(-0.0618365 0.00731172 0)
(-0.0637065 0.00695114 0)
(-0.0654542 0.00653652 0)
(-0.0670665 0.00606787 0)
(-0.0685307 0.00554565 0)
(-0.0698344 0.00497084 0)
(-0.070966 0.00434494 0)
(-0.0719144 0.00366998 0)
(-0.0726694 0.00294859 0)
(-0.0732217 0.00218399 0)
(-0.0735628 0.00138005 0)
(-0.0736851 0.000541414 0)
(-0.0735839 -0.00032655 0)
(-0.0732525 -0.00121843 0)
(-0.0726879 -0.00212834 0)
(-0.0718886 -0.00304936 0)
(-0.0708542 -0.00397387 0)
(-0.0695867 -0.00489367 0)
(-0.0680895 -0.0058001 0)
(-0.0663681 -0.00668417 0)
(-0.06443 -0.00753663 0)
(-0.0622844 -0.00834809 0)
(-0.0599428 -0.00910918 0)
(-0.0574183 -0.00981065 0)
(-0.0547263 -0.0104435 0)
(-0.0518836 -0.0109992 0)
(-0.0489091 -0.0114698 0)
(-0.0458234 -0.011848 0)
(-0.0426484 -0.0121275 0)
(-0.0394075 -0.0123031 0)
(-0.0361254 -0.0123708 0)
(-0.0328275 -0.0123281 0)
(-0.0295401 -0.012174 0)
(-0.0262896 -0.011909 0)
(-0.0231028 -0.0115356 0)
(-0.0200057 -0.011058 0)
(-0.017024 -0.0104821 0)
(-0.0141819 -0.00981562 0)
(-0.0115022 -0.00906807 0)
(-0.00900564 -0.00825034 0)
(-0.00671052 -0.00737469 0)
(-0.00463228 -0.00645452 0)
(-0.00278316 -0.00550413 0)
(-0.00117188 -0.00453858 0)
(0.00019655 -0.00357347 0)
(0.00131882 -0.0026262 0)
(0.0021977 -0.00171253 0)
(0.00284075 -0.000846926 0)
(0.0032595 -4.37393e-05 0)
(0.00346917 0.000682767 0)
(0.00348905 0.00131886 0)
(0.00334216 0.00185086 0)
(0.00305454 0.00226434 0)
(0.00265546 0.00254397 0)
(0.00217744 0.00267363 0)
(0.00165659 0.00263679 0)
(0.00113269 0.00241722 0)
(0.000647328 0.00200018 0)
(0.000248295 0.0013739 0)
(3.85435e-05 0.000530877 0)
(7.81828e-07 -0.000168742 0)
(-3.64505e-05 -0.000233837 0)
(-0.00015534 -0.000103458 0)
(-0.000367345 0.000170956 0)
(-0.000685312 0.000547842 0)
(-0.00111787 0.000993578 0)
(-0.00166971 0.00148201 0)
(-0.00234293 0.00199336 0)
(-0.00313779 0.00251322 0)
(-0.00405325 0.00303155 0)
(-0.00508737 0.00354182 0)
(-0.00623772 0.00404017 0)
(-0.00750155 0.00452475 0)
(-0.00887602 0.00499509 0)
(-0.0103583 0.00545153 0)
(-0.0119454 0.00589489 0)
(-0.0136345 0.00632607 0)
(-0.0154228 0.00674583 0)
(-0.0173071 0.00715462 0)
(-0.0192843 0.00755246 0)
(-0.0213506 0.00793886 0)
(-0.0235022 0.00831282 0)
(-0.0257345 0.00867281 0)
(-0.0280425 0.00901682 0)
(-0.0304205 0.00934242 0)
(-0.032862 0.00964676 0)
(-0.0353599 0.00992671 0)
(-0.0379061 0.0101789 0)
(-0.0404921 0.0103996 0)
(-0.0431082 0.0105853 0)
(-0.0457442 0.0107321 0)
(-0.0483892 0.0108364 0)
(-0.0510315 0.0108944 0)
(-0.0536587 0.0109026 0)
(-0.0562582 0.0108577 0)
(-0.0588165 0.0107565 0)
(-0.06132 0.0105962 0)
(-0.0637547 0.0103743 0)
(-0.0661066 0.0100887 0)
(-0.0683612 0.00973774 0)
(-0.0705045 0.00932014 0)
(-0.0725222 0.00883518 0)
(-0.0744006 0.00828267 0)
(-0.0761262 0.00766294 0)
(-0.0776859 0.00697694 0)
(-0.0790672 0.00622623 0)
(-0.0802583 0.00541297 0)
(-0.0812484 0.00454001 0)
(-0.0820272 0.00361086 0)
(-0.0825856 0.00262973 0)
(-0.0829153 0.00160155 0)
(-0.0830089 0.000532024 0)
(-0.0828624 -0.000572369 0)
(-0.0824688 -0.00170475 0)
(-0.0818258 -0.00285754 0)
(-0.0809322 -0.00402215 0)
(-0.0797883 -0.00518917 0)
(-0.078396 -0.00634859 0)
(-0.0767595 -0.00748988 0)
(-0.0748845 -0.00860213 0)
(-0.0727787 -0.00967414 0)
(-0.0704517 -0.0106946 0)
(-0.0679152 -0.0116522 0)
(-0.0651826 -0.0125357 0)
(-0.0622693 -0.0133342 0)
(-0.0591928 -0.0140374 0)
(-0.0559721 -0.0146355 0)
(-0.0526281 -0.0151197 0)
(-0.0491834 -0.0154821 0)
(-0.0456619 -0.0157161 0)
(-0.042089 -0.0158168 0)
(-0.038491 -0.0157805 0)
(-0.0348953 -0.0156057 0)
(-0.0313296 -0.0152929 0)
(-0.027822 -0.0148443 0)
(-0.0244003 -0.0142647 0)
(-0.021092 -0.0135608 0)
(-0.0179233 -0.0127419 0)
(-0.0149192 -0.0118189 0)
(-0.0121027 -0.0108051 0)
(-0.00949446 -0.00971525 0)
(-0.00711234 -0.00856592 0)
(-0.00497091 -0.00737479 0)
(-0.00308116 -0.00616058 0)
(-0.00145019 -0.00494275 0)
(-8.11333e-05 -0.00374118 0)
(0.00102593 -0.00257672 0)
(0.00187583 -0.00146979 0)
(0.00247949 -0.000438697 0)
(0.00285222 0.000498495 0)
(0.00301285 0.00132377 0)
(0.00298536 0.00201995 0)
(0.0027968 0.00256927 0)
(0.0024776 0.00295311 0)
(0.00206168 0.00315188 0)
(0.00158681 0.00314533 0)
(0.00109484 0.0029129 0)
(0.000629852 0.00243439 0)
(0.000242431 0.00169081 0)
(3.75973e-05 0.000664434 0)
(-4.46898e-06 -0.000142236 0)
(-7.57268e-05 -0.000127792 0)
(-0.000265654 0.000100936 0)
(-0.000573511 0.000486786 0)
(-0.00100848 0.000983706 0)
(-0.0015761 0.00155453 0)
(-0.00227833 0.00217037 0)
(-0.00311513 0.0028095 0)
(-0.00408511 0.00345611 0)
(-0.00518601 0.00409921 0)
(-0.00641498 0.00473171 0)
(-0.00776892 0.00534946 0)
(-0.00924462 0.00595047 0)
(-0.0108389 0.00653422 0)
(-0.0125485 0.00710107 0)
(-0.0143703 0.00765182 0)
(-0.0163011 0.00818732 0)
(-0.0183376 0.00870822 0)
(-0.0204762 0.00921473 0)
(-0.0227132 0.00970657 0)
(-0.0250443 0.0101828 0)
(-0.0274647 0.010642 0)
(-0.0299691 0.011082 0)
(-0.0325514 0.0115001 0)
(-0.035205 0.0118932 0)
(-0.0379221 0.0122576 0)
(-0.0406946 0.0125894 0)
(-0.0435132 0.0128845 0)
(-0.0463679 0.0131385 0)
(-0.0492482 0.0133468 0)
(-0.0521423 0.0135051 0)
(-0.0550382 0.0136088 0)
(-0.0579231 0.0136536 0)
(-0.0607835 0.0136355 0)
(-0.0636056 0.0135507 0)
(-0.0663751 0.0133956 0)
(-0.0690775 0.013167 0)
(-0.071698 0.0128624 0)
(-0.0742218 0.0124796 0)
(-0.076634 0.0120167 0)
(-0.0789201 0.0114728 0)
(-0.0810656 0.0108474 0)
(-0.0830564 0.0101406 0)
(-0.0848788 0.00935322 0)
(-0.0865199 0.00848677 0)
(-0.0879672 0.00754349 0)
(-0.0892091 0.00652632 0)
(-0.0902348 0.00543898 0)
(-0.0910344 0.00428591 0)
(-0.0915991 0.00307236 0)
(-0.0919209 0.00180431 0)
(-0.0919927 0.000488606 0)
(-0.0918109 -0.000867185 0)
(-0.0913685 -0.00225469 0)
(-0.0906639 -0.00366465 0)
(-0.089696 -0.00508676 0)
(-0.0884652 -0.00650991 0)
(-0.0869739 -0.00792229 0)
(-0.085226 -0.00931157 0)
(-0.0832274 -0.010665 0)
(-0.0809859 -0.0119694 0)
(-0.078511 -0.0132116 0)
(-0.0758141 -0.0143784 0)
(-0.0729086 -0.0154566 0)
(-0.0698099 -0.0164334 0)
(-0.0665352 -0.0172966 0)
(-0.0631035 -0.0180347 0)
(-0.0595358 -0.0186369 0)
(-0.0558546 -0.019094 0)
(-0.0520843 -0.0193978 0)
(-0.0482505 -0.019542 0)
(-0.0443802 -0.0195221 0)
(-0.0405015 -0.0193357 0)
(-0.036643 -0.0189826 0)
(-0.0328342 -0.0184651 0)
(-0.0291042 -0.0177882 0)
(-0.0254822 -0.0169593 0)
(-0.0219964 -0.0159885 0)
(-0.0186739 -0.0148887 0)
(-0.0155398 -0.0136751 0)
(-0.0126172 -0.012365 0)
(-0.00992652 -0.010978 0)
(-0.00748471 -0.00953522 0)
(-0.00530523 -0.00805917 0)
(-0.0033975 -0.00657339 0)
(-0.00176666 -0.00510208 0)
(-0.000413568 -0.00366964 0)
(0.000665489 -0.00230024 0)
(0.00147752 -0.00101983 0)
(0.00203754 0.000149668 0)
(0.00236377 0.00118571 0)
(0.00248022 0.00206696 0)
(0.00241484 0.00277212 0)
(0.00219897 0.00327902 0)
(0.00186762 0.00356441 0)
(0.00145989 0.00360401 0)
(0.00101917 0.00337265 0)
(0.000591397 0.00284448 0)
(0.000228892 0.00199342 0)
(3.56101e-05 0.000792479 0)
(-1.00557e-05 -9.40927e-05 0)
(-0.000117914 3.54738e-05 0)
(-0.000384624 0.000391941 0)
(-0.000796003 0.000913522 0)
(-0.00135675 0.00155072 0)
(-0.00206895 0.00226356 0)
(-0.00293136 0.00302112 0)
(-0.00394136 0.00380025 0)
(-0.00509564 0.00458421 0)
(-0.00639041 0.00536152 0)
(-0.00782175 0.00612483 0)
(-0.00938573 0.0068699 0)
(-0.0110786 0.00759479 0)
(-0.0128966 0.00829902 0)
(-0.0148362 0.00898302 0)
(-0.0168939 0.00964757 0)
(-0.0190662 0.0102934 0)
(-0.0213493 0.010921 0)
(-0.0237391 0.0115303 0)
(-0.0262313 0.0121206 0)
(-0.0288209 0.0126904 0)
(-0.0315024 0.0132377 0)
(-0.0342696 0.0137596 0)
(-0.0371155 0.0142527 0)
(-0.0400323 0.0147131 0)
(-0.0430114 0.0151364 0)
(-0.0460433 0.0155178 0)
(-0.0491178 0.0158522 0)
(-0.0522238 0.0161346 0)
(-0.0553495 0.0163597 0)
(-0.0584822 0.0165222 0)
(-0.0616087 0.0166172 0)
(-0.0647153 0.0166397 0)
(-0.0677877 0.0165851 0)
(-0.0708111 0.0164493 0)
(-0.0737707 0.0162284 0)
(-0.0766512 0.0159191 0)
(-0.0794374 0.0155186 0)
(-0.082114 0.0150248 0)
(-0.084666 0.0144362 0)
(-0.0870784 0.0137518 0)
(-0.0893369 0.0129715 0)
(-0.0914272 0.012096 0)
(-0.0933359 0.0111266 0)
(-0.0950501 0.0100654 0)
(-0.0965576 0.00891555 0)
(-0.0978471 0.00768068 0)
(-0.0989081 0.00636546 0)
(-0.099731 0.0049753 0)
(-0.100307 0.00351648 0)
(-0.10063 0.00199607 0)
(-0.100691 0.000421983 0)
(-0.100488 -0.00119708 0)
(-0.100013 -0.00285134 0)
(-0.0992666 -0.00452986 0)
(-0.0982462 -0.00622072 0)
(-0.0969528 -0.00791116 0)
(-0.0953886 -0.00958768 0)
(-0.0935572 -0.0112362 0)
(-0.0914645 -0.0128421 0)
(-0.0891177 -0.0143906 0)
(-0.086526 -0.0158664 0)
(-0.0837005 -0.0172545 0)
(-0.080654 -0.0185399 0)
(-0.0774015 -0.0197077 0)
(-0.0739598 -0.020744 0)
(-0.0703475 -0.0216351 0)
(-0.0665852 -0.0223687 0)
(-0.0626955 -0.0229337 0)
(-0.0587025 -0.0233205 0)
(-0.0546321 -0.0235211 0)
(-0.0505114 -0.0235298 0)
(-0.0463692 -0.0233432 0)
(-0.042235 -0.0229603 0)
(-0.038139 -0.0223832 0)
(-0.034112 -0.0216167 0)
(-0.0301846 -0.0206687 0)
(-0.0263868 -0.0195503 0)
(-0.0227476 -0.0182756 0)
(-0.0192948 -0.0168617 0)
(-0.0160538 -0.0153284 0)
(-0.0130474 -0.0136983 0)
(-0.0102953 -0.0119959 0)
(-0.00781362 -0.0102476 0)
(-0.00561429 -0.00848109 0)
(-0.00370483 -0.00672506 0)
(-0.00208809 -0.00500864 0)
(-0.000761996 -0.00336092 0)
(0.000280459 -0.00181049 0)
(0.00105015 -0.000387473 0)
(0.00156529 0.000881148 0)
(0.00184821 0.00196885 0)
(0.00192776 0.00285051 0)
(0.00183603 0.00350026 0)
(0.00160891 0.00389097 0)
(0.00128651 0.00399417 0)
(0.000913355 0.00377999 0)
(0.000536665 0.00321701 0)
(0.000209642 0.00227254 0)
(3.29337e-05 0.000911537 0)
(-1.59008e-05 -2.2982e-05 0)
(-0.000162474 0.000259729 0)
(-0.000510498 0.000775221 0)
(-0.00103138 0.00145839 0)
(-0.00172489 0.00225705 0)
(-0.00258921 0.00312928 0)
(-0.00361946 0.00404287 0)
(-0.00481015 0.00497388 0)
(-0.00615572 0.00590526 0)
(-0.00765069 0.00682542 0)
(-0.00928984 0.00772713 0)
(-0.0110683 0.00860637 0)
(-0.0129816 0.00946139 0)
(-0.0150256 0.0102919 0)
(-0.0171961 0.0110985 0)
(-0.0194894 0.0118819 0)
(-0.0219013 0.0126427 0)
(-0.0244278 0.0133812 0)
(-0.0270643 0.0140968 0)
(-0.0298058 0.0147884 0)
(-0.0326466 0.015454 0)
(-0.0355804 0.0160907 0)
(-0.0386002 0.0166951 0)
(-0.0416981 0.0172628 0)
(-0.0448654 0.017789 0)
(-0.0480923 0.0182686 0)
(-0.0513686 0.0186959 0)
(-0.0546828 0.0190651 0)
(-0.0580229 0.0193701 0)
(-0.0613761 0.0196052 0)
(-0.0647289 0.0197643 0)
(-0.0680673 0.0198419 0)
(-0.0713767 0.0198326 0)
(-0.0746421 0.0197313 0)
(-0.0778483 0.0195337 0)
(-0.0809798 0.0192356 0)
(-0.0840211 0.0188337 0)
(-0.0869567 0.0183253 0)
(-0.0897711 0.0177082 0)
(-0.0924492 0.0169812 0)
(-0.0949762 0.0161438 0)
(-0.0973376 0.0151962 0)
(-0.0995195 0.0141397 0)
(-0.101509 0.0129762 0)
(-0.103293 0.0117086 0)
(-0.10486 0.0103406 0)
(-0.106198 0.0088769 0)
(-0.107299 0.007323 0)
(-0.108152 0.00568531 0)
(-0.108749 0.00397111 0)
(-0.109083 0.00218853 0)
(-0.109148 0.000346537 0)
(-0.108941 -0.0015451 0)
(-0.108454 -0.00347528 0)
(-0.107686 -0.00543151 0)
(-0.106636 -0.00740034 0)
(-0.105305 -0.00936745 0)
(-0.103694 -0.0113178 0)
(-0.101806 -0.0132355 0)
(-0.0996472 -0.0151044 0)
(-0.0972238 -0.0169078 0)
(-0.0945443 -0.0186288 0)
(-0.0916192 -0.0202504 0)
(-0.0884605 -0.0217556 0)
(-0.0850825 -0.0231277 0)
(-0.0815012 -0.0243507 0)
(-0.0777348 -0.0254093 0)
(-0.0738033 -0.026289 0)
(-0.0697286 -0.0269769 0)
(-0.0655348 -0.0274615 0)
(-0.0612476 -0.0277333 0)
(-0.0568943 -0.0277852 0)
(-0.052504 -0.0276123 0)
(-0.0481069 -0.0272129 0)
(-0.0437341 -0.0265882 0)
(-0.0394175 -0.0257427 0)
(-0.0351893 -0.0246846 0)
(-0.0310813 -0.0234255 0)
(-0.0271247 -0.0219807 0)
(-0.0233494 -0.0203689 0)
(-0.0197834 -0.0186124 0)
(-0.0164524 -0.0167364 0)
(-0.0133787 -0.0147688 0)
(-0.0105814 -0.01274 0)
(-0.00807502 -0.0106819 0)
(-0.00586989 -0.008628 0)
(-0.00397125 -0.00661221 0)
(-0.00237912 -0.00466884 0)
(-0.00108823 -0.00283198 0)
(-8.81523e-05 -0.00113518 0)
(0.00063712 0.000388257 0)
(0.00110753 0.00170455 0)
(0.00135189 0.00278432 0)
(0.00140296 0.00359783 0)
(0.00129733 0.00411396 0)
(0.00107589 0.00429995 0)
(0.000783948 0.00412126 0)
(0.000469562 0.00354119 0)
(0.000186245 0.00252108 0)
(2.9821e-05 0.00101909 0)
(-2.19482e-05 7.22495e-05 0)
(-0.000208893 0.000548019 0)
(-0.000641758 0.00125546 0)
(-0.00127675 0.0021271 0)
(-0.00210835 0.00310903 0)
(-0.00313043 0.00415829 0)
(-0.0043342 0.00524213 0)
(-0.00571098 0.0063366 0)
(-0.00725275 0.00742484 0)
(-0.00895216 0.00849574 0)
(-0.0108025 0.00954255 0)
(-0.012798 0.0105618 0)
(-0.0149332 0.0115521 0)
(-0.0172034 0.0125136 0)
(-0.019604 0.0134469 0)
(-0.0221307 0.0143529 0)
(-0.0247791 0.015232 0)
(-0.0275445 0.0160841 0)
(-0.0304217 0.0169083 0)
(-0.0334053 0.0177029 0)
(-0.0364888 0.0184651 0)
(-0.0396652 0.0191913 0)
(-0.0429267 0.0198773 0)
(-0.0462645 0.0205178 0)
(-0.0496689 0.0211073 0)
(-0.0531296 0.0216396 0)
(-0.056635 0.0221082 0)
(-0.0601731 0.0225066 0)
(-0.0637309 0.0228279 0)
(-0.0672948 0.0230657 0)
(-0.0708506 0.0232134 0)
(-0.0743837 0.0232649 0)
(-0.0778789 0.0232144 0)
(-0.0813207 0.0230567 0)
(-0.0846937 0.022787 0)
(-0.087982 0.0224012 0)
(-0.09117 0.0218959 0)
(-0.0942421 0.0212686 0)
(-0.0971829 0.0205173 0)
(-0.0999774 0.0196412 0)
(-0.102611 0.0186402 0)
(-0.105069 0.0175149 0)
(-0.107339 0.0162673 0)
(-0.109407 0.0148998 0)
(-0.111262 0.0134163 0)
(-0.112891 0.0118212 0)
(-0.114284 0.0101199 0)
(-0.115431 0.00831901 0)
(-0.116324 0.00642578 0)
(-0.116955 0.00444848 0)
(-0.117316 0.00239623 0)
(-0.117401 0.000279007 0)
(-0.117207 -0.00189241 0)
(-0.116727 -0.00410575 0)
(-0.11596 -0.00634711 0)
(-0.114904 -0.00860162 0)
(-0.113559 -0.0108535 0)
(-0.111926 -0.0130862 0)
(-0.110009 -0.0152825 0)
(-0.10781 -0.0174243 0)
(-0.105337 -0.0194934 0)
(-0.102597 -0.021471 0)
(-0.0995984 -0.0233384 0)
(-0.0963537 -0.0250766 0)
(-0.0928756 -0.0266671 0)
(-0.0891794 -0.0280917 0)
(-0.0852823 -0.0293332 0)
(-0.0812036 -0.030375 0)
(-0.0769647 -0.0312023 0)
(-0.072589 -0.0318017 0)
(-0.0681019 -0.0321617 0)
(-0.063531 -0.0322735 0)
(-0.0589052 -0.0321307 0)
(-0.0542554 -0.0317304 0)
(-0.0496135 -0.0310727 0)
(-0.0450125 -0.0301616 0)
(-0.0404859 -0.029005 0)
(-0.0360676 -0.0276149 0)
(-0.0317907 -0.0260074 0)
(-0.0276875 -0.0242028 0)
(-0.0237887 -0.0222253 0)
(-0.0201228 -0.0201029 0)
(-0.0167153 -0.0178668 0)
(-0.013588 -0.0155511 0)
(-0.0107588 -0.0131923 0)
(-0.00824085 -0.0108286 0)
(-0.00604211 -0.00849909 0)
(-0.00416515 -0.00624354 0)
(-0.00260683 -0.00410158 0)
(-0.00135837 -0.00211247 0)
(-0.0004052 -0.000314626 0)
(0.000272923 0.00125414 0)
(0.000700626 0.00255512 0)
(0.000911523 0.00355482 0)
(0.000942699 0.00421808 0)
(0.000835679 0.00450792 0)
(0.000636322 0.00438526 0)
(0.000393239 0.0038085 0)
(0.000159922 0.00273369 0)
(2.64563e-05 0.00111338 0)
(-2.8207e-05 0.000192455 0)
(-0.000256794 0.000902699 0)
(-0.000777077 0.00183615 0)
(-0.00152951 0.00292389 0)
(-0.00250296 0.00411132 0)
(-0.00368672 0.0053553 0)
(-0.00506778 0.00662347 0)
(-0.00663407 0.00789252 0)
(-0.00837495 0.00914651 0)
(-0.010281 0.0103753 0)
(-0.012344 0.011573 0)
(-0.014557 0.0127371 0)
(-0.0169137 0.0138668 0)
(-0.0194087 0.0149628 0)
(-0.0220368 0.0160259 0)
(-0.0247934 0.017057 0)
(-0.0276733 0.0180565 0)
(-0.0306716 0.0190238 0)
(-0.0337825 0.0199576 0)
(-0.0369998 0.0208555 0)
(-0.0403165 0.021714 0)
(-0.043725 0.0225287 0)
(-0.0472166 0.0232943 0)
(-0.0507817 0.024005 0)
(-0.0544099 0.0246541 0)
(-0.0580899 0.0252347 0)
(-0.0618097 0.0257394 0)
(-0.0655563 0.0261609 0)
(-0.0693161 0.0264918 0)
(-0.0730749 0.0267249 0)
(-0.076818 0.0268532 0)
(-0.0805302 0.0268701 0)
(-0.0841961 0.0267696 0)
(-0.0878 0.0265461 0)
(-0.0913262 0.0261949 0)
(-0.0947589 0.0257119 0)
(-0.0980823 0.0250938 0)
(-0.101281 0.0243381 0)
(-0.10434 0.0234435 0)
(-0.107245 0.0224092 0)
(-0.10998 0.0212358 0)
(-0.112533 0.0199245 0)
(-0.11489 0.0184777 0)
(-0.117039 0.0168988 0)
(-0.118967 0.0151921 0)
(-0.120664 0.0133629 0)
(-0.12212 0.0114177 0)
(-0.123324 0.0093636 0)
(-0.124269 0.00720892 0)
(-0.124946 0.00496281 0)
(-0.12535 0.00263533 0)
(-0.125472 0.000237351 0)
(-0.12531 -0.0022194 0)
(-0.124858 -0.00472167 0)
(-0.124113 -0.00725427 0)
(-0.123074 -0.00980106 0)
(-0.121739 -0.012345 0)
(-0.120108 -0.0148681 0)
(-0.118185 -0.0173516 0)
(-0.115972 -0.0197761 0)
(-0.113473 -0.0221215 0)
(-0.110697 -0.0243674 0)
(-0.10765 -0.0264933 0)
(-0.104343 -0.0284783 0)
(-0.100788 -0.030302 0)
(-0.0969995 -0.0319441 0)
(-0.0929931 -0.0333852 0)
(-0.0887873 -0.0346067 0)
(-0.0844028 -0.0355916 0)
(-0.0798623 -0.0363243 0)
(-0.0751908 -0.0367914 0)
(-0.0704154 -0.036982 0)
(-0.0655654 -0.036888 0)
(-0.0606718 -0.0365048 0)
(-0.0557673 -0.0358312 0)
(-0.0508858 -0.0348703 0)
(-0.0460625 -0.0336295 0)
(-0.0413327 -0.0321208 0)
(-0.0367317 -0.0303607 0)
(-0.0322945 -0.0283707 0)
(-0.0280544 -0.0261769 0)
(-0.0240428 -0.0238096 0)
(-0.0202886 -0.0213034 0)
(-0.0168169 -0.0186962 0)
(-0.0136488 -0.0160288 0)
(-0.0108008 -0.0133444 0)
(-0.00828392 -0.0106876 0)
(-0.00610358 -0.00810381 0)
(-0.00425916 -0.00563847 0)
(-0.00274396 -0.0033368 0)
(-0.00154513 -0.00124314 0)
(-0.000643193 0.000599135 0)
(-1.51548e-05 0.00214562 0)
(0.000371134 0.00335589 0)
(0.000552876 0.0041899 0)
(0.000571992 0.00460668 0)
(0.000474742 0.00456283 0)
(0.000310165 0.00401225 0)
(0.000131608 0.0029064 0)
(2.29727e-05 0.00119321 0)
(-3.46095e-05 0.000338242 0)
(-0.000305729 0.00132545 0)
(-0.000915188 0.0025197 0)
(-0.00178722 0.00385164 0)
(-0.00290483 0.00526694 0)
(-0.00425252 0.00672328 0)
(-0.00581284 0.00818952 0)
(-0.00757018 0.00964383 0)
(-0.00951112 0.0110718 0)
(-0.0116241 0.0124649 0)
(-0.0138993 0.0138186 0)
(-0.0163285 0.0151315 0)
(-0.0189044 0.0164038 0)
(-0.021621 0.0176367 0)
(-0.0244726 0.0188316 0)
(-0.0274537 0.0199894 0)
(-0.0305591 0.0211102 0)
(-0.0337829 0.0221932 0)
(-0.0371191 0.0232365 0)
(-0.0405609 0.0242369 0)
(-0.0441006 0.0251903 0)
(-0.0477298 0.0260913 0)
(-0.0514393 0.0269339 0)
(-0.0552188 0.0277111 0)
(-0.0590572 0.0284156 0)
(-0.0629426 0.0290394 0)
(-0.0668622 0.0295745 0)
(-0.0708025 0.0300129 0)
(-0.0747495 0.0303465 0)
(-0.0786884 0.0305675 0)
(-0.0826044 0.0306687 0)
(-0.0864818 0.030643 0)
(-0.0903052 0.0304842 0)
(-0.0940588 0.0301867 0)
(-0.0977269 0.0297457 0)
(-0.101294 0.0291572 0)
(-0.104744 0.0284182 0)
(-0.108062 0.0275264 0)
(-0.111234 0.0264808 0)
(-0.114244 0.0252812 0)
(-0.11708 0.0239285 0)
(-0.119727 0.0224247 0)
(-0.122173 0.0207728 0)
(-0.124406 0.0189768 0)
(-0.126414 0.0170418 0)
(-0.128187 0.0149738 0)
(-0.129714 0.01278 0)
(-0.130987 0.0104685 0)
(-0.131996 0.00804824 0)
(-0.132735 0.0055293 0)
(-0.133196 0.00292256 0)
(-0.133373 0.000239723 0)
(-0.133262 -0.00250665 0)
(-0.132858 -0.00530245 0)
(-0.132155 -0.00813143 0)
(-0.131153 -0.0109763 0)
(-0.12985 -0.0138189 0)
(-0.128244 -0.0166399 0)
(-0.126338 -0.0194191 0)
(-0.124132 -0.0221358 0)
(-0.121632 -0.0247683 0)
(-0.118842 -0.0272945 0)
(-0.115769 -0.029692 0)
(-0.112423 -0.0319382 0)
(-0.108813 -0.0340106 0)
(-0.104953 -0.0358869 0)
(-0.100857 -0.0375454 0)
(-0.0965431 -0.0389654 0)
(-0.0920308 -0.0401275 0)
(-0.0873417 -0.0410138 0)
(-0.0825004 -0.0416087 0)
(-0.0775335 -0.0418989 0)
(-0.0724702 -0.0418744 0)
(-0.0673416 -0.0415286 0)
(-0.062181 -0.0408587 0)
(-0.0570232 -0.0398664 0)
(-0.0519046 -0.0385582 0)
(-0.0468623 -0.0369456 0)
(-0.0419339 -0.0350455 0)
(-0.0371566 -0.0328801 0)
(-0.0325666 -0.0304768 0)
(-0.0281988 -0.0278685 0)
(-0.0240851 -0.0250925 0)
(-0.0202544 -0.0221906 0)
(-0.0167315 -0.0192081 0)
(-0.0135364 -0.0161932 0)
(-0.0106836 -0.013196 0)
(-0.00818164 -0.010268 0)
(-0.0060329 -0.00746093 0)
(-0.00423312 -0.00482628 0)
(-0.00277149 -0.00241476 0)
(-0.0016304 -0.00027592 0)
(-0.00078659 0.00154061 0)
(-0.000210966 0.00298665 0)
(0.000133844 0.00401736 0)
(0.000289477 0.0045864 0)
(0.000302444 0.00464641 0)
(0.000222194 0.00414723 0)
(0.000101991 0.0030363 0)
(1.94631e-05 0.0012578 0)
(-4.11058e-05 0.000510077 0)
(-0.000355283 0.00181735 0)
(-0.00105487 0.00330756 0)
(-0.00204753 0.00491194 0)
(-0.00331024 0.00657742 0)
(-0.0048225 0.00826348 0)
(-0.00656234 0.00994113 0)
(-0.00851047 0.0115908 0)
(-0.0106506 0.0132005 0)
(-0.012969 0.0147635 0)
(-0.015454 0.0162774 0)
(-0.0180963 0.0177422 0)
(-0.0208876 0.0191594 0)
(-0.023821 0.020531 0)
(-0.0268903 0.0218586 0)
(-0.0300895 0.0231435 0)
(-0.0334127 0.0243857 0)
(-0.0368537 0.0255839 0)
(-0.0404058 0.0267356 0)
(-0.0440617 0.0278369 0)
(-0.0478132 0.0288829 0)
(-0.0516514 0.0298674 0)
(-0.0555663 0.0307833 0)
(-0.0595471 0.0316229 0)
(-0.0635821 0.0323778 0)
(-0.0676589 0.0330395 0)
(-0.0717642 0.0335992 0)
(-0.0758841 0.0340481 0)
(-0.0800043 0.0343777 0)
(-0.0841098 0.0345797 0)
(-0.0881854 0.0346465 0)
(-0.0922157 0.0345709 0)
(-0.0961849 0.0343465 0)
(-0.100078 0.0339677 0)
(-0.103878 0.0334297 0)
(-0.107571 0.0327289 0)
(-0.111141 0.0318622 0)
(-0.114574 0.0308281 0)
(-0.117854 0.0296256 0)
(-0.120969 0.0282553 0)
(-0.123904 0.0267184 0)
(-0.126647 0.0250176 0)
(-0.129186 0.0231564 0)
(-0.131508 0.0211396 0)
(-0.133602 0.0189728 0)
(-0.135459 0.0166629 0)
(-0.137068 0.0142177 0)
(-0.13842 0.011646 0)
(-0.139507 0.00895749 0)
(-0.140322 0.00616305 0)
(-0.140856 0.00327428 0)
(-0.141105 0.000303607 0)
(-0.141061 -0.00273567 0)
(-0.140722 -0.00582874 0)
(-0.140081 -0.00895849 0)
(-0.139136 -0.0121067 0)
(-0.137884 -0.0152539 0)
(-0.136324 -0.0183799 0)
(-0.134456 -0.0214632 0)
(-0.132279 -0.0244815 0)
(-0.129798 -0.0274118 0)
(-0.127016 -0.0302302 0)
(-0.123939 -0.0329128 0)
(-0.120573 -0.0354349 0)
(-0.116929 -0.0377721 0)
(-0.113017 -0.0399 0)
(-0.108851 -0.0417947 0)
(-0.104448 -0.043433 0)
(-0.0998257 -0.0447931 0)
(-0.0950046 -0.0458547 0)
(-0.0900085 -0.0465997 0)
(-0.0848636 -0.0470123 0)
(-0.0795985 -0.04708 0)
(-0.0742446 -0.0467941 0)
(-0.0688353 -0.0461496 0)
(-0.0634064 -0.0451467 0)
(-0.0579952 -0.0437904 0)
(-0.0526406 -0.0420915 0)
(-0.0473822 -0.0400664 0)
(-0.0422597 -0.0377378 0)
(-0.0373125 -0.0351345 0)
(-0.0325784 -0.032291 0)
(-0.0280933 -0.0292475 0)
(-0.0238897 -0.0260495 0)
(-0.0199965 -0.0227466 0)
(-0.0164375 -0.0193921 0)
(-0.0132312 -0.0160421 0)
(-0.0103898 -0.0127542 0)
(-0.00791882 -0.00958674 0)
(-0.00581699 -0.00659807 0)
(-0.00407585 -0.00384565 0)
(-0.00267989 -0.00138573 0)
(-0.00160639 0.000726666 0)
(-0.000828613 0.00243532 0)
(-0.000309871 0.00368952 0)
(-8.50037e-06 0.00443837 0)
(0.000121739 0.00462964 0)
(0.00013064 0.00420928 0)
(7.15517e-05 0.00312127 0)
(1.59874e-05 0.00130668 0)
(-4.76484e-05 0.000708194 0)
(-0.000405039 0.00237887 0)
(-0.00119489 0.00420025 0)
(-0.00230811 0.00610515 0)
(-0.00371552 0.00804281 0)
(-0.00539151 0.00997556 0)
(-0.00730949 0.0118775 0)
(-0.00944643 0.0137321 0)
(-0.0117831 0.0155303 0)
(-0.0143036 0.0172684 0)
(-0.0169945 0.018946 0)
(-0.0198451 0.020565 0)
(-0.0228463 0.0221285 0)
(-0.0259902 0.0236394 0)
(-0.0292701 0.0251001 0)
(-0.0326794 0.0265118 0)
(-0.0362117 0.0278744 0)
(-0.0398603 0.0291863 0)
(-0.043618 0.0304445 0)
(-0.0474771 0.0316444 0)
(-0.0514287 0.03278 0)
(-0.0554635 0.0338443 0)
(-0.0595709 0.0348295 0)
(-0.0637398 0.0357269 0)
(-0.0679579 0.0365273 0)
(-0.0722124 0.0372214 0)
(-0.0764898 0.0377997 0)
(-0.0807759 0.0382529 0)
(-0.0850561 0.0385721 0)
(-0.0893155 0.0387485 0)
(-0.0935387 0.0387744 0)
(-0.0977105 0.0386424 0)
(-0.101815 0.038346 0)
(-0.105838 0.0378797 0)
(-0.109763 0.037239 0)
(-0.113575 0.0364202 0)
(-0.11726 0.0354209 0)
(-0.120803 0.0342396 0)
(-0.12419 0.0328761 0)
(-0.127408 0.0313312 0)
(-0.130444 0.0296068 0)
(-0.133286 0.0277061 0)
(-0.135921 0.0256331 0)
(-0.138337 0.0233933 0)
(-0.140525 0.0209929 0)
(-0.142474 0.0184395 0)
(-0.144174 0.0157413 0)
(-0.145617 0.012908 0)
(-0.146794 0.00994984 0)
(-0.147697 0.00687832 0)
(-0.148319 0.00370573 0)
(-0.148653 0.000445125 0)
(-0.148693 -0.00288955 0)
(-0.148435 -0.0062829 0)
(-0.147873 -0.00971714 0)
(-0.147003 -0.0131732 0)
(-0.145821 -0.0166309 0)
(-0.144324 -0.0200686 0)
(-0.142512 -0.0234638 0)
(-0.140385 -0.0267929 0)
(-0.137943 -0.0300315 0)
(-0.135188 -0.0331542 0)
(-0.132126 -0.0361353 0)
(-0.128761 -0.0389483 0)
(-0.125102 -0.0415667 0)
(-0.121159 -0.043964 0)
(-0.116943 -0.0461141 0)
(-0.11247 -0.0479913 0)
(-0.107755 -0.0495713 0)
(-0.102819 -0.0508311 0)
(-0.0976845 -0.0517498 0)
(-0.0923763 -0.052309 0)
(-0.0869228 -0.0524935 0)
(-0.0813549 -0.0522919 0)
(-0.0757063 -0.051697 0)
(-0.0700133 -0.0507065 0)
(-0.0643142 -0.049324 0)
(-0.0586494 -0.0475586 0)
(-0.0530604 -0.0454263 0)
(-0.0475896 -0.0429497 0)
(-0.0422792 -0.040158 0)
(-0.0371705 -0.0370875 0)
(-0.0323031 -0.033781 0)
(-0.0277137 -0.0302871 0)
(-0.0234355 -0.02666 0)
(-0.0194966 -0.0229582 0)
(-0.0159198 -0.0192434 0)
(-0.0127214 -0.0155801 0)
(-0.00991065 -0.0120334 0)
(-0.00748963 -0.00866903 0)
(-0.0054527 -0.00555171 0)
(-0.00378665 -0.00274493 0)
(-0.00247068 -0.000310503 0)
(-0.00147789 0.00169009 0)
(-0.000774844 0.00319714 0)
(-0.000319564 0.004155 0)
(-6.58447e-05 0.00450702 0)
(3.63519e-05 0.00419502 0)
(4.0589e-05 0.00315969 0)
(1.25847e-05 0.0013396 0)
(-5.41848e-05 0.000932599 0)
(-0.000454572 0.00300986 0)
(-0.00133404 0.00519733 0)
(-0.00256669 0.00743043 0)
(-0.00411708 0.0096618 0)
(-0.00595451 0.0118576 0)
(-0.00804769 0.013996 0)
(-0.0103699 0.0160645 0)
(-0.0128989 0.0180576 0)
(-0.0156165 0.0199749 0)
(-0.0185077 0.021819 0)
(-0.0215604 0.023594 0)
(-0.0247644 0.0253045 0)
(-0.0281112 0.0269548 0)
(-0.0315932 0.0285478 0)
(-0.0352035 0.0300851 0)
(-0.0389351 0.0315666 0)
(-0.0427808 0.0329902 0)
(-0.0467331 0.0343523 0)
(-0.0507835 0.0356476 0)
(-0.054923 0.0368692 0)
(-0.0591417 0.0380095 0)
(-0.0634286 0.0390595 0)
(-0.0677722 0.0400097 0)
(-0.07216 0.0408504 0)
(-0.0765789 0.0415714 0)
(-0.0810151 0.0421626 0)
(-0.0854545 0.0426143 0)
(-0.0898823 0.0429171 0)
(-0.0942836 0.0430622 0)
(-0.0986434 0.0430413 0)
(-0.102946 0.0428473 0)
(-0.107177 0.0424736 0)
(-0.111322 0.0419149 0)
(-0.115364 0.0411667 0)
(-0.11929 0.0402259 0)
(-0.123085 0.0390902 0)
(-0.126736 0.0377586 0)
(-0.130228 0.0362312 0)
(-0.13355 0.0345094 0)
(-0.136688 0.0325957 0)
(-0.13963 0.0304936 0)
(-0.142365 0.0282078 0)
(-0.144882 0.0257442 0)
(-0.147169 0.0231097 0)
(-0.149218 0.0203122 0)
(-0.151018 0.0173608 0)
(-0.152561 0.0142654 0)
(-0.153838 0.0110371 0)
(-0.154841 0.00768784 0)
(-0.155562 0.00423044 0)
(-0.155995 0.000678542 0)
(-0.156132 -0.00295335 0)
(-0.15597 -0.00664934 0)
(-0.155501 -0.0103912 0)
(-0.154721 -0.0141592 0)
(-0.153624 -0.0179323 0)
(-0.152209 -0.021688 0)
(-0.150471 -0.0254026 0)
(-0.14841 -0.0290514 0)
(-0.146024 -0.0326085 0)
(-0.143317 -0.0360471 0)
(-0.140288 -0.0393398 0)
(-0.136945 -0.0424584 0)
(-0.133291 -0.0453745 0)
(-0.129336 -0.0480592 0)
(-0.12509 -0.0504842 0)
(-0.120565 -0.0526214 0)
(-0.115778 -0.0544437 0)
(-0.110746 -0.0559254 0)
(-0.10549 -0.0570426 0)
(-0.100036 -0.0577741 0)
(-0.0944092 -0.0581016 0)
(-0.0886411 -0.0580106 0)
(-0.0827651 -0.0574913 0)
(-0.0768177 -0.0565389 0)
(-0.0708381 -0.0551543 0)
(-0.0648679 -0.0533452 0)
(-0.0589505 -0.0511261 0)
(-0.0531306 -0.048519 0)
(-0.0474534 -0.0455535 0)
(-0.0419637 -0.0422669 0)
(-0.0367051 -0.038704 0)
(-0.0317187 -0.0349168 0)
(-0.0270421 -0.0309634 0)
(-0.0227083 -0.0269075 0)
(-0.0187447 -0.022817 0)
(-0.0151723 -0.018763 0)
(-0.0120047 -0.0148182 0)
(-0.0092476 -0.0110558 0)
(-0.00689875 -0.00754848 0)
(-0.00494764 -0.00436756 0)
(-0.00337571 -0.00158229 0)
(-0.00215655 0.000740121 0)
(-0.00125911 0.00253122 0)
(-0.00064216 0.0037295 0)
(-0.000259346 0.00427366 0)
(-6.02276e-05 0.00410152 0)
(9.25538e-06 0.00315036 0)
(9.28761e-06 0.00135641 0)
(-6.06582e-05 0.00118307 0)
(-0.000503446 0.00370959 0)
(-0.00147108 0.00629744 0)
(-0.00282095 0.00888579 0)
(-0.0045114 0.0114317 0)
(-0.00650657 0.0139063 0)
(-0.00877055 0.0162927 0)
(-0.0112728 0.0185833 0)
(-0.0139884 0.020777 0)
(-0.0168968 0.0228772 0)
(-0.0199812 0.0248898 0)
(-0.0232282 0.0268216 0)
(-0.0266267 0.0286793 0)
(-0.0301674 0.0304682 0)
(-0.0338421 0.0321924 0)
(-0.0376432 0.0338536 0)
(-0.0415633 0.0354517 0)
(-0.0455948 0.0369843 0)
(-0.0497297 0.0384471 0)
(-0.0539592 0.0398342 0)
(-0.0582738 0.041138 0)
(-0.0626633 0.0423498 0)
(-0.0671165 0.0434599 0)
(-0.0716216 0.0444582 0)
(-0.0761658 0.0453339 0)
(-0.0807359 0.0460764 0)
(-0.0853181 0.0466752 0)
(-0.0898983 0.0471199 0)
(-0.0944618 0.0474011 0)
(-0.0989938 0.0475095 0)
(-0.10348 0.047437 0)
(-0.107904 0.0471763 0)
(-0.112253 0.046721 0)
(-0.116512 0.046066 0)
(-0.120665 0.0452071 0)
(-0.124699 0.0441412 0)
(-0.128601 0.0428667 0)
(-0.132356 0.0413828 0)
(-0.135953 0.0396902 0)
(-0.139377 0.0377906 0)
(-0.142618 0.0356869 0)
(-0.145663 0.0333832 0)
(-0.148502 0.0308847 0)
(-0.151123 0.0281976 0)
(-0.153515 0.0253294 0)
(-0.15567 0.0222885 0)
(-0.157577 0.0190844 0)
(-0.159228 0.0157275 0)
(-0.160613 0.0122294 0)
(-0.161725 0.00860235 0)
(-0.162556 0.00485983 0)
(-0.163098 0.00101593 0)
(-0.163344 -0.00291436 0)
(-0.163289 -0.00691471 0)
(-0.162926 -0.0109667 0)
(-0.162249 -0.01505 0)
(-0.161252 -0.019143 0)
(-0.159931 -0.0232222 0)
(-0.158283 -0.027263 0)
(-0.156304 -0.0312395 0)
(-0.153993 -0.0351247 0)
(-0.15135 -0.0388903 0)
(-0.148374 -0.0425074 0)
(-0.14507 -0.0459459 0)
(-0.141442 -0.0491756 0)
(-0.137495 -0.0521655 0)
(-0.133239 -0.054885 0)
(-0.128685 -0.0573033 0)
(-0.123845 -0.0593907 0)
(-0.118738 -0.0611186 0)
(-0.113382 -0.06246 0)
(-0.1078 -0.0633904 0)
(-0.102018 -0.0638883 0)
(-0.0960666 -0.0639361 0)
(-0.0899782 -0.0635205 0)
(-0.0837894 -0.0626336 0)
(-0.07754 -0.0612738 0)
(-0.0712725 -0.0594463 0)
(-0.065032 -0.0571636 0)
(-0.0588654 -0.0544467 0)
(-0.0528209 -0.0513247 0)
(-0.0469467 -0.0478356 0)
(-0.0412905 -0.0440258 0)
(-0.0358978 -0.0399499 0)
(-0.0308112 -0.0356702 0)
(-0.0260688 -0.0312552 0)
(-0.0217034 -0.0267791 0)
(-0.0177408 -0.0223198 0)
(-0.0141995 -0.0179579 0)
(-0.0110897 -0.0137747 0)
(-0.008413 -0.00985145 0)
(-0.00616198 -0.0062678 0)
(-0.00432066 -0.0031012 0)
(-0.00286454 -0.000426537 0)
(-0.00176231 0.00168276 0)
(-0.000975878 0.00315524 0)
(-0.000458445 0.00392509 0)
(-0.000158888 0.00392608 0)
(-2.2385e-05 0.00309219 0)
(6.07511e-06 0.00135701 0)
(-6.70089e-05 0.00145916 0)
(-0.000551213 0.00447667 0)
(-0.00160478 0.00749833 0)
(-0.00306865 0.0104681 0)
(-0.00489499 0.0133486 0)
(-0.00704288 0.0161169 0)
(-0.00947185 0.0187621 0)
(-0.0121477 0.0212823 0)
(-0.0150427 0.0236815 0)
(-0.0181339 0.0259677 0)
(-0.0214032 0.0281504 0)
(-0.0248356 0.0302394 0)
(-0.028419 0.0322436 0)
(-0.0321435 0.03417 0)
(-0.0360001 0.0360235 0)
(-0.0399809 0.0378062 0)
(-0.0440779 0.0395181 0)
(-0.0482831 0.0411565 0)
(-0.0525882 0.0427166 0)
(-0.0569839 0.0441916 0)
(-0.0614606 0.0455733 0)
(-0.0660077 0.0468521 0)
(-0.0706138 0.0480176 0)
(-0.075267 0.0490588 0)
(-0.0799544 0.0499646 0)
(-0.0846628 0.0507236 0)
(-0.0893785 0.0513248 0)
(-0.0940873 0.0517578 0)
(-0.098775 0.0520125 0)
(-0.103427 0.0520799 0)
(-0.108029 0.0519517 0)
(-0.112566 0.0516206 0)
(-0.117025 0.0510806 0)
(-0.12139 0.0503264 0)
(-0.125648 0.0493544 0)
(-0.129786 0.0481618 0)
(-0.13379 0.0467471 0)
(-0.137647 0.0451102 0)
(-0.141345 0.0432521 0)
(-0.144872 0.0411747 0)
(-0.148216 0.0388816 0)
(-0.151365 0.0363771 0)
(-0.154309 0.0336668 0)
(-0.157036 0.0307576 0)
(-0.159538 0.027657 0)
(-0.161803 0.0243741 0)
(-0.163822 0.0209186 0)
(-0.165586 0.0173014 0)
(-0.167086 0.0135343 0)
(-0.168314 0.00963023 0)
(-0.169261 0.00560293 0)
(-0.169921 0.00146695 0)
(-0.170283 -0.00276228 0)
(-0.170346 -0.00706801 0)
(-0.170099 -0.0114319 0)
(-0.169536 -0.0158332 0)
(-0.168651 -0.0202496 0)
(-0.167438 -0.024657 0)
(-0.165893 -0.0290299 0)
(-0.164012 -0.0333414 0)
(-0.161791 -0.0375633 0)
(-0.159229 -0.041666 0)
(-0.156324 -0.0456192 0)
(-0.153079 -0.0493912 0)
(-0.149496 -0.0529498 0)
(-0.145579 -0.0562622 0)
(-0.141334 -0.0592951 0)
(-0.136772 -0.0620155 0)
(-0.131903 -0.0643908 0)
(-0.126742 -0.0663893 0)
(-0.121308 -0.067981 0)
(-0.11562 -0.0691378 0)
(-0.109705 -0.0698349 0)
(-0.10359 -0.0700507 0)
(-0.0973074 -0.0697686 0)
(-0.0908939 -0.0689772 0)
(-0.0843891 -0.0676713 0)
(-0.0778363 -0.0658533 0)
(-0.0712818 -0.0635332 0)
(-0.0647747 -0.0607301 0)
(-0.0583658 -0.0574721 0)
(-0.0521069 -0.0537972 0)
(-0.0460495 -0.0497528 0)
(-0.040244 -0.0453959 0)
(-0.0347381 -0.0407921 0)
(-0.0295754 -0.036015 0)
(-0.0247942 -0.0311448 0)
(-0.0204263 -0.0262666 0)
(-0.0164954 -0.0214689 0)
(-0.0130167 -0.016842 0)
(-0.00999621 -0.012476 0)
(-0.00743036 -0.00845974 0)
(-0.0053061 -0.00487953 0)
(-0.00360122 -0.00181859 0)
(-0.00228491 0.000643278 0)
(-0.00132101 0.00242568 0)
(-0.000663326 0.00345686 0)
(-0.00025975 0.00366614 0)
(-5.43989e-05 0.002984 0)
(2.92782e-06 0.0013413 0)
(-7.31745e-05 0.00176017 0)
(-0.000597426 0.00530913 0)
(-0.0017339 0.00879683 0)
(-0.00330753 0.0121731 0)
(-0.00526444 0.0154072 0)
(-0.00755878 0.0184833 0)
(-0.0101456 0.0213974 0)
(-0.0129872 0.024154 0)
(-0.016053 0.0267631 0)
(-0.0193181 0.0292376 0)
(-0.0227625 0.0315913 0)
(-0.0263701 0.0338374 0)
(-0.0301279 0.0359871 0)
(-0.034025 0.0380493 0)
(-0.0380521 0.0400297 0)
(-0.0422005 0.0419313 0)
(-0.0464621 0.0437538 0)
(-0.0508283 0.0454944 0)
(-0.0552905 0.0471478 0)
(-0.0598392 0.0487066 0)
(-0.0644645 0.0501617 0)
(-0.0691557 0.0515029 0)
(-0.0739013 0.0527191 0)
(-0.0786892 0.0537985 0)
(-0.0835067 0.0547295 0)
(-0.0883405 0.0555003 0)
(-0.0931772 0.0560995 0)
(-0.0980029 0.0565163 0)
(-0.102803 0.0567406 0)
(-0.107565 0.0567633 0)
(-0.112273 0.056576 0)
(-0.116914 0.0561718 0)
(-0.121474 0.0555445 0)
(-0.125939 0.0546895 0)
(-0.130296 0.053603 0)
(-0.134531 0.0522829 0)
(-0.138633 0.0507278 0)
(-0.142589 0.0489381 0)
(-0.146386 0.0469149 0)
(-0.150013 0.0446609 0)
(-0.153458 0.0421796 0)
(-0.15671 0.0394759 0)
(-0.15976 0.0365558 0)
(-0.162595 0.0334263 0)
(-0.165206 0.0300954 0)
(-0.167583 0.0265724 0)
(-0.169717 0.0228674 0)
(-0.171597 0.0189916 0)
(-0.173216 0.0149572 0)
(-0.174564 0.0107774 0)
(-0.175633 0.00646629 0)
(-0.176416 0.00203882 0)
(-0.176902 -0.00248918 0)
(-0.177088 -0.00710056 0)
(-0.176965 -0.0117772 0)
(-0.176525 -0.0164982 0)
(-0.175762 -0.0212406 0)
(-0.174669 -0.0259799 0)
(-0.173239 -0.0306896 0)
(-0.171469 -0.0353421 0)
(-0.169353 -0.0399081 0)
(-0.166889 -0.0443569 0)
(-0.164073 -0.0486568 0)
(-0.160906 -0.0527747 0)
(-0.157388 -0.0566766 0)
(-0.153522 -0.0603275 0)
(-0.149312 -0.0636921 0)
(-0.144765 -0.0667349 0)
(-0.13989 -0.0694204 0)
(-0.134701 -0.071714 0)
(-0.129213 -0.0735822 0)
(-0.123445 -0.0749935 0)
(-0.11742 -0.0759191 0)
(-0.111164 -0.0763337 0)
(-0.10471 -0.0762165 0)
(-0.0980925 -0.0755521 0)
(-0.0913508 -0.0743316 0)
(-0.0845287 -0.0725537 0)
(-0.0776737 -0.0702252 0)
(-0.0708364 -0.0673627 0)
(-0.0640702 -0.0639926 0)
(-0.05743 -0.0601519 0)
(-0.0509715 -0.0558886 0)
(-0.0447498 -0.0512612 0)
(-0.0388179 -0.0463385 0)
(-0.0332254 -0.0411988 0)
(-0.0280167 -0.0359279 0)
(-0.0232295 -0.0306184 0)
(-0.0188938 -0.0253672 0)
(-0.0150305 -0.0202736 0)
(-0.0116506 -0.0154375 0)
(-0.008755 -0.0109577 0)
(-0.00633409 -0.00693013 0)
(-0.00436837 -0.0034473 0)
(-0.00282885 -0.000597708 0)
(-0.00167887 0.00153364 0)
(-0.000874791 0.00286416 0)
(-0.000363249 0.0033189 0)
(-8.69608e-05 0.00282456 0)
(-1.77961e-07 0.00130909 0)
(-7.90917e-05 0.00208518 0)
(-0.000641635 0.0062044 0)
(-0.00185723 0.0101889 0)
(-0.0035354 0.0139955 0)
(-0.00561646 0.0176012 0)
(-0.00804978 0.0209982 0)
(-0.0107861 0.0241903 0)
(-0.0137844 0.0271895 0)
(-0.0170113 0.0300122 0)
(-0.02044 0.032677 0)
(-0.0240487 0.0352022 0)
(-0.0278203 0.0376047 0)
(-0.0317408 0.0398984 0)
(-0.0357986 0.0420941 0)
(-0.0399838 0.0441989 0)
(-0.0442872 0.0462161 0)
(-0.0487003 0.0481458 0)
(-0.0532142 0.0499848 0)
(-0.05782 0.0517274 0)
(-0.0625081 0.0533656 0)
(-0.0672684 0.0548897 0)
(-0.07209 0.0562887 0)
(-0.0769615 0.0575509 0)
(-0.0818707 0.058664 0)
(-0.0868051 0.0596157 0)
(-0.0917516 0.060394 0)
(-0.096697 0.060987 0)
(-0.101628 0.0613839 0)
(-0.10653 0.0615744 0)
(-0.11139 0.0615493 0)
(-0.116195 0.0613005 0)
(-0.12093 0.0608211 0)
(-0.125583 0.0601051 0)
(-0.13014 0.0591482 0)
(-0.134588 0.0579468 0)
(-0.138916 0.0564991 0)
(-0.14311 0.0548042 0)
(-0.147159 0.0528626 0)
(-0.151051 0.0506758 0)
(-0.154774 0.0482467 0)
(-0.158318 0.0455793 0)
(-0.161672 0.0426786 0)
(-0.164824 0.039551 0)
(-0.167766 0.0362037 0)
(-0.170486 0.0326451 0)
(-0.172975 0.0288846 0)
(-0.175223 0.0249326 0)
(-0.177221 0.0208005 0)
(-0.178959 0.0165009 0)
(-0.180429 0.0120472 0)
(-0.181623 0.00745391 0)
(-0.182532 0.00273626 0)
(-0.183145 -0.00208953 0)
(-0.18346 -0.00700594 0)
(-0.183467 -0.0119953 0)
(-0.183157 -0.0170365 0)
(-0.182524 -0.0221065 0)
(-0.181559 -0.0271798 0)
(-0.180256 -0.0322298 0)
(-0.178609 -0.0372278 0)
(-0.176613 -0.0421439 0)
(-0.174262 -0.0469463 0)
(-0.171552 -0.051602 0)
(-0.168482 -0.0560767 0)
(-0.16505 -0.0603346 0)
(-0.161257 -0.0643391 0)
(-0.157104 -0.0680526 0)
(-0.152597 -0.0714371 0)
(-0.147743 -0.0744545 0)
(-0.142552 -0.0770669 0)
(-0.137038 -0.0792377 0)
(-0.131216 -0.0809315 0)
(-0.125108 -0.0821155 0)
(-0.11874 -0.0827604 0)
(-0.11214 -0.0828407 0)
(-0.105342 -0.0823368 0)
(-0.0983865 -0.0812353 0)
(-0.0913157 -0.0795306 0)
(-0.084178 -0.0772257 0)
(-0.0770253 -0.0743337 0)
(-0.069913 -0.0708787 0)
(-0.0628994 -0.0668959 0)
(-0.0560439 -0.0624329 0)
(-0.0494063 -0.0575493 0)
(-0.0430451 -0.0523163 0)
(-0.0370161 -0.046816 0)
(-0.03137 -0.0411404 0)
(-0.0261515 -0.0353891 0)
(-0.0213971 -0.0296676 0)
(-0.0171342 -0.0240849 0)
(-0.0133796 -0.0187513 0)
(-0.0101391 -0.0137761 0)
(-0.00740753 -0.00926601 0)
(-0.00516838 -0.00532363 0)
(-0.00339492 -0.00204674 0)
(-0.00205102 0.000472107 0)
(-0.00109388 0.00214188 0)
(-0.000469979 0.00288119 0)
(-0.0001203 0.0026124 0)
(-3.27646e-06 0.0012601 0)
(-8.4697e-05 0.00243301 0)
(-0.000683401 0.00715927 0)
(-0.00197358 0.0116696 0)
(-0.00375015 0.0159289 0)
(-0.00594787 0.019923 0)
(-0.00851157 0.023653 0)
(-0.011388 0.0271317 0)
(-0.0145327 0.030379 0)
(-0.0179099 0.0334184 0)
(-0.0214908 0.0362748 0)
(-0.0252522 0.0389716 0)
(-0.0291757 0.0415294 0)
(-0.0332465 0.0439653 0)
(-0.0374521 0.0462921 0)
(-0.0417823 0.0485181 0)
(-0.0462273 0.0506476 0)
(-0.0507783 0.0526806 0)
(-0.0554262 0.054614 0)
(-0.0601617 0.0564416 0)
(-0.0649753 0.0581548 0)
(-0.0698566 0.0597434 0)
(-0.0747947 0.0611958 0)
(-0.0797783 0.0624995 0)
(-0.0847953 0.063642 0)
(-0.0898334 0.0646103 0)
(-0.0948798 0.065392 0)
(-0.0999215 0.0659753 0)
(-0.104945 0.066349 0)
(-0.109938 0.0665029 0)
(-0.114886 0.0664277 0)
(-0.119777 0.0661156 0)
(-0.124597 0.0655596 0)
(-0.129334 0.0647541 0)
(-0.133974 0.0636949 0)
(-0.138507 0.0623789 0)
(-0.142919 0.0608043 0)
(-0.147199 0.0589706 0)
(-0.151335 0.0568785 0)
(-0.155316 0.05453 0)
(-0.159131 0.0519281 0)
(-0.162768 0.049077 0)
(-0.166219 0.0459821 0)
(-0.169471 0.0426498 0)
(-0.172515 0.0390877 0)
(-0.175341 0.0353043 0)
(-0.177939 0.0313092 0)
(-0.180299 0.0271131 0)
(-0.182412 0.0227277 0)
(-0.184269 0.0181656 0)
(-0.18586 0.0134405 0)
(-0.187178 0.00856731 0)
(-0.188214 0.0035616 0)
(-0.188956 -0.00156006 0)
(-0.189403 -0.0067799 0)
(-0.189543 -0.0120808 0)
(-0.189368 -0.0174417 0)
(-0.188871 -0.0228391 0)
(-0.188043 -0.0282474 0)
(-0.186876 -0.0336394 0)
(-0.185364 -0.0389859 0)
(-0.1835 -0.0442562 0)
(-0.181277 -0.0494178 0)
(-0.178691 -0.0544367 0)
(-0.175736 -0.0592773 0)
(-0.172411 -0.0639025 0)
(-0.168713 -0.0682738 0)
(-0.164642 -0.0723518 0)
(-0.160201 -0.0760961 0)
(-0.155395 -0.0794658 0)
(-0.15023 -0.0824201 0)
(-0.144719 -0.0849189 0)
(-0.138874 -0.0869231 0)
(-0.132714 -0.0883956 0)
(-0.126262 -0.0893027 0)
(-0.119545 -0.0896143 0)
(-0.112597 -0.0893057 0)
(-0.105454 -0.0883586 0)
(-0.0981592 -0.0867625 0)
(-0.0907611 -0.0845159 0)
(-0.0833124 -0.0816278 0)
(-0.0758704 -0.0781186 0)
(-0.0684957 -0.0740211 0)
(-0.0612515 -0.0693817 0)
(-0.0542024 -0.0642598 0)
(-0.0474123 -0.0587286 0)
(-0.0409432 -0.0528737 0)
(-0.0348528 -0.0467923 0)
(-0.0291929 -0.040591 0)
(-0.0240076 -0.0343842 0)
(-0.019331 -0.0282908 0)
(-0.0151869 -0.0224323 0)
(-0.0115867 -0.0169295 0)
(-0.00853018 -0.0119007 0)
(-0.00600466 -0.00745963 0)
(-0.00398601 -0.00371466 0)
(-0.00243963 -0.000767931 0)
(-0.00132216 0.00128407 0)
(-0.000580797 0.0023493 0)
(-0.000154732 0.00234567 0)
(-6.41724e-06 0.00119389 0)
(-8.99282e-05 0.00280226 0)
(-0.000722295 0.00817001 0)
(-0.00208182 0.0132333 0)
(-0.00394975 0.0179661 0)
(-0.00625566 0.022364 0)
(-0.00894011 0.0264383 0)
(-0.011946 0.0302111 0)
(-0.015226 0.0337113 0)
(-0.0187417 0.0369702 0)
(-0.0224626 0.0400191 0)
(-0.0263641 0.042887 0)
(-0.0304265 0.0455987 0)
(-0.0346342 0.0481747 0)
(-0.0389743 0.0506298 0)
(-0.0434357 0.0529739 0)
(-0.0480085 0.055212 0)
(-0.0526833 0.0573445 0)
(-0.057451 0.0593681 0)
(-0.0623021 0.0612764 0)
(-0.0672269 0.0630603 0)
(-0.072215 0.0647089 0)
(-0.0772556 0.0662102 0)
(-0.0823374 0.0675513 0)
(-0.0874487 0.068719 0)
(-0.0925771 0.0697 0)
(-0.0977104 0.0704818 0)
(-0.102836 0.0710522 0)
(-0.10794 0.0714 0)
(-0.113012 0.0715149 0)
(-0.118037 0.0713879 0)
(-0.123003 0.0710111 0)
(-0.127898 0.0703777 0)
(-0.132709 0.0694824 0)
(-0.137424 0.0683212 0)
(-0.142032 0.0668911 0)
(-0.14652 0.0651908 0)
(-0.150877 0.0632199 0)
(-0.155093 0.0609793 0)
(-0.159156 0.0584713 0)
(-0.163055 0.0556991 0)
(-0.16678 0.0526671 0)
(-0.17032 0.0493809 0)
(-0.173665 0.0458471 0)
(-0.176806 0.0420735 0)
(-0.179732 0.0380686 0)
(-0.182434 0.0338424 0)
(-0.184901 0.0294057 0)
(-0.187125 0.0247702 0)
(-0.189097 0.0199489 0)
(-0.190807 0.0149558 0)
(-0.192246 0.0098057 0)
(-0.193407 0.00451487 0)
(-0.194278 -0.00089976 0)
(-0.194857 -0.00642034 0)
(-0.195132 -0.0120305 0)
(-0.195095 -0.017709 0)
(-0.194739 -0.0234323 0)
(-0.194054 -0.0291747 0)
(-0.193031 -0.0349086 0)
(-0.191664 -0.0406046 0)
(-0.189944 -0.0462314 0)
(-0.187864 -0.0517559 0)
(-0.185417 -0.0571433 0)
(-0.182597 -0.062357 0)
(-0.179398 -0.0673586 0)
(-0.175818 -0.0721082 0)
(-0.171854 -0.0765644 0)
(-0.167506 -0.0806847 0)
(-0.162776 -0.0844258 0)
(-0.157668 -0.0877438 0)
(-0.15219 -0.0905951 0)
(-0.146354 -0.0929368 0)
(-0.140175 -0.0947277 0)
(-0.133673 -0.0959291 0)
(-0.126873 -0.0965062 0)
(-0.119805 -0.0964289 0)
(-0.112506 -0.0956733 0)
(-0.105017 -0.0942235 0)
(-0.0973858 -0.0920727 0)
(-0.0896654 -0.0892247 0)
(-0.0819145 -0.0856956 0)
(-0.074196 -0.0815149 0)
(-0.0665764 -0.0767263 0)
(-0.0591246 -0.0713885 0)
(-0.0519101 -0.0655754 0)
(-0.045001 -0.0593755 0)
(-0.0384624 -0.0528905 0)
(-0.0323538 -0.0462342 0)
(-0.026727 -0.0395293 0)
(-0.0216242 -0.0329054 0)
(-0.0170764 -0.0264953 0)
(-0.013102 -0.0204325 0)
(-0.00970615 -0.0148479 0)
(-0.00688078 -0.00986761 0)
(-0.004605 -0.00561161 0)
(-0.00284617 -0.00219254 0)
(-0.00156115 0.000284456 0)
(-0.000696589 0.00171902 0)
(-0.000190591 0.00202209 0)
(-9.65115e-06 0.00110985 0)
(-9.47249e-05 0.00319131 0)
(-0.000757909 0.00923229 0)
(-0.00218086 0.0148735 0)
(-0.00413228 0.0200989 0)
(-0.00653699 0.0249148 0)
(-0.00933162 0.0293434 0)
(-0.0124555 0.0334172 0)
(-0.0158585 0.0371744 0)
(-0.0195002 0.0406549 0)
(-0.023348 0.0438969 0)
(-0.0273761 0.0469352 0)
(-0.0315638 0.0497994 0)
(-0.0358947 0.0525129 0)
(-0.0403551 0.0550934 0)
(-0.0449335 0.0575521 0)
(-0.0496197 0.0598951 0)
(-0.054404 0.062123 0)
(-0.0592769 0.0642327 0)
(-0.0642291 0.0662173 0)
(-0.0692505 0.0680675 0)
(-0.074331 0.069772 0)
(-0.0794599 0.071318 0)
(-0.0846259 0.0726924 0)
(-0.0898175 0.0738814 0)
(-0.0950228 0.0748718 0)
(-0.10023 0.0756504 0)
(-0.105426 0.0762052 0)
(-0.110599 0.0765247 0)
(-0.115737 0.0765989 0)
(-0.120827 0.0764187 0)
(-0.125858 0.0759762 0)
(-0.130816 0.0752651 0)
(-0.135691 0.0742802 0)
(-0.14047 0.0730174 0)
(-0.145143 0.0714744 0)
(-0.149698 0.0696498 0)
(-0.154123 0.0675434 0)
(-0.158409 0.0651566 0)
(-0.162545 0.0624915 0)
(-0.166519 0.0595518 0)
(-0.170322 0.0563419 0)
(-0.173944 0.0528676 0)
(-0.177374 0.0491357 0)
(-0.180603 0.0451541 0)
(-0.183621 0.0409315 0)
(-0.186419 0.036478 0)
(-0.188987 0.0318045 0)
(-0.191315 0.026923 0)
(-0.193395 0.0218465 0)
(-0.195218 0.0165892 0)
(-0.196775 0.0111663 0)
(-0.198058 0.00559425 0)
(-0.199057 -0.000109514 0)
(-0.199764 -0.00592744 0)
(-0.200174 -0.011843 0)
(-0.200277 -0.0178354 0)
(-0.200064 -0.0238813 0)
(-0.199527 -0.0299551 0)
(-0.198656 -0.036029 0)
(-0.197442 -0.0420734 0)
(-0.195878 -0.0480569 0)
(-0.193953 -0.0539458 0)
(-0.191661 -0.0597047 0)
(-0.188992 -0.0652963 0)
(-0.185942 -0.0706812 0)
(-0.182502 -0.0758183 0)
(-0.17867 -0.0806644 0)
(-0.174441 -0.0851752 0)
(-0.169816 -0.0893048 0)
(-0.164796 -0.0930065 0)
(-0.159385 -0.0962335 0)
(-0.153591 -0.0989389 0)
(-0.147428 -0.101077 0)
(-0.140912 -0.102605 0)
(-0.134064 -0.103482 0)
(-0.126914 -0.103673 0)
(-0.119494 -0.103147 0)
(-0.111844 -0.101883 0)
(-0.104011 -0.0998679 0)
(-0.0960479 -0.0970994 0)
(-0.0880141 -0.0935883 0)
(-0.0799739 -0.0893595 0)
(-0.071997 -0.0844532 0)
(-0.0641562 -0.0789263 0)
(-0.0565261 -0.0728523 0)
(-0.0491814 -0.0663214 0)
(-0.0421943 -0.0594394 0)
(-0.0356325 -0.0523263 0)
(-0.0295562 -0.0451136 0)
(-0.0240163 -0.0379412 0)
(-0.0190519 -0.0309543 0)
(-0.0146891 -0.0242996 0)
(-0.0109396 -0.0181217 0)
(-0.00780061 -0.0125605 0)
(-0.00525521 -0.00774907 0)
(-0.00327322 -0.00381182 0)
(-0.00181248 -0.000864599 0)
(-0.000818391 0.000985349 0)
(-0.000228279 0.0016389 0)
(-1.30384e-05 0.00100716 0)
(-9.90303e-05 0.00359832 0)
(-0.00078986 0.0103413 0)
(-0.00226969 0.016583 0)
(-0.00429598 0.0223182 0)
(-0.00678926 0.0275649 0)
(-0.00968262 0.0323569 0)
(-0.0129122 0.0367377 0)
(-0.0164253 0.0407556 0)
(-0.0201794 0.0444594 0)
(-0.0241403 0.0478947 0)
(-0.028281 0.0511025 0)
(-0.0325798 0.0541171 0)
(-0.0370194 0.0569658 0)
(-0.0415855 0.0596684 0)
(-0.0462663 0.0622383 0)
(-0.0510511 0.0646822 0)
(-0.05593 0.0670015 0)
(-0.0608935 0.069193 0)
(-0.0659319 0.0712498 0)
(-0.0710353 0.073162 0)
(-0.0761936 0.0749181 0)
(-0.0813962 0.0765049 0)
(-0.0866322 0.0779087 0)
(-0.0918901 0.0791156 0)
(-0.0971585 0.080112 0)
(-0.102426 0.0808847 0)
(-0.10768 0.0814214 0)
(-0.112908 0.0817108 0)
(-0.1181 0.0817427 0)
(-0.123243 0.0815082 0)
(-0.128326 0.0809996 0)
(-0.133337 0.0802107 0)
(-0.138264 0.0791364 0)
(-0.143096 0.077773 0)
(-0.147823 0.0761182 0)
(-0.152433 0.0741709 0)
(-0.156915 0.0719311 0)
(-0.161261 0.0694002 0)
(-0.165458 0.0665807 0)
(-0.169496 0.0634762 0)
(-0.173367 0.0600916 0)
(-0.177059 0.0564326 0)
(-0.180564 0.0525062 0)
(-0.183871 0.0483203 0)
(-0.186971 0.043884 0)
(-0.189855 0.0392074 0)
(-0.192513 0.0343014 0)
(-0.194937 0.0291784 0)
(-0.197118 0.0238516 0)
(-0.199046 0.0183351 0)
(-0.200714 0.0126443 0)
(-0.202114 0.006796 0)
(-0.203236 0.000807731 0)
(-0.204069 -0.00530315 0)
(-0.204612 -0.0115187 0)
(-0.204854 -0.0178197 0)
(-0.204786 -0.0241831 0)
(-0.2044 -0.0305836 0)
(-0.203685 -0.0369935 0)
(-0.202633 -0.0433832 0)
(-0.201234 -0.049721 0)
(-0.199477 -0.0559734 0)
(-0.197354 -0.0621046 0)
(-0.194855 -0.0680765 0)
(-0.191971 -0.0738492 0)
(-0.188694 -0.0793804 0)
(-0.185018 -0.0846258 0)
(-0.180937 -0.089539 0)
(-0.176446 -0.0940722 0)
(-0.171545 -0.0981758 0)
(-0.166235 -0.1018 0)
(-0.16052 -0.104894 0)
(-0.154409 -0.107408 0)
(-0.147917 -0.109293 0)
(-0.141061 -0.110505 0)
(-0.133866 -0.111 0)
(-0.126363 -0.110744 0)
(-0.11859 -0.109707 0)
(-0.110592 -0.107869 0)
(-0.10242 -0.105222 0)
(-0.0941337 -0.10177 0)
(-0.0857992 -0.0975323 0)
(-0.0774881 -0.0925443 0)
(-0.0692768 -0.0868597 0)
(-0.0612449 -0.0805504 0)
(-0.0534732 -0.0737073 0)
(-0.0460414 -0.0664394 0)
(-0.0390254 -0.0588722 0)
(-0.0324944 -0.0511453 0)
(-0.0265085 -0.0434095 0)
(-0.0211161 -0.0358223 0)
(-0.0163516 -0.0285446 0)
(-0.0122344 -0.0217361 0)
(-0.00876788 -0.0155517 0)
(-0.00593982 -0.0101389 0)
(-0.00372322 -0.00563553 0)
(-0.00207745 -0.00216927 0)
(-0.00094715 0.000142762 0)
(-0.000268165 0.00119287 0)
(-1.66344e-05 0.000884794 0)
(-0.000102792 0.00402124 0)
(-0.000817796 0.0114917 0)
(-0.00234739 0.018354 0)
(-0.00443922 0.0246143 0)
(-0.00701008 0.0303031 0)
(-0.00998995 0.0354664 0)
(-0.0133122 0.0401595 0)
(-0.0169216 0.0444412 0)
(-0.020774 0.0483696 0)
(-0.0248337 0.0519983 0)
(-0.0290724 0.0553744 0)
(-0.0334674 0.0585375 0)
(-0.0380008 0.0615184 0)
(-0.0426578 0.0643401 0)
(-0.0474259 0.0670175 0)
(-0.0522943 0.0695586 0)
(-0.0572528 0.0719652 0)
(-0.0622916 0.0742343 0)
(-0.0674012 0.0763589 0)
(-0.0725717 0.0783291 0)
(-0.0777931 0.0801327 0)
(-0.0830548 0.0817563 0)
(-0.0883462 0.083186 0)
(-0.0936563 0.0844076 0)
(-0.0989738 0.085407 0)
(-0.104287 0.0861712 0)
(-0.109585 0.0866877 0)
(-0.114857 0.0869452 0)
(-0.120089 0.0869336 0)
(-0.125272 0.086644 0)
(-0.130394 0.086069 0)
(-0.135444 0.0852024 0)
(-0.140411 0.0840392 0)
(-0.145284 0.0825761 0)
(-0.150052 0.0808108 0)
(-0.154705 0.0787424 0)
(-0.159233 0.0763711 0)
(-0.163624 0.0736984 0)
(-0.167871 0.0707271 0)
(-0.171962 0.0674608 0)
(-0.175887 0.0639045 0)
(-0.179638 0.0600643 0)
(-0.183204 0.055947 0)
(-0.186577 0.0515609 0)
(-0.189747 0.0469151 0)
(-0.192705 0.0420199 0)
(-0.195443 0.0368865 0)
(-0.197952 0.0315271 0)
(-0.200223 0.0259552 0)
(-0.202247 0.0201852 0)
(-0.204018 0.0142326 0)
(-0.205526 0.00811391 0)
(-0.206764 0.0018469 0)
(-0.20772 -0.00455039 0)
(-0.208393 -0.0110592 0)
(-0.208772 -0.0176617 0)
(-0.20885 -0.0243359 0)
(-0.208616 -0.0310565 0)
(-0.208062 -0.0377963 0)
(-0.207177 -0.0445259 0)
(-0.205951 -0.0512137 0)
(-0.204372 -0.0578262 0)
(-0.202432 -0.0643276 0)
(-0.200118 -0.0706797 0)
(-0.19742 -0.076842 0)
(-0.194328 -0.0827715 0)
(-0.190832 -0.0884227 0)
(-0.186924 -0.0937479 0)
(-0.182598 -0.0986971 0)
(-0.177848 -0.103219 0)
(-0.172672 -0.107259 0)
(-0.167073 -0.110765 0)
(-0.161054 -0.113681 0)
(-0.154625 -0.115954 0)
(-0.147801 -0.117534 0)
(-0.140604 -0.118371 0)
(-0.13306 -0.118424 0)
(-0.125205 -0.117655 0)
(-0.117081 -0.116039 0)
(-0.108738 -0.113558 0)
(-0.100235 -0.110209 0)
(-0.0916379 -0.106006 0)
(-0.0830207 -0.100976 0)
(-0.0744626 -0.0951699 0)
(-0.0660475 -0.0886561 0)
(-0.0578623 -0.081525 0)
(-0.0499938 -0.0738873 0)
(-0.0425264 -0.0658733 0)
(-0.0355387 -0.0576303 0)
(-0.0291007 -0.0493193 0)
(-0.0232705 -0.041111 0)
(-0.0180923 -0.033181 0)
(-0.0135939 -0.0257051 0)
(-0.00978596 -0.0188548 0)
(-0.00666193 -0.0127936 0)
(-0.0041987 -0.00767453 0)
(-0.0023578 -0.00363874 0)
(-0.00108372 -0.000815071 0)
(-0.00031064 0.000680271 0)
(-2.05025e-05 0.000741533 0)
(-0.000105961 0.00445787 0)
(-0.0008414 0.0126778 0)
(-0.00241312 0.0201779 0)
(-0.00456055 0.0269766 0)
(-0.00719735 0.0331173 0)
(-0.0102508 0.0386589 0)
(-0.0136519 0.0436689 0)
(-0.0173434 0.0482171 0)
(-0.0212794 0.0523711 0)
(-0.0254229 0.0561928 0)
(-0.0297445 0.059736 0)
(-0.0342206 0.0630453 0)
(-0.0388326 0.0661559 0)
(-0.0435651 0.0690933 0)
(-0.0484053 0.0718746 0)
(-0.0533419 0.0745088 0)
(-0.0583646 0.0769987 0)
(-0.0634636 0.0793413 0)
(-0.0686292 0.0815297 0)
(-0.0738517 0.0835536 0)
(-0.0791211 0.0854009 0)
(-0.0844272 0.0870578 0)
(-0.0897594 0.0885099 0)
(-0.0951071 0.0897429 0)
(-0.100459 0.0907428 0)
(-0.105805 0.0914961 0)
(-0.111133 0.0919904 0)
(-0.116433 0.0922145 0)
(-0.121693 0.0921583 0)
(-0.126903 0.091813 0)
(-0.132051 0.0911712 0)
(-0.137127 0.090227 0)
(-0.142119 0.0889756 0)
(-0.147019 0.0874136 0)
(-0.151815 0.0855391 0)
(-0.156498 0.0833511 0)
(-0.161056 0.0808503 0)
(-0.165481 0.0780381 0)
(-0.169763 0.0749174 0)
(-0.173891 0.0714921 0)
(-0.177857 0.0677674 0)
(-0.181652 0.0637492 0)
(-0.185266 0.0594449 0)
(-0.188691 0.0548628 0)
(-0.191917 0.0500121 0)
(-0.194937 0.0449032 0)
(-0.197741 0.0395476 0)
(-0.200322 0.0339576 0)
(-0.202672 0.0281469 0)
(-0.204782 0.0221298 0)
(-0.206644 0.0159221 0)
(-0.208252 0.00954031 0)
(-0.209598 0.00300228 0)
(-0.210672 -0.00367347 0)
(-0.211469 -0.0104674 0)
(-0.211983 -0.0173633 0)
(-0.212204 -0.0243396 0)
(-0.212124 -0.0313719 0)
(-0.211732 -0.0384334 0)
(-0.211018 -0.0454951 0)
(-0.209972 -0.052526 0)
(-0.208582 -0.0594927 0)
(-0.206836 -0.0663598 0)
(-0.204721 -0.0730892 0)
(-0.202226 -0.07964 0)
(-0.199339 -0.085969 0)
(-0.196046 -0.0920299 0)
(-0.192339 -0.0977737 0)
(-0.188205 -0.103149 0)
(-0.183639 -0.108102 0)
(-0.178633 -0.112575 0)
(-0.173185 -0.116513 0)
(-0.167297 -0.119856 0)
(-0.160973 -0.122546 0)
(-0.154224 -0.124526 0)
(-0.147067 -0.125742 0)
(-0.139527 -0.126144 0)
(-0.131633 -0.125687 0)
(-0.123427 -0.124337 0)
(-0.114955 -0.122069 0)
(-0.106275 -0.11887 0)
(-0.0974524 -0.114747 0)
(-0.0885622 -0.10972 0)
(-0.079686 -0.103833 0)
(-0.0709115 -0.097151 0)
(-0.0623311 -0.0897613 0)
(-0.0540386 -0.0817755 0)
(-0.0461268 -0.0733274 0)
(-0.038684 -0.0645711 0)
(-0.0317905 -0.0556775 0)
(-0.0255153 -0.0468305 0)
(-0.0199128 -0.0382211 0)
(-0.0150205 -0.0300422 0)
(-0.0108577 -0.0224833 0)
(-0.00742421 -0.015726 0)
(-0.00470189 -0.00994013 0)
(-0.00265512 -0.00528211 0)
(-0.00122889 -0.00189404 0)
(-0.000356021 9.69678e-05 0)
(-2.46899e-05 0.000575959 0)
(-0.000108497 0.00490583 0)
(-0.000860396 0.0138935 0)
(-0.00246618 0.0220458 0)
(-0.00465872 0.0293941 0)
(-0.00734924 0.035995 0)
(-0.0104629 0.0419208 0)
(-0.0139285 0.0472515 0)
(-0.0176873 0.0520683 0)
(-0.0216917 0.0564488 0)
(-0.0259036 0.060463 0)
(-0.0302926 0.0641718 0)
(-0.0348343 0.0676253 0)
(-0.0395093 0.0708627 0)
(-0.0443018 0.0739126 0)
(-0.0491984 0.0767941 0)
(-0.0541878 0.0795176 0)
(-0.0592593 0.0820867 0)
(-0.0644031 0.0844987 0)
(-0.0696094 0.0867468 0)
(-0.0748687 0.0888207 0)
(-0.080171 0.0907078 0)
(-0.0855064 0.0923944 0)
(-0.0908646 0.0938657 0)
(-0.0962352 0.0951072 0)
(-0.101608 0.0961049 0)
(-0.106971 0.0968451 0)
(-0.112316 0.0973154 0)
(-0.11763 0.0975047 0)
(-0.122903 0.0974028 0)
(-0.128124 0.0970012 0)
(-0.133284 0.0962925 0)
(-0.138372 0.0952708 0)
(-0.143377 0.0939316 0)
(-0.148289 0.0922716 0)
(-0.153098 0.0902889 0)
(-0.157795 0.0879829 0)
(-0.16237 0.0853542 0)
(-0.166813 0.0824045 0)
(-0.171114 0.0791369 0)
(-0.175265 0.0755554 0)
(-0.179257 0.0716652 0)
(-0.183081 0.0674727 0)
(-0.186727 0.0629853 0)
(-0.190188 0.0582114 0)
(-0.193456 0.0531606 0)
(-0.196522 0.0478434 0)
(-0.199378 0.0422714 0)
(-0.202018 0.0364571 0)
(-0.204433 0.0304144 0)
(-0.206616 0.0241577 0)
(-0.20856 0.0177028 0)
(-0.210258 0.0110663 0)
(-0.211703 0.00426624 0)
(-0.212886 -0.00267869 0)
(-0.213802 -0.00974835 0)
(-0.214445 -0.0169275 0)
(-0.214806 -0.0241957 0)
(-0.214878 -0.0315293 0)
(-0.214649 -0.0389022 0)
(-0.21411 -0.0462861 0)
(-0.213249 -0.0536506 0)
(-0.212054 -0.0609632 0)
(-0.210512 -0.0681888 0)
(-0.208611 -0.0752896 0)
(-0.206334 -0.0822252 0)
(-0.20367 -0.088952 0)
(-0.200603 -0.0954233 0)
(-0.19712 -0.10159 0)
(-0.193208 -0.107398 0)
(-0.188855 -0.112792 0)
(-0.184053 -0.117713 0)
(-0.178794 -0.122101 0)
(-0.173075 -0.125894 0)
(-0.166897 -0.129027 0)
(-0.160267 -0.131439 0)
(-0.153197 -0.133069 0)
(-0.145706 -0.133858 0)
(-0.137821 -0.133756 0)
(-0.129578 -0.132718 0)
(-0.121022 -0.130711 0)
(-0.112209 -0.127712 0)
(-0.103202 -0.123719 0)
(-0.0940767 -0.118743 0)
(-0.0849159 -0.112821 0)
(-0.0758108 -0.106012 0)
(-0.0668584 -0.0983984 0)
(-0.0581594 -0.0900919 0)
(-0.0498147 -0.0812281 0)
(-0.0419224 -0.0719667 0)
(-0.0345736 -0.062488 0)
(-0.0278486 -0.0529886 0)
(-0.0218132 -0.0436756 0)
(-0.0165158 -0.0347599 0)
(-0.0119851 -0.0264507 0)
(-0.00822886 -0.0189492 0)
(-0.00523476 -0.0124441 0)
(-0.00297095 -0.00710931 0)
(-0.00138352 -0.00310191 0)
(-0.000404581 -0.000561715 0)
(-2.92573e-05 0.000386464 0)
(-0.000110364 0.00536259 0)
(-0.000874549 0.0151323 0)
(-0.00250594 0.0239483 0)
(-0.00473268 0.0318551 0)
(-0.00746421 0.0389231 0)
(-0.010624 0.045238 0)
(-0.0141395 0.0508927 0)
(-0.0179502 0.0559798 0)
(-0.0220075 0.0605871 0)
(-0.0262722 0.0647933 0)
(-0.0307128 0.0686663 0)
(-0.0353043 0.0722617 0)
(-0.0400266 0.0756231 0)
(-0.0448633 0.0787822 0)
(-0.0498008 0.0817603 0)
(-0.0548272 0.0845694 0)
(-0.0599319 0.0872137 0)
(-0.065105 0.0896912 0)
(-0.0703367 0.091995 0)
(-0.0756174 0.094115 0)
(-0.0809374 0.0960384 0)
(-0.086287 0.0977511 0)
(-0.0916562 0.0992385 0)
(-0.0970348 0.100486 0)
(-0.102413 0.101479 0)
(-0.107779 0.102204 0)
(-0.113125 0.102648 0)
(-0.118438 0.102801 0)
(-0.12371 0.102653 0)
(-0.128929 0.102194 0)
(-0.134086 0.101418 0)
(-0.13917 0.100319 0)
(-0.144172 0.0988923 0)
(-0.149082 0.097135 0)
(-0.153889 0.0950451 0)
(-0.158585 0.0926224 0)
(-0.16316 0.0898674 0)
(-0.167605 0.0867822 0)
(-0.171911 0.0833699 0)
(-0.176068 0.0796347 0)
(-0.180069 0.0755822 0)
(-0.183905 0.0712189 0)
(-0.187567 0.0665523 0)
(-0.191049 0.0615912 0)
(-0.194342 0.0563453 0)
(-0.197439 0.0508254 0)
(-0.200332 0.0450432 0)
(-0.203015 0.0390117 0)
(-0.205482 0.0327445 0)
(-0.207725 0.0262565 0)
(-0.209737 0.0195633 0)
(-0.211514 0.0126818 0)
(-0.213047 0.00562978 0)
(-0.214331 -0.00157386 0)
(-0.215358 -0.00890842 0)
(-0.216124 -0.0163593 0)
(-0.216621 -0.0239074 0)
(-0.216841 -0.0315299 0)
(-0.216774 -0.0392017 0)
(-0.216411 -0.0468957 0)
(-0.215738 -0.0545822 0)
(-0.214744 -0.0622297 0)
(-0.213416 -0.0698038 0)
(-0.211737 -0.0772676 0)
(-0.209694 -0.084581 0)
(-0.20727 -0.0917009 0)
(-0.204448 -0.0985805 0)
(-0.201213 -0.10517 0)
(-0.197548 -0.111414 0)
(-0.19344 -0.117257 0)
(-0.188873 -0.122638 0)
(-0.183839 -0.127492 0)
(-0.178329 -0.131753 0)
(-0.172339 -0.135355 0)
(-0.165871 -0.138228 0)
(-0.158933 -0.140305 0)
(-0.151539 -0.141521 0)
(-0.143711 -0.141816 0)
(-0.13548 -0.141136 0)
(-0.12689 -0.139438 0)
(-0.11799 -0.136691 0)
(-0.108844 -0.13288 0)
(-0.0995253 -0.128007 0)
(-0.0901183 -0.1221 0)
(-0.0807161 -0.115209 0)
(-0.0714201 -0.107413 0)
(-0.0623368 -0.0988197 0)
(-0.0535754 -0.0895648 0)
(-0.0452434 -0.0798124 0)
(-0.037443 -0.0697514 0)
(-0.0302666 -0.0595908 0)
(-0.0237922 -0.0495536 0)
(-0.01808 -0.03987 0)
(-0.0131694 -0.0307699 0)
(-0.00907747 -0.0224761 0)
(-0.00579886 -0.0151986 0)
(-0.00330652 -0.00913062 0)
(-0.00154842 -0.00444649 0)
(-0.000456611 -0.00130034 0)
(-3.42524e-05 0.000171348 0)
(-0.000111533 0.00582553 0)
(-0.000883672 0.0163874 0)
(-0.00253193 0.0258756 0)
(-0.00478158 0.0343477 0)
(-0.00754103 0.041888 0)
(-0.0107327 0.0485959 0)
(-0.0142828 0.0545771 0)
(-0.0181299 0.059936 0)
(-0.0222243 0.0647704 0)
(-0.0265258 0.0691679 0)
(-0.0310021 0.0732036 0)
(-0.0356274 0.0769387 0)
(-0.0403811 0.0804214 0)
(-0.0452462 0.0836865 0)
(-0.0502087 0.0867577 0)
(-0.0552565 0.0896486 0)
(-0.0603788 0.0923642 0)
(-0.0655656 0.0949032 0)
(-0.0708071 0.0972589 0)
(-0.0760939 0.0994212 0)
(-0.0814164 0.101377 0)
(-0.086765 0.103113 0)
(-0.0921301 0.104613 0)
(-0.0975017 0.105863 0)
(-0.10287 0.106849 0)
(-0.108225 0.107557 0)
(-0.113557 0.107974 0)
(-0.118855 0.10809 0)
(-0.12411 0.107893 0)
(-0.129312 0.107377 0)
(-0.13445 0.106533 0)
(-0.139516 0.105357 0)
(-0.144499 0.103843 0)
(-0.14939 0.101988 0)
(-0.15418 0.099792 0)
(-0.158858 0.0972535 0)
(-0.163417 0.0943737 0)
(-0.167847 0.0911546 0)
(-0.17214 0.0875997 0)
(-0.176287 0.0837135 0)
(-0.18028 0.0795016 0)
(-0.184112 0.0749709 0)
(-0.187773 0.0701292 0)
(-0.191258 0.0649855 0)
(-0.19456 0.0595498 0)
(-0.197671 0.0538333 0)
(-0.200585 0.0478478 0)
(-0.203297 0.0416065 0)
(-0.2058 0.0351232 0)
(-0.208088 0.0284129 0)
(-0.210157 0.0214914 0)
(-0.211999 0.0143754 0)
(-0.21361 0.00708278 0)
(-0.214985 -0.000367743 0)
(-0.216114 -0.00795543 0)
(-0.216995 -0.015665 0)
(-0.217621 -0.0234791 0)
(-0.217985 -0.0313764 0)
(-0.218078 -0.039333 0)
(-0.217889 -0.0473227 0)
(-0.217407 -0.0553172 0)
(-0.216618 -0.0632861 0)
(-0.215508 -0.0711963 0)
(-0.214062 -0.0790117 0)
(-0.212263 -0.0866932 0)
(-0.210094 -0.0941983 0)
(-0.207536 -0.101481 0)
(-0.204569 -0.10849 0)
(-0.201177 -0.115172 0)
(-0.19734 -0.121467 0)
(-0.193041 -0.127315 0)
(-0.188266 -0.132647 0)
(-0.183002 -0.137394 0)
(-0.177241 -0.141485 0)
(-0.170979 -0.144846 0)
(-0.164219 -0.147402 0)
(-0.15697 -0.149082 0)
(-0.149248 -0.149815 0)
(-0.141081 -0.14954 0)
(-0.132505 -0.148202 0)
(-0.123569 -0.145759 0)
(-0.114333 -0.142184 0)
(-0.104867 -0.13747 0)
(-0.0952561 -0.131631 0)
(-0.0855952 -0.124711 0)
(-0.0759886 -0.116778 0)
(-0.0665484 -0.107937 0)
(-0.0573911 -0.0983221 0)
(-0.0486337 -0.0880994 0)
(-0.0403896 -0.077465 0)
(-0.0327635 -0.0666395 0)
(-0.0258465 -0.0558621 0)
(-0.0197118 -0.0453824 0)
(-0.0144108 -0.0354528 0)
(-0.00997091 -0.0263195 0)
(-0.0063953 -0.0182157 0)
(-0.00366281 -0.0113567 0)
(-0.00172427 -0.00593607 0)
(-0.000512408 -0.00212441 0)
(-3.9698e-05 -7.13538e-05 0)
(-0.000111985 0.00629193 0)
(-0.000887627 0.0176521 0)
(-0.00254378 0.0278176 0)
(-0.00480479 0.0368596 0)
(-0.00757879 0.0448759 0)
(-0.0107877 0.0519796 0)
(-0.0143571 0.0582892 0)
(-0.0182247 0.0639209 0)
(-0.0223402 0.0689826 0)
(-0.0266623 0.0735708 0)
(-0.0311582 0.0777676 0)
(-0.0358013 0.0816404 0)
(-0.0405704 0.0852415 0)
(-0.045448 0.0886096 0)
(-0.0504197 0.0917704 0)
(-0.0554732 0.0947393 0)
(-0.0605975 0.0975225 0)
(-0.0657825 0.100119 0)
(-0.0710184 0.102523 0)
(-0.0762959 0.104724 0)
(-0.0816055 0.106709 0)
(-0.086938 0.108464 0)
(-0.0922838 0.109975 0)
(-0.0976333 0.111225 0)
(-0.102977 0.112202 0)
(-0.108305 0.11289 0)
(-0.113608 0.113278 0)
(-0.118875 0.113354 0)
(-0.124099 0.113109 0)
(-0.129267 0.112534 0)
(-0.134372 0.111622 0)
(-0.139403 0.110368 0)
(-0.144352 0.108766 0)
(-0.149209 0.106815 0)
(-0.153964 0.104513 0)
(-0.158609 0.10186 0)
(-0.163135 0.0988563 0)
(-0.167534 0.0955049 0)
(-0.171797 0.0918094 0)
(-0.175916 0.0877745 0)
(-0.179884 0.0834062 0)
(-0.183693 0.0787115 0)
(-0.187337 0.0736988 0)
(-0.190808 0.0683774 0)
(-0.194101 0.0627575 0)
(-0.19721 0.0568506 0)
(-0.200129 0.050669 0)
(-0.202853 0.0442259 0)
(-0.205377 0.0375355 0)
(-0.207697 0.0306128 0)
(-0.209806 0.0234736 0)
(-0.211701 0.0161348 0)
(-0.213378 0.00861402 0)
(-0.214831 0.000930073 0)
(-0.216053 -0.006898 0)
(-0.21704 -0.0148519 0)
(-0.217789 -0.0229169 0)
(-0.218291 -0.0310733 0)
(-0.218539 -0.0392984 0)
(-0.218522 -0.0475676 0)
(-0.218229 -0.0558541 0)
(-0.217647 -0.0641286 0)
(-0.21676 -0.0723597 0)
(-0.215553 -0.0805127 0)
(-0.214008 -0.0885497 0)
(-0.212106 -0.0964291 0)
(-0.209826 -0.104106 0)
(-0.207148 -0.111529 0)
(-0.204049 -0.118645 0)
(-0.200509 -0.125394 0)
(-0.196507 -0.131712 0)
(-0.192023 -0.137531 0)
(-0.187042 -0.142779 0)
(-0.18155 -0.147378 0)
(-0.175537 -0.15125 0)
(-0.169 -0.154315 0)
(-0.161944 -0.156492 0)
(-0.154379 -0.157705 0)
(-0.146327 -0.15788 0)
(-0.137819 -0.156951 0)
(-0.128898 -0.154865 0)
(-0.119622 -0.151583 0)
(-0.110058 -0.147085 0)
(-0.10029 -0.141373 0)
(-0.0904133 -0.134478 0)
(-0.0805339 -0.126461 0)
(-0.0707688 -0.117418 0)
(-0.0612412 -0.10748 0)
(-0.0520774 -0.0968143 0)
(-0.0434017 -0.0856219 0)
(-0.0353314 -0.074134 0)
(-0.0279714 -0.0626053 0)
(-0.0214088 -0.0513055 0)
(-0.0157083 -0.0405103 0)
(-0.0109093 -0.0304913 0)
(-0.00702464 -0.0215074 0)
(-0.00404048 -0.0137982 0)
(-0.00191158 -0.00757919 0)
(-0.000572191 -0.00303949 0)
(-4.56264e-05 -0.000343618 0)
(-0.000111706 0.00675902 0)
(-0.000886327 0.0189191 0)
(-0.00254126 0.0297641 0)
(-0.00480191 0.0393781 0)
(-0.00757691 0.0478726 0)
(-0.0107883 0.055374 0)
(-0.0143614 0.0620135 0)
(-0.0182336 0.0679185 0)
(-0.0223539 0.0732076 0)
(-0.0266805 0.0779856 0)
(-0.0311798 0.0823422 0)
(-0.0358246 0.0863506 0)
(-0.0405931 0.0900677 0)
(-0.0454673 0.0935356 0)
(-0.0504326 0.0967827 0)
(-0.0554761 0.0998261 0)
(-0.0605868 0.102673 0)
(-0.0657545 0.105324 0)
(-0.0709694 0.107772 0)
(-0.0762223 0.110008 0)
(-0.0815039 0.112019 0)
(-0.086805 0.113791 0)
(-0.0921163 0.115308 0)
(-0.0974286 0.116556 0)
(-0.102732 0.117521 0)
(-0.108018 0.118187 0)
(-0.113277 0.118544 0)
(-0.118499 0.11858 0)
(-0.123675 0.118285 0)
(-0.128795 0.11765 0)
(-0.133851 0.116669 0)
(-0.138832 0.115336 0)
(-0.14373 0.113647 0)
(-0.148535 0.1116 0)
(-0.15324 0.109192 0)
(-0.157835 0.106424 0)
(-0.162311 0.103298 0)
(-0.166662 0.099816 0)
(-0.170878 0.0959817 0)
(-0.174952 0.0918004 0)
(-0.178878 0.0872785 0)
(-0.182648 0.0824235 0)
(-0.186256 0.077244 0)
(-0.189697 0.0717498 0)
(-0.192965 0.0659515 0)
(-0.196054 0.0598609 0)
(-0.198962 0.0534906 0)
(-0.201682 0.0468543 0)
(-0.204212 0.0399662 0)
(-0.206547 0.0328415 0)
(-0.208683 0.0254961 0)
(-0.210618 0.0179467 0)
(-0.212346 0.0102108 0)
(-0.213866 0.00230693 0)
(-0.215169 -0.00574588 0)
(-0.216254 -0.0139285 0)
(-0.217116 -0.0222281 0)
(-0.21775 -0.0306264 0)
(-0.218146 -0.0391024 0)
(-0.218297 -0.047633 0)
(-0.218191 -0.0561932 0)
(-0.217814 -0.0647554 0)
(-0.217153 -0.0732899 0)
(-0.216189 -0.0817638 0)
(-0.214905 -0.0901408 0)
(-0.213279 -0.0983808 0)
(-0.21129 -0.106439 0)
(-0.208915 -0.114267 0)
(-0.20613 -0.121811 0)
(-0.20291 -0.12901 0)
(-0.199231 -0.135801 0)
(-0.19507 -0.142112 0)
(-0.190405 -0.147869 0)
(-0.185218 -0.152991 0)
(-0.179495 -0.157396 0)
(-0.173227 -0.160996 0)
(-0.166411 -0.163704 0)
(-0.159052 -0.165433 0)
(-0.151166 -0.166102 0)
(-0.142779 -0.165632 0)
(-0.133928 -0.163957 0)
(-0.124665 -0.161025 0)
(-0.115056 -0.156802 0)
(-0.105181 -0.151278 0)
(-0.0951339 -0.144468 0)
(-0.0850236 -0.136424 0)
(-0.0749702 -0.127231 0)
(-0.0651028 -0.117014 0)
(-0.0555561 -0.10594 0)
(-0.0464652 -0.0942114 0)
(-0.0379602 -0.08207 0)
(-0.0301602 -0.0697847 0)
(-0.023167 -0.0576453 0)
(-0.0170601 -0.0459518 0)
(-0.011892 -0.0350029 0)
(-0.00768694 -0.0250853 0)
(-0.00443987 -0.0164658 0)
(-0.00211067 -0.00938454 0)
(-0.000636139 -0.00405136 0)
(-5.20834e-05 -0.000647607 0)
(-0.000110691 0.00722398 0)
(-0.000879733 0.0201814 0)
(-0.00252427 0.0317046 0)
(-0.00477276 0.0418906 0)
(-0.00753511 0.0508639 0)
(-0.0107341 0.0587639 0)
(-0.0142953 0.0657339 0)
(-0.018156 0.0719129 0)
(-0.022265 0.0774291 0)
(-0.0265799 0.0823963 0)
(-0.0310664 0.0869113 0)
(-0.0356969 0.0910533 0)
(-0.0404489 0.0948839 0)
(-0.045304 0.0984487 0)
(-0.050247 0.101779 0)
(-0.0552651 0.104893 0)
(-0.0603468 0.107801 0)
(-0.0654818 0.110502 0)
(-0.0706605 0.112991 0)
(-0.0758736 0.115258 0)
(-0.081112 0.117292 0)
(-0.0863667 0.119077 0)
(-0.0916285 0.120598 0)
(-0.0968885 0.121841 0)
(-0.102138 0.122791 0)
(-0.107366 0.123434 0)
(-0.112566 0.123758 0)
(-0.117727 0.123752 0)
(-0.12284 0.123405 0)
(-0.127896 0.122709 0)
(-0.132887 0.121658 0)
(-0.137802 0.120247 0)
(-0.142633 0.11847 0)
(-0.147372 0.116325 0)
(-0.15201 0.113812 0)
(-0.156538 0.110931 0)
(-0.160948 0.107683 0)
(-0.165233 0.104071 0)
(-0.169386 0.1001 0)
(-0.173398 0.0957742 0)
(-0.177265 0.0911016 0)
(-0.180979 0.0860897 0)
(-0.184535 0.0807477 0)
(-0.187928 0.0750857 0)
(-0.191154 0.0691149 0)
(-0.194208 0.0628475 0)
(-0.197088 0.0562965 0)
(-0.199789 0.0494757 0)
(-0.202308 0.0423999 0)
(-0.204644 0.0350842 0)
(-0.206793 0.0275446 0)
(-0.208753 0.0197978 0)
(-0.21052 0.0118608 0)
(-0.212093 0.00375209 0)
(-0.213468 -0.00450963 0)
(-0.214638 -0.0129047 0)
(-0.215604 -0.0214213 0)
(-0.21636 -0.0300431 0)
(-0.216899 -0.0387508 0)
(-0.217211 -0.0475233 0)
(-0.217287 -0.0563371 0)
(-0.217114 -0.0651671 0)
(-0.216676 -0.0739854 0)
(-0.215957 -0.0827611 0)
(-0.214937 -0.0914599 0)
(-0.213595 -0.100044 0)
(-0.211907 -0.108469 0)
(-0.209848 -0.116689 0)
(-0.207393 -0.12465 0)
(-0.204512 -0.132293 0)
(-0.201179 -0.139553 0)
(-0.197367 -0.146358 0)
(-0.19305 -0.152631 0)
(-0.188205 -0.158288 0)
(-0.18281 -0.163242 0)
(-0.176853 -0.1674 0)
(-0.170323 -0.170668 0)
(-0.163219 -0.17295 0)
(-0.155551 -0.174154 0)
(-0.147338 -0.17419 0)
(-0.138611 -0.17298 0)
(-0.129417 -0.170456 0)
(-0.119816 -0.16657 0)
(-0.109886 -0.161296 0)
(-0.0997192 -0.154636 0)
(-0.089424 -0.146626 0)
(-0.079123 -0.13734 0)
(-0.0689507 -0.126895 0)
(-0.0590492 -0.115453 0)
(-0.0495639 -0.103218 0)
(-0.0406378 -0.0904394 0)
(-0.0324043 -0.0773985 0)
(-0.024981 -0.0644055 0)
(-0.0184629 -0.0517849 0)
(-0.0129174 -0.0398642 0)
(-0.00838173 -0.0289604 0)
(-0.004861 -0.0193701 0)
(-0.0023217 -0.0113608 0)
(-0.000704368 -0.00516594 0)
(-5.91007e-05 -0.000985557 0)
(-0.000108943 0.00768399 0)
(-0.000867859 0.0214317 0)
(-0.00249283 0.0336288 0)
(-0.00471737 0.0443844 0)
(-0.00745346 0.0538355 0)
(-0.0106251 0.0621339 0)
(-0.0141588 0.0694348 0)
(-0.0179921 0.0758877 0)
(-0.0220736 0.081631 0)
(-0.0263606 0.0867867 0)
(-0.0308183 0.0914589 0)
(-0.0354185 0.0957327 0)
(-0.0401382 0.0996744 0)
(-0.0449585 0.103333 0)
(-0.0498639 0.106744 0)
(-0.0548411 0.109926 0)
(-0.0598785 0.11289 0)
(-0.0649658 0.115637 0)
(-0.0700932 0.118164 0)
(-0.0752516 0.120459 0)
(-0.0804318 0.122512 0)
(-0.0856251 0.124307 0)
(-0.0908227 0.12583 0)
(-0.0960155 0.127065 0)
(-0.101195 0.127998 0)
(-0.106352 0.128616 0)
(-0.111477 0.128905 0)
(-0.116562 0.128854 0)
(-0.121597 0.128454 0)
(-0.126574 0.127697 0)
(-0.131484 0.126575 0)
(-0.136318 0.125083 0)
(-0.141068 0.123217 0)
(-0.145724 0.120976 0)
(-0.150279 0.118357 0)
(-0.154724 0.115363 0)
(-0.159052 0.111993 0)
(-0.163256 0.108253 0)
(-0.167328 0.104146 0)
(-0.171263 0.0996791 0)
(-0.175053 0.0948587 0)
(-0.178695 0.0896936 0)
(-0.182183 0.0841934 0)
(-0.185513 0.0783688 0)
(-0.188681 0.0722316 0)
(-0.191684 0.0657944 0)
(-0.19452 0.0590708 0)
(-0.197186 0.0520748 0)
(-0.199681 0.0448214 0)
(-0.202002 0.0373261 0)
(-0.20415 0.0296049 0)
(-0.206121 0.0216743 0)
(-0.207914 0.0135511 0)
(-0.209528 0.0052532 0)
(-0.210962 -0.00320101 0)
(-0.212206 -0.0117912 0)
(-0.213265 -0.0205064 0)
(-0.214133 -0.0293322 0)
(-0.214804 -0.0382513 0)
(-0.215271 -0.0472445 0)
(-0.215523 -0.0562906 0)
(-0.215548 -0.0653666 0)
(-0.215331 -0.0744469 0)
(-0.214855 -0.0835031 0)
(-0.214101 -0.0925031 0)
(-0.213046 -0.101411 0)
(-0.211665 -0.110186 0)
(-0.209932 -0.118782 0)
(-0.207819 -0.127147 0)
(-0.205294 -0.135224 0)
(-0.202328 -0.142946 0)
(-0.198889 -0.150241 0)
(-0.194947 -0.157032 0)
(-0.190474 -0.163232 0)
(-0.185445 -0.168748 0)
(-0.179838 -0.173484 0)
(-0.173638 -0.177338 0)
(-0.166837 -0.180205 0)
(-0.159437 -0.181984 0)
(-0.151451 -0.182573 0)
(-0.142902 -0.181879 0)
(-0.133832 -0.179821 0)
(-0.124296 -0.176335 0)
(-0.114365 -0.171376 0)
(-0.104131 -0.164932 0)
(-0.0936998 -0.157022 0)
(-0.0831961 -0.147706 0)
(-0.0727579 -0.137089 0)
(-0.0625341 -0.125327 0)
(-0.0526799 -0.112624 0)
(-0.0433504 -0.0992302 0)
(-0.0346939 -0.0854417 0)
(-0.0268441 -0.0715867 0)
(-0.0199127 -0.058015 0)
(-0.0139835 -0.0450838 0)
(-0.009108 -0.0331428 0)
(-0.00530355 -0.022521 0)
(-0.00254467 -0.0135166 0)
(-0.000776936 -0.00638915 0)
(-6.66984e-05 -0.00135975 0)
(-0.000106473 0.00813626 0)
(-0.00085077 0.0226629 0)
(-0.00244712 0.0355262 0)
(-0.00463602 0.0468468 0)
(-0.00733232 0.0567732 0)
(-0.0104619 0.065469 0)
(-0.0139526 0.0731002 0)
(-0.0177426 0.0798271 0)
(-0.0217805 0.0857971 0)
(-0.0260235 0.0911407 0)
(-0.0304366 0.095969 0)
(-0.0349908 0.100373 0)
(-0.0396626 0.104424 0)
(-0.0444327 0.108174 0)
(-0.0492852 0.111661 0)
(-0.0542064 0.114908 0)
(-0.0591845 0.117925 0)
(-0.0642091 0.120716 0)
(-0.0692705 0.123276 0)
(-0.0743593 0.125597 0)
(-0.0794668 0.127665 0)
(-0.0845842 0.129467 0)
(-0.0897028 0.130988 0)
(-0.0948139 0.132213 0)
(-0.0999089 0.133127 0)
(-0.104979 0.133716 0)
(-0.110015 0.133968 0)
(-0.11501 0.133872 0)
(-0.119953 0.133417 0)
(-0.124836 0.132596 0)
(-0.12965 0.131402 0)
(-0.134388 0.129829 0)
(-0.13904 0.127875 0)
(-0.143598 0.125536 0)
(-0.148055 0.122812 0)
(-0.152402 0.119704 0)
(-0.156633 0.116214 0)
(-0.16074 0.112347 0)
(-0.164717 0.108106 0)
(-0.168558 0.103499 0)
(-0.172258 0.0985341 0)
(-0.175813 0.0932193 0)
(-0.179217 0.0875653 0)
(-0.182468 0.0815835 0)
(-0.185563 0.0752861 0)
(-0.188501 0.0686864 0)
(-0.191278 0.0617983 0)
(-0.193895 0.0546365 0)
(-0.19635 0.0472161 0)
(-0.198643 0.039553 0)
(-0.200775 0.031663 0)
(-0.202743 0.0235626 0)
(-0.204549 0.0152685 0)
(-0.206191 0.00679771 0)
(-0.207672 -0.00183215 0)
(-0.208978 -0.0105998 0)
(-0.210118 -0.0194944 0)
(-0.211088 -0.0285038 0)
(-0.211882 -0.0376129 0)
(-0.212493 -0.0468046 0)
(-0.212913 -0.0560602 0)
(-0.213129 -0.0653589 0)
(-0.213128 -0.0746779 0)
(-0.212892 -0.0839911 0)
(-0.212401 -0.0932695 0)
(-0.211634 -0.10248 0)
(-0.210563 -0.111583 0)
(-0.209162 -0.120536 0)
(-0.207399 -0.129289 0)
(-0.205243 -0.137784 0)
(-0.20266 -0.145958 0)
(-0.199614 -0.153739 0)
(-0.196072 -0.161045 0)
(-0.192001 -0.167791 0)
(-0.187369 -0.173879 0)
(-0.182149 -0.179208 0)
(-0.17632 -0.183669 0)
(-0.169866 -0.187151 0)
(-0.162783 -0.189541 0)
(-0.155075 -0.190726 0)
(-0.146759 -0.190599 0)
(-0.137869 -0.189064 0)
(-0.128453 -0.186039 0)
(-0.118578 -0.181463 0)
(-0.108331 -0.175303 0)
(-0.0978158 -0.167562 0)
(-0.0871575 -0.158284 0)
(-0.0764963 -0.147559 0)
(-0.065987 -0.135532 0)
(-0.0557934 -0.122403 0)
(-0.0460826 -0.108426 0)
(-0.0370174 -0.0939053 0)
(-0.0287481 -0.0791867 0)
(-0.0214043 -0.0646451 0)
(-0.015087 -0.0506686 0)
(-0.00986421 -0.0376414 0)
(-0.00576692 -0.025928 0)
(-0.00277943 -0.0158603 0)
(-0.000853852 -0.00772688 0)
(-7.48912e-05 -0.00177248 0)
(-0.0001033 0.00857804 0)
(-0.00082858 0.023868 0)
(-0.0023874 0.0373867 0)
(-0.00452919 0.0492653 0)
(-0.00717237 0.059663 0)
(-0.0102454 0.0687539 0)
(-0.0136777 0.0767147 0)
(-0.0174086 0.0837151 0)
(-0.0213872 0.0899115 0)
(-0.0255705 0.0954424 0)
(-0.0299231 0.100426 0)
(-0.0344158 0.104958 0)
(-0.0390244 0.109116 0)
(-0.0437291 0.112956 0)
(-0.0485137 0.116517 0)
(-0.053364 0.119825 0)
(-0.0582683 0.122892 0)
(-0.0632156 0.125723 0)
(-0.0681964 0.128314 0)
(-0.0732014 0.130655 0)
(-0.0782217 0.132736 0)
(-0.0832489 0.134543 0)
(-0.0882743 0.136059 0)
(-0.0932895 0.137271 0)
(-0.098286 0.138163 0)
(-0.103255 0.138722 0)
(-0.108189 0.138935 0)
(-0.113078 0.138791 0)
(-0.117914 0.13828 0)
(-0.122689 0.137394 0)
(-0.127394 0.136126 0)
(-0.13202 0.134472 0)
(-0.136561 0.132427 0)
(-0.141007 0.129991 0)
(-0.145351 0.127161 0)
(-0.149586 0.12394 0)
(-0.153705 0.120331 0)
(-0.157701 0.116337 0)
(-0.161568 0.111965 0)
(-0.165302 0.10722 0)
(-0.168897 0.102113 0)
(-0.17235 0.0966523 0)
(-0.175657 0.090849 0)
(-0.178816 0.0847153 0)
(-0.181825 0.078264 0)
(-0.184682 0.071509 0)
(-0.187388 0.0644649 0)
(-0.189941 0.0571467 0)
(-0.192344 0.04957 0)
(-0.194595 0.0417508 0)
(-0.196697 0.0337051 0)
(-0.19865 0.0254493 0)
(-0.200455 0.0169998 0)
(-0.202112 0.00837285 0)
(-0.203625 -0.000414964 0)
(-0.204984 -0.00934231 0)
(-0.206193 -0.0183965 0)
(-0.207253 -0.0275686 0)
(-0.208159 -0.0368458 0)
(-0.208904 -0.0462132 0)
(-0.209482 -0.0556544 0)
(-0.209881 -0.0651514 0)
(-0.210087 -0.0746841 0)
(-0.210085 -0.0842295 0)
(-0.209853 -0.0937613 0)
(-0.20937 -0.103249 0)
(-0.20861 -0.112658 0)
(-0.207542 -0.121946 0)
(-0.206136 -0.131066 0)
(-0.204357 -0.139963 0)
(-0.202168 -0.148575 0)
(-0.199532 -0.156829 0)
(-0.19641 -0.164646 0)
(-0.192764 -0.171936 0)
(-0.188558 -0.1786 0)
(-0.183759 -0.184533 0)
(-0.178339 -0.189621 0)
(-0.172275 -0.193743 0)
(-0.165554 -0.196776 0)
(-0.158173 -0.198598 0)
(-0.150142 -0.199086 0)
(-0.141486 -0.198129 0)
(-0.132247 -0.195626 0)
(-0.122485 -0.1915 0)
(-0.112281 -0.185696 0)
(-0.101737 -0.178196 0)
(-0.0909746 -0.169027 0)
(-0.080137 -0.158262 0)
(-0.0693827 -0.146032 0)
(-0.0588835 -0.132529 0)
(-0.0488176 -0.118007 0)
(-0.0393621 -0.102777 0)
(-0.030684 -0.0872 0)
(-0.0229314 -0.0716757 0)
(-0.0162243 -0.0566236 0)
(-0.0106483 -0.042464 0)
(-0.00625019 -0.0295999 0)
(-0.00302569 -0.0183997 0)
(-0.000935078 -0.00918489 0)
(-8.36896e-05 -0.00222607 0)
(-9.94503e-05 0.00900666 0)
(-0.000801451 0.0250402 0)
(-0.00231409 0.0392003 0)
(-0.00439756 0.0516275 0)
(-0.0069746 0.0624909 0)
(-0.00997672 0.071974 0)
(-0.0133357 0.0802628 0)
(-0.0169921 0.0875361 0)
(-0.0208957 0.0939586 0)
(-0.0250038 0.0996763 0)
(-0.0292806 0.104814 0)
(-0.0336964 0.109474 0)
(-0.0382267 0.113737 0)
(-0.0428513 0.117663 0)
(-0.0475533 0.121296 0)
(-0.0523184 0.124662 0)
(-0.0571343 0.127776 0)
(-0.0619903 0.130644 0)
(-0.0668764 0.133262 0)
(-0.0717835 0.135622 0)
(-0.0767028 0.137712 0)
(-0.0816259 0.13952 0)
(-0.0865444 0.141029 0)
(-0.0914499 0.142224 0)
(-0.0963342 0.143092 0)
(-0.101189 0.143619 0)
(-0.106006 0.14379 0)
(-0.110776 0.143597 0)
(-0.115492 0.143028 0)
(-0.120144 0.142076 0)
(-0.124726 0.140734 0)
(-0.129229 0.138996 0)
(-0.133644 0.136861 0)
(-0.137964 0.134326 0)
(-0.142183 0.131391 0)
(-0.146292 0.128058 0)
(-0.150285 0.124329 0)
(-0.154157 0.12021 0)
(-0.157903 0.115708 0)
(-0.161516 0.110828 0)
(-0.164994 0.105582 0)
(-0.168333 0.0999792 0)
(-0.17153 0.0940313 0)
(-0.174584 0.0877511 0)
(-0.177494 0.0811523 0)
(-0.180259 0.0742494 0)
(-0.182881 0.0670576 0)
(-0.185359 0.0595925 0)
(-0.187696 0.0518701 0)
(-0.189894 0.0439065 0)
(-0.191954 0.0357181 0)
(-0.193879 0.027321 0)
(-0.19567 0.0187315 0)
(-0.197329 0.0099654 0)
(-0.198859 0.00103897 0)
(-0.200261 -0.00802963 0)
(-0.201528 -0.0172241 0)
(-0.202666 -0.0265381 0)
(-0.203671 -0.0359612 0)
(-0.20454 -0.0454809 0)
(-0.205264 -0.0550834 0)
(-0.205835 -0.0647535 0)
(-0.206239 -0.0744739 0)
(-0.206461 -0.0842249 0)
(-0.206482 -0.0939837 0)
(-0.206278 -0.103723 0)
(-0.205823 -0.113411 0)
(-0.205088 -0.123009 0)
(-0.20404 -0.132474 0)
(-0.202642 -0.141752 0)
(-0.200856 -0.150783 0)
(-0.198641 -0.159497 0)
(-0.195954 -0.167813 0)
(-0.192754 -0.175642 0)
(-0.188999 -0.182884 0)
(-0.184649 -0.189427 0)
(-0.179671 -0.195154 0)
(-0.174035 -0.199937 0)
(-0.167719 -0.203643 0)
(-0.160713 -0.206138 0)
(-0.153017 -0.207287 0)
(-0.144649 -0.20696 0)
(-0.135643 -0.205041 0)
(-0.12605 -0.20143 0)
(-0.115946 -0.196053 0)
(-0.105428 -0.18887 0)
(-0.0946155 -0.179885 0)
(-0.0836506 -0.169153 0)
(-0.0726955 -0.156787 0)
(-0.0619284 -0.14297 0)
(-0.0515376 -0.127949 0)
(-0.0417139 -0.11204 0)
(-0.0326415 -0.0956176 0)
(-0.0244872 -0.0791045 0)
(-0.0173909 -0.0629515 0)
(-0.0114579 -0.0476168 0)
(-0.00675216 -0.0335442 0)
(-0.003283 -0.0211424 0)
(-0.00102053 -0.0107688 0)
(-9.30997e-05 -0.00272278 0)
(-9.49559e-05 0.00941953 0)
(-0.000769588 0.0261729 0)
(-0.00222772 0.0409572 0)
(-0.00424203 0.0539217 0)
(-0.00674027 0.0652435 0)
(-0.00965759 0.0751147 0)
(-0.0129285 0.0837295 0)
(-0.0164954 0.0912747 0)
(-0.0203088 0.0979228 0)
(-0.0243264 0.103827 0)
(-0.0285123 0.109118 0)
(-0.0328364 0.113904 0)
(-0.0372738 0.118271 0)
(-0.0418038 0.122282 0)
(-0.0464089 0.125984 0)
(-0.0510746 0.129406 0)
(-0.0557884 0.132564 0)
(-0.0605391 0.135465 0)
(-0.065317 0.138107 0)
(-0.0701127 0.140482 0)
(-0.0749176 0.142579 0)
(-0.0797233 0.144384 0)
(-0.0845216 0.145883 0)
(-0.0893042 0.14706 0)
(-0.0940631 0.147902 0)
(-0.0987901 0.148393 0)
(-0.103477 0.148522 0)
(-0.108116 0.148277 0)
(-0.112698 0.147648 0)
(-0.117216 0.146628 0)
(-0.121662 0.14521 0)
(-0.126027 0.143389 0)
(-0.130305 0.141163 0)
(-0.134487 0.138529 0)
(-0.138568 0.135488 0)
(-0.142539 0.132043 0)
(-0.146396 0.128197 0)
(-0.150132 0.123954 0)
(-0.153744 0.119323 0)
(-0.157225 0.114312 0)
(-0.160574 0.10893 0)
(-0.163788 0.103188 0)
(-0.166865 0.0971005 0)
(-0.169803 0.0906793 0)
(-0.172604 0.0839395 0)
(-0.175267 0.0768961 0)
(-0.177793 0.069565 0)
(-0.180186 0.0619624 0)
(-0.182447 0.0541048 0)
(-0.18458 0.0460086 0)
(-0.186587 0.0376902 0)
(-0.188473 0.0291659 0)
(-0.190239 0.0204515 0)
(-0.19189 0.0115626 0)
(-0.193427 0.00251518 0)
(-0.194856 -0.00667425 0)
(-0.196168 -0.0159894 0)
(-0.197372 -0.0254246 0)
(-0.198465 -0.0349716 0)
(-0.199443 -0.04462 0)
(-0.200302 -0.054359 0)
(-0.201032 -0.0641762 0)
(-0.201622 -0.0740576 0)
(-0.202058 -0.0839868 0)
(-0.20232 -0.0939446 0)
(-0.202386 -0.103907 0)
(-0.202231 -0.113847 0)
(-0.201824 -0.123729 0)
(-0.201131 -0.133512 0)
(-0.200114 -0.143147 0)
(-0.198734 -0.152576 0)
(-0.196947 -0.161731 0)
(-0.194707 -0.170532 0)
(-0.191967 -0.178891 0)
(-0.188683 -0.186705 0)
(-0.184808 -0.193861 0)
(-0.180302 -0.200235 0)
(-0.175127 -0.205695 0)
(-0.169256 -0.210099 0)
(-0.162667 -0.2133 0)
(-0.155355 -0.21515 0)
(-0.147326 -0.215504 0)
(-0.138606 -0.214227 0)
(-0.129239 -0.211197 0)
(-0.119292 -0.206319 0)
(-0.108857 -0.199529 0)
(-0.0980486 -0.190806 0)
(-0.0870083 -0.180184 0)
(-0.0758994 -0.167756 0)
(-0.0649054 -0.153689 0)
(-0.0542237 -0.138223 0)
(-0.0440582 -0.121674 0)
(-0.0346094 -0.104427 0)
(-0.0260637 -0.0869262 0)
(-0.0185818 -0.0696528 0)
(-0.0122899 -0.0531043 0)
(-0.00727135 -0.0377677 0)
(-0.00355079 -0.0240953 0)
(-0.00111009 -0.0124838 0)
(-0.000103124 -0.00326486 0)
(-8.98567e-05 0.00981422 0)
(-0.000733242 0.0272596 0)
(-0.00212891 0.0426482 0)
(-0.00406368 0.0561362 0)
(-0.00647094 0.0679078 0)
(-0.00929001 0.078162 0)
(-0.0124586 0.0871 0)
(-0.0159213 0.094916 0)
(-0.0196298 0.101789 0)
(-0.023542 0.107879 0)
(-0.0276223 0.113324 0)
(-0.0318402 0.118235 0)
(-0.0361704 0.122704 0)
(-0.0405917 0.126798 0)
(-0.0450861 0.130567 0)
(-0.0496389 0.134041 0)
(-0.054237 0.137241 0)
(-0.0588693 0.140172 0)
(-0.0635258 0.142835 0)
(-0.0681971 0.145222 0)
(-0.0728748 0.147323 0)
(-0.0775503 0.149123 0)
(-0.0822157 0.150609 0)
(-0.0868629 0.151766 0)
(-0.091484 0.152578 0)
(-0.0960709 0.153032 0)
(-0.100616 0.153116 0)
(-0.105111 0.152818 0)
(-0.109548 0.152128 0)
(-0.113919 0.151039 0)
(-0.118217 0.149544 0)
(-0.122434 0.147639 0)
(-0.126563 0.145321 0)
(-0.130596 0.142588 0)
(-0.134528 0.139443 0)
(-0.138351 0.135886 0)
(-0.14206 0.131922 0)
(-0.145651 0.127558 0)
(-0.149118 0.122801 0)
(-0.152458 0.117659 0)
(-0.155669 0.112145 0)
(-0.158749 0.10627 0)
(-0.161696 0.100047 0)
(-0.16451 0.0934902 0)
(-0.167192 0.0866158 0)
(-0.169744 0.0794393 0)
(-0.172167 0.0719773 0)
(-0.174465 0.0642466 0)
(-0.176641 0.0562642 0)
(-0.178699 0.0480469 0)
(-0.180645 0.0396112 0)
(-0.182481 0.0309735 0)
(-0.184213 0.0221494 0)
(-0.185844 0.0131541 0)
(-0.187378 0.00400291 0)
(-0.188822 -0.00528901 0)
(-0.190167 -0.0147054 0)
(-0.191423 -0.0242412 0)
(-0.19259 -0.0338898 0)
(-0.193665 -0.0436436 0)
(-0.194645 -0.0534942 0)
(-0.195521 -0.0634325 0)
(-0.196284 -0.0734477 0)
(-0.19692 -0.083527 0)
(-0.197411 -0.0936548 0)
(-0.197736 -0.103812 0)
(-0.19787 -0.113973 0)
(-0.197781 -0.12411 0)
(-0.197437 -0.134183 0)
(-0.196798 -0.144148 0)
(-0.195823 -0.15395 0)
(-0.194466 -0.163524 0)
(-0.192679 -0.172792 0)
(-0.190411 -0.181666 0)
(-0.187612 -0.190043 0)
(-0.184232 -0.197808 0)
(-0.180222 -0.204835 0)
(-0.175539 -0.210983 0)
(-0.170147 -0.216103 0)
(-0.164016 -0.220039 0)
(-0.157131 -0.222628 0)
(-0.14949 -0.22371 0)
(-0.141108 -0.22313 0)
(-0.132021 -0.220745 0)
(-0.122288 -0.216437 0)
(-0.111992 -0.210116 0)
(-0.101244 -0.201736 0)
(-0.0901816 -0.191304 0)
(-0.0789686 -0.178892 0)
(-0.067792 -0.164648 0)
(-0.0568569 -0.148798 0)
(-0.0463793 -0.131655 0)
(-0.0365759 -0.113613 0)
(-0.0276525 -0.0951322 0)
(-0.0197914 -0.0767253 0)
(-0.013141 -0.058929 0)
(-0.00780601 -0.0422757 0)
(-0.00382834 -0.0272644 0)
(-0.00120357 -0.014335 0)
(-0.000113759 -0.00385446 0)
(-8.41981e-05 0.0101884 0)
(-0.000692702 0.0282945 0)
(-0.00201841 0.0442644 0)
(-0.00386376 0.0582601 0)
(-0.0061684 0.0704711 0)
(-0.00887632 0.0811021 0)
(-0.011929 0.0903602 0)
(-0.0152733 0.0984454 0)
(-0.0188623 0.105543 0)
(-0.0226549 0.111819 0)
(-0.0266153 0.117416 0)
(-0.030713 0.122452 0)
(-0.0349221 0.127022 0)
(-0.0392211 0.131198 0)
(-0.0435916 0.135031 0)
(-0.0480182 0.138556 0)
(-0.0524879 0.141794 0)
(-0.056989 0.144753 0)
(-0.0615115 0.147434 0)
(-0.0660461 0.14983 0)
(-0.0705842 0.151932 0)
(-0.0751175 0.153725 0)
(-0.079638 0.155195 0)
(-0.0841379 0.156328 0)
(-0.0886094 0.157109 0)
(-0.0930448 0.157525 0)
(-0.0974363 0.157561 0)
(-0.101776 0.157209 0)
(-0.106057 0.156457 0)
(-0.110271 0.155297 0)
(-0.11441 0.153725 0)
(-0.118469 0.151735 0)
(-0.122438 0.149325 0)
(-0.126312 0.146494 0)
(-0.130085 0.143243 0)
(-0.133751 0.139575 0)
(-0.137304 0.135496 0)
(-0.14074 0.131012 0)
(-0.144055 0.126131 0)
(-0.147246 0.120863 0)
(-0.150311 0.11522 0)
(-0.153249 0.109215 0)
(-0.156059 0.102862 0)
(-0.158742 0.0961758 0)
(-0.161298 0.0891733 0)
(-0.163732 0.0818711 0)
(-0.166044 0.0742865 0)
(-0.16824 0.0664369 0)
(-0.170324 0.0583399 0)
(-0.172301 0.0500127 0)
(-0.174176 0.0414721 0)
(-0.175955 0.0327345 0)
(-0.177643 0.0238152 0)
(-0.179245 0.0147293 0)
(-0.180765 0.00549087 0)
(-0.182214 -0.00388589 0)
(-0.18358 -0.0133846 0)
(-0.184877 -0.0230007 0)
(-0.186105 -0.0327292 0)
(-0.187263 -0.0425652 0)
(-0.188349 -0.0525031 0)
(-0.189356 -0.0625365 0)
(-0.190277 -0.0726583 0)
(-0.191098 -0.0828592 0)
(-0.191804 -0.0931277 0)
(-0.192374 -0.103448 0)
(-0.192783 -0.113801 0)
(-0.193002 -0.124161 0)
(-0.192996 -0.134494 0)
(-0.192728 -0.14476 0)
(-0.192153 -0.154908 0)
(-0.191224 -0.164875 0)
(-0.189891 -0.174587 0)
(-0.1881 -0.183957 0)
(-0.185796 -0.192884 0)
(-0.182925 -0.201251 0)
(-0.179431 -0.208928 0)
(-0.175265 -0.21577 0)
(-0.170382 -0.221622 0)
(-0.164744 -0.226315 0)
(-0.158327 -0.229676 0)
(-0.151119 -0.231528 0)
(-0.143124 -0.231697 0)
(-0.13437 -0.230019 0)
(-0.124905 -0.22635 0)
(-0.114805 -0.220575 0)
(-0.104173 -0.212619 0)
(-0.0931435 -0.202461 0)
(-0.0818779 -0.190148 0)
(-0.0705655 -0.175803 0)
(-0.0594177 -0.159638 0)
(-0.0486615 -0.141957 0)
(-0.0385287 -0.123155 0)
(-0.0292445 -0.103711 0)
(-0.0210134 -0.0841644 0)
(-0.0140075 -0.0650916 0)
(-0.00835417 -0.0470721 0)
(-0.00411482 -0.030655 0)
(-0.00130078 -0.0163269 0)
(-0.000125 -0.00449367 0)
(-7.80306e-05 0.01054 0)
(-0.000648292 0.0292718 0)
(-0.00189704 0.0457973 0)
(-0.0036437 0.0602828 0)
(-0.0058347 0.0729216 0)
(-0.00841918 0.0839222 0)
(-0.0113427 0.0934964 0)
(-0.014555 0.101849 0)
(-0.0180108 0.10917 0)
(-0.0216698 0.115632 0)
(-0.0254966 0.121381 0)
(-0.0294604 0.126542 0)
(-0.0335353 0.131212 0)
(-0.0376989 0.135467 0)
(-0.0419326 0.139363 0)
(-0.0462206 0.142937 0)
(-0.0505493 0.146211 0)
(-0.0549072 0.149196 0)
(-0.0592838 0.151892 0)
(-0.0636699 0.154294 0)
(-0.0680568 0.156394 0)
(-0.0724364 0.158177 0)
(-0.0768007 0.159629 0)
(-0.0811422 0.160737 0)
(-0.0854532 0.161485 0)
(-0.0897263 0.161859 0)
(-0.0939538 0.161847 0)
(-0.0981284 0.161438 0)
(-0.102243 0.160623 0)
(-0.106289 0.159393 0)
(-0.110261 0.157742 0)
(-0.114151 0.155667 0)
(-0.117952 0.153165 0)
(-0.121659 0.150235 0)
(-0.125265 0.146881 0)
(-0.128765 0.143104 0)
(-0.132155 0.138911 0)
(-0.135429 0.134309 0)
(-0.138586 0.129307 0)
(-0.141621 0.123916 0)
(-0.144535 0.118148 0)
(-0.147325 0.112018 0)
(-0.149993 0.105539 0)
(-0.152539 0.0987299 0)
(-0.154965 0.091606 0)
(-0.157275 0.0841854 0)
(-0.159472 0.0764864 0)
(-0.161561 0.068527 0)
(-0.163547 0.0603253 0)
(-0.165436 0.0518991 0)
(-0.167234 0.0432654 0)
(-0.168949 0.0344408 0)
(-0.170585 0.0254404 0)
(-0.17215 0.0162788 0)
(-0.173648 0.00696915 0)
(-0.175091 -0.00247577 0)
(-0.176467 -0.0120391 0)
(-0.177792 -0.0217157 0)
(-0.179069 -0.0315032 0)
(-0.180297 -0.041399 0)
(-0.181475 -0.0514002 0)
(-0.182599 -0.0615035 0)
(-0.183661 -0.0717049 0)
(-0.184652 -0.0819991 0)
(-0.185556 -0.0923785 0)
(-0.186355 -0.102832 0)
(-0.187023 -0.113345 0)
(-0.187534 -0.123896 0)
(-0.187854 -0.134457 0)
(-0.187943 -0.144992 0)
(-0.187758 -0.155454 0)
(-0.187251 -0.165785 0)
(-0.186369 -0.175916 0)
(-0.185056 -0.18576 0)
(-0.183252 -0.195218 0)
(-0.180899 -0.204173 0)
(-0.177936 -0.212494 0)
(-0.174306 -0.220032 0)
(-0.169957 -0.226624 0)
(-0.164844 -0.232093 0)
(-0.15893 -0.236254 0)
(-0.152196 -0.238914 0)
(-0.144635 -0.239879 0)
(-0.136263 -0.238966 0)
(-0.127119 -0.236004 0)
(-0.117269 -0.230849 0)
(-0.10681 -0.223399 0)
(-0.0958684 -0.213602 0)
(-0.0846031 -0.201473 0)
(-0.0732038 -0.187111 0)
(-0.0618869 -0.170704 0)
(-0.0508884 -0.152547 0)
(-0.0404549 -0.133031 0)
(-0.0308302 -0.112648 0)
(-0.0222415 -0.0919626 0)
(-0.0148853 -0.0715905 0)
(-0.00891363 -0.0521595 0)
(-0.00440927 -0.0342714 0)
(-0.00140146 -0.0184637 0)
(-0.000136835 -0.00518443 0)
(-7.14096e-05 0.010867 0)
(-0.00060037 0.0301865 0)
(-0.00176573 0.0472393 0)
(-0.00340509 0.0621946 0)
(-0.00547212 0.0752477 0)
(-0.00792154 0.0866098 0)
(-0.0107034 0.0964954 0)
(-0.0137707 0.105113 0)
(-0.01708 0.112658 0)
(-0.0205922 0.119305 0)
(-0.0242721 0.125206 0)
(-0.0280891 0.13049 0)
(-0.0320167 0.13526 0)
(-0.0360325 0.139595 0)
(-0.0401171 0.143552 0)
(-0.0442545 0.147173 0)
(-0.0484307 0.150481 0)
(-0.0526337 0.153488 0)
(-0.0568532 0.156197 0)
(-0.0610796 0.158603 0)
(-0.0653045 0.160698 0)
(-0.0695196 0.162468 0)
(-0.0737173 0.163901 0)
(-0.0778901 0.164981 0)
(-0.0820305 0.165693 0)
(-0.0861313 0.166025 0)
(-0.0901853 0.165963 0)
(-0.0941851 0.165497 0)
(-0.0981238 0.164617 0)
(-0.101994 0.163316 0)
(-0.10579 0.161587 0)
(-0.109503 0.159426 0)
(-0.113129 0.156833 0)
(-0.116661 0.153806 0)
(-0.120094 0.150349 0)
(-0.123422 0.146465 0)
(-0.126642 0.14216 0)
(-0.12975 0.137443 0)
(-0.132743 0.132323 0)
(-0.135618 0.126813 0)
(-0.138376 0.120924 0)
(-0.141015 0.114673 0)
(-0.143537 0.108076 0)
(-0.145943 0.101148 0)
(-0.148235 0.0939098 0)
(-0.150419 0.0863782 0)
(-0.152497 0.0785728 0)
(-0.154475 0.0705123 0)
(-0.15636 0.0622155 0)
(-0.158157 0.0537007 0)
(-0.159874 0.0449852 0)
(-0.161518 0.0360857 0)
(-0.163097 0.0270175 0)
(-0.164617 0.0177945 0)
(-0.166084 0.00842892 0)
(-0.167513 -0.00106836 0)
(-0.168891 -0.0106795 0)
(-0.170234 -0.020398 0)
(-0.171547 -0.0302245 0)
(-0.172832 -0.0401588 0)
(-0.174088 -0.0502005 0)
(-0.175313 -0.0603491 0)
(-0.176501 -0.0706041 0)
(-0.177644 -0.0809638 0)
(-0.178728 -0.0914248 0)
(-0.179737 -0.101981 0)
(-0.180647 -0.112621 0)
(-0.181433 -0.12333 0)
(-0.18206 -0.134085 0)
(-0.182492 -0.144855 0)
(-0.182685 -0.155599 0)
(-0.182588 -0.166263 0)
(-0.182149 -0.176782 0)
(-0.181309 -0.187073 0)
(-0.180005 -0.19704 0)
(-0.178174 -0.206566 0)
(-0.175751 -0.21552 0)
(-0.172672 -0.223749 0)
(-0.168877 -0.231084 0)
(-0.164313 -0.237342 0)
(-0.158934 -0.242325 0)
(-0.15271 -0.245824 0)
(-0.145624 -0.247631 0)
(-0.137681 -0.247536 0)
(-0.128909 -0.245345 0)
(-0.119363 -0.240885 0)
(-0.109131 -0.234022 0)
(-0.0983325 -0.224671 0)
(-0.0871212 -0.212816 0)
(-0.0756858 -0.198522 0)
(-0.0642453 -0.181956 0)
(-0.053044 -0.163391 0)
(-0.0423415 -0.143215 0)
(-0.0323999 -0.121925 0)
(-0.0234688 -0.10011 0)
(-0.0157701 -0.078422 0)
(-0.00948198 -0.0575387 0)
(-0.00471062 -0.0381171 0)
(-0.00150533 -0.0207489 0)
(-0.000149248 -0.00592858 0)
(-6.43941e-05 0.0111677 0)
(-0.000549322 0.0310338 0)
(-0.00162547 0.0485832 0)
(-0.00314964 0.0639863 0)
(-0.00508313 0.077439 0)
(-0.00738663 0.0891533 0)
(-0.0100151 0.099345 0)
(-0.012925 0.108225 0)
(-0.0160752 0.115992 0)
(-0.0194278 0.122824 0)
(-0.0229482 0.128878 0)
(-0.0266059 0.134286 0)
(-0.0303741 0.139155 0)
(-0.0342301 0.143568 0)
(-0.038154 0.147585 0)
(-0.0421293 0.151251 0)
(-0.0461418 0.15459 0)
(-0.0501792 0.157618 0)
(-0.0542309 0.160338 0)
(-0.0582873 0.162746 0)
(-0.0623399 0.164834 0)
(-0.0663807 0.166589 0)
(-0.070402 0.168 0)
(-0.0743966 0.16905 0)
(-0.0783572 0.169726 0)
(-0.0822768 0.170014 0)
(-0.0861485 0.169901 0)
(-0.0899653 0.169377 0)
(-0.0937203 0.168432 0)
(-0.0974071 0.167058 0)
(-0.101019 0.165251 0)
(-0.10455 0.163006 0)
(-0.107994 0.160322 0)
(-0.111345 0.1572 0)
(-0.114599 0.153642 0)
(-0.117751 0.149653 0)
(-0.120796 0.145239 0)
(-0.123733 0.14041 0)
(-0.126559 0.135176 0)
(-0.129272 0.129549 0)
(-0.131871 0.123545 0)
(-0.134357 0.117179 0)
(-0.136731 0.110467 0)
(-0.138995 0.103429 0)
(-0.141153 0.0960823 0)
(-0.143208 0.0884472 0)
(-0.145166 0.0805433 0)
(-0.147032 0.0723903 0)
(-0.148813 0.0640076 0)
(-0.150517 0.0554139 0)
(-0.152149 0.0466272 0)
(-0.15372 0.0376641 0)
(-0.155236 0.02854 0)
(-0.156706 0.0192688 0)
(-0.158136 0.00986185 0)
(-0.159537 0.000329334 0)
(-0.160914 -0.00931382 0)
(-0.162266 -0.0190574 0)
(-0.163606 -0.0289049 0)
(-0.164935 -0.038858 0)
(-0.166255 -0.0489188 0)
(-0.167565 -0.0590896 0)
(-0.168862 -0.0693731 0)
(-0.170139 -0.0797713 0)
(-0.171385 -0.090285 0)
(-0.172584 -0.100912 0)
(-0.173717 -0.111648 0)
(-0.174757 -0.122482 0)
(-0.175673 -0.133397 0)
(-0.176429 -0.144367 0)
(-0.176982 -0.155357 0)
(-0.177281 -0.16632 0)
(-0.177272 -0.177194 0)
(-0.176895 -0.187903 0)
(-0.176086 -0.198351 0)
(-0.174776 -0.208427 0)
(-0.172896 -0.217996 0)
(-0.170377 -0.226905 0)
(-0.16715 -0.234983 0)
(-0.163155 -0.242036 0)
(-0.158338 -0.247857 0)
(-0.152656 -0.252224 0)
(-0.146083 -0.254909 0)
(-0.138611 -0.255682 0)
(-0.130258 -0.254322 0)
(-0.121067 -0.250629 0)
(-0.111116 -0.244432 0)
(-0.100515 -0.235615 0)
(-0.0894112 -0.224123 0)
(-0.0779911 -0.20999 0)
(-0.0664748 -0.193349 0)
(-0.0551125 -0.174453 0)
(-0.0441755 -0.153678 0)
(-0.0339434 -0.131522 0)
(-0.0246881 -0.108593 0)
(-0.0166572 -0.0855802 0)
(-0.0100567 -0.063209 0)
(-0.00501773 -0.0421942 0)
(-0.00161206 -0.0231856 0)
(-0.000162221 -0.00672779 0)
(-5.70467e-05 0.0114404 0)
(-0.00049556 0.0318095 0)
(-0.00147734 0.0498225 0)
(-0.00287919 0.0656496 0)
(-0.0046704 0.0794857 0)
(-0.00681793 0.0915416 0)
(-0.00928206 0.102033 0)
(-0.012023 0.111173 0)
(-0.0150021 0.11916 0)
(-0.018183 0.126177 0)
(-0.0215318 0.132384 0)
(-0.0250183 0.137916 0)
(-0.0286156 0.142884 0)
(-0.0323003 0.147374 0)
(-0.0360525 0.151451 0)
(-0.039855 0.15516 0)
(-0.0436933 0.15853 0)
(-0.0475549 0.161577 0)
(-0.0514289 0.164305 0)
(-0.0553056 0.166712 0)
(-0.0591766 0.168791 0)
(-0.0630339 0.17053 0)
(-0.0668699 0.171917 0)
(-0.0706776 0.172936 0)
(-0.0744501 0.173573 0)
(-0.0781804 0.173816 0)
(-0.0818621 0.173652 0)
(-0.0854884 0.173069 0)
(-0.0890529 0.172059 0)
(-0.0925493 0.170614 0)
(-0.0959715 0.168729 0)
(-0.0993137 0.166401 0)
(-0.10257 0.163628 0)
(-0.105736 0.160412 0)
(-0.108807 0.156755 0)
(-0.111779 0.152663 0)
(-0.114648 0.148143 0)
(-0.117411 0.143206 0)
(-0.120068 0.137862 0)
(-0.122616 0.132125 0)
(-0.125056 0.12601 0)
(-0.127388 0.119533 0)
(-0.129614 0.112714 0)
(-0.131737 0.105571 0)
(-0.13376 0.0981233 0)
(-0.135688 0.090392 0)
(-0.137526 0.0823975 0)
(-0.13928 0.0741603 0)
(-0.140958 0.0657004 0)
(-0.142567 0.0570373 0)
(-0.144115 0.0481891 0)
(-0.14561 0.0391729 0)
(-0.147062 0.0300041 0)
(-0.148478 0.0206963 0)
(-0.149867 0.011261 0)
(-0.151237 0.00170834 0)
(-0.152603 -0.00795008 0)
(-0.153955 -0.0177036 0)
(-0.155311 -0.0275555 0)
(-0.156672 -0.0375094 0)
(-0.158043 -0.0475695 0)
(-0.159424 -0.0577408 0)
(-0.160814 -0.0680292 0)
(-0.162207 -0.0784403 0)
(-0.163595 -0.088979 0)
(-0.164964 -0.0996483 0)
(-0.166297 -0.110448 0)
(-0.16757 -0.121373 0)
(-0.168754 -0.132412 0)
(-0.169812 -0.143546 0)
(-0.170704 -0.154747 0)
(-0.17138 -0.165972 0)
(-0.171785 -0.177166 0)
(-0.171859 -0.188258 0)
(-0.171533 -0.199158 0)
(-0.170738 -0.209755 0)
(-0.1694 -0.219918 0)
(-0.167443 -0.229494 0)
(-0.164794 -0.238305 0)
(-0.161383 -0.246154 0)
(-0.157148 -0.252824 0)
(-0.152035 -0.25808 0)
(-0.146007 -0.261676 0)
(-0.139045 -0.263361 0)
(-0.131154 -0.26289 0)
(-0.122366 -0.260029 0)
(-0.112746 -0.254577 0)
(-0.102396 -0.246379 0)
(-0.0914536 -0.235342 0)
(-0.0801012 -0.221462 0)
(-0.0685579 -0.204838 0)
(-0.0570784 -0.185694 0)
(-0.0459441 -0.164387 0)
(-0.0354508 -0.141414 0)
(-0.0258921 -0.117397 0)
(-0.0175421 -0.0930568 0)
(-0.0106349 -0.0691677 0)
(-0.00532933 -0.0465039 0)
(-0.0017213 -0.0257763 0)
(-0.000175729 -0.00758358 0)
(-4.94325e-05 0.0116841 0)
(-0.000439516 0.0325099 0)
(-0.00132245 0.0509514 0)
(-0.0025957 0.067177 0)
(-0.00423675 0.0813786 0)
(-0.00621915 0.0937647 0)
(-0.00850876 0.10455 0)
(-0.0110698 0.113945 0)
(-0.0138667 0.122151 0)
(-0.0168645 0.129353 0)
(-0.0200304 0.135713 0)
(-0.0233344 0.14137 0)
(-0.0267496 0.146437 0)
(-0.0302525 0.151004 0)
(-0.0338225 0.15514 0)
(-0.0374421 0.158891 0)
(-0.0410965 0.16229 0)
(-0.0447727 0.165353 0)
(-0.0484597 0.168088 0)
(-0.0521479 0.170493 0)
(-0.0558286 0.172562 0)
(-0.059494 0.174283 0)
(-0.0631367 0.175643 0)
(-0.0667497 0.17663 0)
(-0.0703265 0.177228 0)
(-0.0738605 0.177425 0)
(-0.0773453 0.177209 0)
(-0.0807747 0.176567 0)
(-0.0841426 0.175493 0)
(-0.0874432 0.173977 0)
(-0.0906706 0.172015 0)
(-0.0938196 0.169605 0)
(-0.0968851 0.166745 0)
(-0.0998624 0.163437 0)
(-0.102747 0.159684 0)
(-0.105536 0.155493 0)
(-0.108227 0.150872 0)
(-0.110816 0.14583 0)
(-0.113303 0.14038 0)
(-0.115686 0.134538 0)
(-0.117967 0.128317 0)
(-0.120146 0.121737 0)
(-0.122226 0.114817 0)
(-0.124209 0.107575 0)
(-0.126099 0.100034 0)
(-0.127901 0.0922137 0)
(-0.129622 0.0841365 0)
(-0.131267 0.0758233 0)
(-0.132843 0.0672949 0)
(-0.134359 0.0585712 0)
(-0.135823 0.049671 0)
(-0.137244 0.0406115 0)
(-0.13863 0.0314083 0)
(-0.139992 0.022075 0)
(-0.141337 0.0126232 0)
(-0.142674 0.0030629 0)
(-0.144021 -0.0065968 0)
(-0.145366 -0.0163459 0)
(-0.146728 -0.0261872 0)
(-0.148111 -0.0361253 0)
(-0.14952 -0.0461665 0)
(-0.150957 -0.0563183 0)
(-0.152423 -0.0665896 0)
(-0.153915 -0.0769896 0)
(-0.155426 -0.087527 0)
(-0.156944 -0.0982094 0)
(-0.158456 -0.109042 0)
(-0.159938 -0.120025 0)
(-0.161365 -0.131153 0)
(-0.162703 -0.142416 0)
(-0.163912 -0.153788 0)
(-0.164942 -0.165238 0)
(-0.165741 -0.176715 0)
(-0.166246 -0.188154 0)
(-0.16639 -0.199471 0)
(-0.166099 -0.210559 0)
(-0.165295 -0.22129 0)
(-0.163899 -0.23151 0)
(-0.161831 -0.241041 0)
(-0.159013 -0.249682 0)
(-0.155374 -0.257205 0)
(-0.150852 -0.263364 0)
(-0.145397 -0.267898 0)
(-0.138979 -0.270535 0)
(-0.131589 -0.271002 0)
(-0.123249 -0.269038 0)
(-0.114009 -0.264405 0)
(-0.103959 -0.25691 0)
(-0.0932315 -0.24642 0)
(-0.0819987 -0.232889 0)
(-0.0704781 -0.216376 0)
(-0.0589269 -0.197071 0)
(-0.0476348 -0.175308 0)
(-0.0369121 -0.151575 0)
(-0.0270737 -0.126503 0)
(-0.0184197 -0.100841 0)
(-0.011214 -0.0754107 0)
(-0.00564412 -0.051046 0)
(-0.00183266 -0.0285226 0)
(-0.000189744 -0.00849726 0)
(-4.16195e-05 0.0118974 0)
(-0.000381642 0.0331321 0)
(-0.00116199 0.0519652 0)
(-0.00230122 0.0685618 0)
(-0.00378516 0.0831098 0)
(-0.00559418 0.0958134 0)
(-0.0077 0.106884 0)
(-0.0100713 0.11653 0)
(-0.0126753 0.124954 0)
(-0.0154794 0.132341 0)
(-0.0184516 0.138854 0)
(-0.0215626 0.144635 0)
(-0.0247854 0.149802 0)
(-0.0280963 0.154447 0)
(-0.0314743 0.158641 0)
(-0.0349016 0.162434 0)
(-0.0383629 0.165861 0)
(-0.0418449 0.16894 0)
(-0.0453366 0.17168 0)
(-0.048828 0.174081 0)
(-0.0523106 0.176137 0)
(-0.0557764 0.177838 0)
(-0.0592185 0.179172 0)
(-0.0626299 0.180125 0)
(-0.0660044 0.180684 0)
(-0.0693356 0.180835 0)
(-0.0726177 0.180566 0)
(-0.0758448 0.179866 0)
(-0.0790111 0.178727 0)
(-0.0821112 0.177142 0)
(-0.0851399 0.175106 0)
(-0.0880922 0.172615 0)
(-0.0909634 0.169671 0)
(-0.0937495 0.166274 0)
(-0.0964468 0.162429 0)
(-0.0990522 0.158142 0)
(-0.101563 0.153423 0)
(-0.103978 0.148282 0)
(-0.106295 0.142732 0)
(-0.108516 0.136789 0)
(-0.110639 0.13047 0)
(-0.112667 0.123792 0)
(-0.114603 0.116777 0)
(-0.116449 0.109444 0)
(-0.11821 0.101817 0)
(-0.11989 0.0939153 0)
(-0.121496 0.0857632 0)
(-0.123035 0.0773821 0)
(-0.124513 0.0687935 0)
(-0.125939 0.0600178 0)
(-0.127322 0.0510743 0)
(-0.12867 0.0419807 0)
(-0.129993 0.0327528 0)
(-0.1313 0.0234042 0)
(-0.132601 0.0139464 0)
(-0.133903 0.004389 0)
(-0.135225 -0.00526042 0)
(-0.136557 -0.0149924 0)
(-0.137918 -0.0248092 0)
(-0.139314 -0.0347167 0)
(-0.14075 -0.0447226 0)
(-0.142231 -0.0548369 0)
(-0.143758 -0.065071 0)
(-0.145331 -0.0754375 0)
(-0.146945 -0.085949 0)
(-0.148592 -0.0966175 0)
(-0.15026 -0.107453 0)
(-0.151928 -0.118462 0)
(-0.153574 -0.129646 0)
(-0.155166 -0.140999 0)
(-0.156665 -0.152507 0)
(-0.158026 -0.164141 0)
(-0.159195 -0.175861 0)
(-0.160111 -0.187609 0)
(-0.160704 -0.199305 0)
(-0.160901 -0.210849 0)
(-0.16062 -0.222117 0)
(-0.159777 -0.232957 0)
(-0.158287 -0.243189 0)
(-0.156066 -0.25261 0)
(-0.153034 -0.260984 0)
(-0.149118 -0.268056 0)
(-0.144258 -0.273548 0)
(-0.138413 -0.277169 0)
(-0.13156 -0.27862 0)
(-0.123706 -0.277611 0)
(-0.114892 -0.273868 0)
(-0.105193 -0.267158 0)
(-0.0947299 -0.257306 0)
(-0.0836683 -0.244219 0)
(-0.0722206 -0.227914 0)
(-0.0606443 -0.208541 0)
(-0.0492354 -0.186405 0)
(-0.0383176 -0.161977 0)
(-0.0282254 -0.135891 0)
(-0.0192851 -0.108921 0)
(-0.011791 -0.0819318 0)
(-0.0059607 -0.0558192 0)
(-0.00194575 -0.0314258 0)
(-0.000204236 -0.00946997 0)
(-3.36777e-05 0.0120797 0)
(-0.000322409 0.0336735 0)
(-0.000997194 0.0528595 0)
(-0.00199789 0.0697984 0)
(-0.00331876 0.0846722 0)
(-0.00494712 0.0976793 0)
(-0.00686082 0.109026 0)
(-0.00903317 0.11892 0)
(-0.0114348 0.127559 0)
(-0.0140351 0.135129 0)
(-0.0168037 0.141796 0)
(-0.0197117 0.147703 0)
(-0.0227324 0.15297 0)
(-0.0258418 0.157693 0)
(-0.0290187 0.161945 0)
(-0.0322449 0.16578 0)
(-0.0355046 0.169233 0)
(-0.0387845 0.172327 0)
(-0.042073 0.175071 0)
(-0.0453602 0.177467 0)
(-0.0486374 0.17951 0)
(-0.051897 0.18119 0)
(-0.0551319 0.182497 0)
(-0.0583356 0.183416 0)
(-0.0615019 0.183934 0)
(-0.0646251 0.184039 0)
(-0.0676994 0.183718 0)
(-0.0707195 0.182961 0)
(-0.0736801 0.181759 0)
(-0.0765761 0.180106 0)
(-0.0794028 0.177996 0)
(-0.0821557 0.175429 0)
(-0.0848307 0.172403 0)
(-0.0874242 0.16892 0)
(-0.0899329 0.164987 0)
(-0.0923543 0.16061 0)
(-0.0946863 0.155797 0)
(-0.0969276 0.150562 0)
(-0.0990776 0.144918 0)
(-0.101137 0.138882 0)
(-0.103105 0.132469 0)
(-0.104986 0.125702 0)
(-0.106781 0.118599 0)
(-0.108494 0.111182 0)
(-0.110129 0.103475 0)
(-0.111692 0.0955008 0)
(-0.113189 0.0872817 0)
(-0.114626 0.0788406 0)
(-0.11601 0.0701999 0)
(-0.117351 0.0613805 0)
(-0.118656 0.0524022 0)
(-0.119935 0.043283 0)
(-0.121197 0.034039 0)
(-0.122451 0.0246841 0)
(-0.123708 0.0152295 0)
(-0.124974 0.00568424 0)
(-0.12627 -0.00394495 0)
(-0.127584 -0.0136488 0)
(-0.128939 -0.0234292 0)
(-0.13034 -0.0332929 0)
(-0.131794 -0.0432491 0)
(-0.133306 -0.0533098 0)
(-0.134881 -0.0634889 0)
(-0.13652 -0.0738018 0)
(-0.138219 -0.0842649 0)
(-0.139975 -0.0948943 0)
(-0.141776 -0.105705 0)
(-0.143607 -0.116709 0)
(-0.145446 -0.127915 0)
(-0.147265 -0.139324 0)
(-0.149029 -0.150927 0)
(-0.150693 -0.162707 0)
(-0.152206 -0.174629 0)
(-0.153507 -0.186644 0)
(-0.154528 -0.19868 0)
(-0.155192 -0.210642 0)
(-0.155417 -0.222412 0)
(-0.155116 -0.233841 0)
(-0.154197 -0.244751 0)
(-0.152571 -0.254934 0)
(-0.150148 -0.264152 0)
(-0.146849 -0.272139 0)
(-0.142602 -0.278603 0)
(-0.137352 -0.283234 0)
(-0.131066 -0.285709 0)
(-0.123736 -0.285707 0)
(-0.115388 -0.28292 0)
(-0.106086 -0.277074 0)
(-0.0959365 -0.267948 0)
(-0.0850965 -0.255402 0)
(-0.0737716 -0.239404 0)
(-0.0622175 -0.22006 0)
(-0.0507345 -0.197639 0)
(-0.0396577 -0.172588 0)
(-0.0293401 -0.145538 0)
(-0.0201335 -0.117281 0)
(-0.0123629 -0.0887232 0)
(-0.00627768 -0.060821 0)
(-0.00206013 -0.0344862 0)
(-0.000219169 -0.0105026 0)
(-2.56805e-05 0.0122304 0)
(-0.000262303 0.0341322 0)
(-0.000829325 0.053631 0)
(-0.00168792 0.070882 0)
(-0.00284075 0.0860596 0)
(-0.00428219 0.0993552 0)
(-0.0059964 0.110969 0)
(-0.0079616 0.121104 0)
(-0.010152 0.129956 0)
(-0.0125395 0.137709 0)
(-0.0150951 0.14453 0)
(-0.0177909 0.150564 0)
(-0.0206004 0.155932 0)
(-0.0234995 0.160733 0)
(-0.0264668 0.165044 0)
(-0.0294838 0.16892 0)
(-0.0325342 0.1724 0)
(-0.0356044 0.175508 0)
(-0.0386827 0.178255 0)
(-0.0417589 0.180645 0)
(-0.0448245 0.182674 0)
(-0.0478718 0.184333 0)
(-0.0508938 0.185611 0)
(-0.0538844 0.186495 0)
(-0.0568376 0.186973 0)
(-0.0597481 0.187032 0)
(-0.0626104 0.18666 0)
(-0.0654198 0.185847 0)
(-0.0681712 0.184584 0)
(-0.0708603 0.182865 0)
(-0.0734827 0.180685 0)
(-0.0760345 0.178043 0)
(-0.0785121 0.174939 0)
(-0.0809123 0.171376 0)
(-0.0832324 0.167359 0)
(-0.0854703 0.162896 0)
(-0.0876246 0.157996 0)
(-0.0896942 0.152673 0)
(-0.091679 0.146941 0)
(-0.0935796 0.140817 0)
(-0.0953973 0.13432 0)
(-0.0971342 0.127468 0)
(-0.0987933 0.120285 0)
(-0.100378 0.112793 0)
(-0.101893 0.105015 0)
(-0.103344 0.0969753 0)
(-0.104737 0.0886971 0)
(-0.106077 0.0802041 0)
(-0.107374 0.0715192 0)
(-0.108634 0.062664 0)
(-0.109866 0.0536587 0)
(-0.11108 0.0445218 0)
(-0.112285 0.0352697 0)
(-0.113489 0.0259164 0)
(-0.114703 0.016473 0)
(-0.115935 0.00694814 0)
(-0.117204 -0.00265249 0)
(-0.118499 -0.0123191 0)
(-0.119843 -0.022053 0)
(-0.121244 -0.0318616 0)
(-0.122708 -0.0417557 0)
(-0.124242 -0.051749 0)
(-0.125853 -0.0618574 0)
(-0.127542 -0.0720989 0)
(-0.12931 -0.0824933 0)
(-0.131155 -0.0930606 0)
(-0.133068 -0.103821 0)
(-0.135038 -0.114791 0)
(-0.137045 -0.125987 0)
(-0.139065 -0.137416 0)
(-0.141065 -0.149078 0)
(-0.143004 -0.160963 0)
(-0.144833 -0.173046 0)
(-0.146492 -0.185286 0)
(-0.147914 -0.197619 0)
(-0.149022 -0.209958 0)
(-0.149733 -0.222192 0)
(-0.149956 -0.234175 0)
(-0.149596 -0.245733 0)
(-0.148557 -0.256657 0)
(-0.146744 -0.266705 0)
(-0.144066 -0.275602 0)
(-0.140442 -0.283045 0)
(-0.135807 -0.288705 0)
(-0.130112 -0.292237 0)
(-0.123337 -0.293289 0)
(-0.115493 -0.29152 0)
(-0.10663 -0.286612 0)
(-0.0968415 -0.278298 0)
(-0.0862719 -0.266388 0)
(-0.075119 -0.250797 0)
(-0.0636347 -0.231582 0)
(-0.0521215 -0.208969 0)
(-0.0409234 -0.183375 0)
(-0.0304107 -0.155418 0)
(-0.0209599 -0.125904 0)
(-0.0129267 -0.0957754 0)
(-0.00659359 -0.0660476 0)
(-0.00217537 -0.0377034 0)
(-0.000234507 -0.0115959 0)
(-1.77051e-05 0.0123491 0)
(-0.000201828 0.034507 0)
(-0.000659696 0.0542775 0)
(-0.00137359 0.0718087 0)
(-0.00235445 0.0872669 0)
(-0.00360376 0.100835 0)
(-0.00511213 0.112705 0)
(-0.00686292 0.123075 0)
(-0.00883415 0.132137 0)
(-0.0110004 0.140072 0)
(-0.0133346 0.147047 0)
(-0.0158096 0.153208 0)
(-0.0183995 0.158679 0)
(-0.0210802 0.163559 0)
(-0.0238301 0.167929 0)
(-0.0266303 0.171847 0)
(-0.0294643 0.175354 0)
(-0.0323182 0.178475 0)
(-0.0351798 0.181226 0)
(-0.0380392 0.183609 0)
(-0.0408874 0.185623 0)
(-0.043717 0.18726 0)
(-0.0465212 0.188509 0)
(-0.049294 0.189359 0)
(-0.0520299 0.189798 0)
(-0.0547238 0.189811 0)
(-0.0573708 0.189389 0)
(-0.0599663 0.188521 0)
(-0.0625061 0.187199 0)
(-0.0649862 0.185417 0)
(-0.0674027 0.183171 0)
(-0.0697523 0.180458 0)
(-0.0720319 0.17728 0)
(-0.0742388 0.173641 0)
(-0.076371 0.169545 0)
(-0.0784267 0.165002 0)
(-0.0804049 0.160021 0)
(-0.0823052 0.154617 0)
(-0.0841278 0.148804 0)
(-0.0858736 0.1426 0)
(-0.0875442 0.136024 0)
(-0.0891419 0.129098 0)
(-0.09067 0.121843 0)
(-0.092132 0.114283 0)
(-0.0935328 0.106442 0)
(-0.0948774 0.0983445 0)
(-0.0961718 0.0900153 0)
(-0.0974227 0.0814784 0)
(-0.0986372 0.0727571 0)
(-0.0998231 0.0638737 0)
(-0.100989 0.0548489 0)
(-0.102143 0.0457017 0)
(-0.103294 0.0364486 0)
(-0.104453 0.0271039 0)
(-0.105628 0.0176791 0)
(-0.106827 0.00818171 0)
(-0.108069 -0.00138342 0)
(-0.109346 -0.0110055 0)
(-0.110677 -0.0206841 0)
(-0.112074 -0.0304283 0)
(-0.113542 -0.0402502 0)
(-0.115091 -0.0501645 0)
(-0.116727 -0.0601888 0)
(-0.118454 -0.0703436 0)
(-0.120276 -0.0806514 0)
(-0.122192 -0.0911361 0)
(-0.124198 -0.101822 0)
(-0.126283 -0.112732 0)
(-0.128434 -0.123887 0)
(-0.130628 -0.135303 0)
(-0.132836 -0.146987 0)
(-0.135021 -0.158938 0)
(-0.137136 -0.171141 0)
(-0.139124 -0.183562 0)
(-0.140918 -0.196148 0)
(-0.142444 -0.208822 0)
(-0.143616 -0.221477 0)
(-0.144342 -0.233976 0)
(-0.144524 -0.246148 0)
(-0.144061 -0.257785 0)
(-0.14285 -0.268642 0)
(-0.140793 -0.278439 0)
(-0.137799 -0.286861 0)
(-0.13379 -0.293563 0)
(-0.128707 -0.298178 0)
(-0.122514 -0.300326 0)
(-0.115207 -0.299629 0)
(-0.106822 -0.295728 0)
(-0.0974374 -0.288309 0)
(-0.087185 -0.277128 0)
(-0.0762523 -0.262046 0)
(-0.0648853 -0.243062 0)
(-0.0533861 -0.220355 0)
(-0.0421061 -0.194302 0)
(-0.0314305 -0.165505 0)
(-0.0217595 -0.134771 0)
(-0.0134796 -0.103077 0)
(-0.006907 -0.0714938 0)
(-0.00229101 -0.0410765 0)
(-0.00025021 -0.0127503 0)
(-9.83357e-06 0.0124358 0)
(-0.000141498 0.0347973 0)
(-0.000489635 0.0547972 0)
(-0.00105721 0.0725759 0)
(-0.00186323 0.08829 0)
(-0.00291627 0.102113 0)
(-0.00421349 0.114228 0)
(-0.00574356 0.124826 0)
(-0.0074886 0.134093 0)
(-0.00942612 0.14221 0)
(-0.0115311 0.149339 0)
(-0.0137775 0.155629 0)
(-0.01614 0.161202 0)
(-0.0185948 0.166164 0)
(-0.0211202 0.170594 0)
(-0.0236968 0.174554 0)
(-0.026308 0.178088 0)
(-0.0289394 0.181223 0)
(-0.0315788 0.183976 0)
(-0.0342158 0.186353 0)
(-0.0368418 0.188351 0)
(-0.0394491 0.189966 0)
(-0.0420312 0.191188 0)
(-0.0445824 0.192004 0)
(-0.0470974 0.192403 0)
(-0.0495715 0.192373 0)
(-0.0520003 0.191903 0)
(-0.0543797 0.190982 0)
(-0.0567059 0.189604 0)
(-0.0589755 0.187761 0)
(-0.0611852 0.185451 0)
(-0.0633321 0.182672 0)
(-0.0654137 0.179426 0)
(-0.0674281 0.175715 0)
(-0.0693734 0.171547 0)
(-0.0712486 0.16693 0)
(-0.0730531 0.161875 0)
(-0.0747869 0.156396 0)
(-0.0764506 0.15051 0)
(-0.0780454 0.144234 0)
(-0.0795733 0.137588 0)
(-0.0810368 0.130595 0)
(-0.082439 0.123276 0)
(-0.083784 0.115657 0)
(-0.0850763 0.107761 0)
(-0.086321 0.0996148 0)
(-0.087524 0.0912429 0)
(-0.0886916 0.08267 0)
(-0.0898307 0.0739201 0)
(-0.0909489 0.065016 0)
(-0.0920539 0.0559788 0)
(-0.0931541 0.0468279 0)
(-0.0942583 0.0375803 0)
(-0.0953755 0.0282505 0)
(-0.0965145 0.0188501 0)
(-0.0976837 0.00938666 0)
(-0.0988987 -0.000135895 0)
(-0.100162 -0.00970728 0)
(-0.101481 -0.0193239 0)
(-0.102872 -0.0289966 0)
(-0.104341 -0.0387381 0)
(-0.105898 -0.0485641 0)
(-0.107551 -0.0584935 0)
(-0.109307 -0.0685487 0)
(-0.11117 -0.0787548 0)
(-0.113141 -0.0891389 0)
(-0.11522 -0.0997294 0)
(-0.117401 -0.110555 0)
(-0.119671 -0.121642 0)
(-0.122014 -0.133012 0)
(-0.124403 -0.144684 0)
(-0.126804 -0.156663 0)
(-0.129174 -0.168943 0)
(-0.13146 -0.181502 0)
(-0.133597 -0.194297 0)
(-0.135511 -0.207259 0)
(-0.137117 -0.220292 0)
(-0.138321 -0.233265 0)
(-0.139024 -0.246013 0)
(-0.139119 -0.25833 0)
(-0.138499 -0.269971 0)
(-0.137057 -0.280651 0)
(-0.134694 -0.290046 0)
(-0.13132 -0.297796 0)
(-0.126862 -0.303513 0)
(-0.121272 -0.306789 0)
(-0.114532 -0.307213 0)
(-0.106659 -0.304384 0)
(-0.0977191 -0.297938 0)
(-0.0878284 -0.287576 0)
(-0.0771627 -0.273101 0)
(-0.0659597 -0.254454 0)
(-0.0545194 -0.231753 0)
(-0.0431977 -0.205335 0)
(-0.0323931 -0.175769 0)
(-0.0225277 -0.143861 0)
(-0.0140186 -0.110615 0)
(-0.00721644 -0.0771534 0)
(-0.00240661 -0.0446036 0)
(-0.000266239 -0.0139661 0)
(-2.14506e-06 0.0124909 0)
(-8.18201e-05 0.0350032 0)
(-0.000320461 0.0551896 0)
(-0.000741096 0.0731818 0)
(-0.00137048 0.0891261 0)
(-0.00222419 0.103185 0)
(-0.00330603 0.115532 0)
(-0.00461012 0.12635 0)
(-0.00612288 0.135819 0)
(-0.00782501 0.144114 0)
(-0.00969371 0.151399 0)
(-0.0117045 0.157817 0)
(-0.0138327 0.163496 0)
(-0.0160548 0.16854 0)
(-0.018349 0.173031 0)
(-0.0206959 0.177035 0)
(-0.0230784 0.180596 0)
(-0.0254818 0.183746 0)
(-0.0278939 0.186502 0)
(-0.030304 0.188872 0)
(-0.0327033 0.190856 0)
(-0.0350845 0.192449 0)
(-0.0374409 0.193642 0)
(-0.0397672 0.194426 0)
(-0.0420584 0.194787 0)
(-0.0443102 0.194714 0)
(-0.0465187 0.194197 0)
(-0.0486802 0.193227 0)
(-0.0507915 0.191795 0)
(-0.0528497 0.189896 0)
(-0.0548521 0.187527 0)
(-0.0567963 0.184687 0)
(-0.0586806 0.181376 0)
(-0.0605033 0.177601 0)
(-0.0622633 0.173366 0)
(-0.06396 0.168682 0)
(-0.0655934 0.16356 0)
(-0.0671637 0.158015 0)
(-0.0686721 0.152063 0)
(-0.07012 0.145723 0)
(-0.0715097 0.139016 0)
(-0.0728438 0.131964 0)
(-0.0741257 0.124591 0)
(-0.0753594 0.11692 0)
(-0.0765493 0.108979 0)
(-0.0777005 0.100793 0)
(-0.0788186 0.0923864 0)
(-0.0799096 0.0837856 0)
(-0.0809802 0.0750149 0)
(-0.0820374 0.0660973 0)
(-0.0830886 0.0570547 0)
(-0.0841416 0.0479065 0)
(-0.0852046 0.0386703 0)
(-0.0862861 0.0293608 0)
(-0.0873946 0.0199898 0)
(-0.0885383 0.0105655 0)
(-0.0897275 0.00109254 0)
(-0.0909813 -0.00842187 0)
(-0.0922902 -0.0179719 0)
(-0.0936747 -0.0275681 0)
(-0.0951432 -0.0372233 0)
(-0.0967049 -0.0469539 0)
(-0.0983691 -0.0567799 0)
(-0.100144 -0.0667251 0)
(-0.102036 -0.0768168 0)
(-0.10405 -0.087085 0)
(-0.106187 -0.097562 0)
(-0.108443 -0.108281 0)
(-0.110812 -0.119274 0)
(-0.113278 -0.130571 0)
(-0.11582 -0.142196 0)
(-0.118409 -0.154166 0)
(-0.121005 -0.166484 0)
(-0.123557 -0.179138 0)
(-0.126005 -0.192096 0)
(-0.128276 -0.205301 0)
(-0.130286 -0.218665 0)
(-0.131941 -0.232067 0)
(-0.13314 -0.245348 0)
(-0.133773 -0.258308 0)
(-0.133727 -0.270702 0)
(-0.13289 -0.282243 0)
(-0.131152 -0.292597 0)
(-0.128415 -0.301394 0)
(-0.124592 -0.308224 0)
(-0.119623 -0.312656 0)
(-0.113472 -0.314243 0)
(-0.106143 -0.312543 0)
(-0.0976841 -0.307143 0)
(-0.0881966 -0.297688 0)
(-0.0778426 -0.283919 0)
(-0.0668498 -0.265711 0)
(-0.0555131 -0.243122 0)
(-0.0441907 -0.216434 0)
(-0.0332921 -0.186179 0)
(-0.02326 -0.153153 0)
(-0.0145409 -0.118375 0)
(-0.00752048 -0.0830189 0)
(-0.00252171 -0.0482822 0)
(-0.000282551 -0.0152432 0)
(5.33989e-06 0.0125147 0)
(-2.31654e-05 0.0351253 0)
(-0.000153387 0.055455 0)
(-0.000427488 0.0736259 0)
(-0.000879514 0.0897732 0)
(-0.00153199 0.104048 0)
(-0.00239533 0.116614 0)
(-0.00346921 0.127642 0)
(-0.00474456 0.137308 0)
(-0.00620556 0.14578 0)
(-0.00783186 0.153219 0)
(-0.00960062 0.159768 0)
(-0.0114881 0.165553 0)
(-0.0134713 0.17068 0)
(-0.0155285 0.175235 0)
(-0.01764 0.179284 0)
(-0.0197886 0.182874 0)
(-0.0219594 0.186039 0)
(-0.0241397 0.188798 0)
(-0.0263188 0.191162 0)
(-0.0284879 0.193132 0)
(-0.0306394 0.194704 0)
(-0.0327672 0.19587 0)
(-0.034866 0.196621 0)
(-0.0369311 0.196946 0)
(-0.0389587 0.196833 0)
(-0.0409453 0.196272 0)
(-0.0428877 0.195255 0)
(-0.0447833 0.193773 0)
(-0.0466296 0.191822 0)
(-0.0484246 0.189398 0)
(-0.0501667 0.186501 0)
(-0.0518543 0.183133 0)
(-0.0534867 0.179298 0)
(-0.0550631 0.175004 0)
(-0.0565836 0.17026 0)
(-0.0580484 0.165079 0)
(-0.0594585 0.159475 0)
(-0.0608151 0.153467 0)
(-0.0621202 0.147072 0)
(-0.0633761 0.140312 0)
(-0.0645858 0.133211 0)
(-0.0657526 0.125792 0)
(-0.0668805 0.118081 0)
(-0.067974 0.110103 0)
(-0.0690379 0.101885 0)
(-0.0700775 0.0934525 0)
(-0.0710986 0.0848321 0)
(-0.0721074 0.0760483 0)
(-0.0731105 0.0671248 0)
(-0.0741148 0.0580835 0)
(-0.0751275 0.0489443 0)
(-0.0761561 0.0397251 0)
(-0.0772087 0.030441 0)
(-0.0782934 0.0211041 0)
(-0.079418 0.0117232 0)
(-0.0805909 0.00230423 0)
(-0.0818331 -0.00714778 0)
(-0.083133 -0.0166275 0)
(-0.0845123 -0.0261433 0)
(-0.0859791 -0.035708 0)
(-0.0875432 -0.045338 0)
(-0.0892146 -0.055054 0)
(-0.091003 -0.0648812 0)
(-0.0929164 -0.0748484 0)
(-0.0949613 -0.0849883 0)
(-0.0971414 -0.0953362 0)
(-0.099457 -0.10593 0)
(-0.101904 -0.116807 0)
(-0.104471 -0.128003 0)
(-0.107142 -0.139552 0)
(-0.109891 -0.151477 0)
(-0.112682 -0.163794 0)
(-0.11547 -0.176501 0)
(-0.118196 -0.189578 0)
(-0.120791 -0.202978 0)
(-0.123174 -0.216625 0)
(-0.12525 -0.230409 0)
(-0.126917 -0.244179 0)
(-0.128063 -0.25774 0)
(-0.128572 -0.270852 0)
(-0.128324 -0.283224 0)
(-0.127203 -0.294519 0)
(-0.125099 -0.304354 0)
(-0.121916 -0.312303 0)
(-0.117578 -0.317909 0)
(-0.112036 -0.320693 0)
(-0.105277 -0.320173 0)
(-0.0973317 -0.315887 0)
(-0.088286 -0.307421 0)
(-0.0782864 -0.294453 0)
(-0.0675483 -0.276789 0)
(-0.0563596 -0.254418 0)
(-0.0450781 -0.227561 0)
(-0.0341218 -0.196705 0)
(-0.023952 -0.162621 0)
(-0.0150436 -0.126342 0)
(-0.00781771 -0.0890816 0)
(-0.00263587 -0.0521091 0)
(-0.000299108 -0.0165815 0)
(1.27574e-05 0.0125079 0)
(3.45292e-05 0.0351647 0)
(1.08796e-05 0.0555938 0)
(-0.000118272 0.0739085 0)
(-0.000393503 0.0902309 0)
(-0.000844088 0.104701 0)
(-0.00148693 0.117469 0)
(-0.00232743 0.128699 0)
(-0.00336131 0.138555 0)
(-0.00457631 0.147201 0)
(-0.00595487 0.154794 0)
(-0.00747607 0.161473 0)
(-0.00911728 0.167367 0)
(-0.010856 0.17258 0)
(-0.0126709 0.1772 0)
(-0.0145421 0.181295 0)
(-0.0164522 0.184916 0)
(-0.018386 0.188097 0)
(-0.0203307 0.190861 0)
(-0.0222753 0.19322 0)
(-0.024211 0.195176 0)
(-0.0261302 0.196728 0)
(-0.028027 0.197869 0)
(-0.0298961 0.198589 0)
(-0.0317335 0.198879 0)
(-0.0335354 0.198728 0)
(-0.0352989 0.198126 0)
(-0.0370215 0.197065 0)
(-0.0387009 0.195537 0)
(-0.0403354 0.193538 0)
(-0.0419234 0.191064 0)
(-0.0434638 0.188116 0)
(-0.044956 0.184696 0)
(-0.0463994 0.180809 0)
(-0.0477942 0.176463 0)
(-0.0491406 0.171667 0)
(-0.0504396 0.166435 0)
(-0.0516924 0.160782 0)
(-0.0529008 0.154725 0)
(-0.0540668 0.148284 0)
(-0.0551932 0.141482 0)
(-0.056283 0.134341 0)
(-0.0573397 0.126886 0)
(-0.0583671 0.119142 0)
(-0.0593697 0.111137 0)
(-0.060352 0.102897 0)
(-0.0613192 0.0944475 0)
(-0.0622766 0.085816 0)
(-0.0632301 0.0770272 0)
(-0.0641857 0.0681051 0)
(-0.0651497 0.059072 0)
(-0.0661288 0.0499483 0)
(-0.0671299 0.0407519 0)
(-0.0681604 0.0314982 0)
(-0.069228 0.0221999 0)
(-0.0703394 0.0128664 0)
(-0.071502 0.00350426 0)
(-0.0727364 -0.00588272 0)
(-0.0740307 -0.015289 0)
(-0.0754069 -0.0247216 0)
(-0.0768731 -0.0341925 0)
(-0.0784391 -0.0437183 0)
(-0.0801159 -0.0533199 0)
(-0.0819137 -0.0630232 0)
(-0.0838422 -0.0728583 0)
(-0.0859096 -0.0828599 0)
(-0.088122 -0.0930662 0)
(-0.0904825 -0.103518 0)
(-0.0929902 -0.11426 0)
(-0.0956388 -0.125332 0)
(-0.098415 -0.136776 0)
(-0.101298 -0.148625 0)
(-0.104256 -0.160904 0)
(-0.107249 -0.173623 0)
(-0.110222 -0.186774 0)
(-0.113108 -0.200322 0)
(-0.11583 -0.214205 0)
(-0.118295 -0.228322 0)
(-0.1204 -0.242533 0)
(-0.122032 -0.256651 0)
(-0.123071 -0.270439 0)
(-0.123393 -0.28361 0)
(-0.122874 -0.295821 0)
(-0.121396 -0.306679 0)
(-0.118851 -0.315744 0)
(-0.115151 -0.322535 0)
(-0.110232 -0.326544 0)
(-0.104065 -0.327247 0)
(-0.0966632 -0.324135 0)
(-0.0880946 -0.316737 0)
(-0.0784894 -0.304661 0)
(-0.0680493 -0.287643 0)
(-0.0570524 -0.265598 0)
(-0.0458535 -0.238677 0)
(-0.0348767 -0.207311 0)
(-0.0245995 -0.172241 0)
(-0.0155242 -0.134497 0)
(-0.00810674 -0.0953317 0)
(-0.00274864 -0.0560804 0)
(-0.000315868 -0.0179805 0)
(2.01577e-05 0.012471 0)
(9.14341e-05 0.0351239 0)
(0.000172651 0.0556093 0)
(0.000186077 0.0740299 0)
(8.50908e-05 0.090498 0)
(-0.000164716 0.105142 0)
(-0.000586332 0.118098 0)
(-0.00119151 0.129517 0)
(-0.00198089 0.139557 0)
(-0.00294592 0.148374 0)
(-0.00407226 0.156118 0)
(-0.00534112 0.16293 0)
(-0.00673108 0.168933 0)
(-0.0082205 0.174234 0)
(-0.00978834 0.178921 0)
(-0.0114148 0.183065 0)
(-0.0130824 0.186718 0)
(-0.0147755 0.189917 0)
(-0.0164813 0.192688 0)
(-0.0181885 0.195042 0)
(-0.0198883 0.196987 0)
(-0.021573 0.19852 0)
(-0.0232368 0.199636 0)
(-0.0248748 0.200328 0)
(-0.026483 0.200585 0)
(-0.0280584 0.200398 0)
(-0.0295982 0.199758 0)
(-0.0311006 0.198657 0)
(-0.0325637 0.197087 0)
(-0.0339865 0.195044 0)
(-0.0353681 0.192526 0)
(-0.0367078 0.189534 0)
(-0.0380056 0.186069 0)
(-0.0392617 0.182136 0)
(-0.0404766 0.177745 0)
(-0.0416512 0.172906 0)
(-0.0427869 0.167631 0)
(-0.0438853 0.161937 0)
(-0.0449486 0.155841 0)
(-0.0459791 0.149365 0)
(-0.0469798 0.142529 0)
(-0.0479538 0.135358 0)
(-0.0489047 0.127876 0)
(-0.0498364 0.120111 0)
(-0.0507531 0.112088 0)
(-0.0516591 0.103834 0)
(-0.0525592 0.0953775 0)
(-0.0534586 0.0867434 0)
(-0.0543626 0.0779578 0)
(-0.0552767 0.0690448 0)
(-0.0562066 0.060027 0)
(-0.0571585 0.050925 0)
(-0.0581385 0.0417571 0)
(-0.0591534 0.032539 0)
(-0.06021 0.0232837 0)
(-0.0613144 0.0140011 0)
(-0.0624725 0.00469786 0)
(-0.0637043 -0.00462231 0)
(-0.0649976 -0.0139532 0)
(-0.0663741 -0.0233006 0)
(-0.0678423 -0.0326758 0)
(-0.0694118 -0.042095 0)
(-0.0710939 -0.0515794 0)
(-0.0728995 -0.0611548 0)
(-0.0748394 -0.0708525 0)
(-0.0769233 -0.0807084 0)
(-0.0791595 -0.0907632 0)
(-0.0815537 -0.101061 0)
(-0.0841081 -0.11165 0)
(-0.0868201 -0.122578 0)
(-0.0896809 -0.133892 0)
(-0.0926738 -0.145636 0)
(-0.0957727 -0.157843 0)
(-0.0989408 -0.170535 0)
(-0.102129 -0.183717 0)
(-0.105275 -0.197368 0)
(-0.108303 -0.211437 0)
(-0.111123 -0.225838 0)
(-0.113634 -0.24044 0)
(-0.115722 -0.255067 0)
(-0.117264 -0.269489 0)
(-0.118132 -0.283419 0)
(-0.118198 -0.296514 0)
(-0.117333 -0.308374 0)
(-0.115421 -0.318546 0)
(-0.112361 -0.326527 0)
(-0.108074 -0.331779 0)
(-0.102516 -0.333743 0)
(-0.0956817 -0.331859 0)
(-0.0876218 -0.325598 0)
(-0.0784486 -0.314502 0)
(-0.0683477 -0.298231 0)
(-0.0575854 -0.27662 0)
(-0.046511 -0.249742 0)
(-0.0355516 -0.217965 0)
(-0.0251986 -0.181984 0)
(-0.01598 -0.142822 0)
(-0.00838621 -0.101758 0)
(-0.00285959 -0.0601915 0)
(-0.000332794 -0.0194395 0)
(2.72967e-05 0.0124042 0)
(0.000147131 0.0350031 0)
(0.00033152 0.0555035 0)
(0.000485202 0.0739962 0)
(0.000555798 0.0905806 0)
(0.000504228 0.105371 0)
(0.000301911 0.118495 0)
(-6.81938e-05 0.130094 0)
(-0.000611303 0.140311 0)
(-0.00132333 0.149293 0)
(-0.00219383 0.157189 0)
(-0.0032063 0.164132 0)
(-0.00434064 0.170246 0)
(-0.00557645 0.175637 0)
(-0.00689325 0.180394 0)
(-0.00827121 0.184589 0)
(-0.00969258 0.188276 0)
(-0.0111419 0.191496 0)
(-0.012606 0.194274 0)
(-0.0140735 0.196627 0)
(-0.0155352 0.198561 0)
(-0.0169837 0.200077 0)
(-0.0184131 0.201171 0)
(-0.0198188 0.201835 0)
(-0.0211971 0.202063 0)
(-0.0225453 0.201843 0)
(-0.0238612 0.201168 0)
(-0.0251432 0.20003 0)
(-0.0263903 0.198423 0)
(-0.0276019 0.196342 0)
(-0.0287777 0.193785 0)
(-0.0299177 0.190754 0)
(-0.0310224 0.18725 0)
(-0.0320926 0.18328 0)
(-0.0331294 0.178853 0)
(-0.0341342 0.173978 0)
(-0.0351088 0.168669 0)
(-0.0360554 0.162944 0)
(-0.0369763 0.156819 0)
(-0.0378744 0.150316 0)
(-0.0387527 0.143457 0)
(-0.0396145 0.136266 0)
(-0.0404635 0.128769 0)
(-0.0413035 0.120991 0)
(-0.0421385 0.11296 0)
(-0.0429727 0.104703 0)
(-0.0438105 0.0962475 0)
(-0.0446568 0.0876198 0)
(-0.0455163 0.0788456 0)
(-0.0463941 0.0699495 0)
(-0.0472954 0.0609543 0)
(-0.0482257 0.0518806 0)
(-0.0491904 0.042747 0)
(-0.0501955 0.0335696 0)
(-0.051247 0.0243616 0)
(-0.0523501 0.0151331 0)
(-0.0535098 0.00589093 0)
(-0.0547449 -0.00336108 0)
(-0.0560424 -0.0126155 0)
(-0.0574241 -0.0218766 0)
(-0.0588981 -0.031155 0)
(-0.0604742 -0.0404666 0)
(-0.0621634 -0.0498321 0)
(-0.0639773 -0.0592776 0)
(-0.0659272 -0.0688345 0)
(-0.0680242 -0.0785398 0)
(-0.0702783 -0.0884358 0)
(-0.0726976 -0.0985698 0)
(-0.0752873 -0.108993 0)
(-0.0780482 -0.119759 0)
(-0.0809756 -0.130922 0)
(-0.0840573 -0.142533 0)
(-0.0872723 -0.154637 0)
(-0.0905886 -0.167267 0)
(-0.0939621 -0.180439 0)
(-0.0973353 -0.194147 0)
(-0.100636 -0.208355 0)
(-0.103778 -0.222989 0)
(-0.106662 -0.237933 0)
(-0.109173 -0.253019 0)
(-0.111189 -0.268026 0)
(-0.112578 -0.282674 0)
(-0.113205 -0.296617 0)
(-0.112937 -0.309453 0)
(-0.111648 -0.320714 0)
(-0.109224 -0.329881 0)
(-0.105574 -0.336388 0)
(-0.100637 -0.33964 0)
(-0.0943914 -0.33903 0)
(-0.0868684 -0.333973 0)
(-0.0781616 -0.323939 0)
(-0.0684392 -0.308512 0)
(-0.0579534 -0.287442 0)
(-0.047045 -0.260717 0)
(-0.0361414 -0.22863 0)
(-0.0257453 -0.191824 0)
(-0.0164083 -0.151297 0)
(-0.00865478 -0.108349 0)
(-0.0029683 -0.0644371 0)
(-0.000349849 -0.0209578 0)
(3.40341e-05 0.0123085 0)
(0.00020089 0.0348041 0)
(0.000486021 0.0552776 0)
(0.00077751 0.0738073 0)
(0.00101737 0.0904795 0)
(0.00116127 0.105395 0)
(0.00117536 0.118669 0)
(0.00103853 0.130429 0)
(0.000741161 0.140811 0)
(0.000282644 0.149955 0)
(-0.000330006 0.158003 0)
(-0.00108251 0.165078 0)
(-0.00195743 0.171303 0)
(-0.00293597 0.176787 0)
(-0.00399816 0.181616 0)
(-0.00512417 0.185864 0)
(-0.00629628 0.189588 0)
(-0.00749909 0.192831 0)
(-0.00871913 0.195619 0)
(-0.00994488 0.197971 0)
(-0.011167 0.199897 0)
(-0.0123779 0.201398 0)
(-0.013572 0.202471 0)
(-0.0147447 0.203112 0)
(-0.0158926 0.203312 0)
(-0.0170134 0.203062 0)
(-0.0181053 0.202356 0)
(-0.0191673 0.201186 0)
(-0.0201988 0.199546 0)
(-0.0211998 0.197432 0)
(-0.0221706 0.194842 0)
(-0.0231119 0.191778 0)
(-0.0240247 0.188243 0)
(-0.0249104 0.184243 0)
(-0.0257706 0.179787 0)
(-0.0266073 0.174885 0)
(-0.0274229 0.169552 0)
(-0.0282197 0.163805 0)
(-0.0290007 0.157661 0)
(-0.0297688 0.151141 0)
(-0.0305274 0.144269 0)
(-0.0312799 0.137069 0)
(-0.0320301 0.129566 0)
(-0.0327816 0.121786 0)
(-0.0335384 0.113757 0)
(-0.0343044 0.105507 0)
(-0.0350838 0.097062 0)
(-0.0358808 0.0884495 0)
(-0.0367 0.0796955 0)
(-0.037546 0.0708243 0)
(-0.0384233 0.061859 0)
(-0.0393367 0.0528203 0)
(-0.0402911 0.0437271 0)
(-0.0412914 0.0345955 0)
(-0.0423431 0.025439 0)
(-0.0434504 0.0162681 0)
(-0.0446174 0.00708956 0)
(-0.0458618 -0.00209322 0)
(-0.0471695 -0.0112708 0)
(-0.0485615 -0.0204448 0)
(-0.0500465 -0.0296259 0)
(-0.0516335 -0.0388297 0)
(-0.0533333 -0.0480762 0)
(-0.0551577 -0.057391 0)
(-0.0571184 -0.0668056 0)
(-0.0592275 -0.0763573 0)
(-0.0614964 -0.0860898 0)
(-0.0639351 -0.0960524 0)
(-0.0665515 -0.1063 0)
(-0.0693496 -0.11689 0)
(-0.0723287 -0.127883 0)
(-0.075481 -0.139339 0)
(-0.0787903 -0.151311 0)
(-0.0822299 -0.163845 0)
(-0.0857608 -0.17697 0)
(-0.0893307 -0.190693 0)
(-0.0928722 -0.204993 0)
(-0.0963026 -0.219811 0)
(-0.0995245 -0.235044 0)
(-0.102426 -0.250538 0)
(-0.104883 -0.266082 0)
(-0.106764 -0.2814 0)
(-0.107928 -0.296152 0)
(-0.108237 -0.309929 0)
(-0.107555 -0.322257 0)
(-0.10576 -0.332599 0)
(-0.102747 -0.340365 0)
(-0.0984386 -0.344925 0)
(-0.0927979 -0.345628 0)
(-0.085836 -0.34183 0)
(-0.0776271 -0.332936 0)
(-0.0683203 -0.318445 0)
(-0.0581513 -0.298021 0)
(-0.0474502 -0.271561 0)
(-0.0366413 -0.239272 0)
(-0.0262359 -0.201729 0)
(-0.0168067 -0.1599 0)
(-0.00891112 -0.115092 0)
(-0.00307434 -0.0688112 0)
(-0.000366998 -0.0225341 0)
(4.03428e-05 0.0121852 0)
(0.000252306 0.0345295 0)
(0.000634967 0.0549347 0)
(0.00106086 0.0734662 0)
(0.00146671 0.0901968 0)
(0.00180318 0.105214 0)
(0.00203137 0.118619 0)
(0.00212554 0.130527 0)
(0.00207166 0.141065 0)
(0.00186537 0.150363 0)
(0.00151131 0.158553 0)
(0.00102031 0.165759 0)
(0.000406832 0.172098 0)
(-0.000311877 0.177679 0)
(-0.00111605 0.182583 0)
(-0.00198696 0.186888 0)
(-0.00290708 0.190652 0)
(-0.00386105 0.193919 0)
(-0.00483517 0.19672 0)
(-0.00581757 0.199075 0)
(-0.00679875 0.200994 0)
(-0.00777124 0.202482 0)
(-0.0087293 0.203537 0)
(-0.00966861 0.204156 0)
(-0.0105861 0.204331 0)
(-0.0114795 0.204056 0)
(-0.0123477 0.203322 0)
(-0.01319 0.202124 0)
(-0.0140065 0.200455 0)
(-0.0147976 0.198314 0)
(-0.0155643 0.195698 0)
(-0.0163079 0.192608 0)
(-0.0170299 0.189049 0)
(-0.0177323 0.185026 0)
(-0.0184173 0.18055 0)
(-0.0190875 0.17563 0)
(-0.0197455 0.170282 0)
(-0.0203943 0.164522 0)
(-0.0210371 0.158368 0)
(-0.0216772 0.151843 0)
(-0.0223181 0.144968 0)
(-0.0229635 0.137769 0)
(-0.0236171 0.130271 0)
(-0.0242826 0.1225 0)
(-0.0249638 0.114483 0)
(-0.0256644 0.106249 0)
(-0.0263881 0.0978243 0)
(-0.027139 0.0892364 0)
(-0.0279211 0.0805112 0)
(-0.0287386 0.0716732 0)
(-0.0295955 0.0627454 0)
(-0.0304959 0.0537487 0)
(-0.0314439 0.044702 0)
(-0.0324438 0.0356216 0)
(-0.0335 0.0265211 0)
(-0.0346161 0.0174114 0)
(-0.0357954 0.00829925 0)
(-0.0370536 -0.000812841 0)
(-0.0383787 -0.00991298 0)
(-0.0397872 -0.0189993 0)
(-0.0412891 -0.0280832 0)
(-0.0428925 -0.0371798 0)
(-0.0446077 -0.046308 0)
(-0.0464462 -0.0554926 0)
(-0.0484204 -0.0647648 0)
(-0.0505426 -0.074162 0)
(-0.0528255 -0.0837284 0)
(-0.0552806 -0.0935148 0)
(-0.0579182 -0.103579 0)
(-0.0607451 -0.113982 0)
(-0.0637641 -0.124791 0)
(-0.0669717 -0.136071 0)
(-0.0703565 -0.147888 0)
(-0.073897 -0.160296 0)
(-0.0775598 -0.173338 0)
(-0.0812977 -0.187035 0)
(-0.0850485 -0.201382 0)
(-0.0887341 -0.216335 0)
(-0.0922605 -0.231808 0)
(-0.0955181 -0.247658 0)
(-0.098384 -0.263686 0)
(-0.100724 -0.279627 0)
(-0.102397 -0.295142 0)
(-0.103259 -0.309823 0)
(-0.103166 -0.323188 0)
(-0.101988 -0.334687 0)
(-0.0996063 -0.343708 0)
(-0.0959311 -0.349588 0)
(-0.0909072 -0.351634 0)
(-0.084527 -0.349145 0)
(-0.0768442 -0.341459 0)
(-0.0679876 -0.327993 0)
(-0.0581746 -0.308319 0)
(-0.0477214 -0.282234 0)
(-0.0370466 -0.249853 0)
(-0.0266664 -0.211671 0)
(-0.0171726 -0.16861 0)
(-0.00915387 -0.121972 0)
(-0.00317729 -0.0733072 0)
(-0.000384208 -0.0241671 0)
(4.62182e-05 0.0120356 0)
(0.000301142 0.0341822 0)
(0.000777524 0.0544785 0)
(0.00133354 0.072977 0)
(0.00190114 0.0897366 0)
(0.00242632 0.10483 0)
(0.00286532 0.118347 0)
(0.00318774 0.130389 0)
(0.00337533 0.141072 0)
(0.00342014 0.150516 0)
(0.00332352 0.158846 0)
(0.00309321 0.166181 0)
(0.00274149 0.172634 0)
(0.00228474 0.178308 0)
(0.00174086 0.18329 0)
(0.00112725 0.187655 0)
(0.000461063 0.191462 0)
(-0.000242402 0.194759 0)
(-0.000968743 0.197576 0)
(-0.00170632 0.199935 0)
(-0.00244557 0.201851 0)
(-0.00317892 0.203328 0)
(-0.00390063 0.204369 0)
(-0.00460648 0.204968 0)
(-0.00529358 0.205122 0)
(-0.00596007 0.204824 0)
(-0.006605 0.204067 0)
(-0.00722828 0.202845 0)
(-0.00783041 0.201153 0)
(-0.00841245 0.198989 0)
(-0.00897589 0.196352 0)
(-0.00952261 0.193244 0)
(-0.0100548 0.189668 0)
(-0.010575 0.185631 0)
(-0.0110859 0.181142 0)
(-0.0115906 0.176213 0)
(-0.0120923 0.170859 0)
(-0.0125943 0.165096 0)
(-0.0131001 0.158944 0)
(-0.0136135 0.152423 0)
(-0.0141381 0.145556 0)
(-0.0146778 0.138368 0)
(-0.0152363 0.130885 0)
(-0.0158174 0.123133 0)
(-0.0164248 0.11514 0)
(-0.0170618 0.106932 0)
(-0.0177317 0.0985369 0)
(-0.0184383 0.089983 0)
(-0.0191856 0.0812956 0)
(-0.019977 0.0724992 0)
(-0.0208161 0.0636168 0)
(-0.0217063 0.0546693 0)
(-0.0226511 0.0456755 0)
(-0.023654 0.0366518 0)
(-0.0247182 0.0276118 0)
(-0.0258468 0.0185666 0)
(-0.027042 0.00952387 0)
(-0.0283113 0.00048729 0)
(-0.0296673 -0.00853406 0)
(-0.0310991 -0.0175327 0)
(-0.0326246 -0.0265204 0)
(-0.0342506 -0.0355112 0)
(-0.0359865 -0.0445226 0)
(-0.0378442 -0.0535785 0)
(-0.0398358 -0.0627093 0)
(-0.0419741 -0.0719525 0)
(-0.0442723 -0.081352 0)
(-0.0467433 -0.0909599 0)
(-0.0493991 -0.100835 0)
(-0.0522492 -0.111044 0)
(-0.0552995 -0.121657 0)
(-0.0585503 -0.132746 0)
(-0.0619949 -0.144386 0)
(-0.065617 -0.156641 0)
(-0.0693885 -0.169569 0)
(-0.073268 -0.183203 0)
(-0.0771988 -0.197555 0)
(-0.0811078 -0.212597 0)
(-0.0849051 -0.228258 0)
(-0.0884845 -0.244413 0)
(-0.0917247 -0.260873 0)
(-0.0944919 -0.277384 0)
(-0.096643 -0.293615 0)
(-0.0980299 -0.309157 0)
(-0.0985049 -0.323525 0)
(-0.0979268 -0.336157 0)
(-0.0961684 -0.34642 0)
(-0.0931252 -0.353624 0)
(-0.0887258 -0.357033 0)
(-0.0829439 -0.355895 0)
(-0.0758123 -0.349478 0)
(-0.0674382 -0.33712 0)
(-0.0580187 -0.318294 0)
(-0.0478536 -0.292697 0)
(-0.0373523 -0.260335 0)
(-0.027033 -0.221618 0)
(-0.0175033 -0.177401 0)
(-0.00938165 -0.128974 0)
(-0.00327671 -0.0779178 0)
(-0.000401447 -0.0258555 0)
(5.16524e-05 0.0118612 0)
(0.000347202 0.0337654 0)
(0.000913021 0.0539134 0)
(0.00159422 0.0723444 0)
(0.00231846 0.0891033 0)
(0.00302749 0.104249 0)
(0.00367294 0.117857 0)
(0.00421995 0.130017 0)
(0.00464617 0.140833 0)
(0.00494001 0.150415 0)
(0.0050993 0.158881 0)
(0.00512892 0.166342 0)
(0.00503906 0.172908 0)
(0.00484426 0.178679 0)
(0.00456084 0.18374 0)
(0.00420528 0.188167 0)
(0.00379416 0.19202 0)
(0.00334309 0.195348 0)
(0.00286601 0.198184 0)
(0.00237433 0.200551 0)
(0.0018777 0.202466 0)
(0.00138385 0.203937 0)
(0.000898583 0.204965 0)
(0.000426079 0.205549 0)
(-3.1002e-05 0.205685 0)
(-0.000470987 0.205368 0)
(-0.000893266 0.204591 0)
(-0.00129819 0.20335 0)
(-0.00168677 0.20164 0)
(-0.00206057 0.19946 0)
(-0.00242164 0.196808 0)
(-0.00277243 0.193687 0)
(-0.00311572 0.190102 0)
(-0.00345456 0.186058 0)
(-0.00379228 0.181566 0)
(-0.00413237 0.176637 0)
(-0.00447851 0.171286 0)
(-0.00483449 0.16553 0)
(-0.00520419 0.159388 0)
(-0.00559155 0.152881 0)
(-0.00600054 0.146032 0)
(-0.0064351 0.138867 0)
(-0.00689913 0.13141 0)
(-0.00739648 0.123688 0)
(-0.00793076 0.115727 0)
(-0.00850501 0.107556 0)
(-0.0091221 0.0992009 0)
(-0.00978562 0.0906905 0)
(-0.0104992 0.0820501 0)
(-0.011266 0.0733039 0)
(-0.0120889 0.0644749 0)
(-0.0129708 0.055584 0)
(-0.0139145 0.0466498 0)
(-0.0149229 0.0376887 0)
(-0.0159987 0.0287143 0)
(-0.017144 0.0197374 0)
(-0.0183602 0.0107672 0)
(-0.019651 0.00180991 0)
(-0.021036 -0.00712826 0)
(-0.022496 -0.0160389 0)
(-0.0240505 -0.0249314 0)
(-0.0257045 -0.033818 0)
(-0.0274668 -0.0427145 0)
(-0.029349 -0.0516434 0)
(-0.0313633 -0.0606349 0)
(-0.0335221 -0.0697257 0)
(-0.0358387 -0.0789594 0)
(-0.0383273 -0.0883882 0)
(-0.041001 -0.098073 0)
(-0.0438714 -0.108082 0)
(-0.0469472 -0.11849 0)
(-0.0502323 -0.129376 0)
(-0.0537242 -0.140821 0)
(-0.0574115 -0.152902 0)
(-0.0612716 -0.165686 0)
(-0.0652689 -0.179224 0)
(-0.0693524 -0.193542 0)
(-0.0734545 -0.208628 0)
(-0.0774902 -0.224429 0)
(-0.0813572 -0.240837 0)
(-0.084937 -0.257677 0)
(-0.088097 -0.274706 0)
(-0.0906937 -0.291601 0)
(-0.0925766 -0.307958 0)
(-0.0935934 -0.323288 0)
(-0.093596 -0.337021 0)
(-0.0924476 -0.348508 0)
(-0.0900313 -0.35703 0)
(-0.0862602 -0.361815 0)
(-0.0810894 -0.36206 0)
(-0.0745308 -0.356968 0)
(-0.066669 -0.345792 0)
(-0.0576789 -0.32791 0)
(-0.0478414 -0.302908 0)
(-0.0375534 -0.270682 0)
(-0.0273315 -0.231536 0)
(-0.017796 -0.18625 0)
(-0.00959297 -0.136082 0)
(-0.00337213 -0.082635 0)
(-0.000418681 -0.0275973 0)
(5.66361e-05 0.0116636 0)
(0.000390316 0.033283 0)
(0.00104088 0.0532442 0)
(0.00184169 0.0715736 0)
(0.00271672 0.0883025 0)
(0.00360389 0.103476 0)
(0.00445049 0.117154 0)
(0.00521745 0.129416 0)
(0.00587843 0.140351 0)
(0.0064182 0.150063 0)
(0.00683114 0.158657 0)
(0.00711925 0.166242 0)
(0.00729045 0.172919 0)
(0.00735714 0.178787 0)
(0.00733409 0.18393 0)
(0.00723691 0.188422 0)
(0.00708151 0.192325 0)
(0.00688318 0.195687 0)
(0.00665551 0.198544 0)
(0.00640996 0.200923 0)
(0.00615616 0.202841 0)
(0.00590187 0.204307 0)
(0.00565295 0.205326 0)
(0.00541352 0.205898 0)
(0.00518619 0.206019 0)
(0.00497226 0.205686 0)
(0.00477194 0.204894 0)
(0.00458454 0.203638 0)
(0.00440864 0.201916 0)
(0.00424218 0.199725 0)
(0.00408257 0.197065 0)
(0.00392682 0.193939 0)
(0.00377161 0.190351 0)
(0.00361331 0.186308 0)
(0.00344809 0.181821 0)
(0.00327194 0.176901 0)
(0.00308075 0.171563 0)
(0.0028703 0.165823 0)
(0.00263636 0.159702 0)
(0.0023747 0.15322 0)
(0.00208114 0.146401 0)
(0.00175162 0.139269 0)
(0.00138217 0.131848 0)
(0.000969006 0.124167 0)
(0.000508605 0.11625 0)
(-2.40263e-06 0.108124 0)
(-0.000567004 0.0998169 0)
(-0.00118807 0.0913592 0)
(-0.00186857 0.0827747 0)
(-0.00261119 0.0740872 0)
(-0.0034184 0.0653195 0)
(-0.0042926 0.0564925 0)
(-0.00523612 0.0476249 0)
(-0.00625135 0.038733 0)
(-0.00734057 0.02983 0)
(-0.00850527 0.0209268 0)
(-0.00974587 0.0120338 0)
(-0.0110642 0.00315905 0)
(-0.0124805 -0.00569341 0)
(-0.0139731 -0.0145147 0)
(-0.0155615 -0.0233117 0)
(-0.017249 -0.0320953 0)
(-0.0190431 -0.040878 0)
(-0.0209558 -0.0496816 0)
(-0.0229987 -0.058536 0)
(-0.0251834 -0.0674772 0)
(-0.027523 -0.076547 0)
(-0.0300325 -0.0857978 0)
(-0.032726 -0.0952916 0)
(-0.0356163 -0.105098 0)
(-0.0387146 -0.115296 0)
(-0.042028 -0.12597 0)
(-0.0455577 -0.137207 0)
(-0.049297 -0.149094 0)
(-0.0532286 -0.161711 0)
(-0.0573225 -0.175122 0)
(-0.0615338 -0.189369 0)
(-0.0658007 -0.204459 0)
(-0.0700435 -0.220354 0)
(-0.0741648 -0.236964 0)
(-0.0780495 -0.254131 0)
(-0.0815675 -0.271625 0)
(-0.0845758 -0.289132 0)
(-0.0869228 -0.306254 0)
(-0.0884532 -0.322502 0)
(-0.0890133 -0.3373 0)
(-0.0884582 -0.349982 0)
(-0.0866597 -0.359809 0)
(-0.0835165 -0.365974 0)
(-0.0789659 -0.367626 0)
(-0.0729987 -0.363902 0)
(-0.0656764 -0.353977 0)
(-0.0571501 -0.337129 0)
(-0.047679 -0.31283 0)
(-0.0376444 -0.280855 0)
(-0.0275574 -0.241391 0)
(-0.0180476 -0.19513 0)
(-0.00978622 -0.143278 0)
(-0.00346306 -0.08745 0)
(-0.000435878 -0.0293907 0)
(6.1161e-05 0.0114443 0)
(0.000430339 0.0327386 0)
(0.00116059 0.0524762 0)
(0.0020749 0.0706708 0)
(0.00309417 0.0873402 0)
(0.00415292 0.102515 0)
(0.00519449 0.116243 0)
(0.00617582 0.128589 0)
(0.00706674 0.139632 0)
(0.00784841 0.149462 0)
(0.00851184 0.158179 0)
(0.00905611 0.165882 0)
(0.00948668 0.17267 0)
(0.00981377 0.178635 0)
(0.0100505 0.18386 0)
(0.0102115 0.18842 0)
(0.0103119 0.192375 0)
(0.0103662 0.195774 0)
(0.0103879 0.198657 0)
(0.0103884 0.201051 0)
(0.0103773 0.202974 0)
(0.0103622 0.20444 0)
(0.0103492 0.205453 0)
(0.0103423 0.206016 0)
(0.0103439 0.206126 0)
(0.0103551 0.205781 0)
(0.0103758 0.204978 0)
(0.010405 0.203712 0)
(0.0104408 0.201982 0)
(0.0104807 0.199785 0)
(0.0105216 0.197123 0)
(0.01056 0.193998 0)
(0.010592 0.190415 0)
(0.0106135 0.186381 0)
(0.0106201 0.181907 0)
(0.0106074 0.177004 0)
(0.0105707 0.171687 0)
(0.0105055 0.165974 0)
(0.0104071 0.159884 0)
(0.0102711 0.153437 0)
(0.0100931 0.146656 0)
(0.00986885 0.139567 0)
(0.00959437 0.132194 0)
(0.00926596 0.124563 0)
(0.00888017 0.1167 0)
(0.00843338 0.108633 0)
(0.00792223 0.100388 0)
(0.00734433 0.0919942 0)
(0.00669758 0.0834755 0)
(0.00597977 0.0748563 0)
(0.00518885 0.0661591 0)
(0.00432294 0.0574046 0)
(0.00338028 0.0486115 0)
(0.00235914 0.0397961 0)
(0.00125773 0.0309712 0)
(7.34775e-05 0.0221434 0)
(-0.00119433 0.0133268 0)
(-0.00254438 0.00453666 0)
(-0.00399544 -0.00422841 0)
(-0.00552421 -0.0129587 0)
(-0.00715019 -0.0216589 0)
(-0.00887599 -0.0303393 0)
(-0.0107077 -0.0390088 0)
(-0.0126572 -0.0476883 0)
(-0.0147355 -0.0564076 0)
(-0.0169523 -0.0652019 0)
(-0.0193203 -0.0741102 0)
(-0.0218556 -0.083185 0)
(-0.0245724 -0.0924894 0)
(-0.0274843 -0.102093 0)
(-0.0306047 -0.112078 0)
(-0.0339431 -0.122533 0)
(-0.037504 -0.133552 0)
(-0.041285 -0.145231 0)
(-0.0452739 -0.157661 0)
(-0.0494463 -0.170919 0)
(-0.0537631 -0.185063 0)
(-0.0581686 -0.200118 0)
(-0.0625891 -0.216064 0)
(-0.0669322 -0.232829 0)
(-0.0710876 -0.250272 0)
(-0.0749282 -0.268177 0)
(-0.078313 -0.286242 0)
(-0.0810906 -0.304077 0)
(-0.0831039 -0.321194 0)
(-0.0841952 -0.337013 0)
(-0.084213 -0.350859 0)
(-0.0830194 -0.361969 0)
(-0.0805 -0.369508 0)
(-0.0765749 -0.372579 0)
(-0.0712145 -0.37026 0)
(-0.0644563 -0.361645 0)
(-0.0564265 -0.345914 0)
(-0.0473599 -0.322422 0)
(-0.0376192 -0.290814 0)
(-0.0277058 -0.251149 0)
(-0.0182548 -0.204012 0)
(-0.0099596 -0.150544 0)
(-0.00354893 -0.092353 0)
(-0.000452998 -0.0312335 0)
(6.52206e-05 0.011205 0)
(0.000467146 0.0321365 0)
(0.00127172 0.0516151 0)
(0.00229294 0.0696425 0)
(0.00344922 0.0862234 0)
(0.00467222 0.101375 0)
(0.00590171 0.115131 0)
(0.00709091 0.127543 0)
(0.00820601 0.138679 0)
(0.00922463 0.148618 0)
(0.0101345 0.157449 0)
(0.0109317 0.165267 0)
(0.0116191 0.172162 0)
(0.0122048 0.178223 0)
(0.0127002 0.183532 0)
(0.0131185 0.188161 0)
(0.013474 0.19217 0)
(0.0137807 0.195611 0)
(0.0140514 0.198522 0)
(0.0142975 0.200934 0)
(0.0145286 0.202867 0)
(0.0147523 0.204335 0)
(0.0149745 0.205346 0)
(0.0151992 0.205903 0)
(0.0154287 0.206006 0)
(0.015664 0.205654 0)
(0.0159046 0.204844 0)
(0.0161493 0.203573 0)
(0.0163957 0.20184 0)
(0.016641 0.199643 0)
(0.0168814 0.196985 0)
(0.0171131 0.193868 0)
(0.0173316 0.190296 0)
(0.0175322 0.186279 0)
(0.0177102 0.181826 0)
(0.0178605 0.176949 0)
(0.0179781 0.171663 0)
(0.0180581 0.165986 0)
(0.0180955 0.159935 0)
(0.0180855 0.153533 0)
(0.0180236 0.146802 0)
(0.0179052 0.139766 0)
(0.0177265 0.13245 0)
(0.0174835 0.12488 0)
(0.0171728 0.117082 0)
(0.0167909 0.109082 0)
(0.0163345 0.100908 0)
(0.0158014 0.0925857 0)
(0.0151898 0.0841415 0)
(0.0144979 0.0755986 0)
(0.0137243 0.0669793 0)
(0.0128674 0.0583044 0)
(0.0119261 0.0495923 0)
(0.0108995 0.0408594 0)
(0.00978628 0.0321192 0)
(0.0085839 0.0233824 0)
(0.00729062 0.0146601 0)
(0.00590853 0.00596083 0)
(0.00442216 -0.0027139 0)
(0.00285627 -0.0113517 0)
(0.00119239 -0.0199546 0)
(-0.000576595 -0.0285412 0)
(-0.00245279 -0.0371016 0)
(-0.00444561 -0.0456591 0)
(-0.00656493 -0.0542452 0)
(-0.0088202 -0.0628957 0)
(-0.0112231 -0.071645 0)
(-0.0137905 -0.0805462 0)
(-0.0165358 -0.0896636 0)
(-0.0194727 -0.099066 0)
(-0.0226167 -0.108837 0)
(-0.0259792 -0.119071 0)
(-0.0295673 -0.129865 0)
(-0.0333827 -0.141325 0)
(-0.0374176 -0.15355 0)
(-0.041653 -0.166633 0)
(-0.0460556 -0.180646 0)
(-0.050576 -0.195632 0)
(-0.0551465 -0.211589 0)
(-0.0596805 -0.228464 0)
(-0.064073 -0.246133 0)
(-0.068201 -0.264397 0)
(-0.0719265 -0.282967 0)
(-0.0750997 -0.30146 0)
(-0.077563 -0.319394 0)
(-0.0791565 -0.336187 0)
(-0.0797236 -0.351155 0)
(-0.0791184 -0.36352 0)
(-0.0772148 -0.372417 0)
(-0.0739171 -0.376911 0)
(-0.0691755 -0.376022 0)
(-0.0630038 -0.368769 0)
(-0.0555013 -0.354232 0)
(-0.0468771 -0.331645 0)
(-0.0374709 -0.300519 0)
(-0.0277711 -0.260773 0)
(-0.0184136 -0.212867 0)
(-0.010111 -0.15786 0)
(-0.0036291 -0.0973336 0)
(-0.000469997 -0.0331229 0)
(6.88108e-05 0.0109476 0)
(0.000500636 0.0314809 0)
(0.0013739 0.050667 0)
(0.00249499 0.068496 0)
(0.00378048 0.0849598 0)
(0.00515966 0.100063 0)
(0.00656916 0.113825 0)
(0.00795883 0.126285 0)
(0.00929139 0.137498 0)
(0.0105411 0.147534 0)
(0.0116924 0.156472 0)
(0.0127384 0.164398 0)
(0.0136794 0.171397 0)
(0.0145211 0.177554 0)
(0.0152732 0.182947 0)
(0.0159474 0.187646 0)
(0.016557 0.191712 0)
(0.017115 0.195197 0)
(0.0176341 0.19814 0)
(0.0181252 0.200573 0)
(0.0185977 0.202519 0)
(0.0190594 0.203994 0)
(0.0195159 0.205006 0)
(0.0199712 0.205561 0)
(0.0204277 0.205661 0)
(0.0208859 0.205305 0)
(0.0213453 0.204493 0)
(0.0218043 0.203221 0)
(0.0222602 0.20149 0)
(0.0227097 0.199299 0)
(0.0231487 0.196651 0)
(0.0235727 0.193548 0)
(0.0239769 0.189996 0)
(0.0243562 0.186003 0)
(0.0247051 0.181579 0)
(0.0250183 0.176736 0)
(0.0252904 0.17149 0)
(0.0255159 0.165857 0)
(0.0256895 0.159856 0)
(0.0258063 0.153509 0)
(0.0258613 0.146837 0)
(0.0258501 0.139864 0)
(0.0257683 0.132616 0)
(0.0256122 0.125116 0)
(0.0253781 0.117393 0)
(0.0250627 0.109471 0)
(0.0246629 0.101377 0)
(0.0241768 0.0931374 0)
(0.0236025 0.0847773 0)
(0.0229386 0.0763199 0)
(0.022184 0.0677874 0)
(0.0213377 0.0592003 0)
(0.0203989 0.0505769 0)
(0.019367 0.0419336 0)
(0.018241 0.033284 0)
(0.0170192 0.0246398 0)
(0.0157004 0.0160115 0)
(0.0142867 0.00740618 0)
(0.0127653 -0.00117597 0)
(0.0111588 -0.00972007 0)
(0.00945448 -0.0182216 0)
(0.00764357 -0.0266908 0)
(0.00572162 -0.0351348 0)
(0.00368397 -0.0435708 0)
(0.00152264 -0.0520265 0)
(-0.000777529 -0.0605477 0)
(-0.00322288 -0.0691454 0)
(-0.00582852 -0.0778768 0)
(-0.00860814 -0.0868112 0)
(-0.011575 -0.0960141 0)
(-0.0147464 -0.105572 0)
(-0.0181343 -0.115583 0)
(-0.0217481 -0.126149 0)
(-0.0255931 -0.137381 0)
(-0.0296653 -0.149391 0)
(-0.0339511 -0.162281 0)
(-0.0384225 -0.17614 0)
(-0.0430362 -0.191026 0)
(-0.0477311 -0.206959 0)
(-0.0524267 -0.223901 0)
(-0.0570236 -0.241749 0)
(-0.0614041 -0.260321 0)
(-0.0654342 -0.279341 0)
(-0.0689667 -0.298437 0)
(-0.0718454 -0.317134 0)
(-0.0739096 -0.334849 0)
(-0.0749994 -0.350893 0)
(-0.0749628 -0.364476 0)
(-0.0736635 -0.374707 0)
(-0.0709916 -0.380618 0)
(-0.0668779 -0.381175 0)
(-0.0613123 -0.375323 0)
(-0.0543668 -0.362047 0)
(-0.0462219 -0.340461 0)
(-0.0371917 -0.30993 0)
(-0.0277468 -0.270225 0)
(-0.0185197 -0.221664 0)
(-0.0102381 -0.165202 0)
(-0.00370278 -0.10238 0)
(-0.000486816 -0.0350563 0)
(7.19299e-05 0.0106737 0)
(0.000530728 0.0307765 0)
(0.00146682 0.0496384 0)
(0.00268036 0.0672388 0)
(0.00408671 0.0835576 0)
(0.00561332 0.0985861 0)
(0.00719413 0.112332 0)
(0.00877597 0.124821 0)
(0.0103184 0.136096 0)
(0.0117923 0.146217 0)
(0.0131791 0.155252 0)
(0.0144689 0.163279 0)
(0.0156593 0.170379 0)
(0.0167538 0.176629 0)
(0.0177598 0.182106 0)
(0.0186879 0.186877 0)
(0.0195499 0.191002 0)
(0.0203581 0.194534 0)
(0.0211244 0.197512 0)
(0.0218594 0.19997 0)
(0.0225725 0.201933 0)
(0.0232711 0.203417 0)
(0.0239609 0.204434 0)
(0.0246458 0.204991 0)
(0.0253279 0.205092 0)
(0.0260079 0.204736 0)
(0.0266848 0.203925 0)
(0.0273569 0.202658 0)
(0.0280211 0.200934 0)
(0.0286738 0.198755 0)
(0.0293104 0.196122 0)
(0.029926 0.193039 0)
(0.0305153 0.189513 0)
(0.0310727 0.185551 0)
(0.0315924 0.181164 0)
(0.0320685 0.176364 0)
(0.0324953 0.171166 0)
(0.0328668 0.165587 0)
(0.0331776 0.159645 0)
(0.0334222 0.153362 0)
(0.0335956 0.146759 0)
(0.0336931 0.139859 0)
(0.0337102 0.132688 0)
(0.0336429 0.12527 0)
(0.0334877 0.117631 0)
(0.0332413 0.109797 0)
(0.0329008 0.101794 0)
(0.0324643 0.0936463 0)
(0.0319301 0.0853797 0)
(0.031297 0.0770171 0)
(0.0305641 0.0685803 0)
(0.0297307 0.0600895 0)
(0.0287964 0.051563 0)
(0.0277607 0.0430172 0)
(0.0266233 0.0344658 0)
(0.0253832 0.025921 0)
(0.0240399 0.0173928 0)
(0.0225955 0.00888771 0)
(0.0210459 0.000406217 0)
(0.0193874 -0.00804107 0)
(0.0176354 -0.0164416 0)
(0.0157751 -0.024804 0)
(0.0138034 -0.0331365 0)
(0.0117173 -0.041454 0)
(0.00950989 -0.04978 0)
(0.00716834 -0.0581472 0)
(0.00468133 -0.0665878 0)
(0.00203835 -0.075153 0)
(-0.000780594 -0.0839206 0)
(-0.00378339 -0.0929332 0)
(-0.0069863 -0.102282 0)
(-0.0104028 -0.112072 0)
(-0.014043 -0.122407 0)
(-0.0179155 -0.133408 0)
(-0.0220188 -0.145192 0)
(-0.0263448 -0.157876 0)
(-0.0308704 -0.171561 0)
(-0.0355584 -0.186323 0)
(-0.0403542 -0.202198 0)
(-0.0451836 -0.21917 0)
(-0.0499534 -0.237154 0)
(-0.054552 -0.255984 0)
(-0.0588504 -0.275401 0)
(-0.0627053 -0.295045 0)
(-0.0659633 -0.314448 0)
(-0.0684645 -0.333029 0)
(-0.0700477 -0.350098 0)
(-0.0705567 -0.364853 0)
(-0.069847 -0.376386 0)
(-0.0677959 -0.383696 0)
(-0.0643161 -0.385703 0)
(-0.059374 -0.381284 0)
(-0.0530136 -0.369328 0)
(-0.0453846 -0.348828 0)
(-0.0367724 -0.319005 0)
(-0.0276254 -0.279465 0)
(-0.0185679 -0.230369 0)
(-0.0103381 -0.172548 0)
(-0.00376907 -0.107479 0)
(-0.000503383 -0.0370303 0)
(7.4579e-05 0.0103853 0)
(0.000557365 0.0300279 0)
(0.00155023 0.0485361 0)
(0.00284846 0.0658791 0)
(0.00436682 0.0820257 0)
(0.00603146 0.0969549 0)
(0.00777413 0.110662 0)
(0.009539 0.12316 0)
(0.0112827 0.134481 0)
(0.0129731 0.144673 0)
(0.0145885 0.153795 0)
(0.0161162 0.161917 0)
(0.017551 0.169112 0)
(0.018894 0.175453 0)
(0.0201508 0.181012 0)
(0.02133 0.185856 0)
(0.0224423 0.190042 0)
(0.0234988 0.193622 0)
(0.0245108 0.196639 0)
(0.0254885 0.199125 0)
(0.0264409 0.201108 0)
(0.0273753 0.202605 0)
(0.0282971 0.203631 0)
(0.0292103 0.204194 0)
(0.0301169 0.204299 0)
(0.0310173 0.203948 0)
(0.0319106 0.203143 0)
(0.0327945 0.201885 0)
(0.0336659 0.200173 0)
(0.0345206 0.19801 0)
(0.0353539 0.195399 0)
(0.0361603 0.192343 0)
(0.0369342 0.188849 0)
(0.0376694 0.184926 0)
(0.0383599 0.180583 0)
(0.0389992 0.175833 0)
(0.0395811 0.170692 0)
(0.0400995 0.165175 0)
(0.0405486 0.159301 0)
(0.0409225 0.153091 0)
(0.041216 0.146566 0)
(0.0414242 0.13975 0)
(0.0415424 0.132666 0)
(0.0415667 0.125339 0)
(0.0414932 0.117795 0)
(0.0413189 0.110058 0)
(0.0410409 0.102154 0)
(0.0406574 0.0941087 0)
(0.0401667 0.0859451 0)
(0.0395678 0.0776864 0)
(0.03886 0.0693543 0)
(0.0380428 0.0609685 0)
(0.0371159 0.0525474 0)
(0.0360794 0.0441071 0)
(0.0349329 0.0356618 0)
(0.0336764 0.0272233 0)
(0.0323096 0.0188016 0)
(0.030834 0.0104027 0)
(0.0292507 0.00202912 0)
(0.0275444 -0.00631304 0)
(0.025743 -0.0146085 0)
(0.0238301 -0.0228622 0)
(0.0218041 -0.031082 0)
(0.0196625 -0.0392818 0)
(0.0173994 -0.047483 0)
(0.0150053 -0.0557141 0)
(0.0124707 -0.0640082 0)
(0.00978645 -0.0724117 0)
(0.00693563 -0.0809868 0)
(0.0039028 -0.0898005 0)
(0.00067111 -0.0989482 0)
(-0.00277725 -0.108534 0)
(-0.00644506 -0.11864 0)
(-0.0103449 -0.12941 0)
(-0.0144758 -0.140962 0)
(-0.0188346 -0.15343 0)
(-0.0234022 -0.166926 0)
(-0.0281477 -0.181542 0)
(-0.0330228 -0.197333 0)
(-0.0379598 -0.214301 0)
(-0.0428724 -0.232379 0)
(-0.0476554 -0.251421 0)
(-0.0521858 -0.271184 0)
(-0.0563256 -0.291321 0)
(-0.0599254 -0.311371 0)
(-0.0628281 -0.33076 0)
(-0.0648731 -0.348797 0)
(-0.0659017 -0.364673 0)
(-0.0657636 -0.377466 0)
(-0.0643253 -0.386148 0)
(-0.0614826 -0.389597 0)
(-0.0571792 -0.386629 0)
(-0.0514304 -0.376043 0)
(-0.0443538 -0.35671 0)
(-0.0362024 -0.3277 0)
(-0.0273982 -0.28845 0)
(-0.0185519 -0.238945 0)
(-0.0104074 -0.17987 0)
(-0.00382684 -0.112616 0)
(-0.000519601 -0.039041 0)
(7.67617e-05 0.0100841 0)
(0.000580507 0.0292398 0)
(0.00162394 0.0473669 0)
(0.00299881 0.0644254 0)
(0.00461989 0.0803733 0)
(0.00641259 0.0951786 0)
(0.00830694 0.108824 0)
(0.0102449 0.121312 0)
(0.0121804 0.132662 0)
(0.0140786 0.142911 0)
(0.0159148 0.152109 0)
(0.0176735 0.160317 0)
(0.0193469 0.167601 0)
(0.0209335 0.174029 0)
(0.0224369 0.17967 0)
(0.0238639 0.184585 0)
(0.0252236 0.188834 0)
(0.0265262 0.192465 0)
(0.0277821 0.195522 0)
(0.0290008 0.19804 0)
(0.030191 0.200046 0)
(0.0313598 0.201561 0)
(0.0325124 0.202599 0)
(0.0336526 0.203171 0)
(0.0347824 0.203285 0)
(0.0359019 0.202943 0)
(0.0370102 0.202148 0)
(0.0381048 0.200903 0)
(0.0391822 0.199208 0)
(0.040238 0.197067 0)
(0.0412671 0.194482 0)
(0.0422637 0.191459 0)
(0.0432217 0.188004 0)
(0.0441346 0.184126 0)
(0.0449959 0.179834 0)
(0.0457987 0.175143 0)
(0.0465366 0.170066 0)
(0.047203 0.16462 0)
(0.0477916 0.158822 0)
(0.0482966 0.152695 0)
(0.0487123 0.146257 0)
(0.0490336 0.139533 0)
(0.0492557 0.132546 0)
(0.0493745 0.12532 0)
(0.0493861 0.11788 0)
(0.0492874 0.11025 0)
(0.0490758 0.102455 0)
(0.0487491 0.0945209 0)
(0.048306 0.0864696 0)
(0.0477454 0.0783242 0)
(0.0470667 0.0701057 0)
(0.0462697 0.0618339 0)
(0.0453542 0.0535268 0)
(0.0443203 0.0452005 0)
(0.0431682 0.0368691 0)
(0.041898 0.0285446 0)
(0.0405096 0.0202365 0)
(0.0390043 0.0119513 0)
(0.0373848 0.00369225 0)
(0.0356347 -0.00453791 0)
(0.0337843 -0.0127233 0)
(0.0318178 -0.0208648 0)
(0.0297346 -0.0289693 0)
(0.027533 -0.0370498 0)
(0.0252081 -0.0451254 0)
(0.0227534 -0.0532225 0)
(0.0201611 -0.061374 0)
(0.0174227 -0.0696246 0)
(0.0145254 -0.0780318 0)
(0.011456 -0.086662 0)
(0.00819958 -0.0956006 0)
(0.00473676 -0.10495 0)
(0.00105078 -0.114831 0)
(-0.00287496 -0.125385 0)
(-0.00703012 -0.136707 0)
(-0.0114165 -0.148953 0)
(-0.0160165 -0.162249 0)
(-0.0208048 -0.176702 0)
(-0.0257398 -0.192385 0)
(-0.0307598 -0.20932 0)
(-0.035786 -0.227457 0)
(-0.0407206 -0.246668 0)
(-0.045447 -0.266728 0)
(-0.0498337 -0.287302 0)
(-0.053737 -0.307941 0)
(-0.057004 -0.328077 0)
(-0.0594767 -0.347021 0)
(-0.0609966 -0.363959 0)
(-0.0614093 -0.37796 0)
(-0.0605727 -0.387976 0)
(-0.0583676 -0.39285 0)
(-0.0547159 -0.391339 0)
(-0.0496042 -0.382159 0)
(-0.0431162 -0.364064 0)
(-0.0354695 -0.335972 0)
(-0.0270552 -0.297136 0)
(-0.0184647 -0.247354 0)
(-0.0104423 -0.187141 0)
(-0.00387473 -0.117775 0)
(-0.000535343 -0.041084 0)
(7.84843e-05 0.00977198 0)
(0.000600135 0.0284171 0)
(0.0016878 0.0461381 0)
(0.00313101 0.0628864 0)
(0.00484514 0.0786106 0)
(0.00675537 0.0932676 0)
(0.00879056 0.10683 0)
(0.0108908 0.119287 0)
(0.0130078 0.130647 0)
(0.0151042 0.140938 0)
(0.0171525 0.1502 0)
(0.0191344 0.158485 0)
(0.0210396 0.165852 0)
(0.0228641 0.172363 0)
(0.0246091 0.178082 0)
(0.0262798 0.183069 0)
(0.0278837 0.18738 0)
(0.0294296 0.191064 0)
(0.0309271 0.194164 0)
(0.0323849 0.196716 0)
(0.0338113 0.198749 0)
(0.0352128 0.200284 0)
(0.0365948 0.201338 0)
(0.0379606 0.201924 0)
(0.0393122 0.20205 0)
(0.0406496 0.20172 0)
(0.0419717 0.20094 0)
(0.0432758 0.199713 0)
(0.0445581 0.19804 0)
(0.0458141 0.195925 0)
(0.0470383 0.193373 0)
(0.0482245 0.190388 0)
(0.0493663 0.186978 0)
(0.0504568 0.183151 0)
(0.0514891 0.178919 0)
(0.0524561 0.174293 0)
(0.0533508 0.169288 0)
(0.0541664 0.16392 0)
(0.0548963 0.158208 0)
(0.0555343 0.15217 0)
(0.0560746 0.145829 0)
(0.0565117 0.139207 0)
(0.0568408 0.132325 0)
(0.0570575 0.125209 0)
(0.0571579 0.117882 0)
(0.0571388 0.110369 0)
(0.0569976 0.102693 0)
(0.0567322 0.0948787 0)
(0.0563412 0.0869491 0)
(0.0558235 0.078926 0)
(0.0551786 0.0708303 0)
(0.0544063 0.0626814 0)
(0.0535067 0.0544971 0)
(0.0524801 0.0462933 0)
(0.0513266 0.0380843 0)
(0.0500466 0.0298819 0)
(0.0486403 0.0216957 0)
(0.0471086 0.0135324 0)
(0.0454548 0.00539488 0)
(0.0436635 -0.00271723 0)
(0.0417649 -0.0107873 0)
(0.0397453 -0.0188118 0)
(0.037604 -0.0267971 0)
(0.0353399 -0.0347551 0)
(0.03295 -0.0427036 0)
(0.0304292 -0.0506671 0)
(0.0277716 -0.0586779 0)
(0.0249698 -0.0667787 0)
(0.0220142 -0.0750243 0)
(0.0188939 -0.0834811 0)
(0.0155965 -0.092232 0)
(0.0121069 -0.101376 0)
(0.00840984 -0.111027 0)
(0.00448676 -0.121322 0)
(0.000321821 -0.132415 0)
(-0.00408364 -0.144451 0)
(-0.00870742 -0.157543 0)
(-0.0135262 -0.17182 0)
(-0.018504 -0.187377 0)
(-0.0235841 -0.204253 0)
(-0.0286959 -0.222417 0)
(-0.0337498 -0.241758 0)
(-0.0386364 -0.262068 0)
(-0.0432317 -0.283027 0)
(-0.0473992 -0.304197 0)
(-0.050992 -0.325016 0)
(-0.0538567 -0.3448 0)
(-0.0558369 -0.362736 0)
(-0.056777 -0.377887 0)
(-0.0565282 -0.389188 0)
(-0.0549588 -0.395454 0)
(-0.0519697 -0.395395 0)
(-0.0475193 -0.387648 0)
(-0.0416561 -0.370852 0)
(-0.0345595 -0.343773 0)
(-0.0265845 -0.305476 0)
(-0.0182978 -0.255554 0)
(-0.0104378 -0.194327 0)
(-0.00391109 -0.122937 0)
(-0.00055044 -0.0431542 0)
(7.97554e-05 0.00945084 0)
(0.000616247 0.0275647 0)
(0.00174172 0.044857 0)
(0.00324477 0.0612714 0)
(0.00504191 0.0767476 0)
(0.00705867 0.091233 0)
(0.00922321 0.104689 0)
(0.0114743 0.117095 0)
(0.0137617 0.128448 0)
(0.0160458 0.138766 0)
(0.0182965 0.148078 0)
(0.0204929 0.15643 0)
(0.0226222 0.163871 0)
(0.0246778 0.17046 0)
(0.0266589 0.176254 0)
(0.0285686 0.181311 0)
(0.0304126 0.185684 0)
(0.0321986 0.189422 0)
(0.0339349 0.192567 0)
(0.0356295 0.195156 0)
(0.0372901 0.197218 0)
(0.0389228 0.198777 0)
(0.0405325 0.199851 0)
(0.0421226 0.200454 0)
(0.0436946 0.200595 0)
(0.0452487 0.200283 0)
(0.0467833 0.199522 0)
(0.0482958 0.198316 0)
(0.0497821 0.19667 0)
(0.0512374 0.194586 0)
(0.0526559 0.192072 0)
(0.0540313 0.189131 0)
(0.0553567 0.185772 0)
(0.0566249 0.182003 0)
(0.0578287 0.177835 0)
(0.0589605 0.173281 0)
(0.0600131 0.168356 0)
(0.0609794 0.163074 0)
(0.0618524 0.157455 0)
(0.0626256 0.151516 0)
(0.063293 0.14528 0)
(0.0638489 0.138767 0)
(0.0642883 0.132001 0)
(0.0646065 0.125003 0)
(0.0647997 0.117798 0)
(0.0648646 0.11041 0)
(0.0647984 0.102862 0)
(0.064599 0.0951776 0)
(0.0642649 0.0873787 0)
(0.0637952 0.0794871 0)
(0.0631892 0.0715232 0)
(0.062447 0.0635061 0)
(0.0615685 0.0554534 0)
(0.0605541 0.0473809 0)
(0.0594043 0.0393027 0)
(0.0581196 0.0312308 0)
(0.0567002 0.0231748 0)
(0.0551472 0.0151416 0)
(0.0534633 0.00713353 0)
(0.0516361 -0.000853074 0)
(0.0496895 -0.00880173 0)
(0.0476181 -0.0167031 0)
(0.0454187 -0.024564 0)
(0.0430914 -0.0323957 0)
(0.0406346 -0.0402147 0)
(0.0380449 -0.0480438 0)
(0.0353174 -0.0559144 0)
(0.0324465 -0.0638676 0)
(0.0294247 -0.0719561 0)
(0.0262431 -0.0802458 0)
(0.0228918 -0.0888178 0)
(0.0193593 -0.0977698 0)
(0.0156336 -0.107216 0)
(0.0117006 -0.117289 0)
(0.00754621 -0.128134 0)
(0.00316009 -0.139911 0)
(-0.00147047 -0.152811 0)
(-0.00630422 -0.166911 0)
(-0.0113087 -0.182331 0)
(-0.0164281 -0.199128 0)
(-0.0215989 -0.217289 0)
(-0.0267407 -0.236725 0)
(-0.031752 -0.257243 0)
(-0.0365173 -0.278535 0)
(-0.0409091 -0.300177 0)
(-0.044788 -0.321616 0)
(-0.048007 -0.342171 0)
(-0.0504146 -0.361034 0)
(-0.0518562 -0.377265 0)
(-0.0521791 -0.389792 0)
(-0.0512409 -0.397408 0)
(-0.0489237 -0.398781 0)
(-0.0451578 -0.392478 0)
(-0.0399558 -0.377032 0)
(-0.0334558 -0.351055 0)
(-0.0259727 -0.31342 0)
(-0.0180415 -0.263497 0)
(-0.0103883 -0.201394 0)
(-0.0039339 -0.12808 0)
(-0.000564673 -0.0452453 0)
(8.05853e-05 0.00912252 0)
(0.000628854 0.0266875 0)
(0.00178565 0.0435311 0)
(0.00333985 0.0595897 0)
(0.00520968 0.0747953 0)
(0.0073215 0.0890861 0)
(0.00960334 0.102414 0)
(0.011993 0.114748 0)
(0.0144389 0.126076 0)
(0.0168993 0.136403 0)
(0.0193418 0.145753 0)
(0.0217432 0.154159 0)
(0.0240879 0.161667 0)
(0.0263672 0.168326 0)
(0.028578 0.174191 0)
(0.0307211 0.179315 0)
(0.0328007 0.18375 0)
(0.034823 0.187542 0)
(0.0367949 0.190733 0)
(0.0387238 0.193361 0)
(0.0406162 0.195455 0)
(0.0424782 0.197041 0)
(0.044314 0.198138 0)
(0.0461268 0.198762 0)
(0.047918 0.198923 0)
(0.0496874 0.198632 0)
(0.0514335 0.197893 0)
(0.0531533 0.196714 0)
(0.0548428 0.195098 0)
(0.0564967 0.193051 0)
(0.058109 0.190579 0)
(0.0596733 0.187687 0)
(0.0611822 0.184384 0)
(0.0626283 0.180679 0)
(0.064004 0.176583 0)
(0.0653015 0.172108 0)
(0.0665133 0.167269 0)
(0.0676318 0.162081 0)
(0.0686498 0.156561 0)
(0.0695606 0.15073 0)
(0.0703579 0.144606 0)
(0.0710357 0.138212 0)
(0.0715889 0.131568 0)
(0.0720126 0.124698 0)
(0.0723029 0.117624 0)
(0.0724562 0.11037 0)
(0.0724697 0.102959 0)
(0.0723414 0.0954125 0)
(0.0720695 0.0877532 0)
(0.0716531 0.080002 0)
(0.0710916 0.0721788 0)
(0.0703849 0.0643025 0)
(0.0695331 0.0563902 0)
(0.0685367 0.0484578 0)
(0.0673962 0.0405191 0)
(0.0661123 0.032586 0)
(0.0646856 0.0246682 0)
(0.063117 0.0167727 0)
(0.061409 0.00890205 0)
(0.0595608 0.00105376 0)
(0.0575607 -0.00676594 0)
(0.0554385 -0.0145385 0)
(0.0531822 -0.02227 0)
(0.0507925 -0.0299711 0)
(0.0482691 -0.0376571 0)
(0.0456095 -0.0453499 0)
(0.0428103 -0.0530796 0)
(0.0398671 -0.0608862 0)
(0.0367743 -0.0688208 0)
(0.0335252 -0.0769484 0)
(0.0301119 -0.0853488 0)
(0.0265257 -0.0941189 0)
(0.0227573 -0.103373 0)
(0.018797 -0.113243 0)
(0.0146354 -0.123875 0)
(0.0102648 -0.135428 0)
(0.00567394 -0.148072 0)
(0.00086313 -0.161972 0)
(-0.00414439 -0.177262 0)
(-0.00928194 -0.193969 0)
(-0.0144865 -0.212104 0)
(-0.0196862 -0.231602 0)
(-0.024787 -0.252289 0)
(-0.0296835 -0.273866 0)
(-0.034259 -0.295922 0)
(-0.0383831 -0.317914 0)
(-0.0419176 -0.339169 0)
(-0.0447178 -0.358883 0)
(-0.0466329 -0.376119 0)
(-0.047509 -0.389801 0)
(-0.0471956 -0.398709 0)
(-0.0455578 -0.40148 0)
(-0.0424989 -0.396621 0)
(-0.0379948 -0.382562 0)
(-0.0321399 -0.357767 0)
(-0.025204 -0.320913 0)
(-0.0176843 -0.271136 0)
(-0.0102871 -0.208301 0)
(-0.00394074 -0.133181 0)
(-0.000577758 -0.0473502 0)
(8.09858e-05 0.00878883 0)
(0.000637981 0.0257906 0)
(0.00181957 0.0421679 0)
(0.0034161 0.0578509 0)
(0.00534801 0.0727646 0)
(0.00754302 0.0868391 0)
(0.00992956 0.100017 0)
(0.012445 0.112259 0)
(0.0150367 0.123542 0)
(0.0176611 0.133863 0)
(0.020284 0.143234 0)
(0.0228798 0.151683 0)
(0.0254305 0.159247 0)
(0.0279252 0.16597 0)
(0.0303582 0.1719 0)
(0.0327286 0.177088 0)
(0.0350386 0.181582 0)
(0.0372928 0.185427 0)
(0.0394968 0.188666 0)
(0.0416568 0.191334 0)
(0.0437787 0.193463 0)
(0.0458678 0.195079 0)
(0.047928 0.196202 0)
(0.049962 0.19685 0)
(0.0519709 0.197035 0)
(0.0539546 0.196767 0)
(0.0559111 0.196056 0)
(0.0578373 0.194907 0)
(0.0597291 0.193326 0)
(0.061581 0.19132 0)
(0.0633868 0.188895 0)
(0.0651397 0.186058 0)
(0.0668322 0.182817 0)
(0.0684565 0.179181 0)
(0.0700048 0.175162 0)
(0.071469 0.170772 0)
(0.0728412 0.166025 0)
(0.0741136 0.160938 0)
(0.0752788 0.155526 0)
(0.0763297 0.149808 0)
(0.0772598 0.143805 0)
(0.0780628 0.137536 0)
(0.0787334 0.131024 0)
(0.0792666 0.124289 0)
(0.0796583 0.117355 0)
(0.0799047 0.110244 0)
(0.080003 0.102977 0)
(0.0799509 0.0955781 0)
(0.0797467 0.0880672 0)
(0.0793893 0.0804652 0)
(0.0788781 0.0727917 0)
(0.0782128 0.0650649 0)
(0.0773937 0.0573019 0)
(0.0764212 0.0495182 0)
(0.0752959 0.0417275 0)
(0.0740186 0.0339417 0)
(0.07259 0.0261704 0)
(0.0710107 0.0184205 0)
(0.0692825 0.010695 0)
(0.0674076 0.00299308 0)
(0.0653696 -0.00468506 0)
(0.0632025 -0.0123215 0)
(0.0608939 -0.0199178 0)
(0.0584454 -0.027483 0)
(0.0558576 -0.0350317 0)
(0.0531294 -0.0425851 0)
(0.0502588 -0.0501722 0)
(0.0472426 -0.0578319 0)
(0.0440771 -0.0656145 0)
(0.0407574 -0.0735837 0)
(0.0372779 -0.0818187 0)
(0.0336321 -0.0904155 0)
(0.0298134 -0.0994882 0)
(0.0258151 -0.109169 0)
(0.0216317 -0.119606 0)
(0.017259 -0.130961 0)
(0.0126929 -0.143402 0)
(0.00793289 -0.157087 0)
(0.00298638 -0.172167 0)
(-0.00213649 -0.188795 0)
(-0.00734545 -0.206891 0)
(-0.0125727 -0.226426 0)
(-0.0177289 -0.247244 0)
(-0.0227178 -0.269059 0)
(-0.0274361 -0.291472 0)
(-0.0317639 -0.313952 0)
(-0.0355736 -0.335831 0)
(-0.0387303 -0.356314 0)
(-0.0410891 -0.37447 0)
(-0.0424981 -0.389227 0)
(-0.0428012 -0.399358 0)
(-0.041849 -0.403479 0)
(-0.0395189 -0.400046 0)
(-0.0357498 -0.387399 0)
(-0.0305904 -0.363857 0)
(-0.0242606 -0.327898 0)
(-0.0172132 -0.278413 0)
(-0.0101265 -0.215004 0)
(-0.00392868 -0.138211 0)
(-0.00058933 -0.04946 0)
(8.09696e-05 0.00845161 0)
(0.000643657 0.0248789 0)
(0.00184349 0.0407751 0)
(0.0034734 0.0560649 0)
(0.00545655 0.0706669 0)
(0.00772252 0.0845044 0)
(0.0102006 0.0975119 0)
(0.0128284 0.109641 0)
(0.0155523 0.120859 0)
(0.0183278 0.131156 0)
(0.0211188 0.140534 0)
(0.0238975 0.149012 0)
(0.026644 0.156621 0)
(0.0293448 0.163398 0)
(0.0319921 0.169388 0)
(0.0345828 0.174635 0)
(0.0371173 0.179185 0)
(0.0395983 0.183083 0)
(0.0420303 0.186369 0)
(0.0444181 0.189079 0)
(0.0467668 0.191244 0)
(0.0490807 0.192892 0)
(0.0513634 0.194044 0)
(0.053617 0.194719 0)
(0.0558424 0.194931 0)
(0.058039 0.194691 0)
(0.060205 0.19401 0)
(0.0623369 0.192896 0)
(0.0644303 0.191354 0)
(0.0664797 0.189393 0)
(0.0684787 0.18702 0)
(0.0704201 0.184242 0)
(0.0722964 0.181068 0)
(0.0740995 0.177507 0)
(0.0758211 0.173571 0)
(0.0774531 0.169272 0)
(0.0789872 0.164624 0)
(0.0804153 0.159643 0)
(0.0817299 0.154345 0)
(0.0829234 0.148749 0)
(0.0839892 0.142873 0)
(0.0849208 0.136738 0)
(0.0857126 0.130364 0)
(0.0863594 0.123773 0)
(0.0868569 0.116986 0)
(0.0872013 0.110026 0)
(0.0873894 0.102913 0)
(0.087419 0.0956691 0)
(0.087288 0.0883151 0)
(0.0869954 0.0808709 0)
(0.0865404 0.0733556 0)
(0.0859227 0.0657872 0)
(0.0851425 0.0581822 0)
(0.0842002 0.0505559 0)
(0.0830964 0.042922 0)
(0.0818319 0.0352922 0)
(0.0804074 0.027676 0)
(0.0788236 0.0200806 0)
(0.0770815 0.0125097 0)
(0.0751843 0.00496243 0)
(0.0731159 -0.00256596 0)
(0.0709089 -0.0100588 0)
(0.0685536 -0.0175124 0)
(0.066051 -0.0249352 0)
(0.0634027 -0.0323413 0)
(0.0606091 -0.0397511 0)
(0.0576693 -0.0471929 0)
(0.0545818 -0.0547047 0)
(0.0513444 -0.062336 0)
(0.0479542 -0.0701496 0)
(0.0444074 -0.078224 0)
(0.0407001 -0.0866549 0)
(0.0368281 -0.0955565 0)
(0.0327875 -0.105061 0)
(0.0285755 -0.115319 0)
(0.0241911 -0.126494 0)
(0.0196348 -0.138755 0)
(0.0149113 -0.152269 0)
(0.0100294 -0.167184 0)
(0.00499517 -0.183624 0)
(-0.000166322 -0.201661 0)
(-0.00538133 -0.221227 0)
(-0.0105576 -0.242148 0)
(-0.0156016 -0.264155 0)
(-0.0204222 -0.28687 0)
(-0.0249117 -0.309771 0)
(-0.0289553 -0.332197 0)
(-0.0324312 -0.353362 0)
(-0.0352027 -0.372346 0)
(-0.0371227 -0.388085 0)
(-0.0380325 -0.399357 0)
(-0.0377708 -0.404764 0)
(-0.0361909 -0.402724 0)
(-0.033195 -0.391498 0)
(-0.0287835 -0.369269 0)
(-0.0231224 -0.334314 0)
(-0.016613 -0.285269 0)
(-0.00989736 -0.221453 0)
(-0.00389425 -0.143139 0)
(-0.000598925 -0.0515645 0)
(8.05491e-05 0.00811263 0)
(0.000645914 0.0239574 0)
(0.00185741 0.0393604 0)
(0.00351164 0.0542415 0)
(0.00553497 0.068514 0)
(0.00785932 0.0820948 0)
(0.0104155 0.0949114 0)
(0.0131415 0.106907 0)
(0.0159836 0.118042 0)
(0.0188963 0.128296 0)
(0.0218422 0.137664 0)
(0.0247917 0.146158 0)
(0.0277226 0.1538 0)
(0.0306194 0.160621 0)
(0.0334722 0.166662 0)
(0.0362755 0.171963 0)
(0.0390279 0.176566 0)
(0.0417304 0.180514 0)
(0.0443857 0.183846 0)
(0.0469976 0.186598 0)
(0.0495699 0.188801 0)
(0.0521062 0.190482 0)
(0.0546092 0.191666 0)
(0.0570808 0.192371 0)
(0.0595213 0.192613 0)
(0.0619299 0.192405 0)
(0.0643044 0.191758 0)
(0.0666413 0.190681 0)
(0.0689359 0.189183 0)
(0.0711825 0.187272 0)
(0.0733745 0.184954 0)
(0.0755046 0.18224 0)
(0.0775649 0.179137 0)
(0.0795473 0.175656 0)
(0.0814432 0.171808 0)
(0.0832441 0.167606 0)
(0.0849416 0.163063 0)
(0.0865274 0.158195 0)
(0.0879935 0.153018 0)
(0.0893324 0.147549 0)
(0.0905368 0.141808 0)
(0.0916004 0.135813 0)
(0.0925172 0.129585 0)
(0.0932818 0.123145 0)
(0.0938897 0.116514 0)
(0.0943368 0.109711 0)
(0.0946199 0.10276 0)
(0.0947365 0.0956798 0)
(0.0946845 0.0884911 0)
(0.0944626 0.0812132 0)
(0.0940699 0.0738646 0)
(0.0935061 0.066463 0)
(0.0927712 0.0590247 0)
(0.0918656 0.0515645 0)
(0.0907899 0.044096 0)
(0.0895449 0.0366309 0)
(0.0881314 0.0291786 0)
(0.08655 0.0217465 0)
(0.0848019 0.0143387 0)
(0.0828894 0.00695443 0)
(0.0808025 -0.000414087 0)
(0.0785574 -0.0077554 0)
(0.0761608 -0.0150586 0)
(0.0736093 -0.0223322 0)
(0.0709057 -0.0295899 0)
(0.0680513 -0.0368517 0)
(0.0650467 -0.044145 0)
(0.0618917 -0.0515072 0)
(0.0585856 -0.0589871 0)
(0.0551275 -0.066647 0)
(0.0515158 -0.0745651 0)
(0.0477487 -0.0828368 0)
(0.0438246 -0.0915765 0)
(0.0397423 -0.100917 0)
(0.0355016 -0.111011 0)
(0.0311041 -0.122022 0)
(0.0265536 -0.134124 0)
(0.0218576 -0.147488 0)
(0.0170278 -0.162267 0)
(0.0120767 -0.178585 0)
(0.00702138 -0.196502 0)
(0.00189605 -0.216012 0)
(-0.00325224 -0.237036 0)
(-0.0083094 -0.259199 0)
(-0.0131914 -0.28216 0)
(-0.0178012 -0.305415 0)
(-0.0220376 -0.328304 0)
(-0.0257947 -0.350061 0)
(-0.0289468 -0.369774 0)
(-0.0313548 -0.386393 0)
(-0.0328605 -0.398709 0)
(-0.0332935 -0.405322 0)
(-0.032485 -0.404626 0)
(-0.0303011 -0.394814 0)
(-0.0266926 -0.373942 0)
(-0.0217669 -0.340093 0)
(-0.0158669 -0.291639 0)
(-0.00958912 -0.227593 0)
(-0.00383331 -0.147926 0)
(-0.000605956 -0.0536512 0)
(7.97358e-05 0.00777368 0)
(0.000644776 0.0230311 0)
(0.00186132 0.0379317 0)
(0.00353072 0.052391 0)
(0.00558295 0.0663179 0)
(0.00795278 0.0796237 0)
(0.0105729 0.0922298 0)
(0.0133825 0.104072 0)
(0.0163281 0.115104 0)
(0.0193636 0.125297 0)
(0.0224505 0.134638 0)
(0.0255576 0.143132 0)
(0.0286611 0.150793 0)
(0.031743 0.157649 0)
(0.0347915 0.163731 0)
(0.0377991 0.169079 0)
(0.0407622 0.17373 0)
(0.04368 0.177725 0)
(0.0465536 0.181102 0)
(0.0493854 0.183895 0)
(0.0521779 0.186136 0)
(0.0549338 0.187853 0)
(0.0576551 0.189069 0)
(0.0603429 0.189807 0)
(0.0629971 0.190081 0)
(0.0656167 0.189908 0)
(0.0681989 0.189299 0)
(0.0707401 0.188264 0)
(0.0732355 0.186813 0)
(0.0756791 0.184955 0)
(0.0780641 0.182698 0)
(0.0803831 0.180051 0)
(0.082628 0.177025 0)
(0.0847904 0.173628 0)
(0.0868615 0.169874 0)
(0.0888327 0.165773 0)
(0.0906953 0.161341 0)
(0.0924406 0.156591 0)
(0.0940606 0.151541 0)
(0.0955474 0.146206 0)
(0.0968937 0.140605 0)
(0.0980927 0.134758 0)
(0.0991382 0.128683 0)
(0.100025 0.122401 0)
(0.100747 0.115932 0)
(0.101302 0.109296 0)
(0.101685 0.102513 0)
(0.101894 0.0956048 0)
(0.101927 0.0885893 0)
(0.101782 0.0814858 0)
(0.101458 0.0743124 0)
(0.100954 0.0670861 0)
(0.100271 0.0598229 0)
(0.0994089 0.0525374 0)
(0.0983682 0.0452429 0)
(0.0971497 0.0379509 0)
(0.0957543 0.0306709 0)
(0.0941828 0.0234104 0)
(0.0924361 0.0161735 0)
(0.0905163 0.00896015 0)
(0.0884232 0.00176386 0)
(0.0861437 -0.00541605 0)
(0.0837121 -0.0125617 0)
(0.0811185 -0.0196797 0)
(0.0783661 -0.0267834 0)
(0.0754575 -0.0338922 0)
(0.0723943 -0.0410334 0)
(0.0691778 -0.0482439 0)
(0.0658089 -0.0555721 0)
(0.0622885 -0.0630801 0)
(0.0586172 -0.0708457 0)
(0.0547956 -0.0789645 0)
(0.0508246 -0.087551 0)
(0.0467056 -0.0967395 0)
(0.0424413 -0.106682 0)
(0.0380357 -0.117547 0)
(0.0334952 -0.129509 0)
(0.0288291 -0.142743 0)
(0.0240505 -0.157409 0)
(0.0191749 -0.173631 0)
(0.0142221 -0.191478 0)
(0.00921838 -0.21094 0)
(0.00419026 -0.231919 0)
(-0.000818363 -0.254214 0)
(-0.00571112 -0.277383 0)
(-0.0103988 -0.300929 0)
(-0.0147881 -0.324197 0)
(-0.0187895 -0.346448 0)
(-0.02229 -0.36678 0)
(-0.0251626 -0.384168 0)
(-0.0272525 -0.397416 0)
(-0.0283839 -0.40514 0)
(-0.0283682 -0.405721 0)
(-0.0270363 -0.397298 0)
(-0.0242883 -0.377815 0)
(-0.020169 -0.345164 0)
(-0.0149556 -0.29745 0)
(-0.00918982 -0.233359 0)
(-0.00374101 -0.152532 0)
(-0.000609689 -0.0557054 0)
(7.85384e-05 0.0074365 0)
(0.000640253 0.022105 0)
(0.00185519 0.0364967 0)
(0.00353047 0.0505236 0)
(0.00560012 0.0640906 0)
(0.00800221 0.0771046 0)
(0.010672 0.0894817 0)
(0.0135501 0.101152 0)
(0.0165837 0.112061 0)
(0.0197268 0.122174 0)
(0.02294 0.13147 0)
(0.0261911 0.139947 0)
(0.0294541 0.147614 0)
(0.0327097 0.154491 0)
(0.0359435 0.160606 0)
(0.0391462 0.165992 0)
(0.0423122 0.170685 0)
(0.0454386 0.174723 0)
(0.0485249 0.178141 0)
(0.0515719 0.180973 0)
(0.0545809 0.183252 0)
(0.0575535 0.185005 0)
(0.0604906 0.186257 0)
(0.0633928 0.187029 0)
(0.0662595 0.187339 0)
(0.0690889 0.187203 0)
(0.0718781 0.186634 0)
(0.0746233 0.185644 0)
(0.0773192 0.184244 0)
(0.0799597 0.182443 0)
(0.082538 0.18025 0)
(0.0850462 0.177676 0)
(0.0874763 0.17473 0)
(0.0898195 0.171423 0)
(0.092067 0.167766 0)
(0.0942098 0.163772 0)
(0.0962391 0.159455 0)
(0.098146 0.15483 0)
(0.0999222 0.149911 0)
(0.10156 0.144716 0)
(0.103051 0.139263 0)
(0.104389 0.133569 0)
(0.105567 0.127654 0)
(0.106579 0.121536 0)
(0.107421 0.115236 0)
(0.108088 0.108774 0)
(0.108577 0.102168 0)
(0.108884 0.0954384 0)
(0.109007 0.088604 0)
(0.108944 0.0816829 0)
(0.108695 0.0746926 0)
(0.108258 0.0676499 0)
(0.107633 0.0605701 0)
(0.106821 0.0534677 0)
(0.105823 0.0463556 0)
(0.104638 0.0392451 0)
(0.103268 0.0321458 0)
(0.101713 0.0250649 0)
(0.0999754 0.018007 0)
(0.0980553 0.0109723 0)
(0.0959553 0.0039559 0)
(0.093659 -0.0030502 0)
(0.0912016 -0.0100304 0)
(0.0885754 -0.0169859 0)
(0.0857831 -0.0239293 0)
(0.0828288 -0.0308801 0)
(0.0797154 -0.0378654 0)
(0.0764457 -0.044922 0)
(0.0730222 -0.0520981 0)
(0.0694479 -0.0594557 0)
(0.0657254 -0.0670728 0)
(0.061858 -0.0750449 0)
(0.0578491 -0.0834874 0)
(0.0537031 -0.0925352 0)
(0.0494251 -0.102342 0)
(0.0450221 -0.113077 0)
(0.0405026 -0.124919 0)
(0.0358776 -0.138044 0)
(0.0311606 -0.152615 0)
(0.0263679 -0.16876 0)
(0.0215185 -0.186555 0)
(0.0166355 -0.205994 0)
(0.0117415 -0.226977 0)
(0.00686138 -0.249279 0)
(0.00204102 -0.272549 0)
(-0.00267006 -0.296351 0)
(-0.0071682 -0.319916 0)
(-0.0113765 -0.342561 0)
(-0.0151947 -0.363396 0)
(-0.0185092 -0.381427 0)
(-0.021172 -0.395484 0)
(-0.0230054 -0.404206 0)
(-0.0238042 -0.405977 0)
(-0.0233658 -0.398901 0)
(-0.0215386 -0.380822 0)
(-0.0183012 -0.34945 0)
(-0.013858 -0.302622 0)
(-0.00868589 -0.238683 0)
(-0.00361168 -0.156906 0)
(-0.000609209 -0.0577095 0)
(7.69614e-05 0.00710287 0)
(0.000632327 0.0211842 0)
(0.00183892 0.0350635 0)
(0.00351062 0.0486498 0)
(0.00558597 0.0618448 0)
(0.0080068 0.0745517 0)
(0.0107113 0.0866821 0)
(0.0136423 0.0981606 0)
(0.0167482 0.108928 0)
(0.0199831 0.118941 0)
(0.0233074 0.128174 0)
(0.0266878 0.136617 0)
(0.030097 0.144274 0)
(0.0335137 0.151159 0)
(0.0369219 0.157295 0)
(0.0403099 0.16271 0)
(0.0436702 0.167438 0)
(0.0469979 0.171512 0)
(0.0502909 0.174968 0)
(0.0535481 0.177839 0)
(0.0567695 0.180154 0)
(0.0599555 0.181943 0)
(0.063106 0.18323 0)
(0.0662207 0.184038 0)
(0.0692983 0.184385 0)
(0.0723365 0.184289 0)
(0.0753322 0.183764 0)
(0.0782808 0.182823 0)
(0.0811771 0.181476 0)
(0.0840147 0.179736 0)
(0.0867865 0.177611 0)
(0.0894845 0.175113 0)
(0.0921005 0.172251 0)
(0.0946255 0.169038 0)
(0.0970506 0.165483 0)
(0.0993665 0.161601 0)
(0.101564 0.157405 0)
(0.103635 0.152908 0)
(0.10557 0.148127 0)
(0.10736 0.143077 0)
(0.108999 0.137777 0)
(0.110479 0.132242 0)
(0.111793 0.126493 0)
(0.112936 0.120547 0)
(0.113902 0.114423 0)
(0.114686 0.10814 0)
(0.115285 0.101718 0)
(0.115695 0.0951751 0)
(0.115914 0.0885292 0)
(0.11594 0.0817981 0)
(0.115772 0.074999 0)
(0.115408 0.0681477 0)
(0.114849 0.0612595 0)
(0.114094 0.0543483 0)
(0.113145 0.0474268 0)
(0.112001 0.0405061 0)
(0.110664 0.0335956 0)
(0.109135 0.0267026 0)
(0.107414 0.0198318 0)
(0.105503 0.0129842 0)
(0.103404 0.00615533 0)
(0.101105 -0.000667332 0)
(0.0986284 -0.00747453 0)
(0.0959791 -0.0142602 0)
(0.093157 -0.021037 0)
(0.090167 -0.0278246 0)
(0.0870138 -0.0346504 0)
(0.0837014 -0.0415509 0)
(0.0802343 -0.0485747 0)
(0.0766173 -0.0557838 0)
(0.0728555 -0.0632565 0)
(0.0689546 -0.071089 0)
(0.0649209 -0.079397 0)
(0.0607616 -0.0883166 0)
(0.056485 -0.0980027 0)
(0.0521005 -0.108626 0)
(0.047619 -0.120366 0)
(0.043053 -0.133403 0)
(0.0384165 -0.1479 0)
(0.0337248 -0.163989 0)
(0.0289943 -0.181746 0)
(0.0242427 -0.201169 0)
(0.0194873 -0.222161 0)
(0.0147457 -0.2445 0)
(0.0100423 -0.267835 0)
(0.00539793 -0.291695 0)
(0.000856746 -0.315471 0)
(-0.0035134 -0.338431 0)
(-0.00761694 -0.359649 0)
(-0.0113519 -0.378191 0)
(-0.0145777 -0.392918 0)
(-0.0171179 -0.402508 0)
(-0.0187538 -0.405364 0)
(-0.019252 -0.399571 0)
(-0.0184091 -0.382892 0)
(-0.0161338 -0.35287 0)
(-0.0125509 -0.30707 0)
(-0.00806216 -0.243486 0)
(-0.00343877 -0.160994 0)
(-0.000603376 -0.0596424 0)
(7.50023e-05 0.00677455 0)
(0.000620941 0.0202736 0)
(0.00181229 0.0336401 0)
(0.00347077 0.0467802 0)
(0.00553982 0.0595931 0)
(0.00796554 0.0719792 0)
(0.0106897 0.0838463 0)
(0.0136576 0.0951149 0)
(0.0168192 0.10572 0)
(0.0201297 0.115614 0)
(0.0235492 0.124765 0)
(0.0270437 0.133157 0)
(0.030585 0.140788 0)
(0.0341499 0.147666 0)
(0.0377206 0.153809 0)
(0.0412836 0.159243 0)
(0.044829 0.163997 0)
(0.0483504 0.168102 0)
(0.0518434 0.17159 0)
(0.0553054 0.174495 0)
(0.0587348 0.176845 0)
(0.0621306 0.178668 0)
(0.0654918 0.179991 0)
(0.0688169 0.180836 0)
(0.072104 0.181223 0)
(0.07535 0.181169 0)
(0.0785514 0.18069 0)
(0.0817032 0.179799 0)
(0.0847999 0.17851 0)
(0.0878348 0.176833 0)
(0.0908005 0.17478 0)
(0.093689 0.172362 0)
(0.0964917 0.169589 0)
(0.0991997 0.166472 0)
(0.101804 0.163025 0)
(0.104294 0.159259 0)
(0.106662 0.155187 0)
(0.108899 0.150824 0)
(0.110994 0.146186 0)
(0.112941 0.141287 0)
(0.114731 0.136144 0)
(0.116356 0.130775 0)
(0.11781 0.125197 0)
(0.119087 0.119428 0)
(0.120181 0.113487 0)
(0.121087 0.107391 0)
(0.121801 0.101159 0)
(0.12232 0.0948094 0)
(0.122641 0.0883592 0)
(0.122761 0.0818256 0)
(0.12268 0.075225 0)
(0.122396 0.068573 0)
(0.121909 0.0618841 0)
(0.121219 0.0551721 0)
(0.120326 0.0484491 0)
(0.119231 0.0417261 0)
(0.117935 0.0350124 0)
(0.11644 0.028315 0)
(0.114745 0.0216388 0)
(0.112853 0.0149852 0)
(0.110766 0.00835046 0)
(0.108483 0.00172346 0)
(0.105992 -0.00490226 0)
(0.103329 -0.011512 0)
(0.100489 -0.018117 0)
(0.0974753 -0.0247371 0)
(0.0942948 -0.0314 0)
(0.090953 -0.0381428 0)
(0.0874561 -0.0450144 0)
(0.0838108 -0.0520774 0)
(0.080025 -0.0594107 0)
(0.0761068 -0.0671112 0)
(0.0720656 -0.0752955 0)
(0.0679117 -0.0841005 0)
(0.0636563 -0.0936823 0)
(0.0593117 -0.104213 0)
(0.0548911 -0.115873 0)
(0.0504083 -0.128843 0)
(0.0458774 -0.143288 0)
(0.0413123 -0.159339 0)
(0.0367258 -0.177072 0)
(0.0321291 -0.196487 0)
(0.0275313 -0.217483 0)
(0.0229395 -0.239842 0)
(0.0183617 -0.263217 0)
(0.013804 -0.287135 0)
(0.00928191 -0.310988 0)
(0.00482415 -0.334063 0)
(0.000484023 -0.355546 0)
(-0.0036447 -0.374473 0)
(-0.00742356 -0.38972 0)
(-0.010677 -0.400032 0)
(-0.0131747 -0.403846 0)
(-0.0146547 -0.399253 0)
(-0.0148629 -0.383953 0)
(-0.0136351 -0.355334 0)
(-0.0110092 -0.310701 0)
(-0.00730191 -0.247682 0)
(-0.00321478 -0.16473 0)
(-0.000590777 -0.0614793 0)
(7.26488e-05 0.00645336 0)
(0.000605979 0.0193787 0)
(0.00177499 0.0322349 0)
(0.0034103 0.0449258 0)
(0.00546075 0.0573487 0)
(0.00787715 0.0694018 0)
(0.0106053 0.0809902 0)
(0.0135937 0.092031 0)
(0.0167944 0.102455 0)
(0.0201636 0.112211 0)
(0.0236619 0.12126 0)
(0.0272551 0.129582 0)
(0.0309136 0.137168 0)
(0.0346132 0.144023 0)
(0.0383341 0.150161 0)
(0.042061 0.155601 0)
(0.0457821 0.160371 0)
(0.0494887 0.164498 0)
(0.0531747 0.168013 0)
(0.0568356 0.170947 0)
(0.0604683 0.173328 0)
(0.0640702 0.175185 0)
(0.0676391 0.176543 0)
(0.0711724 0.177425 0)
(0.0746673 0.177852 0)
(0.0781201 0.177842 0)
(0.0815266 0.177411 0)
(0.0848814 0.176574 0)
(0.0881785 0.175345 0)
(0.091411 0.173735 0)
(0.0945712 0.171757 0)
(0.097651 0.169422 0)
(0.100641 0.166741 0)
(0.103533 0.163726 0)
(0.106318 0.160389 0)
(0.108985 0.156743 0)
(0.111525 0.1528 0)
(0.113929 0.148576 0)
(0.116188 0.144084 0)
(0.118294 0.139341 0)
(0.120237 0.134362 0)
(0.122011 0.129163 0)
(0.123609 0.123762 0)
(0.125024 0.118176 0)
(0.12625 0.112423 0)
(0.127282 0.10652 0)
(0.128117 0.100485 0)
(0.128749 0.0943357 0)
(0.129178 0.0880881 0)
(0.129399 0.081759 0)
(0.129411 0.0753642 0)
(0.129214 0.0689188 0)
(0.128806 0.0624369 0)
(0.128188 0.0559316 0)
(0.127359 0.0494148 0)
(0.126322 0.0428971 0)
(0.125075 0.0363876 0)
(0.123622 0.0298932 0)
(0.121963 0.0234186 0)
(0.1201 0.0169653 0)
(0.118034 0.0105305 0)
(0.115768 0.00410442 0)
(0.113286 -0.00232761 0)
(0.110625 -0.00875486 0)
(0.107781 -0.0151828 0)
(0.104759 -0.0216312 0)
(0.101567 -0.0281285 0)
(0.0982116 -0.0347126 0)
(0.0947019 -0.041433 0)
(0.0910466 -0.0483533 0)
(0.0872559 -0.0555532 0)
(0.0833411 -0.0631306 0)
(0.0793144 -0.0712032 0)
(0.0751895 -0.0799087 0)
(0.0709807 -0.0894043 0)
(0.0667031 -0.0998624 0)
(0.0623721 -0.111465 0)
(0.0580027 -0.124391 0)
(0.0536088 -0.138806 0)
(0.0492021 -0.154839 0)
(0.0447909 -0.172563 0)
(0.0403792 -0.191974 0)
(0.0359661 -0.212969 0)
(0.031546 -0.235327 0)
(0.0271103 -0.258702 0)
(0.0226487 -0.282623 0)
(0.0181554 -0.306492 0)
(0.0136354 -0.329608 0)
(0.00911247 -0.351166 0)
(0.0046435 -0.370266 0)
(0.000334657 -0.385881 0)
(-0.00363536 -0.396763 0)
(-0.00702111 -0.40139 0)
(-0.00953169 -0.39789 0)
(-0.0108617 -0.383925 0)
(-0.0107716 -0.35675 0)
(-0.00920618 -0.313413 0)
(-0.00638694 -0.251176 0)
(-0.00293117 -0.168044 0)
(-0.000569659 -0.0631908 0)
(6.98749e-05 0.00614118 0)
(0.000587253 0.0185047 0)
(0.0017265 0.0308565 0)
(0.00332834 0.0430979 0)
(0.00534749 0.0551251 0)
(0.00773999 0.0668346 0)
(0.0104562 0.07813 0)
(0.0134483 0.0889258 0)
(0.0166708 0.0991502 0)
(0.0200817 0.108747 0)
(0.0236422 0.117674 0)
(0.0273178 0.125905 0)
(0.0310786 0.133429 0)
(0.0348988 0.140245 0)
(0.0387573 0.146361 0)
(0.0426366 0.151795 0)
(0.0465232 0.156569 0)
(0.0504063 0.160709 0)
(0.0542779 0.164243 0)
(0.0581315 0.167201 0)
(0.0619622 0.16961 0)
(0.0657661 0.171497 0)
(0.0695395 0.172889 0)
(0.0732786 0.173808 0)
(0.0769797 0.174275 0)
(0.0806382 0.174309 0)
(0.0842491 0.173928 0)
(0.0878066 0.173147 0)
(0.0913043 0.17198 0)
(0.0947348 0.17044 0)
(0.0980903 0.16854 0)
(0.101362 0.166291 0)
(0.104542 0.163706 0)
(0.107619 0.160796 0)
(0.110585 0.157574 0)
(0.11343 0.154051 0)
(0.116144 0.150243 0)
(0.118719 0.146161 0)
(0.121144 0.141821 0)
(0.12341 0.137238 0)
(0.125511 0.132426 0)
(0.127437 0.127403 0)
(0.129182 0.122185 0)
(0.130739 0.116787 0)
(0.132101 0.111228 0)
(0.133265 0.105524 0)
(0.134224 0.0996922 0)
(0.134976 0.0937487 0)
(0.135517 0.0877101 0)
(0.135845 0.0815922 0)
(0.135958 0.0754101 0)
(0.135854 0.0691782 0)
(0.135533 0.0629103 0)
(0.134994 0.0566189 0)
(0.134238 0.0503156 0)
(0.133266 0.0440104 0)
(0.132079 0.0377121 0)
(0.130678 0.0314275 0)
(0.129065 0.025161 0)
(0.127242 0.0189145 0)
(0.12521 0.0126854 0)
(0.122974 0.00646532 0)
(0.120526 0.000237095 0)
(0.117874 -0.00600264 0)
(0.115041 -0.0122494 0)
(0.112028 -0.0185231 0)
(0.108842 -0.0248531 0)
(0.105494 -0.0312785 0)
(0.101992 -0.03785 0)
(0.0983488 -0.0446322 0)
(0.0945771 -0.0517061 0)
(0.090691 -0.0591709 0)
(0.0867063 -0.0671453 0)
(0.0826396 -0.0757684 0)
(0.0785087 -0.0851977 0)
(0.0743313 -0.095606 0)
(0.070125 -0.107175 0)
(0.0659055 -0.120082 0)
(0.061686 -0.134489 0)
(0.057475 -0.150522 0)
(0.0532755 -0.16825 0)
(0.0490831 -0.187662 0)
(0.0448857 -0.208647 0)
(0.0406635 -0.230982 0)
(0.0363907 -0.254315 0)
(0.0320389 -0.278175 0)
(0.0275815 -0.301975 0)
(0.0230016 -0.325025 0)
(0.0183002 -0.346548 0)
(0.0135094 -0.365677 0)
(0.00870851 -0.381434 0)
(0.0040457 -0.392671 0)
(-0.000246724 -0.397954 0)
(-0.00383808 -0.395419 0)
(-0.00636637 -0.382723 0)
(-0.00750977 -0.357015 0)
(-0.00711495 -0.315098 0)
(-0.00529818 -0.253863 0)
(-0.00257838 -0.170854 0)
(-0.000537802 -0.0647423 0)
(6.6637e-05 0.00584002 0)
(0.00056448 0.0176575 0)
(0.00166611 0.0295138 0)
(0.00322371 0.0413083 0)
(0.0051984 0.052936 0)
(0.00755199 0.0642931 0)
(0.0102401 0.0752822 0)
(0.0132187 0.0858165 0)
(0.0164457 0.095822 0)
(0.0198809 0.105239 0)
(0.0234865 0.114023 0)
(0.0272284 0.122145 0)
(0.0310759 0.129587 0)
(0.0350025 0.136344 0)
(0.0389853 0.142423 0)
(0.0430053 0.147835 0)
(0.0470469 0.152601 0)
(0.0510974 0.156743 0)
(0.0551466 0.160288 0)
(0.0591863 0.163262 0)
(0.0632097 0.165694 0)
(0.0672112 0.167608 0)
(0.0711856 0.169031 0)
(0.075128 0.169985 0)
(0.0790333 0.170492 0)
(0.0828963 0.170572 0)
(0.086711 0.170242 0)
(0.0904711 0.169519 0)
(0.0941694 0.168416 0)
(0.0977985 0.166949 0)
(0.10135 0.165129 0)
(0.104815 0.16297 0)
(0.108184 0.160484 0)
(0.111449 0.157682 0)
(0.114598 0.154578 0)
(0.117623 0.151183 0)
(0.120514 0.147512 0)
(0.12326 0.143577 0)
(0.125853 0.139393 0)
(0.128284 0.134974 0)
(0.130545 0.130335 0)
(0.132626 0.125492 0)
(0.134522 0.120461 0)
(0.136224 0.115257 0)
(0.137728 0.109897 0)
(0.139027 0.104398 0)
(0.140117 0.0987741 0)
(0.140993 0.0930428 0)
(0.141654 0.0872193 0)
(0.142094 0.0813188 0)
(0.142314 0.0753557 0)
(0.142311 0.069344 0)
(0.142084 0.0632968 0)
(0.141633 0.057226 0)
(0.140959 0.0511427 0)
(0.140063 0.0450566 0)
(0.138945 0.038976 0)
(0.137607 0.0329073 0)
(0.136052 0.0268548 0)
(0.134281 0.0208201 0)
(0.132298 0.0148011 0)
(0.130105 0.00878993 0)
(0.127704 0.00277105 0)
(0.125084 -0.00327278 0)
(0.122282 -0.00933503 0)
(0.119299 -0.0154323 0)
(0.116142 -0.0215947 0)
(0.112823 -0.0278628 0)
(0.109355 -0.0342889 0)
(0.105751 -0.0409393 0)
(0.102027 -0.0478965 0)
(0.0982008 -0.0552611 0)
(0.0942913 -0.0631533 0)
(0.0903186 -0.0717129 0)
(0.0863036 -0.081098 0)
(0.0822666 -0.0914809 0)
(0.0782267 -0.103041 0)
(0.0742001 -0.115954 0)
(0.0701981 -0.130378 0)
(0.0662255 -0.14643 0)
(0.0622783 -0.164172 0)
(0.0583426 -0.183584 0)
(0.0543934 -0.204547 0)
(0.0503955 -0.226829 0)
(0.0463057 -0.250073 0)
(0.0420757 -0.273806 0)
(0.0376589 -0.297448 0)
(0.033017 -0.320321 0)
(0.0281302 -0.341673 0)
(0.0230091 -0.360676 0)
(0.017711 -0.37641 0)
(0.0123611 -0.3878 0)
(0.0071744 -0.39351 0)
(0.00247209 -0.391786 0)
(-0.00133485 -0.380262 0)
(-0.00381659 -0.356019 0)
(-0.00471111 -0.315635 0)
(-0.00401791 -0.25563 0)
(-0.00214631 -0.17307 0)
(-0.000492296 -0.0660934 0)
(6.28688e-05 0.00555209 0)
(0.00053727 0.0168433 0)
(0.00159288 0.0282164 0)
(0.00309487 0.039569 0)
(0.00501143 0.0507958 0)
(0.00731072 0.061793 0)
(0.00995401 0.0724636 0)
(0.012902 0.0827203 0)
(0.0161159 0.0924881 0)
(0.0195579 0.101706 0)
(0.0231916 0.110326 0)
(0.0269832 0.118316 0)
(0.030902 0.125655 0)
(0.0349204 0.132335 0)
(0.0390142 0.138358 0)
(0.0431628 0.143733 0)
(0.0473487 0.148477 0)
(0.051557 0.152609 0)
(0.0557757 0.156154 0)
(0.0599945 0.159137 0)
(0.0642049 0.161585 0)
(0.0683993 0.163521 0)
(0.0725711 0.164972 0)
(0.0767139 0.16596 0)
(0.0808215 0.166506 0)
(0.0848876 0.166631 0)
(0.0889053 0.166353 0)
(0.0928677 0.165689 0)
(0.0967669 0.164653 0)
(0.100595 0.16326 0)
(0.104343 0.161524 0)
(0.108002 0.159457 0)
(0.111563 0.157072 0)
(0.115016 0.154382 0)
(0.118351 0.151399 0)
(0.121557 0.148136 0)
(0.124626 0.144606 0)
(0.127547 0.140821 0)
(0.130312 0.136797 0)
(0.13291 0.132546 0)
(0.135333 0.128084 0)
(0.137573 0.123426 0)
(0.139623 0.118587 0)
(0.141476 0.113581 0)
(0.143125 0.108426 0)
(0.144564 0.103135 0)
(0.145789 0.0977258 0)
(0.146797 0.0922122 0)
(0.147582 0.0866095 0)
(0.148142 0.0809321 0)
(0.148476 0.075194 0)
(0.148581 0.0694084 0)
(0.148457 0.0635877 0)
(0.148104 0.0577436 0)
(0.147522 0.0518863 0)
(0.146712 0.0460252 0)
(0.145674 0.0401679 0)
(0.144413 0.0343205 0)
(0.142929 0.0284869 0)
(0.141226 0.0226683 0)
(0.139306 0.0168626 0)
(0.137174 0.0110627 0)
(0.134834 0.00525428 0)
(0.132276 -0.000585911 0)
(0.129526 -0.00646175 0)
(0.126597 -0.0123822 0)
(0.123495 -0.0183781 0)
(0.120235 -0.0244921 0)
(0.11683 -0.0307785 0)
(0.113298 -0.0373054 0)
(0.109657 -0.0441574 0)
(0.105929 -0.0514367 0)
(0.102135 -0.0592649 0)
(0.0982994 -0.0677826 0)
(0.0944456 -0.0771478 0)
(0.0905965 -0.0875316 0)
(0.0867721 -0.0991106 0)
(0.082988 -0.112056 0)
(0.0792528 -0.126517 0)
(0.0755658 -0.142604 0)
(0.0719148 -0.160368 0)
(0.0682745 -0.179776 0)
(0.0646058 -0.200698 0)
(0.0608569 -0.22289 0)
(0.0569656 -0.24599 0)
(0.0528641 -0.269522 0)
(0.0484855 -0.292909 0)
(0.0437714 -0.315488 0)
(0.0386822 -0.336533 0)
(0.0332094 -0.355253 0)
(0.0273918 -0.370785 0)
(0.0213355 -0.382133 0)
(0.0152377 -0.388061 0)
(0.00940871 -0.386921 0)
(0.00428054 -0.376458 0)
(0.00034724 -0.35367 0)
(-0.00197219 -0.314901 0)
(-0.00253335 -0.256353 0)
(-0.0016267 -0.174593 0)
(-0.000429749 -0.067197 0)
(5.84768e-05 0.00527983 0)
(0.000505116 0.0160686 0)
(0.00150564 0.0269744 0)
(0.00294 0.037893 0)
(0.00478422 0.0487192 0)
(0.00701342 0.0593506 0)
(0.00959512 0.0696912 0)
(0.0124951 0.0796547 0)
(0.0156784 0.0891662 0)
(0.0191097 0.0981635 0)
(0.0227545 0.106598 0)
(0.0265796 0.114434 0)
(0.0305541 0.121649 0)
(0.0346497 0.128232 0)
(0.0388412 0.13418 0)
(0.0431061 0.139501 0)
(0.0474252 0.144206 0)
(0.0517817 0.148316 0)
(0.0561614 0.15185 0)
(0.0605521 0.154833 0)
(0.0649433 0.157289 0)
(0.0693257 0.159242 0)
(0.0736909 0.160716 0)
(0.0780312 0.161734 0)
(0.0823389 0.162318 0)
(0.0866066 0.162488 0)
(0.0908266 0.162262 0)
(0.0949908 0.161657 0)
(0.0990912 0.160689 0)
(0.103119 0.159372 0)
(0.107065 0.157722 0)
(0.110919 0.15575 0)
(0.114673 0.15347 0)
(0.118316 0.150895 0)
(0.121837 0.148036 0)
(0.125228 0.144908 0)
(0.128477 0.141522 0)
(0.131576 0.137891 0)
(0.134514 0.13403 0)
(0.137282 0.129952 0)
(0.139871 0.125671 0)
(0.142274 0.121202 0)
(0.144482 0.116558 0)
(0.146489 0.111756 0)
(0.148288 0.106809 0)
(0.149873 0.101733 0)
(0.15124 0.0965418 0)
(0.152384 0.0912507 0)
(0.153301 0.0858738 0)
(0.153988 0.0804248 0)
(0.154444 0.0749168 0)
(0.154667 0.0693626 0)
(0.154656 0.0637739 0)
(0.154411 0.0581615 0)
(0.153932 0.0525354 0)
(0.15322 0.0469042 0)
(0.152277 0.0412748 0)
(0.151106 0.035653 0)
(0.14971 0.0300419 0)
(0.148092 0.0244425 0)
(0.146255 0.0188522 0)
(0.144205 0.0132644 0)
(0.141947 0.00766567 0)
(0.139484 0.00203358 0)
(0.136808 -0.00365434 0)
(0.133962 -0.00939993 0)
(0.130947 -0.0152331 0)
(0.127779 -0.0211986 0)
(0.124475 -0.0273532 0)
(0.121054 -0.0337677 0)
(0.117539 -0.0405287 0)
(0.113953 -0.0477405 0)
(0.110324 -0.0555258 0)
(0.106676 -0.0640258 0)
(0.103038 -0.0733977 0)
(0.099432 -0.0838102 0)
(0.0958797 -0.0954356 0)
(0.0923943 -0.108438 0)
(0.0889803 -0.122958 0)
(0.0856299 -0.139093 0)
(0.0823208 -0.156881 0)
(0.0790145 -0.176274 0)
(0.075656 -0.197127 0)
(0.0721754 -0.219184 0)
(0.0684913 -0.242074 0)
(0.064516 -0.265319 0)
(0.0601626 -0.288347 0)
(0.055354 -0.310509 0)
(0.0500327 -0.331103 0)
(0.0441734 -0.349379 0)
(0.0377986 -0.364531 0)
(0.0309988 -0.375643 0)
(0.0239564 -0.381583 0)
(0.0169723 -0.380822 0)
(0.0104808 -0.371214 0)
(0.00502237 -0.349804 0)
(0.00114088 -0.3128 0)
(-0.000832602 -0.255912 0)
(-0.00101642 -0.175315 0)
(-0.000348832 -0.0680011 0)
(5.3337e-05 0.005026 0)
(0.000467396 0.0153408 0)
(0.001403 0.0257986 0)
(0.00275706 0.0362935 0)
(0.00451424 0.0467216 0)
(0.00665729 0.0569823 0)
(0.00916054 0.0669823 0)
(0.0119952 0.0766373 0)
(0.0151306 0.0858736 0)
(0.0185342 0.0946297 0)
(0.0221733 0.102856 0)
(0.0260157 0.110516 0)
(0.0300306 0.117585 0)
(0.0341891 0.124048 0)
(0.0384648 0.129901 0)
(0.0428338 0.135149 0)
(0.047275 0.139801 0)
(0.0517698 0.143873 0)
(0.0563019 0.147383 0)
(0.0608571 0.150355 0)
(0.0654228 0.152811 0)
(0.069988 0.154773 0)
(0.0745425 0.156266 0)
(0.079077 0.157312 0)
(0.0835824 0.157931 0)
(0.0880501 0.158144 0)
(0.0924713 0.157969 0)
(0.0968371 0.157424 0)
(0.101139 0.156524 0)
(0.105366 0.155286 0)
(0.109511 0.153723 0)
(0.113562 0.151848 0)
(0.11751 0.149676 0)
(0.121345 0.147218 0)
(0.125055 0.144487 0)
(0.128632 0.141496 0)
(0.132065 0.138258 0)
(0.135343 0.134785 0)
(0.138458 0.131091 0)
(0.141399 0.127189 0)
(0.144159 0.123092 0)
(0.146728 0.118815 0)
(0.149099 0.114372 0)
(0.151265 0.109776 0)
(0.153219 0.105042 0)
(0.154956 0.100184 0)
(0.15647 0.0952157 0)
(0.157758 0.0901516 0)
(0.158814 0.0850048 0)
(0.159638 0.0797885 0)
(0.160226 0.0745152 0)
(0.160576 0.0691968 0)
(0.160689 0.0638443 0)
(0.160564 0.058468 0)
(0.160202 0.0530771 0)
(0.159604 0.0476794 0)
(0.158773 0.0422814 0)
(0.15771 0.0368879 0)
(0.156421 0.0315017 0)
(0.154908 0.0261228 0)
(0.153178 0.0207485 0)
(0.151235 0.0153716 0)
(0.149085 0.00997936 0)
(0.146736 0.00455041 0)
(0.14418 -0.000945696 0)
(0.141451 -0.00651975 0)
(0.138563 -0.0121958 0)
(0.135528 -0.0180207 0)
(0.132368 -0.0240545 0)
(0.129106 -0.0303707 0)
(0.125766 -0.0370584 0)
(0.122378 -0.0442236 0)
(0.11897 -0.0519902 0)
(0.115572 -0.0604994 0)
(0.112211 -0.0699066 0)
(0.108913 -0.0803769 0)
(0.105697 -0.0920761 0)
(0.102573 -0.105159 0)
(0.0995388 -0.119755 0)
(0.096578 -0.135947 0)
(0.0936558 -0.153753 0)
(0.0907187 -0.173111 0)
(0.0876941 -0.193857 0)
(0.0844929 -0.215721 0)
(0.0810139 -0.238324 0)
(0.0771494 -0.261185 0)
(0.0727941 -0.283738 0)
(0.0678533 -0.30535 0)
(0.0622542 -0.325344 0)
(0.0559574 -0.343012 0)
(0.0489721 -0.357605 0)
(0.0413757 -0.368288 0)
(0.0333387 -0.374035 0)
(0.025153 -0.373447 0)
(0.0172543 -0.36451 0)
(0.0102138 -0.34434 0)
(0.00466317 -0.309089 0)
(0.00111948 -0.254198 0)
(-0.000312262 -0.175145 0)
(-0.000254337 -0.0684528 0)
(4.72935e-05 0.00479373 0)
(0.000423406 0.0146678 0)
(0.00128353 0.0247005 0)
(0.00254402 0.0347847 0)
(0.00419916 0.0448184 0)
(0.00623999 0.0547046 0)
(0.00864815 0.0643538 0)
(0.0114007 0.073685 0)
(0.0144713 0.0826274 0)
(0.0178306 0.0911209 0)
(0.021448 0.0991165 0)
(0.0252922 0.106577 0)
(0.0293326 0.113476 0)
(0.0335399 0.119798 0)
(0.0378866 0.125535 0)
(0.0423475 0.13069 0)
(0.0468998 0.13527 0)
(0.0515229 0.139289 0)
(0.0561986 0.142763 0)
(0.0609106 0.145712 0)
(0.0656444 0.148157 0)
(0.070387 0.150122 0)
(0.0751264 0.151627 0)
(0.0798515 0.152694 0)
(0.0845521 0.153345 0)
(0.089218 0.153599 0)
(0.0938393 0.153475 0)
(0.0984063 0.152989 0)
(0.102909 0.152159 0)
(0.107337 0.151 0)
(0.111682 0.149526 0)
(0.115931 0.147751 0)
(0.120075 0.145688 0)
(0.124103 0.143349 0)
(0.128006 0.140749 0)
(0.131771 0.137898 0)
(0.13539 0.134811 0)
(0.138851 0.131498 0)
(0.142146 0.127974 0)
(0.145265 0.124251 0)
(0.148199 0.120343 0)
(0.150939 0.116261 0)
(0.153478 0.112021 0)
(0.155809 0.107636 0)
(0.157925 0.103118 0)
(0.15982 0.0984817 0)
(0.16149 0.0937403 0)
(0.16293 0.0889066 0)
(0.164136 0.0839937 0)
(0.165105 0.0790136 0)
(0.165836 0.0739783 0)
(0.166328 0.068899 0)
(0.166579 0.0637859 0)
(0.16659 0.0586486 0)
(0.166361 0.0534954 0)
(0.165896 0.0483335 0)
(0.165196 0.0431687 0)
(0.164264 0.0380048 0)
(0.163105 0.0328438 0)
(0.161725 0.0276852 0)
(0.160129 0.0225253 0)
(0.158323 0.0173564 0)
(0.156316 0.012166 0)
(0.154116 0.00693345 0)
(0.151729 0.00162839 0)
(0.149153 -0.00378025 0)
(0.146435 -0.00930864 0)
(0.143583 -0.0150047 0)
(0.140619 -0.0209321 0)
(0.137572 -0.0271679 0)
(0.13447 -0.0338035 0)
(0.131343 -0.0409467 0)
(0.128225 -0.0487221 0)
(0.125146 -0.0572698 0)
(0.122136 -0.0667424 0)
(0.119218 -0.0772996 0)
(0.116408 -0.0890987 0)
(0.113712 -0.102283 0)
(0.111119 -0.116966 0)
(0.1086 -0.133212 0)
(0.106106 -0.151022 0)
(0.103565 -0.170311 0)
(0.100888 -0.190899 0)
(0.0979642 -0.212499 0)
(0.0946724 -0.234724 0)
(0.0908863 -0.257091 0)
(0.0864832 -0.279042 0)
(0.0813535 -0.29996 0)
(0.0754115 -0.319198 0)
(0.0686073 -0.33609 0)
(0.0609403 -0.349944 0)
(0.0524785 -0.360007 0)
(0.0433827 -0.36536 0)
(0.0339365 -0.364742 0)
(0.0245755 -0.356285 0)
(0.0158947 -0.337225 0)
(0.00859988 -0.303711 0)
(0.00335461 -0.250962 0)
(0.000503072 -0.173964 0)
(-0.00014766 -0.0685018 0)
(4.01617e-05 0.00458661 0)
(0.000372419 0.0140584 0)
(0.00114589 0.0236922 0)
(0.00229926 0.0333807 0)
(0.00383747 0.0430252 0)
(0.00576045 0.0525337 0)
(0.0080576 0.0618221 0)
(0.0107121 0.0708145 0)
(0.0137021 0.079444 0)
(0.0170016 0.0876531 0)
(0.0205819 0.0953946 0)
(0.0244131 0.102632 0)
(0.0284648 0.109337 0)
(0.0327073 0.115494 0)
(0.0371123 0.121094 0)
(0.0416533 0.126135 0)
(0.0463058 0.130625 0)
(0.0510474 0.134573 0)
(0.0558578 0.137995 0)
(0.0607189 0.140909 0)
(0.0656141 0.143334 0)
(0.0705284 0.145291 0)
(0.0754481 0.146801 0)
(0.0803604 0.147886 0)
(0.0852533 0.148564 0)
(0.0901155 0.148856 0)
(0.0949359 0.14878 0)
(0.0997035 0.148354 0)
(0.104408 0.147593 0)
(0.109038 0.146514 0)
(0.113582 0.14513 0)
(0.118031 0.143455 0)
(0.122374 0.141503 0)
(0.126598 0.139287 0)
(0.130695 0.136819 0)
(0.134652 0.134112 0)
(0.138461 0.131177 0)
(0.14211 0.128028 0)
(0.145589 0.124677 0)
(0.14889 0.121136 0)
(0.152004 0.117418 0)
(0.154921 0.113536 0)
(0.157635 0.109502 0)
(0.160138 0.105329 0)
(0.162423 0.10103 0)
(0.164486 0.0966187 0)
(0.166321 0.0921065 0)
(0.167924 0.087506 0)
(0.169291 0.0828292 0)
(0.17042 0.0780878 0)
(0.171309 0.0732928 0)
(0.171957 0.0684544 0)
(0.172364 0.0635824 0)
(0.17253 0.0586853 0)
(0.172457 0.0537708 0)
(0.172147 0.0488451 0)
(0.171603 0.0439131 0)
(0.17083 0.0389779 0)
(0.169833 0.0340405 0)
(0.168617 0.0290993 0)
(0.16719 0.0241499 0)
(0.16556 0.0191838 0)
(0.163735 0.0141876 0)
(0.161726 0.00914119 0)
(0.159544 0.00401452 0)
(0.157184 -0.0012326 0)
(0.154693 -0.00662469 0)
(0.152083 -0.0122066 0)
(0.149381 -0.0180459 0)
(0.146616 -0.0242231 0)
(0.143823 -0.030832 0)
(0.141034 -0.0379816 0)
(0.138284 -0.0457961 0)
(0.135606 -0.0544135 0)
(0.133027 -0.063982 0)
(0.130569 -0.0746536 0)
(0.128242 -0.0865746 0)
(0.126043 -0.0998735 0)
(0.123949 -0.114645 0)
(0.121918 -0.130935 0)
(0.119884 -0.148719 0)
(0.117756 -0.167892 0)
(0.115422 -0.188252 0)
(0.112754 -0.209499 0)
(0.109611 -0.231239 0)
(0.105847 -0.252987 0)
(0.101327 -0.274195 0)
(0.0959276 -0.294268 0)
(0.0895549 -0.312589 0)
(0.0821517 -0.328533 0)
(0.0737124 -0.34147 0)
(0.0642993 -0.350727 0)
(0.0540669 -0.355492 0)
(0.043292 -0.354644 0)
(0.0324081 -0.346479 0)
(0.022027 -0.328384 0)
(0.0129163 -0.296572 0)
(0.00586798 -0.24612 0)
(0.0014556 -0.171584 0)
(-1.35518e-05 -0.0680843 0)
(3.17391e-05 0.00440863 0)
(0.000313812 0.0135218 0)
(0.000989263 0.0227862 0)
(0.00202227 0.0320957 0)
(0.00342945 0.041357 0)
(0.00522019 0.050485 0)
(0.00739192 0.0594027 0)
(0.00993402 0.068041 0)
(0.0128292 0.0763383 0)
(0.0160548 0.0842412 0)
(0.0195843 0.0917051 0)
(0.0233889 0.0986941 0)
(0.0274386 0.105182 0)
(0.0317037 0.11115 0)
(0.0361549 0.116589 0)
(0.0407645 0.121496 0)
(0.0455065 0.125876 0)
(0.0503569 0.129736 0)
(0.0552934 0.133091 0)
(0.0602958 0.135955 0)
(0.0653457 0.138348 0)
(0.070426 0.140287 0)
(0.0755213 0.141794 0)
(0.080617 0.142889 0)
(0.0856997 0.14359 0)
(0.0907563 0.143916 0)
(0.0957746 0.143886 0)
(0.100743 0.143517 0)
(0.105648 0.142825 0)
(0.110481 0.141825 0)
(0.115228 0.140532 0)
(0.119879 0.138959 0)
(0.124422 0.13712 0)
(0.128846 0.135028 0)
(0.133141 0.132694 0)
(0.137295 0.130132 0)
(0.141297 0.127353 0)
(0.145139 0.12437 0)
(0.148809 0.121194 0)
(0.152298 0.117837 0)
(0.155599 0.114312 0)
(0.158701 0.11063 0)
(0.161598 0.106805 0)
(0.164283 0.102847 0)
(0.166749 0.0987695 0)
(0.168991 0.0945841 0)
(0.171003 0.0903027 0)
(0.172784 0.0859367 0)
(0.174328 0.0814974 0)
(0.175633 0.0769955 0)
(0.1767 0.0724412 0)
(0.177525 0.0678441 0)
(0.178111 0.0632128 0)
(0.178457 0.0585553 0)
(0.178567 0.0538781 0)
(0.178443 0.0491867 0)
(0.178089 0.0444849 0)
(0.17751 0.0397749 0)
(0.176712 0.0350566 0)
(0.175702 0.0303275 0)
(0.174488 0.0255819 0)
(0.173081 0.0208104 0)
(0.171489 0.0159986 0)
(0.169726 0.011126 0)
(0.167804 0.00616262 0)
(0.165735 0.00106698 0)
(0.163526 -0.00420439 0)
(0.161228 -0.00969174 0)
(0.15886 -0.0154665 0)
(0.156458 -0.021612 0)
(0.154058 -0.028224 0)
(0.151695 -0.0354116 0)
(0.149405 -0.0432978 0)
(0.147218 -0.0520166 0)
(0.14516 -0.0617097 0)
(0.143246 -0.0725189 0)
(0.141478 -0.0845767 0)
(0.139841 -0.0979938 0)
(0.138299 -0.112844 0)
(0.136791 -0.129149 0)
(0.135232 -0.14686 0)
(0.13351 -0.165848 0)
(0.131494 -0.185893 0)
(0.129033 -0.20668 0)
(0.12597 -0.227808 0)
(0.122144 -0.248797 0)
(0.117408 -0.269111 0)
(0.11163 -0.288177 0)
(0.104712 -0.305413 0)
(0.0965935 -0.320239 0)
(0.0872696 -0.332085 0)
(0.0768016 -0.340358 0)
(0.0653415 -0.344352 0)
(0.0531617 -0.343087 0)
(0.0406924 -0.335031 0)
(0.0285553 -0.317752 0)
(0.0175668 -0.287585 0)
(0.00863089 -0.239559 0)
(0.00253977 -0.167897 0)
(0.000151393 -0.0671179 0)
(2.18264e-05 0.00426415 0)
(0.000247256 0.0130674 0)
(0.000813855 0.0219943 0)
(0.00171458 0.0309429 0)
(0.00297867 0.0398273 0)
(0.00462522 0.0485718 0)
(0.00665978 0.0571089 0)
(0.00907785 0.0653777 0)
(0.0118666 0.0733236 0)
(0.0150066 0.0808983 0)
(0.0184735 0.0880608 0)
(0.0222397 0.0947773 0)
(0.0262758 0.101022 0)
(0.0305518 0.106778 0)
(0.035038 0.112033 0)
(0.0397056 0.116784 0)
(0.0445272 0.121032 0)
(0.049477 0.124786 0)
(0.0545311 0.128056 0)
(0.0596674 0.130857 0)
(0.0648654 0.133204 0)
(0.0701064 0.135115 0)
(0.0753727 0.13661 0)
(0.0806483 0.137707 0)
(0.0859181 0.138425 0)
(0.0911675 0.138781 0)
(0.096383 0.138794 0)
(0.101551 0.13848 0)
(0.10666 0.137855 0)
(0.111697 0.136934 0)
(0.116649 0.135731 0)
(0.121504 0.134261 0)
(0.126252 0.132536 0)
(0.130881 0.130568 0)
(0.135378 0.128371 0)
(0.139734 0.125955 0)
(0.143938 0.123333 0)
(0.147979 0.120517 0)
(0.151848 0.117517 0)
(0.155535 0.114346 0)
(0.159032 0.111015 0)
(0.162331 0.107536 0)
(0.165423 0.10392 0)
(0.168303 0.100178 0)
(0.170964 0.0963224 0)
(0.173401 0.0923638 0)
(0.17561 0.0883133 0)
(0.177586 0.0841817 0)
(0.179329 0.0799792 0)
(0.180835 0.0757158 0)
(0.182103 0.0714008 0)
(0.183135 0.0670429 0)
(0.183929 0.0626499 0)
(0.18449 0.0582286 0)
(0.184818 0.0537848 0)
(0.184919 0.0493229 0)
(0.184796 0.0448458 0)
(0.184456 0.0403546 0)
(0.183906 0.0358479 0)
(0.183153 0.0313222 0)
(0.182208 0.0267706 0)
(0.181081 0.0221823 0)
(0.179784 0.0175417 0)
(0.178331 0.012827 0)
(0.176737 0.00800757 0)
(0.175019 0.00304146 0)
(0.173181 -0.00212391 0)
(0.171281 -0.0075401 0)
(0.169339 -0.0132786 0)
(0.167394 -0.0194241 0)
(0.165486 -0.0260727 0)
(0.16365 -0.0333325 0)
(0.16192 -0.0413231 0)
(0.160324 -0.050173 0)
(0.158879 -0.0600145 0)
(0.157593 -0.0709764 0)
(0.156456 -0.0831743 0)
(0.155436 -0.0966982 0)
(0.154481 -0.111598 0)
(0.15351 -0.127869 0)
(0.152414 -0.145437 0)
(0.151063 -0.164151 0)
(0.149304 -0.183769 0)
(0.146967 -0.203967 0)
(0.143879 -0.22434 0)
(0.13987 -0.244414 0)
(0.134783 -0.263669 0)
(0.128484 -0.281561 0)
(0.120874 -0.297542 0)
(0.111899 -0.311082 0)
(0.101555 -0.321672 0)
(0.0899107 -0.328794 0)
(0.0771195 -0.331851 0)
(0.0634525 -0.329999 0)
(0.0493364 -0.321883 0)
(0.0353972 -0.305275 0)
(0.0224862 -0.276685 0)
(0.0116007 -0.231188 0)
(0.00373812 -0.162797 0)
(0.000345056 -0.0655299 0)
(1.02633e-05 0.00415768 0)
(0.000173016 0.0127039 0)
(0.000621747 0.0213272 0)
(0.00138127 0.029933 0)
(0.002494 0.0384466 0)
(0.00398874 0.0468045 0)
(0.00587882 0.0549508 0)
(0.0081655 0.0628348 0)
(0.0108402 0.07041 0)
(0.0138864 0.0776348 0)
(0.017282 0.0844723 0)
(0.0210007 0.0908921 0)
(0.0250137 0.0968697 0)
(0.0292911 0.102388 0)
(0.0338027 0.107435 0)
(0.0385189 0.112007 0)
(0.0434111 0.116104 0)
(0.048452 0.119732 0)
(0.0536161 0.1229 0)
(0.0588794 0.125621 0)
(0.0642197 0.127908 0)
(0.0696162 0.12978 0)
(0.0750497 0.131252 0)
(0.0805023 0.132343 0)
(0.0859573 0.13307 0)
(0.0913987 0.133451 0)
(0.0968116 0.133502 0)
(0.102182 0.13324 0)
(0.107495 0.13268 0)
(0.112739 0.131837 0)
(0.1179 0.130724 0)
(0.122966 0.129355 0)
(0.127924 0.127744 0)
(0.132763 0.125902 0)
(0.137472 0.123841 0)
(0.142039 0.121572 0)
(0.146453 0.119108 0)
(0.150705 0.11646 0)
(0.154784 0.113637 0)
(0.158682 0.110653 0)
(0.16239 0.107516 0)
(0.1659 0.104239 0)
(0.169206 0.100832 0)
(0.172299 0.0973061 0)
(0.175176 0.0936713 0)
(0.177831 0.0899381 0)
(0.18026 0.0861169 0)
(0.18246 0.0822173 0)
(0.18443 0.0782489 0)
(0.186168 0.0742207 0)
(0.187674 0.070141 0)
(0.188948 0.0660176 0)
(0.189992 0.0618573 0)
(0.19081 0.0576661 0)
(0.191404 0.0534486 0)
(0.191779 0.0492083 0)
(0.191942 0.044947 0)
(0.191898 0.0406645 0)
(0.191657 0.0363586 0)
(0.191227 0.0320241 0)
(0.190619 0.027653 0)
(0.189845 0.0232331 0)
(0.188918 0.0187473 0)
(0.187854 0.014172 0)
(0.186671 0.0094756 0)
(0.185389 0.00461436 0)
(0.184017 -0.000471545 0)
(0.182611 -0.00584669 0)
(0.1812 -0.0115824 0)
(0.179822 -0.0177632 0)
(0.178517 -0.0244842 0)
(0.17732 -0.0318504 0)
(0.176258 -0.0399758 0)
(0.175352 -0.0489804 0)
(0.174611 -0.0589843 0)
(0.174028 -0.0701005 0)
(0.173577 -0.0824245 0)
(0.173209 -0.0960229 0)
(0.172848 -0.110919 0)
(0.172392 -0.127082 0)
(0.171712 -0.144411 0)
(0.170653 -0.162732 0)
(0.169045 -0.181789 0)
(0.166702 -0.201246 0)
(0.16344 -0.2207 0)
(0.159082 -0.239688 0)
(0.153467 -0.257711 0)
(0.146467 -0.274256 0)
(0.137987 -0.288816 0)
(0.127982 -0.30091 0)
(0.116461 -0.310091 0)
(0.103502 -0.315918 0)
(0.0892661 -0.317893 0)
(0.0740271 -0.315308 0)
(0.0582085 -0.306987 0)
(0.0424356 -0.290917 0)
(0.0275821 -0.263832 0)
(0.0147176 -0.220945 0)
(0.00502567 -0.156199 0)
(0.000563531 -0.0632585 0)
(-3.0051e-06 0.00409349 0)
(9.23782e-05 0.0124385 0)
(0.000418002 0.0207921 0)
(0.00103282 0.0290723 0)
(0.00199244 0.0372203 0)
(0.00333467 0.0451878 0)
(0.00507987 0.052933 0)
(0.0072344 0.0604171 0)
(0.00979338 0.0676033 0)
(0.0127431 0.074457 0)
(0.0160635 0.080947 0)
(0.0197296 0.0870461 0)
(0.0237136 0.0927322 0)
(0.0279858 0.0979888 0)
(0.0325159 0.102805 0)
(0.0372737 0.107175 0)
(0.0422296 0.111099 0)
(0.0473551 0.114581 0)
(0.0526231 0.117629 0)
(0.0580081 0.120253 0)
(0.0634862 0.122467 0)
(0.0690348 0.124285 0)
(0.0746331 0.125724 0)
(0.0802614 0.126799 0)
(0.0859013 0.127528 0)
(0.0915357 0.127926 0)
(0.0971482 0.128011 0)
(0.102723 0.127796 0)
(0.108246 0.127297 0)
(0.113703 0.126529 0)
(0.11908 0.125504 0)
(0.124364 0.124237 0)
(0.129542 0.122738 0)
(0.134603 0.12102 0)
(0.139534 0.119095 0)
(0.144325 0.116973 0)
(0.148965 0.114667 0)
(0.153443 0.112185 0)
(0.157751 0.109539 0)
(0.161879 0.10674 0)
(0.16582 0.103797 0)
(0.169564 0.100721 0)
(0.173107 0.0975208 0)
(0.176442 0.0942076 0)
(0.179564 0.0907906 0)
(0.182468 0.0872794 0)
(0.185153 0.0836833 0)
(0.187614 0.080011 0)
(0.189852 0.0762712 0)
(0.191865 0.0724719 0)
(0.193654 0.0686205 0)
(0.195221 0.0647236 0)
(0.196569 0.0607873 0)
(0.197701 0.0568164 0)
(0.198621 0.0528146 0)
(0.199337 0.0487842 0)
(0.199853 0.0447259 0)
(0.200179 0.0406385 0)
(0.200322 0.0365184 0)
(0.200295 0.0323593 0)
(0.200107 0.0281516 0)
(0.199774 0.0238815 0)
(0.199309 0.0195303 0)
(0.198729 0.0150723 0)
(0.198055 0.0104734 0)
(0.197311 0.00568693 0)
(0.196519 0.000648347 0)
(0.195717 -0.0047199 0)
(0.194954 -0.0104911 0)
(0.194265 -0.016746 0)
(0.193685 -0.0235753 0)
(0.193241 -0.0310782 0)
(0.192955 -0.0393609 0)
(0.192833 -0.0485317 0)
(0.192871 -0.0586959 0)
(0.193043 -0.0699474 0)
(0.193304 -0.0823592 0)
(0.193583 -0.095972 0)
(0.19378 -0.110782 0)
(0.19377 -0.126731 0)
(0.193402 -0.143695 0)
(0.192501 -0.161477 0)
(0.190881 -0.179808 0)
(0.188346 -0.198351 0)
(0.184705 -0.216706 0)
(0.17978 -0.234426 0)
(0.173415 -0.251039 0)
(0.16549 -0.266066 0)
(0.155925 -0.279044 0)
(0.14469 -0.289546 0)
(0.131813 -0.297185 0)
(0.117387 -0.301596 0)
(0.101588 -0.302376 0)
(0.0846943 -0.298946 0)
(0.0671292 -0.290304 0)
(0.0495134 -0.274664 0)
(0.0327303 -0.249018 0)
(0.0178998 -0.208807 0)
(0.00636752 -0.148055 0)
(0.00080109 -0.0602584 0)
(-1.77847e-05 0.00407495 0)
(8.2566e-06 0.0122749 0)
(0.000212122 0.0203902 0)
(0.000687703 0.0283598 0)
(0.0015026 0.0361454 0)
(0.00270223 0.0437179 0)
(0.0043126 0.0510519 0)
(0.00634405 0.0581221 0)
(0.00879471 0.0649021 0)
(0.0116534 0.0713654 0)
(0.0149019 0.0774865 0)
(0.0185169 0.0832425 0)
(0.0224718 0.088614 0)
(0.0267374 0.0935857 0)
(0.0312837 0.0981475 0)
(0.0360802 0.102294 0)
(0.0410967 0.106023 0)
(0.0463037 0.109339 0)
(0.0516731 0.112247 0)
(0.0571778 0.114757 0)
(0.0627924 0.116882 0)
(0.0684929 0.118633 0)
(0.0742567 0.120026 0)
(0.0800626 0.121075 0)
(0.0858908 0.121796 0)
(0.0917228 0.122204 0)
(0.0975408 0.122315 0)
(0.103328 0.122142 0)
(0.10907 0.1217 0)
(0.11475 0.121003 0)
(0.120354 0.120063 0)
(0.12587 0.118893 0)
(0.131284 0.117505 0)
(0.136583 0.115909 0)
(0.141756 0.114118 0)
(0.146792 0.112141 0)
(0.15168 0.10999 0)
(0.15641 0.107673 0)
(0.160973 0.105201 0)
(0.16536 0.102584 0)
(0.169564 0.0998309 0)
(0.173577 0.0969513 0)
(0.177394 0.0939544 0)
(0.181009 0.0908491 0)
(0.184418 0.0876444 0)
(0.187617 0.0843488 0)
(0.190605 0.0809707 0)
(0.193379 0.0775178 0)
(0.195939 0.0739978 0)
(0.198286 0.0704176 0)
(0.200422 0.0667837 0)
(0.202349 0.0631019 0)
(0.20407 0.0593769 0)
(0.20559 0.0556126 0)
(0.206916 0.0518118 0)
(0.208053 0.0479756 0)
(0.20901 0.0441038 0)
(0.209794 0.0401938 0)
(0.210417 0.036241 0)
(0.210889 0.0322376 0)
(0.211223 0.0281725 0)
(0.211434 0.0240303 0)
(0.211537 0.01979 0)
(0.211552 0.0154235 0)
(0.2115 0.0108932 0)
(0.211408 0.00614774 0)
(0.211308 0.00111606 0)
(0.211251 -0.00428629 0)
(0.211271 -0.0101341 0)
(0.211403 -0.0165 0)
(0.211671 -0.0234671 0)
(0.212093 -0.0311265 0)
(0.212673 -0.0395735 0)
(0.213405 -0.048902 0)
(0.214263 -0.0591996 0)
(0.2152 -0.0705385 0)
(0.216149 -0.0829673 0)
(0.217011 -0.0964999 0)
(0.217666 -0.111106 0)
(0.217963 -0.1267 0)
(0.217732 -0.143136 0)
(0.216783 -0.160202 0)
(0.214918 -0.177621 0)
(0.211937 -0.195056 0)
(0.207648 -0.212117 0)
(0.201879 -0.228381 0)
(0.19449 -0.243405 0)
(0.185374 -0.256751 0)
(0.174474 -0.268003 0)
(0.161783 -0.276788 0)
(0.147352 -0.282781 0)
(0.1313 -0.285689 0)
(0.113818 -0.285201 0)
(0.0951989 -0.280856 0)
(0.0758639 -0.27182 0)
(0.0564268 -0.256535 0)
(0.0377697 -0.232278 0)
(0.0210403 -0.194802 0)
(0.00771603 -0.138362 0)
(0.00104919 -0.0565065 0)
(-3.34298e-05 0.00410348 0)
(-7.39041e-05 0.0122099 0)
(1.99491e-05 0.0201134 0)
(0.000375359 0.0277827 0)
(0.00106902 0.0352065 0)
(0.00215141 0.0423786 0)
(0.00365213 0.0492921 0)
(0.00558396 0.055936 0)
(0.00794713 0.0622949 0)
(0.0107325 0.0683508 0)
(0.0139238 0.0740843 0)
(0.0174997 0.079477 0)
(0.0214348 0.0845124 0)
(0.0257013 0.0891774 0)
(0.0302696 0.0934626 0)
(0.0351096 0.0973627 0)
(0.0401908 0.100876 0)
(0.0454833 0.104005 0)
(0.0509579 0.106755 0)
(0.0565867 0.109134 0)
(0.0623429 0.111152 0)
(0.0682012 0.112821 0)
(0.0741376 0.114154 0)
(0.0801296 0.115165 0)
(0.0861561 0.115868 0)
(0.092197 0.116276 0)
(0.0982338 0.116405 0)
(0.104249 0.116267 0)
(0.110225 0.115876 0)
(0.116148 0.115244 0)
(0.122001 0.114384 0)
(0.127771 0.113307 0)
(0.133445 0.112025 0)
(0.139011 0.110547 0)
(0.144455 0.108886 0)
(0.149768 0.10705 0)
(0.154939 0.105049 0)
(0.159957 0.102892 0)
(0.164816 0.100589 0)
(0.169505 0.0981486 0)
(0.174019 0.0955793 0)
(0.17835 0.0928898 0)
(0.182493 0.0900883 0)
(0.186444 0.087183 0)
(0.1902 0.0841816 0)
(0.193757 0.0810918 0)
(0.197115 0.0779209 0)
(0.200272 0.0746758 0)
(0.20323 0.0713629 0)
(0.20599 0.0679883 0)
(0.208554 0.0645573 0)
(0.210926 0.0610747 0)
(0.213112 0.0575443 0)
(0.215116 0.0539689 0)
(0.216945 0.0503504 0)
(0.218606 0.0466889 0)
(0.220109 0.042983 0)
(0.221462 0.0392293 0)
(0.222676 0.0354217 0)
(0.223762 0.0315511 0)
(0.224735 0.0276049 0)
(0.225609 0.0235657 0)
(0.226402 0.0194101 0)
(0.227135 0.0151068 0)
(0.227833 0.0106137 0)
(0.228524 0.00587272 0)
(0.229253 0.00080155 0)
(0.230086 -0.00468592 0)
(0.231028 -0.010649 0)
(0.232105 -0.0171525 0)
(0.233328 -0.0242715 0)
(0.234696 -0.0320866 0)
(0.236197 -0.0406791 0)
(0.237801 -0.0501265 0)
(0.23946 -0.0604958 0)
(0.241103 -0.0718363 0)
(0.242635 -0.084171 0)
(0.243935 -0.0974877 0)
(0.244858 -0.11173 0)
(0.245233 -0.12679 0)
(0.244875 -0.142505 0)
(0.243585 -0.15865 0)
(0.241158 -0.174946 0)
(0.237397 -0.191063 0)
(0.232122 -0.206629 0)
(0.225174 -0.221249 0)
(0.216432 -0.234515 0)
(0.205818 -0.246034 0)
(0.193301 -0.255439 0)
(0.178906 -0.262415 0)
(0.162716 -0.266695 0)
(0.144878 -0.268059 0)
(0.125608 -0.266277 0)
(0.105212 -0.261 0)
(0.0841149 -0.251549 0)
(0.0629207 -0.236588 0)
(0.0424993 -0.213701 0)
(0.0240039 -0.179018 0)
(0.00900911 -0.127177 0)
(0.00129574 -0.0520107 0)
(-4.89944e-05 0.00417662 0)
(-0.000144802 0.0122316 0)
(-0.000133528 0.0199388 0)
(0.000139539 0.0273116 0)
(0.000756876 0.0343703 0)
(0.00176924 0.0411356 0)
(0.00320693 0.0476204 0)
(0.00508319 0.0538282 0)
(0.00739927 0.0597548 0)
(0.0101476 0.0653899 0)
(0.0133141 0.0707205 0)
(0.0168793 0.0757327 0)
(0.0208198 0.0804134 0)
(0.0251095 0.0847519 0)
(0.02972 0.08874 0)
(0.0346218 0.0923732 0)
(0.039785 0.09565 0)
(0.0451795 0.098572 0)
(0.0507758 0.101144 0)
(0.0565452 0.103373 0)
(0.0624601 0.105268 0)
(0.0684941 0.106839 0)
(0.0746222 0.108097 0)
(0.0808208 0.109057 0)
(0.0870676 0.109729 0)
(0.0933416 0.110127 0)
(0.099623 0.110263 0)
(0.105894 0.110151 0)
(0.112136 0.109801 0)
(0.118333 0.109227 0)
(0.124471 0.108439 0)
(0.130534 0.107448 0)
(0.13651 0.106265 0)
(0.142385 0.104899 0)
(0.148148 0.10336 0)
(0.153788 0.101658 0)
(0.159294 0.0997999 0)
(0.164658 0.0977956 0)
(0.169872 0.0956532 0)
(0.174927 0.0933806 0)
(0.179817 0.0909857 0)
(0.184537 0.088476 0)
(0.189082 0.0858589 0)
(0.193448 0.0831416 0)
(0.197632 0.0803308 0)
(0.201634 0.0774331 0)
(0.205452 0.0744547 0)
(0.209087 0.0714016 0)
(0.212541 0.0682792 0)
(0.215816 0.0650923 0)
(0.218915 0.0618454 0)
(0.221844 0.0585423 0)
(0.224608 0.0551858 0)
(0.227212 0.0517779 0)
(0.229665 0.0483193 0)
(0.231974 0.0448096 0)
(0.234148 0.0412463 0)
(0.236196 0.0376249 0)
(0.23813 0.0339382 0)
(0.239961 0.0301757 0)
(0.241703 0.0263228 0)
(0.243372 0.02236 0)
(0.244987 0.018261 0)
(0.246572 0.01399 0)
(0.248155 0.00949762 0)
(0.249771 0.00471441 0)
(0.251502 -0.000449042 0)
(0.253349 -0.00606014 0)
(0.255328 -0.0121604 0)
(0.25744 -0.0188066 0)
(0.259674 -0.0260643 0)
(0.262009 -0.0340013 0)
(0.264408 -0.0426834 0)
(0.266817 -0.052169 0)
(0.269162 -0.0625039 0)
(0.271346 -0.0737139 0)
(0.273249 -0.0857971 0)
(0.274726 -0.0987171 0)
(0.275614 -0.112395 0)
(0.275727 -0.126706 0)
(0.27487 -0.141472 0)
(0.272841 -0.156466 0)
(0.269442 -0.171414 0)
(0.264487 -0.185998 0)
(0.257812 -0.199871 0)
(0.249287 -0.212669 0)
(0.238817 -0.224029 0)
(0.22636 -0.233602 0)
(0.211923 -0.241078 0)
(0.195568 -0.246194 0)
(0.177416 -0.248747 0)
(0.157647 -0.24858 0)
(0.136508 -0.24554 0)
(0.114322 -0.239375 0)
(0.0915174 -0.22955 0)
(0.0686863 -0.214939 0)
(0.0466771 -0.193442 0)
(0.0266273 -0.161619 0)
(0.0101698 -0.114627 0)
(0.00152476 -0.046818 0)
(-6.2654e-05 0.00428643 0)
(-0.00019145 0.0123121 0)
(-0.000212551 0.0198244 0)
(4.29124e-05 0.0268924 0)
(0.000657161 0.033578 0)
(0.0016763 0.0399292 0)
(0.00312705 0.0459791 0)
(0.00502078 0.0517449 0)
(0.00735853 0.0572319 0)
(0.010134 0.0624375 0)
(0.0133349 0.0673542 0)
(0.0169443 0.0719728 0)
(0.0209411 0.0762837 0)
(0.0253014 0.0802787 0)
(0.0299986 0.0839516 0)
(0.0350045 0.0872988 0)
(0.0402902 0.0903195 0)
(0.045826 0.0930152 0)
(0.0515826 0.0953901 0)
(0.0575311 0.0974503 0)
(0.0636435 0.0992036 0)
(0.0698928 0.100659 0)
(0.0762533 0.101828 0)
(0.0827006 0.10272 0)
(0.0892116 0.103348 0)
(0.0957645 0.103721 0)
(0.102339 0.103853 0)
(0.108916 0.103755 0)
(0.115477 0.103436 0)
(0.122006 0.102909 0)
(0.128487 0.102183 0)
(0.134906 0.101268 0)
(0.141249 0.100174 0)
(0.147504 0.0989094 0)
(0.153658 0.0974829 0)
(0.159701 0.0959029 0)
(0.165624 0.0941774 0)
(0.171418 0.092314 0)
(0.177075 0.09032 0)
(0.182588 0.0882026 0)
(0.187951 0.0859685 0)
(0.19316 0.0836244 0)
(0.19821 0.0811767 0)
(0.203099 0.0786313 0)
(0.207825 0.0759942 0)
(0.212387 0.0732708 0)
(0.216785 0.0704662 0)
(0.221021 0.0675854 0)
(0.225098 0.0646327 0)
(0.229017 0.0616121 0)
(0.232785 0.058527 0)
(0.236405 0.0553803 0)
(0.239884 0.052174 0)
(0.243229 0.0489093 0)
(0.246446 0.0455863 0)
(0.249543 0.0422036 0)
(0.252529 0.0387581 0)
(0.255413 0.0352444 0)
(0.258205 0.0316541 0)
(0.260918 0.0279749 0)
(0.263565 0.0241902 0)
(0.266162 0.0202776 0)
(0.268731 0.0162071 0)
(0.271299 0.0119365 0)
(0.273899 0.00740352 0)
(0.276581 0.00252295 0)
(0.279452 -0.00277954 0)
(0.282414 -0.0085245 0)
(0.285486 -0.0147496 0)
(0.288643 -0.0215053 0)
(0.291849 -0.0288458 0)
(0.295059 -0.0368245 0)
(0.298212 -0.04549 0)
(0.301226 -0.0548816 0)
(0.304003 -0.0650234 0)
(0.30642 -0.075919 0)
(0.308336 -0.0875441 0)
(0.309588 -0.0998417 0)
(0.309998 -0.112716 0)
(0.309376 -0.126028 0)
(0.307526 -0.139597 0)
(0.304252 -0.153198 0)
(0.299373 -0.166566 0)
(0.292723 -0.179407 0)
(0.28417 -0.191403 0)
(0.273614 -0.20223 0)
(0.261005 -0.211567 0)
(0.246341 -0.219121 0)
(0.229673 -0.224633 0)
(0.21111 -0.227899 0)
(0.190815 -0.228772 0)
(0.169008 -0.227154 0)
(0.145966 -0.222961 0)
(0.122032 -0.216027 0)
(0.0976389 -0.205939 0)
(0.0733634 -0.191772 0)
(0.0500242 -0.171735 0)
(0.0287227 -0.142857 0)
(0.0111082 -0.100922 0)
(0.00171669 -0.0410237 0)
(-7.14237e-05 0.0044165 0)
(-0.000194951 0.012403 0)
(-0.000168899 0.0196979 0)
(0.000169283 0.0264416 0)
(0.000891723 0.032738 0)
(0.00203307 0.0386663 0)
(0.00361237 0.0442769 0)
(0.00563658 0.0495982 0)
(0.00810531 0.0546433 0)
(0.0110128 0.0594154 0)
(0.0143488 0.0639122 0)
(0.0180986 0.0681285 0)
(0.022244 0.0720583 0)
(0.0267633 0.0756964 0)
(0.0316324 0.0790388 0)
(0.036825 0.0820834 0)
(0.0423133 0.0848302 0)
(0.0480691 0.0872813 0)
(0.0540634 0.0894404 0)
(0.060268 0.0913134 0)
(0.0666547 0.0929071 0)
(0.0731967 0.0942299 0)
(0.0798678 0.0952908 0)
(0.0866433 0.0960994 0)
(0.0934997 0.0966658 0)
(0.100415 0.0970001 0)
(0.107368 0.0971125 0)
(0.114339 0.097013 0)
(0.121311 0.0967115 0)
(0.128266 0.0962173 0)
(0.135189 0.0955395 0)
(0.142064 0.094687 0)
(0.148879 0.0936681 0)
(0.155621 0.0924907 0)
(0.162279 0.0911626 0)
(0.168842 0.0896909 0)
(0.175301 0.0880826 0)
(0.181648 0.0863445 0)
(0.187876 0.0844828 0)
(0.193977 0.0825037 0)
(0.199948 0.080413 0)
(0.205784 0.0782162 0)
(0.211481 0.0759188 0)
(0.217038 0.0735256 0)
(0.222452 0.0710416 0)
(0.227725 0.0684711 0)
(0.232856 0.0658183 0)
(0.237848 0.0630871 0)
(0.242703 0.0602808 0)
(0.247425 0.0574026 0)
(0.252018 0.0544551 0)
(0.256487 0.0514402 0)
(0.260838 0.0483596 0)
(0.265077 0.0452137 0)
(0.26921 0.0420021 0)
(0.273244 0.0387229 0)
(0.277187 0.0353725 0)
(0.281047 0.0319446 0)
(0.284832 0.0284294 0)
(0.288554 0.0248124 0)
(0.292227 0.0210743 0)
(0.295869 0.0171886 0)
(0.299507 0.0131196 0)
(0.30317 0.00881236 0)
(0.306906 0.00418554 0)
(0.310826 -0.00083979 0)
(0.314833 -0.00627029 0)
(0.318889 -0.0121093 0)
(0.322972 -0.0183954 0)
(0.32703 -0.0251727 0)
(0.331005 -0.032483 0)
(0.334826 -0.0403644 0)
(0.338406 -0.0488485 0)
(0.341642 -0.0579555 0)
(0.344409 -0.06769 0)
(0.346568 -0.0780357 0)
(0.347961 -0.0889503 0)
(0.348416 -0.100361 0)
(0.34775 -0.112161 0)
(0.345776 -0.124207 0)
(0.342309 -0.13632 0)
(0.337174 -0.148283 0)
(0.330212 -0.159854 0)
(0.321296 -0.170764 0)
(0.310328 -0.180733 0)
(0.297258 -0.189479 0)
(0.282082 -0.196733 0)
(0.264849 -0.202252 0)
(0.245663 -0.205835 0)
(0.224682 -0.207331 0)
(0.202117 -0.206646 0)
(0.178228 -0.203738 0)
(0.153323 -0.198577 0)
(0.127765 -0.191071 0)
(0.101988 -0.180912 0)
(0.0765509 -0.167354 0)
(0.0522341 -0.148906 0)
(0.0300851 -0.123081 0)
(0.0117254 -0.0863702 0)
(0.00184938 -0.0347781 0)
(-7.10843e-05 0.00453852 0)
(-0.000130148 0.0124282 0)
(6.18726e-05 0.0194536 0)
(0.000627108 0.0258318 0)
(0.00161493 0.0317153 0)
(0.00304348 0.0372093 0)
(0.00491885 0.0423771 0)
(0.00724123 0.0472541 0)
(0.0100076 0.0518582 0)
(0.013212 0.0561968 0)
(0.0168455 0.0602714 0)
(0.0208957 0.0640806 0)
(0.0253466 0.067622 0)
(0.0301792 0.0708932 0)
(0.0353714 0.0738929 0)
(0.0408992 0.0766209 0)
(0.0467366 0.0790783 0)
(0.0528565 0.0812679 0)
(0.0592315 0.0831939 0)
(0.0658338 0.0848616 0)
(0.0726362 0.0862774 0)
(0.0796119 0.0874488 0)
(0.0867351 0.0883836 0)
(0.0939812 0.0890905 0)
(0.101327 0.089578 0)
(0.108749 0.0898551 0)
(0.116228 0.0899305 0)
(0.123744 0.0898129 0)
(0.131278 0.0895109 0)
(0.138813 0.0890327 0)
(0.146334 0.0883861 0)
(0.153826 0.0875787 0)
(0.161276 0.0866177 0)
(0.168672 0.0855101 0)
(0.176002 0.0842623 0)
(0.183257 0.0828806 0)
(0.190427 0.0813709 0)
(0.197505 0.0797389 0)
(0.204483 0.0779898 0)
(0.211356 0.0761289 0)
(0.218118 0.0741609 0)
(0.224766 0.0720903 0)
(0.231296 0.0699215 0)
(0.237707 0.0676585 0)
(0.243997 0.0653051 0)
(0.250167 0.0628648 0)
(0.256216 0.0603408 0)
(0.262147 0.057736 0)
(0.267961 0.0550531 0)
(0.273662 0.0522944 0)
(0.279252 0.0494619 0)
(0.284737 0.046557 0)
(0.29012 0.0435809 0)
(0.295406 0.0405339 0)
(0.3006 0.0374151 0)
(0.305705 0.0342221 0)
(0.310729 0.0309512 0)
(0.315675 0.0275953 0)
(0.320551 0.0241426 0)
(0.325368 0.0205757 0)
(0.330142 0.0168713 0)
(0.334897 0.0129946 0)
(0.339659 0.00889603 0)
(0.344479 0.0045031 0)
(0.34946 -0.000260903 0)
(0.354503 -0.00538759 0)
(0.359495 -0.0108523 0)
(0.364413 -0.0166751 0)
(0.369199 -0.0228921 0)
(0.373783 -0.0295369 0)
(0.378083 -0.0366382 0)
(0.382008 -0.0442196 0)
(0.385449 -0.0522961 0)
(0.388284 -0.0608714 0)
(0.390374 -0.0699333 0)
(0.391567 -0.0794502 0)
(0.391699 -0.089367 0)
(0.390599 -0.0996019 0)
(0.388093 -0.110044 0)
(0.384008 -0.120553 0)
(0.378182 -0.130959 0)
(0.370471 -0.141065 0)
(0.360756 -0.150652 0)
(0.348952 -0.159488 0)
(0.335014 -0.167334 0)
(0.318945 -0.173956 0)
(0.300798 -0.179137 0)
(0.28068 -0.182687 0)
(0.258751 -0.184459 0)
(0.235223 -0.184353 0)
(0.210354 -0.182324 0)
(0.184442 -0.178374 0)
(0.157825 -0.172518 0)
(0.130879 -0.16472 0)
(0.104035 -0.154763 0)
(0.0778285 -0.142053 0)
(0.0529935 -0.125384 0)
(0.0305082 -0.102746 0)
(0.0119218 -0.0713745 0)
(0.0018999 -0.0282898 0)
(-5.55791e-05 0.00460724 0)
(3.73444e-05 0.0122792 0)
(0.000559054 0.0189377 0)
(0.00154627 0.0248869 0)
(0.00301351 0.0303217 0)
(0.0049553 0.0353636 0)
(0.00736156 0.0400815 0)
(0.0102239 0.0445126 0)
(0.0135351 0.0486762 0)
(0.017288 0.0525815 0)
(0.0214735 0.0562328 0)
(0.0260801 0.0596319 0)
(0.0310933 0.0627795 0)
(0.0364956 0.0656763 0)
(0.0422666 0.0683235 0)
(0.0483838 0.0707231 0)
(0.0548228 0.0728777 0)
(0.0615579 0.0747912 0)
(0.0685629 0.0764679 0)
(0.0758109 0.0779134 0)
(0.0832757 0.0791337 0)
(0.090931 0.0801355 0)
(0.0987518 0.0809258 0)
(0.106714 0.081512 0)
(0.114793 0.0819017 0)
(0.122969 0.0821024 0)
(0.131219 0.0821217 0)
(0.139525 0.0819669 0)
(0.147869 0.0816451 0)
(0.156232 0.0811635 0)
(0.164601 0.0805285 0)
(0.172959 0.0797467 0)
(0.181294 0.078824 0)
(0.189594 0.0777661 0)
(0.197847 0.0765786 0)
(0.206043 0.0752667 0)
(0.214174 0.0738351 0)
(0.22223 0.0722886 0)
(0.230206 0.0706314 0)
(0.238094 0.0688678 0)
(0.245889 0.0670015 0)
(0.253587 0.0650362 0)
(0.261185 0.0629753 0)
(0.268679 0.0608219 0)
(0.276067 0.0585789 0)
(0.283349 0.0562491 0)
(0.290523 0.0538348 0)
(0.297589 0.0513384 0)
(0.304549 0.0487617 0)
(0.311404 0.0461066 0)
(0.318154 0.0433746 0)
(0.324801 0.0405671 0)
(0.331347 0.0376851 0)
(0.337792 0.034729 0)
(0.344139 0.0316978 0)
(0.350389 0.0285889 0)
(0.356543 0.0253983 0)
(0.362605 0.0221183 0)
(0.36858 0.0187328 0)
(0.374481 0.0152189 0)
(0.380326 0.0115448 0)
(0.386149 0.00766114 0)
(0.39198 0.00349518 0)
(0.397967 -0.00100876 0)
(0.403873 -0.00580696 0)
(0.409594 -0.0108654 0)
(0.415096 -0.0161916 0)
(0.420314 -0.0218138 0)
(0.425171 -0.0277587 0)
(0.429582 -0.0340474 0)
(0.43345 -0.0406961 0)
(0.436666 -0.0477148 0)
(0.439109 -0.0551047 0)
(0.440646 -0.0628561 0)
(0.441133 -0.0709447 0)
(0.440419 -0.0793288 0)
(0.438345 -0.0879471 0)
(0.434755 -0.0967157 0)
(0.429493 -0.105528 0)
(0.422417 -0.114253 0)
(0.4134 -0.122739 0)
(0.402343 -0.130815 0)
(0.389175 -0.138295 0)
(0.373868 -0.144986 0)
(0.356437 -0.150695 0)
(0.336945 -0.155238 0)
(0.315509 -0.158451 0)
(0.292298 -0.160197 0)
(0.267528 -0.160378 0)
(0.241464 -0.15894 0)
(0.214406 -0.15588 0)
(0.186687 -0.151231 0)
(0.158662 -0.145042 0)
(0.130711 -0.137316 0)
(0.103255 -0.127906 0)
(0.0767972 -0.116353 0)
(0.0520157 -0.101705 0)
(0.029808 -0.0824127 0)
(0.0116089 -0.0564342 0)
(0.00184703 -0.0218233 0)
(-1.45139e-05 0.00455591 0)
(0.000349363 0.0118019 0)
(0.00141211 0.0179457 0)
(0.00307214 0.0233733 0)
(0.00529629 0.0283037 0)
(0.00805199 0.0328607 0)
(0.0113115 0.037109 0)
(0.0150561 0.0410816 0)
(0.0192728 0.0447955 0)
(0.0239505 0.0482602 0)
(0.0290775 0.0514813 0)
(0.0346404 0.054463 0)
(0.0406234 0.0572089 0)
(0.0470085 0.0597226 0)
(0.053775 0.0620075 0)
(0.0609004 0.0640677 0)
(0.0683606 0.0659074 0)
(0.0761304 0.0675312 0)
(0.0841839 0.0689444 0)
(0.092495 0.0701524 0)
(0.101038 0.071161 0)
(0.109786 0.0719764 0)
(0.118716 0.0726049 0)
(0.127802 0.0730528 0)
(0.137022 0.0733267 0)
(0.146353 0.0734329 0)
(0.155776 0.0733776 0)
(0.165269 0.0731671 0)
(0.174815 0.0728073 0)
(0.184397 0.0723038 0)
(0.193997 0.0716623 0)
(0.203602 0.0708877 0)
(0.213197 0.0699852 0)
(0.22277 0.0689594 0)
(0.232308 0.0678147 0)
(0.2418 0.0665553 0)
(0.251236 0.065185 0)
(0.260608 0.0637077 0)
(0.269907 0.0621268 0)
(0.279125 0.0604455 0)
(0.288255 0.0586669 0)
(0.297291 0.0567938 0)
(0.306228 0.0548287 0)
(0.315061 0.0527743 0)
(0.323785 0.0506327 0)
(0.332396 0.0484059 0)
(0.340892 0.046096 0)
(0.349268 0.0437047 0)
(0.357522 0.0412335 0)
(0.365651 0.0386839 0)
(0.373653 0.0360574 0)
(0.381525 0.0333552 0)
(0.389263 0.0305788 0)
(0.396864 0.0277287 0)
(0.404324 0.0248038 0)
(0.411641 0.0218014 0)
(0.418814 0.0187198 0)
(0.425844 0.0155507 0)
(0.432734 0.0122619 0)
(0.439509 0.00881784 0)
(0.446192 0.00516516 0)
(0.452876 0.00125371 0)
(0.45953 -0.00292001 0)
(0.465855 -0.00730648 0)
(0.47183 -0.0118711 0)
(0.477395 -0.0166176 0)
(0.482481 -0.0215664 0)
(0.487009 -0.0267366 0)
(0.490895 -0.0321424 0)
(0.494042 -0.0377939 0)
(0.496346 -0.0436963 0)
(0.497692 -0.0498486 0)
(0.497956 -0.056242 0)
(0.497008 -0.0628577 0)
(0.494713 -0.0696647 0)
(0.49093 -0.0766178 0)
(0.485524 -0.0836559 0)
(0.478364 -0.0907009 0)
(0.46933 -0.0976572 0)
(0.458322 -0.104412 0)
(0.445262 -0.110839 0)
(0.430106 -0.116798 0)
(0.412843 -0.122141 0)
(0.39351 -0.12672 0)
(0.372186 -0.130389 0)
(0.349003 -0.133016 0)
(0.32414 -0.134485 0)
(0.297825 -0.134711 0)
(0.27033 -0.133639 0)
(0.241962 -0.131253 0)
(0.213055 -0.127576 0)
(0.183959 -0.122664 0)
(0.155035 -0.116583 0)
(0.126652 -0.109361 0)
(0.0992008 -0.100901 0)
(0.0731432 -0.0908591 0)
(0.0490936 -0.0785151 0)
(0.0278599 -0.0627314 0)
(0.0107262 -0.0421251 0)
(0.00167458 -0.0156889 0)
(6.40345e-05 0.00429135 0)
(0.000849391 0.0108008 0)
(0.00270645 0.0162254 0)
(0.00534239 0.0210005 0)
(0.00867038 0.0253394 0)
(0.0126321 0.0293487 0)
(0.0171824 0.0330786 0)
(0.0222907 0.0365527 0)
(0.0279344 0.0397832 0)
(0.0340938 0.0427783 0)
(0.0407496 0.0455443 0)
(0.0478815 0.0480871 0)
(0.0554679 0.0504124 0)
(0.0634855 0.0525256 0)
(0.0719097 0.0544324 0)
(0.0807146 0.0561382 0)
(0.0898734 0.0576483 0)
(0.0993588 0.0589683 0)
(0.109143 0.0601036 0)
(0.119199 0.0610599 0)
(0.129499 0.0618426 0)
(0.140016 0.0624574 0)
(0.150724 0.0629099 0)
(0.161598 0.0632055 0)
(0.172614 0.0633497 0)
(0.183748 0.0633479 0)
(0.194979 0.0632052 0)
(0.206285 0.0629266 0)
(0.217646 0.062517 0)
(0.229043 0.0619808 0)
(0.240459 0.0613226 0)
(0.251876 0.0605464 0)
(0.263279 0.0596562 0)
(0.274652 0.0586557 0)
(0.285981 0.0575485 0)
(0.297254 0.0563378 0)
(0.308456 0.0550268 0)
(0.319577 0.0536185 0)
(0.330604 0.0521157 0)
(0.341527 0.050521 0)
(0.352336 0.0488368 0)
(0.363019 0.0470654 0)
(0.373569 0.045209 0)
(0.383976 0.0432694 0)
(0.39423 0.0412486 0)
(0.404323 0.0391484 0)
(0.414247 0.0369704 0)
(0.423993 0.0347162 0)
(0.433552 0.0323874 0)
(0.442915 0.0299857 0)
(0.452074 0.0275126 0)
(0.461019 0.0249699 0)
(0.469741 0.0223599 0)
(0.478227 0.0196829 0)
(0.486471 0.016931 0)
(0.494469 0.0140975 0)
(0.502221 0.0111835 0)
(0.509728 0.00818495 0)
(0.516983 0.00503215 0)
(0.524082 0.00168414 0)
(0.531004 -0.00185789 0)
(0.537504 -0.00556034 0)
(0.543454 -0.0093811 0)
(0.548817 -0.0133008 0)
(0.553535 -0.0173302 0)
(0.557539 -0.0214804 0)
(0.560758 -0.0257611 0)
(0.563113 -0.0301795 0)
(0.564517 -0.0347401 0)
(0.564877 -0.039444 0)
(0.56409 -0.0442886 0)
(0.562052 -0.0492657 0)
(0.558649 -0.0543605 0)
(0.553769 -0.0595507 0)
(0.547298 -0.0648042 0)
(0.539128 -0.0700787 0)
(0.529156 -0.0753205 0)
(0.517295 -0.0804639 0)
(0.503473 -0.0854317 0)
(0.487645 -0.0901362 0)
(0.469794 -0.0944804 0)
(0.449938 -0.0983615 0)
(0.428136 -0.101674 0)
(0.404489 -0.104313 0)
(0.379146 -0.106182 0)
(0.3523 -0.107197 0)
(0.324189 -0.107289 0)
(0.295092 -0.106413 0)
(0.26532 -0.104549 0)
(0.235207 -0.101706 0)
(0.205099 -0.0979224 0)
(0.175345 -0.0932602 0)
(0.146288 -0.0877863 0)
(0.118261 -0.081537 0)
(0.0916081 -0.074453 0)
(0.0667325 -0.0662891 0)
(0.0441752 -0.0565318 0)
(0.0246501 -0.0444022 0)
(0.00926508 -0.0290576 0)
(0.00137563 -0.0102217 0)
(0.00019179 0.0036956 0)
(0.00156825 0.00905342 0)
(0.00449004 0.0134943 0)
(0.00844378 0.0174379 0)
(0.0132966 0.0210487 0)
(0.0189722 0.0243953 0)
(0.0254087 0.0275054 0)
(0.0325589 0.030391 0)
(0.0403835 0.0330591 0)
(0.048846 0.0355161 0)
(0.0579106 0.0377684 0)
(0.0675417 0.0398224 0)
(0.0777037 0.0416848 0)
(0.088361 0.0433621 0)
(0.0994779 0.0448605 0)
(0.111019 0.0461862 0)
(0.122949 0.0473449 0)
(0.135233 0.0483421 0)
(0.147837 0.0491834 0)
(0.160727 0.049874 0)
(0.17387 0.0504189 0)
(0.187234 0.050823 0)
(0.200789 0.0510912 0)
(0.214504 0.051228 0)
(0.22835 0.0512381 0)
(0.2423 0.0511256 0)
(0.256327 0.0508948 0)
(0.270405 0.0505496 0)
(0.284509 0.050094 0)
(0.298616 0.0495314 0)
(0.312703 0.0488654 0)
(0.326748 0.0480993 0)
(0.34073 0.0472361 0)
(0.354629 0.0462789 0)
(0.368425 0.0452305 0)
(0.3821 0.0440935 0)
(0.395634 0.0428704 0)
(0.409011 0.0415638 0)
(0.422212 0.0401761 0)
(0.435221 0.0387097 0)
(0.448019 0.0371667 0)
(0.460592 0.0355491 0)
(0.472922 0.0338591 0)
(0.484993 0.0320986 0)
(0.496789 0.0302694 0)
(0.508294 0.0283735 0)
(0.51949 0.0264128 0)
(0.530362 0.0243893 0)
(0.540894 0.0223053 0)
(0.551067 0.0201632 0)
(0.560864 0.0179664 0)
(0.570268 0.0157196 0)
(0.579261 0.0134299 0)
(0.587818 0.0111025 0)
(0.595934 0.00870894 0)
(0.603615 0.00621706 0)
(0.610872 0.00360047 0)
(0.617787 0.000818222 0)
(0.624207 -0.00207367 0)
(0.629953 -0.00504351 0)
(0.634917 -0.00806537 0)
(0.639077 -0.011123 0)
(0.642381 -0.0142181 0)
(0.644777 -0.0173568 0)
(0.646209 -0.0205467 0)
(0.646618 -0.0237911 0)
(0.645939 -0.0270911 0)
(0.644104 -0.0304467 0)
(0.641038 -0.0338562 0)
(0.636665 -0.0373156 0)
(0.630903 -0.040818 0)
(0.62367 -0.0443523 0)
(0.614884 -0.0479034 0)
(0.604466 -0.0514504 0)
(0.592342 -0.0549666 0)
(0.578449 -0.0584185 0)
(0.562737 -0.061766 0)
(0.545172 -0.0649619 0)
(0.525745 -0.0679529 0)
(0.504474 -0.0706805 0)
(0.481408 -0.0730825 0)
(0.456633 -0.0750945 0)
(0.430273 -0.0766527 0)
(0.402493 -0.0776971 0)
(0.373498 -0.0781745 0)
(0.343531 -0.0780417 0)
(0.312868 -0.0772682 0)
(0.281815 -0.0758388 0)
(0.250695 -0.0737553 0)
(0.219841 -0.0710377 0)
(0.189583 -0.067723 0)
(0.160237 -0.0638618 0)
(0.132098 -0.0595068 0)
(0.105442 -0.0546895 0)
(0.0805443 -0.0493773 0)
(0.0577314 -0.0434155 0)
(0.0374592 -0.0364779 0)
(0.0203423 -0.0280882 0)
(0.00730033 -0.0177959 0)
(0.000958199 -0.0057431 0)
(0.00036884 0.00263261 0)
(0.00248774 0.00631402 0)
(0.00670376 0.00941265 0)
(0.0123293 0.0122357 0)
(0.0192124 0.0148599 0)
(0.0272683 0.0173048 0)
(0.0364143 0.0195757 0)
(0.0465757 0.0216751 0)
(0.0576824 0.0236063 0)
(0.0696667 0.0253737 0)
(0.0824624 0.0269825 0)
(0.0960053 0.0284384 0)
(0.110233 0.0297471 0)
(0.125086 0.030914 0)
(0.140505 0.0319445 0)
(0.156435 0.0328436 0)
(0.17282 0.033616 0)
(0.189609 0.0342663 0)
(0.206749 0.0347987 0)
(0.224193 0.0352173 0)
(0.241892 0.035526 0)
(0.2598 0.0357287 0)
(0.277873 0.0358287 0)
(0.296068 0.0358297 0)
(0.314343 0.0357349 0)
(0.332659 0.0355474 0)
(0.350976 0.0352705 0)
(0.369257 0.034907 0)
(0.387466 0.0344597 0)
(0.405568 0.0339315 0)
(0.423529 0.0333248 0)
(0.441315 0.0326425 0)
(0.458894 0.0318867 0)
(0.476236 0.0310601 0)
(0.493309 0.0301649 0)
(0.510084 0.0292033 0)
(0.526532 0.0281774 0)
(0.542624 0.0270886 0)
(0.558332 0.0259384 0)
(0.573629 0.0247285 0)
(0.588488 0.0234607 0)
(0.60288 0.0221369 0)
(0.616781 0.020759 0)
(0.630163 0.0193288 0)
(0.643001 0.0178481 0)
(0.655268 0.0163186 0)
(0.666939 0.0147419 0)
(0.677989 0.0131195 0)
(0.688392 0.0114528 0)
(0.698124 0.00974259 0)
(0.707161 0.00798887 0)
(0.715482 0.00619001 0)
(0.723063 0.00434198 0)
(0.729856 0.00244617 0)
(0.735892 0.000542756 0)
(0.741174 -0.00135739 0)
(0.745598 -0.00329788 0)
(0.748969 -0.00530472 0)
(0.751329 -0.00732992 0)
(0.752622 -0.00934832 0)
(0.752802 -0.0113628 0)
(0.75184 -0.0133784 0)
(0.749705 -0.015396 0)
(0.746365 -0.0174155 0)
(0.741786 -0.0194357 0)
(0.735931 -0.0214548 0)
(0.728761 -0.0234701 0)
(0.720234 -0.0254786 0)
(0.71031 -0.0274766 0)
(0.698947 -0.0294587 0)
(0.686104 -0.0314183 0)
(0.671745 -0.0333467 0)
(0.655835 -0.0352332 0)
(0.638351 -0.0370645 0)
(0.619277 -0.0388246 0)
(0.598609 -0.0404946 0)
(0.576361 -0.0420526 0)
(0.552567 -0.0434743 0)
(0.527282 -0.0447324 0)
(0.500587 -0.0457973 0)
(0.472595 -0.0466378 0)
(0.443448 -0.0472249 0)
(0.41332 -0.0475318 0)
(0.382415 -0.0475355 0)
(0.350965 -0.0472175 0)
(0.319228 -0.0465649 0)
(0.28748 -0.0455715 0)
(0.25601 -0.0442382 0)
(0.225111 -0.0425728 0)
(0.195072 -0.0405904 0)
(0.166167 -0.0383126 0)
(0.13865 -0.0357661 0)
(0.112745 -0.0329776 0)
(0.088654 -0.0299644 0)
(0.0665729 -0.0267135 0)
(0.0467398 -0.0231533 0)
(0.0295072 -0.0191276 0)
(0.015371 -0.014409 0)
(0.00505387 -0.00879842 0)
(0.000463737 -0.00250932 0)
(0.000516816 0.000985308 0)
(0.00339623 0.00234065 0)
(0.00895983 0.00351145 0)
(0.0165827 0.0046093 0)
(0.0261244 0.0056464 0)
(0.0374767 0.0066194 0)
(0.0505153 0.00752541 0)
(0.0651146 0.0083634 0)
(0.081151 0.00913379 0)
(0.0985037 0.00983795 0)
(0.117055 0.0104777 0)
(0.136693 0.0110552 0)
(0.157307 0.0115724 0)
(0.178792 0.0120315 0)
(0.201048 0.0124344 0)
(0.223976 0.012783 0)
(0.247483 0.0130792 0)
(0.271479 0.0133246 0)
(0.295875 0.013521 0)
(0.320588 0.0136698 0)
(0.345535 0.0137727 0)
(0.370639 0.0138311 0)
(0.395824 0.0138465 0)
(0.421015 0.0138202 0)
(0.446142 0.0137535 0)
(0.471137 0.0136479 0)
(0.495933 0.0135046 0)
(0.520466 0.0133248 0)
(0.544674 0.0131098 0)
(0.568497 0.0128608 0)
(0.591878 0.0125791 0)
(0.614761 0.0122657 0)
(0.637091 0.0119219 0)
(0.658816 0.011549 0)
(0.679887 0.0111479 0)
(0.700254 0.01072 0)
(0.71987 0.0102661 0)
(0.738689 0.00978681 0)
(0.756669 0.00928246 0)
(0.773767 0.00875377 0)
(0.789943 0.0082016 0)
(0.805159 0.00762684 0)
(0.819377 0.00703041 0)
(0.832562 0.00641324 0)
(0.844679 0.00577617 0)
(0.855697 0.00512001 0)
(0.865585 0.00444545 0)
(0.874313 0.00375297 0)
(0.881855 0.00304267 0)
(0.888183 0.00231398 0)
(0.893274 0.00156498 0)
(0.897103 0.000791063 0)
(0.89965 -1.69617e-05 0)
(0.900917 -0.000863228 0)
(0.900835 -0.00169168 0)
(0.899322 -0.00246824 0)
(0.896384 -0.0032104 0)
(0.892047 -0.00391815 0)
(0.886329 -0.00462321 0)
(0.879226 -0.00533312 0)
(0.870735 -0.00604593 0)
(0.860861 -0.00675899 0)
(0.849608 -0.00746904 0)
(0.836981 -0.0081731 0)
(0.82299 -0.00886871 0)
(0.807642 -0.00955369 0)
(0.790949 -0.0102259 0)
(0.772926 -0.0108833 0)
(0.75359 -0.0115233 0)
(0.732961 -0.0121433 0)
(0.711065 -0.0127403 0)
(0.687934 -0.0133108 0)
(0.663605 -0.0138507 0)
(0.638125 -0.0143557 0)
(0.611551 -0.0148208 0)
(0.583949 -0.0152404 0)
(0.5554 -0.0156086 0)
(0.525999 -0.015919 0)
(0.495856 -0.0161643 0)
(0.465097 -0.0163361 0)
(0.433865 -0.0164256 0)
(0.402316 -0.016426 0)
(0.370622 -0.0163326 0)
(0.338971 -0.0161422 0)
(0.30756 -0.0158531 0)
(0.276594 -0.0154655 0)
(0.246281 -0.0149808 0)
(0.216832 -0.0144019 0)
(0.188452 -0.0137326 0)
(0.16134 -0.0129779 0)
(0.135686 -0.0121435 0)
(0.111664 -0.0112355 0)
(0.0894331 -0.0102605 0)
(0.069138 -0.00922304 0)
(0.0509188 -0.00812132 0)
(0.0349379 -0.00693948 0)
(0.0214247 -0.00563984 0)
(0.010697 -0.0041649 0)
(0.00319717 -0.00246256 0)
(9.89285e-05 -0.000615706 0)
)
;

boundaryField
{
    movingWall
    {
        type            codedFixedValue;
        value           nonuniform List<vector> 
100
(
(0.00039601 0 0)
(0.00349281 0 0)
(0.00950625 0 0)
(0.018252 0 0)
(0.0295496 0 0)
(0.0432224 0 0)
(0.0590976 0 0)
(0.0770063 0 0)
(0.0967832 0 0)
(0.118267 0 0)
(0.141301 0 0)
(0.16573 0 0)
(0.191406 0 0)
(0.218182 0 0)
(0.245917 0 0)
(0.274471 0 0)
(0.303711 0 0)
(0.333506 0 0)
(0.36373 0 0)
(0.394258 0 0)
(0.424974 0 0)
(0.45576 0 0)
(0.486506 0 0)
(0.517105 0 0)
(0.547452 0 0)
(0.577448 0 0)
(0.606997 0 0)
(0.636006 0 0)
(0.664388 0 0)
(0.692058 0 0)
(0.718934 0 0)
(0.744942 0 0)
(0.770006 0 0)
(0.794059 0 0)
(0.817035 0 0)
(0.838873 0 0)
(0.859514 0 0)
(0.878906 0 0)
(0.896998 0 0)
(0.913745 0 0)
(0.929103 0 0)
(0.943035 0 0)
(0.955506 0 0)
(0.966486 0 0)
(0.975946 0 0)
(0.983866 0 0)
(0.990224 0 0)
(0.995006 0 0)
(0.998201 0 0)
(0.9998 0 0)
(0.9998 0 0)
(0.998201 0 0)
(0.995006 0 0)
(0.990224 0 0)
(0.983866 0 0)
(0.975946 0 0)
(0.966486 0 0)
(0.955506 0 0)
(0.943035 0 0)
(0.929103 0 0)
(0.913745 0 0)
(0.896998 0 0)
(0.878906 0 0)
(0.859514 0 0)
(0.838873 0 0)
(0.817035 0 0)
(0.794059 0 0)
(0.770006 0 0)
(0.744942 0 0)
(0.718934 0 0)
(0.692058 0 0)
(0.664388 0 0)
(0.636006 0 0)
(0.606997 0 0)
(0.577448 0 0)
(0.547452 0 0)
(0.517105 0 0)
(0.486506 0 0)
(0.45576 0 0)
(0.424974 0 0)
(0.394258 0 0)
(0.36373 0 0)
(0.333506 0 0)
(0.303711 0 0)
(0.274471 0 0)
(0.245917 0 0)
(0.218182 0 0)
(0.191406 0 0)
(0.16573 0 0)
(0.141301 0 0)
(0.118267 0 0)
(0.0967832 0 0)
(0.0770063 0 0)
(0.0590976 0 0)
(0.0432224 0 0)
(0.0295496 0 0)
(0.018252 0 0)
(0.00950625 0 0)
(0.00349281 0 0)
(0.00039601 0 0)
)
;
        name            regularized;
        code            #{
		const vectorField& Cf = patch().Cf();
		vectorField& field = *this;
		forAll(Cf, faceI)
		{
			const scalar x = Cf[faceI][0];
			field[faceI] = vector((1-x)*(1-x)*(1+x)*(1+x),0,0);
		}
	#};
    }
    fixedWalls
    {
        type            noSlip;
    }
    frontAndBack
    {
        type            empty;
    }
}


// ************************************************************************* //
